solid OpenSCAD_Model
  facet normal -0 0 1
    outer loop
      vertex -103.5 36 4.95
      vertex -101.1 -36 4.95
      vertex -101.1 36 4.95
    endloop
  endfacet
  facet normal 0 0 1
    outer loop
      vertex -101.1 -36 4.95
      vertex -103.5 36 4.95
      vertex -103.5 -36 4.95
    endloop
  endfacet
  facet normal 0 -1 0
    outer loop
      vertex -103.5 36 4.95
      vertex -101.1 36 15.5
      vertex -103.5 36 15.5
    endloop
  endfacet
  facet normal 0 -1 -0
    outer loop
      vertex -101.1 36 15.5
      vertex -103.5 36 4.95
      vertex -101.1 36 4.95
    endloop
  endfacet
  facet normal 0 1 -0
    outer loop
      vertex -101.1 -36 4.95
      vertex -103.5 -36 15.5
      vertex -101.1 -36 15.5
    endloop
  endfacet
  facet normal 0 1 0
    outer loop
      vertex -103.5 -36 15.5
      vertex -101.1 -36 4.95
      vertex -103.5 -36 4.95
    endloop
  endfacet
  facet normal -0 0 1
    outer loop
      vertex -6.39999 36 4.95
      vertex -4 -36 4.95
      vertex -4 36 4.95
    endloop
  endfacet
  facet normal 0 0 1
    outer loop
      vertex -4 -36 4.95
      vertex -6.39999 36 4.95
      vertex -6.39999 -36 4.95
    endloop
  endfacet
  facet normal 0 -1 0
    outer loop
      vertex -6.39999 36 4.95
      vertex -4 36 15.5
      vertex -6.39999 36 15.5
    endloop
  endfacet
  facet normal 0 -1 -0
    outer loop
      vertex -4 36 15.5
      vertex -6.39999 36 4.95
      vertex -4 36 4.95
    endloop
  endfacet
  facet normal 0 1 -0
    outer loop
      vertex -4 -36 4.95
      vertex -6.39999 -36 15.5
      vertex -4 -36 15.5
    endloop
  endfacet
  facet normal 0 1 0
    outer loop
      vertex -6.39999 -36 15.5
      vertex -4 -36 4.95
      vertex -6.39999 -36 4.95
    endloop
  endfacet
  facet normal 0.0653638 -0.997862 0
    outer loop
      vertex -10 -49.75 0
      vertex -9.21684 -49.6987 15.5
      vertex -10 -49.75 15.5
    endloop
  endfacet
  facet normal 0.0653638 -0.997862 0
    outer loop
      vertex -9.21684 -49.6987 15.5
      vertex -10 -49.75 0
      vertex -9.21684 -49.6987 0
    endloop
  endfacet
  facet normal 0 0 1
    outer loop
      vertex -4.05133 44.5332 15.5
      vertex -6.4308 44.2199 15.5
      vertex -6.39999 43.75 15.5
    endloop
  endfacet
  facet normal 0 0 1
    outer loop
      vertex -5.75735 47.9926 15.5
      vertex -6.52267 44.6817 15.5
      vertex -6.4308 44.2199 15.5
    endloop
  endfacet
  facet normal 0 0 1
    outer loop
      vertex -5.75735 47.9926 15.5
      vertex -6.67403 45.1277 15.5
      vertex -6.52267 44.6817 15.5
    endloop
  endfacet
  facet normal 0 0 1
    outer loop
      vertex -5.75735 47.9926 15.5
      vertex -6.88231 45.55 15.5
      vertex -6.67403 45.1277 15.5
    endloop
  endfacet
  facet normal 0 0 1
    outer loop
      vertex -7.80846 46.6061 15.5
      vertex -6.34743 48.5101 15.5
      vertex -7 48.9462 15.5
    endloop
  endfacet
  facet normal 0 0 1
    outer loop
      vertex -5.75735 47.9926 15.5
      vertex -7.14392 45.9415 15.5
      vertex -6.88231 45.55 15.5
    endloop
  endfacet
  facet normal 0 0 1
    outer loop
      vertex -5.75735 47.9926 15.5
      vertex -7.45442 46.2956 15.5
      vertex -7.14392 45.9415 15.5
    endloop
  endfacet
  facet normal 0 0 1
    outer loop
      vertex -8.2 46.8677 15.5
      vertex -7 48.9462 15.5
      vertex -7.7039 49.2933 15.5
    endloop
  endfacet
  facet normal 0 0 1
    outer loop
      vertex -6.34743 48.5101 15.5
      vertex -7.80846 46.6061 15.5
      vertex -7.45442 46.2956 15.5
    endloop
  endfacet
  facet normal 0 0 1
    outer loop
      vertex -7 48.9462 15.5
      vertex -8.2 46.8677 15.5
      vertex -7.80846 46.6061 15.5
    endloop
  endfacet
  facet normal 0 0 1
    outer loop
      vertex -8.62234 47.076 15.5
      vertex -7.7039 49.2933 15.5
      vertex -8.44708 49.5455 15.5
    endloop
  endfacet
  facet normal 0 0 1
    outer loop
      vertex -7.7039 49.2933 15.5
      vertex -8.62234 47.076 15.5
      vertex -8.2 46.8677 15.5
    endloop
  endfacet
  facet normal 0 0 1
    outer loop
      vertex -8.44708 49.5455 15.5
      vertex -9.06825 47.2273 15.5
      vertex -8.62234 47.076 15.5
    endloop
  endfacet
  facet normal 0 0 1
    outer loop
      vertex -9.21684 49.6987 15.5
      vertex -9.06825 47.2273 15.5
      vertex -8.44708 49.5455 15.5
    endloop
  endfacet
  facet normal 0 0 1
    outer loop
      vertex -9.21684 49.6987 15.5
      vertex -9.53011 47.3192 15.5
      vertex -9.06825 47.2273 15.5
    endloop
  endfacet
  facet normal 0 0 1
    outer loop
      vertex -10 49.75 15.5
      vertex -9.53011 47.3192 15.5
      vertex -9.21684 49.6987 15.5
    endloop
  endfacet
  facet normal 0 0 1
    outer loop
      vertex -10 49.75 15.5
      vertex -10 47.35 15.5
      vertex -9.53011 47.3192 15.5
    endloop
  endfacet
  facet normal -0 0 1
    outer loop
      vertex -97.5 49.75 15.5
      vertex -10 47.35 15.5
      vertex -10 49.75 15.5
    endloop
  endfacet
  facet normal 0 0 1
    outer loop
      vertex -97.5 49.75 15.5
      vertex -97.5 47.35 15.5
      vertex -10 47.35 15.5
    endloop
  endfacet
  facet normal 0 0 1
    outer loop
      vertex -97.5 49.75 15.5
      vertex -97.9699 47.3192 15.5
      vertex -97.5 47.35 15.5
    endloop
  endfacet
  facet normal -0 0 1
    outer loop
      vertex -98.2832 49.6987 15.5
      vertex -97.9699 47.3192 15.5
      vertex -97.5 49.75 15.5
    endloop
  endfacet
  facet normal 0 0 1
    outer loop
      vertex -98.2832 49.6987 15.5
      vertex -98.4317 47.2273 15.5
      vertex -97.9699 47.3192 15.5
    endloop
  endfacet
  facet normal -0 0 1
    outer loop
      vertex -99.0529 49.5455 15.5
      vertex -98.4317 47.2273 15.5
      vertex -98.2832 49.6987 15.5
    endloop
  endfacet
  facet normal 0 0 1
    outer loop
      vertex -98.4317 47.2273 15.5
      vertex -99.0529 49.5455 15.5
      vertex -98.8777 47.076 15.5
    endloop
  endfacet
  facet normal -0 0 1
    outer loop
      vertex -99.7961 49.2933 15.5
      vertex -98.8777 47.076 15.5
      vertex -99.0529 49.5455 15.5
    endloop
  endfacet
  facet normal 0 0 1
    outer loop
      vertex -98.8777 47.076 15.5
      vertex -99.7961 49.2933 15.5
      vertex -99.3 46.8677 15.5
    endloop
  endfacet
  facet normal -0 0 1
    outer loop
      vertex -100.5 48.9462 15.5
      vertex -99.3 46.8677 15.5
      vertex -99.7961 49.2933 15.5
    endloop
  endfacet
  facet normal 0 0 1
    outer loop
      vertex -99.3 46.8677 15.5
      vertex -100.5 48.9462 15.5
      vertex -99.6915 46.6061 15.5
    endloop
  endfacet
  facet normal -0 0 1
    outer loop
      vertex -101.153 48.5101 15.5
      vertex -99.6915 46.6061 15.5
      vertex -100.5 48.9462 15.5
    endloop
  endfacet
  facet normal 0 0 1
    outer loop
      vertex -99.6915 46.6061 15.5
      vertex -101.153 48.5101 15.5
      vertex -100.046 46.2956 15.5
    endloop
  endfacet
  facet normal -0 0 1
    outer loop
      vertex -101.743 47.9926 15.5
      vertex -100.046 46.2956 15.5
      vertex -101.153 48.5101 15.5
    endloop
  endfacet
  facet normal 0 0 1
    outer loop
      vertex -100.046 46.2956 15.5
      vertex -101.743 47.9926 15.5
      vertex -100.356 45.9415 15.5
    endloop
  endfacet
  facet normal -0 0 1
    outer loop
      vertex -102.26 47.4026 15.5
      vertex -100.356 45.9415 15.5
      vertex -101.743 47.9926 15.5
    endloop
  endfacet
  facet normal 0 0 1
    outer loop
      vertex -100.356 45.9415 15.5
      vertex -102.26 47.4026 15.5
      vertex -100.618 45.55 15.5
    endloop
  endfacet
  facet normal -0 0 1
    outer loop
      vertex -102.696 46.75 15.5
      vertex -100.618 45.55 15.5
      vertex -102.26 47.4026 15.5
    endloop
  endfacet
  facet normal 0 0 1
    outer loop
      vertex -100.618 45.55 15.5
      vertex -102.696 46.75 15.5
      vertex -100.826 45.1277 15.5
    endloop
  endfacet
  facet normal -0 0 1
    outer loop
      vertex -103.043 46.0461 15.5
      vertex -100.826 45.1277 15.5
      vertex -102.696 46.75 15.5
    endloop
  endfacet
  facet normal 0 0 1
    outer loop
      vertex -100.826 45.1277 15.5
      vertex -103.043 46.0461 15.5
      vertex -100.977 44.6817 15.5
    endloop
  endfacet
  facet normal -0 0 1
    outer loop
      vertex -103.296 45.3029 15.5
      vertex -100.977 44.6817 15.5
      vertex -103.043 46.0461 15.5
    endloop
  endfacet
  facet normal 0 0 1
    outer loop
      vertex -100.977 44.6817 15.5
      vertex -103.296 45.3029 15.5
      vertex -101.069 44.2199 15.5
    endloop
  endfacet
  facet normal -0 0 1
    outer loop
      vertex -103.449 44.5332 15.5
      vertex -101.069 44.2199 15.5
      vertex -103.296 45.3029 15.5
    endloop
  endfacet
  facet normal 0 0 1
    outer loop
      vertex -101.069 44.2199 15.5
      vertex -103.449 44.5332 15.5
      vertex -101.1 43.75 15.5
    endloop
  endfacet
  facet normal 0 0 1
    outer loop
      vertex -101.1 43.75 15.5
      vertex -103.449 44.5332 15.5
      vertex -103.5 43.75 15.5
    endloop
  endfacet
  facet normal 0 0 1
    outer loop
      vertex -101.1 43.75 15.5
      vertex -103.5 43.75 15.5
      vertex -101.1 36 15.5
    endloop
  endfacet
  facet normal 0 0 1
    outer loop
      vertex -101.1 36 15.5
      vertex -103.5 43.75 15.5
      vertex -103.5 36 15.5
    endloop
  endfacet
  facet normal 0 0 1
    outer loop
      vertex -6.39999 43.75 15.5
      vertex -4 43.75 15.5
      vertex -4.05133 44.5332 15.5
    endloop
  endfacet
  facet normal 0 0 1
    outer loop
      vertex -6.4308 44.2199 15.5
      vertex -4.05133 44.5332 15.5
      vertex -4.20445 45.3029 15.5
    endloop
  endfacet
  facet normal 0 0 1
    outer loop
      vertex -6.4308 44.2199 15.5
      vertex -4.20445 45.3029 15.5
      vertex -4.45673 46.0461 15.5
    endloop
  endfacet
  facet normal 0 0 1
    outer loop
      vertex -6.4308 44.2199 15.5
      vertex -4.45673 46.0461 15.5
      vertex -4.80385 46.75 15.5
    endloop
  endfacet
  facet normal 0 0 1
    outer loop
      vertex -6.4308 44.2199 15.5
      vertex -4.80385 46.75 15.5
      vertex -5.23988 47.4026 15.5
    endloop
  endfacet
  facet normal 0 0 1
    outer loop
      vertex -6.4308 44.2199 15.5
      vertex -5.23988 47.4026 15.5
      vertex -5.75735 47.9926 15.5
    endloop
  endfacet
  facet normal 0 0 1
    outer loop
      vertex -7.45442 46.2956 15.5
      vertex -5.75735 47.9926 15.5
      vertex -6.34743 48.5101 15.5
    endloop
  endfacet
  facet normal 0 0 1
    outer loop
      vertex -4 43.75 15.5
      vertex -6.39999 43.75 15.5
      vertex -4 36 15.5
    endloop
  endfacet
  facet normal 0 0 1
    outer loop
      vertex -4 36 15.5
      vertex -6.39999 43.75 15.5
      vertex -6.39999 36 15.5
    endloop
  endfacet
  facet normal 0 0 1
    outer loop
      vertex -103.5 -43.75 15.5
      vertex -101.1 -43.75 15.5
      vertex -101.1 -36 15.5
    endloop
  endfacet
  facet normal 0 -0 1
    outer loop
      vertex -103.449 -44.5332 15.5
      vertex -101.1 -43.75 15.5
      vertex -103.5 -43.75 15.5
    endloop
  endfacet
  facet normal 0 0 1
    outer loop
      vertex -101.1 -43.75 15.5
      vertex -101.743 -47.9926 15.5
      vertex -101.153 -48.5101 15.5
    endloop
  endfacet
  facet normal 0 0 1
    outer loop
      vertex -101.1 -43.75 15.5
      vertex -102.26 -47.4026 15.5
      vertex -101.743 -47.9926 15.5
    endloop
  endfacet
  facet normal 0 0 1
    outer loop
      vertex -101.1 -43.75 15.5
      vertex -102.696 -46.75 15.5
      vertex -102.26 -47.4026 15.5
    endloop
  endfacet
  facet normal 0 0 1
    outer loop
      vertex -101.1 -43.75 15.5
      vertex -103.043 -46.0461 15.5
      vertex -102.696 -46.75 15.5
    endloop
  endfacet
  facet normal 0 0 1
    outer loop
      vertex -101.1 -43.75 15.5
      vertex -103.296 -45.3029 15.5
      vertex -103.043 -46.0461 15.5
    endloop
  endfacet
  facet normal 0 0 1
    outer loop
      vertex -103.5 -43.75 15.5
      vertex -101.1 -36 15.5
      vertex -103.5 -36 15.5
    endloop
  endfacet
  facet normal 0 0 1
    outer loop
      vertex -101.1 -43.75 15.5
      vertex -103.449 -44.5332 15.5
      vertex -103.296 -45.3029 15.5
    endloop
  endfacet
  facet normal 0 0 1
    outer loop
      vertex -6.39999 -43.75 15.5
      vertex -4 -43.75 15.5
      vertex -4 -36 15.5
    endloop
  endfacet
  facet normal 0 0 1
    outer loop
      vertex -4 -43.75 15.5
      vertex -6.39999 -43.75 15.5
      vertex -4.05133 -44.5332 15.5
    endloop
  endfacet
  facet normal -0 0 1
    outer loop
      vertex -6.4308 -44.2199 15.5
      vertex -4.05133 -44.5332 15.5
      vertex -6.39999 -43.75 15.5
    endloop
  endfacet
  facet normal 0 0 1
    outer loop
      vertex -4.05133 -44.5332 15.5
      vertex -6.4308 -44.2199 15.5
      vertex -4.20445 -45.3029 15.5
    endloop
  endfacet
  facet normal -0 0 1
    outer loop
      vertex -6.52267 -44.6817 15.5
      vertex -4.20445 -45.3029 15.5
      vertex -6.4308 -44.2199 15.5
    endloop
  endfacet
  facet normal 0 0 1
    outer loop
      vertex -4.20445 -45.3029 15.5
      vertex -6.52267 -44.6817 15.5
      vertex -4.45673 -46.0461 15.5
    endloop
  endfacet
  facet normal -0 0 1
    outer loop
      vertex -6.67403 -45.1277 15.5
      vertex -4.45673 -46.0461 15.5
      vertex -6.52267 -44.6817 15.5
    endloop
  endfacet
  facet normal 0 0 1
    outer loop
      vertex -6.39999 -43.75 15.5
      vertex -4 -36 15.5
      vertex -6.39999 -36 15.5
    endloop
  endfacet
  facet normal 0 0 1
    outer loop
      vertex -4.45673 -46.0461 15.5
      vertex -6.67403 -45.1277 15.5
      vertex -4.80385 -46.75 15.5
    endloop
  endfacet
  facet normal -0 0 1
    outer loop
      vertex -6.88231 -45.55 15.5
      vertex -4.80385 -46.75 15.5
      vertex -6.67403 -45.1277 15.5
    endloop
  endfacet
  facet normal 0 0 1
    outer loop
      vertex -4.80385 -46.75 15.5
      vertex -6.88231 -45.55 15.5
      vertex -5.23988 -47.4026 15.5
    endloop
  endfacet
  facet normal -0 0 1
    outer loop
      vertex -7.14392 -45.9415 15.5
      vertex -5.23988 -47.4026 15.5
      vertex -6.88231 -45.55 15.5
    endloop
  endfacet
  facet normal 0 0 1
    outer loop
      vertex -5.23988 -47.4026 15.5
      vertex -7.14392 -45.9415 15.5
      vertex -5.75735 -47.9926 15.5
    endloop
  endfacet
  facet normal -0 0 1
    outer loop
      vertex -7.45442 -46.2956 15.5
      vertex -5.75735 -47.9926 15.5
      vertex -7.14392 -45.9415 15.5
    endloop
  endfacet
  facet normal 0 0 1
    outer loop
      vertex -5.75735 -47.9926 15.5
      vertex -7.45442 -46.2956 15.5
      vertex -6.34743 -48.5101 15.5
    endloop
  endfacet
  facet normal -0 0 1
    outer loop
      vertex -7.80846 -46.6061 15.5
      vertex -6.34743 -48.5101 15.5
      vertex -7.45442 -46.2956 15.5
    endloop
  endfacet
  facet normal 0 0 1
    outer loop
      vertex -6.34743 -48.5101 15.5
      vertex -7.80846 -46.6061 15.5
      vertex -7 -48.9462 15.5
    endloop
  endfacet
  facet normal -0 0 1
    outer loop
      vertex -8.2 -46.8677 15.5
      vertex -7 -48.9462 15.5
      vertex -7.80846 -46.6061 15.5
    endloop
  endfacet
  facet normal 0 0 1
    outer loop
      vertex -7 -48.9462 15.5
      vertex -8.2 -46.8677 15.5
      vertex -7.7039 -49.2933 15.5
    endloop
  endfacet
  facet normal -0 0 1
    outer loop
      vertex -8.62234 -47.076 15.5
      vertex -7.7039 -49.2933 15.5
      vertex -8.2 -46.8677 15.5
    endloop
  endfacet
  facet normal 0 0 1
    outer loop
      vertex -7.7039 -49.2933 15.5
      vertex -8.62234 -47.076 15.5
      vertex -8.44708 -49.5455 15.5
    endloop
  endfacet
  facet normal -0 0 1
    outer loop
      vertex -9.06825 -47.2273 15.5
      vertex -8.44708 -49.5455 15.5
      vertex -8.62234 -47.076 15.5
    endloop
  endfacet
  facet normal 0 0 1
    outer loop
      vertex -9.06825 -47.2273 15.5
      vertex -9.21684 -49.6987 15.5
      vertex -8.44708 -49.5455 15.5
    endloop
  endfacet
  facet normal -0 0 1
    outer loop
      vertex -9.53011 -47.3192 15.5
      vertex -9.21684 -49.6987 15.5
      vertex -9.06825 -47.2273 15.5
    endloop
  endfacet
  facet normal -0 0 1
    outer loop
      vertex -10 -47.35 15.5
      vertex -9.21684 -49.6987 15.5
      vertex -9.53011 -47.3192 15.5
    endloop
  endfacet
  facet normal 0 0 1
    outer loop
      vertex -10 -47.35 15.5
      vertex -10 -49.75 15.5
      vertex -9.21684 -49.6987 15.5
    endloop
  endfacet
  facet normal -0 0 1
    outer loop
      vertex -97.5 -47.35 15.5
      vertex -10 -49.75 15.5
      vertex -10 -47.35 15.5
    endloop
  endfacet
  facet normal 0 0 1
    outer loop
      vertex -97.5 -47.35 15.5
      vertex -97.5 -49.75 15.5
      vertex -10 -49.75 15.5
    endloop
  endfacet
  facet normal 0 0 1
    outer loop
      vertex -97.9699 -47.3192 15.5
      vertex -97.5 -49.75 15.5
      vertex -97.5 -47.35 15.5
    endloop
  endfacet
  facet normal 0 0 1
    outer loop
      vertex -97.9699 -47.3192 15.5
      vertex -98.2832 -49.6987 15.5
      vertex -97.5 -49.75 15.5
    endloop
  endfacet
  facet normal 0 0 1
    outer loop
      vertex -98.4317 -47.2273 15.5
      vertex -98.2832 -49.6987 15.5
      vertex -97.9699 -47.3192 15.5
    endloop
  endfacet
  facet normal 0 0 1
    outer loop
      vertex -99.0529 -49.5455 15.5
      vertex -98.4317 -47.2273 15.5
      vertex -98.8777 -47.076 15.5
    endloop
  endfacet
  facet normal 0 0 1
    outer loop
      vertex -98.4317 -47.2273 15.5
      vertex -99.0529 -49.5455 15.5
      vertex -98.2832 -49.6987 15.5
    endloop
  endfacet
  facet normal 0 0 1
    outer loop
      vertex -99.7961 -49.2933 15.5
      vertex -98.8777 -47.076 15.5
      vertex -99.3 -46.8677 15.5
    endloop
  endfacet
  facet normal 0 0 1
    outer loop
      vertex -100.5 -48.9462 15.5
      vertex -99.3 -46.8677 15.5
      vertex -99.6915 -46.6061 15.5
    endloop
  endfacet
  facet normal 0 0 1
    outer loop
      vertex -98.8777 -47.076 15.5
      vertex -99.7961 -49.2933 15.5
      vertex -99.0529 -49.5455 15.5
    endloop
  endfacet
  facet normal 0 0 1
    outer loop
      vertex -101.153 -48.5101 15.5
      vertex -99.6915 -46.6061 15.5
      vertex -100.046 -46.2956 15.5
    endloop
  endfacet
  facet normal 0 0 1
    outer loop
      vertex -101.153 -48.5101 15.5
      vertex -100.046 -46.2956 15.5
      vertex -100.356 -45.9415 15.5
    endloop
  endfacet
  facet normal 0 0 1
    outer loop
      vertex -99.3 -46.8677 15.5
      vertex -100.5 -48.9462 15.5
      vertex -99.7961 -49.2933 15.5
    endloop
  endfacet
  facet normal 0 0 1
    outer loop
      vertex -101.153 -48.5101 15.5
      vertex -100.356 -45.9415 15.5
      vertex -100.618 -45.55 15.5
    endloop
  endfacet
  facet normal 0 0 1
    outer loop
      vertex -101.153 -48.5101 15.5
      vertex -100.618 -45.55 15.5
      vertex -100.826 -45.1277 15.5
    endloop
  endfacet
  facet normal 0 0 1
    outer loop
      vertex -101.153 -48.5101 15.5
      vertex -100.826 -45.1277 15.5
      vertex -100.977 -44.6817 15.5
    endloop
  endfacet
  facet normal 0 0 1
    outer loop
      vertex -101.153 -48.5101 15.5
      vertex -100.977 -44.6817 15.5
      vertex -101.069 -44.2199 15.5
    endloop
  endfacet
  facet normal 0 0 1
    outer loop
      vertex -99.6915 -46.6061 15.5
      vertex -101.153 -48.5101 15.5
      vertex -100.5 -48.9462 15.5
    endloop
  endfacet
  facet normal 0 0 1
    outer loop
      vertex -101.153 -48.5101 15.5
      vertex -101.069 -44.2199 15.5
      vertex -101.1 -43.75 15.5
    endloop
  endfacet
  facet normal -0.896936 0.44216 0
    outer loop
      vertex -103.043 46.0461 0
      vertex -102.696 46.75 15.5
      vertex -102.696 46.75 0
    endloop
  endfacet
  facet normal -0.896936 0.44216 0
    outer loop
      vertex -102.696 46.75 15.5
      vertex -103.043 46.0461 0
      vertex -103.043 46.0461 15.5
    endloop
  endfacet
  facet normal -1 0 0
    outer loop
      vertex -103.5 43.75 0
      vertex -103.5 36 4.95
      vertex -103.5 43.75 15.5
    endloop
  endfacet
  facet normal -1 0 0
    outer loop
      vertex -103.5 43.75 0
      vertex -103.5 -36 4.95
      vertex -103.5 36 4.95
    endloop
  endfacet
  facet normal -1 0 0
    outer loop
      vertex -103.5 -43.75 0
      vertex -103.5 -36 4.95
      vertex -103.5 43.75 0
    endloop
  endfacet
  facet normal -1 0 0
    outer loop
      vertex -103.5 -43.75 15.5
      vertex -103.5 -36 4.95
      vertex -103.5 -43.75 0
    endloop
  endfacet
  facet normal -1 0 0
    outer loop
      vertex -103.5 -36 4.95
      vertex -103.5 -43.75 15.5
      vertex -103.5 -36 15.5
    endloop
  endfacet
  facet normal -1 -0 0
    outer loop
      vertex -103.5 43.75 15.5
      vertex -103.5 36 4.95
      vertex -103.5 36 15.5
    endloop
  endfacet
  facet normal -0.0653605 -0.997862 0
    outer loop
      vertex -98.2832 -49.6987 0
      vertex -97.5 -49.75 15.5
      vertex -98.2832 -49.6987 15.5
    endloop
  endfacet
  facet normal -0.0653605 -0.997862 -0
    outer loop
      vertex -97.5 -49.75 15.5
      vertex -98.2832 -49.6987 0
      vertex -97.5 -49.75 0
    endloop
  endfacet
  facet normal -0.659406 -0.751787 0
    outer loop
      vertex -101.743 -47.9926 0
      vertex -101.153 -48.5101 15.5
      vertex -101.743 -47.9926 15.5
    endloop
  endfacet
  facet normal -0.659406 -0.751787 -0
    outer loop
      vertex -101.153 -48.5101 15.5
      vertex -101.743 -47.9926 0
      vertex -101.153 -48.5101 0
    endloop
  endfacet
  facet normal -0.997887 0.0649798 0
    outer loop
      vertex -103.5 43.75 0
      vertex -103.449 44.5332 15.5
      vertex -103.449 44.5332 0
    endloop
  endfacet
  facet normal -0.997887 0.0649798 0
    outer loop
      vertex -103.449 44.5332 15.5
      vertex -103.5 43.75 0
      vertex -103.5 43.75 15.5
    endloop
  endfacet
  facet normal 0.195195 0.980764 -0
    outer loop
      vertex -8.44708 49.5455 0
      vertex -9.21684 49.6987 15.5
      vertex -8.44708 49.5455 15.5
    endloop
  endfacet
  facet normal 0.195195 0.980764 0
    outer loop
      vertex -9.21684 49.6987 15.5
      vertex -8.44708 49.5455 0
      vertex -9.21684 49.6987 0
    endloop
  endfacet
  facet normal -0.659406 0.751787 0
    outer loop
      vertex -101.153 48.5101 0
      vertex -101.743 47.9926 15.5
      vertex -101.153 48.5101 15.5
    endloop
  endfacet
  facet normal -0.659406 0.751787 0
    outer loop
      vertex -101.743 47.9926 15.5
      vertex -101.153 48.5101 0
      vertex -101.743 47.9926 0
    endloop
  endfacet
  facet normal 0 -1 0
    outer loop
      vertex -97.5 -49.75 0
      vertex -10 -49.75 15.5
      vertex -97.5 -49.75 15.5
    endloop
  endfacet
  facet normal 0 -1 -0
    outer loop
      vertex -10 -49.75 15.5
      vertex -97.5 -49.75 0
      vertex -10 -49.75 0
    endloop
  endfacet
  facet normal -0.442263 0.896885 0
    outer loop
      vertex -99.7961 49.2933 0
      vertex -100.5 48.9462 15.5
      vertex -99.7961 49.2933 15.5
    endloop
  endfacet
  facet normal -0.442263 0.896885 0
    outer loop
      vertex -100.5 48.9462 15.5
      vertex -99.7961 49.2933 0
      vertex -100.5 48.9462 0
    endloop
  endfacet
  facet normal 0.751806 -0.659385 0
    outer loop
      vertex -5.75735 -47.9926 15.5
      vertex -5.23988 -47.4026 0
      vertex -5.23988 -47.4026 15.5
    endloop
  endfacet
  facet normal 0.751806 -0.659385 0
    outer loop
      vertex -5.23988 -47.4026 0
      vertex -5.75735 -47.9926 15.5
      vertex -5.75735 -47.9926 0
    endloop
  endfacet
  facet normal -0.98081 -0.194964 0
    outer loop
      vertex -103.296 -45.3029 0
      vertex -103.449 -44.5332 15.5
      vertex -103.449 -44.5332 0
    endloop
  endfacet
  facet normal -0.98081 -0.194964 0
    outer loop
      vertex -103.449 -44.5332 15.5
      vertex -103.296 -45.3029 0
      vertex -103.296 -45.3029 15.5
    endloop
  endfacet
  facet normal 0 1 -0
    outer loop
      vertex -10 49.75 0
      vertex -97.5 49.75 15.5
      vertex -10 49.75 15.5
    endloop
  endfacet
  facet normal 0 1 0
    outer loop
      vertex -97.5 49.75 15.5
      vertex -10 49.75 0
      vertex -97.5 49.75 0
    endloop
  endfacet
  facet normal 0.980781 0.195111 0
    outer loop
      vertex -4.05133 44.5332 15.5
      vertex -4.20445 45.3029 0
      vertex -4.20445 45.3029 15.5
    endloop
  endfacet
  facet normal 0.980781 0.195111 0
    outer loop
      vertex -4.20445 45.3029 0
      vertex -4.05133 44.5332 15.5
      vertex -4.05133 44.5332 0
    endloop
  endfacet
  facet normal 1 0 0
    outer loop
      vertex -4 -36 15.5
      vertex -4 -43.75 15.5
      vertex -4 -36 4.95
    endloop
  endfacet
  facet normal 1 0 0
    outer loop
      vertex -4 36 4.95
      vertex -4 43.75 15.5
      vertex -4 36 15.5
    endloop
  endfacet
  facet normal 1 0 0
    outer loop
      vertex -4 43.75 15.5
      vertex -4 36 4.95
      vertex -4 43.75 0
    endloop
  endfacet
  facet normal 1 -0 0
    outer loop
      vertex -4 -36 4.95
      vertex -4 43.75 0
      vertex -4 36 4.95
    endloop
  endfacet
  facet normal 1 0 0
    outer loop
      vertex -4 -36 4.95
      vertex -4 -43.75 0
      vertex -4 43.75 0
    endloop
  endfacet
  facet normal 1 0 0
    outer loop
      vertex -4 -43.75 0
      vertex -4 -36 4.95
      vertex -4 -43.75 15.5
    endloop
  endfacet
  facet normal 0.555629 0.83143 -0
    outer loop
      vertex -6.34743 48.5101 0
      vertex -7 48.9462 15.5
      vertex -6.34743 48.5101 15.5
    endloop
  endfacet
  facet normal 0.555629 0.83143 0
    outer loop
      vertex -7 48.9462 15.5
      vertex -6.34743 48.5101 0
      vertex -7 48.9462 0
    endloop
  endfacet
  facet normal 0.946931 0.321437 0
    outer loop
      vertex -4.20445 45.3029 15.5
      vertex -4.45673 46.0461 0
      vertex -4.45673 46.0461 15.5
    endloop
  endfacet
  facet normal 0.946931 0.321437 0
    outer loop
      vertex -4.45673 46.0461 0
      vertex -4.20445 45.3029 15.5
      vertex -4.20445 45.3029 0
    endloop
  endfacet
  facet normal -0.195209 0.980762 0
    outer loop
      vertex -98.2832 49.6987 0
      vertex -99.0529 49.5455 15.5
      vertex -98.2832 49.6987 15.5
    endloop
  endfacet
  facet normal -0.195209 0.980762 0
    outer loop
      vertex -99.0529 49.5455 15.5
      vertex -98.2832 49.6987 0
      vertex -99.0529 49.5455 0
    endloop
  endfacet
  facet normal -0.0653605 0.997862 0
    outer loop
      vertex -97.5 49.75 0
      vertex -98.2832 49.6987 15.5
      vertex -97.5 49.75 15.5
    endloop
  endfacet
  facet normal -0.0653605 0.997862 0
    outer loop
      vertex -98.2832 49.6987 15.5
      vertex -97.5 49.75 0
      vertex -98.2832 49.6987 0
    endloop
  endfacet
  facet normal 0.0653638 0.997862 -0
    outer loop
      vertex -9.21684 49.6987 0
      vertex -10 49.75 15.5
      vertex -9.21684 49.6987 15.5
    endloop
  endfacet
  facet normal 0.0653638 0.997862 0
    outer loop
      vertex -10 49.75 15.5
      vertex -9.21684 49.6987 0
      vertex -10 49.75 0
    endloop
  endfacet
  facet normal -0.98081 0.194964 0
    outer loop
      vertex -103.449 44.5332 0
      vertex -103.296 45.3029 15.5
      vertex -103.296 45.3029 0
    endloop
  endfacet
  facet normal -0.98081 0.194964 0
    outer loop
      vertex -103.296 45.3029 15.5
      vertex -103.449 44.5332 0
      vertex -103.449 44.5332 15.5
    endloop
  endfacet
  facet normal -0.442263 -0.896885 0
    outer loop
      vertex -100.5 -48.9462 0
      vertex -99.7961 -49.2933 15.5
      vertex -100.5 -48.9462 15.5
    endloop
  endfacet
  facet normal -0.442263 -0.896885 -0
    outer loop
      vertex -99.7961 -49.2933 15.5
      vertex -100.5 -48.9462 0
      vertex -99.7961 -49.2933 0
    endloop
  endfacet
  facet normal 0.997859 -0.0653985 0
    outer loop
      vertex -4.05133 -44.5332 15.5
      vertex -4 -43.75 0
      vertex -4 -43.75 15.5
    endloop
  endfacet
  facet normal 0.997859 -0.0653985 0
    outer loop
      vertex -4 -43.75 0
      vertex -4.05133 -44.5332 15.5
      vertex -4.05133 -44.5332 0
    endloop
  endfacet
  facet normal 0.442263 0.896885 -0
    outer loop
      vertex -7 48.9462 0
      vertex -7.7039 49.2933 15.5
      vertex -7 48.9462 15.5
    endloop
  endfacet
  facet normal 0.442263 0.896885 0
    outer loop
      vertex -7.7039 49.2933 15.5
      vertex -7 48.9462 0
      vertex -7.7039 49.2933 0
    endloop
  endfacet
  facet normal -0.321345 -0.946962 0
    outer loop
      vertex -99.7961 -49.2933 0
      vertex -99.0529 -49.5455 15.5
      vertex -99.7961 -49.2933 15.5
    endloop
  endfacet
  facet normal -0.321345 -0.946962 -0
    outer loop
      vertex -99.0529 -49.5455 15.5
      vertex -99.7961 -49.2933 0
      vertex -99.0529 -49.5455 0
    endloop
  endfacet
  facet normal -0.195209 -0.980762 0
    outer loop
      vertex -99.0529 -49.5455 0
      vertex -98.2832 -49.6987 15.5
      vertex -99.0529 -49.5455 15.5
    endloop
  endfacet
  facet normal -0.195209 -0.980762 -0
    outer loop
      vertex -98.2832 -49.6987 15.5
      vertex -99.0529 -49.5455 0
      vertex -98.2832 -49.6987 0
    endloop
  endfacet
  facet normal -0.896936 -0.44216 0
    outer loop
      vertex -102.696 -46.75 0
      vertex -103.043 -46.0461 15.5
      vertex -103.043 -46.0461 0
    endloop
  endfacet
  facet normal -0.896936 -0.44216 0
    outer loop
      vertex -103.043 -46.0461 15.5
      vertex -102.696 -46.75 0
      vertex -102.696 -46.75 15.5
    endloop
  endfacet
  facet normal -0.555376 0.831599 0
    outer loop
      vertex -100.5 48.9462 0
      vertex -101.153 48.5101 15.5
      vertex -100.5 48.9462 15.5
    endloop
  endfacet
  facet normal -0.555376 0.831599 0
    outer loop
      vertex -101.153 48.5101 15.5
      vertex -100.5 48.9462 0
      vertex -101.153 48.5101 0
    endloop
  endfacet
  facet normal -0.555376 -0.831599 0
    outer loop
      vertex -101.153 -48.5101 0
      vertex -100.5 -48.9462 15.5
      vertex -101.153 -48.5101 15.5
    endloop
  endfacet
  facet normal -0.555376 -0.831599 -0
    outer loop
      vertex -100.5 -48.9462 15.5
      vertex -101.153 -48.5101 0
      vertex -100.5 -48.9462 0
    endloop
  endfacet
  facet normal -0.946652 0.322259 0
    outer loop
      vertex -103.296 45.3029 0
      vertex -103.043 46.0461 15.5
      vertex -103.043 46.0461 0
    endloop
  endfacet
  facet normal -0.946652 0.322259 0
    outer loop
      vertex -103.043 46.0461 15.5
      vertex -103.296 45.3029 0
      vertex -103.296 45.3029 15.5
    endloop
  endfacet
  facet normal 0.896875 0.442283 0
    outer loop
      vertex -4.45673 46.0461 15.5
      vertex -4.80385 46.75 0
      vertex -4.80385 46.75 15.5
    endloop
  endfacet
  facet normal 0.896875 0.442283 0
    outer loop
      vertex -4.80385 46.75 0
      vertex -4.45673 46.0461 15.5
      vertex -4.45673 46.0461 0
    endloop
  endfacet
  facet normal -0.997887 -0.0649798 0
    outer loop
      vertex -103.449 -44.5332 0
      vertex -103.5 -43.75 15.5
      vertex -103.5 -43.75 0
    endloop
  endfacet
  facet normal -0.997887 -0.0649798 0
    outer loop
      vertex -103.5 -43.75 15.5
      vertex -103.449 -44.5332 0
      vertex -103.449 -44.5332 15.5
    endloop
  endfacet
  facet normal 0.659356 0.751831 -0
    outer loop
      vertex -5.75735 47.9926 0
      vertex -6.34743 48.5101 15.5
      vertex -5.75735 47.9926 15.5
    endloop
  endfacet
  facet normal 0.659356 0.751831 0
    outer loop
      vertex -6.34743 48.5101 15.5
      vertex -5.75735 47.9926 0
      vertex -6.34743 48.5101 0
    endloop
  endfacet
  facet normal 0.980781 -0.195111 0
    outer loop
      vertex -4.20445 -45.3029 15.5
      vertex -4.05133 -44.5332 0
      vertex -4.05133 -44.5332 15.5
    endloop
  endfacet
  facet normal 0.980781 -0.195111 0
    outer loop
      vertex -4.05133 -44.5332 0
      vertex -4.20445 -45.3029 15.5
      vertex -4.20445 -45.3029 0
    endloop
  endfacet
  facet normal 0.321353 -0.946959 0
    outer loop
      vertex -8.44708 -49.5455 0
      vertex -7.7039 -49.2933 15.5
      vertex -8.44708 -49.5455 15.5
    endloop
  endfacet
  facet normal 0.321353 -0.946959 0
    outer loop
      vertex -7.7039 -49.2933 15.5
      vertex -8.44708 -49.5455 0
      vertex -7.7039 -49.2933 0
    endloop
  endfacet
  facet normal -0.752103 0.659046 0
    outer loop
      vertex -102.26 47.4026 0
      vertex -101.743 47.9926 15.5
      vertex -101.743 47.9926 0
    endloop
  endfacet
  facet normal -0.752103 0.659046 0
    outer loop
      vertex -101.743 47.9926 15.5
      vertex -102.26 47.4026 0
      vertex -102.26 47.4026 15.5
    endloop
  endfacet
  facet normal -0.321345 0.946962 0
    outer loop
      vertex -99.0529 49.5455 0
      vertex -99.7961 49.2933 15.5
      vertex -99.0529 49.5455 15.5
    endloop
  endfacet
  facet normal -0.321345 0.946962 0
    outer loop
      vertex -99.7961 49.2933 15.5
      vertex -99.0529 49.5455 0
      vertex -99.7961 49.2933 0
    endloop
  endfacet
  facet normal -0.752103 -0.659046 0
    outer loop
      vertex -101.743 -47.9926 0
      vertex -102.26 -47.4026 15.5
      vertex -102.26 -47.4026 0
    endloop
  endfacet
  facet normal -0.752103 -0.659046 0
    outer loop
      vertex -102.26 -47.4026 15.5
      vertex -101.743 -47.9926 0
      vertex -101.743 -47.9926 15.5
    endloop
  endfacet
  facet normal -0.831501 -0.555523 0
    outer loop
      vertex -102.26 -47.4026 0
      vertex -102.696 -46.75 15.5
      vertex -102.696 -46.75 0
    endloop
  endfacet
  facet normal -0.831501 -0.555523 0
    outer loop
      vertex -102.696 -46.75 15.5
      vertex -102.26 -47.4026 0
      vertex -102.26 -47.4026 15.5
    endloop
  endfacet
  facet normal -0.831501 0.555523 0
    outer loop
      vertex -102.696 46.75 0
      vertex -102.26 47.4026 15.5
      vertex -102.26 47.4026 0
    endloop
  endfacet
  facet normal -0.831501 0.555523 0
    outer loop
      vertex -102.26 47.4026 15.5
      vertex -102.696 46.75 0
      vertex -102.696 46.75 15.5
    endloop
  endfacet
  facet normal 0.321353 0.946959 -0
    outer loop
      vertex -7.7039 49.2933 0
      vertex -8.44708 49.5455 15.5
      vertex -7.7039 49.2933 15.5
    endloop
  endfacet
  facet normal 0.321353 0.946959 0
    outer loop
      vertex -8.44708 49.5455 15.5
      vertex -7.7039 49.2933 0
      vertex -8.44708 49.5455 0
    endloop
  endfacet
  facet normal 0.997859 0.0653985 0
    outer loop
      vertex -4 43.75 15.5
      vertex -4.05133 44.5332 0
      vertex -4.05133 44.5332 15.5
    endloop
  endfacet
  facet normal 0.997859 0.0653985 0
    outer loop
      vertex -4.05133 44.5332 0
      vertex -4 43.75 15.5
      vertex -4 43.75 0
    endloop
  endfacet
  facet normal 0.831483 -0.55555 0
    outer loop
      vertex -5.23988 -47.4026 15.5
      vertex -4.80385 -46.75 0
      vertex -4.80385 -46.75 15.5
    endloop
  endfacet
  facet normal 0.831483 -0.55555 0
    outer loop
      vertex -4.80385 -46.75 0
      vertex -5.23988 -47.4026 15.5
      vertex -5.23988 -47.4026 0
    endloop
  endfacet
  facet normal 0.442263 -0.896885 0
    outer loop
      vertex -7.7039 -49.2933 0
      vertex -7 -48.9462 15.5
      vertex -7.7039 -49.2933 15.5
    endloop
  endfacet
  facet normal 0.442263 -0.896885 0
    outer loop
      vertex -7 -48.9462 15.5
      vertex -7.7039 -49.2933 0
      vertex -7 -48.9462 0
    endloop
  endfacet
  facet normal 0.195195 -0.980764 0
    outer loop
      vertex -9.21684 -49.6987 0
      vertex -8.44708 -49.5455 15.5
      vertex -9.21684 -49.6987 15.5
    endloop
  endfacet
  facet normal 0.195195 -0.980764 0
    outer loop
      vertex -8.44708 -49.5455 15.5
      vertex -9.21684 -49.6987 0
      vertex -8.44708 -49.5455 0
    endloop
  endfacet
  facet normal -0.946652 -0.322259 0
    outer loop
      vertex -103.043 -46.0461 0
      vertex -103.296 -45.3029 15.5
      vertex -103.296 -45.3029 0
    endloop
  endfacet
  facet normal -0.946652 -0.322259 0
    outer loop
      vertex -103.296 -45.3029 15.5
      vertex -103.043 -46.0461 0
      vertex -103.043 -46.0461 15.5
    endloop
  endfacet
  facet normal 0.555629 -0.83143 0
    outer loop
      vertex -7 -48.9462 0
      vertex -6.34743 -48.5101 15.5
      vertex -7 -48.9462 15.5
    endloop
  endfacet
  facet normal 0.555629 -0.83143 0
    outer loop
      vertex -6.34743 -48.5101 15.5
      vertex -7 -48.9462 0
      vertex -6.34743 -48.5101 0
    endloop
  endfacet
  facet normal 0.659356 -0.751831 0
    outer loop
      vertex -6.34743 -48.5101 0
      vertex -5.75735 -47.9926 15.5
      vertex -6.34743 -48.5101 15.5
    endloop
  endfacet
  facet normal 0.659356 -0.751831 0
    outer loop
      vertex -5.75735 -47.9926 15.5
      vertex -6.34743 -48.5101 0
      vertex -5.75735 -47.9926 0
    endloop
  endfacet
  facet normal 0.896875 -0.442283 0
    outer loop
      vertex -4.80385 -46.75 15.5
      vertex -4.45673 -46.0461 0
      vertex -4.45673 -46.0461 15.5
    endloop
  endfacet
  facet normal 0.896875 -0.442283 0
    outer loop
      vertex -4.45673 -46.0461 0
      vertex -4.80385 -46.75 15.5
      vertex -4.80385 -46.75 0
    endloop
  endfacet
  facet normal 0 0 -1
    outer loop
      vertex -13.6287 -40.1213 0
      vertex -4 -43.75 0
      vertex -4.05133 -44.5332 0
    endloop
  endfacet
  facet normal 0 0 -1
    outer loop
      vertex -4 -43.75 0
      vertex -12.75 -38 0
      vertex -4 43.75 0
    endloop
  endfacet
  facet normal 0 0 -1
    outer loop
      vertex -13.6287 -40.1213 0
      vertex -4.05133 -44.5332 0
      vertex -4.20445 -45.3029 0
    endloop
  endfacet
  facet normal 0 0 -1
    outer loop
      vertex -12.75 38 0
      vertex -4 43.75 0
      vertex -12.75 -38 0
    endloop
  endfacet
  facet normal 0 0 -1
    outer loop
      vertex -13.6287 -40.1213 0
      vertex -4.20445 -45.3029 0
      vertex -4.45673 -46.0461 0
    endloop
  endfacet
  facet normal 0 0 -1
    outer loop
      vertex -12.7757 38.3916 0
      vertex -4 43.75 0
      vertex -12.75 38 0
    endloop
  endfacet
  facet normal 0 0 -1
    outer loop
      vertex -13.6287 -40.1213 0
      vertex -4.45673 -46.0461 0
      vertex -4.80385 -46.75 0
    endloop
  endfacet
  facet normal 0 0 -1
    outer loop
      vertex -12.8522 38.7765 0
      vertex -4 43.75 0
      vertex -12.7757 38.3916 0
    endloop
  endfacet
  facet normal 0 0 -1
    outer loop
      vertex -13.6287 -40.1213 0
      vertex -4.80385 -46.75 0
      vertex -5.23988 -47.4026 0
    endloop
  endfacet
  facet normal 0 0 -1
    outer loop
      vertex -12.9784 39.1481 0
      vertex -4 43.75 0
      vertex -12.8522 38.7765 0
    endloop
  endfacet
  facet normal 0 0 -1
    outer loop
      vertex -13.6287 -40.1213 0
      vertex -5.23988 -47.4026 0
      vertex -5.75735 -47.9926 0
    endloop
  endfacet
  facet normal 0 0 -1
    outer loop
      vertex -13.1519 39.5 0
      vertex -4 43.75 0
      vertex -12.9784 39.1481 0
    endloop
  endfacet
  facet normal 0 0 -1
    outer loop
      vertex -13.6287 -40.1213 0
      vertex -5.75735 -47.9926 0
      vertex -6.34743 -48.5101 0
    endloop
  endfacet
  facet normal 0 0 -1
    outer loop
      vertex -13.3699 39.8263 0
      vertex -4 43.75 0
      vertex -13.1519 39.5 0
    endloop
  endfacet
  facet normal 0 0 -1
    outer loop
      vertex -13.6287 -40.1213 0
      vertex -6.34743 -48.5101 0
      vertex -7 -48.9462 0
    endloop
  endfacet
  facet normal 0 0 -1
    outer loop
      vertex -13.6287 40.1213 0
      vertex -4 43.75 0
      vertex -13.3699 39.8263 0
    endloop
  endfacet
  facet normal 0 0 -1
    outer loop
      vertex -13.6287 -40.1213 0
      vertex -7 -48.9462 0
      vertex -7.7039 -49.2933 0
    endloop
  endfacet
  facet normal -0 0 -1
    outer loop
      vertex -4 43.75 0
      vertex -13.6287 40.1213 0
      vertex -4.05133 44.5332 0
    endloop
  endfacet
  facet normal 0 0 -1
    outer loop
      vertex -13.6287 -40.1213 0
      vertex -7.7039 -49.2933 0
      vertex -8.44708 -49.5455 0
    endloop
  endfacet
  facet normal -0 0 -1
    outer loop
      vertex -4.05133 44.5332 0
      vertex -13.6287 40.1213 0
      vertex -4.20445 45.3029 0
    endloop
  endfacet
  facet normal 0 0 -1
    outer loop
      vertex -13.6287 -40.1213 0
      vertex -8.44708 -49.5455 0
      vertex -9.21684 -49.6987 0
    endloop
  endfacet
  facet normal -0 0 -1
    outer loop
      vertex -4.20445 45.3029 0
      vertex -13.6287 40.1213 0
      vertex -4.45673 46.0461 0
    endloop
  endfacet
  facet normal 0 0 -1
    outer loop
      vertex -13.6287 -40.1213 0
      vertex -9.21684 -49.6987 0
      vertex -10 -49.75 0
    endloop
  endfacet
  facet normal -0 0 -1
    outer loop
      vertex -4.45673 46.0461 0
      vertex -13.6287 40.1213 0
      vertex -4.80385 46.75 0
    endloop
  endfacet
  facet normal -0 0 -1
    outer loop
      vertex -4.80385 46.75 0
      vertex -13.6287 40.1213 0
      vertex -5.23988 47.4026 0
    endloop
  endfacet
  facet normal 0 0 -1
    outer loop
      vertex -4 -43.75 0
      vertex -12.7757 -38.3916 0
      vertex -12.75 -38 0
    endloop
  endfacet
  facet normal 0 0 -1
    outer loop
      vertex -4 -43.75 0
      vertex -12.8522 -38.7765 0
      vertex -12.7757 -38.3916 0
    endloop
  endfacet
  facet normal 0 0 -1
    outer loop
      vertex -4 -43.75 0
      vertex -12.9784 -39.1481 0
      vertex -12.8522 -38.7765 0
    endloop
  endfacet
  facet normal 0 0 -1
    outer loop
      vertex -4 -43.75 0
      vertex -13.1519 -39.5 0
      vertex -12.9784 -39.1481 0
    endloop
  endfacet
  facet normal 0 0 -1
    outer loop
      vertex -4 -43.75 0
      vertex -13.3699 -39.8263 0
      vertex -13.1519 -39.5 0
    endloop
  endfacet
  facet normal 0 0 -1
    outer loop
      vertex -4 -43.75 0
      vertex -13.6287 -40.1213 0
      vertex -13.3699 -39.8263 0
    endloop
  endfacet
  facet normal 0 0 -1
    outer loop
      vertex -10 -49.75 0
      vertex -13.9237 -40.3801 0
      vertex -13.6287 -40.1213 0
    endloop
  endfacet
  facet normal 0 0 -1
    outer loop
      vertex -10 -49.75 0
      vertex -14.25 -40.5981 0
      vertex -13.9237 -40.3801 0
    endloop
  endfacet
  facet normal 0 0 -1
    outer loop
      vertex -10 -49.75 0
      vertex -14.6019 -40.7716 0
      vertex -14.25 -40.5981 0
    endloop
  endfacet
  facet normal 0 0 -1
    outer loop
      vertex -10 -49.75 0
      vertex -14.9735 -40.8978 0
      vertex -14.6019 -40.7716 0
    endloop
  endfacet
  facet normal 0 0 -1
    outer loop
      vertex -10 -49.75 0
      vertex -15.3584 -40.9743 0
      vertex -14.9735 -40.8978 0
    endloop
  endfacet
  facet normal 0 0 -1
    outer loop
      vertex -10 -49.75 0
      vertex -15.75 -41 0
      vertex -15.3584 -40.9743 0
    endloop
  endfacet
  facet normal 0 0 -1
    outer loop
      vertex -10 -49.75 0
      vertex -91.75 -41 0
      vertex -15.75 -41 0
    endloop
  endfacet
  facet normal 0 0 -1
    outer loop
      vertex -97.5 -49.75 0
      vertex -91.75 -41 0
      vertex -10 -49.75 0
    endloop
  endfacet
  facet normal -0 0 -1
    outer loop
      vertex -94.7243 -38.3916 0
      vertex -103.5 -43.75 0
      vertex -94.75 -38 0
    endloop
  endfacet
  facet normal -0 0 -1
    outer loop
      vertex -94.6478 -38.7765 0
      vertex -103.5 -43.75 0
      vertex -94.7243 -38.3916 0
    endloop
  endfacet
  facet normal -0 0 -1
    outer loop
      vertex -94.5216 -39.1481 0
      vertex -103.5 -43.75 0
      vertex -94.6478 -38.7765 0
    endloop
  endfacet
  facet normal -0 0 -1
    outer loop
      vertex -94.3481 -39.5 0
      vertex -103.5 -43.75 0
      vertex -94.5216 -39.1481 0
    endloop
  endfacet
  facet normal -0 0 -1
    outer loop
      vertex -94.1301 -39.8263 0
      vertex -103.5 -43.75 0
      vertex -94.3481 -39.5 0
    endloop
  endfacet
  facet normal -0 0 -1
    outer loop
      vertex -93.8713 -40.1213 0
      vertex -103.5 -43.75 0
      vertex -94.1301 -39.8263 0
    endloop
  endfacet
  facet normal 0 0 -1
    outer loop
      vertex -103.5 -43.75 0
      vertex -93.8713 -40.1213 0
      vertex -97.5 -49.75 0
    endloop
  endfacet
  facet normal -0 0 -1
    outer loop
      vertex -93.5763 -40.3801 0
      vertex -97.5 -49.75 0
      vertex -93.8713 -40.1213 0
    endloop
  endfacet
  facet normal -0 0 -1
    outer loop
      vertex -93.25 -40.5981 0
      vertex -97.5 -49.75 0
      vertex -93.5763 -40.3801 0
    endloop
  endfacet
  facet normal -0 0 -1
    outer loop
      vertex -92.8981 -40.7716 0
      vertex -97.5 -49.75 0
      vertex -93.25 -40.5981 0
    endloop
  endfacet
  facet normal -0 0 -1
    outer loop
      vertex -92.5265 -40.8978 0
      vertex -97.5 -49.75 0
      vertex -92.8981 -40.7716 0
    endloop
  endfacet
  facet normal -0 0 -1
    outer loop
      vertex -92.1416 -40.9743 0
      vertex -97.5 -49.75 0
      vertex -92.5265 -40.8978 0
    endloop
  endfacet
  facet normal -0 0 -1
    outer loop
      vertex -91.75 -41 0
      vertex -97.5 -49.75 0
      vertex -92.1416 -40.9743 0
    endloop
  endfacet
  facet normal -0 0 -1
    outer loop
      vertex -5.23988 47.4026 0
      vertex -13.6287 40.1213 0
      vertex -5.75735 47.9926 0
    endloop
  endfacet
  facet normal -0 0 -1
    outer loop
      vertex -5.75735 47.9926 0
      vertex -13.6287 40.1213 0
      vertex -6.34743 48.5101 0
    endloop
  endfacet
  facet normal -0 0 -1
    outer loop
      vertex -6.34743 48.5101 0
      vertex -13.6287 40.1213 0
      vertex -7 48.9462 0
    endloop
  endfacet
  facet normal -0 0 -1
    outer loop
      vertex -7 48.9462 0
      vertex -13.6287 40.1213 0
      vertex -7.7039 49.2933 0
    endloop
  endfacet
  facet normal -0 0 -1
    outer loop
      vertex -7.7039 49.2933 0
      vertex -13.6287 40.1213 0
      vertex -8.44708 49.5455 0
    endloop
  endfacet
  facet normal -0 0 -1
    outer loop
      vertex -8.44708 49.5455 0
      vertex -13.6287 40.1213 0
      vertex -9.21684 49.6987 0
    endloop
  endfacet
  facet normal -0 0 -1
    outer loop
      vertex -9.21684 49.6987 0
      vertex -13.6287 40.1213 0
      vertex -10 49.75 0
    endloop
  endfacet
  facet normal 0 0 -1
    outer loop
      vertex -13.9237 40.3801 0
      vertex -10 49.75 0
      vertex -13.6287 40.1213 0
    endloop
  endfacet
  facet normal 0 0 -1
    outer loop
      vertex -14.25 40.5981 0
      vertex -10 49.75 0
      vertex -13.9237 40.3801 0
    endloop
  endfacet
  facet normal 0 0 -1
    outer loop
      vertex -14.6019 40.7716 0
      vertex -10 49.75 0
      vertex -14.25 40.5981 0
    endloop
  endfacet
  facet normal 0 0 -1
    outer loop
      vertex -14.9735 40.8978 0
      vertex -10 49.75 0
      vertex -14.6019 40.7716 0
    endloop
  endfacet
  facet normal 0 0 -1
    outer loop
      vertex -15.3584 40.9743 0
      vertex -10 49.75 0
      vertex -14.9735 40.8978 0
    endloop
  endfacet
  facet normal 0 0 -1
    outer loop
      vertex -15.75 41 0
      vertex -10 49.75 0
      vertex -15.3584 40.9743 0
    endloop
  endfacet
  facet normal 0 0 -1
    outer loop
      vertex -91.75 41 0
      vertex -10 49.75 0
      vertex -15.75 41 0
    endloop
  endfacet
  facet normal 0 0 -1
    outer loop
      vertex -97.5 49.75 0
      vertex -91.75 41 0
      vertex -92.1416 40.9743 0
    endloop
  endfacet
  facet normal 0 0 -1
    outer loop
      vertex -91.75 41 0
      vertex -97.5 49.75 0
      vertex -10 49.75 0
    endloop
  endfacet
  facet normal 0 0 -1
    outer loop
      vertex -92.5265 40.8978 0
      vertex -97.5 49.75 0
      vertex -92.1416 40.9743 0
    endloop
  endfacet
  facet normal 0 0 -1
    outer loop
      vertex -92.8981 40.7716 0
      vertex -97.5 49.75 0
      vertex -92.5265 40.8978 0
    endloop
  endfacet
  facet normal 0 0 -1
    outer loop
      vertex -93.25 40.5981 0
      vertex -97.5 49.75 0
      vertex -92.8981 40.7716 0
    endloop
  endfacet
  facet normal 0 0 -1
    outer loop
      vertex -93.5763 40.3801 0
      vertex -97.5 49.75 0
      vertex -93.25 40.5981 0
    endloop
  endfacet
  facet normal 0 0 -1
    outer loop
      vertex -93.8713 40.1213 0
      vertex -97.5 49.75 0
      vertex -93.5763 40.3801 0
    endloop
  endfacet
  facet normal 0 0 -1
    outer loop
      vertex -103.5 43.75 0
      vertex -93.8713 40.1213 0
      vertex -94.1301 39.8263 0
    endloop
  endfacet
  facet normal 0 0 -1
    outer loop
      vertex -103.5 43.75 0
      vertex -94.1301 39.8263 0
      vertex -94.3481 39.5 0
    endloop
  endfacet
  facet normal 0 0 -1
    outer loop
      vertex -103.5 43.75 0
      vertex -94.3481 39.5 0
      vertex -94.5216 39.1481 0
    endloop
  endfacet
  facet normal 0 0 -1
    outer loop
      vertex -103.5 43.75 0
      vertex -94.5216 39.1481 0
      vertex -94.6478 38.7765 0
    endloop
  endfacet
  facet normal 0 0 -1
    outer loop
      vertex -103.5 43.75 0
      vertex -94.6478 38.7765 0
      vertex -94.7243 38.3916 0
    endloop
  endfacet
  facet normal 0 0 -1
    outer loop
      vertex -103.5 43.75 0
      vertex -94.7243 38.3916 0
      vertex -94.75 38 0
    endloop
  endfacet
  facet normal -0 0 -1
    outer loop
      vertex -94.75 -38 0
      vertex -103.5 -43.75 0
      vertex -94.75 38 0
    endloop
  endfacet
  facet normal 0 0 -1
    outer loop
      vertex -103.5 -43.75 0
      vertex -97.5 -49.75 0
      vertex -98.2832 -49.6987 0
    endloop
  endfacet
  facet normal 0 0 -1
    outer loop
      vertex -103.5 43.75 0
      vertex -94.75 38 0
      vertex -103.5 -43.75 0
    endloop
  endfacet
  facet normal 0 0 -1
    outer loop
      vertex -103.5 -43.75 0
      vertex -98.2832 -49.6987 0
      vertex -99.0529 -49.5455 0
    endloop
  endfacet
  facet normal 0 0 -1
    outer loop
      vertex -93.8713 40.1213 0
      vertex -103.5 43.75 0
      vertex -103.449 44.5332 0
    endloop
  endfacet
  facet normal 0 0 -1
    outer loop
      vertex -103.5 -43.75 0
      vertex -99.0529 -49.5455 0
      vertex -99.7961 -49.2933 0
    endloop
  endfacet
  facet normal 0 0 -1
    outer loop
      vertex -93.8713 40.1213 0
      vertex -98.2832 49.6987 0
      vertex -97.5 49.75 0
    endloop
  endfacet
  facet normal 0 0 -1
    outer loop
      vertex -103.5 -43.75 0
      vertex -99.7961 -49.2933 0
      vertex -100.5 -48.9462 0
    endloop
  endfacet
  facet normal 0 0 -1
    outer loop
      vertex -93.8713 40.1213 0
      vertex -99.0529 49.5455 0
      vertex -98.2832 49.6987 0
    endloop
  endfacet
  facet normal 0 0 -1
    outer loop
      vertex -103.5 -43.75 0
      vertex -100.5 -48.9462 0
      vertex -101.153 -48.5101 0
    endloop
  endfacet
  facet normal 0 0 -1
    outer loop
      vertex -93.8713 40.1213 0
      vertex -99.7961 49.2933 0
      vertex -99.0529 49.5455 0
    endloop
  endfacet
  facet normal 0 0 -1
    outer loop
      vertex -103.5 -43.75 0
      vertex -101.153 -48.5101 0
      vertex -101.743 -47.9926 0
    endloop
  endfacet
  facet normal 0 0 -1
    outer loop
      vertex -93.8713 40.1213 0
      vertex -100.5 48.9462 0
      vertex -99.7961 49.2933 0
    endloop
  endfacet
  facet normal 0 0 -1
    outer loop
      vertex -103.5 -43.75 0
      vertex -101.743 -47.9926 0
      vertex -102.26 -47.4026 0
    endloop
  endfacet
  facet normal 0 0 -1
    outer loop
      vertex -93.8713 40.1213 0
      vertex -101.153 48.5101 0
      vertex -100.5 48.9462 0
    endloop
  endfacet
  facet normal 0 0 -1
    outer loop
      vertex -103.5 -43.75 0
      vertex -102.26 -47.4026 0
      vertex -102.696 -46.75 0
    endloop
  endfacet
  facet normal 0 0 -1
    outer loop
      vertex -93.8713 40.1213 0
      vertex -101.743 47.9926 0
      vertex -101.153 48.5101 0
    endloop
  endfacet
  facet normal 0 0 -1
    outer loop
      vertex -103.5 -43.75 0
      vertex -102.696 -46.75 0
      vertex -103.043 -46.0461 0
    endloop
  endfacet
  facet normal 0 0 -1
    outer loop
      vertex -93.8713 40.1213 0
      vertex -102.26 47.4026 0
      vertex -101.743 47.9926 0
    endloop
  endfacet
  facet normal 0 0 -1
    outer loop
      vertex -103.5 -43.75 0
      vertex -103.043 -46.0461 0
      vertex -103.296 -45.3029 0
    endloop
  endfacet
  facet normal 0 0 -1
    outer loop
      vertex -93.8713 40.1213 0
      vertex -102.696 46.75 0
      vertex -102.26 47.4026 0
    endloop
  endfacet
  facet normal 0 0 -1
    outer loop
      vertex -103.5 -43.75 0
      vertex -103.296 -45.3029 0
      vertex -103.449 -44.5332 0
    endloop
  endfacet
  facet normal 0 0 -1
    outer loop
      vertex -93.8713 40.1213 0
      vertex -103.043 46.0461 0
      vertex -102.696 46.75 0
    endloop
  endfacet
  facet normal 0 0 -1
    outer loop
      vertex -93.8713 40.1213 0
      vertex -103.296 45.3029 0
      vertex -103.043 46.0461 0
    endloop
  endfacet
  facet normal 0 0 -1
    outer loop
      vertex -93.8713 40.1213 0
      vertex -103.449 44.5332 0
      vertex -103.296 45.3029 0
    endloop
  endfacet
  facet normal 0.751806 0.659385 0
    outer loop
      vertex -5.23988 47.4026 15.5
      vertex -5.75735 47.9926 0
      vertex -5.75735 47.9926 15.5
    endloop
  endfacet
  facet normal 0.751806 0.659385 0
    outer loop
      vertex -5.75735 47.9926 0
      vertex -5.23988 47.4026 15.5
      vertex -5.23988 47.4026 0
    endloop
  endfacet
  facet normal 0.831483 0.55555 0
    outer loop
      vertex -4.80385 46.75 15.5
      vertex -5.23988 47.4026 0
      vertex -5.23988 47.4026 15.5
    endloop
  endfacet
  facet normal 0.831483 0.55555 0
    outer loop
      vertex -5.23988 47.4026 0
      vertex -4.80385 46.75 15.5
      vertex -4.80385 46.75 0
    endloop
  endfacet
  facet normal 0.946931 -0.321437 0
    outer loop
      vertex -4.45673 -46.0461 15.5
      vertex -4.20445 -45.3029 0
      vertex -4.20445 -45.3029 15.5
    endloop
  endfacet
  facet normal 0.946931 -0.321437 0
    outer loop
      vertex -4.20445 -45.3029 0
      vertex -4.45673 -46.0461 15.5
      vertex -4.45673 -46.0461 0
    endloop
  endfacet
  facet normal -0.896852 0.442331 0
    outer loop
      vertex -6.88231 -45.55 2.4
      vertex -6.67403 -45.1277 15.5
      vertex -6.67403 -45.1277 2.4
    endloop
  endfacet
  facet normal -0.896852 0.442331 0
    outer loop
      vertex -6.67403 -45.1277 15.5
      vertex -6.88231 -45.55 2.4
      vertex -6.88231 -45.55 15.5
    endloop
  endfacet
  facet normal 1 0 0
    outer loop
      vertex -101.1 -36 15.5
      vertex -101.1 -43.75 15.5
      vertex -101.1 -36 4.95
    endloop
  endfacet
  facet normal 1 0 0
    outer loop
      vertex -101.1 36 4.95
      vertex -101.1 43.75 15.5
      vertex -101.1 36 15.5
    endloop
  endfacet
  facet normal 1 0 0
    outer loop
      vertex -101.1 43.75 15.5
      vertex -101.1 36 4.95
      vertex -101.1 43.75 2.4
    endloop
  endfacet
  facet normal 1 -0 0
    outer loop
      vertex -101.1 -36 4.95
      vertex -101.1 43.75 2.4
      vertex -101.1 36 4.95
    endloop
  endfacet
  facet normal 1 0 0
    outer loop
      vertex -101.1 -36 4.95
      vertex -101.1 -43.75 2.4
      vertex -101.1 43.75 2.4
    endloop
  endfacet
  facet normal 1 0 0
    outer loop
      vertex -101.1 -43.75 2.4
      vertex -101.1 -36 4.95
      vertex -101.1 -43.75 15.5
    endloop
  endfacet
  facet normal 0.831069 -0.556169 0
    outer loop
      vertex -100.618 45.55 15.5
      vertex -100.356 45.9415 2.4
      vertex -100.356 45.9415 15.5
    endloop
  endfacet
  facet normal 0.831069 -0.556169 0
    outer loop
      vertex -100.356 45.9415 2.4
      vertex -100.618 45.55 15.5
      vertex -100.618 45.55 2.4
    endloop
  endfacet
  facet normal 0.752406 0.6587 0
    outer loop
      vertex -100.046 -46.2956 15.5
      vertex -100.356 -45.9415 2.4
      vertex -100.356 -45.9415 15.5
    endloop
  endfacet
  facet normal 0.752406 0.6587 0
    outer loop
      vertex -100.356 -45.9415 2.4
      vertex -100.046 -46.2956 15.5
      vertex -100.046 -46.2956 2.4
    endloop
  endfacet
  facet normal -0.751879 0.659301 0
    outer loop
      vertex -7.45442 -46.2956 2.4
      vertex -7.14392 -45.9415 15.5
      vertex -7.14392 -45.9415 2.4
    endloop
  endfacet
  facet normal -0.751879 0.659301 0
    outer loop
      vertex -7.14392 -45.9415 15.5
      vertex -7.45442 -46.2956 2.4
      vertex -7.45442 -46.2956 15.5
    endloop
  endfacet
  facet normal -0.831452 0.555597 0
    outer loop
      vertex -7.14392 -45.9415 2.4
      vertex -6.88231 -45.55 15.5
      vertex -6.88231 -45.55 2.4
    endloop
  endfacet
  facet normal -0.831452 0.555597 0
    outer loop
      vertex -6.88231 -45.55 15.5
      vertex -7.14392 -45.9415 2.4
      vertex -7.14392 -45.9415 15.5
    endloop
  endfacet
  facet normal 0.442365 0.896835 -0
    outer loop
      vertex -98.8777 -47.076 2.4
      vertex -99.3 -46.8677 15.5
      vertex -98.8777 -47.076 15.5
    endloop
  endfacet
  facet normal 0.442365 0.896835 0
    outer loop
      vertex -99.3 -46.8677 15.5
      vertex -98.8777 -47.076 2.4
      vertex -99.3 -46.8677 2.4
    endloop
  endfacet
  facet normal 0.897088 -0.441852 0
    outer loop
      vertex -100.826 45.1277 15.5
      vertex -100.618 45.55 2.4
      vertex -100.618 45.55 15.5
    endloop
  endfacet
  facet normal 0.897088 -0.441852 0
    outer loop
      vertex -100.618 45.55 2.4
      vertex -100.826 45.1277 15.5
      vertex -100.826 45.1277 2.4
    endloop
  endfacet
  facet normal -0.831452 -0.555597 0
    outer loop
      vertex -6.88231 45.55 2.4
      vertex -7.14392 45.9415 15.5
      vertex -7.14392 45.9415 2.4
    endloop
  endfacet
  facet normal -0.831452 -0.555597 0
    outer loop
      vertex -7.14392 45.9415 15.5
      vertex -6.88231 45.55 2.4
      vertex -6.88231 45.55 15.5
    endloop
  endfacet
  facet normal -0.0654069 0.997859 0
    outer loop
      vertex -9.53011 -47.3192 2.4
      vertex -10 -47.35 15.5
      vertex -9.53011 -47.3192 15.5
    endloop
  endfacet
  facet normal -0.0654069 0.997859 0
    outer loop
      vertex -10 -47.35 15.5
      vertex -9.53011 -47.3192 2.4
      vertex -10 -47.35 2.4
    endloop
  endfacet
  facet normal -0.555543 0.831488 0
    outer loop
      vertex -7.80846 -46.6061 2.4
      vertex -8.2 -46.8677 15.5
      vertex -7.80846 -46.6061 15.5
    endloop
  endfacet
  facet normal -0.555543 0.831488 0
    outer loop
      vertex -8.2 -46.8677 15.5
      vertex -7.80846 -46.6061 2.4
      vertex -8.2 -46.8677 2.4
    endloop
  endfacet
  facet normal 0.752406 -0.6587 0
    outer loop
      vertex -100.356 45.9415 15.5
      vertex -100.046 46.2956 2.4
      vertex -100.046 46.2956 15.5
    endloop
  endfacet
  facet normal 0.752406 -0.6587 0
    outer loop
      vertex -100.046 46.2956 2.4
      vertex -100.356 45.9415 15.5
      vertex -100.356 45.9415 2.4
    endloop
  endfacet
  facet normal -0.659364 -0.751824 0
    outer loop
      vertex -7.80846 46.6061 2.4
      vertex -7.45442 46.2956 15.5
      vertex -7.80846 46.6061 15.5
    endloop
  endfacet
  facet normal -0.659364 -0.751824 -0
    outer loop
      vertex -7.45442 46.2956 15.5
      vertex -7.80846 46.6061 2.4
      vertex -7.45442 46.2956 2.4
    endloop
  endfacet
  facet normal 0 1 -0
    outer loop
      vertex -10 -47.35 2.4
      vertex -97.5 -47.35 15.5
      vertex -10 -47.35 15.5
    endloop
  endfacet
  facet normal 0 1 0
    outer loop
      vertex -97.5 -47.35 15.5
      vertex -10 -47.35 2.4
      vertex -97.5 -47.35 2.4
    endloop
  endfacet
  facet normal 0.195177 0.980768 -0
    outer loop
      vertex -97.9699 -47.3192 2.4
      vertex -98.4317 -47.2273 15.5
      vertex -97.9699 -47.3192 15.5
    endloop
  endfacet
  facet normal 0.195177 0.980768 0
    outer loop
      vertex -98.4317 -47.2273 15.5
      vertex -97.9699 -47.3192 2.4
      vertex -98.4317 -47.2273 2.4
    endloop
  endfacet
  facet normal -0.321314 0.946973 0
    outer loop
      vertex -8.62234 -47.076 2.4
      vertex -9.06825 -47.2273 15.5
      vertex -8.62234 -47.076 15.5
    endloop
  endfacet
  facet normal -0.321314 0.946973 0
    outer loop
      vertex -9.06825 -47.2273 15.5
      vertex -8.62234 -47.076 2.4
      vertex -9.06825 -47.2273 2.4
    endloop
  endfacet
  facet normal 0.980727 -0.195381 0
    outer loop
      vertex -101.069 44.2199 15.5
      vertex -100.977 44.6817 2.4
      vertex -100.977 44.6817 15.5
    endloop
  endfacet
  facet normal 0.980727 -0.195381 0
    outer loop
      vertex -100.977 44.6817 2.4
      vertex -101.069 44.2199 15.5
      vertex -101.069 44.2199 2.4
    endloop
  endfacet
  facet normal 0.65888 -0.752248 0
    outer loop
      vertex -100.046 46.2956 2.4
      vertex -99.6915 46.6061 15.5
      vertex -100.046 46.2956 15.5
    endloop
  endfacet
  facet normal 0.65888 -0.752248 0
    outer loop
      vertex -99.6915 46.6061 15.5
      vertex -100.046 46.2956 2.4
      vertex -99.6915 46.6061 2.4
    endloop
  endfacet
  facet normal 0 0 1
    outer loop
      vertex -10 47.35 2.4
      vertex -6.39999 43.75 2.4
      vertex -6.4308 44.2199 2.4
    endloop
  endfacet
  facet normal 0 0 1
    outer loop
      vertex -6.39999 43.75 2.4
      vertex -12.75 38 2.4
      vertex -6.39999 -43.75 2.4
    endloop
  endfacet
  facet normal 0 0 1
    outer loop
      vertex -10 47.35 2.4
      vertex -6.4308 44.2199 2.4
      vertex -6.52267 44.6817 2.4
    endloop
  endfacet
  facet normal -0 0 1
    outer loop
      vertex -12.75 -38 2.4
      vertex -6.39999 -43.75 2.4
      vertex -12.75 38 2.4
    endloop
  endfacet
  facet normal 0 0 1
    outer loop
      vertex -10 47.35 2.4
      vertex -6.52267 44.6817 2.4
      vertex -6.67403 45.1277 2.4
    endloop
  endfacet
  facet normal -0 0 1
    outer loop
      vertex -12.7757 -38.3916 2.4
      vertex -6.39999 -43.75 2.4
      vertex -12.75 -38 2.4
    endloop
  endfacet
  facet normal 0 0 1
    outer loop
      vertex -10 47.35 2.4
      vertex -6.67403 45.1277 2.4
      vertex -6.88231 45.55 2.4
    endloop
  endfacet
  facet normal -0 0 1
    outer loop
      vertex -12.8522 -38.7765 2.4
      vertex -6.39999 -43.75 2.4
      vertex -12.7757 -38.3916 2.4
    endloop
  endfacet
  facet normal 0 0 1
    outer loop
      vertex -10 47.35 2.4
      vertex -6.88231 45.55 2.4
      vertex -7.14392 45.9415 2.4
    endloop
  endfacet
  facet normal -0 0 1
    outer loop
      vertex -12.9784 -39.1481 2.4
      vertex -6.39999 -43.75 2.4
      vertex -12.8522 -38.7765 2.4
    endloop
  endfacet
  facet normal 0 0 1
    outer loop
      vertex -10 47.35 2.4
      vertex -7.14392 45.9415 2.4
      vertex -7.45442 46.2956 2.4
    endloop
  endfacet
  facet normal -0 0 1
    outer loop
      vertex -13.1519 -39.5 2.4
      vertex -6.39999 -43.75 2.4
      vertex -12.9784 -39.1481 2.4
    endloop
  endfacet
  facet normal 0 0 1
    outer loop
      vertex -10 47.35 2.4
      vertex -7.45442 46.2956 2.4
      vertex -7.80846 46.6061 2.4
    endloop
  endfacet
  facet normal -0 0 1
    outer loop
      vertex -13.3699 -39.8263 2.4
      vertex -6.39999 -43.75 2.4
      vertex -13.1519 -39.5 2.4
    endloop
  endfacet
  facet normal 0 0 1
    outer loop
      vertex -10 47.35 2.4
      vertex -7.80846 46.6061 2.4
      vertex -8.2 46.8677 2.4
    endloop
  endfacet
  facet normal -0 0 1
    outer loop
      vertex -13.6287 -40.1213 2.4
      vertex -6.39999 -43.75 2.4
      vertex -13.3699 -39.8263 2.4
    endloop
  endfacet
  facet normal 0 0 1
    outer loop
      vertex -10 47.35 2.4
      vertex -8.2 46.8677 2.4
      vertex -8.62234 47.076 2.4
    endloop
  endfacet
  facet normal 0 -0 1
    outer loop
      vertex -10 -47.35 2.4
      vertex -6.39999 -43.75 2.4
      vertex -13.6287 -40.1213 2.4
    endloop
  endfacet
  facet normal 0 0 1
    outer loop
      vertex -10 47.35 2.4
      vertex -8.62234 47.076 2.4
      vertex -9.06825 47.2273 2.4
    endloop
  endfacet
  facet normal 0 0 1
    outer loop
      vertex -6.39999 -43.75 2.4
      vertex -10 -47.35 2.4
      vertex -6.4308 -44.2199 2.4
    endloop
  endfacet
  facet normal 0 0 1
    outer loop
      vertex -10 47.35 2.4
      vertex -9.06825 47.2273 2.4
      vertex -9.53011 47.3192 2.4
    endloop
  endfacet
  facet normal 0 0 1
    outer loop
      vertex -6.4308 -44.2199 2.4
      vertex -10 -47.35 2.4
      vertex -6.52267 -44.6817 2.4
    endloop
  endfacet
  facet normal 0 0 1
    outer loop
      vertex -6.39999 43.75 2.4
      vertex -10 47.35 2.4
      vertex -13.6287 40.1213 2.4
    endloop
  endfacet
  facet normal 0 0 1
    outer loop
      vertex -6.52267 -44.6817 2.4
      vertex -10 -47.35 2.4
      vertex -6.67403 -45.1277 2.4
    endloop
  endfacet
  facet normal 0 0 1
    outer loop
      vertex -6.67403 -45.1277 2.4
      vertex -10 -47.35 2.4
      vertex -6.88231 -45.55 2.4
    endloop
  endfacet
  facet normal 0 0 1
    outer loop
      vertex -6.39999 43.75 2.4
      vertex -12.7757 38.3916 2.4
      vertex -12.75 38 2.4
    endloop
  endfacet
  facet normal 0 0 1
    outer loop
      vertex -6.39999 43.75 2.4
      vertex -12.8522 38.7765 2.4
      vertex -12.7757 38.3916 2.4
    endloop
  endfacet
  facet normal 0 0 1
    outer loop
      vertex -6.39999 43.75 2.4
      vertex -12.9784 39.1481 2.4
      vertex -12.8522 38.7765 2.4
    endloop
  endfacet
  facet normal 0 0 1
    outer loop
      vertex -6.39999 43.75 2.4
      vertex -13.1519 39.5 2.4
      vertex -12.9784 39.1481 2.4
    endloop
  endfacet
  facet normal 0 0 1
    outer loop
      vertex -6.39999 43.75 2.4
      vertex -13.3699 39.8263 2.4
      vertex -13.1519 39.5 2.4
    endloop
  endfacet
  facet normal 0 0 1
    outer loop
      vertex -6.39999 43.75 2.4
      vertex -13.6287 40.1213 2.4
      vertex -13.3699 39.8263 2.4
    endloop
  endfacet
  facet normal 0 0 1
    outer loop
      vertex -10 47.35 2.4
      vertex -13.9237 40.3801 2.4
      vertex -13.6287 40.1213 2.4
    endloop
  endfacet
  facet normal 0 0 1
    outer loop
      vertex -10 47.35 2.4
      vertex -14.25 40.5981 2.4
      vertex -13.9237 40.3801 2.4
    endloop
  endfacet
  facet normal 0 0 1
    outer loop
      vertex -10 47.35 2.4
      vertex -14.6019 40.7716 2.4
      vertex -14.25 40.5981 2.4
    endloop
  endfacet
  facet normal 0 0 1
    outer loop
      vertex -10 47.35 2.4
      vertex -14.9735 40.8978 2.4
      vertex -14.6019 40.7716 2.4
    endloop
  endfacet
  facet normal 0 0 1
    outer loop
      vertex -10 47.35 2.4
      vertex -15.3584 40.9743 2.4
      vertex -14.9735 40.8978 2.4
    endloop
  endfacet
  facet normal 0 0 1
    outer loop
      vertex -10 47.35 2.4
      vertex -15.75 41 2.4
      vertex -15.3584 40.9743 2.4
    endloop
  endfacet
  facet normal 0 0 1
    outer loop
      vertex -10 47.35 2.4
      vertex -91.75 41 2.4
      vertex -15.75 41 2.4
    endloop
  endfacet
  facet normal -0 0 1
    outer loop
      vertex -97.5 47.35 2.4
      vertex -91.75 41 2.4
      vertex -10 47.35 2.4
    endloop
  endfacet
  facet normal 0 0 1
    outer loop
      vertex -94.7243 38.3916 2.4
      vertex -101.1 43.75 2.4
      vertex -94.75 38 2.4
    endloop
  endfacet
  facet normal 0 0 1
    outer loop
      vertex -94.6478 38.7765 2.4
      vertex -101.1 43.75 2.4
      vertex -94.7243 38.3916 2.4
    endloop
  endfacet
  facet normal 0 0 1
    outer loop
      vertex -94.5216 39.1481 2.4
      vertex -101.1 43.75 2.4
      vertex -94.6478 38.7765 2.4
    endloop
  endfacet
  facet normal 0 0 1
    outer loop
      vertex -94.3481 39.5 2.4
      vertex -101.1 43.75 2.4
      vertex -94.5216 39.1481 2.4
    endloop
  endfacet
  facet normal 0 0 1
    outer loop
      vertex -94.1301 39.8263 2.4
      vertex -101.1 43.75 2.4
      vertex -94.3481 39.5 2.4
    endloop
  endfacet
  facet normal 0 0 1
    outer loop
      vertex -93.8713 40.1213 2.4
      vertex -101.1 43.75 2.4
      vertex -94.1301 39.8263 2.4
    endloop
  endfacet
  facet normal -0 0 1
    outer loop
      vertex -101.1 43.75 2.4
      vertex -93.8713 40.1213 2.4
      vertex -97.5 47.35 2.4
    endloop
  endfacet
  facet normal 0 0 1
    outer loop
      vertex -93.5763 40.3801 2.4
      vertex -97.5 47.35 2.4
      vertex -93.8713 40.1213 2.4
    endloop
  endfacet
  facet normal 0 0 1
    outer loop
      vertex -93.25 40.5981 2.4
      vertex -97.5 47.35 2.4
      vertex -93.5763 40.3801 2.4
    endloop
  endfacet
  facet normal 0 0 1
    outer loop
      vertex -92.8981 40.7716 2.4
      vertex -97.5 47.35 2.4
      vertex -93.25 40.5981 2.4
    endloop
  endfacet
  facet normal 0 0 1
    outer loop
      vertex -92.5265 40.8978 2.4
      vertex -97.5 47.35 2.4
      vertex -92.8981 40.7716 2.4
    endloop
  endfacet
  facet normal 0 0 1
    outer loop
      vertex -92.1416 40.9743 2.4
      vertex -97.5 47.35 2.4
      vertex -92.5265 40.8978 2.4
    endloop
  endfacet
  facet normal 0 0 1
    outer loop
      vertex -91.75 41 2.4
      vertex -97.5 47.35 2.4
      vertex -92.1416 40.9743 2.4
    endloop
  endfacet
  facet normal 0 0 1
    outer loop
      vertex -6.88231 -45.55 2.4
      vertex -10 -47.35 2.4
      vertex -7.14392 -45.9415 2.4
    endloop
  endfacet
  facet normal 0 0 1
    outer loop
      vertex -7.14392 -45.9415 2.4
      vertex -10 -47.35 2.4
      vertex -7.45442 -46.2956 2.4
    endloop
  endfacet
  facet normal 0 0 1
    outer loop
      vertex -7.45442 -46.2956 2.4
      vertex -10 -47.35 2.4
      vertex -7.80846 -46.6061 2.4
    endloop
  endfacet
  facet normal 0 0 1
    outer loop
      vertex -8.2 -46.8677 2.4
      vertex -10 -47.35 2.4
      vertex -8.62234 -47.076 2.4
    endloop
  endfacet
  facet normal 0 0 1
    outer loop
      vertex -8.62234 -47.076 2.4
      vertex -10 -47.35 2.4
      vertex -9.06825 -47.2273 2.4
    endloop
  endfacet
  facet normal 0 0 1
    outer loop
      vertex -9.06825 -47.2273 2.4
      vertex -10 -47.35 2.4
      vertex -9.53011 -47.3192 2.4
    endloop
  endfacet
  facet normal 0 0 1
    outer loop
      vertex -7.80846 -46.6061 2.4
      vertex -10 -47.35 2.4
      vertex -8.2 -46.8677 2.4
    endloop
  endfacet
  facet normal -0 0 1
    outer loop
      vertex -13.9237 -40.3801 2.4
      vertex -10 -47.35 2.4
      vertex -13.6287 -40.1213 2.4
    endloop
  endfacet
  facet normal -0 0 1
    outer loop
      vertex -14.25 -40.5981 2.4
      vertex -10 -47.35 2.4
      vertex -13.9237 -40.3801 2.4
    endloop
  endfacet
  facet normal -0 0 1
    outer loop
      vertex -14.6019 -40.7716 2.4
      vertex -10 -47.35 2.4
      vertex -14.25 -40.5981 2.4
    endloop
  endfacet
  facet normal -0 0 1
    outer loop
      vertex -14.9735 -40.8978 2.4
      vertex -10 -47.35 2.4
      vertex -14.6019 -40.7716 2.4
    endloop
  endfacet
  facet normal -0 0 1
    outer loop
      vertex -15.3584 -40.9743 2.4
      vertex -10 -47.35 2.4
      vertex -14.9735 -40.8978 2.4
    endloop
  endfacet
  facet normal -0 0 1
    outer loop
      vertex -15.75 -41 2.4
      vertex -10 -47.35 2.4
      vertex -15.3584 -40.9743 2.4
    endloop
  endfacet
  facet normal -0 0 1
    outer loop
      vertex -91.75 -41 2.4
      vertex -10 -47.35 2.4
      vertex -15.75 -41 2.4
    endloop
  endfacet
  facet normal 0 0 1
    outer loop
      vertex -97.5 -47.35 2.4
      vertex -91.75 -41 2.4
      vertex -92.1416 -40.9743 2.4
    endloop
  endfacet
  facet normal 0 0 1
    outer loop
      vertex -91.75 -41 2.4
      vertex -97.5 -47.35 2.4
      vertex -10 -47.35 2.4
    endloop
  endfacet
  facet normal 0 0 1
    outer loop
      vertex -92.5265 -40.8978 2.4
      vertex -97.5 -47.35 2.4
      vertex -92.1416 -40.9743 2.4
    endloop
  endfacet
  facet normal 0 0 1
    outer loop
      vertex -92.8981 -40.7716 2.4
      vertex -97.5 -47.35 2.4
      vertex -92.5265 -40.8978 2.4
    endloop
  endfacet
  facet normal 0 0 1
    outer loop
      vertex -93.25 -40.5981 2.4
      vertex -97.5 -47.35 2.4
      vertex -92.8981 -40.7716 2.4
    endloop
  endfacet
  facet normal 0 0 1
    outer loop
      vertex -93.5763 -40.3801 2.4
      vertex -97.5 -47.35 2.4
      vertex -93.25 -40.5981 2.4
    endloop
  endfacet
  facet normal 0 0 1
    outer loop
      vertex -93.8713 -40.1213 2.4
      vertex -97.5 -47.35 2.4
      vertex -93.5763 -40.3801 2.4
    endloop
  endfacet
  facet normal 0 0 1
    outer loop
      vertex -101.1 -43.75 2.4
      vertex -93.8713 -40.1213 2.4
      vertex -94.1301 -39.8263 2.4
    endloop
  endfacet
  facet normal 0 0 1
    outer loop
      vertex -101.1 -43.75 2.4
      vertex -94.1301 -39.8263 2.4
      vertex -94.3481 -39.5 2.4
    endloop
  endfacet
  facet normal 0 0 1
    outer loop
      vertex -101.1 -43.75 2.4
      vertex -94.3481 -39.5 2.4
      vertex -94.5216 -39.1481 2.4
    endloop
  endfacet
  facet normal 0 0 1
    outer loop
      vertex -101.1 -43.75 2.4
      vertex -94.5216 -39.1481 2.4
      vertex -94.6478 -38.7765 2.4
    endloop
  endfacet
  facet normal 0 0 1
    outer loop
      vertex -101.1 -43.75 2.4
      vertex -94.6478 -38.7765 2.4
      vertex -94.7243 -38.3916 2.4
    endloop
  endfacet
  facet normal 0 0 1
    outer loop
      vertex -101.1 -43.75 2.4
      vertex -94.7243 -38.3916 2.4
      vertex -94.75 -38 2.4
    endloop
  endfacet
  facet normal 0 0 1
    outer loop
      vertex -94.75 38 2.4
      vertex -101.1 43.75 2.4
      vertex -94.75 -38 2.4
    endloop
  endfacet
  facet normal 0 0 1
    outer loop
      vertex -101.1 43.75 2.4
      vertex -97.5 47.35 2.4
      vertex -97.9699 47.3192 2.4
    endloop
  endfacet
  facet normal 0 0 1
    outer loop
      vertex -101.1 -43.75 2.4
      vertex -94.75 -38 2.4
      vertex -101.1 43.75 2.4
    endloop
  endfacet
  facet normal 0 0 1
    outer loop
      vertex -101.1 43.75 2.4
      vertex -97.9699 47.3192 2.4
      vertex -98.4317 47.2273 2.4
    endloop
  endfacet
  facet normal 0 0 1
    outer loop
      vertex -93.8713 -40.1213 2.4
      vertex -101.1 -43.75 2.4
      vertex -97.5 -47.35 2.4
    endloop
  endfacet
  facet normal 0 0 1
    outer loop
      vertex -101.1 43.75 2.4
      vertex -98.4317 47.2273 2.4
      vertex -98.8777 47.076 2.4
    endloop
  endfacet
  facet normal 0 0 1
    outer loop
      vertex -97.5 -47.35 2.4
      vertex -101.1 -43.75 2.4
      vertex -97.9699 -47.3192 2.4
    endloop
  endfacet
  facet normal 0 0 1
    outer loop
      vertex -101.1 43.75 2.4
      vertex -98.8777 47.076 2.4
      vertex -99.3 46.8677 2.4
    endloop
  endfacet
  facet normal 0 0 1
    outer loop
      vertex -97.9699 -47.3192 2.4
      vertex -101.1 -43.75 2.4
      vertex -98.4317 -47.2273 2.4
    endloop
  endfacet
  facet normal 0 0 1
    outer loop
      vertex -101.1 43.75 2.4
      vertex -99.3 46.8677 2.4
      vertex -99.6915 46.6061 2.4
    endloop
  endfacet
  facet normal 0 0 1
    outer loop
      vertex -98.4317 -47.2273 2.4
      vertex -101.1 -43.75 2.4
      vertex -98.8777 -47.076 2.4
    endloop
  endfacet
  facet normal 0 0 1
    outer loop
      vertex -101.1 43.75 2.4
      vertex -99.6915 46.6061 2.4
      vertex -100.046 46.2956 2.4
    endloop
  endfacet
  facet normal 0 0 1
    outer loop
      vertex -98.8777 -47.076 2.4
      vertex -101.1 -43.75 2.4
      vertex -99.3 -46.8677 2.4
    endloop
  endfacet
  facet normal 0 0 1
    outer loop
      vertex -101.1 43.75 2.4
      vertex -100.046 46.2956 2.4
      vertex -100.356 45.9415 2.4
    endloop
  endfacet
  facet normal 0 0 1
    outer loop
      vertex -99.3 -46.8677 2.4
      vertex -101.1 -43.75 2.4
      vertex -99.6915 -46.6061 2.4
    endloop
  endfacet
  facet normal 0 0 1
    outer loop
      vertex -101.1 43.75 2.4
      vertex -100.356 45.9415 2.4
      vertex -100.618 45.55 2.4
    endloop
  endfacet
  facet normal 0 0 1
    outer loop
      vertex -99.6915 -46.6061 2.4
      vertex -101.1 -43.75 2.4
      vertex -100.046 -46.2956 2.4
    endloop
  endfacet
  facet normal 0 0 1
    outer loop
      vertex -101.1 43.75 2.4
      vertex -100.618 45.55 2.4
      vertex -100.826 45.1277 2.4
    endloop
  endfacet
  facet normal 0 0 1
    outer loop
      vertex -100.046 -46.2956 2.4
      vertex -101.1 -43.75 2.4
      vertex -100.356 -45.9415 2.4
    endloop
  endfacet
  facet normal 0 0 1
    outer loop
      vertex -101.1 43.75 2.4
      vertex -100.826 45.1277 2.4
      vertex -100.977 44.6817 2.4
    endloop
  endfacet
  facet normal 0 0 1
    outer loop
      vertex -100.356 -45.9415 2.4
      vertex -101.1 -43.75 2.4
      vertex -100.618 -45.55 2.4
    endloop
  endfacet
  facet normal 0 0 1
    outer loop
      vertex -101.1 43.75 2.4
      vertex -100.977 44.6817 2.4
      vertex -101.069 44.2199 2.4
    endloop
  endfacet
  facet normal 0 0 1
    outer loop
      vertex -100.618 -45.55 2.4
      vertex -101.1 -43.75 2.4
      vertex -100.826 -45.1277 2.4
    endloop
  endfacet
  facet normal 0 0 1
    outer loop
      vertex -100.826 -45.1277 2.4
      vertex -101.1 -43.75 2.4
      vertex -100.977 -44.6817 2.4
    endloop
  endfacet
  facet normal 0 0 1
    outer loop
      vertex -100.977 -44.6817 2.4
      vertex -101.1 -43.75 2.4
      vertex -101.069 -44.2199 2.4
    endloop
  endfacet
  facet normal -0.442331 0.896852 0
    outer loop
      vertex -8.2 -46.8677 2.4
      vertex -8.62234 -47.076 15.5
      vertex -8.2 -46.8677 15.5
    endloop
  endfacet
  facet normal -0.442331 0.896852 0
    outer loop
      vertex -8.62234 -47.076 15.5
      vertex -8.2 -46.8677 2.4
      vertex -8.62234 -47.076 2.4
    endloop
  endfacet
  facet normal 0 -1 0
    outer loop
      vertex -97.5 47.35 2.4
      vertex -10 47.35 15.5
      vertex -97.5 47.35 15.5
    endloop
  endfacet
  facet normal 0 -1 -0
    outer loop
      vertex -10 47.35 15.5
      vertex -97.5 47.35 2.4
      vertex -10 47.35 2.4
    endloop
  endfacet
  facet normal 0.947186 0.320684 0
    outer loop
      vertex -100.826 -45.1277 15.5
      vertex -100.977 -44.6817 2.4
      vertex -100.977 -44.6817 15.5
    endloop
  endfacet
  facet normal 0.947186 0.320684 0
    outer loop
      vertex -100.977 -44.6817 2.4
      vertex -100.826 -45.1277 15.5
      vertex -100.826 -45.1277 2.4
    endloop
  endfacet
  facet normal -0.442331 -0.896852 0
    outer loop
      vertex -8.62234 47.076 2.4
      vertex -8.2 46.8677 15.5
      vertex -8.62234 47.076 15.5
    endloop
  endfacet
  facet normal -0.442331 -0.896852 -0
    outer loop
      vertex -8.2 46.8677 15.5
      vertex -8.62234 47.076 2.4
      vertex -8.2 46.8677 2.4
    endloop
  endfacet
  facet normal -0.195152 0.980773 0
    outer loop
      vertex -9.06825 -47.2273 2.4
      vertex -9.53011 -47.3192 15.5
      vertex -9.06825 -47.2273 15.5
    endloop
  endfacet
  facet normal -0.195152 0.980773 0
    outer loop
      vertex -9.53011 -47.3192 15.5
      vertex -9.06825 -47.2273 2.4
      vertex -9.53011 -47.3192 2.4
    endloop
  endfacet
  facet normal 0.831069 0.556169 0
    outer loop
      vertex -100.356 -45.9415 15.5
      vertex -100.618 -45.55 2.4
      vertex -100.618 -45.55 15.5
    endloop
  endfacet
  facet normal 0.831069 0.556169 0
    outer loop
      vertex -100.618 -45.55 2.4
      vertex -100.356 -45.9415 15.5
      vertex -100.356 -45.9415 2.4
    endloop
  endfacet
  facet normal -0.321314 -0.946973 0
    outer loop
      vertex -9.06825 47.2273 2.4
      vertex -8.62234 47.076 15.5
      vertex -9.06825 47.2273 15.5
    endloop
  endfacet
  facet normal -0.321314 -0.946973 -0
    outer loop
      vertex -8.62234 47.076 15.5
      vertex -9.06825 47.2273 2.4
      vertex -8.62234 47.076 2.4
    endloop
  endfacet
  facet normal -0.659364 0.751824 0
    outer loop
      vertex -7.45442 -46.2956 2.4
      vertex -7.80846 -46.6061 15.5
      vertex -7.45442 -46.2956 15.5
    endloop
  endfacet
  facet normal -0.659364 0.751824 0
    outer loop
      vertex -7.80846 -46.6061 15.5
      vertex -7.45442 -46.2956 2.4
      vertex -7.80846 -46.6061 2.4
    endloop
  endfacet
  facet normal 0.997831 -0.0658284 0
    outer loop
      vertex -101.1 43.75 15.5
      vertex -101.069 44.2199 2.4
      vertex -101.069 44.2199 15.5
    endloop
  endfacet
  facet normal 0.997831 -0.0658284 0
    outer loop
      vertex -101.069 44.2199 2.4
      vertex -101.1 43.75 15.5
      vertex -101.1 43.75 2.4
    endloop
  endfacet
  facet normal -0.555543 -0.831488 0
    outer loop
      vertex -8.2 46.8677 2.4
      vertex -7.80846 46.6061 15.5
      vertex -8.2 46.8677 15.5
    endloop
  endfacet
  facet normal -0.555543 -0.831488 -0
    outer loop
      vertex -7.80846 46.6061 15.5
      vertex -8.2 46.8677 2.4
      vertex -7.80846 46.6061 2.4
    endloop
  endfacet
  facet normal 0.321256 0.946993 -0
    outer loop
      vertex -98.4317 -47.2273 2.4
      vertex -98.8777 -47.076 15.5
      vertex -98.4317 -47.2273 15.5
    endloop
  endfacet
  facet normal 0.321256 0.946993 0
    outer loop
      vertex -98.8777 -47.076 15.5
      vertex -98.4317 -47.2273 2.4
      vertex -98.8777 -47.076 2.4
    endloop
  endfacet
  facet normal -0.997857 -0.0654267 0
    outer loop
      vertex -6.39999 43.75 2.4
      vertex -6.4308 44.2199 15.5
      vertex -6.4308 44.2199 2.4
    endloop
  endfacet
  facet normal -0.997857 -0.0654267 0
    outer loop
      vertex -6.4308 44.2199 15.5
      vertex -6.39999 43.75 2.4
      vertex -6.39999 43.75 15.5
    endloop
  endfacet
  facet normal -1 0 0
    outer loop
      vertex -6.39999 43.75 2.4
      vertex -6.39999 36 4.95
      vertex -6.39999 43.75 15.5
    endloop
  endfacet
  facet normal -1 0 0
    outer loop
      vertex -6.39999 43.75 2.4
      vertex -6.39999 -36 4.95
      vertex -6.39999 36 4.95
    endloop
  endfacet
  facet normal -1 0 0
    outer loop
      vertex -6.39999 -43.75 2.4
      vertex -6.39999 -36 4.95
      vertex -6.39999 43.75 2.4
    endloop
  endfacet
  facet normal -1 0 0
    outer loop
      vertex -6.39999 -43.75 15.5
      vertex -6.39999 -36 4.95
      vertex -6.39999 -43.75 2.4
    endloop
  endfacet
  facet normal -1 0 0
    outer loop
      vertex -6.39999 -36 4.95
      vertex -6.39999 -43.75 15.5
      vertex -6.39999 -36 15.5
    endloop
  endfacet
  facet normal -1 -0 0
    outer loop
      vertex -6.39999 43.75 15.5
      vertex -6.39999 36 4.95
      vertex -6.39999 36 15.5
    endloop
  endfacet
  facet normal -0.98078 0.195115 0
    outer loop
      vertex -6.52267 -44.6817 2.4
      vertex -6.4308 -44.2199 15.5
      vertex -6.4308 -44.2199 2.4
    endloop
  endfacet
  facet normal -0.98078 0.195115 0
    outer loop
      vertex -6.4308 -44.2199 15.5
      vertex -6.52267 -44.6817 2.4
      vertex -6.52267 -44.6817 15.5
    endloop
  endfacet
  facet normal 0.0654055 0.997859 -0
    outer loop
      vertex -97.5 -47.35 2.4
      vertex -97.9699 -47.3192 15.5
      vertex -97.5 -47.35 15.5
    endloop
  endfacet
  facet normal 0.0654055 0.997859 0
    outer loop
      vertex -97.9699 -47.3192 15.5
      vertex -97.5 -47.35 2.4
      vertex -97.9699 -47.3192 2.4
    endloop
  endfacet
  facet normal -0.896852 -0.442331 0
    outer loop
      vertex -6.67403 45.1277 2.4
      vertex -6.88231 45.55 15.5
      vertex -6.88231 45.55 2.4
    endloop
  endfacet
  facet normal -0.896852 -0.442331 0
    outer loop
      vertex -6.88231 45.55 15.5
      vertex -6.67403 45.1277 2.4
      vertex -6.67403 45.1277 15.5
    endloop
  endfacet
  facet normal -0.195152 -0.980773 0
    outer loop
      vertex -9.53011 47.3192 2.4
      vertex -9.06825 47.2273 15.5
      vertex -9.53011 47.3192 15.5
    endloop
  endfacet
  facet normal -0.195152 -0.980773 -0
    outer loop
      vertex -9.06825 47.2273 15.5
      vertex -9.53011 47.3192 2.4
      vertex -9.06825 47.2273 2.4
    endloop
  endfacet
  facet normal -0.0654069 -0.997859 0
    outer loop
      vertex -10 47.35 2.4
      vertex -9.53011 47.3192 15.5
      vertex -10 47.35 15.5
    endloop
  endfacet
  facet normal -0.0654069 -0.997859 -0
    outer loop
      vertex -9.53011 47.3192 15.5
      vertex -10 47.35 2.4
      vertex -9.53011 47.3192 2.4
    endloop
  endfacet
  facet normal 0.897088 0.441852 0
    outer loop
      vertex -100.618 -45.55 15.5
      vertex -100.826 -45.1277 2.4
      vertex -100.826 -45.1277 15.5
    endloop
  endfacet
  facet normal 0.897088 0.441852 0
    outer loop
      vertex -100.826 -45.1277 2.4
      vertex -100.618 -45.55 15.5
      vertex -100.618 -45.55 2.4
    endloop
  endfacet
  facet normal 0.0654055 -0.997859 0
    outer loop
      vertex -97.9699 47.3192 2.4
      vertex -97.5 47.35 15.5
      vertex -97.9699 47.3192 15.5
    endloop
  endfacet
  facet normal 0.0654055 -0.997859 0
    outer loop
      vertex -97.5 47.35 15.5
      vertex -97.9699 47.3192 2.4
      vertex -97.5 47.35 2.4
    endloop
  endfacet
  facet normal 0.997831 0.0658284 0
    outer loop
      vertex -101.069 -44.2199 15.5
      vertex -101.1 -43.75 2.4
      vertex -101.1 -43.75 15.5
    endloop
  endfacet
  facet normal 0.997831 0.0658284 0
    outer loop
      vertex -101.1 -43.75 2.4
      vertex -101.069 -44.2199 15.5
      vertex -101.069 -44.2199 2.4
    endloop
  endfacet
  facet normal 0.195177 -0.980768 0
    outer loop
      vertex -98.4317 47.2273 2.4
      vertex -97.9699 47.3192 15.5
      vertex -98.4317 47.2273 15.5
    endloop
  endfacet
  facet normal 0.195177 -0.980768 0
    outer loop
      vertex -97.9699 47.3192 15.5
      vertex -98.4317 47.2273 2.4
      vertex -97.9699 47.3192 2.4
    endloop
  endfacet
  facet normal 0.555582 0.831462 -0
    outer loop
      vertex -99.3 -46.8677 2.4
      vertex -99.6915 -46.6061 15.5
      vertex -99.3 -46.8677 15.5
    endloop
  endfacet
  facet normal 0.555582 0.831462 0
    outer loop
      vertex -99.6915 -46.6061 15.5
      vertex -99.3 -46.8677 2.4
      vertex -99.6915 -46.6061 2.4
    endloop
  endfacet
  facet normal 0.980727 0.195381 0
    outer loop
      vertex -100.977 -44.6817 15.5
      vertex -101.069 -44.2199 2.4
      vertex -101.069 -44.2199 15.5
    endloop
  endfacet
  facet normal 0.980727 0.195381 0
    outer loop
      vertex -101.069 -44.2199 2.4
      vertex -100.977 -44.6817 15.5
      vertex -100.977 -44.6817 2.4
    endloop
  endfacet
  facet normal 0.442365 -0.896835 0
    outer loop
      vertex -99.3 46.8677 2.4
      vertex -98.8777 47.076 15.5
      vertex -99.3 46.8677 15.5
    endloop
  endfacet
  facet normal 0.442365 -0.896835 0
    outer loop
      vertex -98.8777 47.076 15.5
      vertex -99.3 46.8677 2.4
      vertex -98.8777 47.076 2.4
    endloop
  endfacet
  facet normal 0.555582 -0.831462 0
    outer loop
      vertex -99.6915 46.6061 2.4
      vertex -99.3 46.8677 15.5
      vertex -99.6915 46.6061 15.5
    endloop
  endfacet
  facet normal 0.555582 -0.831462 0
    outer loop
      vertex -99.3 46.8677 15.5
      vertex -99.6915 46.6061 2.4
      vertex -99.3 46.8677 2.4
    endloop
  endfacet
  facet normal -0.997857 0.0654267 0
    outer loop
      vertex -6.4308 -44.2199 2.4
      vertex -6.39999 -43.75 15.5
      vertex -6.39999 -43.75 2.4
    endloop
  endfacet
  facet normal -0.997857 0.0654267 0
    outer loop
      vertex -6.39999 -43.75 15.5
      vertex -6.4308 -44.2199 2.4
      vertex -6.4308 -44.2199 15.5
    endloop
  endfacet
  facet normal -0.946954 0.32137 0
    outer loop
      vertex -6.67403 -45.1277 2.4
      vertex -6.52267 -44.6817 15.5
      vertex -6.52267 -44.6817 2.4
    endloop
  endfacet
  facet normal -0.946954 0.32137 0
    outer loop
      vertex -6.52267 -44.6817 15.5
      vertex -6.67403 -45.1277 2.4
      vertex -6.67403 -45.1277 15.5
    endloop
  endfacet
  facet normal 0.65888 0.752248 -0
    outer loop
      vertex -99.6915 -46.6061 2.4
      vertex -100.046 -46.2956 15.5
      vertex -99.6915 -46.6061 15.5
    endloop
  endfacet
  facet normal 0.65888 0.752248 0
    outer loop
      vertex -100.046 -46.2956 15.5
      vertex -99.6915 -46.6061 2.4
      vertex -100.046 -46.2956 2.4
    endloop
  endfacet
  facet normal 0.947186 -0.320684 0
    outer loop
      vertex -100.977 44.6817 15.5
      vertex -100.826 45.1277 2.4
      vertex -100.826 45.1277 15.5
    endloop
  endfacet
  facet normal 0.947186 -0.320684 0
    outer loop
      vertex -100.826 45.1277 2.4
      vertex -100.977 44.6817 15.5
      vertex -100.977 44.6817 2.4
    endloop
  endfacet
  facet normal -0.751879 -0.659301 0
    outer loop
      vertex -7.14392 45.9415 2.4
      vertex -7.45442 46.2956 15.5
      vertex -7.45442 46.2956 2.4
    endloop
  endfacet
  facet normal -0.751879 -0.659301 0
    outer loop
      vertex -7.45442 46.2956 15.5
      vertex -7.14392 45.9415 2.4
      vertex -7.14392 45.9415 15.5
    endloop
  endfacet
  facet normal -0.946954 -0.32137 0
    outer loop
      vertex -6.52267 44.6817 2.4
      vertex -6.67403 45.1277 15.5
      vertex -6.67403 45.1277 2.4
    endloop
  endfacet
  facet normal -0.946954 -0.32137 0
    outer loop
      vertex -6.67403 45.1277 15.5
      vertex -6.52267 44.6817 2.4
      vertex -6.52267 44.6817 15.5
    endloop
  endfacet
  facet normal 0.321256 -0.946993 0
    outer loop
      vertex -98.8777 47.076 2.4
      vertex -98.4317 47.2273 15.5
      vertex -98.8777 47.076 15.5
    endloop
  endfacet
  facet normal 0.321256 -0.946993 0
    outer loop
      vertex -98.4317 47.2273 15.5
      vertex -98.8777 47.076 2.4
      vertex -98.4317 47.2273 2.4
    endloop
  endfacet
  facet normal -0.98078 -0.195115 0
    outer loop
      vertex -6.4308 44.2199 2.4
      vertex -6.52267 44.6817 15.5
      vertex -6.52267 44.6817 2.4
    endloop
  endfacet
  facet normal -0.98078 -0.195115 0
    outer loop
      vertex -6.52267 44.6817 15.5
      vertex -6.4308 44.2199 2.4
      vertex -6.4308 44.2199 15.5
    endloop
  endfacet
  facet normal -0.321574 0.946885 0
    outer loop
      vertex -14.6019 -40.7716 0
      vertex -14.9735 -40.8978 2.4
      vertex -14.6019 -40.7716 2.4
    endloop
  endfacet
  facet normal -0.321574 0.946885 0
    outer loop
      vertex -14.9735 -40.8978 2.4
      vertex -14.6019 -40.7716 0
      vertex -14.9735 -40.8978 0
    endloop
  endfacet
  facet normal -0.896911 0.442211 0
    outer loop
      vertex -13.1519 -39.5 0
      vertex -12.9784 -39.1481 2.4
      vertex -12.9784 -39.1481 0
    endloop
  endfacet
  facet normal -0.896911 0.442211 0
    outer loop
      vertex -12.9784 -39.1481 2.4
      vertex -13.1519 -39.5 0
      vertex -13.1519 -39.5 2.4
    endloop
  endfacet
  facet normal 0 1 -0
    outer loop
      vertex -15.75 -41 0
      vertex -91.75 -41 2.4
      vertex -15.75 -41 2.4
    endloop
  endfacet
  facet normal 0 1 0
    outer loop
      vertex -91.75 -41 2.4
      vertex -15.75 -41 0
      vertex -91.75 -41 0
    endloop
  endfacet
  facet normal -0.19494 0.980815 0
    outer loop
      vertex -14.9735 -40.8978 0
      vertex -15.3584 -40.9743 2.4
      vertex -14.9735 -40.8978 2.4
    endloop
  endfacet
  facet normal -0.19494 0.980815 0
    outer loop
      vertex -15.3584 -40.9743 2.4
      vertex -14.9735 -40.8978 0
      vertex -15.3584 -40.9743 0
    endloop
  endfacet
  facet normal -0.0654873 -0.997853 0
    outer loop
      vertex -15.75 41 0
      vertex -15.3584 40.9743 2.4
      vertex -15.75 41 2.4
    endloop
  endfacet
  facet normal -0.0654873 -0.997853 -0
    outer loop
      vertex -15.3584 40.9743 2.4
      vertex -15.75 41 0
      vertex -15.3584 40.9743 0
    endloop
  endfacet
  facet normal 0.980815 0.19494 0
    outer loop
      vertex -94.6478 -38.7765 2.4
      vertex -94.7243 -38.3916 0
      vertex -94.7243 -38.3916 2.4
    endloop
  endfacet
  facet normal 0.980815 0.19494 0
    outer loop
      vertex -94.7243 -38.3916 0
      vertex -94.6478 -38.7765 2.4
      vertex -94.6478 -38.7765 0
    endloop
  endfacet
  facet normal -0.0654873 0.997853 0
    outer loop
      vertex -15.3584 -40.9743 0
      vertex -15.75 -41 2.4
      vertex -15.3584 -40.9743 2.4
    endloop
  endfacet
  facet normal -0.0654873 0.997853 0
    outer loop
      vertex -15.75 -41 2.4
      vertex -15.3584 -40.9743 0
      vertex -15.75 -41 0
    endloop
  endfacet
  facet normal 0.442211 0.896911 -0
    outer loop
      vertex -92.8981 -40.7716 0
      vertex -93.25 -40.5981 2.4
      vertex -92.8981 -40.7716 2.4
    endloop
  endfacet
  facet normal 0.442211 0.896911 0
    outer loop
      vertex -93.25 -40.5981 2.4
      vertex -92.8981 -40.7716 0
      vertex -93.25 -40.5981 0
    endloop
  endfacet
  facet normal 0.659478 0.751724 -0
    outer loop
      vertex -93.5763 -40.3801 0
      vertex -93.8713 -40.1213 2.4
      vertex -93.5763 -40.3801 2.4
    endloop
  endfacet
  facet normal 0.659478 0.751724 0
    outer loop
      vertex -93.8713 -40.1213 2.4
      vertex -93.5763 -40.3801 0
      vertex -93.8713 -40.1213 0
    endloop
  endfacet
  facet normal -0.896911 -0.442211 0
    outer loop
      vertex -12.9784 39.1481 0
      vertex -13.1519 39.5 2.4
      vertex -13.1519 39.5 0
    endloop
  endfacet
  facet normal -0.896911 -0.442211 0
    outer loop
      vertex -13.1519 39.5 2.4
      vertex -12.9784 39.1481 0
      vertex -12.9784 39.1481 2.4
    endloop
  endfacet
  facet normal 0.555523 0.831501 -0
    outer loop
      vertex -93.25 -40.5981 0
      vertex -93.5763 -40.3801 2.4
      vertex -93.25 -40.5981 2.4
    endloop
  endfacet
  facet normal 0.555523 0.831501 0
    outer loop
      vertex -93.5763 -40.3801 2.4
      vertex -93.25 -40.5981 0
      vertex -93.5763 -40.3801 0
    endloop
  endfacet
  facet normal 0.659478 -0.751724 0
    outer loop
      vertex -93.8713 40.1213 0
      vertex -93.5763 40.3801 2.4
      vertex -93.8713 40.1213 2.4
    endloop
  endfacet
  facet normal 0.659478 -0.751724 0
    outer loop
      vertex -93.5763 40.3801 2.4
      vertex -93.8713 40.1213 0
      vertex -93.5763 40.3801 0
    endloop
  endfacet
  facet normal 0.896911 0.442211 0
    outer loop
      vertex -94.3481 -39.5 2.4
      vertex -94.5216 -39.1481 0
      vertex -94.5216 -39.1481 2.4
    endloop
  endfacet
  facet normal 0.896911 0.442211 0
    outer loop
      vertex -94.5216 -39.1481 0
      vertex -94.3481 -39.5 2.4
      vertex -94.3481 -39.5 0
    endloop
  endfacet
  facet normal -1 0 0
    outer loop
      vertex -12.75 -38 0
      vertex -12.75 38 2.4
      vertex -12.75 38 0
    endloop
  endfacet
  facet normal -1 -0 0
    outer loop
      vertex -12.75 38 2.4
      vertex -12.75 -38 0
      vertex -12.75 -38 2.4
    endloop
  endfacet
  facet normal -0.442211 -0.896911 0
    outer loop
      vertex -14.6019 40.7716 0
      vertex -14.25 40.5981 2.4
      vertex -14.6019 40.7716 2.4
    endloop
  endfacet
  facet normal -0.442211 -0.896911 -0
    outer loop
      vertex -14.25 40.5981 2.4
      vertex -14.6019 40.7716 0
      vertex -14.25 40.5981 0
    endloop
  endfacet
  facet normal 1 -0 0
    outer loop
      vertex -94.75 -38 2.4
      vertex -94.75 38 0
      vertex -94.75 38 2.4
    endloop
  endfacet
  facet normal 1 0 0
    outer loop
      vertex -94.75 38 0
      vertex -94.75 -38 2.4
      vertex -94.75 -38 0
    endloop
  endfacet
  facet normal 0.442211 -0.896911 0
    outer loop
      vertex -93.25 40.5981 0
      vertex -92.8981 40.7716 2.4
      vertex -93.25 40.5981 2.4
    endloop
  endfacet
  facet normal 0.442211 -0.896911 0
    outer loop
      vertex -92.8981 40.7716 2.4
      vertex -93.25 40.5981 0
      vertex -92.8981 40.7716 0
    endloop
  endfacet
  facet normal 0.946885 0.321574 0
    outer loop
      vertex -94.5216 -39.1481 2.4
      vertex -94.6478 -38.7765 0
      vertex -94.6478 -38.7765 2.4
    endloop
  endfacet
  facet normal 0.946885 0.321574 0
    outer loop
      vertex -94.6478 -38.7765 0
      vertex -94.5216 -39.1481 2.4
      vertex -94.5216 -39.1481 0
    endloop
  endfacet
  facet normal 0.321574 0.946885 -0
    outer loop
      vertex -92.5265 -40.8978 0
      vertex -92.8981 -40.7716 2.4
      vertex -92.5265 -40.8978 2.4
    endloop
  endfacet
  facet normal 0.321574 0.946885 0
    outer loop
      vertex -92.8981 -40.7716 2.4
      vertex -92.5265 -40.8978 0
      vertex -92.8981 -40.7716 0
    endloop
  endfacet
  facet normal 0.0654873 0.997853 -0
    outer loop
      vertex -91.75 -41 0
      vertex -92.1416 -40.9743 2.4
      vertex -91.75 -41 2.4
    endloop
  endfacet
  facet normal 0.0654873 0.997853 0
    outer loop
      vertex -92.1416 -40.9743 2.4
      vertex -91.75 -41 0
      vertex -92.1416 -40.9743 0
    endloop
  endfacet
  facet normal -0.555523 -0.831501 0
    outer loop
      vertex -14.25 40.5981 0
      vertex -13.9237 40.3801 2.4
      vertex -14.25 40.5981 2.4
    endloop
  endfacet
  facet normal -0.555523 -0.831501 -0
    outer loop
      vertex -13.9237 40.3801 2.4
      vertex -14.25 40.5981 0
      vertex -13.9237 40.3801 0
    endloop
  endfacet
  facet normal 0.946885 -0.321574 0
    outer loop
      vertex -94.6478 38.7765 2.4
      vertex -94.5216 39.1481 0
      vertex -94.5216 39.1481 2.4
    endloop
  endfacet
  facet normal 0.946885 -0.321574 0
    outer loop
      vertex -94.5216 39.1481 0
      vertex -94.6478 38.7765 2.4
      vertex -94.6478 38.7765 0
    endloop
  endfacet
  facet normal -0.831501 -0.555523 0
    outer loop
      vertex -13.1519 39.5 0
      vertex -13.3699 39.8263 2.4
      vertex -13.3699 39.8263 0
    endloop
  endfacet
  facet normal -0.831501 -0.555523 0
    outer loop
      vertex -13.3699 39.8263 2.4
      vertex -13.1519 39.5 0
      vertex -13.1519 39.5 2.4
    endloop
  endfacet
  facet normal 0 -1 0
    outer loop
      vertex -91.75 41 0
      vertex -15.75 41 2.4
      vertex -91.75 41 2.4
    endloop
  endfacet
  facet normal 0 -1 -0
    outer loop
      vertex -15.75 41 2.4
      vertex -91.75 41 0
      vertex -15.75 41 0
    endloop
  endfacet
  facet normal 0.980815 -0.19494 0
    outer loop
      vertex -94.7243 38.3916 2.4
      vertex -94.6478 38.7765 0
      vertex -94.6478 38.7765 2.4
    endloop
  endfacet
  facet normal 0.980815 -0.19494 0
    outer loop
      vertex -94.6478 38.7765 0
      vertex -94.7243 38.3916 2.4
      vertex -94.7243 38.3916 0
    endloop
  endfacet
  facet normal 0.19494 0.980815 -0
    outer loop
      vertex -92.1416 -40.9743 0
      vertex -92.5265 -40.8978 2.4
      vertex -92.1416 -40.9743 2.4
    endloop
  endfacet
  facet normal 0.19494 0.980815 0
    outer loop
      vertex -92.5265 -40.8978 2.4
      vertex -92.1416 -40.9743 0
      vertex -92.5265 -40.8978 0
    endloop
  endfacet
  facet normal 0.321574 -0.946885 0
    outer loop
      vertex -92.8981 40.7716 0
      vertex -92.5265 40.8978 2.4
      vertex -92.8981 40.7716 2.4
    endloop
  endfacet
  facet normal 0.321574 -0.946885 0
    outer loop
      vertex -92.5265 40.8978 2.4
      vertex -92.8981 40.7716 0
      vertex -92.5265 40.8978 0
    endloop
  endfacet
  facet normal 0.896911 -0.442211 0
    outer loop
      vertex -94.5216 39.1481 2.4
      vertex -94.3481 39.5 0
      vertex -94.3481 39.5 2.4
    endloop
  endfacet
  facet normal 0.896911 -0.442211 0
    outer loop
      vertex -94.3481 39.5 0
      vertex -94.5216 39.1481 2.4
      vertex -94.5216 39.1481 0
    endloop
  endfacet
  facet normal 0.831501 -0.555523 0
    outer loop
      vertex -94.3481 39.5 2.4
      vertex -94.1301 39.8263 0
      vertex -94.1301 39.8263 2.4
    endloop
  endfacet
  facet normal 0.831501 -0.555523 0
    outer loop
      vertex -94.1301 39.8263 0
      vertex -94.3481 39.5 2.4
      vertex -94.3481 39.5 0
    endloop
  endfacet
  facet normal 0.0654873 -0.997853 0
    outer loop
      vertex -92.1416 40.9743 0
      vertex -91.75 41 2.4
      vertex -92.1416 40.9743 2.4
    endloop
  endfacet
  facet normal 0.0654873 -0.997853 0
    outer loop
      vertex -91.75 41 2.4
      vertex -92.1416 40.9743 0
      vertex -91.75 41 0
    endloop
  endfacet
  facet normal -0.980815 0.19494 0
    outer loop
      vertex -12.8522 -38.7765 0
      vertex -12.7757 -38.3916 2.4
      vertex -12.7757 -38.3916 0
    endloop
  endfacet
  facet normal -0.980815 0.19494 0
    outer loop
      vertex -12.7757 -38.3916 2.4
      vertex -12.8522 -38.7765 0
      vertex -12.8522 -38.7765 2.4
    endloop
  endfacet
  facet normal 0.751724 -0.659478 0
    outer loop
      vertex -94.1301 39.8263 2.4
      vertex -93.8713 40.1213 0
      vertex -93.8713 40.1213 2.4
    endloop
  endfacet
  facet normal 0.751724 -0.659478 0
    outer loop
      vertex -93.8713 40.1213 0
      vertex -94.1301 39.8263 2.4
      vertex -94.1301 39.8263 0
    endloop
  endfacet
  facet normal 0.19494 -0.980815 0
    outer loop
      vertex -92.5265 40.8978 0
      vertex -92.1416 40.9743 2.4
      vertex -92.5265 40.8978 2.4
    endloop
  endfacet
  facet normal 0.19494 -0.980815 0
    outer loop
      vertex -92.1416 40.9743 2.4
      vertex -92.5265 40.8978 0
      vertex -92.1416 40.9743 0
    endloop
  endfacet
  facet normal -0.946885 -0.321574 0
    outer loop
      vertex -12.8522 38.7765 0
      vertex -12.9784 39.1481 2.4
      vertex -12.9784 39.1481 0
    endloop
  endfacet
  facet normal -0.946885 -0.321574 0
    outer loop
      vertex -12.9784 39.1481 2.4
      vertex -12.8522 38.7765 0
      vertex -12.8522 38.7765 2.4
    endloop
  endfacet
  facet normal -0.321574 -0.946885 0
    outer loop
      vertex -14.9735 40.8978 0
      vertex -14.6019 40.7716 2.4
      vertex -14.9735 40.8978 2.4
    endloop
  endfacet
  facet normal -0.321574 -0.946885 -0
    outer loop
      vertex -14.6019 40.7716 2.4
      vertex -14.9735 40.8978 0
      vertex -14.6019 40.7716 0
    endloop
  endfacet
  facet normal -0.659478 -0.751724 0
    outer loop
      vertex -13.9237 40.3801 0
      vertex -13.6287 40.1213 2.4
      vertex -13.9237 40.3801 2.4
    endloop
  endfacet
  facet normal -0.659478 -0.751724 -0
    outer loop
      vertex -13.6287 40.1213 2.4
      vertex -13.9237 40.3801 0
      vertex -13.6287 40.1213 0
    endloop
  endfacet
  facet normal -0.19494 -0.980815 0
    outer loop
      vertex -15.3584 40.9743 0
      vertex -14.9735 40.8978 2.4
      vertex -15.3584 40.9743 2.4
    endloop
  endfacet
  facet normal -0.19494 -0.980815 -0
    outer loop
      vertex -14.9735 40.8978 2.4
      vertex -15.3584 40.9743 0
      vertex -14.9735 40.8978 0
    endloop
  endfacet
  facet normal -0.751724 -0.659478 0
    outer loop
      vertex -13.3699 39.8263 0
      vertex -13.6287 40.1213 2.4
      vertex -13.6287 40.1213 0
    endloop
  endfacet
  facet normal -0.751724 -0.659478 0
    outer loop
      vertex -13.6287 40.1213 2.4
      vertex -13.3699 39.8263 0
      vertex -13.3699 39.8263 2.4
    endloop
  endfacet
  facet normal -0.831501 0.555523 0
    outer loop
      vertex -13.3699 -39.8263 0
      vertex -13.1519 -39.5 2.4
      vertex -13.1519 -39.5 0
    endloop
  endfacet
  facet normal -0.831501 0.555523 0
    outer loop
      vertex -13.1519 -39.5 2.4
      vertex -13.3699 -39.8263 0
      vertex -13.3699 -39.8263 2.4
    endloop
  endfacet
  facet normal 0.831501 0.555523 0
    outer loop
      vertex -94.1301 -39.8263 2.4
      vertex -94.3481 -39.5 0
      vertex -94.3481 -39.5 2.4
    endloop
  endfacet
  facet normal 0.831501 0.555523 0
    outer loop
      vertex -94.3481 -39.5 0
      vertex -94.1301 -39.8263 2.4
      vertex -94.1301 -39.8263 0
    endloop
  endfacet
  facet normal -0.946885 0.321574 0
    outer loop
      vertex -12.9784 -39.1481 0
      vertex -12.8522 -38.7765 2.4
      vertex -12.8522 -38.7765 0
    endloop
  endfacet
  facet normal -0.946885 0.321574 0
    outer loop
      vertex -12.8522 -38.7765 2.4
      vertex -12.9784 -39.1481 0
      vertex -12.9784 -39.1481 2.4
    endloop
  endfacet
  facet normal 0.555523 -0.831501 0
    outer loop
      vertex -93.5763 40.3801 0
      vertex -93.25 40.5981 2.4
      vertex -93.5763 40.3801 2.4
    endloop
  endfacet
  facet normal 0.555523 -0.831501 0
    outer loop
      vertex -93.25 40.5981 2.4
      vertex -93.5763 40.3801 0
      vertex -93.25 40.5981 0
    endloop
  endfacet
  facet normal 0.751724 0.659478 0
    outer loop
      vertex -93.8713 -40.1213 2.4
      vertex -94.1301 -39.8263 0
      vertex -94.1301 -39.8263 2.4
    endloop
  endfacet
  facet normal 0.751724 0.659478 0
    outer loop
      vertex -94.1301 -39.8263 0
      vertex -93.8713 -40.1213 2.4
      vertex -93.8713 -40.1213 0
    endloop
  endfacet
  facet normal -0.751724 0.659478 0
    outer loop
      vertex -13.6287 -40.1213 0
      vertex -13.3699 -39.8263 2.4
      vertex -13.3699 -39.8263 0
    endloop
  endfacet
  facet normal -0.751724 0.659478 0
    outer loop
      vertex -13.3699 -39.8263 2.4
      vertex -13.6287 -40.1213 0
      vertex -13.6287 -40.1213 2.4
    endloop
  endfacet
  facet normal -0.997853 -0.0654873 0
    outer loop
      vertex -12.75 38 0
      vertex -12.7757 38.3916 2.4
      vertex -12.7757 38.3916 0
    endloop
  endfacet
  facet normal -0.997853 -0.0654873 0
    outer loop
      vertex -12.7757 38.3916 2.4
      vertex -12.75 38 0
      vertex -12.75 38 2.4
    endloop
  endfacet
  facet normal 0.997853 -0.0654873 0
    outer loop
      vertex -94.75 38 2.4
      vertex -94.7243 38.3916 0
      vertex -94.7243 38.3916 2.4
    endloop
  endfacet
  facet normal 0.997853 -0.0654873 0
    outer loop
      vertex -94.7243 38.3916 0
      vertex -94.75 38 2.4
      vertex -94.75 38 0
    endloop
  endfacet
  facet normal -0.659478 0.751724 0
    outer loop
      vertex -13.6287 -40.1213 0
      vertex -13.9237 -40.3801 2.4
      vertex -13.6287 -40.1213 2.4
    endloop
  endfacet
  facet normal -0.659478 0.751724 0
    outer loop
      vertex -13.9237 -40.3801 2.4
      vertex -13.6287 -40.1213 0
      vertex -13.9237 -40.3801 0
    endloop
  endfacet
  facet normal -0.980815 -0.19494 0
    outer loop
      vertex -12.7757 38.3916 0
      vertex -12.8522 38.7765 2.4
      vertex -12.8522 38.7765 0
    endloop
  endfacet
  facet normal -0.980815 -0.19494 0
    outer loop
      vertex -12.8522 38.7765 2.4
      vertex -12.7757 38.3916 0
      vertex -12.7757 38.3916 2.4
    endloop
  endfacet
  facet normal 0.997853 0.0654873 0
    outer loop
      vertex -94.7243 -38.3916 2.4
      vertex -94.75 -38 0
      vertex -94.75 -38 2.4
    endloop
  endfacet
  facet normal 0.997853 0.0654873 0
    outer loop
      vertex -94.75 -38 0
      vertex -94.7243 -38.3916 2.4
      vertex -94.7243 -38.3916 0
    endloop
  endfacet
  facet normal -0.997853 0.0654873 0
    outer loop
      vertex -12.7757 -38.3916 0
      vertex -12.75 -38 2.4
      vertex -12.75 -38 0
    endloop
  endfacet
  facet normal -0.997853 0.0654873 0
    outer loop
      vertex -12.75 -38 2.4
      vertex -12.7757 -38.3916 0
      vertex -12.7757 -38.3916 2.4
    endloop
  endfacet
  facet normal -0.442211 0.896911 0
    outer loop
      vertex -14.25 -40.5981 0
      vertex -14.6019 -40.7716 2.4
      vertex -14.25 -40.5981 2.4
    endloop
  endfacet
  facet normal -0.442211 0.896911 0
    outer loop
      vertex -14.6019 -40.7716 2.4
      vertex -14.25 -40.5981 0
      vertex -14.6019 -40.7716 0
    endloop
  endfacet
  facet normal -0.555523 0.831501 0
    outer loop
      vertex -13.9237 -40.3801 0
      vertex -14.25 -40.5981 2.4
      vertex -13.9237 -40.3801 2.4
    endloop
  endfacet
  facet normal -0.555523 0.831501 0
    outer loop
      vertex -14.25 -40.5981 2.4
      vertex -13.9237 -40.3801 0
      vertex -14.25 -40.5981 0
    endloop
  endfacet
  facet normal -0.751792 -0.6594 0
    outer loop
      vertex 7.5817 -46.1683 2.2
      vertex 7.28673 -45.832 4
      vertex 7.28673 -45.832 2.2
    endloop
  endfacet
  facet normal -0.751792 -0.6594 0
    outer loop
      vertex 7.28673 -45.832 4
      vertex 7.5817 -46.1683 2.2
      vertex 7.5817 -46.1683 4
    endloop
  endfacet
  facet normal 0.0654953 -0.997853 0
    outer loop
      vertex 97.5 -47.17 2.2
      vertex 97.9464 -47.1407 4
      vertex 97.5 -47.17 4
    endloop
  endfacet
  facet normal 0.0654953 -0.997853 0
    outer loop
      vertex 97.9464 -47.1407 4
      vertex 97.5 -47.17 2.2
      vertex 97.9464 -47.1407 2.2
    endloop
  endfacet
  facet normal -0.99786 0.065384 0
    outer loop
      vertex 6.58 43.75 2.2
      vertex 6.60925 44.1964 4
      vertex 6.60925 44.1964 2.2
    endloop
  endfacet
  facet normal -0.99786 0.065384 0
    outer loop
      vertex 6.60925 44.1964 4
      vertex 6.58 43.75 2.2
      vertex 6.58 43.75 4
    endloop
  endfacet
  facet normal -0.32144 -0.94693 0
    outer loop
      vertex 8.69122 -46.9097 2.2
      vertex 9.11484 -47.0535 4
      vertex 8.69122 -46.9097 4
    endloop
  endfacet
  facet normal -0.32144 -0.94693 -0
    outer loop
      vertex 9.11484 -47.0535 4
      vertex 8.69122 -46.9097 2.2
      vertex 9.11484 -47.0535 2.2
    endloop
  endfacet
  facet normal 0.0654953 0.997853 -0
    outer loop
      vertex 97.9464 47.1407 2.2
      vertex 97.5 47.17 4
      vertex 97.9464 47.1407 4
    endloop
  endfacet
  facet normal 0.0654953 0.997853 0
    outer loop
      vertex 97.5 47.17 4
      vertex 97.9464 47.1407 2.2
      vertex 97.5 47.17 2.2
    endloop
  endfacet
  facet normal -1 0 0
    outer loop
      vertex 6.58 9 2.2
      vertex 6.58 43.75 4
      vertex 6.58 43.75 2.2
    endloop
  endfacet
  facet normal -1 -0 0
    outer loop
      vertex 6.58 43.75 4
      vertex 6.58 9 2.2
      vertex 6.58 9 4
    endloop
  endfacet
  facet normal -1 0 0
    outer loop
      vertex 6.58 -43.75 2.2
      vertex 6.58 -9 4
      vertex 6.58 -9 2.2
    endloop
  endfacet
  facet normal -1 -0 0
    outer loop
      vertex 6.58 -9 4
      vertex 6.58 -43.75 2.2
      vertex 6.58 -43.75 4
    endloop
  endfacet
  facet normal 0.442379 0.896828 -0
    outer loop
      vertex 99.21 46.7118 2.2
      vertex 98.8088 46.9097 4
      vertex 99.21 46.7118 4
    endloop
  endfacet
  facet normal 0.442379 0.896828 0
    outer loop
      vertex 98.8088 46.9097 4
      vertex 99.21 46.7118 2.2
      vertex 98.8088 46.9097 2.2
    endloop
  endfacet
  facet normal -0.194929 -0.980817 0
    outer loop
      vertex 9.11484 -47.0535 2.2
      vertex 9.5536 -47.1407 4
      vertex 9.11484 -47.0535 4
    endloop
  endfacet
  facet normal -0.194929 -0.980817 -0
    outer loop
      vertex 9.5536 -47.1407 4
      vertex 9.11484 -47.0535 2.2
      vertex 9.5536 -47.1407 2.2
    endloop
  endfacet
  facet normal 0.555474 -0.831534 0
    outer loop
      vertex 99.21 -46.7118 2.2
      vertex 99.582 -46.4633 4
      vertex 99.21 -46.7118 4
    endloop
  endfacet
  facet normal 0.555474 -0.831534 0
    outer loop
      vertex 99.582 -46.4633 4
      vertex 99.21 -46.7118 2.2
      vertex 99.582 -46.4633 2.2
    endloop
  endfacet
  facet normal -0.442352 0.896841 0
    outer loop
      vertex 8.69122 46.9097 2.2
      vertex 8.28999 46.7118 4
      vertex 8.69122 46.9097 4
    endloop
  endfacet
  facet normal -0.442352 0.896841 0
    outer loop
      vertex 8.28999 46.7118 4
      vertex 8.69122 46.9097 2.2
      vertex 8.28999 46.7118 2.2
    endloop
  endfacet
  facet normal 0 -1 0
    outer loop
      vertex 10 -47.17 2.2
      vertex 44.75 -47.17 4
      vertex 10 -47.17 4
    endloop
  endfacet
  facet normal 0 -1 -0
    outer loop
      vertex 44.75 -47.17 4
      vertex 10 -47.17 2.2
      vertex 44.75 -47.17 2.2
    endloop
  endfacet
  facet normal 0 -1 0
    outer loop
      vertex 62.75 -47.17 2.2
      vertex 97.5 -47.17 4
      vertex 62.75 -47.17 4
    endloop
  endfacet
  facet normal 0 -1 -0
    outer loop
      vertex 97.5 -47.17 4
      vertex 62.75 -47.17 2.2
      vertex 97.5 -47.17 2.2
    endloop
  endfacet
  facet normal -0.831493 -0.555536 0
    outer loop
      vertex 7.28673 -45.832 2.2
      vertex 7.03819 -45.46 4
      vertex 7.03819 -45.46 2.2
    endloop
  endfacet
  facet normal -0.831493 -0.555536 0
    outer loop
      vertex 7.03819 -45.46 4
      vertex 7.28673 -45.832 2.2
      vertex 7.28673 -45.832 4
    endloop
  endfacet
  facet normal 0.831018 -0.556246 0
    outer loop
      vertex 100.213 -45.832 4
      vertex 100.462 -45.46 2.2
      vertex 100.462 -45.46 4
    endloop
  endfacet
  facet normal 0.831018 -0.556246 0
    outer loop
      vertex 100.462 -45.46 2.2
      vertex 100.213 -45.832 4
      vertex 100.213 -45.832 2.2
    endloop
  endfacet
  facet normal 0.89674 -0.442558 0
    outer loop
      vertex 100.462 -45.46 4
      vertex 100.66 -45.0588 2.2
      vertex 100.66 -45.0588 4
    endloop
  endfacet
  facet normal 0.89674 -0.442558 0
    outer loop
      vertex 100.66 -45.0588 2.2
      vertex 100.462 -45.46 4
      vertex 100.462 -45.46 2.2
    endloop
  endfacet
  facet normal -0.946925 -0.321454 0
    outer loop
      vertex 6.84033 -45.0588 2.2
      vertex 6.69653 -44.6352 4
      vertex 6.69653 -44.6352 2.2
    endloop
  endfacet
  facet normal -0.946925 -0.321454 0
    outer loop
      vertex 6.69653 -44.6352 4
      vertex 6.84033 -45.0588 2.2
      vertex 6.84033 -45.0588 4
    endloop
  endfacet
  facet normal 0 1 -0
    outer loop
      vertex 97.5 47.17 2.2
      vertex 62.75 47.17 4
      vertex 97.5 47.17 4
    endloop
  endfacet
  facet normal 0 1 0
    outer loop
      vertex 62.75 47.17 4
      vertex 97.5 47.17 2.2
      vertex 62.75 47.17 2.2
    endloop
  endfacet
  facet normal 0 1 -0
    outer loop
      vertex 44.75 47.17 2.2
      vertex 10 47.17 4
      vertex 44.75 47.17 4
    endloop
  endfacet
  facet normal 0 1 0
    outer loop
      vertex 10 47.17 4
      vertex 44.75 47.17 2.2
      vertex 10 47.17 2.2
    endloop
  endfacet
  facet normal -0.0654953 -0.997853 0
    outer loop
      vertex 9.5536 -47.1407 2.2
      vertex 10 -47.17 4
      vertex 9.5536 -47.1407 4
    endloop
  endfacet
  facet normal -0.0654953 -0.997853 -0
    outer loop
      vertex 10 -47.17 4
      vertex 9.5536 -47.1407 2.2
      vertex 10 -47.17 2.2
    endloop
  endfacet
  facet normal 0 0 1
    outer loop
      vertex 100.244 42.6977 4
      vertex 100.92 43.75 4
      vertex 100.891 44.1964 4
    endloop
  endfacet
  facet normal 0 0 1
    outer loop
      vertex 99.9347 41.95 4
      vertex 100.92 43.75 4
      vertex 100.114 42.3137 4
    endloop
  endfacet
  facet normal 0 0 1
    outer loop
      vertex 100.92 43.75 4
      vertex 100.244 42.6977 4
      vertex 100.114 42.3137 4
    endloop
  endfacet
  facet normal 0 0 1
    outer loop
      vertex 100.244 42.6977 4
      vertex 100.891 44.1964 4
      vertex 100.803 44.6352 4
    endloop
  endfacet
  facet normal -0 0 1
    outer loop
      vertex 99.9347 -41.95 4
      vertex 100.92 -43.75 4
      vertex 100.92 -9 4
    endloop
  endfacet
  facet normal 0 0 1
    outer loop
      vertex 99.82 -41.7784 4
      vertex 100.92 -9 4
      vertex 100.87 -9 4
    endloop
  endfacet
  facet normal 0 0 1
    outer loop
      vertex 100.92 43.75 4
      vertex 99.9347 41.95 4
      vertex 100.92 9 4
    endloop
  endfacet
  facet normal -0 0 1
    outer loop
      vertex 99.82 41.7784 4
      vertex 100.92 9 4
      vertex 99.9347 41.95 4
    endloop
  endfacet
  facet normal -0 0 1
    outer loop
      vertex 100.114 44.6863 4
      vertex 100.803 44.6352 4
      vertex 100.66 45.0588 4
    endloop
  endfacet
  facet normal 0 0 1
    outer loop
      vertex 100.244 42.6977 4
      vertex 100.803 44.6352 4
      vertex 100.323 43.0954 4
    endloop
  endfacet
  facet normal 0 0 1
    outer loop
      vertex 99.9347 45.05 4
      vertex 100.66 45.0588 4
      vertex 100.462 45.46 4
    endloop
  endfacet
  facet normal 0 0 1
    outer loop
      vertex 100.803 44.6352 4
      vertex 100.35 43.5 4
      vertex 100.323 43.0954 4
    endloop
  endfacet
  facet normal 0 0 1
    outer loop
      vertex 100.92 9 4
      vertex 99.82 41.7784 4
      vertex 100.87 9 4
    endloop
  endfacet
  facet normal 0 0 1
    outer loop
      vertex 100.803 44.6352 4
      vertex 100.323 43.9046 4
      vertex 100.35 43.5 4
    endloop
  endfacet
  facet normal 0 0 1
    outer loop
      vertex 100.803 44.6352 4
      vertex 100.244 44.3023 4
      vertex 100.323 43.9046 4
    endloop
  endfacet
  facet normal 0 0 1
    outer loop
      vertex 99.7094 45.3872 4
      vertex 100.462 45.46 4
      vertex 100.213 45.832 4
    endloop
  endfacet
  facet normal 0 0 1
    outer loop
      vertex 100.803 44.6352 4
      vertex 100.114 44.6863 4
      vertex 100.244 44.3023 4
    endloop
  endfacet
  facet normal 0 0 1
    outer loop
      vertex 100.66 45.0588 4
      vertex 99.9347 45.05 4
      vertex 100.114 44.6863 4
    endloop
  endfacet
  facet normal 0 0 1
    outer loop
      vertex 99.442 45.692 4
      vertex 100.213 45.832 4
      vertex 99.9183 46.1683 4
    endloop
  endfacet
  facet normal 0 0 1
    outer loop
      vertex 100.462 45.46 4
      vertex 99.7094 45.3872 4
      vertex 99.9347 45.05 4
    endloop
  endfacet
  facet normal 0 0 1
    outer loop
      vertex 99.442 45.692 4
      vertex 99.9183 46.1683 4
      vertex 99.582 46.4633 4
    endloop
  endfacet
  facet normal 0 0 1
    outer loop
      vertex 100.213 45.832 4
      vertex 99.442 45.692 4
      vertex 99.7094 45.3872 4
    endloop
  endfacet
  facet normal 0 0 1
    outer loop
      vertex 99.1372 45.9594 4
      vertex 99.582 46.4633 4
      vertex 99.21 46.7118 4
    endloop
  endfacet
  facet normal 0 0 1
    outer loop
      vertex 99.582 46.4633 4
      vertex 99.1372 45.9594 4
      vertex 99.442 45.692 4
    endloop
  endfacet
  facet normal 0 0 1
    outer loop
      vertex 98.8 46.1847 4
      vertex 99.21 46.7118 4
      vertex 98.8088 46.9097 4
    endloop
  endfacet
  facet normal 0 0 1
    outer loop
      vertex 99.21 46.7118 4
      vertex 98.8 46.1847 4
      vertex 99.1372 45.9594 4
    endloop
  endfacet
  facet normal 0 0 1
    outer loop
      vertex 98.8088 46.9097 4
      vertex 98.4363 46.364 4
      vertex 98.8 46.1847 4
    endloop
  endfacet
  facet normal 0 0 1
    outer loop
      vertex 98.3852 47.0535 4
      vertex 98.4363 46.364 4
      vertex 98.8088 46.9097 4
    endloop
  endfacet
  facet normal 0 0 1
    outer loop
      vertex 98.3852 47.0535 4
      vertex 98.0523 46.4944 4
      vertex 98.4363 46.364 4
    endloop
  endfacet
  facet normal 0 0 1
    outer loop
      vertex 97.9464 47.1407 4
      vertex 98.0523 46.4944 4
      vertex 98.3852 47.0535 4
    endloop
  endfacet
  facet normal 0 0 1
    outer loop
      vertex 97.9464 47.1407 4
      vertex 97.6546 46.5735 4
      vertex 98.0523 46.4944 4
    endloop
  endfacet
  facet normal 0 0 1
    outer loop
      vertex 97.5 47.17 4
      vertex 97.6546 46.5735 4
      vertex 97.9464 47.1407 4
    endloop
  endfacet
  facet normal 0 0 1
    outer loop
      vertex 97.5 47.17 4
      vertex 97.25 46.6 4
      vertex 97.6546 46.5735 4
    endloop
  endfacet
  facet normal 0 0 1
    outer loop
      vertex 97.5 47.17 4
      vertex 96.8454 46.5735 4
      vertex 97.25 46.6 4
    endloop
  endfacet
  facet normal 0 0 1
    outer loop
      vertex 97.5 47.17 4
      vertex 96.4477 46.4944 4
      vertex 96.8454 46.5735 4
    endloop
  endfacet
  facet normal 0 0 1
    outer loop
      vertex 97.5 47.17 4
      vertex 96.0637 46.364 4
      vertex 96.4477 46.4944 4
    endloop
  endfacet
  facet normal 0 0 1
    outer loop
      vertex 97.5 47.17 4
      vertex 95.7 46.1847 4
      vertex 96.0637 46.364 4
    endloop
  endfacet
  facet normal -0 0 1
    outer loop
      vertex 62.75 47.17 4
      vertex 95.7 46.1847 4
      vertex 97.5 47.17 4
    endloop
  endfacet
  facet normal 0 0 1
    outer loop
      vertex 62.75 47.17 4
      vertex 95.5284 46.07 4
      vertex 95.7 46.1847 4
    endloop
  endfacet
  facet normal -0 0 1
    outer loop
      vertex 62.75 47.12 4
      vertex 95.5284 46.07 4
      vertex 62.75 47.17 4
    endloop
  endfacet
  facet normal -0 0 1
    outer loop
      vertex 44.75 47.12 4
      vertex 95.5284 46.07 4
      vertex 62.75 47.12 4
    endloop
  endfacet
  facet normal 0 0 1
    outer loop
      vertex 95.5284 46.07 4
      vertex 44.75 47.12 4
      vertex 11.9716 46.07 4
    endloop
  endfacet
  facet normal -0 0 1
    outer loop
      vertex 6.58 -9 4
      vertex 7.15 -43.5 4
      vertex 6.63 -9 4
    endloop
  endfacet
  facet normal 0 -0 1
    outer loop
      vertex 6.60925 -44.1964 4
      vertex 7.15 -43.5 4
      vertex 6.58 -43.75 4
    endloop
  endfacet
  facet normal 0 0 1
    outer loop
      vertex 7.15 -43.5 4
      vertex 6.58 -9 4
      vertex 6.58 -43.75 4
    endloop
  endfacet
  facet normal 0 0 1
    outer loop
      vertex 7.15 -43.5 4
      vertex 6.60925 -44.1964 4
      vertex 6.69653 -44.6352 4
    endloop
  endfacet
  facet normal 0 0 1
    outer loop
      vertex 44.75 47.17 4
      vertex 11.9716 46.07 4
      vertex 44.75 47.12 4
    endloop
  endfacet
  facet normal 0 0 1
    outer loop
      vertex 44.75 47.17 4
      vertex 11.8 46.1847 4
      vertex 11.9716 46.07 4
    endloop
  endfacet
  facet normal -0 0 1
    outer loop
      vertex 10 47.17 4
      vertex 11.8 46.1847 4
      vertex 44.75 47.17 4
    endloop
  endfacet
  facet normal 0 0 1
    outer loop
      vertex 11.8 46.1847 4
      vertex 10 47.17 4
      vertex 11.4363 46.364 4
    endloop
  endfacet
  facet normal 0 0 1
    outer loop
      vertex 11.4363 46.364 4
      vertex 10 47.17 4
      vertex 11.0523 46.4944 4
    endloop
  endfacet
  facet normal 0 0 1
    outer loop
      vertex 11.0523 46.4944 4
      vertex 10 47.17 4
      vertex 10.6546 46.5735 4
    endloop
  endfacet
  facet normal 0 0 1
    outer loop
      vertex 10.6546 46.5735 4
      vertex 10 47.17 4
      vertex 10.25 46.6 4
    endloop
  endfacet
  facet normal 0 0 1
    outer loop
      vertex 10 47.17 4
      vertex 9.84537 46.5735 4
      vertex 10.25 46.6 4
    endloop
  endfacet
  facet normal -0 0 1
    outer loop
      vertex 9.5536 47.1407 4
      vertex 9.84537 46.5735 4
      vertex 10 47.17 4
    endloop
  endfacet
  facet normal 0 0 1
    outer loop
      vertex 9.5536 47.1407 4
      vertex 9.44766 46.4944 4
      vertex 9.84537 46.5735 4
    endloop
  endfacet
  facet normal -0 0 1
    outer loop
      vertex 9.11484 47.0535 4
      vertex 9.44766 46.4944 4
      vertex 9.5536 47.1407 4
    endloop
  endfacet
  facet normal 0 0 1
    outer loop
      vertex 9.11484 47.0535 4
      vertex 9.06368 46.364 4
      vertex 9.44766 46.4944 4
    endloop
  endfacet
  facet normal -0 0 1
    outer loop
      vertex 8.69122 46.9097 4
      vertex 9.06368 46.364 4
      vertex 9.11484 47.0535 4
    endloop
  endfacet
  facet normal 0 0 1
    outer loop
      vertex 9.06368 46.364 4
      vertex 8.69122 46.9097 4
      vertex 8.7 46.1847 4
    endloop
  endfacet
  facet normal -0 0 1
    outer loop
      vertex 8.28999 46.7118 4
      vertex 8.7 46.1847 4
      vertex 8.69122 46.9097 4
    endloop
  endfacet
  facet normal 0 0 1
    outer loop
      vertex 8.7 46.1847 4
      vertex 8.28999 46.7118 4
      vertex 8.36284 45.9594 4
    endloop
  endfacet
  facet normal -0 0 1
    outer loop
      vertex 7.91803 46.4633 4
      vertex 8.36284 45.9594 4
      vertex 8.28999 46.7118 4
    endloop
  endfacet
  facet normal 0 0 1
    outer loop
      vertex 8.36284 45.9594 4
      vertex 7.91803 46.4633 4
      vertex 8.05797 45.692 4
    endloop
  endfacet
  facet normal -0 0 1
    outer loop
      vertex 7.5817 46.1683 4
      vertex 8.05797 45.692 4
      vertex 7.91803 46.4633 4
    endloop
  endfacet
  facet normal -0 0 1
    outer loop
      vertex 7.28673 45.832 4
      vertex 8.05797 45.692 4
      vertex 7.5817 46.1683 4
    endloop
  endfacet
  facet normal 0 0 1
    outer loop
      vertex 8.05797 45.692 4
      vertex 7.28673 45.832 4
      vertex 7.79061 45.3872 4
    endloop
  endfacet
  facet normal -0 0 1
    outer loop
      vertex 7.03819 45.46 4
      vertex 7.79061 45.3872 4
      vertex 7.28673 45.832 4
    endloop
  endfacet
  facet normal 0 0 1
    outer loop
      vertex 7.79061 45.3872 4
      vertex 7.03819 45.46 4
      vertex 7.56532 45.05 4
    endloop
  endfacet
  facet normal -0 0 1
    outer loop
      vertex 6.84033 45.0588 4
      vertex 7.56532 45.05 4
      vertex 7.03819 45.46 4
    endloop
  endfacet
  facet normal 0 0 1
    outer loop
      vertex 7.56532 45.05 4
      vertex 6.84033 45.0588 4
      vertex 7.38597 44.6863 4
    endloop
  endfacet
  facet normal 0 0 1
    outer loop
      vertex 6.69653 44.6352 4
      vertex 7.38597 44.6863 4
      vertex 6.84033 45.0588 4
    endloop
  endfacet
  facet normal 0 0 1
    outer loop
      vertex 6.60925 44.1964 4
      vertex 7.25563 44.3023 4
      vertex 6.69653 44.6352 4
    endloop
  endfacet
  facet normal 0 0 1
    outer loop
      vertex 7.38597 44.6863 4
      vertex 6.69653 44.6352 4
      vertex 7.25563 44.3023 4
    endloop
  endfacet
  facet normal 0 0 1
    outer loop
      vertex 95.5284 -46.07 4
      vertex 44.75 -47.12 4
      vertex 62.75 -47.12 4
    endloop
  endfacet
  facet normal -0 0 1
    outer loop
      vertex 11.9716 -46.07 4
      vertex 44.75 -47.12 4
      vertex 95.5284 -46.07 4
    endloop
  endfacet
  facet normal 0 0 1
    outer loop
      vertex 11.9716 -46.07 4
      vertex 44.75 -47.17 4
      vertex 44.75 -47.12 4
    endloop
  endfacet
  facet normal -0 0 1
    outer loop
      vertex 11.8 -46.1847 4
      vertex 44.75 -47.17 4
      vertex 11.9716 -46.07 4
    endloop
  endfacet
  facet normal 0 0 1
    outer loop
      vertex 10 -47.17 4
      vertex 11.8 -46.1847 4
      vertex 11.4363 -46.364 4
    endloop
  endfacet
  facet normal 0 0 1
    outer loop
      vertex 10 -47.17 4
      vertex 11.4363 -46.364 4
      vertex 11.0523 -46.4944 4
    endloop
  endfacet
  facet normal 0 0 1
    outer loop
      vertex 10 -47.17 4
      vertex 11.0523 -46.4944 4
      vertex 10.6546 -46.5735 4
    endloop
  endfacet
  facet normal 0 0 1
    outer loop
      vertex 10 -47.17 4
      vertex 10.6546 -46.5735 4
      vertex 10.25 -46.6 4
    endloop
  endfacet
  facet normal 0 0 1
    outer loop
      vertex 11.8 -46.1847 4
      vertex 10 -47.17 4
      vertex 44.75 -47.17 4
    endloop
  endfacet
  facet normal 0 0 1
    outer loop
      vertex 9.84537 -46.5735 4
      vertex 10 -47.17 4
      vertex 10.25 -46.6 4
    endloop
  endfacet
  facet normal 0 0 1
    outer loop
      vertex 9.84537 -46.5735 4
      vertex 9.5536 -47.1407 4
      vertex 10 -47.17 4
    endloop
  endfacet
  facet normal 0 0 1
    outer loop
      vertex 9.44766 -46.4944 4
      vertex 9.5536 -47.1407 4
      vertex 9.84537 -46.5735 4
    endloop
  endfacet
  facet normal 0 0 1
    outer loop
      vertex 9.44766 -46.4944 4
      vertex 9.11484 -47.0535 4
      vertex 9.5536 -47.1407 4
    endloop
  endfacet
  facet normal 0 0 1
    outer loop
      vertex 9.06368 -46.364 4
      vertex 9.11484 -47.0535 4
      vertex 9.44766 -46.4944 4
    endloop
  endfacet
  facet normal 0 0 1
    outer loop
      vertex 8.69122 -46.9097 4
      vertex 9.06368 -46.364 4
      vertex 8.7 -46.1847 4
    endloop
  endfacet
  facet normal 0 0 1
    outer loop
      vertex 9.06368 -46.364 4
      vertex 8.69122 -46.9097 4
      vertex 9.11484 -47.0535 4
    endloop
  endfacet
  facet normal 0 0 1
    outer loop
      vertex 8.28999 -46.7118 4
      vertex 8.7 -46.1847 4
      vertex 8.36284 -45.9594 4
    endloop
  endfacet
  facet normal 0 0 1
    outer loop
      vertex 8.7 -46.1847 4
      vertex 8.28999 -46.7118 4
      vertex 8.69122 -46.9097 4
    endloop
  endfacet
  facet normal 0 0 1
    outer loop
      vertex 7.91803 -46.4633 4
      vertex 8.36284 -45.9594 4
      vertex 8.05797 -45.692 4
    endloop
  endfacet
  facet normal 0 0 1
    outer loop
      vertex 8.36284 -45.9594 4
      vertex 7.91803 -46.4633 4
      vertex 8.28999 -46.7118 4
    endloop
  endfacet
  facet normal 0 0 1
    outer loop
      vertex 7.28673 -45.832 4
      vertex 8.05797 -45.692 4
      vertex 7.79061 -45.3872 4
    endloop
  endfacet
  facet normal 0 0 1
    outer loop
      vertex 8.05797 -45.692 4
      vertex 7.5817 -46.1683 4
      vertex 7.91803 -46.4633 4
    endloop
  endfacet
  facet normal 0 0 1
    outer loop
      vertex 7.03819 -45.46 4
      vertex 7.79061 -45.3872 4
      vertex 7.56532 -45.05 4
    endloop
  endfacet
  facet normal 0 0 1
    outer loop
      vertex 6.84033 -45.0588 4
      vertex 7.56532 -45.05 4
      vertex 7.38597 -44.6863 4
    endloop
  endfacet
  facet normal 0 0 1
    outer loop
      vertex 8.05797 -45.692 4
      vertex 7.28673 -45.832 4
      vertex 7.5817 -46.1683 4
    endloop
  endfacet
  facet normal -0 0 1
    outer loop
      vertex 6.69653 -44.6352 4
      vertex 7.38597 -44.6863 4
      vertex 7.25563 -44.3023 4
    endloop
  endfacet
  facet normal 0 0 1
    outer loop
      vertex 6.69653 -44.6352 4
      vertex 7.25563 -44.3023 4
      vertex 7.17652 -43.9046 4
    endloop
  endfacet
  facet normal 0 0 1
    outer loop
      vertex 6.69653 -44.6352 4
      vertex 7.17652 -43.9046 4
      vertex 7.15 -43.5 4
    endloop
  endfacet
  facet normal 0 0 1
    outer loop
      vertex 7.79061 -45.3872 4
      vertex 7.03819 -45.46 4
      vertex 7.28673 -45.832 4
    endloop
  endfacet
  facet normal 0 0 1
    outer loop
      vertex 7.15 43.5 4
      vertex 6.63 9 4
      vertex 7.15 -43.5 4
    endloop
  endfacet
  facet normal 0 0 1
    outer loop
      vertex 7.25563 44.3023 4
      vertex 6.60925 44.1964 4
      vertex 7.17652 43.9046 4
    endloop
  endfacet
  facet normal -0 0 1
    outer loop
      vertex 6.63 -9 4
      vertex 7.15 -43.5 4
      vertex 6.63 9 4
    endloop
  endfacet
  facet normal 0 0 1
    outer loop
      vertex 6.58 43.75 4
      vertex 7.17652 43.9046 4
      vertex 6.60925 44.1964 4
    endloop
  endfacet
  facet normal 0 0 1
    outer loop
      vertex 7.38597 -44.6863 4
      vertex 6.69653 -44.6352 4
      vertex 6.84033 -45.0588 4
    endloop
  endfacet
  facet normal 0 0 1
    outer loop
      vertex 7.56532 -45.05 4
      vertex 6.84033 -45.0588 4
      vertex 7.03819 -45.46 4
    endloop
  endfacet
  facet normal 0 0 1
    outer loop
      vertex 7.17652 43.9046 4
      vertex 6.58 43.75 4
      vertex 7.15 43.5 4
    endloop
  endfacet
  facet normal 0 0 1
    outer loop
      vertex 6.58 9 4
      vertex 7.15 43.5 4
      vertex 6.58 43.75 4
    endloop
  endfacet
  facet normal 0 0 1
    outer loop
      vertex 7.15 43.5 4
      vertex 6.58 9 4
      vertex 6.63 9 4
    endloop
  endfacet
  facet normal 0 0 1
    outer loop
      vertex 100.92 -43.75 4
      vertex 100.323 -43.9046 4
      vertex 100.891 -44.1964 4
    endloop
  endfacet
  facet normal 0 0 1
    outer loop
      vertex 100.244 -44.3023 4
      vertex 100.891 -44.1964 4
      vertex 100.323 -43.9046 4
    endloop
  endfacet
  facet normal -0 -0 1
    outer loop
      vertex 100.35 -43.5 4
      vertex 100.92 -43.75 4
      vertex 100.323 -43.0954 4
    endloop
  endfacet
  facet normal 0 0 1
    outer loop
      vertex 100.323 -43.9046 4
      vertex 100.92 -43.75 4
      vertex 100.35 -43.5 4
    endloop
  endfacet
  facet normal -0 -0 1
    outer loop
      vertex 100.244 -42.6977 4
      vertex 100.92 -43.75 4
      vertex 100.114 -42.3137 4
    endloop
  endfacet
  facet normal -0 -0 1
    outer loop
      vertex 100.323 -43.0954 4
      vertex 100.92 -43.75 4
      vertex 100.244 -42.6977 4
    endloop
  endfacet
  facet normal 0 0 1
    outer loop
      vertex 100.87 9 4
      vertex 99.82 41.7784 4
      vertex 100.87 -9 4
    endloop
  endfacet
  facet normal 0 0 1
    outer loop
      vertex 100.92 -43.75 4
      vertex 99.9347 -41.95 4
      vertex 100.114 -42.3137 4
    endloop
  endfacet
  facet normal 0 0 1
    outer loop
      vertex 99.82 -41.7784 4
      vertex 100.87 -9 4
      vertex 99.82 41.7784 4
    endloop
  endfacet
  facet normal 0 0 1
    outer loop
      vertex 100.92 -9 4
      vertex 99.82 -41.7784 4
      vertex 99.9347 -41.95 4
    endloop
  endfacet
  facet normal 0 0 1
    outer loop
      vertex 100.891 -44.1964 4
      vertex 100.244 -44.3023 4
      vertex 100.803 -44.6352 4
    endloop
  endfacet
  facet normal 0 0 1
    outer loop
      vertex 100.114 -44.6863 4
      vertex 100.803 -44.6352 4
      vertex 100.244 -44.3023 4
    endloop
  endfacet
  facet normal 0 0 1
    outer loop
      vertex 100.803 -44.6352 4
      vertex 100.114 -44.6863 4
      vertex 100.66 -45.0588 4
    endloop
  endfacet
  facet normal -0 0 1
    outer loop
      vertex 99.9347 -45.05 4
      vertex 100.66 -45.0588 4
      vertex 100.114 -44.6863 4
    endloop
  endfacet
  facet normal 0 0 1
    outer loop
      vertex 100.66 -45.0588 4
      vertex 99.9347 -45.05 4
      vertex 100.462 -45.46 4
    endloop
  endfacet
  facet normal -0 0 1
    outer loop
      vertex 99.7094 -45.3872 4
      vertex 100.462 -45.46 4
      vertex 99.9347 -45.05 4
    endloop
  endfacet
  facet normal 0 0 1
    outer loop
      vertex 100.462 -45.46 4
      vertex 99.7094 -45.3872 4
      vertex 100.213 -45.832 4
    endloop
  endfacet
  facet normal -0 0 1
    outer loop
      vertex 99.442 -45.692 4
      vertex 100.213 -45.832 4
      vertex 99.7094 -45.3872 4
    endloop
  endfacet
  facet normal 0 0 1
    outer loop
      vertex 100.213 -45.832 4
      vertex 99.442 -45.692 4
      vertex 99.9183 -46.1683 4
    endloop
  endfacet
  facet normal 0 0 1
    outer loop
      vertex 99.9183 -46.1683 4
      vertex 99.442 -45.692 4
      vertex 99.582 -46.4633 4
    endloop
  endfacet
  facet normal -0 0 1
    outer loop
      vertex 99.1372 -45.9594 4
      vertex 99.582 -46.4633 4
      vertex 99.442 -45.692 4
    endloop
  endfacet
  facet normal 0 0 1
    outer loop
      vertex 99.582 -46.4633 4
      vertex 99.1372 -45.9594 4
      vertex 99.21 -46.7118 4
    endloop
  endfacet
  facet normal -0 0 1
    outer loop
      vertex 98.8 -46.1847 4
      vertex 99.21 -46.7118 4
      vertex 99.1372 -45.9594 4
    endloop
  endfacet
  facet normal 0 0 1
    outer loop
      vertex 99.21 -46.7118 4
      vertex 98.8 -46.1847 4
      vertex 98.8088 -46.9097 4
    endloop
  endfacet
  facet normal -0 0 1
    outer loop
      vertex 98.4363 -46.364 4
      vertex 98.8088 -46.9097 4
      vertex 98.8 -46.1847 4
    endloop
  endfacet
  facet normal 0 0 1
    outer loop
      vertex 98.4363 -46.364 4
      vertex 98.3852 -47.0535 4
      vertex 98.8088 -46.9097 4
    endloop
  endfacet
  facet normal -0 0 1
    outer loop
      vertex 98.0523 -46.4944 4
      vertex 98.3852 -47.0535 4
      vertex 98.4363 -46.364 4
    endloop
  endfacet
  facet normal 0 0 1
    outer loop
      vertex 98.0523 -46.4944 4
      vertex 97.9464 -47.1407 4
      vertex 98.3852 -47.0535 4
    endloop
  endfacet
  facet normal -0 0 1
    outer loop
      vertex 97.6546 -46.5735 4
      vertex 97.9464 -47.1407 4
      vertex 98.0523 -46.4944 4
    endloop
  endfacet
  facet normal 0 0 1
    outer loop
      vertex 97.6546 -46.5735 4
      vertex 97.5 -47.17 4
      vertex 97.9464 -47.1407 4
    endloop
  endfacet
  facet normal -0 0 1
    outer loop
      vertex 97.25 -46.6 4
      vertex 97.5 -47.17 4
      vertex 97.6546 -46.5735 4
    endloop
  endfacet
  facet normal 0 0 1
    outer loop
      vertex 96.8454 -46.5735 4
      vertex 97.5 -47.17 4
      vertex 97.25 -46.6 4
    endloop
  endfacet
  facet normal 0 0 1
    outer loop
      vertex 96.4477 -46.4944 4
      vertex 97.5 -47.17 4
      vertex 96.8454 -46.5735 4
    endloop
  endfacet
  facet normal 0 0 1
    outer loop
      vertex 96.0637 -46.364 4
      vertex 97.5 -47.17 4
      vertex 96.4477 -46.4944 4
    endloop
  endfacet
  facet normal 0 0 1
    outer loop
      vertex 95.7 -46.1847 4
      vertex 97.5 -47.17 4
      vertex 96.0637 -46.364 4
    endloop
  endfacet
  facet normal 0 0 1
    outer loop
      vertex 62.75 -47.17 4
      vertex 95.5284 -46.07 4
      vertex 62.75 -47.12 4
    endloop
  endfacet
  facet normal 0 0 1
    outer loop
      vertex 95.5284 -46.07 4
      vertex 62.75 -47.17 4
      vertex 95.7 -46.1847 4
    endloop
  endfacet
  facet normal 0 0 1
    outer loop
      vertex 95.7 -46.1847 4
      vertex 62.75 -47.17 4
      vertex 97.5 -47.17 4
    endloop
  endfacet
  facet normal 0 0 1
    outer loop
      vertex 7.56532 41.95 4
      vertex 7.67999 -41.7784 4
      vertex 7.67999 41.7784 4
    endloop
  endfacet
  facet normal 0 0 1
    outer loop
      vertex 7.56532 41.95 4
      vertex 7.56532 -41.95 4
      vertex 7.67999 -41.7784 4
    endloop
  endfacet
  facet normal 0 0 1
    outer loop
      vertex 7.38597 42.3137 4
      vertex 7.56532 -41.95 4
      vertex 7.56532 41.95 4
    endloop
  endfacet
  facet normal 0 0 1
    outer loop
      vertex 7.38597 42.3137 4
      vertex 7.38597 -42.3137 4
      vertex 7.56532 -41.95 4
    endloop
  endfacet
  facet normal 0 0 1
    outer loop
      vertex 7.25563 42.6977 4
      vertex 7.38597 -42.3137 4
      vertex 7.38597 42.3137 4
    endloop
  endfacet
  facet normal 0 0 1
    outer loop
      vertex 7.25563 42.6977 4
      vertex 7.25563 -42.6977 4
      vertex 7.38597 -42.3137 4
    endloop
  endfacet
  facet normal 0 0 1
    outer loop
      vertex 7.17652 43.0954 4
      vertex 7.25563 -42.6977 4
      vertex 7.25563 42.6977 4
    endloop
  endfacet
  facet normal 0 0 1
    outer loop
      vertex 7.17652 43.0954 4
      vertex 7.17652 -43.0954 4
      vertex 7.25563 -42.6977 4
    endloop
  endfacet
  facet normal 0 0 1
    outer loop
      vertex 7.15 43.5 4
      vertex 7.17652 -43.0954 4
      vertex 7.17652 43.0954 4
    endloop
  endfacet
  facet normal 0 0 1
    outer loop
      vertex 7.17652 -43.0954 4
      vertex 7.15 43.5 4
      vertex 7.15 -43.5 4
    endloop
  endfacet
  facet normal -0.32144 0.94693 0
    outer loop
      vertex 9.11484 47.0535 2.2
      vertex 8.69122 46.9097 4
      vertex 9.11484 47.0535 4
    endloop
  endfacet
  facet normal -0.32144 0.94693 0
    outer loop
      vertex 8.69122 46.9097 4
      vertex 9.11484 47.0535 2.2
      vertex 8.69122 46.9097 2.2
    endloop
  endfacet
  facet normal 0.980477 0.196632 0
    outer loop
      vertex 100.891 44.1964 4
      vertex 100.803 44.6352 2.2
      vertex 100.803 44.6352 4
    endloop
  endfacet
  facet normal 0.980477 0.196632 0
    outer loop
      vertex 100.803 44.6352 2.2
      vertex 100.891 44.1964 4
      vertex 100.891 44.1964 2.2
    endloop
  endfacet
  facet normal -0.442352 -0.896841 0
    outer loop
      vertex 8.28999 -46.7118 2.2
      vertex 8.69122 -46.9097 4
      vertex 8.28999 -46.7118 4
    endloop
  endfacet
  facet normal -0.442352 -0.896841 -0
    outer loop
      vertex 8.69122 -46.9097 4
      vertex 8.28999 -46.7118 2.2
      vertex 8.69122 -46.9097 2.2
    endloop
  endfacet
  facet normal -0.659405 -0.751788 0
    outer loop
      vertex 7.5817 -46.1683 2.2
      vertex 7.91803 -46.4633 4
      vertex 7.5817 -46.1683 4
    endloop
  endfacet
  facet normal -0.659405 -0.751788 -0
    outer loop
      vertex 7.91803 -46.4633 4
      vertex 7.5817 -46.1683 2.2
      vertex 7.91803 -46.4633 2.2
    endloop
  endfacet
  facet normal -0.194929 0.980817 0
    outer loop
      vertex 9.5536 47.1407 2.2
      vertex 9.11484 47.0535 4
      vertex 9.5536 47.1407 4
    endloop
  endfacet
  facet normal -0.194929 0.980817 0
    outer loop
      vertex 9.11484 47.0535 4
      vertex 9.5536 47.1407 2.2
      vertex 9.11484 47.0535 2.2
    endloop
  endfacet
  facet normal -0.0654953 0.997853 0
    outer loop
      vertex 10 47.17 2.2
      vertex 9.5536 47.1407 4
      vertex 10 47.17 4
    endloop
  endfacet
  facet normal -0.0654953 0.997853 0
    outer loop
      vertex 9.5536 47.1407 4
      vertex 10 47.17 2.2
      vertex 9.5536 47.1407 2.2
    endloop
  endfacet
  facet normal 0 0 -1
    outer loop
      vertex 99.82 -41.7784 2.2
      vertex 100.92 -43.75 2.2
      vertex 100.891 -44.1964 2.2
    endloop
  endfacet
  facet normal 0 0 -1
    outer loop
      vertex 100.92 -43.75 2.2
      vertex 99.82 -41.7784 2.2
      vertex 100.92 -9 2.2
    endloop
  endfacet
  facet normal -0 0 -1
    outer loop
      vertex 100.92 -9 2.2
      vertex 99.82 -41.7784 2.2
      vertex 100.87 -9 2.2
    endloop
  endfacet
  facet normal 0 0 -1
    outer loop
      vertex 99.82 -41.7784 2.2
      vertex 100.891 -44.1964 2.2
      vertex 100.803 -44.6352 2.2
    endloop
  endfacet
  facet normal 0 0 -1
    outer loop
      vertex 99.82 41.7784 2.2
      vertex 100.92 43.75 2.2
      vertex 100.92 9 2.2
    endloop
  endfacet
  facet normal 0 0 -1
    outer loop
      vertex 99.82 41.7784 2.2
      vertex 100.92 9 2.2
      vertex 100.87 9 2.2
    endloop
  endfacet
  facet normal -0 0 -1
    outer loop
      vertex 100.87 -9 2.2
      vertex 99.82 -41.7784 2.2
      vertex 100.87 9 2.2
    endloop
  endfacet
  facet normal 0 0 -1
    outer loop
      vertex 99.82 41.7784 2.2
      vertex 100.87 9 2.2
      vertex 99.82 -41.7784 2.2
    endloop
  endfacet
  facet normal 0 0 -1
    outer loop
      vertex 98.8668 -44.1697 2.2
      vertex 100.803 -44.6352 2.2
      vertex 100.66 -45.0588 2.2
    endloop
  endfacet
  facet normal 0 0 -1
    outer loop
      vertex 98.985 43.2716 2.2
      vertex 100.92 43.75 2.2
      vertex 99.82 41.7784 2.2
    endloop
  endfacet
  facet normal 0 0 -1
    outer loop
      vertex 98.7655 -44.375 2.2
      vertex 100.66 -45.0588 2.2
      vertex 100.462 -45.46 2.2
    endloop
  endfacet
  facet normal 0 -0 -1
    outer loop
      vertex 99 43.5 2.2
      vertex 100.92 43.75 2.2
      vertex 98.985 43.2716 2.2
    endloop
  endfacet
  facet normal 0 0 -1
    outer loop
      vertex 98.6384 -44.5653 2.2
      vertex 100.462 -45.46 2.2
      vertex 100.213 -45.832 2.2
    endloop
  endfacet
  facet normal 0 0 -1
    outer loop
      vertex 98.985 43.7284 2.2
      vertex 100.92 43.75 2.2
      vertex 99 43.5 2.2
    endloop
  endfacet
  facet normal 0 0 -1
    outer loop
      vertex 98.4874 -44.7374 2.2
      vertex 100.213 -45.832 2.2
      vertex 99.9183 -46.1683 2.2
    endloop
  endfacet
  facet normal 0 0 -1
    outer loop
      vertex 98.9404 43.9529 2.2
      vertex 100.891 44.1964 2.2
      vertex 98.985 43.7284 2.2
    endloop
  endfacet
  facet normal -0 0 -1
    outer loop
      vertex 100.891 44.1964 2.2
      vertex 98.9404 43.9529 2.2
      vertex 100.803 44.6352 2.2
    endloop
  endfacet
  facet normal 0 0 -1
    outer loop
      vertex 100.803 -44.6352 2.2
      vertex 98.985 -43.7284 2.2
      vertex 99 -43.5 2.2
    endloop
  endfacet
  facet normal 0 0 -1
    outer loop
      vertex 98.4874 -44.7374 2.2
      vertex 99.9183 -46.1683 2.2
      vertex 99.582 -46.4633 2.2
    endloop
  endfacet
  facet normal 0 0 -1
    outer loop
      vertex 98.985 -43.2716 2.2
      vertex 100.803 -44.6352 2.2
      vertex 99 -43.5 2.2
    endloop
  endfacet
  facet normal 0 0 -1
    outer loop
      vertex 98.3153 -44.8884 2.2
      vertex 99.582 -46.4633 2.2
      vertex 99.21 -46.7118 2.2
    endloop
  endfacet
  facet normal 0 0 -1
    outer loop
      vertex 100.803 -44.6352 2.2
      vertex 98.985 -43.2716 2.2
      vertex 99.82 -41.7784 2.2
    endloop
  endfacet
  facet normal 0 0 -1
    outer loop
      vertex 98.8668 -42.8303 2.2
      vertex 99.82 -41.7784 2.2
      vertex 98.9404 -43.0471 2.2
    endloop
  endfacet
  facet normal 0 0 -1
    outer loop
      vertex 98.9404 -43.0471 2.2
      vertex 99.82 -41.7784 2.2
      vertex 98.985 -43.2716 2.2
    endloop
  endfacet
  facet normal 0 0 -1
    outer loop
      vertex 100.803 -44.6352 2.2
      vertex 98.9404 -43.9529 2.2
      vertex 98.985 -43.7284 2.2
    endloop
  endfacet
  facet normal 0 0 -1
    outer loop
      vertex 100.803 -44.6352 2.2
      vertex 98.8668 -44.1697 2.2
      vertex 98.9404 -43.9529 2.2
    endloop
  endfacet
  facet normal 0 0 -1
    outer loop
      vertex 98.125 -45.0155 2.2
      vertex 99.21 -46.7118 2.2
      vertex 98.8088 -46.9097 2.2
    endloop
  endfacet
  facet normal 0 0 -1
    outer loop
      vertex 100.66 -45.0588 2.2
      vertex 98.7655 -44.375 2.2
      vertex 98.8668 -44.1697 2.2
    endloop
  endfacet
  facet normal 0 0 -1
    outer loop
      vertex 100.462 -45.46 2.2
      vertex 98.6384 -44.5653 2.2
      vertex 98.7655 -44.375 2.2
    endloop
  endfacet
  facet normal 0 0 -1
    outer loop
      vertex 100.213 -45.832 2.2
      vertex 98.4874 -44.7374 2.2
      vertex 98.6384 -44.5653 2.2
    endloop
  endfacet
  facet normal 0 0 -1
    outer loop
      vertex 97.9197 -45.1168 2.2
      vertex 98.8088 -46.9097 2.2
      vertex 98.3852 -47.0535 2.2
    endloop
  endfacet
  facet normal 0 0 -1
    outer loop
      vertex 99.582 -46.4633 2.2
      vertex 98.3153 -44.8884 2.2
      vertex 98.4874 -44.7374 2.2
    endloop
  endfacet
  facet normal 0 0 -1
    outer loop
      vertex 99.21 -46.7118 2.2
      vertex 98.125 -45.0155 2.2
      vertex 98.3153 -44.8884 2.2
    endloop
  endfacet
  facet normal 0 0 -1
    outer loop
      vertex 97.7029 -45.1904 2.2
      vertex 98.3852 -47.0535 2.2
      vertex 97.9464 -47.1407 2.2
    endloop
  endfacet
  facet normal 0 0 -1
    outer loop
      vertex 98.8088 -46.9097 2.2
      vertex 97.9197 -45.1168 2.2
      vertex 98.125 -45.0155 2.2
    endloop
  endfacet
  facet normal 0 0 -1
    outer loop
      vertex 98.3852 -47.0535 2.2
      vertex 97.7029 -45.1904 2.2
      vertex 97.9197 -45.1168 2.2
    endloop
  endfacet
  facet normal 0 0 -1
    outer loop
      vertex 97.4784 -45.235 2.2
      vertex 97.9464 -47.1407 2.2
      vertex 97.5 -47.17 2.2
    endloop
  endfacet
  facet normal 0 0 -1
    outer loop
      vertex 97.9464 -47.1407 2.2
      vertex 97.4784 -45.235 2.2
      vertex 97.7029 -45.1904 2.2
    endloop
  endfacet
  facet normal 0 0 -1
    outer loop
      vertex 97.5 -47.17 2.2
      vertex 97.25 -45.25 2.2
      vertex 97.4784 -45.235 2.2
    endloop
  endfacet
  facet normal 0 0 -1
    outer loop
      vertex 97.5 -47.17 2.2
      vertex 97.0216 -45.235 2.2
      vertex 97.25 -45.25 2.2
    endloop
  endfacet
  facet normal 0 0 -1
    outer loop
      vertex 97.5 -47.17 2.2
      vertex 96.7971 -45.1904 2.2
      vertex 97.0216 -45.235 2.2
    endloop
  endfacet
  facet normal 0 0 -1
    outer loop
      vertex 95.5284 -46.07 2.2
      vertex 96.7971 -45.1904 2.2
      vertex 97.5 -47.17 2.2
    endloop
  endfacet
  facet normal -0 0 -1
    outer loop
      vertex 96.7971 -45.1904 2.2
      vertex 95.5284 -46.07 2.2
      vertex 96.5803 -45.1168 2.2
    endloop
  endfacet
  facet normal -0 0 -1
    outer loop
      vertex 96.5803 -45.1168 2.2
      vertex 95.5284 -46.07 2.2
      vertex 96.375 -45.0155 2.2
    endloop
  endfacet
  facet normal -0 0 -1
    outer loop
      vertex 96.375 -45.0155 2.2
      vertex 95.5284 -46.07 2.2
      vertex 96.1847 -44.8884 2.2
    endloop
  endfacet
  facet normal 0 0 -1
    outer loop
      vertex 95.3628 -45.9594 2.2
      vertex 96.1847 -44.8884 2.2
      vertex 95.5284 -46.07 2.2
    endloop
  endfacet
  facet normal -0 0 -1
    outer loop
      vertex 96.1847 -44.8884 2.2
      vertex 95.3628 -45.9594 2.2
      vertex 96.0126 -44.7374 2.2
    endloop
  endfacet
  facet normal 0 0 -1
    outer loop
      vertex 94.7906 -45.3872 2.2
      vertex 95.8616 -44.5653 2.2
      vertex 95.058 -45.692 2.2
    endloop
  endfacet
  facet normal -0 0 -1
    outer loop
      vertex 96.0126 -44.7374 2.2
      vertex 95.058 -45.692 2.2
      vertex 95.8616 -44.5653 2.2
    endloop
  endfacet
  facet normal 0 0 -1
    outer loop
      vertex 95.058 -45.692 2.2
      vertex 96.0126 -44.7374 2.2
      vertex 95.3628 -45.9594 2.2
    endloop
  endfacet
  facet normal 0 0 -1
    outer loop
      vertex 62.75 -47.17 2.2
      vertex 95.5284 -46.07 2.2
      vertex 97.5 -47.17 2.2
    endloop
  endfacet
  facet normal 0 0 -1
    outer loop
      vertex 62.75 -47.12 2.2
      vertex 95.5284 -46.07 2.2
      vertex 62.75 -47.17 2.2
    endloop
  endfacet
  facet normal 0 0 -1
    outer loop
      vertex 44.75 -47.12 2.2
      vertex 95.5284 -46.07 2.2
      vertex 62.75 -47.12 2.2
    endloop
  endfacet
  facet normal -0 0 -1
    outer loop
      vertex 95.5284 -46.07 2.2
      vertex 44.75 -47.12 2.2
      vertex 11.9716 -46.07 2.2
    endloop
  endfacet
  facet normal 0 0 -1
    outer loop
      vertex 6.58 9 2.2
      vertex 7.67999 41.7784 2.2
      vertex 6.63 9 2.2
    endloop
  endfacet
  facet normal 0 -0 -1
    outer loop
      vertex 6.60925 44.1964 2.2
      vertex 7.67999 41.7784 2.2
      vertex 6.58 43.75 2.2
    endloop
  endfacet
  facet normal -0 0 -1
    outer loop
      vertex 7.67999 41.7784 2.2
      vertex 6.58 9 2.2
      vertex 6.58 43.75 2.2
    endloop
  endfacet
  facet normal 0 0 -1
    outer loop
      vertex 7.67999 41.7784 2.2
      vertex 6.60925 44.1964 2.2
      vertex 6.69653 44.6352 2.2
    endloop
  endfacet
  facet normal 0 0 -1
    outer loop
      vertex 12 43.5 2.2
      vertex 13.35 43.5 2.2
      vertex 13.3235 43.0954 2.2
    endloop
  endfacet
  facet normal 0 0 -1
    outer loop
      vertex 11.985 43.2716 2.2
      vertex 13.3235 43.0954 2.2
      vertex 13.2444 42.6977 2.2
    endloop
  endfacet
  facet normal 0 0 -1
    outer loop
      vertex 13.35 43.5 2.2
      vertex 12 43.5 2.2
      vertex 13.3235 43.9046 2.2
    endloop
  endfacet
  facet normal 0 0 -1
    outer loop
      vertex 11.9404 43.0471 2.2
      vertex 13.2444 42.6977 2.2
      vertex 13.114 42.3137 2.2
    endloop
  endfacet
  facet normal 0 0 -1
    outer loop
      vertex 11.985 43.7284 2.2
      vertex 13.3235 43.9046 2.2
      vertex 12 43.5 2.2
    endloop
  endfacet
  facet normal 0 0 -1
    outer loop
      vertex 11.8668 42.8303 2.2
      vertex 13.114 42.3137 2.2
      vertex 12.9347 41.95 2.2
    endloop
  endfacet
  facet normal -0 0 -1
    outer loop
      vertex 13.3235 43.9046 2.2
      vertex 11.985 43.7284 2.2
      vertex 13.2444 44.3023 2.2
    endloop
  endfacet
  facet normal 0 0 -1
    outer loop
      vertex 11.7655 42.625 2.2
      vertex 12.9347 41.95 2.2
      vertex 12.7094 41.6128 2.2
    endloop
  endfacet
  facet normal 0 0 -1
    outer loop
      vertex 11.9404 43.9529 2.2
      vertex 13.2444 44.3023 2.2
      vertex 11.985 43.7284 2.2
    endloop
  endfacet
  facet normal 0 0 -1
    outer loop
      vertex 11.6384 42.4347 2.2
      vertex 12.7094 41.6128 2.2
      vertex 12.442 41.308 2.2
    endloop
  endfacet
  facet normal -0 0 -1
    outer loop
      vertex 13.2444 44.3023 2.2
      vertex 11.9404 43.9529 2.2
      vertex 13.114 44.6863 2.2
    endloop
  endfacet
  facet normal 0 0 -1
    outer loop
      vertex 11.4874 42.2626 2.2
      vertex 12.442 41.308 2.2
      vertex 12.1372 41.0406 2.2
    endloop
  endfacet
  facet normal 0 0 -1
    outer loop
      vertex 11.8668 44.1697 2.2
      vertex 13.114 44.6863 2.2
      vertex 11.9404 43.9529 2.2
    endloop
  endfacet
  facet normal -0 0 -1
    outer loop
      vertex 13.114 44.6863 2.2
      vertex 11.8668 44.1697 2.2
      vertex 12.9347 45.05 2.2
    endloop
  endfacet
  facet normal 0 0 -1
    outer loop
      vertex 13.3235 43.0954 2.2
      vertex 11.985 43.2716 2.2
      vertex 12 43.5 2.2
    endloop
  endfacet
  facet normal 0 0 -1
    outer loop
      vertex 13.2444 42.6977 2.2
      vertex 11.9404 43.0471 2.2
      vertex 11.985 43.2716 2.2
    endloop
  endfacet
  facet normal 0 0 -1
    outer loop
      vertex 13.114 42.3137 2.2
      vertex 11.8668 42.8303 2.2
      vertex 11.9404 43.0471 2.2
    endloop
  endfacet
  facet normal 0 0 -1
    outer loop
      vertex 11.3153 42.1116 2.2
      vertex 12.1372 41.0406 2.2
      vertex 11.8 40.8153 2.2
    endloop
  endfacet
  facet normal 0 0 -1
    outer loop
      vertex 12.9347 41.95 2.2
      vertex 11.7655 42.625 2.2
      vertex 11.8668 42.8303 2.2
    endloop
  endfacet
  facet normal 0 0 -1
    outer loop
      vertex 12.7094 41.6128 2.2
      vertex 11.6384 42.4347 2.2
      vertex 11.7655 42.625 2.2
    endloop
  endfacet
  facet normal 0 0 -1
    outer loop
      vertex 12.442 41.308 2.2
      vertex 11.4874 42.2626 2.2
      vertex 11.6384 42.4347 2.2
    endloop
  endfacet
  facet normal 0 0 -1
    outer loop
      vertex 11.125 41.9845 2.2
      vertex 11.8 40.8153 2.2
      vertex 11.4363 40.636 2.2
    endloop
  endfacet
  facet normal 0 0 -1
    outer loop
      vertex 12.1372 41.0406 2.2
      vertex 11.3153 42.1116 2.2
      vertex 11.4874 42.2626 2.2
    endloop
  endfacet
  facet normal 0 0 -1
    outer loop
      vertex 11.8 40.8153 2.2
      vertex 11.125 41.9845 2.2
      vertex 11.3153 42.1116 2.2
    endloop
  endfacet
  facet normal 0 0 -1
    outer loop
      vertex 10.9197 41.8832 2.2
      vertex 11.4363 40.636 2.2
      vertex 11.0523 40.5056 2.2
    endloop
  endfacet
  facet normal 0 0 -1
    outer loop
      vertex 11.4363 40.636 2.2
      vertex 10.9197 41.8832 2.2
      vertex 11.125 41.9845 2.2
    endloop
  endfacet
  facet normal 0 0 -1
    outer loop
      vertex 11.0523 40.5056 2.2
      vertex 10.7029 41.8096 2.2
      vertex 10.9197 41.8832 2.2
    endloop
  endfacet
  facet normal 0 0 -1
    outer loop
      vertex 10.6546 40.4265 2.2
      vertex 10.7029 41.8096 2.2
      vertex 11.0523 40.5056 2.2
    endloop
  endfacet
  facet normal 0 0 -1
    outer loop
      vertex 10.6546 40.4265 2.2
      vertex 10.4784 41.765 2.2
      vertex 10.7029 41.8096 2.2
    endloop
  endfacet
  facet normal 0 0 -1
    outer loop
      vertex 10.25 40.4 2.2
      vertex 10.4784 41.765 2.2
      vertex 10.6546 40.4265 2.2
    endloop
  endfacet
  facet normal 0 0 -1
    outer loop
      vertex 10.25 40.4 2.2
      vertex 10.25 41.75 2.2
      vertex 10.4784 41.765 2.2
    endloop
  endfacet
  facet normal 0 0 -1
    outer loop
      vertex 10.25 40.4 2.2
      vertex 10.0216 41.765 2.2
      vertex 10.25 41.75 2.2
    endloop
  endfacet
  facet normal 0 0 -1
    outer loop
      vertex 9.84537 40.4265 2.2
      vertex 10.0216 41.765 2.2
      vertex 10.25 40.4 2.2
    endloop
  endfacet
  facet normal 0 0 -1
    outer loop
      vertex 9.84537 40.4265 2.2
      vertex 9.79707 41.8096 2.2
      vertex 10.0216 41.765 2.2
    endloop
  endfacet
  facet normal 0 0 -1
    outer loop
      vertex 9.44766 40.5056 2.2
      vertex 9.79707 41.8096 2.2
      vertex 9.84537 40.4265 2.2
    endloop
  endfacet
  facet normal -0 0 -1
    outer loop
      vertex 9.79707 41.8096 2.2
      vertex 9.44766 40.5056 2.2
      vertex 9.5803 41.8832 2.2
    endloop
  endfacet
  facet normal 0 0 -1
    outer loop
      vertex 9.06368 40.636 2.2
      vertex 9.5803 41.8832 2.2
      vertex 9.44766 40.5056 2.2
    endloop
  endfacet
  facet normal -0 0 -1
    outer loop
      vertex 9.5803 41.8832 2.2
      vertex 9.06368 40.636 2.2
      vertex 9.375 41.9845 2.2
    endloop
  endfacet
  facet normal 0 0 -1
    outer loop
      vertex 8.7 40.8153 2.2
      vertex 9.375 41.9845 2.2
      vertex 9.06368 40.636 2.2
    endloop
  endfacet
  facet normal -0 0 -1
    outer loop
      vertex 9.375 41.9845 2.2
      vertex 8.7 40.8153 2.2
      vertex 9.18467 42.1116 2.2
    endloop
  endfacet
  facet normal 0 0 -1
    outer loop
      vertex 8.36284 41.0406 2.2
      vertex 9.18467 42.1116 2.2
      vertex 8.7 40.8153 2.2
    endloop
  endfacet
  facet normal -0 0 -1
    outer loop
      vertex 9.18467 42.1116 2.2
      vertex 8.36284 41.0406 2.2
      vertex 9.01256 42.2626 2.2
    endloop
  endfacet
  facet normal 0 0 -1
    outer loop
      vertex 8.05797 41.308 2.2
      vertex 9.01256 42.2626 2.2
      vertex 8.36284 41.0406 2.2
    endloop
  endfacet
  facet normal -0 0 -1
    outer loop
      vertex 9.01256 42.2626 2.2
      vertex 8.05797 41.308 2.2
      vertex 8.86163 42.4347 2.2
    endloop
  endfacet
  facet normal 0 0 -1
    outer loop
      vertex 7.79061 41.6128 2.2
      vertex 8.86163 42.4347 2.2
      vertex 8.05797 41.308 2.2
    endloop
  endfacet
  facet normal 0 0 -1
    outer loop
      vertex 7.67999 41.7784 2.2
      vertex 8.86163 42.4347 2.2
      vertex 7.79061 41.6128 2.2
    endloop
  endfacet
  facet normal -0 0 -1
    outer loop
      vertex 8.73446 42.625 2.2
      vertex 7.67999 41.7784 2.2
      vertex 8.63321 42.8303 2.2
    endloop
  endfacet
  facet normal -0 0 -1
    outer loop
      vertex 8.86163 42.4347 2.2
      vertex 7.67999 41.7784 2.2
      vertex 8.73446 42.625 2.2
    endloop
  endfacet
  facet normal 0 0 -1
    outer loop
      vertex 11.7655 44.375 2.2
      vertex 12.9347 45.05 2.2
      vertex 11.8668 44.1697 2.2
    endloop
  endfacet
  facet normal -0 0 -1
    outer loop
      vertex 12.9347 45.05 2.2
      vertex 11.7655 44.375 2.2
      vertex 12.7094 45.3872 2.2
    endloop
  endfacet
  facet normal 0 0 -1
    outer loop
      vertex 11.6384 44.5653 2.2
      vertex 12.7094 45.3872 2.2
      vertex 11.7655 44.375 2.2
    endloop
  endfacet
  facet normal 0 0 -1
    outer loop
      vertex 44.75 -47.17 2.2
      vertex 11.9716 -46.07 2.2
      vertex 44.75 -47.12 2.2
    endloop
  endfacet
  facet normal 0 0 -1
    outer loop
      vertex 13.114 -44.6863 2.2
      vertex 11.8668 -44.1697 2.2
      vertex 11.9404 -43.9529 2.2
    endloop
  endfacet
  facet normal 0 0 -1
    outer loop
      vertex 12.1372 -45.9594 2.2
      vertex 11.7655 -44.375 2.2
      vertex 11.8668 -44.1697 2.2
    endloop
  endfacet
  facet normal 0 0 -1
    outer loop
      vertex 12.1372 -45.9594 2.2
      vertex 11.6384 -44.5653 2.2
      vertex 11.7655 -44.375 2.2
    endloop
  endfacet
  facet normal 0 0 -1
    outer loop
      vertex 12.1372 -45.9594 2.2
      vertex 11.4874 -44.7374 2.2
      vertex 11.6384 -44.5653 2.2
    endloop
  endfacet
  facet normal 0 0 -1
    outer loop
      vertex 12.1372 -45.9594 2.2
      vertex 11.3153 -44.8884 2.2
      vertex 11.4874 -44.7374 2.2
    endloop
  endfacet
  facet normal 0 0 -1
    outer loop
      vertex 11.9716 -46.07 2.2
      vertex 11.125 -45.0155 2.2
      vertex 11.3153 -44.8884 2.2
    endloop
  endfacet
  facet normal 0 0 -1
    outer loop
      vertex 11.9716 -46.07 2.2
      vertex 10.9197 -45.1168 2.2
      vertex 11.125 -45.0155 2.2
    endloop
  endfacet
  facet normal 0 0 -1
    outer loop
      vertex 11.9716 -46.07 2.2
      vertex 10.7029 -45.1904 2.2
      vertex 10.9197 -45.1168 2.2
    endloop
  endfacet
  facet normal 0 0 -1
    outer loop
      vertex 10 -47.17 2.2
      vertex 10.7029 -45.1904 2.2
      vertex 11.9716 -46.07 2.2
    endloop
  endfacet
  facet normal 0 0 -1
    outer loop
      vertex 10.7029 -45.1904 2.2
      vertex 10 -47.17 2.2
      vertex 10.4784 -45.235 2.2
    endloop
  endfacet
  facet normal 0 0 -1
    outer loop
      vertex 10.4784 -45.235 2.2
      vertex 10 -47.17 2.2
      vertex 10.25 -45.25 2.2
    endloop
  endfacet
  facet normal 0 0 -1
    outer loop
      vertex 10 -47.17 2.2
      vertex 11.9716 -46.07 2.2
      vertex 44.75 -47.17 2.2
    endloop
  endfacet
  facet normal -0 0 -1
    outer loop
      vertex 10.25 -45.25 2.2
      vertex 10 -47.17 2.2
      vertex 10.0216 -45.235 2.2
    endloop
  endfacet
  facet normal 0 0 -1
    outer loop
      vertex 9.5536 -47.1407 2.2
      vertex 10.0216 -45.235 2.2
      vertex 10 -47.17 2.2
    endloop
  endfacet
  facet normal -0 0 -1
    outer loop
      vertex 10.0216 -45.235 2.2
      vertex 9.5536 -47.1407 2.2
      vertex 9.79707 -45.1904 2.2
    endloop
  endfacet
  facet normal 0 0 -1
    outer loop
      vertex 9.11484 -47.0535 2.2
      vertex 9.79707 -45.1904 2.2
      vertex 9.5536 -47.1407 2.2
    endloop
  endfacet
  facet normal -0 0 -1
    outer loop
      vertex 9.79707 -45.1904 2.2
      vertex 9.11484 -47.0535 2.2
      vertex 9.5803 -45.1168 2.2
    endloop
  endfacet
  facet normal 0 0 -1
    outer loop
      vertex 8.69122 -46.9097 2.2
      vertex 9.5803 -45.1168 2.2
      vertex 9.11484 -47.0535 2.2
    endloop
  endfacet
  facet normal -0 0 -1
    outer loop
      vertex 9.5803 -45.1168 2.2
      vertex 8.69122 -46.9097 2.2
      vertex 9.375 -45.0155 2.2
    endloop
  endfacet
  facet normal 0 0 -1
    outer loop
      vertex 8.28999 -46.7118 2.2
      vertex 9.375 -45.0155 2.2
      vertex 8.69122 -46.9097 2.2
    endloop
  endfacet
  facet normal -0 0 -1
    outer loop
      vertex 9.375 -45.0155 2.2
      vertex 8.28999 -46.7118 2.2
      vertex 9.18467 -44.8884 2.2
    endloop
  endfacet
  facet normal 0 0 -1
    outer loop
      vertex 7.91803 -46.4633 2.2
      vertex 9.18467 -44.8884 2.2
      vertex 8.28999 -46.7118 2.2
    endloop
  endfacet
  facet normal -0 0 -1
    outer loop
      vertex 9.18467 -44.8884 2.2
      vertex 7.91803 -46.4633 2.2
      vertex 9.01256 -44.7374 2.2
    endloop
  endfacet
  facet normal 0 0 -1
    outer loop
      vertex 7.5817 -46.1683 2.2
      vertex 9.01256 -44.7374 2.2
      vertex 7.91803 -46.4633 2.2
    endloop
  endfacet
  facet normal 0 0 -1
    outer loop
      vertex 7.28673 -45.832 2.2
      vertex 9.01256 -44.7374 2.2
      vertex 7.5817 -46.1683 2.2
    endloop
  endfacet
  facet normal -0 0 -1
    outer loop
      vertex 9.01256 -44.7374 2.2
      vertex 7.28673 -45.832 2.2
      vertex 8.86163 -44.5653 2.2
    endloop
  endfacet
  facet normal 0 0 -1
    outer loop
      vertex 7.03819 -45.46 2.2
      vertex 8.86163 -44.5653 2.2
      vertex 7.28673 -45.832 2.2
    endloop
  endfacet
  facet normal -0 0 -1
    outer loop
      vertex 8.86163 -44.5653 2.2
      vertex 7.03819 -45.46 2.2
      vertex 8.73446 -44.375 2.2
    endloop
  endfacet
  facet normal 0 0 -1
    outer loop
      vertex 6.84033 -45.0588 2.2
      vertex 8.73446 -44.375 2.2
      vertex 7.03819 -45.46 2.2
    endloop
  endfacet
  facet normal 0 -0 -1
    outer loop
      vertex 7.79061 -41.6128 2.2
      vertex 8.5 -43.5 2.2
      vertex 7.67999 -41.7784 2.2
    endloop
  endfacet
  facet normal -0 0 -1
    outer loop
      vertex 8.73446 -44.375 2.2
      vertex 6.84033 -45.0588 2.2
      vertex 8.63321 -44.1697 2.2
    endloop
  endfacet
  facet normal 0 0 -1
    outer loop
      vertex 8.5 -43.5 2.2
      vertex 8.05797 -41.308 2.2
      vertex 8.36284 -41.0406 2.2
    endloop
  endfacet
  facet normal 0 0 -1
    outer loop
      vertex 8.5 -43.5 2.2
      vertex 7.79061 -41.6128 2.2
      vertex 8.05797 -41.308 2.2
    endloop
  endfacet
  facet normal -0 0 -1
    outer loop
      vertex 8.63321 -44.1697 2.2
      vertex 6.69653 -44.6352 2.2
      vertex 8.55963 -43.9529 2.2
    endloop
  endfacet
  facet normal 0 0 -1
    outer loop
      vertex 6.69653 -44.6352 2.2
      vertex 8.63321 -44.1697 2.2
      vertex 6.84033 -45.0588 2.2
    endloop
  endfacet
  facet normal 0 0 -1
    outer loop
      vertex 95.5284 46.07 2.2
      vertex 44.75 47.12 2.2
      vertex 62.75 47.12 2.2
    endloop
  endfacet
  facet normal 0 0 -1
    outer loop
      vertex 11.9716 46.07 2.2
      vertex 44.75 47.12 2.2
      vertex 95.5284 46.07 2.2
    endloop
  endfacet
  facet normal 0 0 -1
    outer loop
      vertex 11.9716 46.07 2.2
      vertex 44.75 47.17 2.2
      vertex 44.75 47.12 2.2
    endloop
  endfacet
  facet normal -0 0 -1
    outer loop
      vertex 12.7094 45.3872 2.2
      vertex 11.6384 44.5653 2.2
      vertex 12.442 45.692 2.2
    endloop
  endfacet
  facet normal 0 0 -1
    outer loop
      vertex 11.4874 44.7374 2.2
      vertex 12.442 45.692 2.2
      vertex 11.6384 44.5653 2.2
    endloop
  endfacet
  facet normal -0 0 -1
    outer loop
      vertex 12.442 45.692 2.2
      vertex 11.4874 44.7374 2.2
      vertex 12.1372 45.9594 2.2
    endloop
  endfacet
  facet normal 0 0 -1
    outer loop
      vertex 11.3153 44.8884 2.2
      vertex 12.1372 45.9594 2.2
      vertex 11.4874 44.7374 2.2
    endloop
  endfacet
  facet normal -0 0 -1
    outer loop
      vertex 12.1372 45.9594 2.2
      vertex 11.3153 44.8884 2.2
      vertex 11.9716 46.07 2.2
    endloop
  endfacet
  facet normal 0 0 -1
    outer loop
      vertex 11.125 45.0155 2.2
      vertex 11.9716 46.07 2.2
      vertex 11.3153 44.8884 2.2
    endloop
  endfacet
  facet normal 0 0 -1
    outer loop
      vertex 10.9197 45.1168 2.2
      vertex 11.9716 46.07 2.2
      vertex 11.125 45.0155 2.2
    endloop
  endfacet
  facet normal 0 0 -1
    outer loop
      vertex 10.7029 45.1904 2.2
      vertex 11.9716 46.07 2.2
      vertex 10.9197 45.1168 2.2
    endloop
  endfacet
  facet normal 0 0 -1
    outer loop
      vertex 10 47.17 2.2
      vertex 10.7029 45.1904 2.2
      vertex 10.4784 45.235 2.2
    endloop
  endfacet
  facet normal 0 0 -1
    outer loop
      vertex 10 47.17 2.2
      vertex 10.4784 45.235 2.2
      vertex 10.25 45.25 2.2
    endloop
  endfacet
  facet normal 0 0 -1
    outer loop
      vertex 10 47.17 2.2
      vertex 10.25 45.25 2.2
      vertex 10.0216 45.235 2.2
    endloop
  endfacet
  facet normal 0 0 -1
    outer loop
      vertex 11.9716 46.07 2.2
      vertex 10 47.17 2.2
      vertex 44.75 47.17 2.2
    endloop
  endfacet
  facet normal 0 0 -1
    outer loop
      vertex 10.7029 45.1904 2.2
      vertex 10 47.17 2.2
      vertex 11.9716 46.07 2.2
    endloop
  endfacet
  facet normal 0 0 -1
    outer loop
      vertex 9.5536 47.1407 2.2
      vertex 10.0216 45.235 2.2
      vertex 9.79707 45.1904 2.2
    endloop
  endfacet
  facet normal 0 0 -1
    outer loop
      vertex 9.11484 47.0535 2.2
      vertex 9.79707 45.1904 2.2
      vertex 9.5803 45.1168 2.2
    endloop
  endfacet
  facet normal 0 0 -1
    outer loop
      vertex 10.0216 45.235 2.2
      vertex 9.5536 47.1407 2.2
      vertex 10 47.17 2.2
    endloop
  endfacet
  facet normal 0 0 -1
    outer loop
      vertex 8.69122 46.9097 2.2
      vertex 9.5803 45.1168 2.2
      vertex 9.375 45.0155 2.2
    endloop
  endfacet
  facet normal 0 0 -1
    outer loop
      vertex 8.28999 46.7118 2.2
      vertex 9.375 45.0155 2.2
      vertex 9.18467 44.8884 2.2
    endloop
  endfacet
  facet normal 0 0 -1
    outer loop
      vertex 9.79707 45.1904 2.2
      vertex 9.11484 47.0535 2.2
      vertex 9.5536 47.1407 2.2
    endloop
  endfacet
  facet normal 0 0 -1
    outer loop
      vertex 7.91803 46.4633 2.2
      vertex 9.18467 44.8884 2.2
      vertex 9.01256 44.7374 2.2
    endloop
  endfacet
  facet normal 0 0 -1
    outer loop
      vertex 7.28673 45.832 2.2
      vertex 9.01256 44.7374 2.2
      vertex 8.86163 44.5653 2.2
    endloop
  endfacet
  facet normal 0 0 -1
    outer loop
      vertex 7.03819 45.46 2.2
      vertex 8.86163 44.5653 2.2
      vertex 8.73446 44.375 2.2
    endloop
  endfacet
  facet normal 0 0 -1
    outer loop
      vertex 9.5803 45.1168 2.2
      vertex 8.69122 46.9097 2.2
      vertex 9.11484 47.0535 2.2
    endloop
  endfacet
  facet normal 0 0 -1
    outer loop
      vertex 6.84033 45.0588 2.2
      vertex 8.73446 44.375 2.2
      vertex 8.63321 44.1697 2.2
    endloop
  endfacet
  facet normal 0 0 -1
    outer loop
      vertex 6.69653 44.6352 2.2
      vertex 8.63321 44.1697 2.2
      vertex 8.55963 43.9529 2.2
    endloop
  endfacet
  facet normal 0 0 -1
    outer loop
      vertex 6.69653 44.6352 2.2
      vertex 8.55963 43.9529 2.2
      vertex 8.51497 43.7284 2.2
    endloop
  endfacet
  facet normal 0 0 -1
    outer loop
      vertex 6.69653 44.6352 2.2
      vertex 8.51497 43.7284 2.2
      vertex 8.5 43.5 2.2
    endloop
  endfacet
  facet normal 0 0 -1
    outer loop
      vertex 9.375 45.0155 2.2
      vertex 8.28999 46.7118 2.2
      vertex 8.69122 46.9097 2.2
    endloop
  endfacet
  facet normal -0 0 -1
    outer loop
      vertex 8.63321 42.8303 2.2
      vertex 7.67999 41.7784 2.2
      vertex 8.55963 43.0471 2.2
    endloop
  endfacet
  facet normal -0 0 -1
    outer loop
      vertex 8.55963 43.0471 2.2
      vertex 7.67999 41.7784 2.2
      vertex 8.51497 43.2716 2.2
    endloop
  endfacet
  facet normal 0 0 -1
    outer loop
      vertex 8.51497 43.2716 2.2
      vertex 6.69653 44.6352 2.2
      vertex 8.5 43.5 2.2
    endloop
  endfacet
  facet normal 0 0 -1
    outer loop
      vertex 6.69653 44.6352 2.2
      vertex 8.51497 43.2716 2.2
      vertex 7.67999 41.7784 2.2
    endloop
  endfacet
  facet normal 0 0 -1
    outer loop
      vertex 9.18467 44.8884 2.2
      vertex 7.91803 46.4633 2.2
      vertex 8.28999 46.7118 2.2
    endloop
  endfacet
  facet normal 0 0 -1
    outer loop
      vertex 9.01256 44.7374 2.2
      vertex 7.5817 46.1683 2.2
      vertex 7.91803 46.4633 2.2
    endloop
  endfacet
  facet normal 0 0 -1
    outer loop
      vertex 7.67999 -41.7784 2.2
      vertex 6.63 -9 2.2
      vertex 7.67999 41.7784 2.2
    endloop
  endfacet
  facet normal 0 0 -1
    outer loop
      vertex 6.60925 -44.1964 2.2
      vertex 8.55963 -43.9529 2.2
      vertex 6.69653 -44.6352 2.2
    endloop
  endfacet
  facet normal 0 0 -1
    outer loop
      vertex 6.63 9 2.2
      vertex 7.67999 41.7784 2.2
      vertex 6.63 -9 2.2
    endloop
  endfacet
  facet normal -0 0 -1
    outer loop
      vertex 8.55963 -43.9529 2.2
      vertex 6.60925 -44.1964 2.2
      vertex 8.51497 -43.7284 2.2
    endloop
  endfacet
  facet normal 0 0 -1
    outer loop
      vertex 8.63321 44.1697 2.2
      vertex 6.69653 44.6352 2.2
      vertex 6.84033 45.0588 2.2
    endloop
  endfacet
  facet normal 0 0 -1
    outer loop
      vertex 6.58 -43.75 2.2
      vertex 8.51497 -43.7284 2.2
      vertex 6.60925 -44.1964 2.2
    endloop
  endfacet
  facet normal 0 0 -1
    outer loop
      vertex 9.01256 44.7374 2.2
      vertex 7.28673 45.832 2.2
      vertex 7.5817 46.1683 2.2
    endloop
  endfacet
  facet normal -0 0 -1
    outer loop
      vertex 8.51497 -43.7284 2.2
      vertex 6.58 -43.75 2.2
      vertex 8.5 -43.5 2.2
    endloop
  endfacet
  facet normal 0 0 -1
    outer loop
      vertex 8.86163 44.5653 2.2
      vertex 7.03819 45.46 2.2
      vertex 7.28673 45.832 2.2
    endloop
  endfacet
  facet normal 0 0 -1
    outer loop
      vertex 8.73446 44.375 2.2
      vertex 6.84033 45.0588 2.2
      vertex 7.03819 45.46 2.2
    endloop
  endfacet
  facet normal -0 0 -1
    outer loop
      vertex 8.5 -43.5 2.2
      vertex 6.58 -43.75 2.2
      vertex 7.67999 -41.7784 2.2
    endloop
  endfacet
  facet normal 0 0 -1
    outer loop
      vertex 6.58 -9 2.2
      vertex 7.67999 -41.7784 2.2
      vertex 6.58 -43.75 2.2
    endloop
  endfacet
  facet normal 0 0 -1
    outer loop
      vertex 7.67999 -41.7784 2.2
      vertex 6.58 -9 2.2
      vertex 6.63 -9 2.2
    endloop
  endfacet
  facet normal 0 0 -1
    outer loop
      vertex 12 -43.5 2.2
      vertex 13.35 -43.5 2.2
      vertex 13.3235 -43.9046 2.2
    endloop
  endfacet
  facet normal 0 0 -1
    outer loop
      vertex 11.985 -43.7284 2.2
      vertex 13.3235 -43.9046 2.2
      vertex 13.2444 -44.3023 2.2
    endloop
  endfacet
  facet normal 0 0 -1
    outer loop
      vertex 13.35 -43.5 2.2
      vertex 12 -43.5 2.2
      vertex 13.3235 -43.0954 2.2
    endloop
  endfacet
  facet normal 0 0 -1
    outer loop
      vertex 11.9404 -43.9529 2.2
      vertex 13.2444 -44.3023 2.2
      vertex 13.114 -44.6863 2.2
    endloop
  endfacet
  facet normal 0 0 -1
    outer loop
      vertex 11.985 -43.2716 2.2
      vertex 13.3235 -43.0954 2.2
      vertex 12 -43.5 2.2
    endloop
  endfacet
  facet normal 0 0 -1
    outer loop
      vertex 11.8668 -44.1697 2.2
      vertex 13.114 -44.6863 2.2
      vertex 12.9347 -45.05 2.2
    endloop
  endfacet
  facet normal -0 0 -1
    outer loop
      vertex 13.3235 -43.0954 2.2
      vertex 11.985 -43.2716 2.2
      vertex 13.2444 -42.6977 2.2
    endloop
  endfacet
  facet normal 0 0 -1
    outer loop
      vertex 11.8668 -44.1697 2.2
      vertex 12.9347 -45.05 2.2
      vertex 12.7094 -45.3872 2.2
    endloop
  endfacet
  facet normal 0 0 -1
    outer loop
      vertex 11.9404 -43.0471 2.2
      vertex 13.2444 -42.6977 2.2
      vertex 11.985 -43.2716 2.2
    endloop
  endfacet
  facet normal 0 0 -1
    outer loop
      vertex 11.8668 -44.1697 2.2
      vertex 12.7094 -45.3872 2.2
      vertex 12.442 -45.692 2.2
    endloop
  endfacet
  facet normal -0 0 -1
    outer loop
      vertex 13.2444 -42.6977 2.2
      vertex 11.9404 -43.0471 2.2
      vertex 13.114 -42.3137 2.2
    endloop
  endfacet
  facet normal 0 0 -1
    outer loop
      vertex 11.8668 -44.1697 2.2
      vertex 12.442 -45.692 2.2
      vertex 12.1372 -45.9594 2.2
    endloop
  endfacet
  facet normal 0 0 -1
    outer loop
      vertex 11.8668 -42.8303 2.2
      vertex 13.114 -42.3137 2.2
      vertex 11.9404 -43.0471 2.2
    endloop
  endfacet
  facet normal -0 0 -1
    outer loop
      vertex 13.114 -42.3137 2.2
      vertex 11.8668 -42.8303 2.2
      vertex 12.9347 -41.95 2.2
    endloop
  endfacet
  facet normal 0 0 -1
    outer loop
      vertex 13.3235 -43.9046 2.2
      vertex 11.985 -43.7284 2.2
      vertex 12 -43.5 2.2
    endloop
  endfacet
  facet normal 0 0 -1
    outer loop
      vertex 11.3153 -44.8884 2.2
      vertex 12.1372 -45.9594 2.2
      vertex 11.9716 -46.07 2.2
    endloop
  endfacet
  facet normal 0 0 -1
    outer loop
      vertex 13.2444 -44.3023 2.2
      vertex 11.9404 -43.9529 2.2
      vertex 11.985 -43.7284 2.2
    endloop
  endfacet
  facet normal 0 0 -1
    outer loop
      vertex 11.7655 -42.625 2.2
      vertex 12.9347 -41.95 2.2
      vertex 11.8668 -42.8303 2.2
    endloop
  endfacet
  facet normal -0 0 -1
    outer loop
      vertex 12.9347 -41.95 2.2
      vertex 11.7655 -42.625 2.2
      vertex 12.7094 -41.6128 2.2
    endloop
  endfacet
  facet normal 0 0 -1
    outer loop
      vertex 11.6384 -42.4347 2.2
      vertex 12.7094 -41.6128 2.2
      vertex 11.7655 -42.625 2.2
    endloop
  endfacet
  facet normal -0 0 -1
    outer loop
      vertex 12.7094 -41.6128 2.2
      vertex 11.6384 -42.4347 2.2
      vertex 12.442 -41.308 2.2
    endloop
  endfacet
  facet normal 0 0 -1
    outer loop
      vertex 11.4874 -42.2626 2.2
      vertex 12.442 -41.308 2.2
      vertex 11.6384 -42.4347 2.2
    endloop
  endfacet
  facet normal -0 0 -1
    outer loop
      vertex 12.442 -41.308 2.2
      vertex 11.4874 -42.2626 2.2
      vertex 12.1372 -41.0406 2.2
    endloop
  endfacet
  facet normal 0 0 -1
    outer loop
      vertex 11.3153 -42.1116 2.2
      vertex 12.1372 -41.0406 2.2
      vertex 11.4874 -42.2626 2.2
    endloop
  endfacet
  facet normal -0 0 -1
    outer loop
      vertex 12.1372 -41.0406 2.2
      vertex 11.3153 -42.1116 2.2
      vertex 11.8 -40.8153 2.2
    endloop
  endfacet
  facet normal 0 0 -1
    outer loop
      vertex 11.125 -41.9845 2.2
      vertex 11.8 -40.8153 2.2
      vertex 11.3153 -42.1116 2.2
    endloop
  endfacet
  facet normal -0 0 -1
    outer loop
      vertex 11.8 -40.8153 2.2
      vertex 11.125 -41.9845 2.2
      vertex 11.4363 -40.636 2.2
    endloop
  endfacet
  facet normal 0 0 -1
    outer loop
      vertex 10.9197 -41.8832 2.2
      vertex 11.4363 -40.636 2.2
      vertex 11.125 -41.9845 2.2
    endloop
  endfacet
  facet normal -0 0 -1
    outer loop
      vertex 11.4363 -40.636 2.2
      vertex 10.9197 -41.8832 2.2
      vertex 11.0523 -40.5056 2.2
    endloop
  endfacet
  facet normal 0 0 -1
    outer loop
      vertex 10.7029 -41.8096 2.2
      vertex 11.0523 -40.5056 2.2
      vertex 10.9197 -41.8832 2.2
    endloop
  endfacet
  facet normal 0 0 -1
    outer loop
      vertex 10.7029 -41.8096 2.2
      vertex 10.6546 -40.4265 2.2
      vertex 11.0523 -40.5056 2.2
    endloop
  endfacet
  facet normal 0 0 -1
    outer loop
      vertex 10.4784 -41.765 2.2
      vertex 10.6546 -40.4265 2.2
      vertex 10.7029 -41.8096 2.2
    endloop
  endfacet
  facet normal 0 0 -1
    outer loop
      vertex 10.25 -41.75 2.2
      vertex 10.6546 -40.4265 2.2
      vertex 10.4784 -41.765 2.2
    endloop
  endfacet
  facet normal 0 0 -1
    outer loop
      vertex 10.25 -41.75 2.2
      vertex 10.25 -40.4 2.2
      vertex 10.6546 -40.4265 2.2
    endloop
  endfacet
  facet normal 0 0 -1
    outer loop
      vertex 10.0216 -41.765 2.2
      vertex 10.25 -40.4 2.2
      vertex 10.25 -41.75 2.2
    endloop
  endfacet
  facet normal 0 0 -1
    outer loop
      vertex 10.0216 -41.765 2.2
      vertex 9.84537 -40.4265 2.2
      vertex 10.25 -40.4 2.2
    endloop
  endfacet
  facet normal 0 0 -1
    outer loop
      vertex 9.79707 -41.8096 2.2
      vertex 9.84537 -40.4265 2.2
      vertex 10.0216 -41.765 2.2
    endloop
  endfacet
  facet normal 0 0 -1
    outer loop
      vertex 9.44766 -40.5056 2.2
      vertex 9.79707 -41.8096 2.2
      vertex 9.5803 -41.8832 2.2
    endloop
  endfacet
  facet normal 0 0 -1
    outer loop
      vertex 9.79707 -41.8096 2.2
      vertex 9.44766 -40.5056 2.2
      vertex 9.84537 -40.4265 2.2
    endloop
  endfacet
  facet normal 0 0 -1
    outer loop
      vertex 9.06368 -40.636 2.2
      vertex 9.5803 -41.8832 2.2
      vertex 9.375 -41.9845 2.2
    endloop
  endfacet
  facet normal 0 0 -1
    outer loop
      vertex 8.7 -40.8153 2.2
      vertex 9.375 -41.9845 2.2
      vertex 9.18467 -42.1116 2.2
    endloop
  endfacet
  facet normal 0 0 -1
    outer loop
      vertex 9.5803 -41.8832 2.2
      vertex 9.06368 -40.636 2.2
      vertex 9.44766 -40.5056 2.2
    endloop
  endfacet
  facet normal 0 0 -1
    outer loop
      vertex 8.36284 -41.0406 2.2
      vertex 9.18467 -42.1116 2.2
      vertex 9.01256 -42.2626 2.2
    endloop
  endfacet
  facet normal 0 0 -1
    outer loop
      vertex 8.36284 -41.0406 2.2
      vertex 9.01256 -42.2626 2.2
      vertex 8.86163 -42.4347 2.2
    endloop
  endfacet
  facet normal 0 0 -1
    outer loop
      vertex 8.36284 -41.0406 2.2
      vertex 8.86163 -42.4347 2.2
      vertex 8.73446 -42.625 2.2
    endloop
  endfacet
  facet normal 0 0 -1
    outer loop
      vertex 9.375 -41.9845 2.2
      vertex 8.7 -40.8153 2.2
      vertex 9.06368 -40.636 2.2
    endloop
  endfacet
  facet normal 0 0 -1
    outer loop
      vertex 8.36284 -41.0406 2.2
      vertex 8.73446 -42.625 2.2
      vertex 8.63321 -42.8303 2.2
    endloop
  endfacet
  facet normal 0 0 -1
    outer loop
      vertex 8.36284 -41.0406 2.2
      vertex 8.63321 -42.8303 2.2
      vertex 8.55963 -43.0471 2.2
    endloop
  endfacet
  facet normal 0 0 -1
    outer loop
      vertex 8.36284 -41.0406 2.2
      vertex 8.55963 -43.0471 2.2
      vertex 8.51497 -43.2716 2.2
    endloop
  endfacet
  facet normal 0 0 -1
    outer loop
      vertex 9.18467 -42.1116 2.2
      vertex 8.36284 -41.0406 2.2
      vertex 8.7 -40.8153 2.2
    endloop
  endfacet
  facet normal 0 0 -1
    outer loop
      vertex 8.36284 -41.0406 2.2
      vertex 8.51497 -43.2716 2.2
      vertex 8.5 -43.5 2.2
    endloop
  endfacet
  facet normal 0 0 -1
    outer loop
      vertex 94.2556 44.3023 2.2
      vertex 95.5596 43.9529 2.2
      vertex 95.515 43.7284 2.2
    endloop
  endfacet
  facet normal 0 0 -1
    outer loop
      vertex 94.1765 43.9046 2.2
      vertex 95.515 43.7284 2.2
      vertex 95.5 43.5 2.2
    endloop
  endfacet
  facet normal 0 0 -1
    outer loop
      vertex 94.386 42.3137 2.2
      vertex 95.6332 42.8303 2.2
      vertex 94.5653 41.95 2.2
    endloop
  endfacet
  facet normal -0 0 -1
    outer loop
      vertex 95.6332 42.8303 2.2
      vertex 94.386 42.3137 2.2
      vertex 95.5596 43.0471 2.2
    endloop
  endfacet
  facet normal 0 0 -1
    outer loop
      vertex 94.2556 42.6977 2.2
      vertex 95.5596 43.0471 2.2
      vertex 94.386 42.3137 2.2
    endloop
  endfacet
  facet normal 0 0 -1
    outer loop
      vertex 95.5596 43.9529 2.2
      vertex 95.3628 45.9594 2.2
      vertex 95.5284 46.07 2.2
    endloop
  endfacet
  facet normal 0 0 -1
    outer loop
      vertex 95.5596 43.9529 2.2
      vertex 95.058 45.692 2.2
      vertex 95.3628 45.9594 2.2
    endloop
  endfacet
  facet normal 0 0 -1
    outer loop
      vertex 95.5596 43.9529 2.2
      vertex 94.7906 45.3872 2.2
      vertex 95.058 45.692 2.2
    endloop
  endfacet
  facet normal -0 0 -1
    outer loop
      vertex 95.5596 43.0471 2.2
      vertex 94.2556 42.6977 2.2
      vertex 95.515 43.2716 2.2
    endloop
  endfacet
  facet normal 0 0 -1
    outer loop
      vertex 95.5596 43.9529 2.2
      vertex 94.5653 45.05 2.2
      vertex 94.7906 45.3872 2.2
    endloop
  endfacet
  facet normal 0 0 -1
    outer loop
      vertex 94.1765 43.0954 2.2
      vertex 95.515 43.2716 2.2
      vertex 94.2556 42.6977 2.2
    endloop
  endfacet
  facet normal 0 0 -1
    outer loop
      vertex 95.5596 43.9529 2.2
      vertex 94.386 44.6863 2.2
      vertex 94.5653 45.05 2.2
    endloop
  endfacet
  facet normal -0 0 -1
    outer loop
      vertex 95.515 43.2716 2.2
      vertex 94.1765 43.0954 2.2
      vertex 95.5 43.5 2.2
    endloop
  endfacet
  facet normal 0 0 -1
    outer loop
      vertex 95.5596 43.9529 2.2
      vertex 94.2556 44.3023 2.2
      vertex 94.386 44.6863 2.2
    endloop
  endfacet
  facet normal 0 0 -1
    outer loop
      vertex 94.15 43.5 2.2
      vertex 95.5 43.5 2.2
      vertex 94.1765 43.0954 2.2
    endloop
  endfacet
  facet normal 0 0 -1
    outer loop
      vertex 95.515 43.7284 2.2
      vertex 94.1765 43.9046 2.2
      vertex 94.2556 44.3023 2.2
    endloop
  endfacet
  facet normal 0 0 -1
    outer loop
      vertex 95.5 43.5 2.2
      vertex 94.15 43.5 2.2
      vertex 94.1765 43.9046 2.2
    endloop
  endfacet
  facet normal -0 0 -1
    outer loop
      vertex 100.92 43.75 2.2
      vertex 98.985 43.7284 2.2
      vertex 100.891 44.1964 2.2
    endloop
  endfacet
  facet normal 0 0 -1
    outer loop
      vertex 99.442 41.308 2.2
      vertex 98.9404 43.0471 2.2
      vertex 98.985 43.2716 2.2
    endloop
  endfacet
  facet normal 0 0 -1
    outer loop
      vertex 99.442 41.308 2.2
      vertex 98.8668 42.8303 2.2
      vertex 98.9404 43.0471 2.2
    endloop
  endfacet
  facet normal 0 0 -1
    outer loop
      vertex 98.3153 42.1116 2.2
      vertex 99.1372 41.0406 2.2
      vertex 98.8 40.8153 2.2
    endloop
  endfacet
  facet normal 0 0 -1
    outer loop
      vertex 99.442 41.308 2.2
      vertex 98.7655 42.625 2.2
      vertex 98.8668 42.8303 2.2
    endloop
  endfacet
  facet normal 0 0 -1
    outer loop
      vertex 99.442 41.308 2.2
      vertex 98.6384 42.4347 2.2
      vertex 98.7655 42.625 2.2
    endloop
  endfacet
  facet normal 0 0 -1
    outer loop
      vertex 99.442 41.308 2.2
      vertex 98.4874 42.2626 2.2
      vertex 98.6384 42.4347 2.2
    endloop
  endfacet
  facet normal 0 0 -1
    outer loop
      vertex 98.125 41.9845 2.2
      vertex 98.8 40.8153 2.2
      vertex 98.4363 40.636 2.2
    endloop
  endfacet
  facet normal 0 0 -1
    outer loop
      vertex 99.1372 41.0406 2.2
      vertex 98.3153 42.1116 2.2
      vertex 98.4874 42.2626 2.2
    endloop
  endfacet
  facet normal 0 0 -1
    outer loop
      vertex 98.8 40.8153 2.2
      vertex 98.125 41.9845 2.2
      vertex 98.3153 42.1116 2.2
    endloop
  endfacet
  facet normal 0 0 -1
    outer loop
      vertex 97.9197 41.8832 2.2
      vertex 98.4363 40.636 2.2
      vertex 98.0523 40.5056 2.2
    endloop
  endfacet
  facet normal 0 0 -1
    outer loop
      vertex 98.4363 40.636 2.2
      vertex 97.9197 41.8832 2.2
      vertex 98.125 41.9845 2.2
    endloop
  endfacet
  facet normal 0 0 -1
    outer loop
      vertex 98.0523 40.5056 2.2
      vertex 97.7029 41.8096 2.2
      vertex 97.9197 41.8832 2.2
    endloop
  endfacet
  facet normal 0 0 -1
    outer loop
      vertex 97.6546 40.4265 2.2
      vertex 97.7029 41.8096 2.2
      vertex 98.0523 40.5056 2.2
    endloop
  endfacet
  facet normal 0 0 -1
    outer loop
      vertex 97.6546 40.4265 2.2
      vertex 97.4784 41.765 2.2
      vertex 97.7029 41.8096 2.2
    endloop
  endfacet
  facet normal 0 0 -1
    outer loop
      vertex 97.25 40.4 2.2
      vertex 97.4784 41.765 2.2
      vertex 97.6546 40.4265 2.2
    endloop
  endfacet
  facet normal 0 0 -1
    outer loop
      vertex 97.25 40.4 2.2
      vertex 97.25 41.75 2.2
      vertex 97.4784 41.765 2.2
    endloop
  endfacet
  facet normal 0 0 -1
    outer loop
      vertex 97.25 40.4 2.2
      vertex 97.0216 41.765 2.2
      vertex 97.25 41.75 2.2
    endloop
  endfacet
  facet normal 0 0 -1
    outer loop
      vertex 96.8454 40.4265 2.2
      vertex 97.0216 41.765 2.2
      vertex 97.25 40.4 2.2
    endloop
  endfacet
  facet normal 0 0 -1
    outer loop
      vertex 96.8454 40.4265 2.2
      vertex 96.7971 41.8096 2.2
      vertex 97.0216 41.765 2.2
    endloop
  endfacet
  facet normal 0 0 -1
    outer loop
      vertex 96.4477 40.5056 2.2
      vertex 96.7971 41.8096 2.2
      vertex 96.8454 40.4265 2.2
    endloop
  endfacet
  facet normal -0 0 -1
    outer loop
      vertex 96.7971 41.8096 2.2
      vertex 96.4477 40.5056 2.2
      vertex 96.5803 41.8832 2.2
    endloop
  endfacet
  facet normal 0 0 -1
    outer loop
      vertex 96.0637 40.636 2.2
      vertex 96.5803 41.8832 2.2
      vertex 96.4477 40.5056 2.2
    endloop
  endfacet
  facet normal -0 0 -1
    outer loop
      vertex 96.5803 41.8832 2.2
      vertex 96.0637 40.636 2.2
      vertex 96.375 41.9845 2.2
    endloop
  endfacet
  facet normal 0 0 -1
    outer loop
      vertex 95.7 40.8153 2.2
      vertex 96.375 41.9845 2.2
      vertex 96.0637 40.636 2.2
    endloop
  endfacet
  facet normal -0 0 -1
    outer loop
      vertex 96.375 41.9845 2.2
      vertex 95.7 40.8153 2.2
      vertex 96.1847 42.1116 2.2
    endloop
  endfacet
  facet normal 0 0 -1
    outer loop
      vertex 95.3628 41.0406 2.2
      vertex 96.1847 42.1116 2.2
      vertex 95.7 40.8153 2.2
    endloop
  endfacet
  facet normal -0 0 -1
    outer loop
      vertex 96.1847 42.1116 2.2
      vertex 95.3628 41.0406 2.2
      vertex 96.0126 42.2626 2.2
    endloop
  endfacet
  facet normal 0 0 -1
    outer loop
      vertex 95.058 41.308 2.2
      vertex 96.0126 42.2626 2.2
      vertex 95.3628 41.0406 2.2
    endloop
  endfacet
  facet normal -0 0 -1
    outer loop
      vertex 96.0126 42.2626 2.2
      vertex 95.058 41.308 2.2
      vertex 95.8616 42.4347 2.2
    endloop
  endfacet
  facet normal 0 0 -1
    outer loop
      vertex 94.7906 41.6128 2.2
      vertex 95.8616 42.4347 2.2
      vertex 95.058 41.308 2.2
    endloop
  endfacet
  facet normal -0 0 -1
    outer loop
      vertex 95.8616 42.4347 2.2
      vertex 94.7906 41.6128 2.2
      vertex 95.7345 42.625 2.2
    endloop
  endfacet
  facet normal -0 0 -1
    outer loop
      vertex 95.7345 42.625 2.2
      vertex 94.5653 41.95 2.2
      vertex 95.6332 42.8303 2.2
    endloop
  endfacet
  facet normal 0 0 -1
    outer loop
      vertex 94.5653 41.95 2.2
      vertex 95.7345 42.625 2.2
      vertex 94.7906 41.6128 2.2
    endloop
  endfacet
  facet normal 0 0 -1
    outer loop
      vertex 98.8668 44.1697 2.2
      vertex 100.803 44.6352 2.2
      vertex 98.9404 43.9529 2.2
    endloop
  endfacet
  facet normal 0 0 -1
    outer loop
      vertex 98.985 43.2716 2.2
      vertex 99.82 41.7784 2.2
      vertex 99.7094 41.6128 2.2
    endloop
  endfacet
  facet normal -0 0 -1
    outer loop
      vertex 100.803 44.6352 2.2
      vertex 98.8668 44.1697 2.2
      vertex 100.66 45.0588 2.2
    endloop
  endfacet
  facet normal 0 0 -1
    outer loop
      vertex 98.985 43.2716 2.2
      vertex 99.7094 41.6128 2.2
      vertex 99.442 41.308 2.2
    endloop
  endfacet
  facet normal 0 0 -1
    outer loop
      vertex 98.7655 44.375 2.2
      vertex 100.66 45.0588 2.2
      vertex 98.8668 44.1697 2.2
    endloop
  endfacet
  facet normal 0 0 -1
    outer loop
      vertex 98.4874 42.2626 2.2
      vertex 99.442 41.308 2.2
      vertex 99.1372 41.0406 2.2
    endloop
  endfacet
  facet normal -0 0 -1
    outer loop
      vertex 100.66 45.0588 2.2
      vertex 98.7655 44.375 2.2
      vertex 100.462 45.46 2.2
    endloop
  endfacet
  facet normal 0 0 -1
    outer loop
      vertex 98.6384 44.5653 2.2
      vertex 100.462 45.46 2.2
      vertex 98.7655 44.375 2.2
    endloop
  endfacet
  facet normal -0 0 -1
    outer loop
      vertex 100.462 45.46 2.2
      vertex 98.6384 44.5653 2.2
      vertex 100.213 45.832 2.2
    endloop
  endfacet
  facet normal 0 0 -1
    outer loop
      vertex 98.4874 44.7374 2.2
      vertex 100.213 45.832 2.2
      vertex 98.6384 44.5653 2.2
    endloop
  endfacet
  facet normal -0 0 -1
    outer loop
      vertex 100.213 45.832 2.2
      vertex 98.4874 44.7374 2.2
      vertex 99.9183 46.1683 2.2
    endloop
  endfacet
  facet normal -0 0 -1
    outer loop
      vertex 99.9183 46.1683 2.2
      vertex 98.4874 44.7374 2.2
      vertex 99.582 46.4633 2.2
    endloop
  endfacet
  facet normal 0 0 -1
    outer loop
      vertex 98.3153 44.8884 2.2
      vertex 99.582 46.4633 2.2
      vertex 98.4874 44.7374 2.2
    endloop
  endfacet
  facet normal -0 0 -1
    outer loop
      vertex 99.582 46.4633 2.2
      vertex 98.3153 44.8884 2.2
      vertex 99.21 46.7118 2.2
    endloop
  endfacet
  facet normal 0 0 -1
    outer loop
      vertex 98.125 45.0155 2.2
      vertex 99.21 46.7118 2.2
      vertex 98.3153 44.8884 2.2
    endloop
  endfacet
  facet normal -0 0 -1
    outer loop
      vertex 99.21 46.7118 2.2
      vertex 98.125 45.0155 2.2
      vertex 98.8088 46.9097 2.2
    endloop
  endfacet
  facet normal 0 0 -1
    outer loop
      vertex 97.9197 45.1168 2.2
      vertex 98.8088 46.9097 2.2
      vertex 98.125 45.0155 2.2
    endloop
  endfacet
  facet normal -0 0 -1
    outer loop
      vertex 98.8088 46.9097 2.2
      vertex 97.9197 45.1168 2.2
      vertex 98.3852 47.0535 2.2
    endloop
  endfacet
  facet normal 0 0 -1
    outer loop
      vertex 97.7029 45.1904 2.2
      vertex 98.3852 47.0535 2.2
      vertex 97.9197 45.1168 2.2
    endloop
  endfacet
  facet normal -0 0 -1
    outer loop
      vertex 98.3852 47.0535 2.2
      vertex 97.7029 45.1904 2.2
      vertex 97.9464 47.1407 2.2
    endloop
  endfacet
  facet normal 0 0 -1
    outer loop
      vertex 97.4784 45.235 2.2
      vertex 97.9464 47.1407 2.2
      vertex 97.7029 45.1904 2.2
    endloop
  endfacet
  facet normal -0 0 -1
    outer loop
      vertex 97.9464 47.1407 2.2
      vertex 97.4784 45.235 2.2
      vertex 97.5 47.17 2.2
    endloop
  endfacet
  facet normal 0 0 -1
    outer loop
      vertex 97.25 45.25 2.2
      vertex 97.5 47.17 2.2
      vertex 97.4784 45.235 2.2
    endloop
  endfacet
  facet normal 0 0 -1
    outer loop
      vertex 97.0216 45.235 2.2
      vertex 97.5 47.17 2.2
      vertex 97.25 45.25 2.2
    endloop
  endfacet
  facet normal 0 0 -1
    outer loop
      vertex 96.7971 45.1904 2.2
      vertex 97.5 47.17 2.2
      vertex 97.0216 45.235 2.2
    endloop
  endfacet
  facet normal 0 0 -1
    outer loop
      vertex 95.5284 46.07 2.2
      vertex 96.7971 45.1904 2.2
      vertex 96.5803 45.1168 2.2
    endloop
  endfacet
  facet normal 0 0 -1
    outer loop
      vertex 95.5284 46.07 2.2
      vertex 96.5803 45.1168 2.2
      vertex 96.375 45.0155 2.2
    endloop
  endfacet
  facet normal 0 0 -1
    outer loop
      vertex 95.5284 46.07 2.2
      vertex 96.375 45.0155 2.2
      vertex 96.1847 44.8884 2.2
    endloop
  endfacet
  facet normal 0 0 -1
    outer loop
      vertex 95.5284 46.07 2.2
      vertex 96.1847 44.8884 2.2
      vertex 96.0126 44.7374 2.2
    endloop
  endfacet
  facet normal 0 0 -1
    outer loop
      vertex 95.5284 46.07 2.2
      vertex 96.0126 44.7374 2.2
      vertex 95.8616 44.5653 2.2
    endloop
  endfacet
  facet normal 0 0 -1
    outer loop
      vertex 95.5284 46.07 2.2
      vertex 95.8616 44.5653 2.2
      vertex 95.7345 44.375 2.2
    endloop
  endfacet
  facet normal 0 0 -1
    outer loop
      vertex 95.5284 46.07 2.2
      vertex 95.6332 44.1697 2.2
      vertex 95.5596 43.9529 2.2
    endloop
  endfacet
  facet normal 0 0 -1
    outer loop
      vertex 95.5284 46.07 2.2
      vertex 95.7345 44.375 2.2
      vertex 95.6332 44.1697 2.2
    endloop
  endfacet
  facet normal 0 0 -1
    outer loop
      vertex 96.7971 45.1904 2.2
      vertex 95.5284 46.07 2.2
      vertex 97.5 47.17 2.2
    endloop
  endfacet
  facet normal 0 0 -1
    outer loop
      vertex 62.75 47.17 2.2
      vertex 95.5284 46.07 2.2
      vertex 62.75 47.12 2.2
    endloop
  endfacet
  facet normal 0 0 -1
    outer loop
      vertex 95.5284 46.07 2.2
      vertex 62.75 47.17 2.2
      vertex 97.5 47.17 2.2
    endloop
  endfacet
  facet normal 0 0 -1
    outer loop
      vertex 98.7655 -42.625 2.2
      vertex 99.82 -41.7784 2.2
      vertex 98.8668 -42.8303 2.2
    endloop
  endfacet
  facet normal 0 0 -1
    outer loop
      vertex 98.6384 -42.4347 2.2
      vertex 99.82 -41.7784 2.2
      vertex 98.7655 -42.625 2.2
    endloop
  endfacet
  facet normal -0 0 -1
    outer loop
      vertex 99.82 -41.7784 2.2
      vertex 98.6384 -42.4347 2.2
      vertex 99.7094 -41.6128 2.2
    endloop
  endfacet
  facet normal -0 0 -1
    outer loop
      vertex 99.7094 -41.6128 2.2
      vertex 98.6384 -42.4347 2.2
      vertex 99.442 -41.308 2.2
    endloop
  endfacet
  facet normal 0 0 -1
    outer loop
      vertex 98.4874 -42.2626 2.2
      vertex 99.442 -41.308 2.2
      vertex 98.6384 -42.4347 2.2
    endloop
  endfacet
  facet normal -0 0 -1
    outer loop
      vertex 99.442 -41.308 2.2
      vertex 98.4874 -42.2626 2.2
      vertex 99.1372 -41.0406 2.2
    endloop
  endfacet
  facet normal 0 0 -1
    outer loop
      vertex 98.3153 -42.1116 2.2
      vertex 99.1372 -41.0406 2.2
      vertex 98.4874 -42.2626 2.2
    endloop
  endfacet
  facet normal -0 0 -1
    outer loop
      vertex 99.1372 -41.0406 2.2
      vertex 98.3153 -42.1116 2.2
      vertex 98.8 -40.8153 2.2
    endloop
  endfacet
  facet normal 0 0 -1
    outer loop
      vertex 98.125 -41.9845 2.2
      vertex 98.8 -40.8153 2.2
      vertex 98.3153 -42.1116 2.2
    endloop
  endfacet
  facet normal -0 0 -1
    outer loop
      vertex 98.8 -40.8153 2.2
      vertex 98.125 -41.9845 2.2
      vertex 98.4363 -40.636 2.2
    endloop
  endfacet
  facet normal 0 0 -1
    outer loop
      vertex 97.9197 -41.8832 2.2
      vertex 98.4363 -40.636 2.2
      vertex 98.125 -41.9845 2.2
    endloop
  endfacet
  facet normal -0 0 -1
    outer loop
      vertex 98.4363 -40.636 2.2
      vertex 97.9197 -41.8832 2.2
      vertex 98.0523 -40.5056 2.2
    endloop
  endfacet
  facet normal 0 0 -1
    outer loop
      vertex 97.7029 -41.8096 2.2
      vertex 98.0523 -40.5056 2.2
      vertex 97.9197 -41.8832 2.2
    endloop
  endfacet
  facet normal 0 0 -1
    outer loop
      vertex 97.7029 -41.8096 2.2
      vertex 97.6546 -40.4265 2.2
      vertex 98.0523 -40.5056 2.2
    endloop
  endfacet
  facet normal 0 0 -1
    outer loop
      vertex 97.4784 -41.765 2.2
      vertex 97.6546 -40.4265 2.2
      vertex 97.7029 -41.8096 2.2
    endloop
  endfacet
  facet normal 0 0 -1
    outer loop
      vertex 97.25 -41.75 2.2
      vertex 97.6546 -40.4265 2.2
      vertex 97.4784 -41.765 2.2
    endloop
  endfacet
  facet normal 0 0 -1
    outer loop
      vertex 97.25 -41.75 2.2
      vertex 97.25 -40.4 2.2
      vertex 97.6546 -40.4265 2.2
    endloop
  endfacet
  facet normal 0 0 -1
    outer loop
      vertex 97.0216 -41.765 2.2
      vertex 97.25 -40.4 2.2
      vertex 97.25 -41.75 2.2
    endloop
  endfacet
  facet normal 0 0 -1
    outer loop
      vertex 97.0216 -41.765 2.2
      vertex 96.8454 -40.4265 2.2
      vertex 97.25 -40.4 2.2
    endloop
  endfacet
  facet normal 0 0 -1
    outer loop
      vertex 96.7971 -41.8096 2.2
      vertex 96.8454 -40.4265 2.2
      vertex 97.0216 -41.765 2.2
    endloop
  endfacet
  facet normal 0 0 -1
    outer loop
      vertex 96.4477 -40.5056 2.2
      vertex 96.7971 -41.8096 2.2
      vertex 96.5803 -41.8832 2.2
    endloop
  endfacet
  facet normal 0 0 -1
    outer loop
      vertex 96.7971 -41.8096 2.2
      vertex 96.4477 -40.5056 2.2
      vertex 96.8454 -40.4265 2.2
    endloop
  endfacet
  facet normal 0 0 -1
    outer loop
      vertex 96.0637 -40.636 2.2
      vertex 96.5803 -41.8832 2.2
      vertex 96.375 -41.9845 2.2
    endloop
  endfacet
  facet normal 0 0 -1
    outer loop
      vertex 95.7 -40.8153 2.2
      vertex 96.375 -41.9845 2.2
      vertex 96.1847 -42.1116 2.2
    endloop
  endfacet
  facet normal 0 0 -1
    outer loop
      vertex 96.5803 -41.8832 2.2
      vertex 96.0637 -40.636 2.2
      vertex 96.4477 -40.5056 2.2
    endloop
  endfacet
  facet normal 0 0 -1
    outer loop
      vertex 95.3628 -41.0406 2.2
      vertex 96.1847 -42.1116 2.2
      vertex 96.0126 -42.2626 2.2
    endloop
  endfacet
  facet normal 0 0 -1
    outer loop
      vertex 95.058 -41.308 2.2
      vertex 96.0126 -42.2626 2.2
      vertex 95.8616 -42.4347 2.2
    endloop
  endfacet
  facet normal 0 0 -1
    outer loop
      vertex 94.7906 -41.6128 2.2
      vertex 95.8616 -42.4347 2.2
      vertex 95.7345 -42.625 2.2
    endloop
  endfacet
  facet normal 0 0 -1
    outer loop
      vertex 96.375 -41.9845 2.2
      vertex 95.7 -40.8153 2.2
      vertex 96.0637 -40.636 2.2
    endloop
  endfacet
  facet normal 0 0 -1
    outer loop
      vertex 94.5653 -41.95 2.2
      vertex 95.7345 -42.625 2.2
      vertex 95.6332 -42.8303 2.2
    endloop
  endfacet
  facet normal 0 0 -1
    outer loop
      vertex 94.386 -42.3137 2.2
      vertex 95.6332 -42.8303 2.2
      vertex 95.5596 -43.0471 2.2
    endloop
  endfacet
  facet normal 0 0 -1
    outer loop
      vertex 94.2556 -42.6977 2.2
      vertex 95.5596 -43.0471 2.2
      vertex 95.515 -43.2716 2.2
    endloop
  endfacet
  facet normal 0 0 -1
    outer loop
      vertex 96.1847 -42.1116 2.2
      vertex 95.3628 -41.0406 2.2
      vertex 95.7 -40.8153 2.2
    endloop
  endfacet
  facet normal 0 0 -1
    outer loop
      vertex 94.1765 -43.0954 2.2
      vertex 95.515 -43.2716 2.2
      vertex 95.5 -43.5 2.2
    endloop
  endfacet
  facet normal 0 0 -1
    outer loop
      vertex 94.386 -44.6863 2.2
      vertex 95.6332 -44.1697 2.2
      vertex 94.5653 -45.05 2.2
    endloop
  endfacet
  facet normal -0 0 -1
    outer loop
      vertex 95.6332 -44.1697 2.2
      vertex 94.386 -44.6863 2.2
      vertex 95.5596 -43.9529 2.2
    endloop
  endfacet
  facet normal 0 0 -1
    outer loop
      vertex 96.0126 -42.2626 2.2
      vertex 95.058 -41.308 2.2
      vertex 95.3628 -41.0406 2.2
    endloop
  endfacet
  facet normal 0 0 -1
    outer loop
      vertex 94.2556 -44.3023 2.2
      vertex 95.5596 -43.9529 2.2
      vertex 94.386 -44.6863 2.2
    endloop
  endfacet
  facet normal 0 0 -1
    outer loop
      vertex 95.8616 -42.4347 2.2
      vertex 94.7906 -41.6128 2.2
      vertex 95.058 -41.308 2.2
    endloop
  endfacet
  facet normal -0 0 -1
    outer loop
      vertex 95.5596 -43.9529 2.2
      vertex 94.2556 -44.3023 2.2
      vertex 95.515 -43.7284 2.2
    endloop
  endfacet
  facet normal 0 0 -1
    outer loop
      vertex 95.7345 -42.625 2.2
      vertex 94.5653 -41.95 2.2
      vertex 94.7906 -41.6128 2.2
    endloop
  endfacet
  facet normal 0 0 -1
    outer loop
      vertex 94.1765 -43.9046 2.2
      vertex 95.515 -43.7284 2.2
      vertex 94.2556 -44.3023 2.2
    endloop
  endfacet
  facet normal 0 0 -1
    outer loop
      vertex 95.6332 -42.8303 2.2
      vertex 94.386 -42.3137 2.2
      vertex 94.5653 -41.95 2.2
    endloop
  endfacet
  facet normal -0 0 -1
    outer loop
      vertex 95.515 -43.7284 2.2
      vertex 94.1765 -43.9046 2.2
      vertex 95.5 -43.5 2.2
    endloop
  endfacet
  facet normal 0 0 -1
    outer loop
      vertex 95.5596 -43.0471 2.2
      vertex 94.2556 -42.6977 2.2
      vertex 94.386 -42.3137 2.2
    endloop
  endfacet
  facet normal 0 0 -1
    outer loop
      vertex 94.15 -43.5 2.2
      vertex 95.5 -43.5 2.2
      vertex 94.1765 -43.9046 2.2
    endloop
  endfacet
  facet normal 0 0 -1
    outer loop
      vertex 95.515 -43.2716 2.2
      vertex 94.1765 -43.0954 2.2
      vertex 94.2556 -42.6977 2.2
    endloop
  endfacet
  facet normal 0 0 -1
    outer loop
      vertex 95.5 -43.5 2.2
      vertex 94.15 -43.5 2.2
      vertex 94.1765 -43.0954 2.2
    endloop
  endfacet
  facet normal -0 0 -1
    outer loop
      vertex 95.8616 -44.5653 2.2
      vertex 94.7906 -45.3872 2.2
      vertex 95.7345 -44.375 2.2
    endloop
  endfacet
  facet normal 0 0 -1
    outer loop
      vertex 94.5653 -45.05 2.2
      vertex 95.7345 -44.375 2.2
      vertex 94.7906 -45.3872 2.2
    endloop
  endfacet
  facet normal -0 0 -1
    outer loop
      vertex 95.7345 -44.375 2.2
      vertex 94.5653 -45.05 2.2
      vertex 95.6332 -44.1697 2.2
    endloop
  endfacet
  facet normal -0.831493 0.555536 0
    outer loop
      vertex 7.03819 45.46 2.2
      vertex 7.28673 45.832 4
      vertex 7.28673 45.832 2.2
    endloop
  endfacet
  facet normal -0.831493 0.555536 0
    outer loop
      vertex 7.28673 45.832 4
      vertex 7.03819 45.46 2.2
      vertex 7.03819 45.46 4
    endloop
  endfacet
  facet normal 1 -0 0
    outer loop
      vertex 100.92 -43.75 4
      vertex 100.92 -9 2.2
      vertex 100.92 -9 4
    endloop
  endfacet
  facet normal 1 0 0
    outer loop
      vertex 100.92 -9 2.2
      vertex 100.92 -43.75 4
      vertex 100.92 -43.75 2.2
    endloop
  endfacet
  facet normal 1 -0 0
    outer loop
      vertex 100.92 9 4
      vertex 100.92 43.75 2.2
      vertex 100.92 43.75 4
    endloop
  endfacet
  facet normal 1 0 0
    outer loop
      vertex 100.92 43.75 2.2
      vertex 100.92 9 4
      vertex 100.92 9 2.2
    endloop
  endfacet
  facet normal 0.659438 0.751759 -0
    outer loop
      vertex 99.9183 46.1683 2.2
      vertex 99.582 46.4633 4
      vertex 99.9183 46.1683 4
    endloop
  endfacet
  facet normal 0.659438 0.751759 0
    outer loop
      vertex 99.582 46.4633 4
      vertex 99.9183 46.1683 2.2
      vertex 99.582 46.4633 2.2
    endloop
  endfacet
  facet normal 0.947469 0.319849 0
    outer loop
      vertex 100.803 44.6352 4
      vertex 100.66 45.0588 2.2
      vertex 100.66 45.0588 4
    endloop
  endfacet
  facet normal 0.947469 0.319849 0
    outer loop
      vertex 100.66 45.0588 2.2
      vertex 100.803 44.6352 4
      vertex 100.803 44.6352 2.2
    endloop
  endfacet
  facet normal -0.946925 0.321454 0
    outer loop
      vertex 6.69653 44.6352 2.2
      vertex 6.84033 45.0588 4
      vertex 6.84033 45.0588 2.2
    endloop
  endfacet
  facet normal -0.946925 0.321454 0
    outer loop
      vertex 6.84033 45.0588 4
      vertex 6.69653 44.6352 2.2
      vertex 6.69653 44.6352 4
    endloop
  endfacet
  facet normal 0.752092 -0.659059 0
    outer loop
      vertex 99.9183 -46.1683 4
      vertex 100.213 -45.832 2.2
      vertex 100.213 -45.832 4
    endloop
  endfacet
  facet normal 0.752092 -0.659059 0
    outer loop
      vertex 100.213 -45.832 2.2
      vertex 99.9183 -46.1683 4
      vertex 99.9183 -46.1683 2.2
    endloop
  endfacet
  facet normal -0.555515 0.831507 0
    outer loop
      vertex 8.28999 46.7118 2.2
      vertex 7.91803 46.4633 4
      vertex 8.28999 46.7118 4
    endloop
  endfacet
  facet normal -0.555515 0.831507 0
    outer loop
      vertex 7.91803 46.4633 4
      vertex 8.28999 46.7118 2.2
      vertex 7.91803 46.4633 2.2
    endloop
  endfacet
  facet normal -0.555515 -0.831507 0
    outer loop
      vertex 7.91803 -46.4633 2.2
      vertex 8.28999 -46.7118 4
      vertex 7.91803 -46.4633 4
    endloop
  endfacet
  facet normal -0.555515 -0.831507 -0
    outer loop
      vertex 8.28999 -46.7118 4
      vertex 7.91803 -46.4633 2.2
      vertex 8.28999 -46.7118 2.2
    endloop
  endfacet
  facet normal -0.980786 0.195084 0
    outer loop
      vertex 6.60925 44.1964 2.2
      vertex 6.69653 44.6352 4
      vertex 6.69653 44.6352 2.2
    endloop
  endfacet
  facet normal -0.980786 0.195084 0
    outer loop
      vertex 6.69653 44.6352 4
      vertex 6.60925 44.1964 2.2
      vertex 6.60925 44.1964 4
    endloop
  endfacet
  facet normal 0.321454 0.946925 -0
    outer loop
      vertex 98.8088 46.9097 2.2
      vertex 98.3852 47.0535 4
      vertex 98.8088 46.9097 4
    endloop
  endfacet
  facet normal 0.321454 0.946925 0
    outer loop
      vertex 98.3852 47.0535 4
      vertex 98.8088 46.9097 2.2
      vertex 98.3852 47.0535 2.2
    endloop
  endfacet
  facet normal 0.555474 0.831534 -0
    outer loop
      vertex 99.582 46.4633 2.2
      vertex 99.21 46.7118 4
      vertex 99.582 46.4633 4
    endloop
  endfacet
  facet normal 0.555474 0.831534 0
    outer loop
      vertex 99.21 46.7118 4
      vertex 99.582 46.4633 2.2
      vertex 99.21 46.7118 2.2
    endloop
  endfacet
  facet normal -0.896864 -0.442307 0
    outer loop
      vertex 7.03819 -45.46 2.2
      vertex 6.84033 -45.0588 4
      vertex 6.84033 -45.0588 2.2
    endloop
  endfacet
  facet normal -0.896864 -0.442307 0
    outer loop
      vertex 6.84033 -45.0588 4
      vertex 7.03819 -45.46 2.2
      vertex 7.03819 -45.46 4
    endloop
  endfacet
  facet normal 0.997896 -0.0648275 0
    outer loop
      vertex 100.891 -44.1964 4
      vertex 100.92 -43.75 2.2
      vertex 100.92 -43.75 4
    endloop
  endfacet
  facet normal 0.997896 -0.0648275 0
    outer loop
      vertex 100.92 -43.75 2.2
      vertex 100.891 -44.1964 4
      vertex 100.891 -44.1964 2.2
    endloop
  endfacet
  facet normal 0.194912 -0.980821 0
    outer loop
      vertex 97.9464 -47.1407 2.2
      vertex 98.3852 -47.0535 4
      vertex 97.9464 -47.1407 4
    endloop
  endfacet
  facet normal 0.194912 -0.980821 0
    outer loop
      vertex 98.3852 -47.0535 4
      vertex 97.9464 -47.1407 2.2
      vertex 98.3852 -47.0535 2.2
    endloop
  endfacet
  facet normal 0.194912 0.980821 -0
    outer loop
      vertex 98.3852 47.0535 2.2
      vertex 97.9464 47.1407 4
      vertex 98.3852 47.0535 4
    endloop
  endfacet
  facet normal 0.194912 0.980821 0
    outer loop
      vertex 97.9464 47.1407 4
      vertex 98.3852 47.0535 2.2
      vertex 97.9464 47.1407 2.2
    endloop
  endfacet
  facet normal -0.751792 0.6594 0
    outer loop
      vertex 7.28673 45.832 2.2
      vertex 7.5817 46.1683 4
      vertex 7.5817 46.1683 2.2
    endloop
  endfacet
  facet normal -0.751792 0.6594 0
    outer loop
      vertex 7.5817 46.1683 4
      vertex 7.28673 45.832 2.2
      vertex 7.28673 45.832 4
    endloop
  endfacet
  facet normal -0.659405 0.751788 0
    outer loop
      vertex 7.91803 46.4633 2.2
      vertex 7.5817 46.1683 4
      vertex 7.91803 46.4633 4
    endloop
  endfacet
  facet normal -0.659405 0.751788 0
    outer loop
      vertex 7.5817 46.1683 4
      vertex 7.91803 46.4633 2.2
      vertex 7.5817 46.1683 2.2
    endloop
  endfacet
  facet normal 0.89674 0.442558 0
    outer loop
      vertex 100.66 45.0588 4
      vertex 100.462 45.46 2.2
      vertex 100.462 45.46 4
    endloop
  endfacet
  facet normal 0.89674 0.442558 0
    outer loop
      vertex 100.462 45.46 2.2
      vertex 100.66 45.0588 4
      vertex 100.66 45.0588 2.2
    endloop
  endfacet
  facet normal 0.831018 0.556246 0
    outer loop
      vertex 100.462 45.46 4
      vertex 100.213 45.832 2.2
      vertex 100.213 45.832 4
    endloop
  endfacet
  facet normal 0.831018 0.556246 0
    outer loop
      vertex 100.213 45.832 2.2
      vertex 100.462 45.46 4
      vertex 100.462 45.46 2.2
    endloop
  endfacet
  facet normal -0.980786 -0.195084 0
    outer loop
      vertex 6.69653 -44.6352 2.2
      vertex 6.60925 -44.1964 4
      vertex 6.60925 -44.1964 2.2
    endloop
  endfacet
  facet normal -0.980786 -0.195084 0
    outer loop
      vertex 6.60925 -44.1964 4
      vertex 6.69653 -44.6352 2.2
      vertex 6.69653 -44.6352 4
    endloop
  endfacet
  facet normal -0.896864 0.442307 0
    outer loop
      vertex 6.84033 45.0588 2.2
      vertex 7.03819 45.46 4
      vertex 7.03819 45.46 2.2
    endloop
  endfacet
  facet normal -0.896864 0.442307 0
    outer loop
      vertex 7.03819 45.46 4
      vertex 6.84033 45.0588 2.2
      vertex 6.84033 45.0588 4
    endloop
  endfacet
  facet normal 0.659438 -0.751759 0
    outer loop
      vertex 99.582 -46.4633 2.2
      vertex 99.9183 -46.1683 4
      vertex 99.582 -46.4633 4
    endloop
  endfacet
  facet normal 0.659438 -0.751759 0
    outer loop
      vertex 99.9183 -46.1683 4
      vertex 99.582 -46.4633 2.2
      vertex 99.9183 -46.1683 2.2
    endloop
  endfacet
  facet normal 0.997896 0.0648275 0
    outer loop
      vertex 100.92 43.75 4
      vertex 100.891 44.1964 2.2
      vertex 100.891 44.1964 4
    endloop
  endfacet
  facet normal 0.997896 0.0648275 0
    outer loop
      vertex 100.891 44.1964 2.2
      vertex 100.92 43.75 4
      vertex 100.92 43.75 2.2
    endloop
  endfacet
  facet normal -0.99786 -0.065384 0
    outer loop
      vertex 6.60925 -44.1964 2.2
      vertex 6.58 -43.75 4
      vertex 6.58 -43.75 2.2
    endloop
  endfacet
  facet normal -0.99786 -0.065384 0
    outer loop
      vertex 6.58 -43.75 4
      vertex 6.60925 -44.1964 2.2
      vertex 6.60925 -44.1964 4
    endloop
  endfacet
  facet normal 0.752092 0.659059 0
    outer loop
      vertex 100.213 45.832 4
      vertex 99.9183 46.1683 2.2
      vertex 99.9183 46.1683 4
    endloop
  endfacet
  facet normal 0.752092 0.659059 0
    outer loop
      vertex 99.9183 46.1683 2.2
      vertex 100.213 45.832 4
      vertex 100.213 45.832 2.2
    endloop
  endfacet
  facet normal 0.980477 -0.196632 0
    outer loop
      vertex 100.803 -44.6352 4
      vertex 100.891 -44.1964 2.2
      vertex 100.891 -44.1964 4
    endloop
  endfacet
  facet normal 0.980477 -0.196632 0
    outer loop
      vertex 100.891 -44.1964 2.2
      vertex 100.803 -44.6352 4
      vertex 100.803 -44.6352 2.2
    endloop
  endfacet
  facet normal 0.321454 -0.946925 0
    outer loop
      vertex 98.3852 -47.0535 2.2
      vertex 98.8088 -46.9097 4
      vertex 98.3852 -47.0535 4
    endloop
  endfacet
  facet normal 0.321454 -0.946925 0
    outer loop
      vertex 98.8088 -46.9097 4
      vertex 98.3852 -47.0535 2.2
      vertex 98.8088 -46.9097 2.2
    endloop
  endfacet
  facet normal 0.442379 -0.896828 0
    outer loop
      vertex 98.8088 -46.9097 2.2
      vertex 99.21 -46.7118 4
      vertex 98.8088 -46.9097 4
    endloop
  endfacet
  facet normal 0.442379 -0.896828 0
    outer loop
      vertex 99.21 -46.7118 4
      vertex 98.8088 -46.9097 2.2
      vertex 99.21 -46.7118 2.2
    endloop
  endfacet
  facet normal 0.947469 -0.319849 0
    outer loop
      vertex 100.66 -45.0588 4
      vertex 100.803 -44.6352 2.2
      vertex 100.803 -44.6352 4
    endloop
  endfacet
  facet normal 0.947469 -0.319849 0
    outer loop
      vertex 100.803 -44.6352 2.2
      vertex 100.66 -45.0588 4
      vertex 100.66 -45.0588 2.2
    endloop
  endfacet
  facet normal 1 -0 0
    outer loop
      vertex 7.67999 -41.7784 4
      vertex 7.67999 41.7784 2.2
      vertex 7.67999 41.7784 4
    endloop
  endfacet
  facet normal 1 0 0
    outer loop
      vertex 7.67999 41.7784 2.2
      vertex 7.67999 -41.7784 4
      vertex 7.67999 -41.7784 2.2
    endloop
  endfacet
  facet normal 0 -1 0
    outer loop
      vertex 11.9716 46.07 2.2
      vertex 95.5284 46.07 4
      vertex 11.9716 46.07 4
    endloop
  endfacet
  facet normal 0 -1 -0
    outer loop
      vertex 95.5284 46.07 4
      vertex 11.9716 46.07 2.2
      vertex 95.5284 46.07 2.2
    endloop
  endfacet
  facet normal 0 1 -0
    outer loop
      vertex 95.5284 -46.07 2.2
      vertex 11.9716 -46.07 4
      vertex 95.5284 -46.07 4
    endloop
  endfacet
  facet normal 0 1 0
    outer loop
      vertex 11.9716 -46.07 4
      vertex 95.5284 -46.07 2.2
      vertex 11.9716 -46.07 2.2
    endloop
  endfacet
  facet normal -1 0 0
    outer loop
      vertex 99.82 -41.7784 2.2
      vertex 99.82 41.7784 4
      vertex 99.82 41.7784 2.2
    endloop
  endfacet
  facet normal -1 -0 0
    outer loop
      vertex 99.82 41.7784 4
      vertex 99.82 -41.7784 2.2
      vertex 99.82 -41.7784 4
    endloop
  endfacet
  facet normal -0 0 1
    outer loop
      vertex 6.33 9 4
      vertex 6.63 -9 4
      vertex 6.63 9 4
    endloop
  endfacet
  facet normal 0 0 1
    outer loop
      vertex 6.63 -9 4
      vertex 6.33 9 4
      vertex 6.33 -9 4
    endloop
  endfacet
  facet normal 0 0 1
    outer loop
      vertex 100.803 44.6352 2.2
      vertex 100.92 43.75 2.2
      vertex 100.891 44.1964 2.2
    endloop
  endfacet
  facet normal 0 0 1
    outer loop
      vertex 100.92 43.75 2.2
      vertex 100.87 9 2.2
      vertex 100.92 9 2.2
    endloop
  endfacet
  facet normal 0 0 1
    outer loop
      vertex 100.92 43.75 2.2
      vertex 82.2282 20.0123 2.2
      vertex 100.87 9 2.2
    endloop
  endfacet
  facet normal 0 0 1
    outer loop
      vertex 97.5 47.17 2.2
      vertex 100.92 43.75 2.2
      vertex 100.803 44.6352 2.2
    endloop
  endfacet
  facet normal -0 0 1
    outer loop
      vertex 100.87 -9 2.2
      vertex 100.92 -43.75 2.2
      vertex 100.92 -9 2.2
    endloop
  endfacet
  facet normal -0 0 1
    outer loop
      vertex 82.2282 -20.0123 2.2
      vertex 100.92 -43.75 2.2
      vertex 100.87 -9 2.2
    endloop
  endfacet
  facet normal 0 0 1
    outer loop
      vertex 100.87 9 2.2
      vertex 82.35 19.4 2.2
      vertex 100.87 -9 2.2
    endloop
  endfacet
  facet normal 0 0 1
    outer loop
      vertex 82.35 -19.4 2.2
      vertex 100.87 -9 2.2
      vertex 82.35 19.4 2.2
    endloop
  endfacet
  facet normal 0 0 1
    outer loop
      vertex 97.5 47.17 2.2
      vertex 100.803 44.6352 2.2
      vertex 100.66 45.0588 2.2
    endloop
  endfacet
  facet normal 0 0 1
    outer loop
      vertex 82.3363 -19.6088 2.2
      vertex 100.87 -9 2.2
      vertex 82.35 -19.4 2.2
    endloop
  endfacet
  facet normal 0 0 1
    outer loop
      vertex 97.5 47.17 2.2
      vertex 100.66 45.0588 2.2
      vertex 100.462 45.46 2.2
    endloop
  endfacet
  facet normal 0 0 1
    outer loop
      vertex 82.2955 -19.8141 2.2
      vertex 100.87 -9 2.2
      vertex 82.3363 -19.6088 2.2
    endloop
  endfacet
  facet normal 0 0 1
    outer loop
      vertex 97.5 47.17 2.2
      vertex 100.462 45.46 2.2
      vertex 100.213 45.832 2.2
    endloop
  endfacet
  facet normal 0 0 1
    outer loop
      vertex 82.2282 -20.0123 2.2
      vertex 100.87 -9 2.2
      vertex 82.2955 -19.8141 2.2
    endloop
  endfacet
  facet normal 0 0 1
    outer loop
      vertex 97.5 47.17 2.2
      vertex 100.213 45.832 2.2
      vertex 99.9183 46.1683 2.2
    endloop
  endfacet
  facet normal -0 0 1
    outer loop
      vertex 82.1356 -20.2 2.2
      vertex 100.92 -43.75 2.2
      vertex 82.2282 -20.0123 2.2
    endloop
  endfacet
  facet normal 0 0 1
    outer loop
      vertex 97.5 47.17 2.2
      vertex 99.9183 46.1683 2.2
      vertex 99.582 46.4633 2.2
    endloop
  endfacet
  facet normal -0 0 1
    outer loop
      vertex 82.0194 -20.374 2.2
      vertex 100.92 -43.75 2.2
      vertex 82.1356 -20.2 2.2
    endloop
  endfacet
  facet normal 0 0 1
    outer loop
      vertex 97.5 47.17 2.2
      vertex 99.582 46.4633 2.2
      vertex 99.21 46.7118 2.2
    endloop
  endfacet
  facet normal -0 0 1
    outer loop
      vertex 81.8814 -20.5314 2.2
      vertex 100.92 -43.75 2.2
      vertex 82.0194 -20.374 2.2
    endloop
  endfacet
  facet normal 0 0 1
    outer loop
      vertex 97.5 47.17 2.2
      vertex 99.21 46.7118 2.2
      vertex 98.8088 46.9097 2.2
    endloop
  endfacet
  facet normal -0 0 1
    outer loop
      vertex 81.724 -20.6694 2.2
      vertex 100.92 -43.75 2.2
      vertex 81.8814 -20.5314 2.2
    endloop
  endfacet
  facet normal 0 0 1
    outer loop
      vertex 97.5 47.17 2.2
      vertex 98.8088 46.9097 2.2
      vertex 98.3852 47.0535 2.2
    endloop
  endfacet
  facet normal -0 0 1
    outer loop
      vertex 81.55 -20.7856 2.2
      vertex 100.92 -43.75 2.2
      vertex 81.724 -20.6694 2.2
    endloop
  endfacet
  facet normal 0 0 1
    outer loop
      vertex 97.5 47.17 2.2
      vertex 98.3852 47.0535 2.2
      vertex 97.9464 47.1407 2.2
    endloop
  endfacet
  facet normal 0 -0 1
    outer loop
      vertex 97.5 -47.17 2.2
      vertex 100.92 -43.75 2.2
      vertex 81.55 -20.7856 2.2
    endloop
  endfacet
  facet normal 0 0 1
    outer loop
      vertex 100.92 43.75 2.2
      vertex 97.5 47.17 2.2
      vertex 81.55 20.7856 2.2
    endloop
  endfacet
  facet normal 0 0 1
    outer loop
      vertex 100.92 -43.75 2.2
      vertex 97.5 -47.17 2.2
      vertex 100.891 -44.1964 2.2
    endloop
  endfacet
  facet normal 0 0 1
    outer loop
      vertex 100.803 -44.6352 2.2
      vertex 97.5 -47.17 2.2
      vertex 100.66 -45.0588 2.2
    endloop
  endfacet
  facet normal 0 0 1
    outer loop
      vertex 100.87 9 2.2
      vertex 82.3363 19.6088 2.2
      vertex 82.35 19.4 2.2
    endloop
  endfacet
  facet normal 0 0 1
    outer loop
      vertex 100.87 9 2.2
      vertex 82.2955 19.8141 2.2
      vertex 82.3363 19.6088 2.2
    endloop
  endfacet
  facet normal 0 0 1
    outer loop
      vertex 100.87 9 2.2
      vertex 82.2282 20.0123 2.2
      vertex 82.2955 19.8141 2.2
    endloop
  endfacet
  facet normal 0 0 1
    outer loop
      vertex 100.92 43.75 2.2
      vertex 82.1356 20.2 2.2
      vertex 82.2282 20.0123 2.2
    endloop
  endfacet
  facet normal 0 0 1
    outer loop
      vertex 100.92 43.75 2.2
      vertex 82.0194 20.374 2.2
      vertex 82.1356 20.2 2.2
    endloop
  endfacet
  facet normal 0 0 1
    outer loop
      vertex 100.92 43.75 2.2
      vertex 81.8814 20.5314 2.2
      vertex 82.0194 20.374 2.2
    endloop
  endfacet
  facet normal 0 0 1
    outer loop
      vertex 100.92 43.75 2.2
      vertex 81.724 20.6694 2.2
      vertex 81.8814 20.5314 2.2
    endloop
  endfacet
  facet normal 0 0 1
    outer loop
      vertex 100.92 43.75 2.2
      vertex 81.55 20.7856 2.2
      vertex 81.724 20.6694 2.2
    endloop
  endfacet
  facet normal 0 0 1
    outer loop
      vertex 97.5 47.17 2.2
      vertex 81.3623 20.8782 2.2
      vertex 81.55 20.7856 2.2
    endloop
  endfacet
  facet normal 0 0 1
    outer loop
      vertex 97.5 47.17 2.2
      vertex 81.1641 20.9455 2.2
      vertex 81.3623 20.8782 2.2
    endloop
  endfacet
  facet normal 0 0 1
    outer loop
      vertex 97.5 47.17 2.2
      vertex 80.9588 20.9863 2.2
      vertex 81.1641 20.9455 2.2
    endloop
  endfacet
  facet normal 0 0 1
    outer loop
      vertex 97.5 47.17 2.2
      vertex 80.75 21 2.2
      vertex 80.9588 20.9863 2.2
    endloop
  endfacet
  facet normal -0 0 1
    outer loop
      vertex 62.75 47.12 2.2
      vertex 80.75 21 2.2
      vertex 97.5 47.17 2.2
    endloop
  endfacet
  facet normal 0 0 1
    outer loop
      vertex 80.75 21 2.2
      vertex 62.75 47.12 2.2
      vertex 80.5412 20.9863 2.2
    endloop
  endfacet
  facet normal 0 0 1
    outer loop
      vertex 80.5412 20.9863 2.2
      vertex 62.75 47.12 2.2
      vertex 80.3359 20.9455 2.2
    endloop
  endfacet
  facet normal 0 -0 1
    outer loop
      vertex 72.1641 20.9455 2.2
      vertex 80.3359 20.9455 2.2
      vertex 62.75 47.12 2.2
    endloop
  endfacet
  facet normal 0 0 1
    outer loop
      vertex 80.3359 20.9455 2.2
      vertex 72.1641 20.9455 2.2
      vertex 80.1377 20.8782 2.2
    endloop
  endfacet
  facet normal 0 -0 1
    outer loop
      vertex 72.3623 20.8782 2.2
      vertex 80.1377 20.8782 2.2
      vertex 72.1641 20.9455 2.2
    endloop
  endfacet
  facet normal 0 0 1
    outer loop
      vertex 80.1377 20.8782 2.2
      vertex 72.3623 20.8782 2.2
      vertex 79.95 20.7856 2.2
    endloop
  endfacet
  facet normal 0 0 1
    outer loop
      vertex 79.15 19.4 2.2
      vertex 73.35 19.4 2.2
      vertex 79.15 -19.4 2.2
    endloop
  endfacet
  facet normal 0 0 1
    outer loop
      vertex 79.1637 19.6088 2.2
      vertex 73.35 19.4 2.2
      vertex 79.15 19.4 2.2
    endloop
  endfacet
  facet normal 0 0 1
    outer loop
      vertex 73.3363 19.6088 2.2
      vertex 79.1637 19.6088 2.2
      vertex 79.2045 19.8141 2.2
    endloop
  endfacet
  facet normal 0 0 1
    outer loop
      vertex 73.2955 19.8141 2.2
      vertex 79.2045 19.8141 2.2
      vertex 79.2718 20.0123 2.2
    endloop
  endfacet
  facet normal 0 0 1
    outer loop
      vertex 73.2282 20.0123 2.2
      vertex 79.2718 20.0123 2.2
      vertex 79.3644 20.2 2.2
    endloop
  endfacet
  facet normal 0 0 1
    outer loop
      vertex 73.1356 20.2 2.2
      vertex 79.3644 20.2 2.2
      vertex 79.4806 20.374 2.2
    endloop
  endfacet
  facet normal 0 -0 1
    outer loop
      vertex 72.55 20.7856 2.2
      vertex 79.95 20.7856 2.2
      vertex 72.3623 20.8782 2.2
    endloop
  endfacet
  facet normal 0 0 1
    outer loop
      vertex 79.1637 19.6088 2.2
      vertex 73.3363 19.6088 2.2
      vertex 73.35 19.4 2.2
    endloop
  endfacet
  facet normal 0 0 1
    outer loop
      vertex 79.2045 19.8141 2.2
      vertex 73.2955 19.8141 2.2
      vertex 73.3363 19.6088 2.2
    endloop
  endfacet
  facet normal 0 0 1
    outer loop
      vertex 79.2718 20.0123 2.2
      vertex 73.2282 20.0123 2.2
      vertex 73.2955 19.8141 2.2
    endloop
  endfacet
  facet normal 0 0 1
    outer loop
      vertex 79.3644 20.2 2.2
      vertex 73.1356 20.2 2.2
      vertex 73.2282 20.0123 2.2
    endloop
  endfacet
  facet normal 0 0 1
    outer loop
      vertex 79.4806 20.374 2.2
      vertex 73.0194 20.374 2.2
      vertex 73.1356 20.2 2.2
    endloop
  endfacet
  facet normal 0 0 1
    outer loop
      vertex 79.4806 20.374 2.2
      vertex 72.8814 20.5314 2.2
      vertex 73.0194 20.374 2.2
    endloop
  endfacet
  facet normal 0 0 1
    outer loop
      vertex 79.6186 20.5314 2.2
      vertex 72.8814 20.5314 2.2
      vertex 79.4806 20.374 2.2
    endloop
  endfacet
  facet normal 0 -0 1
    outer loop
      vertex 72.8814 20.5314 2.2
      vertex 79.6186 20.5314 2.2
      vertex 72.724 20.6694 2.2
    endloop
  endfacet
  facet normal 0 0 1
    outer loop
      vertex 79.776 20.6694 2.2
      vertex 72.724 20.6694 2.2
      vertex 79.6186 20.5314 2.2
    endloop
  endfacet
  facet normal 0 0 1
    outer loop
      vertex 79.95 20.7856 2.2
      vertex 72.55 20.7856 2.2
      vertex 79.776 20.6694 2.2
    endloop
  endfacet
  facet normal 0 -0 1
    outer loop
      vertex 72.724 20.6694 2.2
      vertex 79.776 20.6694 2.2
      vertex 72.55 20.7856 2.2
    endloop
  endfacet
  facet normal 0 0 1
    outer loop
      vertex 72.1641 20.9455 2.2
      vertex 62.75 47.12 2.2
      vertex 71.9588 20.9863 2.2
    endloop
  endfacet
  facet normal 0 0 1
    outer loop
      vertex 71.9588 20.9863 2.2
      vertex 62.75 47.12 2.2
      vertex 71.75 21 2.2
    endloop
  endfacet
  facet normal 0 0 1
    outer loop
      vertex 71.75 21 2.2
      vertex 62.75 47.12 2.2
      vertex 71.5412 20.9863 2.2
    endloop
  endfacet
  facet normal 0 0 1
    outer loop
      vertex 71.5412 20.9863 2.2
      vertex 62.75 47.12 2.2
      vertex 71.3359 20.9455 2.2
    endloop
  endfacet
  facet normal 0 -0 1
    outer loop
      vertex 63.1641 20.9455 2.2
      vertex 71.3359 20.9455 2.2
      vertex 62.75 47.12 2.2
    endloop
  endfacet
  facet normal 0 0 1
    outer loop
      vertex 71.3359 20.9455 2.2
      vertex 63.1641 20.9455 2.2
      vertex 71.1377 20.8782 2.2
    endloop
  endfacet
  facet normal 0 -0 1
    outer loop
      vertex 63.3623 20.8782 2.2
      vertex 71.1377 20.8782 2.2
      vertex 63.1641 20.9455 2.2
    endloop
  endfacet
  facet normal 0 0 1
    outer loop
      vertex 70.15 19.4 2.2
      vertex 64.35 19.4 2.2
      vertex 70.15 -19.4 2.2
    endloop
  endfacet
  facet normal 0 0 1
    outer loop
      vertex 70.1637 19.6088 2.2
      vertex 64.35 19.4 2.2
      vertex 70.15 19.4 2.2
    endloop
  endfacet
  facet normal 0 0 1
    outer loop
      vertex 64.3363 19.6088 2.2
      vertex 70.1637 19.6088 2.2
      vertex 70.2045 19.8141 2.2
    endloop
  endfacet
  facet normal 0 0 1
    outer loop
      vertex 64.2955 19.8141 2.2
      vertex 70.2045 19.8141 2.2
      vertex 70.2718 20.0123 2.2
    endloop
  endfacet
  facet normal 0 0 1
    outer loop
      vertex 64.2282 20.0123 2.2
      vertex 70.2718 20.0123 2.2
      vertex 70.3644 20.2 2.2
    endloop
  endfacet
  facet normal 0 0 1
    outer loop
      vertex 64.1356 20.2 2.2
      vertex 70.3644 20.2 2.2
      vertex 70.4806 20.374 2.2
    endloop
  endfacet
  facet normal 0 0 1
    outer loop
      vertex 64.0194 20.374 2.2
      vertex 70.4806 20.374 2.2
      vertex 70.6186 20.5314 2.2
    endloop
  endfacet
  facet normal 0 0 1
    outer loop
      vertex 71.1377 20.8782 2.2
      vertex 63.3623 20.8782 2.2
      vertex 70.95 20.7856 2.2
    endloop
  endfacet
  facet normal 0 0 1
    outer loop
      vertex 70.1637 19.6088 2.2
      vertex 64.3363 19.6088 2.2
      vertex 64.35 19.4 2.2
    endloop
  endfacet
  facet normal 0 0 1
    outer loop
      vertex 70.2045 19.8141 2.2
      vertex 64.2955 19.8141 2.2
      vertex 64.3363 19.6088 2.2
    endloop
  endfacet
  facet normal 0 0 1
    outer loop
      vertex 70.2718 20.0123 2.2
      vertex 64.2282 20.0123 2.2
      vertex 64.2955 19.8141 2.2
    endloop
  endfacet
  facet normal 0 0 1
    outer loop
      vertex 70.3644 20.2 2.2
      vertex 64.1356 20.2 2.2
      vertex 64.2282 20.0123 2.2
    endloop
  endfacet
  facet normal 0 0 1
    outer loop
      vertex 70.4806 20.374 2.2
      vertex 64.0194 20.374 2.2
      vertex 64.1356 20.2 2.2
    endloop
  endfacet
  facet normal 0 0 1
    outer loop
      vertex 70.6186 20.5314 2.2
      vertex 63.8814 20.5314 2.2
      vertex 64.0194 20.374 2.2
    endloop
  endfacet
  facet normal 0 0 1
    outer loop
      vertex 70.95 20.7856 2.2
      vertex 63.55 20.7856 2.2
      vertex 70.776 20.6694 2.2
    endloop
  endfacet
  facet normal 0 0 1
    outer loop
      vertex 70.6186 20.5314 2.2
      vertex 63.724 20.6694 2.2
      vertex 63.8814 20.5314 2.2
    endloop
  endfacet
  facet normal 0 0 1
    outer loop
      vertex 70.776 20.6694 2.2
      vertex 63.724 20.6694 2.2
      vertex 70.6186 20.5314 2.2
    endloop
  endfacet
  facet normal 0 -0 1
    outer loop
      vertex 63.724 20.6694 2.2
      vertex 70.776 20.6694 2.2
      vertex 63.55 20.7856 2.2
    endloop
  endfacet
  facet normal 0 -0 1
    outer loop
      vertex 63.55 20.7856 2.2
      vertex 70.95 20.7856 2.2
      vertex 63.3623 20.8782 2.2
    endloop
  endfacet
  facet normal 0 0 1
    outer loop
      vertex 62.75 47.12 2.2
      vertex 97.5 47.17 2.2
      vertex 62.75 47.17 2.2
    endloop
  endfacet
  facet normal 0 0 1
    outer loop
      vertex 63.1641 20.9455 2.2
      vertex 62.75 47.12 2.2
      vertex 62.9588 20.9863 2.2
    endloop
  endfacet
  facet normal 0 0 1
    outer loop
      vertex 62.75 47.12 2.2
      vertex 62.75 21 2.2
      vertex 62.9588 20.9863 2.2
    endloop
  endfacet
  facet normal 0 0 1
    outer loop
      vertex 62.75 47.12 2.2
      vertex 62.5412 20.9863 2.2
      vertex 62.75 21 2.2
    endloop
  endfacet
  facet normal 0 0 1
    outer loop
      vertex 62.75 47.12 2.2
      vertex 62.3359 20.9455 2.2
      vertex 62.5412 20.9863 2.2
    endloop
  endfacet
  facet normal 0 0 1
    outer loop
      vertex 54.1641 20.9455 2.2
      vertex 62.3359 20.9455 2.2
      vertex 62.75 47.12 2.2
    endloop
  endfacet
  facet normal 0 0 1
    outer loop
      vertex 62.3359 20.9455 2.2
      vertex 54.1641 20.9455 2.2
      vertex 62.1377 20.8782 2.2
    endloop
  endfacet
  facet normal 0 -0 1
    outer loop
      vertex 54.3623 20.8782 2.2
      vertex 62.1377 20.8782 2.2
      vertex 54.1641 20.9455 2.2
    endloop
  endfacet
  facet normal 0 0 1
    outer loop
      vertex 62.1377 20.8782 2.2
      vertex 54.3623 20.8782 2.2
      vertex 61.95 20.7856 2.2
    endloop
  endfacet
  facet normal 0 0 1
    outer loop
      vertex 61.95 20.7856 2.2
      vertex 54.55 20.7856 2.2
      vertex 61.776 20.6694 2.2
    endloop
  endfacet
  facet normal 0 -0 1
    outer loop
      vertex 54.724 20.6694 2.2
      vertex 61.776 20.6694 2.2
      vertex 54.55 20.7856 2.2
    endloop
  endfacet
  facet normal 0 0 1
    outer loop
      vertex 61.776 20.6694 2.2
      vertex 54.724 20.6694 2.2
      vertex 61.6186 20.5314 2.2
    endloop
  endfacet
  facet normal 0 -0 1
    outer loop
      vertex 54.8814 20.5314 2.2
      vertex 61.6186 20.5314 2.2
      vertex 54.724 20.6694 2.2
    endloop
  endfacet
  facet normal 0 0 1
    outer loop
      vertex 61.6186 20.5314 2.2
      vertex 54.8814 20.5314 2.2
      vertex 61.4806 20.374 2.2
    endloop
  endfacet
  facet normal 0 -0 1
    outer loop
      vertex 55.0194 20.374 2.2
      vertex 61.4806 20.374 2.2
      vertex 54.8814 20.5314 2.2
    endloop
  endfacet
  facet normal 0 0 1
    outer loop
      vertex 61.15 19.4 2.2
      vertex 55.35 19.4 2.2
      vertex 61.15 -19.4 2.2
    endloop
  endfacet
  facet normal 0 -0 1
    outer loop
      vertex 55.1356 20.2 2.2
      vertex 61.3644 20.2 2.2
      vertex 55.0194 20.374 2.2
    endloop
  endfacet
  facet normal 0 0 1
    outer loop
      vertex 61.15 19.4 2.2
      vertex 55.3363 19.6088 2.2
      vertex 55.35 19.4 2.2
    endloop
  endfacet
  facet normal 0 0 1
    outer loop
      vertex 61.1637 19.6088 2.2
      vertex 55.3363 19.6088 2.2
      vertex 61.15 19.4 2.2
    endloop
  endfacet
  facet normal 0 -0 1
    outer loop
      vertex 55.3363 19.6088 2.2
      vertex 61.1637 19.6088 2.2
      vertex 55.2955 19.8141 2.2
    endloop
  endfacet
  facet normal 0 0 1
    outer loop
      vertex 61.2045 19.8141 2.2
      vertex 55.2955 19.8141 2.2
      vertex 61.1637 19.6088 2.2
    endloop
  endfacet
  facet normal 0 -0 1
    outer loop
      vertex 55.2955 19.8141 2.2
      vertex 61.2045 19.8141 2.2
      vertex 55.2282 20.0123 2.2
    endloop
  endfacet
  facet normal 0 0 1
    outer loop
      vertex 61.2718 20.0123 2.2
      vertex 55.2282 20.0123 2.2
      vertex 61.2045 19.8141 2.2
    endloop
  endfacet
  facet normal 0 -0 1
    outer loop
      vertex 55.2282 20.0123 2.2
      vertex 61.2718 20.0123 2.2
      vertex 55.1356 20.2 2.2
    endloop
  endfacet
  facet normal 0 0 1
    outer loop
      vertex 61.3644 20.2 2.2
      vertex 55.1356 20.2 2.2
      vertex 61.2718 20.0123 2.2
    endloop
  endfacet
  facet normal 0 0 1
    outer loop
      vertex 61.4806 20.374 2.2
      vertex 55.0194 20.374 2.2
      vertex 61.3644 20.2 2.2
    endloop
  endfacet
  facet normal 0 -0 1
    outer loop
      vertex 54.55 20.7856 2.2
      vertex 61.95 20.7856 2.2
      vertex 54.3623 20.8782 2.2
    endloop
  endfacet
  facet normal 0 0 1
    outer loop
      vertex 62.75 47.12 2.2
      vertex 53.9588 20.9863 2.2
      vertex 54.1641 20.9455 2.2
    endloop
  endfacet
  facet normal 0 0 1
    outer loop
      vertex 62.75 47.12 2.2
      vertex 53.75 21 2.2
      vertex 53.9588 20.9863 2.2
    endloop
  endfacet
  facet normal -0 0 1
    outer loop
      vertex 44.75 47.12 2.2
      vertex 53.75 21 2.2
      vertex 62.75 47.12 2.2
    endloop
  endfacet
  facet normal 0 0 1
    outer loop
      vertex 53.75 21 2.2
      vertex 44.75 47.12 2.2
      vertex 53.5412 20.9863 2.2
    endloop
  endfacet
  facet normal 0 0 1
    outer loop
      vertex 53.5412 20.9863 2.2
      vertex 44.75 47.12 2.2
      vertex 53.3359 20.9455 2.2
    endloop
  endfacet
  facet normal 0 -0 1
    outer loop
      vertex 45.1641 20.9455 2.2
      vertex 53.3359 20.9455 2.2
      vertex 44.75 47.12 2.2
    endloop
  endfacet
  facet normal 0 0 1
    outer loop
      vertex 53.3359 20.9455 2.2
      vertex 45.1641 20.9455 2.2
      vertex 53.1377 20.8782 2.2
    endloop
  endfacet
  facet normal 0 -0 1
    outer loop
      vertex 45.3623 20.8782 2.2
      vertex 53.1377 20.8782 2.2
      vertex 45.1641 20.9455 2.2
    endloop
  endfacet
  facet normal 0 0 1
    outer loop
      vertex 53.1377 20.8782 2.2
      vertex 45.3623 20.8782 2.2
      vertex 52.95 20.7856 2.2
    endloop
  endfacet
  facet normal 0 0 1
    outer loop
      vertex 52.95 20.7856 2.2
      vertex 45.55 20.7856 2.2
      vertex 52.776 20.6694 2.2
    endloop
  endfacet
  facet normal 0 -0 1
    outer loop
      vertex 45.724 20.6694 2.2
      vertex 52.776 20.6694 2.2
      vertex 45.55 20.7856 2.2
    endloop
  endfacet
  facet normal 0 0 1
    outer loop
      vertex 52.15 19.4 2.2
      vertex 46.35 19.4 2.2
      vertex 52.15 -19.4 2.2
    endloop
  endfacet
  facet normal 0 0 1
    outer loop
      vertex 52.1637 19.6088 2.2
      vertex 46.35 19.4 2.2
      vertex 52.15 19.4 2.2
    endloop
  endfacet
  facet normal 0 0 1
    outer loop
      vertex 46.3363 19.6088 2.2
      vertex 52.1637 19.6088 2.2
      vertex 52.2045 19.8141 2.2
    endloop
  endfacet
  facet normal 0 0 1
    outer loop
      vertex 46.2955 19.8141 2.2
      vertex 52.2045 19.8141 2.2
      vertex 52.2718 20.0123 2.2
    endloop
  endfacet
  facet normal 0 0 1
    outer loop
      vertex 52.776 20.6694 2.2
      vertex 45.724 20.6694 2.2
      vertex 52.6186 20.5314 2.2
    endloop
  endfacet
  facet normal 0 0 1
    outer loop
      vertex 52.1637 19.6088 2.2
      vertex 46.3363 19.6088 2.2
      vertex 46.35 19.4 2.2
    endloop
  endfacet
  facet normal 0 0 1
    outer loop
      vertex 52.2045 19.8141 2.2
      vertex 46.2955 19.8141 2.2
      vertex 46.3363 19.6088 2.2
    endloop
  endfacet
  facet normal 0 0 1
    outer loop
      vertex 52.2718 20.0123 2.2
      vertex 46.2282 20.0123 2.2
      vertex 46.2955 19.8141 2.2
    endloop
  endfacet
  facet normal 0 0 1
    outer loop
      vertex 52.2718 20.0123 2.2
      vertex 46.1356 20.2 2.2
      vertex 46.2282 20.0123 2.2
    endloop
  endfacet
  facet normal 0 0 1
    outer loop
      vertex 52.3644 20.2 2.2
      vertex 46.1356 20.2 2.2
      vertex 52.2718 20.0123 2.2
    endloop
  endfacet
  facet normal 0 -0 1
    outer loop
      vertex 46.1356 20.2 2.2
      vertex 52.3644 20.2 2.2
      vertex 46.0194 20.374 2.2
    endloop
  endfacet
  facet normal 0 0 1
    outer loop
      vertex 52.4806 20.374 2.2
      vertex 46.0194 20.374 2.2
      vertex 52.3644 20.2 2.2
    endloop
  endfacet
  facet normal 0 -0 1
    outer loop
      vertex 46.0194 20.374 2.2
      vertex 52.4806 20.374 2.2
      vertex 45.8814 20.5314 2.2
    endloop
  endfacet
  facet normal 0 -0 1
    outer loop
      vertex 45.8814 20.5314 2.2
      vertex 52.6186 20.5314 2.2
      vertex 45.724 20.6694 2.2
    endloop
  endfacet
  facet normal 0 0 1
    outer loop
      vertex 52.6186 20.5314 2.2
      vertex 45.8814 20.5314 2.2
      vertex 52.4806 20.374 2.2
    endloop
  endfacet
  facet normal 0 -0 1
    outer loop
      vertex 45.55 20.7856 2.2
      vertex 52.95 20.7856 2.2
      vertex 45.3623 20.8782 2.2
    endloop
  endfacet
  facet normal 0 0 1
    outer loop
      vertex 45.1641 20.9455 2.2
      vertex 44.75 47.12 2.2
      vertex 44.9588 20.9863 2.2
    endloop
  endfacet
  facet normal 0 0 1
    outer loop
      vertex 44.9588 20.9863 2.2
      vertex 44.75 47.12 2.2
      vertex 44.75 21 2.2
    endloop
  endfacet
  facet normal 0 0 1
    outer loop
      vertex 6.58 -43.75 2.2
      vertex 25.2718 -20.0123 2.2
      vertex 6.63 -9 2.2
    endloop
  endfacet
  facet normal 0 0 1
    outer loop
      vertex 25.2718 -20.0123 2.2
      vertex 6.58 -43.75 2.2
      vertex 6.69653 -44.6352 2.2
    endloop
  endfacet
  facet normal 0 0 1
    outer loop
      vertex 6.58 -43.75 2.2
      vertex 6.63 -9 2.2
      vertex 6.58 -9 2.2
    endloop
  endfacet
  facet normal 0 0 1
    outer loop
      vertex 6.69653 -44.6352 2.2
      vertex 6.58 -43.75 2.2
      vertex 6.60925 -44.1964 2.2
    endloop
  endfacet
  facet normal -0 0 1
    outer loop
      vertex 10 47.17 2.2
      vertex 44.75 47.12 2.2
      vertex 44.75 47.17 2.2
    endloop
  endfacet
  facet normal 0 0 1
    outer loop
      vertex 44.75 47.12 2.2
      vertex 44.5412 20.9863 2.2
      vertex 44.75 21 2.2
    endloop
  endfacet
  facet normal 0 0 1
    outer loop
      vertex 44.75 47.12 2.2
      vertex 44.3359 20.9455 2.2
      vertex 44.5412 20.9863 2.2
    endloop
  endfacet
  facet normal 0 0 1
    outer loop
      vertex 44.75 47.12 2.2
      vertex 36.1641 20.9455 2.2
      vertex 44.3359 20.9455 2.2
    endloop
  endfacet
  facet normal 0 0 1
    outer loop
      vertex 44.3359 20.9455 2.2
      vertex 36.1641 20.9455 2.2
      vertex 44.1377 20.8782 2.2
    endloop
  endfacet
  facet normal 0 -0 1
    outer loop
      vertex 36.3623 20.8782 2.2
      vertex 44.1377 20.8782 2.2
      vertex 36.1641 20.9455 2.2
    endloop
  endfacet
  facet normal 0 0 1
    outer loop
      vertex 44.1377 20.8782 2.2
      vertex 36.3623 20.8782 2.2
      vertex 43.95 20.7856 2.2
    endloop
  endfacet
  facet normal 0 0 1
    outer loop
      vertex 43.95 20.7856 2.2
      vertex 36.55 20.7856 2.2
      vertex 43.776 20.6694 2.2
    endloop
  endfacet
  facet normal 0 -0 1
    outer loop
      vertex 36.724 20.6694 2.2
      vertex 43.776 20.6694 2.2
      vertex 36.55 20.7856 2.2
    endloop
  endfacet
  facet normal 0 0 1
    outer loop
      vertex 43.776 20.6694 2.2
      vertex 36.724 20.6694 2.2
      vertex 43.6186 20.5314 2.2
    endloop
  endfacet
  facet normal 0 -0 1
    outer loop
      vertex 36.8814 20.5314 2.2
      vertex 43.6186 20.5314 2.2
      vertex 36.724 20.6694 2.2
    endloop
  endfacet
  facet normal 0 0 1
    outer loop
      vertex 43.6186 20.5314 2.2
      vertex 36.8814 20.5314 2.2
      vertex 43.4806 20.374 2.2
    endloop
  endfacet
  facet normal 0 -0 1
    outer loop
      vertex 37.0194 20.374 2.2
      vertex 43.4806 20.374 2.2
      vertex 36.8814 20.5314 2.2
    endloop
  endfacet
  facet normal 0 0 1
    outer loop
      vertex 43.15 19.4 2.2
      vertex 37.35 19.4 2.2
      vertex 43.15 -19.4 2.2
    endloop
  endfacet
  facet normal 0 -0 1
    outer loop
      vertex 37.1356 20.2 2.2
      vertex 43.3644 20.2 2.2
      vertex 37.0194 20.374 2.2
    endloop
  endfacet
  facet normal 0 0 1
    outer loop
      vertex 43.15 19.4 2.2
      vertex 37.3363 19.6088 2.2
      vertex 37.35 19.4 2.2
    endloop
  endfacet
  facet normal 0 0 1
    outer loop
      vertex 43.1637 19.6088 2.2
      vertex 37.3363 19.6088 2.2
      vertex 43.15 19.4 2.2
    endloop
  endfacet
  facet normal 0 -0 1
    outer loop
      vertex 37.3363 19.6088 2.2
      vertex 43.1637 19.6088 2.2
      vertex 37.2955 19.8141 2.2
    endloop
  endfacet
  facet normal 0 0 1
    outer loop
      vertex 43.2045 19.8141 2.2
      vertex 37.2955 19.8141 2.2
      vertex 43.1637 19.6088 2.2
    endloop
  endfacet
  facet normal 0 -0 1
    outer loop
      vertex 37.2955 19.8141 2.2
      vertex 43.2045 19.8141 2.2
      vertex 37.2282 20.0123 2.2
    endloop
  endfacet
  facet normal 0 0 1
    outer loop
      vertex 43.2718 20.0123 2.2
      vertex 37.2282 20.0123 2.2
      vertex 43.2045 19.8141 2.2
    endloop
  endfacet
  facet normal 0 -0 1
    outer loop
      vertex 37.2282 20.0123 2.2
      vertex 43.2718 20.0123 2.2
      vertex 37.1356 20.2 2.2
    endloop
  endfacet
  facet normal 0 0 1
    outer loop
      vertex 43.3644 20.2 2.2
      vertex 37.1356 20.2 2.2
      vertex 43.2718 20.0123 2.2
    endloop
  endfacet
  facet normal 0 0 1
    outer loop
      vertex 43.4806 20.374 2.2
      vertex 37.0194 20.374 2.2
      vertex 43.3644 20.2 2.2
    endloop
  endfacet
  facet normal 0 -0 1
    outer loop
      vertex 36.55 20.7856 2.2
      vertex 43.95 20.7856 2.2
      vertex 36.3623 20.8782 2.2
    endloop
  endfacet
  facet normal 0 0 1
    outer loop
      vertex 44.75 47.12 2.2
      vertex 35.9588 20.9863 2.2
      vertex 36.1641 20.9455 2.2
    endloop
  endfacet
  facet normal 0 0 1
    outer loop
      vertex 44.75 47.12 2.2
      vertex 35.75 21 2.2
      vertex 35.9588 20.9863 2.2
    endloop
  endfacet
  facet normal 0 0 1
    outer loop
      vertex 44.75 47.12 2.2
      vertex 35.5412 20.9863 2.2
      vertex 35.75 21 2.2
    endloop
  endfacet
  facet normal 0 0 1
    outer loop
      vertex 44.75 47.12 2.2
      vertex 35.3359 20.9455 2.2
      vertex 35.5412 20.9863 2.2
    endloop
  endfacet
  facet normal 0 0 1
    outer loop
      vertex 44.75 47.12 2.2
      vertex 27.1641 20.9455 2.2
      vertex 35.3359 20.9455 2.2
    endloop
  endfacet
  facet normal 0 0 1
    outer loop
      vertex 35.3359 20.9455 2.2
      vertex 27.1641 20.9455 2.2
      vertex 35.1377 20.8782 2.2
    endloop
  endfacet
  facet normal 0 -0 1
    outer loop
      vertex 27.3623 20.8782 2.2
      vertex 35.1377 20.8782 2.2
      vertex 27.1641 20.9455 2.2
    endloop
  endfacet
  facet normal 0 0 1
    outer loop
      vertex 35.1377 20.8782 2.2
      vertex 27.3623 20.8782 2.2
      vertex 34.95 20.7856 2.2
    endloop
  endfacet
  facet normal 0 -0 1
    outer loop
      vertex 27.55 20.7856 2.2
      vertex 34.95 20.7856 2.2
      vertex 27.3623 20.8782 2.2
    endloop
  endfacet
  facet normal 0 0 1
    outer loop
      vertex 34.95 20.7856 2.2
      vertex 27.55 20.7856 2.2
      vertex 34.776 20.6694 2.2
    endloop
  endfacet
  facet normal 0 0 1
    outer loop
      vertex 34.776 20.6694 2.2
      vertex 27.724 20.6694 2.2
      vertex 34.6186 20.5314 2.2
    endloop
  endfacet
  facet normal 0 0 1
    outer loop
      vertex 34.15 19.4 2.2
      vertex 28.35 19.4 2.2
      vertex 34.15 -19.4 2.2
    endloop
  endfacet
  facet normal 0 0 1
    outer loop
      vertex 34.1637 19.6088 2.2
      vertex 28.35 19.4 2.2
      vertex 34.15 19.4 2.2
    endloop
  endfacet
  facet normal 0 0 1
    outer loop
      vertex 28.3363 19.6088 2.2
      vertex 34.1637 19.6088 2.2
      vertex 34.2045 19.8141 2.2
    endloop
  endfacet
  facet normal 0 0 1
    outer loop
      vertex 28.2955 19.8141 2.2
      vertex 34.2045 19.8141 2.2
      vertex 34.2718 20.0123 2.2
    endloop
  endfacet
  facet normal 0 -0 1
    outer loop
      vertex 27.8814 20.5314 2.2
      vertex 34.6186 20.5314 2.2
      vertex 27.724 20.6694 2.2
    endloop
  endfacet
  facet normal 0 0 1
    outer loop
      vertex 34.1637 19.6088 2.2
      vertex 28.3363 19.6088 2.2
      vertex 28.35 19.4 2.2
    endloop
  endfacet
  facet normal 0 0 1
    outer loop
      vertex 34.2045 19.8141 2.2
      vertex 28.2955 19.8141 2.2
      vertex 28.3363 19.6088 2.2
    endloop
  endfacet
  facet normal 0 0 1
    outer loop
      vertex 34.2718 20.0123 2.2
      vertex 28.2282 20.0123 2.2
      vertex 28.2955 19.8141 2.2
    endloop
  endfacet
  facet normal 0 0 1
    outer loop
      vertex 34.2718 20.0123 2.2
      vertex 28.1356 20.2 2.2
      vertex 28.2282 20.0123 2.2
    endloop
  endfacet
  facet normal 0 0 1
    outer loop
      vertex 34.3644 20.2 2.2
      vertex 28.1356 20.2 2.2
      vertex 34.2718 20.0123 2.2
    endloop
  endfacet
  facet normal 0 -0 1
    outer loop
      vertex 28.1356 20.2 2.2
      vertex 34.3644 20.2 2.2
      vertex 28.0194 20.374 2.2
    endloop
  endfacet
  facet normal 0 0 1
    outer loop
      vertex 34.4806 20.374 2.2
      vertex 28.0194 20.374 2.2
      vertex 34.3644 20.2 2.2
    endloop
  endfacet
  facet normal 0 -0 1
    outer loop
      vertex 28.0194 20.374 2.2
      vertex 34.4806 20.374 2.2
      vertex 27.8814 20.5314 2.2
    endloop
  endfacet
  facet normal 0 0 1
    outer loop
      vertex 34.6186 20.5314 2.2
      vertex 27.8814 20.5314 2.2
      vertex 34.4806 20.374 2.2
    endloop
  endfacet
  facet normal 0 -0 1
    outer loop
      vertex 27.724 20.6694 2.2
      vertex 34.776 20.6694 2.2
      vertex 27.55 20.7856 2.2
    endloop
  endfacet
  facet normal 0 0 1
    outer loop
      vertex 44.75 47.12 2.2
      vertex 26.9588 20.9863 2.2
      vertex 27.1641 20.9455 2.2
    endloop
  endfacet
  facet normal 0 0 1
    outer loop
      vertex 44.75 47.12 2.2
      vertex 26.75 21 2.2
      vertex 26.9588 20.9863 2.2
    endloop
  endfacet
  facet normal 0 0 1
    outer loop
      vertex 44.75 47.12 2.2
      vertex 10 47.17 2.2
      vertex 26.75 21 2.2
    endloop
  endfacet
  facet normal 0 0 1
    outer loop
      vertex 26.75 21 2.2
      vertex 10 47.17 2.2
      vertex 26.5412 20.9863 2.2
    endloop
  endfacet
  facet normal 0 0 1
    outer loop
      vertex 26.5412 20.9863 2.2
      vertex 10 47.17 2.2
      vertex 26.3359 20.9455 2.2
    endloop
  endfacet
  facet normal 0 0 1
    outer loop
      vertex 26.3359 20.9455 2.2
      vertex 10 47.17 2.2
      vertex 26.1377 20.8782 2.2
    endloop
  endfacet
  facet normal 0 0 1
    outer loop
      vertex 26.1377 20.8782 2.2
      vertex 10 47.17 2.2
      vertex 25.95 20.7856 2.2
    endloop
  endfacet
  facet normal -0 0 1
    outer loop
      vertex 6.58 43.75 2.2
      vertex 25.95 20.7856 2.2
      vertex 10 47.17 2.2
    endloop
  endfacet
  facet normal 0 0 1
    outer loop
      vertex 25.95 20.7856 2.2
      vertex 6.58 43.75 2.2
      vertex 25.776 20.6694 2.2
    endloop
  endfacet
  facet normal 0 0 1
    outer loop
      vertex 25.2045 19.8141 2.2
      vertex 6.63 9 2.2
      vertex 25.1637 19.6088 2.2
    endloop
  endfacet
  facet normal 0 0 1
    outer loop
      vertex 25.2718 20.0123 2.2
      vertex 6.63 9 2.2
      vertex 25.2045 19.8141 2.2
    endloop
  endfacet
  facet normal 0 -0 1
    outer loop
      vertex 6.63 9 2.2
      vertex 25.2718 20.0123 2.2
      vertex 6.58 43.75 2.2
    endloop
  endfacet
  facet normal 0 0 1
    outer loop
      vertex 25.3644 20.2 2.2
      vertex 6.58 43.75 2.2
      vertex 25.2718 20.0123 2.2
    endloop
  endfacet
  facet normal 0 0 1
    outer loop
      vertex 25.4806 20.374 2.2
      vertex 6.58 43.75 2.2
      vertex 25.3644 20.2 2.2
    endloop
  endfacet
  facet normal 0 0 1
    outer loop
      vertex 25.6186 20.5314 2.2
      vertex 6.58 43.75 2.2
      vertex 25.4806 20.374 2.2
    endloop
  endfacet
  facet normal 0 0 1
    outer loop
      vertex 25.776 20.6694 2.2
      vertex 6.58 43.75 2.2
      vertex 25.6186 20.5314 2.2
    endloop
  endfacet
  facet normal 0 0 1
    outer loop
      vertex 62.5412 -20.9863 2.2
      vertex 62.75 -47.12 2.2
      vertex 62.75 -21 2.2
    endloop
  endfacet
  facet normal 0 0 1
    outer loop
      vertex 62.3359 -20.9455 2.2
      vertex 62.75 -47.12 2.2
      vertex 62.5412 -20.9863 2.2
    endloop
  endfacet
  facet normal 0 0 1
    outer loop
      vertex 54.1641 -20.9455 2.2
      vertex 62.3359 -20.9455 2.2
      vertex 62.1377 -20.8782 2.2
    endloop
  endfacet
  facet normal 0 0 1
    outer loop
      vertex 54.3623 -20.8782 2.2
      vertex 62.1377 -20.8782 2.2
      vertex 61.95 -20.7856 2.2
    endloop
  endfacet
  facet normal 0 0 1
    outer loop
      vertex 54.55 -20.7856 2.2
      vertex 61.95 -20.7856 2.2
      vertex 61.776 -20.6694 2.2
    endloop
  endfacet
  facet normal 0 0 1
    outer loop
      vertex 54.724 -20.6694 2.2
      vertex 61.776 -20.6694 2.2
      vertex 61.6186 -20.5314 2.2
    endloop
  endfacet
  facet normal 0 0 1
    outer loop
      vertex 54.8814 -20.5314 2.2
      vertex 61.6186 -20.5314 2.2
      vertex 61.4806 -20.374 2.2
    endloop
  endfacet
  facet normal 0 0 1
    outer loop
      vertex 55.0194 -20.374 2.2
      vertex 61.4806 -20.374 2.2
      vertex 61.3644 -20.2 2.2
    endloop
  endfacet
  facet normal 0 0 1
    outer loop
      vertex 55.1356 -20.2 2.2
      vertex 61.3644 -20.2 2.2
      vertex 61.2718 -20.0123 2.2
    endloop
  endfacet
  facet normal 0 0 1
    outer loop
      vertex 55.2282 -20.0123 2.2
      vertex 61.2718 -20.0123 2.2
      vertex 61.2045 -19.8141 2.2
    endloop
  endfacet
  facet normal 0 0 1
    outer loop
      vertex 55.2955 -19.8141 2.2
      vertex 61.2045 -19.8141 2.2
      vertex 61.1637 -19.6088 2.2
    endloop
  endfacet
  facet normal 0 0 1
    outer loop
      vertex 55.3363 -19.6088 2.2
      vertex 61.1637 -19.6088 2.2
      vertex 61.15 -19.4 2.2
    endloop
  endfacet
  facet normal 0 0 1
    outer loop
      vertex 55.35 -19.4 2.2
      vertex 61.15 -19.4 2.2
      vertex 55.35 19.4 2.2
    endloop
  endfacet
  facet normal 0 0 1
    outer loop
      vertex 55.3363 -19.6088 2.2
      vertex 61.15 -19.4 2.2
      vertex 55.35 -19.4 2.2
    endloop
  endfacet
  facet normal 0 0 1
    outer loop
      vertex 61.1637 -19.6088 2.2
      vertex 55.3363 -19.6088 2.2
      vertex 55.2955 -19.8141 2.2
    endloop
  endfacet
  facet normal 0 0 1
    outer loop
      vertex 61.2045 -19.8141 2.2
      vertex 55.2955 -19.8141 2.2
      vertex 55.2282 -20.0123 2.2
    endloop
  endfacet
  facet normal 0 0 1
    outer loop
      vertex 61.2718 -20.0123 2.2
      vertex 55.2282 -20.0123 2.2
      vertex 55.1356 -20.2 2.2
    endloop
  endfacet
  facet normal 0 0 1
    outer loop
      vertex 61.3644 -20.2 2.2
      vertex 55.1356 -20.2 2.2
      vertex 55.0194 -20.374 2.2
    endloop
  endfacet
  facet normal 0 0 1
    outer loop
      vertex 61.4806 -20.374 2.2
      vertex 55.0194 -20.374 2.2
      vertex 54.8814 -20.5314 2.2
    endloop
  endfacet
  facet normal 0 0 1
    outer loop
      vertex 61.6186 -20.5314 2.2
      vertex 54.8814 -20.5314 2.2
      vertex 54.724 -20.6694 2.2
    endloop
  endfacet
  facet normal 0 0 1
    outer loop
      vertex 61.776 -20.6694 2.2
      vertex 54.724 -20.6694 2.2
      vertex 54.55 -20.7856 2.2
    endloop
  endfacet
  facet normal 0 0 1
    outer loop
      vertex 61.95 -20.7856 2.2
      vertex 54.55 -20.7856 2.2
      vertex 54.3623 -20.8782 2.2
    endloop
  endfacet
  facet normal 0 0 1
    outer loop
      vertex 62.1377 -20.8782 2.2
      vertex 54.3623 -20.8782 2.2
      vertex 54.1641 -20.9455 2.2
    endloop
  endfacet
  facet normal 0 0 1
    outer loop
      vertex 62.3359 -20.9455 2.2
      vertex 54.1641 -20.9455 2.2
      vertex 62.75 -47.12 2.2
    endloop
  endfacet
  facet normal -0 0 1
    outer loop
      vertex 53.9588 -20.9863 2.2
      vertex 62.75 -47.12 2.2
      vertex 54.1641 -20.9455 2.2
    endloop
  endfacet
  facet normal -0 0 1
    outer loop
      vertex 53.75 -21 2.2
      vertex 62.75 -47.12 2.2
      vertex 53.9588 -20.9863 2.2
    endloop
  endfacet
  facet normal 0 0 1
    outer loop
      vertex 44.75 -47.12 2.2
      vertex 53.75 -21 2.2
      vertex 53.5412 -20.9863 2.2
    endloop
  endfacet
  facet normal 0 0 1
    outer loop
      vertex 44.75 -47.12 2.2
      vertex 53.5412 -20.9863 2.2
      vertex 53.3359 -20.9455 2.2
    endloop
  endfacet
  facet normal 0 0 1
    outer loop
      vertex 45.1641 -20.9455 2.2
      vertex 53.3359 -20.9455 2.2
      vertex 53.1377 -20.8782 2.2
    endloop
  endfacet
  facet normal 0 0 1
    outer loop
      vertex 45.3623 -20.8782 2.2
      vertex 53.1377 -20.8782 2.2
      vertex 52.95 -20.7856 2.2
    endloop
  endfacet
  facet normal 0 0 1
    outer loop
      vertex 45.55 -20.7856 2.2
      vertex 52.95 -20.7856 2.2
      vertex 52.776 -20.6694 2.2
    endloop
  endfacet
  facet normal 0 0 1
    outer loop
      vertex 45.724 -20.6694 2.2
      vertex 52.776 -20.6694 2.2
      vertex 52.6186 -20.5314 2.2
    endloop
  endfacet
  facet normal 0 0 1
    outer loop
      vertex 45.8814 -20.5314 2.2
      vertex 52.6186 -20.5314 2.2
      vertex 52.4806 -20.374 2.2
    endloop
  endfacet
  facet normal 0 0 1
    outer loop
      vertex 46.0194 -20.374 2.2
      vertex 52.4806 -20.374 2.2
      vertex 52.3644 -20.2 2.2
    endloop
  endfacet
  facet normal 0 0 1
    outer loop
      vertex 46.1356 -20.2 2.2
      vertex 52.3644 -20.2 2.2
      vertex 52.2718 -20.0123 2.2
    endloop
  endfacet
  facet normal 0 0 1
    outer loop
      vertex 46.35 -19.4 2.2
      vertex 52.15 -19.4 2.2
      vertex 46.35 19.4 2.2
    endloop
  endfacet
  facet normal 0 0 1
    outer loop
      vertex 52.15 -19.4 2.2
      vertex 46.35 -19.4 2.2
      vertex 52.1637 -19.6088 2.2
    endloop
  endfacet
  facet normal 0 0 1
    outer loop
      vertex 46.3363 -19.6088 2.2
      vertex 52.1637 -19.6088 2.2
      vertex 46.35 -19.4 2.2
    endloop
  endfacet
  facet normal 0 0 1
    outer loop
      vertex 52.1637 -19.6088 2.2
      vertex 46.3363 -19.6088 2.2
      vertex 52.2045 -19.8141 2.2
    endloop
  endfacet
  facet normal 0 0 1
    outer loop
      vertex 46.2955 -19.8141 2.2
      vertex 52.2045 -19.8141 2.2
      vertex 46.3363 -19.6088 2.2
    endloop
  endfacet
  facet normal 0 0 1
    outer loop
      vertex 52.2045 -19.8141 2.2
      vertex 46.2955 -19.8141 2.2
      vertex 52.2718 -20.0123 2.2
    endloop
  endfacet
  facet normal 0 0 1
    outer loop
      vertex 46.2282 -20.0123 2.2
      vertex 52.2718 -20.0123 2.2
      vertex 46.2955 -19.8141 2.2
    endloop
  endfacet
  facet normal 0 0 1
    outer loop
      vertex 46.1356 -20.2 2.2
      vertex 52.2718 -20.0123 2.2
      vertex 46.2282 -20.0123 2.2
    endloop
  endfacet
  facet normal 0 0 1
    outer loop
      vertex 52.3644 -20.2 2.2
      vertex 46.1356 -20.2 2.2
      vertex 46.0194 -20.374 2.2
    endloop
  endfacet
  facet normal 0 0 1
    outer loop
      vertex 52.4806 -20.374 2.2
      vertex 46.0194 -20.374 2.2
      vertex 45.8814 -20.5314 2.2
    endloop
  endfacet
  facet normal 0 0 1
    outer loop
      vertex 52.6186 -20.5314 2.2
      vertex 45.8814 -20.5314 2.2
      vertex 45.724 -20.6694 2.2
    endloop
  endfacet
  facet normal 0 0 1
    outer loop
      vertex 52.776 -20.6694 2.2
      vertex 45.724 -20.6694 2.2
      vertex 45.55 -20.7856 2.2
    endloop
  endfacet
  facet normal 0 0 1
    outer loop
      vertex 52.95 -20.7856 2.2
      vertex 45.55 -20.7856 2.2
      vertex 45.3623 -20.8782 2.2
    endloop
  endfacet
  facet normal 0 0 1
    outer loop
      vertex 53.1377 -20.8782 2.2
      vertex 45.3623 -20.8782 2.2
      vertex 45.1641 -20.9455 2.2
    endloop
  endfacet
  facet normal 0 0 1
    outer loop
      vertex 53.3359 -20.9455 2.2
      vertex 45.1641 -20.9455 2.2
      vertex 44.75 -47.12 2.2
    endloop
  endfacet
  facet normal 0 0 1
    outer loop
      vertex 44.75 -47.12 2.2
      vertex 45.1641 -20.9455 2.2
      vertex 44.9588 -20.9863 2.2
    endloop
  endfacet
  facet normal 0 0 1
    outer loop
      vertex 44.75 -47.12 2.2
      vertex 44.9588 -20.9863 2.2
      vertex 44.75 -21 2.2
    endloop
  endfacet
  facet normal 0 0 1
    outer loop
      vertex 53.75 -21 2.2
      vertex 44.75 -47.12 2.2
      vertex 62.75 -47.12 2.2
    endloop
  endfacet
  facet normal 0 0 1
    outer loop
      vertex 44.5412 -20.9863 2.2
      vertex 44.75 -47.12 2.2
      vertex 44.75 -21 2.2
    endloop
  endfacet
  facet normal 0 0 1
    outer loop
      vertex 44.3359 -20.9455 2.2
      vertex 44.75 -47.12 2.2
      vertex 44.5412 -20.9863 2.2
    endloop
  endfacet
  facet normal -0 0 1
    outer loop
      vertex 36.1641 -20.9455 2.2
      vertex 44.75 -47.12 2.2
      vertex 44.3359 -20.9455 2.2
    endloop
  endfacet
  facet normal 0 0 1
    outer loop
      vertex 36.1641 -20.9455 2.2
      vertex 44.3359 -20.9455 2.2
      vertex 44.1377 -20.8782 2.2
    endloop
  endfacet
  facet normal 0 0 1
    outer loop
      vertex 36.3623 -20.8782 2.2
      vertex 44.1377 -20.8782 2.2
      vertex 43.95 -20.7856 2.2
    endloop
  endfacet
  facet normal 0 0 1
    outer loop
      vertex 36.55 -20.7856 2.2
      vertex 43.95 -20.7856 2.2
      vertex 43.776 -20.6694 2.2
    endloop
  endfacet
  facet normal 0 0 1
    outer loop
      vertex 36.724 -20.6694 2.2
      vertex 43.776 -20.6694 2.2
      vertex 43.6186 -20.5314 2.2
    endloop
  endfacet
  facet normal 0 0 1
    outer loop
      vertex 36.8814 -20.5314 2.2
      vertex 43.6186 -20.5314 2.2
      vertex 43.4806 -20.374 2.2
    endloop
  endfacet
  facet normal 0 0 1
    outer loop
      vertex 37.0194 -20.374 2.2
      vertex 43.4806 -20.374 2.2
      vertex 43.3644 -20.2 2.2
    endloop
  endfacet
  facet normal 0 0 1
    outer loop
      vertex 37.1356 -20.2 2.2
      vertex 43.3644 -20.2 2.2
      vertex 43.2718 -20.0123 2.2
    endloop
  endfacet
  facet normal 0 0 1
    outer loop
      vertex 37.2282 -20.0123 2.2
      vertex 43.2718 -20.0123 2.2
      vertex 43.2045 -19.8141 2.2
    endloop
  endfacet
  facet normal 0 0 1
    outer loop
      vertex 37.2955 -19.8141 2.2
      vertex 43.2045 -19.8141 2.2
      vertex 43.1637 -19.6088 2.2
    endloop
  endfacet
  facet normal 0 0 1
    outer loop
      vertex 37.3363 -19.6088 2.2
      vertex 43.1637 -19.6088 2.2
      vertex 43.15 -19.4 2.2
    endloop
  endfacet
  facet normal 0 0 1
    outer loop
      vertex 37.35 -19.4 2.2
      vertex 43.15 -19.4 2.2
      vertex 37.35 19.4 2.2
    endloop
  endfacet
  facet normal 0 0 1
    outer loop
      vertex 37.3363 -19.6088 2.2
      vertex 43.15 -19.4 2.2
      vertex 37.35 -19.4 2.2
    endloop
  endfacet
  facet normal 0 0 1
    outer loop
      vertex 43.1637 -19.6088 2.2
      vertex 37.3363 -19.6088 2.2
      vertex 37.2955 -19.8141 2.2
    endloop
  endfacet
  facet normal 0 0 1
    outer loop
      vertex 43.2045 -19.8141 2.2
      vertex 37.2955 -19.8141 2.2
      vertex 37.2282 -20.0123 2.2
    endloop
  endfacet
  facet normal 0 0 1
    outer loop
      vertex 43.2718 -20.0123 2.2
      vertex 37.2282 -20.0123 2.2
      vertex 37.1356 -20.2 2.2
    endloop
  endfacet
  facet normal 0 0 1
    outer loop
      vertex 43.3644 -20.2 2.2
      vertex 37.1356 -20.2 2.2
      vertex 37.0194 -20.374 2.2
    endloop
  endfacet
  facet normal 0 0 1
    outer loop
      vertex 43.4806 -20.374 2.2
      vertex 37.0194 -20.374 2.2
      vertex 36.8814 -20.5314 2.2
    endloop
  endfacet
  facet normal 0 0 1
    outer loop
      vertex 43.6186 -20.5314 2.2
      vertex 36.8814 -20.5314 2.2
      vertex 36.724 -20.6694 2.2
    endloop
  endfacet
  facet normal 0 0 1
    outer loop
      vertex 43.776 -20.6694 2.2
      vertex 36.724 -20.6694 2.2
      vertex 36.55 -20.7856 2.2
    endloop
  endfacet
  facet normal 0 0 1
    outer loop
      vertex 43.95 -20.7856 2.2
      vertex 36.55 -20.7856 2.2
      vertex 36.3623 -20.8782 2.2
    endloop
  endfacet
  facet normal 0 0 1
    outer loop
      vertex 44.1377 -20.8782 2.2
      vertex 36.3623 -20.8782 2.2
      vertex 36.1641 -20.9455 2.2
    endloop
  endfacet
  facet normal -0 0 1
    outer loop
      vertex 35.9588 -20.9863 2.2
      vertex 44.75 -47.12 2.2
      vertex 36.1641 -20.9455 2.2
    endloop
  endfacet
  facet normal -0 0 1
    outer loop
      vertex 35.75 -21 2.2
      vertex 44.75 -47.12 2.2
      vertex 35.9588 -20.9863 2.2
    endloop
  endfacet
  facet normal 0 0 1
    outer loop
      vertex 35.5412 -20.9863 2.2
      vertex 44.75 -47.12 2.2
      vertex 35.75 -21 2.2
    endloop
  endfacet
  facet normal 0 0 1
    outer loop
      vertex 35.3359 -20.9455 2.2
      vertex 44.75 -47.12 2.2
      vertex 35.5412 -20.9863 2.2
    endloop
  endfacet
  facet normal -0 0 1
    outer loop
      vertex 27.1641 -20.9455 2.2
      vertex 44.75 -47.12 2.2
      vertex 35.3359 -20.9455 2.2
    endloop
  endfacet
  facet normal 0 0 1
    outer loop
      vertex 27.1641 -20.9455 2.2
      vertex 35.3359 -20.9455 2.2
      vertex 35.1377 -20.8782 2.2
    endloop
  endfacet
  facet normal 0 0 1
    outer loop
      vertex 27.3623 -20.8782 2.2
      vertex 35.1377 -20.8782 2.2
      vertex 34.95 -20.7856 2.2
    endloop
  endfacet
  facet normal 0 0 1
    outer loop
      vertex 27.55 -20.7856 2.2
      vertex 34.95 -20.7856 2.2
      vertex 34.776 -20.6694 2.2
    endloop
  endfacet
  facet normal 0 0 1
    outer loop
      vertex 27.724 -20.6694 2.2
      vertex 34.776 -20.6694 2.2
      vertex 34.6186 -20.5314 2.2
    endloop
  endfacet
  facet normal 0 0 1
    outer loop
      vertex 27.8814 -20.5314 2.2
      vertex 34.6186 -20.5314 2.2
      vertex 34.4806 -20.374 2.2
    endloop
  endfacet
  facet normal 0 0 1
    outer loop
      vertex 28.0194 -20.374 2.2
      vertex 34.4806 -20.374 2.2
      vertex 34.3644 -20.2 2.2
    endloop
  endfacet
  facet normal 0 0 1
    outer loop
      vertex 28.1356 -20.2 2.2
      vertex 34.3644 -20.2 2.2
      vertex 34.2718 -20.0123 2.2
    endloop
  endfacet
  facet normal 0 0 1
    outer loop
      vertex 28.35 -19.4 2.2
      vertex 34.15 -19.4 2.2
      vertex 28.35 19.4 2.2
    endloop
  endfacet
  facet normal 0 0 1
    outer loop
      vertex 34.15 -19.4 2.2
      vertex 28.35 -19.4 2.2
      vertex 34.1637 -19.6088 2.2
    endloop
  endfacet
  facet normal 0 0 1
    outer loop
      vertex 28.3363 -19.6088 2.2
      vertex 34.1637 -19.6088 2.2
      vertex 28.35 -19.4 2.2
    endloop
  endfacet
  facet normal 0 0 1
    outer loop
      vertex 34.1637 -19.6088 2.2
      vertex 28.3363 -19.6088 2.2
      vertex 34.2045 -19.8141 2.2
    endloop
  endfacet
  facet normal 0 0 1
    outer loop
      vertex 28.2955 -19.8141 2.2
      vertex 34.2045 -19.8141 2.2
      vertex 28.3363 -19.6088 2.2
    endloop
  endfacet
  facet normal 0 0 1
    outer loop
      vertex 34.2045 -19.8141 2.2
      vertex 28.2955 -19.8141 2.2
      vertex 34.2718 -20.0123 2.2
    endloop
  endfacet
  facet normal 0 0 1
    outer loop
      vertex 28.2282 -20.0123 2.2
      vertex 34.2718 -20.0123 2.2
      vertex 28.2955 -19.8141 2.2
    endloop
  endfacet
  facet normal 0 0 1
    outer loop
      vertex 28.1356 -20.2 2.2
      vertex 34.2718 -20.0123 2.2
      vertex 28.2282 -20.0123 2.2
    endloop
  endfacet
  facet normal 0 0 1
    outer loop
      vertex 34.3644 -20.2 2.2
      vertex 28.1356 -20.2 2.2
      vertex 28.0194 -20.374 2.2
    endloop
  endfacet
  facet normal 0 0 1
    outer loop
      vertex 34.4806 -20.374 2.2
      vertex 28.0194 -20.374 2.2
      vertex 27.8814 -20.5314 2.2
    endloop
  endfacet
  facet normal 0 0 1
    outer loop
      vertex 34.6186 -20.5314 2.2
      vertex 27.8814 -20.5314 2.2
      vertex 27.724 -20.6694 2.2
    endloop
  endfacet
  facet normal 0 0 1
    outer loop
      vertex 34.776 -20.6694 2.2
      vertex 27.724 -20.6694 2.2
      vertex 27.55 -20.7856 2.2
    endloop
  endfacet
  facet normal 0 0 1
    outer loop
      vertex 34.95 -20.7856 2.2
      vertex 27.55 -20.7856 2.2
      vertex 27.3623 -20.8782 2.2
    endloop
  endfacet
  facet normal 0 0 1
    outer loop
      vertex 35.1377 -20.8782 2.2
      vertex 27.3623 -20.8782 2.2
      vertex 27.1641 -20.9455 2.2
    endloop
  endfacet
  facet normal -0 0 1
    outer loop
      vertex 26.9588 -20.9863 2.2
      vertex 44.75 -47.12 2.2
      vertex 27.1641 -20.9455 2.2
    endloop
  endfacet
  facet normal -0 0 1
    outer loop
      vertex 26.75 -21 2.2
      vertex 44.75 -47.12 2.2
      vertex 26.9588 -20.9863 2.2
    endloop
  endfacet
  facet normal 0 0 1
    outer loop
      vertex 10 -47.17 2.2
      vertex 44.75 -47.12 2.2
      vertex 26.75 -21 2.2
    endloop
  endfacet
  facet normal 0 0 1
    outer loop
      vertex 10 -47.17 2.2
      vertex 26.75 -21 2.2
      vertex 26.5412 -20.9863 2.2
    endloop
  endfacet
  facet normal 0 0 1
    outer loop
      vertex 10 -47.17 2.2
      vertex 26.5412 -20.9863 2.2
      vertex 26.3359 -20.9455 2.2
    endloop
  endfacet
  facet normal 0 0 1
    outer loop
      vertex 10 -47.17 2.2
      vertex 26.3359 -20.9455 2.2
      vertex 26.1377 -20.8782 2.2
    endloop
  endfacet
  facet normal 0 0 1
    outer loop
      vertex 10 -47.17 2.2
      vertex 26.1377 -20.8782 2.2
      vertex 25.95 -20.7856 2.2
    endloop
  endfacet
  facet normal 0 0 1
    outer loop
      vertex 6.69653 -44.6352 2.2
      vertex 25.95 -20.7856 2.2
      vertex 25.776 -20.6694 2.2
    endloop
  endfacet
  facet normal 0 0 1
    outer loop
      vertex 6.69653 -44.6352 2.2
      vertex 25.776 -20.6694 2.2
      vertex 25.6186 -20.5314 2.2
    endloop
  endfacet
  facet normal 0 0 1
    outer loop
      vertex 6.69653 -44.6352 2.2
      vertex 25.6186 -20.5314 2.2
      vertex 25.4806 -20.374 2.2
    endloop
  endfacet
  facet normal 0 0 1
    outer loop
      vertex 25.15 19.4 2.2
      vertex 6.63 9 2.2
      vertex 25.15 -19.4 2.2
    endloop
  endfacet
  facet normal -0 0 1
    outer loop
      vertex 6.63 -9 2.2
      vertex 25.15 -19.4 2.2
      vertex 6.63 9 2.2
    endloop
  endfacet
  facet normal 0 0 1
    outer loop
      vertex 44.75 -47.12 2.2
      vertex 10 -47.17 2.2
      vertex 44.75 -47.17 2.2
    endloop
  endfacet
  facet normal 0 0 1
    outer loop
      vertex 6.69653 -44.6352 2.2
      vertex 25.4806 -20.374 2.2
      vertex 25.3644 -20.2 2.2
    endloop
  endfacet
  facet normal 0 0 1
    outer loop
      vertex 6.69653 -44.6352 2.2
      vertex 25.3644 -20.2 2.2
      vertex 25.2718 -20.0123 2.2
    endloop
  endfacet
  facet normal 0 0 1
    outer loop
      vertex 6.63 -9 2.2
      vertex 25.2718 -20.0123 2.2
      vertex 25.2045 -19.8141 2.2
    endloop
  endfacet
  facet normal 0 0 1
    outer loop
      vertex 6.63 -9 2.2
      vertex 25.1637 -19.6088 2.2
      vertex 25.15 -19.4 2.2
    endloop
  endfacet
  facet normal 0 0 1
    outer loop
      vertex 6.58 43.75 2.2
      vertex 10 47.17 2.2
      vertex 9.5536 47.1407 2.2
    endloop
  endfacet
  facet normal 0 0 1
    outer loop
      vertex 6.63 -9 2.2
      vertex 25.2045 -19.8141 2.2
      vertex 25.1637 -19.6088 2.2
    endloop
  endfacet
  facet normal 0 0 1
    outer loop
      vertex 6.58 43.75 2.2
      vertex 9.5536 47.1407 2.2
      vertex 9.11484 47.0535 2.2
    endloop
  endfacet
  facet normal 0 0 1
    outer loop
      vertex 25.95 -20.7856 2.2
      vertex 6.69653 -44.6352 2.2
      vertex 10 -47.17 2.2
    endloop
  endfacet
  facet normal 0 0 1
    outer loop
      vertex 6.58 43.75 2.2
      vertex 9.11484 47.0535 2.2
      vertex 8.69122 46.9097 2.2
    endloop
  endfacet
  facet normal 0 0 1
    outer loop
      vertex 10 -47.17 2.2
      vertex 6.69653 -44.6352 2.2
      vertex 9.5536 -47.1407 2.2
    endloop
  endfacet
  facet normal 0 0 1
    outer loop
      vertex 6.58 43.75 2.2
      vertex 8.69122 46.9097 2.2
      vertex 8.28999 46.7118 2.2
    endloop
  endfacet
  facet normal 0 0 1
    outer loop
      vertex 9.5536 -47.1407 2.2
      vertex 6.69653 -44.6352 2.2
      vertex 9.11484 -47.0535 2.2
    endloop
  endfacet
  facet normal 0 0 1
    outer loop
      vertex 6.58 43.75 2.2
      vertex 8.28999 46.7118 2.2
      vertex 7.91803 46.4633 2.2
    endloop
  endfacet
  facet normal 0 0 1
    outer loop
      vertex 9.11484 -47.0535 2.2
      vertex 6.69653 -44.6352 2.2
      vertex 8.69122 -46.9097 2.2
    endloop
  endfacet
  facet normal 0 0 1
    outer loop
      vertex 6.58 43.75 2.2
      vertex 7.91803 46.4633 2.2
      vertex 7.5817 46.1683 2.2
    endloop
  endfacet
  facet normal 0 0 1
    outer loop
      vertex 8.69122 -46.9097 2.2
      vertex 6.69653 -44.6352 2.2
      vertex 8.28999 -46.7118 2.2
    endloop
  endfacet
  facet normal 0 0 1
    outer loop
      vertex 6.58 43.75 2.2
      vertex 7.5817 46.1683 2.2
      vertex 7.28673 45.832 2.2
    endloop
  endfacet
  facet normal 0 0 1
    outer loop
      vertex 8.28999 -46.7118 2.2
      vertex 6.69653 -44.6352 2.2
      vertex 7.91803 -46.4633 2.2
    endloop
  endfacet
  facet normal 0 0 1
    outer loop
      vertex 6.58 43.75 2.2
      vertex 7.28673 45.832 2.2
      vertex 7.03819 45.46 2.2
    endloop
  endfacet
  facet normal 0 0 1
    outer loop
      vertex 7.91803 -46.4633 2.2
      vertex 6.69653 -44.6352 2.2
      vertex 7.5817 -46.1683 2.2
    endloop
  endfacet
  facet normal 0 0 1
    outer loop
      vertex 6.58 43.75 2.2
      vertex 7.03819 45.46 2.2
      vertex 6.84033 45.0588 2.2
    endloop
  endfacet
  facet normal 0 0 1
    outer loop
      vertex 7.5817 -46.1683 2.2
      vertex 6.69653 -44.6352 2.2
      vertex 7.28673 -45.832 2.2
    endloop
  endfacet
  facet normal 0 0 1
    outer loop
      vertex 6.58 43.75 2.2
      vertex 6.84033 45.0588 2.2
      vertex 6.69653 44.6352 2.2
    endloop
  endfacet
  facet normal 0 0 1
    outer loop
      vertex 7.28673 -45.832 2.2
      vertex 6.69653 -44.6352 2.2
      vertex 7.03819 -45.46 2.2
    endloop
  endfacet
  facet normal 0 0 1
    outer loop
      vertex 7.03819 -45.46 2.2
      vertex 6.69653 -44.6352 2.2
      vertex 6.84033 -45.0588 2.2
    endloop
  endfacet
  facet normal 0 0 1
    outer loop
      vertex 6.58 43.75 2.2
      vertex 6.69653 44.6352 2.2
      vertex 6.60925 44.1964 2.2
    endloop
  endfacet
  facet normal 0 0 1
    outer loop
      vertex 25.1637 19.6088 2.2
      vertex 6.63 9 2.2
      vertex 25.15 19.4 2.2
    endloop
  endfacet
  facet normal 0 0 1
    outer loop
      vertex 6.63 9 2.2
      vertex 6.58 43.75 2.2
      vertex 6.58 9 2.2
    endloop
  endfacet
  facet normal 0 0 1
    outer loop
      vertex 100.66 -45.0588 2.2
      vertex 97.5 -47.17 2.2
      vertex 100.462 -45.46 2.2
    endloop
  endfacet
  facet normal 0 0 1
    outer loop
      vertex 100.213 -45.832 2.2
      vertex 97.5 -47.17 2.2
      vertex 99.9183 -46.1683 2.2
    endloop
  endfacet
  facet normal 0 0 1
    outer loop
      vertex 99.582 -46.4633 2.2
      vertex 97.5 -47.17 2.2
      vertex 99.21 -46.7118 2.2
    endloop
  endfacet
  facet normal 0 0 1
    outer loop
      vertex 99.21 -46.7118 2.2
      vertex 97.5 -47.17 2.2
      vertex 98.8088 -46.9097 2.2
    endloop
  endfacet
  facet normal 0 0 1
    outer loop
      vertex 98.3852 -47.0535 2.2
      vertex 97.5 -47.17 2.2
      vertex 97.9464 -47.1407 2.2
    endloop
  endfacet
  facet normal 0 0 1
    outer loop
      vertex 98.8088 -46.9097 2.2
      vertex 97.5 -47.17 2.2
      vertex 98.3852 -47.0535 2.2
    endloop
  endfacet
  facet normal 0 0 1
    outer loop
      vertex 99.9183 -46.1683 2.2
      vertex 97.5 -47.17 2.2
      vertex 99.582 -46.4633 2.2
    endloop
  endfacet
  facet normal 0 0 1
    outer loop
      vertex 100.462 -45.46 2.2
      vertex 97.5 -47.17 2.2
      vertex 100.213 -45.832 2.2
    endloop
  endfacet
  facet normal 0 0 1
    outer loop
      vertex 100.891 -44.1964 2.2
      vertex 97.5 -47.17 2.2
      vertex 100.803 -44.6352 2.2
    endloop
  endfacet
  facet normal -0 0 1
    outer loop
      vertex 81.3623 -20.8782 2.2
      vertex 97.5 -47.17 2.2
      vertex 81.55 -20.7856 2.2
    endloop
  endfacet
  facet normal -0 0 1
    outer loop
      vertex 81.1641 -20.9455 2.2
      vertex 97.5 -47.17 2.2
      vertex 81.3623 -20.8782 2.2
    endloop
  endfacet
  facet normal -0 0 1
    outer loop
      vertex 80.9588 -20.9863 2.2
      vertex 97.5 -47.17 2.2
      vertex 81.1641 -20.9455 2.2
    endloop
  endfacet
  facet normal -0 0 1
    outer loop
      vertex 80.75 -21 2.2
      vertex 97.5 -47.17 2.2
      vertex 80.9588 -20.9863 2.2
    endloop
  endfacet
  facet normal 0 0 1
    outer loop
      vertex 62.75 -47.12 2.2
      vertex 80.75 -21 2.2
      vertex 80.5412 -20.9863 2.2
    endloop
  endfacet
  facet normal 0 0 1
    outer loop
      vertex 62.75 -47.12 2.2
      vertex 80.5412 -20.9863 2.2
      vertex 80.3359 -20.9455 2.2
    endloop
  endfacet
  facet normal 0 0 1
    outer loop
      vertex 72.1641 -20.9455 2.2
      vertex 80.3359 -20.9455 2.2
      vertex 80.1377 -20.8782 2.2
    endloop
  endfacet
  facet normal 0 0 1
    outer loop
      vertex 72.3623 -20.8782 2.2
      vertex 80.1377 -20.8782 2.2
      vertex 79.95 -20.7856 2.2
    endloop
  endfacet
  facet normal 0 0 1
    outer loop
      vertex 72.55 -20.7856 2.2
      vertex 79.95 -20.7856 2.2
      vertex 79.776 -20.6694 2.2
    endloop
  endfacet
  facet normal 0 0 1
    outer loop
      vertex 72.724 -20.6694 2.2
      vertex 79.776 -20.6694 2.2
      vertex 79.6186 -20.5314 2.2
    endloop
  endfacet
  facet normal 0 0 1
    outer loop
      vertex 72.8814 -20.5314 2.2
      vertex 79.6186 -20.5314 2.2
      vertex 79.4806 -20.374 2.2
    endloop
  endfacet
  facet normal 0 0 1
    outer loop
      vertex 73.35 -19.4 2.2
      vertex 79.15 -19.4 2.2
      vertex 73.35 19.4 2.2
    endloop
  endfacet
  facet normal 0 0 1
    outer loop
      vertex 79.15 -19.4 2.2
      vertex 73.35 -19.4 2.2
      vertex 79.1637 -19.6088 2.2
    endloop
  endfacet
  facet normal 0 0 1
    outer loop
      vertex 73.3363 -19.6088 2.2
      vertex 79.1637 -19.6088 2.2
      vertex 73.35 -19.4 2.2
    endloop
  endfacet
  facet normal 0 0 1
    outer loop
      vertex 79.1637 -19.6088 2.2
      vertex 73.3363 -19.6088 2.2
      vertex 79.2045 -19.8141 2.2
    endloop
  endfacet
  facet normal 0 0 1
    outer loop
      vertex 73.2955 -19.8141 2.2
      vertex 79.2045 -19.8141 2.2
      vertex 73.3363 -19.6088 2.2
    endloop
  endfacet
  facet normal 0 0 1
    outer loop
      vertex 79.2045 -19.8141 2.2
      vertex 73.2955 -19.8141 2.2
      vertex 79.2718 -20.0123 2.2
    endloop
  endfacet
  facet normal 0 0 1
    outer loop
      vertex 73.2282 -20.0123 2.2
      vertex 79.2718 -20.0123 2.2
      vertex 73.2955 -19.8141 2.2
    endloop
  endfacet
  facet normal 0 0 1
    outer loop
      vertex 79.2718 -20.0123 2.2
      vertex 73.2282 -20.0123 2.2
      vertex 79.3644 -20.2 2.2
    endloop
  endfacet
  facet normal 0 0 1
    outer loop
      vertex 73.1356 -20.2 2.2
      vertex 79.3644 -20.2 2.2
      vertex 73.2282 -20.0123 2.2
    endloop
  endfacet
  facet normal 0 0 1
    outer loop
      vertex 79.3644 -20.2 2.2
      vertex 73.1356 -20.2 2.2
      vertex 79.4806 -20.374 2.2
    endloop
  endfacet
  facet normal 0 0 1
    outer loop
      vertex 73.0194 -20.374 2.2
      vertex 79.4806 -20.374 2.2
      vertex 73.1356 -20.2 2.2
    endloop
  endfacet
  facet normal 0 0 1
    outer loop
      vertex 72.8814 -20.5314 2.2
      vertex 79.4806 -20.374 2.2
      vertex 73.0194 -20.374 2.2
    endloop
  endfacet
  facet normal 0 0 1
    outer loop
      vertex 79.6186 -20.5314 2.2
      vertex 72.8814 -20.5314 2.2
      vertex 72.724 -20.6694 2.2
    endloop
  endfacet
  facet normal 0 0 1
    outer loop
      vertex 79.776 -20.6694 2.2
      vertex 72.724 -20.6694 2.2
      vertex 72.55 -20.7856 2.2
    endloop
  endfacet
  facet normal 0 0 1
    outer loop
      vertex 79.95 -20.7856 2.2
      vertex 72.55 -20.7856 2.2
      vertex 72.3623 -20.8782 2.2
    endloop
  endfacet
  facet normal 0 0 1
    outer loop
      vertex 80.1377 -20.8782 2.2
      vertex 72.3623 -20.8782 2.2
      vertex 72.1641 -20.9455 2.2
    endloop
  endfacet
  facet normal 0 0 1
    outer loop
      vertex 80.3359 -20.9455 2.2
      vertex 72.1641 -20.9455 2.2
      vertex 62.75 -47.12 2.2
    endloop
  endfacet
  facet normal 0 0 1
    outer loop
      vertex 62.75 -47.12 2.2
      vertex 72.1641 -20.9455 2.2
      vertex 71.9588 -20.9863 2.2
    endloop
  endfacet
  facet normal 0 0 1
    outer loop
      vertex 62.75 -47.12 2.2
      vertex 71.9588 -20.9863 2.2
      vertex 71.75 -21 2.2
    endloop
  endfacet
  facet normal 0 0 1
    outer loop
      vertex 62.75 -47.12 2.2
      vertex 71.75 -21 2.2
      vertex 71.5412 -20.9863 2.2
    endloop
  endfacet
  facet normal 0 0 1
    outer loop
      vertex 62.75 -47.12 2.2
      vertex 71.5412 -20.9863 2.2
      vertex 71.3359 -20.9455 2.2
    endloop
  endfacet
  facet normal 0 0 1
    outer loop
      vertex 63.1641 -20.9455 2.2
      vertex 71.3359 -20.9455 2.2
      vertex 71.1377 -20.8782 2.2
    endloop
  endfacet
  facet normal 0 0 1
    outer loop
      vertex 63.3623 -20.8782 2.2
      vertex 71.1377 -20.8782 2.2
      vertex 70.95 -20.7856 2.2
    endloop
  endfacet
  facet normal 0 0 1
    outer loop
      vertex 63.55 -20.7856 2.2
      vertex 70.95 -20.7856 2.2
      vertex 70.776 -20.6694 2.2
    endloop
  endfacet
  facet normal 0 0 1
    outer loop
      vertex 63.724 -20.6694 2.2
      vertex 70.776 -20.6694 2.2
      vertex 70.6186 -20.5314 2.2
    endloop
  endfacet
  facet normal 0 0 1
    outer loop
      vertex 64.35 -19.4 2.2
      vertex 70.15 -19.4 2.2
      vertex 64.35 19.4 2.2
    endloop
  endfacet
  facet normal 0 0 1
    outer loop
      vertex 70.15 -19.4 2.2
      vertex 64.35 -19.4 2.2
      vertex 70.1637 -19.6088 2.2
    endloop
  endfacet
  facet normal 0 0 1
    outer loop
      vertex 64.3363 -19.6088 2.2
      vertex 70.1637 -19.6088 2.2
      vertex 64.35 -19.4 2.2
    endloop
  endfacet
  facet normal 0 0 1
    outer loop
      vertex 70.1637 -19.6088 2.2
      vertex 64.3363 -19.6088 2.2
      vertex 70.2045 -19.8141 2.2
    endloop
  endfacet
  facet normal 0 0 1
    outer loop
      vertex 64.2955 -19.8141 2.2
      vertex 70.2045 -19.8141 2.2
      vertex 64.3363 -19.6088 2.2
    endloop
  endfacet
  facet normal 0 0 1
    outer loop
      vertex 70.2045 -19.8141 2.2
      vertex 64.2955 -19.8141 2.2
      vertex 70.2718 -20.0123 2.2
    endloop
  endfacet
  facet normal 0 0 1
    outer loop
      vertex 64.2282 -20.0123 2.2
      vertex 70.2718 -20.0123 2.2
      vertex 64.2955 -19.8141 2.2
    endloop
  endfacet
  facet normal 0 0 1
    outer loop
      vertex 70.2718 -20.0123 2.2
      vertex 64.2282 -20.0123 2.2
      vertex 70.3644 -20.2 2.2
    endloop
  endfacet
  facet normal 0 0 1
    outer loop
      vertex 64.1356 -20.2 2.2
      vertex 70.3644 -20.2 2.2
      vertex 64.2282 -20.0123 2.2
    endloop
  endfacet
  facet normal 0 0 1
    outer loop
      vertex 70.3644 -20.2 2.2
      vertex 64.1356 -20.2 2.2
      vertex 70.4806 -20.374 2.2
    endloop
  endfacet
  facet normal 0 0 1
    outer loop
      vertex 64.0194 -20.374 2.2
      vertex 70.4806 -20.374 2.2
      vertex 64.1356 -20.2 2.2
    endloop
  endfacet
  facet normal 0 0 1
    outer loop
      vertex 70.4806 -20.374 2.2
      vertex 64.0194 -20.374 2.2
      vertex 70.6186 -20.5314 2.2
    endloop
  endfacet
  facet normal 0 0 1
    outer loop
      vertex 63.8814 -20.5314 2.2
      vertex 70.6186 -20.5314 2.2
      vertex 64.0194 -20.374 2.2
    endloop
  endfacet
  facet normal 0 0 1
    outer loop
      vertex 63.724 -20.6694 2.2
      vertex 70.6186 -20.5314 2.2
      vertex 63.8814 -20.5314 2.2
    endloop
  endfacet
  facet normal 0 0 1
    outer loop
      vertex 70.776 -20.6694 2.2
      vertex 63.724 -20.6694 2.2
      vertex 63.55 -20.7856 2.2
    endloop
  endfacet
  facet normal 0 0 1
    outer loop
      vertex 70.95 -20.7856 2.2
      vertex 63.55 -20.7856 2.2
      vertex 63.3623 -20.8782 2.2
    endloop
  endfacet
  facet normal 0 0 1
    outer loop
      vertex 71.1377 -20.8782 2.2
      vertex 63.3623 -20.8782 2.2
      vertex 63.1641 -20.9455 2.2
    endloop
  endfacet
  facet normal 0 0 1
    outer loop
      vertex 71.3359 -20.9455 2.2
      vertex 63.1641 -20.9455 2.2
      vertex 62.75 -47.12 2.2
    endloop
  endfacet
  facet normal 0 0 1
    outer loop
      vertex 62.75 -47.12 2.2
      vertex 63.1641 -20.9455 2.2
      vertex 62.9588 -20.9863 2.2
    endloop
  endfacet
  facet normal 0 0 1
    outer loop
      vertex 62.75 -47.12 2.2
      vertex 62.9588 -20.9863 2.2
      vertex 62.75 -21 2.2
    endloop
  endfacet
  facet normal 0 0 1
    outer loop
      vertex 80.75 -21 2.2
      vertex 62.75 -47.12 2.2
      vertex 97.5 -47.17 2.2
    endloop
  endfacet
  facet normal 0 0 1
    outer loop
      vertex 97.5 -47.17 2.2
      vertex 62.75 -47.12 2.2
      vertex 62.75 -47.17 2.2
    endloop
  endfacet
  facet normal 0 0 -1
    outer loop
      vertex 6.33 -9 2.2
      vertex 6.58 9 2.2
      vertex 6.58 -9 2.2
    endloop
  endfacet
  facet normal -0 0 -1
    outer loop
      vertex 6.58 9 2.2
      vertex 6.33 -9 2.2
      vertex 6.33 9 2.2
    endloop
  endfacet
  facet normal 0 0 -1
    outer loop
      vertex 100.92 -9 2.2
      vertex 101.17 9 2.2
      vertex 101.17 -9 2.2
    endloop
  endfacet
  facet normal -0 0 -1
    outer loop
      vertex 101.17 9 2.2
      vertex 100.92 -9 2.2
      vertex 100.92 9 2.2
    endloop
  endfacet
  facet normal 0 0 -1
    outer loop
      vertex 44.75 -47.42 2.2
      vertex 62.75 -47.17 2.2
      vertex 62.75 -47.42 2.2
    endloop
  endfacet
  facet normal -0 0 -1
    outer loop
      vertex 62.75 -47.17 2.2
      vertex 44.75 -47.42 2.2
      vertex 44.75 -47.17 2.2
    endloop
  endfacet
  facet normal 0 0 -1
    outer loop
      vertex 44.75 47.17 2.2
      vertex 62.75 47.42 2.2
      vertex 62.75 47.17 2.2
    endloop
  endfacet
  facet normal -0 0 -1
    outer loop
      vertex 62.75 47.42 2.2
      vertex 44.75 47.17 2.2
      vertex 44.75 47.42 2.2
    endloop
  endfacet
  facet normal -1 0 0
    outer loop
      vertex 6.33 -9 2.2
      vertex 6.33 9 4
      vertex 6.33 9 2.2
    endloop
  endfacet
  facet normal -1 -0 0
    outer loop
      vertex 6.33 9 4
      vertex 6.33 -9 2.2
      vertex 6.33 -9 4
    endloop
  endfacet
  facet normal 0 0 0
    outer loop
      vertex 6.63 9 4
      vertex 6.58 9 4
      vertex 6.33 9 4
    endloop
  endfacet
  facet normal 0 1 -0
    outer loop
      vertex 6.58 9 2.2
      vertex 6.33 9 4
      vertex 6.58 9 4
    endloop
  endfacet
  facet normal 0 1 0
    outer loop
      vertex 6.58 9 2.2
      vertex 6.33 9 2.2
      vertex 6.33 9 4
    endloop
  endfacet
  facet normal 0 0 0
    outer loop
      vertex 6.33 -9 4
      vertex 6.58 -9 4
      vertex 6.63 -9 4
    endloop
  endfacet
  facet normal 0 -1 0
    outer loop
      vertex 6.33 -9 4
      vertex 6.58 -9 2.2
      vertex 6.58 -9 4
    endloop
  endfacet
  facet normal 0 -1 0
    outer loop
      vertex 6.33 -9 2.2
      vertex 6.58 -9 2.2
      vertex 6.33 -9 4
    endloop
  endfacet
  facet normal 1 -0 0
    outer loop
      vertex 101.17 -9 4
      vertex 101.17 9 2.2
      vertex 101.17 9 4
    endloop
  endfacet
  facet normal 1 0 0
    outer loop
      vertex 101.17 9 2.2
      vertex 101.17 -9 4
      vertex 101.17 -9 2.2
    endloop
  endfacet
  facet normal -0 0 1
    outer loop
      vertex 100.87 9 4
      vertex 101.17 -9 4
      vertex 101.17 9 4
    endloop
  endfacet
  facet normal 0 0 1
    outer loop
      vertex 101.17 -9 4
      vertex 100.87 9 4
      vertex 100.87 -9 4
    endloop
  endfacet
  facet normal 0 0 0
    outer loop
      vertex 101.17 9 4
      vertex 100.92 9 4
      vertex 100.87 9 4
    endloop
  endfacet
  facet normal 0 1 0
    outer loop
      vertex 101.17 9 4
      vertex 100.92 9 2.2
      vertex 100.92 9 4
    endloop
  endfacet
  facet normal 0 1 -0
    outer loop
      vertex 101.17 9 2.2
      vertex 100.92 9 2.2
      vertex 101.17 9 4
    endloop
  endfacet
  facet normal 0 0 0
    outer loop
      vertex 100.87 -9 4
      vertex 100.92 -9 4
      vertex 101.17 -9 4
    endloop
  endfacet
  facet normal 0 -1 0
    outer loop
      vertex 100.92 -9 2.2
      vertex 101.17 -9 4
      vertex 100.92 -9 4
    endloop
  endfacet
  facet normal 0 -1 0
    outer loop
      vertex 100.92 -9 2.2
      vertex 101.17 -9 2.2
      vertex 101.17 -9 4
    endloop
  endfacet
  facet normal -0 0 1
    outer loop
      vertex 44.75 -47.12 4
      vertex 62.75 -47.42 4
      vertex 62.75 -47.12 4
    endloop
  endfacet
  facet normal 0 0 1
    outer loop
      vertex 62.75 -47.42 4
      vertex 44.75 -47.12 4
      vertex 44.75 -47.42 4
    endloop
  endfacet
  facet normal 0 -1 0
    outer loop
      vertex 44.75 -47.42 2.2
      vertex 62.75 -47.42 4
      vertex 44.75 -47.42 4
    endloop
  endfacet
  facet normal 0 -1 -0
    outer loop
      vertex 62.75 -47.42 4
      vertex 44.75 -47.42 2.2
      vertex 62.75 -47.42 2.2
    endloop
  endfacet
  facet normal -1 0 0
    outer loop
      vertex 44.75 -47.17 2.2
      vertex 44.75 -47.42 2.2
      vertex 44.75 -47.17 4
    endloop
  endfacet
  facet normal -0 0 0
    outer loop
      vertex 44.75 -47.17 4
      vertex 44.75 -47.42 4
      vertex 44.75 -47.12 4
    endloop
  endfacet
  facet normal -1 0 0
    outer loop
      vertex 44.75 -47.42 4
      vertex 44.75 -47.17 4
      vertex 44.75 -47.42 2.2
    endloop
  endfacet
  facet normal 1 -0 0
    outer loop
      vertex 62.75 -47.42 4
      vertex 62.75 -47.17 2.2
      vertex 62.75 -47.17 4
    endloop
  endfacet
  facet normal 0 0 0
    outer loop
      vertex 62.75 -47.42 4
      vertex 62.75 -47.17 4
      vertex 62.75 -47.12 4
    endloop
  endfacet
  facet normal 1 0 0
    outer loop
      vertex 62.75 -47.42 2.2
      vertex 62.75 -47.17 2.2
      vertex 62.75 -47.42 4
    endloop
  endfacet
  facet normal 0 1 -0
    outer loop
      vertex 62.75 47.42 2.2
      vertex 44.75 47.42 4
      vertex 62.75 47.42 4
    endloop
  endfacet
  facet normal 0 1 0
    outer loop
      vertex 44.75 47.42 4
      vertex 62.75 47.42 2.2
      vertex 44.75 47.42 2.2
    endloop
  endfacet
  facet normal -0 0 1
    outer loop
      vertex 44.75 47.42 4
      vertex 62.75 47.12 4
      vertex 62.75 47.42 4
    endloop
  endfacet
  facet normal 0 0 1
    outer loop
      vertex 62.75 47.12 4
      vertex 44.75 47.42 4
      vertex 44.75 47.12 4
    endloop
  endfacet
  facet normal -1 0 0
    outer loop
      vertex 44.75 47.42 2.2
      vertex 44.75 47.17 2.2
      vertex 44.75 47.42 4
    endloop
  endfacet
  facet normal -1 0 0
    outer loop
      vertex 44.75 47.17 4
      vertex 44.75 47.42 4
      vertex 44.75 47.17 2.2
    endloop
  endfacet
  facet normal -0 0 0
    outer loop
      vertex 44.75 47.17 4
      vertex 44.75 47.12 4
      vertex 44.75 47.42 4
    endloop
  endfacet
  facet normal 1 0 0
    outer loop
      vertex 62.75 47.42 4
      vertex 62.75 47.17 4
      vertex 62.75 47.42 2.2
    endloop
  endfacet
  facet normal 0 0 0
    outer loop
      vertex 62.75 47.12 4
      vertex 62.75 47.17 4
      vertex 62.75 47.42 4
    endloop
  endfacet
  facet normal 1 0 0
    outer loop
      vertex 62.75 47.17 2.2
      vertex 62.75 47.42 2.2
      vertex 62.75 47.17 4
    endloop
  endfacet
  facet normal -0.89688 -0.442275 0
    outer loop
      vertex 7.56532 -45.05 4
      vertex 7.38597 -44.6863 4.4
      vertex 7.38597 -44.6863 4
    endloop
  endfacet
  facet normal -0.89688 -0.442275 0
    outer loop
      vertex 7.38597 -44.6863 4.4
      vertex 7.56532 -45.05 4
      vertex 7.56532 -45.05 4.4
    endloop
  endfacet
  facet normal 0.442176 -0.896928 0
    outer loop
      vertex 11.4363 -46.364 4
      vertex 11.8 -46.1847 4.4
      vertex 11.4363 -46.364 4.4
    endloop
  endfacet
  facet normal 0.442176 -0.896928 0
    outer loop
      vertex 11.8 -46.1847 4.4
      vertex 11.4363 -46.364 4
      vertex 11.8 -46.1847 4
    endloop
  endfacet
  facet normal 0.980789 0.195073 0
    outer loop
      vertex 13.3235 -43.0954 4.4
      vertex 13.2444 -42.6977 2.2
      vertex 13.2444 -42.6977 4.4
    endloop
  endfacet
  facet normal 0.980789 0.195073 0
    outer loop
      vertex 13.2444 -42.6977 2.2
      vertex 13.3235 -43.0954 4.4
      vertex 13.3235 -43.0954 2.2
    endloop
  endfacet
  facet normal 0.997862 0.0653568 0
    outer loop
      vertex 13.35 -43.5 4.4
      vertex 13.3235 -43.0954 2.2
      vertex 13.3235 -43.0954 4.4
    endloop
  endfacet
  facet normal 0.997862 0.0653568 0
    outer loop
      vertex 13.3235 -43.0954 2.2
      vertex 13.35 -43.5 4.4
      vertex 13.35 -43.5 2.2
    endloop
  endfacet
  facet normal 0.946893 0.321549 0
    outer loop
      vertex 13.2444 -42.6977 4.4
      vertex 13.114 -42.3137 2.2
      vertex 13.114 -42.3137 4.4
    endloop
  endfacet
  facet normal 0.946893 0.321549 0
    outer loop
      vertex 13.114 -42.3137 2.2
      vertex 13.2444 -42.6977 4.4
      vertex 13.2444 -42.6977 2.2
    endloop
  endfacet
  facet normal 0.751721 -0.659482 0
    outer loop
      vertex 12.442 -45.692 4.4
      vertex 12.7094 -45.3872 2.2
      vertex 12.7094 -45.3872 4.4
    endloop
  endfacet
  facet normal 0.751721 -0.659482 0
    outer loop
      vertex 12.7094 -45.3872 2.2
      vertex 12.442 -45.692 4.4
      vertex 12.442 -45.692 2.2
    endloop
  endfacet
  facet normal 0.321549 0.946893 -0
    outer loop
      vertex 11.4363 -40.636 2.2
      vertex 11.0523 -40.5056 4.4
      vertex 11.4363 -40.636 4.4
    endloop
  endfacet
  facet normal 0.321549 0.946893 0
    outer loop
      vertex 11.0523 -40.5056 4.4
      vertex 11.4363 -40.636 2.2
      vertex 11.0523 -40.5056 2.2
    endloop
  endfacet
  facet normal 0.555553 0.831481 -0
    outer loop
      vertex 12.1372 -41.0406 2.2
      vertex 11.8 -40.8153 4.4
      vertex 12.1372 -41.0406 4.4
    endloop
  endfacet
  facet normal 0.555553 0.831481 0
    outer loop
      vertex 11.8 -40.8153 4.4
      vertex 12.1372 -41.0406 2.2
      vertex 11.8 -40.8153 2.2
    endloop
  endfacet
  facet normal 0.896928 -0.442176 0
    outer loop
      vertex 12.9347 -45.05 4.4
      vertex 13.114 -44.6863 2.2
      vertex 13.114 -44.6863 4.4
    endloop
  endfacet
  facet normal 0.896928 -0.442176 0
    outer loop
      vertex 13.114 -44.6863 2.2
      vertex 12.9347 -45.05 4.4
      vertex 12.9347 -45.05 2.2
    endloop
  endfacet
  facet normal 0.321549 -0.946893 0
    outer loop
      vertex 11.0523 -46.4944 4
      vertex 11.4363 -46.364 4.4
      vertex 11.0523 -46.4944 4.4
    endloop
  endfacet
  facet normal 0.321549 -0.946893 0
    outer loop
      vertex 11.4363 -46.364 4.4
      vertex 11.0523 -46.4944 4
      vertex 11.4363 -46.364 4
    endloop
  endfacet
  facet normal 0.896928 0.442176 0
    outer loop
      vertex 13.114 -42.3137 4.4
      vertex 12.9347 -41.95 2.2
      vertex 12.9347 -41.95 4.4
    endloop
  endfacet
  facet normal 0.896928 0.442176 0
    outer loop
      vertex 12.9347 -41.95 2.2
      vertex 13.114 -42.3137 4.4
      vertex 13.114 -42.3137 2.2
    endloop
  endfacet
  facet normal -0.195068 0.98079 0
    outer loop
      vertex 9.84537 -40.4265 2.2
      vertex 9.44766 -40.5056 4.4
      vertex 9.84537 -40.4265 4.4
    endloop
  endfacet
  facet normal -0.195068 0.98079 0
    outer loop
      vertex 9.44766 -40.5056 4.4
      vertex 9.84537 -40.4265 2.2
      vertex 9.44766 -40.5056 2.2
    endloop
  endfacet
  facet normal -0.0653519 -0.997862 0
    outer loop
      vertex 9.84537 -46.5735 4
      vertex 10.25 -46.6 4.4
      vertex 9.84537 -46.5735 4.4
    endloop
  endfacet
  facet normal -0.0653519 -0.997862 -0
    outer loop
      vertex 10.25 -46.6 4.4
      vertex 9.84537 -46.5735 4
      vertex 10.25 -46.6 4
    endloop
  endfacet
  facet normal -0.555599 0.83145 0
    outer loop
      vertex 8.7 -40.8153 2.2
      vertex 8.36284 -41.0406 4.4
      vertex 8.7 -40.8153 4.4
    endloop
  endfacet
  facet normal -0.555599 0.83145 0
    outer loop
      vertex 8.36284 -41.0406 4.4
      vertex 8.7 -40.8153 2.2
      vertex 8.36284 -41.0406 2.2
    endloop
  endfacet
  facet normal -0.321564 -0.946888 0
    outer loop
      vertex 9.06368 -46.364 4
      vertex 9.44766 -46.4944 4.4
      vertex 9.06368 -46.364 4.4
    endloop
  endfacet
  facet normal -0.321564 -0.946888 -0
    outer loop
      vertex 9.44766 -46.4944 4.4
      vertex 9.06368 -46.364 4
      vertex 9.44766 -46.4944 4
    endloop
  endfacet
  facet normal 0.946893 -0.321549 0
    outer loop
      vertex 13.114 -44.6863 4.4
      vertex 13.2444 -44.3023 2.2
      vertex 13.2444 -44.3023 4.4
    endloop
  endfacet
  facet normal 0.946893 -0.321549 0
    outer loop
      vertex 13.2444 -44.3023 2.2
      vertex 13.114 -44.6863 4.4
      vertex 13.114 -44.6863 2.2
    endloop
  endfacet
  facet normal -0.831492 -0.555536 0
    outer loop
      vertex 7.79061 -45.3872 4
      vertex 7.56532 -45.05 4.4
      vertex 7.56532 -45.05 4
    endloop
  endfacet
  facet normal -0.831492 -0.555536 0
    outer loop
      vertex 7.56532 -45.05 4.4
      vertex 7.79061 -45.3872 4
      vertex 7.79061 -45.3872 4.4
    endloop
  endfacet
  facet normal -0.659396 -0.751796 0
    outer loop
      vertex 8.05797 -45.692 4
      vertex 8.36284 -45.9594 4.4
      vertex 8.05797 -45.692 4.4
    endloop
  endfacet
  facet normal -0.659396 -0.751796 -0
    outer loop
      vertex 8.36284 -45.9594 4.4
      vertex 8.05797 -45.692 4
      vertex 8.36284 -45.9594 4
    endloop
  endfacet
  facet normal -0.659396 0.751796 0
    outer loop
      vertex 8.36284 -41.0406 2.2
      vertex 8.05797 -41.308 4.4
      vertex 8.36284 -41.0406 4.4
    endloop
  endfacet
  facet normal -0.659396 0.751796 0
    outer loop
      vertex 8.05797 -41.308 4.4
      vertex 8.36284 -41.0406 2.2
      vertex 8.05797 -41.308 2.2
    endloop
  endfacet
  facet normal -0.946938 0.321416 0
    outer loop
      vertex 7.25563 -42.6977 4
      vertex 7.38597 -42.3137 4.4
      vertex 7.38597 -42.3137 4
    endloop
  endfacet
  facet normal -0.946938 0.321416 0
    outer loop
      vertex 7.38597 -42.3137 4.4
      vertex 7.25563 -42.6977 4
      vertex 7.25563 -42.6977 4.4
    endloop
  endfacet
  facet normal -0.442195 0.896919 0
    outer loop
      vertex 9.06368 -40.636 2.2
      vertex 8.7 -40.8153 4.4
      vertex 9.06368 -40.636 4.4
    endloop
  endfacet
  facet normal -0.442195 0.896919 0
    outer loop
      vertex 8.7 -40.8153 4.4
      vertex 9.06368 -40.636 2.2
      vertex 8.7 -40.8153 2.2
    endloop
  endfacet
  facet normal -0.980784 0.195096 0
    outer loop
      vertex 7.17652 -43.0954 4
      vertex 7.25563 -42.6977 4.4
      vertex 7.25563 -42.6977 4
    endloop
  endfacet
  facet normal -0.980784 0.195096 0
    outer loop
      vertex 7.25563 -42.6977 4.4
      vertex 7.17652 -43.0954 4
      vertex 7.17652 -43.0954 4.4
    endloop
  endfacet
  facet normal -0.321564 0.946888 0
    outer loop
      vertex 9.44766 -40.5056 2.2
      vertex 9.06368 -40.636 4.4
      vertex 9.44766 -40.5056 4.4
    endloop
  endfacet
  facet normal -0.321564 0.946888 0
    outer loop
      vertex 9.06368 -40.636 4.4
      vertex 9.44766 -40.5056 2.2
      vertex 9.06368 -40.636 2.2
    endloop
  endfacet
  facet normal 0.659482 -0.751721 0
    outer loop
      vertex 12.1372 -45.9594 2.2
      vertex 12.442 -45.692 4.4
      vertex 12.1372 -45.9594 4.4
    endloop
  endfacet
  facet normal 0.659482 -0.751721 0
    outer loop
      vertex 12.442 -45.692 4.4
      vertex 12.1372 -45.9594 2.2
      vertex 12.442 -45.692 2.2
    endloop
  endfacet
  facet normal 0.0653568 0.997862 -0
    outer loop
      vertex 10.6546 -40.4265 2.2
      vertex 10.25 -40.4 4.4
      vertex 10.6546 -40.4265 4.4
    endloop
  endfacet
  facet normal 0.0653568 0.997862 0
    outer loop
      vertex 10.25 -40.4 4.4
      vertex 10.6546 -40.4265 2.2
      vertex 10.25 -40.4 2.2
    endloop
  endfacet
  facet normal 0.831481 0.555553 0
    outer loop
      vertex 12.9347 -41.95 4.4
      vertex 12.7094 -41.6128 2.2
      vertex 12.7094 -41.6128 4.4
    endloop
  endfacet
  facet normal 0.831481 0.555553 0
    outer loop
      vertex 12.7094 -41.6128 2.2
      vertex 12.9347 -41.95 4.4
      vertex 12.9347 -41.95 2.2
    endloop
  endfacet
  facet normal 0.195073 -0.980789 0
    outer loop
      vertex 10.6546 -46.5735 4
      vertex 11.0523 -46.4944 4.4
      vertex 10.6546 -46.5735 4.4
    endloop
  endfacet
  facet normal 0.195073 -0.980789 0
    outer loop
      vertex 11.0523 -46.4944 4.4
      vertex 10.6546 -46.5735 4
      vertex 11.0523 -46.4944 4
    endloop
  endfacet
  facet normal -0.980784 -0.195096 0
    outer loop
      vertex 7.25563 -44.3023 4
      vertex 7.17652 -43.9046 4.4
      vertex 7.17652 -43.9046 4
    endloop
  endfacet
  facet normal -0.980784 -0.195096 0
    outer loop
      vertex 7.17652 -43.9046 4.4
      vertex 7.25563 -44.3023 4
      vertex 7.25563 -44.3023 4.4
    endloop
  endfacet
  facet normal -0.751769 0.659426 0
    outer loop
      vertex 7.79061 -41.6128 2.2
      vertex 8.05797 -41.308 4.4
      vertex 8.05797 -41.308 2.2
    endloop
  endfacet
  facet normal -0.751769 0.659426 0
    outer loop
      vertex 8.05797 -41.308 4.4
      vertex 7.79061 -41.6128 2.2
      vertex 7.79061 -41.6128 4.4
    endloop
  endfacet
  facet normal 0.659482 0.751721 -0
    outer loop
      vertex 12.442 -41.308 2.2
      vertex 12.1372 -41.0406 4.4
      vertex 12.442 -41.308 4.4
    endloop
  endfacet
  facet normal 0.659482 0.751721 0
    outer loop
      vertex 12.1372 -41.0406 4.4
      vertex 12.442 -41.308 2.2
      vertex 12.1372 -41.0406 2.2
    endloop
  endfacet
  facet normal 0.997862 -0.0653568 0
    outer loop
      vertex 13.3235 -43.9046 4.4
      vertex 13.35 -43.5 2.2
      vertex 13.35 -43.5 4.4
    endloop
  endfacet
  facet normal 0.997862 -0.0653568 0
    outer loop
      vertex 13.35 -43.5 2.2
      vertex 13.3235 -43.9046 4.4
      vertex 13.3235 -43.9046 2.2
    endloop
  endfacet
  facet normal 0.980789 -0.195073 0
    outer loop
      vertex 13.2444 -44.3023 4.4
      vertex 13.3235 -43.9046 2.2
      vertex 13.3235 -43.9046 4.4
    endloop
  endfacet
  facet normal 0.980789 -0.195073 0
    outer loop
      vertex 13.3235 -43.9046 2.2
      vertex 13.2444 -44.3023 4.4
      vertex 13.2444 -44.3023 2.2
    endloop
  endfacet
  facet normal 0.555706 -0.831379 0
    outer loop
      vertex 11.9716 -46.07 4
      vertex 11.8 -46.1847 4.4
      vertex 11.8 -46.1847 4
    endloop
  endfacet
  facet normal 0.555553 -0.831481 -9.46882e-05
    outer loop
      vertex 11.8 -46.1847 4.4
      vertex 11.9716 -46.07 4
      vertex 12.1372 -45.9594 4.4
    endloop
  endfacet
  facet normal 0.555395 -0.831586 0
    outer loop
      vertex 12.1372 -45.9594 2.2
      vertex 11.9716 -46.07 4
      vertex 11.9716 -46.07 2.2
    endloop
  endfacet
  facet normal 0.555395 -0.831586 0
    outer loop
      vertex 11.9716 -46.07 4
      vertex 12.1372 -45.9594 2.2
      vertex 12.1372 -45.9594 4.4
    endloop
  endfacet
  facet normal 0.195073 0.980789 -0
    outer loop
      vertex 11.0523 -40.5056 2.2
      vertex 10.6546 -40.4265 4.4
      vertex 11.0523 -40.5056 4.4
    endloop
  endfacet
  facet normal 0.195073 0.980789 0
    outer loop
      vertex 10.6546 -40.4265 4.4
      vertex 11.0523 -40.5056 2.2
      vertex 10.6546 -40.4265 2.2
    endloop
  endfacet
  facet normal 0.751721 0.659482 0
    outer loop
      vertex 12.7094 -41.6128 4.4
      vertex 12.442 -41.308 2.2
      vertex 12.442 -41.308 4.4
    endloop
  endfacet
  facet normal 0.751721 0.659482 0
    outer loop
      vertex 12.442 -41.308 2.2
      vertex 12.7094 -41.6128 4.4
      vertex 12.7094 -41.6128 2.2
    endloop
  endfacet
  facet normal 0.442176 0.896928 -0
    outer loop
      vertex 11.8 -40.8153 2.2
      vertex 11.4363 -40.636 4.4
      vertex 11.8 -40.8153 4.4
    endloop
  endfacet
  facet normal 0.442176 0.896928 0
    outer loop
      vertex 11.4363 -40.636 4.4
      vertex 11.8 -40.8153 2.2
      vertex 11.4363 -40.636 2.2
    endloop
  endfacet
  facet normal -0.997859 -0.0654059 0
    outer loop
      vertex 7.17652 -43.9046 4
      vertex 7.15 -43.5 4.4
      vertex 7.15 -43.5 4
    endloop
  endfacet
  facet normal -0.997859 -0.0654059 0
    outer loop
      vertex 7.15 -43.5 4.4
      vertex 7.17652 -43.9046 4
      vertex 7.17652 -43.9046 4.4
    endloop
  endfacet
  facet normal 0.831481 -0.555553 0
    outer loop
      vertex 12.7094 -45.3872 4.4
      vertex 12.9347 -45.05 2.2
      vertex 12.9347 -45.05 4.4
    endloop
  endfacet
  facet normal 0.831481 -0.555553 0
    outer loop
      vertex 12.9347 -45.05 2.2
      vertex 12.7094 -45.3872 4.4
      vertex 12.7094 -45.3872 2.2
    endloop
  endfacet
  facet normal -0.751769 -0.659426 0
    outer loop
      vertex 8.05797 -45.692 4
      vertex 7.79061 -45.3872 4.4
      vertex 7.79061 -45.3872 4
    endloop
  endfacet
  facet normal -0.751769 -0.659426 0
    outer loop
      vertex 7.79061 -45.3872 4.4
      vertex 8.05797 -45.692 4
      vertex 8.05797 -45.692 4.4
    endloop
  endfacet
  facet normal -0.997859 0.0654059 0
    outer loop
      vertex 7.15 -43.5 4
      vertex 7.17652 -43.0954 4.4
      vertex 7.17652 -43.0954 4
    endloop
  endfacet
  facet normal -0.997859 0.0654059 0
    outer loop
      vertex 7.17652 -43.0954 4.4
      vertex 7.15 -43.5 4
      vertex 7.15 -43.5 4.4
    endloop
  endfacet
  facet normal -0.442195 -0.896919 0
    outer loop
      vertex 8.7 -46.1847 4
      vertex 9.06368 -46.364 4.4
      vertex 8.7 -46.1847 4.4
    endloop
  endfacet
  facet normal -0.442195 -0.896919 -0
    outer loop
      vertex 9.06368 -46.364 4.4
      vertex 8.7 -46.1847 4
      vertex 9.06368 -46.364 4
    endloop
  endfacet
  facet normal -0.946938 -0.321416 0
    outer loop
      vertex 7.38597 -44.6863 4
      vertex 7.25563 -44.3023 4.4
      vertex 7.25563 -44.3023 4
    endloop
  endfacet
  facet normal -0.946938 -0.321416 0
    outer loop
      vertex 7.25563 -44.3023 4.4
      vertex 7.38597 -44.6863 4
      vertex 7.38597 -44.6863 4.4
    endloop
  endfacet
  facet normal -0.195068 -0.98079 0
    outer loop
      vertex 9.44766 -46.4944 4
      vertex 9.84537 -46.5735 4.4
      vertex 9.44766 -46.4944 4.4
    endloop
  endfacet
  facet normal -0.195068 -0.98079 -0
    outer loop
      vertex 9.84537 -46.5735 4.4
      vertex 9.44766 -46.4944 4
      vertex 9.84537 -46.5735 4
    endloop
  endfacet
  facet normal 0.0653568 -0.997862 0
    outer loop
      vertex 10.25 -46.6 4
      vertex 10.6546 -46.5735 4.4
      vertex 10.25 -46.6 4.4
    endloop
  endfacet
  facet normal 0.0653568 -0.997862 0
    outer loop
      vertex 10.6546 -46.5735 4.4
      vertex 10.25 -46.6 4
      vertex 10.6546 -46.5735 4
    endloop
  endfacet
  facet normal -0.0653519 0.997862 0
    outer loop
      vertex 10.25 -40.4 2.2
      vertex 9.84537 -40.4265 4.4
      vertex 10.25 -40.4 4.4
    endloop
  endfacet
  facet normal -0.0653519 0.997862 0
    outer loop
      vertex 9.84537 -40.4265 4.4
      vertex 10.25 -40.4 2.2
      vertex 9.84537 -40.4265 2.2
    endloop
  endfacet
  facet normal -0.89688 0.442275 0
    outer loop
      vertex 7.38597 -42.3137 4
      vertex 7.56532 -41.95 4.4
      vertex 7.56532 -41.95 4
    endloop
  endfacet
  facet normal -0.89688 0.442275 0
    outer loop
      vertex 7.56532 -41.95 4.4
      vertex 7.38597 -42.3137 4
      vertex 7.38597 -42.3137 4.4
    endloop
  endfacet
  facet normal -0.83154 0.555465 0
    outer loop
      vertex 7.67999 -41.7784 4
      vertex 7.79061 -41.6128 2.2
      vertex 7.67999 -41.7784 2.2
    endloop
  endfacet
  facet normal -0.83154 0.555465 0
    outer loop
      vertex 7.79061 -41.6128 2.2
      vertex 7.67999 -41.7784 4
      vertex 7.79061 -41.6128 4.4
    endloop
  endfacet
  facet normal -0.831446 0.555606 0
    outer loop
      vertex 7.56532 -41.95 4.4
      vertex 7.67999 -41.7784 4
      vertex 7.56532 -41.95 4
    endloop
  endfacet
  facet normal -0.831492 0.555536 -4.29062e-05
    outer loop
      vertex 7.67999 -41.7784 4
      vertex 7.56532 -41.95 4.4
      vertex 7.79061 -41.6128 4.4
    endloop
  endfacet
  facet normal -0.555599 -0.83145 0
    outer loop
      vertex 8.36284 -45.9594 4
      vertex 8.7 -46.1847 4.4
      vertex 8.36284 -45.9594 4.4
    endloop
  endfacet
  facet normal -0.555599 -0.83145 -0
    outer loop
      vertex 8.7 -46.1847 4.4
      vertex 8.36284 -45.9594 4
      vertex 8.7 -46.1847 4
    endloop
  endfacet
  facet normal 0 0 1
    outer loop
      vertex 12 -43.5 4.4
      vertex 13.35 -43.5 4.4
      vertex 13.3235 -43.0954 4.4
    endloop
  endfacet
  facet normal 0 0 1
    outer loop
      vertex 11.985 -43.2716 4.4
      vertex 13.3235 -43.0954 4.4
      vertex 13.2444 -42.6977 4.4
    endloop
  endfacet
  facet normal 0 0 1
    outer loop
      vertex 13.35 -43.5 4.4
      vertex 12 -43.5 4.4
      vertex 13.3235 -43.9046 4.4
    endloop
  endfacet
  facet normal 0 0 1
    outer loop
      vertex 11.9404 -43.0471 4.4
      vertex 13.2444 -42.6977 4.4
      vertex 13.114 -42.3137 4.4
    endloop
  endfacet
  facet normal -0 0 1
    outer loop
      vertex 11.985 -43.7284 4.4
      vertex 13.3235 -43.9046 4.4
      vertex 12 -43.5 4.4
    endloop
  endfacet
  facet normal 0 0 1
    outer loop
      vertex 11.8668 -42.8303 4.4
      vertex 13.114 -42.3137 4.4
      vertex 12.9347 -41.95 4.4
    endloop
  endfacet
  facet normal 0 0 1
    outer loop
      vertex 13.3235 -43.9046 4.4
      vertex 11.985 -43.7284 4.4
      vertex 13.2444 -44.3023 4.4
    endloop
  endfacet
  facet normal 0 0 1
    outer loop
      vertex 11.7655 -42.625 4.4
      vertex 12.9347 -41.95 4.4
      vertex 12.7094 -41.6128 4.4
    endloop
  endfacet
  facet normal -0 0 1
    outer loop
      vertex 11.9404 -43.9529 4.4
      vertex 13.2444 -44.3023 4.4
      vertex 11.985 -43.7284 4.4
    endloop
  endfacet
  facet normal 0 0 1
    outer loop
      vertex 11.6384 -42.4347 4.4
      vertex 12.7094 -41.6128 4.4
      vertex 12.442 -41.308 4.4
    endloop
  endfacet
  facet normal 0 0 1
    outer loop
      vertex 13.2444 -44.3023 4.4
      vertex 11.9404 -43.9529 4.4
      vertex 13.114 -44.6863 4.4
    endloop
  endfacet
  facet normal 0 0 1
    outer loop
      vertex 11.4874 -42.2626 4.4
      vertex 12.442 -41.308 4.4
      vertex 12.1372 -41.0406 4.4
    endloop
  endfacet
  facet normal -0 0 1
    outer loop
      vertex 11.8668 -44.1697 4.4
      vertex 13.114 -44.6863 4.4
      vertex 11.9404 -43.9529 4.4
    endloop
  endfacet
  facet normal 0 0 1
    outer loop
      vertex 13.114 -44.6863 4.4
      vertex 11.8668 -44.1697 4.4
      vertex 12.9347 -45.05 4.4
    endloop
  endfacet
  facet normal 0 0 1
    outer loop
      vertex 13.3235 -43.0954 4.4
      vertex 11.985 -43.2716 4.4
      vertex 12 -43.5 4.4
    endloop
  endfacet
  facet normal 0 0 1
    outer loop
      vertex 13.2444 -42.6977 4.4
      vertex 11.9404 -43.0471 4.4
      vertex 11.985 -43.2716 4.4
    endloop
  endfacet
  facet normal 0 0 1
    outer loop
      vertex 13.114 -42.3137 4.4
      vertex 11.8668 -42.8303 4.4
      vertex 11.9404 -43.0471 4.4
    endloop
  endfacet
  facet normal 0 0 1
    outer loop
      vertex 11.3153 -42.1116 4.4
      vertex 12.1372 -41.0406 4.4
      vertex 11.8 -40.8153 4.4
    endloop
  endfacet
  facet normal 0 0 1
    outer loop
      vertex 12.9347 -41.95 4.4
      vertex 11.7655 -42.625 4.4
      vertex 11.8668 -42.8303 4.4
    endloop
  endfacet
  facet normal 0 0 1
    outer loop
      vertex 12.7094 -41.6128 4.4
      vertex 11.6384 -42.4347 4.4
      vertex 11.7655 -42.625 4.4
    endloop
  endfacet
  facet normal 0 0 1
    outer loop
      vertex 12.442 -41.308 4.4
      vertex 11.4874 -42.2626 4.4
      vertex 11.6384 -42.4347 4.4
    endloop
  endfacet
  facet normal 0 0 1
    outer loop
      vertex 11.125 -41.9845 4.4
      vertex 11.8 -40.8153 4.4
      vertex 11.4363 -40.636 4.4
    endloop
  endfacet
  facet normal 0 0 1
    outer loop
      vertex 12.1372 -41.0406 4.4
      vertex 11.3153 -42.1116 4.4
      vertex 11.4874 -42.2626 4.4
    endloop
  endfacet
  facet normal 0 0 1
    outer loop
      vertex 11.8 -40.8153 4.4
      vertex 11.125 -41.9845 4.4
      vertex 11.3153 -42.1116 4.4
    endloop
  endfacet
  facet normal 0 0 1
    outer loop
      vertex 10.9197 -41.8832 4.4
      vertex 11.4363 -40.636 4.4
      vertex 11.0523 -40.5056 4.4
    endloop
  endfacet
  facet normal 0 0 1
    outer loop
      vertex 11.4363 -40.636 4.4
      vertex 10.9197 -41.8832 4.4
      vertex 11.125 -41.9845 4.4
    endloop
  endfacet
  facet normal 0 0 1
    outer loop
      vertex 11.0523 -40.5056 4.4
      vertex 10.7029 -41.8096 4.4
      vertex 10.9197 -41.8832 4.4
    endloop
  endfacet
  facet normal 0 0 1
    outer loop
      vertex 10.6546 -40.4265 4.4
      vertex 10.7029 -41.8096 4.4
      vertex 11.0523 -40.5056 4.4
    endloop
  endfacet
  facet normal 0 0 1
    outer loop
      vertex 10.6546 -40.4265 4.4
      vertex 10.4784 -41.765 4.4
      vertex 10.7029 -41.8096 4.4
    endloop
  endfacet
  facet normal 0 0 1
    outer loop
      vertex 10.25 -40.4 4.4
      vertex 10.4784 -41.765 4.4
      vertex 10.6546 -40.4265 4.4
    endloop
  endfacet
  facet normal 0 0 1
    outer loop
      vertex 10.25 -40.4 4.4
      vertex 10.25 -41.75 4.4
      vertex 10.4784 -41.765 4.4
    endloop
  endfacet
  facet normal 0 0 1
    outer loop
      vertex 10.25 -40.4 4.4
      vertex 10.0216 -41.765 4.4
      vertex 10.25 -41.75 4.4
    endloop
  endfacet
  facet normal -0 0 1
    outer loop
      vertex 9.84537 -40.4265 4.4
      vertex 10.0216 -41.765 4.4
      vertex 10.25 -40.4 4.4
    endloop
  endfacet
  facet normal 0 0 1
    outer loop
      vertex 9.84537 -40.4265 4.4
      vertex 9.79707 -41.8096 4.4
      vertex 10.0216 -41.765 4.4
    endloop
  endfacet
  facet normal -0 0 1
    outer loop
      vertex 9.44766 -40.5056 4.4
      vertex 9.79707 -41.8096 4.4
      vertex 9.84537 -40.4265 4.4
    endloop
  endfacet
  facet normal 0 0 1
    outer loop
      vertex 9.79707 -41.8096 4.4
      vertex 9.44766 -40.5056 4.4
      vertex 9.5803 -41.8832 4.4
    endloop
  endfacet
  facet normal -0 0 1
    outer loop
      vertex 9.06368 -40.636 4.4
      vertex 9.5803 -41.8832 4.4
      vertex 9.44766 -40.5056 4.4
    endloop
  endfacet
  facet normal 0 0 1
    outer loop
      vertex 9.5803 -41.8832 4.4
      vertex 9.06368 -40.636 4.4
      vertex 9.375 -41.9845 4.4
    endloop
  endfacet
  facet normal -0 0 1
    outer loop
      vertex 8.7 -40.8153 4.4
      vertex 9.375 -41.9845 4.4
      vertex 9.06368 -40.636 4.4
    endloop
  endfacet
  facet normal 0 0 1
    outer loop
      vertex 9.375 -41.9845 4.4
      vertex 8.7 -40.8153 4.4
      vertex 9.18467 -42.1116 4.4
    endloop
  endfacet
  facet normal -0 0 1
    outer loop
      vertex 8.36284 -41.0406 4.4
      vertex 9.18467 -42.1116 4.4
      vertex 8.7 -40.8153 4.4
    endloop
  endfacet
  facet normal 0 0 1
    outer loop
      vertex 9.18467 -42.1116 4.4
      vertex 8.36284 -41.0406 4.4
      vertex 9.01256 -42.2626 4.4
    endloop
  endfacet
  facet normal -0 0 1
    outer loop
      vertex 8.05797 -41.308 4.4
      vertex 9.01256 -42.2626 4.4
      vertex 8.36284 -41.0406 4.4
    endloop
  endfacet
  facet normal 0 0 1
    outer loop
      vertex 9.01256 -42.2626 4.4
      vertex 8.05797 -41.308 4.4
      vertex 8.86163 -42.4347 4.4
    endloop
  endfacet
  facet normal -0 0 1
    outer loop
      vertex 7.79061 -41.6128 4.4
      vertex 8.86163 -42.4347 4.4
      vertex 8.05797 -41.308 4.4
    endloop
  endfacet
  facet normal 0 0 1
    outer loop
      vertex 8.86163 -42.4347 4.4
      vertex 7.79061 -41.6128 4.4
      vertex 8.73446 -42.625 4.4
    endloop
  endfacet
  facet normal 0 0 1
    outer loop
      vertex 8.73446 -42.625 4.4
      vertex 7.56532 -41.95 4.4
      vertex 8.63321 -42.8303 4.4
    endloop
  endfacet
  facet normal -0 0 1
    outer loop
      vertex 7.56532 -41.95 4.4
      vertex 8.73446 -42.625 4.4
      vertex 7.79061 -41.6128 4.4
    endloop
  endfacet
  facet normal -0 0 1
    outer loop
      vertex 11.7655 -44.375 4.4
      vertex 12.9347 -45.05 4.4
      vertex 11.8668 -44.1697 4.4
    endloop
  endfacet
  facet normal 0 0 1
    outer loop
      vertex 12.9347 -45.05 4.4
      vertex 11.7655 -44.375 4.4
      vertex 12.7094 -45.3872 4.4
    endloop
  endfacet
  facet normal -0 0 1
    outer loop
      vertex 11.6384 -44.5653 4.4
      vertex 12.7094 -45.3872 4.4
      vertex 11.7655 -44.375 4.4
    endloop
  endfacet
  facet normal 0 0 1
    outer loop
      vertex 12.7094 -45.3872 4.4
      vertex 11.6384 -44.5653 4.4
      vertex 12.442 -45.692 4.4
    endloop
  endfacet
  facet normal -0 0 1
    outer loop
      vertex 11.4874 -44.7374 4.4
      vertex 12.442 -45.692 4.4
      vertex 11.6384 -44.5653 4.4
    endloop
  endfacet
  facet normal 0 0 1
    outer loop
      vertex 12.442 -45.692 4.4
      vertex 11.4874 -44.7374 4.4
      vertex 12.1372 -45.9594 4.4
    endloop
  endfacet
  facet normal -0 0 1
    outer loop
      vertex 11.3153 -44.8884 4.4
      vertex 12.1372 -45.9594 4.4
      vertex 11.4874 -44.7374 4.4
    endloop
  endfacet
  facet normal 0 0 1
    outer loop
      vertex 12.1372 -45.9594 4.4
      vertex 11.3153 -44.8884 4.4
      vertex 11.8 -46.1847 4.4
    endloop
  endfacet
  facet normal -0 0 1
    outer loop
      vertex 11.125 -45.0155 4.4
      vertex 11.8 -46.1847 4.4
      vertex 11.3153 -44.8884 4.4
    endloop
  endfacet
  facet normal 0 0 1
    outer loop
      vertex 11.8 -46.1847 4.4
      vertex 11.125 -45.0155 4.4
      vertex 11.4363 -46.364 4.4
    endloop
  endfacet
  facet normal -0 0 1
    outer loop
      vertex 10.9197 -45.1168 4.4
      vertex 11.4363 -46.364 4.4
      vertex 11.125 -45.0155 4.4
    endloop
  endfacet
  facet normal 0 0 1
    outer loop
      vertex 11.4363 -46.364 4.4
      vertex 10.9197 -45.1168 4.4
      vertex 11.0523 -46.4944 4.4
    endloop
  endfacet
  facet normal -0 0 1
    outer loop
      vertex 10.7029 -45.1904 4.4
      vertex 11.0523 -46.4944 4.4
      vertex 10.9197 -45.1168 4.4
    endloop
  endfacet
  facet normal 0 0 1
    outer loop
      vertex 10.7029 -45.1904 4.4
      vertex 10.6546 -46.5735 4.4
      vertex 11.0523 -46.4944 4.4
    endloop
  endfacet
  facet normal -0 0 1
    outer loop
      vertex 10.4784 -45.235 4.4
      vertex 10.6546 -46.5735 4.4
      vertex 10.7029 -45.1904 4.4
    endloop
  endfacet
  facet normal -0 0 1
    outer loop
      vertex 10.25 -45.25 4.4
      vertex 10.6546 -46.5735 4.4
      vertex 10.4784 -45.235 4.4
    endloop
  endfacet
  facet normal 0 0 1
    outer loop
      vertex 10.25 -45.25 4.4
      vertex 10.25 -46.6 4.4
      vertex 10.6546 -46.5735 4.4
    endloop
  endfacet
  facet normal 0 0 1
    outer loop
      vertex 10.0216 -45.235 4.4
      vertex 10.25 -46.6 4.4
      vertex 10.25 -45.25 4.4
    endloop
  endfacet
  facet normal 0 0 1
    outer loop
      vertex 10.0216 -45.235 4.4
      vertex 9.84537 -46.5735 4.4
      vertex 10.25 -46.6 4.4
    endloop
  endfacet
  facet normal 0 0 1
    outer loop
      vertex 9.79707 -45.1904 4.4
      vertex 9.84537 -46.5735 4.4
      vertex 10.0216 -45.235 4.4
    endloop
  endfacet
  facet normal 0 0 1
    outer loop
      vertex 9.44766 -46.4944 4.4
      vertex 9.79707 -45.1904 4.4
      vertex 9.5803 -45.1168 4.4
    endloop
  endfacet
  facet normal 0 0 1
    outer loop
      vertex 9.79707 -45.1904 4.4
      vertex 9.44766 -46.4944 4.4
      vertex 9.84537 -46.5735 4.4
    endloop
  endfacet
  facet normal 0 0 1
    outer loop
      vertex 9.06368 -46.364 4.4
      vertex 9.5803 -45.1168 4.4
      vertex 9.375 -45.0155 4.4
    endloop
  endfacet
  facet normal 0 0 1
    outer loop
      vertex 8.7 -46.1847 4.4
      vertex 9.375 -45.0155 4.4
      vertex 9.18467 -44.8884 4.4
    endloop
  endfacet
  facet normal 0 0 1
    outer loop
      vertex 9.5803 -45.1168 4.4
      vertex 9.06368 -46.364 4.4
      vertex 9.44766 -46.4944 4.4
    endloop
  endfacet
  facet normal 0 0 1
    outer loop
      vertex 8.36284 -45.9594 4.4
      vertex 9.18467 -44.8884 4.4
      vertex 9.01256 -44.7374 4.4
    endloop
  endfacet
  facet normal 0 0 1
    outer loop
      vertex 8.05797 -45.692 4.4
      vertex 9.01256 -44.7374 4.4
      vertex 8.86163 -44.5653 4.4
    endloop
  endfacet
  facet normal 0 0 1
    outer loop
      vertex 7.79061 -45.3872 4.4
      vertex 8.86163 -44.5653 4.4
      vertex 8.73446 -44.375 4.4
    endloop
  endfacet
  facet normal 0 0 1
    outer loop
      vertex 9.375 -45.0155 4.4
      vertex 8.7 -46.1847 4.4
      vertex 9.06368 -46.364 4.4
    endloop
  endfacet
  facet normal 0 0 1
    outer loop
      vertex 7.56532 -45.05 4.4
      vertex 8.73446 -44.375 4.4
      vertex 8.63321 -44.1697 4.4
    endloop
  endfacet
  facet normal 0 0 1
    outer loop
      vertex 7.38597 -44.6863 4.4
      vertex 8.63321 -44.1697 4.4
      vertex 8.55963 -43.9529 4.4
    endloop
  endfacet
  facet normal 0 0 1
    outer loop
      vertex 7.25563 -44.3023 4.4
      vertex 8.55963 -43.9529 4.4
      vertex 8.51497 -43.7284 4.4
    endloop
  endfacet
  facet normal 0 0 1
    outer loop
      vertex 9.18467 -44.8884 4.4
      vertex 8.36284 -45.9594 4.4
      vertex 8.7 -46.1847 4.4
    endloop
  endfacet
  facet normal 0 0 1
    outer loop
      vertex 7.17652 -43.9046 4.4
      vertex 8.51497 -43.7284 4.4
      vertex 8.5 -43.5 4.4
    endloop
  endfacet
  facet normal -0 0 1
    outer loop
      vertex 7.38597 -42.3137 4.4
      vertex 8.63321 -42.8303 4.4
      vertex 7.56532 -41.95 4.4
    endloop
  endfacet
  facet normal 0 0 1
    outer loop
      vertex 8.63321 -42.8303 4.4
      vertex 7.38597 -42.3137 4.4
      vertex 8.55963 -43.0471 4.4
    endloop
  endfacet
  facet normal 0 0 1
    outer loop
      vertex 9.01256 -44.7374 4.4
      vertex 8.05797 -45.692 4.4
      vertex 8.36284 -45.9594 4.4
    endloop
  endfacet
  facet normal -0 0 1
    outer loop
      vertex 7.25563 -42.6977 4.4
      vertex 8.55963 -43.0471 4.4
      vertex 7.38597 -42.3137 4.4
    endloop
  endfacet
  facet normal 0 0 1
    outer loop
      vertex 8.86163 -44.5653 4.4
      vertex 7.79061 -45.3872 4.4
      vertex 8.05797 -45.692 4.4
    endloop
  endfacet
  facet normal 0 0 1
    outer loop
      vertex 8.55963 -43.0471 4.4
      vertex 7.25563 -42.6977 4.4
      vertex 8.51497 -43.2716 4.4
    endloop
  endfacet
  facet normal 0 0 1
    outer loop
      vertex 8.73446 -44.375 4.4
      vertex 7.56532 -45.05 4.4
      vertex 7.79061 -45.3872 4.4
    endloop
  endfacet
  facet normal -0 0 1
    outer loop
      vertex 7.17652 -43.0954 4.4
      vertex 8.51497 -43.2716 4.4
      vertex 7.25563 -42.6977 4.4
    endloop
  endfacet
  facet normal 0 0 1
    outer loop
      vertex 8.63321 -44.1697 4.4
      vertex 7.38597 -44.6863 4.4
      vertex 7.56532 -45.05 4.4
    endloop
  endfacet
  facet normal 0 0 1
    outer loop
      vertex 8.51497 -43.2716 4.4
      vertex 7.17652 -43.0954 4.4
      vertex 8.5 -43.5 4.4
    endloop
  endfacet
  facet normal 0 0 1
    outer loop
      vertex 8.55963 -43.9529 4.4
      vertex 7.25563 -44.3023 4.4
      vertex 7.38597 -44.6863 4.4
    endloop
  endfacet
  facet normal 0 0 1
    outer loop
      vertex 7.15 -43.5 4.4
      vertex 8.5 -43.5 4.4
      vertex 7.17652 -43.0954 4.4
    endloop
  endfacet
  facet normal 0 0 1
    outer loop
      vertex 8.51497 -43.7284 4.4
      vertex 7.17652 -43.9046 4.4
      vertex 7.25563 -44.3023 4.4
    endloop
  endfacet
  facet normal 0 0 1
    outer loop
      vertex 8.5 -43.5 4.4
      vertex 7.15 -43.5 4.4
      vertex 7.17652 -43.9046 4.4
    endloop
  endfacet
  facet normal -0.980832 -0.194856 0
    outer loop
      vertex 11.985 -43.2716 2.2
      vertex 11.9404 -43.0471 4.4
      vertex 11.9404 -43.0471 2.2
    endloop
  endfacet
  facet normal -0.980832 -0.194856 0
    outer loop
      vertex 11.9404 -43.0471 4.4
      vertex 11.985 -43.2716 2.2
      vertex 11.985 -43.2716 4.4
    endloop
  endfacet
  facet normal -0.99785 -0.0655331 0
    outer loop
      vertex 12 -43.5 2.2
      vertex 11.985 -43.2716 4.4
      vertex 11.985 -43.2716 2.2
    endloop
  endfacet
  facet normal -0.99785 -0.0655331 0
    outer loop
      vertex 11.985 -43.2716 4.4
      vertex 12 -43.5 2.2
      vertex 12 -43.5 4.4
    endloop
  endfacet
  facet normal -0.946922 -0.321464 0
    outer loop
      vertex 11.9404 -43.0471 2.2
      vertex 11.8668 -42.8303 4.4
      vertex 11.8668 -42.8303 2.2
    endloop
  endfacet
  facet normal -0.946922 -0.321464 0
    outer loop
      vertex 11.8668 -42.8303 4.4
      vertex 11.9404 -43.0471 2.2
      vertex 11.9404 -43.0471 4.4
    endloop
  endfacet
  facet normal 0.321504 0.946908 -0
    outer loop
      vertex 9.79707 -45.1904 2.2
      vertex 9.5803 -45.1168 4.4
      vertex 9.79707 -45.1904 4.4
    endloop
  endfacet
  facet normal 0.321504 0.946908 0
    outer loop
      vertex 9.5803 -45.1168 4.4
      vertex 9.79707 -45.1904 2.2
      vertex 9.5803 -45.1168 2.2
    endloop
  endfacet
  facet normal -0.896774 -0.44249 0
    outer loop
      vertex 11.8668 -42.8303 2.2
      vertex 11.7655 -42.625 4.4
      vertex 11.7655 -42.625 2.2
    endloop
  endfacet
  facet normal -0.896774 -0.44249 0
    outer loop
      vertex 11.7655 -42.625 4.4
      vertex 11.8668 -42.8303 2.2
      vertex 11.8668 -42.8303 4.4
    endloop
  endfacet
  facet normal -0.831579 -0.555406 0
    outer loop
      vertex 11.7655 -42.625 2.2
      vertex 11.6384 -42.4347 4.4
      vertex 11.6384 -42.4347 2.2
    endloop
  endfacet
  facet normal -0.831579 -0.555406 0
    outer loop
      vertex 11.6384 -42.4347 4.4
      vertex 11.7655 -42.625 2.2
      vertex 11.7655 -42.625 4.4
    endloop
  endfacet
  facet normal 0.0655331 -0.99785 0
    outer loop
      vertex 10.0216 -41.765 2.2
      vertex 10.25 -41.75 4.4
      vertex 10.0216 -41.765 4.4
    endloop
  endfacet
  facet normal 0.0655331 -0.99785 0
    outer loop
      vertex 10.25 -41.75 4.4
      vertex 10.0216 -41.765 2.2
      vertex 10.25 -41.75 2.2
    endloop
  endfacet
  facet normal -0.0655331 0.99785 0
    outer loop
      vertex 10.4784 -45.235 2.2
      vertex 10.25 -45.25 4.4
      vertex 10.4784 -45.235 4.4
    endloop
  endfacet
  facet normal -0.0655331 0.99785 0
    outer loop
      vertex 10.25 -45.25 4.4
      vertex 10.4784 -45.235 2.2
      vertex 10.25 -45.25 2.2
    endloop
  endfacet
  facet normal -0.44249 -0.896774 0
    outer loop
      vertex 10.9197 -41.8832 2.2
      vertex 11.125 -41.9845 4.4
      vertex 10.9197 -41.8832 4.4
    endloop
  endfacet
  facet normal -0.44249 -0.896774 -0
    outer loop
      vertex 11.125 -41.9845 4.4
      vertex 10.9197 -41.8832 2.2
      vertex 11.125 -41.9845 2.2
    endloop
  endfacet
  facet normal 0.44249 -0.896774 0
    outer loop
      vertex 9.375 -41.9845 2.2
      vertex 9.5803 -41.8832 4.4
      vertex 9.375 -41.9845 4.4
    endloop
  endfacet
  facet normal 0.44249 -0.896774 0
    outer loop
      vertex 9.5803 -41.8832 4.4
      vertex 9.375 -41.9845 2.2
      vertex 9.5803 -41.8832 2.2
    endloop
  endfacet
  facet normal 0.659503 -0.751702 0
    outer loop
      vertex 9.01256 -42.2626 2.2
      vertex 9.18467 -42.1116 4.4
      vertex 9.01256 -42.2626 4.4
    endloop
  endfacet
  facet normal 0.659503 -0.751702 0
    outer loop
      vertex 9.18467 -42.1116 4.4
      vertex 9.01256 -42.2626 2.2
      vertex 9.18467 -42.1116 2.2
    endloop
  endfacet
  facet normal -0.751683 -0.659524 0
    outer loop
      vertex 11.6384 -42.4347 2.2
      vertex 11.4874 -42.2626 4.4
      vertex 11.4874 -42.2626 2.2
    endloop
  endfacet
  facet normal -0.751683 -0.659524 0
    outer loop
      vertex 11.4874 -42.2626 4.4
      vertex 11.6384 -42.4347 2.2
      vertex 11.6384 -42.4347 4.4
    endloop
  endfacet
  facet normal 0.980782 -0.195108 0
    outer loop
      vertex 8.51497 -43.2716 4.4
      vertex 8.55963 -43.0471 2.2
      vertex 8.55963 -43.0471 4.4
    endloop
  endfacet
  facet normal 0.980782 -0.195108 0
    outer loop
      vertex 8.55963 -43.0471 2.2
      vertex 8.51497 -43.2716 4.4
      vertex 8.51497 -43.2716 2.2
    endloop
  endfacet
  facet normal -0.946922 0.321464 0
    outer loop
      vertex 11.8668 -44.1697 2.2
      vertex 11.9404 -43.9529 4.4
      vertex 11.9404 -43.9529 2.2
    endloop
  endfacet
  facet normal -0.946922 0.321464 0
    outer loop
      vertex 11.9404 -43.9529 4.4
      vertex 11.8668 -44.1697 2.2
      vertex 11.8668 -44.1697 4.4
    endloop
  endfacet
  facet normal -0.555406 0.831579 0
    outer loop
      vertex 11.3153 -44.8884 2.2
      vertex 11.125 -45.0155 4.4
      vertex 11.3153 -44.8884 4.4
    endloop
  endfacet
  facet normal -0.555406 0.831579 0
    outer loop
      vertex 11.125 -45.0155 4.4
      vertex 11.3153 -44.8884 2.2
      vertex 11.125 -45.0155 2.2
    endloop
  endfacet
  facet normal 0.980782 0.195108 0
    outer loop
      vertex 8.55963 -43.9529 4.4
      vertex 8.51497 -43.7284 2.2
      vertex 8.51497 -43.7284 4.4
    endloop
  endfacet
  facet normal 0.980782 0.195108 0
    outer loop
      vertex 8.51497 -43.7284 2.2
      vertex 8.55963 -43.9529 4.4
      vertex 8.55963 -43.9529 2.2
    endloop
  endfacet
  facet normal 0.997859 -0.0654026 0
    outer loop
      vertex 8.5 -43.5 4.4
      vertex 8.51497 -43.2716 2.2
      vertex 8.51497 -43.2716 4.4
    endloop
  endfacet
  facet normal 0.997859 -0.0654026 0
    outer loop
      vertex 8.51497 -43.2716 2.2
      vertex 8.5 -43.5 4.4
      vertex 8.5 -43.5 2.2
    endloop
  endfacet
  facet normal -0.99785 0.0655331 0
    outer loop
      vertex 11.985 -43.7284 2.2
      vertex 12 -43.5 4.4
      vertex 12 -43.5 2.2
    endloop
  endfacet
  facet normal -0.99785 0.0655331 0
    outer loop
      vertex 12 -43.5 4.4
      vertex 11.985 -43.7284 2.2
      vertex 11.985 -43.7284 4.4
    endloop
  endfacet
  facet normal -0.831579 0.555406 0
    outer loop
      vertex 11.6384 -44.5653 2.2
      vertex 11.7655 -44.375 4.4
      vertex 11.7655 -44.375 2.2
    endloop
  endfacet
  facet normal -0.831579 0.555406 0
    outer loop
      vertex 11.7655 -44.375 4.4
      vertex 11.6384 -44.5653 2.2
      vertex 11.6384 -44.5653 4.4
    endloop
  endfacet
  facet normal 0.946948 0.321386 0
    outer loop
      vertex 8.63321 -44.1697 4.4
      vertex 8.55963 -43.9529 2.2
      vertex 8.55963 -43.9529 4.4
    endloop
  endfacet
  facet normal 0.946948 0.321386 0
    outer loop
      vertex 8.55963 -43.9529 2.2
      vertex 8.63321 -44.1697 4.4
      vertex 8.63321 -44.1697 2.2
    endloop
  endfacet
  facet normal -0.194856 0.980832 0
    outer loop
      vertex 10.7029 -45.1904 2.2
      vertex 10.4784 -45.235 4.4
      vertex 10.7029 -45.1904 4.4
    endloop
  endfacet
  facet normal -0.194856 0.980832 0
    outer loop
      vertex 10.4784 -45.235 4.4
      vertex 10.7029 -45.1904 2.2
      vertex 10.4784 -45.235 2.2
    endloop
  endfacet
  facet normal -0.555406 -0.831579 0
    outer loop
      vertex 11.125 -41.9845 2.2
      vertex 11.3153 -42.1116 4.4
      vertex 11.125 -41.9845 4.4
    endloop
  endfacet
  facet normal -0.555406 -0.831579 -0
    outer loop
      vertex 11.3153 -42.1116 4.4
      vertex 11.125 -41.9845 2.2
      vertex 11.3153 -42.1116 2.2
    endloop
  endfacet
  facet normal 0.321504 -0.946908 0
    outer loop
      vertex 9.5803 -41.8832 2.2
      vertex 9.79707 -41.8096 4.4
      vertex 9.5803 -41.8832 4.4
    endloop
  endfacet
  facet normal 0.321504 -0.946908 0
    outer loop
      vertex 9.79707 -41.8096 4.4
      vertex 9.5803 -41.8832 2.2
      vertex 9.79707 -41.8096 2.2
    endloop
  endfacet
  facet normal 0.751835 -0.659352 0
    outer loop
      vertex 8.86163 -42.4347 4.4
      vertex 9.01256 -42.2626 2.2
      vertex 9.01256 -42.2626 4.4
    endloop
  endfacet
  facet normal 0.751835 -0.659352 0
    outer loop
      vertex 9.01256 -42.2626 2.2
      vertex 8.86163 -42.4347 4.4
      vertex 8.86163 -42.4347 2.2
    endloop
  endfacet
  facet normal -0.659524 -0.751683 0
    outer loop
      vertex 11.3153 -42.1116 2.2
      vertex 11.4874 -42.2626 4.4
      vertex 11.3153 -42.1116 4.4
    endloop
  endfacet
  facet normal -0.659524 -0.751683 -0
    outer loop
      vertex 11.4874 -42.2626 4.4
      vertex 11.3153 -42.1116 2.2
      vertex 11.4874 -42.2626 2.2
    endloop
  endfacet
  facet normal 0.555345 -0.83162 0
    outer loop
      vertex 9.18467 -42.1116 2.2
      vertex 9.375 -41.9845 4.4
      vertex 9.18467 -42.1116 4.4
    endloop
  endfacet
  facet normal 0.555345 -0.83162 0
    outer loop
      vertex 9.375 -41.9845 4.4
      vertex 9.18467 -42.1116 2.2
      vertex 9.375 -41.9845 2.2
    endloop
  endfacet
  facet normal 0.89686 0.442314 0
    outer loop
      vertex 8.73446 -44.375 4.4
      vertex 8.63321 -44.1697 2.2
      vertex 8.63321 -44.1697 4.4
    endloop
  endfacet
  facet normal 0.89686 0.442314 0
    outer loop
      vertex 8.63321 -44.1697 2.2
      vertex 8.73446 -44.375 4.4
      vertex 8.73446 -44.375 2.2
    endloop
  endfacet
  facet normal 0.997859 0.0654026 0
    outer loop
      vertex 8.51497 -43.7284 4.4
      vertex 8.5 -43.5 2.2
      vertex 8.5 -43.5 4.4
    endloop
  endfacet
  facet normal 0.997859 0.0654026 0
    outer loop
      vertex 8.5 -43.5 2.2
      vertex 8.51497 -43.7284 4.4
      vertex 8.51497 -43.7284 2.2
    endloop
  endfacet
  facet normal -0.980832 0.194856 0
    outer loop
      vertex 11.9404 -43.9529 2.2
      vertex 11.985 -43.7284 4.4
      vertex 11.985 -43.7284 2.2
    endloop
  endfacet
  facet normal -0.980832 0.194856 0
    outer loop
      vertex 11.985 -43.7284 4.4
      vertex 11.9404 -43.9529 2.2
      vertex 11.9404 -43.9529 4.4
    endloop
  endfacet
  facet normal 0.89686 -0.442314 0
    outer loop
      vertex 8.63321 -42.8303 4.4
      vertex 8.73446 -42.625 2.2
      vertex 8.73446 -42.625 4.4
    endloop
  endfacet
  facet normal 0.89686 -0.442314 0
    outer loop
      vertex 8.73446 -42.625 2.2
      vertex 8.63321 -42.8303 4.4
      vertex 8.63321 -42.8303 2.2
    endloop
  endfacet
  facet normal 0.555345 0.83162 -0
    outer loop
      vertex 9.375 -45.0155 2.2
      vertex 9.18467 -44.8884 4.4
      vertex 9.375 -45.0155 4.4
    endloop
  endfacet
  facet normal 0.555345 0.83162 0
    outer loop
      vertex 9.18467 -44.8884 4.4
      vertex 9.375 -45.0155 2.2
      vertex 9.18467 -44.8884 2.2
    endloop
  endfacet
  facet normal 0.194831 -0.980837 0
    outer loop
      vertex 9.79707 -41.8096 2.2
      vertex 10.0216 -41.765 4.4
      vertex 9.79707 -41.8096 4.4
    endloop
  endfacet
  facet normal 0.194831 -0.980837 0
    outer loop
      vertex 10.0216 -41.765 4.4
      vertex 9.79707 -41.8096 2.2
      vertex 10.0216 -41.765 2.2
    endloop
  endfacet
  facet normal -0.751683 0.659524 0
    outer loop
      vertex 11.4874 -44.7374 2.2
      vertex 11.6384 -44.5653 4.4
      vertex 11.6384 -44.5653 2.2
    endloop
  endfacet
  facet normal -0.751683 0.659524 0
    outer loop
      vertex 11.6384 -44.5653 4.4
      vertex 11.4874 -44.7374 2.2
      vertex 11.4874 -44.7374 4.4
    endloop
  endfacet
  facet normal -0.0655331 -0.99785 0
    outer loop
      vertex 10.25 -41.75 2.2
      vertex 10.4784 -41.765 4.4
      vertex 10.25 -41.75 4.4
    endloop
  endfacet
  facet normal -0.0655331 -0.99785 -0
    outer loop
      vertex 10.4784 -41.765 4.4
      vertex 10.25 -41.75 2.2
      vertex 10.4784 -41.765 2.2
    endloop
  endfacet
  facet normal 0.946948 -0.321386 0
    outer loop
      vertex 8.55963 -43.0471 4.4
      vertex 8.63321 -42.8303 2.2
      vertex 8.63321 -42.8303 4.4
    endloop
  endfacet
  facet normal 0.946948 -0.321386 0
    outer loop
      vertex 8.63321 -42.8303 2.2
      vertex 8.55963 -43.0471 4.4
      vertex 8.55963 -43.0471 2.2
    endloop
  endfacet
  facet normal -0.321464 0.946922 0
    outer loop
      vertex 10.9197 -45.1168 2.2
      vertex 10.7029 -45.1904 4.4
      vertex 10.9197 -45.1168 4.4
    endloop
  endfacet
  facet normal -0.321464 0.946922 0
    outer loop
      vertex 10.7029 -45.1904 4.4
      vertex 10.9197 -45.1168 2.2
      vertex 10.7029 -45.1904 2.2
    endloop
  endfacet
  facet normal -0.659524 0.751683 0
    outer loop
      vertex 11.4874 -44.7374 2.2
      vertex 11.3153 -44.8884 4.4
      vertex 11.4874 -44.7374 4.4
    endloop
  endfacet
  facet normal -0.659524 0.751683 0
    outer loop
      vertex 11.3153 -44.8884 4.4
      vertex 11.4874 -44.7374 2.2
      vertex 11.3153 -44.8884 2.2
    endloop
  endfacet
  facet normal 0.0655331 0.99785 -0
    outer loop
      vertex 10.25 -45.25 2.2
      vertex 10.0216 -45.235 4.4
      vertex 10.25 -45.25 4.4
    endloop
  endfacet
  facet normal 0.0655331 0.99785 0
    outer loop
      vertex 10.0216 -45.235 4.4
      vertex 10.25 -45.25 2.2
      vertex 10.0216 -45.235 2.2
    endloop
  endfacet
  facet normal 0.659503 0.751702 -0
    outer loop
      vertex 9.18467 -44.8884 2.2
      vertex 9.01256 -44.7374 4.4
      vertex 9.18467 -44.8884 4.4
    endloop
  endfacet
  facet normal 0.659503 0.751702 0
    outer loop
      vertex 9.01256 -44.7374 4.4
      vertex 9.18467 -44.8884 2.2
      vertex 9.01256 -44.7374 2.2
    endloop
  endfacet
  facet normal 0.194831 0.980837 -0
    outer loop
      vertex 10.0216 -45.235 2.2
      vertex 9.79707 -45.1904 4.4
      vertex 10.0216 -45.235 4.4
    endloop
  endfacet
  facet normal 0.194831 0.980837 0
    outer loop
      vertex 9.79707 -45.1904 4.4
      vertex 10.0216 -45.235 2.2
      vertex 9.79707 -45.1904 2.2
    endloop
  endfacet
  facet normal 0.831438 0.555617 0
    outer loop
      vertex 8.86163 -44.5653 4.4
      vertex 8.73446 -44.375 2.2
      vertex 8.73446 -44.375 4.4
    endloop
  endfacet
  facet normal 0.831438 0.555617 0
    outer loop
      vertex 8.73446 -44.375 2.2
      vertex 8.86163 -44.5653 4.4
      vertex 8.86163 -44.5653 2.2
    endloop
  endfacet
  facet normal 0.751835 0.659352 0
    outer loop
      vertex 9.01256 -44.7374 4.4
      vertex 8.86163 -44.5653 2.2
      vertex 8.86163 -44.5653 4.4
    endloop
  endfacet
  facet normal 0.751835 0.659352 0
    outer loop
      vertex 8.86163 -44.5653 2.2
      vertex 9.01256 -44.7374 4.4
      vertex 9.01256 -44.7374 2.2
    endloop
  endfacet
  facet normal -0.194856 -0.980832 0
    outer loop
      vertex 10.4784 -41.765 2.2
      vertex 10.7029 -41.8096 4.4
      vertex 10.4784 -41.765 4.4
    endloop
  endfacet
  facet normal -0.194856 -0.980832 -0
    outer loop
      vertex 10.7029 -41.8096 4.4
      vertex 10.4784 -41.765 2.2
      vertex 10.7029 -41.8096 2.2
    endloop
  endfacet
  facet normal -0.44249 0.896774 0
    outer loop
      vertex 11.125 -45.0155 2.2
      vertex 10.9197 -45.1168 4.4
      vertex 11.125 -45.0155 4.4
    endloop
  endfacet
  facet normal -0.44249 0.896774 0
    outer loop
      vertex 10.9197 -45.1168 4.4
      vertex 11.125 -45.0155 2.2
      vertex 10.9197 -45.1168 2.2
    endloop
  endfacet
  facet normal -0.896774 0.44249 0
    outer loop
      vertex 11.7655 -44.375 2.2
      vertex 11.8668 -44.1697 4.4
      vertex 11.8668 -44.1697 2.2
    endloop
  endfacet
  facet normal -0.896774 0.44249 0
    outer loop
      vertex 11.8668 -44.1697 4.4
      vertex 11.7655 -44.375 2.2
      vertex 11.7655 -44.375 4.4
    endloop
  endfacet
  facet normal 0.44249 0.896774 -0
    outer loop
      vertex 9.5803 -45.1168 2.2
      vertex 9.375 -45.0155 4.4
      vertex 9.5803 -45.1168 4.4
    endloop
  endfacet
  facet normal 0.44249 0.896774 0
    outer loop
      vertex 9.375 -45.0155 4.4
      vertex 9.5803 -45.1168 2.2
      vertex 9.375 -45.0155 2.2
    endloop
  endfacet
  facet normal -0.321464 -0.946922 0
    outer loop
      vertex 10.7029 -41.8096 2.2
      vertex 10.9197 -41.8832 4.4
      vertex 10.7029 -41.8096 4.4
    endloop
  endfacet
  facet normal -0.321464 -0.946922 -0
    outer loop
      vertex 10.9197 -41.8832 4.4
      vertex 10.7029 -41.8096 2.2
      vertex 10.9197 -41.8832 2.2
    endloop
  endfacet
  facet normal 0.831438 -0.555617 0
    outer loop
      vertex 8.73446 -42.625 4.4
      vertex 8.86163 -42.4347 2.2
      vertex 8.86163 -42.4347 4.4
    endloop
  endfacet
  facet normal 0.831438 -0.555617 0
    outer loop
      vertex 8.86163 -42.4347 2.2
      vertex 8.73446 -42.625 4.4
      vertex 8.73446 -42.625 2.2
    endloop
  endfacet
  facet normal -0.89688 -0.442275 0
    outer loop
      vertex 7.56532 41.95 4
      vertex 7.38597 42.3137 4.4
      vertex 7.38597 42.3137 4
    endloop
  endfacet
  facet normal -0.89688 -0.442275 0
    outer loop
      vertex 7.38597 42.3137 4.4
      vertex 7.56532 41.95 4
      vertex 7.56532 41.95 4.4
    endloop
  endfacet
  facet normal 0.442176 -0.896928 0
    outer loop
      vertex 11.4363 40.636 2.2
      vertex 11.8 40.8153 4.4
      vertex 11.4363 40.636 4.4
    endloop
  endfacet
  facet normal 0.442176 -0.896928 0
    outer loop
      vertex 11.8 40.8153 4.4
      vertex 11.4363 40.636 2.2
      vertex 11.8 40.8153 2.2
    endloop
  endfacet
  facet normal 0.980789 0.195073 0
    outer loop
      vertex 13.3235 43.9046 4.4
      vertex 13.2444 44.3023 2.2
      vertex 13.2444 44.3023 4.4
    endloop
  endfacet
  facet normal 0.980789 0.195073 0
    outer loop
      vertex 13.2444 44.3023 2.2
      vertex 13.3235 43.9046 4.4
      vertex 13.3235 43.9046 2.2
    endloop
  endfacet
  facet normal 0.997862 0.0653568 0
    outer loop
      vertex 13.35 43.5 4.4
      vertex 13.3235 43.9046 2.2
      vertex 13.3235 43.9046 4.4
    endloop
  endfacet
  facet normal 0.997862 0.0653568 0
    outer loop
      vertex 13.3235 43.9046 2.2
      vertex 13.35 43.5 4.4
      vertex 13.35 43.5 2.2
    endloop
  endfacet
  facet normal 0.946893 0.321549 0
    outer loop
      vertex 13.2444 44.3023 4.4
      vertex 13.114 44.6863 2.2
      vertex 13.114 44.6863 4.4
    endloop
  endfacet
  facet normal 0.946893 0.321549 0
    outer loop
      vertex 13.114 44.6863 2.2
      vertex 13.2444 44.3023 4.4
      vertex 13.2444 44.3023 2.2
    endloop
  endfacet
  facet normal 0.751721 -0.659482 0
    outer loop
      vertex 12.442 41.308 4.4
      vertex 12.7094 41.6128 2.2
      vertex 12.7094 41.6128 4.4
    endloop
  endfacet
  facet normal 0.751721 -0.659482 0
    outer loop
      vertex 12.7094 41.6128 2.2
      vertex 12.442 41.308 4.4
      vertex 12.442 41.308 2.2
    endloop
  endfacet
  facet normal 0.321549 0.946893 -0
    outer loop
      vertex 11.4363 46.364 4
      vertex 11.0523 46.4944 4.4
      vertex 11.4363 46.364 4.4
    endloop
  endfacet
  facet normal 0.321549 0.946893 0
    outer loop
      vertex 11.0523 46.4944 4.4
      vertex 11.4363 46.364 4
      vertex 11.0523 46.4944 4
    endloop
  endfacet
  facet normal 0.555553 0.831481 -9.46882e-05
    outer loop
      vertex 12.1372 45.9594 4.4
      vertex 11.9716 46.07 4
      vertex 11.8 46.1847 4.4
    endloop
  endfacet
  facet normal 0.555395 0.831586 -0
    outer loop
      vertex 12.1372 45.9594 2.2
      vertex 11.9716 46.07 4
      vertex 12.1372 45.9594 4.4
    endloop
  endfacet
  facet normal 0.555395 0.831586 0
    outer loop
      vertex 11.9716 46.07 4
      vertex 12.1372 45.9594 2.2
      vertex 11.9716 46.07 2.2
    endloop
  endfacet
  facet normal 0.555706 0.831379 0
    outer loop
      vertex 11.8 46.1847 4.4
      vertex 11.9716 46.07 4
      vertex 11.8 46.1847 4
    endloop
  endfacet
  facet normal 0.896928 -0.442176 0
    outer loop
      vertex 12.9347 41.95 4.4
      vertex 13.114 42.3137 2.2
      vertex 13.114 42.3137 4.4
    endloop
  endfacet
  facet normal 0.896928 -0.442176 0
    outer loop
      vertex 13.114 42.3137 2.2
      vertex 12.9347 41.95 4.4
      vertex 12.9347 41.95 2.2
    endloop
  endfacet
  facet normal 0.321549 -0.946893 0
    outer loop
      vertex 11.0523 40.5056 2.2
      vertex 11.4363 40.636 4.4
      vertex 11.0523 40.5056 4.4
    endloop
  endfacet
  facet normal 0.321549 -0.946893 0
    outer loop
      vertex 11.4363 40.636 4.4
      vertex 11.0523 40.5056 2.2
      vertex 11.4363 40.636 2.2
    endloop
  endfacet
  facet normal 0.896928 0.442176 0
    outer loop
      vertex 13.114 44.6863 4.4
      vertex 12.9347 45.05 2.2
      vertex 12.9347 45.05 4.4
    endloop
  endfacet
  facet normal 0.896928 0.442176 0
    outer loop
      vertex 12.9347 45.05 2.2
      vertex 13.114 44.6863 4.4
      vertex 13.114 44.6863 2.2
    endloop
  endfacet
  facet normal -0.195068 0.98079 0
    outer loop
      vertex 9.84537 46.5735 4
      vertex 9.44766 46.4944 4.4
      vertex 9.84537 46.5735 4.4
    endloop
  endfacet
  facet normal -0.195068 0.98079 0
    outer loop
      vertex 9.44766 46.4944 4.4
      vertex 9.84537 46.5735 4
      vertex 9.44766 46.4944 4
    endloop
  endfacet
  facet normal -0.0653519 -0.997862 0
    outer loop
      vertex 9.84537 40.4265 2.2
      vertex 10.25 40.4 4.4
      vertex 9.84537 40.4265 4.4
    endloop
  endfacet
  facet normal -0.0653519 -0.997862 -0
    outer loop
      vertex 10.25 40.4 4.4
      vertex 9.84537 40.4265 2.2
      vertex 10.25 40.4 2.2
    endloop
  endfacet
  facet normal -0.555599 0.83145 0
    outer loop
      vertex 8.7 46.1847 4
      vertex 8.36284 45.9594 4.4
      vertex 8.7 46.1847 4.4
    endloop
  endfacet
  facet normal -0.555599 0.83145 0
    outer loop
      vertex 8.36284 45.9594 4.4
      vertex 8.7 46.1847 4
      vertex 8.36284 45.9594 4
    endloop
  endfacet
  facet normal -0.321564 -0.946888 0
    outer loop
      vertex 9.06368 40.636 2.2
      vertex 9.44766 40.5056 4.4
      vertex 9.06368 40.636 4.4
    endloop
  endfacet
  facet normal -0.321564 -0.946888 -0
    outer loop
      vertex 9.44766 40.5056 4.4
      vertex 9.06368 40.636 2.2
      vertex 9.44766 40.5056 2.2
    endloop
  endfacet
  facet normal 0.946893 -0.321549 0
    outer loop
      vertex 13.114 42.3137 4.4
      vertex 13.2444 42.6977 2.2
      vertex 13.2444 42.6977 4.4
    endloop
  endfacet
  facet normal 0.946893 -0.321549 0
    outer loop
      vertex 13.2444 42.6977 2.2
      vertex 13.114 42.3137 4.4
      vertex 13.114 42.3137 2.2
    endloop
  endfacet
  facet normal -0.83154 -0.555465 0
    outer loop
      vertex 7.67999 41.7784 2.2
      vertex 7.79061 41.6128 2.2
      vertex 7.67999 41.7784 4
    endloop
  endfacet
  facet normal -0.831446 -0.555606 0
    outer loop
      vertex 7.67999 41.7784 4
      vertex 7.56532 41.95 4.4
      vertex 7.56532 41.95 4
    endloop
  endfacet
  facet normal -0.831492 -0.555536 -4.29062e-05
    outer loop
      vertex 7.67999 41.7784 4
      vertex 7.79061 41.6128 4.4
      vertex 7.56532 41.95 4.4
    endloop
  endfacet
  facet normal -0.83154 -0.555465 -0
    outer loop
      vertex 7.79061 41.6128 4.4
      vertex 7.67999 41.7784 4
      vertex 7.79061 41.6128 2.2
    endloop
  endfacet
  facet normal -0.659396 -0.751796 0
    outer loop
      vertex 8.05797 41.308 2.2
      vertex 8.36284 41.0406 4.4
      vertex 8.05797 41.308 4.4
    endloop
  endfacet
  facet normal -0.659396 -0.751796 -0
    outer loop
      vertex 8.36284 41.0406 4.4
      vertex 8.05797 41.308 2.2
      vertex 8.36284 41.0406 2.2
    endloop
  endfacet
  facet normal -0.659396 0.751796 0
    outer loop
      vertex 8.36284 45.9594 4
      vertex 8.05797 45.692 4.4
      vertex 8.36284 45.9594 4.4
    endloop
  endfacet
  facet normal -0.659396 0.751796 0
    outer loop
      vertex 8.05797 45.692 4.4
      vertex 8.36284 45.9594 4
      vertex 8.05797 45.692 4
    endloop
  endfacet
  facet normal -0.946938 0.321416 0
    outer loop
      vertex 7.25563 44.3023 4
      vertex 7.38597 44.6863 4.4
      vertex 7.38597 44.6863 4
    endloop
  endfacet
  facet normal -0.946938 0.321416 0
    outer loop
      vertex 7.38597 44.6863 4.4
      vertex 7.25563 44.3023 4
      vertex 7.25563 44.3023 4.4
    endloop
  endfacet
  facet normal -0.442195 0.896919 0
    outer loop
      vertex 9.06368 46.364 4
      vertex 8.7 46.1847 4.4
      vertex 9.06368 46.364 4.4
    endloop
  endfacet
  facet normal -0.442195 0.896919 0
    outer loop
      vertex 8.7 46.1847 4.4
      vertex 9.06368 46.364 4
      vertex 8.7 46.1847 4
    endloop
  endfacet
  facet normal -0.980784 0.195096 0
    outer loop
      vertex 7.17652 43.9046 4
      vertex 7.25563 44.3023 4.4
      vertex 7.25563 44.3023 4
    endloop
  endfacet
  facet normal -0.980784 0.195096 0
    outer loop
      vertex 7.25563 44.3023 4.4
      vertex 7.17652 43.9046 4
      vertex 7.17652 43.9046 4.4
    endloop
  endfacet
  facet normal -0.321564 0.946888 0
    outer loop
      vertex 9.44766 46.4944 4
      vertex 9.06368 46.364 4.4
      vertex 9.44766 46.4944 4.4
    endloop
  endfacet
  facet normal -0.321564 0.946888 0
    outer loop
      vertex 9.06368 46.364 4.4
      vertex 9.44766 46.4944 4
      vertex 9.06368 46.364 4
    endloop
  endfacet
  facet normal 0.659482 -0.751721 0
    outer loop
      vertex 12.1372 41.0406 2.2
      vertex 12.442 41.308 4.4
      vertex 12.1372 41.0406 4.4
    endloop
  endfacet
  facet normal 0.659482 -0.751721 0
    outer loop
      vertex 12.442 41.308 4.4
      vertex 12.1372 41.0406 2.2
      vertex 12.442 41.308 2.2
    endloop
  endfacet
  facet normal 0.0653568 0.997862 -0
    outer loop
      vertex 10.6546 46.5735 4
      vertex 10.25 46.6 4.4
      vertex 10.6546 46.5735 4.4
    endloop
  endfacet
  facet normal 0.0653568 0.997862 0
    outer loop
      vertex 10.25 46.6 4.4
      vertex 10.6546 46.5735 4
      vertex 10.25 46.6 4
    endloop
  endfacet
  facet normal 0.831481 0.555553 0
    outer loop
      vertex 12.9347 45.05 4.4
      vertex 12.7094 45.3872 2.2
      vertex 12.7094 45.3872 4.4
    endloop
  endfacet
  facet normal 0.831481 0.555553 0
    outer loop
      vertex 12.7094 45.3872 2.2
      vertex 12.9347 45.05 4.4
      vertex 12.9347 45.05 2.2
    endloop
  endfacet
  facet normal 0.195073 -0.980789 0
    outer loop
      vertex 10.6546 40.4265 2.2
      vertex 11.0523 40.5056 4.4
      vertex 10.6546 40.4265 4.4
    endloop
  endfacet
  facet normal 0.195073 -0.980789 0
    outer loop
      vertex 11.0523 40.5056 4.4
      vertex 10.6546 40.4265 2.2
      vertex 11.0523 40.5056 2.2
    endloop
  endfacet
  facet normal -0.980784 -0.195096 0
    outer loop
      vertex 7.25563 42.6977 4
      vertex 7.17652 43.0954 4.4
      vertex 7.17652 43.0954 4
    endloop
  endfacet
  facet normal -0.980784 -0.195096 0
    outer loop
      vertex 7.17652 43.0954 4.4
      vertex 7.25563 42.6977 4
      vertex 7.25563 42.6977 4.4
    endloop
  endfacet
  facet normal -0.751769 0.659426 0
    outer loop
      vertex 7.79061 45.3872 4
      vertex 8.05797 45.692 4.4
      vertex 8.05797 45.692 4
    endloop
  endfacet
  facet normal -0.751769 0.659426 0
    outer loop
      vertex 8.05797 45.692 4.4
      vertex 7.79061 45.3872 4
      vertex 7.79061 45.3872 4.4
    endloop
  endfacet
  facet normal 0.659482 0.751721 -0
    outer loop
      vertex 12.442 45.692 2.2
      vertex 12.1372 45.9594 4.4
      vertex 12.442 45.692 4.4
    endloop
  endfacet
  facet normal 0.659482 0.751721 0
    outer loop
      vertex 12.1372 45.9594 4.4
      vertex 12.442 45.692 2.2
      vertex 12.1372 45.9594 2.2
    endloop
  endfacet
  facet normal 0.997862 -0.0653568 0
    outer loop
      vertex 13.3235 43.0954 4.4
      vertex 13.35 43.5 2.2
      vertex 13.35 43.5 4.4
    endloop
  endfacet
  facet normal 0.997862 -0.0653568 0
    outer loop
      vertex 13.35 43.5 2.2
      vertex 13.3235 43.0954 4.4
      vertex 13.3235 43.0954 2.2
    endloop
  endfacet
  facet normal 0.980789 -0.195073 0
    outer loop
      vertex 13.2444 42.6977 4.4
      vertex 13.3235 43.0954 2.2
      vertex 13.3235 43.0954 4.4
    endloop
  endfacet
  facet normal 0.980789 -0.195073 0
    outer loop
      vertex 13.3235 43.0954 2.2
      vertex 13.2444 42.6977 4.4
      vertex 13.2444 42.6977 2.2
    endloop
  endfacet
  facet normal 0.555553 -0.831481 0
    outer loop
      vertex 11.8 40.8153 2.2
      vertex 12.1372 41.0406 4.4
      vertex 11.8 40.8153 4.4
    endloop
  endfacet
  facet normal 0.555553 -0.831481 0
    outer loop
      vertex 12.1372 41.0406 4.4
      vertex 11.8 40.8153 2.2
      vertex 12.1372 41.0406 2.2
    endloop
  endfacet
  facet normal 0.195073 0.980789 -0
    outer loop
      vertex 11.0523 46.4944 4
      vertex 10.6546 46.5735 4.4
      vertex 11.0523 46.4944 4.4
    endloop
  endfacet
  facet normal 0.195073 0.980789 0
    outer loop
      vertex 10.6546 46.5735 4.4
      vertex 11.0523 46.4944 4
      vertex 10.6546 46.5735 4
    endloop
  endfacet
  facet normal 0.751721 0.659482 0
    outer loop
      vertex 12.7094 45.3872 4.4
      vertex 12.442 45.692 2.2
      vertex 12.442 45.692 4.4
    endloop
  endfacet
  facet normal 0.751721 0.659482 0
    outer loop
      vertex 12.442 45.692 2.2
      vertex 12.7094 45.3872 4.4
      vertex 12.7094 45.3872 2.2
    endloop
  endfacet
  facet normal 0.442176 0.896928 -0
    outer loop
      vertex 11.8 46.1847 4
      vertex 11.4363 46.364 4.4
      vertex 11.8 46.1847 4.4
    endloop
  endfacet
  facet normal 0.442176 0.896928 0
    outer loop
      vertex 11.4363 46.364 4.4
      vertex 11.8 46.1847 4
      vertex 11.4363 46.364 4
    endloop
  endfacet
  facet normal -0.997859 -0.0654059 0
    outer loop
      vertex 7.17652 43.0954 4
      vertex 7.15 43.5 4.4
      vertex 7.15 43.5 4
    endloop
  endfacet
  facet normal -0.997859 -0.0654059 0
    outer loop
      vertex 7.15 43.5 4.4
      vertex 7.17652 43.0954 4
      vertex 7.17652 43.0954 4.4
    endloop
  endfacet
  facet normal 0.831481 -0.555553 0
    outer loop
      vertex 12.7094 41.6128 4.4
      vertex 12.9347 41.95 2.2
      vertex 12.9347 41.95 4.4
    endloop
  endfacet
  facet normal 0.831481 -0.555553 0
    outer loop
      vertex 12.9347 41.95 2.2
      vertex 12.7094 41.6128 4.4
      vertex 12.7094 41.6128 2.2
    endloop
  endfacet
  facet normal -0.751769 -0.659426 0
    outer loop
      vertex 8.05797 41.308 2.2
      vertex 7.79061 41.6128 4.4
      vertex 7.79061 41.6128 2.2
    endloop
  endfacet
  facet normal -0.751769 -0.659426 0
    outer loop
      vertex 7.79061 41.6128 4.4
      vertex 8.05797 41.308 2.2
      vertex 8.05797 41.308 4.4
    endloop
  endfacet
  facet normal -0.997859 0.0654059 0
    outer loop
      vertex 7.15 43.5 4
      vertex 7.17652 43.9046 4.4
      vertex 7.17652 43.9046 4
    endloop
  endfacet
  facet normal -0.997859 0.0654059 0
    outer loop
      vertex 7.17652 43.9046 4.4
      vertex 7.15 43.5 4
      vertex 7.15 43.5 4.4
    endloop
  endfacet
  facet normal -0.442195 -0.896919 0
    outer loop
      vertex 8.7 40.8153 2.2
      vertex 9.06368 40.636 4.4
      vertex 8.7 40.8153 4.4
    endloop
  endfacet
  facet normal -0.442195 -0.896919 -0
    outer loop
      vertex 9.06368 40.636 4.4
      vertex 8.7 40.8153 2.2
      vertex 9.06368 40.636 2.2
    endloop
  endfacet
  facet normal -0.946938 -0.321416 0
    outer loop
      vertex 7.38597 42.3137 4
      vertex 7.25563 42.6977 4.4
      vertex 7.25563 42.6977 4
    endloop
  endfacet
  facet normal -0.946938 -0.321416 0
    outer loop
      vertex 7.25563 42.6977 4.4
      vertex 7.38597 42.3137 4
      vertex 7.38597 42.3137 4.4
    endloop
  endfacet
  facet normal -0.195068 -0.98079 0
    outer loop
      vertex 9.44766 40.5056 2.2
      vertex 9.84537 40.4265 4.4
      vertex 9.44766 40.5056 4.4
    endloop
  endfacet
  facet normal -0.195068 -0.98079 -0
    outer loop
      vertex 9.84537 40.4265 4.4
      vertex 9.44766 40.5056 2.2
      vertex 9.84537 40.4265 2.2
    endloop
  endfacet
  facet normal 0.0653568 -0.997862 0
    outer loop
      vertex 10.25 40.4 2.2
      vertex 10.6546 40.4265 4.4
      vertex 10.25 40.4 4.4
    endloop
  endfacet
  facet normal 0.0653568 -0.997862 0
    outer loop
      vertex 10.6546 40.4265 4.4
      vertex 10.25 40.4 2.2
      vertex 10.6546 40.4265 2.2
    endloop
  endfacet
  facet normal -0.0653519 0.997862 0
    outer loop
      vertex 10.25 46.6 4
      vertex 9.84537 46.5735 4.4
      vertex 10.25 46.6 4.4
    endloop
  endfacet
  facet normal -0.0653519 0.997862 0
    outer loop
      vertex 9.84537 46.5735 4.4
      vertex 10.25 46.6 4
      vertex 9.84537 46.5735 4
    endloop
  endfacet
  facet normal -0.89688 0.442275 0
    outer loop
      vertex 7.38597 44.6863 4
      vertex 7.56532 45.05 4.4
      vertex 7.56532 45.05 4
    endloop
  endfacet
  facet normal -0.89688 0.442275 0
    outer loop
      vertex 7.56532 45.05 4.4
      vertex 7.38597 44.6863 4
      vertex 7.38597 44.6863 4.4
    endloop
  endfacet
  facet normal -0.831492 0.555536 0
    outer loop
      vertex 7.56532 45.05 4
      vertex 7.79061 45.3872 4.4
      vertex 7.79061 45.3872 4
    endloop
  endfacet
  facet normal -0.831492 0.555536 0
    outer loop
      vertex 7.79061 45.3872 4.4
      vertex 7.56532 45.05 4
      vertex 7.56532 45.05 4.4
    endloop
  endfacet
  facet normal -0.555599 -0.83145 0
    outer loop
      vertex 8.36284 41.0406 2.2
      vertex 8.7 40.8153 4.4
      vertex 8.36284 41.0406 4.4
    endloop
  endfacet
  facet normal -0.555599 -0.83145 -0
    outer loop
      vertex 8.7 40.8153 4.4
      vertex 8.36284 41.0406 2.2
      vertex 8.7 40.8153 2.2
    endloop
  endfacet
  facet normal 0 0 1
    outer loop
      vertex 12 43.5 4.4
      vertex 13.35 43.5 4.4
      vertex 13.3235 43.9046 4.4
    endloop
  endfacet
  facet normal 0 0 1
    outer loop
      vertex 11.985 43.7284 4.4
      vertex 13.3235 43.9046 4.4
      vertex 13.2444 44.3023 4.4
    endloop
  endfacet
  facet normal 0 0 1
    outer loop
      vertex 13.35 43.5 4.4
      vertex 12 43.5 4.4
      vertex 13.3235 43.0954 4.4
    endloop
  endfacet
  facet normal 0 0 1
    outer loop
      vertex 11.9404 43.9529 4.4
      vertex 13.2444 44.3023 4.4
      vertex 13.114 44.6863 4.4
    endloop
  endfacet
  facet normal -0 0 1
    outer loop
      vertex 11.985 43.2716 4.4
      vertex 13.3235 43.0954 4.4
      vertex 12 43.5 4.4
    endloop
  endfacet
  facet normal 0 0 1
    outer loop
      vertex 11.8668 44.1697 4.4
      vertex 13.114 44.6863 4.4
      vertex 12.9347 45.05 4.4
    endloop
  endfacet
  facet normal 0 0 1
    outer loop
      vertex 13.3235 43.0954 4.4
      vertex 11.985 43.2716 4.4
      vertex 13.2444 42.6977 4.4
    endloop
  endfacet
  facet normal 0 0 1
    outer loop
      vertex 11.7655 44.375 4.4
      vertex 12.9347 45.05 4.4
      vertex 12.7094 45.3872 4.4
    endloop
  endfacet
  facet normal -0 0 1
    outer loop
      vertex 11.9404 43.0471 4.4
      vertex 13.2444 42.6977 4.4
      vertex 11.985 43.2716 4.4
    endloop
  endfacet
  facet normal 0 0 1
    outer loop
      vertex 11.6384 44.5653 4.4
      vertex 12.7094 45.3872 4.4
      vertex 12.442 45.692 4.4
    endloop
  endfacet
  facet normal 0 0 1
    outer loop
      vertex 13.2444 42.6977 4.4
      vertex 11.9404 43.0471 4.4
      vertex 13.114 42.3137 4.4
    endloop
  endfacet
  facet normal 0 0 1
    outer loop
      vertex 11.4874 44.7374 4.4
      vertex 12.442 45.692 4.4
      vertex 12.1372 45.9594 4.4
    endloop
  endfacet
  facet normal -0 0 1
    outer loop
      vertex 11.8668 42.8303 4.4
      vertex 13.114 42.3137 4.4
      vertex 11.9404 43.0471 4.4
    endloop
  endfacet
  facet normal 0 0 1
    outer loop
      vertex 13.114 42.3137 4.4
      vertex 11.8668 42.8303 4.4
      vertex 12.9347 41.95 4.4
    endloop
  endfacet
  facet normal 0 0 1
    outer loop
      vertex 13.3235 43.9046 4.4
      vertex 11.985 43.7284 4.4
      vertex 12 43.5 4.4
    endloop
  endfacet
  facet normal 0 0 1
    outer loop
      vertex 13.2444 44.3023 4.4
      vertex 11.9404 43.9529 4.4
      vertex 11.985 43.7284 4.4
    endloop
  endfacet
  facet normal 0 0 1
    outer loop
      vertex 13.114 44.6863 4.4
      vertex 11.8668 44.1697 4.4
      vertex 11.9404 43.9529 4.4
    endloop
  endfacet
  facet normal 0 0 1
    outer loop
      vertex 11.3153 44.8884 4.4
      vertex 12.1372 45.9594 4.4
      vertex 11.8 46.1847 4.4
    endloop
  endfacet
  facet normal 0 0 1
    outer loop
      vertex 12.9347 45.05 4.4
      vertex 11.7655 44.375 4.4
      vertex 11.8668 44.1697 4.4
    endloop
  endfacet
  facet normal 0 0 1
    outer loop
      vertex 12.7094 45.3872 4.4
      vertex 11.6384 44.5653 4.4
      vertex 11.7655 44.375 4.4
    endloop
  endfacet
  facet normal 0 0 1
    outer loop
      vertex 12.442 45.692 4.4
      vertex 11.4874 44.7374 4.4
      vertex 11.6384 44.5653 4.4
    endloop
  endfacet
  facet normal 0 0 1
    outer loop
      vertex 11.125 45.0155 4.4
      vertex 11.8 46.1847 4.4
      vertex 11.4363 46.364 4.4
    endloop
  endfacet
  facet normal 0 0 1
    outer loop
      vertex 12.1372 45.9594 4.4
      vertex 11.3153 44.8884 4.4
      vertex 11.4874 44.7374 4.4
    endloop
  endfacet
  facet normal 0 0 1
    outer loop
      vertex 11.8 46.1847 4.4
      vertex 11.125 45.0155 4.4
      vertex 11.3153 44.8884 4.4
    endloop
  endfacet
  facet normal 0 0 1
    outer loop
      vertex 10.9197 45.1168 4.4
      vertex 11.4363 46.364 4.4
      vertex 11.0523 46.4944 4.4
    endloop
  endfacet
  facet normal 0 0 1
    outer loop
      vertex 11.4363 46.364 4.4
      vertex 10.9197 45.1168 4.4
      vertex 11.125 45.0155 4.4
    endloop
  endfacet
  facet normal 0 0 1
    outer loop
      vertex 11.0523 46.4944 4.4
      vertex 10.7029 45.1904 4.4
      vertex 10.9197 45.1168 4.4
    endloop
  endfacet
  facet normal 0 0 1
    outer loop
      vertex 10.6546 46.5735 4.4
      vertex 10.7029 45.1904 4.4
      vertex 11.0523 46.4944 4.4
    endloop
  endfacet
  facet normal 0 0 1
    outer loop
      vertex 10.6546 46.5735 4.4
      vertex 10.4784 45.235 4.4
      vertex 10.7029 45.1904 4.4
    endloop
  endfacet
  facet normal 0 0 1
    outer loop
      vertex 10.25 46.6 4.4
      vertex 10.4784 45.235 4.4
      vertex 10.6546 46.5735 4.4
    endloop
  endfacet
  facet normal 0 0 1
    outer loop
      vertex 10.25 46.6 4.4
      vertex 10.25 45.25 4.4
      vertex 10.4784 45.235 4.4
    endloop
  endfacet
  facet normal 0 0 1
    outer loop
      vertex 10.25 46.6 4.4
      vertex 10.0216 45.235 4.4
      vertex 10.25 45.25 4.4
    endloop
  endfacet
  facet normal -0 0 1
    outer loop
      vertex 9.84537 46.5735 4.4
      vertex 10.0216 45.235 4.4
      vertex 10.25 46.6 4.4
    endloop
  endfacet
  facet normal 0 0 1
    outer loop
      vertex 9.84537 46.5735 4.4
      vertex 9.79707 45.1904 4.4
      vertex 10.0216 45.235 4.4
    endloop
  endfacet
  facet normal -0 0 1
    outer loop
      vertex 9.44766 46.4944 4.4
      vertex 9.79707 45.1904 4.4
      vertex 9.84537 46.5735 4.4
    endloop
  endfacet
  facet normal 0 0 1
    outer loop
      vertex 9.79707 45.1904 4.4
      vertex 9.44766 46.4944 4.4
      vertex 9.5803 45.1168 4.4
    endloop
  endfacet
  facet normal -0 0 1
    outer loop
      vertex 9.06368 46.364 4.4
      vertex 9.5803 45.1168 4.4
      vertex 9.44766 46.4944 4.4
    endloop
  endfacet
  facet normal 0 0 1
    outer loop
      vertex 9.5803 45.1168 4.4
      vertex 9.06368 46.364 4.4
      vertex 9.375 45.0155 4.4
    endloop
  endfacet
  facet normal -0 0 1
    outer loop
      vertex 8.7 46.1847 4.4
      vertex 9.375 45.0155 4.4
      vertex 9.06368 46.364 4.4
    endloop
  endfacet
  facet normal 0 0 1
    outer loop
      vertex 9.375 45.0155 4.4
      vertex 8.7 46.1847 4.4
      vertex 9.18467 44.8884 4.4
    endloop
  endfacet
  facet normal -0 0 1
    outer loop
      vertex 8.36284 45.9594 4.4
      vertex 9.18467 44.8884 4.4
      vertex 8.7 46.1847 4.4
    endloop
  endfacet
  facet normal 0 0 1
    outer loop
      vertex 9.18467 44.8884 4.4
      vertex 8.36284 45.9594 4.4
      vertex 9.01256 44.7374 4.4
    endloop
  endfacet
  facet normal -0 0 1
    outer loop
      vertex 8.05797 45.692 4.4
      vertex 9.01256 44.7374 4.4
      vertex 8.36284 45.9594 4.4
    endloop
  endfacet
  facet normal 0 0 1
    outer loop
      vertex 9.01256 44.7374 4.4
      vertex 8.05797 45.692 4.4
      vertex 8.86163 44.5653 4.4
    endloop
  endfacet
  facet normal -0 0 1
    outer loop
      vertex 7.79061 45.3872 4.4
      vertex 8.86163 44.5653 4.4
      vertex 8.05797 45.692 4.4
    endloop
  endfacet
  facet normal 0 0 1
    outer loop
      vertex 8.86163 44.5653 4.4
      vertex 7.79061 45.3872 4.4
      vertex 8.73446 44.375 4.4
    endloop
  endfacet
  facet normal 0 0 1
    outer loop
      vertex 8.73446 44.375 4.4
      vertex 7.56532 45.05 4.4
      vertex 8.63321 44.1697 4.4
    endloop
  endfacet
  facet normal -0 0 1
    outer loop
      vertex 7.56532 45.05 4.4
      vertex 8.73446 44.375 4.4
      vertex 7.79061 45.3872 4.4
    endloop
  endfacet
  facet normal -0 0 1
    outer loop
      vertex 11.7655 42.625 4.4
      vertex 12.9347 41.95 4.4
      vertex 11.8668 42.8303 4.4
    endloop
  endfacet
  facet normal 0 0 1
    outer loop
      vertex 12.9347 41.95 4.4
      vertex 11.7655 42.625 4.4
      vertex 12.7094 41.6128 4.4
    endloop
  endfacet
  facet normal -0 0 1
    outer loop
      vertex 11.6384 42.4347 4.4
      vertex 12.7094 41.6128 4.4
      vertex 11.7655 42.625 4.4
    endloop
  endfacet
  facet normal 0 0 1
    outer loop
      vertex 12.7094 41.6128 4.4
      vertex 11.6384 42.4347 4.4
      vertex 12.442 41.308 4.4
    endloop
  endfacet
  facet normal -0 0 1
    outer loop
      vertex 11.4874 42.2626 4.4
      vertex 12.442 41.308 4.4
      vertex 11.6384 42.4347 4.4
    endloop
  endfacet
  facet normal 0 0 1
    outer loop
      vertex 12.442 41.308 4.4
      vertex 11.4874 42.2626 4.4
      vertex 12.1372 41.0406 4.4
    endloop
  endfacet
  facet normal -0 0 1
    outer loop
      vertex 11.3153 42.1116 4.4
      vertex 12.1372 41.0406 4.4
      vertex 11.4874 42.2626 4.4
    endloop
  endfacet
  facet normal 0 0 1
    outer loop
      vertex 12.1372 41.0406 4.4
      vertex 11.3153 42.1116 4.4
      vertex 11.8 40.8153 4.4
    endloop
  endfacet
  facet normal -0 0 1
    outer loop
      vertex 11.125 41.9845 4.4
      vertex 11.8 40.8153 4.4
      vertex 11.3153 42.1116 4.4
    endloop
  endfacet
  facet normal 0 0 1
    outer loop
      vertex 11.8 40.8153 4.4
      vertex 11.125 41.9845 4.4
      vertex 11.4363 40.636 4.4
    endloop
  endfacet
  facet normal -0 0 1
    outer loop
      vertex 10.9197 41.8832 4.4
      vertex 11.4363 40.636 4.4
      vertex 11.125 41.9845 4.4
    endloop
  endfacet
  facet normal 0 0 1
    outer loop
      vertex 11.4363 40.636 4.4
      vertex 10.9197 41.8832 4.4
      vertex 11.0523 40.5056 4.4
    endloop
  endfacet
  facet normal -0 0 1
    outer loop
      vertex 10.7029 41.8096 4.4
      vertex 11.0523 40.5056 4.4
      vertex 10.9197 41.8832 4.4
    endloop
  endfacet
  facet normal 0 0 1
    outer loop
      vertex 10.7029 41.8096 4.4
      vertex 10.6546 40.4265 4.4
      vertex 11.0523 40.5056 4.4
    endloop
  endfacet
  facet normal -0 0 1
    outer loop
      vertex 10.4784 41.765 4.4
      vertex 10.6546 40.4265 4.4
      vertex 10.7029 41.8096 4.4
    endloop
  endfacet
  facet normal -0 0 1
    outer loop
      vertex 10.25 41.75 4.4
      vertex 10.6546 40.4265 4.4
      vertex 10.4784 41.765 4.4
    endloop
  endfacet
  facet normal 0 0 1
    outer loop
      vertex 10.25 41.75 4.4
      vertex 10.25 40.4 4.4
      vertex 10.6546 40.4265 4.4
    endloop
  endfacet
  facet normal 0 0 1
    outer loop
      vertex 10.0216 41.765 4.4
      vertex 10.25 40.4 4.4
      vertex 10.25 41.75 4.4
    endloop
  endfacet
  facet normal 0 0 1
    outer loop
      vertex 10.0216 41.765 4.4
      vertex 9.84537 40.4265 4.4
      vertex 10.25 40.4 4.4
    endloop
  endfacet
  facet normal 0 0 1
    outer loop
      vertex 9.79707 41.8096 4.4
      vertex 9.84537 40.4265 4.4
      vertex 10.0216 41.765 4.4
    endloop
  endfacet
  facet normal 0 0 1
    outer loop
      vertex 9.44766 40.5056 4.4
      vertex 9.79707 41.8096 4.4
      vertex 9.5803 41.8832 4.4
    endloop
  endfacet
  facet normal 0 0 1
    outer loop
      vertex 9.79707 41.8096 4.4
      vertex 9.44766 40.5056 4.4
      vertex 9.84537 40.4265 4.4
    endloop
  endfacet
  facet normal 0 0 1
    outer loop
      vertex 9.06368 40.636 4.4
      vertex 9.5803 41.8832 4.4
      vertex 9.375 41.9845 4.4
    endloop
  endfacet
  facet normal 0 0 1
    outer loop
      vertex 8.7 40.8153 4.4
      vertex 9.375 41.9845 4.4
      vertex 9.18467 42.1116 4.4
    endloop
  endfacet
  facet normal 0 0 1
    outer loop
      vertex 9.5803 41.8832 4.4
      vertex 9.06368 40.636 4.4
      vertex 9.44766 40.5056 4.4
    endloop
  endfacet
  facet normal 0 0 1
    outer loop
      vertex 8.36284 41.0406 4.4
      vertex 9.18467 42.1116 4.4
      vertex 9.01256 42.2626 4.4
    endloop
  endfacet
  facet normal 0 0 1
    outer loop
      vertex 8.05797 41.308 4.4
      vertex 9.01256 42.2626 4.4
      vertex 8.86163 42.4347 4.4
    endloop
  endfacet
  facet normal 0 0 1
    outer loop
      vertex 7.79061 41.6128 4.4
      vertex 8.86163 42.4347 4.4
      vertex 8.73446 42.625 4.4
    endloop
  endfacet
  facet normal 0 0 1
    outer loop
      vertex 9.375 41.9845 4.4
      vertex 8.7 40.8153 4.4
      vertex 9.06368 40.636 4.4
    endloop
  endfacet
  facet normal 0 0 1
    outer loop
      vertex 7.56532 41.95 4.4
      vertex 8.73446 42.625 4.4
      vertex 8.63321 42.8303 4.4
    endloop
  endfacet
  facet normal 0 0 1
    outer loop
      vertex 7.38597 42.3137 4.4
      vertex 8.63321 42.8303 4.4
      vertex 8.55963 43.0471 4.4
    endloop
  endfacet
  facet normal 0 0 1
    outer loop
      vertex 7.25563 42.6977 4.4
      vertex 8.55963 43.0471 4.4
      vertex 8.51497 43.2716 4.4
    endloop
  endfacet
  facet normal 0 0 1
    outer loop
      vertex 9.18467 42.1116 4.4
      vertex 8.36284 41.0406 4.4
      vertex 8.7 40.8153 4.4
    endloop
  endfacet
  facet normal 0 0 1
    outer loop
      vertex 7.17652 43.0954 4.4
      vertex 8.51497 43.2716 4.4
      vertex 8.5 43.5 4.4
    endloop
  endfacet
  facet normal -0 0 1
    outer loop
      vertex 7.38597 44.6863 4.4
      vertex 8.63321 44.1697 4.4
      vertex 7.56532 45.05 4.4
    endloop
  endfacet
  facet normal 0 0 1
    outer loop
      vertex 8.63321 44.1697 4.4
      vertex 7.38597 44.6863 4.4
      vertex 8.55963 43.9529 4.4
    endloop
  endfacet
  facet normal 0 0 1
    outer loop
      vertex 9.01256 42.2626 4.4
      vertex 8.05797 41.308 4.4
      vertex 8.36284 41.0406 4.4
    endloop
  endfacet
  facet normal -0 0 1
    outer loop
      vertex 7.25563 44.3023 4.4
      vertex 8.55963 43.9529 4.4
      vertex 7.38597 44.6863 4.4
    endloop
  endfacet
  facet normal 0 0 1
    outer loop
      vertex 8.86163 42.4347 4.4
      vertex 7.79061 41.6128 4.4
      vertex 8.05797 41.308 4.4
    endloop
  endfacet
  facet normal 0 0 1
    outer loop
      vertex 8.55963 43.9529 4.4
      vertex 7.25563 44.3023 4.4
      vertex 8.51497 43.7284 4.4
    endloop
  endfacet
  facet normal 0 0 1
    outer loop
      vertex 8.73446 42.625 4.4
      vertex 7.56532 41.95 4.4
      vertex 7.79061 41.6128 4.4
    endloop
  endfacet
  facet normal -0 0 1
    outer loop
      vertex 7.17652 43.9046 4.4
      vertex 8.51497 43.7284 4.4
      vertex 7.25563 44.3023 4.4
    endloop
  endfacet
  facet normal 0 0 1
    outer loop
      vertex 8.63321 42.8303 4.4
      vertex 7.38597 42.3137 4.4
      vertex 7.56532 41.95 4.4
    endloop
  endfacet
  facet normal 0 0 1
    outer loop
      vertex 8.51497 43.7284 4.4
      vertex 7.17652 43.9046 4.4
      vertex 8.5 43.5 4.4
    endloop
  endfacet
  facet normal 0 0 1
    outer loop
      vertex 8.55963 43.0471 4.4
      vertex 7.25563 42.6977 4.4
      vertex 7.38597 42.3137 4.4
    endloop
  endfacet
  facet normal 0 0 1
    outer loop
      vertex 7.15 43.5 4.4
      vertex 8.5 43.5 4.4
      vertex 7.17652 43.9046 4.4
    endloop
  endfacet
  facet normal 0 0 1
    outer loop
      vertex 8.51497 43.2716 4.4
      vertex 7.17652 43.0954 4.4
      vertex 7.25563 42.6977 4.4
    endloop
  endfacet
  facet normal 0 0 1
    outer loop
      vertex 8.5 43.5 4.4
      vertex 7.15 43.5 4.4
      vertex 7.17652 43.0954 4.4
    endloop
  endfacet
  facet normal -0.980832 -0.194856 0
    outer loop
      vertex 11.985 43.7284 2.2
      vertex 11.9404 43.9529 4.4
      vertex 11.9404 43.9529 2.2
    endloop
  endfacet
  facet normal -0.980832 -0.194856 0
    outer loop
      vertex 11.9404 43.9529 4.4
      vertex 11.985 43.7284 2.2
      vertex 11.985 43.7284 4.4
    endloop
  endfacet
  facet normal -0.99785 -0.0655331 0
    outer loop
      vertex 12 43.5 2.2
      vertex 11.985 43.7284 4.4
      vertex 11.985 43.7284 2.2
    endloop
  endfacet
  facet normal -0.99785 -0.0655331 0
    outer loop
      vertex 11.985 43.7284 4.4
      vertex 12 43.5 2.2
      vertex 12 43.5 4.4
    endloop
  endfacet
  facet normal -0.946922 -0.321464 0
    outer loop
      vertex 11.9404 43.9529 2.2
      vertex 11.8668 44.1697 4.4
      vertex 11.8668 44.1697 2.2
    endloop
  endfacet
  facet normal -0.946922 -0.321464 0
    outer loop
      vertex 11.8668 44.1697 4.4
      vertex 11.9404 43.9529 2.2
      vertex 11.9404 43.9529 4.4
    endloop
  endfacet
  facet normal 0.321504 0.946908 -0
    outer loop
      vertex 9.79707 41.8096 2.2
      vertex 9.5803 41.8832 4.4
      vertex 9.79707 41.8096 4.4
    endloop
  endfacet
  facet normal 0.321504 0.946908 0
    outer loop
      vertex 9.5803 41.8832 4.4
      vertex 9.79707 41.8096 2.2
      vertex 9.5803 41.8832 2.2
    endloop
  endfacet
  facet normal -0.896774 -0.44249 0
    outer loop
      vertex 11.8668 44.1697 2.2
      vertex 11.7655 44.375 4.4
      vertex 11.7655 44.375 2.2
    endloop
  endfacet
  facet normal -0.896774 -0.44249 0
    outer loop
      vertex 11.7655 44.375 4.4
      vertex 11.8668 44.1697 2.2
      vertex 11.8668 44.1697 4.4
    endloop
  endfacet
  facet normal -0.831579 -0.555406 0
    outer loop
      vertex 11.7655 44.375 2.2
      vertex 11.6384 44.5653 4.4
      vertex 11.6384 44.5653 2.2
    endloop
  endfacet
  facet normal -0.831579 -0.555406 0
    outer loop
      vertex 11.6384 44.5653 4.4
      vertex 11.7655 44.375 2.2
      vertex 11.7655 44.375 4.4
    endloop
  endfacet
  facet normal 0.0655331 -0.99785 0
    outer loop
      vertex 10.0216 45.235 2.2
      vertex 10.25 45.25 4.4
      vertex 10.0216 45.235 4.4
    endloop
  endfacet
  facet normal 0.0655331 -0.99785 0
    outer loop
      vertex 10.25 45.25 4.4
      vertex 10.0216 45.235 2.2
      vertex 10.25 45.25 2.2
    endloop
  endfacet
  facet normal -0.0655331 0.99785 0
    outer loop
      vertex 10.4784 41.765 2.2
      vertex 10.25 41.75 4.4
      vertex 10.4784 41.765 4.4
    endloop
  endfacet
  facet normal -0.0655331 0.99785 0
    outer loop
      vertex 10.25 41.75 4.4
      vertex 10.4784 41.765 2.2
      vertex 10.25 41.75 2.2
    endloop
  endfacet
  facet normal -0.44249 -0.896774 0
    outer loop
      vertex 10.9197 45.1168 2.2
      vertex 11.125 45.0155 4.4
      vertex 10.9197 45.1168 4.4
    endloop
  endfacet
  facet normal -0.44249 -0.896774 -0
    outer loop
      vertex 11.125 45.0155 4.4
      vertex 10.9197 45.1168 2.2
      vertex 11.125 45.0155 2.2
    endloop
  endfacet
  facet normal 0.44249 -0.896774 0
    outer loop
      vertex 9.375 45.0155 2.2
      vertex 9.5803 45.1168 4.4
      vertex 9.375 45.0155 4.4
    endloop
  endfacet
  facet normal 0.44249 -0.896774 0
    outer loop
      vertex 9.5803 45.1168 4.4
      vertex 9.375 45.0155 2.2
      vertex 9.5803 45.1168 2.2
    endloop
  endfacet
  facet normal 0.659503 -0.751702 0
    outer loop
      vertex 9.01256 44.7374 2.2
      vertex 9.18467 44.8884 4.4
      vertex 9.01256 44.7374 4.4
    endloop
  endfacet
  facet normal 0.659503 -0.751702 0
    outer loop
      vertex 9.18467 44.8884 4.4
      vertex 9.01256 44.7374 2.2
      vertex 9.18467 44.8884 2.2
    endloop
  endfacet
  facet normal -0.751683 -0.659524 0
    outer loop
      vertex 11.6384 44.5653 2.2
      vertex 11.4874 44.7374 4.4
      vertex 11.4874 44.7374 2.2
    endloop
  endfacet
  facet normal -0.751683 -0.659524 0
    outer loop
      vertex 11.4874 44.7374 4.4
      vertex 11.6384 44.5653 2.2
      vertex 11.6384 44.5653 4.4
    endloop
  endfacet
  facet normal 0.980782 -0.195108 0
    outer loop
      vertex 8.51497 43.7284 4.4
      vertex 8.55963 43.9529 2.2
      vertex 8.55963 43.9529 4.4
    endloop
  endfacet
  facet normal 0.980782 -0.195108 0
    outer loop
      vertex 8.55963 43.9529 2.2
      vertex 8.51497 43.7284 4.4
      vertex 8.51497 43.7284 2.2
    endloop
  endfacet
  facet normal -0.946922 0.321464 0
    outer loop
      vertex 11.8668 42.8303 2.2
      vertex 11.9404 43.0471 4.4
      vertex 11.9404 43.0471 2.2
    endloop
  endfacet
  facet normal -0.946922 0.321464 0
    outer loop
      vertex 11.9404 43.0471 4.4
      vertex 11.8668 42.8303 2.2
      vertex 11.8668 42.8303 4.4
    endloop
  endfacet
  facet normal -0.555406 0.831579 0
    outer loop
      vertex 11.3153 42.1116 2.2
      vertex 11.125 41.9845 4.4
      vertex 11.3153 42.1116 4.4
    endloop
  endfacet
  facet normal -0.555406 0.831579 0
    outer loop
      vertex 11.125 41.9845 4.4
      vertex 11.3153 42.1116 2.2
      vertex 11.125 41.9845 2.2
    endloop
  endfacet
  facet normal 0.980782 0.195108 0
    outer loop
      vertex 8.55963 43.0471 4.4
      vertex 8.51497 43.2716 2.2
      vertex 8.51497 43.2716 4.4
    endloop
  endfacet
  facet normal 0.980782 0.195108 0
    outer loop
      vertex 8.51497 43.2716 2.2
      vertex 8.55963 43.0471 4.4
      vertex 8.55963 43.0471 2.2
    endloop
  endfacet
  facet normal 0.997859 -0.0654026 0
    outer loop
      vertex 8.5 43.5 4.4
      vertex 8.51497 43.7284 2.2
      vertex 8.51497 43.7284 4.4
    endloop
  endfacet
  facet normal 0.997859 -0.0654026 0
    outer loop
      vertex 8.51497 43.7284 2.2
      vertex 8.5 43.5 4.4
      vertex 8.5 43.5 2.2
    endloop
  endfacet
  facet normal -0.99785 0.0655331 0
    outer loop
      vertex 11.985 43.2716 2.2
      vertex 12 43.5 4.4
      vertex 12 43.5 2.2
    endloop
  endfacet
  facet normal -0.99785 0.0655331 0
    outer loop
      vertex 12 43.5 4.4
      vertex 11.985 43.2716 2.2
      vertex 11.985 43.2716 4.4
    endloop
  endfacet
  facet normal -0.831579 0.555406 0
    outer loop
      vertex 11.6384 42.4347 2.2
      vertex 11.7655 42.625 4.4
      vertex 11.7655 42.625 2.2
    endloop
  endfacet
  facet normal -0.831579 0.555406 0
    outer loop
      vertex 11.7655 42.625 4.4
      vertex 11.6384 42.4347 2.2
      vertex 11.6384 42.4347 4.4
    endloop
  endfacet
  facet normal 0.946948 0.321386 0
    outer loop
      vertex 8.63321 42.8303 4.4
      vertex 8.55963 43.0471 2.2
      vertex 8.55963 43.0471 4.4
    endloop
  endfacet
  facet normal 0.946948 0.321386 0
    outer loop
      vertex 8.55963 43.0471 2.2
      vertex 8.63321 42.8303 4.4
      vertex 8.63321 42.8303 2.2
    endloop
  endfacet
  facet normal -0.194856 0.980832 0
    outer loop
      vertex 10.7029 41.8096 2.2
      vertex 10.4784 41.765 4.4
      vertex 10.7029 41.8096 4.4
    endloop
  endfacet
  facet normal -0.194856 0.980832 0
    outer loop
      vertex 10.4784 41.765 4.4
      vertex 10.7029 41.8096 2.2
      vertex 10.4784 41.765 2.2
    endloop
  endfacet
  facet normal -0.555406 -0.831579 0
    outer loop
      vertex 11.125 45.0155 2.2
      vertex 11.3153 44.8884 4.4
      vertex 11.125 45.0155 4.4
    endloop
  endfacet
  facet normal -0.555406 -0.831579 -0
    outer loop
      vertex 11.3153 44.8884 4.4
      vertex 11.125 45.0155 2.2
      vertex 11.3153 44.8884 2.2
    endloop
  endfacet
  facet normal 0.321504 -0.946908 0
    outer loop
      vertex 9.5803 45.1168 2.2
      vertex 9.79707 45.1904 4.4
      vertex 9.5803 45.1168 4.4
    endloop
  endfacet
  facet normal 0.321504 -0.946908 0
    outer loop
      vertex 9.79707 45.1904 4.4
      vertex 9.5803 45.1168 2.2
      vertex 9.79707 45.1904 2.2
    endloop
  endfacet
  facet normal 0.751835 -0.659352 0
    outer loop
      vertex 8.86163 44.5653 4.4
      vertex 9.01256 44.7374 2.2
      vertex 9.01256 44.7374 4.4
    endloop
  endfacet
  facet normal 0.751835 -0.659352 0
    outer loop
      vertex 9.01256 44.7374 2.2
      vertex 8.86163 44.5653 4.4
      vertex 8.86163 44.5653 2.2
    endloop
  endfacet
  facet normal -0.659524 -0.751683 0
    outer loop
      vertex 11.3153 44.8884 2.2
      vertex 11.4874 44.7374 4.4
      vertex 11.3153 44.8884 4.4
    endloop
  endfacet
  facet normal -0.659524 -0.751683 -0
    outer loop
      vertex 11.4874 44.7374 4.4
      vertex 11.3153 44.8884 2.2
      vertex 11.4874 44.7374 2.2
    endloop
  endfacet
  facet normal 0.555345 -0.83162 0
    outer loop
      vertex 9.18467 44.8884 2.2
      vertex 9.375 45.0155 4.4
      vertex 9.18467 44.8884 4.4
    endloop
  endfacet
  facet normal 0.555345 -0.83162 0
    outer loop
      vertex 9.375 45.0155 4.4
      vertex 9.18467 44.8884 2.2
      vertex 9.375 45.0155 2.2
    endloop
  endfacet
  facet normal 0.89686 0.442314 0
    outer loop
      vertex 8.73446 42.625 4.4
      vertex 8.63321 42.8303 2.2
      vertex 8.63321 42.8303 4.4
    endloop
  endfacet
  facet normal 0.89686 0.442314 0
    outer loop
      vertex 8.63321 42.8303 2.2
      vertex 8.73446 42.625 4.4
      vertex 8.73446 42.625 2.2
    endloop
  endfacet
  facet normal 0.997859 0.0654026 0
    outer loop
      vertex 8.51497 43.2716 4.4
      vertex 8.5 43.5 2.2
      vertex 8.5 43.5 4.4
    endloop
  endfacet
  facet normal 0.997859 0.0654026 0
    outer loop
      vertex 8.5 43.5 2.2
      vertex 8.51497 43.2716 4.4
      vertex 8.51497 43.2716 2.2
    endloop
  endfacet
  facet normal -0.980832 0.194856 0
    outer loop
      vertex 11.9404 43.0471 2.2
      vertex 11.985 43.2716 4.4
      vertex 11.985 43.2716 2.2
    endloop
  endfacet
  facet normal -0.980832 0.194856 0
    outer loop
      vertex 11.985 43.2716 4.4
      vertex 11.9404 43.0471 2.2
      vertex 11.9404 43.0471 4.4
    endloop
  endfacet
  facet normal 0.89686 -0.442314 0
    outer loop
      vertex 8.63321 44.1697 4.4
      vertex 8.73446 44.375 2.2
      vertex 8.73446 44.375 4.4
    endloop
  endfacet
  facet normal 0.89686 -0.442314 0
    outer loop
      vertex 8.73446 44.375 2.2
      vertex 8.63321 44.1697 4.4
      vertex 8.63321 44.1697 2.2
    endloop
  endfacet
  facet normal 0.555345 0.83162 -0
    outer loop
      vertex 9.375 41.9845 2.2
      vertex 9.18467 42.1116 4.4
      vertex 9.375 41.9845 4.4
    endloop
  endfacet
  facet normal 0.555345 0.83162 0
    outer loop
      vertex 9.18467 42.1116 4.4
      vertex 9.375 41.9845 2.2
      vertex 9.18467 42.1116 2.2
    endloop
  endfacet
  facet normal 0.194831 -0.980837 0
    outer loop
      vertex 9.79707 45.1904 2.2
      vertex 10.0216 45.235 4.4
      vertex 9.79707 45.1904 4.4
    endloop
  endfacet
  facet normal 0.194831 -0.980837 0
    outer loop
      vertex 10.0216 45.235 4.4
      vertex 9.79707 45.1904 2.2
      vertex 10.0216 45.235 2.2
    endloop
  endfacet
  facet normal -0.751683 0.659524 0
    outer loop
      vertex 11.4874 42.2626 2.2
      vertex 11.6384 42.4347 4.4
      vertex 11.6384 42.4347 2.2
    endloop
  endfacet
  facet normal -0.751683 0.659524 0
    outer loop
      vertex 11.6384 42.4347 4.4
      vertex 11.4874 42.2626 2.2
      vertex 11.4874 42.2626 4.4
    endloop
  endfacet
  facet normal -0.0655331 -0.99785 0
    outer loop
      vertex 10.25 45.25 2.2
      vertex 10.4784 45.235 4.4
      vertex 10.25 45.25 4.4
    endloop
  endfacet
  facet normal -0.0655331 -0.99785 -0
    outer loop
      vertex 10.4784 45.235 4.4
      vertex 10.25 45.25 2.2
      vertex 10.4784 45.235 2.2
    endloop
  endfacet
  facet normal 0.946948 -0.321386 0
    outer loop
      vertex 8.55963 43.9529 4.4
      vertex 8.63321 44.1697 2.2
      vertex 8.63321 44.1697 4.4
    endloop
  endfacet
  facet normal 0.946948 -0.321386 0
    outer loop
      vertex 8.63321 44.1697 2.2
      vertex 8.55963 43.9529 4.4
      vertex 8.55963 43.9529 2.2
    endloop
  endfacet
  facet normal -0.321464 0.946922 0
    outer loop
      vertex 10.9197 41.8832 2.2
      vertex 10.7029 41.8096 4.4
      vertex 10.9197 41.8832 4.4
    endloop
  endfacet
  facet normal -0.321464 0.946922 0
    outer loop
      vertex 10.7029 41.8096 4.4
      vertex 10.9197 41.8832 2.2
      vertex 10.7029 41.8096 2.2
    endloop
  endfacet
  facet normal -0.659524 0.751683 0
    outer loop
      vertex 11.4874 42.2626 2.2
      vertex 11.3153 42.1116 4.4
      vertex 11.4874 42.2626 4.4
    endloop
  endfacet
  facet normal -0.659524 0.751683 0
    outer loop
      vertex 11.3153 42.1116 4.4
      vertex 11.4874 42.2626 2.2
      vertex 11.3153 42.1116 2.2
    endloop
  endfacet
  facet normal 0.0655331 0.99785 -0
    outer loop
      vertex 10.25 41.75 2.2
      vertex 10.0216 41.765 4.4
      vertex 10.25 41.75 4.4
    endloop
  endfacet
  facet normal 0.0655331 0.99785 0
    outer loop
      vertex 10.0216 41.765 4.4
      vertex 10.25 41.75 2.2
      vertex 10.0216 41.765 2.2
    endloop
  endfacet
  facet normal 0.659503 0.751702 -0
    outer loop
      vertex 9.18467 42.1116 2.2
      vertex 9.01256 42.2626 4.4
      vertex 9.18467 42.1116 4.4
    endloop
  endfacet
  facet normal 0.659503 0.751702 0
    outer loop
      vertex 9.01256 42.2626 4.4
      vertex 9.18467 42.1116 2.2
      vertex 9.01256 42.2626 2.2
    endloop
  endfacet
  facet normal 0.194831 0.980837 -0
    outer loop
      vertex 10.0216 41.765 2.2
      vertex 9.79707 41.8096 4.4
      vertex 10.0216 41.765 4.4
    endloop
  endfacet
  facet normal 0.194831 0.980837 0
    outer loop
      vertex 9.79707 41.8096 4.4
      vertex 10.0216 41.765 2.2
      vertex 9.79707 41.8096 2.2
    endloop
  endfacet
  facet normal 0.831438 0.555617 0
    outer loop
      vertex 8.86163 42.4347 4.4
      vertex 8.73446 42.625 2.2
      vertex 8.73446 42.625 4.4
    endloop
  endfacet
  facet normal 0.831438 0.555617 0
    outer loop
      vertex 8.73446 42.625 2.2
      vertex 8.86163 42.4347 4.4
      vertex 8.86163 42.4347 2.2
    endloop
  endfacet
  facet normal 0.751835 0.659352 0
    outer loop
      vertex 9.01256 42.2626 4.4
      vertex 8.86163 42.4347 2.2
      vertex 8.86163 42.4347 4.4
    endloop
  endfacet
  facet normal 0.751835 0.659352 0
    outer loop
      vertex 8.86163 42.4347 2.2
      vertex 9.01256 42.2626 4.4
      vertex 9.01256 42.2626 2.2
    endloop
  endfacet
  facet normal -0.194856 -0.980832 0
    outer loop
      vertex 10.4784 45.235 2.2
      vertex 10.7029 45.1904 4.4
      vertex 10.4784 45.235 4.4
    endloop
  endfacet
  facet normal -0.194856 -0.980832 -0
    outer loop
      vertex 10.7029 45.1904 4.4
      vertex 10.4784 45.235 2.2
      vertex 10.7029 45.1904 2.2
    endloop
  endfacet
  facet normal -0.44249 0.896774 0
    outer loop
      vertex 11.125 41.9845 2.2
      vertex 10.9197 41.8832 4.4
      vertex 11.125 41.9845 4.4
    endloop
  endfacet
  facet normal -0.44249 0.896774 0
    outer loop
      vertex 10.9197 41.8832 4.4
      vertex 11.125 41.9845 2.2
      vertex 10.9197 41.8832 2.2
    endloop
  endfacet
  facet normal -0.896774 0.44249 0
    outer loop
      vertex 11.7655 42.625 2.2
      vertex 11.8668 42.8303 4.4
      vertex 11.8668 42.8303 2.2
    endloop
  endfacet
  facet normal -0.896774 0.44249 0
    outer loop
      vertex 11.8668 42.8303 4.4
      vertex 11.7655 42.625 2.2
      vertex 11.7655 42.625 4.4
    endloop
  endfacet
  facet normal 0.44249 0.896774 -0
    outer loop
      vertex 9.5803 41.8832 2.2
      vertex 9.375 41.9845 4.4
      vertex 9.5803 41.8832 4.4
    endloop
  endfacet
  facet normal 0.44249 0.896774 0
    outer loop
      vertex 9.375 41.9845 4.4
      vertex 9.5803 41.8832 2.2
      vertex 9.375 41.9845 2.2
    endloop
  endfacet
  facet normal -0.321464 -0.946922 0
    outer loop
      vertex 10.7029 45.1904 2.2
      vertex 10.9197 45.1168 4.4
      vertex 10.7029 45.1904 4.4
    endloop
  endfacet
  facet normal -0.321464 -0.946922 -0
    outer loop
      vertex 10.9197 45.1168 4.4
      vertex 10.7029 45.1904 2.2
      vertex 10.9197 45.1168 2.2
    endloop
  endfacet
  facet normal 0.831438 -0.555617 0
    outer loop
      vertex 8.73446 44.375 4.4
      vertex 8.86163 44.5653 2.2
      vertex 8.86163 44.5653 4.4
    endloop
  endfacet
  facet normal 0.831438 -0.555617 0
    outer loop
      vertex 8.86163 44.5653 2.2
      vertex 8.73446 44.375 4.4
      vertex 8.73446 44.375 2.2
    endloop
  endfacet
  facet normal -0.896928 -0.442176 0
    outer loop
      vertex 94.5653 -45.05 2.2
      vertex 94.386 -44.6863 4.4
      vertex 94.386 -44.6863 2.2
    endloop
  endfacet
  facet normal -0.896928 -0.442176 0
    outer loop
      vertex 94.386 -44.6863 4.4
      vertex 94.5653 -45.05 2.2
      vertex 94.5653 -45.05 4.4
    endloop
  endfacet
  facet normal 0.442176 -0.896928 0
    outer loop
      vertex 98.4363 -46.364 4
      vertex 98.8 -46.1847 4.4
      vertex 98.4363 -46.364 4.4
    endloop
  endfacet
  facet normal 0.442176 -0.896928 0
    outer loop
      vertex 98.8 -46.1847 4.4
      vertex 98.4363 -46.364 4
      vertex 98.8 -46.1847 4
    endloop
  endfacet
  facet normal 0.980836 0.194835 0
    outer loop
      vertex 100.323 -43.0954 4.4
      vertex 100.244 -42.6977 4
      vertex 100.244 -42.6977 4.4
    endloop
  endfacet
  facet normal 0.980836 0.194835 0
    outer loop
      vertex 100.244 -42.6977 4
      vertex 100.323 -43.0954 4.4
      vertex 100.323 -43.0954 4
    endloop
  endfacet
  facet normal 0.997781 0.0665845 0
    outer loop
      vertex 100.35 -43.5 4.4
      vertex 100.323 -43.0954 4
      vertex 100.323 -43.0954 4.4
    endloop
  endfacet
  facet normal 0.997781 0.0665845 0
    outer loop
      vertex 100.323 -43.0954 4
      vertex 100.35 -43.5 4.4
      vertex 100.35 -43.5 4
    endloop
  endfacet
  facet normal 0.947193 0.320664 0
    outer loop
      vertex 100.244 -42.6977 4.4
      vertex 100.114 -42.3137 4
      vertex 100.114 -42.3137 4.4
    endloop
  endfacet
  facet normal 0.947193 0.320664 0
    outer loop
      vertex 100.114 -42.3137 4
      vertex 100.244 -42.6977 4.4
      vertex 100.244 -42.6977 4
    endloop
  endfacet
  facet normal 0.751721 -0.659482 0
    outer loop
      vertex 99.442 -45.692 4.4
      vertex 99.7094 -45.3872 4
      vertex 99.7094 -45.3872 4.4
    endloop
  endfacet
  facet normal 0.751721 -0.659482 0
    outer loop
      vertex 99.7094 -45.3872 4
      vertex 99.442 -45.692 4.4
      vertex 99.442 -45.692 4
    endloop
  endfacet
  facet normal 0.321549 0.946893 -0
    outer loop
      vertex 98.4363 -40.636 2.2
      vertex 98.0523 -40.5056 4.4
      vertex 98.4363 -40.636 4.4
    endloop
  endfacet
  facet normal 0.321549 0.946893 0
    outer loop
      vertex 98.0523 -40.5056 4.4
      vertex 98.4363 -40.636 2.2
      vertex 98.0523 -40.5056 2.2
    endloop
  endfacet
  facet normal 0.555553 0.831481 -0
    outer loop
      vertex 99.1372 -41.0406 2.2
      vertex 98.8 -40.8153 4.4
      vertex 99.1372 -41.0406 4.4
    endloop
  endfacet
  facet normal 0.555553 0.831481 0
    outer loop
      vertex 98.8 -40.8153 4.4
      vertex 99.1372 -41.0406 2.2
      vertex 98.8 -40.8153 2.2
    endloop
  endfacet
  facet normal 0.896928 -0.442176 0
    outer loop
      vertex 99.9347 -45.05 4.4
      vertex 100.114 -44.6863 4
      vertex 100.114 -44.6863 4.4
    endloop
  endfacet
  facet normal 0.896928 -0.442176 0
    outer loop
      vertex 100.114 -44.6863 4
      vertex 99.9347 -45.05 4.4
      vertex 99.9347 -45.05 4
    endloop
  endfacet
  facet normal 0.321549 -0.946893 0
    outer loop
      vertex 98.0523 -46.4944 4
      vertex 98.4363 -46.364 4.4
      vertex 98.0523 -46.4944 4.4
    endloop
  endfacet
  facet normal 0.321549 -0.946893 0
    outer loop
      vertex 98.4363 -46.364 4.4
      vertex 98.0523 -46.4944 4
      vertex 98.4363 -46.364 4
    endloop
  endfacet
  facet normal 0.896928 0.442176 0
    outer loop
      vertex 100.114 -42.3137 4.4
      vertex 99.9347 -41.95 4
      vertex 99.9347 -41.95 4.4
    endloop
  endfacet
  facet normal 0.896928 0.442176 0
    outer loop
      vertex 99.9347 -41.95 4
      vertex 100.114 -42.3137 4.4
      vertex 100.114 -42.3137 4
    endloop
  endfacet
  facet normal -0.195073 0.980789 0
    outer loop
      vertex 96.8454 -40.4265 2.2
      vertex 96.4477 -40.5056 4.4
      vertex 96.8454 -40.4265 4.4
    endloop
  endfacet
  facet normal -0.195073 0.980789 0
    outer loop
      vertex 96.4477 -40.5056 4.4
      vertex 96.8454 -40.4265 2.2
      vertex 96.4477 -40.5056 2.2
    endloop
  endfacet
  facet normal -0.0653568 -0.997862 0
    outer loop
      vertex 96.8454 -46.5735 4
      vertex 97.25 -46.6 4.4
      vertex 96.8454 -46.5735 4.4
    endloop
  endfacet
  facet normal -0.0653568 -0.997862 -0
    outer loop
      vertex 97.25 -46.6 4.4
      vertex 96.8454 -46.5735 4
      vertex 97.25 -46.6 4
    endloop
  endfacet
  facet normal -0.555553 0.831481 0
    outer loop
      vertex 95.7 -40.8153 2.2
      vertex 95.3628 -41.0406 4.4
      vertex 95.7 -40.8153 4.4
    endloop
  endfacet
  facet normal -0.555553 0.831481 0
    outer loop
      vertex 95.3628 -41.0406 4.4
      vertex 95.7 -40.8153 2.2
      vertex 95.3628 -41.0406 2.2
    endloop
  endfacet
  facet normal -0.321549 -0.946893 0
    outer loop
      vertex 96.0637 -46.364 4
      vertex 96.4477 -46.4944 4.4
      vertex 96.0637 -46.364 4.4
    endloop
  endfacet
  facet normal -0.321549 -0.946893 -0
    outer loop
      vertex 96.4477 -46.4944 4.4
      vertex 96.0637 -46.364 4
      vertex 96.4477 -46.4944 4
    endloop
  endfacet
  facet normal 0.947193 -0.320664 0
    outer loop
      vertex 100.114 -44.6863 4.4
      vertex 100.244 -44.3023 4
      vertex 100.244 -44.3023 4.4
    endloop
  endfacet
  facet normal 0.947193 -0.320664 0
    outer loop
      vertex 100.244 -44.3023 4
      vertex 100.114 -44.6863 4.4
      vertex 100.114 -44.6863 4
    endloop
  endfacet
  facet normal -0.831481 -0.555553 0
    outer loop
      vertex 94.7906 -45.3872 2.2
      vertex 94.5653 -45.05 4.4
      vertex 94.5653 -45.05 2.2
    endloop
  endfacet
  facet normal -0.831481 -0.555553 0
    outer loop
      vertex 94.5653 -45.05 4.4
      vertex 94.7906 -45.3872 2.2
      vertex 94.7906 -45.3872 4.4
    endloop
  endfacet
  facet normal -0.659482 -0.751721 0
    outer loop
      vertex 95.058 -45.692 2.2
      vertex 95.3628 -45.9594 4.4
      vertex 95.058 -45.692 4.4
    endloop
  endfacet
  facet normal -0.659482 -0.751721 -0
    outer loop
      vertex 95.3628 -45.9594 4.4
      vertex 95.058 -45.692 2.2
      vertex 95.3628 -45.9594 2.2
    endloop
  endfacet
  facet normal -0.659482 0.751721 0
    outer loop
      vertex 95.3628 -41.0406 2.2
      vertex 95.058 -41.308 4.4
      vertex 95.3628 -41.0406 4.4
    endloop
  endfacet
  facet normal -0.659482 0.751721 0
    outer loop
      vertex 95.058 -41.308 4.4
      vertex 95.3628 -41.0406 2.2
      vertex 95.058 -41.308 2.2
    endloop
  endfacet
  facet normal -0.946893 0.321549 0
    outer loop
      vertex 94.2556 -42.6977 2.2
      vertex 94.386 -42.3137 4.4
      vertex 94.386 -42.3137 2.2
    endloop
  endfacet
  facet normal -0.946893 0.321549 0
    outer loop
      vertex 94.386 -42.3137 4.4
      vertex 94.2556 -42.6977 2.2
      vertex 94.2556 -42.6977 4.4
    endloop
  endfacet
  facet normal -0.442176 0.896928 0
    outer loop
      vertex 96.0637 -40.636 2.2
      vertex 95.7 -40.8153 4.4
      vertex 96.0637 -40.636 4.4
    endloop
  endfacet
  facet normal -0.442176 0.896928 0
    outer loop
      vertex 95.7 -40.8153 4.4
      vertex 96.0637 -40.636 2.2
      vertex 95.7 -40.8153 2.2
    endloop
  endfacet
  facet normal -0.980789 0.195073 0
    outer loop
      vertex 94.1765 -43.0954 2.2
      vertex 94.2556 -42.6977 4.4
      vertex 94.2556 -42.6977 2.2
    endloop
  endfacet
  facet normal -0.980789 0.195073 0
    outer loop
      vertex 94.2556 -42.6977 4.4
      vertex 94.1765 -43.0954 2.2
      vertex 94.1765 -43.0954 4.4
    endloop
  endfacet
  facet normal -0.321549 0.946893 0
    outer loop
      vertex 96.4477 -40.5056 2.2
      vertex 96.0637 -40.636 4.4
      vertex 96.4477 -40.5056 4.4
    endloop
  endfacet
  facet normal -0.321549 0.946893 0
    outer loop
      vertex 96.0637 -40.636 4.4
      vertex 96.4477 -40.5056 2.2
      vertex 96.0637 -40.636 2.2
    endloop
  endfacet
  facet normal 0.659482 -0.751721 0
    outer loop
      vertex 99.1372 -45.9594 4
      vertex 99.442 -45.692 4.4
      vertex 99.1372 -45.9594 4.4
    endloop
  endfacet
  facet normal 0.659482 -0.751721 0
    outer loop
      vertex 99.442 -45.692 4.4
      vertex 99.1372 -45.9594 4
      vertex 99.442 -45.692 4
    endloop
  endfacet
  facet normal 0.0653568 0.997862 -0
    outer loop
      vertex 97.6546 -40.4265 2.2
      vertex 97.25 -40.4 4.4
      vertex 97.6546 -40.4265 4.4
    endloop
  endfacet
  facet normal 0.0653568 0.997862 0
    outer loop
      vertex 97.25 -40.4 4.4
      vertex 97.6546 -40.4265 2.2
      vertex 97.25 -40.4 2.2
    endloop
  endfacet
  facet normal 0.831586 0.555395 0
    outer loop
      vertex 99.7094 -41.6128 4.4
      vertex 99.82 -41.7784 4
      vertex 99.7094 -41.6128 2.2
    endloop
  endfacet
  facet normal 0.831481 0.555553 -9.46882e-05
    outer loop
      vertex 99.9347 -41.95 4.4
      vertex 99.82 -41.7784 4
      vertex 99.7094 -41.6128 4.4
    endloop
  endfacet
  facet normal 0.831379 0.555706 0
    outer loop
      vertex 99.82 -41.7784 4
      vertex 99.9347 -41.95 4.4
      vertex 99.9347 -41.95 4
    endloop
  endfacet
  facet normal 0.831586 0.555395 0
    outer loop
      vertex 99.7094 -41.6128 2.2
      vertex 99.82 -41.7784 4
      vertex 99.82 -41.7784 2.2
    endloop
  endfacet
  facet normal 0.195073 -0.980789 0
    outer loop
      vertex 97.6546 -46.5735 4
      vertex 98.0523 -46.4944 4.4
      vertex 97.6546 -46.5735 4.4
    endloop
  endfacet
  facet normal 0.195073 -0.980789 0
    outer loop
      vertex 98.0523 -46.4944 4.4
      vertex 97.6546 -46.5735 4
      vertex 98.0523 -46.4944 4
    endloop
  endfacet
  facet normal -0.980789 -0.195073 0
    outer loop
      vertex 94.2556 -44.3023 2.2
      vertex 94.1765 -43.9046 4.4
      vertex 94.1765 -43.9046 2.2
    endloop
  endfacet
  facet normal -0.980789 -0.195073 0
    outer loop
      vertex 94.1765 -43.9046 4.4
      vertex 94.2556 -44.3023 2.2
      vertex 94.2556 -44.3023 4.4
    endloop
  endfacet
  facet normal -0.751721 0.659482 0
    outer loop
      vertex 94.7906 -41.6128 2.2
      vertex 95.058 -41.308 4.4
      vertex 95.058 -41.308 2.2
    endloop
  endfacet
  facet normal -0.751721 0.659482 0
    outer loop
      vertex 95.058 -41.308 4.4
      vertex 94.7906 -41.6128 2.2
      vertex 94.7906 -41.6128 4.4
    endloop
  endfacet
  facet normal 0.659482 0.751721 -0
    outer loop
      vertex 99.442 -41.308 2.2
      vertex 99.1372 -41.0406 4.4
      vertex 99.442 -41.308 4.4
    endloop
  endfacet
  facet normal 0.659482 0.751721 0
    outer loop
      vertex 99.1372 -41.0406 4.4
      vertex 99.442 -41.308 2.2
      vertex 99.1372 -41.0406 2.2
    endloop
  endfacet
  facet normal 0.997781 -0.0665845 0
    outer loop
      vertex 100.323 -43.9046 4.4
      vertex 100.35 -43.5 4
      vertex 100.35 -43.5 4.4
    endloop
  endfacet
  facet normal 0.997781 -0.0665845 0
    outer loop
      vertex 100.35 -43.5 4
      vertex 100.323 -43.9046 4.4
      vertex 100.323 -43.9046 4
    endloop
  endfacet
  facet normal 0.980836 -0.194835 0
    outer loop
      vertex 100.244 -44.3023 4.4
      vertex 100.323 -43.9046 4
      vertex 100.323 -43.9046 4.4
    endloop
  endfacet
  facet normal 0.980836 -0.194835 0
    outer loop
      vertex 100.323 -43.9046 4
      vertex 100.244 -44.3023 4.4
      vertex 100.244 -44.3023 4
    endloop
  endfacet
  facet normal 0.555553 -0.831481 0
    outer loop
      vertex 98.8 -46.1847 4
      vertex 99.1372 -45.9594 4.4
      vertex 98.8 -46.1847 4.4
    endloop
  endfacet
  facet normal 0.555553 -0.831481 0
    outer loop
      vertex 99.1372 -45.9594 4.4
      vertex 98.8 -46.1847 4
      vertex 99.1372 -45.9594 4
    endloop
  endfacet
  facet normal 0.195073 0.980789 -0
    outer loop
      vertex 98.0523 -40.5056 2.2
      vertex 97.6546 -40.4265 4.4
      vertex 98.0523 -40.5056 4.4
    endloop
  endfacet
  facet normal 0.195073 0.980789 0
    outer loop
      vertex 97.6546 -40.4265 4.4
      vertex 98.0523 -40.5056 2.2
      vertex 97.6546 -40.4265 2.2
    endloop
  endfacet
  facet normal 0.751721 0.659482 0
    outer loop
      vertex 99.7094 -41.6128 4.4
      vertex 99.442 -41.308 2.2
      vertex 99.442 -41.308 4.4
    endloop
  endfacet
  facet normal 0.751721 0.659482 0
    outer loop
      vertex 99.442 -41.308 2.2
      vertex 99.7094 -41.6128 4.4
      vertex 99.7094 -41.6128 2.2
    endloop
  endfacet
  facet normal 0.442176 0.896928 -0
    outer loop
      vertex 98.8 -40.8153 2.2
      vertex 98.4363 -40.636 4.4
      vertex 98.8 -40.8153 4.4
    endloop
  endfacet
  facet normal 0.442176 0.896928 0
    outer loop
      vertex 98.4363 -40.636 4.4
      vertex 98.8 -40.8153 2.2
      vertex 98.4363 -40.636 2.2
    endloop
  endfacet
  facet normal -0.997862 -0.0653568 0
    outer loop
      vertex 94.1765 -43.9046 2.2
      vertex 94.15 -43.5 4.4
      vertex 94.15 -43.5 2.2
    endloop
  endfacet
  facet normal -0.997862 -0.0653568 0
    outer loop
      vertex 94.15 -43.5 4.4
      vertex 94.1765 -43.9046 2.2
      vertex 94.1765 -43.9046 4.4
    endloop
  endfacet
  facet normal 0.831481 -0.555553 0
    outer loop
      vertex 99.7094 -45.3872 4.4
      vertex 99.9347 -45.05 4
      vertex 99.9347 -45.05 4.4
    endloop
  endfacet
  facet normal 0.831481 -0.555553 0
    outer loop
      vertex 99.9347 -45.05 4
      vertex 99.7094 -45.3872 4.4
      vertex 99.7094 -45.3872 4
    endloop
  endfacet
  facet normal -0.751721 -0.659482 0
    outer loop
      vertex 95.058 -45.692 2.2
      vertex 94.7906 -45.3872 4.4
      vertex 94.7906 -45.3872 2.2
    endloop
  endfacet
  facet normal -0.751721 -0.659482 0
    outer loop
      vertex 94.7906 -45.3872 4.4
      vertex 95.058 -45.692 2.2
      vertex 95.058 -45.692 4.4
    endloop
  endfacet
  facet normal -0.997862 0.0653568 0
    outer loop
      vertex 94.15 -43.5 2.2
      vertex 94.1765 -43.0954 4.4
      vertex 94.1765 -43.0954 2.2
    endloop
  endfacet
  facet normal -0.997862 0.0653568 0
    outer loop
      vertex 94.1765 -43.0954 4.4
      vertex 94.15 -43.5 2.2
      vertex 94.15 -43.5 4.4
    endloop
  endfacet
  facet normal -0.442176 -0.896928 0
    outer loop
      vertex 95.7 -46.1847 4
      vertex 96.0637 -46.364 4.4
      vertex 95.7 -46.1847 4.4
    endloop
  endfacet
  facet normal -0.442176 -0.896928 -0
    outer loop
      vertex 96.0637 -46.364 4.4
      vertex 95.7 -46.1847 4
      vertex 96.0637 -46.364 4
    endloop
  endfacet
  facet normal -0.946893 -0.321549 0
    outer loop
      vertex 94.386 -44.6863 2.2
      vertex 94.2556 -44.3023 4.4
      vertex 94.2556 -44.3023 2.2
    endloop
  endfacet
  facet normal -0.946893 -0.321549 0
    outer loop
      vertex 94.2556 -44.3023 4.4
      vertex 94.386 -44.6863 2.2
      vertex 94.386 -44.6863 4.4
    endloop
  endfacet
  facet normal -0.195073 -0.980789 0
    outer loop
      vertex 96.4477 -46.4944 4
      vertex 96.8454 -46.5735 4.4
      vertex 96.4477 -46.4944 4.4
    endloop
  endfacet
  facet normal -0.195073 -0.980789 -0
    outer loop
      vertex 96.8454 -46.5735 4.4
      vertex 96.4477 -46.4944 4
      vertex 96.8454 -46.5735 4
    endloop
  endfacet
  facet normal 0.0653568 -0.997862 0
    outer loop
      vertex 97.25 -46.6 4
      vertex 97.6546 -46.5735 4.4
      vertex 97.25 -46.6 4.4
    endloop
  endfacet
  facet normal 0.0653568 -0.997862 0
    outer loop
      vertex 97.6546 -46.5735 4.4
      vertex 97.25 -46.6 4
      vertex 97.6546 -46.5735 4
    endloop
  endfacet
  facet normal -0.0653568 0.997862 0
    outer loop
      vertex 97.25 -40.4 2.2
      vertex 96.8454 -40.4265 4.4
      vertex 97.25 -40.4 4.4
    endloop
  endfacet
  facet normal -0.0653568 0.997862 0
    outer loop
      vertex 96.8454 -40.4265 4.4
      vertex 97.25 -40.4 2.2
      vertex 96.8454 -40.4265 2.2
    endloop
  endfacet
  facet normal -0.896928 0.442176 0
    outer loop
      vertex 94.386 -42.3137 2.2
      vertex 94.5653 -41.95 4.4
      vertex 94.5653 -41.95 2.2
    endloop
  endfacet
  facet normal -0.896928 0.442176 0
    outer loop
      vertex 94.5653 -41.95 4.4
      vertex 94.386 -42.3137 2.2
      vertex 94.386 -42.3137 4.4
    endloop
  endfacet
  facet normal -0.831481 0.555553 0
    outer loop
      vertex 94.5653 -41.95 2.2
      vertex 94.7906 -41.6128 4.4
      vertex 94.7906 -41.6128 2.2
    endloop
  endfacet
  facet normal -0.831481 0.555553 0
    outer loop
      vertex 94.7906 -41.6128 4.4
      vertex 94.5653 -41.95 2.2
      vertex 94.5653 -41.95 4.4
    endloop
  endfacet
  facet normal -0.555553 -0.831481 -9.46882e-05
    outer loop
      vertex 95.3628 -45.9594 4.4
      vertex 95.5284 -46.07 4
      vertex 95.7 -46.1847 4.4
    endloop
  endfacet
  facet normal -0.555395 -0.831586 0
    outer loop
      vertex 95.3628 -45.9594 2.2
      vertex 95.5284 -46.07 4
      vertex 95.3628 -45.9594 4.4
    endloop
  endfacet
  facet normal -0.555395 -0.831586 -0
    outer loop
      vertex 95.5284 -46.07 4
      vertex 95.3628 -45.9594 2.2
      vertex 95.5284 -46.07 2.2
    endloop
  endfacet
  facet normal -0.555706 -0.831379 -0
    outer loop
      vertex 95.7 -46.1847 4.4
      vertex 95.5284 -46.07 4
      vertex 95.7 -46.1847 4
    endloop
  endfacet
  facet normal 0 0 1
    outer loop
      vertex 99 -43.5 4.4
      vertex 100.35 -43.5 4.4
      vertex 100.323 -43.0954 4.4
    endloop
  endfacet
  facet normal 0 0 1
    outer loop
      vertex 98.985 -43.2716 4.4
      vertex 100.323 -43.0954 4.4
      vertex 100.244 -42.6977 4.4
    endloop
  endfacet
  facet normal 0 0 1
    outer loop
      vertex 100.35 -43.5 4.4
      vertex 99 -43.5 4.4
      vertex 100.323 -43.9046 4.4
    endloop
  endfacet
  facet normal 0 0 1
    outer loop
      vertex 98.9404 -43.0471 4.4
      vertex 100.244 -42.6977 4.4
      vertex 100.114 -42.3137 4.4
    endloop
  endfacet
  facet normal -0 0 1
    outer loop
      vertex 98.985 -43.7284 4.4
      vertex 100.323 -43.9046 4.4
      vertex 99 -43.5 4.4
    endloop
  endfacet
  facet normal 0 0 1
    outer loop
      vertex 98.8668 -42.8303 4.4
      vertex 100.114 -42.3137 4.4
      vertex 99.9347 -41.95 4.4
    endloop
  endfacet
  facet normal 0 0 1
    outer loop
      vertex 100.323 -43.9046 4.4
      vertex 98.985 -43.7284 4.4
      vertex 100.244 -44.3023 4.4
    endloop
  endfacet
  facet normal 0 0 1
    outer loop
      vertex 98.7655 -42.625 4.4
      vertex 99.9347 -41.95 4.4
      vertex 99.7094 -41.6128 4.4
    endloop
  endfacet
  facet normal -0 0 1
    outer loop
      vertex 98.9404 -43.9529 4.4
      vertex 100.244 -44.3023 4.4
      vertex 98.985 -43.7284 4.4
    endloop
  endfacet
  facet normal 0 0 1
    outer loop
      vertex 98.6384 -42.4347 4.4
      vertex 99.7094 -41.6128 4.4
      vertex 99.442 -41.308 4.4
    endloop
  endfacet
  facet normal 0 0 1
    outer loop
      vertex 100.244 -44.3023 4.4
      vertex 98.9404 -43.9529 4.4
      vertex 100.114 -44.6863 4.4
    endloop
  endfacet
  facet normal 0 0 1
    outer loop
      vertex 98.4874 -42.2626 4.4
      vertex 99.442 -41.308 4.4
      vertex 99.1372 -41.0406 4.4
    endloop
  endfacet
  facet normal -0 0 1
    outer loop
      vertex 98.8668 -44.1697 4.4
      vertex 100.114 -44.6863 4.4
      vertex 98.9404 -43.9529 4.4
    endloop
  endfacet
  facet normal 0 0 1
    outer loop
      vertex 100.114 -44.6863 4.4
      vertex 98.8668 -44.1697 4.4
      vertex 99.9347 -45.05 4.4
    endloop
  endfacet
  facet normal 0 0 1
    outer loop
      vertex 100.323 -43.0954 4.4
      vertex 98.985 -43.2716 4.4
      vertex 99 -43.5 4.4
    endloop
  endfacet
  facet normal 0 0 1
    outer loop
      vertex 100.244 -42.6977 4.4
      vertex 98.9404 -43.0471 4.4
      vertex 98.985 -43.2716 4.4
    endloop
  endfacet
  facet normal 0 0 1
    outer loop
      vertex 100.114 -42.3137 4.4
      vertex 98.8668 -42.8303 4.4
      vertex 98.9404 -43.0471 4.4
    endloop
  endfacet
  facet normal 0 0 1
    outer loop
      vertex 98.3153 -42.1116 4.4
      vertex 99.1372 -41.0406 4.4
      vertex 98.8 -40.8153 4.4
    endloop
  endfacet
  facet normal 0 0 1
    outer loop
      vertex 99.9347 -41.95 4.4
      vertex 98.7655 -42.625 4.4
      vertex 98.8668 -42.8303 4.4
    endloop
  endfacet
  facet normal 0 0 1
    outer loop
      vertex 99.7094 -41.6128 4.4
      vertex 98.6384 -42.4347 4.4
      vertex 98.7655 -42.625 4.4
    endloop
  endfacet
  facet normal 0 0 1
    outer loop
      vertex 99.442 -41.308 4.4
      vertex 98.4874 -42.2626 4.4
      vertex 98.6384 -42.4347 4.4
    endloop
  endfacet
  facet normal 0 0 1
    outer loop
      vertex 98.125 -41.9845 4.4
      vertex 98.8 -40.8153 4.4
      vertex 98.4363 -40.636 4.4
    endloop
  endfacet
  facet normal 0 0 1
    outer loop
      vertex 99.1372 -41.0406 4.4
      vertex 98.3153 -42.1116 4.4
      vertex 98.4874 -42.2626 4.4
    endloop
  endfacet
  facet normal 0 0 1
    outer loop
      vertex 98.8 -40.8153 4.4
      vertex 98.125 -41.9845 4.4
      vertex 98.3153 -42.1116 4.4
    endloop
  endfacet
  facet normal 0 0 1
    outer loop
      vertex 97.9197 -41.8832 4.4
      vertex 98.4363 -40.636 4.4
      vertex 98.0523 -40.5056 4.4
    endloop
  endfacet
  facet normal 0 0 1
    outer loop
      vertex 98.4363 -40.636 4.4
      vertex 97.9197 -41.8832 4.4
      vertex 98.125 -41.9845 4.4
    endloop
  endfacet
  facet normal 0 0 1
    outer loop
      vertex 98.0523 -40.5056 4.4
      vertex 97.7029 -41.8096 4.4
      vertex 97.9197 -41.8832 4.4
    endloop
  endfacet
  facet normal 0 0 1
    outer loop
      vertex 97.6546 -40.4265 4.4
      vertex 97.7029 -41.8096 4.4
      vertex 98.0523 -40.5056 4.4
    endloop
  endfacet
  facet normal 0 0 1
    outer loop
      vertex 97.6546 -40.4265 4.4
      vertex 97.4784 -41.765 4.4
      vertex 97.7029 -41.8096 4.4
    endloop
  endfacet
  facet normal 0 0 1
    outer loop
      vertex 97.25 -40.4 4.4
      vertex 97.4784 -41.765 4.4
      vertex 97.6546 -40.4265 4.4
    endloop
  endfacet
  facet normal 0 0 1
    outer loop
      vertex 97.25 -40.4 4.4
      vertex 97.25 -41.75 4.4
      vertex 97.4784 -41.765 4.4
    endloop
  endfacet
  facet normal 0 0 1
    outer loop
      vertex 97.25 -40.4 4.4
      vertex 97.0216 -41.765 4.4
      vertex 97.25 -41.75 4.4
    endloop
  endfacet
  facet normal -0 0 1
    outer loop
      vertex 96.8454 -40.4265 4.4
      vertex 97.0216 -41.765 4.4
      vertex 97.25 -40.4 4.4
    endloop
  endfacet
  facet normal 0 0 1
    outer loop
      vertex 96.8454 -40.4265 4.4
      vertex 96.7971 -41.8096 4.4
      vertex 97.0216 -41.765 4.4
    endloop
  endfacet
  facet normal -0 0 1
    outer loop
      vertex 96.4477 -40.5056 4.4
      vertex 96.7971 -41.8096 4.4
      vertex 96.8454 -40.4265 4.4
    endloop
  endfacet
  facet normal 0 0 1
    outer loop
      vertex 96.7971 -41.8096 4.4
      vertex 96.4477 -40.5056 4.4
      vertex 96.5803 -41.8832 4.4
    endloop
  endfacet
  facet normal -0 0 1
    outer loop
      vertex 96.0637 -40.636 4.4
      vertex 96.5803 -41.8832 4.4
      vertex 96.4477 -40.5056 4.4
    endloop
  endfacet
  facet normal 0 0 1
    outer loop
      vertex 96.5803 -41.8832 4.4
      vertex 96.0637 -40.636 4.4
      vertex 96.375 -41.9845 4.4
    endloop
  endfacet
  facet normal -0 0 1
    outer loop
      vertex 95.7 -40.8153 4.4
      vertex 96.375 -41.9845 4.4
      vertex 96.0637 -40.636 4.4
    endloop
  endfacet
  facet normal 0 0 1
    outer loop
      vertex 96.375 -41.9845 4.4
      vertex 95.7 -40.8153 4.4
      vertex 96.1847 -42.1116 4.4
    endloop
  endfacet
  facet normal -0 0 1
    outer loop
      vertex 95.3628 -41.0406 4.4
      vertex 96.1847 -42.1116 4.4
      vertex 95.7 -40.8153 4.4
    endloop
  endfacet
  facet normal 0 0 1
    outer loop
      vertex 96.1847 -42.1116 4.4
      vertex 95.3628 -41.0406 4.4
      vertex 96.0126 -42.2626 4.4
    endloop
  endfacet
  facet normal -0 0 1
    outer loop
      vertex 95.058 -41.308 4.4
      vertex 96.0126 -42.2626 4.4
      vertex 95.3628 -41.0406 4.4
    endloop
  endfacet
  facet normal 0 0 1
    outer loop
      vertex 96.0126 -42.2626 4.4
      vertex 95.058 -41.308 4.4
      vertex 95.8616 -42.4347 4.4
    endloop
  endfacet
  facet normal -0 0 1
    outer loop
      vertex 94.7906 -41.6128 4.4
      vertex 95.8616 -42.4347 4.4
      vertex 95.058 -41.308 4.4
    endloop
  endfacet
  facet normal 0 0 1
    outer loop
      vertex 95.8616 -42.4347 4.4
      vertex 94.7906 -41.6128 4.4
      vertex 95.7345 -42.625 4.4
    endloop
  endfacet
  facet normal 0 0 1
    outer loop
      vertex 95.7345 -42.625 4.4
      vertex 94.5653 -41.95 4.4
      vertex 95.6332 -42.8303 4.4
    endloop
  endfacet
  facet normal -0 0 1
    outer loop
      vertex 94.5653 -41.95 4.4
      vertex 95.7345 -42.625 4.4
      vertex 94.7906 -41.6128 4.4
    endloop
  endfacet
  facet normal -0 0 1
    outer loop
      vertex 98.7655 -44.375 4.4
      vertex 99.9347 -45.05 4.4
      vertex 98.8668 -44.1697 4.4
    endloop
  endfacet
  facet normal 0 0 1
    outer loop
      vertex 99.9347 -45.05 4.4
      vertex 98.7655 -44.375 4.4
      vertex 99.7094 -45.3872 4.4
    endloop
  endfacet
  facet normal -0 0 1
    outer loop
      vertex 98.6384 -44.5653 4.4
      vertex 99.7094 -45.3872 4.4
      vertex 98.7655 -44.375 4.4
    endloop
  endfacet
  facet normal 0 0 1
    outer loop
      vertex 99.7094 -45.3872 4.4
      vertex 98.6384 -44.5653 4.4
      vertex 99.442 -45.692 4.4
    endloop
  endfacet
  facet normal -0 0 1
    outer loop
      vertex 98.4874 -44.7374 4.4
      vertex 99.442 -45.692 4.4
      vertex 98.6384 -44.5653 4.4
    endloop
  endfacet
  facet normal 0 0 1
    outer loop
      vertex 99.442 -45.692 4.4
      vertex 98.4874 -44.7374 4.4
      vertex 99.1372 -45.9594 4.4
    endloop
  endfacet
  facet normal -0 0 1
    outer loop
      vertex 98.3153 -44.8884 4.4
      vertex 99.1372 -45.9594 4.4
      vertex 98.4874 -44.7374 4.4
    endloop
  endfacet
  facet normal 0 0 1
    outer loop
      vertex 99.1372 -45.9594 4.4
      vertex 98.3153 -44.8884 4.4
      vertex 98.8 -46.1847 4.4
    endloop
  endfacet
  facet normal -0 0 1
    outer loop
      vertex 98.125 -45.0155 4.4
      vertex 98.8 -46.1847 4.4
      vertex 98.3153 -44.8884 4.4
    endloop
  endfacet
  facet normal 0 0 1
    outer loop
      vertex 98.8 -46.1847 4.4
      vertex 98.125 -45.0155 4.4
      vertex 98.4363 -46.364 4.4
    endloop
  endfacet
  facet normal -0 0 1
    outer loop
      vertex 97.9197 -45.1168 4.4
      vertex 98.4363 -46.364 4.4
      vertex 98.125 -45.0155 4.4
    endloop
  endfacet
  facet normal 0 0 1
    outer loop
      vertex 98.4363 -46.364 4.4
      vertex 97.9197 -45.1168 4.4
      vertex 98.0523 -46.4944 4.4
    endloop
  endfacet
  facet normal -0 0 1
    outer loop
      vertex 97.7029 -45.1904 4.4
      vertex 98.0523 -46.4944 4.4
      vertex 97.9197 -45.1168 4.4
    endloop
  endfacet
  facet normal 0 0 1
    outer loop
      vertex 97.7029 -45.1904 4.4
      vertex 97.6546 -46.5735 4.4
      vertex 98.0523 -46.4944 4.4
    endloop
  endfacet
  facet normal -0 0 1
    outer loop
      vertex 97.4784 -45.235 4.4
      vertex 97.6546 -46.5735 4.4
      vertex 97.7029 -45.1904 4.4
    endloop
  endfacet
  facet normal -0 0 1
    outer loop
      vertex 97.25 -45.25 4.4
      vertex 97.6546 -46.5735 4.4
      vertex 97.4784 -45.235 4.4
    endloop
  endfacet
  facet normal 0 0 1
    outer loop
      vertex 97.25 -45.25 4.4
      vertex 97.25 -46.6 4.4
      vertex 97.6546 -46.5735 4.4
    endloop
  endfacet
  facet normal 0 0 1
    outer loop
      vertex 97.0216 -45.235 4.4
      vertex 97.25 -46.6 4.4
      vertex 97.25 -45.25 4.4
    endloop
  endfacet
  facet normal 0 0 1
    outer loop
      vertex 97.0216 -45.235 4.4
      vertex 96.8454 -46.5735 4.4
      vertex 97.25 -46.6 4.4
    endloop
  endfacet
  facet normal 0 0 1
    outer loop
      vertex 96.7971 -45.1904 4.4
      vertex 96.8454 -46.5735 4.4
      vertex 97.0216 -45.235 4.4
    endloop
  endfacet
  facet normal 0 0 1
    outer loop
      vertex 96.4477 -46.4944 4.4
      vertex 96.7971 -45.1904 4.4
      vertex 96.5803 -45.1168 4.4
    endloop
  endfacet
  facet normal 0 0 1
    outer loop
      vertex 96.7971 -45.1904 4.4
      vertex 96.4477 -46.4944 4.4
      vertex 96.8454 -46.5735 4.4
    endloop
  endfacet
  facet normal 0 0 1
    outer loop
      vertex 96.0637 -46.364 4.4
      vertex 96.5803 -45.1168 4.4
      vertex 96.375 -45.0155 4.4
    endloop
  endfacet
  facet normal 0 0 1
    outer loop
      vertex 95.7 -46.1847 4.4
      vertex 96.375 -45.0155 4.4
      vertex 96.1847 -44.8884 4.4
    endloop
  endfacet
  facet normal 0 0 1
    outer loop
      vertex 96.5803 -45.1168 4.4
      vertex 96.0637 -46.364 4.4
      vertex 96.4477 -46.4944 4.4
    endloop
  endfacet
  facet normal 0 0 1
    outer loop
      vertex 95.3628 -45.9594 4.4
      vertex 96.1847 -44.8884 4.4
      vertex 96.0126 -44.7374 4.4
    endloop
  endfacet
  facet normal 0 0 1
    outer loop
      vertex 95.058 -45.692 4.4
      vertex 96.0126 -44.7374 4.4
      vertex 95.8616 -44.5653 4.4
    endloop
  endfacet
  facet normal 0 0 1
    outer loop
      vertex 94.7906 -45.3872 4.4
      vertex 95.8616 -44.5653 4.4
      vertex 95.7345 -44.375 4.4
    endloop
  endfacet
  facet normal 0 0 1
    outer loop
      vertex 96.375 -45.0155 4.4
      vertex 95.7 -46.1847 4.4
      vertex 96.0637 -46.364 4.4
    endloop
  endfacet
  facet normal 0 0 1
    outer loop
      vertex 94.5653 -45.05 4.4
      vertex 95.7345 -44.375 4.4
      vertex 95.6332 -44.1697 4.4
    endloop
  endfacet
  facet normal 0 0 1
    outer loop
      vertex 94.386 -44.6863 4.4
      vertex 95.6332 -44.1697 4.4
      vertex 95.5596 -43.9529 4.4
    endloop
  endfacet
  facet normal 0 0 1
    outer loop
      vertex 94.2556 -44.3023 4.4
      vertex 95.5596 -43.9529 4.4
      vertex 95.515 -43.7284 4.4
    endloop
  endfacet
  facet normal 0 0 1
    outer loop
      vertex 96.1847 -44.8884 4.4
      vertex 95.3628 -45.9594 4.4
      vertex 95.7 -46.1847 4.4
    endloop
  endfacet
  facet normal 0 0 1
    outer loop
      vertex 94.1765 -43.9046 4.4
      vertex 95.515 -43.7284 4.4
      vertex 95.5 -43.5 4.4
    endloop
  endfacet
  facet normal -0 0 1
    outer loop
      vertex 94.386 -42.3137 4.4
      vertex 95.6332 -42.8303 4.4
      vertex 94.5653 -41.95 4.4
    endloop
  endfacet
  facet normal 0 0 1
    outer loop
      vertex 95.6332 -42.8303 4.4
      vertex 94.386 -42.3137 4.4
      vertex 95.5596 -43.0471 4.4
    endloop
  endfacet
  facet normal 0 0 1
    outer loop
      vertex 96.0126 -44.7374 4.4
      vertex 95.058 -45.692 4.4
      vertex 95.3628 -45.9594 4.4
    endloop
  endfacet
  facet normal -0 0 1
    outer loop
      vertex 94.2556 -42.6977 4.4
      vertex 95.5596 -43.0471 4.4
      vertex 94.386 -42.3137 4.4
    endloop
  endfacet
  facet normal 0 0 1
    outer loop
      vertex 95.8616 -44.5653 4.4
      vertex 94.7906 -45.3872 4.4
      vertex 95.058 -45.692 4.4
    endloop
  endfacet
  facet normal 0 0 1
    outer loop
      vertex 95.5596 -43.0471 4.4
      vertex 94.2556 -42.6977 4.4
      vertex 95.515 -43.2716 4.4
    endloop
  endfacet
  facet normal 0 0 1
    outer loop
      vertex 95.7345 -44.375 4.4
      vertex 94.5653 -45.05 4.4
      vertex 94.7906 -45.3872 4.4
    endloop
  endfacet
  facet normal -0 0 1
    outer loop
      vertex 94.1765 -43.0954 4.4
      vertex 95.515 -43.2716 4.4
      vertex 94.2556 -42.6977 4.4
    endloop
  endfacet
  facet normal 0 0 1
    outer loop
      vertex 95.6332 -44.1697 4.4
      vertex 94.386 -44.6863 4.4
      vertex 94.5653 -45.05 4.4
    endloop
  endfacet
  facet normal 0 0 1
    outer loop
      vertex 95.515 -43.2716 4.4
      vertex 94.1765 -43.0954 4.4
      vertex 95.5 -43.5 4.4
    endloop
  endfacet
  facet normal 0 0 1
    outer loop
      vertex 95.5596 -43.9529 4.4
      vertex 94.2556 -44.3023 4.4
      vertex 94.386 -44.6863 4.4
    endloop
  endfacet
  facet normal 0 0 1
    outer loop
      vertex 94.15 -43.5 4.4
      vertex 95.5 -43.5 4.4
      vertex 94.1765 -43.0954 4.4
    endloop
  endfacet
  facet normal 0 0 1
    outer loop
      vertex 95.515 -43.7284 4.4
      vertex 94.1765 -43.9046 4.4
      vertex 94.2556 -44.3023 4.4
    endloop
  endfacet
  facet normal 0 0 1
    outer loop
      vertex 95.5 -43.5 4.4
      vertex 94.15 -43.5 4.4
      vertex 94.1765 -43.9046 4.4
    endloop
  endfacet
  facet normal -0.980832 -0.194856 0
    outer loop
      vertex 98.985 -43.2716 2.2
      vertex 98.9404 -43.0471 4.4
      vertex 98.9404 -43.0471 2.2
    endloop
  endfacet
  facet normal -0.980832 -0.194856 0
    outer loop
      vertex 98.9404 -43.0471 4.4
      vertex 98.985 -43.2716 2.2
      vertex 98.985 -43.2716 4.4
    endloop
  endfacet
  facet normal -0.99785 -0.0655331 0
    outer loop
      vertex 99 -43.5 2.2
      vertex 98.985 -43.2716 4.4
      vertex 98.985 -43.2716 2.2
    endloop
  endfacet
  facet normal -0.99785 -0.0655331 0
    outer loop
      vertex 98.985 -43.2716 4.4
      vertex 99 -43.5 2.2
      vertex 99 -43.5 4.4
    endloop
  endfacet
  facet normal -0.946922 -0.321464 0
    outer loop
      vertex 98.9404 -43.0471 2.2
      vertex 98.8668 -42.8303 4.4
      vertex 98.8668 -42.8303 2.2
    endloop
  endfacet
  facet normal -0.946922 -0.321464 0
    outer loop
      vertex 98.8668 -42.8303 4.4
      vertex 98.9404 -43.0471 2.2
      vertex 98.9404 -43.0471 4.4
    endloop
  endfacet
  facet normal 0.321464 0.946922 -0
    outer loop
      vertex 96.7971 -45.1904 2.2
      vertex 96.5803 -45.1168 4.4
      vertex 96.7971 -45.1904 4.4
    endloop
  endfacet
  facet normal 0.321464 0.946922 0
    outer loop
      vertex 96.5803 -45.1168 4.4
      vertex 96.7971 -45.1904 2.2
      vertex 96.5803 -45.1168 2.2
    endloop
  endfacet
  facet normal -0.896774 -0.44249 0
    outer loop
      vertex 98.8668 -42.8303 2.2
      vertex 98.7655 -42.625 4.4
      vertex 98.7655 -42.625 2.2
    endloop
  endfacet
  facet normal -0.896774 -0.44249 0
    outer loop
      vertex 98.7655 -42.625 4.4
      vertex 98.8668 -42.8303 2.2
      vertex 98.8668 -42.8303 4.4
    endloop
  endfacet
  facet normal -0.831579 -0.555406 0
    outer loop
      vertex 98.7655 -42.625 2.2
      vertex 98.6384 -42.4347 4.4
      vertex 98.6384 -42.4347 2.2
    endloop
  endfacet
  facet normal -0.831579 -0.555406 0
    outer loop
      vertex 98.6384 -42.4347 4.4
      vertex 98.7655 -42.625 2.2
      vertex 98.7655 -42.625 4.4
    endloop
  endfacet
  facet normal 0.0655331 -0.99785 0
    outer loop
      vertex 97.0216 -41.765 2.2
      vertex 97.25 -41.75 4.4
      vertex 97.0216 -41.765 4.4
    endloop
  endfacet
  facet normal 0.0655331 -0.99785 0
    outer loop
      vertex 97.25 -41.75 4.4
      vertex 97.0216 -41.765 2.2
      vertex 97.25 -41.75 2.2
    endloop
  endfacet
  facet normal -0.0655331 0.99785 0
    outer loop
      vertex 97.4784 -45.235 2.2
      vertex 97.25 -45.25 4.4
      vertex 97.4784 -45.235 4.4
    endloop
  endfacet
  facet normal -0.0655331 0.99785 0
    outer loop
      vertex 97.25 -45.25 4.4
      vertex 97.4784 -45.235 2.2
      vertex 97.25 -45.25 2.2
    endloop
  endfacet
  facet normal -0.44249 -0.896774 0
    outer loop
      vertex 97.9197 -41.8832 2.2
      vertex 98.125 -41.9845 4.4
      vertex 97.9197 -41.8832 4.4
    endloop
  endfacet
  facet normal -0.44249 -0.896774 -0
    outer loop
      vertex 98.125 -41.9845 4.4
      vertex 97.9197 -41.8832 2.2
      vertex 98.125 -41.9845 2.2
    endloop
  endfacet
  facet normal 0.44249 -0.896774 0
    outer loop
      vertex 96.375 -41.9845 2.2
      vertex 96.5803 -41.8832 4.4
      vertex 96.375 -41.9845 4.4
    endloop
  endfacet
  facet normal 0.44249 -0.896774 0
    outer loop
      vertex 96.5803 -41.8832 4.4
      vertex 96.375 -41.9845 2.2
      vertex 96.5803 -41.8832 2.2
    endloop
  endfacet
  facet normal 0.659524 -0.751683 0
    outer loop
      vertex 96.0126 -42.2626 2.2
      vertex 96.1847 -42.1116 4.4
      vertex 96.0126 -42.2626 4.4
    endloop
  endfacet
  facet normal 0.659524 -0.751683 0
    outer loop
      vertex 96.1847 -42.1116 4.4
      vertex 96.0126 -42.2626 2.2
      vertex 96.1847 -42.1116 2.2
    endloop
  endfacet
  facet normal -0.751683 -0.659524 0
    outer loop
      vertex 98.6384 -42.4347 2.2
      vertex 98.4874 -42.2626 4.4
      vertex 98.4874 -42.2626 2.2
    endloop
  endfacet
  facet normal -0.751683 -0.659524 0
    outer loop
      vertex 98.4874 -42.2626 4.4
      vertex 98.6384 -42.4347 2.2
      vertex 98.6384 -42.4347 4.4
    endloop
  endfacet
  facet normal 0.980832 -0.194856 0
    outer loop
      vertex 95.515 -43.2716 4.4
      vertex 95.5596 -43.0471 2.2
      vertex 95.5596 -43.0471 4.4
    endloop
  endfacet
  facet normal 0.980832 -0.194856 0
    outer loop
      vertex 95.5596 -43.0471 2.2
      vertex 95.515 -43.2716 4.4
      vertex 95.515 -43.2716 2.2
    endloop
  endfacet
  facet normal -0.946922 0.321464 0
    outer loop
      vertex 98.8668 -44.1697 2.2
      vertex 98.9404 -43.9529 4.4
      vertex 98.9404 -43.9529 2.2
    endloop
  endfacet
  facet normal -0.946922 0.321464 0
    outer loop
      vertex 98.9404 -43.9529 4.4
      vertex 98.8668 -44.1697 2.2
      vertex 98.8668 -44.1697 4.4
    endloop
  endfacet
  facet normal -0.555406 0.831579 0
    outer loop
      vertex 98.3153 -44.8884 2.2
      vertex 98.125 -45.0155 4.4
      vertex 98.3153 -44.8884 4.4
    endloop
  endfacet
  facet normal -0.555406 0.831579 0
    outer loop
      vertex 98.125 -45.0155 4.4
      vertex 98.3153 -44.8884 2.2
      vertex 98.125 -45.0155 2.2
    endloop
  endfacet
  facet normal 0.980832 0.194856 0
    outer loop
      vertex 95.5596 -43.9529 4.4
      vertex 95.515 -43.7284 2.2
      vertex 95.515 -43.7284 4.4
    endloop
  endfacet
  facet normal 0.980832 0.194856 0
    outer loop
      vertex 95.515 -43.7284 2.2
      vertex 95.5596 -43.9529 4.4
      vertex 95.5596 -43.9529 2.2
    endloop
  endfacet
  facet normal 0.99785 -0.0655331 0
    outer loop
      vertex 95.5 -43.5 4.4
      vertex 95.515 -43.2716 2.2
      vertex 95.515 -43.2716 4.4
    endloop
  endfacet
  facet normal 0.99785 -0.0655331 0
    outer loop
      vertex 95.515 -43.2716 2.2
      vertex 95.5 -43.5 4.4
      vertex 95.5 -43.5 2.2
    endloop
  endfacet
  facet normal -0.99785 0.0655331 0
    outer loop
      vertex 98.985 -43.7284 2.2
      vertex 99 -43.5 4.4
      vertex 99 -43.5 2.2
    endloop
  endfacet
  facet normal -0.99785 0.0655331 0
    outer loop
      vertex 99 -43.5 4.4
      vertex 98.985 -43.7284 2.2
      vertex 98.985 -43.7284 4.4
    endloop
  endfacet
  facet normal -0.831579 0.555406 0
    outer loop
      vertex 98.6384 -44.5653 2.2
      vertex 98.7655 -44.375 4.4
      vertex 98.7655 -44.375 2.2
    endloop
  endfacet
  facet normal -0.831579 0.555406 0
    outer loop
      vertex 98.7655 -44.375 4.4
      vertex 98.6384 -44.5653 2.2
      vertex 98.6384 -44.5653 4.4
    endloop
  endfacet
  facet normal 0.946922 0.321464 0
    outer loop
      vertex 95.6332 -44.1697 4.4
      vertex 95.5596 -43.9529 2.2
      vertex 95.5596 -43.9529 4.4
    endloop
  endfacet
  facet normal 0.946922 0.321464 0
    outer loop
      vertex 95.5596 -43.9529 2.2
      vertex 95.6332 -44.1697 4.4
      vertex 95.6332 -44.1697 2.2
    endloop
  endfacet
  facet normal -0.194856 0.980832 0
    outer loop
      vertex 97.7029 -45.1904 2.2
      vertex 97.4784 -45.235 4.4
      vertex 97.7029 -45.1904 4.4
    endloop
  endfacet
  facet normal -0.194856 0.980832 0
    outer loop
      vertex 97.4784 -45.235 4.4
      vertex 97.7029 -45.1904 2.2
      vertex 97.4784 -45.235 2.2
    endloop
  endfacet
  facet normal -0.555406 -0.831579 0
    outer loop
      vertex 98.125 -41.9845 2.2
      vertex 98.3153 -42.1116 4.4
      vertex 98.125 -41.9845 4.4
    endloop
  endfacet
  facet normal -0.555406 -0.831579 -0
    outer loop
      vertex 98.3153 -42.1116 4.4
      vertex 98.125 -41.9845 2.2
      vertex 98.3153 -42.1116 2.2
    endloop
  endfacet
  facet normal 0.321464 -0.946922 0
    outer loop
      vertex 96.5803 -41.8832 2.2
      vertex 96.7971 -41.8096 4.4
      vertex 96.5803 -41.8832 4.4
    endloop
  endfacet
  facet normal 0.321464 -0.946922 0
    outer loop
      vertex 96.7971 -41.8096 4.4
      vertex 96.5803 -41.8832 2.2
      vertex 96.7971 -41.8096 2.2
    endloop
  endfacet
  facet normal 0.751683 -0.659524 0
    outer loop
      vertex 95.8616 -42.4347 4.4
      vertex 96.0126 -42.2626 2.2
      vertex 96.0126 -42.2626 4.4
    endloop
  endfacet
  facet normal 0.751683 -0.659524 0
    outer loop
      vertex 96.0126 -42.2626 2.2
      vertex 95.8616 -42.4347 4.4
      vertex 95.8616 -42.4347 2.2
    endloop
  endfacet
  facet normal -0.659524 -0.751683 0
    outer loop
      vertex 98.3153 -42.1116 2.2
      vertex 98.4874 -42.2626 4.4
      vertex 98.3153 -42.1116 4.4
    endloop
  endfacet
  facet normal -0.659524 -0.751683 -0
    outer loop
      vertex 98.4874 -42.2626 4.4
      vertex 98.3153 -42.1116 2.2
      vertex 98.4874 -42.2626 2.2
    endloop
  endfacet
  facet normal 0.555406 -0.831579 0
    outer loop
      vertex 96.1847 -42.1116 2.2
      vertex 96.375 -41.9845 4.4
      vertex 96.1847 -42.1116 4.4
    endloop
  endfacet
  facet normal 0.555406 -0.831579 0
    outer loop
      vertex 96.375 -41.9845 4.4
      vertex 96.1847 -42.1116 2.2
      vertex 96.375 -41.9845 2.2
    endloop
  endfacet
  facet normal 0.896774 0.44249 0
    outer loop
      vertex 95.7345 -44.375 4.4
      vertex 95.6332 -44.1697 2.2
      vertex 95.6332 -44.1697 4.4
    endloop
  endfacet
  facet normal 0.896774 0.44249 0
    outer loop
      vertex 95.6332 -44.1697 2.2
      vertex 95.7345 -44.375 4.4
      vertex 95.7345 -44.375 2.2
    endloop
  endfacet
  facet normal 0.99785 0.0655331 0
    outer loop
      vertex 95.515 -43.7284 4.4
      vertex 95.5 -43.5 2.2
      vertex 95.5 -43.5 4.4
    endloop
  endfacet
  facet normal 0.99785 0.0655331 0
    outer loop
      vertex 95.5 -43.5 2.2
      vertex 95.515 -43.7284 4.4
      vertex 95.515 -43.7284 2.2
    endloop
  endfacet
  facet normal -0.980832 0.194856 0
    outer loop
      vertex 98.9404 -43.9529 2.2
      vertex 98.985 -43.7284 4.4
      vertex 98.985 -43.7284 2.2
    endloop
  endfacet
  facet normal -0.980832 0.194856 0
    outer loop
      vertex 98.985 -43.7284 4.4
      vertex 98.9404 -43.9529 2.2
      vertex 98.9404 -43.9529 4.4
    endloop
  endfacet
  facet normal 0.896774 -0.44249 0
    outer loop
      vertex 95.6332 -42.8303 4.4
      vertex 95.7345 -42.625 2.2
      vertex 95.7345 -42.625 4.4
    endloop
  endfacet
  facet normal 0.896774 -0.44249 0
    outer loop
      vertex 95.7345 -42.625 2.2
      vertex 95.6332 -42.8303 4.4
      vertex 95.6332 -42.8303 2.2
    endloop
  endfacet
  facet normal 0.555406 0.831579 -0
    outer loop
      vertex 96.375 -45.0155 2.2
      vertex 96.1847 -44.8884 4.4
      vertex 96.375 -45.0155 4.4
    endloop
  endfacet
  facet normal 0.555406 0.831579 0
    outer loop
      vertex 96.1847 -44.8884 4.4
      vertex 96.375 -45.0155 2.2
      vertex 96.1847 -44.8884 2.2
    endloop
  endfacet
  facet normal 0.194856 -0.980832 0
    outer loop
      vertex 96.7971 -41.8096 2.2
      vertex 97.0216 -41.765 4.4
      vertex 96.7971 -41.8096 4.4
    endloop
  endfacet
  facet normal 0.194856 -0.980832 0
    outer loop
      vertex 97.0216 -41.765 4.4
      vertex 96.7971 -41.8096 2.2
      vertex 97.0216 -41.765 2.2
    endloop
  endfacet
  facet normal -0.751683 0.659524 0
    outer loop
      vertex 98.4874 -44.7374 2.2
      vertex 98.6384 -44.5653 4.4
      vertex 98.6384 -44.5653 2.2
    endloop
  endfacet
  facet normal -0.751683 0.659524 0
    outer loop
      vertex 98.6384 -44.5653 4.4
      vertex 98.4874 -44.7374 2.2
      vertex 98.4874 -44.7374 4.4
    endloop
  endfacet
  facet normal -0.0655331 -0.99785 0
    outer loop
      vertex 97.25 -41.75 2.2
      vertex 97.4784 -41.765 4.4
      vertex 97.25 -41.75 4.4
    endloop
  endfacet
  facet normal -0.0655331 -0.99785 -0
    outer loop
      vertex 97.4784 -41.765 4.4
      vertex 97.25 -41.75 2.2
      vertex 97.4784 -41.765 2.2
    endloop
  endfacet
  facet normal 0.946922 -0.321464 0
    outer loop
      vertex 95.5596 -43.0471 4.4
      vertex 95.6332 -42.8303 2.2
      vertex 95.6332 -42.8303 4.4
    endloop
  endfacet
  facet normal 0.946922 -0.321464 0
    outer loop
      vertex 95.6332 -42.8303 2.2
      vertex 95.5596 -43.0471 4.4
      vertex 95.5596 -43.0471 2.2
    endloop
  endfacet
  facet normal -0.321464 0.946922 0
    outer loop
      vertex 97.9197 -45.1168 2.2
      vertex 97.7029 -45.1904 4.4
      vertex 97.9197 -45.1168 4.4
    endloop
  endfacet
  facet normal -0.321464 0.946922 0
    outer loop
      vertex 97.7029 -45.1904 4.4
      vertex 97.9197 -45.1168 2.2
      vertex 97.7029 -45.1904 2.2
    endloop
  endfacet
  facet normal -0.659524 0.751683 0
    outer loop
      vertex 98.4874 -44.7374 2.2
      vertex 98.3153 -44.8884 4.4
      vertex 98.4874 -44.7374 4.4
    endloop
  endfacet
  facet normal -0.659524 0.751683 0
    outer loop
      vertex 98.3153 -44.8884 4.4
      vertex 98.4874 -44.7374 2.2
      vertex 98.3153 -44.8884 2.2
    endloop
  endfacet
  facet normal 0.0655331 0.99785 -0
    outer loop
      vertex 97.25 -45.25 2.2
      vertex 97.0216 -45.235 4.4
      vertex 97.25 -45.25 4.4
    endloop
  endfacet
  facet normal 0.0655331 0.99785 0
    outer loop
      vertex 97.0216 -45.235 4.4
      vertex 97.25 -45.25 2.2
      vertex 97.0216 -45.235 2.2
    endloop
  endfacet
  facet normal 0.659524 0.751683 -0
    outer loop
      vertex 96.1847 -44.8884 2.2
      vertex 96.0126 -44.7374 4.4
      vertex 96.1847 -44.8884 4.4
    endloop
  endfacet
  facet normal 0.659524 0.751683 0
    outer loop
      vertex 96.0126 -44.7374 4.4
      vertex 96.1847 -44.8884 2.2
      vertex 96.0126 -44.7374 2.2
    endloop
  endfacet
  facet normal 0.194856 0.980832 -0
    outer loop
      vertex 97.0216 -45.235 2.2
      vertex 96.7971 -45.1904 4.4
      vertex 97.0216 -45.235 4.4
    endloop
  endfacet
  facet normal 0.194856 0.980832 0
    outer loop
      vertex 96.7971 -45.1904 4.4
      vertex 97.0216 -45.235 2.2
      vertex 96.7971 -45.1904 2.2
    endloop
  endfacet
  facet normal 0.831579 0.555406 0
    outer loop
      vertex 95.8616 -44.5653 4.4
      vertex 95.7345 -44.375 2.2
      vertex 95.7345 -44.375 4.4
    endloop
  endfacet
  facet normal 0.831579 0.555406 0
    outer loop
      vertex 95.7345 -44.375 2.2
      vertex 95.8616 -44.5653 4.4
      vertex 95.8616 -44.5653 2.2
    endloop
  endfacet
  facet normal 0.751683 0.659524 0
    outer loop
      vertex 96.0126 -44.7374 4.4
      vertex 95.8616 -44.5653 2.2
      vertex 95.8616 -44.5653 4.4
    endloop
  endfacet
  facet normal 0.751683 0.659524 0
    outer loop
      vertex 95.8616 -44.5653 2.2
      vertex 96.0126 -44.7374 4.4
      vertex 96.0126 -44.7374 2.2
    endloop
  endfacet
  facet normal -0.194856 -0.980832 0
    outer loop
      vertex 97.4784 -41.765 2.2
      vertex 97.7029 -41.8096 4.4
      vertex 97.4784 -41.765 4.4
    endloop
  endfacet
  facet normal -0.194856 -0.980832 -0
    outer loop
      vertex 97.7029 -41.8096 4.4
      vertex 97.4784 -41.765 2.2
      vertex 97.7029 -41.8096 2.2
    endloop
  endfacet
  facet normal -0.44249 0.896774 0
    outer loop
      vertex 98.125 -45.0155 2.2
      vertex 97.9197 -45.1168 4.4
      vertex 98.125 -45.0155 4.4
    endloop
  endfacet
  facet normal -0.44249 0.896774 0
    outer loop
      vertex 97.9197 -45.1168 4.4
      vertex 98.125 -45.0155 2.2
      vertex 97.9197 -45.1168 2.2
    endloop
  endfacet
  facet normal -0.896774 0.44249 0
    outer loop
      vertex 98.7655 -44.375 2.2
      vertex 98.8668 -44.1697 4.4
      vertex 98.8668 -44.1697 2.2
    endloop
  endfacet
  facet normal -0.896774 0.44249 0
    outer loop
      vertex 98.8668 -44.1697 4.4
      vertex 98.7655 -44.375 2.2
      vertex 98.7655 -44.375 4.4
    endloop
  endfacet
  facet normal 0.44249 0.896774 -0
    outer loop
      vertex 96.5803 -45.1168 2.2
      vertex 96.375 -45.0155 4.4
      vertex 96.5803 -45.1168 4.4
    endloop
  endfacet
  facet normal 0.44249 0.896774 0
    outer loop
      vertex 96.375 -45.0155 4.4
      vertex 96.5803 -45.1168 2.2
      vertex 96.375 -45.0155 2.2
    endloop
  endfacet
  facet normal -0.321464 -0.946922 0
    outer loop
      vertex 97.7029 -41.8096 2.2
      vertex 97.9197 -41.8832 4.4
      vertex 97.7029 -41.8096 4.4
    endloop
  endfacet
  facet normal -0.321464 -0.946922 -0
    outer loop
      vertex 97.9197 -41.8832 4.4
      vertex 97.7029 -41.8096 2.2
      vertex 97.9197 -41.8832 2.2
    endloop
  endfacet
  facet normal 0.831579 -0.555406 0
    outer loop
      vertex 95.7345 -42.625 4.4
      vertex 95.8616 -42.4347 2.2
      vertex 95.8616 -42.4347 4.4
    endloop
  endfacet
  facet normal 0.831579 -0.555406 0
    outer loop
      vertex 95.8616 -42.4347 2.2
      vertex 95.7345 -42.625 4.4
      vertex 95.7345 -42.625 2.2
    endloop
  endfacet
  facet normal -0.896928 -0.442176 0
    outer loop
      vertex 94.5653 41.95 2.2
      vertex 94.386 42.3137 4.4
      vertex 94.386 42.3137 2.2
    endloop
  endfacet
  facet normal -0.896928 -0.442176 0
    outer loop
      vertex 94.386 42.3137 4.4
      vertex 94.5653 41.95 2.2
      vertex 94.5653 41.95 4.4
    endloop
  endfacet
  facet normal 0.442176 -0.896928 0
    outer loop
      vertex 98.4363 40.636 2.2
      vertex 98.8 40.8153 4.4
      vertex 98.4363 40.636 4.4
    endloop
  endfacet
  facet normal 0.442176 -0.896928 0
    outer loop
      vertex 98.8 40.8153 4.4
      vertex 98.4363 40.636 2.2
      vertex 98.8 40.8153 2.2
    endloop
  endfacet
  facet normal 0.980836 0.194835 0
    outer loop
      vertex 100.323 43.9046 4.4
      vertex 100.244 44.3023 4
      vertex 100.244 44.3023 4.4
    endloop
  endfacet
  facet normal 0.980836 0.194835 0
    outer loop
      vertex 100.244 44.3023 4
      vertex 100.323 43.9046 4.4
      vertex 100.323 43.9046 4
    endloop
  endfacet
  facet normal 0.997781 0.0665845 0
    outer loop
      vertex 100.35 43.5 4.4
      vertex 100.323 43.9046 4
      vertex 100.323 43.9046 4.4
    endloop
  endfacet
  facet normal 0.997781 0.0665845 0
    outer loop
      vertex 100.323 43.9046 4
      vertex 100.35 43.5 4.4
      vertex 100.35 43.5 4
    endloop
  endfacet
  facet normal 0.947193 0.320664 0
    outer loop
      vertex 100.244 44.3023 4.4
      vertex 100.114 44.6863 4
      vertex 100.114 44.6863 4.4
    endloop
  endfacet
  facet normal 0.947193 0.320664 0
    outer loop
      vertex 100.114 44.6863 4
      vertex 100.244 44.3023 4.4
      vertex 100.244 44.3023 4
    endloop
  endfacet
  facet normal 0.751721 -0.659482 0
    outer loop
      vertex 99.442 41.308 4.4
      vertex 99.7094 41.6128 2.2
      vertex 99.7094 41.6128 4.4
    endloop
  endfacet
  facet normal 0.751721 -0.659482 0
    outer loop
      vertex 99.7094 41.6128 2.2
      vertex 99.442 41.308 4.4
      vertex 99.442 41.308 2.2
    endloop
  endfacet
  facet normal 0.321549 0.946893 -0
    outer loop
      vertex 98.4363 46.364 4
      vertex 98.0523 46.4944 4.4
      vertex 98.4363 46.364 4.4
    endloop
  endfacet
  facet normal 0.321549 0.946893 0
    outer loop
      vertex 98.0523 46.4944 4.4
      vertex 98.4363 46.364 4
      vertex 98.0523 46.4944 4
    endloop
  endfacet
  facet normal 0.555553 0.831481 -0
    outer loop
      vertex 99.1372 45.9594 4
      vertex 98.8 46.1847 4.4
      vertex 99.1372 45.9594 4.4
    endloop
  endfacet
  facet normal 0.555553 0.831481 0
    outer loop
      vertex 98.8 46.1847 4.4
      vertex 99.1372 45.9594 4
      vertex 98.8 46.1847 4
    endloop
  endfacet
  facet normal 0.896928 -0.442176 0
    outer loop
      vertex 99.9347 41.95 4.4
      vertex 100.114 42.3137 4
      vertex 100.114 42.3137 4.4
    endloop
  endfacet
  facet normal 0.896928 -0.442176 0
    outer loop
      vertex 100.114 42.3137 4
      vertex 99.9347 41.95 4.4
      vertex 99.9347 41.95 4
    endloop
  endfacet
  facet normal 0.321549 -0.946893 0
    outer loop
      vertex 98.0523 40.5056 2.2
      vertex 98.4363 40.636 4.4
      vertex 98.0523 40.5056 4.4
    endloop
  endfacet
  facet normal 0.321549 -0.946893 0
    outer loop
      vertex 98.4363 40.636 4.4
      vertex 98.0523 40.5056 2.2
      vertex 98.4363 40.636 2.2
    endloop
  endfacet
  facet normal 0.896928 0.442176 0
    outer loop
      vertex 100.114 44.6863 4.4
      vertex 99.9347 45.05 4
      vertex 99.9347 45.05 4.4
    endloop
  endfacet
  facet normal 0.896928 0.442176 0
    outer loop
      vertex 99.9347 45.05 4
      vertex 100.114 44.6863 4.4
      vertex 100.114 44.6863 4
    endloop
  endfacet
  facet normal -0.195073 0.980789 0
    outer loop
      vertex 96.8454 46.5735 4
      vertex 96.4477 46.4944 4.4
      vertex 96.8454 46.5735 4.4
    endloop
  endfacet
  facet normal -0.195073 0.980789 0
    outer loop
      vertex 96.4477 46.4944 4.4
      vertex 96.8454 46.5735 4
      vertex 96.4477 46.4944 4
    endloop
  endfacet
  facet normal -0.0653568 -0.997862 0
    outer loop
      vertex 96.8454 40.4265 2.2
      vertex 97.25 40.4 4.4
      vertex 96.8454 40.4265 4.4
    endloop
  endfacet
  facet normal -0.0653568 -0.997862 -0
    outer loop
      vertex 97.25 40.4 4.4
      vertex 96.8454 40.4265 2.2
      vertex 97.25 40.4 2.2
    endloop
  endfacet
  facet normal -0.555706 0.831379 0
    outer loop
      vertex 95.5284 46.07 4
      vertex 95.7 46.1847 4.4
      vertex 95.7 46.1847 4
    endloop
  endfacet
  facet normal -0.555553 0.831481 -9.46882e-05
    outer loop
      vertex 95.7 46.1847 4.4
      vertex 95.5284 46.07 4
      vertex 95.3628 45.9594 4.4
    endloop
  endfacet
  facet normal -0.555395 0.831586 0
    outer loop
      vertex 95.3628 45.9594 2.2
      vertex 95.5284 46.07 4
      vertex 95.5284 46.07 2.2
    endloop
  endfacet
  facet normal -0.555395 0.831586 0
    outer loop
      vertex 95.5284 46.07 4
      vertex 95.3628 45.9594 2.2
      vertex 95.3628 45.9594 4.4
    endloop
  endfacet
  facet normal -0.321549 -0.946893 0
    outer loop
      vertex 96.0637 40.636 2.2
      vertex 96.4477 40.5056 4.4
      vertex 96.0637 40.636 4.4
    endloop
  endfacet
  facet normal -0.321549 -0.946893 -0
    outer loop
      vertex 96.4477 40.5056 4.4
      vertex 96.0637 40.636 2.2
      vertex 96.4477 40.5056 2.2
    endloop
  endfacet
  facet normal 0.947193 -0.320664 0
    outer loop
      vertex 100.114 42.3137 4.4
      vertex 100.244 42.6977 4
      vertex 100.244 42.6977 4.4
    endloop
  endfacet
  facet normal 0.947193 -0.320664 0
    outer loop
      vertex 100.244 42.6977 4
      vertex 100.114 42.3137 4.4
      vertex 100.114 42.3137 4
    endloop
  endfacet
  facet normal -0.831481 -0.555553 0
    outer loop
      vertex 94.7906 41.6128 2.2
      vertex 94.5653 41.95 4.4
      vertex 94.5653 41.95 2.2
    endloop
  endfacet
  facet normal -0.831481 -0.555553 0
    outer loop
      vertex 94.5653 41.95 4.4
      vertex 94.7906 41.6128 2.2
      vertex 94.7906 41.6128 4.4
    endloop
  endfacet
  facet normal -0.659482 -0.751721 0
    outer loop
      vertex 95.058 41.308 2.2
      vertex 95.3628 41.0406 4.4
      vertex 95.058 41.308 4.4
    endloop
  endfacet
  facet normal -0.659482 -0.751721 -0
    outer loop
      vertex 95.3628 41.0406 4.4
      vertex 95.058 41.308 2.2
      vertex 95.3628 41.0406 2.2
    endloop
  endfacet
  facet normal -0.659482 0.751721 0
    outer loop
      vertex 95.3628 45.9594 2.2
      vertex 95.058 45.692 4.4
      vertex 95.3628 45.9594 4.4
    endloop
  endfacet
  facet normal -0.659482 0.751721 0
    outer loop
      vertex 95.058 45.692 4.4
      vertex 95.3628 45.9594 2.2
      vertex 95.058 45.692 2.2
    endloop
  endfacet
  facet normal -0.946893 0.321549 0
    outer loop
      vertex 94.2556 44.3023 2.2
      vertex 94.386 44.6863 4.4
      vertex 94.386 44.6863 2.2
    endloop
  endfacet
  facet normal -0.946893 0.321549 0
    outer loop
      vertex 94.386 44.6863 4.4
      vertex 94.2556 44.3023 2.2
      vertex 94.2556 44.3023 4.4
    endloop
  endfacet
  facet normal -0.442176 0.896928 0
    outer loop
      vertex 96.0637 46.364 4
      vertex 95.7 46.1847 4.4
      vertex 96.0637 46.364 4.4
    endloop
  endfacet
  facet normal -0.442176 0.896928 0
    outer loop
      vertex 95.7 46.1847 4.4
      vertex 96.0637 46.364 4
      vertex 95.7 46.1847 4
    endloop
  endfacet
  facet normal -0.980789 0.195073 0
    outer loop
      vertex 94.1765 43.9046 2.2
      vertex 94.2556 44.3023 4.4
      vertex 94.2556 44.3023 2.2
    endloop
  endfacet
  facet normal -0.980789 0.195073 0
    outer loop
      vertex 94.2556 44.3023 4.4
      vertex 94.1765 43.9046 2.2
      vertex 94.1765 43.9046 4.4
    endloop
  endfacet
  facet normal -0.321549 0.946893 0
    outer loop
      vertex 96.4477 46.4944 4
      vertex 96.0637 46.364 4.4
      vertex 96.4477 46.4944 4.4
    endloop
  endfacet
  facet normal -0.321549 0.946893 0
    outer loop
      vertex 96.0637 46.364 4.4
      vertex 96.4477 46.4944 4
      vertex 96.0637 46.364 4
    endloop
  endfacet
  facet normal 0.659482 -0.751721 0
    outer loop
      vertex 99.1372 41.0406 2.2
      vertex 99.442 41.308 4.4
      vertex 99.1372 41.0406 4.4
    endloop
  endfacet
  facet normal 0.659482 -0.751721 0
    outer loop
      vertex 99.442 41.308 4.4
      vertex 99.1372 41.0406 2.2
      vertex 99.442 41.308 2.2
    endloop
  endfacet
  facet normal 0.0653568 0.997862 -0
    outer loop
      vertex 97.6546 46.5735 4
      vertex 97.25 46.6 4.4
      vertex 97.6546 46.5735 4.4
    endloop
  endfacet
  facet normal 0.0653568 0.997862 0
    outer loop
      vertex 97.25 46.6 4.4
      vertex 97.6546 46.5735 4
      vertex 97.25 46.6 4
    endloop
  endfacet
  facet normal 0.831481 0.555553 0
    outer loop
      vertex 99.9347 45.05 4.4
      vertex 99.7094 45.3872 4
      vertex 99.7094 45.3872 4.4
    endloop
  endfacet
  facet normal 0.831481 0.555553 0
    outer loop
      vertex 99.7094 45.3872 4
      vertex 99.9347 45.05 4.4
      vertex 99.9347 45.05 4
    endloop
  endfacet
  facet normal 0.195073 -0.980789 0
    outer loop
      vertex 97.6546 40.4265 2.2
      vertex 98.0523 40.5056 4.4
      vertex 97.6546 40.4265 4.4
    endloop
  endfacet
  facet normal 0.195073 -0.980789 0
    outer loop
      vertex 98.0523 40.5056 4.4
      vertex 97.6546 40.4265 2.2
      vertex 98.0523 40.5056 2.2
    endloop
  endfacet
  facet normal -0.980789 -0.195073 0
    outer loop
      vertex 94.2556 42.6977 2.2
      vertex 94.1765 43.0954 4.4
      vertex 94.1765 43.0954 2.2
    endloop
  endfacet
  facet normal -0.980789 -0.195073 0
    outer loop
      vertex 94.1765 43.0954 4.4
      vertex 94.2556 42.6977 2.2
      vertex 94.2556 42.6977 4.4
    endloop
  endfacet
  facet normal -0.751721 0.659482 0
    outer loop
      vertex 94.7906 45.3872 2.2
      vertex 95.058 45.692 4.4
      vertex 95.058 45.692 2.2
    endloop
  endfacet
  facet normal -0.751721 0.659482 0
    outer loop
      vertex 95.058 45.692 4.4
      vertex 94.7906 45.3872 2.2
      vertex 94.7906 45.3872 4.4
    endloop
  endfacet
  facet normal 0.659482 0.751721 -0
    outer loop
      vertex 99.442 45.692 4
      vertex 99.1372 45.9594 4.4
      vertex 99.442 45.692 4.4
    endloop
  endfacet
  facet normal 0.659482 0.751721 0
    outer loop
      vertex 99.1372 45.9594 4.4
      vertex 99.442 45.692 4
      vertex 99.1372 45.9594 4
    endloop
  endfacet
  facet normal 0.997781 -0.0665845 0
    outer loop
      vertex 100.323 43.0954 4.4
      vertex 100.35 43.5 4
      vertex 100.35 43.5 4.4
    endloop
  endfacet
  facet normal 0.997781 -0.0665845 0
    outer loop
      vertex 100.35 43.5 4
      vertex 100.323 43.0954 4.4
      vertex 100.323 43.0954 4
    endloop
  endfacet
  facet normal 0.980836 -0.194835 0
    outer loop
      vertex 100.244 42.6977 4.4
      vertex 100.323 43.0954 4
      vertex 100.323 43.0954 4.4
    endloop
  endfacet
  facet normal 0.980836 -0.194835 0
    outer loop
      vertex 100.323 43.0954 4
      vertex 100.244 42.6977 4.4
      vertex 100.244 42.6977 4
    endloop
  endfacet
  facet normal 0.555553 -0.831481 0
    outer loop
      vertex 98.8 40.8153 2.2
      vertex 99.1372 41.0406 4.4
      vertex 98.8 40.8153 4.4
    endloop
  endfacet
  facet normal 0.555553 -0.831481 0
    outer loop
      vertex 99.1372 41.0406 4.4
      vertex 98.8 40.8153 2.2
      vertex 99.1372 41.0406 2.2
    endloop
  endfacet
  facet normal 0.195073 0.980789 -0
    outer loop
      vertex 98.0523 46.4944 4
      vertex 97.6546 46.5735 4.4
      vertex 98.0523 46.4944 4.4
    endloop
  endfacet
  facet normal 0.195073 0.980789 0
    outer loop
      vertex 97.6546 46.5735 4.4
      vertex 98.0523 46.4944 4
      vertex 97.6546 46.5735 4
    endloop
  endfacet
  facet normal 0.751721 0.659482 0
    outer loop
      vertex 99.7094 45.3872 4.4
      vertex 99.442 45.692 4
      vertex 99.442 45.692 4.4
    endloop
  endfacet
  facet normal 0.751721 0.659482 0
    outer loop
      vertex 99.442 45.692 4
      vertex 99.7094 45.3872 4.4
      vertex 99.7094 45.3872 4
    endloop
  endfacet
  facet normal 0.442176 0.896928 -0
    outer loop
      vertex 98.8 46.1847 4
      vertex 98.4363 46.364 4.4
      vertex 98.8 46.1847 4.4
    endloop
  endfacet
  facet normal 0.442176 0.896928 0
    outer loop
      vertex 98.4363 46.364 4.4
      vertex 98.8 46.1847 4
      vertex 98.4363 46.364 4
    endloop
  endfacet
  facet normal -0.997862 -0.0653568 0
    outer loop
      vertex 94.1765 43.0954 2.2
      vertex 94.15 43.5 4.4
      vertex 94.15 43.5 2.2
    endloop
  endfacet
  facet normal -0.997862 -0.0653568 0
    outer loop
      vertex 94.15 43.5 4.4
      vertex 94.1765 43.0954 2.2
      vertex 94.1765 43.0954 4.4
    endloop
  endfacet
  facet normal 0.831379 -0.555706 0
    outer loop
      vertex 99.9347 41.95 4.4
      vertex 99.82 41.7784 4
      vertex 99.9347 41.95 4
    endloop
  endfacet
  facet normal 0.831481 -0.555553 -9.46882e-05
    outer loop
      vertex 99.7094 41.6128 4.4
      vertex 99.82 41.7784 4
      vertex 99.9347 41.95 4.4
    endloop
  endfacet
  facet normal 0.831586 -0.555395 0
    outer loop
      vertex 99.7094 41.6128 2.2
      vertex 99.82 41.7784 4
      vertex 99.7094 41.6128 4.4
    endloop
  endfacet
  facet normal 0.831586 -0.555395 0
    outer loop
      vertex 99.82 41.7784 4
      vertex 99.7094 41.6128 2.2
      vertex 99.82 41.7784 2.2
    endloop
  endfacet
  facet normal -0.751721 -0.659482 0
    outer loop
      vertex 95.058 41.308 2.2
      vertex 94.7906 41.6128 4.4
      vertex 94.7906 41.6128 2.2
    endloop
  endfacet
  facet normal -0.751721 -0.659482 0
    outer loop
      vertex 94.7906 41.6128 4.4
      vertex 95.058 41.308 2.2
      vertex 95.058 41.308 4.4
    endloop
  endfacet
  facet normal -0.997862 0.0653568 0
    outer loop
      vertex 94.15 43.5 2.2
      vertex 94.1765 43.9046 4.4
      vertex 94.1765 43.9046 2.2
    endloop
  endfacet
  facet normal -0.997862 0.0653568 0
    outer loop
      vertex 94.1765 43.9046 4.4
      vertex 94.15 43.5 2.2
      vertex 94.15 43.5 4.4
    endloop
  endfacet
  facet normal -0.442176 -0.896928 0
    outer loop
      vertex 95.7 40.8153 2.2
      vertex 96.0637 40.636 4.4
      vertex 95.7 40.8153 4.4
    endloop
  endfacet
  facet normal -0.442176 -0.896928 -0
    outer loop
      vertex 96.0637 40.636 4.4
      vertex 95.7 40.8153 2.2
      vertex 96.0637 40.636 2.2
    endloop
  endfacet
  facet normal -0.946893 -0.321549 0
    outer loop
      vertex 94.386 42.3137 2.2
      vertex 94.2556 42.6977 4.4
      vertex 94.2556 42.6977 2.2
    endloop
  endfacet
  facet normal -0.946893 -0.321549 0
    outer loop
      vertex 94.2556 42.6977 4.4
      vertex 94.386 42.3137 2.2
      vertex 94.386 42.3137 4.4
    endloop
  endfacet
  facet normal -0.195073 -0.980789 0
    outer loop
      vertex 96.4477 40.5056 2.2
      vertex 96.8454 40.4265 4.4
      vertex 96.4477 40.5056 4.4
    endloop
  endfacet
  facet normal -0.195073 -0.980789 -0
    outer loop
      vertex 96.8454 40.4265 4.4
      vertex 96.4477 40.5056 2.2
      vertex 96.8454 40.4265 2.2
    endloop
  endfacet
  facet normal 0.0653568 -0.997862 0
    outer loop
      vertex 97.25 40.4 2.2
      vertex 97.6546 40.4265 4.4
      vertex 97.25 40.4 4.4
    endloop
  endfacet
  facet normal 0.0653568 -0.997862 0
    outer loop
      vertex 97.6546 40.4265 4.4
      vertex 97.25 40.4 2.2
      vertex 97.6546 40.4265 2.2
    endloop
  endfacet
  facet normal -0.0653568 0.997862 0
    outer loop
      vertex 97.25 46.6 4
      vertex 96.8454 46.5735 4.4
      vertex 97.25 46.6 4.4
    endloop
  endfacet
  facet normal -0.0653568 0.997862 0
    outer loop
      vertex 96.8454 46.5735 4.4
      vertex 97.25 46.6 4
      vertex 96.8454 46.5735 4
    endloop
  endfacet
  facet normal -0.896928 0.442176 0
    outer loop
      vertex 94.386 44.6863 2.2
      vertex 94.5653 45.05 4.4
      vertex 94.5653 45.05 2.2
    endloop
  endfacet
  facet normal -0.896928 0.442176 0
    outer loop
      vertex 94.5653 45.05 4.4
      vertex 94.386 44.6863 2.2
      vertex 94.386 44.6863 4.4
    endloop
  endfacet
  facet normal -0.831481 0.555553 0
    outer loop
      vertex 94.5653 45.05 2.2
      vertex 94.7906 45.3872 4.4
      vertex 94.7906 45.3872 2.2
    endloop
  endfacet
  facet normal -0.831481 0.555553 0
    outer loop
      vertex 94.7906 45.3872 4.4
      vertex 94.5653 45.05 2.2
      vertex 94.5653 45.05 4.4
    endloop
  endfacet
  facet normal -0.555553 -0.831481 0
    outer loop
      vertex 95.3628 41.0406 2.2
      vertex 95.7 40.8153 4.4
      vertex 95.3628 41.0406 4.4
    endloop
  endfacet
  facet normal -0.555553 -0.831481 -0
    outer loop
      vertex 95.7 40.8153 4.4
      vertex 95.3628 41.0406 2.2
      vertex 95.7 40.8153 2.2
    endloop
  endfacet
  facet normal 0 0 1
    outer loop
      vertex 99 43.5 4.4
      vertex 100.35 43.5 4.4
      vertex 100.323 43.9046 4.4
    endloop
  endfacet
  facet normal 0 0 1
    outer loop
      vertex 98.985 43.7284 4.4
      vertex 100.323 43.9046 4.4
      vertex 100.244 44.3023 4.4
    endloop
  endfacet
  facet normal 0 0 1
    outer loop
      vertex 100.35 43.5 4.4
      vertex 99 43.5 4.4
      vertex 100.323 43.0954 4.4
    endloop
  endfacet
  facet normal 0 0 1
    outer loop
      vertex 98.9404 43.9529 4.4
      vertex 100.244 44.3023 4.4
      vertex 100.114 44.6863 4.4
    endloop
  endfacet
  facet normal -0 0 1
    outer loop
      vertex 98.985 43.2716 4.4
      vertex 100.323 43.0954 4.4
      vertex 99 43.5 4.4
    endloop
  endfacet
  facet normal 0 0 1
    outer loop
      vertex 98.8668 44.1697 4.4
      vertex 100.114 44.6863 4.4
      vertex 99.9347 45.05 4.4
    endloop
  endfacet
  facet normal 0 0 1
    outer loop
      vertex 100.323 43.0954 4.4
      vertex 98.985 43.2716 4.4
      vertex 100.244 42.6977 4.4
    endloop
  endfacet
  facet normal 0 0 1
    outer loop
      vertex 98.7655 44.375 4.4
      vertex 99.9347 45.05 4.4
      vertex 99.7094 45.3872 4.4
    endloop
  endfacet
  facet normal -0 0 1
    outer loop
      vertex 98.9404 43.0471 4.4
      vertex 100.244 42.6977 4.4
      vertex 98.985 43.2716 4.4
    endloop
  endfacet
  facet normal 0 0 1
    outer loop
      vertex 98.6384 44.5653 4.4
      vertex 99.7094 45.3872 4.4
      vertex 99.442 45.692 4.4
    endloop
  endfacet
  facet normal 0 0 1
    outer loop
      vertex 100.244 42.6977 4.4
      vertex 98.9404 43.0471 4.4
      vertex 100.114 42.3137 4.4
    endloop
  endfacet
  facet normal 0 0 1
    outer loop
      vertex 98.4874 44.7374 4.4
      vertex 99.442 45.692 4.4
      vertex 99.1372 45.9594 4.4
    endloop
  endfacet
  facet normal -0 0 1
    outer loop
      vertex 98.8668 42.8303 4.4
      vertex 100.114 42.3137 4.4
      vertex 98.9404 43.0471 4.4
    endloop
  endfacet
  facet normal 0 0 1
    outer loop
      vertex 100.114 42.3137 4.4
      vertex 98.8668 42.8303 4.4
      vertex 99.9347 41.95 4.4
    endloop
  endfacet
  facet normal 0 0 1
    outer loop
      vertex 100.323 43.9046 4.4
      vertex 98.985 43.7284 4.4
      vertex 99 43.5 4.4
    endloop
  endfacet
  facet normal 0 0 1
    outer loop
      vertex 100.244 44.3023 4.4
      vertex 98.9404 43.9529 4.4
      vertex 98.985 43.7284 4.4
    endloop
  endfacet
  facet normal 0 0 1
    outer loop
      vertex 100.114 44.6863 4.4
      vertex 98.8668 44.1697 4.4
      vertex 98.9404 43.9529 4.4
    endloop
  endfacet
  facet normal 0 0 1
    outer loop
      vertex 98.3153 44.8884 4.4
      vertex 99.1372 45.9594 4.4
      vertex 98.8 46.1847 4.4
    endloop
  endfacet
  facet normal 0 0 1
    outer loop
      vertex 99.9347 45.05 4.4
      vertex 98.7655 44.375 4.4
      vertex 98.8668 44.1697 4.4
    endloop
  endfacet
  facet normal 0 0 1
    outer loop
      vertex 99.7094 45.3872 4.4
      vertex 98.6384 44.5653 4.4
      vertex 98.7655 44.375 4.4
    endloop
  endfacet
  facet normal 0 0 1
    outer loop
      vertex 99.442 45.692 4.4
      vertex 98.4874 44.7374 4.4
      vertex 98.6384 44.5653 4.4
    endloop
  endfacet
  facet normal 0 0 1
    outer loop
      vertex 98.125 45.0155 4.4
      vertex 98.8 46.1847 4.4
      vertex 98.4363 46.364 4.4
    endloop
  endfacet
  facet normal 0 0 1
    outer loop
      vertex 99.1372 45.9594 4.4
      vertex 98.3153 44.8884 4.4
      vertex 98.4874 44.7374 4.4
    endloop
  endfacet
  facet normal 0 0 1
    outer loop
      vertex 98.8 46.1847 4.4
      vertex 98.125 45.0155 4.4
      vertex 98.3153 44.8884 4.4
    endloop
  endfacet
  facet normal 0 0 1
    outer loop
      vertex 97.9197 45.1168 4.4
      vertex 98.4363 46.364 4.4
      vertex 98.0523 46.4944 4.4
    endloop
  endfacet
  facet normal 0 0 1
    outer loop
      vertex 98.4363 46.364 4.4
      vertex 97.9197 45.1168 4.4
      vertex 98.125 45.0155 4.4
    endloop
  endfacet
  facet normal 0 0 1
    outer loop
      vertex 98.0523 46.4944 4.4
      vertex 97.7029 45.1904 4.4
      vertex 97.9197 45.1168 4.4
    endloop
  endfacet
  facet normal 0 0 1
    outer loop
      vertex 97.6546 46.5735 4.4
      vertex 97.7029 45.1904 4.4
      vertex 98.0523 46.4944 4.4
    endloop
  endfacet
  facet normal 0 0 1
    outer loop
      vertex 97.6546 46.5735 4.4
      vertex 97.4784 45.235 4.4
      vertex 97.7029 45.1904 4.4
    endloop
  endfacet
  facet normal 0 0 1
    outer loop
      vertex 97.25 46.6 4.4
      vertex 97.4784 45.235 4.4
      vertex 97.6546 46.5735 4.4
    endloop
  endfacet
  facet normal 0 0 1
    outer loop
      vertex 97.25 46.6 4.4
      vertex 97.25 45.25 4.4
      vertex 97.4784 45.235 4.4
    endloop
  endfacet
  facet normal 0 0 1
    outer loop
      vertex 97.25 46.6 4.4
      vertex 97.0216 45.235 4.4
      vertex 97.25 45.25 4.4
    endloop
  endfacet
  facet normal -0 0 1
    outer loop
      vertex 96.8454 46.5735 4.4
      vertex 97.0216 45.235 4.4
      vertex 97.25 46.6 4.4
    endloop
  endfacet
  facet normal 0 0 1
    outer loop
      vertex 96.8454 46.5735 4.4
      vertex 96.7971 45.1904 4.4
      vertex 97.0216 45.235 4.4
    endloop
  endfacet
  facet normal -0 0 1
    outer loop
      vertex 96.4477 46.4944 4.4
      vertex 96.7971 45.1904 4.4
      vertex 96.8454 46.5735 4.4
    endloop
  endfacet
  facet normal 0 0 1
    outer loop
      vertex 96.7971 45.1904 4.4
      vertex 96.4477 46.4944 4.4
      vertex 96.5803 45.1168 4.4
    endloop
  endfacet
  facet normal -0 0 1
    outer loop
      vertex 96.0637 46.364 4.4
      vertex 96.5803 45.1168 4.4
      vertex 96.4477 46.4944 4.4
    endloop
  endfacet
  facet normal 0 0 1
    outer loop
      vertex 96.5803 45.1168 4.4
      vertex 96.0637 46.364 4.4
      vertex 96.375 45.0155 4.4
    endloop
  endfacet
  facet normal -0 0 1
    outer loop
      vertex 95.7 46.1847 4.4
      vertex 96.375 45.0155 4.4
      vertex 96.0637 46.364 4.4
    endloop
  endfacet
  facet normal 0 0 1
    outer loop
      vertex 96.375 45.0155 4.4
      vertex 95.7 46.1847 4.4
      vertex 96.1847 44.8884 4.4
    endloop
  endfacet
  facet normal -0 0 1
    outer loop
      vertex 95.3628 45.9594 4.4
      vertex 96.1847 44.8884 4.4
      vertex 95.7 46.1847 4.4
    endloop
  endfacet
  facet normal 0 0 1
    outer loop
      vertex 96.1847 44.8884 4.4
      vertex 95.3628 45.9594 4.4
      vertex 96.0126 44.7374 4.4
    endloop
  endfacet
  facet normal -0 0 1
    outer loop
      vertex 95.058 45.692 4.4
      vertex 96.0126 44.7374 4.4
      vertex 95.3628 45.9594 4.4
    endloop
  endfacet
  facet normal 0 0 1
    outer loop
      vertex 96.0126 44.7374 4.4
      vertex 95.058 45.692 4.4
      vertex 95.8616 44.5653 4.4
    endloop
  endfacet
  facet normal -0 0 1
    outer loop
      vertex 94.7906 45.3872 4.4
      vertex 95.8616 44.5653 4.4
      vertex 95.058 45.692 4.4
    endloop
  endfacet
  facet normal 0 0 1
    outer loop
      vertex 95.8616 44.5653 4.4
      vertex 94.7906 45.3872 4.4
      vertex 95.7345 44.375 4.4
    endloop
  endfacet
  facet normal 0 0 1
    outer loop
      vertex 95.7345 44.375 4.4
      vertex 94.5653 45.05 4.4
      vertex 95.6332 44.1697 4.4
    endloop
  endfacet
  facet normal -0 0 1
    outer loop
      vertex 94.5653 45.05 4.4
      vertex 95.7345 44.375 4.4
      vertex 94.7906 45.3872 4.4
    endloop
  endfacet
  facet normal -0 0 1
    outer loop
      vertex 98.7655 42.625 4.4
      vertex 99.9347 41.95 4.4
      vertex 98.8668 42.8303 4.4
    endloop
  endfacet
  facet normal 0 0 1
    outer loop
      vertex 99.9347 41.95 4.4
      vertex 98.7655 42.625 4.4
      vertex 99.7094 41.6128 4.4
    endloop
  endfacet
  facet normal -0 0 1
    outer loop
      vertex 98.6384 42.4347 4.4
      vertex 99.7094 41.6128 4.4
      vertex 98.7655 42.625 4.4
    endloop
  endfacet
  facet normal 0 0 1
    outer loop
      vertex 99.7094 41.6128 4.4
      vertex 98.6384 42.4347 4.4
      vertex 99.442 41.308 4.4
    endloop
  endfacet
  facet normal -0 0 1
    outer loop
      vertex 98.4874 42.2626 4.4
      vertex 99.442 41.308 4.4
      vertex 98.6384 42.4347 4.4
    endloop
  endfacet
  facet normal 0 0 1
    outer loop
      vertex 99.442 41.308 4.4
      vertex 98.4874 42.2626 4.4
      vertex 99.1372 41.0406 4.4
    endloop
  endfacet
  facet normal -0 0 1
    outer loop
      vertex 98.3153 42.1116 4.4
      vertex 99.1372 41.0406 4.4
      vertex 98.4874 42.2626 4.4
    endloop
  endfacet
  facet normal 0 0 1
    outer loop
      vertex 99.1372 41.0406 4.4
      vertex 98.3153 42.1116 4.4
      vertex 98.8 40.8153 4.4
    endloop
  endfacet
  facet normal -0 0 1
    outer loop
      vertex 98.125 41.9845 4.4
      vertex 98.8 40.8153 4.4
      vertex 98.3153 42.1116 4.4
    endloop
  endfacet
  facet normal 0 0 1
    outer loop
      vertex 98.8 40.8153 4.4
      vertex 98.125 41.9845 4.4
      vertex 98.4363 40.636 4.4
    endloop
  endfacet
  facet normal -0 0 1
    outer loop
      vertex 97.9197 41.8832 4.4
      vertex 98.4363 40.636 4.4
      vertex 98.125 41.9845 4.4
    endloop
  endfacet
  facet normal 0 0 1
    outer loop
      vertex 98.4363 40.636 4.4
      vertex 97.9197 41.8832 4.4
      vertex 98.0523 40.5056 4.4
    endloop
  endfacet
  facet normal -0 0 1
    outer loop
      vertex 97.7029 41.8096 4.4
      vertex 98.0523 40.5056 4.4
      vertex 97.9197 41.8832 4.4
    endloop
  endfacet
  facet normal 0 0 1
    outer loop
      vertex 97.7029 41.8096 4.4
      vertex 97.6546 40.4265 4.4
      vertex 98.0523 40.5056 4.4
    endloop
  endfacet
  facet normal -0 0 1
    outer loop
      vertex 97.4784 41.765 4.4
      vertex 97.6546 40.4265 4.4
      vertex 97.7029 41.8096 4.4
    endloop
  endfacet
  facet normal -0 0 1
    outer loop
      vertex 97.25 41.75 4.4
      vertex 97.6546 40.4265 4.4
      vertex 97.4784 41.765 4.4
    endloop
  endfacet
  facet normal 0 0 1
    outer loop
      vertex 97.25 41.75 4.4
      vertex 97.25 40.4 4.4
      vertex 97.6546 40.4265 4.4
    endloop
  endfacet
  facet normal 0 0 1
    outer loop
      vertex 97.0216 41.765 4.4
      vertex 97.25 40.4 4.4
      vertex 97.25 41.75 4.4
    endloop
  endfacet
  facet normal 0 0 1
    outer loop
      vertex 97.0216 41.765 4.4
      vertex 96.8454 40.4265 4.4
      vertex 97.25 40.4 4.4
    endloop
  endfacet
  facet normal 0 0 1
    outer loop
      vertex 96.7971 41.8096 4.4
      vertex 96.8454 40.4265 4.4
      vertex 97.0216 41.765 4.4
    endloop
  endfacet
  facet normal 0 0 1
    outer loop
      vertex 96.4477 40.5056 4.4
      vertex 96.7971 41.8096 4.4
      vertex 96.5803 41.8832 4.4
    endloop
  endfacet
  facet normal 0 0 1
    outer loop
      vertex 96.7971 41.8096 4.4
      vertex 96.4477 40.5056 4.4
      vertex 96.8454 40.4265 4.4
    endloop
  endfacet
  facet normal 0 0 1
    outer loop
      vertex 96.0637 40.636 4.4
      vertex 96.5803 41.8832 4.4
      vertex 96.375 41.9845 4.4
    endloop
  endfacet
  facet normal 0 0 1
    outer loop
      vertex 95.7 40.8153 4.4
      vertex 96.375 41.9845 4.4
      vertex 96.1847 42.1116 4.4
    endloop
  endfacet
  facet normal 0 0 1
    outer loop
      vertex 96.5803 41.8832 4.4
      vertex 96.0637 40.636 4.4
      vertex 96.4477 40.5056 4.4
    endloop
  endfacet
  facet normal 0 0 1
    outer loop
      vertex 95.3628 41.0406 4.4
      vertex 96.1847 42.1116 4.4
      vertex 96.0126 42.2626 4.4
    endloop
  endfacet
  facet normal 0 0 1
    outer loop
      vertex 95.058 41.308 4.4
      vertex 96.0126 42.2626 4.4
      vertex 95.8616 42.4347 4.4
    endloop
  endfacet
  facet normal 0 0 1
    outer loop
      vertex 94.7906 41.6128 4.4
      vertex 95.8616 42.4347 4.4
      vertex 95.7345 42.625 4.4
    endloop
  endfacet
  facet normal 0 0 1
    outer loop
      vertex 96.375 41.9845 4.4
      vertex 95.7 40.8153 4.4
      vertex 96.0637 40.636 4.4
    endloop
  endfacet
  facet normal 0 0 1
    outer loop
      vertex 94.5653 41.95 4.4
      vertex 95.7345 42.625 4.4
      vertex 95.6332 42.8303 4.4
    endloop
  endfacet
  facet normal 0 0 1
    outer loop
      vertex 94.386 42.3137 4.4
      vertex 95.6332 42.8303 4.4
      vertex 95.5596 43.0471 4.4
    endloop
  endfacet
  facet normal 0 0 1
    outer loop
      vertex 94.2556 42.6977 4.4
      vertex 95.5596 43.0471 4.4
      vertex 95.515 43.2716 4.4
    endloop
  endfacet
  facet normal 0 0 1
    outer loop
      vertex 96.1847 42.1116 4.4
      vertex 95.3628 41.0406 4.4
      vertex 95.7 40.8153 4.4
    endloop
  endfacet
  facet normal 0 0 1
    outer loop
      vertex 94.1765 43.0954 4.4
      vertex 95.515 43.2716 4.4
      vertex 95.5 43.5 4.4
    endloop
  endfacet
  facet normal -0 0 1
    outer loop
      vertex 94.386 44.6863 4.4
      vertex 95.6332 44.1697 4.4
      vertex 94.5653 45.05 4.4
    endloop
  endfacet
  facet normal 0 0 1
    outer loop
      vertex 95.6332 44.1697 4.4
      vertex 94.386 44.6863 4.4
      vertex 95.5596 43.9529 4.4
    endloop
  endfacet
  facet normal 0 0 1
    outer loop
      vertex 96.0126 42.2626 4.4
      vertex 95.058 41.308 4.4
      vertex 95.3628 41.0406 4.4
    endloop
  endfacet
  facet normal -0 0 1
    outer loop
      vertex 94.2556 44.3023 4.4
      vertex 95.5596 43.9529 4.4
      vertex 94.386 44.6863 4.4
    endloop
  endfacet
  facet normal 0 0 1
    outer loop
      vertex 95.8616 42.4347 4.4
      vertex 94.7906 41.6128 4.4
      vertex 95.058 41.308 4.4
    endloop
  endfacet
  facet normal 0 0 1
    outer loop
      vertex 95.5596 43.9529 4.4
      vertex 94.2556 44.3023 4.4
      vertex 95.515 43.7284 4.4
    endloop
  endfacet
  facet normal 0 0 1
    outer loop
      vertex 95.7345 42.625 4.4
      vertex 94.5653 41.95 4.4
      vertex 94.7906 41.6128 4.4
    endloop
  endfacet
  facet normal -0 0 1
    outer loop
      vertex 94.1765 43.9046 4.4
      vertex 95.515 43.7284 4.4
      vertex 94.2556 44.3023 4.4
    endloop
  endfacet
  facet normal 0 0 1
    outer loop
      vertex 95.6332 42.8303 4.4
      vertex 94.386 42.3137 4.4
      vertex 94.5653 41.95 4.4
    endloop
  endfacet
  facet normal 0 0 1
    outer loop
      vertex 95.515 43.7284 4.4
      vertex 94.1765 43.9046 4.4
      vertex 95.5 43.5 4.4
    endloop
  endfacet
  facet normal 0 0 1
    outer loop
      vertex 95.5596 43.0471 4.4
      vertex 94.2556 42.6977 4.4
      vertex 94.386 42.3137 4.4
    endloop
  endfacet
  facet normal 0 0 1
    outer loop
      vertex 94.15 43.5 4.4
      vertex 95.5 43.5 4.4
      vertex 94.1765 43.9046 4.4
    endloop
  endfacet
  facet normal 0 0 1
    outer loop
      vertex 95.515 43.2716 4.4
      vertex 94.1765 43.0954 4.4
      vertex 94.2556 42.6977 4.4
    endloop
  endfacet
  facet normal 0 0 1
    outer loop
      vertex 95.5 43.5 4.4
      vertex 94.15 43.5 4.4
      vertex 94.1765 43.0954 4.4
    endloop
  endfacet
  facet normal -0.980832 -0.194856 0
    outer loop
      vertex 98.985 43.7284 2.2
      vertex 98.9404 43.9529 4.4
      vertex 98.9404 43.9529 2.2
    endloop
  endfacet
  facet normal -0.980832 -0.194856 0
    outer loop
      vertex 98.9404 43.9529 4.4
      vertex 98.985 43.7284 2.2
      vertex 98.985 43.7284 4.4
    endloop
  endfacet
  facet normal -0.99785 -0.0655331 0
    outer loop
      vertex 99 43.5 2.2
      vertex 98.985 43.7284 4.4
      vertex 98.985 43.7284 2.2
    endloop
  endfacet
  facet normal -0.99785 -0.0655331 0
    outer loop
      vertex 98.985 43.7284 4.4
      vertex 99 43.5 2.2
      vertex 99 43.5 4.4
    endloop
  endfacet
  facet normal -0.946922 -0.321464 0
    outer loop
      vertex 98.9404 43.9529 2.2
      vertex 98.8668 44.1697 4.4
      vertex 98.8668 44.1697 2.2
    endloop
  endfacet
  facet normal -0.946922 -0.321464 0
    outer loop
      vertex 98.8668 44.1697 4.4
      vertex 98.9404 43.9529 2.2
      vertex 98.9404 43.9529 4.4
    endloop
  endfacet
  facet normal 0.321464 0.946922 -0
    outer loop
      vertex 96.7971 41.8096 2.2
      vertex 96.5803 41.8832 4.4
      vertex 96.7971 41.8096 4.4
    endloop
  endfacet
  facet normal 0.321464 0.946922 0
    outer loop
      vertex 96.5803 41.8832 4.4
      vertex 96.7971 41.8096 2.2
      vertex 96.5803 41.8832 2.2
    endloop
  endfacet
  facet normal -0.896774 -0.44249 0
    outer loop
      vertex 98.8668 44.1697 2.2
      vertex 98.7655 44.375 4.4
      vertex 98.7655 44.375 2.2
    endloop
  endfacet
  facet normal -0.896774 -0.44249 0
    outer loop
      vertex 98.7655 44.375 4.4
      vertex 98.8668 44.1697 2.2
      vertex 98.8668 44.1697 4.4
    endloop
  endfacet
  facet normal -0.831579 -0.555406 0
    outer loop
      vertex 98.7655 44.375 2.2
      vertex 98.6384 44.5653 4.4
      vertex 98.6384 44.5653 2.2
    endloop
  endfacet
  facet normal -0.831579 -0.555406 0
    outer loop
      vertex 98.6384 44.5653 4.4
      vertex 98.7655 44.375 2.2
      vertex 98.7655 44.375 4.4
    endloop
  endfacet
  facet normal 0.0655331 -0.99785 0
    outer loop
      vertex 97.0216 45.235 2.2
      vertex 97.25 45.25 4.4
      vertex 97.0216 45.235 4.4
    endloop
  endfacet
  facet normal 0.0655331 -0.99785 0
    outer loop
      vertex 97.25 45.25 4.4
      vertex 97.0216 45.235 2.2
      vertex 97.25 45.25 2.2
    endloop
  endfacet
  facet normal -0.0655331 0.99785 0
    outer loop
      vertex 97.4784 41.765 2.2
      vertex 97.25 41.75 4.4
      vertex 97.4784 41.765 4.4
    endloop
  endfacet
  facet normal -0.0655331 0.99785 0
    outer loop
      vertex 97.25 41.75 4.4
      vertex 97.4784 41.765 2.2
      vertex 97.25 41.75 2.2
    endloop
  endfacet
  facet normal -0.44249 -0.896774 0
    outer loop
      vertex 97.9197 45.1168 2.2
      vertex 98.125 45.0155 4.4
      vertex 97.9197 45.1168 4.4
    endloop
  endfacet
  facet normal -0.44249 -0.896774 -0
    outer loop
      vertex 98.125 45.0155 4.4
      vertex 97.9197 45.1168 2.2
      vertex 98.125 45.0155 2.2
    endloop
  endfacet
  facet normal 0.44249 -0.896774 0
    outer loop
      vertex 96.375 45.0155 2.2
      vertex 96.5803 45.1168 4.4
      vertex 96.375 45.0155 4.4
    endloop
  endfacet
  facet normal 0.44249 -0.896774 0
    outer loop
      vertex 96.5803 45.1168 4.4
      vertex 96.375 45.0155 2.2
      vertex 96.5803 45.1168 2.2
    endloop
  endfacet
  facet normal 0.659524 -0.751683 0
    outer loop
      vertex 96.0126 44.7374 2.2
      vertex 96.1847 44.8884 4.4
      vertex 96.0126 44.7374 4.4
    endloop
  endfacet
  facet normal 0.659524 -0.751683 0
    outer loop
      vertex 96.1847 44.8884 4.4
      vertex 96.0126 44.7374 2.2
      vertex 96.1847 44.8884 2.2
    endloop
  endfacet
  facet normal -0.751683 -0.659524 0
    outer loop
      vertex 98.6384 44.5653 2.2
      vertex 98.4874 44.7374 4.4
      vertex 98.4874 44.7374 2.2
    endloop
  endfacet
  facet normal -0.751683 -0.659524 0
    outer loop
      vertex 98.4874 44.7374 4.4
      vertex 98.6384 44.5653 2.2
      vertex 98.6384 44.5653 4.4
    endloop
  endfacet
  facet normal 0.980832 -0.194856 0
    outer loop
      vertex 95.515 43.7284 4.4
      vertex 95.5596 43.9529 2.2
      vertex 95.5596 43.9529 4.4
    endloop
  endfacet
  facet normal 0.980832 -0.194856 0
    outer loop
      vertex 95.5596 43.9529 2.2
      vertex 95.515 43.7284 4.4
      vertex 95.515 43.7284 2.2
    endloop
  endfacet
  facet normal -0.946922 0.321464 0
    outer loop
      vertex 98.8668 42.8303 2.2
      vertex 98.9404 43.0471 4.4
      vertex 98.9404 43.0471 2.2
    endloop
  endfacet
  facet normal -0.946922 0.321464 0
    outer loop
      vertex 98.9404 43.0471 4.4
      vertex 98.8668 42.8303 2.2
      vertex 98.8668 42.8303 4.4
    endloop
  endfacet
  facet normal -0.555406 0.831579 0
    outer loop
      vertex 98.3153 42.1116 2.2
      vertex 98.125 41.9845 4.4
      vertex 98.3153 42.1116 4.4
    endloop
  endfacet
  facet normal -0.555406 0.831579 0
    outer loop
      vertex 98.125 41.9845 4.4
      vertex 98.3153 42.1116 2.2
      vertex 98.125 41.9845 2.2
    endloop
  endfacet
  facet normal 0.980832 0.194856 0
    outer loop
      vertex 95.5596 43.0471 4.4
      vertex 95.515 43.2716 2.2
      vertex 95.515 43.2716 4.4
    endloop
  endfacet
  facet normal 0.980832 0.194856 0
    outer loop
      vertex 95.515 43.2716 2.2
      vertex 95.5596 43.0471 4.4
      vertex 95.5596 43.0471 2.2
    endloop
  endfacet
  facet normal 0.99785 -0.0655331 0
    outer loop
      vertex 95.5 43.5 4.4
      vertex 95.515 43.7284 2.2
      vertex 95.515 43.7284 4.4
    endloop
  endfacet
  facet normal 0.99785 -0.0655331 0
    outer loop
      vertex 95.515 43.7284 2.2
      vertex 95.5 43.5 4.4
      vertex 95.5 43.5 2.2
    endloop
  endfacet
  facet normal -0.99785 0.0655331 0
    outer loop
      vertex 98.985 43.2716 2.2
      vertex 99 43.5 4.4
      vertex 99 43.5 2.2
    endloop
  endfacet
  facet normal -0.99785 0.0655331 0
    outer loop
      vertex 99 43.5 4.4
      vertex 98.985 43.2716 2.2
      vertex 98.985 43.2716 4.4
    endloop
  endfacet
  facet normal -0.831579 0.555406 0
    outer loop
      vertex 98.6384 42.4347 2.2
      vertex 98.7655 42.625 4.4
      vertex 98.7655 42.625 2.2
    endloop
  endfacet
  facet normal -0.831579 0.555406 0
    outer loop
      vertex 98.7655 42.625 4.4
      vertex 98.6384 42.4347 2.2
      vertex 98.6384 42.4347 4.4
    endloop
  endfacet
  facet normal 0.946922 0.321464 0
    outer loop
      vertex 95.6332 42.8303 4.4
      vertex 95.5596 43.0471 2.2
      vertex 95.5596 43.0471 4.4
    endloop
  endfacet
  facet normal 0.946922 0.321464 0
    outer loop
      vertex 95.5596 43.0471 2.2
      vertex 95.6332 42.8303 4.4
      vertex 95.6332 42.8303 2.2
    endloop
  endfacet
  facet normal -0.194856 0.980832 0
    outer loop
      vertex 97.7029 41.8096 2.2
      vertex 97.4784 41.765 4.4
      vertex 97.7029 41.8096 4.4
    endloop
  endfacet
  facet normal -0.194856 0.980832 0
    outer loop
      vertex 97.4784 41.765 4.4
      vertex 97.7029 41.8096 2.2
      vertex 97.4784 41.765 2.2
    endloop
  endfacet
  facet normal -0.555406 -0.831579 0
    outer loop
      vertex 98.125 45.0155 2.2
      vertex 98.3153 44.8884 4.4
      vertex 98.125 45.0155 4.4
    endloop
  endfacet
  facet normal -0.555406 -0.831579 -0
    outer loop
      vertex 98.3153 44.8884 4.4
      vertex 98.125 45.0155 2.2
      vertex 98.3153 44.8884 2.2
    endloop
  endfacet
  facet normal 0.321464 -0.946922 0
    outer loop
      vertex 96.5803 45.1168 2.2
      vertex 96.7971 45.1904 4.4
      vertex 96.5803 45.1168 4.4
    endloop
  endfacet
  facet normal 0.321464 -0.946922 0
    outer loop
      vertex 96.7971 45.1904 4.4
      vertex 96.5803 45.1168 2.2
      vertex 96.7971 45.1904 2.2
    endloop
  endfacet
  facet normal 0.751683 -0.659524 0
    outer loop
      vertex 95.8616 44.5653 4.4
      vertex 96.0126 44.7374 2.2
      vertex 96.0126 44.7374 4.4
    endloop
  endfacet
  facet normal 0.751683 -0.659524 0
    outer loop
      vertex 96.0126 44.7374 2.2
      vertex 95.8616 44.5653 4.4
      vertex 95.8616 44.5653 2.2
    endloop
  endfacet
  facet normal -0.659524 -0.751683 0
    outer loop
      vertex 98.3153 44.8884 2.2
      vertex 98.4874 44.7374 4.4
      vertex 98.3153 44.8884 4.4
    endloop
  endfacet
  facet normal -0.659524 -0.751683 -0
    outer loop
      vertex 98.4874 44.7374 4.4
      vertex 98.3153 44.8884 2.2
      vertex 98.4874 44.7374 2.2
    endloop
  endfacet
  facet normal 0.555406 -0.831579 0
    outer loop
      vertex 96.1847 44.8884 2.2
      vertex 96.375 45.0155 4.4
      vertex 96.1847 44.8884 4.4
    endloop
  endfacet
  facet normal 0.555406 -0.831579 0
    outer loop
      vertex 96.375 45.0155 4.4
      vertex 96.1847 44.8884 2.2
      vertex 96.375 45.0155 2.2
    endloop
  endfacet
  facet normal 0.896774 0.44249 0
    outer loop
      vertex 95.7345 42.625 4.4
      vertex 95.6332 42.8303 2.2
      vertex 95.6332 42.8303 4.4
    endloop
  endfacet
  facet normal 0.896774 0.44249 0
    outer loop
      vertex 95.6332 42.8303 2.2
      vertex 95.7345 42.625 4.4
      vertex 95.7345 42.625 2.2
    endloop
  endfacet
  facet normal 0.99785 0.0655331 0
    outer loop
      vertex 95.515 43.2716 4.4
      vertex 95.5 43.5 2.2
      vertex 95.5 43.5 4.4
    endloop
  endfacet
  facet normal 0.99785 0.0655331 0
    outer loop
      vertex 95.5 43.5 2.2
      vertex 95.515 43.2716 4.4
      vertex 95.515 43.2716 2.2
    endloop
  endfacet
  facet normal -0.980832 0.194856 0
    outer loop
      vertex 98.9404 43.0471 2.2
      vertex 98.985 43.2716 4.4
      vertex 98.985 43.2716 2.2
    endloop
  endfacet
  facet normal -0.980832 0.194856 0
    outer loop
      vertex 98.985 43.2716 4.4
      vertex 98.9404 43.0471 2.2
      vertex 98.9404 43.0471 4.4
    endloop
  endfacet
  facet normal 0.896774 -0.44249 0
    outer loop
      vertex 95.6332 44.1697 4.4
      vertex 95.7345 44.375 2.2
      vertex 95.7345 44.375 4.4
    endloop
  endfacet
  facet normal 0.896774 -0.44249 0
    outer loop
      vertex 95.7345 44.375 2.2
      vertex 95.6332 44.1697 4.4
      vertex 95.6332 44.1697 2.2
    endloop
  endfacet
  facet normal 0.555406 0.831579 -0
    outer loop
      vertex 96.375 41.9845 2.2
      vertex 96.1847 42.1116 4.4
      vertex 96.375 41.9845 4.4
    endloop
  endfacet
  facet normal 0.555406 0.831579 0
    outer loop
      vertex 96.1847 42.1116 4.4
      vertex 96.375 41.9845 2.2
      vertex 96.1847 42.1116 2.2
    endloop
  endfacet
  facet normal 0.194856 -0.980832 0
    outer loop
      vertex 96.7971 45.1904 2.2
      vertex 97.0216 45.235 4.4
      vertex 96.7971 45.1904 4.4
    endloop
  endfacet
  facet normal 0.194856 -0.980832 0
    outer loop
      vertex 97.0216 45.235 4.4
      vertex 96.7971 45.1904 2.2
      vertex 97.0216 45.235 2.2
    endloop
  endfacet
  facet normal -0.751683 0.659524 0
    outer loop
      vertex 98.4874 42.2626 2.2
      vertex 98.6384 42.4347 4.4
      vertex 98.6384 42.4347 2.2
    endloop
  endfacet
  facet normal -0.751683 0.659524 0
    outer loop
      vertex 98.6384 42.4347 4.4
      vertex 98.4874 42.2626 2.2
      vertex 98.4874 42.2626 4.4
    endloop
  endfacet
  facet normal -0.0655331 -0.99785 0
    outer loop
      vertex 97.25 45.25 2.2
      vertex 97.4784 45.235 4.4
      vertex 97.25 45.25 4.4
    endloop
  endfacet
  facet normal -0.0655331 -0.99785 -0
    outer loop
      vertex 97.4784 45.235 4.4
      vertex 97.25 45.25 2.2
      vertex 97.4784 45.235 2.2
    endloop
  endfacet
  facet normal 0.946922 -0.321464 0
    outer loop
      vertex 95.5596 43.9529 4.4
      vertex 95.6332 44.1697 2.2
      vertex 95.6332 44.1697 4.4
    endloop
  endfacet
  facet normal 0.946922 -0.321464 0
    outer loop
      vertex 95.6332 44.1697 2.2
      vertex 95.5596 43.9529 4.4
      vertex 95.5596 43.9529 2.2
    endloop
  endfacet
  facet normal -0.321464 0.946922 0
    outer loop
      vertex 97.9197 41.8832 2.2
      vertex 97.7029 41.8096 4.4
      vertex 97.9197 41.8832 4.4
    endloop
  endfacet
  facet normal -0.321464 0.946922 0
    outer loop
      vertex 97.7029 41.8096 4.4
      vertex 97.9197 41.8832 2.2
      vertex 97.7029 41.8096 2.2
    endloop
  endfacet
  facet normal -0.659524 0.751683 0
    outer loop
      vertex 98.4874 42.2626 2.2
      vertex 98.3153 42.1116 4.4
      vertex 98.4874 42.2626 4.4
    endloop
  endfacet
  facet normal -0.659524 0.751683 0
    outer loop
      vertex 98.3153 42.1116 4.4
      vertex 98.4874 42.2626 2.2
      vertex 98.3153 42.1116 2.2
    endloop
  endfacet
  facet normal 0.0655331 0.99785 -0
    outer loop
      vertex 97.25 41.75 2.2
      vertex 97.0216 41.765 4.4
      vertex 97.25 41.75 4.4
    endloop
  endfacet
  facet normal 0.0655331 0.99785 0
    outer loop
      vertex 97.0216 41.765 4.4
      vertex 97.25 41.75 2.2
      vertex 97.0216 41.765 2.2
    endloop
  endfacet
  facet normal 0.659524 0.751683 -0
    outer loop
      vertex 96.1847 42.1116 2.2
      vertex 96.0126 42.2626 4.4
      vertex 96.1847 42.1116 4.4
    endloop
  endfacet
  facet normal 0.659524 0.751683 0
    outer loop
      vertex 96.0126 42.2626 4.4
      vertex 96.1847 42.1116 2.2
      vertex 96.0126 42.2626 2.2
    endloop
  endfacet
  facet normal 0.194856 0.980832 -0
    outer loop
      vertex 97.0216 41.765 2.2
      vertex 96.7971 41.8096 4.4
      vertex 97.0216 41.765 4.4
    endloop
  endfacet
  facet normal 0.194856 0.980832 0
    outer loop
      vertex 96.7971 41.8096 4.4
      vertex 97.0216 41.765 2.2
      vertex 96.7971 41.8096 2.2
    endloop
  endfacet
  facet normal 0.831579 0.555406 0
    outer loop
      vertex 95.8616 42.4347 4.4
      vertex 95.7345 42.625 2.2
      vertex 95.7345 42.625 4.4
    endloop
  endfacet
  facet normal 0.831579 0.555406 0
    outer loop
      vertex 95.7345 42.625 2.2
      vertex 95.8616 42.4347 4.4
      vertex 95.8616 42.4347 2.2
    endloop
  endfacet
  facet normal 0.751683 0.659524 0
    outer loop
      vertex 96.0126 42.2626 4.4
      vertex 95.8616 42.4347 2.2
      vertex 95.8616 42.4347 4.4
    endloop
  endfacet
  facet normal 0.751683 0.659524 0
    outer loop
      vertex 95.8616 42.4347 2.2
      vertex 96.0126 42.2626 4.4
      vertex 96.0126 42.2626 2.2
    endloop
  endfacet
  facet normal -0.194856 -0.980832 0
    outer loop
      vertex 97.4784 45.235 2.2
      vertex 97.7029 45.1904 4.4
      vertex 97.4784 45.235 4.4
    endloop
  endfacet
  facet normal -0.194856 -0.980832 -0
    outer loop
      vertex 97.7029 45.1904 4.4
      vertex 97.4784 45.235 2.2
      vertex 97.7029 45.1904 2.2
    endloop
  endfacet
  facet normal -0.44249 0.896774 0
    outer loop
      vertex 98.125 41.9845 2.2
      vertex 97.9197 41.8832 4.4
      vertex 98.125 41.9845 4.4
    endloop
  endfacet
  facet normal -0.44249 0.896774 0
    outer loop
      vertex 97.9197 41.8832 4.4
      vertex 98.125 41.9845 2.2
      vertex 97.9197 41.8832 2.2
    endloop
  endfacet
  facet normal -0.896774 0.44249 0
    outer loop
      vertex 98.7655 42.625 2.2
      vertex 98.8668 42.8303 4.4
      vertex 98.8668 42.8303 2.2
    endloop
  endfacet
  facet normal -0.896774 0.44249 0
    outer loop
      vertex 98.8668 42.8303 4.4
      vertex 98.7655 42.625 2.2
      vertex 98.7655 42.625 4.4
    endloop
  endfacet
  facet normal 0.44249 0.896774 -0
    outer loop
      vertex 96.5803 41.8832 2.2
      vertex 96.375 41.9845 4.4
      vertex 96.5803 41.8832 4.4
    endloop
  endfacet
  facet normal 0.44249 0.896774 0
    outer loop
      vertex 96.375 41.9845 4.4
      vertex 96.5803 41.8832 2.2
      vertex 96.375 41.9845 2.2
    endloop
  endfacet
  facet normal -0.321464 -0.946922 0
    outer loop
      vertex 97.7029 45.1904 2.2
      vertex 97.9197 45.1168 4.4
      vertex 97.7029 45.1904 4.4
    endloop
  endfacet
  facet normal -0.321464 -0.946922 -0
    outer loop
      vertex 97.9197 45.1168 4.4
      vertex 97.7029 45.1904 2.2
      vertex 97.9197 45.1168 2.2
    endloop
  endfacet
  facet normal 0.831579 -0.555406 0
    outer loop
      vertex 95.7345 44.375 4.4
      vertex 95.8616 44.5653 2.2
      vertex 95.8616 44.5653 4.4
    endloop
  endfacet
  facet normal 0.831579 -0.555406 0
    outer loop
      vertex 95.8616 44.5653 2.2
      vertex 95.7345 44.375 4.4
      vertex 95.7345 44.375 2.2
    endloop
  endfacet
  facet normal -0.751792 -0.6594 0
    outer loop
      vertex 7.5817 -46.1683 0
      vertex 7.28673 -45.832 2.2
      vertex 7.28673 -45.832 0
    endloop
  endfacet
  facet normal -0.751792 -0.6594 0
    outer loop
      vertex 7.28673 -45.832 2.2
      vertex 7.5817 -46.1683 0
      vertex 7.5817 -46.1683 2.2
    endloop
  endfacet
  facet normal 0.0654953 -0.997853 0
    outer loop
      vertex 97.5 -47.17 0
      vertex 97.9464 -47.1407 2.2
      vertex 97.5 -47.17 2.2
    endloop
  endfacet
  facet normal 0.0654953 -0.997853 0
    outer loop
      vertex 97.9464 -47.1407 2.2
      vertex 97.5 -47.17 0
      vertex 97.9464 -47.1407 0
    endloop
  endfacet
  facet normal -0.99786 0.065384 0
    outer loop
      vertex 6.58 43.75 0
      vertex 6.60925 44.1964 2.2
      vertex 6.60925 44.1964 0
    endloop
  endfacet
  facet normal -0.99786 0.065384 0
    outer loop
      vertex 6.60925 44.1964 2.2
      vertex 6.58 43.75 0
      vertex 6.58 43.75 2.2
    endloop
  endfacet
  facet normal -0.32144 -0.94693 0
    outer loop
      vertex 8.69122 -46.9097 0
      vertex 9.11484 -47.0535 2.2
      vertex 8.69122 -46.9097 2.2
    endloop
  endfacet
  facet normal -0.32144 -0.94693 -0
    outer loop
      vertex 9.11484 -47.0535 2.2
      vertex 8.69122 -46.9097 0
      vertex 9.11484 -47.0535 0
    endloop
  endfacet
  facet normal 0.0654953 0.997853 -0
    outer loop
      vertex 97.9464 47.1407 0
      vertex 97.5 47.17 2.2
      vertex 97.9464 47.1407 2.2
    endloop
  endfacet
  facet normal 0.0654953 0.997853 0
    outer loop
      vertex 97.5 47.17 2.2
      vertex 97.9464 47.1407 0
      vertex 97.5 47.17 0
    endloop
  endfacet
  facet normal -1 0 0
    outer loop
      vertex 6.58 43.75 0
      vertex 6.58 9 2.2
      vertex 6.58 43.75 2.2
    endloop
  endfacet
  facet normal -1 0 0
    outer loop
      vertex 6.58 43.75 0
      vertex 6.58 -9 2.2
      vertex 6.58 9 2.2
    endloop
  endfacet
  facet normal -1 0 0
    outer loop
      vertex 6.58 -43.75 0
      vertex 6.58 -9 2.2
      vertex 6.58 43.75 0
    endloop
  endfacet
  facet normal -1 -0 0
    outer loop
      vertex 6.58 -9 2.2
      vertex 6.58 -43.75 0
      vertex 6.58 -43.75 2.2
    endloop
  endfacet
  facet normal 0.442379 0.896828 -0
    outer loop
      vertex 99.21 46.7118 0
      vertex 98.8088 46.9097 2.2
      vertex 99.21 46.7118 2.2
    endloop
  endfacet
  facet normal 0.442379 0.896828 0
    outer loop
      vertex 98.8088 46.9097 2.2
      vertex 99.21 46.7118 0
      vertex 98.8088 46.9097 0
    endloop
  endfacet
  facet normal -0.194929 -0.980817 0
    outer loop
      vertex 9.11484 -47.0535 0
      vertex 9.5536 -47.1407 2.2
      vertex 9.11484 -47.0535 2.2
    endloop
  endfacet
  facet normal -0.194929 -0.980817 -0
    outer loop
      vertex 9.5536 -47.1407 2.2
      vertex 9.11484 -47.0535 0
      vertex 9.5536 -47.1407 0
    endloop
  endfacet
  facet normal 0.555474 -0.831534 0
    outer loop
      vertex 99.21 -46.7118 0
      vertex 99.582 -46.4633 2.2
      vertex 99.21 -46.7118 2.2
    endloop
  endfacet
  facet normal 0.555474 -0.831534 0
    outer loop
      vertex 99.582 -46.4633 2.2
      vertex 99.21 -46.7118 0
      vertex 99.582 -46.4633 0
    endloop
  endfacet
  facet normal -0.442352 0.896841 0
    outer loop
      vertex 8.69122 46.9097 0
      vertex 8.28999 46.7118 2.2
      vertex 8.69122 46.9097 2.2
    endloop
  endfacet
  facet normal -0.442352 0.896841 0
    outer loop
      vertex 8.28999 46.7118 2.2
      vertex 8.69122 46.9097 0
      vertex 8.28999 46.7118 0
    endloop
  endfacet
  facet normal 0 -1 0
    outer loop
      vertex 10 -47.17 0
      vertex 44.75 -47.17 2.2
      vertex 10 -47.17 2.2
    endloop
  endfacet
  facet normal 0 -1 -0
    outer loop
      vertex 44.75 -47.17 2.2
      vertex 10 -47.17 0
      vertex 62.75 -47.17 2.2
    endloop
  endfacet
  facet normal 0 -1 0
    outer loop
      vertex 97.5 -47.17 0
      vertex 62.75 -47.17 2.2
      vertex 10 -47.17 0
    endloop
  endfacet
  facet normal 0 -1 0
    outer loop
      vertex 62.75 -47.17 2.2
      vertex 97.5 -47.17 0
      vertex 97.5 -47.17 2.2
    endloop
  endfacet
  facet normal -0.831493 -0.555536 0
    outer loop
      vertex 7.28673 -45.832 0
      vertex 7.03819 -45.46 2.2
      vertex 7.03819 -45.46 0
    endloop
  endfacet
  facet normal -0.831493 -0.555536 0
    outer loop
      vertex 7.03819 -45.46 2.2
      vertex 7.28673 -45.832 0
      vertex 7.28673 -45.832 2.2
    endloop
  endfacet
  facet normal 0.831018 -0.556246 0
    outer loop
      vertex 100.213 -45.832 2.2
      vertex 100.462 -45.46 0
      vertex 100.462 -45.46 2.2
    endloop
  endfacet
  facet normal 0.831018 -0.556246 0
    outer loop
      vertex 100.462 -45.46 0
      vertex 100.213 -45.832 2.2
      vertex 100.213 -45.832 0
    endloop
  endfacet
  facet normal 0.89674 -0.442558 0
    outer loop
      vertex 100.462 -45.46 2.2
      vertex 100.66 -45.0588 0
      vertex 100.66 -45.0588 2.2
    endloop
  endfacet
  facet normal 0.89674 -0.442558 0
    outer loop
      vertex 100.66 -45.0588 0
      vertex 100.462 -45.46 2.2
      vertex 100.462 -45.46 0
    endloop
  endfacet
  facet normal -0.946925 -0.321454 0
    outer loop
      vertex 6.84033 -45.0588 0
      vertex 6.69653 -44.6352 2.2
      vertex 6.69653 -44.6352 0
    endloop
  endfacet
  facet normal -0.946925 -0.321454 0
    outer loop
      vertex 6.69653 -44.6352 2.2
      vertex 6.84033 -45.0588 0
      vertex 6.84033 -45.0588 2.2
    endloop
  endfacet
  facet normal 0 1 -0
    outer loop
      vertex 97.5 47.17 0
      vertex 62.75 47.17 2.2
      vertex 97.5 47.17 2.2
    endloop
  endfacet
  facet normal 0 1 0
    outer loop
      vertex 62.75 47.17 2.2
      vertex 97.5 47.17 0
      vertex 44.75 47.17 2.2
    endloop
  endfacet
  facet normal 0 1 0
    outer loop
      vertex 10 47.17 0
      vertex 44.75 47.17 2.2
      vertex 97.5 47.17 0
    endloop
  endfacet
  facet normal 0 1 0
    outer loop
      vertex 44.75 47.17 2.2
      vertex 10 47.17 0
      vertex 10 47.17 2.2
    endloop
  endfacet
  facet normal -0.0654953 -0.997853 0
    outer loop
      vertex 9.5536 -47.1407 0
      vertex 10 -47.17 2.2
      vertex 9.5536 -47.1407 2.2
    endloop
  endfacet
  facet normal -0.0654953 -0.997853 -0
    outer loop
      vertex 10 -47.17 2.2
      vertex 9.5536 -47.1407 0
      vertex 10 -47.17 0
    endloop
  endfacet
  facet normal -0.32144 0.94693 0
    outer loop
      vertex 9.11484 47.0535 0
      vertex 8.69122 46.9097 2.2
      vertex 9.11484 47.0535 2.2
    endloop
  endfacet
  facet normal -0.32144 0.94693 0
    outer loop
      vertex 8.69122 46.9097 2.2
      vertex 9.11484 47.0535 0
      vertex 8.69122 46.9097 0
    endloop
  endfacet
  facet normal 0.980477 0.196632 0
    outer loop
      vertex 100.891 44.1964 2.2
      vertex 100.803 44.6352 0
      vertex 100.803 44.6352 2.2
    endloop
  endfacet
  facet normal 0.980477 0.196632 0
    outer loop
      vertex 100.803 44.6352 0
      vertex 100.891 44.1964 2.2
      vertex 100.891 44.1964 0
    endloop
  endfacet
  facet normal -0.442352 -0.896841 0
    outer loop
      vertex 8.28999 -46.7118 0
      vertex 8.69122 -46.9097 2.2
      vertex 8.28999 -46.7118 2.2
    endloop
  endfacet
  facet normal -0.442352 -0.896841 -0
    outer loop
      vertex 8.69122 -46.9097 2.2
      vertex 8.28999 -46.7118 0
      vertex 8.69122 -46.9097 0
    endloop
  endfacet
  facet normal -0.659405 -0.751788 0
    outer loop
      vertex 7.5817 -46.1683 0
      vertex 7.91803 -46.4633 2.2
      vertex 7.5817 -46.1683 2.2
    endloop
  endfacet
  facet normal -0.659405 -0.751788 -0
    outer loop
      vertex 7.91803 -46.4633 2.2
      vertex 7.5817 -46.1683 0
      vertex 7.91803 -46.4633 0
    endloop
  endfacet
  facet normal -0.194929 0.980817 0
    outer loop
      vertex 9.5536 47.1407 0
      vertex 9.11484 47.0535 2.2
      vertex 9.5536 47.1407 2.2
    endloop
  endfacet
  facet normal -0.194929 0.980817 0
    outer loop
      vertex 9.11484 47.0535 2.2
      vertex 9.5536 47.1407 0
      vertex 9.11484 47.0535 0
    endloop
  endfacet
  facet normal -0.0654953 0.997853 0
    outer loop
      vertex 10 47.17 0
      vertex 9.5536 47.1407 2.2
      vertex 10 47.17 2.2
    endloop
  endfacet
  facet normal -0.0654953 0.997853 0
    outer loop
      vertex 9.5536 47.1407 2.2
      vertex 10 47.17 0
      vertex 9.5536 47.1407 0
    endloop
  endfacet
  facet normal 0 0 -1
    outer loop
      vertex 97.5 -47.17 0
      vertex 100.92 -43.75 0
      vertex 100.891 -44.1964 0
    endloop
  endfacet
  facet normal 0 0 -1
    outer loop
      vertex 100.92 -43.75 0
      vertex 82.35 -19.4 0
      vertex 100.92 43.75 0
    endloop
  endfacet
  facet normal 0 0 -1
    outer loop
      vertex 97.5 -47.17 0
      vertex 100.891 -44.1964 0
      vertex 100.803 -44.6352 0
    endloop
  endfacet
  facet normal 0 0 -1
    outer loop
      vertex 82.35 19.4 0
      vertex 100.92 43.75 0
      vertex 82.35 -19.4 0
    endloop
  endfacet
  facet normal 0 0 -1
    outer loop
      vertex 97.5 -47.17 0
      vertex 100.803 -44.6352 0
      vertex 100.66 -45.0588 0
    endloop
  endfacet
  facet normal 0 0 -1
    outer loop
      vertex 82.3363 19.6088 0
      vertex 100.92 43.75 0
      vertex 82.35 19.4 0
    endloop
  endfacet
  facet normal 0 0 -1
    outer loop
      vertex 97.5 -47.17 0
      vertex 100.66 -45.0588 0
      vertex 100.462 -45.46 0
    endloop
  endfacet
  facet normal 0 0 -1
    outer loop
      vertex 82.2955 19.8141 0
      vertex 100.92 43.75 0
      vertex 82.3363 19.6088 0
    endloop
  endfacet
  facet normal 0 0 -1
    outer loop
      vertex 97.5 -47.17 0
      vertex 100.462 -45.46 0
      vertex 100.213 -45.832 0
    endloop
  endfacet
  facet normal 0 0 -1
    outer loop
      vertex 82.2282 20.0123 0
      vertex 100.92 43.75 0
      vertex 82.2955 19.8141 0
    endloop
  endfacet
  facet normal 0 0 -1
    outer loop
      vertex 97.5 -47.17 0
      vertex 100.213 -45.832 0
      vertex 99.9183 -46.1683 0
    endloop
  endfacet
  facet normal 0 0 -1
    outer loop
      vertex 82.1356 20.2 0
      vertex 100.92 43.75 0
      vertex 82.2282 20.0123 0
    endloop
  endfacet
  facet normal 0 0 -1
    outer loop
      vertex 97.5 -47.17 0
      vertex 99.9183 -46.1683 0
      vertex 99.582 -46.4633 0
    endloop
  endfacet
  facet normal 0 0 -1
    outer loop
      vertex 82.0194 20.374 0
      vertex 100.92 43.75 0
      vertex 82.1356 20.2 0
    endloop
  endfacet
  facet normal 0 0 -1
    outer loop
      vertex 97.5 -47.17 0
      vertex 99.582 -46.4633 0
      vertex 99.21 -46.7118 0
    endloop
  endfacet
  facet normal 0 0 -1
    outer loop
      vertex 81.8814 20.5314 0
      vertex 100.92 43.75 0
      vertex 82.0194 20.374 0
    endloop
  endfacet
  facet normal 0 0 -1
    outer loop
      vertex 97.5 -47.17 0
      vertex 99.21 -46.7118 0
      vertex 98.8088 -46.9097 0
    endloop
  endfacet
  facet normal 0 0 -1
    outer loop
      vertex 81.724 20.6694 0
      vertex 100.92 43.75 0
      vertex 81.8814 20.5314 0
    endloop
  endfacet
  facet normal 0 0 -1
    outer loop
      vertex 97.5 -47.17 0
      vertex 98.8088 -46.9097 0
      vertex 98.3852 -47.0535 0
    endloop
  endfacet
  facet normal 0 0 -1
    outer loop
      vertex 81.55 20.7856 0
      vertex 100.92 43.75 0
      vertex 81.724 20.6694 0
    endloop
  endfacet
  facet normal 0 0 -1
    outer loop
      vertex 97.5 -47.17 0
      vertex 98.3852 -47.0535 0
      vertex 97.9464 -47.1407 0
    endloop
  endfacet
  facet normal 0 -0 -1
    outer loop
      vertex 97.5 47.17 0
      vertex 100.92 43.75 0
      vertex 81.55 20.7856 0
    endloop
  endfacet
  facet normal -0 0 -1
    outer loop
      vertex 100.92 -43.75 0
      vertex 97.5 -47.17 0
      vertex 81.55 -20.7856 0
    endloop
  endfacet
  facet normal 0 0 -1
    outer loop
      vertex 100.92 43.75 0
      vertex 97.5 47.17 0
      vertex 100.891 44.1964 0
    endloop
  endfacet
  facet normal 0 0 -1
    outer loop
      vertex 100.803 44.6352 0
      vertex 97.5 47.17 0
      vertex 100.66 45.0588 0
    endloop
  endfacet
  facet normal 0 0 -1
    outer loop
      vertex 100.92 -43.75 0
      vertex 82.3363 -19.6088 0
      vertex 82.35 -19.4 0
    endloop
  endfacet
  facet normal 0 0 -1
    outer loop
      vertex 100.92 -43.75 0
      vertex 82.2955 -19.8141 0
      vertex 82.3363 -19.6088 0
    endloop
  endfacet
  facet normal 0 0 -1
    outer loop
      vertex 100.92 -43.75 0
      vertex 82.2282 -20.0123 0
      vertex 82.2955 -19.8141 0
    endloop
  endfacet
  facet normal 0 0 -1
    outer loop
      vertex 100.92 -43.75 0
      vertex 82.1356 -20.2 0
      vertex 82.2282 -20.0123 0
    endloop
  endfacet
  facet normal 0 0 -1
    outer loop
      vertex 100.92 -43.75 0
      vertex 82.0194 -20.374 0
      vertex 82.1356 -20.2 0
    endloop
  endfacet
  facet normal 0 0 -1
    outer loop
      vertex 100.92 -43.75 0
      vertex 81.8814 -20.5314 0
      vertex 82.0194 -20.374 0
    endloop
  endfacet
  facet normal 0 0 -1
    outer loop
      vertex 100.92 -43.75 0
      vertex 81.724 -20.6694 0
      vertex 81.8814 -20.5314 0
    endloop
  endfacet
  facet normal 0 0 -1
    outer loop
      vertex 100.92 -43.75 0
      vertex 81.55 -20.7856 0
      vertex 81.724 -20.6694 0
    endloop
  endfacet
  facet normal 0 0 -1
    outer loop
      vertex 97.5 -47.17 0
      vertex 81.3623 -20.8782 0
      vertex 81.55 -20.7856 0
    endloop
  endfacet
  facet normal 0 0 -1
    outer loop
      vertex 97.5 -47.17 0
      vertex 81.1641 -20.9455 0
      vertex 81.3623 -20.8782 0
    endloop
  endfacet
  facet normal 0 0 -1
    outer loop
      vertex 97.5 -47.17 0
      vertex 80.9588 -20.9863 0
      vertex 81.1641 -20.9455 0
    endloop
  endfacet
  facet normal 0 0 -1
    outer loop
      vertex 97.5 -47.17 0
      vertex 80.75 -21 0
      vertex 80.9588 -20.9863 0
    endloop
  endfacet
  facet normal 0 0 -1
    outer loop
      vertex 97.5 -47.17 0
      vertex 80.5412 -20.9863 0
      vertex 80.75 -21 0
    endloop
  endfacet
  facet normal 0 0 -1
    outer loop
      vertex 97.5 -47.17 0
      vertex 80.3359 -20.9455 0
      vertex 80.5412 -20.9863 0
    endloop
  endfacet
  facet normal 0 0 -1
    outer loop
      vertex 72.1641 -20.9455 0
      vertex 80.3359 -20.9455 0
      vertex 97.5 -47.17 0
    endloop
  endfacet
  facet normal 0 0 -1
    outer loop
      vertex 80.3359 -20.9455 0
      vertex 72.1641 -20.9455 0
      vertex 80.1377 -20.8782 0
    endloop
  endfacet
  facet normal 0 -0 -1
    outer loop
      vertex 72.3623 -20.8782 0
      vertex 80.1377 -20.8782 0
      vertex 72.1641 -20.9455 0
    endloop
  endfacet
  facet normal 0 0 -1
    outer loop
      vertex 80.1377 -20.8782 0
      vertex 72.3623 -20.8782 0
      vertex 79.95 -20.7856 0
    endloop
  endfacet
  facet normal 0 -0 -1
    outer loop
      vertex 72.55 -20.7856 0
      vertex 79.95 -20.7856 0
      vertex 72.3623 -20.8782 0
    endloop
  endfacet
  facet normal 0 0 -1
    outer loop
      vertex 79.15 -19.4 0
      vertex 73.35 -19.4 0
      vertex 79.15 19.4 0
    endloop
  endfacet
  facet normal 0 0 -1
    outer loop
      vertex 79.1637 -19.6088 0
      vertex 73.35 -19.4 0
      vertex 79.15 -19.4 0
    endloop
  endfacet
  facet normal 0 0 -1
    outer loop
      vertex 73.3363 -19.6088 0
      vertex 79.1637 -19.6088 0
      vertex 79.2045 -19.8141 0
    endloop
  endfacet
  facet normal 0 0 -1
    outer loop
      vertex 73.2955 -19.8141 0
      vertex 79.2045 -19.8141 0
      vertex 79.2718 -20.0123 0
    endloop
  endfacet
  facet normal 0 0 -1
    outer loop
      vertex 73.2282 -20.0123 0
      vertex 79.2718 -20.0123 0
      vertex 79.3644 -20.2 0
    endloop
  endfacet
  facet normal 0 0 -1
    outer loop
      vertex 73.1356 -20.2 0
      vertex 79.3644 -20.2 0
      vertex 79.4806 -20.374 0
    endloop
  endfacet
  facet normal 0 0 -1
    outer loop
      vertex 79.95 -20.7856 0
      vertex 72.55 -20.7856 0
      vertex 79.776 -20.6694 0
    endloop
  endfacet
  facet normal 0 0 -1
    outer loop
      vertex 79.1637 -19.6088 0
      vertex 73.3363 -19.6088 0
      vertex 73.35 -19.4 0
    endloop
  endfacet
  facet normal 0 0 -1
    outer loop
      vertex 79.2045 -19.8141 0
      vertex 73.2955 -19.8141 0
      vertex 73.3363 -19.6088 0
    endloop
  endfacet
  facet normal 0 0 -1
    outer loop
      vertex 79.2718 -20.0123 0
      vertex 73.2282 -20.0123 0
      vertex 73.2955 -19.8141 0
    endloop
  endfacet
  facet normal 0 0 -1
    outer loop
      vertex 79.3644 -20.2 0
      vertex 73.1356 -20.2 0
      vertex 73.2282 -20.0123 0
    endloop
  endfacet
  facet normal 0 0 -1
    outer loop
      vertex 79.4806 -20.374 0
      vertex 73.0194 -20.374 0
      vertex 73.1356 -20.2 0
    endloop
  endfacet
  facet normal -0 0 -1
    outer loop
      vertex 79.4806 -20.374 0
      vertex 72.8814 -20.5314 0
      vertex 73.0194 -20.374 0
    endloop
  endfacet
  facet normal 0 0 -1
    outer loop
      vertex 79.6186 -20.5314 0
      vertex 72.8814 -20.5314 0
      vertex 79.4806 -20.374 0
    endloop
  endfacet
  facet normal 0 -0 -1
    outer loop
      vertex 72.8814 -20.5314 0
      vertex 79.6186 -20.5314 0
      vertex 72.724 -20.6694 0
    endloop
  endfacet
  facet normal 0 0 -1
    outer loop
      vertex 79.776 -20.6694 0
      vertex 72.724 -20.6694 0
      vertex 79.6186 -20.5314 0
    endloop
  endfacet
  facet normal 0 -0 -1
    outer loop
      vertex 72.724 -20.6694 0
      vertex 79.776 -20.6694 0
      vertex 72.55 -20.7856 0
    endloop
  endfacet
  facet normal 0 0 -1
    outer loop
      vertex 97.5 -47.17 0
      vertex 71.9588 -20.9863 0
      vertex 72.1641 -20.9455 0
    endloop
  endfacet
  facet normal 0 0 -1
    outer loop
      vertex 97.5 -47.17 0
      vertex 71.75 -21 0
      vertex 71.9588 -20.9863 0
    endloop
  endfacet
  facet normal 0 0 -1
    outer loop
      vertex 97.5 -47.17 0
      vertex 71.5412 -20.9863 0
      vertex 71.75 -21 0
    endloop
  endfacet
  facet normal 0 0 -1
    outer loop
      vertex 62.9588 -20.9863 0
      vertex 71.5412 -20.9863 0
      vertex 97.5 -47.17 0
    endloop
  endfacet
  facet normal 0 0 -1
    outer loop
      vertex 71.5412 -20.9863 0
      vertex 62.9588 -20.9863 0
      vertex 71.3359 -20.9455 0
    endloop
  endfacet
  facet normal 0 -0 -1
    outer loop
      vertex 63.1641 -20.9455 0
      vertex 71.3359 -20.9455 0
      vertex 62.9588 -20.9863 0
    endloop
  endfacet
  facet normal 0 0 -1
    outer loop
      vertex 71.3359 -20.9455 0
      vertex 63.1641 -20.9455 0
      vertex 71.1377 -20.8782 0
    endloop
  endfacet
  facet normal 0 -0 -1
    outer loop
      vertex 63.3623 -20.8782 0
      vertex 71.1377 -20.8782 0
      vertex 63.1641 -20.9455 0
    endloop
  endfacet
  facet normal 0 0 -1
    outer loop
      vertex 70.15 -19.4 0
      vertex 64.35 -19.4 0
      vertex 70.15 19.4 0
    endloop
  endfacet
  facet normal 0 0 -1
    outer loop
      vertex 70.1637 -19.6088 0
      vertex 64.35 -19.4 0
      vertex 70.15 -19.4 0
    endloop
  endfacet
  facet normal 0 0 -1
    outer loop
      vertex 64.3363 -19.6088 0
      vertex 70.1637 -19.6088 0
      vertex 70.2045 -19.8141 0
    endloop
  endfacet
  facet normal 0 0 -1
    outer loop
      vertex 64.2955 -19.8141 0
      vertex 70.2045 -19.8141 0
      vertex 70.2718 -20.0123 0
    endloop
  endfacet
  facet normal 0 0 -1
    outer loop
      vertex 64.2282 -20.0123 0
      vertex 70.2718 -20.0123 0
      vertex 70.3644 -20.2 0
    endloop
  endfacet
  facet normal 0 0 -1
    outer loop
      vertex 64.1356 -20.2 0
      vertex 70.3644 -20.2 0
      vertex 70.4806 -20.374 0
    endloop
  endfacet
  facet normal 0 0 -1
    outer loop
      vertex 64.0194 -20.374 0
      vertex 70.4806 -20.374 0
      vertex 70.6186 -20.5314 0
    endloop
  endfacet
  facet normal 0 -0 -1
    outer loop
      vertex 63.55 -20.7856 0
      vertex 70.95 -20.7856 0
      vertex 63.3623 -20.8782 0
    endloop
  endfacet
  facet normal 0 0 -1
    outer loop
      vertex 70.1637 -19.6088 0
      vertex 64.3363 -19.6088 0
      vertex 64.35 -19.4 0
    endloop
  endfacet
  facet normal 0 0 -1
    outer loop
      vertex 70.2045 -19.8141 0
      vertex 64.2955 -19.8141 0
      vertex 64.3363 -19.6088 0
    endloop
  endfacet
  facet normal 0 0 -1
    outer loop
      vertex 70.2718 -20.0123 0
      vertex 64.2282 -20.0123 0
      vertex 64.2955 -19.8141 0
    endloop
  endfacet
  facet normal 0 0 -1
    outer loop
      vertex 70.3644 -20.2 0
      vertex 64.1356 -20.2 0
      vertex 64.2282 -20.0123 0
    endloop
  endfacet
  facet normal 0 0 -1
    outer loop
      vertex 70.4806 -20.374 0
      vertex 64.0194 -20.374 0
      vertex 64.1356 -20.2 0
    endloop
  endfacet
  facet normal 0 0 -1
    outer loop
      vertex 70.6186 -20.5314 0
      vertex 63.8814 -20.5314 0
      vertex 64.0194 -20.374 0
    endloop
  endfacet
  facet normal -0 0 -1
    outer loop
      vertex 70.6186 -20.5314 0
      vertex 63.724 -20.6694 0
      vertex 63.8814 -20.5314 0
    endloop
  endfacet
  facet normal 0 0 -1
    outer loop
      vertex 70.776 -20.6694 0
      vertex 63.724 -20.6694 0
      vertex 70.6186 -20.5314 0
    endloop
  endfacet
  facet normal 0 -0 -1
    outer loop
      vertex 63.724 -20.6694 0
      vertex 70.776 -20.6694 0
      vertex 63.55 -20.7856 0
    endloop
  endfacet
  facet normal 0 0 -1
    outer loop
      vertex 70.95 -20.7856 0
      vertex 63.55 -20.7856 0
      vertex 70.776 -20.6694 0
    endloop
  endfacet
  facet normal 0 0 -1
    outer loop
      vertex 71.1377 -20.8782 0
      vertex 63.3623 -20.8782 0
      vertex 70.95 -20.7856 0
    endloop
  endfacet
  facet normal 0 0 -1
    outer loop
      vertex 97.5 -47.17 0
      vertex 62.75 -21 0
      vertex 62.9588 -20.9863 0
    endloop
  endfacet
  facet normal 0 0 -1
    outer loop
      vertex 97.5 -47.17 0
      vertex 62.5412 -20.9863 0
      vertex 62.75 -21 0
    endloop
  endfacet
  facet normal 0 0 -1
    outer loop
      vertex 53.9588 -20.9863 0
      vertex 62.5412 -20.9863 0
      vertex 97.5 -47.17 0
    endloop
  endfacet
  facet normal 0 0 -1
    outer loop
      vertex 62.5412 -20.9863 0
      vertex 53.9588 -20.9863 0
      vertex 62.3359 -20.9455 0
    endloop
  endfacet
  facet normal 0 -0 -1
    outer loop
      vertex 54.1641 -20.9455 0
      vertex 62.3359 -20.9455 0
      vertex 53.9588 -20.9863 0
    endloop
  endfacet
  facet normal 0 0 -1
    outer loop
      vertex 62.3359 -20.9455 0
      vertex 54.1641 -20.9455 0
      vertex 62.1377 -20.8782 0
    endloop
  endfacet
  facet normal 0 0 -1
    outer loop
      vertex 61.15 -19.4 0
      vertex 55.35 -19.4 0
      vertex 61.15 19.4 0
    endloop
  endfacet
  facet normal 0 0 -1
    outer loop
      vertex 61.1637 -19.6088 0
      vertex 55.35 -19.4 0
      vertex 61.15 -19.4 0
    endloop
  endfacet
  facet normal 0 0 -1
    outer loop
      vertex 55.3363 -19.6088 0
      vertex 61.1637 -19.6088 0
      vertex 61.2045 -19.8141 0
    endloop
  endfacet
  facet normal 0 0 -1
    outer loop
      vertex 55.2955 -19.8141 0
      vertex 61.2045 -19.8141 0
      vertex 61.2718 -20.0123 0
    endloop
  endfacet
  facet normal 0 0 -1
    outer loop
      vertex 55.2282 -20.0123 0
      vertex 61.2718 -20.0123 0
      vertex 61.3644 -20.2 0
    endloop
  endfacet
  facet normal 0 0 -1
    outer loop
      vertex 55.1356 -20.2 0
      vertex 61.3644 -20.2 0
      vertex 61.4806 -20.374 0
    endloop
  endfacet
  facet normal 0 0 -1
    outer loop
      vertex 55.0194 -20.374 0
      vertex 61.4806 -20.374 0
      vertex 61.6186 -20.5314 0
    endloop
  endfacet
  facet normal 0 0 -1
    outer loop
      vertex 54.8814 -20.5314 0
      vertex 61.6186 -20.5314 0
      vertex 61.776 -20.6694 0
    endloop
  endfacet
  facet normal 0 -0 -1
    outer loop
      vertex 54.3623 -20.8782 0
      vertex 62.1377 -20.8782 0
      vertex 54.1641 -20.9455 0
    endloop
  endfacet
  facet normal 0 0 -1
    outer loop
      vertex 61.1637 -19.6088 0
      vertex 55.3363 -19.6088 0
      vertex 55.35 -19.4 0
    endloop
  endfacet
  facet normal 0 0 -1
    outer loop
      vertex 61.2045 -19.8141 0
      vertex 55.2955 -19.8141 0
      vertex 55.3363 -19.6088 0
    endloop
  endfacet
  facet normal 0 0 -1
    outer loop
      vertex 61.2718 -20.0123 0
      vertex 55.2282 -20.0123 0
      vertex 55.2955 -19.8141 0
    endloop
  endfacet
  facet normal 0 0 -1
    outer loop
      vertex 61.3644 -20.2 0
      vertex 55.1356 -20.2 0
      vertex 55.2282 -20.0123 0
    endloop
  endfacet
  facet normal 0 0 -1
    outer loop
      vertex 61.4806 -20.374 0
      vertex 55.0194 -20.374 0
      vertex 55.1356 -20.2 0
    endloop
  endfacet
  facet normal 0 0 -1
    outer loop
      vertex 61.6186 -20.5314 0
      vertex 54.8814 -20.5314 0
      vertex 55.0194 -20.374 0
    endloop
  endfacet
  facet normal 0 0 -1
    outer loop
      vertex 61.776 -20.6694 0
      vertex 54.724 -20.6694 0
      vertex 54.8814 -20.5314 0
    endloop
  endfacet
  facet normal -0 0 -1
    outer loop
      vertex 61.776 -20.6694 0
      vertex 54.55 -20.7856 0
      vertex 54.724 -20.6694 0
    endloop
  endfacet
  facet normal 0 0 -1
    outer loop
      vertex 61.95 -20.7856 0
      vertex 54.55 -20.7856 0
      vertex 61.776 -20.6694 0
    endloop
  endfacet
  facet normal 0 -0 -1
    outer loop
      vertex 54.55 -20.7856 0
      vertex 61.95 -20.7856 0
      vertex 54.3623 -20.8782 0
    endloop
  endfacet
  facet normal 0 0 -1
    outer loop
      vertex 62.1377 -20.8782 0
      vertex 54.3623 -20.8782 0
      vertex 61.95 -20.7856 0
    endloop
  endfacet
  facet normal 0 0 -1
    outer loop
      vertex 97.5 -47.17 0
      vertex 53.75 -21 0
      vertex 53.9588 -20.9863 0
    endloop
  endfacet
  facet normal 0 0 -1
    outer loop
      vertex 10 -47.17 0
      vertex 53.75 -21 0
      vertex 97.5 -47.17 0
    endloop
  endfacet
  facet normal -0 0 -1
    outer loop
      vertex 53.75 -21 0
      vertex 10 -47.17 0
      vertex 53.5412 -20.9863 0
    endloop
  endfacet
  facet normal 0 -0 -1
    outer loop
      vertex 44.9588 -20.9863 0
      vertex 53.5412 -20.9863 0
      vertex 10 -47.17 0
    endloop
  endfacet
  facet normal 0 0 -1
    outer loop
      vertex 53.5412 -20.9863 0
      vertex 44.9588 -20.9863 0
      vertex 53.3359 -20.9455 0
    endloop
  endfacet
  facet normal 0 0 -1
    outer loop
      vertex 52.15 -19.4 0
      vertex 46.35 -19.4 0
      vertex 52.15 19.4 0
    endloop
  endfacet
  facet normal 0 0 -1
    outer loop
      vertex 52.1637 -19.6088 0
      vertex 46.35 -19.4 0
      vertex 52.15 -19.4 0
    endloop
  endfacet
  facet normal 0 0 -1
    outer loop
      vertex 46.3363 -19.6088 0
      vertex 52.1637 -19.6088 0
      vertex 52.2045 -19.8141 0
    endloop
  endfacet
  facet normal 0 0 -1
    outer loop
      vertex 46.2955 -19.8141 0
      vertex 52.2045 -19.8141 0
      vertex 52.2718 -20.0123 0
    endloop
  endfacet
  facet normal 0 0 -1
    outer loop
      vertex 46.2282 -20.0123 0
      vertex 52.2718 -20.0123 0
      vertex 52.3644 -20.2 0
    endloop
  endfacet
  facet normal 0 0 -1
    outer loop
      vertex 46.1356 -20.2 0
      vertex 52.3644 -20.2 0
      vertex 52.4806 -20.374 0
    endloop
  endfacet
  facet normal 0 0 -1
    outer loop
      vertex 46.0194 -20.374 0
      vertex 52.4806 -20.374 0
      vertex 52.6186 -20.5314 0
    endloop
  endfacet
  facet normal 0 0 -1
    outer loop
      vertex 45.8814 -20.5314 0
      vertex 52.6186 -20.5314 0
      vertex 52.776 -20.6694 0
    endloop
  endfacet
  facet normal 0 0 -1
    outer loop
      vertex 45.724 -20.6694 0
      vertex 52.776 -20.6694 0
      vertex 52.95 -20.7856 0
    endloop
  endfacet
  facet normal 0 -0 -1
    outer loop
      vertex 45.1641 -20.9455 0
      vertex 53.3359 -20.9455 0
      vertex 44.9588 -20.9863 0
    endloop
  endfacet
  facet normal 0 0 -1
    outer loop
      vertex 52.1637 -19.6088 0
      vertex 46.3363 -19.6088 0
      vertex 46.35 -19.4 0
    endloop
  endfacet
  facet normal 0 0 -1
    outer loop
      vertex 52.2045 -19.8141 0
      vertex 46.2955 -19.8141 0
      vertex 46.3363 -19.6088 0
    endloop
  endfacet
  facet normal 0 0 -1
    outer loop
      vertex 52.2718 -20.0123 0
      vertex 46.2282 -20.0123 0
      vertex 46.2955 -19.8141 0
    endloop
  endfacet
  facet normal 0 0 -1
    outer loop
      vertex 52.3644 -20.2 0
      vertex 46.1356 -20.2 0
      vertex 46.2282 -20.0123 0
    endloop
  endfacet
  facet normal 0 0 -1
    outer loop
      vertex 52.4806 -20.374 0
      vertex 46.0194 -20.374 0
      vertex 46.1356 -20.2 0
    endloop
  endfacet
  facet normal 0 0 -1
    outer loop
      vertex 52.6186 -20.5314 0
      vertex 45.8814 -20.5314 0
      vertex 46.0194 -20.374 0
    endloop
  endfacet
  facet normal 0 0 -1
    outer loop
      vertex 52.776 -20.6694 0
      vertex 45.724 -20.6694 0
      vertex 45.8814 -20.5314 0
    endloop
  endfacet
  facet normal 0 0 -1
    outer loop
      vertex 52.95 -20.7856 0
      vertex 45.55 -20.7856 0
      vertex 45.724 -20.6694 0
    endloop
  endfacet
  facet normal -0 0 -1
    outer loop
      vertex 52.95 -20.7856 0
      vertex 45.3623 -20.8782 0
      vertex 45.55 -20.7856 0
    endloop
  endfacet
  facet normal 0 0 -1
    outer loop
      vertex 53.1377 -20.8782 0
      vertex 45.3623 -20.8782 0
      vertex 52.95 -20.7856 0
    endloop
  endfacet
  facet normal 0 -0 -1
    outer loop
      vertex 45.3623 -20.8782 0
      vertex 53.1377 -20.8782 0
      vertex 45.1641 -20.9455 0
    endloop
  endfacet
  facet normal 0 0 -1
    outer loop
      vertex 53.3359 -20.9455 0
      vertex 45.1641 -20.9455 0
      vertex 53.1377 -20.8782 0
    endloop
  endfacet
  facet normal 0 0 -1
    outer loop
      vertex 44.9588 -20.9863 0
      vertex 10 -47.17 0
      vertex 44.75 -21 0
    endloop
  endfacet
  facet normal -0 0 -1
    outer loop
      vertex 44.75 -21 0
      vertex 10 -47.17 0
      vertex 44.5412 -20.9863 0
    endloop
  endfacet
  facet normal 0 -0 -1
    outer loop
      vertex 35.9588 -20.9863 0
      vertex 44.5412 -20.9863 0
      vertex 10 -47.17 0
    endloop
  endfacet
  facet normal 0 0 -1
    outer loop
      vertex 43.15 -19.4 0
      vertex 37.35 -19.4 0
      vertex 43.15 19.4 0
    endloop
  endfacet
  facet normal 0 0 -1
    outer loop
      vertex 43.1637 -19.6088 0
      vertex 37.35 -19.4 0
      vertex 43.15 -19.4 0
    endloop
  endfacet
  facet normal 0 0 -1
    outer loop
      vertex 37.3363 -19.6088 0
      vertex 43.1637 -19.6088 0
      vertex 43.2045 -19.8141 0
    endloop
  endfacet
  facet normal 0 0 -1
    outer loop
      vertex 37.2955 -19.8141 0
      vertex 43.2045 -19.8141 0
      vertex 43.2718 -20.0123 0
    endloop
  endfacet
  facet normal 0 0 -1
    outer loop
      vertex 37.2282 -20.0123 0
      vertex 43.2718 -20.0123 0
      vertex 43.3644 -20.2 0
    endloop
  endfacet
  facet normal 0 0 -1
    outer loop
      vertex 37.1356 -20.2 0
      vertex 43.3644 -20.2 0
      vertex 43.4806 -20.374 0
    endloop
  endfacet
  facet normal 0 0 -1
    outer loop
      vertex 37.0194 -20.374 0
      vertex 43.4806 -20.374 0
      vertex 43.6186 -20.5314 0
    endloop
  endfacet
  facet normal 0 0 -1
    outer loop
      vertex 36.8814 -20.5314 0
      vertex 43.6186 -20.5314 0
      vertex 43.776 -20.6694 0
    endloop
  endfacet
  facet normal 0 0 -1
    outer loop
      vertex 36.724 -20.6694 0
      vertex 43.776 -20.6694 0
      vertex 43.95 -20.7856 0
    endloop
  endfacet
  facet normal 0 0 -1
    outer loop
      vertex 36.55 -20.7856 0
      vertex 43.95 -20.7856 0
      vertex 44.1377 -20.8782 0
    endloop
  endfacet
  facet normal 0 0 -1
    outer loop
      vertex 44.5412 -20.9863 0
      vertex 35.9588 -20.9863 0
      vertex 44.3359 -20.9455 0
    endloop
  endfacet
  facet normal 0 0 -1
    outer loop
      vertex 43.1637 -19.6088 0
      vertex 37.3363 -19.6088 0
      vertex 37.35 -19.4 0
    endloop
  endfacet
  facet normal 0 0 -1
    outer loop
      vertex 43.2045 -19.8141 0
      vertex 37.2955 -19.8141 0
      vertex 37.3363 -19.6088 0
    endloop
  endfacet
  facet normal 0 0 -1
    outer loop
      vertex 43.2718 -20.0123 0
      vertex 37.2282 -20.0123 0
      vertex 37.2955 -19.8141 0
    endloop
  endfacet
  facet normal 0 0 -1
    outer loop
      vertex 43.3644 -20.2 0
      vertex 37.1356 -20.2 0
      vertex 37.2282 -20.0123 0
    endloop
  endfacet
  facet normal 0 0 -1
    outer loop
      vertex 43.4806 -20.374 0
      vertex 37.0194 -20.374 0
      vertex 37.1356 -20.2 0
    endloop
  endfacet
  facet normal 0 0 -1
    outer loop
      vertex 43.6186 -20.5314 0
      vertex 36.8814 -20.5314 0
      vertex 37.0194 -20.374 0
    endloop
  endfacet
  facet normal 0 0 -1
    outer loop
      vertex 43.776 -20.6694 0
      vertex 36.724 -20.6694 0
      vertex 36.8814 -20.5314 0
    endloop
  endfacet
  facet normal 0 0 -1
    outer loop
      vertex 43.95 -20.7856 0
      vertex 36.55 -20.7856 0
      vertex 36.724 -20.6694 0
    endloop
  endfacet
  facet normal 0 0 -1
    outer loop
      vertex 44.1377 -20.8782 0
      vertex 36.3623 -20.8782 0
      vertex 36.55 -20.7856 0
    endloop
  endfacet
  facet normal 0 -0 -1
    outer loop
      vertex 36.1641 -20.9455 0
      vertex 44.3359 -20.9455 0
      vertex 35.9588 -20.9863 0
    endloop
  endfacet
  facet normal -0 0 -1
    outer loop
      vertex 44.1377 -20.8782 0
      vertex 36.1641 -20.9455 0
      vertex 36.3623 -20.8782 0
    endloop
  endfacet
  facet normal 0 0 -1
    outer loop
      vertex 44.3359 -20.9455 0
      vertex 36.1641 -20.9455 0
      vertex 44.1377 -20.8782 0
    endloop
  endfacet
  facet normal 0 0 -1
    outer loop
      vertex 35.9588 -20.9863 0
      vertex 10 -47.17 0
      vertex 35.75 -21 0
    endloop
  endfacet
  facet normal -0 0 -1
    outer loop
      vertex 35.75 -21 0
      vertex 10 -47.17 0
      vertex 35.5412 -20.9863 0
    endloop
  endfacet
  facet normal -0 0 -1
    outer loop
      vertex 35.5412 -20.9863 0
      vertex 10 -47.17 0
      vertex 35.3359 -20.9455 0
    endloop
  endfacet
  facet normal 0 0 -1
    outer loop
      vertex 34.15 -19.4 0
      vertex 28.35 -19.4 0
      vertex 34.15 19.4 0
    endloop
  endfacet
  facet normal 0 0 -1
    outer loop
      vertex 34.1637 -19.6088 0
      vertex 28.35 -19.4 0
      vertex 34.15 -19.4 0
    endloop
  endfacet
  facet normal 0 0 -1
    outer loop
      vertex 28.3363 -19.6088 0
      vertex 34.1637 -19.6088 0
      vertex 34.2045 -19.8141 0
    endloop
  endfacet
  facet normal 0 0 -1
    outer loop
      vertex 28.2955 -19.8141 0
      vertex 34.2045 -19.8141 0
      vertex 34.2718 -20.0123 0
    endloop
  endfacet
  facet normal 0 0 -1
    outer loop
      vertex 28.2282 -20.0123 0
      vertex 34.2718 -20.0123 0
      vertex 34.3644 -20.2 0
    endloop
  endfacet
  facet normal 0 0 -1
    outer loop
      vertex 28.1356 -20.2 0
      vertex 34.3644 -20.2 0
      vertex 34.4806 -20.374 0
    endloop
  endfacet
  facet normal 0 0 -1
    outer loop
      vertex 28.0194 -20.374 0
      vertex 34.4806 -20.374 0
      vertex 34.6186 -20.5314 0
    endloop
  endfacet
  facet normal 0 0 -1
    outer loop
      vertex 27.8814 -20.5314 0
      vertex 34.6186 -20.5314 0
      vertex 34.776 -20.6694 0
    endloop
  endfacet
  facet normal 0 0 -1
    outer loop
      vertex 27.724 -20.6694 0
      vertex 34.776 -20.6694 0
      vertex 34.95 -20.7856 0
    endloop
  endfacet
  facet normal 0 0 -1
    outer loop
      vertex 27.55 -20.7856 0
      vertex 34.95 -20.7856 0
      vertex 35.1377 -20.8782 0
    endloop
  endfacet
  facet normal 0 -0 -1
    outer loop
      vertex 27.1641 -20.9455 0
      vertex 35.3359 -20.9455 0
      vertex 10 -47.17 0
    endloop
  endfacet
  facet normal 0 0 -1
    outer loop
      vertex 34.1637 -19.6088 0
      vertex 28.3363 -19.6088 0
      vertex 28.35 -19.4 0
    endloop
  endfacet
  facet normal 0 0 -1
    outer loop
      vertex 34.2045 -19.8141 0
      vertex 28.2955 -19.8141 0
      vertex 28.3363 -19.6088 0
    endloop
  endfacet
  facet normal 0 0 -1
    outer loop
      vertex 34.2718 -20.0123 0
      vertex 28.2282 -20.0123 0
      vertex 28.2955 -19.8141 0
    endloop
  endfacet
  facet normal 0 0 -1
    outer loop
      vertex 34.3644 -20.2 0
      vertex 28.1356 -20.2 0
      vertex 28.2282 -20.0123 0
    endloop
  endfacet
  facet normal 0 0 -1
    outer loop
      vertex 34.4806 -20.374 0
      vertex 28.0194 -20.374 0
      vertex 28.1356 -20.2 0
    endloop
  endfacet
  facet normal 0 0 -1
    outer loop
      vertex 34.6186 -20.5314 0
      vertex 27.8814 -20.5314 0
      vertex 28.0194 -20.374 0
    endloop
  endfacet
  facet normal 0 0 -1
    outer loop
      vertex 34.776 -20.6694 0
      vertex 27.724 -20.6694 0
      vertex 27.8814 -20.5314 0
    endloop
  endfacet
  facet normal 0 0 -1
    outer loop
      vertex 35.3359 -20.9455 0
      vertex 27.1641 -20.9455 0
      vertex 35.1377 -20.8782 0
    endloop
  endfacet
  facet normal 0 0 -1
    outer loop
      vertex 34.95 -20.7856 0
      vertex 27.55 -20.7856 0
      vertex 27.724 -20.6694 0
    endloop
  endfacet
  facet normal 0 0 -1
    outer loop
      vertex 35.1377 -20.8782 0
      vertex 27.3623 -20.8782 0
      vertex 27.55 -20.7856 0
    endloop
  endfacet
  facet normal -0 0 -1
    outer loop
      vertex 35.1377 -20.8782 0
      vertex 27.1641 -20.9455 0
      vertex 27.3623 -20.8782 0
    endloop
  endfacet
  facet normal 0 0 -1
    outer loop
      vertex 27.1641 -20.9455 0
      vertex 10 -47.17 0
      vertex 26.9588 -20.9863 0
    endloop
  endfacet
  facet normal 0 0 -1
    outer loop
      vertex 26.9588 -20.9863 0
      vertex 10 -47.17 0
      vertex 26.75 -21 0
    endloop
  endfacet
  facet normal -0 0 -1
    outer loop
      vertex 26.75 -21 0
      vertex 10 -47.17 0
      vertex 26.5412 -20.9863 0
    endloop
  endfacet
  facet normal -0 0 -1
    outer loop
      vertex 26.5412 -20.9863 0
      vertex 10 -47.17 0
      vertex 26.3359 -20.9455 0
    endloop
  endfacet
  facet normal -0 0 -1
    outer loop
      vertex 25.1637 -19.6088 0
      vertex 6.58 -43.75 0
      vertex 25.15 -19.4 0
    endloop
  endfacet
  facet normal -0 0 -1
    outer loop
      vertex 25.2045 -19.8141 0
      vertex 6.58 -43.75 0
      vertex 25.1637 -19.6088 0
    endloop
  endfacet
  facet normal -0 0 -1
    outer loop
      vertex 25.2718 -20.0123 0
      vertex 6.58 -43.75 0
      vertex 25.2045 -19.8141 0
    endloop
  endfacet
  facet normal -0 0 -1
    outer loop
      vertex 25.3644 -20.2 0
      vertex 6.58 -43.75 0
      vertex 25.2718 -20.0123 0
    endloop
  endfacet
  facet normal -0 0 -1
    outer loop
      vertex 25.4806 -20.374 0
      vertex 6.58 -43.75 0
      vertex 25.3644 -20.2 0
    endloop
  endfacet
  facet normal -0 0 -1
    outer loop
      vertex 25.6186 -20.5314 0
      vertex 6.58 -43.75 0
      vertex 25.4806 -20.374 0
    endloop
  endfacet
  facet normal -0 0 -1
    outer loop
      vertex 25.776 -20.6694 0
      vertex 6.58 -43.75 0
      vertex 25.6186 -20.5314 0
    endloop
  endfacet
  facet normal -0 0 -1
    outer loop
      vertex 25.95 -20.7856 0
      vertex 6.58 -43.75 0
      vertex 25.776 -20.6694 0
    endloop
  endfacet
  facet normal 0 0 -1
    outer loop
      vertex 6.58 -43.75 0
      vertex 25.95 -20.7856 0
      vertex 10 -47.17 0
    endloop
  endfacet
  facet normal -0 0 -1
    outer loop
      vertex 26.1377 -20.8782 0
      vertex 10 -47.17 0
      vertex 25.95 -20.7856 0
    endloop
  endfacet
  facet normal -0 0 -1
    outer loop
      vertex 26.3359 -20.9455 0
      vertex 10 -47.17 0
      vertex 26.1377 -20.8782 0
    endloop
  endfacet
  facet normal 0 0 -1
    outer loop
      vertex 100.66 45.0588 0
      vertex 97.5 47.17 0
      vertex 100.462 45.46 0
    endloop
  endfacet
  facet normal 0 0 -1
    outer loop
      vertex 100.213 45.832 0
      vertex 97.5 47.17 0
      vertex 99.9183 46.1683 0
    endloop
  endfacet
  facet normal 0 0 -1
    outer loop
      vertex 99.582 46.4633 0
      vertex 97.5 47.17 0
      vertex 99.21 46.7118 0
    endloop
  endfacet
  facet normal 0 0 -1
    outer loop
      vertex 99.21 46.7118 0
      vertex 97.5 47.17 0
      vertex 98.8088 46.9097 0
    endloop
  endfacet
  facet normal 0 0 -1
    outer loop
      vertex 98.3852 47.0535 0
      vertex 97.5 47.17 0
      vertex 97.9464 47.1407 0
    endloop
  endfacet
  facet normal 0 0 -1
    outer loop
      vertex 98.8088 46.9097 0
      vertex 97.5 47.17 0
      vertex 98.3852 47.0535 0
    endloop
  endfacet
  facet normal 0 0 -1
    outer loop
      vertex 99.9183 46.1683 0
      vertex 97.5 47.17 0
      vertex 99.582 46.4633 0
    endloop
  endfacet
  facet normal 0 0 -1
    outer loop
      vertex 100.462 45.46 0
      vertex 97.5 47.17 0
      vertex 100.213 45.832 0
    endloop
  endfacet
  facet normal 0 0 -1
    outer loop
      vertex 100.891 44.1964 0
      vertex 97.5 47.17 0
      vertex 100.803 44.6352 0
    endloop
  endfacet
  facet normal 0 0 -1
    outer loop
      vertex 81.3623 20.8782 0
      vertex 97.5 47.17 0
      vertex 81.55 20.7856 0
    endloop
  endfacet
  facet normal 0 0 -1
    outer loop
      vertex 81.1641 20.9455 0
      vertex 97.5 47.17 0
      vertex 81.3623 20.8782 0
    endloop
  endfacet
  facet normal 0 0 -1
    outer loop
      vertex 80.9588 20.9863 0
      vertex 97.5 47.17 0
      vertex 81.1641 20.9455 0
    endloop
  endfacet
  facet normal 0 0 -1
    outer loop
      vertex 80.75 21 0
      vertex 97.5 47.17 0
      vertex 80.9588 20.9863 0
    endloop
  endfacet
  facet normal 0 0 -1
    outer loop
      vertex 80.5412 20.9863 0
      vertex 97.5 47.17 0
      vertex 80.75 21 0
    endloop
  endfacet
  facet normal 0 0 -1
    outer loop
      vertex 80.3359 20.9455 0
      vertex 97.5 47.17 0
      vertex 80.5412 20.9863 0
    endloop
  endfacet
  facet normal 0 0 -1
    outer loop
      vertex 72.1641 20.9455 0
      vertex 80.3359 20.9455 0
      vertex 80.1377 20.8782 0
    endloop
  endfacet
  facet normal 0 0 -1
    outer loop
      vertex 72.3623 20.8782 0
      vertex 80.1377 20.8782 0
      vertex 79.95 20.7856 0
    endloop
  endfacet
  facet normal 0 0 -1
    outer loop
      vertex 72.55 20.7856 0
      vertex 79.95 20.7856 0
      vertex 79.776 20.6694 0
    endloop
  endfacet
  facet normal 0 0 -1
    outer loop
      vertex 72.724 20.6694 0
      vertex 79.776 20.6694 0
      vertex 79.6186 20.5314 0
    endloop
  endfacet
  facet normal 0 0 -1
    outer loop
      vertex 72.8814 20.5314 0
      vertex 79.6186 20.5314 0
      vertex 79.4806 20.374 0
    endloop
  endfacet
  facet normal 0 0 -1
    outer loop
      vertex 73.35 19.4 0
      vertex 79.15 19.4 0
      vertex 73.35 -19.4 0
    endloop
  endfacet
  facet normal 0 0 -1
    outer loop
      vertex 79.15 19.4 0
      vertex 73.35 19.4 0
      vertex 79.1637 19.6088 0
    endloop
  endfacet
  facet normal 0 0 -1
    outer loop
      vertex 73.3363 19.6088 0
      vertex 79.1637 19.6088 0
      vertex 73.35 19.4 0
    endloop
  endfacet
  facet normal 0 0 -1
    outer loop
      vertex 79.1637 19.6088 0
      vertex 73.3363 19.6088 0
      vertex 79.2045 19.8141 0
    endloop
  endfacet
  facet normal 0 0 -1
    outer loop
      vertex 73.2955 19.8141 0
      vertex 79.2045 19.8141 0
      vertex 73.3363 19.6088 0
    endloop
  endfacet
  facet normal 0 0 -1
    outer loop
      vertex 79.2045 19.8141 0
      vertex 73.2955 19.8141 0
      vertex 79.2718 20.0123 0
    endloop
  endfacet
  facet normal 0 0 -1
    outer loop
      vertex 73.2282 20.0123 0
      vertex 79.2718 20.0123 0
      vertex 73.2955 19.8141 0
    endloop
  endfacet
  facet normal 0 0 -1
    outer loop
      vertex 79.2718 20.0123 0
      vertex 73.2282 20.0123 0
      vertex 79.3644 20.2 0
    endloop
  endfacet
  facet normal 0 0 -1
    outer loop
      vertex 73.1356 20.2 0
      vertex 79.3644 20.2 0
      vertex 73.2282 20.0123 0
    endloop
  endfacet
  facet normal 0 0 -1
    outer loop
      vertex 79.3644 20.2 0
      vertex 73.1356 20.2 0
      vertex 79.4806 20.374 0
    endloop
  endfacet
  facet normal 0 0 -1
    outer loop
      vertex 73.0194 20.374 0
      vertex 79.4806 20.374 0
      vertex 73.1356 20.2 0
    endloop
  endfacet
  facet normal 0 0 -1
    outer loop
      vertex 72.8814 20.5314 0
      vertex 79.4806 20.374 0
      vertex 73.0194 20.374 0
    endloop
  endfacet
  facet normal 0 0 -1
    outer loop
      vertex 79.6186 20.5314 0
      vertex 72.8814 20.5314 0
      vertex 72.724 20.6694 0
    endloop
  endfacet
  facet normal 0 0 -1
    outer loop
      vertex 79.776 20.6694 0
      vertex 72.724 20.6694 0
      vertex 72.55 20.7856 0
    endloop
  endfacet
  facet normal 0 0 -1
    outer loop
      vertex 79.95 20.7856 0
      vertex 72.55 20.7856 0
      vertex 72.3623 20.8782 0
    endloop
  endfacet
  facet normal 0 0 -1
    outer loop
      vertex 80.1377 20.8782 0
      vertex 72.3623 20.8782 0
      vertex 72.1641 20.9455 0
    endloop
  endfacet
  facet normal 0 0 -1
    outer loop
      vertex 80.3359 20.9455 0
      vertex 72.1641 20.9455 0
      vertex 97.5 47.17 0
    endloop
  endfacet
  facet normal 0 0 -1
    outer loop
      vertex 71.9588 20.9863 0
      vertex 97.5 47.17 0
      vertex 72.1641 20.9455 0
    endloop
  endfacet
  facet normal 0 0 -1
    outer loop
      vertex 71.75 21 0
      vertex 97.5 47.17 0
      vertex 71.9588 20.9863 0
    endloop
  endfacet
  facet normal 0 0 -1
    outer loop
      vertex 71.5412 20.9863 0
      vertex 97.5 47.17 0
      vertex 71.75 21 0
    endloop
  endfacet
  facet normal 0 0 -1
    outer loop
      vertex 62.9588 20.9863 0
      vertex 71.5412 20.9863 0
      vertex 71.3359 20.9455 0
    endloop
  endfacet
  facet normal 0 0 -1
    outer loop
      vertex 63.1641 20.9455 0
      vertex 71.3359 20.9455 0
      vertex 71.1377 20.8782 0
    endloop
  endfacet
  facet normal 0 0 -1
    outer loop
      vertex 63.3623 20.8782 0
      vertex 71.1377 20.8782 0
      vertex 70.95 20.7856 0
    endloop
  endfacet
  facet normal 0 0 -1
    outer loop
      vertex 63.55 20.7856 0
      vertex 70.95 20.7856 0
      vertex 70.776 20.6694 0
    endloop
  endfacet
  facet normal 0 0 -1
    outer loop
      vertex 63.724 20.6694 0
      vertex 70.776 20.6694 0
      vertex 70.6186 20.5314 0
    endloop
  endfacet
  facet normal 0 0 -1
    outer loop
      vertex 64.35 19.4 0
      vertex 70.15 19.4 0
      vertex 64.35 -19.4 0
    endloop
  endfacet
  facet normal 0 0 -1
    outer loop
      vertex 70.15 19.4 0
      vertex 64.35 19.4 0
      vertex 70.1637 19.6088 0
    endloop
  endfacet
  facet normal 0 0 -1
    outer loop
      vertex 64.3363 19.6088 0
      vertex 70.1637 19.6088 0
      vertex 64.35 19.4 0
    endloop
  endfacet
  facet normal 0 0 -1
    outer loop
      vertex 70.1637 19.6088 0
      vertex 64.3363 19.6088 0
      vertex 70.2045 19.8141 0
    endloop
  endfacet
  facet normal 0 0 -1
    outer loop
      vertex 64.2955 19.8141 0
      vertex 70.2045 19.8141 0
      vertex 64.3363 19.6088 0
    endloop
  endfacet
  facet normal 0 0 -1
    outer loop
      vertex 70.2045 19.8141 0
      vertex 64.2955 19.8141 0
      vertex 70.2718 20.0123 0
    endloop
  endfacet
  facet normal 0 0 -1
    outer loop
      vertex 64.2282 20.0123 0
      vertex 70.2718 20.0123 0
      vertex 64.2955 19.8141 0
    endloop
  endfacet
  facet normal 0 0 -1
    outer loop
      vertex 70.2718 20.0123 0
      vertex 64.2282 20.0123 0
      vertex 70.3644 20.2 0
    endloop
  endfacet
  facet normal 0 0 -1
    outer loop
      vertex 64.1356 20.2 0
      vertex 70.3644 20.2 0
      vertex 64.2282 20.0123 0
    endloop
  endfacet
  facet normal 0 0 -1
    outer loop
      vertex 70.3644 20.2 0
      vertex 64.1356 20.2 0
      vertex 70.4806 20.374 0
    endloop
  endfacet
  facet normal 0 0 -1
    outer loop
      vertex 64.0194 20.374 0
      vertex 70.4806 20.374 0
      vertex 64.1356 20.2 0
    endloop
  endfacet
  facet normal 0 0 -1
    outer loop
      vertex 70.4806 20.374 0
      vertex 64.0194 20.374 0
      vertex 70.6186 20.5314 0
    endloop
  endfacet
  facet normal 0 0 -1
    outer loop
      vertex 63.8814 20.5314 0
      vertex 70.6186 20.5314 0
      vertex 64.0194 20.374 0
    endloop
  endfacet
  facet normal 0 0 -1
    outer loop
      vertex 63.724 20.6694 0
      vertex 70.6186 20.5314 0
      vertex 63.8814 20.5314 0
    endloop
  endfacet
  facet normal 0 0 -1
    outer loop
      vertex 70.776 20.6694 0
      vertex 63.724 20.6694 0
      vertex 63.55 20.7856 0
    endloop
  endfacet
  facet normal 0 0 -1
    outer loop
      vertex 70.95 20.7856 0
      vertex 63.55 20.7856 0
      vertex 63.3623 20.8782 0
    endloop
  endfacet
  facet normal 0 0 -1
    outer loop
      vertex 71.1377 20.8782 0
      vertex 63.3623 20.8782 0
      vertex 63.1641 20.9455 0
    endloop
  endfacet
  facet normal 0 0 -1
    outer loop
      vertex 71.3359 20.9455 0
      vertex 63.1641 20.9455 0
      vertex 62.9588 20.9863 0
    endloop
  endfacet
  facet normal 0 0 -1
    outer loop
      vertex 71.5412 20.9863 0
      vertex 62.9588 20.9863 0
      vertex 97.5 47.17 0
    endloop
  endfacet
  facet normal 0 0 -1
    outer loop
      vertex 62.75 21 0
      vertex 97.5 47.17 0
      vertex 62.9588 20.9863 0
    endloop
  endfacet
  facet normal 0 0 -1
    outer loop
      vertex 62.5412 20.9863 0
      vertex 97.5 47.17 0
      vertex 62.75 21 0
    endloop
  endfacet
  facet normal 0 0 -1
    outer loop
      vertex 53.9588 20.9863 0
      vertex 62.5412 20.9863 0
      vertex 62.3359 20.9455 0
    endloop
  endfacet
  facet normal 0 0 -1
    outer loop
      vertex 54.1641 20.9455 0
      vertex 62.3359 20.9455 0
      vertex 62.1377 20.8782 0
    endloop
  endfacet
  facet normal 0 0 -1
    outer loop
      vertex 54.3623 20.8782 0
      vertex 62.1377 20.8782 0
      vertex 61.95 20.7856 0
    endloop
  endfacet
  facet normal 0 0 -1
    outer loop
      vertex 54.55 20.7856 0
      vertex 61.95 20.7856 0
      vertex 61.776 20.6694 0
    endloop
  endfacet
  facet normal 0 0 -1
    outer loop
      vertex 55.35 19.4 0
      vertex 61.15 19.4 0
      vertex 55.35 -19.4 0
    endloop
  endfacet
  facet normal 0 0 -1
    outer loop
      vertex 61.15 19.4 0
      vertex 55.35 19.4 0
      vertex 61.1637 19.6088 0
    endloop
  endfacet
  facet normal 0 0 -1
    outer loop
      vertex 55.3363 19.6088 0
      vertex 61.1637 19.6088 0
      vertex 55.35 19.4 0
    endloop
  endfacet
  facet normal 0 0 -1
    outer loop
      vertex 61.1637 19.6088 0
      vertex 55.3363 19.6088 0
      vertex 61.2045 19.8141 0
    endloop
  endfacet
  facet normal 0 0 -1
    outer loop
      vertex 55.2955 19.8141 0
      vertex 61.2045 19.8141 0
      vertex 55.3363 19.6088 0
    endloop
  endfacet
  facet normal 0 0 -1
    outer loop
      vertex 61.2045 19.8141 0
      vertex 55.2955 19.8141 0
      vertex 61.2718 20.0123 0
    endloop
  endfacet
  facet normal 0 0 -1
    outer loop
      vertex 55.2282 20.0123 0
      vertex 61.2718 20.0123 0
      vertex 55.2955 19.8141 0
    endloop
  endfacet
  facet normal 0 0 -1
    outer loop
      vertex 61.2718 20.0123 0
      vertex 55.2282 20.0123 0
      vertex 61.3644 20.2 0
    endloop
  endfacet
  facet normal 0 0 -1
    outer loop
      vertex 55.1356 20.2 0
      vertex 61.3644 20.2 0
      vertex 55.2282 20.0123 0
    endloop
  endfacet
  facet normal 0 0 -1
    outer loop
      vertex 61.3644 20.2 0
      vertex 55.1356 20.2 0
      vertex 61.4806 20.374 0
    endloop
  endfacet
  facet normal 0 0 -1
    outer loop
      vertex 55.0194 20.374 0
      vertex 61.4806 20.374 0
      vertex 55.1356 20.2 0
    endloop
  endfacet
  facet normal 0 0 -1
    outer loop
      vertex 61.4806 20.374 0
      vertex 55.0194 20.374 0
      vertex 61.6186 20.5314 0
    endloop
  endfacet
  facet normal 0 0 -1
    outer loop
      vertex 54.8814 20.5314 0
      vertex 61.6186 20.5314 0
      vertex 55.0194 20.374 0
    endloop
  endfacet
  facet normal 0 0 -1
    outer loop
      vertex 61.6186 20.5314 0
      vertex 54.8814 20.5314 0
      vertex 61.776 20.6694 0
    endloop
  endfacet
  facet normal 0 0 -1
    outer loop
      vertex 54.724 20.6694 0
      vertex 61.776 20.6694 0
      vertex 54.8814 20.5314 0
    endloop
  endfacet
  facet normal 0 0 -1
    outer loop
      vertex 54.55 20.7856 0
      vertex 61.776 20.6694 0
      vertex 54.724 20.6694 0
    endloop
  endfacet
  facet normal 0 0 -1
    outer loop
      vertex 61.95 20.7856 0
      vertex 54.55 20.7856 0
      vertex 54.3623 20.8782 0
    endloop
  endfacet
  facet normal 0 0 -1
    outer loop
      vertex 62.1377 20.8782 0
      vertex 54.3623 20.8782 0
      vertex 54.1641 20.9455 0
    endloop
  endfacet
  facet normal 0 0 -1
    outer loop
      vertex 62.3359 20.9455 0
      vertex 54.1641 20.9455 0
      vertex 53.9588 20.9863 0
    endloop
  endfacet
  facet normal 0 0 -1
    outer loop
      vertex 62.5412 20.9863 0
      vertex 53.9588 20.9863 0
      vertex 97.5 47.17 0
    endloop
  endfacet
  facet normal 0 0 -1
    outer loop
      vertex 53.75 21 0
      vertex 97.5 47.17 0
      vertex 53.9588 20.9863 0
    endloop
  endfacet
  facet normal 0 0 -1
    outer loop
      vertex 10 47.17 0
      vertex 53.75 21 0
      vertex 53.5412 20.9863 0
    endloop
  endfacet
  facet normal 0 0 -1
    outer loop
      vertex 44.9588 20.9863 0
      vertex 53.5412 20.9863 0
      vertex 53.3359 20.9455 0
    endloop
  endfacet
  facet normal 0 0 -1
    outer loop
      vertex 45.1641 20.9455 0
      vertex 53.3359 20.9455 0
      vertex 53.1377 20.8782 0
    endloop
  endfacet
  facet normal 0 0 -1
    outer loop
      vertex 45.3623 20.8782 0
      vertex 53.1377 20.8782 0
      vertex 52.95 20.7856 0
    endloop
  endfacet
  facet normal 0 0 -1
    outer loop
      vertex 46.35 19.4 0
      vertex 52.15 19.4 0
      vertex 46.35 -19.4 0
    endloop
  endfacet
  facet normal 0 0 -1
    outer loop
      vertex 52.15 19.4 0
      vertex 46.35 19.4 0
      vertex 52.1637 19.6088 0
    endloop
  endfacet
  facet normal 0 0 -1
    outer loop
      vertex 46.3363 19.6088 0
      vertex 52.1637 19.6088 0
      vertex 46.35 19.4 0
    endloop
  endfacet
  facet normal 0 0 -1
    outer loop
      vertex 52.1637 19.6088 0
      vertex 46.3363 19.6088 0
      vertex 52.2045 19.8141 0
    endloop
  endfacet
  facet normal 0 0 -1
    outer loop
      vertex 46.2955 19.8141 0
      vertex 52.2045 19.8141 0
      vertex 46.3363 19.6088 0
    endloop
  endfacet
  facet normal 0 0 -1
    outer loop
      vertex 52.2045 19.8141 0
      vertex 46.2955 19.8141 0
      vertex 52.2718 20.0123 0
    endloop
  endfacet
  facet normal 0 0 -1
    outer loop
      vertex 46.2282 20.0123 0
      vertex 52.2718 20.0123 0
      vertex 46.2955 19.8141 0
    endloop
  endfacet
  facet normal 0 0 -1
    outer loop
      vertex 52.2718 20.0123 0
      vertex 46.2282 20.0123 0
      vertex 52.3644 20.2 0
    endloop
  endfacet
  facet normal 0 0 -1
    outer loop
      vertex 46.1356 20.2 0
      vertex 52.3644 20.2 0
      vertex 46.2282 20.0123 0
    endloop
  endfacet
  facet normal 0 0 -1
    outer loop
      vertex 52.3644 20.2 0
      vertex 46.1356 20.2 0
      vertex 52.4806 20.374 0
    endloop
  endfacet
  facet normal 0 0 -1
    outer loop
      vertex 46.0194 20.374 0
      vertex 52.4806 20.374 0
      vertex 46.1356 20.2 0
    endloop
  endfacet
  facet normal 0 0 -1
    outer loop
      vertex 52.4806 20.374 0
      vertex 46.0194 20.374 0
      vertex 52.6186 20.5314 0
    endloop
  endfacet
  facet normal 0 0 -1
    outer loop
      vertex 45.8814 20.5314 0
      vertex 52.6186 20.5314 0
      vertex 46.0194 20.374 0
    endloop
  endfacet
  facet normal 0 0 -1
    outer loop
      vertex 52.6186 20.5314 0
      vertex 45.8814 20.5314 0
      vertex 52.776 20.6694 0
    endloop
  endfacet
  facet normal 0 0 -1
    outer loop
      vertex 45.724 20.6694 0
      vertex 52.776 20.6694 0
      vertex 45.8814 20.5314 0
    endloop
  endfacet
  facet normal 0 0 -1
    outer loop
      vertex 52.776 20.6694 0
      vertex 45.724 20.6694 0
      vertex 52.95 20.7856 0
    endloop
  endfacet
  facet normal 0 0 -1
    outer loop
      vertex 45.55 20.7856 0
      vertex 52.95 20.7856 0
      vertex 45.724 20.6694 0
    endloop
  endfacet
  facet normal 0 0 -1
    outer loop
      vertex 45.3623 20.8782 0
      vertex 52.95 20.7856 0
      vertex 45.55 20.7856 0
    endloop
  endfacet
  facet normal 0 0 -1
    outer loop
      vertex 53.1377 20.8782 0
      vertex 45.3623 20.8782 0
      vertex 45.1641 20.9455 0
    endloop
  endfacet
  facet normal 0 0 -1
    outer loop
      vertex 53.3359 20.9455 0
      vertex 45.1641 20.9455 0
      vertex 44.9588 20.9863 0
    endloop
  endfacet
  facet normal 0 0 -1
    outer loop
      vertex 53.5412 20.9863 0
      vertex 44.9588 20.9863 0
      vertex 10 47.17 0
    endloop
  endfacet
  facet normal 0 0 -1
    outer loop
      vertex 10 47.17 0
      vertex 44.9588 20.9863 0
      vertex 44.75 21 0
    endloop
  endfacet
  facet normal 0 0 -1
    outer loop
      vertex 10 47.17 0
      vertex 44.75 21 0
      vertex 44.5412 20.9863 0
    endloop
  endfacet
  facet normal 0 0 -1
    outer loop
      vertex 35.9588 20.9863 0
      vertex 44.5412 20.9863 0
      vertex 44.3359 20.9455 0
    endloop
  endfacet
  facet normal 0 0 -1
    outer loop
      vertex 36.1641 20.9455 0
      vertex 44.3359 20.9455 0
      vertex 44.1377 20.8782 0
    endloop
  endfacet
  facet normal 0 0 -1
    outer loop
      vertex 37.35 19.4 0
      vertex 43.15 19.4 0
      vertex 37.35 -19.4 0
    endloop
  endfacet
  facet normal 0 0 -1
    outer loop
      vertex 43.15 19.4 0
      vertex 37.35 19.4 0
      vertex 43.1637 19.6088 0
    endloop
  endfacet
  facet normal 0 0 -1
    outer loop
      vertex 37.3363 19.6088 0
      vertex 43.1637 19.6088 0
      vertex 37.35 19.4 0
    endloop
  endfacet
  facet normal 0 0 -1
    outer loop
      vertex 43.1637 19.6088 0
      vertex 37.3363 19.6088 0
      vertex 43.2045 19.8141 0
    endloop
  endfacet
  facet normal 0 0 -1
    outer loop
      vertex 37.2955 19.8141 0
      vertex 43.2045 19.8141 0
      vertex 37.3363 19.6088 0
    endloop
  endfacet
  facet normal 0 0 -1
    outer loop
      vertex 43.2045 19.8141 0
      vertex 37.2955 19.8141 0
      vertex 43.2718 20.0123 0
    endloop
  endfacet
  facet normal 0 0 -1
    outer loop
      vertex 37.2282 20.0123 0
      vertex 43.2718 20.0123 0
      vertex 37.2955 19.8141 0
    endloop
  endfacet
  facet normal 0 0 -1
    outer loop
      vertex 43.2718 20.0123 0
      vertex 37.2282 20.0123 0
      vertex 43.3644 20.2 0
    endloop
  endfacet
  facet normal 0 0 -1
    outer loop
      vertex 37.1356 20.2 0
      vertex 43.3644 20.2 0
      vertex 37.2282 20.0123 0
    endloop
  endfacet
  facet normal 0 0 -1
    outer loop
      vertex 43.3644 20.2 0
      vertex 37.1356 20.2 0
      vertex 43.4806 20.374 0
    endloop
  endfacet
  facet normal 0 0 -1
    outer loop
      vertex 37.0194 20.374 0
      vertex 43.4806 20.374 0
      vertex 37.1356 20.2 0
    endloop
  endfacet
  facet normal 0 0 -1
    outer loop
      vertex 43.4806 20.374 0
      vertex 37.0194 20.374 0
      vertex 43.6186 20.5314 0
    endloop
  endfacet
  facet normal 0 0 -1
    outer loop
      vertex 36.8814 20.5314 0
      vertex 43.6186 20.5314 0
      vertex 37.0194 20.374 0
    endloop
  endfacet
  facet normal 0 0 -1
    outer loop
      vertex 43.6186 20.5314 0
      vertex 36.8814 20.5314 0
      vertex 43.776 20.6694 0
    endloop
  endfacet
  facet normal 0 0 -1
    outer loop
      vertex 36.724 20.6694 0
      vertex 43.776 20.6694 0
      vertex 36.8814 20.5314 0
    endloop
  endfacet
  facet normal 0 0 -1
    outer loop
      vertex 43.776 20.6694 0
      vertex 36.724 20.6694 0
      vertex 43.95 20.7856 0
    endloop
  endfacet
  facet normal 0 0 -1
    outer loop
      vertex 36.55 20.7856 0
      vertex 43.95 20.7856 0
      vertex 36.724 20.6694 0
    endloop
  endfacet
  facet normal 0 0 -1
    outer loop
      vertex 43.95 20.7856 0
      vertex 36.55 20.7856 0
      vertex 44.1377 20.8782 0
    endloop
  endfacet
  facet normal 0 0 -1
    outer loop
      vertex 36.3623 20.8782 0
      vertex 44.1377 20.8782 0
      vertex 36.55 20.7856 0
    endloop
  endfacet
  facet normal 0 0 -1
    outer loop
      vertex 36.1641 20.9455 0
      vertex 44.1377 20.8782 0
      vertex 36.3623 20.8782 0
    endloop
  endfacet
  facet normal 0 0 -1
    outer loop
      vertex 44.3359 20.9455 0
      vertex 36.1641 20.9455 0
      vertex 35.9588 20.9863 0
    endloop
  endfacet
  facet normal 0 0 -1
    outer loop
      vertex 44.5412 20.9863 0
      vertex 35.9588 20.9863 0
      vertex 10 47.17 0
    endloop
  endfacet
  facet normal 0 0 -1
    outer loop
      vertex 10 47.17 0
      vertex 35.9588 20.9863 0
      vertex 35.75 21 0
    endloop
  endfacet
  facet normal 0 0 -1
    outer loop
      vertex 10 47.17 0
      vertex 35.75 21 0
      vertex 35.5412 20.9863 0
    endloop
  endfacet
  facet normal 0 0 -1
    outer loop
      vertex 10 47.17 0
      vertex 35.5412 20.9863 0
      vertex 35.3359 20.9455 0
    endloop
  endfacet
  facet normal 0 0 -1
    outer loop
      vertex 27.1641 20.9455 0
      vertex 35.3359 20.9455 0
      vertex 35.1377 20.8782 0
    endloop
  endfacet
  facet normal 0 0 -1
    outer loop
      vertex 28.35 19.4 0
      vertex 34.15 19.4 0
      vertex 28.35 -19.4 0
    endloop
  endfacet
  facet normal 0 0 -1
    outer loop
      vertex 34.15 19.4 0
      vertex 28.35 19.4 0
      vertex 34.1637 19.6088 0
    endloop
  endfacet
  facet normal 0 0 -1
    outer loop
      vertex 28.3363 19.6088 0
      vertex 34.1637 19.6088 0
      vertex 28.35 19.4 0
    endloop
  endfacet
  facet normal 0 0 -1
    outer loop
      vertex 34.1637 19.6088 0
      vertex 28.3363 19.6088 0
      vertex 34.2045 19.8141 0
    endloop
  endfacet
  facet normal 0 0 -1
    outer loop
      vertex 28.2955 19.8141 0
      vertex 34.2045 19.8141 0
      vertex 28.3363 19.6088 0
    endloop
  endfacet
  facet normal 0 0 -1
    outer loop
      vertex 34.2045 19.8141 0
      vertex 28.2955 19.8141 0
      vertex 34.2718 20.0123 0
    endloop
  endfacet
  facet normal 0 0 -1
    outer loop
      vertex 28.2282 20.0123 0
      vertex 34.2718 20.0123 0
      vertex 28.2955 19.8141 0
    endloop
  endfacet
  facet normal 0 0 -1
    outer loop
      vertex 34.2718 20.0123 0
      vertex 28.2282 20.0123 0
      vertex 34.3644 20.2 0
    endloop
  endfacet
  facet normal 0 0 -1
    outer loop
      vertex 28.1356 20.2 0
      vertex 34.3644 20.2 0
      vertex 28.2282 20.0123 0
    endloop
  endfacet
  facet normal 0 0 -1
    outer loop
      vertex 34.3644 20.2 0
      vertex 28.1356 20.2 0
      vertex 34.4806 20.374 0
    endloop
  endfacet
  facet normal 0 0 -1
    outer loop
      vertex 28.0194 20.374 0
      vertex 34.4806 20.374 0
      vertex 28.1356 20.2 0
    endloop
  endfacet
  facet normal 0 0 -1
    outer loop
      vertex 34.4806 20.374 0
      vertex 28.0194 20.374 0
      vertex 34.6186 20.5314 0
    endloop
  endfacet
  facet normal 0 0 -1
    outer loop
      vertex 27.8814 20.5314 0
      vertex 34.6186 20.5314 0
      vertex 28.0194 20.374 0
    endloop
  endfacet
  facet normal 0 0 -1
    outer loop
      vertex 34.6186 20.5314 0
      vertex 27.8814 20.5314 0
      vertex 34.776 20.6694 0
    endloop
  endfacet
  facet normal 0 0 -1
    outer loop
      vertex 27.724 20.6694 0
      vertex 34.776 20.6694 0
      vertex 27.8814 20.5314 0
    endloop
  endfacet
  facet normal 0 0 -1
    outer loop
      vertex 34.776 20.6694 0
      vertex 27.724 20.6694 0
      vertex 34.95 20.7856 0
    endloop
  endfacet
  facet normal 0 0 -1
    outer loop
      vertex 27.55 20.7856 0
      vertex 34.95 20.7856 0
      vertex 27.724 20.6694 0
    endloop
  endfacet
  facet normal 0 0 -1
    outer loop
      vertex 34.95 20.7856 0
      vertex 27.55 20.7856 0
      vertex 35.1377 20.8782 0
    endloop
  endfacet
  facet normal 0 0 -1
    outer loop
      vertex 27.3623 20.8782 0
      vertex 35.1377 20.8782 0
      vertex 27.55 20.7856 0
    endloop
  endfacet
  facet normal 0 0 -1
    outer loop
      vertex 27.1641 20.9455 0
      vertex 35.1377 20.8782 0
      vertex 27.3623 20.8782 0
    endloop
  endfacet
  facet normal 0 0 -1
    outer loop
      vertex 35.3359 20.9455 0
      vertex 27.1641 20.9455 0
      vertex 10 47.17 0
    endloop
  endfacet
  facet normal 0 0 -1
    outer loop
      vertex 10 47.17 0
      vertex 27.1641 20.9455 0
      vertex 26.9588 20.9863 0
    endloop
  endfacet
  facet normal 0 0 -1
    outer loop
      vertex 10 47.17 0
      vertex 26.9588 20.9863 0
      vertex 26.75 21 0
    endloop
  endfacet
  facet normal 0 0 -1
    outer loop
      vertex 10 47.17 0
      vertex 26.75 21 0
      vertex 26.5412 20.9863 0
    endloop
  endfacet
  facet normal 0 0 -1
    outer loop
      vertex 10 47.17 0
      vertex 26.5412 20.9863 0
      vertex 26.3359 20.9455 0
    endloop
  endfacet
  facet normal 0 0 -1
    outer loop
      vertex 10 47.17 0
      vertex 26.3359 20.9455 0
      vertex 26.1377 20.8782 0
    endloop
  endfacet
  facet normal -0 0 -1
    outer loop
      vertex 25.15 -19.4 0
      vertex 6.58 -43.75 0
      vertex 25.15 19.4 0
    endloop
  endfacet
  facet normal 0 0 -1
    outer loop
      vertex 6.58 43.75 0
      vertex 25.15 19.4 0
      vertex 6.58 -43.75 0
    endloop
  endfacet
  facet normal 0 0 -1
    outer loop
      vertex 53.75 21 0
      vertex 10 47.17 0
      vertex 97.5 47.17 0
    endloop
  endfacet
  facet normal 0 0 -1
    outer loop
      vertex 25.95 20.7856 0
      vertex 10 47.17 0
      vertex 26.1377 20.8782 0
    endloop
  endfacet
  facet normal 0 0 -1
    outer loop
      vertex 6.58 43.75 0
      vertex 25.95 20.7856 0
      vertex 25.776 20.6694 0
    endloop
  endfacet
  facet normal 0 0 -1
    outer loop
      vertex 6.58 43.75 0
      vertex 25.776 20.6694 0
      vertex 25.6186 20.5314 0
    endloop
  endfacet
  facet normal 0 0 -1
    outer loop
      vertex 6.58 43.75 0
      vertex 25.6186 20.5314 0
      vertex 25.4806 20.374 0
    endloop
  endfacet
  facet normal 0 0 -1
    outer loop
      vertex 6.58 43.75 0
      vertex 25.4806 20.374 0
      vertex 25.3644 20.2 0
    endloop
  endfacet
  facet normal 0 0 -1
    outer loop
      vertex 6.58 43.75 0
      vertex 25.3644 20.2 0
      vertex 25.2718 20.0123 0
    endloop
  endfacet
  facet normal 0 0 -1
    outer loop
      vertex 6.58 43.75 0
      vertex 25.2718 20.0123 0
      vertex 25.2045 19.8141 0
    endloop
  endfacet
  facet normal 0 0 -1
    outer loop
      vertex 25.15 19.4 0
      vertex 6.58 43.75 0
      vertex 25.1637 19.6088 0
    endloop
  endfacet
  facet normal 0 0 -1
    outer loop
      vertex 6.58 -43.75 0
      vertex 10 -47.17 0
      vertex 9.5536 -47.1407 0
    endloop
  endfacet
  facet normal 0 0 -1
    outer loop
      vertex 25.1637 19.6088 0
      vertex 6.58 43.75 0
      vertex 25.2045 19.8141 0
    endloop
  endfacet
  facet normal 0 0 -1
    outer loop
      vertex 6.58 -43.75 0
      vertex 9.5536 -47.1407 0
      vertex 9.11484 -47.0535 0
    endloop
  endfacet
  facet normal 0 0 -1
    outer loop
      vertex 25.95 20.7856 0
      vertex 6.58 43.75 0
      vertex 10 47.17 0
    endloop
  endfacet
  facet normal 0 0 -1
    outer loop
      vertex 6.58 -43.75 0
      vertex 9.11484 -47.0535 0
      vertex 8.69122 -46.9097 0
    endloop
  endfacet
  facet normal 0 0 -1
    outer loop
      vertex 10 47.17 0
      vertex 6.58 43.75 0
      vertex 9.5536 47.1407 0
    endloop
  endfacet
  facet normal 0 0 -1
    outer loop
      vertex 6.58 -43.75 0
      vertex 8.69122 -46.9097 0
      vertex 8.28999 -46.7118 0
    endloop
  endfacet
  facet normal 0 0 -1
    outer loop
      vertex 9.5536 47.1407 0
      vertex 6.58 43.75 0
      vertex 9.11484 47.0535 0
    endloop
  endfacet
  facet normal 0 0 -1
    outer loop
      vertex 6.58 -43.75 0
      vertex 8.28999 -46.7118 0
      vertex 7.91803 -46.4633 0
    endloop
  endfacet
  facet normal 0 0 -1
    outer loop
      vertex 9.11484 47.0535 0
      vertex 6.58 43.75 0
      vertex 8.69122 46.9097 0
    endloop
  endfacet
  facet normal 0 0 -1
    outer loop
      vertex 6.58 -43.75 0
      vertex 7.91803 -46.4633 0
      vertex 7.5817 -46.1683 0
    endloop
  endfacet
  facet normal 0 0 -1
    outer loop
      vertex 8.69122 46.9097 0
      vertex 6.58 43.75 0
      vertex 8.28999 46.7118 0
    endloop
  endfacet
  facet normal 0 0 -1
    outer loop
      vertex 6.58 -43.75 0
      vertex 7.5817 -46.1683 0
      vertex 7.28673 -45.832 0
    endloop
  endfacet
  facet normal 0 0 -1
    outer loop
      vertex 8.28999 46.7118 0
      vertex 6.58 43.75 0
      vertex 7.91803 46.4633 0
    endloop
  endfacet
  facet normal 0 0 -1
    outer loop
      vertex 6.58 -43.75 0
      vertex 7.28673 -45.832 0
      vertex 7.03819 -45.46 0
    endloop
  endfacet
  facet normal 0 0 -1
    outer loop
      vertex 7.91803 46.4633 0
      vertex 6.58 43.75 0
      vertex 7.5817 46.1683 0
    endloop
  endfacet
  facet normal 0 0 -1
    outer loop
      vertex 6.58 -43.75 0
      vertex 7.03819 -45.46 0
      vertex 6.84033 -45.0588 0
    endloop
  endfacet
  facet normal 0 0 -1
    outer loop
      vertex 7.5817 46.1683 0
      vertex 6.58 43.75 0
      vertex 7.28673 45.832 0
    endloop
  endfacet
  facet normal 0 0 -1
    outer loop
      vertex 6.58 -43.75 0
      vertex 6.84033 -45.0588 0
      vertex 6.69653 -44.6352 0
    endloop
  endfacet
  facet normal 0 0 -1
    outer loop
      vertex 7.28673 45.832 0
      vertex 6.58 43.75 0
      vertex 7.03819 45.46 0
    endloop
  endfacet
  facet normal 0 0 -1
    outer loop
      vertex 6.58 -43.75 0
      vertex 6.69653 -44.6352 0
      vertex 6.60925 -44.1964 0
    endloop
  endfacet
  facet normal 0 0 -1
    outer loop
      vertex 7.03819 45.46 0
      vertex 6.58 43.75 0
      vertex 6.84033 45.0588 0
    endloop
  endfacet
  facet normal 0 0 -1
    outer loop
      vertex 6.84033 45.0588 0
      vertex 6.58 43.75 0
      vertex 6.69653 44.6352 0
    endloop
  endfacet
  facet normal 0 0 -1
    outer loop
      vertex 6.69653 44.6352 0
      vertex 6.58 43.75 0
      vertex 6.60925 44.1964 0
    endloop
  endfacet
  facet normal -0.831493 0.555536 0
    outer loop
      vertex 7.03819 45.46 0
      vertex 7.28673 45.832 2.2
      vertex 7.28673 45.832 0
    endloop
  endfacet
  facet normal -0.831493 0.555536 0
    outer loop
      vertex 7.28673 45.832 2.2
      vertex 7.03819 45.46 0
      vertex 7.03819 45.46 2.2
    endloop
  endfacet
  facet normal 1 -0 0
    outer loop
      vertex 100.92 9 2.2
      vertex 100.92 43.75 0
      vertex 100.92 43.75 2.2
    endloop
  endfacet
  facet normal 1 -0 0
    outer loop
      vertex 100.92 -9 2.2
      vertex 100.92 43.75 0
      vertex 100.92 9 2.2
    endloop
  endfacet
  facet normal 1 0 0
    outer loop
      vertex 100.92 -43.75 0
      vertex 100.92 -9 2.2
      vertex 100.92 -43.75 2.2
    endloop
  endfacet
  facet normal 1 0 0
    outer loop
      vertex 100.92 -9 2.2
      vertex 100.92 -43.75 0
      vertex 100.92 43.75 0
    endloop
  endfacet
  facet normal 0.659438 0.751759 -0
    outer loop
      vertex 99.9183 46.1683 0
      vertex 99.582 46.4633 2.2
      vertex 99.9183 46.1683 2.2
    endloop
  endfacet
  facet normal 0.659438 0.751759 0
    outer loop
      vertex 99.582 46.4633 2.2
      vertex 99.9183 46.1683 0
      vertex 99.582 46.4633 0
    endloop
  endfacet
  facet normal 0.947469 0.319849 0
    outer loop
      vertex 100.803 44.6352 2.2
      vertex 100.66 45.0588 0
      vertex 100.66 45.0588 2.2
    endloop
  endfacet
  facet normal 0.947469 0.319849 0
    outer loop
      vertex 100.66 45.0588 0
      vertex 100.803 44.6352 2.2
      vertex 100.803 44.6352 0
    endloop
  endfacet
  facet normal -0.946925 0.321454 0
    outer loop
      vertex 6.69653 44.6352 0
      vertex 6.84033 45.0588 2.2
      vertex 6.84033 45.0588 0
    endloop
  endfacet
  facet normal -0.946925 0.321454 0
    outer loop
      vertex 6.84033 45.0588 2.2
      vertex 6.69653 44.6352 0
      vertex 6.69653 44.6352 2.2
    endloop
  endfacet
  facet normal 0.752092 -0.659059 0
    outer loop
      vertex 99.9183 -46.1683 2.2
      vertex 100.213 -45.832 0
      vertex 100.213 -45.832 2.2
    endloop
  endfacet
  facet normal 0.752092 -0.659059 0
    outer loop
      vertex 100.213 -45.832 0
      vertex 99.9183 -46.1683 2.2
      vertex 99.9183 -46.1683 0
    endloop
  endfacet
  facet normal -0.555515 0.831507 0
    outer loop
      vertex 8.28999 46.7118 0
      vertex 7.91803 46.4633 2.2
      vertex 8.28999 46.7118 2.2
    endloop
  endfacet
  facet normal -0.555515 0.831507 0
    outer loop
      vertex 7.91803 46.4633 2.2
      vertex 8.28999 46.7118 0
      vertex 7.91803 46.4633 0
    endloop
  endfacet
  facet normal -0.555515 -0.831507 0
    outer loop
      vertex 7.91803 -46.4633 0
      vertex 8.28999 -46.7118 2.2
      vertex 7.91803 -46.4633 2.2
    endloop
  endfacet
  facet normal -0.555515 -0.831507 -0
    outer loop
      vertex 8.28999 -46.7118 2.2
      vertex 7.91803 -46.4633 0
      vertex 8.28999 -46.7118 0
    endloop
  endfacet
  facet normal -0.980786 0.195084 0
    outer loop
      vertex 6.60925 44.1964 0
      vertex 6.69653 44.6352 2.2
      vertex 6.69653 44.6352 0
    endloop
  endfacet
  facet normal -0.980786 0.195084 0
    outer loop
      vertex 6.69653 44.6352 2.2
      vertex 6.60925 44.1964 0
      vertex 6.60925 44.1964 2.2
    endloop
  endfacet
  facet normal 0.321454 0.946925 -0
    outer loop
      vertex 98.8088 46.9097 0
      vertex 98.3852 47.0535 2.2
      vertex 98.8088 46.9097 2.2
    endloop
  endfacet
  facet normal 0.321454 0.946925 0
    outer loop
      vertex 98.3852 47.0535 2.2
      vertex 98.8088 46.9097 0
      vertex 98.3852 47.0535 0
    endloop
  endfacet
  facet normal 0.555474 0.831534 -0
    outer loop
      vertex 99.582 46.4633 0
      vertex 99.21 46.7118 2.2
      vertex 99.582 46.4633 2.2
    endloop
  endfacet
  facet normal 0.555474 0.831534 0
    outer loop
      vertex 99.21 46.7118 2.2
      vertex 99.582 46.4633 0
      vertex 99.21 46.7118 0
    endloop
  endfacet
  facet normal -0.896864 -0.442307 0
    outer loop
      vertex 7.03819 -45.46 0
      vertex 6.84033 -45.0588 2.2
      vertex 6.84033 -45.0588 0
    endloop
  endfacet
  facet normal -0.896864 -0.442307 0
    outer loop
      vertex 6.84033 -45.0588 2.2
      vertex 7.03819 -45.46 0
      vertex 7.03819 -45.46 2.2
    endloop
  endfacet
  facet normal 0.997896 -0.0648275 0
    outer loop
      vertex 100.891 -44.1964 2.2
      vertex 100.92 -43.75 0
      vertex 100.92 -43.75 2.2
    endloop
  endfacet
  facet normal 0.997896 -0.0648275 0
    outer loop
      vertex 100.92 -43.75 0
      vertex 100.891 -44.1964 2.2
      vertex 100.891 -44.1964 0
    endloop
  endfacet
  facet normal 0.194912 -0.980821 0
    outer loop
      vertex 97.9464 -47.1407 0
      vertex 98.3852 -47.0535 2.2
      vertex 97.9464 -47.1407 2.2
    endloop
  endfacet
  facet normal 0.194912 -0.980821 0
    outer loop
      vertex 98.3852 -47.0535 2.2
      vertex 97.9464 -47.1407 0
      vertex 98.3852 -47.0535 0
    endloop
  endfacet
  facet normal 0.194912 0.980821 -0
    outer loop
      vertex 98.3852 47.0535 0
      vertex 97.9464 47.1407 2.2
      vertex 98.3852 47.0535 2.2
    endloop
  endfacet
  facet normal 0.194912 0.980821 0
    outer loop
      vertex 97.9464 47.1407 2.2
      vertex 98.3852 47.0535 0
      vertex 97.9464 47.1407 0
    endloop
  endfacet
  facet normal -0.751792 0.6594 0
    outer loop
      vertex 7.28673 45.832 0
      vertex 7.5817 46.1683 2.2
      vertex 7.5817 46.1683 0
    endloop
  endfacet
  facet normal -0.751792 0.6594 0
    outer loop
      vertex 7.5817 46.1683 2.2
      vertex 7.28673 45.832 0
      vertex 7.28673 45.832 2.2
    endloop
  endfacet
  facet normal -0.659405 0.751788 0
    outer loop
      vertex 7.91803 46.4633 0
      vertex 7.5817 46.1683 2.2
      vertex 7.91803 46.4633 2.2
    endloop
  endfacet
  facet normal -0.659405 0.751788 0
    outer loop
      vertex 7.5817 46.1683 2.2
      vertex 7.91803 46.4633 0
      vertex 7.5817 46.1683 0
    endloop
  endfacet
  facet normal 0.89674 0.442558 0
    outer loop
      vertex 100.66 45.0588 2.2
      vertex 100.462 45.46 0
      vertex 100.462 45.46 2.2
    endloop
  endfacet
  facet normal 0.89674 0.442558 0
    outer loop
      vertex 100.462 45.46 0
      vertex 100.66 45.0588 2.2
      vertex 100.66 45.0588 0
    endloop
  endfacet
  facet normal 0.831018 0.556246 0
    outer loop
      vertex 100.462 45.46 2.2
      vertex 100.213 45.832 0
      vertex 100.213 45.832 2.2
    endloop
  endfacet
  facet normal 0.831018 0.556246 0
    outer loop
      vertex 100.213 45.832 0
      vertex 100.462 45.46 2.2
      vertex 100.462 45.46 0
    endloop
  endfacet
  facet normal -0.980786 -0.195084 0
    outer loop
      vertex 6.69653 -44.6352 0
      vertex 6.60925 -44.1964 2.2
      vertex 6.60925 -44.1964 0
    endloop
  endfacet
  facet normal -0.980786 -0.195084 0
    outer loop
      vertex 6.60925 -44.1964 2.2
      vertex 6.69653 -44.6352 0
      vertex 6.69653 -44.6352 2.2
    endloop
  endfacet
  facet normal -0.896864 0.442307 0
    outer loop
      vertex 6.84033 45.0588 0
      vertex 7.03819 45.46 2.2
      vertex 7.03819 45.46 0
    endloop
  endfacet
  facet normal -0.896864 0.442307 0
    outer loop
      vertex 7.03819 45.46 2.2
      vertex 6.84033 45.0588 0
      vertex 6.84033 45.0588 2.2
    endloop
  endfacet
  facet normal 0.659438 -0.751759 0
    outer loop
      vertex 99.582 -46.4633 0
      vertex 99.9183 -46.1683 2.2
      vertex 99.582 -46.4633 2.2
    endloop
  endfacet
  facet normal 0.659438 -0.751759 0
    outer loop
      vertex 99.9183 -46.1683 2.2
      vertex 99.582 -46.4633 0
      vertex 99.9183 -46.1683 0
    endloop
  endfacet
  facet normal 0.997896 0.0648275 0
    outer loop
      vertex 100.92 43.75 2.2
      vertex 100.891 44.1964 0
      vertex 100.891 44.1964 2.2
    endloop
  endfacet
  facet normal 0.997896 0.0648275 0
    outer loop
      vertex 100.891 44.1964 0
      vertex 100.92 43.75 2.2
      vertex 100.92 43.75 0
    endloop
  endfacet
  facet normal -0.99786 -0.065384 0
    outer loop
      vertex 6.60925 -44.1964 0
      vertex 6.58 -43.75 2.2
      vertex 6.58 -43.75 0
    endloop
  endfacet
  facet normal -0.99786 -0.065384 0
    outer loop
      vertex 6.58 -43.75 2.2
      vertex 6.60925 -44.1964 0
      vertex 6.60925 -44.1964 2.2
    endloop
  endfacet
  facet normal 0.752092 0.659059 0
    outer loop
      vertex 100.213 45.832 2.2
      vertex 99.9183 46.1683 0
      vertex 99.9183 46.1683 2.2
    endloop
  endfacet
  facet normal 0.752092 0.659059 0
    outer loop
      vertex 99.9183 46.1683 0
      vertex 100.213 45.832 2.2
      vertex 100.213 45.832 0
    endloop
  endfacet
  facet normal 0.980477 -0.196632 0
    outer loop
      vertex 100.803 -44.6352 2.2
      vertex 100.891 -44.1964 0
      vertex 100.891 -44.1964 2.2
    endloop
  endfacet
  facet normal 0.980477 -0.196632 0
    outer loop
      vertex 100.891 -44.1964 0
      vertex 100.803 -44.6352 2.2
      vertex 100.803 -44.6352 0
    endloop
  endfacet
  facet normal 0.321454 -0.946925 0
    outer loop
      vertex 98.3852 -47.0535 0
      vertex 98.8088 -46.9097 2.2
      vertex 98.3852 -47.0535 2.2
    endloop
  endfacet
  facet normal 0.321454 -0.946925 0
    outer loop
      vertex 98.8088 -46.9097 2.2
      vertex 98.3852 -47.0535 0
      vertex 98.8088 -46.9097 0
    endloop
  endfacet
  facet normal 0.442379 -0.896828 0
    outer loop
      vertex 98.8088 -46.9097 0
      vertex 99.21 -46.7118 2.2
      vertex 98.8088 -46.9097 2.2
    endloop
  endfacet
  facet normal 0.442379 -0.896828 0
    outer loop
      vertex 99.21 -46.7118 2.2
      vertex 98.8088 -46.9097 0
      vertex 99.21 -46.7118 0
    endloop
  endfacet
  facet normal 0.947469 -0.319849 0
    outer loop
      vertex 100.66 -45.0588 2.2
      vertex 100.803 -44.6352 0
      vertex 100.803 -44.6352 2.2
    endloop
  endfacet
  facet normal 0.947469 -0.319849 0
    outer loop
      vertex 100.803 -44.6352 0
      vertex 100.66 -45.0588 2.2
      vertex 100.66 -45.0588 0
    endloop
  endfacet
  facet normal 1 -0 0
    outer loop
      vertex 25.15 -19.4 2.2
      vertex 25.15 19.4 0
      vertex 25.15 19.4 2.2
    endloop
  endfacet
  facet normal 1 0 0
    outer loop
      vertex 25.15 19.4 0
      vertex 25.15 -19.4 2.2
      vertex 25.15 -19.4 0
    endloop
  endfacet
  facet normal 0.831609 -0.555362 0
    outer loop
      vertex 25.3644 20.2 2.2
      vertex 25.4806 20.374 0
      vertex 25.4806 20.374 2.2
    endloop
  endfacet
  facet normal 0.831609 -0.555362 0
    outer loop
      vertex 25.4806 20.374 0
      vertex 25.3644 20.2 2.2
      vertex 25.3644 20.2 0
    endloop
  endfacet
  facet normal -0.659248 0.751925 0
    outer loop
      vertex 27.8814 -20.5314 0
      vertex 27.724 -20.6694 2.2
      vertex 27.8814 -20.5314 2.2
    endloop
  endfacet
  facet normal -0.659248 0.751925 0
    outer loop
      vertex 27.724 -20.6694 2.2
      vertex 27.8814 -20.5314 0
      vertex 27.724 -20.6694 0
    endloop
  endfacet
  facet normal -0.997854 0.0654722 0
    outer loop
      vertex 28.3363 -19.6088 0
      vertex 28.35 -19.4 2.2
      vertex 28.35 -19.4 0
    endloop
  endfacet
  facet normal -0.997854 0.0654722 0
    outer loop
      vertex 28.35 -19.4 2.2
      vertex 28.3363 -19.6088 0
      vertex 28.3363 -19.6088 2.2
    endloop
  endfacet
  facet normal -0.946901 -0.321526 0
    outer loop
      vertex 28.2955 19.8141 0
      vertex 28.2282 20.0123 2.2
      vertex 28.2282 20.0123 0
    endloop
  endfacet
  facet normal -0.946901 -0.321526 0
    outer loop
      vertex 28.2282 20.0123 2.2
      vertex 28.2955 19.8141 0
      vertex 28.2955 19.8141 2.2
    endloop
  endfacet
  facet normal 0.442429 0.896803 -0
    outer loop
      vertex 26.1377 -20.8782 0
      vertex 25.95 -20.7856 2.2
      vertex 26.1377 -20.8782 2.2
    endloop
  endfacet
  facet normal 0.442429 0.896803 0
    outer loop
      vertex 25.95 -20.7856 2.2
      vertex 26.1377 -20.8782 0
      vertex 25.95 -20.7856 0
    endloop
  endfacet
  facet normal -0.0654722 -0.997854 0
    outer loop
      vertex 26.75 21 0
      vertex 26.9588 20.9863 2.2
      vertex 26.75 21 2.2
    endloop
  endfacet
  facet normal -0.0654722 -0.997854 -0
    outer loop
      vertex 26.9588 20.9863 2.2
      vertex 26.75 21 0
      vertex 26.9588 20.9863 0
    endloop
  endfacet
  facet normal -0.997854 -0.0654722 0
    outer loop
      vertex 28.35 19.4 0
      vertex 28.3363 19.6088 2.2
      vertex 28.3363 19.6088 0
    endloop
  endfacet
  facet normal -0.997854 -0.0654722 0
    outer loop
      vertex 28.3363 19.6088 2.2
      vertex 28.35 19.4 0
      vertex 28.35 19.4 2.2
    endloop
  endfacet
  facet normal -0.194922 0.980819 0
    outer loop
      vertex 27.1641 -20.9455 0
      vertex 26.9588 -20.9863 2.2
      vertex 27.1641 -20.9455 2.2
    endloop
  endfacet
  facet normal -0.194922 0.980819 0
    outer loop
      vertex 26.9588 -20.9863 2.2
      vertex 27.1641 -20.9455 0
      vertex 26.9588 -20.9863 0
    endloop
  endfacet
  facet normal -1 0 0
    outer loop
      vertex 28.35 -19.4 0
      vertex 28.35 19.4 2.2
      vertex 28.35 19.4 0
    endloop
  endfacet
  facet normal -1 -0 0
    outer loop
      vertex 28.35 19.4 2.2
      vertex 28.35 -19.4 0
      vertex 28.35 -19.4 2.2
    endloop
  endfacet
  facet normal -0.194922 -0.980819 0
    outer loop
      vertex 26.9588 20.9863 0
      vertex 27.1641 20.9455 2.2
      vertex 26.9588 20.9863 2.2
    endloop
  endfacet
  facet normal -0.194922 -0.980819 -0
    outer loop
      vertex 27.1641 20.9455 2.2
      vertex 26.9588 20.9863 0
      vertex 27.1641 20.9455 0
    endloop
  endfacet
  facet normal -0.0654722 0.997854 0
    outer loop
      vertex 26.9588 -20.9863 0
      vertex 26.75 -21 2.2
      vertex 26.9588 -20.9863 2.2
    endloop
  endfacet
  facet normal -0.0654722 0.997854 0
    outer loop
      vertex 26.75 -21 2.2
      vertex 26.9588 -20.9863 0
      vertex 26.75 -21 0
    endloop
  endfacet
  facet normal -0.321526 0.946901 0
    outer loop
      vertex 27.3623 -20.8782 0
      vertex 27.1641 -20.9455 2.2
      vertex 27.3623 -20.8782 2.2
    endloop
  endfacet
  facet normal -0.321526 0.946901 0
    outer loop
      vertex 27.1641 -20.9455 2.2
      vertex 27.3623 -20.8782 0
      vertex 27.1641 -20.9455 0
    endloop
  endfacet
  facet normal -0.980819 0.194922 0
    outer loop
      vertex 28.2955 -19.8141 0
      vertex 28.3363 -19.6088 2.2
      vertex 28.3363 -19.6088 0
    endloop
  endfacet
  facet normal -0.980819 0.194922 0
    outer loop
      vertex 28.3363 -19.6088 2.2
      vertex 28.2955 -19.8141 0
      vertex 28.2955 -19.8141 2.2
    endloop
  endfacet
  facet normal -0.659248 -0.751925 0
    outer loop
      vertex 27.724 20.6694 0
      vertex 27.8814 20.5314 2.2
      vertex 27.724 20.6694 2.2
    endloop
  endfacet
  facet normal -0.659248 -0.751925 -0
    outer loop
      vertex 27.8814 20.5314 2.2
      vertex 27.724 20.6694 0
      vertex 27.8814 20.5314 0
    endloop
  endfacet
  facet normal 0.896803 0.442429 0
    outer loop
      vertex 25.3644 -20.2 2.2
      vertex 25.2718 -20.0123 0
      vertex 25.2718 -20.0123 2.2
    endloop
  endfacet
  facet normal 0.896803 0.442429 0
    outer loop
      vertex 25.2718 -20.0123 0
      vertex 25.3644 -20.2 2.2
      vertex 25.3644 -20.2 0
    endloop
  endfacet
  facet normal 0.896803 -0.442429 0
    outer loop
      vertex 25.2718 20.0123 2.2
      vertex 25.3644 20.2 0
      vertex 25.3644 20.2 2.2
    endloop
  endfacet
  facet normal 0.896803 -0.442429 0
    outer loop
      vertex 25.3644 20.2 0
      vertex 25.2718 20.0123 2.2
      vertex 25.2718 20.0123 0
    endloop
  endfacet
  facet normal 0.194922 0.980819 -0
    outer loop
      vertex 26.5412 -20.9863 0
      vertex 26.3359 -20.9455 2.2
      vertex 26.5412 -20.9863 2.2
    endloop
  endfacet
  facet normal 0.194922 0.980819 0
    outer loop
      vertex 26.3359 -20.9455 2.2
      vertex 26.5412 -20.9863 0
      vertex 26.3359 -20.9455 0
    endloop
  endfacet
  facet normal 0.0654722 0.997854 -0
    outer loop
      vertex 26.75 -21 0
      vertex 26.5412 -20.9863 2.2
      vertex 26.75 -21 2.2
    endloop
  endfacet
  facet normal 0.0654722 0.997854 0
    outer loop
      vertex 26.5412 -20.9863 2.2
      vertex 26.75 -21 0
      vertex 26.5412 -20.9863 0
    endloop
  endfacet
  facet normal -0.946901 0.321526 0
    outer loop
      vertex 28.2282 -20.0123 0
      vertex 28.2955 -19.8141 2.2
      vertex 28.2955 -19.8141 0
    endloop
  endfacet
  facet normal -0.946901 0.321526 0
    outer loop
      vertex 28.2955 -19.8141 2.2
      vertex 28.2282 -20.0123 0
      vertex 28.2282 -20.0123 2.2
    endloop
  endfacet
  facet normal -0.321526 -0.946901 0
    outer loop
      vertex 27.1641 20.9455 0
      vertex 27.3623 20.8782 2.2
      vertex 27.1641 20.9455 2.2
    endloop
  endfacet
  facet normal -0.321526 -0.946901 -0
    outer loop
      vertex 27.3623 20.8782 2.2
      vertex 27.1641 20.9455 0
      vertex 27.3623 20.8782 0
    endloop
  endfacet
  facet normal 0.321526 0.946901 -0
    outer loop
      vertex 26.3359 -20.9455 0
      vertex 26.1377 -20.8782 2.2
      vertex 26.3359 -20.9455 2.2
    endloop
  endfacet
  facet normal 0.321526 0.946901 0
    outer loop
      vertex 26.1377 -20.8782 2.2
      vertex 26.3359 -20.9455 0
      vertex 26.1377 -20.8782 0
    endloop
  endfacet
  facet normal -0.896803 -0.442429 0
    outer loop
      vertex 28.2282 20.0123 0
      vertex 28.1356 20.2 2.2
      vertex 28.1356 20.2 0
    endloop
  endfacet
  facet normal -0.896803 -0.442429 0
    outer loop
      vertex 28.1356 20.2 2.2
      vertex 28.2282 20.0123 0
      vertex 28.2282 20.0123 2.2
    endloop
  endfacet
  facet normal 0.831609 0.555362 0
    outer loop
      vertex 25.4806 -20.374 2.2
      vertex 25.3644 -20.2 0
      vertex 25.3644 -20.2 2.2
    endloop
  endfacet
  facet normal 0.831609 0.555362 0
    outer loop
      vertex 25.3644 -20.2 0
      vertex 25.4806 -20.374 2.2
      vertex 25.4806 -20.374 0
    endloop
  endfacet
  facet normal -0.555362 0.831609 0
    outer loop
      vertex 27.724 -20.6694 0
      vertex 27.55 -20.7856 2.2
      vertex 27.724 -20.6694 2.2
    endloop
  endfacet
  facet normal -0.555362 0.831609 0
    outer loop
      vertex 27.55 -20.7856 2.2
      vertex 27.724 -20.6694 0
      vertex 27.55 -20.7856 0
    endloop
  endfacet
  facet normal 0.321526 -0.946901 0
    outer loop
      vertex 26.1377 20.8782 0
      vertex 26.3359 20.9455 2.2
      vertex 26.1377 20.8782 2.2
    endloop
  endfacet
  facet normal 0.321526 -0.946901 0
    outer loop
      vertex 26.3359 20.9455 2.2
      vertex 26.1377 20.8782 0
      vertex 26.3359 20.9455 0
    endloop
  endfacet
  facet normal 0.442429 -0.896803 0
    outer loop
      vertex 25.95 20.7856 0
      vertex 26.1377 20.8782 2.2
      vertex 25.95 20.7856 2.2
    endloop
  endfacet
  facet normal 0.442429 -0.896803 0
    outer loop
      vertex 26.1377 20.8782 2.2
      vertex 25.95 20.7856 0
      vertex 26.1377 20.8782 0
    endloop
  endfacet
  facet normal -0.442429 -0.896803 0
    outer loop
      vertex 27.3623 20.8782 0
      vertex 27.55 20.7856 2.2
      vertex 27.3623 20.8782 2.2
    endloop
  endfacet
  facet normal -0.442429 -0.896803 -0
    outer loop
      vertex 27.55 20.7856 2.2
      vertex 27.3623 20.8782 0
      vertex 27.55 20.7856 0
    endloop
  endfacet
  facet normal 0.555362 -0.831609 0
    outer loop
      vertex 25.776 20.6694 0
      vertex 25.95 20.7856 2.2
      vertex 25.776 20.6694 2.2
    endloop
  endfacet
  facet normal 0.555362 -0.831609 0
    outer loop
      vertex 25.95 20.7856 2.2
      vertex 25.776 20.6694 0
      vertex 25.95 20.7856 0
    endloop
  endfacet
  facet normal 0.946901 0.321526 0
    outer loop
      vertex 25.2718 -20.0123 2.2
      vertex 25.2045 -19.8141 0
      vertex 25.2045 -19.8141 2.2
    endloop
  endfacet
  facet normal 0.946901 0.321526 0
    outer loop
      vertex 25.2045 -19.8141 0
      vertex 25.2718 -20.0123 2.2
      vertex 25.2718 -20.0123 0
    endloop
  endfacet
  facet normal 0.0654722 -0.997854 0
    outer loop
      vertex 26.5412 20.9863 0
      vertex 26.75 21 2.2
      vertex 26.5412 20.9863 2.2
    endloop
  endfacet
  facet normal 0.0654722 -0.997854 0
    outer loop
      vertex 26.75 21 2.2
      vertex 26.5412 20.9863 0
      vertex 26.75 21 0
    endloop
  endfacet
  facet normal 0.980819 0.194922 0
    outer loop
      vertex 25.2045 -19.8141 2.2
      vertex 25.1637 -19.6088 0
      vertex 25.1637 -19.6088 2.2
    endloop
  endfacet
  facet normal 0.980819 0.194922 0
    outer loop
      vertex 25.1637 -19.6088 0
      vertex 25.2045 -19.8141 2.2
      vertex 25.2045 -19.8141 0
    endloop
  endfacet
  facet normal 0.194922 -0.980819 0
    outer loop
      vertex 26.3359 20.9455 0
      vertex 26.5412 20.9863 2.2
      vertex 26.3359 20.9455 2.2
    endloop
  endfacet
  facet normal 0.194922 -0.980819 0
    outer loop
      vertex 26.5412 20.9863 2.2
      vertex 26.3359 20.9455 0
      vertex 26.5412 20.9863 0
    endloop
  endfacet
  facet normal 0.997854 0.0654722 0
    outer loop
      vertex 25.1637 -19.6088 2.2
      vertex 25.15 -19.4 0
      vertex 25.15 -19.4 2.2
    endloop
  endfacet
  facet normal 0.997854 0.0654722 0
    outer loop
      vertex 25.15 -19.4 0
      vertex 25.1637 -19.6088 2.2
      vertex 25.1637 -19.6088 0
    endloop
  endfacet
  facet normal -0.831609 -0.555362 0
    outer loop
      vertex 28.1356 20.2 0
      vertex 28.0194 20.374 2.2
      vertex 28.0194 20.374 0
    endloop
  endfacet
  facet normal -0.831609 -0.555362 0
    outer loop
      vertex 28.0194 20.374 2.2
      vertex 28.1356 20.2 0
      vertex 28.1356 20.2 2.2
    endloop
  endfacet
  facet normal 0.997854 -0.0654722 0
    outer loop
      vertex 25.15 19.4 2.2
      vertex 25.1637 19.6088 0
      vertex 25.1637 19.6088 2.2
    endloop
  endfacet
  facet normal 0.997854 -0.0654722 0
    outer loop
      vertex 25.1637 19.6088 0
      vertex 25.15 19.4 2.2
      vertex 25.15 19.4 0
    endloop
  endfacet
  facet normal -0.751925 0.659248 0
    outer loop
      vertex 27.8814 -20.5314 0
      vertex 28.0194 -20.374 2.2
      vertex 28.0194 -20.374 0
    endloop
  endfacet
  facet normal -0.751925 0.659248 0
    outer loop
      vertex 28.0194 -20.374 2.2
      vertex 27.8814 -20.5314 0
      vertex 27.8814 -20.5314 2.2
    endloop
  endfacet
  facet normal 0.751925 0.659248 0
    outer loop
      vertex 25.6186 -20.5314 2.2
      vertex 25.4806 -20.374 0
      vertex 25.4806 -20.374 2.2
    endloop
  endfacet
  facet normal 0.751925 0.659248 0
    outer loop
      vertex 25.4806 -20.374 0
      vertex 25.6186 -20.5314 2.2
      vertex 25.6186 -20.5314 0
    endloop
  endfacet
  facet normal -0.896803 0.442429 0
    outer loop
      vertex 28.1356 -20.2 0
      vertex 28.2282 -20.0123 2.2
      vertex 28.2282 -20.0123 0
    endloop
  endfacet
  facet normal -0.896803 0.442429 0
    outer loop
      vertex 28.2282 -20.0123 2.2
      vertex 28.1356 -20.2 0
      vertex 28.1356 -20.2 2.2
    endloop
  endfacet
  facet normal 0.659248 0.751925 -0
    outer loop
      vertex 25.776 -20.6694 0
      vertex 25.6186 -20.5314 2.2
      vertex 25.776 -20.6694 2.2
    endloop
  endfacet
  facet normal 0.659248 0.751925 0
    outer loop
      vertex 25.6186 -20.5314 2.2
      vertex 25.776 -20.6694 0
      vertex 25.6186 -20.5314 0
    endloop
  endfacet
  facet normal -0.555362 -0.831609 0
    outer loop
      vertex 27.55 20.7856 0
      vertex 27.724 20.6694 2.2
      vertex 27.55 20.7856 2.2
    endloop
  endfacet
  facet normal -0.555362 -0.831609 -0
    outer loop
      vertex 27.724 20.6694 2.2
      vertex 27.55 20.7856 0
      vertex 27.724 20.6694 0
    endloop
  endfacet
  facet normal -0.831609 0.555362 0
    outer loop
      vertex 28.0194 -20.374 0
      vertex 28.1356 -20.2 2.2
      vertex 28.1356 -20.2 0
    endloop
  endfacet
  facet normal -0.831609 0.555362 0
    outer loop
      vertex 28.1356 -20.2 2.2
      vertex 28.0194 -20.374 0
      vertex 28.0194 -20.374 2.2
    endloop
  endfacet
  facet normal -0.751925 -0.659248 0
    outer loop
      vertex 28.0194 20.374 0
      vertex 27.8814 20.5314 2.2
      vertex 27.8814 20.5314 0
    endloop
  endfacet
  facet normal -0.751925 -0.659248 0
    outer loop
      vertex 27.8814 20.5314 2.2
      vertex 28.0194 20.374 0
      vertex 28.0194 20.374 2.2
    endloop
  endfacet
  facet normal 0.980819 -0.194922 0
    outer loop
      vertex 25.1637 19.6088 2.2
      vertex 25.2045 19.8141 0
      vertex 25.2045 19.8141 2.2
    endloop
  endfacet
  facet normal 0.980819 -0.194922 0
    outer loop
      vertex 25.2045 19.8141 0
      vertex 25.1637 19.6088 2.2
      vertex 25.1637 19.6088 0
    endloop
  endfacet
  facet normal 0.946901 -0.321526 0
    outer loop
      vertex 25.2045 19.8141 2.2
      vertex 25.2718 20.0123 0
      vertex 25.2718 20.0123 2.2
    endloop
  endfacet
  facet normal 0.946901 -0.321526 0
    outer loop
      vertex 25.2718 20.0123 0
      vertex 25.2045 19.8141 2.2
      vertex 25.2045 19.8141 0
    endloop
  endfacet
  facet normal 0.659248 -0.751925 0
    outer loop
      vertex 25.6186 20.5314 0
      vertex 25.776 20.6694 2.2
      vertex 25.6186 20.5314 2.2
    endloop
  endfacet
  facet normal 0.659248 -0.751925 0
    outer loop
      vertex 25.776 20.6694 2.2
      vertex 25.6186 20.5314 0
      vertex 25.776 20.6694 0
    endloop
  endfacet
  facet normal 0.555362 0.831609 -0
    outer loop
      vertex 25.95 -20.7856 0
      vertex 25.776 -20.6694 2.2
      vertex 25.95 -20.7856 2.2
    endloop
  endfacet
  facet normal 0.555362 0.831609 0
    outer loop
      vertex 25.776 -20.6694 2.2
      vertex 25.95 -20.7856 0
      vertex 25.776 -20.6694 0
    endloop
  endfacet
  facet normal 0.751925 -0.659248 0
    outer loop
      vertex 25.4806 20.374 2.2
      vertex 25.6186 20.5314 0
      vertex 25.6186 20.5314 2.2
    endloop
  endfacet
  facet normal 0.751925 -0.659248 0
    outer loop
      vertex 25.6186 20.5314 0
      vertex 25.4806 20.374 2.2
      vertex 25.4806 20.374 0
    endloop
  endfacet
  facet normal -0.442429 0.896803 0
    outer loop
      vertex 27.55 -20.7856 0
      vertex 27.3623 -20.8782 2.2
      vertex 27.55 -20.7856 2.2
    endloop
  endfacet
  facet normal -0.442429 0.896803 0
    outer loop
      vertex 27.3623 -20.8782 2.2
      vertex 27.55 -20.7856 0
      vertex 27.3623 -20.8782 0
    endloop
  endfacet
  facet normal -0.980819 -0.194922 0
    outer loop
      vertex 28.3363 19.6088 0
      vertex 28.2955 19.8141 2.2
      vertex 28.2955 19.8141 0
    endloop
  endfacet
  facet normal -0.980819 -0.194922 0
    outer loop
      vertex 28.2955 19.8141 2.2
      vertex 28.3363 19.6088 0
      vertex 28.3363 19.6088 2.2
    endloop
  endfacet
  facet normal 1 -0 0
    outer loop
      vertex 34.15 -19.4 2.2
      vertex 34.15 19.4 0
      vertex 34.15 19.4 2.2
    endloop
  endfacet
  facet normal 1 0 0
    outer loop
      vertex 34.15 19.4 0
      vertex 34.15 -19.4 2.2
      vertex 34.15 -19.4 0
    endloop
  endfacet
  facet normal -0.659248 0.751925 0
    outer loop
      vertex 36.8814 -20.5314 0
      vertex 36.724 -20.6694 2.2
      vertex 36.8814 -20.5314 2.2
    endloop
  endfacet
  facet normal -0.659248 0.751925 0
    outer loop
      vertex 36.724 -20.6694 2.2
      vertex 36.8814 -20.5314 0
      vertex 36.724 -20.6694 0
    endloop
  endfacet
  facet normal -0.997854 0.0654722 0
    outer loop
      vertex 37.3363 -19.6088 0
      vertex 37.35 -19.4 2.2
      vertex 37.35 -19.4 0
    endloop
  endfacet
  facet normal -0.997854 0.0654722 0
    outer loop
      vertex 37.35 -19.4 2.2
      vertex 37.3363 -19.6088 0
      vertex 37.3363 -19.6088 2.2
    endloop
  endfacet
  facet normal 0.442429 0.896803 -0
    outer loop
      vertex 35.1377 -20.8782 0
      vertex 34.95 -20.7856 2.2
      vertex 35.1377 -20.8782 2.2
    endloop
  endfacet
  facet normal 0.442429 0.896803 0
    outer loop
      vertex 34.95 -20.7856 2.2
      vertex 35.1377 -20.8782 0
      vertex 34.95 -20.7856 0
    endloop
  endfacet
  facet normal -0.0654722 -0.997854 0
    outer loop
      vertex 35.75 21 0
      vertex 35.9588 20.9863 2.2
      vertex 35.75 21 2.2
    endloop
  endfacet
  facet normal -0.0654722 -0.997854 -0
    outer loop
      vertex 35.9588 20.9863 2.2
      vertex 35.75 21 0
      vertex 35.9588 20.9863 0
    endloop
  endfacet
  facet normal -0.194922 0.980819 0
    outer loop
      vertex 36.1641 -20.9455 0
      vertex 35.9588 -20.9863 2.2
      vertex 36.1641 -20.9455 2.2
    endloop
  endfacet
  facet normal -0.194922 0.980819 0
    outer loop
      vertex 35.9588 -20.9863 2.2
      vertex 36.1641 -20.9455 0
      vertex 35.9588 -20.9863 0
    endloop
  endfacet
  facet normal -1 0 0
    outer loop
      vertex 37.35 -19.4 0
      vertex 37.35 19.4 2.2
      vertex 37.35 19.4 0
    endloop
  endfacet
  facet normal -1 -0 0
    outer loop
      vertex 37.35 19.4 2.2
      vertex 37.35 -19.4 0
      vertex 37.35 -19.4 2.2
    endloop
  endfacet
  facet normal -0.194922 -0.980819 0
    outer loop
      vertex 35.9588 20.9863 0
      vertex 36.1641 20.9455 2.2
      vertex 35.9588 20.9863 2.2
    endloop
  endfacet
  facet normal -0.194922 -0.980819 -0
    outer loop
      vertex 36.1641 20.9455 2.2
      vertex 35.9588 20.9863 0
      vertex 36.1641 20.9455 0
    endloop
  endfacet
  facet normal -0.0654722 0.997854 0
    outer loop
      vertex 35.9588 -20.9863 0
      vertex 35.75 -21 2.2
      vertex 35.9588 -20.9863 2.2
    endloop
  endfacet
  facet normal -0.0654722 0.997854 0
    outer loop
      vertex 35.75 -21 2.2
      vertex 35.9588 -20.9863 0
      vertex 35.75 -21 0
    endloop
  endfacet
  facet normal 0.896803 -0.442429 0
    outer loop
      vertex 34.2718 20.0123 2.2
      vertex 34.3644 20.2 0
      vertex 34.3644 20.2 2.2
    endloop
  endfacet
  facet normal 0.896803 -0.442429 0
    outer loop
      vertex 34.3644 20.2 0
      vertex 34.2718 20.0123 2.2
      vertex 34.2718 20.0123 0
    endloop
  endfacet
  facet normal -0.321526 0.946901 0
    outer loop
      vertex 36.3623 -20.8782 0
      vertex 36.1641 -20.9455 2.2
      vertex 36.3623 -20.8782 2.2
    endloop
  endfacet
  facet normal -0.321526 0.946901 0
    outer loop
      vertex 36.1641 -20.9455 2.2
      vertex 36.3623 -20.8782 0
      vertex 36.1641 -20.9455 0
    endloop
  endfacet
  facet normal -0.980819 0.194922 0
    outer loop
      vertex 37.2955 -19.8141 0
      vertex 37.3363 -19.6088 2.2
      vertex 37.3363 -19.6088 0
    endloop
  endfacet
  facet normal -0.980819 0.194922 0
    outer loop
      vertex 37.3363 -19.6088 2.2
      vertex 37.2955 -19.8141 0
      vertex 37.2955 -19.8141 2.2
    endloop
  endfacet
  facet normal -0.659248 -0.751925 0
    outer loop
      vertex 36.724 20.6694 0
      vertex 36.8814 20.5314 2.2
      vertex 36.724 20.6694 2.2
    endloop
  endfacet
  facet normal -0.659248 -0.751925 -0
    outer loop
      vertex 36.8814 20.5314 2.2
      vertex 36.724 20.6694 0
      vertex 36.8814 20.5314 0
    endloop
  endfacet
  facet normal -0.946901 -0.321526 0
    outer loop
      vertex 37.2955 19.8141 0
      vertex 37.2282 20.0123 2.2
      vertex 37.2282 20.0123 0
    endloop
  endfacet
  facet normal -0.946901 -0.321526 0
    outer loop
      vertex 37.2282 20.0123 2.2
      vertex 37.2955 19.8141 0
      vertex 37.2955 19.8141 2.2
    endloop
  endfacet
  facet normal 0.194922 0.980819 -0
    outer loop
      vertex 35.5412 -20.9863 0
      vertex 35.3359 -20.9455 2.2
      vertex 35.5412 -20.9863 2.2
    endloop
  endfacet
  facet normal 0.194922 0.980819 0
    outer loop
      vertex 35.3359 -20.9455 2.2
      vertex 35.5412 -20.9863 0
      vertex 35.3359 -20.9455 0
    endloop
  endfacet
  facet normal 0.0654722 0.997854 -0
    outer loop
      vertex 35.75 -21 0
      vertex 35.5412 -20.9863 2.2
      vertex 35.75 -21 2.2
    endloop
  endfacet
  facet normal 0.0654722 0.997854 0
    outer loop
      vertex 35.5412 -20.9863 2.2
      vertex 35.75 -21 0
      vertex 35.5412 -20.9863 0
    endloop
  endfacet
  facet normal -0.896803 0.442429 0
    outer loop
      vertex 37.1356 -20.2 0
      vertex 37.2282 -20.0123 2.2
      vertex 37.2282 -20.0123 0
    endloop
  endfacet
  facet normal -0.896803 0.442429 0
    outer loop
      vertex 37.2282 -20.0123 2.2
      vertex 37.1356 -20.2 0
      vertex 37.1356 -20.2 2.2
    endloop
  endfacet
  facet normal -0.321526 -0.946901 0
    outer loop
      vertex 36.1641 20.9455 0
      vertex 36.3623 20.8782 2.2
      vertex 36.1641 20.9455 2.2
    endloop
  endfacet
  facet normal -0.321526 -0.946901 -0
    outer loop
      vertex 36.3623 20.8782 2.2
      vertex 36.1641 20.9455 0
      vertex 36.3623 20.8782 0
    endloop
  endfacet
  facet normal 0.321526 0.946901 -0
    outer loop
      vertex 35.3359 -20.9455 0
      vertex 35.1377 -20.8782 2.2
      vertex 35.3359 -20.9455 2.2
    endloop
  endfacet
  facet normal 0.321526 0.946901 0
    outer loop
      vertex 35.1377 -20.8782 2.2
      vertex 35.3359 -20.9455 0
      vertex 35.1377 -20.8782 0
    endloop
  endfacet
  facet normal 0.831609 0.555362 0
    outer loop
      vertex 34.4806 -20.374 2.2
      vertex 34.3644 -20.2 0
      vertex 34.3644 -20.2 2.2
    endloop
  endfacet
  facet normal 0.831609 0.555362 0
    outer loop
      vertex 34.3644 -20.2 0
      vertex 34.4806 -20.374 2.2
      vertex 34.4806 -20.374 0
    endloop
  endfacet
  facet normal 0.194922 -0.980819 0
    outer loop
      vertex 35.3359 20.9455 0
      vertex 35.5412 20.9863 2.2
      vertex 35.3359 20.9455 2.2
    endloop
  endfacet
  facet normal 0.194922 -0.980819 0
    outer loop
      vertex 35.5412 20.9863 2.2
      vertex 35.3359 20.9455 0
      vertex 35.5412 20.9863 0
    endloop
  endfacet
  facet normal -0.980819 -0.194922 0
    outer loop
      vertex 37.3363 19.6088 0
      vertex 37.2955 19.8141 2.2
      vertex 37.2955 19.8141 0
    endloop
  endfacet
  facet normal -0.980819 -0.194922 0
    outer loop
      vertex 37.2955 19.8141 2.2
      vertex 37.3363 19.6088 0
      vertex 37.3363 19.6088 2.2
    endloop
  endfacet
  facet normal -0.555362 0.831609 0
    outer loop
      vertex 36.724 -20.6694 0
      vertex 36.55 -20.7856 2.2
      vertex 36.724 -20.6694 2.2
    endloop
  endfacet
  facet normal -0.555362 0.831609 0
    outer loop
      vertex 36.55 -20.7856 2.2
      vertex 36.724 -20.6694 0
      vertex 36.55 -20.7856 0
    endloop
  endfacet
  facet normal 0.321526 -0.946901 0
    outer loop
      vertex 35.1377 20.8782 0
      vertex 35.3359 20.9455 2.2
      vertex 35.1377 20.8782 2.2
    endloop
  endfacet
  facet normal 0.321526 -0.946901 0
    outer loop
      vertex 35.3359 20.9455 2.2
      vertex 35.1377 20.8782 0
      vertex 35.3359 20.9455 0
    endloop
  endfacet
  facet normal -0.896803 -0.442429 0
    outer loop
      vertex 37.2282 20.0123 0
      vertex 37.1356 20.2 2.2
      vertex 37.1356 20.2 0
    endloop
  endfacet
  facet normal -0.896803 -0.442429 0
    outer loop
      vertex 37.1356 20.2 2.2
      vertex 37.2282 20.0123 0
      vertex 37.2282 20.0123 2.2
    endloop
  endfacet
  facet normal -0.442429 -0.896803 0
    outer loop
      vertex 36.3623 20.8782 0
      vertex 36.55 20.7856 2.2
      vertex 36.3623 20.8782 2.2
    endloop
  endfacet
  facet normal -0.442429 -0.896803 -0
    outer loop
      vertex 36.55 20.7856 2.2
      vertex 36.3623 20.8782 0
      vertex 36.55 20.7856 0
    endloop
  endfacet
  facet normal 0.831609 -0.555362 0
    outer loop
      vertex 34.3644 20.2 2.2
      vertex 34.4806 20.374 0
      vertex 34.4806 20.374 2.2
    endloop
  endfacet
  facet normal 0.831609 -0.555362 0
    outer loop
      vertex 34.4806 20.374 0
      vertex 34.3644 20.2 2.2
      vertex 34.3644 20.2 0
    endloop
  endfacet
  facet normal 0.0654722 -0.997854 0
    outer loop
      vertex 35.5412 20.9863 0
      vertex 35.75 21 2.2
      vertex 35.5412 20.9863 2.2
    endloop
  endfacet
  facet normal 0.0654722 -0.997854 0
    outer loop
      vertex 35.75 21 2.2
      vertex 35.5412 20.9863 0
      vertex 35.75 21 0
    endloop
  endfacet
  facet normal 0.980819 0.194922 0
    outer loop
      vertex 34.2045 -19.8141 2.2
      vertex 34.1637 -19.6088 0
      vertex 34.1637 -19.6088 2.2
    endloop
  endfacet
  facet normal 0.980819 0.194922 0
    outer loop
      vertex 34.1637 -19.6088 0
      vertex 34.2045 -19.8141 2.2
      vertex 34.2045 -19.8141 0
    endloop
  endfacet
  facet normal 0.997854 0.0654722 0
    outer loop
      vertex 34.1637 -19.6088 2.2
      vertex 34.15 -19.4 0
      vertex 34.15 -19.4 2.2
    endloop
  endfacet
  facet normal 0.997854 0.0654722 0
    outer loop
      vertex 34.15 -19.4 0
      vertex 34.1637 -19.6088 2.2
      vertex 34.1637 -19.6088 0
    endloop
  endfacet
  facet normal -0.997854 -0.0654722 0
    outer loop
      vertex 37.35 19.4 0
      vertex 37.3363 19.6088 2.2
      vertex 37.3363 19.6088 0
    endloop
  endfacet
  facet normal -0.997854 -0.0654722 0
    outer loop
      vertex 37.3363 19.6088 2.2
      vertex 37.35 19.4 0
      vertex 37.35 19.4 2.2
    endloop
  endfacet
  facet normal -0.831609 -0.555362 0
    outer loop
      vertex 37.1356 20.2 0
      vertex 37.0194 20.374 2.2
      vertex 37.0194 20.374 0
    endloop
  endfacet
  facet normal -0.831609 -0.555362 0
    outer loop
      vertex 37.0194 20.374 2.2
      vertex 37.1356 20.2 0
      vertex 37.1356 20.2 2.2
    endloop
  endfacet
  facet normal 0.997854 -0.0654722 0
    outer loop
      vertex 34.15 19.4 2.2
      vertex 34.1637 19.6088 0
      vertex 34.1637 19.6088 2.2
    endloop
  endfacet
  facet normal 0.997854 -0.0654722 0
    outer loop
      vertex 34.1637 19.6088 0
      vertex 34.15 19.4 2.2
      vertex 34.15 19.4 0
    endloop
  endfacet
  facet normal -0.751925 0.659248 0
    outer loop
      vertex 36.8814 -20.5314 0
      vertex 37.0194 -20.374 2.2
      vertex 37.0194 -20.374 0
    endloop
  endfacet
  facet normal -0.751925 0.659248 0
    outer loop
      vertex 37.0194 -20.374 2.2
      vertex 36.8814 -20.5314 0
      vertex 36.8814 -20.5314 2.2
    endloop
  endfacet
  facet normal 0.442429 -0.896803 0
    outer loop
      vertex 34.95 20.7856 0
      vertex 35.1377 20.8782 2.2
      vertex 34.95 20.7856 2.2
    endloop
  endfacet
  facet normal 0.442429 -0.896803 0
    outer loop
      vertex 35.1377 20.8782 2.2
      vertex 34.95 20.7856 0
      vertex 35.1377 20.8782 0
    endloop
  endfacet
  facet normal 0.751925 0.659248 0
    outer loop
      vertex 34.6186 -20.5314 2.2
      vertex 34.4806 -20.374 0
      vertex 34.4806 -20.374 2.2
    endloop
  endfacet
  facet normal 0.751925 0.659248 0
    outer loop
      vertex 34.4806 -20.374 0
      vertex 34.6186 -20.5314 2.2
      vertex 34.6186 -20.5314 0
    endloop
  endfacet
  facet normal 0.659248 0.751925 -0
    outer loop
      vertex 34.776 -20.6694 0
      vertex 34.6186 -20.5314 2.2
      vertex 34.776 -20.6694 2.2
    endloop
  endfacet
  facet normal 0.659248 0.751925 0
    outer loop
      vertex 34.6186 -20.5314 2.2
      vertex 34.776 -20.6694 0
      vertex 34.6186 -20.5314 0
    endloop
  endfacet
  facet normal -0.831609 0.555362 0
    outer loop
      vertex 37.0194 -20.374 0
      vertex 37.1356 -20.2 2.2
      vertex 37.1356 -20.2 0
    endloop
  endfacet
  facet normal -0.831609 0.555362 0
    outer loop
      vertex 37.1356 -20.2 2.2
      vertex 37.0194 -20.374 0
      vertex 37.0194 -20.374 2.2
    endloop
  endfacet
  facet normal -0.555362 -0.831609 0
    outer loop
      vertex 36.55 20.7856 0
      vertex 36.724 20.6694 2.2
      vertex 36.55 20.7856 2.2
    endloop
  endfacet
  facet normal -0.555362 -0.831609 -0
    outer loop
      vertex 36.724 20.6694 2.2
      vertex 36.55 20.7856 0
      vertex 36.724 20.6694 0
    endloop
  endfacet
  facet normal -0.751925 -0.659248 0
    outer loop
      vertex 37.0194 20.374 0
      vertex 36.8814 20.5314 2.2
      vertex 36.8814 20.5314 0
    endloop
  endfacet
  facet normal -0.751925 -0.659248 0
    outer loop
      vertex 36.8814 20.5314 2.2
      vertex 37.0194 20.374 0
      vertex 37.0194 20.374 2.2
    endloop
  endfacet
  facet normal 0.980819 -0.194922 0
    outer loop
      vertex 34.1637 19.6088 2.2
      vertex 34.2045 19.8141 0
      vertex 34.2045 19.8141 2.2
    endloop
  endfacet
  facet normal 0.980819 -0.194922 0
    outer loop
      vertex 34.2045 19.8141 0
      vertex 34.1637 19.6088 2.2
      vertex 34.1637 19.6088 0
    endloop
  endfacet
  facet normal 0.946901 0.321526 0
    outer loop
      vertex 34.2718 -20.0123 2.2
      vertex 34.2045 -19.8141 0
      vertex 34.2045 -19.8141 2.2
    endloop
  endfacet
  facet normal 0.946901 0.321526 0
    outer loop
      vertex 34.2045 -19.8141 0
      vertex 34.2718 -20.0123 2.2
      vertex 34.2718 -20.0123 0
    endloop
  endfacet
  facet normal 0.659248 -0.751925 0
    outer loop
      vertex 34.6186 20.5314 0
      vertex 34.776 20.6694 2.2
      vertex 34.6186 20.5314 2.2
    endloop
  endfacet
  facet normal 0.659248 -0.751925 0
    outer loop
      vertex 34.776 20.6694 2.2
      vertex 34.6186 20.5314 0
      vertex 34.776 20.6694 0
    endloop
  endfacet
  facet normal 0.555362 0.831609 -0
    outer loop
      vertex 34.95 -20.7856 0
      vertex 34.776 -20.6694 2.2
      vertex 34.95 -20.7856 2.2
    endloop
  endfacet
  facet normal 0.555362 0.831609 0
    outer loop
      vertex 34.776 -20.6694 2.2
      vertex 34.95 -20.7856 0
      vertex 34.776 -20.6694 0
    endloop
  endfacet
  facet normal 0.751925 -0.659248 0
    outer loop
      vertex 34.4806 20.374 2.2
      vertex 34.6186 20.5314 0
      vertex 34.6186 20.5314 2.2
    endloop
  endfacet
  facet normal 0.751925 -0.659248 0
    outer loop
      vertex 34.6186 20.5314 0
      vertex 34.4806 20.374 2.2
      vertex 34.4806 20.374 0
    endloop
  endfacet
  facet normal 0.555362 -0.831609 0
    outer loop
      vertex 34.776 20.6694 0
      vertex 34.95 20.7856 2.2
      vertex 34.776 20.6694 2.2
    endloop
  endfacet
  facet normal 0.555362 -0.831609 0
    outer loop
      vertex 34.95 20.7856 2.2
      vertex 34.776 20.6694 0
      vertex 34.95 20.7856 0
    endloop
  endfacet
  facet normal -0.442429 0.896803 0
    outer loop
      vertex 36.55 -20.7856 0
      vertex 36.3623 -20.8782 2.2
      vertex 36.55 -20.7856 2.2
    endloop
  endfacet
  facet normal -0.442429 0.896803 0
    outer loop
      vertex 36.3623 -20.8782 2.2
      vertex 36.55 -20.7856 0
      vertex 36.3623 -20.8782 0
    endloop
  endfacet
  facet normal 0.896803 0.442429 0
    outer loop
      vertex 34.3644 -20.2 2.2
      vertex 34.2718 -20.0123 0
      vertex 34.2718 -20.0123 2.2
    endloop
  endfacet
  facet normal 0.896803 0.442429 0
    outer loop
      vertex 34.2718 -20.0123 0
      vertex 34.3644 -20.2 2.2
      vertex 34.3644 -20.2 0
    endloop
  endfacet
  facet normal -0.946901 0.321526 0
    outer loop
      vertex 37.2282 -20.0123 0
      vertex 37.2955 -19.8141 2.2
      vertex 37.2955 -19.8141 0
    endloop
  endfacet
  facet normal -0.946901 0.321526 0
    outer loop
      vertex 37.2955 -19.8141 2.2
      vertex 37.2282 -20.0123 0
      vertex 37.2282 -20.0123 2.2
    endloop
  endfacet
  facet normal 0.946901 -0.321526 0
    outer loop
      vertex 34.2045 19.8141 2.2
      vertex 34.2718 20.0123 0
      vertex 34.2718 20.0123 2.2
    endloop
  endfacet
  facet normal 0.946901 -0.321526 0
    outer loop
      vertex 34.2718 20.0123 0
      vertex 34.2045 19.8141 2.2
      vertex 34.2045 19.8141 0
    endloop
  endfacet
  facet normal -0.194922 0.980819 0
    outer loop
      vertex 45.1641 -20.9455 0
      vertex 44.9588 -20.9863 2.2
      vertex 45.1641 -20.9455 2.2
    endloop
  endfacet
  facet normal -0.194922 0.980819 0
    outer loop
      vertex 44.9588 -20.9863 2.2
      vertex 45.1641 -20.9455 0
      vertex 44.9588 -20.9863 0
    endloop
  endfacet
  facet normal -0.0654722 0.997854 0
    outer loop
      vertex 44.9588 -20.9863 0
      vertex 44.75 -21 2.2
      vertex 44.9588 -20.9863 2.2
    endloop
  endfacet
  facet normal -0.0654722 0.997854 0
    outer loop
      vertex 44.75 -21 2.2
      vertex 44.9588 -20.9863 0
      vertex 44.75 -21 0
    endloop
  endfacet
  facet normal -0.751925 -0.659248 0
    outer loop
      vertex 46.0194 20.374 0
      vertex 45.8814 20.5314 2.2
      vertex 45.8814 20.5314 0
    endloop
  endfacet
  facet normal -0.751925 -0.659248 0
    outer loop
      vertex 45.8814 20.5314 2.2
      vertex 46.0194 20.374 0
      vertex 46.0194 20.374 2.2
    endloop
  endfacet
  facet normal 0.751925 0.659248 0
    outer loop
      vertex 43.6186 -20.5314 2.2
      vertex 43.4806 -20.374 0
      vertex 43.4806 -20.374 2.2
    endloop
  endfacet
  facet normal 0.751925 0.659248 0
    outer loop
      vertex 43.4806 -20.374 0
      vertex 43.6186 -20.5314 2.2
      vertex 43.6186 -20.5314 0
    endloop
  endfacet
  facet normal 0.321526 -0.946901 0
    outer loop
      vertex 44.1377 20.8782 0
      vertex 44.3359 20.9455 2.2
      vertex 44.1377 20.8782 2.2
    endloop
  endfacet
  facet normal 0.321526 -0.946901 0
    outer loop
      vertex 44.3359 20.9455 2.2
      vertex 44.1377 20.8782 0
      vertex 44.3359 20.9455 0
    endloop
  endfacet
  facet normal -0.997854 0.0654722 0
    outer loop
      vertex 46.3363 -19.6088 0
      vertex 46.35 -19.4 2.2
      vertex 46.35 -19.4 0
    endloop
  endfacet
  facet normal -0.997854 0.0654722 0
    outer loop
      vertex 46.35 -19.4 2.2
      vertex 46.3363 -19.6088 0
      vertex 46.3363 -19.6088 2.2
    endloop
  endfacet
  facet normal 0.946901 -0.321526 0
    outer loop
      vertex 43.2045 19.8141 2.2
      vertex 43.2718 20.0123 0
      vertex 43.2718 20.0123 2.2
    endloop
  endfacet
  facet normal 0.946901 -0.321526 0
    outer loop
      vertex 43.2718 20.0123 0
      vertex 43.2045 19.8141 2.2
      vertex 43.2045 19.8141 0
    endloop
  endfacet
  facet normal 0.555362 0.831609 -0
    outer loop
      vertex 43.95 -20.7856 0
      vertex 43.776 -20.6694 2.2
      vertex 43.95 -20.7856 2.2
    endloop
  endfacet
  facet normal 0.555362 0.831609 0
    outer loop
      vertex 43.776 -20.6694 2.2
      vertex 43.95 -20.7856 0
      vertex 43.776 -20.6694 0
    endloop
  endfacet
  facet normal -1 0 0
    outer loop
      vertex 46.35 -19.4 0
      vertex 46.35 19.4 2.2
      vertex 46.35 19.4 0
    endloop
  endfacet
  facet normal -1 -0 0
    outer loop
      vertex 46.35 19.4 2.2
      vertex 46.35 -19.4 0
      vertex 46.35 -19.4 2.2
    endloop
  endfacet
  facet normal -0.946901 -0.321526 0
    outer loop
      vertex 46.2955 19.8141 0
      vertex 46.2282 20.0123 2.2
      vertex 46.2282 20.0123 0
    endloop
  endfacet
  facet normal -0.946901 -0.321526 0
    outer loop
      vertex 46.2282 20.0123 2.2
      vertex 46.2955 19.8141 0
      vertex 46.2955 19.8141 2.2
    endloop
  endfacet
  facet normal -0.896803 0.442429 0
    outer loop
      vertex 46.1356 -20.2 0
      vertex 46.2282 -20.0123 2.2
      vertex 46.2282 -20.0123 0
    endloop
  endfacet
  facet normal -0.896803 0.442429 0
    outer loop
      vertex 46.2282 -20.0123 2.2
      vertex 46.1356 -20.2 0
      vertex 46.1356 -20.2 2.2
    endloop
  endfacet
  facet normal 0.0654722 0.997854 -0
    outer loop
      vertex 44.75 -21 0
      vertex 44.5412 -20.9863 2.2
      vertex 44.75 -21 2.2
    endloop
  endfacet
  facet normal 0.0654722 0.997854 0
    outer loop
      vertex 44.5412 -20.9863 2.2
      vertex 44.75 -21 0
      vertex 44.5412 -20.9863 0
    endloop
  endfacet
  facet normal -0.321526 -0.946901 0
    outer loop
      vertex 45.1641 20.9455 0
      vertex 45.3623 20.8782 2.2
      vertex 45.1641 20.9455 2.2
    endloop
  endfacet
  facet normal -0.321526 -0.946901 -0
    outer loop
      vertex 45.3623 20.8782 2.2
      vertex 45.1641 20.9455 0
      vertex 45.3623 20.8782 0
    endloop
  endfacet
  facet normal 1 -0 0
    outer loop
      vertex 43.15 -19.4 2.2
      vertex 43.15 19.4 0
      vertex 43.15 19.4 2.2
    endloop
  endfacet
  facet normal 1 0 0
    outer loop
      vertex 43.15 19.4 0
      vertex 43.15 -19.4 2.2
      vertex 43.15 -19.4 0
    endloop
  endfacet
  facet normal 0.980819 0.194922 0
    outer loop
      vertex 43.2045 -19.8141 2.2
      vertex 43.1637 -19.6088 0
      vertex 43.1637 -19.6088 2.2
    endloop
  endfacet
  facet normal 0.980819 0.194922 0
    outer loop
      vertex 43.1637 -19.6088 0
      vertex 43.2045 -19.8141 2.2
      vertex 43.2045 -19.8141 0
    endloop
  endfacet
  facet normal 0.442429 0.896803 -0
    outer loop
      vertex 44.1377 -20.8782 0
      vertex 43.95 -20.7856 2.2
      vertex 44.1377 -20.8782 2.2
    endloop
  endfacet
  facet normal 0.442429 0.896803 0
    outer loop
      vertex 43.95 -20.7856 2.2
      vertex 44.1377 -20.8782 0
      vertex 43.95 -20.7856 0
    endloop
  endfacet
  facet normal 0.321526 0.946901 -0
    outer loop
      vertex 44.3359 -20.9455 0
      vertex 44.1377 -20.8782 2.2
      vertex 44.3359 -20.9455 2.2
    endloop
  endfacet
  facet normal 0.321526 0.946901 0
    outer loop
      vertex 44.1377 -20.8782 2.2
      vertex 44.3359 -20.9455 0
      vertex 44.1377 -20.8782 0
    endloop
  endfacet
  facet normal 0.442429 -0.896803 0
    outer loop
      vertex 43.95 20.7856 0
      vertex 44.1377 20.8782 2.2
      vertex 43.95 20.7856 2.2
    endloop
  endfacet
  facet normal 0.442429 -0.896803 0
    outer loop
      vertex 44.1377 20.8782 2.2
      vertex 43.95 20.7856 0
      vertex 44.1377 20.8782 0
    endloop
  endfacet
  facet normal -0.659248 0.751925 0
    outer loop
      vertex 45.8814 -20.5314 0
      vertex 45.724 -20.6694 2.2
      vertex 45.8814 -20.5314 2.2
    endloop
  endfacet
  facet normal -0.659248 0.751925 0
    outer loop
      vertex 45.724 -20.6694 2.2
      vertex 45.8814 -20.5314 0
      vertex 45.724 -20.6694 0
    endloop
  endfacet
  facet normal 0.659248 -0.751925 0
    outer loop
      vertex 43.6186 20.5314 0
      vertex 43.776 20.6694 2.2
      vertex 43.6186 20.5314 2.2
    endloop
  endfacet
  facet normal 0.659248 -0.751925 0
    outer loop
      vertex 43.776 20.6694 2.2
      vertex 43.6186 20.5314 0
      vertex 43.776 20.6694 0
    endloop
  endfacet
  facet normal -0.997854 -0.0654722 0
    outer loop
      vertex 46.35 19.4 0
      vertex 46.3363 19.6088 2.2
      vertex 46.3363 19.6088 0
    endloop
  endfacet
  facet normal -0.997854 -0.0654722 0
    outer loop
      vertex 46.3363 19.6088 2.2
      vertex 46.35 19.4 0
      vertex 46.35 19.4 2.2
    endloop
  endfacet
  facet normal -0.442429 -0.896803 0
    outer loop
      vertex 45.3623 20.8782 0
      vertex 45.55 20.7856 2.2
      vertex 45.3623 20.8782 2.2
    endloop
  endfacet
  facet normal -0.442429 -0.896803 -0
    outer loop
      vertex 45.55 20.7856 2.2
      vertex 45.3623 20.8782 0
      vertex 45.55 20.7856 0
    endloop
  endfacet
  facet normal -0.194922 -0.980819 0
    outer loop
      vertex 44.9588 20.9863 0
      vertex 45.1641 20.9455 2.2
      vertex 44.9588 20.9863 2.2
    endloop
  endfacet
  facet normal -0.194922 -0.980819 -0
    outer loop
      vertex 45.1641 20.9455 2.2
      vertex 44.9588 20.9863 0
      vertex 45.1641 20.9455 0
    endloop
  endfacet
  facet normal 0.194922 -0.980819 0
    outer loop
      vertex 44.3359 20.9455 0
      vertex 44.5412 20.9863 2.2
      vertex 44.3359 20.9455 2.2
    endloop
  endfacet
  facet normal 0.194922 -0.980819 0
    outer loop
      vertex 44.5412 20.9863 2.2
      vertex 44.3359 20.9455 0
      vertex 44.5412 20.9863 0
    endloop
  endfacet
  facet normal -0.321526 0.946901 0
    outer loop
      vertex 45.3623 -20.8782 0
      vertex 45.1641 -20.9455 2.2
      vertex 45.3623 -20.8782 2.2
    endloop
  endfacet
  facet normal -0.321526 0.946901 0
    outer loop
      vertex 45.1641 -20.9455 2.2
      vertex 45.3623 -20.8782 0
      vertex 45.1641 -20.9455 0
    endloop
  endfacet
  facet normal -0.831609 -0.555362 0
    outer loop
      vertex 46.1356 20.2 0
      vertex 46.0194 20.374 2.2
      vertex 46.0194 20.374 0
    endloop
  endfacet
  facet normal -0.831609 -0.555362 0
    outer loop
      vertex 46.0194 20.374 2.2
      vertex 46.1356 20.2 0
      vertex 46.1356 20.2 2.2
    endloop
  endfacet
  facet normal 0.194922 0.980819 -0
    outer loop
      vertex 44.5412 -20.9863 0
      vertex 44.3359 -20.9455 2.2
      vertex 44.5412 -20.9863 2.2
    endloop
  endfacet
  facet normal 0.194922 0.980819 0
    outer loop
      vertex 44.3359 -20.9455 2.2
      vertex 44.5412 -20.9863 0
      vertex 44.3359 -20.9455 0
    endloop
  endfacet
  facet normal -0.980819 0.194922 0
    outer loop
      vertex 46.2955 -19.8141 0
      vertex 46.3363 -19.6088 2.2
      vertex 46.3363 -19.6088 0
    endloop
  endfacet
  facet normal -0.980819 0.194922 0
    outer loop
      vertex 46.3363 -19.6088 2.2
      vertex 46.2955 -19.8141 0
      vertex 46.2955 -19.8141 2.2
    endloop
  endfacet
  facet normal 0.0654722 -0.997854 0
    outer loop
      vertex 44.5412 20.9863 0
      vertex 44.75 21 2.2
      vertex 44.5412 20.9863 2.2
    endloop
  endfacet
  facet normal 0.0654722 -0.997854 0
    outer loop
      vertex 44.75 21 2.2
      vertex 44.5412 20.9863 0
      vertex 44.75 21 0
    endloop
  endfacet
  facet normal 0.831609 0.555362 0
    outer loop
      vertex 43.4806 -20.374 2.2
      vertex 43.3644 -20.2 0
      vertex 43.3644 -20.2 2.2
    endloop
  endfacet
  facet normal 0.831609 0.555362 0
    outer loop
      vertex 43.3644 -20.2 0
      vertex 43.4806 -20.374 2.2
      vertex 43.4806 -20.374 0
    endloop
  endfacet
  facet normal -0.751925 0.659248 0
    outer loop
      vertex 45.8814 -20.5314 0
      vertex 46.0194 -20.374 2.2
      vertex 46.0194 -20.374 0
    endloop
  endfacet
  facet normal -0.751925 0.659248 0
    outer loop
      vertex 46.0194 -20.374 2.2
      vertex 45.8814 -20.5314 0
      vertex 45.8814 -20.5314 2.2
    endloop
  endfacet
  facet normal 0.659248 0.751925 -0
    outer loop
      vertex 43.776 -20.6694 0
      vertex 43.6186 -20.5314 2.2
      vertex 43.776 -20.6694 2.2
    endloop
  endfacet
  facet normal 0.659248 0.751925 0
    outer loop
      vertex 43.6186 -20.5314 2.2
      vertex 43.776 -20.6694 0
      vertex 43.6186 -20.5314 0
    endloop
  endfacet
  facet normal -0.555362 -0.831609 0
    outer loop
      vertex 45.55 20.7856 0
      vertex 45.724 20.6694 2.2
      vertex 45.55 20.7856 2.2
    endloop
  endfacet
  facet normal -0.555362 -0.831609 -0
    outer loop
      vertex 45.724 20.6694 2.2
      vertex 45.55 20.7856 0
      vertex 45.724 20.6694 0
    endloop
  endfacet
  facet normal 0.555362 -0.831609 0
    outer loop
      vertex 43.776 20.6694 0
      vertex 43.95 20.7856 2.2
      vertex 43.776 20.6694 2.2
    endloop
  endfacet
  facet normal 0.555362 -0.831609 0
    outer loop
      vertex 43.95 20.7856 2.2
      vertex 43.776 20.6694 0
      vertex 43.95 20.7856 0
    endloop
  endfacet
  facet normal -0.0654722 -0.997854 0
    outer loop
      vertex 44.75 21 0
      vertex 44.9588 20.9863 2.2
      vertex 44.75 21 2.2
    endloop
  endfacet
  facet normal -0.0654722 -0.997854 -0
    outer loop
      vertex 44.9588 20.9863 2.2
      vertex 44.75 21 0
      vertex 44.9588 20.9863 0
    endloop
  endfacet
  facet normal -0.831609 0.555362 0
    outer loop
      vertex 46.0194 -20.374 0
      vertex 46.1356 -20.2 2.2
      vertex 46.1356 -20.2 0
    endloop
  endfacet
  facet normal -0.831609 0.555362 0
    outer loop
      vertex 46.1356 -20.2 2.2
      vertex 46.0194 -20.374 0
      vertex 46.0194 -20.374 2.2
    endloop
  endfacet
  facet normal 0.997854 0.0654722 0
    outer loop
      vertex 43.1637 -19.6088 2.2
      vertex 43.15 -19.4 0
      vertex 43.15 -19.4 2.2
    endloop
  endfacet
  facet normal 0.997854 0.0654722 0
    outer loop
      vertex 43.15 -19.4 0
      vertex 43.1637 -19.6088 2.2
      vertex 43.1637 -19.6088 0
    endloop
  endfacet
  facet normal -0.896803 -0.442429 0
    outer loop
      vertex 46.2282 20.0123 0
      vertex 46.1356 20.2 2.2
      vertex 46.1356 20.2 0
    endloop
  endfacet
  facet normal -0.896803 -0.442429 0
    outer loop
      vertex 46.1356 20.2 2.2
      vertex 46.2282 20.0123 0
      vertex 46.2282 20.0123 2.2
    endloop
  endfacet
  facet normal 0.751925 -0.659248 0
    outer loop
      vertex 43.4806 20.374 2.2
      vertex 43.6186 20.5314 0
      vertex 43.6186 20.5314 2.2
    endloop
  endfacet
  facet normal 0.751925 -0.659248 0
    outer loop
      vertex 43.6186 20.5314 0
      vertex 43.4806 20.374 2.2
      vertex 43.4806 20.374 0
    endloop
  endfacet
  facet normal -0.946901 0.321526 0
    outer loop
      vertex 46.2282 -20.0123 0
      vertex 46.2955 -19.8141 2.2
      vertex 46.2955 -19.8141 0
    endloop
  endfacet
  facet normal -0.946901 0.321526 0
    outer loop
      vertex 46.2955 -19.8141 2.2
      vertex 46.2282 -20.0123 0
      vertex 46.2282 -20.0123 2.2
    endloop
  endfacet
  facet normal 0.946901 0.321526 0
    outer loop
      vertex 43.2718 -20.0123 2.2
      vertex 43.2045 -19.8141 0
      vertex 43.2045 -19.8141 2.2
    endloop
  endfacet
  facet normal 0.946901 0.321526 0
    outer loop
      vertex 43.2045 -19.8141 0
      vertex 43.2718 -20.0123 2.2
      vertex 43.2718 -20.0123 0
    endloop
  endfacet
  facet normal 0.896803 0.442429 0
    outer loop
      vertex 43.3644 -20.2 2.2
      vertex 43.2718 -20.0123 0
      vertex 43.2718 -20.0123 2.2
    endloop
  endfacet
  facet normal 0.896803 0.442429 0
    outer loop
      vertex 43.2718 -20.0123 0
      vertex 43.3644 -20.2 2.2
      vertex 43.3644 -20.2 0
    endloop
  endfacet
  facet normal -0.659248 -0.751925 0
    outer loop
      vertex 45.724 20.6694 0
      vertex 45.8814 20.5314 2.2
      vertex 45.724 20.6694 2.2
    endloop
  endfacet
  facet normal -0.659248 -0.751925 -0
    outer loop
      vertex 45.8814 20.5314 2.2
      vertex 45.724 20.6694 0
      vertex 45.8814 20.5314 0
    endloop
  endfacet
  facet normal -0.980819 -0.194922 0
    outer loop
      vertex 46.3363 19.6088 0
      vertex 46.2955 19.8141 2.2
      vertex 46.2955 19.8141 0
    endloop
  endfacet
  facet normal -0.980819 -0.194922 0
    outer loop
      vertex 46.2955 19.8141 2.2
      vertex 46.3363 19.6088 0
      vertex 46.3363 19.6088 2.2
    endloop
  endfacet
  facet normal 0.896803 -0.442429 0
    outer loop
      vertex 43.2718 20.0123 2.2
      vertex 43.3644 20.2 0
      vertex 43.3644 20.2 2.2
    endloop
  endfacet
  facet normal 0.896803 -0.442429 0
    outer loop
      vertex 43.3644 20.2 0
      vertex 43.2718 20.0123 2.2
      vertex 43.2718 20.0123 0
    endloop
  endfacet
  facet normal -0.442429 0.896803 0
    outer loop
      vertex 45.55 -20.7856 0
      vertex 45.3623 -20.8782 2.2
      vertex 45.55 -20.7856 2.2
    endloop
  endfacet
  facet normal -0.442429 0.896803 0
    outer loop
      vertex 45.3623 -20.8782 2.2
      vertex 45.55 -20.7856 0
      vertex 45.3623 -20.8782 0
    endloop
  endfacet
  facet normal -0.555362 0.831609 0
    outer loop
      vertex 45.724 -20.6694 0
      vertex 45.55 -20.7856 2.2
      vertex 45.724 -20.6694 2.2
    endloop
  endfacet
  facet normal -0.555362 0.831609 0
    outer loop
      vertex 45.55 -20.7856 2.2
      vertex 45.724 -20.6694 0
      vertex 45.55 -20.7856 0
    endloop
  endfacet
  facet normal 0.831609 -0.555362 0
    outer loop
      vertex 43.3644 20.2 2.2
      vertex 43.4806 20.374 0
      vertex 43.4806 20.374 2.2
    endloop
  endfacet
  facet normal 0.831609 -0.555362 0
    outer loop
      vertex 43.4806 20.374 0
      vertex 43.3644 20.2 2.2
      vertex 43.3644 20.2 0
    endloop
  endfacet
  facet normal 0.997854 -0.0654722 0
    outer loop
      vertex 43.15 19.4 2.2
      vertex 43.1637 19.6088 0
      vertex 43.1637 19.6088 2.2
    endloop
  endfacet
  facet normal 0.997854 -0.0654722 0
    outer loop
      vertex 43.1637 19.6088 0
      vertex 43.15 19.4 2.2
      vertex 43.15 19.4 0
    endloop
  endfacet
  facet normal 0.980819 -0.194922 0
    outer loop
      vertex 43.1637 19.6088 2.2
      vertex 43.2045 19.8141 0
      vertex 43.2045 19.8141 2.2
    endloop
  endfacet
  facet normal 0.980819 -0.194922 0
    outer loop
      vertex 43.2045 19.8141 0
      vertex 43.1637 19.6088 2.2
      vertex 43.1637 19.6088 0
    endloop
  endfacet
  facet normal -0.194922 0.980819 0
    outer loop
      vertex 54.1641 -20.9455 0
      vertex 53.9588 -20.9863 2.2
      vertex 54.1641 -20.9455 2.2
    endloop
  endfacet
  facet normal -0.194922 0.980819 0
    outer loop
      vertex 53.9588 -20.9863 2.2
      vertex 54.1641 -20.9455 0
      vertex 53.9588 -20.9863 0
    endloop
  endfacet
  facet normal -0.0654722 0.997854 0
    outer loop
      vertex 53.9588 -20.9863 0
      vertex 53.75 -21 2.2
      vertex 53.9588 -20.9863 2.2
    endloop
  endfacet
  facet normal -0.0654722 0.997854 0
    outer loop
      vertex 53.75 -21 2.2
      vertex 53.9588 -20.9863 0
      vertex 53.75 -21 0
    endloop
  endfacet
  facet normal -0.751925 -0.659248 0
    outer loop
      vertex 55.0194 20.374 0
      vertex 54.8814 20.5314 2.2
      vertex 54.8814 20.5314 0
    endloop
  endfacet
  facet normal -0.751925 -0.659248 0
    outer loop
      vertex 54.8814 20.5314 2.2
      vertex 55.0194 20.374 0
      vertex 55.0194 20.374 2.2
    endloop
  endfacet
  facet normal 0.751925 0.659248 0
    outer loop
      vertex 52.6186 -20.5314 2.2
      vertex 52.4806 -20.374 0
      vertex 52.4806 -20.374 2.2
    endloop
  endfacet
  facet normal 0.751925 0.659248 0
    outer loop
      vertex 52.4806 -20.374 0
      vertex 52.6186 -20.5314 2.2
      vertex 52.6186 -20.5314 0
    endloop
  endfacet
  facet normal 0.321526 -0.946901 0
    outer loop
      vertex 53.1377 20.8782 0
      vertex 53.3359 20.9455 2.2
      vertex 53.1377 20.8782 2.2
    endloop
  endfacet
  facet normal 0.321526 -0.946901 0
    outer loop
      vertex 53.3359 20.9455 2.2
      vertex 53.1377 20.8782 0
      vertex 53.3359 20.9455 0
    endloop
  endfacet
  facet normal -0.997854 0.0654722 0
    outer loop
      vertex 55.3363 -19.6088 0
      vertex 55.35 -19.4 2.2
      vertex 55.35 -19.4 0
    endloop
  endfacet
  facet normal -0.997854 0.0654722 0
    outer loop
      vertex 55.35 -19.4 2.2
      vertex 55.3363 -19.6088 0
      vertex 55.3363 -19.6088 2.2
    endloop
  endfacet
  facet normal 0.946901 -0.321526 0
    outer loop
      vertex 52.2045 19.8141 2.2
      vertex 52.2718 20.0123 0
      vertex 52.2718 20.0123 2.2
    endloop
  endfacet
  facet normal 0.946901 -0.321526 0
    outer loop
      vertex 52.2718 20.0123 0
      vertex 52.2045 19.8141 2.2
      vertex 52.2045 19.8141 0
    endloop
  endfacet
  facet normal 0.555362 0.831609 -0
    outer loop
      vertex 52.95 -20.7856 0
      vertex 52.776 -20.6694 2.2
      vertex 52.95 -20.7856 2.2
    endloop
  endfacet
  facet normal 0.555362 0.831609 0
    outer loop
      vertex 52.776 -20.6694 2.2
      vertex 52.95 -20.7856 0
      vertex 52.776 -20.6694 0
    endloop
  endfacet
  facet normal -1 0 0
    outer loop
      vertex 55.35 -19.4 0
      vertex 55.35 19.4 2.2
      vertex 55.35 19.4 0
    endloop
  endfacet
  facet normal -1 -0 0
    outer loop
      vertex 55.35 19.4 2.2
      vertex 55.35 -19.4 0
      vertex 55.35 -19.4 2.2
    endloop
  endfacet
  facet normal -0.946901 -0.321526 0
    outer loop
      vertex 55.2955 19.8141 0
      vertex 55.2282 20.0123 2.2
      vertex 55.2282 20.0123 0
    endloop
  endfacet
  facet normal -0.946901 -0.321526 0
    outer loop
      vertex 55.2282 20.0123 2.2
      vertex 55.2955 19.8141 0
      vertex 55.2955 19.8141 2.2
    endloop
  endfacet
  facet normal 0.0654722 0.997854 -0
    outer loop
      vertex 53.75 -21 0
      vertex 53.5412 -20.9863 2.2
      vertex 53.75 -21 2.2
    endloop
  endfacet
  facet normal 0.0654722 0.997854 0
    outer loop
      vertex 53.5412 -20.9863 2.2
      vertex 53.75 -21 0
      vertex 53.5412 -20.9863 0
    endloop
  endfacet
  facet normal -0.321526 -0.946901 0
    outer loop
      vertex 54.1641 20.9455 0
      vertex 54.3623 20.8782 2.2
      vertex 54.1641 20.9455 2.2
    endloop
  endfacet
  facet normal -0.321526 -0.946901 -0
    outer loop
      vertex 54.3623 20.8782 2.2
      vertex 54.1641 20.9455 0
      vertex 54.3623 20.8782 0
    endloop
  endfacet
  facet normal 1 -0 0
    outer loop
      vertex 52.15 -19.4 2.2
      vertex 52.15 19.4 0
      vertex 52.15 19.4 2.2
    endloop
  endfacet
  facet normal 1 0 0
    outer loop
      vertex 52.15 19.4 0
      vertex 52.15 -19.4 2.2
      vertex 52.15 -19.4 0
    endloop
  endfacet
  facet normal 0.980819 0.194922 0
    outer loop
      vertex 52.2045 -19.8141 2.2
      vertex 52.1637 -19.6088 0
      vertex 52.1637 -19.6088 2.2
    endloop
  endfacet
  facet normal 0.980819 0.194922 0
    outer loop
      vertex 52.1637 -19.6088 0
      vertex 52.2045 -19.8141 2.2
      vertex 52.2045 -19.8141 0
    endloop
  endfacet
  facet normal 0.442429 0.896803 -0
    outer loop
      vertex 53.1377 -20.8782 0
      vertex 52.95 -20.7856 2.2
      vertex 53.1377 -20.8782 2.2
    endloop
  endfacet
  facet normal 0.442429 0.896803 0
    outer loop
      vertex 52.95 -20.7856 2.2
      vertex 53.1377 -20.8782 0
      vertex 52.95 -20.7856 0
    endloop
  endfacet
  facet normal 0.321526 0.946901 -0
    outer loop
      vertex 53.3359 -20.9455 0
      vertex 53.1377 -20.8782 2.2
      vertex 53.3359 -20.9455 2.2
    endloop
  endfacet
  facet normal 0.321526 0.946901 0
    outer loop
      vertex 53.1377 -20.8782 2.2
      vertex 53.3359 -20.9455 0
      vertex 53.1377 -20.8782 0
    endloop
  endfacet
  facet normal 0.442429 -0.896803 0
    outer loop
      vertex 52.95 20.7856 0
      vertex 53.1377 20.8782 2.2
      vertex 52.95 20.7856 2.2
    endloop
  endfacet
  facet normal 0.442429 -0.896803 0
    outer loop
      vertex 53.1377 20.8782 2.2
      vertex 52.95 20.7856 0
      vertex 53.1377 20.8782 0
    endloop
  endfacet
  facet normal -0.659248 0.751925 0
    outer loop
      vertex 54.8814 -20.5314 0
      vertex 54.724 -20.6694 2.2
      vertex 54.8814 -20.5314 2.2
    endloop
  endfacet
  facet normal -0.659248 0.751925 0
    outer loop
      vertex 54.724 -20.6694 2.2
      vertex 54.8814 -20.5314 0
      vertex 54.724 -20.6694 0
    endloop
  endfacet
  facet normal 0.659248 -0.751925 0
    outer loop
      vertex 52.6186 20.5314 0
      vertex 52.776 20.6694 2.2
      vertex 52.6186 20.5314 2.2
    endloop
  endfacet
  facet normal 0.659248 -0.751925 0
    outer loop
      vertex 52.776 20.6694 2.2
      vertex 52.6186 20.5314 0
      vertex 52.776 20.6694 0
    endloop
  endfacet
  facet normal -0.442429 -0.896803 0
    outer loop
      vertex 54.3623 20.8782 0
      vertex 54.55 20.7856 2.2
      vertex 54.3623 20.8782 2.2
    endloop
  endfacet
  facet normal -0.442429 -0.896803 -0
    outer loop
      vertex 54.55 20.7856 2.2
      vertex 54.3623 20.8782 0
      vertex 54.55 20.7856 0
    endloop
  endfacet
  facet normal -0.194922 -0.980819 0
    outer loop
      vertex 53.9588 20.9863 0
      vertex 54.1641 20.9455 2.2
      vertex 53.9588 20.9863 2.2
    endloop
  endfacet
  facet normal -0.194922 -0.980819 -0
    outer loop
      vertex 54.1641 20.9455 2.2
      vertex 53.9588 20.9863 0
      vertex 54.1641 20.9455 0
    endloop
  endfacet
  facet normal 0.194922 -0.980819 0
    outer loop
      vertex 53.3359 20.9455 0
      vertex 53.5412 20.9863 2.2
      vertex 53.3359 20.9455 2.2
    endloop
  endfacet
  facet normal 0.194922 -0.980819 0
    outer loop
      vertex 53.5412 20.9863 2.2
      vertex 53.3359 20.9455 0
      vertex 53.5412 20.9863 0
    endloop
  endfacet
  facet normal -0.321526 0.946901 0
    outer loop
      vertex 54.3623 -20.8782 0
      vertex 54.1641 -20.9455 2.2
      vertex 54.3623 -20.8782 2.2
    endloop
  endfacet
  facet normal -0.321526 0.946901 0
    outer loop
      vertex 54.1641 -20.9455 2.2
      vertex 54.3623 -20.8782 0
      vertex 54.1641 -20.9455 0
    endloop
  endfacet
  facet normal -0.831609 -0.555362 0
    outer loop
      vertex 55.1356 20.2 0
      vertex 55.0194 20.374 2.2
      vertex 55.0194 20.374 0
    endloop
  endfacet
  facet normal -0.831609 -0.555362 0
    outer loop
      vertex 55.0194 20.374 2.2
      vertex 55.1356 20.2 0
      vertex 55.1356 20.2 2.2
    endloop
  endfacet
  facet normal 0.194922 0.980819 -0
    outer loop
      vertex 53.5412 -20.9863 0
      vertex 53.3359 -20.9455 2.2
      vertex 53.5412 -20.9863 2.2
    endloop
  endfacet
  facet normal 0.194922 0.980819 0
    outer loop
      vertex 53.3359 -20.9455 2.2
      vertex 53.5412 -20.9863 0
      vertex 53.3359 -20.9455 0
    endloop
  endfacet
  facet normal -0.980819 0.194922 0
    outer loop
      vertex 55.2955 -19.8141 0
      vertex 55.3363 -19.6088 2.2
      vertex 55.3363 -19.6088 0
    endloop
  endfacet
  facet normal -0.980819 0.194922 0
    outer loop
      vertex 55.3363 -19.6088 2.2
      vertex 55.2955 -19.8141 0
      vertex 55.2955 -19.8141 2.2
    endloop
  endfacet
  facet normal 0.0654722 -0.997854 0
    outer loop
      vertex 53.5412 20.9863 0
      vertex 53.75 21 2.2
      vertex 53.5412 20.9863 2.2
    endloop
  endfacet
  facet normal 0.0654722 -0.997854 0
    outer loop
      vertex 53.75 21 2.2
      vertex 53.5412 20.9863 0
      vertex 53.75 21 0
    endloop
  endfacet
  facet normal 0.831609 0.555362 0
    outer loop
      vertex 52.4806 -20.374 2.2
      vertex 52.3644 -20.2 0
      vertex 52.3644 -20.2 2.2
    endloop
  endfacet
  facet normal 0.831609 0.555362 0
    outer loop
      vertex 52.3644 -20.2 0
      vertex 52.4806 -20.374 2.2
      vertex 52.4806 -20.374 0
    endloop
  endfacet
  facet normal -0.751925 0.659248 0
    outer loop
      vertex 54.8814 -20.5314 0
      vertex 55.0194 -20.374 2.2
      vertex 55.0194 -20.374 0
    endloop
  endfacet
  facet normal -0.751925 0.659248 0
    outer loop
      vertex 55.0194 -20.374 2.2
      vertex 54.8814 -20.5314 0
      vertex 54.8814 -20.5314 2.2
    endloop
  endfacet
  facet normal 0.659248 0.751925 -0
    outer loop
      vertex 52.776 -20.6694 0
      vertex 52.6186 -20.5314 2.2
      vertex 52.776 -20.6694 2.2
    endloop
  endfacet
  facet normal 0.659248 0.751925 0
    outer loop
      vertex 52.6186 -20.5314 2.2
      vertex 52.776 -20.6694 0
      vertex 52.6186 -20.5314 0
    endloop
  endfacet
  facet normal -0.555362 -0.831609 0
    outer loop
      vertex 54.55 20.7856 0
      vertex 54.724 20.6694 2.2
      vertex 54.55 20.7856 2.2
    endloop
  endfacet
  facet normal -0.555362 -0.831609 -0
    outer loop
      vertex 54.724 20.6694 2.2
      vertex 54.55 20.7856 0
      vertex 54.724 20.6694 0
    endloop
  endfacet
  facet normal 0.555362 -0.831609 0
    outer loop
      vertex 52.776 20.6694 0
      vertex 52.95 20.7856 2.2
      vertex 52.776 20.6694 2.2
    endloop
  endfacet
  facet normal 0.555362 -0.831609 0
    outer loop
      vertex 52.95 20.7856 2.2
      vertex 52.776 20.6694 0
      vertex 52.95 20.7856 0
    endloop
  endfacet
  facet normal -0.0654722 -0.997854 0
    outer loop
      vertex 53.75 21 0
      vertex 53.9588 20.9863 2.2
      vertex 53.75 21 2.2
    endloop
  endfacet
  facet normal -0.0654722 -0.997854 -0
    outer loop
      vertex 53.9588 20.9863 2.2
      vertex 53.75 21 0
      vertex 53.9588 20.9863 0
    endloop
  endfacet
  facet normal -0.831609 0.555362 0
    outer loop
      vertex 55.0194 -20.374 0
      vertex 55.1356 -20.2 2.2
      vertex 55.1356 -20.2 0
    endloop
  endfacet
  facet normal -0.831609 0.555362 0
    outer loop
      vertex 55.1356 -20.2 2.2
      vertex 55.0194 -20.374 0
      vertex 55.0194 -20.374 2.2
    endloop
  endfacet
  facet normal 0.997854 0.0654722 0
    outer loop
      vertex 52.1637 -19.6088 2.2
      vertex 52.15 -19.4 0
      vertex 52.15 -19.4 2.2
    endloop
  endfacet
  facet normal 0.997854 0.0654722 0
    outer loop
      vertex 52.15 -19.4 0
      vertex 52.1637 -19.6088 2.2
      vertex 52.1637 -19.6088 0
    endloop
  endfacet
  facet normal 0.751925 -0.659248 0
    outer loop
      vertex 52.4806 20.374 2.2
      vertex 52.6186 20.5314 0
      vertex 52.6186 20.5314 2.2
    endloop
  endfacet
  facet normal 0.751925 -0.659248 0
    outer loop
      vertex 52.6186 20.5314 0
      vertex 52.4806 20.374 2.2
      vertex 52.4806 20.374 0
    endloop
  endfacet
  facet normal -0.946901 0.321526 0
    outer loop
      vertex 55.2282 -20.0123 0
      vertex 55.2955 -19.8141 2.2
      vertex 55.2955 -19.8141 0
    endloop
  endfacet
  facet normal -0.946901 0.321526 0
    outer loop
      vertex 55.2955 -19.8141 2.2
      vertex 55.2282 -20.0123 0
      vertex 55.2282 -20.0123 2.2
    endloop
  endfacet
  facet normal 0.946901 0.321526 0
    outer loop
      vertex 52.2718 -20.0123 2.2
      vertex 52.2045 -19.8141 0
      vertex 52.2045 -19.8141 2.2
    endloop
  endfacet
  facet normal 0.946901 0.321526 0
    outer loop
      vertex 52.2045 -19.8141 0
      vertex 52.2718 -20.0123 2.2
      vertex 52.2718 -20.0123 0
    endloop
  endfacet
  facet normal 0.896803 0.442429 0
    outer loop
      vertex 52.3644 -20.2 2.2
      vertex 52.2718 -20.0123 0
      vertex 52.2718 -20.0123 2.2
    endloop
  endfacet
  facet normal 0.896803 0.442429 0
    outer loop
      vertex 52.2718 -20.0123 0
      vertex 52.3644 -20.2 2.2
      vertex 52.3644 -20.2 0
    endloop
  endfacet
  facet normal -0.555362 0.831609 0
    outer loop
      vertex 54.724 -20.6694 0
      vertex 54.55 -20.7856 2.2
      vertex 54.724 -20.6694 2.2
    endloop
  endfacet
  facet normal -0.555362 0.831609 0
    outer loop
      vertex 54.55 -20.7856 2.2
      vertex 54.724 -20.6694 0
      vertex 54.55 -20.7856 0
    endloop
  endfacet
  facet normal -0.896803 0.442429 0
    outer loop
      vertex 55.1356 -20.2 0
      vertex 55.2282 -20.0123 2.2
      vertex 55.2282 -20.0123 0
    endloop
  endfacet
  facet normal -0.896803 0.442429 0
    outer loop
      vertex 55.2282 -20.0123 2.2
      vertex 55.1356 -20.2 0
      vertex 55.1356 -20.2 2.2
    endloop
  endfacet
  facet normal -0.659248 -0.751925 0
    outer loop
      vertex 54.724 20.6694 0
      vertex 54.8814 20.5314 2.2
      vertex 54.724 20.6694 2.2
    endloop
  endfacet
  facet normal -0.659248 -0.751925 -0
    outer loop
      vertex 54.8814 20.5314 2.2
      vertex 54.724 20.6694 0
      vertex 54.8814 20.5314 0
    endloop
  endfacet
  facet normal -0.980819 -0.194922 0
    outer loop
      vertex 55.3363 19.6088 0
      vertex 55.2955 19.8141 2.2
      vertex 55.2955 19.8141 0
    endloop
  endfacet
  facet normal -0.980819 -0.194922 0
    outer loop
      vertex 55.2955 19.8141 2.2
      vertex 55.3363 19.6088 0
      vertex 55.3363 19.6088 2.2
    endloop
  endfacet
  facet normal -0.997854 -0.0654722 0
    outer loop
      vertex 55.35 19.4 0
      vertex 55.3363 19.6088 2.2
      vertex 55.3363 19.6088 0
    endloop
  endfacet
  facet normal -0.997854 -0.0654722 0
    outer loop
      vertex 55.3363 19.6088 2.2
      vertex 55.35 19.4 0
      vertex 55.35 19.4 2.2
    endloop
  endfacet
  facet normal 0.896803 -0.442429 0
    outer loop
      vertex 52.2718 20.0123 2.2
      vertex 52.3644 20.2 0
      vertex 52.3644 20.2 2.2
    endloop
  endfacet
  facet normal 0.896803 -0.442429 0
    outer loop
      vertex 52.3644 20.2 0
      vertex 52.2718 20.0123 2.2
      vertex 52.2718 20.0123 0
    endloop
  endfacet
  facet normal -0.442429 0.896803 0
    outer loop
      vertex 54.55 -20.7856 0
      vertex 54.3623 -20.8782 2.2
      vertex 54.55 -20.7856 2.2
    endloop
  endfacet
  facet normal -0.442429 0.896803 0
    outer loop
      vertex 54.3623 -20.8782 2.2
      vertex 54.55 -20.7856 0
      vertex 54.3623 -20.8782 0
    endloop
  endfacet
  facet normal 0.831609 -0.555362 0
    outer loop
      vertex 52.3644 20.2 2.2
      vertex 52.4806 20.374 0
      vertex 52.4806 20.374 2.2
    endloop
  endfacet
  facet normal 0.831609 -0.555362 0
    outer loop
      vertex 52.4806 20.374 0
      vertex 52.3644 20.2 2.2
      vertex 52.3644 20.2 0
    endloop
  endfacet
  facet normal -0.896803 -0.442429 0
    outer loop
      vertex 55.2282 20.0123 0
      vertex 55.1356 20.2 2.2
      vertex 55.1356 20.2 0
    endloop
  endfacet
  facet normal -0.896803 -0.442429 0
    outer loop
      vertex 55.1356 20.2 2.2
      vertex 55.2282 20.0123 0
      vertex 55.2282 20.0123 2.2
    endloop
  endfacet
  facet normal 0.997854 -0.0654722 0
    outer loop
      vertex 52.15 19.4 2.2
      vertex 52.1637 19.6088 0
      vertex 52.1637 19.6088 2.2
    endloop
  endfacet
  facet normal 0.997854 -0.0654722 0
    outer loop
      vertex 52.1637 19.6088 0
      vertex 52.15 19.4 2.2
      vertex 52.15 19.4 0
    endloop
  endfacet
  facet normal 0.980819 -0.194922 0
    outer loop
      vertex 52.1637 19.6088 2.2
      vertex 52.2045 19.8141 0
      vertex 52.2045 19.8141 2.2
    endloop
  endfacet
  facet normal 0.980819 -0.194922 0
    outer loop
      vertex 52.2045 19.8141 0
      vertex 52.1637 19.6088 2.2
      vertex 52.1637 19.6088 0
    endloop
  endfacet
  facet normal -0.194922 0.980819 0
    outer loop
      vertex 63.1641 -20.9455 0
      vertex 62.9588 -20.9863 2.2
      vertex 63.1641 -20.9455 2.2
    endloop
  endfacet
  facet normal -0.194922 0.980819 0
    outer loop
      vertex 62.9588 -20.9863 2.2
      vertex 63.1641 -20.9455 0
      vertex 62.9588 -20.9863 0
    endloop
  endfacet
  facet normal -0.0654722 0.997854 0
    outer loop
      vertex 62.9588 -20.9863 0
      vertex 62.75 -21 2.2
      vertex 62.9588 -20.9863 2.2
    endloop
  endfacet
  facet normal -0.0654722 0.997854 0
    outer loop
      vertex 62.75 -21 2.2
      vertex 62.9588 -20.9863 0
      vertex 62.75 -21 0
    endloop
  endfacet
  facet normal -0.751925 -0.659248 0
    outer loop
      vertex 64.0194 20.374 0
      vertex 63.8814 20.5314 2.2
      vertex 63.8814 20.5314 0
    endloop
  endfacet
  facet normal -0.751925 -0.659248 0
    outer loop
      vertex 63.8814 20.5314 2.2
      vertex 64.0194 20.374 0
      vertex 64.0194 20.374 2.2
    endloop
  endfacet
  facet normal 0.751925 0.659248 0
    outer loop
      vertex 61.6186 -20.5314 2.2
      vertex 61.4806 -20.374 0
      vertex 61.4806 -20.374 2.2
    endloop
  endfacet
  facet normal 0.751925 0.659248 0
    outer loop
      vertex 61.4806 -20.374 0
      vertex 61.6186 -20.5314 2.2
      vertex 61.6186 -20.5314 0
    endloop
  endfacet
  facet normal 0.321526 -0.946901 0
    outer loop
      vertex 62.1377 20.8782 0
      vertex 62.3359 20.9455 2.2
      vertex 62.1377 20.8782 2.2
    endloop
  endfacet
  facet normal 0.321526 -0.946901 0
    outer loop
      vertex 62.3359 20.9455 2.2
      vertex 62.1377 20.8782 0
      vertex 62.3359 20.9455 0
    endloop
  endfacet
  facet normal -0.997854 0.0654722 0
    outer loop
      vertex 64.3363 -19.6088 0
      vertex 64.35 -19.4 2.2
      vertex 64.35 -19.4 0
    endloop
  endfacet
  facet normal -0.997854 0.0654722 0
    outer loop
      vertex 64.35 -19.4 2.2
      vertex 64.3363 -19.6088 0
      vertex 64.3363 -19.6088 2.2
    endloop
  endfacet
  facet normal 0.946901 -0.321526 0
    outer loop
      vertex 61.2045 19.8141 2.2
      vertex 61.2718 20.0123 0
      vertex 61.2718 20.0123 2.2
    endloop
  endfacet
  facet normal 0.946901 -0.321526 0
    outer loop
      vertex 61.2718 20.0123 0
      vertex 61.2045 19.8141 2.2
      vertex 61.2045 19.8141 0
    endloop
  endfacet
  facet normal 0.555362 0.831609 -0
    outer loop
      vertex 61.95 -20.7856 0
      vertex 61.776 -20.6694 2.2
      vertex 61.95 -20.7856 2.2
    endloop
  endfacet
  facet normal 0.555362 0.831609 0
    outer loop
      vertex 61.776 -20.6694 2.2
      vertex 61.95 -20.7856 0
      vertex 61.776 -20.6694 0
    endloop
  endfacet
  facet normal -1 0 0
    outer loop
      vertex 64.35 -19.4 0
      vertex 64.35 19.4 2.2
      vertex 64.35 19.4 0
    endloop
  endfacet
  facet normal -1 -0 0
    outer loop
      vertex 64.35 19.4 2.2
      vertex 64.35 -19.4 0
      vertex 64.35 -19.4 2.2
    endloop
  endfacet
  facet normal -0.946901 -0.321526 0
    outer loop
      vertex 64.2955 19.8141 0
      vertex 64.2282 20.0123 2.2
      vertex 64.2282 20.0123 0
    endloop
  endfacet
  facet normal -0.946901 -0.321526 0
    outer loop
      vertex 64.2282 20.0123 2.2
      vertex 64.2955 19.8141 0
      vertex 64.2955 19.8141 2.2
    endloop
  endfacet
  facet normal 0.0654722 0.997854 -0
    outer loop
      vertex 62.75 -21 0
      vertex 62.5412 -20.9863 2.2
      vertex 62.75 -21 2.2
    endloop
  endfacet
  facet normal 0.0654722 0.997854 0
    outer loop
      vertex 62.5412 -20.9863 2.2
      vertex 62.75 -21 0
      vertex 62.5412 -20.9863 0
    endloop
  endfacet
  facet normal -0.321526 -0.946901 0
    outer loop
      vertex 63.1641 20.9455 0
      vertex 63.3623 20.8782 2.2
      vertex 63.1641 20.9455 2.2
    endloop
  endfacet
  facet normal -0.321526 -0.946901 -0
    outer loop
      vertex 63.3623 20.8782 2.2
      vertex 63.1641 20.9455 0
      vertex 63.3623 20.8782 0
    endloop
  endfacet
  facet normal 1 -0 0
    outer loop
      vertex 61.15 -19.4 2.2
      vertex 61.15 19.4 0
      vertex 61.15 19.4 2.2
    endloop
  endfacet
  facet normal 1 0 0
    outer loop
      vertex 61.15 19.4 0
      vertex 61.15 -19.4 2.2
      vertex 61.15 -19.4 0
    endloop
  endfacet
  facet normal 0.980819 0.194922 0
    outer loop
      vertex 61.2045 -19.8141 2.2
      vertex 61.1637 -19.6088 0
      vertex 61.1637 -19.6088 2.2
    endloop
  endfacet
  facet normal 0.980819 0.194922 0
    outer loop
      vertex 61.1637 -19.6088 0
      vertex 61.2045 -19.8141 2.2
      vertex 61.2045 -19.8141 0
    endloop
  endfacet
  facet normal 0.442429 0.896803 -0
    outer loop
      vertex 62.1377 -20.8782 0
      vertex 61.95 -20.7856 2.2
      vertex 62.1377 -20.8782 2.2
    endloop
  endfacet
  facet normal 0.442429 0.896803 0
    outer loop
      vertex 61.95 -20.7856 2.2
      vertex 62.1377 -20.8782 0
      vertex 61.95 -20.7856 0
    endloop
  endfacet
  facet normal 0.321526 0.946901 -0
    outer loop
      vertex 62.3359 -20.9455 0
      vertex 62.1377 -20.8782 2.2
      vertex 62.3359 -20.9455 2.2
    endloop
  endfacet
  facet normal 0.321526 0.946901 0
    outer loop
      vertex 62.1377 -20.8782 2.2
      vertex 62.3359 -20.9455 0
      vertex 62.1377 -20.8782 0
    endloop
  endfacet
  facet normal 0.442429 -0.896803 0
    outer loop
      vertex 61.95 20.7856 0
      vertex 62.1377 20.8782 2.2
      vertex 61.95 20.7856 2.2
    endloop
  endfacet
  facet normal 0.442429 -0.896803 0
    outer loop
      vertex 62.1377 20.8782 2.2
      vertex 61.95 20.7856 0
      vertex 62.1377 20.8782 0
    endloop
  endfacet
  facet normal -0.659248 0.751925 0
    outer loop
      vertex 63.8814 -20.5314 0
      vertex 63.724 -20.6694 2.2
      vertex 63.8814 -20.5314 2.2
    endloop
  endfacet
  facet normal -0.659248 0.751925 0
    outer loop
      vertex 63.724 -20.6694 2.2
      vertex 63.8814 -20.5314 0
      vertex 63.724 -20.6694 0
    endloop
  endfacet
  facet normal 0.659248 -0.751925 0
    outer loop
      vertex 61.6186 20.5314 0
      vertex 61.776 20.6694 2.2
      vertex 61.6186 20.5314 2.2
    endloop
  endfacet
  facet normal 0.659248 -0.751925 0
    outer loop
      vertex 61.776 20.6694 2.2
      vertex 61.6186 20.5314 0
      vertex 61.776 20.6694 0
    endloop
  endfacet
  facet normal -0.997854 -0.0654722 0
    outer loop
      vertex 64.35 19.4 0
      vertex 64.3363 19.6088 2.2
      vertex 64.3363 19.6088 0
    endloop
  endfacet
  facet normal -0.997854 -0.0654722 0
    outer loop
      vertex 64.3363 19.6088 2.2
      vertex 64.35 19.4 0
      vertex 64.35 19.4 2.2
    endloop
  endfacet
  facet normal -0.442429 -0.896803 0
    outer loop
      vertex 63.3623 20.8782 0
      vertex 63.55 20.7856 2.2
      vertex 63.3623 20.8782 2.2
    endloop
  endfacet
  facet normal -0.442429 -0.896803 -0
    outer loop
      vertex 63.55 20.7856 2.2
      vertex 63.3623 20.8782 0
      vertex 63.55 20.7856 0
    endloop
  endfacet
  facet normal -0.194922 -0.980819 0
    outer loop
      vertex 62.9588 20.9863 0
      vertex 63.1641 20.9455 2.2
      vertex 62.9588 20.9863 2.2
    endloop
  endfacet
  facet normal -0.194922 -0.980819 -0
    outer loop
      vertex 63.1641 20.9455 2.2
      vertex 62.9588 20.9863 0
      vertex 63.1641 20.9455 0
    endloop
  endfacet
  facet normal 0.194922 -0.980819 0
    outer loop
      vertex 62.3359 20.9455 0
      vertex 62.5412 20.9863 2.2
      vertex 62.3359 20.9455 2.2
    endloop
  endfacet
  facet normal 0.194922 -0.980819 0
    outer loop
      vertex 62.5412 20.9863 2.2
      vertex 62.3359 20.9455 0
      vertex 62.5412 20.9863 0
    endloop
  endfacet
  facet normal -0.321526 0.946901 0
    outer loop
      vertex 63.3623 -20.8782 0
      vertex 63.1641 -20.9455 2.2
      vertex 63.3623 -20.8782 2.2
    endloop
  endfacet
  facet normal -0.321526 0.946901 0
    outer loop
      vertex 63.1641 -20.9455 2.2
      vertex 63.3623 -20.8782 0
      vertex 63.1641 -20.9455 0
    endloop
  endfacet
  facet normal -0.831609 -0.555362 0
    outer loop
      vertex 64.1356 20.2 0
      vertex 64.0194 20.374 2.2
      vertex 64.0194 20.374 0
    endloop
  endfacet
  facet normal -0.831609 -0.555362 0
    outer loop
      vertex 64.0194 20.374 2.2
      vertex 64.1356 20.2 0
      vertex 64.1356 20.2 2.2
    endloop
  endfacet
  facet normal 0.194922 0.980819 -0
    outer loop
      vertex 62.5412 -20.9863 0
      vertex 62.3359 -20.9455 2.2
      vertex 62.5412 -20.9863 2.2
    endloop
  endfacet
  facet normal 0.194922 0.980819 0
    outer loop
      vertex 62.3359 -20.9455 2.2
      vertex 62.5412 -20.9863 0
      vertex 62.3359 -20.9455 0
    endloop
  endfacet
  facet normal -0.980819 0.194922 0
    outer loop
      vertex 64.2955 -19.8141 0
      vertex 64.3363 -19.6088 2.2
      vertex 64.3363 -19.6088 0
    endloop
  endfacet
  facet normal -0.980819 0.194922 0
    outer loop
      vertex 64.3363 -19.6088 2.2
      vertex 64.2955 -19.8141 0
      vertex 64.2955 -19.8141 2.2
    endloop
  endfacet
  facet normal 0.0654722 -0.997854 0
    outer loop
      vertex 62.5412 20.9863 0
      vertex 62.75 21 2.2
      vertex 62.5412 20.9863 2.2
    endloop
  endfacet
  facet normal 0.0654722 -0.997854 0
    outer loop
      vertex 62.75 21 2.2
      vertex 62.5412 20.9863 0
      vertex 62.75 21 0
    endloop
  endfacet
  facet normal 0.831609 0.555362 0
    outer loop
      vertex 61.4806 -20.374 2.2
      vertex 61.3644 -20.2 0
      vertex 61.3644 -20.2 2.2
    endloop
  endfacet
  facet normal 0.831609 0.555362 0
    outer loop
      vertex 61.3644 -20.2 0
      vertex 61.4806 -20.374 2.2
      vertex 61.4806 -20.374 0
    endloop
  endfacet
  facet normal -0.751925 0.659248 0
    outer loop
      vertex 63.8814 -20.5314 0
      vertex 64.0194 -20.374 2.2
      vertex 64.0194 -20.374 0
    endloop
  endfacet
  facet normal -0.751925 0.659248 0
    outer loop
      vertex 64.0194 -20.374 2.2
      vertex 63.8814 -20.5314 0
      vertex 63.8814 -20.5314 2.2
    endloop
  endfacet
  facet normal 0.659248 0.751925 -0
    outer loop
      vertex 61.776 -20.6694 0
      vertex 61.6186 -20.5314 2.2
      vertex 61.776 -20.6694 2.2
    endloop
  endfacet
  facet normal 0.659248 0.751925 0
    outer loop
      vertex 61.6186 -20.5314 2.2
      vertex 61.776 -20.6694 0
      vertex 61.6186 -20.5314 0
    endloop
  endfacet
  facet normal -0.555362 -0.831609 0
    outer loop
      vertex 63.55 20.7856 0
      vertex 63.724 20.6694 2.2
      vertex 63.55 20.7856 2.2
    endloop
  endfacet
  facet normal -0.555362 -0.831609 -0
    outer loop
      vertex 63.724 20.6694 2.2
      vertex 63.55 20.7856 0
      vertex 63.724 20.6694 0
    endloop
  endfacet
  facet normal 0.555362 -0.831609 0
    outer loop
      vertex 61.776 20.6694 0
      vertex 61.95 20.7856 2.2
      vertex 61.776 20.6694 2.2
    endloop
  endfacet
  facet normal 0.555362 -0.831609 0
    outer loop
      vertex 61.95 20.7856 2.2
      vertex 61.776 20.6694 0
      vertex 61.95 20.7856 0
    endloop
  endfacet
  facet normal -0.0654722 -0.997854 0
    outer loop
      vertex 62.75 21 0
      vertex 62.9588 20.9863 2.2
      vertex 62.75 21 2.2
    endloop
  endfacet
  facet normal -0.0654722 -0.997854 -0
    outer loop
      vertex 62.9588 20.9863 2.2
      vertex 62.75 21 0
      vertex 62.9588 20.9863 0
    endloop
  endfacet
  facet normal -0.831609 0.555362 0
    outer loop
      vertex 64.0194 -20.374 0
      vertex 64.1356 -20.2 2.2
      vertex 64.1356 -20.2 0
    endloop
  endfacet
  facet normal -0.831609 0.555362 0
    outer loop
      vertex 64.1356 -20.2 2.2
      vertex 64.0194 -20.374 0
      vertex 64.0194 -20.374 2.2
    endloop
  endfacet
  facet normal 0.997854 0.0654722 0
    outer loop
      vertex 61.1637 -19.6088 2.2
      vertex 61.15 -19.4 0
      vertex 61.15 -19.4 2.2
    endloop
  endfacet
  facet normal 0.997854 0.0654722 0
    outer loop
      vertex 61.15 -19.4 0
      vertex 61.1637 -19.6088 2.2
      vertex 61.1637 -19.6088 0
    endloop
  endfacet
  facet normal -0.896803 -0.442429 0
    outer loop
      vertex 64.2282 20.0123 0
      vertex 64.1356 20.2 2.2
      vertex 64.1356 20.2 0
    endloop
  endfacet
  facet normal -0.896803 -0.442429 0
    outer loop
      vertex 64.1356 20.2 2.2
      vertex 64.2282 20.0123 0
      vertex 64.2282 20.0123 2.2
    endloop
  endfacet
  facet normal 0.751925 -0.659248 0
    outer loop
      vertex 61.4806 20.374 2.2
      vertex 61.6186 20.5314 0
      vertex 61.6186 20.5314 2.2
    endloop
  endfacet
  facet normal 0.751925 -0.659248 0
    outer loop
      vertex 61.6186 20.5314 0
      vertex 61.4806 20.374 2.2
      vertex 61.4806 20.374 0
    endloop
  endfacet
  facet normal -0.946901 0.321526 0
    outer loop
      vertex 64.2282 -20.0123 0
      vertex 64.2955 -19.8141 2.2
      vertex 64.2955 -19.8141 0
    endloop
  endfacet
  facet normal -0.946901 0.321526 0
    outer loop
      vertex 64.2955 -19.8141 2.2
      vertex 64.2282 -20.0123 0
      vertex 64.2282 -20.0123 2.2
    endloop
  endfacet
  facet normal 0.946901 0.321526 0
    outer loop
      vertex 61.2718 -20.0123 2.2
      vertex 61.2045 -19.8141 0
      vertex 61.2045 -19.8141 2.2
    endloop
  endfacet
  facet normal 0.946901 0.321526 0
    outer loop
      vertex 61.2045 -19.8141 0
      vertex 61.2718 -20.0123 2.2
      vertex 61.2718 -20.0123 0
    endloop
  endfacet
  facet normal 0.896803 0.442429 0
    outer loop
      vertex 61.3644 -20.2 2.2
      vertex 61.2718 -20.0123 0
      vertex 61.2718 -20.0123 2.2
    endloop
  endfacet
  facet normal 0.896803 0.442429 0
    outer loop
      vertex 61.2718 -20.0123 0
      vertex 61.3644 -20.2 2.2
      vertex 61.3644 -20.2 0
    endloop
  endfacet
  facet normal -0.555362 0.831609 0
    outer loop
      vertex 63.724 -20.6694 0
      vertex 63.55 -20.7856 2.2
      vertex 63.724 -20.6694 2.2
    endloop
  endfacet
  facet normal -0.555362 0.831609 0
    outer loop
      vertex 63.55 -20.7856 2.2
      vertex 63.724 -20.6694 0
      vertex 63.55 -20.7856 0
    endloop
  endfacet
  facet normal -0.896803 0.442429 0
    outer loop
      vertex 64.1356 -20.2 0
      vertex 64.2282 -20.0123 2.2
      vertex 64.2282 -20.0123 0
    endloop
  endfacet
  facet normal -0.896803 0.442429 0
    outer loop
      vertex 64.2282 -20.0123 2.2
      vertex 64.1356 -20.2 0
      vertex 64.1356 -20.2 2.2
    endloop
  endfacet
  facet normal -0.659248 -0.751925 0
    outer loop
      vertex 63.724 20.6694 0
      vertex 63.8814 20.5314 2.2
      vertex 63.724 20.6694 2.2
    endloop
  endfacet
  facet normal -0.659248 -0.751925 -0
    outer loop
      vertex 63.8814 20.5314 2.2
      vertex 63.724 20.6694 0
      vertex 63.8814 20.5314 0
    endloop
  endfacet
  facet normal -0.980819 -0.194922 0
    outer loop
      vertex 64.3363 19.6088 0
      vertex 64.2955 19.8141 2.2
      vertex 64.2955 19.8141 0
    endloop
  endfacet
  facet normal -0.980819 -0.194922 0
    outer loop
      vertex 64.2955 19.8141 2.2
      vertex 64.3363 19.6088 0
      vertex 64.3363 19.6088 2.2
    endloop
  endfacet
  facet normal 0.896803 -0.442429 0
    outer loop
      vertex 61.2718 20.0123 2.2
      vertex 61.3644 20.2 0
      vertex 61.3644 20.2 2.2
    endloop
  endfacet
  facet normal 0.896803 -0.442429 0
    outer loop
      vertex 61.3644 20.2 0
      vertex 61.2718 20.0123 2.2
      vertex 61.2718 20.0123 0
    endloop
  endfacet
  facet normal -0.442429 0.896803 0
    outer loop
      vertex 63.55 -20.7856 0
      vertex 63.3623 -20.8782 2.2
      vertex 63.55 -20.7856 2.2
    endloop
  endfacet
  facet normal -0.442429 0.896803 0
    outer loop
      vertex 63.3623 -20.8782 2.2
      vertex 63.55 -20.7856 0
      vertex 63.3623 -20.8782 0
    endloop
  endfacet
  facet normal 0.831609 -0.555362 0
    outer loop
      vertex 61.3644 20.2 2.2
      vertex 61.4806 20.374 0
      vertex 61.4806 20.374 2.2
    endloop
  endfacet
  facet normal 0.831609 -0.555362 0
    outer loop
      vertex 61.4806 20.374 0
      vertex 61.3644 20.2 2.2
      vertex 61.3644 20.2 0
    endloop
  endfacet
  facet normal 0.997854 -0.0654722 0
    outer loop
      vertex 61.15 19.4 2.2
      vertex 61.1637 19.6088 0
      vertex 61.1637 19.6088 2.2
    endloop
  endfacet
  facet normal 0.997854 -0.0654722 0
    outer loop
      vertex 61.1637 19.6088 0
      vertex 61.15 19.4 2.2
      vertex 61.15 19.4 0
    endloop
  endfacet
  facet normal 0.980819 -0.194922 0
    outer loop
      vertex 61.1637 19.6088 2.2
      vertex 61.2045 19.8141 0
      vertex 61.2045 19.8141 2.2
    endloop
  endfacet
  facet normal 0.980819 -0.194922 0
    outer loop
      vertex 61.2045 19.8141 0
      vertex 61.1637 19.6088 2.2
      vertex 61.1637 19.6088 0
    endloop
  endfacet
  facet normal -0.194922 0.980819 0
    outer loop
      vertex 72.1641 -20.9455 0
      vertex 71.9588 -20.9863 2.2
      vertex 72.1641 -20.9455 2.2
    endloop
  endfacet
  facet normal -0.194922 0.980819 0
    outer loop
      vertex 71.9588 -20.9863 2.2
      vertex 72.1641 -20.9455 0
      vertex 71.9588 -20.9863 0
    endloop
  endfacet
  facet normal -0.0654722 0.997854 0
    outer loop
      vertex 71.9588 -20.9863 0
      vertex 71.75 -21 2.2
      vertex 71.9588 -20.9863 2.2
    endloop
  endfacet
  facet normal -0.0654722 0.997854 0
    outer loop
      vertex 71.75 -21 2.2
      vertex 71.9588 -20.9863 0
      vertex 71.75 -21 0
    endloop
  endfacet
  facet normal -0.751925 -0.659248 0
    outer loop
      vertex 73.0194 20.374 0
      vertex 72.8814 20.5314 2.2
      vertex 72.8814 20.5314 0
    endloop
  endfacet
  facet normal -0.751925 -0.659248 0
    outer loop
      vertex 72.8814 20.5314 2.2
      vertex 73.0194 20.374 0
      vertex 73.0194 20.374 2.2
    endloop
  endfacet
  facet normal 0.751925 0.659248 0
    outer loop
      vertex 70.6186 -20.5314 2.2
      vertex 70.4806 -20.374 0
      vertex 70.4806 -20.374 2.2
    endloop
  endfacet
  facet normal 0.751925 0.659248 0
    outer loop
      vertex 70.4806 -20.374 0
      vertex 70.6186 -20.5314 2.2
      vertex 70.6186 -20.5314 0
    endloop
  endfacet
  facet normal 0.321526 -0.946901 0
    outer loop
      vertex 71.1377 20.8782 0
      vertex 71.3359 20.9455 2.2
      vertex 71.1377 20.8782 2.2
    endloop
  endfacet
  facet normal 0.321526 -0.946901 0
    outer loop
      vertex 71.3359 20.9455 2.2
      vertex 71.1377 20.8782 0
      vertex 71.3359 20.9455 0
    endloop
  endfacet
  facet normal -0.997854 0.0654722 0
    outer loop
      vertex 73.3363 -19.6088 0
      vertex 73.35 -19.4 2.2
      vertex 73.35 -19.4 0
    endloop
  endfacet
  facet normal -0.997854 0.0654722 0
    outer loop
      vertex 73.35 -19.4 2.2
      vertex 73.3363 -19.6088 0
      vertex 73.3363 -19.6088 2.2
    endloop
  endfacet
  facet normal 0.946901 -0.321526 0
    outer loop
      vertex 70.2045 19.8141 2.2
      vertex 70.2718 20.0123 0
      vertex 70.2718 20.0123 2.2
    endloop
  endfacet
  facet normal 0.946901 -0.321526 0
    outer loop
      vertex 70.2718 20.0123 0
      vertex 70.2045 19.8141 2.2
      vertex 70.2045 19.8141 0
    endloop
  endfacet
  facet normal 0.555362 0.831609 -0
    outer loop
      vertex 70.95 -20.7856 0
      vertex 70.776 -20.6694 2.2
      vertex 70.95 -20.7856 2.2
    endloop
  endfacet
  facet normal 0.555362 0.831609 0
    outer loop
      vertex 70.776 -20.6694 2.2
      vertex 70.95 -20.7856 0
      vertex 70.776 -20.6694 0
    endloop
  endfacet
  facet normal -1 0 0
    outer loop
      vertex 73.35 -19.4 0
      vertex 73.35 19.4 2.2
      vertex 73.35 19.4 0
    endloop
  endfacet
  facet normal -1 -0 0
    outer loop
      vertex 73.35 19.4 2.2
      vertex 73.35 -19.4 0
      vertex 73.35 -19.4 2.2
    endloop
  endfacet
  facet normal -0.946901 -0.321526 0
    outer loop
      vertex 73.2955 19.8141 0
      vertex 73.2282 20.0123 2.2
      vertex 73.2282 20.0123 0
    endloop
  endfacet
  facet normal -0.946901 -0.321526 0
    outer loop
      vertex 73.2282 20.0123 2.2
      vertex 73.2955 19.8141 0
      vertex 73.2955 19.8141 2.2
    endloop
  endfacet
  facet normal 0.0654722 0.997854 -0
    outer loop
      vertex 71.75 -21 0
      vertex 71.5412 -20.9863 2.2
      vertex 71.75 -21 2.2
    endloop
  endfacet
  facet normal 0.0654722 0.997854 0
    outer loop
      vertex 71.5412 -20.9863 2.2
      vertex 71.75 -21 0
      vertex 71.5412 -20.9863 0
    endloop
  endfacet
  facet normal -0.321526 -0.946901 0
    outer loop
      vertex 72.1641 20.9455 0
      vertex 72.3623 20.8782 2.2
      vertex 72.1641 20.9455 2.2
    endloop
  endfacet
  facet normal -0.321526 -0.946901 -0
    outer loop
      vertex 72.3623 20.8782 2.2
      vertex 72.1641 20.9455 0
      vertex 72.3623 20.8782 0
    endloop
  endfacet
  facet normal 1 -0 0
    outer loop
      vertex 70.15 -19.4 2.2
      vertex 70.15 19.4 0
      vertex 70.15 19.4 2.2
    endloop
  endfacet
  facet normal 1 0 0
    outer loop
      vertex 70.15 19.4 0
      vertex 70.15 -19.4 2.2
      vertex 70.15 -19.4 0
    endloop
  endfacet
  facet normal 0.980819 0.194922 0
    outer loop
      vertex 70.2045 -19.8141 2.2
      vertex 70.1637 -19.6088 0
      vertex 70.1637 -19.6088 2.2
    endloop
  endfacet
  facet normal 0.980819 0.194922 0
    outer loop
      vertex 70.1637 -19.6088 0
      vertex 70.2045 -19.8141 2.2
      vertex 70.2045 -19.8141 0
    endloop
  endfacet
  facet normal 0.442429 0.896803 -0
    outer loop
      vertex 71.1377 -20.8782 0
      vertex 70.95 -20.7856 2.2
      vertex 71.1377 -20.8782 2.2
    endloop
  endfacet
  facet normal 0.442429 0.896803 0
    outer loop
      vertex 70.95 -20.7856 2.2
      vertex 71.1377 -20.8782 0
      vertex 70.95 -20.7856 0
    endloop
  endfacet
  facet normal 0.321526 0.946901 -0
    outer loop
      vertex 71.3359 -20.9455 0
      vertex 71.1377 -20.8782 2.2
      vertex 71.3359 -20.9455 2.2
    endloop
  endfacet
  facet normal 0.321526 0.946901 0
    outer loop
      vertex 71.1377 -20.8782 2.2
      vertex 71.3359 -20.9455 0
      vertex 71.1377 -20.8782 0
    endloop
  endfacet
  facet normal 0.442429 -0.896803 0
    outer loop
      vertex 70.95 20.7856 0
      vertex 71.1377 20.8782 2.2
      vertex 70.95 20.7856 2.2
    endloop
  endfacet
  facet normal 0.442429 -0.896803 0
    outer loop
      vertex 71.1377 20.8782 2.2
      vertex 70.95 20.7856 0
      vertex 71.1377 20.8782 0
    endloop
  endfacet
  facet normal -0.659248 0.751925 0
    outer loop
      vertex 72.8814 -20.5314 0
      vertex 72.724 -20.6694 2.2
      vertex 72.8814 -20.5314 2.2
    endloop
  endfacet
  facet normal -0.659248 0.751925 0
    outer loop
      vertex 72.724 -20.6694 2.2
      vertex 72.8814 -20.5314 0
      vertex 72.724 -20.6694 0
    endloop
  endfacet
  facet normal 0.659248 -0.751925 0
    outer loop
      vertex 70.6186 20.5314 0
      vertex 70.776 20.6694 2.2
      vertex 70.6186 20.5314 2.2
    endloop
  endfacet
  facet normal 0.659248 -0.751925 0
    outer loop
      vertex 70.776 20.6694 2.2
      vertex 70.6186 20.5314 0
      vertex 70.776 20.6694 0
    endloop
  endfacet
  facet normal -0.997854 -0.0654722 0
    outer loop
      vertex 73.35 19.4 0
      vertex 73.3363 19.6088 2.2
      vertex 73.3363 19.6088 0
    endloop
  endfacet
  facet normal -0.997854 -0.0654722 0
    outer loop
      vertex 73.3363 19.6088 2.2
      vertex 73.35 19.4 0
      vertex 73.35 19.4 2.2
    endloop
  endfacet
  facet normal -0.442429 -0.896803 0
    outer loop
      vertex 72.3623 20.8782 0
      vertex 72.55 20.7856 2.2
      vertex 72.3623 20.8782 2.2
    endloop
  endfacet
  facet normal -0.442429 -0.896803 -0
    outer loop
      vertex 72.55 20.7856 2.2
      vertex 72.3623 20.8782 0
      vertex 72.55 20.7856 0
    endloop
  endfacet
  facet normal -0.194922 -0.980819 0
    outer loop
      vertex 71.9588 20.9863 0
      vertex 72.1641 20.9455 2.2
      vertex 71.9588 20.9863 2.2
    endloop
  endfacet
  facet normal -0.194922 -0.980819 -0
    outer loop
      vertex 72.1641 20.9455 2.2
      vertex 71.9588 20.9863 0
      vertex 72.1641 20.9455 0
    endloop
  endfacet
  facet normal 0.194922 -0.980819 0
    outer loop
      vertex 71.3359 20.9455 0
      vertex 71.5412 20.9863 2.2
      vertex 71.3359 20.9455 2.2
    endloop
  endfacet
  facet normal 0.194922 -0.980819 0
    outer loop
      vertex 71.5412 20.9863 2.2
      vertex 71.3359 20.9455 0
      vertex 71.5412 20.9863 0
    endloop
  endfacet
  facet normal -0.321526 0.946901 0
    outer loop
      vertex 72.3623 -20.8782 0
      vertex 72.1641 -20.9455 2.2
      vertex 72.3623 -20.8782 2.2
    endloop
  endfacet
  facet normal -0.321526 0.946901 0
    outer loop
      vertex 72.1641 -20.9455 2.2
      vertex 72.3623 -20.8782 0
      vertex 72.1641 -20.9455 0
    endloop
  endfacet
  facet normal -0.831609 -0.555362 0
    outer loop
      vertex 73.1356 20.2 0
      vertex 73.0194 20.374 2.2
      vertex 73.0194 20.374 0
    endloop
  endfacet
  facet normal -0.831609 -0.555362 0
    outer loop
      vertex 73.0194 20.374 2.2
      vertex 73.1356 20.2 0
      vertex 73.1356 20.2 2.2
    endloop
  endfacet
  facet normal 0.194922 0.980819 -0
    outer loop
      vertex 71.5412 -20.9863 0
      vertex 71.3359 -20.9455 2.2
      vertex 71.5412 -20.9863 2.2
    endloop
  endfacet
  facet normal 0.194922 0.980819 0
    outer loop
      vertex 71.3359 -20.9455 2.2
      vertex 71.5412 -20.9863 0
      vertex 71.3359 -20.9455 0
    endloop
  endfacet
  facet normal -0.980819 0.194922 0
    outer loop
      vertex 73.2955 -19.8141 0
      vertex 73.3363 -19.6088 2.2
      vertex 73.3363 -19.6088 0
    endloop
  endfacet
  facet normal -0.980819 0.194922 0
    outer loop
      vertex 73.3363 -19.6088 2.2
      vertex 73.2955 -19.8141 0
      vertex 73.2955 -19.8141 2.2
    endloop
  endfacet
  facet normal 0.0654722 -0.997854 0
    outer loop
      vertex 71.5412 20.9863 0
      vertex 71.75 21 2.2
      vertex 71.5412 20.9863 2.2
    endloop
  endfacet
  facet normal 0.0654722 -0.997854 0
    outer loop
      vertex 71.75 21 2.2
      vertex 71.5412 20.9863 0
      vertex 71.75 21 0
    endloop
  endfacet
  facet normal 0.831609 0.555362 0
    outer loop
      vertex 70.4806 -20.374 2.2
      vertex 70.3644 -20.2 0
      vertex 70.3644 -20.2 2.2
    endloop
  endfacet
  facet normal 0.831609 0.555362 0
    outer loop
      vertex 70.3644 -20.2 0
      vertex 70.4806 -20.374 2.2
      vertex 70.4806 -20.374 0
    endloop
  endfacet
  facet normal -0.751925 0.659248 0
    outer loop
      vertex 72.8814 -20.5314 0
      vertex 73.0194 -20.374 2.2
      vertex 73.0194 -20.374 0
    endloop
  endfacet
  facet normal -0.751925 0.659248 0
    outer loop
      vertex 73.0194 -20.374 2.2
      vertex 72.8814 -20.5314 0
      vertex 72.8814 -20.5314 2.2
    endloop
  endfacet
  facet normal 0.659248 0.751925 -0
    outer loop
      vertex 70.776 -20.6694 0
      vertex 70.6186 -20.5314 2.2
      vertex 70.776 -20.6694 2.2
    endloop
  endfacet
  facet normal 0.659248 0.751925 0
    outer loop
      vertex 70.6186 -20.5314 2.2
      vertex 70.776 -20.6694 0
      vertex 70.6186 -20.5314 0
    endloop
  endfacet
  facet normal -0.555362 -0.831609 0
    outer loop
      vertex 72.55 20.7856 0
      vertex 72.724 20.6694 2.2
      vertex 72.55 20.7856 2.2
    endloop
  endfacet
  facet normal -0.555362 -0.831609 -0
    outer loop
      vertex 72.724 20.6694 2.2
      vertex 72.55 20.7856 0
      vertex 72.724 20.6694 0
    endloop
  endfacet
  facet normal 0.555362 -0.831609 0
    outer loop
      vertex 70.776 20.6694 0
      vertex 70.95 20.7856 2.2
      vertex 70.776 20.6694 2.2
    endloop
  endfacet
  facet normal 0.555362 -0.831609 0
    outer loop
      vertex 70.95 20.7856 2.2
      vertex 70.776 20.6694 0
      vertex 70.95 20.7856 0
    endloop
  endfacet
  facet normal -0.0654722 -0.997854 0
    outer loop
      vertex 71.75 21 0
      vertex 71.9588 20.9863 2.2
      vertex 71.75 21 2.2
    endloop
  endfacet
  facet normal -0.0654722 -0.997854 -0
    outer loop
      vertex 71.9588 20.9863 2.2
      vertex 71.75 21 0
      vertex 71.9588 20.9863 0
    endloop
  endfacet
  facet normal -0.831609 0.555362 0
    outer loop
      vertex 73.0194 -20.374 0
      vertex 73.1356 -20.2 2.2
      vertex 73.1356 -20.2 0
    endloop
  endfacet
  facet normal -0.831609 0.555362 0
    outer loop
      vertex 73.1356 -20.2 2.2
      vertex 73.0194 -20.374 0
      vertex 73.0194 -20.374 2.2
    endloop
  endfacet
  facet normal 0.997854 0.0654722 0
    outer loop
      vertex 70.1637 -19.6088 2.2
      vertex 70.15 -19.4 0
      vertex 70.15 -19.4 2.2
    endloop
  endfacet
  facet normal 0.997854 0.0654722 0
    outer loop
      vertex 70.15 -19.4 0
      vertex 70.1637 -19.6088 2.2
      vertex 70.1637 -19.6088 0
    endloop
  endfacet
  facet normal 0.751925 -0.659248 0
    outer loop
      vertex 70.4806 20.374 2.2
      vertex 70.6186 20.5314 0
      vertex 70.6186 20.5314 2.2
    endloop
  endfacet
  facet normal 0.751925 -0.659248 0
    outer loop
      vertex 70.6186 20.5314 0
      vertex 70.4806 20.374 2.2
      vertex 70.4806 20.374 0
    endloop
  endfacet
  facet normal -0.946901 0.321526 0
    outer loop
      vertex 73.2282 -20.0123 0
      vertex 73.2955 -19.8141 2.2
      vertex 73.2955 -19.8141 0
    endloop
  endfacet
  facet normal -0.946901 0.321526 0
    outer loop
      vertex 73.2955 -19.8141 2.2
      vertex 73.2282 -20.0123 0
      vertex 73.2282 -20.0123 2.2
    endloop
  endfacet
  facet normal 0.946901 0.321526 0
    outer loop
      vertex 70.2718 -20.0123 2.2
      vertex 70.2045 -19.8141 0
      vertex 70.2045 -19.8141 2.2
    endloop
  endfacet
  facet normal 0.946901 0.321526 0
    outer loop
      vertex 70.2045 -19.8141 0
      vertex 70.2718 -20.0123 2.2
      vertex 70.2718 -20.0123 0
    endloop
  endfacet
  facet normal 0.896803 0.442429 0
    outer loop
      vertex 70.3644 -20.2 2.2
      vertex 70.2718 -20.0123 0
      vertex 70.2718 -20.0123 2.2
    endloop
  endfacet
  facet normal 0.896803 0.442429 0
    outer loop
      vertex 70.2718 -20.0123 0
      vertex 70.3644 -20.2 2.2
      vertex 70.3644 -20.2 0
    endloop
  endfacet
  facet normal -0.555362 0.831609 0
    outer loop
      vertex 72.724 -20.6694 0
      vertex 72.55 -20.7856 2.2
      vertex 72.724 -20.6694 2.2
    endloop
  endfacet
  facet normal -0.555362 0.831609 0
    outer loop
      vertex 72.55 -20.7856 2.2
      vertex 72.724 -20.6694 0
      vertex 72.55 -20.7856 0
    endloop
  endfacet
  facet normal -0.896803 0.442429 0
    outer loop
      vertex 73.1356 -20.2 0
      vertex 73.2282 -20.0123 2.2
      vertex 73.2282 -20.0123 0
    endloop
  endfacet
  facet normal -0.896803 0.442429 0
    outer loop
      vertex 73.2282 -20.0123 2.2
      vertex 73.1356 -20.2 0
      vertex 73.1356 -20.2 2.2
    endloop
  endfacet
  facet normal -0.659248 -0.751925 0
    outer loop
      vertex 72.724 20.6694 0
      vertex 72.8814 20.5314 2.2
      vertex 72.724 20.6694 2.2
    endloop
  endfacet
  facet normal -0.659248 -0.751925 -0
    outer loop
      vertex 72.8814 20.5314 2.2
      vertex 72.724 20.6694 0
      vertex 72.8814 20.5314 0
    endloop
  endfacet
  facet normal -0.980819 -0.194922 0
    outer loop
      vertex 73.3363 19.6088 0
      vertex 73.2955 19.8141 2.2
      vertex 73.2955 19.8141 0
    endloop
  endfacet
  facet normal -0.980819 -0.194922 0
    outer loop
      vertex 73.2955 19.8141 2.2
      vertex 73.3363 19.6088 0
      vertex 73.3363 19.6088 2.2
    endloop
  endfacet
  facet normal 0.896803 -0.442429 0
    outer loop
      vertex 70.2718 20.0123 2.2
      vertex 70.3644 20.2 0
      vertex 70.3644 20.2 2.2
    endloop
  endfacet
  facet normal 0.896803 -0.442429 0
    outer loop
      vertex 70.3644 20.2 0
      vertex 70.2718 20.0123 2.2
      vertex 70.2718 20.0123 0
    endloop
  endfacet
  facet normal -0.442429 0.896803 0
    outer loop
      vertex 72.55 -20.7856 0
      vertex 72.3623 -20.8782 2.2
      vertex 72.55 -20.7856 2.2
    endloop
  endfacet
  facet normal -0.442429 0.896803 0
    outer loop
      vertex 72.3623 -20.8782 2.2
      vertex 72.55 -20.7856 0
      vertex 72.3623 -20.8782 0
    endloop
  endfacet
  facet normal 0.831609 -0.555362 0
    outer loop
      vertex 70.3644 20.2 2.2
      vertex 70.4806 20.374 0
      vertex 70.4806 20.374 2.2
    endloop
  endfacet
  facet normal 0.831609 -0.555362 0
    outer loop
      vertex 70.4806 20.374 0
      vertex 70.3644 20.2 2.2
      vertex 70.3644 20.2 0
    endloop
  endfacet
  facet normal -0.896803 -0.442429 0
    outer loop
      vertex 73.2282 20.0123 0
      vertex 73.1356 20.2 2.2
      vertex 73.1356 20.2 0
    endloop
  endfacet
  facet normal -0.896803 -0.442429 0
    outer loop
      vertex 73.1356 20.2 2.2
      vertex 73.2282 20.0123 0
      vertex 73.2282 20.0123 2.2
    endloop
  endfacet
  facet normal 0.997854 -0.0654722 0
    outer loop
      vertex 70.15 19.4 2.2
      vertex 70.1637 19.6088 0
      vertex 70.1637 19.6088 2.2
    endloop
  endfacet
  facet normal 0.997854 -0.0654722 0
    outer loop
      vertex 70.1637 19.6088 0
      vertex 70.15 19.4 2.2
      vertex 70.15 19.4 0
    endloop
  endfacet
  facet normal 0.980819 -0.194922 0
    outer loop
      vertex 70.1637 19.6088 2.2
      vertex 70.2045 19.8141 0
      vertex 70.2045 19.8141 2.2
    endloop
  endfacet
  facet normal 0.980819 -0.194922 0
    outer loop
      vertex 70.2045 19.8141 0
      vertex 70.1637 19.6088 2.2
      vertex 70.1637 19.6088 0
    endloop
  endfacet
  facet normal -0.194922 0.980819 0
    outer loop
      vertex 81.1641 -20.9455 0
      vertex 80.9588 -20.9863 2.2
      vertex 81.1641 -20.9455 2.2
    endloop
  endfacet
  facet normal -0.194922 0.980819 0
    outer loop
      vertex 80.9588 -20.9863 2.2
      vertex 81.1641 -20.9455 0
      vertex 80.9588 -20.9863 0
    endloop
  endfacet
  facet normal -0.0654722 0.997854 0
    outer loop
      vertex 80.9588 -20.9863 0
      vertex 80.75 -21 2.2
      vertex 80.9588 -20.9863 2.2
    endloop
  endfacet
  facet normal -0.0654722 0.997854 0
    outer loop
      vertex 80.75 -21 2.2
      vertex 80.9588 -20.9863 0
      vertex 80.75 -21 0
    endloop
  endfacet
  facet normal -0.751925 -0.659248 0
    outer loop
      vertex 82.0194 20.374 0
      vertex 81.8814 20.5314 2.2
      vertex 81.8814 20.5314 0
    endloop
  endfacet
  facet normal -0.751925 -0.659248 0
    outer loop
      vertex 81.8814 20.5314 2.2
      vertex 82.0194 20.374 0
      vertex 82.0194 20.374 2.2
    endloop
  endfacet
  facet normal 0.751925 0.659248 0
    outer loop
      vertex 79.6186 -20.5314 2.2
      vertex 79.4806 -20.374 0
      vertex 79.4806 -20.374 2.2
    endloop
  endfacet
  facet normal 0.751925 0.659248 0
    outer loop
      vertex 79.4806 -20.374 0
      vertex 79.6186 -20.5314 2.2
      vertex 79.6186 -20.5314 0
    endloop
  endfacet
  facet normal 0.321526 -0.946901 0
    outer loop
      vertex 80.1377 20.8782 0
      vertex 80.3359 20.9455 2.2
      vertex 80.1377 20.8782 2.2
    endloop
  endfacet
  facet normal 0.321526 -0.946901 0
    outer loop
      vertex 80.3359 20.9455 2.2
      vertex 80.1377 20.8782 0
      vertex 80.3359 20.9455 0
    endloop
  endfacet
  facet normal -0.997854 0.0654722 0
    outer loop
      vertex 82.3363 -19.6088 0
      vertex 82.35 -19.4 2.2
      vertex 82.35 -19.4 0
    endloop
  endfacet
  facet normal -0.997854 0.0654722 0
    outer loop
      vertex 82.35 -19.4 2.2
      vertex 82.3363 -19.6088 0
      vertex 82.3363 -19.6088 2.2
    endloop
  endfacet
  facet normal 0.946901 -0.321526 0
    outer loop
      vertex 79.2045 19.8141 2.2
      vertex 79.2718 20.0123 0
      vertex 79.2718 20.0123 2.2
    endloop
  endfacet
  facet normal 0.946901 -0.321526 0
    outer loop
      vertex 79.2718 20.0123 0
      vertex 79.2045 19.8141 2.2
      vertex 79.2045 19.8141 0
    endloop
  endfacet
  facet normal 0.555362 0.831609 -0
    outer loop
      vertex 79.95 -20.7856 0
      vertex 79.776 -20.6694 2.2
      vertex 79.95 -20.7856 2.2
    endloop
  endfacet
  facet normal 0.555362 0.831609 0
    outer loop
      vertex 79.776 -20.6694 2.2
      vertex 79.95 -20.7856 0
      vertex 79.776 -20.6694 0
    endloop
  endfacet
  facet normal -1 0 0
    outer loop
      vertex 82.35 -19.4 0
      vertex 82.35 19.4 2.2
      vertex 82.35 19.4 0
    endloop
  endfacet
  facet normal -1 -0 0
    outer loop
      vertex 82.35 19.4 2.2
      vertex 82.35 -19.4 0
      vertex 82.35 -19.4 2.2
    endloop
  endfacet
  facet normal -0.946901 -0.321526 0
    outer loop
      vertex 82.2955 19.8141 0
      vertex 82.2282 20.0123 2.2
      vertex 82.2282 20.0123 0
    endloop
  endfacet
  facet normal -0.946901 -0.321526 0
    outer loop
      vertex 82.2282 20.0123 2.2
      vertex 82.2955 19.8141 0
      vertex 82.2955 19.8141 2.2
    endloop
  endfacet
  facet normal -0.896803 0.442429 0
    outer loop
      vertex 82.1356 -20.2 0
      vertex 82.2282 -20.0123 2.2
      vertex 82.2282 -20.0123 0
    endloop
  endfacet
  facet normal -0.896803 0.442429 0
    outer loop
      vertex 82.2282 -20.0123 2.2
      vertex 82.1356 -20.2 0
      vertex 82.1356 -20.2 2.2
    endloop
  endfacet
  facet normal 0.0654722 0.997854 -0
    outer loop
      vertex 80.75 -21 0
      vertex 80.5412 -20.9863 2.2
      vertex 80.75 -21 2.2
    endloop
  endfacet
  facet normal 0.0654722 0.997854 0
    outer loop
      vertex 80.5412 -20.9863 2.2
      vertex 80.75 -21 0
      vertex 80.5412 -20.9863 0
    endloop
  endfacet
  facet normal -0.321526 -0.946901 0
    outer loop
      vertex 81.1641 20.9455 0
      vertex 81.3623 20.8782 2.2
      vertex 81.1641 20.9455 2.2
    endloop
  endfacet
  facet normal -0.321526 -0.946901 -0
    outer loop
      vertex 81.3623 20.8782 2.2
      vertex 81.1641 20.9455 0
      vertex 81.3623 20.8782 0
    endloop
  endfacet
  facet normal 1 -0 0
    outer loop
      vertex 79.15 -19.4 2.2
      vertex 79.15 19.4 0
      vertex 79.15 19.4 2.2
    endloop
  endfacet
  facet normal 1 0 0
    outer loop
      vertex 79.15 19.4 0
      vertex 79.15 -19.4 2.2
      vertex 79.15 -19.4 0
    endloop
  endfacet
  facet normal 0.980819 0.194922 0
    outer loop
      vertex 79.2045 -19.8141 2.2
      vertex 79.1637 -19.6088 0
      vertex 79.1637 -19.6088 2.2
    endloop
  endfacet
  facet normal 0.980819 0.194922 0
    outer loop
      vertex 79.1637 -19.6088 0
      vertex 79.2045 -19.8141 2.2
      vertex 79.2045 -19.8141 0
    endloop
  endfacet
  facet normal 0.442429 0.896803 -0
    outer loop
      vertex 80.1377 -20.8782 0
      vertex 79.95 -20.7856 2.2
      vertex 80.1377 -20.8782 2.2
    endloop
  endfacet
  facet normal 0.442429 0.896803 0
    outer loop
      vertex 79.95 -20.7856 2.2
      vertex 80.1377 -20.8782 0
      vertex 79.95 -20.7856 0
    endloop
  endfacet
  facet normal 0.321526 0.946901 -0
    outer loop
      vertex 80.3359 -20.9455 0
      vertex 80.1377 -20.8782 2.2
      vertex 80.3359 -20.9455 2.2
    endloop
  endfacet
  facet normal 0.321526 0.946901 0
    outer loop
      vertex 80.1377 -20.8782 2.2
      vertex 80.3359 -20.9455 0
      vertex 80.1377 -20.8782 0
    endloop
  endfacet
  facet normal 0.442429 -0.896803 0
    outer loop
      vertex 79.95 20.7856 0
      vertex 80.1377 20.8782 2.2
      vertex 79.95 20.7856 2.2
    endloop
  endfacet
  facet normal 0.442429 -0.896803 0
    outer loop
      vertex 80.1377 20.8782 2.2
      vertex 79.95 20.7856 0
      vertex 80.1377 20.8782 0
    endloop
  endfacet
  facet normal -0.659248 0.751925 0
    outer loop
      vertex 81.8814 -20.5314 0
      vertex 81.724 -20.6694 2.2
      vertex 81.8814 -20.5314 2.2
    endloop
  endfacet
  facet normal -0.659248 0.751925 0
    outer loop
      vertex 81.724 -20.6694 2.2
      vertex 81.8814 -20.5314 0
      vertex 81.724 -20.6694 0
    endloop
  endfacet
  facet normal 0.659248 -0.751925 0
    outer loop
      vertex 79.6186 20.5314 0
      vertex 79.776 20.6694 2.2
      vertex 79.6186 20.5314 2.2
    endloop
  endfacet
  facet normal 0.659248 -0.751925 0
    outer loop
      vertex 79.776 20.6694 2.2
      vertex 79.6186 20.5314 0
      vertex 79.776 20.6694 0
    endloop
  endfacet
  facet normal -0.997854 -0.0654722 0
    outer loop
      vertex 82.35 19.4 0
      vertex 82.3363 19.6088 2.2
      vertex 82.3363 19.6088 0
    endloop
  endfacet
  facet normal -0.997854 -0.0654722 0
    outer loop
      vertex 82.3363 19.6088 2.2
      vertex 82.35 19.4 0
      vertex 82.35 19.4 2.2
    endloop
  endfacet
  facet normal -0.442429 -0.896803 0
    outer loop
      vertex 81.3623 20.8782 0
      vertex 81.55 20.7856 2.2
      vertex 81.3623 20.8782 2.2
    endloop
  endfacet
  facet normal -0.442429 -0.896803 -0
    outer loop
      vertex 81.55 20.7856 2.2
      vertex 81.3623 20.8782 0
      vertex 81.55 20.7856 0
    endloop
  endfacet
  facet normal -0.194922 -0.980819 0
    outer loop
      vertex 80.9588 20.9863 0
      vertex 81.1641 20.9455 2.2
      vertex 80.9588 20.9863 2.2
    endloop
  endfacet
  facet normal -0.194922 -0.980819 -0
    outer loop
      vertex 81.1641 20.9455 2.2
      vertex 80.9588 20.9863 0
      vertex 81.1641 20.9455 0
    endloop
  endfacet
  facet normal 0.194922 -0.980819 0
    outer loop
      vertex 80.3359 20.9455 0
      vertex 80.5412 20.9863 2.2
      vertex 80.3359 20.9455 2.2
    endloop
  endfacet
  facet normal 0.194922 -0.980819 0
    outer loop
      vertex 80.5412 20.9863 2.2
      vertex 80.3359 20.9455 0
      vertex 80.5412 20.9863 0
    endloop
  endfacet
  facet normal -0.321526 0.946901 0
    outer loop
      vertex 81.3623 -20.8782 0
      vertex 81.1641 -20.9455 2.2
      vertex 81.3623 -20.8782 2.2
    endloop
  endfacet
  facet normal -0.321526 0.946901 0
    outer loop
      vertex 81.1641 -20.9455 2.2
      vertex 81.3623 -20.8782 0
      vertex 81.1641 -20.9455 0
    endloop
  endfacet
  facet normal -0.831609 -0.555362 0
    outer loop
      vertex 82.1356 20.2 0
      vertex 82.0194 20.374 2.2
      vertex 82.0194 20.374 0
    endloop
  endfacet
  facet normal -0.831609 -0.555362 0
    outer loop
      vertex 82.0194 20.374 2.2
      vertex 82.1356 20.2 0
      vertex 82.1356 20.2 2.2
    endloop
  endfacet
  facet normal 0.194922 0.980819 -0
    outer loop
      vertex 80.5412 -20.9863 0
      vertex 80.3359 -20.9455 2.2
      vertex 80.5412 -20.9863 2.2
    endloop
  endfacet
  facet normal 0.194922 0.980819 0
    outer loop
      vertex 80.3359 -20.9455 2.2
      vertex 80.5412 -20.9863 0
      vertex 80.3359 -20.9455 0
    endloop
  endfacet
  facet normal -0.980819 0.194922 0
    outer loop
      vertex 82.2955 -19.8141 0
      vertex 82.3363 -19.6088 2.2
      vertex 82.3363 -19.6088 0
    endloop
  endfacet
  facet normal -0.980819 0.194922 0
    outer loop
      vertex 82.3363 -19.6088 2.2
      vertex 82.2955 -19.8141 0
      vertex 82.2955 -19.8141 2.2
    endloop
  endfacet
  facet normal 0.0654722 -0.997854 0
    outer loop
      vertex 80.5412 20.9863 0
      vertex 80.75 21 2.2
      vertex 80.5412 20.9863 2.2
    endloop
  endfacet
  facet normal 0.0654722 -0.997854 0
    outer loop
      vertex 80.75 21 2.2
      vertex 80.5412 20.9863 0
      vertex 80.75 21 0
    endloop
  endfacet
  facet normal 0.831609 0.555362 0
    outer loop
      vertex 79.4806 -20.374 2.2
      vertex 79.3644 -20.2 0
      vertex 79.3644 -20.2 2.2
    endloop
  endfacet
  facet normal 0.831609 0.555362 0
    outer loop
      vertex 79.3644 -20.2 0
      vertex 79.4806 -20.374 2.2
      vertex 79.4806 -20.374 0
    endloop
  endfacet
  facet normal -0.751925 0.659248 0
    outer loop
      vertex 81.8814 -20.5314 0
      vertex 82.0194 -20.374 2.2
      vertex 82.0194 -20.374 0
    endloop
  endfacet
  facet normal -0.751925 0.659248 0
    outer loop
      vertex 82.0194 -20.374 2.2
      vertex 81.8814 -20.5314 0
      vertex 81.8814 -20.5314 2.2
    endloop
  endfacet
  facet normal 0.659248 0.751925 -0
    outer loop
      vertex 79.776 -20.6694 0
      vertex 79.6186 -20.5314 2.2
      vertex 79.776 -20.6694 2.2
    endloop
  endfacet
  facet normal 0.659248 0.751925 0
    outer loop
      vertex 79.6186 -20.5314 2.2
      vertex 79.776 -20.6694 0
      vertex 79.6186 -20.5314 0
    endloop
  endfacet
  facet normal -0.555362 -0.831609 0
    outer loop
      vertex 81.55 20.7856 0
      vertex 81.724 20.6694 2.2
      vertex 81.55 20.7856 2.2
    endloop
  endfacet
  facet normal -0.555362 -0.831609 -0
    outer loop
      vertex 81.724 20.6694 2.2
      vertex 81.55 20.7856 0
      vertex 81.724 20.6694 0
    endloop
  endfacet
  facet normal 0.555362 -0.831609 0
    outer loop
      vertex 79.776 20.6694 0
      vertex 79.95 20.7856 2.2
      vertex 79.776 20.6694 2.2
    endloop
  endfacet
  facet normal 0.555362 -0.831609 0
    outer loop
      vertex 79.95 20.7856 2.2
      vertex 79.776 20.6694 0
      vertex 79.95 20.7856 0
    endloop
  endfacet
  facet normal -0.0654722 -0.997854 0
    outer loop
      vertex 80.75 21 0
      vertex 80.9588 20.9863 2.2
      vertex 80.75 21 2.2
    endloop
  endfacet
  facet normal -0.0654722 -0.997854 -0
    outer loop
      vertex 80.9588 20.9863 2.2
      vertex 80.75 21 0
      vertex 80.9588 20.9863 0
    endloop
  endfacet
  facet normal -0.831609 0.555362 0
    outer loop
      vertex 82.0194 -20.374 0
      vertex 82.1356 -20.2 2.2
      vertex 82.1356 -20.2 0
    endloop
  endfacet
  facet normal -0.831609 0.555362 0
    outer loop
      vertex 82.1356 -20.2 2.2
      vertex 82.0194 -20.374 0
      vertex 82.0194 -20.374 2.2
    endloop
  endfacet
  facet normal 0.997854 0.0654722 0
    outer loop
      vertex 79.1637 -19.6088 2.2
      vertex 79.15 -19.4 0
      vertex 79.15 -19.4 2.2
    endloop
  endfacet
  facet normal 0.997854 0.0654722 0
    outer loop
      vertex 79.15 -19.4 0
      vertex 79.1637 -19.6088 2.2
      vertex 79.1637 -19.6088 0
    endloop
  endfacet
  facet normal -0.896803 -0.442429 0
    outer loop
      vertex 82.2282 20.0123 0
      vertex 82.1356 20.2 2.2
      vertex 82.1356 20.2 0
    endloop
  endfacet
  facet normal -0.896803 -0.442429 0
    outer loop
      vertex 82.1356 20.2 2.2
      vertex 82.2282 20.0123 0
      vertex 82.2282 20.0123 2.2
    endloop
  endfacet
  facet normal 0.751925 -0.659248 0
    outer loop
      vertex 79.4806 20.374 2.2
      vertex 79.6186 20.5314 0
      vertex 79.6186 20.5314 2.2
    endloop
  endfacet
  facet normal 0.751925 -0.659248 0
    outer loop
      vertex 79.6186 20.5314 0
      vertex 79.4806 20.374 2.2
      vertex 79.4806 20.374 0
    endloop
  endfacet
  facet normal -0.946901 0.321526 0
    outer loop
      vertex 82.2282 -20.0123 0
      vertex 82.2955 -19.8141 2.2
      vertex 82.2955 -19.8141 0
    endloop
  endfacet
  facet normal -0.946901 0.321526 0
    outer loop
      vertex 82.2955 -19.8141 2.2
      vertex 82.2282 -20.0123 0
      vertex 82.2282 -20.0123 2.2
    endloop
  endfacet
  facet normal 0.946901 0.321526 0
    outer loop
      vertex 79.2718 -20.0123 2.2
      vertex 79.2045 -19.8141 0
      vertex 79.2045 -19.8141 2.2
    endloop
  endfacet
  facet normal 0.946901 0.321526 0
    outer loop
      vertex 79.2045 -19.8141 0
      vertex 79.2718 -20.0123 2.2
      vertex 79.2718 -20.0123 0
    endloop
  endfacet
  facet normal 0.896803 0.442429 0
    outer loop
      vertex 79.3644 -20.2 2.2
      vertex 79.2718 -20.0123 0
      vertex 79.2718 -20.0123 2.2
    endloop
  endfacet
  facet normal 0.896803 0.442429 0
    outer loop
      vertex 79.2718 -20.0123 0
      vertex 79.3644 -20.2 2.2
      vertex 79.3644 -20.2 0
    endloop
  endfacet
  facet normal -0.555362 0.831609 0
    outer loop
      vertex 81.724 -20.6694 0
      vertex 81.55 -20.7856 2.2
      vertex 81.724 -20.6694 2.2
    endloop
  endfacet
  facet normal -0.555362 0.831609 0
    outer loop
      vertex 81.55 -20.7856 2.2
      vertex 81.724 -20.6694 0
      vertex 81.55 -20.7856 0
    endloop
  endfacet
  facet normal -0.659248 -0.751925 0
    outer loop
      vertex 81.724 20.6694 0
      vertex 81.8814 20.5314 2.2
      vertex 81.724 20.6694 2.2
    endloop
  endfacet
  facet normal -0.659248 -0.751925 -0
    outer loop
      vertex 81.8814 20.5314 2.2
      vertex 81.724 20.6694 0
      vertex 81.8814 20.5314 0
    endloop
  endfacet
  facet normal -0.980819 -0.194922 0
    outer loop
      vertex 82.3363 19.6088 0
      vertex 82.2955 19.8141 2.2
      vertex 82.2955 19.8141 0
    endloop
  endfacet
  facet normal -0.980819 -0.194922 0
    outer loop
      vertex 82.2955 19.8141 2.2
      vertex 82.3363 19.6088 0
      vertex 82.3363 19.6088 2.2
    endloop
  endfacet
  facet normal 0.896803 -0.442429 0
    outer loop
      vertex 79.2718 20.0123 2.2
      vertex 79.3644 20.2 0
      vertex 79.3644 20.2 2.2
    endloop
  endfacet
  facet normal 0.896803 -0.442429 0
    outer loop
      vertex 79.3644 20.2 0
      vertex 79.2718 20.0123 2.2
      vertex 79.2718 20.0123 0
    endloop
  endfacet
  facet normal -0.442429 0.896803 0
    outer loop
      vertex 81.55 -20.7856 0
      vertex 81.3623 -20.8782 2.2
      vertex 81.55 -20.7856 2.2
    endloop
  endfacet
  facet normal -0.442429 0.896803 0
    outer loop
      vertex 81.3623 -20.8782 2.2
      vertex 81.55 -20.7856 0
      vertex 81.3623 -20.8782 0
    endloop
  endfacet
  facet normal 0.831609 -0.555362 0
    outer loop
      vertex 79.3644 20.2 2.2
      vertex 79.4806 20.374 0
      vertex 79.4806 20.374 2.2
    endloop
  endfacet
  facet normal 0.831609 -0.555362 0
    outer loop
      vertex 79.4806 20.374 0
      vertex 79.3644 20.2 2.2
      vertex 79.3644 20.2 0
    endloop
  endfacet
  facet normal 0.997854 -0.0654722 0
    outer loop
      vertex 79.15 19.4 2.2
      vertex 79.1637 19.6088 0
      vertex 79.1637 19.6088 2.2
    endloop
  endfacet
  facet normal 0.997854 -0.0654722 0
    outer loop
      vertex 79.1637 19.6088 0
      vertex 79.15 19.4 2.2
      vertex 79.15 19.4 0
    endloop
  endfacet
  facet normal 0.980819 -0.194922 0
    outer loop
      vertex 79.1637 19.6088 2.2
      vertex 79.2045 19.8141 0
      vertex 79.2045 19.8141 2.2
    endloop
  endfacet
  facet normal 0.980819 -0.194922 0
    outer loop
      vertex 79.2045 19.8141 0
      vertex 79.1637 19.6088 2.2
      vertex 79.1637 19.6088 0
    endloop
  endfacet
endsolid OpenSCAD_Model
