solid OpenSCAD_Model
  facet normal 0.0653156 -0.997865 0
    outer loop
      vertex 45.85 -49.35 0
      vertex 46.3068 -49.3201 2.6
      vertex 45.85 -49.35 2.6
    endloop
  endfacet
  facet normal 0.0653156 -0.997865 0
    outer loop
      vertex 46.3068 -49.3201 2.6
      vertex 45.85 -49.35 0
      vertex 46.3068 -49.3201 0
    endloop
  endfacet
  facet normal -0.321335 -0.946966 0
    outer loop
      vertex -47.1894 -49.0836 0
      vertex -46.7559 -49.2307 2.6
      vertex -47.1894 -49.0836 2.6
    endloop
  endfacet
  facet normal -0.321335 -0.946966 -0
    outer loop
      vertex -46.7559 -49.2307 2.6
      vertex -47.1894 -49.0836 0
      vertex -46.7559 -49.2307 0
    endloop
  endfacet
  facet normal 0.980757 0.195234 0
    outer loop
      vertex 49.3201 46.3068 2.6
      vertex 49.2307 46.7559 0
      vertex 49.2307 46.7559 2.6
    endloop
  endfacet
  facet normal 0.980757 0.195234 0
    outer loop
      vertex 49.2307 46.7559 0
      vertex 49.3201 46.3068 2.6
      vertex 49.3201 46.3068 0
    endloop
  endfacet
  facet normal 0.0653156 0.997865 -0
    outer loop
      vertex 46.3068 49.3201 0
      vertex 45.85 49.35 2.6
      vertex 46.3068 49.3201 2.6
    endloop
  endfacet
  facet normal 0.0653156 0.997865 0
    outer loop
      vertex 45.85 49.35 2.6
      vertex 46.3068 49.3201 0
      vertex 45.85 49.35 0
    endloop
  endfacet
  facet normal -1 0 0
    outer loop
      vertex -49.35 -45.85 0
      vertex -49.35 45.85 2.6
      vertex -49.35 45.85 0
    endloop
  endfacet
  facet normal -1 -0 0
    outer loop
      vertex -49.35 45.85 2.6
      vertex -49.35 -45.85 0
      vertex -49.35 -45.85 2.6
    endloop
  endfacet
  facet normal 0.442217 0.896908 0
    outer loop
      vertex 47.2333 49.0619 0.799999
      vertex 47.6 48.8811 2.6
      vertex 47.6 48.8811 0.799999
    endloop
  endfacet
  facet normal 0.442314 0.89686 -2.45973e-05
    outer loop
      vertex 47.6 48.8811 2.6
      vertex 47.2333 49.0619 0.799999
      vertex 47.1894 49.0836 2.6
    endloop
  endfacet
  facet normal 0.443125 0.89646 0
    outer loop
      vertex 47.1894 49.0836 0
      vertex 47.2333 49.0619 0.799999
      vertex 47.2333 49.0619 0
    endloop
  endfacet
  facet normal 0.443125 0.89646 0
    outer loop
      vertex 47.2333 49.0619 0.799999
      vertex 47.1894 49.0836 0
      vertex 47.1894 49.0836 2.6
    endloop
  endfacet
  facet normal -0.997865 0.0653156 0
    outer loop
      vertex -49.35 45.85 0
      vertex -49.3201 46.3068 2.6
      vertex -49.3201 46.3068 0
    endloop
  endfacet
  facet normal -0.997865 0.0653156 0
    outer loop
      vertex -49.3201 46.3068 2.6
      vertex -49.35 45.85 0
      vertex -49.35 45.85 2.6
    endloop
  endfacet
  facet normal -0.980757 0.195234 0
    outer loop
      vertex -49.3201 46.3068 0
      vertex -49.2307 46.7559 2.6
      vertex -49.2307 46.7559 0
    endloop
  endfacet
  facet normal -0.980757 0.195234 0
    outer loop
      vertex -49.2307 46.7559 2.6
      vertex -49.3201 46.3068 0
      vertex -49.3201 46.3068 2.6
    endloop
  endfacet
  facet normal 0.946966 0.321335 0
    outer loop
      vertex 49.2307 46.7559 2.6
      vertex 49.0836 47.1894 0
      vertex 49.0836 47.1894 2.6
    endloop
  endfacet
  facet normal 0.946966 0.321335 0
    outer loop
      vertex 49.0836 47.1894 0
      vertex 49.2307 46.7559 2.6
      vertex 49.2307 46.7559 0
    endloop
  endfacet
  facet normal -0.980757 -0.195234 0
    outer loop
      vertex -49.2307 -46.7559 0
      vertex -49.3201 -46.3068 2.6
      vertex -49.3201 -46.3068 0
    endloop
  endfacet
  facet normal -0.980757 -0.195234 0
    outer loop
      vertex -49.3201 -46.3068 2.6
      vertex -49.2307 -46.7559 0
      vertex -49.2307 -46.7559 2.6
    endloop
  endfacet
  facet normal 0 -1 0
    outer loop
      vertex -45.85 -49.35 0
      vertex 45.85 -49.35 2.6
      vertex -45.85 -49.35 2.6
    endloop
  endfacet
  facet normal 0 -1 -0
    outer loop
      vertex 45.85 -49.35 2.6
      vertex -45.85 -49.35 0
      vertex 45.85 -49.35 0
    endloop
  endfacet
  facet normal -0.946966 0.321335 0
    outer loop
      vertex -49.2307 46.7559 0
      vertex -49.0836 47.1894 2.6
      vertex -49.0836 47.1894 0
    endloop
  endfacet
  facet normal -0.946966 0.321335 0
    outer loop
      vertex -49.0836 47.1894 2.6
      vertex -49.2307 46.7559 0
      vertex -49.2307 46.7559 2.6
    endloop
  endfacet
  facet normal 0 1 -0
    outer loop
      vertex 45.85 49.35 0
      vertex -45.85 49.35 2.6
      vertex 45.85 49.35 2.6
    endloop
  endfacet
  facet normal 0 1 0
    outer loop
      vertex -45.85 49.35 2.6
      vertex 45.85 49.35 0
      vertex -45.85 49.35 0
    endloop
  endfacet
  facet normal -0.0653156 -0.997865 0
    outer loop
      vertex -46.3068 -49.3201 0
      vertex -45.85 -49.35 2.6
      vertex -46.3068 -49.3201 2.6
    endloop
  endfacet
  facet normal -0.0653156 -0.997865 -0
    outer loop
      vertex -45.85 -49.35 2.6
      vertex -46.3068 -49.3201 0
      vertex -45.85 -49.35 0
    endloop
  endfacet
  facet normal -0.7519 -0.659278 0
    outer loop
      vertex -48.3249 -48.3249 0.799999
      vertex -48.6267 -47.9807 2.6
      vertex -48.6267 -47.9807 0.799999
    endloop
  endfacet
  facet normal -0.7519 -0.659278 0
    outer loop
      vertex -48.6267 -47.9807 2.6
      vertex -48.3249 -48.3249 0.799999
      vertex -48.3249 -48.3249 2.6
    endloop
  endfacet
  facet normal -0.442217 -0.896908 0
    outer loop
      vertex -47.2333 -49.0619 0.799999
      vertex -47.6 -48.8811 2.6
      vertex -47.6 -48.8811 0.799999
    endloop
  endfacet
  facet normal -0.442314 -0.89686 -2.45973e-05
    outer loop
      vertex -47.6 -48.8811 2.6
      vertex -47.2333 -49.0619 0.799999
      vertex -47.1894 -49.0836 2.6
    endloop
  endfacet
  facet normal -0.443125 -0.89646 0
    outer loop
      vertex -47.1894 -49.0836 0
      vertex -47.2333 -49.0619 0.799999
      vertex -47.2333 -49.0619 0
    endloop
  endfacet
  facet normal -0.443125 -0.89646 0
    outer loop
      vertex -47.2333 -49.0619 0.799999
      vertex -47.1894 -49.0836 0
      vertex -47.1894 -49.0836 2.6
    endloop
  endfacet
  facet normal -0.659278 -0.7519 0
    outer loop
      vertex -48.3249 -48.3249 0.799999
      vertex -47.9807 -48.6267 2.6
      vertex -48.3249 -48.3249 2.6
    endloop
  endfacet
  facet normal -0.659278 -0.7519 -0
    outer loop
      vertex -47.9807 -48.6267 2.6
      vertex -48.3249 -48.3249 0.799999
      vertex -47.9807 -48.6267 0.799999
    endloop
  endfacet
  facet normal -0.0653156 0.997865 0
    outer loop
      vertex -45.85 49.35 0
      vertex -46.3068 49.3201 2.6
      vertex -45.85 49.35 2.6
    endloop
  endfacet
  facet normal -0.0653156 0.997865 0
    outer loop
      vertex -46.3068 49.3201 2.6
      vertex -45.85 49.35 0
      vertex -46.3068 49.3201 0
    endloop
  endfacet
  facet normal -0.555607 0.831445 0
    outer loop
      vertex -47.6 48.8811 0.799999
      vertex -47.9807 48.6267 2.6
      vertex -47.6 48.8811 2.6
    endloop
  endfacet
  facet normal -0.555607 0.831445 0
    outer loop
      vertex -47.9807 48.6267 2.6
      vertex -47.6 48.8811 0.799999
      vertex -47.9807 48.6267 0.799999
    endloop
  endfacet
  facet normal -0.321335 0.946966 0
    outer loop
      vertex -46.7559 49.2307 0
      vertex -47.1894 49.0836 2.6
      vertex -46.7559 49.2307 2.6
    endloop
  endfacet
  facet normal -0.321335 0.946966 0
    outer loop
      vertex -47.1894 49.0836 2.6
      vertex -46.7559 49.2307 0
      vertex -47.1894 49.0836 0
    endloop
  endfacet
  facet normal -0.89646 0.443125 0
    outer loop
      vertex -49.0619 47.2333 0
      vertex -49.0836 47.1894 0
      vertex -49.0619 47.2333 0.799999
    endloop
  endfacet
  facet normal -0.896908 0.442217 0
    outer loop
      vertex -49.0619 47.2333 0.799999
      vertex -48.8811 47.6 2.6
      vertex -48.8811 47.6 0.799999
    endloop
  endfacet
  facet normal -0.89686 0.442314 -2.45973e-05
    outer loop
      vertex -49.0619 47.2333 0.799999
      vertex -49.0836 47.1894 2.6
      vertex -48.8811 47.6 2.6
    endloop
  endfacet
  facet normal -0.89646 0.443125 0
    outer loop
      vertex -49.0836 47.1894 2.6
      vertex -49.0619 47.2333 0.799999
      vertex -49.0836 47.1894 0
    endloop
  endfacet
  facet normal 0.946966 -0.321335 0
    outer loop
      vertex 49.0836 -47.1894 2.6
      vertex 49.2307 -46.7559 0
      vertex 49.2307 -46.7559 2.6
    endloop
  endfacet
  facet normal 0.946966 -0.321335 0
    outer loop
      vertex 49.2307 -46.7559 0
      vertex 49.0836 -47.1894 2.6
      vertex 49.0836 -47.1894 0
    endloop
  endfacet
  facet normal 1 -0 0
    outer loop
      vertex 49.35 -45.85 2.6
      vertex 49.35 45.85 0
      vertex 49.35 45.85 2.6
    endloop
  endfacet
  facet normal 1 0 0
    outer loop
      vertex 49.35 45.85 0
      vertex 49.35 -45.85 2.6
      vertex 49.35 -45.85 0
    endloop
  endfacet
  facet normal -0.442314 0.89686 -2.45973e-05
    outer loop
      vertex -47.1894 49.0836 2.6
      vertex -47.2333 49.0619 0.799999
      vertex -47.6 48.8811 2.6
    endloop
  endfacet
  facet normal -0.443125 0.89646 0
    outer loop
      vertex -47.1894 49.0836 0
      vertex -47.2333 49.0619 0.799999
      vertex -47.1894 49.0836 2.6
    endloop
  endfacet
  facet normal -0.443125 0.89646 0
    outer loop
      vertex -47.2333 49.0619 0.799999
      vertex -47.1894 49.0836 0
      vertex -47.2333 49.0619 0
    endloop
  endfacet
  facet normal -0.442217 0.896908 0
    outer loop
      vertex -47.6 48.8811 2.6
      vertex -47.2333 49.0619 0.799999
      vertex -47.6 48.8811 0.799999
    endloop
  endfacet
  facet normal 0.659278 0.7519 -0
    outer loop
      vertex 48.3249 48.3249 0.799999
      vertex 47.9807 48.6267 2.6
      vertex 48.3249 48.3249 2.6
    endloop
  endfacet
  facet normal 0.659278 0.7519 0
    outer loop
      vertex 47.9807 48.6267 2.6
      vertex 48.3249 48.3249 0.799999
      vertex 47.9807 48.6267 0.799999
    endloop
  endfacet
  facet normal -0.195234 -0.980757 0
    outer loop
      vertex -46.7559 -49.2307 0
      vertex -46.3068 -49.3201 2.6
      vertex -46.7559 -49.2307 2.6
    endloop
  endfacet
  facet normal -0.195234 -0.980757 -0
    outer loop
      vertex -46.3068 -49.3201 2.6
      vertex -46.7559 -49.2307 0
      vertex -46.3068 -49.3201 0
    endloop
  endfacet
  facet normal -0.831445 -0.555607 0
    outer loop
      vertex -48.6267 -47.9807 0.799999
      vertex -48.8811 -47.6 2.6
      vertex -48.8811 -47.6 0.799999
    endloop
  endfacet
  facet normal -0.831445 -0.555607 0
    outer loop
      vertex -48.8811 -47.6 2.6
      vertex -48.6267 -47.9807 0.799999
      vertex -48.6267 -47.9807 2.6
    endloop
  endfacet
  facet normal -0.195234 0.980757 0
    outer loop
      vertex -46.3068 49.3201 0
      vertex -46.7559 49.2307 2.6
      vertex -46.3068 49.3201 2.6
    endloop
  endfacet
  facet normal -0.195234 0.980757 0
    outer loop
      vertex -46.7559 49.2307 2.6
      vertex -46.3068 49.3201 0
      vertex -46.7559 49.2307 0
    endloop
  endfacet
  facet normal -0.831445 0.555607 0
    outer loop
      vertex -48.8811 47.6 0.799999
      vertex -48.6267 47.9807 2.6
      vertex -48.6267 47.9807 0.799999
    endloop
  endfacet
  facet normal -0.831445 0.555607 0
    outer loop
      vertex -48.6267 47.9807 2.6
      vertex -48.8811 47.6 0.799999
      vertex -48.8811 47.6 2.6
    endloop
  endfacet
  facet normal -0.659278 0.7519 0
    outer loop
      vertex -47.9807 48.6267 0.799999
      vertex -48.3249 48.3249 2.6
      vertex -47.9807 48.6267 2.6
    endloop
  endfacet
  facet normal -0.659278 0.7519 0
    outer loop
      vertex -48.3249 48.3249 2.6
      vertex -47.9807 48.6267 0.799999
      vertex -48.3249 48.3249 0.799999
    endloop
  endfacet
  facet normal -0.555607 -0.831445 0
    outer loop
      vertex -47.9807 -48.6267 0.799999
      vertex -47.6 -48.8811 2.6
      vertex -47.9807 -48.6267 2.6
    endloop
  endfacet
  facet normal -0.555607 -0.831445 -0
    outer loop
      vertex -47.6 -48.8811 2.6
      vertex -47.9807 -48.6267 0.799999
      vertex -47.6 -48.8811 0.799999
    endloop
  endfacet
  facet normal 0.321335 0.946966 -0
    outer loop
      vertex 47.1894 49.0836 0
      vertex 46.7559 49.2307 2.6
      vertex 47.1894 49.0836 2.6
    endloop
  endfacet
  facet normal 0.321335 0.946966 0
    outer loop
      vertex 46.7559 49.2307 2.6
      vertex 47.1894 49.0836 0
      vertex 46.7559 49.2307 0
    endloop
  endfacet
  facet normal -0.89646 -0.443125 -0
    outer loop
      vertex -49.0619 -47.2333 0.799999
      vertex -49.0836 -47.1894 0
      vertex -49.0619 -47.2333 0
    endloop
  endfacet
  facet normal -0.89646 -0.443125 0
    outer loop
      vertex -49.0836 -47.1894 0
      vertex -49.0619 -47.2333 0.799999
      vertex -49.0836 -47.1894 2.6
    endloop
  endfacet
  facet normal -0.896908 -0.442217 -0
    outer loop
      vertex -48.8811 -47.6 2.6
      vertex -49.0619 -47.2333 0.799999
      vertex -48.8811 -47.6 0.799999
    endloop
  endfacet
  facet normal -0.89686 -0.442314 -2.45973e-05
    outer loop
      vertex -49.0619 -47.2333 0.799999
      vertex -48.8811 -47.6 2.6
      vertex -49.0836 -47.1894 2.6
    endloop
  endfacet
  facet normal 0.555607 0.831445 -0
    outer loop
      vertex 47.9807 48.6267 0.799999
      vertex 47.6 48.8811 2.6
      vertex 47.9807 48.6267 2.6
    endloop
  endfacet
  facet normal 0.555607 0.831445 0
    outer loop
      vertex 47.6 48.8811 2.6
      vertex 47.9807 48.6267 0.799999
      vertex 47.6 48.8811 0.799999
    endloop
  endfacet
  facet normal 0.997865 0.0653156 0
    outer loop
      vertex 49.35 45.85 2.6
      vertex 49.3201 46.3068 0
      vertex 49.3201 46.3068 2.6
    endloop
  endfacet
  facet normal 0.997865 0.0653156 0
    outer loop
      vertex 49.3201 46.3068 0
      vertex 49.35 45.85 2.6
      vertex 49.35 45.85 0
    endloop
  endfacet
  facet normal 0.896908 0.442217 0
    outer loop
      vertex 48.8811 47.6 2.6
      vertex 49.0619 47.2333 0.799999
      vertex 48.8811 47.6 0.799999
    endloop
  endfacet
  facet normal 0.89686 0.442314 -2.45973e-05
    outer loop
      vertex 49.0836 47.1894 2.6
      vertex 49.0619 47.2333 0.799999
      vertex 48.8811 47.6 2.6
    endloop
  endfacet
  facet normal 0.89646 0.443125 -0
    outer loop
      vertex 49.0836 47.1894 0
      vertex 49.0619 47.2333 0.799999
      vertex 49.0836 47.1894 2.6
    endloop
  endfacet
  facet normal 0.89646 0.443125 0
    outer loop
      vertex 49.0619 47.2333 0.799999
      vertex 49.0836 47.1894 0
      vertex 49.0619 47.2333 0
    endloop
  endfacet
  facet normal 0.555607 -0.831445 0
    outer loop
      vertex 47.6 -48.8811 0.799999
      vertex 47.9807 -48.6267 2.6
      vertex 47.6 -48.8811 2.6
    endloop
  endfacet
  facet normal 0.555607 -0.831445 0
    outer loop
      vertex 47.9807 -48.6267 2.6
      vertex 47.6 -48.8811 0.799999
      vertex 47.9807 -48.6267 0.799999
    endloop
  endfacet
  facet normal 0.321335 -0.946966 0
    outer loop
      vertex 46.7559 -49.2307 0
      vertex 47.1894 -49.0836 2.6
      vertex 46.7559 -49.2307 2.6
    endloop
  endfacet
  facet normal 0.321335 -0.946966 0
    outer loop
      vertex 47.1894 -49.0836 2.6
      vertex 46.7559 -49.2307 0
      vertex 47.1894 -49.0836 0
    endloop
  endfacet
  facet normal 0.7519 -0.659278 0
    outer loop
      vertex 48.3249 -48.3249 2.6
      vertex 48.6267 -47.9807 0.799999
      vertex 48.6267 -47.9807 2.6
    endloop
  endfacet
  facet normal 0.7519 -0.659278 0
    outer loop
      vertex 48.6267 -47.9807 0.799999
      vertex 48.3249 -48.3249 2.6
      vertex 48.3249 -48.3249 0.799999
    endloop
  endfacet
  facet normal 0.997865 -0.0653156 0
    outer loop
      vertex 49.3201 -46.3068 2.6
      vertex 49.35 -45.85 0
      vertex 49.35 -45.85 2.6
    endloop
  endfacet
  facet normal 0.997865 -0.0653156 0
    outer loop
      vertex 49.35 -45.85 0
      vertex 49.3201 -46.3068 2.6
      vertex 49.3201 -46.3068 0
    endloop
  endfacet
  facet normal 0.195234 0.980757 -0
    outer loop
      vertex 46.7559 49.2307 0
      vertex 46.3068 49.3201 2.6
      vertex 46.7559 49.2307 2.6
    endloop
  endfacet
  facet normal 0.195234 0.980757 0
    outer loop
      vertex 46.3068 49.3201 2.6
      vertex 46.7559 49.2307 0
      vertex 46.3068 49.3201 0
    endloop
  endfacet
  facet normal -0.997865 -0.0653156 0
    outer loop
      vertex -49.3201 -46.3068 0
      vertex -49.35 -45.85 2.6
      vertex -49.35 -45.85 0
    endloop
  endfacet
  facet normal -0.997865 -0.0653156 0
    outer loop
      vertex -49.35 -45.85 2.6
      vertex -49.3201 -46.3068 0
      vertex -49.3201 -46.3068 2.6
    endloop
  endfacet
  facet normal -0.7519 0.659278 0
    outer loop
      vertex -48.6267 47.9807 0.799999
      vertex -48.3249 48.3249 2.6
      vertex -48.3249 48.3249 0.799999
    endloop
  endfacet
  facet normal -0.7519 0.659278 0
    outer loop
      vertex -48.3249 48.3249 2.6
      vertex -48.6267 47.9807 0.799999
      vertex -48.6267 47.9807 2.6
    endloop
  endfacet
  facet normal -0.946966 -0.321335 0
    outer loop
      vertex -49.0836 -47.1894 0
      vertex -49.2307 -46.7559 2.6
      vertex -49.2307 -46.7559 0
    endloop
  endfacet
  facet normal -0.946966 -0.321335 0
    outer loop
      vertex -49.2307 -46.7559 2.6
      vertex -49.0836 -47.1894 0
      vertex -49.0836 -47.1894 2.6
    endloop
  endfacet
  facet normal 0.89646 -0.443125 0
    outer loop
      vertex 49.0836 -47.1894 2.6
      vertex 49.0619 -47.2333 0.799999
      vertex 49.0836 -47.1894 0
    endloop
  endfacet
  facet normal 0.89686 -0.442314 -2.45973e-05
    outer loop
      vertex 48.8811 -47.6 2.6
      vertex 49.0619 -47.2333 0.799999
      vertex 49.0836 -47.1894 2.6
    endloop
  endfacet
  facet normal 0.896908 -0.442217 0
    outer loop
      vertex 49.0619 -47.2333 0.799999
      vertex 48.8811 -47.6 2.6
      vertex 48.8811 -47.6 0.799999
    endloop
  endfacet
  facet normal 0.89646 -0.443125 0
    outer loop
      vertex 49.0836 -47.1894 0
      vertex 49.0619 -47.2333 0.799999
      vertex 49.0619 -47.2333 0
    endloop
  endfacet
  facet normal 0 0 1
    outer loop
      vertex 47.35 45.85 2.6
      vertex 49.35 45.85 2.6
      vertex 49.3201 46.3068 2.6
    endloop
  endfacet
  facet normal 0 0 1
    outer loop
      vertex 49.35 45.85 2.6
      vertex 47.35 45.85 2.6
      vertex 49.35 -45.85 2.6
    endloop
  endfacet
  facet normal 0 0 1
    outer loop
      vertex 47.3372 46.0458 2.6
      vertex 49.3201 46.3068 2.6
      vertex 49.2307 46.7559 2.6
    endloop
  endfacet
  facet normal 0 0 1
    outer loop
      vertex 47.35 -45.85 2.6
      vertex 49.35 -45.85 2.6
      vertex 47.35 45.85 2.6
    endloop
  endfacet
  facet normal 0 0 1
    outer loop
      vertex 47.2989 46.2382 2.6
      vertex 49.2307 46.7559 2.6
      vertex 49.0836 47.1894 2.6
    endloop
  endfacet
  facet normal 0 0 1
    outer loop
      vertex 49.35 -45.85 2.6
      vertex 47.35 -45.85 2.6
      vertex 49.3201 -46.3068 2.6
    endloop
  endfacet
  facet normal 0 0 1
    outer loop
      vertex 47.2358 46.424 2.6
      vertex 49.0836 47.1894 2.6
      vertex 48.8811 47.6 2.6
    endloop
  endfacet
  facet normal -0 0 1
    outer loop
      vertex 47.3372 -46.0458 2.6
      vertex 49.3201 -46.3068 2.6
      vertex 47.35 -45.85 2.6
    endloop
  endfacet
  facet normal 0 0 1
    outer loop
      vertex 47.149 46.6 2.6
      vertex 48.8811 47.6 2.6
      vertex 48.6267 47.9807 2.6
    endloop
  endfacet
  facet normal 0 0 1
    outer loop
      vertex 49.3201 -46.3068 2.6
      vertex 47.3372 -46.0458 2.6
      vertex 49.2307 -46.7559 2.6
    endloop
  endfacet
  facet normal 0 0 1
    outer loop
      vertex 47.04 46.7631 2.6
      vertex 48.6267 47.9807 2.6
      vertex 48.3249 48.3249 2.6
    endloop
  endfacet
  facet normal -0 0 1
    outer loop
      vertex 47.2989 -46.2382 2.6
      vertex 49.2307 -46.7559 2.6
      vertex 47.3372 -46.0458 2.6
    endloop
  endfacet
  facet normal 0 0 1
    outer loop
      vertex 46.9106 46.9106 2.6
      vertex 48.3249 48.3249 2.6
      vertex 47.9807 48.6267 2.6
    endloop
  endfacet
  facet normal 0 0 1
    outer loop
      vertex 49.2307 -46.7559 2.6
      vertex 47.2989 -46.2382 2.6
      vertex 49.0836 -47.1894 2.6
    endloop
  endfacet
  facet normal 0 0 1
    outer loop
      vertex 46.7631 47.04 2.6
      vertex 47.9807 48.6267 2.6
      vertex 47.6 48.8811 2.6
    endloop
  endfacet
  facet normal -0 0 1
    outer loop
      vertex 47.2358 -46.424 2.6
      vertex 49.0836 -47.1894 2.6
      vertex 47.2989 -46.2382 2.6
    endloop
  endfacet
  facet normal 0 0 1
    outer loop
      vertex 49.0836 -47.1894 2.6
      vertex 47.2358 -46.424 2.6
      vertex 48.8811 -47.6 2.6
    endloop
  endfacet
  facet normal 0 0 1
    outer loop
      vertex 49.3201 46.3068 2.6
      vertex 47.3372 46.0458 2.6
      vertex 47.35 45.85 2.6
    endloop
  endfacet
  facet normal 0 0 1
    outer loop
      vertex 49.2307 46.7559 2.6
      vertex 47.2989 46.2382 2.6
      vertex 47.3372 46.0458 2.6
    endloop
  endfacet
  facet normal 0 0 1
    outer loop
      vertex 49.0836 47.1894 2.6
      vertex 47.2358 46.424 2.6
      vertex 47.2989 46.2382 2.6
    endloop
  endfacet
  facet normal 0 0 1
    outer loop
      vertex 46.6 47.149 2.6
      vertex 47.6 48.8811 2.6
      vertex 47.1894 49.0836 2.6
    endloop
  endfacet
  facet normal 0 0 1
    outer loop
      vertex 48.8811 47.6 2.6
      vertex 47.149 46.6 2.6
      vertex 47.2358 46.424 2.6
    endloop
  endfacet
  facet normal 0 0 1
    outer loop
      vertex 48.6267 47.9807 2.6
      vertex 47.04 46.7631 2.6
      vertex 47.149 46.6 2.6
    endloop
  endfacet
  facet normal 0 0 1
    outer loop
      vertex 48.3249 48.3249 2.6
      vertex 46.9106 46.9106 2.6
      vertex 47.04 46.7631 2.6
    endloop
  endfacet
  facet normal 0 0 1
    outer loop
      vertex 47.9807 48.6267 2.6
      vertex 46.7631 47.04 2.6
      vertex 46.9106 46.9106 2.6
    endloop
  endfacet
  facet normal 0 0 1
    outer loop
      vertex 46.424 47.2358 2.6
      vertex 47.1894 49.0836 2.6
      vertex 46.7559 49.2307 2.6
    endloop
  endfacet
  facet normal 0 0 1
    outer loop
      vertex 47.6 48.8811 2.6
      vertex 46.6 47.149 2.6
      vertex 46.7631 47.04 2.6
    endloop
  endfacet
  facet normal 0 0 1
    outer loop
      vertex 47.1894 49.0836 2.6
      vertex 46.424 47.2358 2.6
      vertex 46.6 47.149 2.6
    endloop
  endfacet
  facet normal 0 0 1
    outer loop
      vertex 46.2382 47.2989 2.6
      vertex 46.7559 49.2307 2.6
      vertex 46.3068 49.3201 2.6
    endloop
  endfacet
  facet normal 0 0 1
    outer loop
      vertex 46.7559 49.2307 2.6
      vertex 46.2382 47.2989 2.6
      vertex 46.424 47.2358 2.6
    endloop
  endfacet
  facet normal 0 0 1
    outer loop
      vertex 46.3068 49.3201 2.6
      vertex 46.0458 47.3372 2.6
      vertex 46.2382 47.2989 2.6
    endloop
  endfacet
  facet normal 0 0 1
    outer loop
      vertex 45.85 49.35 2.6
      vertex 46.0458 47.3372 2.6
      vertex 46.3068 49.3201 2.6
    endloop
  endfacet
  facet normal 0 0 1
    outer loop
      vertex 45.85 49.35 2.6
      vertex 45.85 47.35 2.6
      vertex 46.0458 47.3372 2.6
    endloop
  endfacet
  facet normal -0 0 1
    outer loop
      vertex -45.85 49.35 2.6
      vertex 45.85 47.35 2.6
      vertex 45.85 49.35 2.6
    endloop
  endfacet
  facet normal 0 0 1
    outer loop
      vertex -45.85 49.35 2.6
      vertex -45.85 47.35 2.6
      vertex 45.85 47.35 2.6
    endloop
  endfacet
  facet normal 0 0 1
    outer loop
      vertex -45.85 49.35 2.6
      vertex -46.0458 47.3372 2.6
      vertex -45.85 47.35 2.6
    endloop
  endfacet
  facet normal -0 0 1
    outer loop
      vertex -46.3068 49.3201 2.6
      vertex -46.0458 47.3372 2.6
      vertex -45.85 49.35 2.6
    endloop
  endfacet
  facet normal 0 0 1
    outer loop
      vertex -46.0458 47.3372 2.6
      vertex -46.3068 49.3201 2.6
      vertex -46.2382 47.2989 2.6
    endloop
  endfacet
  facet normal -0 0 1
    outer loop
      vertex -46.7559 49.2307 2.6
      vertex -46.2382 47.2989 2.6
      vertex -46.3068 49.3201 2.6
    endloop
  endfacet
  facet normal 0 0 1
    outer loop
      vertex -46.2382 47.2989 2.6
      vertex -46.7559 49.2307 2.6
      vertex -46.424 47.2358 2.6
    endloop
  endfacet
  facet normal -0 0 1
    outer loop
      vertex -47.1894 49.0836 2.6
      vertex -46.424 47.2358 2.6
      vertex -46.7559 49.2307 2.6
    endloop
  endfacet
  facet normal 0 0 1
    outer loop
      vertex -46.424 47.2358 2.6
      vertex -47.1894 49.0836 2.6
      vertex -46.6 47.149 2.6
    endloop
  endfacet
  facet normal -0 0 1
    outer loop
      vertex -47.6 48.8811 2.6
      vertex -46.6 47.149 2.6
      vertex -47.1894 49.0836 2.6
    endloop
  endfacet
  facet normal 0 0 1
    outer loop
      vertex -46.6 47.149 2.6
      vertex -47.6 48.8811 2.6
      vertex -46.7631 47.04 2.6
    endloop
  endfacet
  facet normal -0 0 1
    outer loop
      vertex -47.9807 48.6267 2.6
      vertex -46.7631 47.04 2.6
      vertex -47.6 48.8811 2.6
    endloop
  endfacet
  facet normal 0 0 1
    outer loop
      vertex -46.7631 47.04 2.6
      vertex -47.9807 48.6267 2.6
      vertex -46.9106 46.9106 2.6
    endloop
  endfacet
  facet normal -0 0 1
    outer loop
      vertex -48.3249 48.3249 2.6
      vertex -46.9106 46.9106 2.6
      vertex -47.9807 48.6267 2.6
    endloop
  endfacet
  facet normal 0 0 1
    outer loop
      vertex -46.9106 46.9106 2.6
      vertex -48.3249 48.3249 2.6
      vertex -47.04 46.7631 2.6
    endloop
  endfacet
  facet normal -0 0 1
    outer loop
      vertex -48.6267 47.9807 2.6
      vertex -47.04 46.7631 2.6
      vertex -48.3249 48.3249 2.6
    endloop
  endfacet
  facet normal 0 0 1
    outer loop
      vertex -47.04 46.7631 2.6
      vertex -48.6267 47.9807 2.6
      vertex -47.149 46.6 2.6
    endloop
  endfacet
  facet normal 0 0 1
    outer loop
      vertex -47.149 46.6 2.6
      vertex -48.8811 47.6 2.6
      vertex -47.2358 46.424 2.6
    endloop
  endfacet
  facet normal -0 0 1
    outer loop
      vertex -48.8811 47.6 2.6
      vertex -47.149 46.6 2.6
      vertex -48.6267 47.9807 2.6
    endloop
  endfacet
  facet normal -0 0 1
    outer loop
      vertex 47.149 -46.6 2.6
      vertex 48.8811 -47.6 2.6
      vertex 47.2358 -46.424 2.6
    endloop
  endfacet
  facet normal 0 0 1
    outer loop
      vertex 48.8811 -47.6 2.6
      vertex 47.149 -46.6 2.6
      vertex 48.6267 -47.9807 2.6
    endloop
  endfacet
  facet normal -0 0 1
    outer loop
      vertex 47.04 -46.7631 2.6
      vertex 48.6267 -47.9807 2.6
      vertex 47.149 -46.6 2.6
    endloop
  endfacet
  facet normal 0 0 1
    outer loop
      vertex 48.6267 -47.9807 2.6
      vertex 47.04 -46.7631 2.6
      vertex 48.3249 -48.3249 2.6
    endloop
  endfacet
  facet normal -0 0 1
    outer loop
      vertex 46.9106 -46.9106 2.6
      vertex 48.3249 -48.3249 2.6
      vertex 47.04 -46.7631 2.6
    endloop
  endfacet
  facet normal 0 0 1
    outer loop
      vertex 48.3249 -48.3249 2.6
      vertex 46.9106 -46.9106 2.6
      vertex 47.9807 -48.6267 2.6
    endloop
  endfacet
  facet normal -0 0 1
    outer loop
      vertex 46.7631 -47.04 2.6
      vertex 47.9807 -48.6267 2.6
      vertex 46.9106 -46.9106 2.6
    endloop
  endfacet
  facet normal 0 0 1
    outer loop
      vertex 47.9807 -48.6267 2.6
      vertex 46.7631 -47.04 2.6
      vertex 47.6 -48.8811 2.6
    endloop
  endfacet
  facet normal -0 0 1
    outer loop
      vertex 46.6 -47.149 2.6
      vertex 47.6 -48.8811 2.6
      vertex 46.7631 -47.04 2.6
    endloop
  endfacet
  facet normal 0 0 1
    outer loop
      vertex 47.6 -48.8811 2.6
      vertex 46.6 -47.149 2.6
      vertex 47.1894 -49.0836 2.6
    endloop
  endfacet
  facet normal -0 0 1
    outer loop
      vertex 46.424 -47.2358 2.6
      vertex 47.1894 -49.0836 2.6
      vertex 46.6 -47.149 2.6
    endloop
  endfacet
  facet normal 0 0 1
    outer loop
      vertex 47.1894 -49.0836 2.6
      vertex 46.424 -47.2358 2.6
      vertex 46.7559 -49.2307 2.6
    endloop
  endfacet
  facet normal -0 0 1
    outer loop
      vertex 46.2382 -47.2989 2.6
      vertex 46.7559 -49.2307 2.6
      vertex 46.424 -47.2358 2.6
    endloop
  endfacet
  facet normal 0 0 1
    outer loop
      vertex 46.7559 -49.2307 2.6
      vertex 46.2382 -47.2989 2.6
      vertex 46.3068 -49.3201 2.6
    endloop
  endfacet
  facet normal -0 0 1
    outer loop
      vertex 46.0458 -47.3372 2.6
      vertex 46.3068 -49.3201 2.6
      vertex 46.2382 -47.2989 2.6
    endloop
  endfacet
  facet normal -0 0 1
    outer loop
      vertex 45.85 -47.35 2.6
      vertex 46.3068 -49.3201 2.6
      vertex 46.0458 -47.3372 2.6
    endloop
  endfacet
  facet normal 0 0 1
    outer loop
      vertex 45.85 -47.35 2.6
      vertex 45.85 -49.35 2.6
      vertex 46.3068 -49.3201 2.6
    endloop
  endfacet
  facet normal -0 0 1
    outer loop
      vertex -45.85 -47.35 2.6
      vertex 45.85 -49.35 2.6
      vertex 45.85 -47.35 2.6
    endloop
  endfacet
  facet normal 0 0 1
    outer loop
      vertex -45.85 -47.35 2.6
      vertex -45.85 -49.35 2.6
      vertex 45.85 -49.35 2.6
    endloop
  endfacet
  facet normal 0 0 1
    outer loop
      vertex -46.0458 -47.3372 2.6
      vertex -45.85 -49.35 2.6
      vertex -45.85 -47.35 2.6
    endloop
  endfacet
  facet normal 0 0 1
    outer loop
      vertex -46.3068 -49.3201 2.6
      vertex -46.0458 -47.3372 2.6
      vertex -46.2382 -47.2989 2.6
    endloop
  endfacet
  facet normal 0 0 1
    outer loop
      vertex -46.0458 -47.3372 2.6
      vertex -46.3068 -49.3201 2.6
      vertex -45.85 -49.35 2.6
    endloop
  endfacet
  facet normal 0 0 1
    outer loop
      vertex -46.7559 -49.2307 2.6
      vertex -46.2382 -47.2989 2.6
      vertex -46.424 -47.2358 2.6
    endloop
  endfacet
  facet normal 0 0 1
    outer loop
      vertex -47.1894 -49.0836 2.6
      vertex -46.424 -47.2358 2.6
      vertex -46.6 -47.149 2.6
    endloop
  endfacet
  facet normal 0 0 1
    outer loop
      vertex -46.2382 -47.2989 2.6
      vertex -46.7559 -49.2307 2.6
      vertex -46.3068 -49.3201 2.6
    endloop
  endfacet
  facet normal 0 0 1
    outer loop
      vertex -47.6 -48.8811 2.6
      vertex -46.6 -47.149 2.6
      vertex -46.7631 -47.04 2.6
    endloop
  endfacet
  facet normal 0 0 1
    outer loop
      vertex -47.9807 -48.6267 2.6
      vertex -46.7631 -47.04 2.6
      vertex -46.9106 -46.9106 2.6
    endloop
  endfacet
  facet normal 0 0 1
    outer loop
      vertex -48.3249 -48.3249 2.6
      vertex -46.9106 -46.9106 2.6
      vertex -47.04 -46.7631 2.6
    endloop
  endfacet
  facet normal 0 0 1
    outer loop
      vertex -48.6267 -47.9807 2.6
      vertex -47.04 -46.7631 2.6
      vertex -47.149 -46.6 2.6
    endloop
  endfacet
  facet normal 0 0 1
    outer loop
      vertex -46.424 -47.2358 2.6
      vertex -47.1894 -49.0836 2.6
      vertex -46.7559 -49.2307 2.6
    endloop
  endfacet
  facet normal 0 0 1
    outer loop
      vertex -48.8811 -47.6 2.6
      vertex -47.149 -46.6 2.6
      vertex -47.2358 -46.424 2.6
    endloop
  endfacet
  facet normal 0 0 1
    outer loop
      vertex -49.0836 -47.1894 2.6
      vertex -47.2358 -46.424 2.6
      vertex -47.2989 -46.2382 2.6
    endloop
  endfacet
  facet normal 0 0 1
    outer loop
      vertex -49.2307 -46.7559 2.6
      vertex -47.2989 -46.2382 2.6
      vertex -47.3372 -46.0458 2.6
    endloop
  endfacet
  facet normal 0 0 1
    outer loop
      vertex -49.3201 -46.3068 2.6
      vertex -47.3372 -46.0458 2.6
      vertex -47.35 -45.85 2.6
    endloop
  endfacet
  facet normal 0 0 1
    outer loop
      vertex -46.6 -47.149 2.6
      vertex -47.6 -48.8811 2.6
      vertex -47.1894 -49.0836 2.6
    endloop
  endfacet
  facet normal 0 0 1
    outer loop
      vertex -47.35 45.85 2.6
      vertex -49.35 45.85 2.6
      vertex -47.35 -45.85 2.6
    endloop
  endfacet
  facet normal -0 0 1
    outer loop
      vertex -49.0836 47.1894 2.6
      vertex -47.2358 46.424 2.6
      vertex -48.8811 47.6 2.6
    endloop
  endfacet
  facet normal 0 0 1
    outer loop
      vertex -49.35 -45.85 2.6
      vertex -47.35 -45.85 2.6
      vertex -49.35 45.85 2.6
    endloop
  endfacet
  facet normal 0 0 1
    outer loop
      vertex -47.2358 46.424 2.6
      vertex -49.0836 47.1894 2.6
      vertex -47.2989 46.2382 2.6
    endloop
  endfacet
  facet normal 0 -0 1
    outer loop
      vertex -49.3201 -46.3068 2.6
      vertex -47.35 -45.85 2.6
      vertex -49.35 -45.85 2.6
    endloop
  endfacet
  facet normal -0 0 1
    outer loop
      vertex -49.2307 46.7559 2.6
      vertex -47.2989 46.2382 2.6
      vertex -49.0836 47.1894 2.6
    endloop
  endfacet
  facet normal 0 0 1
    outer loop
      vertex -46.7631 -47.04 2.6
      vertex -47.9807 -48.6267 2.6
      vertex -47.6 -48.8811 2.6
    endloop
  endfacet
  facet normal 0 0 1
    outer loop
      vertex -47.2989 46.2382 2.6
      vertex -49.2307 46.7559 2.6
      vertex -47.3372 46.0458 2.6
    endloop
  endfacet
  facet normal 0 0 1
    outer loop
      vertex -46.9106 -46.9106 2.6
      vertex -48.3249 -48.3249 2.6
      vertex -47.9807 -48.6267 2.6
    endloop
  endfacet
  facet normal -0 0 1
    outer loop
      vertex -49.3201 46.3068 2.6
      vertex -47.3372 46.0458 2.6
      vertex -49.2307 46.7559 2.6
    endloop
  endfacet
  facet normal 0 0 1
    outer loop
      vertex -47.04 -46.7631 2.6
      vertex -48.6267 -47.9807 2.6
      vertex -48.3249 -48.3249 2.6
    endloop
  endfacet
  facet normal 0 0 1
    outer loop
      vertex -47.3372 46.0458 2.6
      vertex -49.3201 46.3068 2.6
      vertex -47.35 45.85 2.6
    endloop
  endfacet
  facet normal 0 0 1
    outer loop
      vertex -47.149 -46.6 2.6
      vertex -48.8811 -47.6 2.6
      vertex -48.6267 -47.9807 2.6
    endloop
  endfacet
  facet normal 0 0 1
    outer loop
      vertex -47.35 45.85 2.6
      vertex -49.3201 46.3068 2.6
      vertex -49.35 45.85 2.6
    endloop
  endfacet
  facet normal 0 0 1
    outer loop
      vertex -47.2358 -46.424 2.6
      vertex -49.0836 -47.1894 2.6
      vertex -48.8811 -47.6 2.6
    endloop
  endfacet
  facet normal 0 0 1
    outer loop
      vertex -47.2989 -46.2382 2.6
      vertex -49.2307 -46.7559 2.6
      vertex -49.0836 -47.1894 2.6
    endloop
  endfacet
  facet normal 0 0 1
    outer loop
      vertex -47.3372 -46.0458 2.6
      vertex -49.3201 -46.3068 2.6
      vertex -49.2307 -46.7559 2.6
    endloop
  endfacet
  facet normal 0.195234 -0.980757 0
    outer loop
      vertex 46.3068 -49.3201 0
      vertex 46.7559 -49.2307 2.6
      vertex 46.3068 -49.3201 2.6
    endloop
  endfacet
  facet normal 0.195234 -0.980757 0
    outer loop
      vertex 46.7559 -49.2307 2.6
      vertex 46.3068 -49.3201 0
      vertex 46.7559 -49.2307 0
    endloop
  endfacet
  facet normal 0.7519 0.659278 0
    outer loop
      vertex 48.6267 47.9807 2.6
      vertex 48.3249 48.3249 0.799999
      vertex 48.3249 48.3249 2.6
    endloop
  endfacet
  facet normal 0.7519 0.659278 0
    outer loop
      vertex 48.3249 48.3249 0.799999
      vertex 48.6267 47.9807 2.6
      vertex 48.6267 47.9807 0.799999
    endloop
  endfacet
  facet normal 0.980757 -0.195234 0
    outer loop
      vertex 49.2307 -46.7559 2.6
      vertex 49.3201 -46.3068 0
      vertex 49.3201 -46.3068 2.6
    endloop
  endfacet
  facet normal 0.980757 -0.195234 0
    outer loop
      vertex 49.3201 -46.3068 0
      vertex 49.2307 -46.7559 2.6
      vertex 49.2307 -46.7559 0
    endloop
  endfacet
  facet normal 0 0 -1
    outer loop
      vertex 49.4406 -48.4936 0
      vertex 49.4406 -48.2064 0
      vertex 49.45 -48.35 0
    endloop
  endfacet
  facet normal 0 0 -1
    outer loop
      vertex 49.4125 -48.6347 0
      vertex 49.4406 -48.2064 0
      vertex 49.4406 -48.4936 0
    endloop
  endfacet
  facet normal 0 0 -1
    outer loop
      vertex 49.4125 -48.6347 0
      vertex 49.4125 -48.0653 0
      vertex 49.4406 -48.2064 0
    endloop
  endfacet
  facet normal 0 0 -1
    outer loop
      vertex 49.3663 -48.771 0
      vertex 49.4125 -48.0653 0
      vertex 49.4125 -48.6347 0
    endloop
  endfacet
  facet normal 0 0 -1
    outer loop
      vertex 49.3663 -48.771 0
      vertex 49.3663 -47.929 0
      vertex 49.4125 -48.0653 0
    endloop
  endfacet
  facet normal 0 0 -1
    outer loop
      vertex 49.3026 -48.9 0
      vertex 49.3663 -47.929 0
      vertex 49.3663 -48.771 0
    endloop
  endfacet
  facet normal 0 0 -1
    outer loop
      vertex 49.2227 -49.0196 0
      vertex 49.3663 -47.929 0
      vertex 49.3026 -48.9 0
    endloop
  endfacet
  facet normal 0 0 -1
    outer loop
      vertex 49.1278 -49.1278 0
      vertex 49.3663 -47.929 0
      vertex 49.2227 -49.0196 0
    endloop
  endfacet
  facet normal 0 0 -1
    outer loop
      vertex 47.929 -49.3663 0
      vertex 49.3663 -47.929 0
      vertex 49.1278 -49.1278 0
    endloop
  endfacet
  facet normal -0 0 -1
    outer loop
      vertex 49.3663 -47.929 0
      vertex 47.929 -49.3663 0
      vertex 49.0619 -47.2333 0
    endloop
  endfacet
  facet normal 0 0 -1
    outer loop
      vertex 47.929 -49.3663 0
      vertex 49.1278 -49.1278 0
      vertex 49.0196 -49.2227 0
    endloop
  endfacet
  facet normal 0 0 -1
    outer loop
      vertex 49.0619 -47.2333 0
      vertex 49.35 -45.85 0
      vertex 49.3201 -46.3068 0
    endloop
  endfacet
  facet normal -0 0 -1
    outer loop
      vertex 49.35 -45.85 0
      vertex 49.0619 -47.2333 0
      vertex 49.35 45.85 0
    endloop
  endfacet
  facet normal 0 0 -1
    outer loop
      vertex 49.0619 -47.2333 0
      vertex 49.3201 -46.3068 0
      vertex 49.2307 -46.7559 0
    endloop
  endfacet
  facet normal 0 0 -1
    outer loop
      vertex 49.0619 47.2333 0
      vertex 49.35 45.85 0
      vertex 49.0619 -47.2333 0
    endloop
  endfacet
  facet normal 0 0 -1
    outer loop
      vertex 49.0619 -47.2333 0
      vertex 49.2307 -46.7559 0
      vertex 49.0836 -47.1894 0
    endloop
  endfacet
  facet normal 0 0 -1
    outer loop
      vertex 49.35 45.85 0
      vertex 49.0619 47.2333 0
      vertex 49.3201 46.3068 0
    endloop
  endfacet
  facet normal 0 0 -1
    outer loop
      vertex 49.3201 46.3068 0
      vertex 49.0619 47.2333 0
      vertex 49.2307 46.7559 0
    endloop
  endfacet
  facet normal 0 0 -1
    outer loop
      vertex 49.2307 46.7559 0
      vertex 49.0619 47.2333 0
      vertex 49.0836 47.1894 0
    endloop
  endfacet
  facet normal 0 0 -1
    outer loop
      vertex 49.4406 48.2064 0
      vertex 49.4406 48.4936 0
      vertex 49.45 48.35 0
    endloop
  endfacet
  facet normal 0 0 -1
    outer loop
      vertex 49.4125 48.0653 0
      vertex 49.4406 48.4936 0
      vertex 49.4406 48.2064 0
    endloop
  endfacet
  facet normal 0 0 -1
    outer loop
      vertex 49.4125 48.0653 0
      vertex 49.4125 48.6347 0
      vertex 49.4406 48.4936 0
    endloop
  endfacet
  facet normal 0 0 -1
    outer loop
      vertex 49.3663 47.929 0
      vertex 49.4125 48.6347 0
      vertex 49.4125 48.0653 0
    endloop
  endfacet
  facet normal 0 0 -1
    outer loop
      vertex 49.3663 47.929 0
      vertex 49.3663 48.771 0
      vertex 49.4125 48.6347 0
    endloop
  endfacet
  facet normal 0 0 -1
    outer loop
      vertex 49.3663 47.929 0
      vertex 49.3026 48.9 0
      vertex 49.3663 48.771 0
    endloop
  endfacet
  facet normal 0 0 -1
    outer loop
      vertex 49.3663 47.929 0
      vertex 49.2227 49.0196 0
      vertex 49.3026 48.9 0
    endloop
  endfacet
  facet normal 0 0 -1
    outer loop
      vertex 49.3663 47.929 0
      vertex 49.1278 49.1278 0
      vertex 49.2227 49.0196 0
    endloop
  endfacet
  facet normal 0 0 -1
    outer loop
      vertex 47.929 49.3663 0
      vertex 49.3663 47.929 0
      vertex 49.0619 47.2333 0
    endloop
  endfacet
  facet normal 0 0 -1
    outer loop
      vertex 49.3663 47.929 0
      vertex 47.929 49.3663 0
      vertex 49.1278 49.1278 0
    endloop
  endfacet
  facet normal 0 0 -1
    outer loop
      vertex 49.0619 -47.2333 0
      vertex 47.35 -43.3202 0
      vertex 49.0619 47.2333 0
    endloop
  endfacet
  facet normal 0 0 -1
    outer loop
      vertex 47.929 -49.3663 0
      vertex 49.0196 -49.2227 0
      vertex 48.9 -49.3026 0
    endloop
  endfacet
  facet normal 0 0 -1
    outer loop
      vertex 47.35 43.3202 0
      vertex 49.0619 47.2333 0
      vertex 47.35 -43.3202 0
    endloop
  endfacet
  facet normal 0 0 -1
    outer loop
      vertex 47.929 -49.3663 0
      vertex 48.9 -49.3026 0
      vertex 48.771 -49.3663 0
    endloop
  endfacet
  facet normal 0 0 -1
    outer loop
      vertex 44.809 44.5045 0
      vertex 49.0619 47.2333 0
      vertex 47.35 43.3202 0
    endloop
  endfacet
  facet normal 0 0 -1
    outer loop
      vertex 47.929 -49.3663 0
      vertex 48.771 -49.3663 0
      vertex 48.6347 -49.4125 0
    endloop
  endfacet
  facet normal 0 -0 -1
    outer loop
      vertex 47.929 49.3663 0
      vertex 49.0619 47.2333 0
      vertex 47.2333 49.0619 0
    endloop
  endfacet
  facet normal 0 0 -1
    outer loop
      vertex 47.929 -49.3663 0
      vertex 48.6347 -49.4125 0
      vertex 48.4936 -49.4406 0
    endloop
  endfacet
  facet normal 0 0 -1
    outer loop
      vertex 49.1278 49.1278 0
      vertex 47.929 49.3663 0
      vertex 49.0196 49.2227 0
    endloop
  endfacet
  facet normal 0 0 -1
    outer loop
      vertex 47.929 -49.3663 0
      vertex 48.4936 -49.4406 0
      vertex 48.35 -49.45 0
    endloop
  endfacet
  facet normal 0 0 -1
    outer loop
      vertex 49.0196 49.2227 0
      vertex 47.929 49.3663 0
      vertex 48.9 49.3026 0
    endloop
  endfacet
  facet normal 0 0 -1
    outer loop
      vertex 47.929 -49.3663 0
      vertex 48.35 -49.45 0
      vertex 48.2064 -49.4406 0
    endloop
  endfacet
  facet normal 0 0 -1
    outer loop
      vertex 48.9 49.3026 0
      vertex 47.929 49.3663 0
      vertex 48.771 49.3663 0
    endloop
  endfacet
  facet normal 0 0 -1
    outer loop
      vertex 47.929 -49.3663 0
      vertex 48.2064 -49.4406 0
      vertex 48.0653 -49.4125 0
    endloop
  endfacet
  facet normal 0 0 -1
    outer loop
      vertex 48.771 49.3663 0
      vertex 47.929 49.3663 0
      vertex 48.6347 49.4125 0
    endloop
  endfacet
  facet normal 0 0 -1
    outer loop
      vertex 49.0619 -47.2333 0
      vertex 47.929 -49.3663 0
      vertex 47.2333 -49.0619 0
    endloop
  endfacet
  facet normal -0 0 -1
    outer loop
      vertex 48.6347 49.4125 0
      vertex 47.929 49.3663 0
      vertex 48.4936 49.4406 0
    endloop
  endfacet
  facet normal 0 0 -1
    outer loop
      vertex 48.35 49.45 0
      vertex 47.929 49.3663 0
      vertex 48.2064 49.4406 0
    endloop
  endfacet
  facet normal 0 0 -1
    outer loop
      vertex 44.6667 -44.6667 0
      vertex 49.0619 -47.2333 0
      vertex 47.2333 -49.0619 0
    endloop
  endfacet
  facet normal 0 0 -1
    outer loop
      vertex 46.7559 -49.2307 0
      vertex 47.2333 -49.0619 0
      vertex 47.1894 -49.0836 0
    endloop
  endfacet
  facet normal 0 0 -1
    outer loop
      vertex 49.0619 -47.2333 0
      vertex 44.809 -44.5045 0
      vertex 47.35 -43.3202 0
    endloop
  endfacet
  facet normal -0 0 -1
    outer loop
      vertex 47.2333 -49.0619 0
      vertex 46.7559 -49.2307 0
      vertex 44.5045 -44.809 0
    endloop
  endfacet
  facet normal 0 -0 -1
    outer loop
      vertex 45.0938 -43.9271 0
      vertex 47.35 -43.3202 0
      vertex 45.0244 -44.1314 0
    endloop
  endfacet
  facet normal 0 -0 -1
    outer loop
      vertex 45.15 -43.5 0
      vertex 47.35 -43.3202 0
      vertex 45.1359 -43.7154 0
    endloop
  endfacet
  facet normal 0 0 -1
    outer loop
      vertex 44.5045 -44.809 0
      vertex 46.7559 -49.2307 0
      vertex 46.3068 -49.3201 0
    endloop
  endfacet
  facet normal 0 0 -1
    outer loop
      vertex 45.1359 -43.2846 0
      vertex 47.35 -43.3202 0
      vertex 45.15 -43.5 0
    endloop
  endfacet
  facet normal 0 0 -1
    outer loop
      vertex 44.5045 -44.809 0
      vertex 46.3068 -49.3201 0
      vertex 45.85 -49.35 0
    endloop
  endfacet
  facet normal 0 0 -1
    outer loop
      vertex 45.0938 -43.0729 0
      vertex 46.826 -42.1223 0
      vertex 45.1359 -43.2846 0
    endloop
  endfacet
  facet normal 0 0 -1
    outer loop
      vertex 45.0244 -42.8686 0
      vertex 46.826 -42.1223 0
      vertex 45.0938 -43.0729 0
    endloop
  endfacet
  facet normal 0 0 -1
    outer loop
      vertex 44.9289 -42.675 0
      vertex 46.6177 -41.7 0
      vertex 45.0244 -42.8686 0
    endloop
  endfacet
  facet normal -0 0 -1
    outer loop
      vertex 46.826 -42.1223 0
      vertex 45.0244 -42.8686 0
      vertex 46.6177 -41.7 0
    endloop
  endfacet
  facet normal 0 0 -1
    outer loop
      vertex 47.35 -43.3202 0
      vertex 45.1359 -43.2846 0
      vertex 46.826 -42.1223 0
    endloop
  endfacet
  facet normal 0 -0 -1
    outer loop
      vertex 45.1359 -43.7154 0
      vertex 47.35 -43.3202 0
      vertex 45.0938 -43.9271 0
    endloop
  endfacet
  facet normal 0 0 -1
    outer loop
      vertex 47.35 -43.3202 0
      vertex 44.9289 -44.325 0
      vertex 45.0244 -44.1314 0
    endloop
  endfacet
  facet normal 0 0 -1
    outer loop
      vertex 47.35 -43.3202 0
      vertex 44.809 -44.5045 0
      vertex 44.9289 -44.325 0
    endloop
  endfacet
  facet normal 0 0 -1
    outer loop
      vertex 49.0619 -47.2333 0
      vertex 44.6667 -44.6667 0
      vertex 44.809 -44.5045 0
    endloop
  endfacet
  facet normal 0 0 -1
    outer loop
      vertex 47.2333 -49.0619 0
      vertex 44.5045 -44.809 0
      vertex 44.6667 -44.6667 0
    endloop
  endfacet
  facet normal 0 0 -1
    outer loop
      vertex 45.85 -49.35 0
      vertex 44.325 -44.9289 0
      vertex 44.5045 -44.809 0
    endloop
  endfacet
  facet normal 0 0 -1
    outer loop
      vertex 43.3202 -47.35 0
      vertex 44.325 -44.9289 0
      vertex 45.85 -49.35 0
    endloop
  endfacet
  facet normal 0 0 -1
    outer loop
      vertex 44.325 -44.9289 0
      vertex 43.3202 -47.35 0
      vertex 44.1314 -45.0244 0
    endloop
  endfacet
  facet normal 0 0 -1
    outer loop
      vertex 44.1314 -45.0244 0
      vertex 43.3202 -47.35 0
      vertex 43.9271 -45.0938 0
    endloop
  endfacet
  facet normal 0 0 -1
    outer loop
      vertex 43.9271 -45.0938 0
      vertex 43.3202 -47.35 0
      vertex 43.7154 -45.1359 0
    endloop
  endfacet
  facet normal 0 0 -1
    outer loop
      vertex 43.7154 -45.1359 0
      vertex 43.3202 -47.35 0
      vertex 43.5 -45.15 0
    endloop
  endfacet
  facet normal 0 0 -1
    outer loop
      vertex 45.85 -49.35 0
      vertex -43.3202 -47.35 0
      vertex 43.3202 -47.35 0
    endloop
  endfacet
  facet normal 0 0 -1
    outer loop
      vertex -43.3202 -47.35 0
      vertex -43.7154 -45.1359 0
      vertex -43.5 -45.15 0
    endloop
  endfacet
  facet normal 0 0 -1
    outer loop
      vertex -43.3202 -47.35 0
      vertex -43.9271 -45.0938 0
      vertex -43.7154 -45.1359 0
    endloop
  endfacet
  facet normal 0 0 -1
    outer loop
      vertex -43.3202 -47.35 0
      vertex -44.1314 -45.0244 0
      vertex -43.9271 -45.0938 0
    endloop
  endfacet
  facet normal 0 0 -1
    outer loop
      vertex -43.3202 -47.35 0
      vertex -44.325 -44.9289 0
      vertex -44.1314 -45.0244 0
    endloop
  endfacet
  facet normal 0 0 -1
    outer loop
      vertex -45.85 -49.35 0
      vertex -44.325 -44.9289 0
      vertex -43.3202 -47.35 0
    endloop
  endfacet
  facet normal -0 0 -1
    outer loop
      vertex -44.325 -44.9289 0
      vertex -45.85 -49.35 0
      vertex -44.5045 -44.809 0
    endloop
  endfacet
  facet normal 0 0 -1
    outer loop
      vertex -46.3068 -49.3201 0
      vertex -44.5045 -44.809 0
      vertex -45.85 -49.35 0
    endloop
  endfacet
  facet normal 0 0 -1
    outer loop
      vertex -46.7559 -49.2307 0
      vertex -44.5045 -44.809 0
      vertex -46.3068 -49.3201 0
    endloop
  endfacet
  facet normal 0 0 -1
    outer loop
      vertex -44.5045 -42.191 0
      vertex -45.6915 -40.6439 0
      vertex -45.3 -40.3823 0
    endloop
  endfacet
  facet normal 0 0 -1
    outer loop
      vertex -47.35 -43.3202 0
      vertex -45.15 -43.5 0
      vertex -45.1359 -43.7154 0
    endloop
  endfacet
  facet normal 0 0 -1
    outer loop
      vertex -45.85 -49.35 0
      vertex -43.3202 -47.35 0
      vertex 45.85 -49.35 0
    endloop
  endfacet
  facet normal 0 0 -1
    outer loop
      vertex -47.2333 -49.0619 0
      vertex -44.5045 -44.809 0
      vertex -46.7559 -49.2307 0
    endloop
  endfacet
  facet normal -0 0 -1
    outer loop
      vertex -44.5045 -44.809 0
      vertex -47.2333 -49.0619 0
      vertex -44.6667 -44.6667 0
    endloop
  endfacet
  facet normal 0 0 -1
    outer loop
      vertex -49.0619 -47.2333 0
      vertex -44.6667 -44.6667 0
      vertex -47.2333 -49.0619 0
    endloop
  endfacet
  facet normal -0 0 -1
    outer loop
      vertex -44.6667 -44.6667 0
      vertex -49.0619 -47.2333 0
      vertex -44.809 -44.5045 0
    endloop
  endfacet
  facet normal 0 0 -1
    outer loop
      vertex -49.2307 -46.7559 0
      vertex -44.809 -44.5045 0
      vertex -49.0619 -47.2333 0
    endloop
  endfacet
  facet normal 0 0 -1
    outer loop
      vertex -45.1359 -43.2846 0
      vertex -46.826 -42.1223 0
      vertex -46.6177 -41.7 0
    endloop
  endfacet
  facet normal 0 0 -1
    outer loop
      vertex -49.3201 -46.3068 0
      vertex -44.809 -44.5045 0
      vertex -49.2307 -46.7559 0
    endloop
  endfacet
  facet normal 0 0 -1
    outer loop
      vertex -45.1359 -43.2846 0
      vertex -46.0456 -40.9544 0
      vertex -45.6915 -40.6439 0
    endloop
  endfacet
  facet normal 0 0 -1
    outer loop
      vertex -45.1359 -43.2846 0
      vertex -46.3561 -41.3085 0
      vertex -46.0456 -40.9544 0
    endloop
  endfacet
  facet normal 0 0 -1
    outer loop
      vertex -49.2307 -46.7559 0
      vertex -49.0619 -47.2333 0
      vertex -49.0836 -47.1894 0
    endloop
  endfacet
  facet normal 0 0 -1
    outer loop
      vertex -45.1359 -43.2846 0
      vertex -46.6177 -41.7 0
      vertex -46.3561 -41.3085 0
    endloop
  endfacet
  facet normal 0 0 -1
    outer loop
      vertex -47.2333 -49.0619 0
      vertex -46.7559 -49.2307 0
      vertex -47.1894 -49.0836 0
    endloop
  endfacet
  facet normal 0 0 -1
    outer loop
      vertex -44.9289 -44.325 0
      vertex -47.35 -43.3202 0
      vertex -45.0244 -44.1314 0
    endloop
  endfacet
  facet normal -0 0 -1
    outer loop
      vertex -45.1359 -43.2846 0
      vertex -47.35 -43.3202 0
      vertex -46.826 -42.1223 0
    endloop
  endfacet
  facet normal 0 0 -1
    outer loop
      vertex -45.0244 -44.1314 0
      vertex -47.35 -43.3202 0
      vertex -45.0938 -43.9271 0
    endloop
  endfacet
  facet normal 0 0 -1
    outer loop
      vertex -49.0619 -47.2333 0
      vertex -47.2333 -49.0619 0
      vertex -47.929 -49.3663 0
    endloop
  endfacet
  facet normal -0 0 -1
    outer loop
      vertex -47.35 -43.3202 0
      vertex -49.35 -45.85 0
      vertex -47.35 43.3202 0
    endloop
  endfacet
  facet normal 0 0 -1
    outer loop
      vertex -49.35 45.85 0
      vertex -47.35 43.3202 0
      vertex -49.35 -45.85 0
    endloop
  endfacet
  facet normal -0 0 -1
    outer loop
      vertex -44.809 -44.5045 0
      vertex -49.35 -45.85 0
      vertex -44.9289 -44.325 0
    endloop
  endfacet
  facet normal 0 -0 -1
    outer loop
      vertex -49.3201 46.3068 0
      vertex -47.35 43.3202 0
      vertex -49.35 45.85 0
    endloop
  endfacet
  facet normal 0 -0 -1
    outer loop
      vertex -47.35 -43.3202 0
      vertex -44.9289 -44.325 0
      vertex -49.35 -45.85 0
    endloop
  endfacet
  facet normal 0 0 -1
    outer loop
      vertex -47.35 43.3202 0
      vertex -49.2307 46.7559 0
      vertex -49.0619 47.2333 0
    endloop
  endfacet
  facet normal 0 0 -1
    outer loop
      vertex -49.0619 47.2333 0
      vertex -49.2307 46.7559 0
      vertex -49.0836 47.1894 0
    endloop
  endfacet
  facet normal 0 0 -1
    outer loop
      vertex -47.35 43.3202 0
      vertex -49.3201 46.3068 0
      vertex -49.2307 46.7559 0
    endloop
  endfacet
  facet normal 0 0 -1
    outer loop
      vertex -49.3663 47.929 0
      vertex -47.929 49.3663 0
      vertex -49.0619 47.2333 0
    endloop
  endfacet
  facet normal 0 0 -1
    outer loop
      vertex -47.929 49.3663 0
      vertex -49.3663 47.929 0
      vertex -49.0196 49.2227 0
    endloop
  endfacet
  facet normal 0 0 -1
    outer loop
      vertex -49.0196 49.2227 0
      vertex -49.3663 47.929 0
      vertex -49.1278 49.1278 0
    endloop
  endfacet
  facet normal 0 0 -1
    outer loop
      vertex -49.1278 49.1278 0
      vertex -49.3663 47.929 0
      vertex -49.2227 49.0196 0
    endloop
  endfacet
  facet normal 0 0 -1
    outer loop
      vertex -49.2227 49.0196 0
      vertex -49.3663 47.929 0
      vertex -49.3026 48.9 0
    endloop
  endfacet
  facet normal 0 0 -1
    outer loop
      vertex -49.3663 47.929 0
      vertex -49.3663 48.771 0
      vertex -49.3026 48.9 0
    endloop
  endfacet
  facet normal 0 0 -1
    outer loop
      vertex -49.4125 48.0653 0
      vertex -49.3663 48.771 0
      vertex -49.3663 47.929 0
    endloop
  endfacet
  facet normal 0 0 -1
    outer loop
      vertex -49.4125 48.0653 0
      vertex -49.4125 48.6347 0
      vertex -49.3663 48.771 0
    endloop
  endfacet
  facet normal 0 0 -1
    outer loop
      vertex -49.4406 48.2064 0
      vertex -49.4125 48.6347 0
      vertex -49.4125 48.0653 0
    endloop
  endfacet
  facet normal 0 0 -1
    outer loop
      vertex -49.4406 48.2064 0
      vertex -49.4406 48.4936 0
      vertex -49.4125 48.6347 0
    endloop
  endfacet
  facet normal 0 -0 -1
    outer loop
      vertex -49.4406 48.4936 0
      vertex -49.4406 48.2064 0
      vertex -49.45 48.35 0
    endloop
  endfacet
  facet normal 0 0 -1
    outer loop
      vertex -41.85 43.5 0
      vertex -39.9 43.5 0
      vertex -39.9308 43.0301 0
    endloop
  endfacet
  facet normal 0 0 -1
    outer loop
      vertex -41.8641 43.2846 0
      vertex -39.9308 43.0301 0
      vertex -40.0227 42.5683 0
    endloop
  endfacet
  facet normal 0 0 -1
    outer loop
      vertex -39.9 43.5 0
      vertex -41.85 43.5 0
      vertex -39.9308 43.9699 0
    endloop
  endfacet
  facet normal 0 0 -1
    outer loop
      vertex -41.9062 43.0729 0
      vertex -40.0227 42.5683 0
      vertex -40.174 42.1223 0
    endloop
  endfacet
  facet normal 0 0 -1
    outer loop
      vertex -41.8641 43.7154 0
      vertex -39.9308 43.9699 0
      vertex -41.85 43.5 0
    endloop
  endfacet
  facet normal 0 0 -1
    outer loop
      vertex -41.9756 42.8686 0
      vertex -40.174 42.1223 0
      vertex -40.3823 41.7 0
    endloop
  endfacet
  facet normal -0 0 -1
    outer loop
      vertex -39.9308 43.9699 0
      vertex -41.8641 43.7154 0
      vertex -40.0227 44.4317 0
    endloop
  endfacet
  facet normal 0 0 -1
    outer loop
      vertex -42.0711 42.675 0
      vertex -40.3823 41.7 0
      vertex -40.6439 41.3085 0
    endloop
  endfacet
  facet normal 0 0 -1
    outer loop
      vertex -41.9062 43.9271 0
      vertex -40.0227 44.4317 0
      vertex -41.8641 43.7154 0
    endloop
  endfacet
  facet normal 0 0 -1
    outer loop
      vertex -42.191 42.4955 0
      vertex -40.6439 41.3085 0
      vertex -40.9544 40.9544 0
    endloop
  endfacet
  facet normal -0 0 -1
    outer loop
      vertex -40.0227 44.4317 0
      vertex -41.9062 43.9271 0
      vertex -40.174 44.8777 0
    endloop
  endfacet
  facet normal 0 0 -1
    outer loop
      vertex -42.3333 42.3333 0
      vertex -40.9544 40.9544 0
      vertex -41.3085 40.6439 0
    endloop
  endfacet
  facet normal 0 0 -1
    outer loop
      vertex -41.9756 44.1314 0
      vertex -40.174 44.8777 0
      vertex -41.9062 43.9271 0
    endloop
  endfacet
  facet normal 0 0 -1
    outer loop
      vertex -42.4955 42.191 0
      vertex -41.3085 40.6439 0
      vertex -41.7 40.3823 0
    endloop
  endfacet
  facet normal -0 0 -1
    outer loop
      vertex -40.174 44.8777 0
      vertex -41.9756 44.1314 0
      vertex -40.3823 45.3 0
    endloop
  endfacet
  facet normal 0 0 -1
    outer loop
      vertex -42.0711 44.325 0
      vertex -40.3823 45.3 0
      vertex -41.9756 44.1314 0
    endloop
  endfacet
  facet normal 0 0 -1
    outer loop
      vertex -39.9308 43.0301 0
      vertex -41.8641 43.2846 0
      vertex -41.85 43.5 0
    endloop
  endfacet
  facet normal 0 0 -1
    outer loop
      vertex -40.0227 42.5683 0
      vertex -41.9062 43.0729 0
      vertex -41.8641 43.2846 0
    endloop
  endfacet
  facet normal 0 0 -1
    outer loop
      vertex -40.174 42.1223 0
      vertex -41.9756 42.8686 0
      vertex -41.9062 43.0729 0
    endloop
  endfacet
  facet normal 0 0 -1
    outer loop
      vertex -40.3823 41.7 0
      vertex -42.0711 42.675 0
      vertex -41.9756 42.8686 0
    endloop
  endfacet
  facet normal 0 0 -1
    outer loop
      vertex -42.675 42.0711 0
      vertex -41.7 40.3823 0
      vertex -42.1223 40.174 0
    endloop
  endfacet
  facet normal 0 0 -1
    outer loop
      vertex -40.6439 41.3085 0
      vertex -42.191 42.4955 0
      vertex -42.0711 42.675 0
    endloop
  endfacet
  facet normal 0 0 -1
    outer loop
      vertex -40.9544 40.9544 0
      vertex -42.3333 42.3333 0
      vertex -42.191 42.4955 0
    endloop
  endfacet
  facet normal 0 0 -1
    outer loop
      vertex -41.3085 40.6439 0
      vertex -42.4955 42.191 0
      vertex -42.3333 42.3333 0
    endloop
  endfacet
  facet normal 0 0 -1
    outer loop
      vertex -42.8686 41.9756 0
      vertex -42.1223 40.174 0
      vertex -42.5683 40.0227 0
    endloop
  endfacet
  facet normal 0 0 -1
    outer loop
      vertex -41.7 40.3823 0
      vertex -42.675 42.0711 0
      vertex -42.4955 42.191 0
    endloop
  endfacet
  facet normal 0 0 -1
    outer loop
      vertex -42.1223 40.174 0
      vertex -42.8686 41.9756 0
      vertex -42.675 42.0711 0
    endloop
  endfacet
  facet normal 0 0 -1
    outer loop
      vertex -43.0729 41.9062 0
      vertex -42.5683 40.0227 0
      vertex -43.0301 39.9308 0
    endloop
  endfacet
  facet normal 0 0 -1
    outer loop
      vertex -42.5683 40.0227 0
      vertex -43.0729 41.9062 0
      vertex -42.8686 41.9756 0
    endloop
  endfacet
  facet normal 0 0 -1
    outer loop
      vertex -43.0301 39.9308 0
      vertex -43.2846 41.8641 0
      vertex -43.0729 41.9062 0
    endloop
  endfacet
  facet normal 0 0 -1
    outer loop
      vertex -43.5 39.9 0
      vertex -43.2846 41.8641 0
      vertex -43.0301 39.9308 0
    endloop
  endfacet
  facet normal 0 0 -1
    outer loop
      vertex -43.5 39.9 0
      vertex -43.5 41.85 0
      vertex -43.2846 41.8641 0
    endloop
  endfacet
  facet normal 0 0 -1
    outer loop
      vertex -43.5 39.9 0
      vertex -43.7154 41.8641 0
      vertex -43.5 41.85 0
    endloop
  endfacet
  facet normal 0 0 -1
    outer loop
      vertex -43.9699 39.9308 0
      vertex -43.7154 41.8641 0
      vertex -43.5 39.9 0
    endloop
  endfacet
  facet normal -0 0 -1
    outer loop
      vertex -43.7154 41.8641 0
      vertex -43.9699 39.9308 0
      vertex -43.9271 41.9062 0
    endloop
  endfacet
  facet normal 0 0 -1
    outer loop
      vertex -44.4317 40.0227 0
      vertex -43.9271 41.9062 0
      vertex -43.9699 39.9308 0
    endloop
  endfacet
  facet normal -0 0 -1
    outer loop
      vertex -43.9271 41.9062 0
      vertex -44.4317 40.0227 0
      vertex -44.1314 41.9756 0
    endloop
  endfacet
  facet normal 0 0 -1
    outer loop
      vertex -44.8777 40.174 0
      vertex -44.1314 41.9756 0
      vertex -44.4317 40.0227 0
    endloop
  endfacet
  facet normal -0 0 -1
    outer loop
      vertex -44.1314 41.9756 0
      vertex -44.8777 40.174 0
      vertex -44.325 42.0711 0
    endloop
  endfacet
  facet normal 0 0 -1
    outer loop
      vertex -45.3 40.3823 0
      vertex -44.325 42.0711 0
      vertex -44.8777 40.174 0
    endloop
  endfacet
  facet normal -0 0 -1
    outer loop
      vertex -44.325 42.0711 0
      vertex -45.3 40.3823 0
      vertex -44.5045 42.191 0
    endloop
  endfacet
  facet normal 0 0 -1
    outer loop
      vertex -45.6915 40.6439 0
      vertex -44.5045 42.191 0
      vertex -45.3 40.3823 0
    endloop
  endfacet
  facet normal -0 0 -1
    outer loop
      vertex -44.5045 42.191 0
      vertex -45.6915 40.6439 0
      vertex -44.6667 42.3333 0
    endloop
  endfacet
  facet normal 0 0 -1
    outer loop
      vertex -46.0456 40.9544 0
      vertex -44.6667 42.3333 0
      vertex -45.6915 40.6439 0
    endloop
  endfacet
  facet normal -0 0 -1
    outer loop
      vertex -44.6667 42.3333 0
      vertex -46.0456 40.9544 0
      vertex -44.809 42.4955 0
    endloop
  endfacet
  facet normal 0 0 -1
    outer loop
      vertex -46.3561 41.3085 0
      vertex -44.809 42.4955 0
      vertex -46.0456 40.9544 0
    endloop
  endfacet
  facet normal 0 0 -1
    outer loop
      vertex -46.6177 41.7 0
      vertex -44.9289 42.675 0
      vertex -46.3561 41.3085 0
    endloop
  endfacet
  facet normal -0 0 -1
    outer loop
      vertex -44.809 42.4955 0
      vertex -46.3561 41.3085 0
      vertex -44.9289 42.675 0
    endloop
  endfacet
  facet normal -0 0 -1
    outer loop
      vertex -40.3823 45.3 0
      vertex -42.0711 44.325 0
      vertex -40.6439 45.6915 0
    endloop
  endfacet
  facet normal 0 0 -1
    outer loop
      vertex -42.191 44.5045 0
      vertex -40.6439 45.6915 0
      vertex -42.0711 44.325 0
    endloop
  endfacet
  facet normal -0 0 -1
    outer loop
      vertex -40.6439 45.6915 0
      vertex -42.191 44.5045 0
      vertex -40.9544 46.0456 0
    endloop
  endfacet
  facet normal 0 0 -1
    outer loop
      vertex -42.3333 44.6667 0
      vertex -40.9544 46.0456 0
      vertex -42.191 44.5045 0
    endloop
  endfacet
  facet normal -0 0 -1
    outer loop
      vertex -40.9544 46.0456 0
      vertex -42.3333 44.6667 0
      vertex -41.3085 46.3561 0
    endloop
  endfacet
  facet normal 0 0 -1
    outer loop
      vertex -42.4955 44.809 0
      vertex -41.3085 46.3561 0
      vertex -42.3333 44.6667 0
    endloop
  endfacet
  facet normal -0 0 -1
    outer loop
      vertex -41.3085 46.3561 0
      vertex -42.4955 44.809 0
      vertex -41.7 46.6177 0
    endloop
  endfacet
  facet normal 0 0 -1
    outer loop
      vertex -42.675 44.9289 0
      vertex -41.7 46.6177 0
      vertex -42.4955 44.809 0
    endloop
  endfacet
  facet normal -0 0 -1
    outer loop
      vertex -41.7 46.6177 0
      vertex -42.675 44.9289 0
      vertex -42.1223 46.826 0
    endloop
  endfacet
  facet normal 0 0 -1
    outer loop
      vertex -42.8686 45.0244 0
      vertex -42.1223 46.826 0
      vertex -42.675 44.9289 0
    endloop
  endfacet
  facet normal 0 0 -1
    outer loop
      vertex -43.0729 45.0938 0
      vertex -42.1223 46.826 0
      vertex -42.8686 45.0244 0
    endloop
  endfacet
  facet normal 0 0 -1
    outer loop
      vertex -43.2846 45.1359 0
      vertex -42.1223 46.826 0
      vertex -43.0729 45.0938 0
    endloop
  endfacet
  facet normal 0 0 -1
    outer loop
      vertex -43.2846 45.1359 0
      vertex -43.3202 47.35 0
      vertex -42.1223 46.826 0
    endloop
  endfacet
  facet normal 0 -0 -1
    outer loop
      vertex -43.3202 47.35 0
      vertex -43.2846 45.1359 0
      vertex -43.5 45.15 0
    endloop
  endfacet
  facet normal 0 0 -1
    outer loop
      vertex -41.85 -43.5 0
      vertex -39.9 -43.5 0
      vertex -39.9308 -43.9699 0
    endloop
  endfacet
  facet normal 0 0 -1
    outer loop
      vertex -41.8641 -43.7154 0
      vertex -39.9308 -43.9699 0
      vertex -40.0227 -44.4317 0
    endloop
  endfacet
  facet normal 0 0 -1
    outer loop
      vertex -39.9 -43.5 0
      vertex -41.85 -43.5 0
      vertex -39.9308 -43.0301 0
    endloop
  endfacet
  facet normal 0 0 -1
    outer loop
      vertex -41.9062 -43.9271 0
      vertex -40.0227 -44.4317 0
      vertex -40.174 -44.8777 0
    endloop
  endfacet
  facet normal 0 0 -1
    outer loop
      vertex -41.8641 -43.2846 0
      vertex -39.9308 -43.0301 0
      vertex -41.85 -43.5 0
    endloop
  endfacet
  facet normal 0 0 -1
    outer loop
      vertex -41.9756 -44.1314 0
      vertex -40.174 -44.8777 0
      vertex -40.3823 -45.3 0
    endloop
  endfacet
  facet normal -0 0 -1
    outer loop
      vertex -39.9308 -43.0301 0
      vertex -41.8641 -43.2846 0
      vertex -40.0227 -42.5683 0
    endloop
  endfacet
  facet normal 0 0 -1
    outer loop
      vertex -42.0711 -44.325 0
      vertex -40.3823 -45.3 0
      vertex -40.6439 -45.6915 0
    endloop
  endfacet
  facet normal 0 0 -1
    outer loop
      vertex -41.9062 -43.0729 0
      vertex -40.0227 -42.5683 0
      vertex -41.8641 -43.2846 0
    endloop
  endfacet
  facet normal 0 0 -1
    outer loop
      vertex -42.191 -44.5045 0
      vertex -40.6439 -45.6915 0
      vertex -40.9544 -46.0456 0
    endloop
  endfacet
  facet normal -0 0 -1
    outer loop
      vertex -40.0227 -42.5683 0
      vertex -41.9062 -43.0729 0
      vertex -40.174 -42.1223 0
    endloop
  endfacet
  facet normal 0 0 -1
    outer loop
      vertex -42.3333 -44.6667 0
      vertex -40.9544 -46.0456 0
      vertex -41.3085 -46.3561 0
    endloop
  endfacet
  facet normal 0 0 -1
    outer loop
      vertex -41.9756 -42.8686 0
      vertex -40.174 -42.1223 0
      vertex -41.9062 -43.0729 0
    endloop
  endfacet
  facet normal 0 0 -1
    outer loop
      vertex -42.4955 -44.809 0
      vertex -41.3085 -46.3561 0
      vertex -41.7 -46.6177 0
    endloop
  endfacet
  facet normal -0 0 -1
    outer loop
      vertex -40.174 -42.1223 0
      vertex -41.9756 -42.8686 0
      vertex -40.3823 -41.7 0
    endloop
  endfacet
  facet normal 0 0 -1
    outer loop
      vertex -42.0711 -42.675 0
      vertex -40.3823 -41.7 0
      vertex -41.9756 -42.8686 0
    endloop
  endfacet
  facet normal 0 0 -1
    outer loop
      vertex -39.9308 -43.9699 0
      vertex -41.8641 -43.7154 0
      vertex -41.85 -43.5 0
    endloop
  endfacet
  facet normal 0 0 -1
    outer loop
      vertex -40.0227 -44.4317 0
      vertex -41.9062 -43.9271 0
      vertex -41.8641 -43.7154 0
    endloop
  endfacet
  facet normal 0 0 -1
    outer loop
      vertex -40.174 -44.8777 0
      vertex -41.9756 -44.1314 0
      vertex -41.9062 -43.9271 0
    endloop
  endfacet
  facet normal 0 0 -1
    outer loop
      vertex -40.3823 -45.3 0
      vertex -42.0711 -44.325 0
      vertex -41.9756 -44.1314 0
    endloop
  endfacet
  facet normal 0 0 -1
    outer loop
      vertex -42.675 -44.9289 0
      vertex -41.7 -46.6177 0
      vertex -42.1223 -46.826 0
    endloop
  endfacet
  facet normal 0 0 -1
    outer loop
      vertex -40.6439 -45.6915 0
      vertex -42.191 -44.5045 0
      vertex -42.0711 -44.325 0
    endloop
  endfacet
  facet normal 0 0 -1
    outer loop
      vertex -40.9544 -46.0456 0
      vertex -42.3333 -44.6667 0
      vertex -42.191 -44.5045 0
    endloop
  endfacet
  facet normal 0 0 -1
    outer loop
      vertex -41.3085 -46.3561 0
      vertex -42.4955 -44.809 0
      vertex -42.3333 -44.6667 0
    endloop
  endfacet
  facet normal 0 0 -1
    outer loop
      vertex -41.7 -46.6177 0
      vertex -42.675 -44.9289 0
      vertex -42.4955 -44.809 0
    endloop
  endfacet
  facet normal 0 0 -1
    outer loop
      vertex -42.1223 -46.826 0
      vertex -42.8686 -45.0244 0
      vertex -42.675 -44.9289 0
    endloop
  endfacet
  facet normal 0 0 -1
    outer loop
      vertex -42.1223 -46.826 0
      vertex -43.0729 -45.0938 0
      vertex -42.8686 -45.0244 0
    endloop
  endfacet
  facet normal 0 0 -1
    outer loop
      vertex -42.1223 -46.826 0
      vertex -43.2846 -45.1359 0
      vertex -43.0729 -45.0938 0
    endloop
  endfacet
  facet normal 0 0 -1
    outer loop
      vertex -43.3202 -47.35 0
      vertex -43.2846 -45.1359 0
      vertex -42.1223 -46.826 0
    endloop
  endfacet
  facet normal 0 0 -1
    outer loop
      vertex -43.2846 -45.1359 0
      vertex -43.3202 -47.35 0
      vertex -43.5 -45.15 0
    endloop
  endfacet
  facet normal -0 0 -1
    outer loop
      vertex -40.3823 -41.7 0
      vertex -42.0711 -42.675 0
      vertex -40.6439 -41.3085 0
    endloop
  endfacet
  facet normal 0 0 -1
    outer loop
      vertex -42.191 -42.4955 0
      vertex -40.6439 -41.3085 0
      vertex -42.0711 -42.675 0
    endloop
  endfacet
  facet normal -0 0 -1
    outer loop
      vertex -40.6439 -41.3085 0
      vertex -42.191 -42.4955 0
      vertex -40.9544 -40.9544 0
    endloop
  endfacet
  facet normal 0 0 -1
    outer loop
      vertex -42.3333 -42.3333 0
      vertex -40.9544 -40.9544 0
      vertex -42.191 -42.4955 0
    endloop
  endfacet
  facet normal -0 0 -1
    outer loop
      vertex -40.9544 -40.9544 0
      vertex -42.3333 -42.3333 0
      vertex -41.3085 -40.6439 0
    endloop
  endfacet
  facet normal 0 0 -1
    outer loop
      vertex -42.4955 -42.191 0
      vertex -41.3085 -40.6439 0
      vertex -42.3333 -42.3333 0
    endloop
  endfacet
  facet normal -0 0 -1
    outer loop
      vertex -41.3085 -40.6439 0
      vertex -42.4955 -42.191 0
      vertex -41.7 -40.3823 0
    endloop
  endfacet
  facet normal 0 0 -1
    outer loop
      vertex -42.675 -42.0711 0
      vertex -41.7 -40.3823 0
      vertex -42.4955 -42.191 0
    endloop
  endfacet
  facet normal -0 0 -1
    outer loop
      vertex -41.7 -40.3823 0
      vertex -42.675 -42.0711 0
      vertex -42.1223 -40.174 0
    endloop
  endfacet
  facet normal 0 0 -1
    outer loop
      vertex -42.8686 -41.9756 0
      vertex -42.1223 -40.174 0
      vertex -42.675 -42.0711 0
    endloop
  endfacet
  facet normal -0 0 -1
    outer loop
      vertex -42.1223 -40.174 0
      vertex -42.8686 -41.9756 0
      vertex -42.5683 -40.0227 0
    endloop
  endfacet
  facet normal 0 0 -1
    outer loop
      vertex -43.0729 -41.9062 0
      vertex -42.5683 -40.0227 0
      vertex -42.8686 -41.9756 0
    endloop
  endfacet
  facet normal -0 0 -1
    outer loop
      vertex -42.5683 -40.0227 0
      vertex -43.0729 -41.9062 0
      vertex -43.0301 -39.9308 0
    endloop
  endfacet
  facet normal 0 0 -1
    outer loop
      vertex -43.2846 -41.8641 0
      vertex -43.0301 -39.9308 0
      vertex -43.0729 -41.9062 0
    endloop
  endfacet
  facet normal 0 0 -1
    outer loop
      vertex -43.5 -41.85 0
      vertex -43.0301 -39.9308 0
      vertex -43.2846 -41.8641 0
    endloop
  endfacet
  facet normal 0 0 -1
    outer loop
      vertex -43.5 -41.85 0
      vertex -43.5 -39.9 0
      vertex -43.0301 -39.9308 0
    endloop
  endfacet
  facet normal 0 0 -1
    outer loop
      vertex -43.7154 -41.8641 0
      vertex -43.5 -39.9 0
      vertex -43.5 -41.85 0
    endloop
  endfacet
  facet normal 0 0 -1
    outer loop
      vertex -43.9699 -39.9308 0
      vertex -43.7154 -41.8641 0
      vertex -43.9271 -41.9062 0
    endloop
  endfacet
  facet normal 0 0 -1
    outer loop
      vertex -43.7154 -41.8641 0
      vertex -43.9699 -39.9308 0
      vertex -43.5 -39.9 0
    endloop
  endfacet
  facet normal 0 0 -1
    outer loop
      vertex -44.4317 -40.0227 0
      vertex -43.9271 -41.9062 0
      vertex -44.1314 -41.9756 0
    endloop
  endfacet
  facet normal 0 0 -1
    outer loop
      vertex -44.8777 -40.174 0
      vertex -44.1314 -41.9756 0
      vertex -44.325 -42.0711 0
    endloop
  endfacet
  facet normal 0 0 -1
    outer loop
      vertex -43.9271 -41.9062 0
      vertex -44.4317 -40.0227 0
      vertex -43.9699 -39.9308 0
    endloop
  endfacet
  facet normal 0 0 -1
    outer loop
      vertex -45.3 -40.3823 0
      vertex -44.325 -42.0711 0
      vertex -44.5045 -42.191 0
    endloop
  endfacet
  facet normal 0 0 -1
    outer loop
      vertex -45.6915 -40.6439 0
      vertex -44.5045 -42.191 0
      vertex -44.6667 -42.3333 0
    endloop
  endfacet
  facet normal 0 0 -1
    outer loop
      vertex -45.6915 -40.6439 0
      vertex -44.6667 -42.3333 0
      vertex -44.809 -42.4955 0
    endloop
  endfacet
  facet normal 0 0 -1
    outer loop
      vertex -44.1314 -41.9756 0
      vertex -44.8777 -40.174 0
      vertex -44.4317 -40.0227 0
    endloop
  endfacet
  facet normal 0 0 -1
    outer loop
      vertex -45.6915 -40.6439 0
      vertex -44.809 -42.4955 0
      vertex -44.9289 -42.675 0
    endloop
  endfacet
  facet normal 0 0 -1
    outer loop
      vertex -45.6915 -40.6439 0
      vertex -44.9289 -42.675 0
      vertex -45.0244 -42.8686 0
    endloop
  endfacet
  facet normal 0 0 -1
    outer loop
      vertex -45.6915 -40.6439 0
      vertex -45.0244 -42.8686 0
      vertex -45.0938 -43.0729 0
    endloop
  endfacet
  facet normal 0 0 -1
    outer loop
      vertex -45.6915 -40.6439 0
      vertex -45.0938 -43.0729 0
      vertex -45.1359 -43.2846 0
    endloop
  endfacet
  facet normal 0 0 -1
    outer loop
      vertex -44.325 -42.0711 0
      vertex -45.3 -40.3823 0
      vertex -44.8777 -40.174 0
    endloop
  endfacet
  facet normal 0 0 -1
    outer loop
      vertex -47.35 -43.3202 0
      vertex -45.1359 -43.2846 0
      vertex -45.15 -43.5 0
    endloop
  endfacet
  facet normal 0 0 -1
    outer loop
      vertex 43.2846 45.1359 0
      vertex 43.3202 47.35 0
      vertex 43.5 45.15 0
    endloop
  endfacet
  facet normal 0 0 -1
    outer loop
      vertex 42.1223 46.826 0
      vertex 43.2846 45.1359 0
      vertex 43.0729 45.0938 0
    endloop
  endfacet
  facet normal 0 0 -1
    outer loop
      vertex 42.1223 46.826 0
      vertex 43.0729 45.0938 0
      vertex 42.8686 45.0244 0
    endloop
  endfacet
  facet normal 0 0 -1
    outer loop
      vertex 42.1223 46.826 0
      vertex 42.8686 45.0244 0
      vertex 42.675 44.9289 0
    endloop
  endfacet
  facet normal 0 0 -1
    outer loop
      vertex 41.7 46.6177 0
      vertex 42.675 44.9289 0
      vertex 42.4955 44.809 0
    endloop
  endfacet
  facet normal 0 0 -1
    outer loop
      vertex 41.3085 46.3561 0
      vertex 42.4955 44.809 0
      vertex 42.3333 44.6667 0
    endloop
  endfacet
  facet normal 0 0 -1
    outer loop
      vertex 40.9544 46.0456 0
      vertex 42.3333 44.6667 0
      vertex 42.191 44.5045 0
    endloop
  endfacet
  facet normal 0 0 -1
    outer loop
      vertex 43.2846 45.1359 0
      vertex 42.1223 46.826 0
      vertex 43.3202 47.35 0
    endloop
  endfacet
  facet normal 0 0 -1
    outer loop
      vertex 40.6439 45.6915 0
      vertex 42.191 44.5045 0
      vertex 42.0711 44.325 0
    endloop
  endfacet
  facet normal 0 0 -1
    outer loop
      vertex 40.3823 45.3 0
      vertex 42.0711 44.325 0
      vertex 41.9756 44.1314 0
    endloop
  endfacet
  facet normal 0 0 -1
    outer loop
      vertex 40.174 44.8777 0
      vertex 41.9756 44.1314 0
      vertex 41.9062 43.9271 0
    endloop
  endfacet
  facet normal 0 0 -1
    outer loop
      vertex 40.0227 44.4317 0
      vertex 41.9062 43.9271 0
      vertex 41.8641 43.7154 0
    endloop
  endfacet
  facet normal 0 0 -1
    outer loop
      vertex 42.675 44.9289 0
      vertex 41.7 46.6177 0
      vertex 42.1223 46.826 0
    endloop
  endfacet
  facet normal 0 0 -1
    outer loop
      vertex 39.9308 43.9699 0
      vertex 41.8641 43.7154 0
      vertex 41.85 43.5 0
    endloop
  endfacet
  facet normal -0 0 -1
    outer loop
      vertex 42.0711 42.675 0
      vertex 40.3823 41.7 0
      vertex 41.9756 42.8686 0
    endloop
  endfacet
  facet normal 0 0 -1
    outer loop
      vertex 40.174 42.1223 0
      vertex 41.9756 42.8686 0
      vertex 40.3823 41.7 0
    endloop
  endfacet
  facet normal 0 0 -1
    outer loop
      vertex 42.4955 44.809 0
      vertex 41.3085 46.3561 0
      vertex 41.7 46.6177 0
    endloop
  endfacet
  facet normal -0 0 -1
    outer loop
      vertex 41.9756 42.8686 0
      vertex 40.174 42.1223 0
      vertex 41.9062 43.0729 0
    endloop
  endfacet
  facet normal 0 0 -1
    outer loop
      vertex 42.3333 44.6667 0
      vertex 40.9544 46.0456 0
      vertex 41.3085 46.3561 0
    endloop
  endfacet
  facet normal 0 0 -1
    outer loop
      vertex 40.0227 42.5683 0
      vertex 41.9062 43.0729 0
      vertex 40.174 42.1223 0
    endloop
  endfacet
  facet normal 0 0 -1
    outer loop
      vertex 42.191 44.5045 0
      vertex 40.6439 45.6915 0
      vertex 40.9544 46.0456 0
    endloop
  endfacet
  facet normal -0 0 -1
    outer loop
      vertex 41.9062 43.0729 0
      vertex 40.0227 42.5683 0
      vertex 41.8641 43.2846 0
    endloop
  endfacet
  facet normal 0 0 -1
    outer loop
      vertex 42.0711 44.325 0
      vertex 40.3823 45.3 0
      vertex 40.6439 45.6915 0
    endloop
  endfacet
  facet normal 0 0 -1
    outer loop
      vertex 39.9308 43.0301 0
      vertex 41.8641 43.2846 0
      vertex 40.0227 42.5683 0
    endloop
  endfacet
  facet normal 0 0 -1
    outer loop
      vertex 41.9756 44.1314 0
      vertex 40.174 44.8777 0
      vertex 40.3823 45.3 0
    endloop
  endfacet
  facet normal -0 0 -1
    outer loop
      vertex 41.8641 43.2846 0
      vertex 39.9308 43.0301 0
      vertex 41.85 43.5 0
    endloop
  endfacet
  facet normal 0 0 -1
    outer loop
      vertex 41.9062 43.9271 0
      vertex 40.0227 44.4317 0
      vertex 40.174 44.8777 0
    endloop
  endfacet
  facet normal 0 0 -1
    outer loop
      vertex 39.9 43.5 0
      vertex 41.85 43.5 0
      vertex 39.9308 43.0301 0
    endloop
  endfacet
  facet normal 0 0 -1
    outer loop
      vertex 41.8641 43.7154 0
      vertex 39.9308 43.9699 0
      vertex 40.0227 44.4317 0
    endloop
  endfacet
  facet normal 0 0 -1
    outer loop
      vertex 41.85 43.5 0
      vertex 39.9 43.5 0
      vertex 39.9308 43.9699 0
    endloop
  endfacet
  facet normal -0 0 -1
    outer loop
      vertex 47.35 43.3202 0
      vertex 45.1359 43.2846 0
      vertex 45.15 43.5 0
    endloop
  endfacet
  facet normal 0 0 -1
    outer loop
      vertex 45.6915 40.6439 0
      vertex 45.0938 43.0729 0
      vertex 45.1359 43.2846 0
    endloop
  endfacet
  facet normal 0 0 -1
    outer loop
      vertex 45.6915 40.6439 0
      vertex 45.0244 42.8686 0
      vertex 45.0938 43.0729 0
    endloop
  endfacet
  facet normal 0 0 -1
    outer loop
      vertex 45.6915 40.6439 0
      vertex 44.9289 42.675 0
      vertex 45.0244 42.8686 0
    endloop
  endfacet
  facet normal 0 0 -1
    outer loop
      vertex 44.325 42.0711 0
      vertex 45.3 40.3823 0
      vertex 44.8777 40.174 0
    endloop
  endfacet
  facet normal 0 0 -1
    outer loop
      vertex 45.6915 40.6439 0
      vertex 44.809 42.4955 0
      vertex 44.9289 42.675 0
    endloop
  endfacet
  facet normal 0 0 -1
    outer loop
      vertex 45.6915 40.6439 0
      vertex 44.6667 42.3333 0
      vertex 44.809 42.4955 0
    endloop
  endfacet
  facet normal 0 0 -1
    outer loop
      vertex 45.6915 40.6439 0
      vertex 44.5045 42.191 0
      vertex 44.6667 42.3333 0
    endloop
  endfacet
  facet normal 0 0 -1
    outer loop
      vertex 44.1314 41.9756 0
      vertex 44.8777 40.174 0
      vertex 44.4317 40.0227 0
    endloop
  endfacet
  facet normal 0 0 -1
    outer loop
      vertex 45.3 40.3823 0
      vertex 44.325 42.0711 0
      vertex 44.5045 42.191 0
    endloop
  endfacet
  facet normal 0 0 -1
    outer loop
      vertex 44.8777 40.174 0
      vertex 44.1314 41.9756 0
      vertex 44.325 42.0711 0
    endloop
  endfacet
  facet normal 0 0 -1
    outer loop
      vertex 43.9271 41.9062 0
      vertex 44.4317 40.0227 0
      vertex 43.9699 39.9308 0
    endloop
  endfacet
  facet normal 0 0 -1
    outer loop
      vertex 44.4317 40.0227 0
      vertex 43.9271 41.9062 0
      vertex 44.1314 41.9756 0
    endloop
  endfacet
  facet normal 0 0 -1
    outer loop
      vertex 43.9699 39.9308 0
      vertex 43.7154 41.8641 0
      vertex 43.9271 41.9062 0
    endloop
  endfacet
  facet normal 0 0 -1
    outer loop
      vertex 43.5 39.9 0
      vertex 43.7154 41.8641 0
      vertex 43.9699 39.9308 0
    endloop
  endfacet
  facet normal 0 0 -1
    outer loop
      vertex 43.5 39.9 0
      vertex 43.5 41.85 0
      vertex 43.7154 41.8641 0
    endloop
  endfacet
  facet normal 0 0 -1
    outer loop
      vertex 43.5 39.9 0
      vertex 43.2846 41.8641 0
      vertex 43.5 41.85 0
    endloop
  endfacet
  facet normal 0 0 -1
    outer loop
      vertex 43.0301 39.9308 0
      vertex 43.2846 41.8641 0
      vertex 43.5 39.9 0
    endloop
  endfacet
  facet normal -0 0 -1
    outer loop
      vertex 43.2846 41.8641 0
      vertex 43.0301 39.9308 0
      vertex 43.0729 41.9062 0
    endloop
  endfacet
  facet normal 0 0 -1
    outer loop
      vertex 42.5683 40.0227 0
      vertex 43.0729 41.9062 0
      vertex 43.0301 39.9308 0
    endloop
  endfacet
  facet normal -0 0 -1
    outer loop
      vertex 43.0729 41.9062 0
      vertex 42.5683 40.0227 0
      vertex 42.8686 41.9756 0
    endloop
  endfacet
  facet normal 0 0 -1
    outer loop
      vertex 42.1223 40.174 0
      vertex 42.8686 41.9756 0
      vertex 42.5683 40.0227 0
    endloop
  endfacet
  facet normal -0 0 -1
    outer loop
      vertex 42.8686 41.9756 0
      vertex 42.1223 40.174 0
      vertex 42.675 42.0711 0
    endloop
  endfacet
  facet normal 0 0 -1
    outer loop
      vertex 41.7 40.3823 0
      vertex 42.675 42.0711 0
      vertex 42.1223 40.174 0
    endloop
  endfacet
  facet normal -0 0 -1
    outer loop
      vertex 42.675 42.0711 0
      vertex 41.7 40.3823 0
      vertex 42.4955 42.191 0
    endloop
  endfacet
  facet normal 0 0 -1
    outer loop
      vertex 41.3085 40.6439 0
      vertex 42.4955 42.191 0
      vertex 41.7 40.3823 0
    endloop
  endfacet
  facet normal -0 0 -1
    outer loop
      vertex 42.4955 42.191 0
      vertex 41.3085 40.6439 0
      vertex 42.3333 42.3333 0
    endloop
  endfacet
  facet normal 0 0 -1
    outer loop
      vertex 40.9544 40.9544 0
      vertex 42.3333 42.3333 0
      vertex 41.3085 40.6439 0
    endloop
  endfacet
  facet normal -0 0 -1
    outer loop
      vertex 42.3333 42.3333 0
      vertex 40.9544 40.9544 0
      vertex 42.191 42.4955 0
    endloop
  endfacet
  facet normal 0 0 -1
    outer loop
      vertex 40.6439 41.3085 0
      vertex 42.191 42.4955 0
      vertex 40.9544 40.9544 0
    endloop
  endfacet
  facet normal 0 0 -1
    outer loop
      vertex 40.3823 41.7 0
      vertex 42.0711 42.675 0
      vertex 40.6439 41.3085 0
    endloop
  endfacet
  facet normal -0 0 -1
    outer loop
      vertex 42.191 42.4955 0
      vertex 40.6439 41.3085 0
      vertex 42.0711 42.675 0
    endloop
  endfacet
  facet normal 0 0 -1
    outer loop
      vertex 48.2064 49.4406 0
      vertex 47.929 49.3663 0
      vertex 48.0653 49.4125 0
    endloop
  endfacet
  facet normal -0 0 -1
    outer loop
      vertex 48.4936 49.4406 0
      vertex 47.929 49.3663 0
      vertex 48.35 49.45 0
    endloop
  endfacet
  facet normal 0 0 -1
    outer loop
      vertex 44.6667 44.6667 0
      vertex 49.0619 47.2333 0
      vertex 44.809 44.5045 0
    endloop
  endfacet
  facet normal 0 0 -1
    outer loop
      vertex 45.1359 43.2846 0
      vertex 47.35 43.3202 0
      vertex 46.826 42.1223 0
    endloop
  endfacet
  facet normal 0 0 -1
    outer loop
      vertex 44.9289 44.325 0
      vertex 47.35 43.3202 0
      vertex 45.0244 44.1314 0
    endloop
  endfacet
  facet normal 0 0 -1
    outer loop
      vertex 45.1359 43.2846 0
      vertex 46.826 42.1223 0
      vertex 46.6177 41.7 0
    endloop
  endfacet
  facet normal 0 0 -1
    outer loop
      vertex 45.1359 43.2846 0
      vertex 46.6177 41.7 0
      vertex 46.3561 41.3085 0
    endloop
  endfacet
  facet normal 0 0 -1
    outer loop
      vertex 47.35 43.3202 0
      vertex 45.0938 43.9271 0
      vertex 45.0244 44.1314 0
    endloop
  endfacet
  facet normal 0 0 -1
    outer loop
      vertex 45.1359 43.2846 0
      vertex 46.3561 41.3085 0
      vertex 46.0456 40.9544 0
    endloop
  endfacet
  facet normal 0 0 -1
    outer loop
      vertex 47.35 43.3202 0
      vertex 45.1359 43.7154 0
      vertex 45.0938 43.9271 0
    endloop
  endfacet
  facet normal 0 0 -1
    outer loop
      vertex 45.1359 43.2846 0
      vertex 46.0456 40.9544 0
      vertex 45.6915 40.6439 0
    endloop
  endfacet
  facet normal 0 0 -1
    outer loop
      vertex 44.5045 42.191 0
      vertex 45.6915 40.6439 0
      vertex 45.3 40.3823 0
    endloop
  endfacet
  facet normal 0 0 -1
    outer loop
      vertex 47.35 43.3202 0
      vertex 45.15 43.5 0
      vertex 45.1359 43.7154 0
    endloop
  endfacet
  facet normal 0 0 -1
    outer loop
      vertex 44.809 44.5045 0
      vertex 47.35 43.3202 0
      vertex 44.9289 44.325 0
    endloop
  endfacet
  facet normal -0 0 -1
    outer loop
      vertex 49.0619 47.2333 0
      vertex 44.6667 44.6667 0
      vertex 47.2333 49.0619 0
    endloop
  endfacet
  facet normal 0 0 -1
    outer loop
      vertex 44.5045 44.809 0
      vertex 47.2333 49.0619 0
      vertex 44.6667 44.6667 0
    endloop
  endfacet
  facet normal 0 -0 -1
    outer loop
      vertex 46.7559 49.2307 0
      vertex 47.2333 49.0619 0
      vertex 44.5045 44.809 0
    endloop
  endfacet
  facet normal 0 0 -1
    outer loop
      vertex 47.2333 49.0619 0
      vertex 46.7559 49.2307 0
      vertex 47.1894 49.0836 0
    endloop
  endfacet
  facet normal -0 0 -1
    outer loop
      vertex 46.7559 49.2307 0
      vertex 44.5045 44.809 0
      vertex 46.3068 49.3201 0
    endloop
  endfacet
  facet normal -0 0 -1
    outer loop
      vertex 46.3068 49.3201 0
      vertex 44.5045 44.809 0
      vertex 45.85 49.35 0
    endloop
  endfacet
  facet normal 0 0 -1
    outer loop
      vertex 44.325 44.9289 0
      vertex 45.85 49.35 0
      vertex 44.5045 44.809 0
    endloop
  endfacet
  facet normal 0 0 -1
    outer loop
      vertex 43.3202 47.35 0
      vertex 44.325 44.9289 0
      vertex 44.1314 45.0244 0
    endloop
  endfacet
  facet normal 0 0 -1
    outer loop
      vertex 43.3202 47.35 0
      vertex 44.1314 45.0244 0
      vertex 43.9271 45.0938 0
    endloop
  endfacet
  facet normal 0 0 -1
    outer loop
      vertex 43.3202 47.35 0
      vertex 43.9271 45.0938 0
      vertex 43.7154 45.1359 0
    endloop
  endfacet
  facet normal 0 0 -1
    outer loop
      vertex 43.3202 47.35 0
      vertex 43.7154 45.1359 0
      vertex 43.5 45.15 0
    endloop
  endfacet
  facet normal 0 0 -1
    outer loop
      vertex 44.325 44.9289 0
      vertex 43.3202 47.35 0
      vertex 45.85 49.35 0
    endloop
  endfacet
  facet normal 0 0 -1
    outer loop
      vertex -43.3202 47.35 0
      vertex 45.85 49.35 0
      vertex 43.3202 47.35 0
    endloop
  endfacet
  facet normal 0 0 -1
    outer loop
      vertex -43.7154 45.1359 0
      vertex -43.3202 47.35 0
      vertex -43.5 45.15 0
    endloop
  endfacet
  facet normal 0 0 -1
    outer loop
      vertex -43.9271 45.0938 0
      vertex -43.3202 47.35 0
      vertex -43.7154 45.1359 0
    endloop
  endfacet
  facet normal 0 0 -1
    outer loop
      vertex -44.1314 45.0244 0
      vertex -43.3202 47.35 0
      vertex -43.9271 45.0938 0
    endloop
  endfacet
  facet normal 0 0 -1
    outer loop
      vertex -44.325 44.9289 0
      vertex -43.3202 47.35 0
      vertex -44.1314 45.0244 0
    endloop
  endfacet
  facet normal 0 0 -1
    outer loop
      vertex -45.85 49.35 0
      vertex -44.325 44.9289 0
      vertex -44.5045 44.809 0
    endloop
  endfacet
  facet normal 0 0 -1
    outer loop
      vertex -47.2333 49.0619 0
      vertex -44.5045 44.809 0
      vertex -44.6667 44.6667 0
    endloop
  endfacet
  facet normal 0 0 -1
    outer loop
      vertex -49.0619 47.2333 0
      vertex -44.6667 44.6667 0
      vertex -44.809 44.5045 0
    endloop
  endfacet
  facet normal 0 0 -1
    outer loop
      vertex -47.35 43.3202 0
      vertex -44.809 44.5045 0
      vertex -44.9289 44.325 0
    endloop
  endfacet
  facet normal -0 0 -1
    outer loop
      vertex -44.9289 42.675 0
      vertex -46.6177 41.7 0
      vertex -45.0244 42.8686 0
    endloop
  endfacet
  facet normal 0 0 -1
    outer loop
      vertex -46.826 42.1223 0
      vertex -45.0244 42.8686 0
      vertex -46.6177 41.7 0
    endloop
  endfacet
  facet normal 0 0 -1
    outer loop
      vertex -43.3202 47.35 0
      vertex -45.85 49.35 0
      vertex 45.85 49.35 0
    endloop
  endfacet
  facet normal 0 0 -1
    outer loop
      vertex -44.325 44.9289 0
      vertex -45.85 49.35 0
      vertex -43.3202 47.35 0
    endloop
  endfacet
  facet normal 0 0 -1
    outer loop
      vertex -47.35 43.3202 0
      vertex -44.9289 44.325 0
      vertex -45.0244 44.1314 0
    endloop
  endfacet
  facet normal 0 0 -1
    outer loop
      vertex -47.35 43.3202 0
      vertex -45.0244 44.1314 0
      vertex -45.0938 43.9271 0
    endloop
  endfacet
  facet normal 0 0 -1
    outer loop
      vertex -47.35 43.3202 0
      vertex -45.0938 43.9271 0
      vertex -45.1359 43.7154 0
    endloop
  endfacet
  facet normal -0 0 -1
    outer loop
      vertex -45.0244 42.8686 0
      vertex -46.826 42.1223 0
      vertex -45.0938 43.0729 0
    endloop
  endfacet
  facet normal -0 0 -1
    outer loop
      vertex -45.0938 43.0729 0
      vertex -46.826 42.1223 0
      vertex -45.1359 43.2846 0
    endloop
  endfacet
  facet normal -0 0 -1
    outer loop
      vertex -45.15 43.5 0
      vertex -47.35 43.3202 0
      vertex -45.1359 43.7154 0
    endloop
  endfacet
  facet normal 0 0 -1
    outer loop
      vertex -47.35 43.3202 0
      vertex -45.1359 43.2846 0
      vertex -46.826 42.1223 0
    endloop
  endfacet
  facet normal 0 0 -1
    outer loop
      vertex -45.1359 43.2846 0
      vertex -47.35 43.3202 0
      vertex -45.15 43.5 0
    endloop
  endfacet
  facet normal 0 0 -1
    outer loop
      vertex -49.0619 47.2333 0
      vertex -44.809 44.5045 0
      vertex -47.35 43.3202 0
    endloop
  endfacet
  facet normal 0 0 -1
    outer loop
      vertex -44.5045 44.809 0
      vertex -46.3068 49.3201 0
      vertex -45.85 49.35 0
    endloop
  endfacet
  facet normal 0 0 -1
    outer loop
      vertex -44.5045 44.809 0
      vertex -46.7559 49.2307 0
      vertex -46.3068 49.3201 0
    endloop
  endfacet
  facet normal 0 0 -1
    outer loop
      vertex -44.5045 44.809 0
      vertex -47.2333 49.0619 0
      vertex -46.7559 49.2307 0
    endloop
  endfacet
  facet normal 0 0 -1
    outer loop
      vertex -46.7559 49.2307 0
      vertex -47.2333 49.0619 0
      vertex -47.1894 49.0836 0
    endloop
  endfacet
  facet normal 0 0 -1
    outer loop
      vertex -44.6667 44.6667 0
      vertex -49.0619 47.2333 0
      vertex -47.2333 49.0619 0
    endloop
  endfacet
  facet normal 0 0 -1
    outer loop
      vertex -49.35 -45.85 0
      vertex -44.809 -44.5045 0
      vertex -49.3201 -46.3068 0
    endloop
  endfacet
  facet normal 0 0 -1
    outer loop
      vertex -49.3663 -47.929 0
      vertex -47.929 -49.3663 0
      vertex -48.0653 -49.4125 0
    endloop
  endfacet
  facet normal 0 0 -1
    outer loop
      vertex -45.0938 -43.9271 0
      vertex -47.35 -43.3202 0
      vertex -45.1359 -43.7154 0
    endloop
  endfacet
  facet normal 0 0 -1
    outer loop
      vertex -49.3663 -47.929 0
      vertex -48.0653 -49.4125 0
      vertex -48.2064 -49.4406 0
    endloop
  endfacet
  facet normal 0 0 -1
    outer loop
      vertex -49.0619 47.2333 0
      vertex -47.929 49.3663 0
      vertex -47.2333 49.0619 0
    endloop
  endfacet
  facet normal 0 0 -1
    outer loop
      vertex -49.3663 -47.929 0
      vertex -48.2064 -49.4406 0
      vertex -48.35 -49.45 0
    endloop
  endfacet
  facet normal -0 0 -1
    outer loop
      vertex -47.929 49.3663 0
      vertex -49.0196 49.2227 0
      vertex -48.0653 49.4125 0
    endloop
  endfacet
  facet normal 0 0 -1
    outer loop
      vertex -49.3663 -47.929 0
      vertex -48.35 -49.45 0
      vertex -48.4936 -49.4406 0
    endloop
  endfacet
  facet normal -0 0 -1
    outer loop
      vertex -48.0653 49.4125 0
      vertex -49.0196 49.2227 0
      vertex -48.2064 49.4406 0
    endloop
  endfacet
  facet normal 0 0 -1
    outer loop
      vertex -49.3663 -47.929 0
      vertex -48.4936 -49.4406 0
      vertex -48.6347 -49.4125 0
    endloop
  endfacet
  facet normal -0 0 -1
    outer loop
      vertex -48.2064 49.4406 0
      vertex -49.0196 49.2227 0
      vertex -48.35 49.45 0
    endloop
  endfacet
  facet normal 0 0 -1
    outer loop
      vertex -49.3663 -47.929 0
      vertex -48.6347 -49.4125 0
      vertex -48.771 -49.3663 0
    endloop
  endfacet
  facet normal 0 0 -1
    outer loop
      vertex -48.35 49.45 0
      vertex -49.0196 49.2227 0
      vertex -48.4936 49.4406 0
    endloop
  endfacet
  facet normal 0 0 -1
    outer loop
      vertex -49.3663 -47.929 0
      vertex -48.771 -49.3663 0
      vertex -48.9 -49.3026 0
    endloop
  endfacet
  facet normal 0 0 -1
    outer loop
      vertex -48.4936 49.4406 0
      vertex -49.0196 49.2227 0
      vertex -48.6347 49.4125 0
    endloop
  endfacet
  facet normal 0 0 -1
    outer loop
      vertex -49.3663 -47.929 0
      vertex -48.9 -49.3026 0
      vertex -49.0196 -49.2227 0
    endloop
  endfacet
  facet normal 0 0 -1
    outer loop
      vertex -48.6347 49.4125 0
      vertex -49.0196 49.2227 0
      vertex -48.771 49.3663 0
    endloop
  endfacet
  facet normal 0 0 -1
    outer loop
      vertex -48.771 49.3663 0
      vertex -49.0196 49.2227 0
      vertex -48.9 49.3026 0
    endloop
  endfacet
  facet normal 0 0 -1
    outer loop
      vertex -49.3663 -47.929 0
      vertex -49.0196 -49.2227 0
      vertex -49.1278 -49.1278 0
    endloop
  endfacet
  facet normal 0 0 -1
    outer loop
      vertex -49.3663 -47.929 0
      vertex -49.1278 -49.1278 0
      vertex -49.2227 -49.0196 0
    endloop
  endfacet
  facet normal 0 0 -1
    outer loop
      vertex -49.3663 -47.929 0
      vertex -49.2227 -49.0196 0
      vertex -49.3026 -48.9 0
    endloop
  endfacet
  facet normal 0 0 -1
    outer loop
      vertex -49.3663 -47.929 0
      vertex -49.3026 -48.9 0
      vertex -49.3663 -48.771 0
    endloop
  endfacet
  facet normal 0 0 -1
    outer loop
      vertex -47.929 -49.3663 0
      vertex -49.3663 -47.929 0
      vertex -49.0619 -47.2333 0
    endloop
  endfacet
  facet normal 0 0 -1
    outer loop
      vertex -49.4125 -48.6347 0
      vertex -49.3663 -47.929 0
      vertex -49.3663 -48.771 0
    endloop
  endfacet
  facet normal 0 0 -1
    outer loop
      vertex -49.4125 -48.6347 0
      vertex -49.4125 -48.0653 0
      vertex -49.3663 -47.929 0
    endloop
  endfacet
  facet normal 0 0 -1
    outer loop
      vertex -49.4406 -48.4936 0
      vertex -49.4125 -48.0653 0
      vertex -49.4125 -48.6347 0
    endloop
  endfacet
  facet normal 0 0 -1
    outer loop
      vertex -49.4406 -48.4936 0
      vertex -49.4406 -48.2064 0
      vertex -49.4125 -48.0653 0
    endloop
  endfacet
  facet normal 0 -0 -1
    outer loop
      vertex -49.4406 -48.2064 0
      vertex -49.4406 -48.4936 0
      vertex -49.45 -48.35 0
    endloop
  endfacet
  facet normal -0 0 -1
    outer loop
      vertex 46.6177 -41.7 0
      vertex 44.9289 -42.675 0
      vertex 46.3561 -41.3085 0
    endloop
  endfacet
  facet normal 0 0 -1
    outer loop
      vertex 44.809 -42.4955 0
      vertex 46.3561 -41.3085 0
      vertex 44.9289 -42.675 0
    endloop
  endfacet
  facet normal -0 0 -1
    outer loop
      vertex 46.3561 -41.3085 0
      vertex 44.809 -42.4955 0
      vertex 46.0456 -40.9544 0
    endloop
  endfacet
  facet normal 0 0 -1
    outer loop
      vertex 44.6667 -42.3333 0
      vertex 46.0456 -40.9544 0
      vertex 44.809 -42.4955 0
    endloop
  endfacet
  facet normal -0 0 -1
    outer loop
      vertex 46.0456 -40.9544 0
      vertex 44.6667 -42.3333 0
      vertex 45.6915 -40.6439 0
    endloop
  endfacet
  facet normal 0 0 -1
    outer loop
      vertex 44.5045 -42.191 0
      vertex 45.6915 -40.6439 0
      vertex 44.6667 -42.3333 0
    endloop
  endfacet
  facet normal -0 0 -1
    outer loop
      vertex 45.6915 -40.6439 0
      vertex 44.5045 -42.191 0
      vertex 45.3 -40.3823 0
    endloop
  endfacet
  facet normal 0 0 -1
    outer loop
      vertex 44.325 -42.0711 0
      vertex 45.3 -40.3823 0
      vertex 44.5045 -42.191 0
    endloop
  endfacet
  facet normal -0 0 -1
    outer loop
      vertex 45.3 -40.3823 0
      vertex 44.325 -42.0711 0
      vertex 44.8777 -40.174 0
    endloop
  endfacet
  facet normal 0 0 -1
    outer loop
      vertex 44.1314 -41.9756 0
      vertex 44.8777 -40.174 0
      vertex 44.325 -42.0711 0
    endloop
  endfacet
  facet normal -0 0 -1
    outer loop
      vertex 44.8777 -40.174 0
      vertex 44.1314 -41.9756 0
      vertex 44.4317 -40.0227 0
    endloop
  endfacet
  facet normal 0 0 -1
    outer loop
      vertex 43.9271 -41.9062 0
      vertex 44.4317 -40.0227 0
      vertex 44.1314 -41.9756 0
    endloop
  endfacet
  facet normal -0 0 -1
    outer loop
      vertex 44.4317 -40.0227 0
      vertex 43.9271 -41.9062 0
      vertex 43.9699 -39.9308 0
    endloop
  endfacet
  facet normal 0 0 -1
    outer loop
      vertex 43.7154 -41.8641 0
      vertex 43.9699 -39.9308 0
      vertex 43.9271 -41.9062 0
    endloop
  endfacet
  facet normal 0 0 -1
    outer loop
      vertex 43.5 -41.85 0
      vertex 43.9699 -39.9308 0
      vertex 43.7154 -41.8641 0
    endloop
  endfacet
  facet normal 0 0 -1
    outer loop
      vertex 43.5 -41.85 0
      vertex 43.5 -39.9 0
      vertex 43.9699 -39.9308 0
    endloop
  endfacet
  facet normal 0 0 -1
    outer loop
      vertex 43.2846 -41.8641 0
      vertex 43.5 -39.9 0
      vertex 43.5 -41.85 0
    endloop
  endfacet
  facet normal 0 0 -1
    outer loop
      vertex 43.0301 -39.9308 0
      vertex 43.2846 -41.8641 0
      vertex 43.0729 -41.9062 0
    endloop
  endfacet
  facet normal 0 0 -1
    outer loop
      vertex 43.2846 -41.8641 0
      vertex 43.0301 -39.9308 0
      vertex 43.5 -39.9 0
    endloop
  endfacet
  facet normal 0 0 -1
    outer loop
      vertex 42.5683 -40.0227 0
      vertex 43.0729 -41.9062 0
      vertex 42.8686 -41.9756 0
    endloop
  endfacet
  facet normal 0 0 -1
    outer loop
      vertex 42.1223 -40.174 0
      vertex 42.8686 -41.9756 0
      vertex 42.675 -42.0711 0
    endloop
  endfacet
  facet normal 0 0 -1
    outer loop
      vertex 43.0729 -41.9062 0
      vertex 42.5683 -40.0227 0
      vertex 43.0301 -39.9308 0
    endloop
  endfacet
  facet normal 0 0 -1
    outer loop
      vertex 41.7 -40.3823 0
      vertex 42.675 -42.0711 0
      vertex 42.4955 -42.191 0
    endloop
  endfacet
  facet normal 0 0 -1
    outer loop
      vertex 41.3085 -40.6439 0
      vertex 42.4955 -42.191 0
      vertex 42.3333 -42.3333 0
    endloop
  endfacet
  facet normal 0 0 -1
    outer loop
      vertex 40.9544 -40.9544 0
      vertex 42.3333 -42.3333 0
      vertex 42.191 -42.4955 0
    endloop
  endfacet
  facet normal 0 0 -1
    outer loop
      vertex 42.8686 -41.9756 0
      vertex 42.1223 -40.174 0
      vertex 42.5683 -40.0227 0
    endloop
  endfacet
  facet normal 0 0 -1
    outer loop
      vertex 40.6439 -41.3085 0
      vertex 42.191 -42.4955 0
      vertex 42.0711 -42.675 0
    endloop
  endfacet
  facet normal 0 0 -1
    outer loop
      vertex 40.3823 -41.7 0
      vertex 42.0711 -42.675 0
      vertex 41.9756 -42.8686 0
    endloop
  endfacet
  facet normal 0 0 -1
    outer loop
      vertex 40.174 -42.1223 0
      vertex 41.9756 -42.8686 0
      vertex 41.9062 -43.0729 0
    endloop
  endfacet
  facet normal 0 0 -1
    outer loop
      vertex 40.0227 -42.5683 0
      vertex 41.9062 -43.0729 0
      vertex 41.8641 -43.2846 0
    endloop
  endfacet
  facet normal 0 0 -1
    outer loop
      vertex 42.675 -42.0711 0
      vertex 41.7 -40.3823 0
      vertex 42.1223 -40.174 0
    endloop
  endfacet
  facet normal 0 0 -1
    outer loop
      vertex 39.9308 -43.0301 0
      vertex 41.8641 -43.2846 0
      vertex 41.85 -43.5 0
    endloop
  endfacet
  facet normal -0 0 -1
    outer loop
      vertex 42.0711 -44.325 0
      vertex 40.3823 -45.3 0
      vertex 41.9756 -44.1314 0
    endloop
  endfacet
  facet normal 0 0 -1
    outer loop
      vertex 40.174 -44.8777 0
      vertex 41.9756 -44.1314 0
      vertex 40.3823 -45.3 0
    endloop
  endfacet
  facet normal 0 0 -1
    outer loop
      vertex 42.4955 -42.191 0
      vertex 41.3085 -40.6439 0
      vertex 41.7 -40.3823 0
    endloop
  endfacet
  facet normal -0 0 -1
    outer loop
      vertex 41.9756 -44.1314 0
      vertex 40.174 -44.8777 0
      vertex 41.9062 -43.9271 0
    endloop
  endfacet
  facet normal 0 0 -1
    outer loop
      vertex 42.3333 -42.3333 0
      vertex 40.9544 -40.9544 0
      vertex 41.3085 -40.6439 0
    endloop
  endfacet
  facet normal 0 0 -1
    outer loop
      vertex 40.0227 -44.4317 0
      vertex 41.9062 -43.9271 0
      vertex 40.174 -44.8777 0
    endloop
  endfacet
  facet normal 0 0 -1
    outer loop
      vertex 42.191 -42.4955 0
      vertex 40.6439 -41.3085 0
      vertex 40.9544 -40.9544 0
    endloop
  endfacet
  facet normal -0 0 -1
    outer loop
      vertex 41.9062 -43.9271 0
      vertex 40.0227 -44.4317 0
      vertex 41.8641 -43.7154 0
    endloop
  endfacet
  facet normal 0 0 -1
    outer loop
      vertex 42.0711 -42.675 0
      vertex 40.3823 -41.7 0
      vertex 40.6439 -41.3085 0
    endloop
  endfacet
  facet normal 0 0 -1
    outer loop
      vertex 39.9308 -43.9699 0
      vertex 41.8641 -43.7154 0
      vertex 40.0227 -44.4317 0
    endloop
  endfacet
  facet normal 0 0 -1
    outer loop
      vertex 41.9756 -42.8686 0
      vertex 40.174 -42.1223 0
      vertex 40.3823 -41.7 0
    endloop
  endfacet
  facet normal -0 0 -1
    outer loop
      vertex 41.8641 -43.7154 0
      vertex 39.9308 -43.9699 0
      vertex 41.85 -43.5 0
    endloop
  endfacet
  facet normal 0 0 -1
    outer loop
      vertex 41.9062 -43.0729 0
      vertex 40.0227 -42.5683 0
      vertex 40.174 -42.1223 0
    endloop
  endfacet
  facet normal 0 0 -1
    outer loop
      vertex 39.9 -43.5 0
      vertex 41.85 -43.5 0
      vertex 39.9308 -43.9699 0
    endloop
  endfacet
  facet normal 0 0 -1
    outer loop
      vertex 41.8641 -43.2846 0
      vertex 39.9308 -43.0301 0
      vertex 40.0227 -42.5683 0
    endloop
  endfacet
  facet normal 0 0 -1
    outer loop
      vertex 41.85 -43.5 0
      vertex 39.9 -43.5 0
      vertex 39.9308 -43.0301 0
    endloop
  endfacet
  facet normal 0 0 -1
    outer loop
      vertex 43.3202 -47.35 0
      vertex 43.2846 -45.1359 0
      vertex 43.5 -45.15 0
    endloop
  endfacet
  facet normal 0 0 -1
    outer loop
      vertex 42.1223 -46.826 0
      vertex 43.2846 -45.1359 0
      vertex 43.3202 -47.35 0
    endloop
  endfacet
  facet normal -0 0 -1
    outer loop
      vertex 43.2846 -45.1359 0
      vertex 42.1223 -46.826 0
      vertex 43.0729 -45.0938 0
    endloop
  endfacet
  facet normal -0 0 -1
    outer loop
      vertex 43.0729 -45.0938 0
      vertex 42.1223 -46.826 0
      vertex 42.8686 -45.0244 0
    endloop
  endfacet
  facet normal -0 0 -1
    outer loop
      vertex 42.8686 -45.0244 0
      vertex 42.1223 -46.826 0
      vertex 42.675 -44.9289 0
    endloop
  endfacet
  facet normal 0 0 -1
    outer loop
      vertex 41.7 -46.6177 0
      vertex 42.675 -44.9289 0
      vertex 42.1223 -46.826 0
    endloop
  endfacet
  facet normal -0 0 -1
    outer loop
      vertex 42.675 -44.9289 0
      vertex 41.7 -46.6177 0
      vertex 42.4955 -44.809 0
    endloop
  endfacet
  facet normal 0 0 -1
    outer loop
      vertex 41.3085 -46.3561 0
      vertex 42.4955 -44.809 0
      vertex 41.7 -46.6177 0
    endloop
  endfacet
  facet normal -0 0 -1
    outer loop
      vertex 42.4955 -44.809 0
      vertex 41.3085 -46.3561 0
      vertex 42.3333 -44.6667 0
    endloop
  endfacet
  facet normal 0 0 -1
    outer loop
      vertex 40.9544 -46.0456 0
      vertex 42.3333 -44.6667 0
      vertex 41.3085 -46.3561 0
    endloop
  endfacet
  facet normal -0 0 -1
    outer loop
      vertex 42.3333 -44.6667 0
      vertex 40.9544 -46.0456 0
      vertex 42.191 -44.5045 0
    endloop
  endfacet
  facet normal 0 0 -1
    outer loop
      vertex 40.6439 -45.6915 0
      vertex 42.191 -44.5045 0
      vertex 40.9544 -46.0456 0
    endloop
  endfacet
  facet normal 0 0 -1
    outer loop
      vertex 40.3823 -45.3 0
      vertex 42.0711 -44.325 0
      vertex 40.6439 -45.6915 0
    endloop
  endfacet
  facet normal -0 0 -1
    outer loop
      vertex 42.191 -44.5045 0
      vertex 40.6439 -45.6915 0
      vertex 42.0711 -44.325 0
    endloop
  endfacet
  facet normal 0.659278 -0.7519 0
    outer loop
      vertex 47.9807 -48.6267 0.799999
      vertex 48.3249 -48.3249 2.6
      vertex 47.9807 -48.6267 2.6
    endloop
  endfacet
  facet normal 0.659278 -0.7519 0
    outer loop
      vertex 48.3249 -48.3249 2.6
      vertex 47.9807 -48.6267 0.799999
      vertex 48.3249 -48.3249 0.799999
    endloop
  endfacet
  facet normal 0.831445 -0.555607 0
    outer loop
      vertex 48.6267 -47.9807 2.6
      vertex 48.8811 -47.6 0.799999
      vertex 48.8811 -47.6 2.6
    endloop
  endfacet
  facet normal 0.831445 -0.555607 0
    outer loop
      vertex 48.8811 -47.6 0.799999
      vertex 48.6267 -47.9807 2.6
      vertex 48.6267 -47.9807 0.799999
    endloop
  endfacet
  facet normal 0.442314 -0.89686 -2.45973e-05
    outer loop
      vertex 47.1894 -49.0836 2.6
      vertex 47.2333 -49.0619 0.799999
      vertex 47.6 -48.8811 2.6
    endloop
  endfacet
  facet normal 0.443125 -0.89646 0
    outer loop
      vertex 47.1894 -49.0836 0
      vertex 47.2333 -49.0619 0.799999
      vertex 47.1894 -49.0836 2.6
    endloop
  endfacet
  facet normal 0.443125 -0.89646 0
    outer loop
      vertex 47.2333 -49.0619 0.799999
      vertex 47.1894 -49.0836 0
      vertex 47.2333 -49.0619 0
    endloop
  endfacet
  facet normal 0.442217 -0.896908 0
    outer loop
      vertex 47.6 -48.8811 2.6
      vertex 47.2333 -49.0619 0.799999
      vertex 47.6 -48.8811 0.799999
    endloop
  endfacet
  facet normal 0.831445 0.555607 0
    outer loop
      vertex 48.8811 47.6 2.6
      vertex 48.6267 47.9807 0.799999
      vertex 48.6267 47.9807 2.6
    endloop
  endfacet
  facet normal 0.831445 0.555607 0
    outer loop
      vertex 48.6267 47.9807 0.799999
      vertex 48.8811 47.6 2.6
      vertex 48.8811 47.6 0.799999
    endloop
  endfacet
  facet normal -0.0652336 0.99787 0
    outer loop
      vertex 46.0458 -47.3372 0.799999
      vertex 45.85 -47.35 2.6
      vertex 46.0458 -47.3372 2.6
    endloop
  endfacet
  facet normal -0.0652336 0.99787 0
    outer loop
      vertex 45.85 -47.35 2.6
      vertex 46.0458 -47.3372 0.799999
      vertex 45.85 -47.35 0.799999
    endloop
  endfacet
  facet normal 0.946885 -0.321574 0
    outer loop
      vertex -47.2989 46.2382 2.6
      vertex -47.2358 46.424 0.799999
      vertex -47.2358 46.424 2.6
    endloop
  endfacet
  facet normal 0.946885 -0.321574 0
    outer loop
      vertex -47.2358 46.424 0.799999
      vertex -47.2989 46.2382 2.6
      vertex -47.2989 46.2382 0.799999
    endloop
  endfacet
  facet normal 0.99787 -0.0652336 0
    outer loop
      vertex -47.35 45.85 2.6
      vertex -47.3372 46.0458 0.799999
      vertex -47.3372 46.0458 2.6
    endloop
  endfacet
  facet normal 0.99787 -0.0652336 0
    outer loop
      vertex -47.3372 46.0458 0.799999
      vertex -47.35 45.85 2.6
      vertex -47.35 45.85 0.799999
    endloop
  endfacet
  facet normal 0.321574 0.946885 -0
    outer loop
      vertex -46.2382 -47.2989 0.799999
      vertex -46.424 -47.2358 2.6
      vertex -46.2382 -47.2989 2.6
    endloop
  endfacet
  facet normal 0.321574 0.946885 0
    outer loop
      vertex -46.424 -47.2358 2.6
      vertex -46.2382 -47.2989 0.799999
      vertex -46.424 -47.2358 0.799999
    endloop
  endfacet
  facet normal 0.442315 -0.89686 0
    outer loop
      vertex -46.6 47.149 0.799999
      vertex -46.424 47.2358 2.6
      vertex -46.6 47.149 2.6
    endloop
  endfacet
  facet normal 0.442315 -0.89686 0
    outer loop
      vertex -46.424 47.2358 2.6
      vertex -46.6 47.149 0.799999
      vertex -46.424 47.2358 0.799999
    endloop
  endfacet
  facet normal -0.0652336 -0.99787 0
    outer loop
      vertex 45.85 47.35 0.799999
      vertex 46.0458 47.3372 2.6
      vertex 45.85 47.35 2.6
    endloop
  endfacet
  facet normal -0.0652336 -0.99787 -0
    outer loop
      vertex 46.0458 47.3372 2.6
      vertex 45.85 47.35 0.799999
      vertex 46.0458 47.3372 0.799999
    endloop
  endfacet
  facet normal 1 0 0
    outer loop
      vertex -47.35 45.85 2.6
      vertex -47.35 43.3202 0.799999
      vertex -47.35 45.85 0.799999
    endloop
  endfacet
  facet normal 1 0 0
    outer loop
      vertex -47.35 43.3202 0.799999
      vertex -47.35 -43.3202 0.799999
      vertex -47.35 43.3202 0
    endloop
  endfacet
  facet normal 1 0 0
    outer loop
      vertex -47.35 45.85 2.6
      vertex -47.35 -43.3202 0.799999
      vertex -47.35 43.3202 0.799999
    endloop
  endfacet
  facet normal 1 -0 0
    outer loop
      vertex -47.35 -45.85 2.6
      vertex -47.35 -43.3202 0.799999
      vertex -47.35 45.85 2.6
    endloop
  endfacet
  facet normal 1 0 0
    outer loop
      vertex -47.35 -43.3202 0.799999
      vertex -47.35 -45.85 2.6
      vertex -47.35 -45.85 0.799999
    endloop
  endfacet
  facet normal 1 0 0
    outer loop
      vertex -47.35 43.3202 0
      vertex -47.35 -43.3202 0.799999
      vertex -47.35 -43.3202 0
    endloop
  endfacet
  facet normal -0.442315 -0.89686 0
    outer loop
      vertex 46.424 47.2358 0.799999
      vertex 46.6 47.149 2.6
      vertex 46.424 47.2358 2.6
    endloop
  endfacet
  facet normal -0.442315 -0.89686 -0
    outer loop
      vertex 46.6 47.149 2.6
      vertex 46.424 47.2358 0.799999
      vertex 46.6 47.149 0.799999
    endloop
  endfacet
  facet normal 0.195234 0.980757 -0
    outer loop
      vertex -46.0458 -47.3372 0.799999
      vertex -46.2382 -47.2989 2.6
      vertex -46.0458 -47.3372 2.6
    endloop
  endfacet
  facet normal 0.195234 0.980757 0
    outer loop
      vertex -46.2382 -47.2989 2.6
      vertex -46.0458 -47.3372 0.799999
      vertex -46.2382 -47.2989 0.799999
    endloop
  endfacet
  facet normal -0.751724 0.659478 0
    outer loop
      vertex 46.9106 -46.9106 0.799999
      vertex 47.04 -46.7631 2.6
      vertex 47.04 -46.7631 0.799999
    endloop
  endfacet
  facet normal -0.751724 0.659478 0
    outer loop
      vertex 47.04 -46.7631 2.6
      vertex 46.9106 -46.9106 0.799999
      vertex 46.9106 -46.9106 2.6
    endloop
  endfacet
  facet normal -0.99787 0.0652336 0
    outer loop
      vertex 47.3372 -46.0458 0.799999
      vertex 47.35 -45.85 2.6
      vertex 47.35 -45.85 0.799999
    endloop
  endfacet
  facet normal -0.99787 0.0652336 0
    outer loop
      vertex 47.35 -45.85 2.6
      vertex 47.3372 -46.0458 0.799999
      vertex 47.3372 -46.0458 2.6
    endloop
  endfacet
  facet normal 0.99787 0.0652336 0
    outer loop
      vertex -47.3372 -46.0458 2.6
      vertex -47.35 -45.85 0.799999
      vertex -47.35 -45.85 2.6
    endloop
  endfacet
  facet normal 0.99787 0.0652336 0
    outer loop
      vertex -47.35 -45.85 0.799999
      vertex -47.3372 -46.0458 2.6
      vertex -47.3372 -46.0458 0.799999
    endloop
  endfacet
  facet normal 0 1 -0
    outer loop
      vertex 43.3202 -47.35 0
      vertex -43.3202 -47.35 0.799999
      vertex 43.3202 -47.35 0.799999
    endloop
  endfacet
  facet normal 0 1 0
    outer loop
      vertex -43.3202 -47.35 0.799999
      vertex 43.3202 -47.35 0
      vertex -43.3202 -47.35 0
    endloop
  endfacet
  facet normal 0 1 0
    outer loop
      vertex 43.3202 -47.35 0.799999
      vertex 45.85 -47.35 2.6
      vertex 45.85 -47.35 0.799999
    endloop
  endfacet
  facet normal 0 1 0
    outer loop
      vertex 45.85 -47.35 2.6
      vertex 43.3202 -47.35 0.799999
      vertex -45.85 -47.35 2.6
    endloop
  endfacet
  facet normal 0 1 -0
    outer loop
      vertex -43.3202 -47.35 0.799999
      vertex -45.85 -47.35 2.6
      vertex 43.3202 -47.35 0.799999
    endloop
  endfacet
  facet normal 0 1 0
    outer loop
      vertex -45.85 -47.35 2.6
      vertex -43.3202 -47.35 0.799999
      vertex -45.85 -47.35 0.799999
    endloop
  endfacet
  facet normal -0.89686 0.442315 0
    outer loop
      vertex 47.149 -46.6 0.799999
      vertex 47.2358 -46.424 2.6
      vertex 47.2358 -46.424 0.799999
    endloop
  endfacet
  facet normal -0.89686 0.442315 0
    outer loop
      vertex 47.2358 -46.424 2.6
      vertex 47.149 -46.6 0.799999
      vertex 47.149 -46.6 2.6
    endloop
  endfacet
  facet normal 0 -1 0
    outer loop
      vertex -43.3202 47.35 0
      vertex 43.3202 47.35 0.799999
      vertex -43.3202 47.35 0.799999
    endloop
  endfacet
  facet normal 0 -1 -0
    outer loop
      vertex 43.3202 47.35 0.799999
      vertex -43.3202 47.35 0
      vertex 43.3202 47.35 0
    endloop
  endfacet
  facet normal 0 -1 0
    outer loop
      vertex -43.3202 47.35 0.799999
      vertex -45.85 47.35 2.6
      vertex -45.85 47.35 0.799999
    endloop
  endfacet
  facet normal 0 -1 0
    outer loop
      vertex -45.85 47.35 2.6
      vertex -43.3202 47.35 0.799999
      vertex 45.85 47.35 2.6
    endloop
  endfacet
  facet normal 0 -1 0
    outer loop
      vertex 43.3202 47.35 0.799999
      vertex 45.85 47.35 2.6
      vertex -43.3202 47.35 0.799999
    endloop
  endfacet
  facet normal 0 -1 -0
    outer loop
      vertex 45.85 47.35 2.6
      vertex 43.3202 47.35 0.799999
      vertex 45.85 47.35 0.799999
    endloop
  endfacet
  facet normal 0.0652336 0.99787 -0
    outer loop
      vertex -45.85 -47.35 0.799999
      vertex -46.0458 -47.3372 2.6
      vertex -45.85 -47.35 2.6
    endloop
  endfacet
  facet normal 0.0652336 0.99787 0
    outer loop
      vertex -46.0458 -47.3372 2.6
      vertex -45.85 -47.35 0.799999
      vertex -46.0458 -47.3372 0.799999
    endloop
  endfacet
  facet normal 0.321574 -0.946885 0
    outer loop
      vertex -46.424 47.2358 0.799999
      vertex -46.2382 47.2989 2.6
      vertex -46.424 47.2358 2.6
    endloop
  endfacet
  facet normal 0.321574 -0.946885 0
    outer loop
      vertex -46.2382 47.2989 2.6
      vertex -46.424 47.2358 0.799999
      vertex -46.2382 47.2989 0.799999
    endloop
  endfacet
  facet normal -0.946885 0.321574 0
    outer loop
      vertex 47.2358 -46.424 0.799999
      vertex 47.2989 -46.2382 2.6
      vertex 47.2989 -46.2382 0.799999
    endloop
  endfacet
  facet normal -0.946885 0.321574 0
    outer loop
      vertex 47.2989 -46.2382 2.6
      vertex 47.2358 -46.424 0.799999
      vertex 47.2358 -46.424 2.6
    endloop
  endfacet
  facet normal -0.980757 -0.195234 0
    outer loop
      vertex 47.3372 46.0458 0.799999
      vertex 47.2989 46.2382 2.6
      vertex 47.2989 46.2382 0.799999
    endloop
  endfacet
  facet normal -0.980757 -0.195234 0
    outer loop
      vertex 47.2989 46.2382 2.6
      vertex 47.3372 46.0458 0.799999
      vertex 47.3372 46.0458 2.6
    endloop
  endfacet
  facet normal 0.442315 0.89686 -0
    outer loop
      vertex -46.424 -47.2358 0.799999
      vertex -46.6 -47.149 2.6
      vertex -46.424 -47.2358 2.6
    endloop
  endfacet
  facet normal 0.442315 0.89686 0
    outer loop
      vertex -46.6 -47.149 2.6
      vertex -46.424 -47.2358 0.799999
      vertex -46.6 -47.149 0.799999
    endloop
  endfacet
  facet normal 0.659478 0.751724 -0
    outer loop
      vertex -46.7631 -47.04 0.799999
      vertex -46.9106 -46.9106 2.6
      vertex -46.7631 -47.04 2.6
    endloop
  endfacet
  facet normal 0.659478 0.751724 0
    outer loop
      vertex -46.9106 -46.9106 2.6
      vertex -46.7631 -47.04 0.799999
      vertex -46.9106 -46.9106 0.799999
    endloop
  endfacet
  facet normal 0.195234 -0.980757 0
    outer loop
      vertex -46.2382 47.2989 0.799999
      vertex -46.0458 47.3372 2.6
      vertex -46.2382 47.2989 2.6
    endloop
  endfacet
  facet normal 0.195234 -0.980757 0
    outer loop
      vertex -46.0458 47.3372 2.6
      vertex -46.2382 47.2989 0.799999
      vertex -46.0458 47.3372 0.799999
    endloop
  endfacet
  facet normal 0.0652336 -0.99787 0
    outer loop
      vertex -46.0458 47.3372 0.799999
      vertex -45.85 47.35 2.6
      vertex -46.0458 47.3372 2.6
    endloop
  endfacet
  facet normal 0.0652336 -0.99787 0
    outer loop
      vertex -45.85 47.35 2.6
      vertex -46.0458 47.3372 0.799999
      vertex -45.85 47.35 0.799999
    endloop
  endfacet
  facet normal 0.659478 -0.751724 0
    outer loop
      vertex -46.9106 46.9106 0.799999
      vertex -46.7631 47.04 2.6
      vertex -46.9106 46.9106 2.6
    endloop
  endfacet
  facet normal 0.659478 -0.751724 0
    outer loop
      vertex -46.7631 47.04 2.6
      vertex -46.9106 46.9106 0.799999
      vertex -46.7631 47.04 0.799999
    endloop
  endfacet
  facet normal -0.659478 0.751724 0
    outer loop
      vertex 46.9106 -46.9106 0.799999
      vertex 46.7631 -47.04 2.6
      vertex 46.9106 -46.9106 2.6
    endloop
  endfacet
  facet normal -0.659478 0.751724 0
    outer loop
      vertex 46.7631 -47.04 2.6
      vertex 46.9106 -46.9106 0.799999
      vertex 46.7631 -47.04 0.799999
    endloop
  endfacet
  facet normal -0.946885 -0.321574 0
    outer loop
      vertex 47.2989 46.2382 0.799999
      vertex 47.2358 46.424 2.6
      vertex 47.2358 46.424 0.799999
    endloop
  endfacet
  facet normal -0.946885 -0.321574 0
    outer loop
      vertex 47.2358 46.424 2.6
      vertex 47.2989 46.2382 0.799999
      vertex 47.2989 46.2382 2.6
    endloop
  endfacet
  facet normal -1 0 0
    outer loop
      vertex 47.35 43.3202 0
      vertex 47.35 -43.3202 0
      vertex 47.35 43.3202 0.799999
    endloop
  endfacet
  facet normal -1 0 0
    outer loop
      vertex 47.35 43.3202 0.799999
      vertex 47.35 45.85 2.6
      vertex 47.35 45.85 0.799999
    endloop
  endfacet
  facet normal -1 0 0
    outer loop
      vertex 47.35 -43.3202 0.799999
      vertex 47.35 43.3202 0.799999
      vertex 47.35 -43.3202 0
    endloop
  endfacet
  facet normal -1 0 0
    outer loop
      vertex 47.35 43.3202 0.799999
      vertex 47.35 -43.3202 0.799999
      vertex 47.35 45.85 2.6
    endloop
  endfacet
  facet normal -1 0 0
    outer loop
      vertex 47.35 -45.85 2.6
      vertex 47.35 -43.3202 0.799999
      vertex 47.35 -45.85 0.799999
    endloop
  endfacet
  facet normal -1 0 0
    outer loop
      vertex 47.35 -43.3202 0.799999
      vertex 47.35 -45.85 2.6
      vertex 47.35 45.85 2.6
    endloop
  endfacet
  facet normal -0.195234 -0.980757 0
    outer loop
      vertex 46.0458 47.3372 0.799999
      vertex 46.2382 47.2989 2.6
      vertex 46.0458 47.3372 2.6
    endloop
  endfacet
  facet normal -0.195234 -0.980757 -0
    outer loop
      vertex 46.2382 47.2989 2.6
      vertex 46.0458 47.3372 0.799999
      vertex 46.2382 47.2989 0.799999
    endloop
  endfacet
  facet normal -0.659478 -0.751724 0
    outer loop
      vertex 46.7631 47.04 0.799999
      vertex 46.9106 46.9106 2.6
      vertex 46.7631 47.04 2.6
    endloop
  endfacet
  facet normal -0.659478 -0.751724 -0
    outer loop
      vertex 46.9106 46.9106 2.6
      vertex 46.7631 47.04 0.799999
      vertex 46.9106 46.9106 0.799999
    endloop
  endfacet
  facet normal 0.751724 0.659478 0
    outer loop
      vertex -46.9106 -46.9106 2.6
      vertex -47.04 -46.7631 0.799999
      vertex -47.04 -46.7631 2.6
    endloop
  endfacet
  facet normal 0.751724 0.659478 0
    outer loop
      vertex -47.04 -46.7631 0.799999
      vertex -46.9106 -46.9106 2.6
      vertex -46.9106 -46.9106 0.799999
    endloop
  endfacet
  facet normal 0.980757 -0.195234 0
    outer loop
      vertex -47.3372 46.0458 2.6
      vertex -47.2989 46.2382 0.799999
      vertex -47.2989 46.2382 2.6
    endloop
  endfacet
  facet normal 0.980757 -0.195234 0
    outer loop
      vertex -47.2989 46.2382 0.799999
      vertex -47.3372 46.0458 2.6
      vertex -47.3372 46.0458 0.799999
    endloop
  endfacet
  facet normal -0.99787 -0.0652336 0
    outer loop
      vertex 47.35 45.85 0.799999
      vertex 47.3372 46.0458 2.6
      vertex 47.3372 46.0458 0.799999
    endloop
  endfacet
  facet normal -0.99787 -0.0652336 0
    outer loop
      vertex 47.3372 46.0458 2.6
      vertex 47.35 45.85 0.799999
      vertex 47.35 45.85 2.6
    endloop
  endfacet
  facet normal 0.831422 0.555641 0
    outer loop
      vertex -47.04 -46.7631 2.6
      vertex -47.149 -46.6 0.799999
      vertex -47.149 -46.6 2.6
    endloop
  endfacet
  facet normal 0.831422 0.555641 0
    outer loop
      vertex -47.149 -46.6 0.799999
      vertex -47.04 -46.7631 2.6
      vertex -47.04 -46.7631 0.799999
    endloop
  endfacet
  facet normal 0.89686 -0.442315 0
    outer loop
      vertex -47.2358 46.424 2.6
      vertex -47.149 46.6 0.799999
      vertex -47.149 46.6 2.6
    endloop
  endfacet
  facet normal 0.89686 -0.442315 0
    outer loop
      vertex -47.149 46.6 0.799999
      vertex -47.2358 46.424 2.6
      vertex -47.2358 46.424 0.799999
    endloop
  endfacet
  facet normal 0.980757 0.195234 0
    outer loop
      vertex -47.2989 -46.2382 2.6
      vertex -47.3372 -46.0458 0.799999
      vertex -47.3372 -46.0458 2.6
    endloop
  endfacet
  facet normal 0.980757 0.195234 0
    outer loop
      vertex -47.3372 -46.0458 0.799999
      vertex -47.2989 -46.2382 2.6
      vertex -47.2989 -46.2382 0.799999
    endloop
  endfacet
  facet normal 0.555641 -0.831422 0
    outer loop
      vertex -46.7631 47.04 0.799999
      vertex -46.6 47.149 2.6
      vertex -46.7631 47.04 2.6
    endloop
  endfacet
  facet normal 0.555641 -0.831422 0
    outer loop
      vertex -46.6 47.149 2.6
      vertex -46.7631 47.04 0.799999
      vertex -46.6 47.149 0.799999
    endloop
  endfacet
  facet normal 0.555641 0.831422 -0
    outer loop
      vertex -46.6 -47.149 0.799999
      vertex -46.7631 -47.04 2.6
      vertex -46.6 -47.149 2.6
    endloop
  endfacet
  facet normal 0.555641 0.831422 0
    outer loop
      vertex -46.7631 -47.04 2.6
      vertex -46.6 -47.149 0.799999
      vertex -46.7631 -47.04 0.799999
    endloop
  endfacet
  facet normal 0.89686 0.442315 0
    outer loop
      vertex -47.149 -46.6 2.6
      vertex -47.2358 -46.424 0.799999
      vertex -47.2358 -46.424 2.6
    endloop
  endfacet
  facet normal 0.89686 0.442315 0
    outer loop
      vertex -47.2358 -46.424 0.799999
      vertex -47.149 -46.6 2.6
      vertex -47.149 -46.6 0.799999
    endloop
  endfacet
  facet normal -0.555641 -0.831422 0
    outer loop
      vertex 46.6 47.149 0.799999
      vertex 46.7631 47.04 2.6
      vertex 46.6 47.149 2.6
    endloop
  endfacet
  facet normal -0.555641 -0.831422 -0
    outer loop
      vertex 46.7631 47.04 2.6
      vertex 46.6 47.149 0.799999
      vertex 46.7631 47.04 0.799999
    endloop
  endfacet
  facet normal 0.831422 -0.555641 0
    outer loop
      vertex -47.149 46.6 2.6
      vertex -47.04 46.7631 0.799999
      vertex -47.04 46.7631 2.6
    endloop
  endfacet
  facet normal 0.831422 -0.555641 0
    outer loop
      vertex -47.04 46.7631 0.799999
      vertex -47.149 46.6 2.6
      vertex -47.149 46.6 0.799999
    endloop
  endfacet
  facet normal -0.442315 0.89686 0
    outer loop
      vertex 46.6 -47.149 0.799999
      vertex 46.424 -47.2358 2.6
      vertex 46.6 -47.149 2.6
    endloop
  endfacet
  facet normal -0.442315 0.89686 0
    outer loop
      vertex 46.424 -47.2358 2.6
      vertex 46.6 -47.149 0.799999
      vertex 46.424 -47.2358 0.799999
    endloop
  endfacet
  facet normal -0.831422 0.555641 0
    outer loop
      vertex 47.04 -46.7631 0.799999
      vertex 47.149 -46.6 2.6
      vertex 47.149 -46.6 0.799999
    endloop
  endfacet
  facet normal -0.831422 0.555641 0
    outer loop
      vertex 47.149 -46.6 2.6
      vertex 47.04 -46.7631 0.799999
      vertex 47.04 -46.7631 2.6
    endloop
  endfacet
  facet normal -0.555641 0.831422 0
    outer loop
      vertex 46.7631 -47.04 0.799999
      vertex 46.6 -47.149 2.6
      vertex 46.7631 -47.04 2.6
    endloop
  endfacet
  facet normal -0.555641 0.831422 0
    outer loop
      vertex 46.6 -47.149 2.6
      vertex 46.7631 -47.04 0.799999
      vertex 46.6 -47.149 0.799999
    endloop
  endfacet
  facet normal 0.751724 -0.659478 0
    outer loop
      vertex -47.04 46.7631 2.6
      vertex -46.9106 46.9106 0.799999
      vertex -46.9106 46.9106 2.6
    endloop
  endfacet
  facet normal 0.751724 -0.659478 0
    outer loop
      vertex -46.9106 46.9106 0.799999
      vertex -47.04 46.7631 2.6
      vertex -47.04 46.7631 0.799999
    endloop
  endfacet
  facet normal 0.946885 0.321574 0
    outer loop
      vertex -47.2358 -46.424 2.6
      vertex -47.2989 -46.2382 0.799999
      vertex -47.2989 -46.2382 2.6
    endloop
  endfacet
  facet normal 0.946885 0.321574 0
    outer loop
      vertex -47.2989 -46.2382 0.799999
      vertex -47.2358 -46.424 2.6
      vertex -47.2358 -46.424 0.799999
    endloop
  endfacet
  facet normal -0.321574 -0.946885 0
    outer loop
      vertex 46.2382 47.2989 0.799999
      vertex 46.424 47.2358 2.6
      vertex 46.2382 47.2989 2.6
    endloop
  endfacet
  facet normal -0.321574 -0.946885 -0
    outer loop
      vertex 46.424 47.2358 2.6
      vertex 46.2382 47.2989 0.799999
      vertex 46.424 47.2358 0.799999
    endloop
  endfacet
  facet normal -0.89686 -0.442315 0
    outer loop
      vertex 47.2358 46.424 0.799999
      vertex 47.149 46.6 2.6
      vertex 47.149 46.6 0.799999
    endloop
  endfacet
  facet normal -0.89686 -0.442315 0
    outer loop
      vertex 47.149 46.6 2.6
      vertex 47.2358 46.424 0.799999
      vertex 47.2358 46.424 2.6
    endloop
  endfacet
  facet normal -0.195234 0.980757 0
    outer loop
      vertex 46.2382 -47.2989 0.799999
      vertex 46.0458 -47.3372 2.6
      vertex 46.2382 -47.2989 2.6
    endloop
  endfacet
  facet normal -0.195234 0.980757 0
    outer loop
      vertex 46.0458 -47.3372 2.6
      vertex 46.2382 -47.2989 0.799999
      vertex 46.0458 -47.3372 0.799999
    endloop
  endfacet
  facet normal -0.751724 -0.659478 0
    outer loop
      vertex 47.04 46.7631 0.799999
      vertex 46.9106 46.9106 2.6
      vertex 46.9106 46.9106 0.799999
    endloop
  endfacet
  facet normal -0.751724 -0.659478 0
    outer loop
      vertex 46.9106 46.9106 2.6
      vertex 47.04 46.7631 0.799999
      vertex 47.04 46.7631 2.6
    endloop
  endfacet
  facet normal -0.980757 0.195234 0
    outer loop
      vertex 47.2989 -46.2382 0.799999
      vertex 47.3372 -46.0458 2.6
      vertex 47.3372 -46.0458 0.799999
    endloop
  endfacet
  facet normal -0.980757 0.195234 0
    outer loop
      vertex 47.3372 -46.0458 2.6
      vertex 47.2989 -46.2382 0.799999
      vertex 47.2989 -46.2382 2.6
    endloop
  endfacet
  facet normal -0.321574 0.946885 0
    outer loop
      vertex 46.424 -47.2358 0.799999
      vertex 46.2382 -47.2989 2.6
      vertex 46.424 -47.2358 2.6
    endloop
  endfacet
  facet normal -0.321574 0.946885 0
    outer loop
      vertex 46.2382 -47.2989 2.6
      vertex 46.424 -47.2358 0.799999
      vertex 46.2382 -47.2989 0.799999
    endloop
  endfacet
  facet normal -0.831422 -0.555641 0
    outer loop
      vertex 47.149 46.6 0.799999
      vertex 47.04 46.7631 2.6
      vertex 47.04 46.7631 0.799999
    endloop
  endfacet
  facet normal -0.831422 -0.555641 0
    outer loop
      vertex 47.04 46.7631 2.6
      vertex 47.149 46.6 0.799999
      vertex 47.149 46.6 2.6
    endloop
  endfacet
  facet normal 0.400853 -0.916142 0
    outer loop
      vertex -47.929 -49.3663 0
      vertex -47.2333 -49.0619 0.799999
      vertex -47.929 -49.3663 0.799999
    endloop
  endfacet
  facet normal 0.400853 -0.916142 0
    outer loop
      vertex -47.2333 -49.0619 0.799999
      vertex -47.929 -49.3663 0
      vertex -47.2333 -49.0619 0
    endloop
  endfacet
  facet normal 0.400767 -0.91618 0
    outer loop
      vertex -43.3202 -47.35 0
      vertex -42.1223 -46.826 0.799999
      vertex -43.3202 -47.35 0.799999
    endloop
  endfacet
  facet normal 0.400767 -0.91618 0
    outer loop
      vertex -42.1223 -46.826 0.799999
      vertex -43.3202 -47.35 0
      vertex -42.1223 -46.826 0
    endloop
  endfacet
  facet normal 0.659301 -0.751879 0
    outer loop
      vertex -41.3085 -46.3561 0
      vertex -40.9544 -46.0456 0.799999
      vertex -41.3085 -46.3561 0.799999
    endloop
  endfacet
  facet normal 0.659301 -0.751879 0
    outer loop
      vertex -40.9544 -46.0456 0.799999
      vertex -41.3085 -46.3561 0
      vertex -40.9544 -46.0456 0
    endloop
  endfacet
  facet normal 0.321256 0.946993 -0
    outer loop
      vertex -42.1223 -40.174 0
      vertex -42.5683 -40.0227 0.799999
      vertex -42.1223 -40.174 0.799999
    endloop
  endfacet
  facet normal 0.321256 0.946993 0
    outer loop
      vertex -42.5683 -40.0227 0.799999
      vertex -42.1223 -40.174 0
      vertex -42.5683 -40.0227 0
    endloop
  endfacet
  facet normal -0.896835 0.442365 0
    outer loop
      vertex -46.826 -42.1223 0
      vertex -46.6177 -41.7 0.799999
      vertex -46.6177 -41.7 0
    endloop
  endfacet
  facet normal -0.896835 0.442365 0
    outer loop
      vertex -46.6177 -41.7 0.799999
      vertex -46.826 -42.1223 0
      vertex -46.826 -42.1223 0.799999
    endloop
  endfacet
  facet normal 0.831462 0.555582 0
    outer loop
      vertex -40.3823 -41.7 0.799999
      vertex -40.6439 -41.3085 0
      vertex -40.6439 -41.3085 0.799999
    endloop
  endfacet
  facet normal 0.831462 0.555582 0
    outer loop
      vertex -40.6439 -41.3085 0
      vertex -40.3823 -41.7 0.799999
      vertex -40.3823 -41.7 0
    endloop
  endfacet
  facet normal -0.980741 -0.195314 0
    outer loop
      vertex -49.4125 -48.6347 0
      vertex -49.4406 -48.4936 0.799999
      vertex -49.4406 -48.4936 0
    endloop
  endfacet
  facet normal -0.980741 -0.195314 0
    outer loop
      vertex -49.4406 -48.4936 0.799999
      vertex -49.4125 -48.6347 0
      vertex -49.4125 -48.6347 0.799999
    endloop
  endfacet
  facet normal 0.997859 0.0654055 0
    outer loop
      vertex -39.9 -43.5 0.799999
      vertex -39.9308 -43.0301 0
      vertex -39.9308 -43.0301 0.799999
    endloop
  endfacet
  facet normal 0.997859 0.0654055 0
    outer loop
      vertex -39.9308 -43.0301 0
      vertex -39.9 -43.5 0.799999
      vertex -39.9 -43.5 0
    endloop
  endfacet
  facet normal -0.831515 -0.555502 0
    outer loop
      vertex -49.2227 -49.0196 0
      vertex -49.3026 -48.9 0.799999
      vertex -49.3026 -48.9 0
    endloop
  endfacet
  facet normal -0.831515 -0.555502 0
    outer loop
      vertex -49.3026 -48.9 0.799999
      vertex -49.2227 -49.0196 0
      vertex -49.2227 -49.0196 0.799999
    endloop
  endfacet
  facet normal -0.659301 0.751879 0
    outer loop
      vertex -45.6915 -40.6439 0
      vertex -46.0456 -40.9544 0.799999
      vertex -45.6915 -40.6439 0.799999
    endloop
  endfacet
  facet normal -0.659301 0.751879 0
    outer loop
      vertex -46.0456 -40.9544 0.799999
      vertex -45.6915 -40.6439 0
      vertex -46.0456 -40.9544 0
    endloop
  endfacet
  facet normal -0.91618 0.400767 0
    outer loop
      vertex -47.35 -43.3202 0
      vertex -46.826 -42.1223 0.799999
      vertex -46.826 -42.1223 0
    endloop
  endfacet
  facet normal -0.91618 0.400767 0
    outer loop
      vertex -46.826 -42.1223 0.799999
      vertex -47.35 -43.3202 0
      vertex -47.35 -43.3202 0.799999
    endloop
  endfacet
  facet normal -0.916142 0.400853 0
    outer loop
      vertex -49.3663 -47.929 0
      vertex -49.0619 -47.2333 0.799999
      vertex -49.0619 -47.2333 0
    endloop
  endfacet
  facet normal -0.916142 0.400853 0
    outer loop
      vertex -49.0619 -47.2333 0.799999
      vertex -49.3663 -47.929 0
      vertex -49.3663 -47.929 0.799999
    endloop
  endfacet
  facet normal 0.946993 0.321256 0
    outer loop
      vertex -40.0227 -42.5683 0.799999
      vertex -40.174 -42.1223 0
      vertex -40.174 -42.1223 0.799999
    endloop
  endfacet
  facet normal 0.946993 0.321256 0
    outer loop
      vertex -40.174 -42.1223 0
      vertex -40.0227 -42.5683 0.799999
      vertex -40.0227 -42.5683 0
    endloop
  endfacet
  facet normal 0.751879 -0.659301 0
    outer loop
      vertex -40.9544 -46.0456 0.799999
      vertex -40.6439 -45.6915 0
      vertex -40.6439 -45.6915 0.799999
    endloop
  endfacet
  facet normal 0.751879 -0.659301 0
    outer loop
      vertex -40.6439 -45.6915 0
      vertex -40.9544 -46.0456 0.799999
      vertex -40.9544 -46.0456 0
    endloop
  endfacet
  facet normal 0.442365 -0.896835 0
    outer loop
      vertex -42.1223 -46.826 0
      vertex -41.7 -46.6177 0.799999
      vertex -42.1223 -46.826 0.799999
    endloop
  endfacet
  facet normal 0.442365 -0.896835 0
    outer loop
      vertex -41.7 -46.6177 0.799999
      vertex -42.1223 -46.826 0
      vertex -41.7 -46.6177 0
    endloop
  endfacet
  facet normal 0.831462 -0.555582 0
    outer loop
      vertex -40.6439 -45.6915 0.799999
      vertex -40.3823 -45.3 0
      vertex -40.3823 -45.3 0.799999
    endloop
  endfacet
  facet normal 0.831462 -0.555582 0
    outer loop
      vertex -40.3823 -45.3 0
      vertex -40.6439 -45.6915 0.799999
      vertex -40.6439 -45.6915 0
    endloop
  endfacet
  facet normal 0 0 1
    outer loop
      vertex -47.6 -48.8811 0.799999
      vertex -47.929 -49.3663 0.799999
      vertex -47.2333 -49.0619 0.799999
    endloop
  endfacet
  facet normal 0 0 1
    outer loop
      vertex -47.9807 -48.6267 0.799999
      vertex -47.929 -49.3663 0.799999
      vertex -47.6 -48.8811 0.799999
    endloop
  endfacet
  facet normal 0 0 1
    outer loop
      vertex -47.9807 -48.6267 0.799999
      vertex -48.0653 -49.4125 0.799999
      vertex -47.929 -49.3663 0.799999
    endloop
  endfacet
  facet normal 0 0 1
    outer loop
      vertex -47.9807 -48.6267 0.799999
      vertex -48.2064 -49.4406 0.799999
      vertex -48.0653 -49.4125 0.799999
    endloop
  endfacet
  facet normal 0 0 1
    outer loop
      vertex -48.6347 -49.4125 0.799999
      vertex -47.9807 -48.6267 0.799999
      vertex -48.3249 -48.3249 0.799999
    endloop
  endfacet
  facet normal 0 0 1
    outer loop
      vertex -47.9807 -48.6267 0.799999
      vertex -48.35 -49.45 0.799999
      vertex -48.2064 -49.4406 0.799999
    endloop
  endfacet
  facet normal 0 0 1
    outer loop
      vertex -47.9807 -48.6267 0.799999
      vertex -48.4936 -49.4406 0.799999
      vertex -48.35 -49.45 0.799999
    endloop
  endfacet
  facet normal 0 0 1
    outer loop
      vertex -49.4125 -48.6347 0.799999
      vertex -48.3249 -48.3249 0.799999
      vertex -48.6267 -47.9807 0.799999
    endloop
  endfacet
  facet normal 0 0 1
    outer loop
      vertex -47.9807 -48.6267 0.799999
      vertex -48.6347 -49.4125 0.799999
      vertex -48.4936 -49.4406 0.799999
    endloop
  endfacet
  facet normal 0 0 1
    outer loop
      vertex -48.3249 -48.3249 0.799999
      vertex -48.771 -49.3663 0.799999
      vertex -48.6347 -49.4125 0.799999
    endloop
  endfacet
  facet normal -0 0 1
    outer loop
      vertex -49.3663 -47.929 0.799999
      vertex -48.6267 -47.9807 0.799999
      vertex -48.8811 -47.6 0.799999
    endloop
  endfacet
  facet normal 0 0 1
    outer loop
      vertex -48.3249 -48.3249 0.799999
      vertex -48.9 -49.3026 0.799999
      vertex -48.771 -49.3663 0.799999
    endloop
  endfacet
  facet normal 0 0 1
    outer loop
      vertex -48.3249 -48.3249 0.799999
      vertex -49.0196 -49.2227 0.799999
      vertex -48.9 -49.3026 0.799999
    endloop
  endfacet
  facet normal 0 0 1
    outer loop
      vertex -49.3663 -47.929 0.799999
      vertex -48.8811 -47.6 0.799999
      vertex -49.0619 -47.2333 0.799999
    endloop
  endfacet
  facet normal 0 0 1
    outer loop
      vertex -48.6267 -47.9807 0.799999
      vertex -49.3663 -47.929 0.799999
      vertex -49.4125 -48.0653 0.799999
    endloop
  endfacet
  facet normal 0 0 1
    outer loop
      vertex -48.3249 -48.3249 0.799999
      vertex -49.1278 -49.1278 0.799999
      vertex -49.0196 -49.2227 0.799999
    endloop
  endfacet
  facet normal 0 0 1
    outer loop
      vertex -48.3249 -48.3249 0.799999
      vertex -49.2227 -49.0196 0.799999
      vertex -49.1278 -49.1278 0.799999
    endloop
  endfacet
  facet normal 0 0 1
    outer loop
      vertex -48.3249 -48.3249 0.799999
      vertex -49.3026 -48.9 0.799999
      vertex -49.2227 -49.0196 0.799999
    endloop
  endfacet
  facet normal 0 0 1
    outer loop
      vertex -48.3249 -48.3249 0.799999
      vertex -49.3663 -48.771 0.799999
      vertex -49.3026 -48.9 0.799999
    endloop
  endfacet
  facet normal 0 0 1
    outer loop
      vertex -48.6267 -47.9807 0.799999
      vertex -49.4125 -48.0653 0.799999
      vertex -49.4406 -48.2064 0.799999
    endloop
  endfacet
  facet normal 0 0 1
    outer loop
      vertex -48.3249 -48.3249 0.799999
      vertex -49.4125 -48.6347 0.799999
      vertex -49.3663 -48.771 0.799999
    endloop
  endfacet
  facet normal 0 0 1
    outer loop
      vertex -48.6267 -47.9807 0.799999
      vertex -49.4406 -48.2064 0.799999
      vertex -49.45 -48.35 0.799999
    endloop
  endfacet
  facet normal 0 0 1
    outer loop
      vertex -48.6267 -47.9807 0.799999
      vertex -49.4406 -48.4936 0.799999
      vertex -49.4125 -48.6347 0.799999
    endloop
  endfacet
  facet normal 0 0 1
    outer loop
      vertex -48.6267 -47.9807 0.799999
      vertex -49.45 -48.35 0.799999
      vertex -49.4406 -48.4936 0.799999
    endloop
  endfacet
  facet normal 0 0 1
    outer loop
      vertex -41.85 -43.5 0.799999
      vertex -39.9 -43.5 0.799999
      vertex -39.9308 -43.0301 0.799999
    endloop
  endfacet
  facet normal 0 0 1
    outer loop
      vertex -41.8641 -43.2846 0.799999
      vertex -39.9308 -43.0301 0.799999
      vertex -40.0227 -42.5683 0.799999
    endloop
  endfacet
  facet normal 0 0 1
    outer loop
      vertex -39.9 -43.5 0.799999
      vertex -41.85 -43.5 0.799999
      vertex -39.9308 -43.9699 0.799999
    endloop
  endfacet
  facet normal 0 0 1
    outer loop
      vertex -41.9062 -43.0729 0.799999
      vertex -40.0227 -42.5683 0.799999
      vertex -40.174 -42.1223 0.799999
    endloop
  endfacet
  facet normal -0 0 1
    outer loop
      vertex -41.8641 -43.7154 0.799999
      vertex -39.9308 -43.9699 0.799999
      vertex -41.85 -43.5 0.799999
    endloop
  endfacet
  facet normal 0 0 1
    outer loop
      vertex -41.9756 -42.8686 0.799999
      vertex -40.174 -42.1223 0.799999
      vertex -40.3823 -41.7 0.799999
    endloop
  endfacet
  facet normal 0 0 1
    outer loop
      vertex -39.9308 -43.9699 0.799999
      vertex -41.8641 -43.7154 0.799999
      vertex -40.0227 -44.4317 0.799999
    endloop
  endfacet
  facet normal 0 0 1
    outer loop
      vertex -42.0711 -42.675 0.799999
      vertex -40.3823 -41.7 0.799999
      vertex -40.6439 -41.3085 0.799999
    endloop
  endfacet
  facet normal -0 0 1
    outer loop
      vertex -41.9062 -43.9271 0.799999
      vertex -40.0227 -44.4317 0.799999
      vertex -41.8641 -43.7154 0.799999
    endloop
  endfacet
  facet normal 0 0 1
    outer loop
      vertex -42.191 -42.4955 0.799999
      vertex -40.6439 -41.3085 0.799999
      vertex -40.9544 -40.9544 0.799999
    endloop
  endfacet
  facet normal 0 0 1
    outer loop
      vertex -40.0227 -44.4317 0.799999
      vertex -41.9062 -43.9271 0.799999
      vertex -40.174 -44.8777 0.799999
    endloop
  endfacet
  facet normal 0 0 1
    outer loop
      vertex -42.3333 -42.3333 0.799999
      vertex -40.9544 -40.9544 0.799999
      vertex -41.3085 -40.6439 0.799999
    endloop
  endfacet
  facet normal -0 0 1
    outer loop
      vertex -41.9756 -44.1314 0.799999
      vertex -40.174 -44.8777 0.799999
      vertex -41.9062 -43.9271 0.799999
    endloop
  endfacet
  facet normal 0 0 1
    outer loop
      vertex -42.4955 -42.191 0.799999
      vertex -41.3085 -40.6439 0.799999
      vertex -41.7 -40.3823 0.799999
    endloop
  endfacet
  facet normal 0 0 1
    outer loop
      vertex -40.174 -44.8777 0.799999
      vertex -41.9756 -44.1314 0.799999
      vertex -40.3823 -45.3 0.799999
    endloop
  endfacet
  facet normal -0 0 1
    outer loop
      vertex -42.0711 -44.325 0.799999
      vertex -40.3823 -45.3 0.799999
      vertex -41.9756 -44.1314 0.799999
    endloop
  endfacet
  facet normal 0 0 1
    outer loop
      vertex -39.9308 -43.0301 0.799999
      vertex -41.8641 -43.2846 0.799999
      vertex -41.85 -43.5 0.799999
    endloop
  endfacet
  facet normal 0 0 1
    outer loop
      vertex -40.0227 -42.5683 0.799999
      vertex -41.9062 -43.0729 0.799999
      vertex -41.8641 -43.2846 0.799999
    endloop
  endfacet
  facet normal 0 0 1
    outer loop
      vertex -40.174 -42.1223 0.799999
      vertex -41.9756 -42.8686 0.799999
      vertex -41.9062 -43.0729 0.799999
    endloop
  endfacet
  facet normal 0 0 1
    outer loop
      vertex -40.3823 -41.7 0.799999
      vertex -42.0711 -42.675 0.799999
      vertex -41.9756 -42.8686 0.799999
    endloop
  endfacet
  facet normal 0 0 1
    outer loop
      vertex -42.675 -42.0711 0.799999
      vertex -41.7 -40.3823 0.799999
      vertex -42.1223 -40.174 0.799999
    endloop
  endfacet
  facet normal 0 0 1
    outer loop
      vertex -40.6439 -41.3085 0.799999
      vertex -42.191 -42.4955 0.799999
      vertex -42.0711 -42.675 0.799999
    endloop
  endfacet
  facet normal 0 0 1
    outer loop
      vertex -40.9544 -40.9544 0.799999
      vertex -42.3333 -42.3333 0.799999
      vertex -42.191 -42.4955 0.799999
    endloop
  endfacet
  facet normal 0 0 1
    outer loop
      vertex -41.3085 -40.6439 0.799999
      vertex -42.4955 -42.191 0.799999
      vertex -42.3333 -42.3333 0.799999
    endloop
  endfacet
  facet normal 0 0 1
    outer loop
      vertex -42.8686 -41.9756 0.799999
      vertex -42.1223 -40.174 0.799999
      vertex -42.5683 -40.0227 0.799999
    endloop
  endfacet
  facet normal 0 0 1
    outer loop
      vertex -41.7 -40.3823 0.799999
      vertex -42.675 -42.0711 0.799999
      vertex -42.4955 -42.191 0.799999
    endloop
  endfacet
  facet normal 0 0 1
    outer loop
      vertex -42.1223 -40.174 0.799999
      vertex -42.8686 -41.9756 0.799999
      vertex -42.675 -42.0711 0.799999
    endloop
  endfacet
  facet normal 0 0 1
    outer loop
      vertex -43.0729 -41.9062 0.799999
      vertex -42.5683 -40.0227 0.799999
      vertex -43.0301 -39.9308 0.799999
    endloop
  endfacet
  facet normal 0 0 1
    outer loop
      vertex -42.5683 -40.0227 0.799999
      vertex -43.0729 -41.9062 0.799999
      vertex -42.8686 -41.9756 0.799999
    endloop
  endfacet
  facet normal 0 0 1
    outer loop
      vertex -43.0301 -39.9308 0.799999
      vertex -43.2846 -41.8641 0.799999
      vertex -43.0729 -41.9062 0.799999
    endloop
  endfacet
  facet normal 0 0 1
    outer loop
      vertex -43.5 -39.9 0.799999
      vertex -43.2846 -41.8641 0.799999
      vertex -43.0301 -39.9308 0.799999
    endloop
  endfacet
  facet normal 0 0 1
    outer loop
      vertex -43.5 -39.9 0.799999
      vertex -43.5 -41.85 0.799999
      vertex -43.2846 -41.8641 0.799999
    endloop
  endfacet
  facet normal 0 0 1
    outer loop
      vertex -43.5 -39.9 0.799999
      vertex -43.7154 -41.8641 0.799999
      vertex -43.5 -41.85 0.799999
    endloop
  endfacet
  facet normal -0 0 1
    outer loop
      vertex -43.9699 -39.9308 0.799999
      vertex -43.7154 -41.8641 0.799999
      vertex -43.5 -39.9 0.799999
    endloop
  endfacet
  facet normal 0 0 1
    outer loop
      vertex -43.7154 -41.8641 0.799999
      vertex -43.9699 -39.9308 0.799999
      vertex -43.9271 -41.9062 0.799999
    endloop
  endfacet
  facet normal -0 0 1
    outer loop
      vertex -44.4317 -40.0227 0.799999
      vertex -43.9271 -41.9062 0.799999
      vertex -43.9699 -39.9308 0.799999
    endloop
  endfacet
  facet normal 0 0 1
    outer loop
      vertex -43.9271 -41.9062 0.799999
      vertex -44.4317 -40.0227 0.799999
      vertex -44.1314 -41.9756 0.799999
    endloop
  endfacet
  facet normal -0 0 1
    outer loop
      vertex -44.8777 -40.174 0.799999
      vertex -44.1314 -41.9756 0.799999
      vertex -44.4317 -40.0227 0.799999
    endloop
  endfacet
  facet normal 0 0 1
    outer loop
      vertex -44.1314 -41.9756 0.799999
      vertex -44.8777 -40.174 0.799999
      vertex -44.325 -42.0711 0.799999
    endloop
  endfacet
  facet normal -0 0 1
    outer loop
      vertex -45.3 -40.3823 0.799999
      vertex -44.325 -42.0711 0.799999
      vertex -44.8777 -40.174 0.799999
    endloop
  endfacet
  facet normal 0 0 1
    outer loop
      vertex -44.325 -42.0711 0.799999
      vertex -45.3 -40.3823 0.799999
      vertex -44.5045 -42.191 0.799999
    endloop
  endfacet
  facet normal -0 0 1
    outer loop
      vertex -45.6915 -40.6439 0.799999
      vertex -44.5045 -42.191 0.799999
      vertex -45.3 -40.3823 0.799999
    endloop
  endfacet
  facet normal 0 0 1
    outer loop
      vertex -44.5045 -42.191 0.799999
      vertex -45.6915 -40.6439 0.799999
      vertex -44.6667 -42.3333 0.799999
    endloop
  endfacet
  facet normal -0 0 1
    outer loop
      vertex -46.0456 -40.9544 0.799999
      vertex -44.6667 -42.3333 0.799999
      vertex -45.6915 -40.6439 0.799999
    endloop
  endfacet
  facet normal 0 0 1
    outer loop
      vertex -44.6667 -42.3333 0.799999
      vertex -46.0456 -40.9544 0.799999
      vertex -44.809 -42.4955 0.799999
    endloop
  endfacet
  facet normal -0 0 1
    outer loop
      vertex -46.3561 -41.3085 0.799999
      vertex -44.809 -42.4955 0.799999
      vertex -46.0456 -40.9544 0.799999
    endloop
  endfacet
  facet normal -0 0 1
    outer loop
      vertex -46.6177 -41.7 0.799999
      vertex -44.9289 -42.675 0.799999
      vertex -46.3561 -41.3085 0.799999
    endloop
  endfacet
  facet normal 0 0 1
    outer loop
      vertex -44.809 -42.4955 0.799999
      vertex -46.3561 -41.3085 0.799999
      vertex -44.9289 -42.675 0.799999
    endloop
  endfacet
  facet normal 0 0 1
    outer loop
      vertex -40.3823 -45.3 0.799999
      vertex -42.0711 -44.325 0.799999
      vertex -40.6439 -45.6915 0.799999
    endloop
  endfacet
  facet normal -0 0 1
    outer loop
      vertex -42.191 -44.5045 0.799999
      vertex -40.6439 -45.6915 0.799999
      vertex -42.0711 -44.325 0.799999
    endloop
  endfacet
  facet normal 0 0 1
    outer loop
      vertex -40.6439 -45.6915 0.799999
      vertex -42.191 -44.5045 0.799999
      vertex -40.9544 -46.0456 0.799999
    endloop
  endfacet
  facet normal -0 0 1
    outer loop
      vertex -42.3333 -44.6667 0.799999
      vertex -40.9544 -46.0456 0.799999
      vertex -42.191 -44.5045 0.799999
    endloop
  endfacet
  facet normal 0 0 1
    outer loop
      vertex -40.9544 -46.0456 0.799999
      vertex -42.3333 -44.6667 0.799999
      vertex -41.3085 -46.3561 0.799999
    endloop
  endfacet
  facet normal -0 0 1
    outer loop
      vertex -42.4955 -44.809 0.799999
      vertex -41.3085 -46.3561 0.799999
      vertex -42.3333 -44.6667 0.799999
    endloop
  endfacet
  facet normal 0 0 1
    outer loop
      vertex -41.3085 -46.3561 0.799999
      vertex -42.4955 -44.809 0.799999
      vertex -41.7 -46.6177 0.799999
    endloop
  endfacet
  facet normal -0 0 1
    outer loop
      vertex -42.675 -44.9289 0.799999
      vertex -41.7 -46.6177 0.799999
      vertex -42.4955 -44.809 0.799999
    endloop
  endfacet
  facet normal 0 0 1
    outer loop
      vertex -41.7 -46.6177 0.799999
      vertex -42.675 -44.9289 0.799999
      vertex -42.1223 -46.826 0.799999
    endloop
  endfacet
  facet normal -0 0 1
    outer loop
      vertex -42.8686 -45.0244 0.799999
      vertex -42.1223 -46.826 0.799999
      vertex -42.675 -44.9289 0.799999
    endloop
  endfacet
  facet normal -0 0 1
    outer loop
      vertex -43.0729 -45.0938 0.799999
      vertex -42.1223 -46.826 0.799999
      vertex -42.8686 -45.0244 0.799999
    endloop
  endfacet
  facet normal -0 0 1
    outer loop
      vertex -43.2846 -45.1359 0.799999
      vertex -42.1223 -46.826 0.799999
      vertex -43.0729 -45.0938 0.799999
    endloop
  endfacet
  facet normal 0 0 1
    outer loop
      vertex -43.2846 -45.1359 0.799999
      vertex -43.3202 -47.35 0.799999
      vertex -42.1223 -46.826 0.799999
    endloop
  endfacet
  facet normal -0 0 1
    outer loop
      vertex -43.5 -45.15 0.799999
      vertex -43.3202 -47.35 0.799999
      vertex -43.2846 -45.1359 0.799999
    endloop
  endfacet
  facet normal 0 0 1
    outer loop
      vertex -43.7154 -45.1359 0.799999
      vertex -43.3202 -47.35 0.799999
      vertex -43.5 -45.15 0.799999
    endloop
  endfacet
  facet normal 0 0 1
    outer loop
      vertex -43.9271 -45.0938 0.799999
      vertex -43.3202 -47.35 0.799999
      vertex -43.7154 -45.1359 0.799999
    endloop
  endfacet
  facet normal 0 0 1
    outer loop
      vertex -44.1314 -45.0244 0.799999
      vertex -43.3202 -47.35 0.799999
      vertex -43.9271 -45.0938 0.799999
    endloop
  endfacet
  facet normal 0 0 1
    outer loop
      vertex -45.85 -47.35 0.799999
      vertex -44.1314 -45.0244 0.799999
      vertex -44.325 -44.9289 0.799999
    endloop
  endfacet
  facet normal 0 0 1
    outer loop
      vertex -45.85 -47.35 0.799999
      vertex -44.325 -44.9289 0.799999
      vertex -44.5045 -44.809 0.799999
    endloop
  endfacet
  facet normal 0 0 1
    outer loop
      vertex -45.85 -47.35 0.799999
      vertex -44.5045 -44.809 0.799999
      vertex -44.6667 -44.6667 0.799999
    endloop
  endfacet
  facet normal 0 0 1
    outer loop
      vertex -47.35 -45.85 0.799999
      vertex -44.6667 -44.6667 0.799999
      vertex -44.809 -44.5045 0.799999
    endloop
  endfacet
  facet normal 0 0 1
    outer loop
      vertex -47.35 -45.85 0.799999
      vertex -44.809 -44.5045 0.799999
      vertex -44.9289 -44.325 0.799999
    endloop
  endfacet
  facet normal 0 0 1
    outer loop
      vertex -44.9289 -42.675 0.799999
      vertex -46.6177 -41.7 0.799999
      vertex -45.0244 -42.8686 0.799999
    endloop
  endfacet
  facet normal -0 0 1
    outer loop
      vertex -46.826 -42.1223 0.799999
      vertex -45.0244 -42.8686 0.799999
      vertex -46.6177 -41.7 0.799999
    endloop
  endfacet
  facet normal 0 0 1
    outer loop
      vertex -44.1314 -45.0244 0.799999
      vertex -45.85 -47.35 0.799999
      vertex -43.3202 -47.35 0.799999
    endloop
  endfacet
  facet normal 0 0 1
    outer loop
      vertex -47.35 -45.85 0.799999
      vertex -44.9289 -44.325 0.799999
      vertex -45.0244 -44.1314 0.799999
    endloop
  endfacet
  facet normal 0 0 1
    outer loop
      vertex -47.35 -43.3202 0.799999
      vertex -45.0244 -44.1314 0.799999
      vertex -45.0938 -43.9271 0.799999
    endloop
  endfacet
  facet normal 0 0 1
    outer loop
      vertex -47.35 -43.3202 0.799999
      vertex -45.0938 -43.9271 0.799999
      vertex -45.1359 -43.7154 0.799999
    endloop
  endfacet
  facet normal 0 0 1
    outer loop
      vertex -45.0244 -42.8686 0.799999
      vertex -46.826 -42.1223 0.799999
      vertex -45.0938 -43.0729 0.799999
    endloop
  endfacet
  facet normal 0 0 1
    outer loop
      vertex -45.0938 -43.0729 0.799999
      vertex -46.826 -42.1223 0.799999
      vertex -45.1359 -43.2846 0.799999
    endloop
  endfacet
  facet normal 0 0 1
    outer loop
      vertex -45.15 -43.5 0.799999
      vertex -47.35 -43.3202 0.799999
      vertex -45.1359 -43.7154 0.799999
    endloop
  endfacet
  facet normal 0 0 1
    outer loop
      vertex -45.0244 -44.1314 0.799999
      vertex -47.35 -43.3202 0.799999
      vertex -47.35 -45.85 0.799999
    endloop
  endfacet
  facet normal 0 0 1
    outer loop
      vertex -47.35 -43.3202 0.799999
      vertex -45.1359 -43.2846 0.799999
      vertex -46.826 -42.1223 0.799999
    endloop
  endfacet
  facet normal 0 0 1
    outer loop
      vertex -44.6667 -44.6667 0.799999
      vertex -47.35 -45.85 0.799999
      vertex -45.85 -47.35 0.799999
    endloop
  endfacet
  facet normal 0 0 1
    outer loop
      vertex -45.85 -47.35 0.799999
      vertex -47.35 -45.85 0.799999
      vertex -46.0458 -47.3372 0.799999
    endloop
  endfacet
  facet normal 0 0 1
    outer loop
      vertex -45.1359 -43.2846 0.799999
      vertex -47.35 -43.3202 0.799999
      vertex -45.15 -43.5 0.799999
    endloop
  endfacet
  facet normal 0 0 1
    outer loop
      vertex -46.0458 -47.3372 0.799999
      vertex -47.35 -45.85 0.799999
      vertex -46.2382 -47.2989 0.799999
    endloop
  endfacet
  facet normal 0 0 1
    outer loop
      vertex -46.2382 -47.2989 0.799999
      vertex -47.35 -45.85 0.799999
      vertex -46.424 -47.2358 0.799999
    endloop
  endfacet
  facet normal 0 0 1
    outer loop
      vertex -46.424 -47.2358 0.799999
      vertex -47.35 -45.85 0.799999
      vertex -46.6 -47.149 0.799999
    endloop
  endfacet
  facet normal 0 0 1
    outer loop
      vertex -46.7631 -47.04 0.799999
      vertex -47.35 -45.85 0.799999
      vertex -46.9106 -46.9106 0.799999
    endloop
  endfacet
  facet normal 0 0 1
    outer loop
      vertex -46.9106 -46.9106 0.799999
      vertex -47.35 -45.85 0.799999
      vertex -47.04 -46.7631 0.799999
    endloop
  endfacet
  facet normal 0 0 1
    outer loop
      vertex -47.04 -46.7631 0.799999
      vertex -47.35 -45.85 0.799999
      vertex -47.149 -46.6 0.799999
    endloop
  endfacet
  facet normal 0 0 1
    outer loop
      vertex -47.149 -46.6 0.799999
      vertex -47.35 -45.85 0.799999
      vertex -47.2358 -46.424 0.799999
    endloop
  endfacet
  facet normal 0 0 1
    outer loop
      vertex -47.2358 -46.424 0.799999
      vertex -47.35 -45.85 0.799999
      vertex -47.2989 -46.2382 0.799999
    endloop
  endfacet
  facet normal 0 0 1
    outer loop
      vertex -46.6 -47.149 0.799999
      vertex -47.35 -45.85 0.799999
      vertex -46.7631 -47.04 0.799999
    endloop
  endfacet
  facet normal 0 0 1
    outer loop
      vertex -47.2989 -46.2382 0.799999
      vertex -47.35 -45.85 0.799999
      vertex -47.3372 -46.0458 0.799999
    endloop
  endfacet
  facet normal 0.555582 -0.831462 0
    outer loop
      vertex -41.7 -46.6177 0
      vertex -41.3085 -46.3561 0.799999
      vertex -41.7 -46.6177 0.799999
    endloop
  endfacet
  facet normal 0.555582 -0.831462 0
    outer loop
      vertex -41.3085 -46.3561 0.799999
      vertex -41.7 -46.6177 0
      vertex -41.3085 -46.3561 0
    endloop
  endfacet
  facet normal -0.555502 -0.831515 0
    outer loop
      vertex -49.0196 -49.2227 0
      vertex -48.9 -49.3026 0.799999
      vertex -49.0196 -49.2227 0.799999
    endloop
  endfacet
  facet normal -0.555502 -0.831515 -0
    outer loop
      vertex -48.9 -49.3026 0.799999
      vertex -49.0196 -49.2227 0
      vertex -48.9 -49.3026 0
    endloop
  endfacet
  facet normal 0.555582 0.831462 -0
    outer loop
      vertex -41.3085 -40.6439 0
      vertex -41.7 -40.3823 0.799999
      vertex -41.3085 -40.6439 0.799999
    endloop
  endfacet
  facet normal 0.555582 0.831462 0
    outer loop
      vertex -41.7 -40.3823 0.799999
      vertex -41.3085 -40.6439 0
      vertex -41.7 -40.3823 0
    endloop
  endfacet
  facet normal 0.0653198 -0.997864 0
    outer loop
      vertex -48.35 -49.45 0
      vertex -48.2064 -49.4406 0.799999
      vertex -48.35 -49.45 0.799999
    endloop
  endfacet
  facet normal 0.0653198 -0.997864 0
    outer loop
      vertex -48.2064 -49.4406 0.799999
      vertex -48.35 -49.45 0
      vertex -48.2064 -49.4406 0
    endloop
  endfacet
  facet normal -0.997864 -0.0653198 0
    outer loop
      vertex -49.4406 -48.4936 0
      vertex -49.45 -48.35 0.799999
      vertex -49.45 -48.35 0
    endloop
  endfacet
  facet normal -0.997864 -0.0653198 0
    outer loop
      vertex -49.45 -48.35 0.799999
      vertex -49.4406 -48.4936 0
      vertex -49.4406 -48.4936 0.799999
    endloop
  endfacet
  facet normal 0.946993 -0.321256 0
    outer loop
      vertex -40.174 -44.8777 0.799999
      vertex -40.0227 -44.4317 0
      vertex -40.0227 -44.4317 0.799999
    endloop
  endfacet
  facet normal 0.946993 -0.321256 0
    outer loop
      vertex -40.0227 -44.4317 0
      vertex -40.174 -44.8777 0.799999
      vertex -40.174 -44.8777 0
    endloop
  endfacet
  facet normal 0.442365 0.896835 -0
    outer loop
      vertex -41.7 -40.3823 0
      vertex -42.1223 -40.174 0.799999
      vertex -41.7 -40.3823 0.799999
    endloop
  endfacet
  facet normal 0.442365 0.896835 0
    outer loop
      vertex -42.1223 -40.174 0.799999
      vertex -41.7 -40.3823 0
      vertex -42.1223 -40.174 0
    endloop
  endfacet
  facet normal 0.997859 -0.0654055 0
    outer loop
      vertex -39.9308 -43.9699 0.799999
      vertex -39.9 -43.5 0
      vertex -39.9 -43.5 0.799999
    endloop
  endfacet
  facet normal 0.997859 -0.0654055 0
    outer loop
      vertex -39.9 -43.5 0
      vertex -39.9308 -43.9699 0.799999
      vertex -39.9308 -43.9699 0
    endloop
  endfacet
  facet normal -0.947073 -0.321018 0
    outer loop
      vertex -49.3663 -48.771 0
      vertex -49.4125 -48.6347 0.799999
      vertex -49.4125 -48.6347 0
    endloop
  endfacet
  facet normal -0.947073 -0.321018 0
    outer loop
      vertex -49.4125 -48.6347 0.799999
      vertex -49.3663 -48.771 0
      vertex -49.3663 -48.771 0.799999
    endloop
  endfacet
  facet normal 0.321018 -0.947073 0
    outer loop
      vertex -48.0653 -49.4125 0
      vertex -47.929 -49.3663 0.799999
      vertex -48.0653 -49.4125 0.799999
    endloop
  endfacet
  facet normal 0.321018 -0.947073 0
    outer loop
      vertex -47.929 -49.3663 0.799999
      vertex -48.0653 -49.4125 0
      vertex -47.929 -49.3663 0
    endloop
  endfacet
  facet normal 0.0654055 0.997859 -0
    outer loop
      vertex -43.0301 -39.9308 0
      vertex -43.5 -39.9 0.799999
      vertex -43.0301 -39.9308 0.799999
    endloop
  endfacet
  facet normal 0.0654055 0.997859 0
    outer loop
      vertex -43.5 -39.9 0.799999
      vertex -43.0301 -39.9308 0
      vertex -43.5 -39.9 0
    endloop
  endfacet
  facet normal -0.321018 -0.947073 0
    outer loop
      vertex -48.771 -49.3663 0
      vertex -48.6347 -49.4125 0.799999
      vertex -48.771 -49.3663 0.799999
    endloop
  endfacet
  facet normal -0.321018 -0.947073 -0
    outer loop
      vertex -48.6347 -49.4125 0.799999
      vertex -48.771 -49.3663 0
      vertex -48.6347 -49.4125 0
    endloop
  endfacet
  facet normal -0.751801 -0.65939 0
    outer loop
      vertex -49.1278 -49.1278 0
      vertex -49.2227 -49.0196 0.799999
      vertex -49.2227 -49.0196 0
    endloop
  endfacet
  facet normal -0.751801 -0.65939 0
    outer loop
      vertex -49.2227 -49.0196 0.799999
      vertex -49.1278 -49.1278 0
      vertex -49.1278 -49.1278 0.799999
    endloop
  endfacet
  facet normal 0.195177 0.980768 -0
    outer loop
      vertex -42.5683 -40.0227 0
      vertex -43.0301 -39.9308 0.799999
      vertex -42.5683 -40.0227 0.799999
    endloop
  endfacet
  facet normal 0.195177 0.980768 0
    outer loop
      vertex -43.0301 -39.9308 0.799999
      vertex -42.5683 -40.0227 0
      vertex -43.0301 -39.9308 0
    endloop
  endfacet
  facet normal -0.751879 0.659301 0
    outer loop
      vertex -46.3561 -41.3085 0
      vertex -46.0456 -40.9544 0.799999
      vertex -46.0456 -40.9544 0
    endloop
  endfacet
  facet normal -0.751879 0.659301 0
    outer loop
      vertex -46.0456 -40.9544 0.799999
      vertex -46.3561 -41.3085 0
      vertex -46.3561 -41.3085 0.799999
    endloop
  endfacet
  facet normal 0.896835 -0.442365 0
    outer loop
      vertex -40.3823 -45.3 0.799999
      vertex -40.174 -44.8777 0
      vertex -40.174 -44.8777 0.799999
    endloop
  endfacet
  facet normal 0.896835 -0.442365 0
    outer loop
      vertex -40.174 -44.8777 0
      vertex -40.3823 -45.3 0.799999
      vertex -40.3823 -45.3 0
    endloop
  endfacet
  facet normal -0.997864 0.0653198 0
    outer loop
      vertex -49.45 -48.35 0
      vertex -49.4406 -48.2064 0.799999
      vertex -49.4406 -48.2064 0
    endloop
  endfacet
  facet normal -0.997864 0.0653198 0
    outer loop
      vertex -49.4406 -48.2064 0.799999
      vertex -49.45 -48.35 0
      vertex -49.45 -48.35 0.799999
    endloop
  endfacet
  facet normal -0.555582 0.831462 0
    outer loop
      vertex -45.3 -40.3823 0
      vertex -45.6915 -40.6439 0.799999
      vertex -45.3 -40.3823 0.799999
    endloop
  endfacet
  facet normal -0.555582 0.831462 0
    outer loop
      vertex -45.6915 -40.6439 0.799999
      vertex -45.3 -40.3823 0
      vertex -45.6915 -40.6439 0
    endloop
  endfacet
  facet normal 0.195314 -0.980741 0
    outer loop
      vertex -48.2064 -49.4406 0
      vertex -48.0653 -49.4125 0.799999
      vertex -48.2064 -49.4406 0.799999
    endloop
  endfacet
  facet normal 0.195314 -0.980741 0
    outer loop
      vertex -48.0653 -49.4125 0.799999
      vertex -48.2064 -49.4406 0
      vertex -48.0653 -49.4125 0
    endloop
  endfacet
  facet normal -0.195314 -0.980741 0
    outer loop
      vertex -48.6347 -49.4125 0
      vertex -48.4936 -49.4406 0.799999
      vertex -48.6347 -49.4125 0.799999
    endloop
  endfacet
  facet normal -0.195314 -0.980741 -0
    outer loop
      vertex -48.4936 -49.4406 0.799999
      vertex -48.6347 -49.4125 0
      vertex -48.4936 -49.4406 0
    endloop
  endfacet
  facet normal -0.442365 0.896835 0
    outer loop
      vertex -44.8777 -40.174 0
      vertex -45.3 -40.3823 0.799999
      vertex -44.8777 -40.174 0.799999
    endloop
  endfacet
  facet normal -0.442365 0.896835 0
    outer loop
      vertex -45.3 -40.3823 0.799999
      vertex -44.8777 -40.174 0
      vertex -45.3 -40.3823 0
    endloop
  endfacet
  facet normal 0.751879 0.659301 0
    outer loop
      vertex -40.6439 -41.3085 0.799999
      vertex -40.9544 -40.9544 0
      vertex -40.9544 -40.9544 0.799999
    endloop
  endfacet
  facet normal 0.751879 0.659301 0
    outer loop
      vertex -40.9544 -40.9544 0
      vertex -40.6439 -41.3085 0.799999
      vertex -40.6439 -41.3085 0
    endloop
  endfacet
  facet normal -0.44276 -0.89664 0
    outer loop
      vertex -48.9 -49.3026 0
      vertex -48.771 -49.3663 0.799999
      vertex -48.9 -49.3026 0.799999
    endloop
  endfacet
  facet normal -0.44276 -0.89664 -0
    outer loop
      vertex -48.771 -49.3663 0.799999
      vertex -48.9 -49.3026 0
      vertex -48.771 -49.3663 0
    endloop
  endfacet
  facet normal -0.980741 0.195314 0
    outer loop
      vertex -49.4406 -48.2064 0
      vertex -49.4125 -48.0653 0.799999
      vertex -49.4125 -48.0653 0
    endloop
  endfacet
  facet normal -0.980741 0.195314 0
    outer loop
      vertex -49.4125 -48.0653 0.799999
      vertex -49.4406 -48.2064 0
      vertex -49.4406 -48.2064 0.799999
    endloop
  endfacet
  facet normal -0.0654055 0.997859 0
    outer loop
      vertex -43.5 -39.9 0
      vertex -43.9699 -39.9308 0.799999
      vertex -43.5 -39.9 0.799999
    endloop
  endfacet
  facet normal -0.0654055 0.997859 0
    outer loop
      vertex -43.9699 -39.9308 0.799999
      vertex -43.5 -39.9 0
      vertex -43.9699 -39.9308 0
    endloop
  endfacet
  facet normal -0.321256 0.946993 0
    outer loop
      vertex -44.4317 -40.0227 0
      vertex -44.8777 -40.174 0.799999
      vertex -44.4317 -40.0227 0.799999
    endloop
  endfacet
  facet normal -0.321256 0.946993 0
    outer loop
      vertex -44.8777 -40.174 0.799999
      vertex -44.4317 -40.0227 0
      vertex -44.8777 -40.174 0
    endloop
  endfacet
  facet normal -0.65939 -0.751801 0
    outer loop
      vertex -49.1278 -49.1278 0
      vertex -49.0196 -49.2227 0.799999
      vertex -49.1278 -49.1278 0.799999
    endloop
  endfacet
  facet normal -0.65939 -0.751801 -0
    outer loop
      vertex -49.0196 -49.2227 0.799999
      vertex -49.1278 -49.1278 0
      vertex -49.0196 -49.2227 0
    endloop
  endfacet
  facet normal 0.980768 -0.195177 0
    outer loop
      vertex -40.0227 -44.4317 0.799999
      vertex -39.9308 -43.9699 0
      vertex -39.9308 -43.9699 0.799999
    endloop
  endfacet
  facet normal 0.980768 -0.195177 0
    outer loop
      vertex -39.9308 -43.9699 0
      vertex -40.0227 -44.4317 0.799999
      vertex -40.0227 -44.4317 0
    endloop
  endfacet
  facet normal 0.659301 0.751879 -0
    outer loop
      vertex -40.9544 -40.9544 0
      vertex -41.3085 -40.6439 0.799999
      vertex -40.9544 -40.9544 0.799999
    endloop
  endfacet
  facet normal 0.659301 0.751879 0
    outer loop
      vertex -41.3085 -40.6439 0.799999
      vertex -40.9544 -40.9544 0
      vertex -41.3085 -40.6439 0
    endloop
  endfacet
  facet normal -0.831462 0.555582 0
    outer loop
      vertex -46.6177 -41.7 0
      vertex -46.3561 -41.3085 0.799999
      vertex -46.3561 -41.3085 0
    endloop
  endfacet
  facet normal -0.831462 0.555582 0
    outer loop
      vertex -46.3561 -41.3085 0.799999
      vertex -46.6177 -41.7 0
      vertex -46.6177 -41.7 0.799999
    endloop
  endfacet
  facet normal 0.980768 0.195177 0
    outer loop
      vertex -39.9308 -43.0301 0.799999
      vertex -40.0227 -42.5683 0
      vertex -40.0227 -42.5683 0.799999
    endloop
  endfacet
  facet normal 0.980768 0.195177 0
    outer loop
      vertex -40.0227 -42.5683 0
      vertex -39.9308 -43.0301 0.799999
      vertex -39.9308 -43.0301 0
    endloop
  endfacet
  facet normal -0.0653198 -0.997864 0
    outer loop
      vertex -48.4936 -49.4406 0
      vertex -48.35 -49.45 0.799999
      vertex -48.4936 -49.4406 0.799999
    endloop
  endfacet
  facet normal -0.0653198 -0.997864 -0
    outer loop
      vertex -48.35 -49.45 0.799999
      vertex -48.4936 -49.4406 0
      vertex -48.35 -49.45 0
    endloop
  endfacet
  facet normal 0.896835 0.442365 0
    outer loop
      vertex -40.174 -42.1223 0.799999
      vertex -40.3823 -41.7 0
      vertex -40.3823 -41.7 0.799999
    endloop
  endfacet
  facet normal 0.896835 0.442365 0
    outer loop
      vertex -40.3823 -41.7 0
      vertex -40.174 -42.1223 0.799999
      vertex -40.174 -42.1223 0
    endloop
  endfacet
  facet normal -0.195177 0.980768 0
    outer loop
      vertex -43.9699 -39.9308 0
      vertex -44.4317 -40.0227 0.799999
      vertex -43.9699 -39.9308 0.799999
    endloop
  endfacet
  facet normal -0.195177 0.980768 0
    outer loop
      vertex -44.4317 -40.0227 0.799999
      vertex -43.9699 -39.9308 0
      vertex -44.4317 -40.0227 0
    endloop
  endfacet
  facet normal -0.947073 0.321018 0
    outer loop
      vertex -49.4125 -48.0653 0
      vertex -49.3663 -47.929 0.799999
      vertex -49.3663 -47.929 0
    endloop
  endfacet
  facet normal -0.947073 0.321018 0
    outer loop
      vertex -49.3663 -47.929 0.799999
      vertex -49.4125 -48.0653 0
      vertex -49.4125 -48.0653 0.799999
    endloop
  endfacet
  facet normal -0.89664 -0.44276 0
    outer loop
      vertex -49.3026 -48.9 0
      vertex -49.3663 -48.771 0.799999
      vertex -49.3663 -48.771 0
    endloop
  endfacet
  facet normal -0.89664 -0.44276 0
    outer loop
      vertex -49.3663 -48.771 0.799999
      vertex -49.3026 -48.9 0
      vertex -49.3026 -48.9 0.799999
    endloop
  endfacet
  facet normal 0.751879 -0.659301 0
    outer loop
      vertex -40.9544 40.9544 0.799999
      vertex -40.6439 41.3085 0
      vertex -40.6439 41.3085 0.799999
    endloop
  endfacet
  facet normal 0.751879 -0.659301 0
    outer loop
      vertex -40.6439 41.3085 0
      vertex -40.9544 40.9544 0.799999
      vertex -40.9544 40.9544 0
    endloop
  endfacet
  facet normal 0.946993 -0.321256 0
    outer loop
      vertex -40.174 42.1223 0.799999
      vertex -40.0227 42.5683 0
      vertex -40.0227 42.5683 0.799999
    endloop
  endfacet
  facet normal 0.946993 -0.321256 0
    outer loop
      vertex -40.0227 42.5683 0
      vertex -40.174 42.1223 0.799999
      vertex -40.174 42.1223 0
    endloop
  endfacet
  facet normal 0.997859 -0.0654055 0
    outer loop
      vertex -39.9308 43.0301 0.799999
      vertex -39.9 43.5 0
      vertex -39.9 43.5 0.799999
    endloop
  endfacet
  facet normal 0.997859 -0.0654055 0
    outer loop
      vertex -39.9 43.5 0
      vertex -39.9308 43.0301 0.799999
      vertex -39.9308 43.0301 0
    endloop
  endfacet
  facet normal 0.946993 0.321256 0
    outer loop
      vertex -40.0227 44.4317 0.799999
      vertex -40.174 44.8777 0
      vertex -40.174 44.8777 0.799999
    endloop
  endfacet
  facet normal 0.946993 0.321256 0
    outer loop
      vertex -40.174 44.8777 0
      vertex -40.0227 44.4317 0.799999
      vertex -40.0227 44.4317 0
    endloop
  endfacet
  facet normal 0.442365 -0.896835 0
    outer loop
      vertex -42.1223 40.174 0
      vertex -41.7 40.3823 0.799999
      vertex -42.1223 40.174 0.799999
    endloop
  endfacet
  facet normal 0.442365 -0.896835 0
    outer loop
      vertex -41.7 40.3823 0.799999
      vertex -42.1223 40.174 0
      vertex -41.7 40.3823 0
    endloop
  endfacet
  facet normal 0.442365 0.896835 -0
    outer loop
      vertex -41.7 46.6177 0
      vertex -42.1223 46.826 0.799999
      vertex -41.7 46.6177 0.799999
    endloop
  endfacet
  facet normal 0.442365 0.896835 0
    outer loop
      vertex -42.1223 46.826 0.799999
      vertex -41.7 46.6177 0
      vertex -42.1223 46.826 0
    endloop
  endfacet
  facet normal 0.896835 0.442365 0
    outer loop
      vertex -40.174 44.8777 0.799999
      vertex -40.3823 45.3 0
      vertex -40.3823 45.3 0.799999
    endloop
  endfacet
  facet normal 0.896835 0.442365 0
    outer loop
      vertex -40.3823 45.3 0
      vertex -40.174 44.8777 0.799999
      vertex -40.174 44.8777 0
    endloop
  endfacet
  facet normal 0.555582 -0.831462 0
    outer loop
      vertex -41.7 40.3823 0
      vertex -41.3085 40.6439 0.799999
      vertex -41.7 40.3823 0.799999
    endloop
  endfacet
  facet normal 0.555582 -0.831462 0
    outer loop
      vertex -41.3085 40.6439 0.799999
      vertex -41.7 40.3823 0
      vertex -41.3085 40.6439 0
    endloop
  endfacet
  facet normal -0.916142 -0.400853 0
    outer loop
      vertex -49.0619 47.2333 0
      vertex -49.3663 47.929 0.799999
      vertex -49.3663 47.929 0
    endloop
  endfacet
  facet normal -0.916142 -0.400853 0
    outer loop
      vertex -49.3663 47.929 0.799999
      vertex -49.0619 47.2333 0
      vertex -49.0619 47.2333 0.799999
    endloop
  endfacet
  facet normal -0.91618 -0.400767 0
    outer loop
      vertex -46.826 42.1223 0
      vertex -47.35 43.3202 0.799999
      vertex -47.35 43.3202 0
    endloop
  endfacet
  facet normal -0.91618 -0.400767 0
    outer loop
      vertex -47.35 43.3202 0.799999
      vertex -46.826 42.1223 0
      vertex -46.826 42.1223 0.799999
    endloop
  endfacet
  facet normal -0.751879 -0.659301 0
    outer loop
      vertex -46.0456 40.9544 0
      vertex -46.3561 41.3085 0.799999
      vertex -46.3561 41.3085 0
    endloop
  endfacet
  facet normal -0.751879 -0.659301 0
    outer loop
      vertex -46.3561 41.3085 0.799999
      vertex -46.0456 40.9544 0
      vertex -46.0456 40.9544 0.799999
    endloop
  endfacet
  facet normal 0.831462 -0.555582 0
    outer loop
      vertex -40.6439 41.3085 0.799999
      vertex -40.3823 41.7 0
      vertex -40.3823 41.7 0.799999
    endloop
  endfacet
  facet normal 0.831462 -0.555582 0
    outer loop
      vertex -40.3823 41.7 0
      vertex -40.6439 41.3085 0.799999
      vertex -40.6439 41.3085 0
    endloop
  endfacet
  facet normal 0.896835 -0.442365 0
    outer loop
      vertex -40.3823 41.7 0.799999
      vertex -40.174 42.1223 0
      vertex -40.174 42.1223 0.799999
    endloop
  endfacet
  facet normal 0.896835 -0.442365 0
    outer loop
      vertex -40.174 42.1223 0
      vertex -40.3823 41.7 0.799999
      vertex -40.3823 41.7 0
    endloop
  endfacet
  facet normal -0.831515 0.555502 0
    outer loop
      vertex -49.3026 48.9 0
      vertex -49.2227 49.0196 0.799999
      vertex -49.2227 49.0196 0
    endloop
  endfacet
  facet normal -0.831515 0.555502 0
    outer loop
      vertex -49.2227 49.0196 0.799999
      vertex -49.3026 48.9 0
      vertex -49.3026 48.9 0.799999
    endloop
  endfacet
  facet normal 0.997859 0.0654055 0
    outer loop
      vertex -39.9 43.5 0.799999
      vertex -39.9308 43.9699 0
      vertex -39.9308 43.9699 0.799999
    endloop
  endfacet
  facet normal 0.997859 0.0654055 0
    outer loop
      vertex -39.9308 43.9699 0
      vertex -39.9 43.5 0.799999
      vertex -39.9 43.5 0
    endloop
  endfacet
  facet normal -0.321018 0.947073 0
    outer loop
      vertex -48.6347 49.4125 0
      vertex -48.771 49.3663 0.799999
      vertex -48.6347 49.4125 0.799999
    endloop
  endfacet
  facet normal -0.321018 0.947073 0
    outer loop
      vertex -48.771 49.3663 0.799999
      vertex -48.6347 49.4125 0
      vertex -48.771 49.3663 0
    endloop
  endfacet
  facet normal -0.896835 -0.442365 0
    outer loop
      vertex -46.6177 41.7 0
      vertex -46.826 42.1223 0.799999
      vertex -46.826 42.1223 0
    endloop
  endfacet
  facet normal -0.896835 -0.442365 0
    outer loop
      vertex -46.826 42.1223 0.799999
      vertex -46.6177 41.7 0
      vertex -46.6177 41.7 0.799999
    endloop
  endfacet
  facet normal 0.321018 0.947073 -0
    outer loop
      vertex -47.929 49.3663 0
      vertex -48.0653 49.4125 0.799999
      vertex -47.929 49.3663 0.799999
    endloop
  endfacet
  facet normal 0.321018 0.947073 0
    outer loop
      vertex -48.0653 49.4125 0.799999
      vertex -47.929 49.3663 0
      vertex -48.0653 49.4125 0
    endloop
  endfacet
  facet normal 0.195177 -0.980768 0
    outer loop
      vertex -43.0301 39.9308 0
      vertex -42.5683 40.0227 0.799999
      vertex -43.0301 39.9308 0.799999
    endloop
  endfacet
  facet normal 0.195177 -0.980768 0
    outer loop
      vertex -42.5683 40.0227 0.799999
      vertex -43.0301 39.9308 0
      vertex -42.5683 40.0227 0
    endloop
  endfacet
  facet normal 0.980768 -0.195177 0
    outer loop
      vertex -40.0227 42.5683 0.799999
      vertex -39.9308 43.0301 0
      vertex -39.9308 43.0301 0.799999
    endloop
  endfacet
  facet normal 0.980768 -0.195177 0
    outer loop
      vertex -39.9308 43.0301 0
      vertex -40.0227 42.5683 0.799999
      vertex -40.0227 42.5683 0
    endloop
  endfacet
  facet normal 0.659301 0.751879 -0
    outer loop
      vertex -40.9544 46.0456 0
      vertex -41.3085 46.3561 0.799999
      vertex -40.9544 46.0456 0.799999
    endloop
  endfacet
  facet normal 0.659301 0.751879 0
    outer loop
      vertex -41.3085 46.3561 0.799999
      vertex -40.9544 46.0456 0
      vertex -41.3085 46.3561 0
    endloop
  endfacet
  facet normal -0.659301 -0.751879 0
    outer loop
      vertex -46.0456 40.9544 0
      vertex -45.6915 40.6439 0.799999
      vertex -46.0456 40.9544 0.799999
    endloop
  endfacet
  facet normal -0.659301 -0.751879 -0
    outer loop
      vertex -45.6915 40.6439 0.799999
      vertex -46.0456 40.9544 0
      vertex -45.6915 40.6439 0
    endloop
  endfacet
  facet normal 0.831462 0.555582 0
    outer loop
      vertex -40.3823 45.3 0.799999
      vertex -40.6439 45.6915 0
      vertex -40.6439 45.6915 0.799999
    endloop
  endfacet
  facet normal 0.831462 0.555582 0
    outer loop
      vertex -40.6439 45.6915 0
      vertex -40.3823 45.3 0.799999
      vertex -40.3823 45.3 0
    endloop
  endfacet
  facet normal -0.44276 0.89664 0
    outer loop
      vertex -48.771 49.3663 0
      vertex -48.9 49.3026 0.799999
      vertex -48.771 49.3663 0.799999
    endloop
  endfacet
  facet normal -0.44276 0.89664 0
    outer loop
      vertex -48.9 49.3026 0.799999
      vertex -48.771 49.3663 0
      vertex -48.9 49.3026 0
    endloop
  endfacet
  facet normal 0.751879 0.659301 0
    outer loop
      vertex -40.6439 45.6915 0.799999
      vertex -40.9544 46.0456 0
      vertex -40.9544 46.0456 0.799999
    endloop
  endfacet
  facet normal 0.751879 0.659301 0
    outer loop
      vertex -40.9544 46.0456 0
      vertex -40.6439 45.6915 0.799999
      vertex -40.6439 45.6915 0
    endloop
  endfacet
  facet normal -0.65939 0.751801 0
    outer loop
      vertex -49.0196 49.2227 0
      vertex -49.1278 49.1278 0.799999
      vertex -49.0196 49.2227 0.799999
    endloop
  endfacet
  facet normal -0.65939 0.751801 0
    outer loop
      vertex -49.1278 49.1278 0.799999
      vertex -49.0196 49.2227 0
      vertex -49.1278 49.1278 0
    endloop
  endfacet
  facet normal 0.659301 -0.751879 0
    outer loop
      vertex -41.3085 40.6439 0
      vertex -40.9544 40.9544 0.799999
      vertex -41.3085 40.6439 0.799999
    endloop
  endfacet
  facet normal 0.659301 -0.751879 0
    outer loop
      vertex -40.9544 40.9544 0.799999
      vertex -41.3085 40.6439 0
      vertex -40.9544 40.9544 0
    endloop
  endfacet
  facet normal -0.831462 -0.555582 0
    outer loop
      vertex -46.3561 41.3085 0
      vertex -46.6177 41.7 0.799999
      vertex -46.6177 41.7 0
    endloop
  endfacet
  facet normal -0.831462 -0.555582 0
    outer loop
      vertex -46.6177 41.7 0.799999
      vertex -46.3561 41.3085 0
      vertex -46.3561 41.3085 0.799999
    endloop
  endfacet
  facet normal 0.0653198 0.997864 -0
    outer loop
      vertex -48.2064 49.4406 0
      vertex -48.35 49.45 0.799999
      vertex -48.2064 49.4406 0.799999
    endloop
  endfacet
  facet normal 0.0653198 0.997864 0
    outer loop
      vertex -48.35 49.45 0.799999
      vertex -48.2064 49.4406 0
      vertex -48.35 49.45 0
    endloop
  endfacet
  facet normal 0.980768 0.195177 0
    outer loop
      vertex -39.9308 43.9699 0.799999
      vertex -40.0227 44.4317 0
      vertex -40.0227 44.4317 0.799999
    endloop
  endfacet
  facet normal 0.980768 0.195177 0
    outer loop
      vertex -40.0227 44.4317 0
      vertex -39.9308 43.9699 0.799999
      vertex -39.9308 43.9699 0
    endloop
  endfacet
  facet normal -0.0653198 0.997864 0
    outer loop
      vertex -48.35 49.45 0
      vertex -48.4936 49.4406 0.799999
      vertex -48.35 49.45 0.799999
    endloop
  endfacet
  facet normal -0.0653198 0.997864 0
    outer loop
      vertex -48.4936 49.4406 0.799999
      vertex -48.35 49.45 0
      vertex -48.4936 49.4406 0
    endloop
  endfacet
  facet normal -0.321256 -0.946993 0
    outer loop
      vertex -44.8777 40.174 0
      vertex -44.4317 40.0227 0.799999
      vertex -44.8777 40.174 0.799999
    endloop
  endfacet
  facet normal -0.321256 -0.946993 -0
    outer loop
      vertex -44.4317 40.0227 0.799999
      vertex -44.8777 40.174 0
      vertex -44.4317 40.0227 0
    endloop
  endfacet
  facet normal -0.442365 -0.896835 0
    outer loop
      vertex -45.3 40.3823 0
      vertex -44.8777 40.174 0.799999
      vertex -45.3 40.3823 0.799999
    endloop
  endfacet
  facet normal -0.442365 -0.896835 -0
    outer loop
      vertex -44.8777 40.174 0.799999
      vertex -45.3 40.3823 0
      vertex -44.8777 40.174 0
    endloop
  endfacet
  facet normal -0.997864 -0.0653198 0
    outer loop
      vertex -49.4406 48.2064 0
      vertex -49.45 48.35 0.799999
      vertex -49.45 48.35 0
    endloop
  endfacet
  facet normal -0.997864 -0.0653198 0
    outer loop
      vertex -49.45 48.35 0.799999
      vertex -49.4406 48.2064 0
      vertex -49.4406 48.2064 0.799999
    endloop
  endfacet
  facet normal -0.555582 -0.831462 0
    outer loop
      vertex -45.6915 40.6439 0
      vertex -45.3 40.3823 0.799999
      vertex -45.6915 40.6439 0.799999
    endloop
  endfacet
  facet normal -0.555582 -0.831462 -0
    outer loop
      vertex -45.3 40.3823 0.799999
      vertex -45.6915 40.6439 0
      vertex -45.3 40.3823 0
    endloop
  endfacet
  facet normal -0.980741 0.195314 0
    outer loop
      vertex -49.4406 48.4936 0
      vertex -49.4125 48.6347 0.799999
      vertex -49.4125 48.6347 0
    endloop
  endfacet
  facet normal -0.980741 0.195314 0
    outer loop
      vertex -49.4125 48.6347 0.799999
      vertex -49.4406 48.4936 0
      vertex -49.4406 48.4936 0.799999
    endloop
  endfacet
  facet normal 0.321256 -0.946993 0
    outer loop
      vertex -42.5683 40.0227 0
      vertex -42.1223 40.174 0.799999
      vertex -42.5683 40.0227 0.799999
    endloop
  endfacet
  facet normal 0.321256 -0.946993 0
    outer loop
      vertex -42.1223 40.174 0.799999
      vertex -42.5683 40.0227 0
      vertex -42.1223 40.174 0
    endloop
  endfacet
  facet normal 0.400767 0.91618 -0
    outer loop
      vertex -42.1223 46.826 0
      vertex -43.3202 47.35 0.799999
      vertex -42.1223 46.826 0.799999
    endloop
  endfacet
  facet normal 0.400767 0.91618 0
    outer loop
      vertex -43.3202 47.35 0.799999
      vertex -42.1223 46.826 0
      vertex -43.3202 47.35 0
    endloop
  endfacet
  facet normal 0.400853 0.916142 -0
    outer loop
      vertex -47.2333 49.0619 0
      vertex -47.929 49.3663 0.799999
      vertex -47.2333 49.0619 0.799999
    endloop
  endfacet
  facet normal 0.400853 0.916142 0
    outer loop
      vertex -47.929 49.3663 0.799999
      vertex -47.2333 49.0619 0
      vertex -47.929 49.3663 0
    endloop
  endfacet
  facet normal -0.751801 0.65939 0
    outer loop
      vertex -49.2227 49.0196 0
      vertex -49.1278 49.1278 0.799999
      vertex -49.1278 49.1278 0
    endloop
  endfacet
  facet normal -0.751801 0.65939 0
    outer loop
      vertex -49.1278 49.1278 0.799999
      vertex -49.2227 49.0196 0
      vertex -49.2227 49.0196 0.799999
    endloop
  endfacet
  facet normal -0.947073 -0.321018 0
    outer loop
      vertex -49.3663 47.929 0
      vertex -49.4125 48.0653 0.799999
      vertex -49.4125 48.0653 0
    endloop
  endfacet
  facet normal -0.947073 -0.321018 0
    outer loop
      vertex -49.4125 48.0653 0.799999
      vertex -49.3663 47.929 0
      vertex -49.3663 47.929 0.799999
    endloop
  endfacet
  facet normal -0.89664 0.44276 0
    outer loop
      vertex -49.3663 48.771 0
      vertex -49.3026 48.9 0.799999
      vertex -49.3026 48.9 0
    endloop
  endfacet
  facet normal -0.89664 0.44276 0
    outer loop
      vertex -49.3026 48.9 0.799999
      vertex -49.3663 48.771 0
      vertex -49.3663 48.771 0.799999
    endloop
  endfacet
  facet normal 0.0654055 -0.997859 0
    outer loop
      vertex -43.5 39.9 0
      vertex -43.0301 39.9308 0.799999
      vertex -43.5 39.9 0.799999
    endloop
  endfacet
  facet normal 0.0654055 -0.997859 0
    outer loop
      vertex -43.0301 39.9308 0.799999
      vertex -43.5 39.9 0
      vertex -43.0301 39.9308 0
    endloop
  endfacet
  facet normal -0.0654055 -0.997859 0
    outer loop
      vertex -43.9699 39.9308 0
      vertex -43.5 39.9 0.799999
      vertex -43.9699 39.9308 0.799999
    endloop
  endfacet
  facet normal -0.0654055 -0.997859 -0
    outer loop
      vertex -43.5 39.9 0.799999
      vertex -43.9699 39.9308 0
      vertex -43.5 39.9 0
    endloop
  endfacet
  facet normal -0.555502 0.831515 0
    outer loop
      vertex -48.9 49.3026 0
      vertex -49.0196 49.2227 0.799999
      vertex -48.9 49.3026 0.799999
    endloop
  endfacet
  facet normal -0.555502 0.831515 0
    outer loop
      vertex -49.0196 49.2227 0.799999
      vertex -48.9 49.3026 0
      vertex -49.0196 49.2227 0
    endloop
  endfacet
  facet normal 0 0 1
    outer loop
      vertex -41.85 43.5 0.799999
      vertex -39.9 43.5 0.799999
      vertex -39.9308 43.9699 0.799999
    endloop
  endfacet
  facet normal 0 0 1
    outer loop
      vertex -41.8641 43.7154 0.799999
      vertex -39.9308 43.9699 0.799999
      vertex -40.0227 44.4317 0.799999
    endloop
  endfacet
  facet normal 0 0 1
    outer loop
      vertex -39.9 43.5 0.799999
      vertex -41.85 43.5 0.799999
      vertex -39.9308 43.0301 0.799999
    endloop
  endfacet
  facet normal 0 0 1
    outer loop
      vertex -41.9062 43.9271 0.799999
      vertex -40.0227 44.4317 0.799999
      vertex -40.174 44.8777 0.799999
    endloop
  endfacet
  facet normal -0 0 1
    outer loop
      vertex -41.8641 43.2846 0.799999
      vertex -39.9308 43.0301 0.799999
      vertex -41.85 43.5 0.799999
    endloop
  endfacet
  facet normal 0 0 1
    outer loop
      vertex -41.9756 44.1314 0.799999
      vertex -40.174 44.8777 0.799999
      vertex -40.3823 45.3 0.799999
    endloop
  endfacet
  facet normal 0 0 1
    outer loop
      vertex -39.9308 43.0301 0.799999
      vertex -41.8641 43.2846 0.799999
      vertex -40.0227 42.5683 0.799999
    endloop
  endfacet
  facet normal 0 0 1
    outer loop
      vertex -42.0711 44.325 0.799999
      vertex -40.3823 45.3 0.799999
      vertex -40.6439 45.6915 0.799999
    endloop
  endfacet
  facet normal -0 0 1
    outer loop
      vertex -41.9062 43.0729 0.799999
      vertex -40.0227 42.5683 0.799999
      vertex -41.8641 43.2846 0.799999
    endloop
  endfacet
  facet normal 0 0 1
    outer loop
      vertex -42.191 44.5045 0.799999
      vertex -40.6439 45.6915 0.799999
      vertex -40.9544 46.0456 0.799999
    endloop
  endfacet
  facet normal 0 0 1
    outer loop
      vertex -40.0227 42.5683 0.799999
      vertex -41.9062 43.0729 0.799999
      vertex -40.174 42.1223 0.799999
    endloop
  endfacet
  facet normal 0 0 1
    outer loop
      vertex -42.3333 44.6667 0.799999
      vertex -40.9544 46.0456 0.799999
      vertex -41.3085 46.3561 0.799999
    endloop
  endfacet
  facet normal -0 0 1
    outer loop
      vertex -41.9756 42.8686 0.799999
      vertex -40.174 42.1223 0.799999
      vertex -41.9062 43.0729 0.799999
    endloop
  endfacet
  facet normal 0 0 1
    outer loop
      vertex -42.4955 44.809 0.799999
      vertex -41.3085 46.3561 0.799999
      vertex -41.7 46.6177 0.799999
    endloop
  endfacet
  facet normal 0 0 1
    outer loop
      vertex -40.174 42.1223 0.799999
      vertex -41.9756 42.8686 0.799999
      vertex -40.3823 41.7 0.799999
    endloop
  endfacet
  facet normal -0 0 1
    outer loop
      vertex -42.0711 42.675 0.799999
      vertex -40.3823 41.7 0.799999
      vertex -41.9756 42.8686 0.799999
    endloop
  endfacet
  facet normal 0 0 1
    outer loop
      vertex -39.9308 43.9699 0.799999
      vertex -41.8641 43.7154 0.799999
      vertex -41.85 43.5 0.799999
    endloop
  endfacet
  facet normal 0 0 1
    outer loop
      vertex -40.0227 44.4317 0.799999
      vertex -41.9062 43.9271 0.799999
      vertex -41.8641 43.7154 0.799999
    endloop
  endfacet
  facet normal 0 0 1
    outer loop
      vertex -40.174 44.8777 0.799999
      vertex -41.9756 44.1314 0.799999
      vertex -41.9062 43.9271 0.799999
    endloop
  endfacet
  facet normal 0 0 1
    outer loop
      vertex -40.3823 45.3 0.799999
      vertex -42.0711 44.325 0.799999
      vertex -41.9756 44.1314 0.799999
    endloop
  endfacet
  facet normal 0 0 1
    outer loop
      vertex -42.675 44.9289 0.799999
      vertex -41.7 46.6177 0.799999
      vertex -42.1223 46.826 0.799999
    endloop
  endfacet
  facet normal 0 0 1
    outer loop
      vertex -40.6439 45.6915 0.799999
      vertex -42.191 44.5045 0.799999
      vertex -42.0711 44.325 0.799999
    endloop
  endfacet
  facet normal 0 0 1
    outer loop
      vertex -40.9544 46.0456 0.799999
      vertex -42.3333 44.6667 0.799999
      vertex -42.191 44.5045 0.799999
    endloop
  endfacet
  facet normal 0 0 1
    outer loop
      vertex -41.3085 46.3561 0.799999
      vertex -42.4955 44.809 0.799999
      vertex -42.3333 44.6667 0.799999
    endloop
  endfacet
  facet normal 0 0 1
    outer loop
      vertex -41.7 46.6177 0.799999
      vertex -42.675 44.9289 0.799999
      vertex -42.4955 44.809 0.799999
    endloop
  endfacet
  facet normal 0 0 1
    outer loop
      vertex -42.1223 46.826 0.799999
      vertex -42.8686 45.0244 0.799999
      vertex -42.675 44.9289 0.799999
    endloop
  endfacet
  facet normal 0 0 1
    outer loop
      vertex -42.1223 46.826 0.799999
      vertex -43.0729 45.0938 0.799999
      vertex -42.8686 45.0244 0.799999
    endloop
  endfacet
  facet normal 0 0 1
    outer loop
      vertex -42.1223 46.826 0.799999
      vertex -43.2846 45.1359 0.799999
      vertex -43.0729 45.0938 0.799999
    endloop
  endfacet
  facet normal 0 0 1
    outer loop
      vertex -43.3202 47.35 0.799999
      vertex -43.2846 45.1359 0.799999
      vertex -42.1223 46.826 0.799999
    endloop
  endfacet
  facet normal 0 0 1
    outer loop
      vertex -43.3202 47.35 0.799999
      vertex -43.5 45.15 0.799999
      vertex -43.2846 45.1359 0.799999
    endloop
  endfacet
  facet normal 0 0 1
    outer loop
      vertex -43.3202 47.35 0.799999
      vertex -43.7154 45.1359 0.799999
      vertex -43.5 45.15 0.799999
    endloop
  endfacet
  facet normal 0 0 1
    outer loop
      vertex -43.3202 47.35 0.799999
      vertex -43.9271 45.0938 0.799999
      vertex -43.7154 45.1359 0.799999
    endloop
  endfacet
  facet normal 0 0 1
    outer loop
      vertex -43.3202 47.35 0.799999
      vertex -44.1314 45.0244 0.799999
      vertex -43.9271 45.0938 0.799999
    endloop
  endfacet
  facet normal -0 0 1
    outer loop
      vertex -45.85 47.35 0.799999
      vertex -44.1314 45.0244 0.799999
      vertex -43.3202 47.35 0.799999
    endloop
  endfacet
  facet normal 0 0 1
    outer loop
      vertex -44.1314 45.0244 0.799999
      vertex -45.85 47.35 0.799999
      vertex -44.325 44.9289 0.799999
    endloop
  endfacet
  facet normal 0 0 1
    outer loop
      vertex -44.325 44.9289 0.799999
      vertex -45.85 47.35 0.799999
      vertex -44.5045 44.809 0.799999
    endloop
  endfacet
  facet normal 0 0 1
    outer loop
      vertex -44.5045 44.809 0.799999
      vertex -45.85 47.35 0.799999
      vertex -44.6667 44.6667 0.799999
    endloop
  endfacet
  facet normal -0 0 1
    outer loop
      vertex -47.35 45.85 0.799999
      vertex -44.6667 44.6667 0.799999
      vertex -45.85 47.35 0.799999
    endloop
  endfacet
  facet normal 0 0 1
    outer loop
      vertex -44.5045 42.191 0.799999
      vertex -45.6915 40.6439 0.799999
      vertex -45.3 40.3823 0.799999
    endloop
  endfacet
  facet normal 0 0 1
    outer loop
      vertex -47.35 43.3202 0.799999
      vertex -45.15 43.5 0.799999
      vertex -45.1359 43.7154 0.799999
    endloop
  endfacet
  facet normal 0 0 1
    outer loop
      vertex -44.6667 44.6667 0.799999
      vertex -47.35 45.85 0.799999
      vertex -44.809 44.5045 0.799999
    endloop
  endfacet
  facet normal 0 0 1
    outer loop
      vertex -44.809 44.5045 0.799999
      vertex -47.35 45.85 0.799999
      vertex -44.9289 44.325 0.799999
    endloop
  endfacet
  facet normal 0 0 1
    outer loop
      vertex -44.9289 44.325 0.799999
      vertex -47.35 45.85 0.799999
      vertex -45.0244 44.1314 0.799999
    endloop
  endfacet
  facet normal 0 0 1
    outer loop
      vertex -47.35 43.3202 0.799999
      vertex -45.0244 44.1314 0.799999
      vertex -47.35 45.85 0.799999
    endloop
  endfacet
  facet normal 0 0 1
    outer loop
      vertex -45.0244 44.1314 0.799999
      vertex -47.35 43.3202 0.799999
      vertex -45.0938 43.9271 0.799999
    endloop
  endfacet
  facet normal 0 0 1
    outer loop
      vertex -45.1359 43.2846 0.799999
      vertex -46.826 42.1223 0.799999
      vertex -46.6177 41.7 0.799999
    endloop
  endfacet
  facet normal 0 0 1
    outer loop
      vertex -47.35 45.85 0.799999
      vertex -45.85 47.35 0.799999
      vertex -46.0458 47.3372 0.799999
    endloop
  endfacet
  facet normal 0 0 1
    outer loop
      vertex -47.35 45.85 0.799999
      vertex -46.0458 47.3372 0.799999
      vertex -46.2382 47.2989 0.799999
    endloop
  endfacet
  facet normal 0 0 1
    outer loop
      vertex -45.1359 43.2846 0.799999
      vertex -46.0456 40.9544 0.799999
      vertex -45.6915 40.6439 0.799999
    endloop
  endfacet
  facet normal 0 0 1
    outer loop
      vertex -47.35 45.85 0.799999
      vertex -46.2382 47.2989 0.799999
      vertex -46.424 47.2358 0.799999
    endloop
  endfacet
  facet normal 0 0 1
    outer loop
      vertex -47.35 45.85 0.799999
      vertex -46.424 47.2358 0.799999
      vertex -46.6 47.149 0.799999
    endloop
  endfacet
  facet normal 0 0 1
    outer loop
      vertex -45.1359 43.2846 0.799999
      vertex -46.3561 41.3085 0.799999
      vertex -46.0456 40.9544 0.799999
    endloop
  endfacet
  facet normal 0 0 1
    outer loop
      vertex -47.35 45.85 0.799999
      vertex -46.6 47.149 0.799999
      vertex -46.7631 47.04 0.799999
    endloop
  endfacet
  facet normal 0 0 1
    outer loop
      vertex -45.1359 43.2846 0.799999
      vertex -46.6177 41.7 0.799999
      vertex -46.3561 41.3085 0.799999
    endloop
  endfacet
  facet normal 0 0 1
    outer loop
      vertex -47.35 45.85 0.799999
      vertex -46.7631 47.04 0.799999
      vertex -46.9106 46.9106 0.799999
    endloop
  endfacet
  facet normal 0 0 1
    outer loop
      vertex -47.35 45.85 0.799999
      vertex -46.9106 46.9106 0.799999
      vertex -47.04 46.7631 0.799999
    endloop
  endfacet
  facet normal 0 0 1
    outer loop
      vertex -47.35 45.85 0.799999
      vertex -47.04 46.7631 0.799999
      vertex -47.149 46.6 0.799999
    endloop
  endfacet
  facet normal 0 0 1
    outer loop
      vertex -47.35 45.85 0.799999
      vertex -47.149 46.6 0.799999
      vertex -47.2358 46.424 0.799999
    endloop
  endfacet
  facet normal 0 0 1
    outer loop
      vertex -47.35 45.85 0.799999
      vertex -47.2358 46.424 0.799999
      vertex -47.2989 46.2382 0.799999
    endloop
  endfacet
  facet normal 0 0 1
    outer loop
      vertex -47.35 45.85 0.799999
      vertex -47.2989 46.2382 0.799999
      vertex -47.3372 46.0458 0.799999
    endloop
  endfacet
  facet normal 0 0 1
    outer loop
      vertex -45.0938 43.9271 0.799999
      vertex -47.35 43.3202 0.799999
      vertex -45.1359 43.7154 0.799999
    endloop
  endfacet
  facet normal 0 0 1
    outer loop
      vertex -45.1359 43.2846 0.799999
      vertex -47.35 43.3202 0.799999
      vertex -46.826 42.1223 0.799999
    endloop
  endfacet
  facet normal 0 0 1
    outer loop
      vertex -40.3823 41.7 0.799999
      vertex -42.0711 42.675 0.799999
      vertex -40.6439 41.3085 0.799999
    endloop
  endfacet
  facet normal -0 0 1
    outer loop
      vertex -42.191 42.4955 0.799999
      vertex -40.6439 41.3085 0.799999
      vertex -42.0711 42.675 0.799999
    endloop
  endfacet
  facet normal 0 0 1
    outer loop
      vertex -40.6439 41.3085 0.799999
      vertex -42.191 42.4955 0.799999
      vertex -40.9544 40.9544 0.799999
    endloop
  endfacet
  facet normal -0 0 1
    outer loop
      vertex -42.3333 42.3333 0.799999
      vertex -40.9544 40.9544 0.799999
      vertex -42.191 42.4955 0.799999
    endloop
  endfacet
  facet normal 0 0 1
    outer loop
      vertex -40.9544 40.9544 0.799999
      vertex -42.3333 42.3333 0.799999
      vertex -41.3085 40.6439 0.799999
    endloop
  endfacet
  facet normal -0 0 1
    outer loop
      vertex -42.4955 42.191 0.799999
      vertex -41.3085 40.6439 0.799999
      vertex -42.3333 42.3333 0.799999
    endloop
  endfacet
  facet normal 0 0 1
    outer loop
      vertex -41.3085 40.6439 0.799999
      vertex -42.4955 42.191 0.799999
      vertex -41.7 40.3823 0.799999
    endloop
  endfacet
  facet normal -0 0 1
    outer loop
      vertex -42.675 42.0711 0.799999
      vertex -41.7 40.3823 0.799999
      vertex -42.4955 42.191 0.799999
    endloop
  endfacet
  facet normal 0 0 1
    outer loop
      vertex -41.7 40.3823 0.799999
      vertex -42.675 42.0711 0.799999
      vertex -42.1223 40.174 0.799999
    endloop
  endfacet
  facet normal -0 0 1
    outer loop
      vertex -42.8686 41.9756 0.799999
      vertex -42.1223 40.174 0.799999
      vertex -42.675 42.0711 0.799999
    endloop
  endfacet
  facet normal 0 0 1
    outer loop
      vertex -42.1223 40.174 0.799999
      vertex -42.8686 41.9756 0.799999
      vertex -42.5683 40.0227 0.799999
    endloop
  endfacet
  facet normal -0 0 1
    outer loop
      vertex -43.0729 41.9062 0.799999
      vertex -42.5683 40.0227 0.799999
      vertex -42.8686 41.9756 0.799999
    endloop
  endfacet
  facet normal 0 0 1
    outer loop
      vertex -42.5683 40.0227 0.799999
      vertex -43.0729 41.9062 0.799999
      vertex -43.0301 39.9308 0.799999
    endloop
  endfacet
  facet normal -0 0 1
    outer loop
      vertex -43.2846 41.8641 0.799999
      vertex -43.0301 39.9308 0.799999
      vertex -43.0729 41.9062 0.799999
    endloop
  endfacet
  facet normal -0 0 1
    outer loop
      vertex -43.5 41.85 0.799999
      vertex -43.0301 39.9308 0.799999
      vertex -43.2846 41.8641 0.799999
    endloop
  endfacet
  facet normal 0 0 1
    outer loop
      vertex -43.5 41.85 0.799999
      vertex -43.5 39.9 0.799999
      vertex -43.0301 39.9308 0.799999
    endloop
  endfacet
  facet normal 0 0 1
    outer loop
      vertex -43.7154 41.8641 0.799999
      vertex -43.5 39.9 0.799999
      vertex -43.5 41.85 0.799999
    endloop
  endfacet
  facet normal 0 0 1
    outer loop
      vertex -43.9699 39.9308 0.799999
      vertex -43.7154 41.8641 0.799999
      vertex -43.9271 41.9062 0.799999
    endloop
  endfacet
  facet normal 0 0 1
    outer loop
      vertex -43.7154 41.8641 0.799999
      vertex -43.9699 39.9308 0.799999
      vertex -43.5 39.9 0.799999
    endloop
  endfacet
  facet normal 0 0 1
    outer loop
      vertex -44.4317 40.0227 0.799999
      vertex -43.9271 41.9062 0.799999
      vertex -44.1314 41.9756 0.799999
    endloop
  endfacet
  facet normal 0 0 1
    outer loop
      vertex -44.8777 40.174 0.799999
      vertex -44.1314 41.9756 0.799999
      vertex -44.325 42.0711 0.799999
    endloop
  endfacet
  facet normal 0 0 1
    outer loop
      vertex -43.9271 41.9062 0.799999
      vertex -44.4317 40.0227 0.799999
      vertex -43.9699 39.9308 0.799999
    endloop
  endfacet
  facet normal 0 0 1
    outer loop
      vertex -45.3 40.3823 0.799999
      vertex -44.325 42.0711 0.799999
      vertex -44.5045 42.191 0.799999
    endloop
  endfacet
  facet normal 0 0 1
    outer loop
      vertex -45.6915 40.6439 0.799999
      vertex -44.5045 42.191 0.799999
      vertex -44.6667 42.3333 0.799999
    endloop
  endfacet
  facet normal 0 0 1
    outer loop
      vertex -45.6915 40.6439 0.799999
      vertex -44.6667 42.3333 0.799999
      vertex -44.809 42.4955 0.799999
    endloop
  endfacet
  facet normal 0 0 1
    outer loop
      vertex -44.1314 41.9756 0.799999
      vertex -44.8777 40.174 0.799999
      vertex -44.4317 40.0227 0.799999
    endloop
  endfacet
  facet normal 0 0 1
    outer loop
      vertex -45.6915 40.6439 0.799999
      vertex -44.809 42.4955 0.799999
      vertex -44.9289 42.675 0.799999
    endloop
  endfacet
  facet normal 0 0 1
    outer loop
      vertex -45.6915 40.6439 0.799999
      vertex -44.9289 42.675 0.799999
      vertex -45.0244 42.8686 0.799999
    endloop
  endfacet
  facet normal 0 0 1
    outer loop
      vertex -45.6915 40.6439 0.799999
      vertex -45.0244 42.8686 0.799999
      vertex -45.0938 43.0729 0.799999
    endloop
  endfacet
  facet normal 0 0 1
    outer loop
      vertex -45.6915 40.6439 0.799999
      vertex -45.0938 43.0729 0.799999
      vertex -45.1359 43.2846 0.799999
    endloop
  endfacet
  facet normal 0 0 1
    outer loop
      vertex -44.325 42.0711 0.799999
      vertex -45.3 40.3823 0.799999
      vertex -44.8777 40.174 0.799999
    endloop
  endfacet
  facet normal -0 0 1
    outer loop
      vertex -47.35 43.3202 0.799999
      vertex -45.1359 43.2846 0.799999
      vertex -45.15 43.5 0.799999
    endloop
  endfacet
  facet normal 0 0 1
    outer loop
      vertex -47.929 49.3663 0.799999
      vertex -47.6 48.8811 0.799999
      vertex -47.2333 49.0619 0.799999
    endloop
  endfacet
  facet normal 0 0 1
    outer loop
      vertex -47.929 49.3663 0.799999
      vertex -47.9807 48.6267 0.799999
      vertex -47.6 48.8811 0.799999
    endloop
  endfacet
  facet normal 0 0 1
    outer loop
      vertex -48.0653 49.4125 0.799999
      vertex -47.9807 48.6267 0.799999
      vertex -47.929 49.3663 0.799999
    endloop
  endfacet
  facet normal 0 0 1
    outer loop
      vertex -48.2064 49.4406 0.799999
      vertex -47.9807 48.6267 0.799999
      vertex -48.0653 49.4125 0.799999
    endloop
  endfacet
  facet normal 0 0 1
    outer loop
      vertex -48.35 49.45 0.799999
      vertex -47.9807 48.6267 0.799999
      vertex -48.2064 49.4406 0.799999
    endloop
  endfacet
  facet normal -0 0 1
    outer loop
      vertex -48.4936 49.4406 0.799999
      vertex -47.9807 48.6267 0.799999
      vertex -48.35 49.45 0.799999
    endloop
  endfacet
  facet normal -0 0 1
    outer loop
      vertex -48.6347 49.4125 0.799999
      vertex -47.9807 48.6267 0.799999
      vertex -48.4936 49.4406 0.799999
    endloop
  endfacet
  facet normal 0 0 1
    outer loop
      vertex -47.9807 48.6267 0.799999
      vertex -48.6347 49.4125 0.799999
      vertex -48.3249 48.3249 0.799999
    endloop
  endfacet
  facet normal -0 0 1
    outer loop
      vertex -48.771 49.3663 0.799999
      vertex -48.3249 48.3249 0.799999
      vertex -48.6347 49.4125 0.799999
    endloop
  endfacet
  facet normal -0 0 1
    outer loop
      vertex -48.9 49.3026 0.799999
      vertex -48.3249 48.3249 0.799999
      vertex -48.771 49.3663 0.799999
    endloop
  endfacet
  facet normal -0 0 1
    outer loop
      vertex -49.0196 49.2227 0.799999
      vertex -48.3249 48.3249 0.799999
      vertex -48.9 49.3026 0.799999
    endloop
  endfacet
  facet normal -0 0 1
    outer loop
      vertex -49.1278 49.1278 0.799999
      vertex -48.3249 48.3249 0.799999
      vertex -49.0196 49.2227 0.799999
    endloop
  endfacet
  facet normal -0 0 1
    outer loop
      vertex -49.2227 49.0196 0.799999
      vertex -48.3249 48.3249 0.799999
      vertex -49.1278 49.1278 0.799999
    endloop
  endfacet
  facet normal -0 0 1
    outer loop
      vertex -49.3026 48.9 0.799999
      vertex -48.3249 48.3249 0.799999
      vertex -49.2227 49.0196 0.799999
    endloop
  endfacet
  facet normal -0 0 1
    outer loop
      vertex -49.3663 48.771 0.799999
      vertex -48.3249 48.3249 0.799999
      vertex -49.3026 48.9 0.799999
    endloop
  endfacet
  facet normal -0 0 1
    outer loop
      vertex -49.4125 48.6347 0.799999
      vertex -48.3249 48.3249 0.799999
      vertex -49.3663 48.771 0.799999
    endloop
  endfacet
  facet normal 0 0 1
    outer loop
      vertex -48.3249 48.3249 0.799999
      vertex -49.4125 48.6347 0.799999
      vertex -48.6267 47.9807 0.799999
    endloop
  endfacet
  facet normal -0 0 1
    outer loop
      vertex -49.4406 48.4936 0.799999
      vertex -48.6267 47.9807 0.799999
      vertex -49.4125 48.6347 0.799999
    endloop
  endfacet
  facet normal 0 0 1
    outer loop
      vertex -48.8811 47.6 0.799999
      vertex -49.3663 47.929 0.799999
      vertex -49.0619 47.2333 0.799999
    endloop
  endfacet
  facet normal -0 0 1
    outer loop
      vertex -49.45 48.35 0.799999
      vertex -48.6267 47.9807 0.799999
      vertex -49.4406 48.4936 0.799999
    endloop
  endfacet
  facet normal 0 0 1
    outer loop
      vertex -48.6267 47.9807 0.799999
      vertex -49.3663 47.929 0.799999
      vertex -48.8811 47.6 0.799999
    endloop
  endfacet
  facet normal -0 -0 1
    outer loop
      vertex -49.4406 48.2064 0.799999
      vertex -48.6267 47.9807 0.799999
      vertex -49.45 48.35 0.799999
    endloop
  endfacet
  facet normal 0 -0 1
    outer loop
      vertex -49.3663 47.929 0.799999
      vertex -48.6267 47.9807 0.799999
      vertex -49.4125 48.0653 0.799999
    endloop
  endfacet
  facet normal -0 -0 1
    outer loop
      vertex -49.4125 48.0653 0.799999
      vertex -48.6267 47.9807 0.799999
      vertex -49.4406 48.2064 0.799999
    endloop
  endfacet
  facet normal 0.555582 0.831462 -0
    outer loop
      vertex -41.3085 46.3561 0
      vertex -41.7 46.6177 0.799999
      vertex -41.3085 46.3561 0.799999
    endloop
  endfacet
  facet normal 0.555582 0.831462 0
    outer loop
      vertex -41.7 46.6177 0.799999
      vertex -41.3085 46.3561 0
      vertex -41.7 46.6177 0
    endloop
  endfacet
  facet normal -0.195177 -0.980768 0
    outer loop
      vertex -44.4317 40.0227 0
      vertex -43.9699 39.9308 0.799999
      vertex -44.4317 40.0227 0.799999
    endloop
  endfacet
  facet normal -0.195177 -0.980768 -0
    outer loop
      vertex -43.9699 39.9308 0.799999
      vertex -44.4317 40.0227 0
      vertex -43.9699 39.9308 0
    endloop
  endfacet
  facet normal 0.195314 0.980741 -0
    outer loop
      vertex -48.0653 49.4125 0
      vertex -48.2064 49.4406 0.799999
      vertex -48.0653 49.4125 0.799999
    endloop
  endfacet
  facet normal 0.195314 0.980741 0
    outer loop
      vertex -48.2064 49.4406 0.799999
      vertex -48.0653 49.4125 0
      vertex -48.2064 49.4406 0
    endloop
  endfacet
  facet normal -0.980741 -0.195314 0
    outer loop
      vertex -49.4125 48.0653 0
      vertex -49.4406 48.2064 0.799999
      vertex -49.4406 48.2064 0
    endloop
  endfacet
  facet normal -0.980741 -0.195314 0
    outer loop
      vertex -49.4406 48.2064 0.799999
      vertex -49.4125 48.0653 0
      vertex -49.4125 48.0653 0.799999
    endloop
  endfacet
  facet normal -0.947073 0.321018 0
    outer loop
      vertex -49.4125 48.6347 0
      vertex -49.3663 48.771 0.799999
      vertex -49.3663 48.771 0
    endloop
  endfacet
  facet normal -0.947073 0.321018 0
    outer loop
      vertex -49.3663 48.771 0.799999
      vertex -49.4125 48.6347 0
      vertex -49.4125 48.6347 0.799999
    endloop
  endfacet
  facet normal -0.997864 0.0653198 0
    outer loop
      vertex -49.45 48.35 0
      vertex -49.4406 48.4936 0.799999
      vertex -49.4406 48.4936 0
    endloop
  endfacet
  facet normal -0.997864 0.0653198 0
    outer loop
      vertex -49.4406 48.4936 0.799999
      vertex -49.45 48.35 0
      vertex -49.45 48.35 0.799999
    endloop
  endfacet
  facet normal -0.195314 0.980741 0
    outer loop
      vertex -48.4936 49.4406 0
      vertex -48.6347 49.4125 0.799999
      vertex -48.4936 49.4406 0.799999
    endloop
  endfacet
  facet normal -0.195314 0.980741 0
    outer loop
      vertex -48.6347 49.4125 0.799999
      vertex -48.4936 49.4406 0
      vertex -48.6347 49.4125 0
    endloop
  endfacet
  facet normal 0.831515 -0.555502 0
    outer loop
      vertex 49.2227 -49.0196 0.799999
      vertex 49.3026 -48.9 0
      vertex 49.3026 -48.9 0.799999
    endloop
  endfacet
  facet normal 0.831515 -0.555502 0
    outer loop
      vertex 49.3026 -48.9 0
      vertex 49.2227 -49.0196 0.799999
      vertex 49.2227 -49.0196 0
    endloop
  endfacet
  facet normal 0.916142 0.400853 0
    outer loop
      vertex 49.3663 -47.929 0.799999
      vertex 49.0619 -47.2333 0
      vertex 49.0619 -47.2333 0.799999
    endloop
  endfacet
  facet normal 0.916142 0.400853 0
    outer loop
      vertex 49.0619 -47.2333 0
      vertex 49.3663 -47.929 0.799999
      vertex 49.3663 -47.929 0
    endloop
  endfacet
  facet normal 0.91618 0.400767 0
    outer loop
      vertex 47.35 -43.3202 0.799999
      vertex 46.826 -42.1223 0
      vertex 46.826 -42.1223 0.799999
    endloop
  endfacet
  facet normal 0.91618 0.400767 0
    outer loop
      vertex 46.826 -42.1223 0
      vertex 47.35 -43.3202 0.799999
      vertex 47.35 -43.3202 0
    endloop
  endfacet
  facet normal -0.321256 0.946993 0
    outer loop
      vertex 42.5683 -40.0227 0
      vertex 42.1223 -40.174 0.799999
      vertex 42.5683 -40.0227 0.799999
    endloop
  endfacet
  facet normal -0.321256 0.946993 0
    outer loop
      vertex 42.1223 -40.174 0.799999
      vertex 42.5683 -40.0227 0
      vertex 42.1223 -40.174 0
    endloop
  endfacet
  facet normal -0.400853 -0.916142 0
    outer loop
      vertex 47.2333 -49.0619 0
      vertex 47.929 -49.3663 0.799999
      vertex 47.2333 -49.0619 0.799999
    endloop
  endfacet
  facet normal -0.400853 -0.916142 -0
    outer loop
      vertex 47.929 -49.3663 0.799999
      vertex 47.2333 -49.0619 0
      vertex 47.929 -49.3663 0
    endloop
  endfacet
  facet normal -0.400767 -0.91618 0
    outer loop
      vertex 42.1223 -46.826 0
      vertex 43.3202 -47.35 0.799999
      vertex 42.1223 -46.826 0.799999
    endloop
  endfacet
  facet normal -0.400767 -0.91618 -0
    outer loop
      vertex 43.3202 -47.35 0.799999
      vertex 42.1223 -46.826 0
      vertex 43.3202 -47.35 0
    endloop
  endfacet
  facet normal 0.831462 0.555582 0
    outer loop
      vertex 46.6177 -41.7 0.799999
      vertex 46.3561 -41.3085 0
      vertex 46.3561 -41.3085 0.799999
    endloop
  endfacet
  facet normal 0.831462 0.555582 0
    outer loop
      vertex 46.3561 -41.3085 0
      vertex 46.6177 -41.7 0.799999
      vertex 46.6177 -41.7 0
    endloop
  endfacet
  facet normal -0.997859 -0.0654055 0
    outer loop
      vertex 39.9308 -43.9699 0
      vertex 39.9 -43.5 0.799999
      vertex 39.9 -43.5 0
    endloop
  endfacet
  facet normal -0.997859 -0.0654055 0
    outer loop
      vertex 39.9 -43.5 0.799999
      vertex 39.9308 -43.9699 0
      vertex 39.9308 -43.9699 0.799999
    endloop
  endfacet
  facet normal 0.195314 -0.980741 0
    outer loop
      vertex 48.4936 -49.4406 0
      vertex 48.6347 -49.4125 0.799999
      vertex 48.4936 -49.4406 0.799999
    endloop
  endfacet
  facet normal 0.195314 -0.980741 0
    outer loop
      vertex 48.6347 -49.4125 0.799999
      vertex 48.4936 -49.4406 0
      vertex 48.6347 -49.4125 0
    endloop
  endfacet
  facet normal 0.555582 0.831462 -0
    outer loop
      vertex 45.6915 -40.6439 0
      vertex 45.3 -40.3823 0.799999
      vertex 45.6915 -40.6439 0.799999
    endloop
  endfacet
  facet normal 0.555582 0.831462 0
    outer loop
      vertex 45.3 -40.3823 0.799999
      vertex 45.6915 -40.6439 0
      vertex 45.3 -40.3823 0
    endloop
  endfacet
  facet normal -0.321018 -0.947073 0
    outer loop
      vertex 47.929 -49.3663 0
      vertex 48.0653 -49.4125 0.799999
      vertex 47.929 -49.3663 0.799999
    endloop
  endfacet
  facet normal -0.321018 -0.947073 -0
    outer loop
      vertex 48.0653 -49.4125 0.799999
      vertex 47.929 -49.3663 0
      vertex 48.0653 -49.4125 0
    endloop
  endfacet
  facet normal -0.659301 -0.751879 0
    outer loop
      vertex 40.9544 -46.0456 0
      vertex 41.3085 -46.3561 0.799999
      vertex 40.9544 -46.0456 0.799999
    endloop
  endfacet
  facet normal -0.659301 -0.751879 -0
    outer loop
      vertex 41.3085 -46.3561 0.799999
      vertex 40.9544 -46.0456 0
      vertex 41.3085 -46.3561 0
    endloop
  endfacet
  facet normal -0.0654055 0.997859 0
    outer loop
      vertex 43.5 -39.9 0
      vertex 43.0301 -39.9308 0.799999
      vertex 43.5 -39.9 0.799999
    endloop
  endfacet
  facet normal -0.0654055 0.997859 0
    outer loop
      vertex 43.0301 -39.9308 0.799999
      vertex 43.5 -39.9 0
      vertex 43.0301 -39.9308 0
    endloop
  endfacet
  facet normal 0.980741 0.195314 0
    outer loop
      vertex 49.4406 -48.2064 0.799999
      vertex 49.4125 -48.0653 0
      vertex 49.4125 -48.0653 0.799999
    endloop
  endfacet
  facet normal 0.980741 0.195314 0
    outer loop
      vertex 49.4125 -48.0653 0
      vertex 49.4406 -48.2064 0.799999
      vertex 49.4406 -48.2064 0
    endloop
  endfacet
  facet normal 0.947073 0.321018 0
    outer loop
      vertex 49.4125 -48.0653 0.799999
      vertex 49.3663 -47.929 0
      vertex 49.3663 -47.929 0.799999
    endloop
  endfacet
  facet normal 0.947073 0.321018 0
    outer loop
      vertex 49.3663 -47.929 0
      vertex 49.4125 -48.0653 0.799999
      vertex 49.4125 -48.0653 0
    endloop
  endfacet
  facet normal -0.442365 -0.896835 0
    outer loop
      vertex 41.7 -46.6177 0
      vertex 42.1223 -46.826 0.799999
      vertex 41.7 -46.6177 0.799999
    endloop
  endfacet
  facet normal -0.442365 -0.896835 -0
    outer loop
      vertex 42.1223 -46.826 0.799999
      vertex 41.7 -46.6177 0
      vertex 42.1223 -46.826 0
    endloop
  endfacet
  facet normal -0.896835 0.442365 0
    outer loop
      vertex 40.174 -42.1223 0
      vertex 40.3823 -41.7 0.799999
      vertex 40.3823 -41.7 0
    endloop
  endfacet
  facet normal -0.896835 0.442365 0
    outer loop
      vertex 40.3823 -41.7 0.799999
      vertex 40.174 -42.1223 0
      vertex 40.174 -42.1223 0.799999
    endloop
  endfacet
  facet normal -0.555582 0.831462 0
    outer loop
      vertex 41.7 -40.3823 0
      vertex 41.3085 -40.6439 0.799999
      vertex 41.7 -40.3823 0.799999
    endloop
  endfacet
  facet normal -0.555582 0.831462 0
    outer loop
      vertex 41.3085 -40.6439 0.799999
      vertex 41.7 -40.3823 0
      vertex 41.3085 -40.6439 0
    endloop
  endfacet
  facet normal -0.442365 0.896835 0
    outer loop
      vertex 42.1223 -40.174 0
      vertex 41.7 -40.3823 0.799999
      vertex 42.1223 -40.174 0.799999
    endloop
  endfacet
  facet normal -0.442365 0.896835 0
    outer loop
      vertex 41.7 -40.3823 0.799999
      vertex 42.1223 -40.174 0
      vertex 41.7 -40.3823 0
    endloop
  endfacet
  facet normal 0.321256 0.946993 -0
    outer loop
      vertex 44.8777 -40.174 0
      vertex 44.4317 -40.0227 0.799999
      vertex 44.8777 -40.174 0.799999
    endloop
  endfacet
  facet normal 0.321256 0.946993 0
    outer loop
      vertex 44.4317 -40.0227 0.799999
      vertex 44.8777 -40.174 0
      vertex 44.4317 -40.0227 0
    endloop
  endfacet
  facet normal -0.751879 0.659301 0
    outer loop
      vertex 40.6439 -41.3085 0
      vertex 40.9544 -40.9544 0.799999
      vertex 40.9544 -40.9544 0
    endloop
  endfacet
  facet normal -0.751879 0.659301 0
    outer loop
      vertex 40.9544 -40.9544 0.799999
      vertex 40.6439 -41.3085 0
      vertex 40.6439 -41.3085 0.799999
    endloop
  endfacet
  facet normal -0.997859 0.0654055 0
    outer loop
      vertex 39.9 -43.5 0
      vertex 39.9308 -43.0301 0.799999
      vertex 39.9308 -43.0301 0
    endloop
  endfacet
  facet normal -0.997859 0.0654055 0
    outer loop
      vertex 39.9308 -43.0301 0.799999
      vertex 39.9 -43.5 0
      vertex 39.9 -43.5 0.799999
    endloop
  endfacet
  facet normal -0.831462 -0.555582 0
    outer loop
      vertex 40.6439 -45.6915 0
      vertex 40.3823 -45.3 0.799999
      vertex 40.3823 -45.3 0
    endloop
  endfacet
  facet normal -0.831462 -0.555582 0
    outer loop
      vertex 40.3823 -45.3 0.799999
      vertex 40.6439 -45.6915 0
      vertex 40.6439 -45.6915 0.799999
    endloop
  endfacet
  facet normal -0.555582 -0.831462 0
    outer loop
      vertex 41.3085 -46.3561 0
      vertex 41.7 -46.6177 0.799999
      vertex 41.3085 -46.3561 0.799999
    endloop
  endfacet
  facet normal -0.555582 -0.831462 -0
    outer loop
      vertex 41.7 -46.6177 0.799999
      vertex 41.3085 -46.3561 0
      vertex 41.7 -46.6177 0
    endloop
  endfacet
  facet normal -0.195177 0.980768 0
    outer loop
      vertex 43.0301 -39.9308 0
      vertex 42.5683 -40.0227 0.799999
      vertex 43.0301 -39.9308 0.799999
    endloop
  endfacet
  facet normal -0.195177 0.980768 0
    outer loop
      vertex 42.5683 -40.0227 0.799999
      vertex 43.0301 -39.9308 0
      vertex 42.5683 -40.0227 0
    endloop
  endfacet
  facet normal 0.44276 -0.89664 0
    outer loop
      vertex 48.771 -49.3663 0
      vertex 48.9 -49.3026 0.799999
      vertex 48.771 -49.3663 0.799999
    endloop
  endfacet
  facet normal 0.44276 -0.89664 0
    outer loop
      vertex 48.9 -49.3026 0.799999
      vertex 48.771 -49.3663 0
      vertex 48.9 -49.3026 0
    endloop
  endfacet
  facet normal 0.896835 0.442365 0
    outer loop
      vertex 46.826 -42.1223 0.799999
      vertex 46.6177 -41.7 0
      vertex 46.6177 -41.7 0.799999
    endloop
  endfacet
  facet normal 0.896835 0.442365 0
    outer loop
      vertex 46.6177 -41.7 0
      vertex 46.826 -42.1223 0.799999
      vertex 46.826 -42.1223 0
    endloop
  endfacet
  facet normal -0.751879 -0.659301 0
    outer loop
      vertex 40.9544 -46.0456 0
      vertex 40.6439 -45.6915 0.799999
      vertex 40.6439 -45.6915 0
    endloop
  endfacet
  facet normal -0.751879 -0.659301 0
    outer loop
      vertex 40.6439 -45.6915 0.799999
      vertex 40.9544 -46.0456 0
      vertex 40.9544 -46.0456 0.799999
    endloop
  endfacet
  facet normal -0.946993 0.321256 0
    outer loop
      vertex 40.0227 -42.5683 0
      vertex 40.174 -42.1223 0.799999
      vertex 40.174 -42.1223 0
    endloop
  endfacet
  facet normal -0.946993 0.321256 0
    outer loop
      vertex 40.174 -42.1223 0.799999
      vertex 40.0227 -42.5683 0
      vertex 40.0227 -42.5683 0.799999
    endloop
  endfacet
  facet normal 0.659301 0.751879 -0
    outer loop
      vertex 46.0456 -40.9544 0
      vertex 45.6915 -40.6439 0.799999
      vertex 46.0456 -40.9544 0.799999
    endloop
  endfacet
  facet normal 0.659301 0.751879 0
    outer loop
      vertex 45.6915 -40.6439 0.799999
      vertex 46.0456 -40.9544 0
      vertex 45.6915 -40.6439 0
    endloop
  endfacet
  facet normal -0.980768 0.195177 0
    outer loop
      vertex 39.9308 -43.0301 0
      vertex 40.0227 -42.5683 0.799999
      vertex 40.0227 -42.5683 0
    endloop
  endfacet
  facet normal -0.980768 0.195177 0
    outer loop
      vertex 40.0227 -42.5683 0.799999
      vertex 39.9308 -43.0301 0
      vertex 39.9308 -43.0301 0.799999
    endloop
  endfacet
  facet normal 0.195177 0.980768 -0
    outer loop
      vertex 44.4317 -40.0227 0
      vertex 43.9699 -39.9308 0.799999
      vertex 44.4317 -40.0227 0.799999
    endloop
  endfacet
  facet normal 0.195177 0.980768 0
    outer loop
      vertex 43.9699 -39.9308 0.799999
      vertex 44.4317 -40.0227 0
      vertex 43.9699 -39.9308 0
    endloop
  endfacet
  facet normal 0.751879 0.659301 0
    outer loop
      vertex 46.3561 -41.3085 0.799999
      vertex 46.0456 -40.9544 0
      vertex 46.0456 -40.9544 0.799999
    endloop
  endfacet
  facet normal 0.751879 0.659301 0
    outer loop
      vertex 46.0456 -40.9544 0
      vertex 46.3561 -41.3085 0.799999
      vertex 46.3561 -41.3085 0
    endloop
  endfacet
  facet normal 0.997864 0.0653198 0
    outer loop
      vertex 49.45 -48.35 0.799999
      vertex 49.4406 -48.2064 0
      vertex 49.4406 -48.2064 0.799999
    endloop
  endfacet
  facet normal 0.997864 0.0653198 0
    outer loop
      vertex 49.4406 -48.2064 0
      vertex 49.45 -48.35 0.799999
      vertex 49.45 -48.35 0
    endloop
  endfacet
  facet normal 0.442365 0.896835 -0
    outer loop
      vertex 45.3 -40.3823 0
      vertex 44.8777 -40.174 0.799999
      vertex 45.3 -40.3823 0.799999
    endloop
  endfacet
  facet normal 0.442365 0.896835 0
    outer loop
      vertex 44.8777 -40.174 0.799999
      vertex 45.3 -40.3823 0
      vertex 44.8777 -40.174 0
    endloop
  endfacet
  facet normal -0.831462 0.555582 0
    outer loop
      vertex 40.3823 -41.7 0
      vertex 40.6439 -41.3085 0.799999
      vertex 40.6439 -41.3085 0
    endloop
  endfacet
  facet normal -0.831462 0.555582 0
    outer loop
      vertex 40.6439 -41.3085 0.799999
      vertex 40.3823 -41.7 0
      vertex 40.3823 -41.7 0.799999
    endloop
  endfacet
  facet normal 0.0654055 0.997859 -0
    outer loop
      vertex 43.9699 -39.9308 0
      vertex 43.5 -39.9 0.799999
      vertex 43.9699 -39.9308 0.799999
    endloop
  endfacet
  facet normal 0.0654055 0.997859 0
    outer loop
      vertex 43.5 -39.9 0.799999
      vertex 43.9699 -39.9308 0
      vertex 43.5 -39.9 0
    endloop
  endfacet
  facet normal 0.555502 -0.831515 0
    outer loop
      vertex 48.9 -49.3026 0
      vertex 49.0196 -49.2227 0.799999
      vertex 48.9 -49.3026 0.799999
    endloop
  endfacet
  facet normal 0.555502 -0.831515 0
    outer loop
      vertex 49.0196 -49.2227 0.799999
      vertex 48.9 -49.3026 0
      vertex 49.0196 -49.2227 0
    endloop
  endfacet
  facet normal -0.980768 -0.195177 0
    outer loop
      vertex 40.0227 -44.4317 0
      vertex 39.9308 -43.9699 0.799999
      vertex 39.9308 -43.9699 0
    endloop
  endfacet
  facet normal -0.980768 -0.195177 0
    outer loop
      vertex 39.9308 -43.9699 0.799999
      vertex 40.0227 -44.4317 0
      vertex 40.0227 -44.4317 0.799999
    endloop
  endfacet
  facet normal 0.947073 -0.321018 0
    outer loop
      vertex 49.3663 -48.771 0.799999
      vertex 49.4125 -48.6347 0
      vertex 49.4125 -48.6347 0.799999
    endloop
  endfacet
  facet normal 0.947073 -0.321018 0
    outer loop
      vertex 49.4125 -48.6347 0
      vertex 49.3663 -48.771 0.799999
      vertex 49.3663 -48.771 0
    endloop
  endfacet
  facet normal 0.0653198 -0.997864 0
    outer loop
      vertex 48.35 -49.45 0
      vertex 48.4936 -49.4406 0.799999
      vertex 48.35 -49.45 0.799999
    endloop
  endfacet
  facet normal 0.0653198 -0.997864 0
    outer loop
      vertex 48.4936 -49.4406 0.799999
      vertex 48.35 -49.45 0
      vertex 48.4936 -49.4406 0
    endloop
  endfacet
  facet normal -0.659301 0.751879 0
    outer loop
      vertex 41.3085 -40.6439 0
      vertex 40.9544 -40.9544 0.799999
      vertex 41.3085 -40.6439 0.799999
    endloop
  endfacet
  facet normal -0.659301 0.751879 0
    outer loop
      vertex 40.9544 -40.9544 0.799999
      vertex 41.3085 -40.6439 0
      vertex 40.9544 -40.9544 0
    endloop
  endfacet
  facet normal 0.997864 -0.0653198 0
    outer loop
      vertex 49.4406 -48.4936 0.799999
      vertex 49.45 -48.35 0
      vertex 49.45 -48.35 0.799999
    endloop
  endfacet
  facet normal 0.997864 -0.0653198 0
    outer loop
      vertex 49.45 -48.35 0
      vertex 49.4406 -48.4936 0.799999
      vertex 49.4406 -48.4936 0
    endloop
  endfacet
  facet normal -0.896835 -0.442365 0
    outer loop
      vertex 40.3823 -45.3 0
      vertex 40.174 -44.8777 0.799999
      vertex 40.174 -44.8777 0
    endloop
  endfacet
  facet normal -0.896835 -0.442365 0
    outer loop
      vertex 40.174 -44.8777 0.799999
      vertex 40.3823 -45.3 0
      vertex 40.3823 -45.3 0.799999
    endloop
  endfacet
  facet normal -0.195314 -0.980741 0
    outer loop
      vertex 48.0653 -49.4125 0
      vertex 48.2064 -49.4406 0.799999
      vertex 48.0653 -49.4125 0.799999
    endloop
  endfacet
  facet normal -0.195314 -0.980741 -0
    outer loop
      vertex 48.2064 -49.4406 0.799999
      vertex 48.0653 -49.4125 0
      vertex 48.2064 -49.4406 0
    endloop
  endfacet
  facet normal 0.980741 -0.195314 0
    outer loop
      vertex 49.4125 -48.6347 0.799999
      vertex 49.4406 -48.4936 0
      vertex 49.4406 -48.4936 0.799999
    endloop
  endfacet
  facet normal 0.980741 -0.195314 0
    outer loop
      vertex 49.4406 -48.4936 0
      vertex 49.4125 -48.6347 0.799999
      vertex 49.4125 -48.6347 0
    endloop
  endfacet
  facet normal -0.0653198 -0.997864 0
    outer loop
      vertex 48.2064 -49.4406 0
      vertex 48.35 -49.45 0.799999
      vertex 48.2064 -49.4406 0.799999
    endloop
  endfacet
  facet normal -0.0653198 -0.997864 -0
    outer loop
      vertex 48.35 -49.45 0.799999
      vertex 48.2064 -49.4406 0
      vertex 48.35 -49.45 0
    endloop
  endfacet
  facet normal -0.946993 -0.321256 0
    outer loop
      vertex 40.174 -44.8777 0
      vertex 40.0227 -44.4317 0.799999
      vertex 40.0227 -44.4317 0
    endloop
  endfacet
  facet normal -0.946993 -0.321256 0
    outer loop
      vertex 40.0227 -44.4317 0.799999
      vertex 40.174 -44.8777 0
      vertex 40.174 -44.8777 0.799999
    endloop
  endfacet
  facet normal 0.65939 -0.751801 0
    outer loop
      vertex 49.0196 -49.2227 0
      vertex 49.1278 -49.1278 0.799999
      vertex 49.0196 -49.2227 0.799999
    endloop
  endfacet
  facet normal 0.65939 -0.751801 0
    outer loop
      vertex 49.1278 -49.1278 0.799999
      vertex 49.0196 -49.2227 0
      vertex 49.1278 -49.1278 0
    endloop
  endfacet
  facet normal 0.751801 -0.65939 0
    outer loop
      vertex 49.1278 -49.1278 0.799999
      vertex 49.2227 -49.0196 0
      vertex 49.2227 -49.0196 0.799999
    endloop
  endfacet
  facet normal 0.751801 -0.65939 0
    outer loop
      vertex 49.2227 -49.0196 0
      vertex 49.1278 -49.1278 0.799999
      vertex 49.1278 -49.1278 0
    endloop
  endfacet
  facet normal 0.89664 -0.44276 0
    outer loop
      vertex 49.3026 -48.9 0.799999
      vertex 49.3663 -48.771 0
      vertex 49.3663 -48.771 0.799999
    endloop
  endfacet
  facet normal 0.89664 -0.44276 0
    outer loop
      vertex 49.3663 -48.771 0
      vertex 49.3026 -48.9 0.799999
      vertex 49.3026 -48.9 0
    endloop
  endfacet
  facet normal 0 0 1
    outer loop
      vertex 48.6267 -47.9807 0.799999
      vertex 49.45 -48.35 0.799999
      vertex 49.4406 -48.2064 0.799999
    endloop
  endfacet
  facet normal 0 0 1
    outer loop
      vertex 48.6267 -47.9807 0.799999
      vertex 49.4406 -48.2064 0.799999
      vertex 49.4125 -48.0653 0.799999
    endloop
  endfacet
  facet normal 0 0 1
    outer loop
      vertex 49.45 -48.35 0.799999
      vertex 48.6267 -47.9807 0.799999
      vertex 49.4406 -48.4936 0.799999
    endloop
  endfacet
  facet normal -0 0 1
    outer loop
      vertex 48.6267 -47.9807 0.799999
      vertex 49.4125 -48.0653 0.799999
      vertex 49.3663 -47.929 0.799999
    endloop
  endfacet
  facet normal 0 0 1
    outer loop
      vertex 49.4406 -48.4936 0.799999
      vertex 48.6267 -47.9807 0.799999
      vertex 49.4125 -48.6347 0.799999
    endloop
  endfacet
  facet normal -0 0 1
    outer loop
      vertex 48.3249 -48.3249 0.799999
      vertex 49.4125 -48.6347 0.799999
      vertex 48.6267 -47.9807 0.799999
    endloop
  endfacet
  facet normal 0 0 1
    outer loop
      vertex 49.4125 -48.6347 0.799999
      vertex 48.3249 -48.3249 0.799999
      vertex 49.3663 -48.771 0.799999
    endloop
  endfacet
  facet normal 0 0 1
    outer loop
      vertex 49.3663 -48.771 0.799999
      vertex 48.3249 -48.3249 0.799999
      vertex 49.3026 -48.9 0.799999
    endloop
  endfacet
  facet normal -0 0 1
    outer loop
      vertex 48.8811 -47.6 0.799999
      vertex 49.3663 -47.929 0.799999
      vertex 49.0619 -47.2333 0.799999
    endloop
  endfacet
  facet normal 0 0 1
    outer loop
      vertex 48.6267 -47.9807 0.799999
      vertex 49.3663 -47.929 0.799999
      vertex 48.8811 -47.6 0.799999
    endloop
  endfacet
  facet normal 0 0 1
    outer loop
      vertex 49.3026 -48.9 0.799999
      vertex 48.3249 -48.3249 0.799999
      vertex 49.2227 -49.0196 0.799999
    endloop
  endfacet
  facet normal 0 0 1
    outer loop
      vertex 49.2227 -49.0196 0.799999
      vertex 48.3249 -48.3249 0.799999
      vertex 49.1278 -49.1278 0.799999
    endloop
  endfacet
  facet normal 0 0 1
    outer loop
      vertex 49.1278 -49.1278 0.799999
      vertex 48.3249 -48.3249 0.799999
      vertex 49.0196 -49.2227 0.799999
    endloop
  endfacet
  facet normal 0 0 1
    outer loop
      vertex 49.0196 -49.2227 0.799999
      vertex 48.3249 -48.3249 0.799999
      vertex 48.9 -49.3026 0.799999
    endloop
  endfacet
  facet normal 0 0 1
    outer loop
      vertex 48.9 -49.3026 0.799999
      vertex 48.3249 -48.3249 0.799999
      vertex 48.771 -49.3663 0.799999
    endloop
  endfacet
  facet normal 0 0 1
    outer loop
      vertex 48.771 -49.3663 0.799999
      vertex 48.3249 -48.3249 0.799999
      vertex 48.6347 -49.4125 0.799999
    endloop
  endfacet
  facet normal -0 0 1
    outer loop
      vertex 47.9807 -48.6267 0.799999
      vertex 48.6347 -49.4125 0.799999
      vertex 48.3249 -48.3249 0.799999
    endloop
  endfacet
  facet normal 0 0 1
    outer loop
      vertex 48.6347 -49.4125 0.799999
      vertex 47.9807 -48.6267 0.799999
      vertex 48.4936 -49.4406 0.799999
    endloop
  endfacet
  facet normal 0 0 1
    outer loop
      vertex 48.4936 -49.4406 0.799999
      vertex 47.9807 -48.6267 0.799999
      vertex 48.35 -49.45 0.799999
    endloop
  endfacet
  facet normal 0 0 1
    outer loop
      vertex 48.35 -49.45 0.799999
      vertex 47.9807 -48.6267 0.799999
      vertex 48.2064 -49.4406 0.799999
    endloop
  endfacet
  facet normal 0 0 1
    outer loop
      vertex 48.2064 -49.4406 0.799999
      vertex 47.9807 -48.6267 0.799999
      vertex 48.0653 -49.4125 0.799999
    endloop
  endfacet
  facet normal 0 0 1
    outer loop
      vertex 47.9807 -48.6267 0.799999
      vertex 47.929 -49.3663 0.799999
      vertex 48.0653 -49.4125 0.799999
    endloop
  endfacet
  facet normal -0 0 1
    outer loop
      vertex 47.6 -48.8811 0.799999
      vertex 47.929 -49.3663 0.799999
      vertex 47.9807 -48.6267 0.799999
    endloop
  endfacet
  facet normal 0 0 1
    outer loop
      vertex 47.929 -49.3663 0.799999
      vertex 47.6 -48.8811 0.799999
      vertex 47.2333 -49.0619 0.799999
    endloop
  endfacet
  facet normal 0 0 1
    outer loop
      vertex 47.35 -43.3202 0.799999
      vertex 45.1359 -43.2846 0.799999
      vertex 45.15 -43.5 0.799999
    endloop
  endfacet
  facet normal 0 0 1
    outer loop
      vertex 45.6915 -40.6439 0.799999
      vertex 45.0938 -43.0729 0.799999
      vertex 45.1359 -43.2846 0.799999
    endloop
  endfacet
  facet normal 0 0 1
    outer loop
      vertex 45.6915 -40.6439 0.799999
      vertex 45.0244 -42.8686 0.799999
      vertex 45.0938 -43.0729 0.799999
    endloop
  endfacet
  facet normal 0 0 1
    outer loop
      vertex 45.6915 -40.6439 0.799999
      vertex 44.9289 -42.675 0.799999
      vertex 45.0244 -42.8686 0.799999
    endloop
  endfacet
  facet normal 0 0 1
    outer loop
      vertex 44.325 -42.0711 0.799999
      vertex 45.3 -40.3823 0.799999
      vertex 44.8777 -40.174 0.799999
    endloop
  endfacet
  facet normal 0 0 1
    outer loop
      vertex 45.6915 -40.6439 0.799999
      vertex 44.809 -42.4955 0.799999
      vertex 44.9289 -42.675 0.799999
    endloop
  endfacet
  facet normal 0 0 1
    outer loop
      vertex 45.6915 -40.6439 0.799999
      vertex 44.6667 -42.3333 0.799999
      vertex 44.809 -42.4955 0.799999
    endloop
  endfacet
  facet normal 0 0 1
    outer loop
      vertex 45.6915 -40.6439 0.799999
      vertex 44.5045 -42.191 0.799999
      vertex 44.6667 -42.3333 0.799999
    endloop
  endfacet
  facet normal 0 0 1
    outer loop
      vertex 44.1314 -41.9756 0.799999
      vertex 44.8777 -40.174 0.799999
      vertex 44.4317 -40.0227 0.799999
    endloop
  endfacet
  facet normal 0 0 1
    outer loop
      vertex 45.3 -40.3823 0.799999
      vertex 44.325 -42.0711 0.799999
      vertex 44.5045 -42.191 0.799999
    endloop
  endfacet
  facet normal 0 0 1
    outer loop
      vertex 44.8777 -40.174 0.799999
      vertex 44.1314 -41.9756 0.799999
      vertex 44.325 -42.0711 0.799999
    endloop
  endfacet
  facet normal 0 0 1
    outer loop
      vertex 43.9271 -41.9062 0.799999
      vertex 44.4317 -40.0227 0.799999
      vertex 43.9699 -39.9308 0.799999
    endloop
  endfacet
  facet normal 0 0 1
    outer loop
      vertex 44.4317 -40.0227 0.799999
      vertex 43.9271 -41.9062 0.799999
      vertex 44.1314 -41.9756 0.799999
    endloop
  endfacet
  facet normal 0 0 1
    outer loop
      vertex 43.9699 -39.9308 0.799999
      vertex 43.7154 -41.8641 0.799999
      vertex 43.9271 -41.9062 0.799999
    endloop
  endfacet
  facet normal 0 0 1
    outer loop
      vertex 43.5 -39.9 0.799999
      vertex 43.7154 -41.8641 0.799999
      vertex 43.9699 -39.9308 0.799999
    endloop
  endfacet
  facet normal 0 0 1
    outer loop
      vertex 43.5 -39.9 0.799999
      vertex 43.5 -41.85 0.799999
      vertex 43.7154 -41.8641 0.799999
    endloop
  endfacet
  facet normal 0 0 1
    outer loop
      vertex 43.5 -39.9 0.799999
      vertex 43.2846 -41.8641 0.799999
      vertex 43.5 -41.85 0.799999
    endloop
  endfacet
  facet normal -0 0 1
    outer loop
      vertex 43.0301 -39.9308 0.799999
      vertex 43.2846 -41.8641 0.799999
      vertex 43.5 -39.9 0.799999
    endloop
  endfacet
  facet normal 0 0 1
    outer loop
      vertex 43.2846 -41.8641 0.799999
      vertex 43.0301 -39.9308 0.799999
      vertex 43.0729 -41.9062 0.799999
    endloop
  endfacet
  facet normal -0 0 1
    outer loop
      vertex 42.5683 -40.0227 0.799999
      vertex 43.0729 -41.9062 0.799999
      vertex 43.0301 -39.9308 0.799999
    endloop
  endfacet
  facet normal 0 0 1
    outer loop
      vertex 43.0729 -41.9062 0.799999
      vertex 42.5683 -40.0227 0.799999
      vertex 42.8686 -41.9756 0.799999
    endloop
  endfacet
  facet normal -0 0 1
    outer loop
      vertex 42.1223 -40.174 0.799999
      vertex 42.8686 -41.9756 0.799999
      vertex 42.5683 -40.0227 0.799999
    endloop
  endfacet
  facet normal 0 0 1
    outer loop
      vertex 42.8686 -41.9756 0.799999
      vertex 42.1223 -40.174 0.799999
      vertex 42.675 -42.0711 0.799999
    endloop
  endfacet
  facet normal -0 0 1
    outer loop
      vertex 41.7 -40.3823 0.799999
      vertex 42.675 -42.0711 0.799999
      vertex 42.1223 -40.174 0.799999
    endloop
  endfacet
  facet normal 0 0 1
    outer loop
      vertex 42.675 -42.0711 0.799999
      vertex 41.7 -40.3823 0.799999
      vertex 42.4955 -42.191 0.799999
    endloop
  endfacet
  facet normal -0 0 1
    outer loop
      vertex 41.3085 -40.6439 0.799999
      vertex 42.4955 -42.191 0.799999
      vertex 41.7 -40.3823 0.799999
    endloop
  endfacet
  facet normal 0 0 1
    outer loop
      vertex 42.4955 -42.191 0.799999
      vertex 41.3085 -40.6439 0.799999
      vertex 42.3333 -42.3333 0.799999
    endloop
  endfacet
  facet normal -0 0 1
    outer loop
      vertex 40.9544 -40.9544 0.799999
      vertex 42.3333 -42.3333 0.799999
      vertex 41.3085 -40.6439 0.799999
    endloop
  endfacet
  facet normal 0 0 1
    outer loop
      vertex 42.3333 -42.3333 0.799999
      vertex 40.9544 -40.9544 0.799999
      vertex 42.191 -42.4955 0.799999
    endloop
  endfacet
  facet normal -0 0 1
    outer loop
      vertex 40.6439 -41.3085 0.799999
      vertex 42.191 -42.4955 0.799999
      vertex 40.9544 -40.9544 0.799999
    endloop
  endfacet
  facet normal -0 0 1
    outer loop
      vertex 40.3823 -41.7 0.799999
      vertex 42.0711 -42.675 0.799999
      vertex 40.6439 -41.3085 0.799999
    endloop
  endfacet
  facet normal 0 0 1
    outer loop
      vertex 42.191 -42.4955 0.799999
      vertex 40.6439 -41.3085 0.799999
      vertex 42.0711 -42.675 0.799999
    endloop
  endfacet
  facet normal -0 0 1
    outer loop
      vertex 45.0244 -44.1314 0.799999
      vertex 47.35 -45.85 0.799999
      vertex 47.35 -43.3202 0.799999
    endloop
  endfacet
  facet normal -0 0 1
    outer loop
      vertex 44.9289 -44.325 0.799999
      vertex 47.35 -45.85 0.799999
      vertex 45.0244 -44.1314 0.799999
    endloop
  endfacet
  facet normal -0 0 1
    outer loop
      vertex 44.809 -44.5045 0.799999
      vertex 47.35 -45.85 0.799999
      vertex 44.9289 -44.325 0.799999
    endloop
  endfacet
  facet normal -0 0 1
    outer loop
      vertex 44.6667 -44.6667 0.799999
      vertex 47.35 -45.85 0.799999
      vertex 44.809 -44.5045 0.799999
    endloop
  endfacet
  facet normal 0 0 1
    outer loop
      vertex 47.35 -45.85 0.799999
      vertex 44.6667 -44.6667 0.799999
      vertex 47.3372 -46.0458 0.799999
    endloop
  endfacet
  facet normal 0 0 1
    outer loop
      vertex 47.3372 -46.0458 0.799999
      vertex 44.6667 -44.6667 0.799999
      vertex 47.2989 -46.2382 0.799999
    endloop
  endfacet
  facet normal -0 0 1
    outer loop
      vertex 45.1359 -43.2846 0.799999
      vertex 47.35 -43.3202 0.799999
      vertex 46.826 -42.1223 0.799999
    endloop
  endfacet
  facet normal 0 0 1
    outer loop
      vertex 45.0244 -44.1314 0.799999
      vertex 47.35 -43.3202 0.799999
      vertex 45.0938 -43.9271 0.799999
    endloop
  endfacet
  facet normal 0 0 1
    outer loop
      vertex 45.1359 -43.2846 0.799999
      vertex 46.826 -42.1223 0.799999
      vertex 46.6177 -41.7 0.799999
    endloop
  endfacet
  facet normal 0 0 1
    outer loop
      vertex 47.35 -43.3202 0.799999
      vertex 45.1359 -43.7154 0.799999
      vertex 45.0938 -43.9271 0.799999
    endloop
  endfacet
  facet normal 0 0 1
    outer loop
      vertex 47.2358 -46.424 0.799999
      vertex 44.6667 -44.6667 0.799999
      vertex 47.149 -46.6 0.799999
    endloop
  endfacet
  facet normal 0 0 1
    outer loop
      vertex 45.1359 -43.2846 0.799999
      vertex 46.6177 -41.7 0.799999
      vertex 46.3561 -41.3085 0.799999
    endloop
  endfacet
  facet normal 0 0 1
    outer loop
      vertex 47.2989 -46.2382 0.799999
      vertex 44.6667 -44.6667 0.799999
      vertex 47.2358 -46.424 0.799999
    endloop
  endfacet
  facet normal 0 0 1
    outer loop
      vertex 47.149 -46.6 0.799999
      vertex 44.6667 -44.6667 0.799999
      vertex 47.04 -46.7631 0.799999
    endloop
  endfacet
  facet normal 0 0 1
    outer loop
      vertex 45.1359 -43.2846 0.799999
      vertex 46.3561 -41.3085 0.799999
      vertex 46.0456 -40.9544 0.799999
    endloop
  endfacet
  facet normal 0 0 1
    outer loop
      vertex 47.04 -46.7631 0.799999
      vertex 44.6667 -44.6667 0.799999
      vertex 46.9106 -46.9106 0.799999
    endloop
  endfacet
  facet normal 0 0 1
    outer loop
      vertex 45.1359 -43.2846 0.799999
      vertex 46.0456 -40.9544 0.799999
      vertex 45.6915 -40.6439 0.799999
    endloop
  endfacet
  facet normal 0 0 1
    outer loop
      vertex 44.5045 -42.191 0.799999
      vertex 45.6915 -40.6439 0.799999
      vertex 45.3 -40.3823 0.799999
    endloop
  endfacet
  facet normal 0 0 1
    outer loop
      vertex 47.35 -43.3202 0.799999
      vertex 45.15 -43.5 0.799999
      vertex 45.1359 -43.7154 0.799999
    endloop
  endfacet
  facet normal 0 0 1
    outer loop
      vertex 46.9106 -46.9106 0.799999
      vertex 44.6667 -44.6667 0.799999
      vertex 46.7631 -47.04 0.799999
    endloop
  endfacet
  facet normal 0 0 1
    outer loop
      vertex 46.7631 -47.04 0.799999
      vertex 44.6667 -44.6667 0.799999
      vertex 46.6 -47.149 0.799999
    endloop
  endfacet
  facet normal 0 0 1
    outer loop
      vertex 46.6 -47.149 0.799999
      vertex 44.6667 -44.6667 0.799999
      vertex 46.424 -47.2358 0.799999
    endloop
  endfacet
  facet normal 0 0 1
    outer loop
      vertex 46.424 -47.2358 0.799999
      vertex 44.6667 -44.6667 0.799999
      vertex 46.2382 -47.2989 0.799999
    endloop
  endfacet
  facet normal 0 0 1
    outer loop
      vertex 46.2382 -47.2989 0.799999
      vertex 44.6667 -44.6667 0.799999
      vertex 46.0458 -47.3372 0.799999
    endloop
  endfacet
  facet normal 0 0 1
    outer loop
      vertex 46.0458 -47.3372 0.799999
      vertex 44.6667 -44.6667 0.799999
      vertex 45.85 -47.35 0.799999
    endloop
  endfacet
  facet normal -0 0 1
    outer loop
      vertex 44.5045 -44.809 0.799999
      vertex 45.85 -47.35 0.799999
      vertex 44.6667 -44.6667 0.799999
    endloop
  endfacet
  facet normal -0 0 1
    outer loop
      vertex 44.325 -44.9289 0.799999
      vertex 45.85 -47.35 0.799999
      vertex 44.5045 -44.809 0.799999
    endloop
  endfacet
  facet normal -0 0 1
    outer loop
      vertex 44.1314 -45.0244 0.799999
      vertex 45.85 -47.35 0.799999
      vertex 44.325 -44.9289 0.799999
    endloop
  endfacet
  facet normal 0 0 1
    outer loop
      vertex 43.3202 -47.35 0.799999
      vertex 44.1314 -45.0244 0.799999
      vertex 43.9271 -45.0938 0.799999
    endloop
  endfacet
  facet normal 0 0 1
    outer loop
      vertex 43.3202 -47.35 0.799999
      vertex 43.9271 -45.0938 0.799999
      vertex 43.7154 -45.1359 0.799999
    endloop
  endfacet
  facet normal 0 0 1
    outer loop
      vertex 43.3202 -47.35 0.799999
      vertex 43.7154 -45.1359 0.799999
      vertex 43.5 -45.15 0.799999
    endloop
  endfacet
  facet normal 0 0 1
    outer loop
      vertex 44.1314 -45.0244 0.799999
      vertex 43.3202 -47.35 0.799999
      vertex 45.85 -47.35 0.799999
    endloop
  endfacet
  facet normal 0 0 1
    outer loop
      vertex 43.2846 -45.1359 0.799999
      vertex 43.3202 -47.35 0.799999
      vertex 43.5 -45.15 0.799999
    endloop
  endfacet
  facet normal 0 0 1
    outer loop
      vertex 42.1223 -46.826 0.799999
      vertex 43.2846 -45.1359 0.799999
      vertex 43.0729 -45.0938 0.799999
    endloop
  endfacet
  facet normal 0 0 1
    outer loop
      vertex 42.1223 -46.826 0.799999
      vertex 43.0729 -45.0938 0.799999
      vertex 42.8686 -45.0244 0.799999
    endloop
  endfacet
  facet normal 0 0 1
    outer loop
      vertex 42.1223 -46.826 0.799999
      vertex 42.8686 -45.0244 0.799999
      vertex 42.675 -44.9289 0.799999
    endloop
  endfacet
  facet normal 0 0 1
    outer loop
      vertex 41.7 -46.6177 0.799999
      vertex 42.675 -44.9289 0.799999
      vertex 42.4955 -44.809 0.799999
    endloop
  endfacet
  facet normal 0 0 1
    outer loop
      vertex 41.3085 -46.3561 0.799999
      vertex 42.4955 -44.809 0.799999
      vertex 42.3333 -44.6667 0.799999
    endloop
  endfacet
  facet normal 0 0 1
    outer loop
      vertex 40.9544 -46.0456 0.799999
      vertex 42.3333 -44.6667 0.799999
      vertex 42.191 -44.5045 0.799999
    endloop
  endfacet
  facet normal 0 0 1
    outer loop
      vertex 43.2846 -45.1359 0.799999
      vertex 42.1223 -46.826 0.799999
      vertex 43.3202 -47.35 0.799999
    endloop
  endfacet
  facet normal 0 0 1
    outer loop
      vertex 40.6439 -45.6915 0.799999
      vertex 42.191 -44.5045 0.799999
      vertex 42.0711 -44.325 0.799999
    endloop
  endfacet
  facet normal 0 0 1
    outer loop
      vertex 40.3823 -45.3 0.799999
      vertex 42.0711 -44.325 0.799999
      vertex 41.9756 -44.1314 0.799999
    endloop
  endfacet
  facet normal 0 0 1
    outer loop
      vertex 40.174 -44.8777 0.799999
      vertex 41.9756 -44.1314 0.799999
      vertex 41.9062 -43.9271 0.799999
    endloop
  endfacet
  facet normal 0 0 1
    outer loop
      vertex 40.0227 -44.4317 0.799999
      vertex 41.9062 -43.9271 0.799999
      vertex 41.8641 -43.7154 0.799999
    endloop
  endfacet
  facet normal 0 0 1
    outer loop
      vertex 42.675 -44.9289 0.799999
      vertex 41.7 -46.6177 0.799999
      vertex 42.1223 -46.826 0.799999
    endloop
  endfacet
  facet normal 0 0 1
    outer loop
      vertex 39.9308 -43.9699 0.799999
      vertex 41.8641 -43.7154 0.799999
      vertex 41.85 -43.5 0.799999
    endloop
  endfacet
  facet normal 0 0 1
    outer loop
      vertex 42.0711 -42.675 0.799999
      vertex 40.3823 -41.7 0.799999
      vertex 41.9756 -42.8686 0.799999
    endloop
  endfacet
  facet normal -0 0 1
    outer loop
      vertex 40.174 -42.1223 0.799999
      vertex 41.9756 -42.8686 0.799999
      vertex 40.3823 -41.7 0.799999
    endloop
  endfacet
  facet normal 0 0 1
    outer loop
      vertex 42.4955 -44.809 0.799999
      vertex 41.3085 -46.3561 0.799999
      vertex 41.7 -46.6177 0.799999
    endloop
  endfacet
  facet normal 0 0 1
    outer loop
      vertex 41.9756 -42.8686 0.799999
      vertex 40.174 -42.1223 0.799999
      vertex 41.9062 -43.0729 0.799999
    endloop
  endfacet
  facet normal 0 0 1
    outer loop
      vertex 42.3333 -44.6667 0.799999
      vertex 40.9544 -46.0456 0.799999
      vertex 41.3085 -46.3561 0.799999
    endloop
  endfacet
  facet normal -0 0 1
    outer loop
      vertex 40.0227 -42.5683 0.799999
      vertex 41.9062 -43.0729 0.799999
      vertex 40.174 -42.1223 0.799999
    endloop
  endfacet
  facet normal 0 0 1
    outer loop
      vertex 42.191 -44.5045 0.799999
      vertex 40.6439 -45.6915 0.799999
      vertex 40.9544 -46.0456 0.799999
    endloop
  endfacet
  facet normal 0 0 1
    outer loop
      vertex 41.9062 -43.0729 0.799999
      vertex 40.0227 -42.5683 0.799999
      vertex 41.8641 -43.2846 0.799999
    endloop
  endfacet
  facet normal 0 0 1
    outer loop
      vertex 42.0711 -44.325 0.799999
      vertex 40.3823 -45.3 0.799999
      vertex 40.6439 -45.6915 0.799999
    endloop
  endfacet
  facet normal -0 0 1
    outer loop
      vertex 39.9308 -43.0301 0.799999
      vertex 41.8641 -43.2846 0.799999
      vertex 40.0227 -42.5683 0.799999
    endloop
  endfacet
  facet normal 0 0 1
    outer loop
      vertex 41.9756 -44.1314 0.799999
      vertex 40.174 -44.8777 0.799999
      vertex 40.3823 -45.3 0.799999
    endloop
  endfacet
  facet normal 0 0 1
    outer loop
      vertex 41.8641 -43.2846 0.799999
      vertex 39.9308 -43.0301 0.799999
      vertex 41.85 -43.5 0.799999
    endloop
  endfacet
  facet normal 0 0 1
    outer loop
      vertex 41.9062 -43.9271 0.799999
      vertex 40.0227 -44.4317 0.799999
      vertex 40.174 -44.8777 0.799999
    endloop
  endfacet
  facet normal 0 0 1
    outer loop
      vertex 39.9 -43.5 0.799999
      vertex 41.85 -43.5 0.799999
      vertex 39.9308 -43.0301 0.799999
    endloop
  endfacet
  facet normal 0 0 1
    outer loop
      vertex 41.8641 -43.7154 0.799999
      vertex 39.9308 -43.9699 0.799999
      vertex 40.0227 -44.4317 0.799999
    endloop
  endfacet
  facet normal 0 0 1
    outer loop
      vertex 41.85 -43.5 0.799999
      vertex 39.9 -43.5 0.799999
      vertex 39.9308 -43.9699 0.799999
    endloop
  endfacet
  facet normal 0.321018 -0.947073 0
    outer loop
      vertex 48.6347 -49.4125 0
      vertex 48.771 -49.3663 0.799999
      vertex 48.6347 -49.4125 0.799999
    endloop
  endfacet
  facet normal 0.321018 -0.947073 0
    outer loop
      vertex 48.771 -49.3663 0.799999
      vertex 48.6347 -49.4125 0
      vertex 48.771 -49.3663 0
    endloop
  endfacet
  facet normal 0.896835 -0.442365 0
    outer loop
      vertex 46.6177 41.7 0.799999
      vertex 46.826 42.1223 0
      vertex 46.826 42.1223 0.799999
    endloop
  endfacet
  facet normal 0.896835 -0.442365 0
    outer loop
      vertex 46.826 42.1223 0
      vertex 46.6177 41.7 0.799999
      vertex 46.6177 41.7 0
    endloop
  endfacet
  facet normal -0.0653198 0.997864 0
    outer loop
      vertex 48.35 49.45 0
      vertex 48.2064 49.4406 0.799999
      vertex 48.35 49.45 0.799999
    endloop
  endfacet
  facet normal -0.0653198 0.997864 0
    outer loop
      vertex 48.2064 49.4406 0.799999
      vertex 48.35 49.45 0
      vertex 48.2064 49.4406 0
    endloop
  endfacet
  facet normal 0.65939 0.751801 -0
    outer loop
      vertex 49.1278 49.1278 0
      vertex 49.0196 49.2227 0.799999
      vertex 49.1278 49.1278 0.799999
    endloop
  endfacet
  facet normal 0.65939 0.751801 0
    outer loop
      vertex 49.0196 49.2227 0.799999
      vertex 49.1278 49.1278 0
      vertex 49.0196 49.2227 0
    endloop
  endfacet
  facet normal 0.751801 0.65939 0
    outer loop
      vertex 49.2227 49.0196 0.799999
      vertex 49.1278 49.1278 0
      vertex 49.1278 49.1278 0.799999
    endloop
  endfacet
  facet normal 0.751801 0.65939 0
    outer loop
      vertex 49.1278 49.1278 0
      vertex 49.2227 49.0196 0.799999
      vertex 49.2227 49.0196 0
    endloop
  endfacet
  facet normal 0.831462 -0.555582 0
    outer loop
      vertex 46.3561 41.3085 0.799999
      vertex 46.6177 41.7 0
      vertex 46.6177 41.7 0.799999
    endloop
  endfacet
  facet normal 0.831462 -0.555582 0
    outer loop
      vertex 46.6177 41.7 0
      vertex 46.3561 41.3085 0.799999
      vertex 46.3561 41.3085 0
    endloop
  endfacet
  facet normal 0.997864 -0.0653198 0
    outer loop
      vertex 49.4406 48.2064 0.799999
      vertex 49.45 48.35 0
      vertex 49.45 48.35 0.799999
    endloop
  endfacet
  facet normal 0.997864 -0.0653198 0
    outer loop
      vertex 49.45 48.35 0
      vertex 49.4406 48.2064 0.799999
      vertex 49.4406 48.2064 0
    endloop
  endfacet
  facet normal 0.195177 -0.980768 0
    outer loop
      vertex 43.9699 39.9308 0
      vertex 44.4317 40.0227 0.799999
      vertex 43.9699 39.9308 0.799999
    endloop
  endfacet
  facet normal 0.195177 -0.980768 0
    outer loop
      vertex 44.4317 40.0227 0.799999
      vertex 43.9699 39.9308 0
      vertex 44.4317 40.0227 0
    endloop
  endfacet
  facet normal 0.751879 -0.659301 0
    outer loop
      vertex 46.0456 40.9544 0.799999
      vertex 46.3561 41.3085 0
      vertex 46.3561 41.3085 0.799999
    endloop
  endfacet
  facet normal 0.751879 -0.659301 0
    outer loop
      vertex 46.3561 41.3085 0
      vertex 46.0456 40.9544 0.799999
      vertex 46.0456 40.9544 0
    endloop
  endfacet
  facet normal 0.980741 -0.195314 0
    outer loop
      vertex 49.4125 48.0653 0.799999
      vertex 49.4406 48.2064 0
      vertex 49.4406 48.2064 0.799999
    endloop
  endfacet
  facet normal 0.980741 -0.195314 0
    outer loop
      vertex 49.4406 48.2064 0
      vertex 49.4125 48.0653 0.799999
      vertex 49.4125 48.0653 0
    endloop
  endfacet
  facet normal -0.195177 -0.980768 0
    outer loop
      vertex 42.5683 40.0227 0
      vertex 43.0301 39.9308 0.799999
      vertex 42.5683 40.0227 0.799999
    endloop
  endfacet
  facet normal -0.195177 -0.980768 -0
    outer loop
      vertex 43.0301 39.9308 0.799999
      vertex 42.5683 40.0227 0
      vertex 43.0301 39.9308 0
    endloop
  endfacet
  facet normal 0.91618 -0.400767 0
    outer loop
      vertex 46.826 42.1223 0.799999
      vertex 47.35 43.3202 0
      vertex 47.35 43.3202 0.799999
    endloop
  endfacet
  facet normal 0.91618 -0.400767 0
    outer loop
      vertex 47.35 43.3202 0
      vertex 46.826 42.1223 0.799999
      vertex 46.826 42.1223 0
    endloop
  endfacet
  facet normal 0.916142 -0.400853 0
    outer loop
      vertex 49.0619 47.2333 0.799999
      vertex 49.3663 47.929 0
      vertex 49.3663 47.929 0.799999
    endloop
  endfacet
  facet normal 0.916142 -0.400853 0
    outer loop
      vertex 49.3663 47.929 0
      vertex 49.0619 47.2333 0.799999
      vertex 49.0619 47.2333 0
    endloop
  endfacet
  facet normal 0.947073 0.321018 0
    outer loop
      vertex 49.4125 48.6347 0.799999
      vertex 49.3663 48.771 0
      vertex 49.3663 48.771 0.799999
    endloop
  endfacet
  facet normal 0.947073 0.321018 0
    outer loop
      vertex 49.3663 48.771 0
      vertex 49.4125 48.6347 0.799999
      vertex 49.4125 48.6347 0
    endloop
  endfacet
  facet normal 0.997864 0.0653198 0
    outer loop
      vertex 49.45 48.35 0.799999
      vertex 49.4406 48.4936 0
      vertex 49.4406 48.4936 0.799999
    endloop
  endfacet
  facet normal 0.997864 0.0653198 0
    outer loop
      vertex 49.4406 48.4936 0
      vertex 49.45 48.35 0.799999
      vertex 49.45 48.35 0
    endloop
  endfacet
  facet normal 0.947073 -0.321018 0
    outer loop
      vertex 49.3663 47.929 0.799999
      vertex 49.4125 48.0653 0
      vertex 49.4125 48.0653 0.799999
    endloop
  endfacet
  facet normal 0.947073 -0.321018 0
    outer loop
      vertex 49.4125 48.0653 0
      vertex 49.3663 47.929 0.799999
      vertex 49.3663 47.929 0
    endloop
  endfacet
  facet normal 0.442365 -0.896835 0
    outer loop
      vertex 44.8777 40.174 0
      vertex 45.3 40.3823 0.799999
      vertex 44.8777 40.174 0.799999
    endloop
  endfacet
  facet normal 0.442365 -0.896835 0
    outer loop
      vertex 45.3 40.3823 0.799999
      vertex 44.8777 40.174 0
      vertex 45.3 40.3823 0
    endloop
  endfacet
  facet normal 0.0653198 0.997864 -0
    outer loop
      vertex 48.4936 49.4406 0
      vertex 48.35 49.45 0.799999
      vertex 48.4936 49.4406 0.799999
    endloop
  endfacet
  facet normal 0.0653198 0.997864 0
    outer loop
      vertex 48.35 49.45 0.799999
      vertex 48.4936 49.4406 0
      vertex 48.35 49.45 0
    endloop
  endfacet
  facet normal -0.997859 0.0654055 0
    outer loop
      vertex 39.9 43.5 0
      vertex 39.9308 43.9699 0.799999
      vertex 39.9308 43.9699 0
    endloop
  endfacet
  facet normal -0.997859 0.0654055 0
    outer loop
      vertex 39.9308 43.9699 0.799999
      vertex 39.9 43.5 0
      vertex 39.9 43.5 0.799999
    endloop
  endfacet
  facet normal -0.831462 -0.555582 0
    outer loop
      vertex 40.6439 41.3085 0
      vertex 40.3823 41.7 0.799999
      vertex 40.3823 41.7 0
    endloop
  endfacet
  facet normal -0.831462 -0.555582 0
    outer loop
      vertex 40.3823 41.7 0.799999
      vertex 40.6439 41.3085 0
      vertex 40.6439 41.3085 0.799999
    endloop
  endfacet
  facet normal 0.555582 -0.831462 0
    outer loop
      vertex 45.3 40.3823 0
      vertex 45.6915 40.6439 0.799999
      vertex 45.3 40.3823 0.799999
    endloop
  endfacet
  facet normal 0.555582 -0.831462 0
    outer loop
      vertex 45.6915 40.6439 0.799999
      vertex 45.3 40.3823 0
      vertex 45.6915 40.6439 0
    endloop
  endfacet
  facet normal -0.400853 0.916142 0
    outer loop
      vertex 47.929 49.3663 0
      vertex 47.2333 49.0619 0.799999
      vertex 47.929 49.3663 0.799999
    endloop
  endfacet
  facet normal -0.400853 0.916142 0
    outer loop
      vertex 47.2333 49.0619 0.799999
      vertex 47.929 49.3663 0
      vertex 47.2333 49.0619 0
    endloop
  endfacet
  facet normal -0.400767 0.91618 0
    outer loop
      vertex 43.3202 47.35 0
      vertex 42.1223 46.826 0.799999
      vertex 43.3202 47.35 0.799999
    endloop
  endfacet
  facet normal -0.400767 0.91618 0
    outer loop
      vertex 42.1223 46.826 0.799999
      vertex 43.3202 47.35 0
      vertex 42.1223 46.826 0
    endloop
  endfacet
  facet normal 0.89664 0.44276 0
    outer loop
      vertex 49.3663 48.771 0.799999
      vertex 49.3026 48.9 0
      vertex 49.3026 48.9 0.799999
    endloop
  endfacet
  facet normal 0.89664 0.44276 0
    outer loop
      vertex 49.3026 48.9 0
      vertex 49.3663 48.771 0.799999
      vertex 49.3663 48.771 0
    endloop
  endfacet
  facet normal -0.980768 0.195177 0
    outer loop
      vertex 39.9308 43.9699 0
      vertex 40.0227 44.4317 0.799999
      vertex 40.0227 44.4317 0
    endloop
  endfacet
  facet normal -0.980768 0.195177 0
    outer loop
      vertex 40.0227 44.4317 0.799999
      vertex 39.9308 43.9699 0
      vertex 39.9308 43.9699 0.799999
    endloop
  endfacet
  facet normal -0.321018 0.947073 0
    outer loop
      vertex 48.0653 49.4125 0
      vertex 47.929 49.3663 0.799999
      vertex 48.0653 49.4125 0.799999
    endloop
  endfacet
  facet normal -0.321018 0.947073 0
    outer loop
      vertex 47.929 49.3663 0.799999
      vertex 48.0653 49.4125 0
      vertex 47.929 49.3663 0
    endloop
  endfacet
  facet normal -0.442365 0.896835 0
    outer loop
      vertex 42.1223 46.826 0
      vertex 41.7 46.6177 0.799999
      vertex 42.1223 46.826 0.799999
    endloop
  endfacet
  facet normal -0.442365 0.896835 0
    outer loop
      vertex 41.7 46.6177 0.799999
      vertex 42.1223 46.826 0
      vertex 41.7 46.6177 0
    endloop
  endfacet
  facet normal 0.321256 -0.946993 0
    outer loop
      vertex 44.4317 40.0227 0
      vertex 44.8777 40.174 0.799999
      vertex 44.4317 40.0227 0.799999
    endloop
  endfacet
  facet normal 0.321256 -0.946993 0
    outer loop
      vertex 44.8777 40.174 0.799999
      vertex 44.4317 40.0227 0
      vertex 44.8777 40.174 0
    endloop
  endfacet
  facet normal -0.751879 -0.659301 0
    outer loop
      vertex 40.9544 40.9544 0
      vertex 40.6439 41.3085 0.799999
      vertex 40.6439 41.3085 0
    endloop
  endfacet
  facet normal -0.751879 -0.659301 0
    outer loop
      vertex 40.6439 41.3085 0.799999
      vertex 40.9544 40.9544 0
      vertex 40.9544 40.9544 0.799999
    endloop
  endfacet
  facet normal -0.555582 0.831462 0
    outer loop
      vertex 41.7 46.6177 0
      vertex 41.3085 46.3561 0.799999
      vertex 41.7 46.6177 0.799999
    endloop
  endfacet
  facet normal -0.555582 0.831462 0
    outer loop
      vertex 41.3085 46.3561 0.799999
      vertex 41.7 46.6177 0
      vertex 41.3085 46.3561 0
    endloop
  endfacet
  facet normal -0.195314 0.980741 0
    outer loop
      vertex 48.2064 49.4406 0
      vertex 48.0653 49.4125 0.799999
      vertex 48.2064 49.4406 0.799999
    endloop
  endfacet
  facet normal -0.195314 0.980741 0
    outer loop
      vertex 48.0653 49.4125 0.799999
      vertex 48.2064 49.4406 0
      vertex 48.0653 49.4125 0
    endloop
  endfacet
  facet normal -0.555582 -0.831462 0
    outer loop
      vertex 41.3085 40.6439 0
      vertex 41.7 40.3823 0.799999
      vertex 41.3085 40.6439 0.799999
    endloop
  endfacet
  facet normal -0.555582 -0.831462 -0
    outer loop
      vertex 41.7 40.3823 0.799999
      vertex 41.3085 40.6439 0
      vertex 41.7 40.3823 0
    endloop
  endfacet
  facet normal 0.195314 0.980741 -0
    outer loop
      vertex 48.6347 49.4125 0
      vertex 48.4936 49.4406 0.799999
      vertex 48.6347 49.4125 0.799999
    endloop
  endfacet
  facet normal 0.195314 0.980741 0
    outer loop
      vertex 48.4936 49.4406 0.799999
      vertex 48.6347 49.4125 0
      vertex 48.4936 49.4406 0
    endloop
  endfacet
  facet normal -0.946993 0.321256 0
    outer loop
      vertex 40.0227 44.4317 0
      vertex 40.174 44.8777 0.799999
      vertex 40.174 44.8777 0
    endloop
  endfacet
  facet normal -0.946993 0.321256 0
    outer loop
      vertex 40.174 44.8777 0.799999
      vertex 40.0227 44.4317 0
      vertex 40.0227 44.4317 0.799999
    endloop
  endfacet
  facet normal 0.659301 -0.751879 0
    outer loop
      vertex 45.6915 40.6439 0
      vertex 46.0456 40.9544 0.799999
      vertex 45.6915 40.6439 0.799999
    endloop
  endfacet
  facet normal 0.659301 -0.751879 0
    outer loop
      vertex 46.0456 40.9544 0.799999
      vertex 45.6915 40.6439 0
      vertex 46.0456 40.9544 0
    endloop
  endfacet
  facet normal -0.321256 -0.946993 0
    outer loop
      vertex 42.1223 40.174 0
      vertex 42.5683 40.0227 0.799999
      vertex 42.1223 40.174 0.799999
    endloop
  endfacet
  facet normal -0.321256 -0.946993 -0
    outer loop
      vertex 42.5683 40.0227 0.799999
      vertex 42.1223 40.174 0
      vertex 42.5683 40.0227 0
    endloop
  endfacet
  facet normal 0.44276 0.89664 -0
    outer loop
      vertex 48.9 49.3026 0
      vertex 48.771 49.3663 0.799999
      vertex 48.9 49.3026 0.799999
    endloop
  endfacet
  facet normal 0.44276 0.89664 0
    outer loop
      vertex 48.771 49.3663 0.799999
      vertex 48.9 49.3026 0
      vertex 48.771 49.3663 0
    endloop
  endfacet
  facet normal 0.0654055 -0.997859 0
    outer loop
      vertex 43.5 39.9 0
      vertex 43.9699 39.9308 0.799999
      vertex 43.5 39.9 0.799999
    endloop
  endfacet
  facet normal 0.0654055 -0.997859 0
    outer loop
      vertex 43.9699 39.9308 0.799999
      vertex 43.5 39.9 0
      vertex 43.9699 39.9308 0
    endloop
  endfacet
  facet normal -0.997859 -0.0654055 0
    outer loop
      vertex 39.9308 43.0301 0
      vertex 39.9 43.5 0.799999
      vertex 39.9 43.5 0
    endloop
  endfacet
  facet normal -0.997859 -0.0654055 0
    outer loop
      vertex 39.9 43.5 0.799999
      vertex 39.9308 43.0301 0
      vertex 39.9308 43.0301 0.799999
    endloop
  endfacet
  facet normal 0.980741 0.195314 0
    outer loop
      vertex 49.4406 48.4936 0.799999
      vertex 49.4125 48.6347 0
      vertex 49.4125 48.6347 0.799999
    endloop
  endfacet
  facet normal 0.980741 0.195314 0
    outer loop
      vertex 49.4125 48.6347 0
      vertex 49.4406 48.4936 0.799999
      vertex 49.4406 48.4936 0
    endloop
  endfacet
  facet normal -0.751879 0.659301 0
    outer loop
      vertex 40.6439 45.6915 0
      vertex 40.9544 46.0456 0.799999
      vertex 40.9544 46.0456 0
    endloop
  endfacet
  facet normal -0.751879 0.659301 0
    outer loop
      vertex 40.9544 46.0456 0.799999
      vertex 40.6439 45.6915 0
      vertex 40.6439 45.6915 0.799999
    endloop
  endfacet
  facet normal -0.659301 -0.751879 0
    outer loop
      vertex 40.9544 40.9544 0
      vertex 41.3085 40.6439 0.799999
      vertex 40.9544 40.9544 0.799999
    endloop
  endfacet
  facet normal -0.659301 -0.751879 -0
    outer loop
      vertex 41.3085 40.6439 0.799999
      vertex 40.9544 40.9544 0
      vertex 41.3085 40.6439 0
    endloop
  endfacet
  facet normal -0.946993 -0.321256 0
    outer loop
      vertex 40.174 42.1223 0
      vertex 40.0227 42.5683 0.799999
      vertex 40.0227 42.5683 0
    endloop
  endfacet
  facet normal -0.946993 -0.321256 0
    outer loop
      vertex 40.0227 42.5683 0.799999
      vertex 40.174 42.1223 0
      vertex 40.174 42.1223 0.799999
    endloop
  endfacet
  facet normal -0.980768 -0.195177 0
    outer loop
      vertex 40.0227 42.5683 0
      vertex 39.9308 43.0301 0.799999
      vertex 39.9308 43.0301 0
    endloop
  endfacet
  facet normal -0.980768 -0.195177 0
    outer loop
      vertex 39.9308 43.0301 0.799999
      vertex 40.0227 42.5683 0
      vertex 40.0227 42.5683 0.799999
    endloop
  endfacet
  facet normal 0.321018 0.947073 -0
    outer loop
      vertex 48.771 49.3663 0
      vertex 48.6347 49.4125 0.799999
      vertex 48.771 49.3663 0.799999
    endloop
  endfacet
  facet normal 0.321018 0.947073 0
    outer loop
      vertex 48.6347 49.4125 0.799999
      vertex 48.771 49.3663 0
      vertex 48.6347 49.4125 0
    endloop
  endfacet
  facet normal 0.555502 0.831515 -0
    outer loop
      vertex 49.0196 49.2227 0
      vertex 48.9 49.3026 0.799999
      vertex 49.0196 49.2227 0.799999
    endloop
  endfacet
  facet normal 0.555502 0.831515 0
    outer loop
      vertex 48.9 49.3026 0.799999
      vertex 49.0196 49.2227 0
      vertex 48.9 49.3026 0
    endloop
  endfacet
  facet normal -0.659301 0.751879 0
    outer loop
      vertex 41.3085 46.3561 0
      vertex 40.9544 46.0456 0.799999
      vertex 41.3085 46.3561 0.799999
    endloop
  endfacet
  facet normal -0.659301 0.751879 0
    outer loop
      vertex 40.9544 46.0456 0.799999
      vertex 41.3085 46.3561 0
      vertex 40.9544 46.0456 0
    endloop
  endfacet
  facet normal 0.831515 0.555502 0
    outer loop
      vertex 49.3026 48.9 0.799999
      vertex 49.2227 49.0196 0
      vertex 49.2227 49.0196 0.799999
    endloop
  endfacet
  facet normal 0.831515 0.555502 0
    outer loop
      vertex 49.2227 49.0196 0
      vertex 49.3026 48.9 0.799999
      vertex 49.3026 48.9 0
    endloop
  endfacet
  facet normal -0.831462 0.555582 0
    outer loop
      vertex 40.3823 45.3 0
      vertex 40.6439 45.6915 0.799999
      vertex 40.6439 45.6915 0
    endloop
  endfacet
  facet normal -0.831462 0.555582 0
    outer loop
      vertex 40.6439 45.6915 0.799999
      vertex 40.3823 45.3 0
      vertex 40.3823 45.3 0.799999
    endloop
  endfacet
  facet normal -0.896835 0.442365 0
    outer loop
      vertex 40.174 44.8777 0
      vertex 40.3823 45.3 0.799999
      vertex 40.3823 45.3 0
    endloop
  endfacet
  facet normal -0.896835 0.442365 0
    outer loop
      vertex 40.3823 45.3 0.799999
      vertex 40.174 44.8777 0
      vertex 40.174 44.8777 0.799999
    endloop
  endfacet
  facet normal -0.0654055 -0.997859 0
    outer loop
      vertex 43.0301 39.9308 0
      vertex 43.5 39.9 0.799999
      vertex 43.0301 39.9308 0.799999
    endloop
  endfacet
  facet normal -0.0654055 -0.997859 -0
    outer loop
      vertex 43.5 39.9 0.799999
      vertex 43.0301 39.9308 0
      vertex 43.5 39.9 0
    endloop
  endfacet
  facet normal -0.442365 -0.896835 0
    outer loop
      vertex 41.7 40.3823 0
      vertex 42.1223 40.174 0.799999
      vertex 41.7 40.3823 0.799999
    endloop
  endfacet
  facet normal -0.442365 -0.896835 -0
    outer loop
      vertex 42.1223 40.174 0.799999
      vertex 41.7 40.3823 0
      vertex 42.1223 40.174 0
    endloop
  endfacet
  facet normal -0.896835 -0.442365 0
    outer loop
      vertex 40.3823 41.7 0
      vertex 40.174 42.1223 0.799999
      vertex 40.174 42.1223 0
    endloop
  endfacet
  facet normal -0.896835 -0.442365 0
    outer loop
      vertex 40.174 42.1223 0.799999
      vertex 40.3823 41.7 0
      vertex 40.3823 41.7 0.799999
    endloop
  endfacet
  facet normal 0 0 1
    outer loop
      vertex 48.6267 47.9807 0.799999
      vertex 49.45 48.35 0.799999
      vertex 49.4406 48.4936 0.799999
    endloop
  endfacet
  facet normal 0 0 1
    outer loop
      vertex 48.6267 47.9807 0.799999
      vertex 49.4406 48.4936 0.799999
      vertex 49.4125 48.6347 0.799999
    endloop
  endfacet
  facet normal 0 0 1
    outer loop
      vertex 49.45 48.35 0.799999
      vertex 48.6267 47.9807 0.799999
      vertex 49.4406 48.2064 0.799999
    endloop
  endfacet
  facet normal 0 0 1
    outer loop
      vertex 48.3249 48.3249 0.799999
      vertex 49.4125 48.6347 0.799999
      vertex 49.3663 48.771 0.799999
    endloop
  endfacet
  facet normal 0 0 1
    outer loop
      vertex 49.4406 48.2064 0.799999
      vertex 48.6267 47.9807 0.799999
      vertex 49.4125 48.0653 0.799999
    endloop
  endfacet
  facet normal 0 0 1
    outer loop
      vertex 48.3249 48.3249 0.799999
      vertex 49.3663 48.771 0.799999
      vertex 49.3026 48.9 0.799999
    endloop
  endfacet
  facet normal 0 0 1
    outer loop
      vertex 48.3249 48.3249 0.799999
      vertex 49.3026 48.9 0.799999
      vertex 49.2227 49.0196 0.799999
    endloop
  endfacet
  facet normal 0 0 1
    outer loop
      vertex 48.3249 48.3249 0.799999
      vertex 49.2227 49.0196 0.799999
      vertex 49.1278 49.1278 0.799999
    endloop
  endfacet
  facet normal 0 0 1
    outer loop
      vertex 49.4125 48.0653 0.799999
      vertex 48.6267 47.9807 0.799999
      vertex 49.3663 47.929 0.799999
    endloop
  endfacet
  facet normal 0 0 1
    outer loop
      vertex 48.3249 48.3249 0.799999
      vertex 49.1278 49.1278 0.799999
      vertex 49.0196 49.2227 0.799999
    endloop
  endfacet
  facet normal 0 0 1
    outer loop
      vertex 48.3249 48.3249 0.799999
      vertex 49.0196 49.2227 0.799999
      vertex 48.9 49.3026 0.799999
    endloop
  endfacet
  facet normal 0 0 1
    outer loop
      vertex 49.3663 47.929 0.799999
      vertex 48.8811 47.6 0.799999
      vertex 49.0619 47.2333 0.799999
    endloop
  endfacet
  facet normal 0 0 1
    outer loop
      vertex 48.3249 48.3249 0.799999
      vertex 48.9 49.3026 0.799999
      vertex 48.771 49.3663 0.799999
    endloop
  endfacet
  facet normal 0 0 1
    outer loop
      vertex 48.3249 48.3249 0.799999
      vertex 48.771 49.3663 0.799999
      vertex 48.6347 49.4125 0.799999
    endloop
  endfacet
  facet normal 0 0 1
    outer loop
      vertex 49.3663 47.929 0.799999
      vertex 48.6267 47.9807 0.799999
      vertex 48.8811 47.6 0.799999
    endloop
  endfacet
  facet normal 0 0 1
    outer loop
      vertex 47.9807 48.6267 0.799999
      vertex 48.6347 49.4125 0.799999
      vertex 48.4936 49.4406 0.799999
    endloop
  endfacet
  facet normal 0 0 1
    outer loop
      vertex 47.9807 48.6267 0.799999
      vertex 48.4936 49.4406 0.799999
      vertex 48.35 49.45 0.799999
    endloop
  endfacet
  facet normal 0 0 1
    outer loop
      vertex 49.4125 48.6347 0.799999
      vertex 48.3249 48.3249 0.799999
      vertex 48.6267 47.9807 0.799999
    endloop
  endfacet
  facet normal 0 0 1
    outer loop
      vertex 47.9807 48.6267 0.799999
      vertex 48.35 49.45 0.799999
      vertex 48.2064 49.4406 0.799999
    endloop
  endfacet
  facet normal 0 0 1
    outer loop
      vertex 47.9807 48.6267 0.799999
      vertex 48.2064 49.4406 0.799999
      vertex 48.0653 49.4125 0.799999
    endloop
  endfacet
  facet normal 0 0 1
    outer loop
      vertex 48.6347 49.4125 0.799999
      vertex 47.9807 48.6267 0.799999
      vertex 48.3249 48.3249 0.799999
    endloop
  endfacet
  facet normal -0 0 1
    outer loop
      vertex 47.929 49.3663 0.799999
      vertex 47.9807 48.6267 0.799999
      vertex 48.0653 49.4125 0.799999
    endloop
  endfacet
  facet normal 0 0 1
    outer loop
      vertex 47.929 49.3663 0.799999
      vertex 47.6 48.8811 0.799999
      vertex 47.9807 48.6267 0.799999
    endloop
  endfacet
  facet normal 0 -0 1
    outer loop
      vertex 47.6 48.8811 0.799999
      vertex 47.929 49.3663 0.799999
      vertex 47.2333 49.0619 0.799999
    endloop
  endfacet
  facet normal 0 0 1
    outer loop
      vertex 44.6667 44.6667 0.799999
      vertex 47.35 45.85 0.799999
      vertex 47.3372 46.0458 0.799999
    endloop
  endfacet
  facet normal 0 0 1
    outer loop
      vertex 44.6667 44.6667 0.799999
      vertex 47.3372 46.0458 0.799999
      vertex 47.2989 46.2382 0.799999
    endloop
  endfacet
  facet normal 0 0 1
    outer loop
      vertex 44.6667 44.6667 0.799999
      vertex 47.2989 46.2382 0.799999
      vertex 47.2358 46.424 0.799999
    endloop
  endfacet
  facet normal 0 0 1
    outer loop
      vertex 44.6667 44.6667 0.799999
      vertex 47.2358 46.424 0.799999
      vertex 47.149 46.6 0.799999
    endloop
  endfacet
  facet normal 0 0 1
    outer loop
      vertex 44.6667 44.6667 0.799999
      vertex 47.149 46.6 0.799999
      vertex 47.04 46.7631 0.799999
    endloop
  endfacet
  facet normal 0 0 1
    outer loop
      vertex 44.6667 44.6667 0.799999
      vertex 47.04 46.7631 0.799999
      vertex 46.9106 46.9106 0.799999
    endloop
  endfacet
  facet normal 0 0 1
    outer loop
      vertex 47.35 45.85 0.799999
      vertex 45.0244 44.1314 0.799999
      vertex 47.35 43.3202 0.799999
    endloop
  endfacet
  facet normal 0 0 1
    outer loop
      vertex 44.6667 44.6667 0.799999
      vertex 46.9106 46.9106 0.799999
      vertex 46.7631 47.04 0.799999
    endloop
  endfacet
  facet normal -0 -0 1
    outer loop
      vertex 45.1359 43.7154 0.799999
      vertex 47.35 43.3202 0.799999
      vertex 45.0938 43.9271 0.799999
    endloop
  endfacet
  facet normal 0 0 1
    outer loop
      vertex 44.6667 44.6667 0.799999
      vertex 46.7631 47.04 0.799999
      vertex 46.6 47.149 0.799999
    endloop
  endfacet
  facet normal 0 0 1
    outer loop
      vertex 44.6667 44.6667 0.799999
      vertex 46.6 47.149 0.799999
      vertex 46.424 47.2358 0.799999
    endloop
  endfacet
  facet normal -0 -0 1
    outer loop
      vertex 45.15 43.5 0.799999
      vertex 47.35 43.3202 0.799999
      vertex 45.1359 43.7154 0.799999
    endloop
  endfacet
  facet normal 0 0 1
    outer loop
      vertex 44.6667 44.6667 0.799999
      vertex 46.424 47.2358 0.799999
      vertex 46.2382 47.2989 0.799999
    endloop
  endfacet
  facet normal 0 0 1
    outer loop
      vertex 44.6667 44.6667 0.799999
      vertex 46.2382 47.2989 0.799999
      vertex 46.0458 47.3372 0.799999
    endloop
  endfacet
  facet normal 0 0 1
    outer loop
      vertex 47.35 43.3202 0.799999
      vertex 45.1359 43.2846 0.799999
      vertex 46.826 42.1223 0.799999
    endloop
  endfacet
  facet normal 0 0 1
    outer loop
      vertex 44.6667 44.6667 0.799999
      vertex 46.0458 47.3372 0.799999
      vertex 45.85 47.35 0.799999
    endloop
  endfacet
  facet normal -0 0 1
    outer loop
      vertex 45.0938 43.0729 0.799999
      vertex 46.826 42.1223 0.799999
      vertex 45.1359 43.2846 0.799999
    endloop
  endfacet
  facet normal 0 0 1
    outer loop
      vertex 46.826 42.1223 0.799999
      vertex 45.0244 42.8686 0.799999
      vertex 46.6177 41.7 0.799999
    endloop
  endfacet
  facet normal -0 0 1
    outer loop
      vertex 44.9289 42.675 0.799999
      vertex 46.6177 41.7 0.799999
      vertex 45.0244 42.8686 0.799999
    endloop
  endfacet
  facet normal -0 0 1
    outer loop
      vertex 45.0244 42.8686 0.799999
      vertex 46.826 42.1223 0.799999
      vertex 45.0938 43.0729 0.799999
    endloop
  endfacet
  facet normal 0 0 1
    outer loop
      vertex 45.1359 43.2846 0.799999
      vertex 47.35 43.3202 0.799999
      vertex 45.15 43.5 0.799999
    endloop
  endfacet
  facet normal 0 0 1
    outer loop
      vertex 47.35 43.3202 0.799999
      vertex 45.0244 44.1314 0.799999
      vertex 45.0938 43.9271 0.799999
    endloop
  endfacet
  facet normal 0 0 1
    outer loop
      vertex 47.35 45.85 0.799999
      vertex 44.9289 44.325 0.799999
      vertex 45.0244 44.1314 0.799999
    endloop
  endfacet
  facet normal 0 0 1
    outer loop
      vertex 47.35 45.85 0.799999
      vertex 44.809 44.5045 0.799999
      vertex 44.9289 44.325 0.799999
    endloop
  endfacet
  facet normal 0 0 1
    outer loop
      vertex 47.35 45.85 0.799999
      vertex 44.6667 44.6667 0.799999
      vertex 44.809 44.5045 0.799999
    endloop
  endfacet
  facet normal 0 0 1
    outer loop
      vertex 45.85 47.35 0.799999
      vertex 44.5045 44.809 0.799999
      vertex 44.6667 44.6667 0.799999
    endloop
  endfacet
  facet normal 0 0 1
    outer loop
      vertex 45.85 47.35 0.799999
      vertex 44.325 44.9289 0.799999
      vertex 44.5045 44.809 0.799999
    endloop
  endfacet
  facet normal 0 0 1
    outer loop
      vertex 45.85 47.35 0.799999
      vertex 44.1314 45.0244 0.799999
      vertex 44.325 44.9289 0.799999
    endloop
  endfacet
  facet normal -0 0 1
    outer loop
      vertex 43.3202 47.35 0.799999
      vertex 44.1314 45.0244 0.799999
      vertex 45.85 47.35 0.799999
    endloop
  endfacet
  facet normal 0 0 1
    outer loop
      vertex 44.1314 45.0244 0.799999
      vertex 43.3202 47.35 0.799999
      vertex 43.9271 45.0938 0.799999
    endloop
  endfacet
  facet normal 0 0 1
    outer loop
      vertex 43.9271 45.0938 0.799999
      vertex 43.3202 47.35 0.799999
      vertex 43.7154 45.1359 0.799999
    endloop
  endfacet
  facet normal 0 0 1
    outer loop
      vertex 43.7154 45.1359 0.799999
      vertex 43.3202 47.35 0.799999
      vertex 43.5 45.15 0.799999
    endloop
  endfacet
  facet normal 0 0 1
    outer loop
      vertex 43.3202 47.35 0.799999
      vertex 43.2846 45.1359 0.799999
      vertex 43.5 45.15 0.799999
    endloop
  endfacet
  facet normal -0 0 1
    outer loop
      vertex 42.1223 46.826 0.799999
      vertex 43.2846 45.1359 0.799999
      vertex 43.3202 47.35 0.799999
    endloop
  endfacet
  facet normal 0 0 1
    outer loop
      vertex 43.2846 45.1359 0.799999
      vertex 42.1223 46.826 0.799999
      vertex 43.0729 45.0938 0.799999
    endloop
  endfacet
  facet normal 0 0 1
    outer loop
      vertex 43.0729 45.0938 0.799999
      vertex 42.1223 46.826 0.799999
      vertex 42.8686 45.0244 0.799999
    endloop
  endfacet
  facet normal 0 0 1
    outer loop
      vertex 42.8686 45.0244 0.799999
      vertex 42.1223 46.826 0.799999
      vertex 42.675 44.9289 0.799999
    endloop
  endfacet
  facet normal -0 0 1
    outer loop
      vertex 41.7 46.6177 0.799999
      vertex 42.675 44.9289 0.799999
      vertex 42.1223 46.826 0.799999
    endloop
  endfacet
  facet normal 0 0 1
    outer loop
      vertex 42.675 44.9289 0.799999
      vertex 41.7 46.6177 0.799999
      vertex 42.4955 44.809 0.799999
    endloop
  endfacet
  facet normal -0 0 1
    outer loop
      vertex 41.3085 46.3561 0.799999
      vertex 42.4955 44.809 0.799999
      vertex 41.7 46.6177 0.799999
    endloop
  endfacet
  facet normal 0 0 1
    outer loop
      vertex 42.4955 44.809 0.799999
      vertex 41.3085 46.3561 0.799999
      vertex 42.3333 44.6667 0.799999
    endloop
  endfacet
  facet normal -0 0 1
    outer loop
      vertex 40.9544 46.0456 0.799999
      vertex 42.3333 44.6667 0.799999
      vertex 41.3085 46.3561 0.799999
    endloop
  endfacet
  facet normal 0 0 1
    outer loop
      vertex 42.3333 44.6667 0.799999
      vertex 40.9544 46.0456 0.799999
      vertex 42.191 44.5045 0.799999
    endloop
  endfacet
  facet normal -0 0 1
    outer loop
      vertex 40.6439 45.6915 0.799999
      vertex 42.191 44.5045 0.799999
      vertex 40.9544 46.0456 0.799999
    endloop
  endfacet
  facet normal -0 0 1
    outer loop
      vertex 40.3823 45.3 0.799999
      vertex 42.0711 44.325 0.799999
      vertex 40.6439 45.6915 0.799999
    endloop
  endfacet
  facet normal 0 0 1
    outer loop
      vertex 42.191 44.5045 0.799999
      vertex 40.6439 45.6915 0.799999
      vertex 42.0711 44.325 0.799999
    endloop
  endfacet
  facet normal 0 0 1
    outer loop
      vertex 46.6177 41.7 0.799999
      vertex 44.9289 42.675 0.799999
      vertex 46.3561 41.3085 0.799999
    endloop
  endfacet
  facet normal -0 0 1
    outer loop
      vertex 44.809 42.4955 0.799999
      vertex 46.3561 41.3085 0.799999
      vertex 44.9289 42.675 0.799999
    endloop
  endfacet
  facet normal 0 0 1
    outer loop
      vertex 46.3561 41.3085 0.799999
      vertex 44.809 42.4955 0.799999
      vertex 46.0456 40.9544 0.799999
    endloop
  endfacet
  facet normal -0 0 1
    outer loop
      vertex 44.6667 42.3333 0.799999
      vertex 46.0456 40.9544 0.799999
      vertex 44.809 42.4955 0.799999
    endloop
  endfacet
  facet normal 0 0 1
    outer loop
      vertex 46.0456 40.9544 0.799999
      vertex 44.6667 42.3333 0.799999
      vertex 45.6915 40.6439 0.799999
    endloop
  endfacet
  facet normal -0 0 1
    outer loop
      vertex 44.5045 42.191 0.799999
      vertex 45.6915 40.6439 0.799999
      vertex 44.6667 42.3333 0.799999
    endloop
  endfacet
  facet normal 0 0 1
    outer loop
      vertex 45.6915 40.6439 0.799999
      vertex 44.5045 42.191 0.799999
      vertex 45.3 40.3823 0.799999
    endloop
  endfacet
  facet normal -0 0 1
    outer loop
      vertex 44.325 42.0711 0.799999
      vertex 45.3 40.3823 0.799999
      vertex 44.5045 42.191 0.799999
    endloop
  endfacet
  facet normal 0 0 1
    outer loop
      vertex 45.3 40.3823 0.799999
      vertex 44.325 42.0711 0.799999
      vertex 44.8777 40.174 0.799999
    endloop
  endfacet
  facet normal -0 0 1
    outer loop
      vertex 44.1314 41.9756 0.799999
      vertex 44.8777 40.174 0.799999
      vertex 44.325 42.0711 0.799999
    endloop
  endfacet
  facet normal 0 0 1
    outer loop
      vertex 44.8777 40.174 0.799999
      vertex 44.1314 41.9756 0.799999
      vertex 44.4317 40.0227 0.799999
    endloop
  endfacet
  facet normal -0 0 1
    outer loop
      vertex 43.9271 41.9062 0.799999
      vertex 44.4317 40.0227 0.799999
      vertex 44.1314 41.9756 0.799999
    endloop
  endfacet
  facet normal 0 0 1
    outer loop
      vertex 44.4317 40.0227 0.799999
      vertex 43.9271 41.9062 0.799999
      vertex 43.9699 39.9308 0.799999
    endloop
  endfacet
  facet normal -0 0 1
    outer loop
      vertex 43.7154 41.8641 0.799999
      vertex 43.9699 39.9308 0.799999
      vertex 43.9271 41.9062 0.799999
    endloop
  endfacet
  facet normal -0 0 1
    outer loop
      vertex 43.5 41.85 0.799999
      vertex 43.9699 39.9308 0.799999
      vertex 43.7154 41.8641 0.799999
    endloop
  endfacet
  facet normal 0 0 1
    outer loop
      vertex 43.5 41.85 0.799999
      vertex 43.5 39.9 0.799999
      vertex 43.9699 39.9308 0.799999
    endloop
  endfacet
  facet normal 0 0 1
    outer loop
      vertex 43.2846 41.8641 0.799999
      vertex 43.5 39.9 0.799999
      vertex 43.5 41.85 0.799999
    endloop
  endfacet
  facet normal 0 0 1
    outer loop
      vertex 43.0301 39.9308 0.799999
      vertex 43.2846 41.8641 0.799999
      vertex 43.0729 41.9062 0.799999
    endloop
  endfacet
  facet normal 0 0 1
    outer loop
      vertex 43.2846 41.8641 0.799999
      vertex 43.0301 39.9308 0.799999
      vertex 43.5 39.9 0.799999
    endloop
  endfacet
  facet normal 0 0 1
    outer loop
      vertex 42.5683 40.0227 0.799999
      vertex 43.0729 41.9062 0.799999
      vertex 42.8686 41.9756 0.799999
    endloop
  endfacet
  facet normal 0 0 1
    outer loop
      vertex 42.1223 40.174 0.799999
      vertex 42.8686 41.9756 0.799999
      vertex 42.675 42.0711 0.799999
    endloop
  endfacet
  facet normal 0 0 1
    outer loop
      vertex 43.0729 41.9062 0.799999
      vertex 42.5683 40.0227 0.799999
      vertex 43.0301 39.9308 0.799999
    endloop
  endfacet
  facet normal 0 0 1
    outer loop
      vertex 41.7 40.3823 0.799999
      vertex 42.675 42.0711 0.799999
      vertex 42.4955 42.191 0.799999
    endloop
  endfacet
  facet normal 0 0 1
    outer loop
      vertex 41.3085 40.6439 0.799999
      vertex 42.4955 42.191 0.799999
      vertex 42.3333 42.3333 0.799999
    endloop
  endfacet
  facet normal 0 0 1
    outer loop
      vertex 40.9544 40.9544 0.799999
      vertex 42.3333 42.3333 0.799999
      vertex 42.191 42.4955 0.799999
    endloop
  endfacet
  facet normal 0 0 1
    outer loop
      vertex 42.8686 41.9756 0.799999
      vertex 42.1223 40.174 0.799999
      vertex 42.5683 40.0227 0.799999
    endloop
  endfacet
  facet normal 0 0 1
    outer loop
      vertex 40.6439 41.3085 0.799999
      vertex 42.191 42.4955 0.799999
      vertex 42.0711 42.675 0.799999
    endloop
  endfacet
  facet normal 0 0 1
    outer loop
      vertex 40.3823 41.7 0.799999
      vertex 42.0711 42.675 0.799999
      vertex 41.9756 42.8686 0.799999
    endloop
  endfacet
  facet normal 0 0 1
    outer loop
      vertex 40.174 42.1223 0.799999
      vertex 41.9756 42.8686 0.799999
      vertex 41.9062 43.0729 0.799999
    endloop
  endfacet
  facet normal 0 0 1
    outer loop
      vertex 40.0227 42.5683 0.799999
      vertex 41.9062 43.0729 0.799999
      vertex 41.8641 43.2846 0.799999
    endloop
  endfacet
  facet normal 0 0 1
    outer loop
      vertex 42.675 42.0711 0.799999
      vertex 41.7 40.3823 0.799999
      vertex 42.1223 40.174 0.799999
    endloop
  endfacet
  facet normal 0 0 1
    outer loop
      vertex 39.9308 43.0301 0.799999
      vertex 41.8641 43.2846 0.799999
      vertex 41.85 43.5 0.799999
    endloop
  endfacet
  facet normal 0 0 1
    outer loop
      vertex 42.0711 44.325 0.799999
      vertex 40.3823 45.3 0.799999
      vertex 41.9756 44.1314 0.799999
    endloop
  endfacet
  facet normal -0 0 1
    outer loop
      vertex 40.174 44.8777 0.799999
      vertex 41.9756 44.1314 0.799999
      vertex 40.3823 45.3 0.799999
    endloop
  endfacet
  facet normal 0 0 1
    outer loop
      vertex 42.4955 42.191 0.799999
      vertex 41.3085 40.6439 0.799999
      vertex 41.7 40.3823 0.799999
    endloop
  endfacet
  facet normal 0 0 1
    outer loop
      vertex 41.9756 44.1314 0.799999
      vertex 40.174 44.8777 0.799999
      vertex 41.9062 43.9271 0.799999
    endloop
  endfacet
  facet normal 0 0 1
    outer loop
      vertex 42.3333 42.3333 0.799999
      vertex 40.9544 40.9544 0.799999
      vertex 41.3085 40.6439 0.799999
    endloop
  endfacet
  facet normal -0 0 1
    outer loop
      vertex 40.0227 44.4317 0.799999
      vertex 41.9062 43.9271 0.799999
      vertex 40.174 44.8777 0.799999
    endloop
  endfacet
  facet normal 0 0 1
    outer loop
      vertex 42.191 42.4955 0.799999
      vertex 40.6439 41.3085 0.799999
      vertex 40.9544 40.9544 0.799999
    endloop
  endfacet
  facet normal 0 0 1
    outer loop
      vertex 41.9062 43.9271 0.799999
      vertex 40.0227 44.4317 0.799999
      vertex 41.8641 43.7154 0.799999
    endloop
  endfacet
  facet normal 0 0 1
    outer loop
      vertex 42.0711 42.675 0.799999
      vertex 40.3823 41.7 0.799999
      vertex 40.6439 41.3085 0.799999
    endloop
  endfacet
  facet normal -0 0 1
    outer loop
      vertex 39.9308 43.9699 0.799999
      vertex 41.8641 43.7154 0.799999
      vertex 40.0227 44.4317 0.799999
    endloop
  endfacet
  facet normal 0 0 1
    outer loop
      vertex 41.9756 42.8686 0.799999
      vertex 40.174 42.1223 0.799999
      vertex 40.3823 41.7 0.799999
    endloop
  endfacet
  facet normal 0 0 1
    outer loop
      vertex 41.8641 43.7154 0.799999
      vertex 39.9308 43.9699 0.799999
      vertex 41.85 43.5 0.799999
    endloop
  endfacet
  facet normal 0 0 1
    outer loop
      vertex 41.9062 43.0729 0.799999
      vertex 40.0227 42.5683 0.799999
      vertex 40.174 42.1223 0.799999
    endloop
  endfacet
  facet normal 0 0 1
    outer loop
      vertex 39.9 43.5 0.799999
      vertex 41.85 43.5 0.799999
      vertex 39.9308 43.9699 0.799999
    endloop
  endfacet
  facet normal 0 0 1
    outer loop
      vertex 41.8641 43.2846 0.799999
      vertex 39.9308 43.0301 0.799999
      vertex 40.0227 42.5683 0.799999
    endloop
  endfacet
  facet normal 0 0 1
    outer loop
      vertex 41.85 43.5 0.799999
      vertex 39.9 43.5 0.799999
      vertex 39.9308 43.0301 0.799999
    endloop
  endfacet
  facet normal -0.0653198 0.997864 0
    outer loop
      vertex -43.2846 -45.1359 0
      vertex -43.5 -45.15 0.799999
      vertex -43.2846 -45.1359 0.799999
    endloop
  endfacet
  facet normal -0.0653198 0.997864 0
    outer loop
      vertex -43.5 -45.15 0.799999
      vertex -43.2846 -45.1359 0
      vertex -43.5 -45.15 0
    endloop
  endfacet
  facet normal -0.980794 -0.195047 0
    outer loop
      vertex -41.8641 -43.2846 0
      vertex -41.9062 -43.0729 0.799999
      vertex -41.9062 -43.0729 0
    endloop
  endfacet
  facet normal -0.980794 -0.195047 0
    outer loop
      vertex -41.9062 -43.0729 0.799999
      vertex -41.8641 -43.2846 0
      vertex -41.8641 -43.2846 0.799999
    endloop
  endfacet
  facet normal -0.997864 -0.0653198 0
    outer loop
      vertex -41.85 -43.5 0
      vertex -41.8641 -43.2846 0.799999
      vertex -41.8641 -43.2846 0
    endloop
  endfacet
  facet normal -0.997864 -0.0653198 0
    outer loop
      vertex -41.8641 -43.2846 0.799999
      vertex -41.85 -43.5 0
      vertex -41.85 -43.5 0.799999
    endloop
  endfacet
  facet normal -0.94686 -0.321645 0
    outer loop
      vertex -41.9062 -43.0729 0
      vertex -41.9756 -42.8686 0.799999
      vertex -41.9756 -42.8686 0
    endloop
  endfacet
  facet normal -0.94686 -0.321645 0
    outer loop
      vertex -41.9756 -42.8686 0.799999
      vertex -41.9062 -43.0729 0
      vertex -41.9062 -43.0729 0.799999
    endloop
  endfacet
  facet normal -0.0653198 -0.997864 0
    outer loop
      vertex -43.5 -41.85 0
      vertex -43.2846 -41.8641 0.799999
      vertex -43.5 -41.85 0.799999
    endloop
  endfacet
  facet normal -0.0653198 -0.997864 -0
    outer loop
      vertex -43.2846 -41.8641 0.799999
      vertex -43.5 -41.85 0
      vertex -43.2846 -41.8641 0
    endloop
  endfacet
  facet normal 0.659488 0.751715 -0
    outer loop
      vertex -44.5045 -44.809 0
      vertex -44.6667 -44.6667 0.799999
      vertex -44.5045 -44.809 0.799999
    endloop
  endfacet
  facet normal 0.659488 0.751715 0
    outer loop
      vertex -44.6667 -44.6667 0.799999
      vertex -44.5045 -44.809 0
      vertex -44.6667 -44.6667 0
    endloop
  endfacet
  facet normal 0.997864 0.0653198 0
    outer loop
      vertex -45.1359 -43.7154 0.799999
      vertex -45.15 -43.5 0
      vertex -45.15 -43.5 0.799999
    endloop
  endfacet
  facet normal 0.997864 0.0653198 0
    outer loop
      vertex -45.15 -43.5 0
      vertex -45.1359 -43.7154 0.799999
      vertex -45.1359 -43.7154 0
    endloop
  endfacet
  facet normal 0.659488 -0.751715 0
    outer loop
      vertex -44.6667 -42.3333 0
      vertex -44.5045 -42.191 0.799999
      vertex -44.6667 -42.3333 0.799999
    endloop
  endfacet
  facet normal 0.659488 -0.751715 0
    outer loop
      vertex -44.5045 -42.191 0.799999
      vertex -44.6667 -42.3333 0
      vertex -44.5045 -42.191 0
    endloop
  endfacet
  facet normal -0.751715 -0.659488 0
    outer loop
      vertex -42.191 -42.4955 0
      vertex -42.3333 -42.3333 0.799999
      vertex -42.3333 -42.3333 0
    endloop
  endfacet
  facet normal -0.751715 -0.659488 0
    outer loop
      vertex -42.3333 -42.3333 0.799999
      vertex -42.191 -42.4955 0
      vertex -42.191 -42.4955 0.799999
    endloop
  endfacet
  facet normal -0.997864 0.0653198 0
    outer loop
      vertex -41.8641 -43.7154 0
      vertex -41.85 -43.5 0.799999
      vertex -41.85 -43.5 0
    endloop
  endfacet
  facet normal -0.997864 0.0653198 0
    outer loop
      vertex -41.85 -43.5 0.799999
      vertex -41.8641 -43.7154 0
      vertex -41.8641 -43.7154 0.799999
    endloop
  endfacet
  facet normal -0.442389 -0.896823 0
    outer loop
      vertex -42.8686 -41.9756 0
      vertex -42.675 -42.0711 0.799999
      vertex -42.8686 -41.9756 0.799999
    endloop
  endfacet
  facet normal -0.442389 -0.896823 -0
    outer loop
      vertex -42.675 -42.0711 0.799999
      vertex -42.8686 -41.9756 0
      vertex -42.675 -42.0711 0
    endloop
  endfacet
  facet normal -0.896823 0.442389 0
    outer loop
      vertex -42.0711 -44.325 0
      vertex -41.9756 -44.1314 0.799999
      vertex -41.9756 -44.1314 0
    endloop
  endfacet
  facet normal -0.896823 0.442389 0
    outer loop
      vertex -41.9756 -44.1314 0.799999
      vertex -42.0711 -44.325 0
      vertex -42.0711 -44.325 0.799999
    endloop
  endfacet
  facet normal 0.321645 0.94686 -0
    outer loop
      vertex -43.9271 -45.0938 0
      vertex -44.1314 -45.0244 0.799999
      vertex -43.9271 -45.0938 0.799999
    endloop
  endfacet
  facet normal 0.321645 0.94686 0
    outer loop
      vertex -44.1314 -45.0244 0.799999
      vertex -43.9271 -45.0938 0
      vertex -44.1314 -45.0244 0
    endloop
  endfacet
  facet normal -0.831551 -0.555448 0
    outer loop
      vertex -42.0711 -42.675 0
      vertex -42.191 -42.4955 0.799999
      vertex -42.191 -42.4955 0
    endloop
  endfacet
  facet normal -0.831551 -0.555448 0
    outer loop
      vertex -42.191 -42.4955 0.799999
      vertex -42.0711 -42.675 0
      vertex -42.0711 -42.675 0.799999
    endloop
  endfacet
  facet normal -0.896823 -0.442389 0
    outer loop
      vertex -41.9756 -42.8686 0
      vertex -42.0711 -42.675 0.799999
      vertex -42.0711 -42.675 0
    endloop
  endfacet
  facet normal -0.896823 -0.442389 0
    outer loop
      vertex -42.0711 -42.675 0.799999
      vertex -41.9756 -42.8686 0
      vertex -41.9756 -42.8686 0.799999
    endloop
  endfacet
  facet normal 0.831551 0.555448 0
    outer loop
      vertex -44.809 -44.5045 0.799999
      vertex -44.9289 -44.325 0
      vertex -44.9289 -44.325 0.799999
    endloop
  endfacet
  facet normal 0.831551 0.555448 0
    outer loop
      vertex -44.9289 -44.325 0
      vertex -44.809 -44.5045 0.799999
      vertex -44.809 -44.5045 0
    endloop
  endfacet
  facet normal -0.442389 0.896823 0
    outer loop
      vertex -42.675 -44.9289 0
      vertex -42.8686 -45.0244 0.799999
      vertex -42.675 -44.9289 0.799999
    endloop
  endfacet
  facet normal -0.442389 0.896823 0
    outer loop
      vertex -42.8686 -45.0244 0.799999
      vertex -42.675 -44.9289 0
      vertex -42.8686 -45.0244 0
    endloop
  endfacet
  facet normal 0.997864 -0.0653198 0
    outer loop
      vertex -45.15 -43.5 0.799999
      vertex -45.1359 -43.2846 0
      vertex -45.1359 -43.2846 0.799999
    endloop
  endfacet
  facet normal 0.997864 -0.0653198 0
    outer loop
      vertex -45.1359 -43.2846 0
      vertex -45.15 -43.5 0.799999
      vertex -45.15 -43.5 0
    endloop
  endfacet
  facet normal 0.442389 -0.896823 0
    outer loop
      vertex -44.325 -42.0711 0
      vertex -44.1314 -41.9756 0.799999
      vertex -44.325 -42.0711 0.799999
    endloop
  endfacet
  facet normal 0.442389 -0.896823 0
    outer loop
      vertex -44.1314 -41.9756 0.799999
      vertex -44.325 -42.0711 0
      vertex -44.1314 -41.9756 0
    endloop
  endfacet
  facet normal -0.195047 -0.980794 0
    outer loop
      vertex -43.2846 -41.8641 0
      vertex -43.0729 -41.9062 0.799999
      vertex -43.2846 -41.8641 0.799999
    endloop
  endfacet
  facet normal -0.195047 -0.980794 -0
    outer loop
      vertex -43.0729 -41.9062 0.799999
      vertex -43.2846 -41.8641 0
      vertex -43.0729 -41.9062 0
    endloop
  endfacet
  facet normal 0.751715 -0.659488 0
    outer loop
      vertex -44.809 -42.4955 0.799999
      vertex -44.6667 -42.3333 0
      vertex -44.6667 -42.3333 0.799999
    endloop
  endfacet
  facet normal 0.751715 -0.659488 0
    outer loop
      vertex -44.6667 -42.3333 0
      vertex -44.809 -42.4955 0.799999
      vertex -44.809 -42.4955 0
    endloop
  endfacet
  facet normal -0.94686 0.321645 0
    outer loop
      vertex -41.9756 -44.1314 0
      vertex -41.9062 -43.9271 0.799999
      vertex -41.9062 -43.9271 0
    endloop
  endfacet
  facet normal -0.94686 0.321645 0
    outer loop
      vertex -41.9062 -43.9271 0.799999
      vertex -41.9756 -44.1314 0
      vertex -41.9756 -44.1314 0.799999
    endloop
  endfacet
  facet normal 0.980794 -0.195047 0
    outer loop
      vertex -45.1359 -43.2846 0.799999
      vertex -45.0938 -43.0729 0
      vertex -45.0938 -43.0729 0.799999
    endloop
  endfacet
  facet normal 0.980794 -0.195047 0
    outer loop
      vertex -45.0938 -43.0729 0
      vertex -45.1359 -43.2846 0.799999
      vertex -45.1359 -43.2846 0
    endloop
  endfacet
  facet normal 0.442389 0.896823 -0
    outer loop
      vertex -44.1314 -45.0244 0
      vertex -44.325 -44.9289 0.799999
      vertex -44.1314 -45.0244 0.799999
    endloop
  endfacet
  facet normal 0.442389 0.896823 0
    outer loop
      vertex -44.325 -44.9289 0.799999
      vertex -44.1314 -45.0244 0
      vertex -44.325 -44.9289 0
    endloop
  endfacet
  facet normal 0.555448 -0.831551 0
    outer loop
      vertex -44.5045 -42.191 0
      vertex -44.325 -42.0711 0.799999
      vertex -44.5045 -42.191 0.799999
    endloop
  endfacet
  facet normal 0.555448 -0.831551 0
    outer loop
      vertex -44.325 -42.0711 0.799999
      vertex -44.5045 -42.191 0
      vertex -44.325 -42.0711 0
    endloop
  endfacet
  facet normal -0.659488 0.751715 0
    outer loop
      vertex -42.3333 -44.6667 0
      vertex -42.4955 -44.809 0.799999
      vertex -42.3333 -44.6667 0.799999
    endloop
  endfacet
  facet normal -0.659488 0.751715 0
    outer loop
      vertex -42.4955 -44.809 0.799999
      vertex -42.3333 -44.6667 0
      vertex -42.4955 -44.809 0
    endloop
  endfacet
  facet normal 0.321645 -0.94686 0
    outer loop
      vertex -44.1314 -41.9756 0
      vertex -43.9271 -41.9062 0.799999
      vertex -44.1314 -41.9756 0.799999
    endloop
  endfacet
  facet normal 0.321645 -0.94686 0
    outer loop
      vertex -43.9271 -41.9062 0.799999
      vertex -44.1314 -41.9756 0
      vertex -43.9271 -41.9062 0
    endloop
  endfacet
  facet normal -0.831551 0.555448 0
    outer loop
      vertex -42.191 -44.5045 0
      vertex -42.0711 -44.325 0.799999
      vertex -42.0711 -44.325 0
    endloop
  endfacet
  facet normal -0.831551 0.555448 0
    outer loop
      vertex -42.0711 -44.325 0.799999
      vertex -42.191 -44.5045 0
      vertex -42.191 -44.5045 0.799999
    endloop
  endfacet
  facet normal -0.555448 0.831551 0
    outer loop
      vertex -42.4955 -44.809 0
      vertex -42.675 -44.9289 0.799999
      vertex -42.4955 -44.809 0.799999
    endloop
  endfacet
  facet normal -0.555448 0.831551 0
    outer loop
      vertex -42.675 -44.9289 0.799999
      vertex -42.4955 -44.809 0
      vertex -42.675 -44.9289 0
    endloop
  endfacet
  facet normal -0.751715 0.659488 0
    outer loop
      vertex -42.3333 -44.6667 0
      vertex -42.191 -44.5045 0.799999
      vertex -42.191 -44.5045 0
    endloop
  endfacet
  facet normal -0.751715 0.659488 0
    outer loop
      vertex -42.191 -44.5045 0.799999
      vertex -42.3333 -44.6667 0
      vertex -42.3333 -44.6667 0.799999
    endloop
  endfacet
  facet normal -0.980794 0.195047 0
    outer loop
      vertex -41.9062 -43.9271 0
      vertex -41.8641 -43.7154 0.799999
      vertex -41.8641 -43.7154 0
    endloop
  endfacet
  facet normal -0.980794 0.195047 0
    outer loop
      vertex -41.8641 -43.7154 0.799999
      vertex -41.9062 -43.9271 0
      vertex -41.9062 -43.9271 0.799999
    endloop
  endfacet
  facet normal 0.0653198 -0.997864 0
    outer loop
      vertex -43.7154 -41.8641 0
      vertex -43.5 -41.85 0.799999
      vertex -43.7154 -41.8641 0.799999
    endloop
  endfacet
  facet normal 0.0653198 -0.997864 0
    outer loop
      vertex -43.5 -41.85 0.799999
      vertex -43.7154 -41.8641 0
      vertex -43.5 -41.85 0
    endloop
  endfacet
  facet normal 0.896823 0.442389 0
    outer loop
      vertex -44.9289 -44.325 0.799999
      vertex -45.0244 -44.1314 0
      vertex -45.0244 -44.1314 0.799999
    endloop
  endfacet
  facet normal 0.896823 0.442389 0
    outer loop
      vertex -45.0244 -44.1314 0
      vertex -44.9289 -44.325 0.799999
      vertex -44.9289 -44.325 0
    endloop
  endfacet
  facet normal 0.896823 -0.442389 0
    outer loop
      vertex -45.0244 -42.8686 0.799999
      vertex -44.9289 -42.675 0
      vertex -44.9289 -42.675 0.799999
    endloop
  endfacet
  facet normal 0.896823 -0.442389 0
    outer loop
      vertex -44.9289 -42.675 0
      vertex -45.0244 -42.8686 0.799999
      vertex -45.0244 -42.8686 0
    endloop
  endfacet
  facet normal -0.555448 -0.831551 0
    outer loop
      vertex -42.675 -42.0711 0
      vertex -42.4955 -42.191 0.799999
      vertex -42.675 -42.0711 0.799999
    endloop
  endfacet
  facet normal -0.555448 -0.831551 -0
    outer loop
      vertex -42.4955 -42.191 0.799999
      vertex -42.675 -42.0711 0
      vertex -42.4955 -42.191 0
    endloop
  endfacet
  facet normal 0.980794 0.195047 0
    outer loop
      vertex -45.0938 -43.9271 0.799999
      vertex -45.1359 -43.7154 0
      vertex -45.1359 -43.7154 0.799999
    endloop
  endfacet
  facet normal 0.980794 0.195047 0
    outer loop
      vertex -45.1359 -43.7154 0
      vertex -45.0938 -43.9271 0.799999
      vertex -45.0938 -43.9271 0
    endloop
  endfacet
  facet normal -0.321645 0.94686 0
    outer loop
      vertex -42.8686 -45.0244 0
      vertex -43.0729 -45.0938 0.799999
      vertex -42.8686 -45.0244 0.799999
    endloop
  endfacet
  facet normal -0.321645 0.94686 0
    outer loop
      vertex -43.0729 -45.0938 0.799999
      vertex -42.8686 -45.0244 0
      vertex -43.0729 -45.0938 0
    endloop
  endfacet
  facet normal -0.659488 -0.751715 0
    outer loop
      vertex -42.4955 -42.191 0
      vertex -42.3333 -42.3333 0.799999
      vertex -42.4955 -42.191 0.799999
    endloop
  endfacet
  facet normal -0.659488 -0.751715 -0
    outer loop
      vertex -42.3333 -42.3333 0.799999
      vertex -42.4955 -42.191 0
      vertex -42.3333 -42.3333 0
    endloop
  endfacet
  facet normal -0.195047 0.980794 0
    outer loop
      vertex -43.0729 -45.0938 0
      vertex -43.2846 -45.1359 0.799999
      vertex -43.0729 -45.0938 0.799999
    endloop
  endfacet
  facet normal -0.195047 0.980794 0
    outer loop
      vertex -43.2846 -45.1359 0.799999
      vertex -43.0729 -45.0938 0
      vertex -43.2846 -45.1359 0
    endloop
  endfacet
  facet normal 0.94686 -0.321645 0
    outer loop
      vertex -45.0938 -43.0729 0.799999
      vertex -45.0244 -42.8686 0
      vertex -45.0244 -42.8686 0.799999
    endloop
  endfacet
  facet normal 0.94686 -0.321645 0
    outer loop
      vertex -45.0244 -42.8686 0
      vertex -45.0938 -43.0729 0.799999
      vertex -45.0938 -43.0729 0
    endloop
  endfacet
  facet normal 0.195047 -0.980794 0
    outer loop
      vertex -43.9271 -41.9062 0
      vertex -43.7154 -41.8641 0.799999
      vertex -43.9271 -41.9062 0.799999
    endloop
  endfacet
  facet normal 0.195047 -0.980794 0
    outer loop
      vertex -43.7154 -41.8641 0.799999
      vertex -43.9271 -41.9062 0
      vertex -43.7154 -41.8641 0
    endloop
  endfacet
  facet normal 0.0653198 0.997864 -0
    outer loop
      vertex -43.5 -45.15 0
      vertex -43.7154 -45.1359 0.799999
      vertex -43.5 -45.15 0.799999
    endloop
  endfacet
  facet normal 0.0653198 0.997864 0
    outer loop
      vertex -43.7154 -45.1359 0.799999
      vertex -43.5 -45.15 0
      vertex -43.7154 -45.1359 0
    endloop
  endfacet
  facet normal 0.94686 0.321645 0
    outer loop
      vertex -45.0244 -44.1314 0.799999
      vertex -45.0938 -43.9271 0
      vertex -45.0938 -43.9271 0.799999
    endloop
  endfacet
  facet normal 0.94686 0.321645 0
    outer loop
      vertex -45.0938 -43.9271 0
      vertex -45.0244 -44.1314 0.799999
      vertex -45.0244 -44.1314 0
    endloop
  endfacet
  facet normal 0.751715 0.659488 0
    outer loop
      vertex -44.6667 -44.6667 0.799999
      vertex -44.809 -44.5045 0
      vertex -44.809 -44.5045 0.799999
    endloop
  endfacet
  facet normal 0.751715 0.659488 0
    outer loop
      vertex -44.809 -44.5045 0
      vertex -44.6667 -44.6667 0.799999
      vertex -44.6667 -44.6667 0
    endloop
  endfacet
  facet normal 0.195047 0.980794 -0
    outer loop
      vertex -43.7154 -45.1359 0
      vertex -43.9271 -45.0938 0.799999
      vertex -43.7154 -45.1359 0.799999
    endloop
  endfacet
  facet normal 0.195047 0.980794 0
    outer loop
      vertex -43.9271 -45.0938 0.799999
      vertex -43.7154 -45.1359 0
      vertex -43.9271 -45.0938 0
    endloop
  endfacet
  facet normal 0.555448 0.831551 -0
    outer loop
      vertex -44.325 -44.9289 0
      vertex -44.5045 -44.809 0.799999
      vertex -44.325 -44.9289 0.799999
    endloop
  endfacet
  facet normal 0.555448 0.831551 0
    outer loop
      vertex -44.5045 -44.809 0.799999
      vertex -44.325 -44.9289 0
      vertex -44.5045 -44.809 0
    endloop
  endfacet
  facet normal -0.321645 -0.94686 0
    outer loop
      vertex -43.0729 -41.9062 0
      vertex -42.8686 -41.9756 0.799999
      vertex -43.0729 -41.9062 0.799999
    endloop
  endfacet
  facet normal -0.321645 -0.94686 -0
    outer loop
      vertex -42.8686 -41.9756 0.799999
      vertex -43.0729 -41.9062 0
      vertex -42.8686 -41.9756 0
    endloop
  endfacet
  facet normal 0.831551 -0.555448 0
    outer loop
      vertex -44.9289 -42.675 0.799999
      vertex -44.809 -42.4955 0
      vertex -44.809 -42.4955 0.799999
    endloop
  endfacet
  facet normal 0.831551 -0.555448 0
    outer loop
      vertex -44.809 -42.4955 0
      vertex -44.9289 -42.675 0.799999
      vertex -44.9289 -42.675 0
    endloop
  endfacet
  facet normal -0.980794 -0.195047 0
    outer loop
      vertex -41.8641 43.7154 0
      vertex -41.9062 43.9271 0.799999
      vertex -41.9062 43.9271 0
    endloop
  endfacet
  facet normal -0.980794 -0.195047 0
    outer loop
      vertex -41.9062 43.9271 0.799999
      vertex -41.8641 43.7154 0
      vertex -41.8641 43.7154 0.799999
    endloop
  endfacet
  facet normal -0.997864 -0.0653198 0
    outer loop
      vertex -41.85 43.5 0
      vertex -41.8641 43.7154 0.799999
      vertex -41.8641 43.7154 0
    endloop
  endfacet
  facet normal -0.997864 -0.0653198 0
    outer loop
      vertex -41.8641 43.7154 0.799999
      vertex -41.85 43.5 0
      vertex -41.85 43.5 0.799999
    endloop
  endfacet
  facet normal -0.94686 -0.321645 0
    outer loop
      vertex -41.9062 43.9271 0
      vertex -41.9756 44.1314 0.799999
      vertex -41.9756 44.1314 0
    endloop
  endfacet
  facet normal -0.94686 -0.321645 0
    outer loop
      vertex -41.9756 44.1314 0.799999
      vertex -41.9062 43.9271 0
      vertex -41.9062 43.9271 0.799999
    endloop
  endfacet
  facet normal 0.997864 0.0653198 0
    outer loop
      vertex -45.1359 43.2846 0.799999
      vertex -45.15 43.5 0
      vertex -45.15 43.5 0.799999
    endloop
  endfacet
  facet normal 0.997864 0.0653198 0
    outer loop
      vertex -45.15 43.5 0
      vertex -45.1359 43.2846 0.799999
      vertex -45.1359 43.2846 0
    endloop
  endfacet
  facet normal 0.831551 0.555448 0
    outer loop
      vertex -44.809 42.4955 0.799999
      vertex -44.9289 42.675 0
      vertex -44.9289 42.675 0.799999
    endloop
  endfacet
  facet normal 0.831551 0.555448 0
    outer loop
      vertex -44.9289 42.675 0
      vertex -44.809 42.4955 0.799999
      vertex -44.809 42.4955 0
    endloop
  endfacet
  facet normal 0.980794 0.195047 0
    outer loop
      vertex -45.0938 43.0729 0.799999
      vertex -45.1359 43.2846 0
      vertex -45.1359 43.2846 0.799999
    endloop
  endfacet
  facet normal 0.980794 0.195047 0
    outer loop
      vertex -45.1359 43.2846 0
      vertex -45.0938 43.0729 0.799999
      vertex -45.0938 43.0729 0
    endloop
  endfacet
  facet normal 0.896823 0.442389 0
    outer loop
      vertex -44.9289 42.675 0.799999
      vertex -45.0244 42.8686 0
      vertex -45.0244 42.8686 0.799999
    endloop
  endfacet
  facet normal 0.896823 0.442389 0
    outer loop
      vertex -45.0244 42.8686 0
      vertex -44.9289 42.675 0.799999
      vertex -44.9289 42.675 0
    endloop
  endfacet
  facet normal -0.321645 -0.94686 0
    outer loop
      vertex -43.0729 45.0938 0
      vertex -42.8686 45.0244 0.799999
      vertex -43.0729 45.0938 0.799999
    endloop
  endfacet
  facet normal -0.321645 -0.94686 -0
    outer loop
      vertex -42.8686 45.0244 0.799999
      vertex -43.0729 45.0938 0
      vertex -42.8686 45.0244 0
    endloop
  endfacet
  facet normal -0.442389 0.896823 0
    outer loop
      vertex -42.675 42.0711 0
      vertex -42.8686 41.9756 0.799999
      vertex -42.675 42.0711 0.799999
    endloop
  endfacet
  facet normal -0.442389 0.896823 0
    outer loop
      vertex -42.8686 41.9756 0.799999
      vertex -42.675 42.0711 0
      vertex -42.8686 41.9756 0
    endloop
  endfacet
  facet normal -0.321645 0.94686 0
    outer loop
      vertex -42.8686 41.9756 0
      vertex -43.0729 41.9062 0.799999
      vertex -42.8686 41.9756 0.799999
    endloop
  endfacet
  facet normal -0.321645 0.94686 0
    outer loop
      vertex -43.0729 41.9062 0.799999
      vertex -42.8686 41.9756 0
      vertex -43.0729 41.9062 0
    endloop
  endfacet
  facet normal -0.896823 -0.442389 0
    outer loop
      vertex -41.9756 44.1314 0
      vertex -42.0711 44.325 0.799999
      vertex -42.0711 44.325 0
    endloop
  endfacet
  facet normal -0.896823 -0.442389 0
    outer loop
      vertex -42.0711 44.325 0.799999
      vertex -41.9756 44.1314 0
      vertex -41.9756 44.1314 0.799999
    endloop
  endfacet
  facet normal 0.997864 -0.0653198 0
    outer loop
      vertex -45.15 43.5 0.799999
      vertex -45.1359 43.7154 0
      vertex -45.1359 43.7154 0.799999
    endloop
  endfacet
  facet normal 0.997864 -0.0653198 0
    outer loop
      vertex -45.1359 43.7154 0
      vertex -45.15 43.5 0.799999
      vertex -45.15 43.5 0
    endloop
  endfacet
  facet normal -0.195047 0.980794 0
    outer loop
      vertex -43.0729 41.9062 0
      vertex -43.2846 41.8641 0.799999
      vertex -43.0729 41.9062 0.799999
    endloop
  endfacet
  facet normal -0.195047 0.980794 0
    outer loop
      vertex -43.2846 41.8641 0.799999
      vertex -43.0729 41.9062 0
      vertex -43.2846 41.8641 0
    endloop
  endfacet
  facet normal 0.751715 -0.659488 0
    outer loop
      vertex -44.809 44.5045 0.799999
      vertex -44.6667 44.6667 0
      vertex -44.6667 44.6667 0.799999
    endloop
  endfacet
  facet normal 0.751715 -0.659488 0
    outer loop
      vertex -44.6667 44.6667 0
      vertex -44.809 44.5045 0.799999
      vertex -44.809 44.5045 0
    endloop
  endfacet
  facet normal -0.555448 -0.831551 0
    outer loop
      vertex -42.675 44.9289 0
      vertex -42.4955 44.809 0.799999
      vertex -42.675 44.9289 0.799999
    endloop
  endfacet
  facet normal -0.555448 -0.831551 -0
    outer loop
      vertex -42.4955 44.809 0.799999
      vertex -42.675 44.9289 0
      vertex -42.4955 44.809 0
    endloop
  endfacet
  facet normal -0.195047 -0.980794 0
    outer loop
      vertex -43.2846 45.1359 0
      vertex -43.0729 45.0938 0.799999
      vertex -43.2846 45.1359 0.799999
    endloop
  endfacet
  facet normal -0.195047 -0.980794 -0
    outer loop
      vertex -43.0729 45.0938 0.799999
      vertex -43.2846 45.1359 0
      vertex -43.0729 45.0938 0
    endloop
  endfacet
  facet normal -0.94686 0.321645 0
    outer loop
      vertex -41.9756 42.8686 0
      vertex -41.9062 43.0729 0.799999
      vertex -41.9062 43.0729 0
    endloop
  endfacet
  facet normal -0.94686 0.321645 0
    outer loop
      vertex -41.9062 43.0729 0.799999
      vertex -41.9756 42.8686 0
      vertex -41.9756 42.8686 0.799999
    endloop
  endfacet
  facet normal -0.896823 0.442389 0
    outer loop
      vertex -42.0711 42.675 0
      vertex -41.9756 42.8686 0.799999
      vertex -41.9756 42.8686 0
    endloop
  endfacet
  facet normal -0.896823 0.442389 0
    outer loop
      vertex -41.9756 42.8686 0.799999
      vertex -42.0711 42.675 0
      vertex -42.0711 42.675 0.799999
    endloop
  endfacet
  facet normal -0.997864 0.0653198 0
    outer loop
      vertex -41.8641 43.2846 0
      vertex -41.85 43.5 0.799999
      vertex -41.85 43.5 0
    endloop
  endfacet
  facet normal -0.997864 0.0653198 0
    outer loop
      vertex -41.85 43.5 0.799999
      vertex -41.8641 43.2846 0
      vertex -41.8641 43.2846 0.799999
    endloop
  endfacet
  facet normal -0.751715 -0.659488 0
    outer loop
      vertex -42.191 44.5045 0
      vertex -42.3333 44.6667 0.799999
      vertex -42.3333 44.6667 0
    endloop
  endfacet
  facet normal -0.751715 -0.659488 0
    outer loop
      vertex -42.3333 44.6667 0.799999
      vertex -42.191 44.5045 0
      vertex -42.191 44.5045 0.799999
    endloop
  endfacet
  facet normal 0.659488 -0.751715 0
    outer loop
      vertex -44.6667 44.6667 0
      vertex -44.5045 44.809 0.799999
      vertex -44.6667 44.6667 0.799999
    endloop
  endfacet
  facet normal 0.659488 -0.751715 0
    outer loop
      vertex -44.5045 44.809 0.799999
      vertex -44.6667 44.6667 0
      vertex -44.5045 44.809 0
    endloop
  endfacet
  facet normal 0.195047 -0.980794 0
    outer loop
      vertex -43.9271 45.0938 0
      vertex -43.7154 45.1359 0.799999
      vertex -43.9271 45.0938 0.799999
    endloop
  endfacet
  facet normal 0.195047 -0.980794 0
    outer loop
      vertex -43.7154 45.1359 0.799999
      vertex -43.9271 45.0938 0
      vertex -43.7154 45.1359 0
    endloop
  endfacet
  facet normal -0.659488 0.751715 0
    outer loop
      vertex -42.3333 42.3333 0
      vertex -42.4955 42.191 0.799999
      vertex -42.3333 42.3333 0.799999
    endloop
  endfacet
  facet normal -0.659488 0.751715 0
    outer loop
      vertex -42.4955 42.191 0.799999
      vertex -42.3333 42.3333 0
      vertex -42.4955 42.191 0
    endloop
  endfacet
  facet normal 0.751715 0.659488 0
    outer loop
      vertex -44.6667 42.3333 0.799999
      vertex -44.809 42.4955 0
      vertex -44.809 42.4955 0.799999
    endloop
  endfacet
  facet normal 0.751715 0.659488 0
    outer loop
      vertex -44.809 42.4955 0
      vertex -44.6667 42.3333 0.799999
      vertex -44.6667 42.3333 0
    endloop
  endfacet
  facet normal 0.442389 -0.896823 0
    outer loop
      vertex -44.325 44.9289 0
      vertex -44.1314 45.0244 0.799999
      vertex -44.325 44.9289 0.799999
    endloop
  endfacet
  facet normal 0.442389 -0.896823 0
    outer loop
      vertex -44.1314 45.0244 0.799999
      vertex -44.325 44.9289 0
      vertex -44.1314 45.0244 0
    endloop
  endfacet
  facet normal -0.555448 0.831551 0
    outer loop
      vertex -42.4955 42.191 0
      vertex -42.675 42.0711 0.799999
      vertex -42.4955 42.191 0.799999
    endloop
  endfacet
  facet normal -0.555448 0.831551 0
    outer loop
      vertex -42.675 42.0711 0.799999
      vertex -42.4955 42.191 0
      vertex -42.675 42.0711 0
    endloop
  endfacet
  facet normal -0.659488 -0.751715 0
    outer loop
      vertex -42.4955 44.809 0
      vertex -42.3333 44.6667 0.799999
      vertex -42.4955 44.809 0.799999
    endloop
  endfacet
  facet normal -0.659488 -0.751715 -0
    outer loop
      vertex -42.3333 44.6667 0.799999
      vertex -42.4955 44.809 0
      vertex -42.3333 44.6667 0
    endloop
  endfacet
  facet normal -0.831551 -0.555448 0
    outer loop
      vertex -42.0711 44.325 0
      vertex -42.191 44.5045 0.799999
      vertex -42.191 44.5045 0
    endloop
  endfacet
  facet normal -0.831551 -0.555448 0
    outer loop
      vertex -42.191 44.5045 0.799999
      vertex -42.0711 44.325 0
      vertex -42.0711 44.325 0.799999
    endloop
  endfacet
  facet normal -0.442389 -0.896823 0
    outer loop
      vertex -42.8686 45.0244 0
      vertex -42.675 44.9289 0.799999
      vertex -42.8686 45.0244 0.799999
    endloop
  endfacet
  facet normal -0.442389 -0.896823 -0
    outer loop
      vertex -42.675 44.9289 0.799999
      vertex -42.8686 45.0244 0
      vertex -42.675 44.9289 0
    endloop
  endfacet
  facet normal -0.980794 0.195047 0
    outer loop
      vertex -41.9062 43.0729 0
      vertex -41.8641 43.2846 0.799999
      vertex -41.8641 43.2846 0
    endloop
  endfacet
  facet normal -0.980794 0.195047 0
    outer loop
      vertex -41.8641 43.2846 0.799999
      vertex -41.9062 43.0729 0
      vertex -41.9062 43.0729 0.799999
    endloop
  endfacet
  facet normal 0.321645 0.94686 -0
    outer loop
      vertex -43.9271 41.9062 0
      vertex -44.1314 41.9756 0.799999
      vertex -43.9271 41.9062 0.799999
    endloop
  endfacet
  facet normal 0.321645 0.94686 0
    outer loop
      vertex -44.1314 41.9756 0.799999
      vertex -43.9271 41.9062 0
      vertex -44.1314 41.9756 0
    endloop
  endfacet
  facet normal -0.751715 0.659488 0
    outer loop
      vertex -42.3333 42.3333 0
      vertex -42.191 42.4955 0.799999
      vertex -42.191 42.4955 0
    endloop
  endfacet
  facet normal -0.751715 0.659488 0
    outer loop
      vertex -42.191 42.4955 0.799999
      vertex -42.3333 42.3333 0
      vertex -42.3333 42.3333 0.799999
    endloop
  endfacet
  facet normal -0.831551 0.555448 0
    outer loop
      vertex -42.191 42.4955 0
      vertex -42.0711 42.675 0.799999
      vertex -42.0711 42.675 0
    endloop
  endfacet
  facet normal -0.831551 0.555448 0
    outer loop
      vertex -42.0711 42.675 0.799999
      vertex -42.191 42.4955 0
      vertex -42.191 42.4955 0.799999
    endloop
  endfacet
  facet normal 0.0653198 0.997864 -0
    outer loop
      vertex -43.5 41.85 0
      vertex -43.7154 41.8641 0.799999
      vertex -43.5 41.85 0.799999
    endloop
  endfacet
  facet normal 0.0653198 0.997864 0
    outer loop
      vertex -43.7154 41.8641 0.799999
      vertex -43.5 41.85 0
      vertex -43.7154 41.8641 0
    endloop
  endfacet
  facet normal 0.0653198 -0.997864 0
    outer loop
      vertex -43.7154 45.1359 0
      vertex -43.5 45.15 0.799999
      vertex -43.7154 45.1359 0.799999
    endloop
  endfacet
  facet normal 0.0653198 -0.997864 0
    outer loop
      vertex -43.5 45.15 0.799999
      vertex -43.7154 45.1359 0
      vertex -43.5 45.15 0
    endloop
  endfacet
  facet normal 0.659488 0.751715 -0
    outer loop
      vertex -44.5045 42.191 0
      vertex -44.6667 42.3333 0.799999
      vertex -44.5045 42.191 0.799999
    endloop
  endfacet
  facet normal 0.659488 0.751715 0
    outer loop
      vertex -44.6667 42.3333 0.799999
      vertex -44.5045 42.191 0
      vertex -44.6667 42.3333 0
    endloop
  endfacet
  facet normal 0.555448 0.831551 -0
    outer loop
      vertex -44.325 42.0711 0
      vertex -44.5045 42.191 0.799999
      vertex -44.325 42.0711 0.799999
    endloop
  endfacet
  facet normal 0.555448 0.831551 0
    outer loop
      vertex -44.5045 42.191 0.799999
      vertex -44.325 42.0711 0
      vertex -44.5045 42.191 0
    endloop
  endfacet
  facet normal -0.0653198 0.997864 0
    outer loop
      vertex -43.2846 41.8641 0
      vertex -43.5 41.85 0.799999
      vertex -43.2846 41.8641 0.799999
    endloop
  endfacet
  facet normal -0.0653198 0.997864 0
    outer loop
      vertex -43.5 41.85 0.799999
      vertex -43.2846 41.8641 0
      vertex -43.5 41.85 0
    endloop
  endfacet
  facet normal -0.0653198 -0.997864 0
    outer loop
      vertex -43.5 45.15 0
      vertex -43.2846 45.1359 0.799999
      vertex -43.5 45.15 0.799999
    endloop
  endfacet
  facet normal -0.0653198 -0.997864 -0
    outer loop
      vertex -43.2846 45.1359 0.799999
      vertex -43.5 45.15 0
      vertex -43.2846 45.1359 0
    endloop
  endfacet
  facet normal 0.980794 -0.195047 0
    outer loop
      vertex -45.1359 43.7154 0.799999
      vertex -45.0938 43.9271 0
      vertex -45.0938 43.9271 0.799999
    endloop
  endfacet
  facet normal 0.980794 -0.195047 0
    outer loop
      vertex -45.0938 43.9271 0
      vertex -45.1359 43.7154 0.799999
      vertex -45.1359 43.7154 0
    endloop
  endfacet
  facet normal 0.442389 0.896823 -0
    outer loop
      vertex -44.1314 41.9756 0
      vertex -44.325 42.0711 0.799999
      vertex -44.1314 41.9756 0.799999
    endloop
  endfacet
  facet normal 0.442389 0.896823 0
    outer loop
      vertex -44.325 42.0711 0.799999
      vertex -44.1314 41.9756 0
      vertex -44.325 42.0711 0
    endloop
  endfacet
  facet normal 0.555448 -0.831551 0
    outer loop
      vertex -44.5045 44.809 0
      vertex -44.325 44.9289 0.799999
      vertex -44.5045 44.809 0.799999
    endloop
  endfacet
  facet normal 0.555448 -0.831551 0
    outer loop
      vertex -44.325 44.9289 0.799999
      vertex -44.5045 44.809 0
      vertex -44.325 44.9289 0
    endloop
  endfacet
  facet normal 0.321645 -0.94686 0
    outer loop
      vertex -44.1314 45.0244 0
      vertex -43.9271 45.0938 0.799999
      vertex -44.1314 45.0244 0.799999
    endloop
  endfacet
  facet normal 0.321645 -0.94686 0
    outer loop
      vertex -43.9271 45.0938 0.799999
      vertex -44.1314 45.0244 0
      vertex -43.9271 45.0938 0
    endloop
  endfacet
  facet normal 0.195047 0.980794 -0
    outer loop
      vertex -43.7154 41.8641 0
      vertex -43.9271 41.9062 0.799999
      vertex -43.7154 41.8641 0.799999
    endloop
  endfacet
  facet normal 0.195047 0.980794 0
    outer loop
      vertex -43.9271 41.9062 0.799999
      vertex -43.7154 41.8641 0
      vertex -43.9271 41.9062 0
    endloop
  endfacet
  facet normal 0.94686 -0.321645 0
    outer loop
      vertex -45.0938 43.9271 0.799999
      vertex -45.0244 44.1314 0
      vertex -45.0244 44.1314 0.799999
    endloop
  endfacet
  facet normal 0.94686 -0.321645 0
    outer loop
      vertex -45.0244 44.1314 0
      vertex -45.0938 43.9271 0.799999
      vertex -45.0938 43.9271 0
    endloop
  endfacet
  facet normal 0.831551 -0.555448 0
    outer loop
      vertex -44.9289 44.325 0.799999
      vertex -44.809 44.5045 0
      vertex -44.809 44.5045 0.799999
    endloop
  endfacet
  facet normal 0.831551 -0.555448 0
    outer loop
      vertex -44.809 44.5045 0
      vertex -44.9289 44.325 0.799999
      vertex -44.9289 44.325 0
    endloop
  endfacet
  facet normal 0.94686 0.321645 0
    outer loop
      vertex -45.0244 42.8686 0.799999
      vertex -45.0938 43.0729 0
      vertex -45.0938 43.0729 0.799999
    endloop
  endfacet
  facet normal 0.94686 0.321645 0
    outer loop
      vertex -45.0938 43.0729 0
      vertex -45.0244 42.8686 0.799999
      vertex -45.0244 42.8686 0
    endloop
  endfacet
  facet normal 0.896823 -0.442389 0
    outer loop
      vertex -45.0244 44.1314 0.799999
      vertex -44.9289 44.325 0
      vertex -44.9289 44.325 0.799999
    endloop
  endfacet
  facet normal 0.896823 -0.442389 0
    outer loop
      vertex -44.9289 44.325 0
      vertex -45.0244 44.1314 0.799999
      vertex -45.0244 44.1314 0
    endloop
  endfacet
  facet normal -0.0653198 0.997864 0
    outer loop
      vertex 43.7154 -45.1359 0
      vertex 43.5 -45.15 0.799999
      vertex 43.7154 -45.1359 0.799999
    endloop
  endfacet
  facet normal -0.0653198 0.997864 0
    outer loop
      vertex 43.5 -45.15 0.799999
      vertex 43.7154 -45.1359 0
      vertex 43.5 -45.15 0
    endloop
  endfacet
  facet normal -0.980794 -0.195047 0
    outer loop
      vertex 45.1359 -43.2846 0
      vertex 45.0938 -43.0729 0.799999
      vertex 45.0938 -43.0729 0
    endloop
  endfacet
  facet normal -0.980794 -0.195047 0
    outer loop
      vertex 45.0938 -43.0729 0.799999
      vertex 45.1359 -43.2846 0
      vertex 45.1359 -43.2846 0.799999
    endloop
  endfacet
  facet normal -0.997864 -0.0653198 0
    outer loop
      vertex 45.15 -43.5 0
      vertex 45.1359 -43.2846 0.799999
      vertex 45.1359 -43.2846 0
    endloop
  endfacet
  facet normal -0.997864 -0.0653198 0
    outer loop
      vertex 45.1359 -43.2846 0.799999
      vertex 45.15 -43.5 0
      vertex 45.15 -43.5 0.799999
    endloop
  endfacet
  facet normal -0.94686 -0.321645 0
    outer loop
      vertex 45.0938 -43.0729 0
      vertex 45.0244 -42.8686 0.799999
      vertex 45.0244 -42.8686 0
    endloop
  endfacet
  facet normal -0.94686 -0.321645 0
    outer loop
      vertex 45.0244 -42.8686 0.799999
      vertex 45.0938 -43.0729 0
      vertex 45.0938 -43.0729 0.799999
    endloop
  endfacet
  facet normal -0.0653198 -0.997864 0
    outer loop
      vertex 43.5 -41.85 0
      vertex 43.7154 -41.8641 0.799999
      vertex 43.5 -41.85 0.799999
    endloop
  endfacet
  facet normal -0.0653198 -0.997864 -0
    outer loop
      vertex 43.7154 -41.8641 0.799999
      vertex 43.5 -41.85 0
      vertex 43.7154 -41.8641 0
    endloop
  endfacet
  facet normal 0.659488 0.751715 -0
    outer loop
      vertex 42.4955 -44.809 0
      vertex 42.3333 -44.6667 0.799999
      vertex 42.4955 -44.809 0.799999
    endloop
  endfacet
  facet normal 0.659488 0.751715 0
    outer loop
      vertex 42.3333 -44.6667 0.799999
      vertex 42.4955 -44.809 0
      vertex 42.3333 -44.6667 0
    endloop
  endfacet
  facet normal 0.997864 0.0653198 0
    outer loop
      vertex 41.8641 -43.7154 0.799999
      vertex 41.85 -43.5 0
      vertex 41.85 -43.5 0.799999
    endloop
  endfacet
  facet normal 0.997864 0.0653198 0
    outer loop
      vertex 41.85 -43.5 0
      vertex 41.8641 -43.7154 0.799999
      vertex 41.8641 -43.7154 0
    endloop
  endfacet
  facet normal 0.659488 -0.751715 0
    outer loop
      vertex 42.3333 -42.3333 0
      vertex 42.4955 -42.191 0.799999
      vertex 42.3333 -42.3333 0.799999
    endloop
  endfacet
  facet normal 0.659488 -0.751715 0
    outer loop
      vertex 42.4955 -42.191 0.799999
      vertex 42.3333 -42.3333 0
      vertex 42.4955 -42.191 0
    endloop
  endfacet
  facet normal -0.751715 -0.659488 0
    outer loop
      vertex 44.809 -42.4955 0
      vertex 44.6667 -42.3333 0.799999
      vertex 44.6667 -42.3333 0
    endloop
  endfacet
  facet normal -0.751715 -0.659488 0
    outer loop
      vertex 44.6667 -42.3333 0.799999
      vertex 44.809 -42.4955 0
      vertex 44.809 -42.4955 0.799999
    endloop
  endfacet
  facet normal -0.997864 0.0653198 0
    outer loop
      vertex 45.1359 -43.7154 0
      vertex 45.15 -43.5 0.799999
      vertex 45.15 -43.5 0
    endloop
  endfacet
  facet normal -0.997864 0.0653198 0
    outer loop
      vertex 45.15 -43.5 0.799999
      vertex 45.1359 -43.7154 0
      vertex 45.1359 -43.7154 0.799999
    endloop
  endfacet
  facet normal -0.442389 -0.896823 0
    outer loop
      vertex 44.1314 -41.9756 0
      vertex 44.325 -42.0711 0.799999
      vertex 44.1314 -41.9756 0.799999
    endloop
  endfacet
  facet normal -0.442389 -0.896823 -0
    outer loop
      vertex 44.325 -42.0711 0.799999
      vertex 44.1314 -41.9756 0
      vertex 44.325 -42.0711 0
    endloop
  endfacet
  facet normal -0.896823 0.442389 0
    outer loop
      vertex 44.9289 -44.325 0
      vertex 45.0244 -44.1314 0.799999
      vertex 45.0244 -44.1314 0
    endloop
  endfacet
  facet normal -0.896823 0.442389 0
    outer loop
      vertex 45.0244 -44.1314 0.799999
      vertex 44.9289 -44.325 0
      vertex 44.9289 -44.325 0.799999
    endloop
  endfacet
  facet normal 0.321645 0.94686 -0
    outer loop
      vertex 43.0729 -45.0938 0
      vertex 42.8686 -45.0244 0.799999
      vertex 43.0729 -45.0938 0.799999
    endloop
  endfacet
  facet normal 0.321645 0.94686 0
    outer loop
      vertex 42.8686 -45.0244 0.799999
      vertex 43.0729 -45.0938 0
      vertex 42.8686 -45.0244 0
    endloop
  endfacet
  facet normal -0.831551 -0.555448 0
    outer loop
      vertex 44.9289 -42.675 0
      vertex 44.809 -42.4955 0.799999
      vertex 44.809 -42.4955 0
    endloop
  endfacet
  facet normal -0.831551 -0.555448 0
    outer loop
      vertex 44.809 -42.4955 0.799999
      vertex 44.9289 -42.675 0
      vertex 44.9289 -42.675 0.799999
    endloop
  endfacet
  facet normal -0.896823 -0.442389 0
    outer loop
      vertex 45.0244 -42.8686 0
      vertex 44.9289 -42.675 0.799999
      vertex 44.9289 -42.675 0
    endloop
  endfacet
  facet normal -0.896823 -0.442389 0
    outer loop
      vertex 44.9289 -42.675 0.799999
      vertex 45.0244 -42.8686 0
      vertex 45.0244 -42.8686 0.799999
    endloop
  endfacet
  facet normal 0.831551 0.555448 0
    outer loop
      vertex 42.191 -44.5045 0.799999
      vertex 42.0711 -44.325 0
      vertex 42.0711 -44.325 0.799999
    endloop
  endfacet
  facet normal 0.831551 0.555448 0
    outer loop
      vertex 42.0711 -44.325 0
      vertex 42.191 -44.5045 0.799999
      vertex 42.191 -44.5045 0
    endloop
  endfacet
  facet normal -0.442389 0.896823 0
    outer loop
      vertex 44.325 -44.9289 0
      vertex 44.1314 -45.0244 0.799999
      vertex 44.325 -44.9289 0.799999
    endloop
  endfacet
  facet normal -0.442389 0.896823 0
    outer loop
      vertex 44.1314 -45.0244 0.799999
      vertex 44.325 -44.9289 0
      vertex 44.1314 -45.0244 0
    endloop
  endfacet
  facet normal 0.997864 -0.0653198 0
    outer loop
      vertex 41.85 -43.5 0.799999
      vertex 41.8641 -43.2846 0
      vertex 41.8641 -43.2846 0.799999
    endloop
  endfacet
  facet normal 0.997864 -0.0653198 0
    outer loop
      vertex 41.8641 -43.2846 0
      vertex 41.85 -43.5 0.799999
      vertex 41.85 -43.5 0
    endloop
  endfacet
  facet normal 0.442389 -0.896823 0
    outer loop
      vertex 42.675 -42.0711 0
      vertex 42.8686 -41.9756 0.799999
      vertex 42.675 -42.0711 0.799999
    endloop
  endfacet
  facet normal 0.442389 -0.896823 0
    outer loop
      vertex 42.8686 -41.9756 0.799999
      vertex 42.675 -42.0711 0
      vertex 42.8686 -41.9756 0
    endloop
  endfacet
  facet normal -0.195047 -0.980794 0
    outer loop
      vertex 43.7154 -41.8641 0
      vertex 43.9271 -41.9062 0.799999
      vertex 43.7154 -41.8641 0.799999
    endloop
  endfacet
  facet normal -0.195047 -0.980794 -0
    outer loop
      vertex 43.9271 -41.9062 0.799999
      vertex 43.7154 -41.8641 0
      vertex 43.9271 -41.9062 0
    endloop
  endfacet
  facet normal 0.751715 -0.659488 0
    outer loop
      vertex 42.191 -42.4955 0.799999
      vertex 42.3333 -42.3333 0
      vertex 42.3333 -42.3333 0.799999
    endloop
  endfacet
  facet normal 0.751715 -0.659488 0
    outer loop
      vertex 42.3333 -42.3333 0
      vertex 42.191 -42.4955 0.799999
      vertex 42.191 -42.4955 0
    endloop
  endfacet
  facet normal 0.94686 0.321645 0
    outer loop
      vertex 41.9756 -44.1314 0.799999
      vertex 41.9062 -43.9271 0
      vertex 41.9062 -43.9271 0.799999
    endloop
  endfacet
  facet normal 0.94686 0.321645 0
    outer loop
      vertex 41.9062 -43.9271 0
      vertex 41.9756 -44.1314 0.799999
      vertex 41.9756 -44.1314 0
    endloop
  endfacet
  facet normal -0.94686 0.321645 0
    outer loop
      vertex 45.0244 -44.1314 0
      vertex 45.0938 -43.9271 0.799999
      vertex 45.0938 -43.9271 0
    endloop
  endfacet
  facet normal -0.94686 0.321645 0
    outer loop
      vertex 45.0938 -43.9271 0.799999
      vertex 45.0244 -44.1314 0
      vertex 45.0244 -44.1314 0.799999
    endloop
  endfacet
  facet normal 0.980794 -0.195047 0
    outer loop
      vertex 41.8641 -43.2846 0.799999
      vertex 41.9062 -43.0729 0
      vertex 41.9062 -43.0729 0.799999
    endloop
  endfacet
  facet normal 0.980794 -0.195047 0
    outer loop
      vertex 41.9062 -43.0729 0
      vertex 41.8641 -43.2846 0.799999
      vertex 41.8641 -43.2846 0
    endloop
  endfacet
  facet normal 0.442389 0.896823 -0
    outer loop
      vertex 42.8686 -45.0244 0
      vertex 42.675 -44.9289 0.799999
      vertex 42.8686 -45.0244 0.799999
    endloop
  endfacet
  facet normal 0.442389 0.896823 0
    outer loop
      vertex 42.675 -44.9289 0.799999
      vertex 42.8686 -45.0244 0
      vertex 42.675 -44.9289 0
    endloop
  endfacet
  facet normal 0.555448 -0.831551 0
    outer loop
      vertex 42.4955 -42.191 0
      vertex 42.675 -42.0711 0.799999
      vertex 42.4955 -42.191 0.799999
    endloop
  endfacet
  facet normal 0.555448 -0.831551 0
    outer loop
      vertex 42.675 -42.0711 0.799999
      vertex 42.4955 -42.191 0
      vertex 42.675 -42.0711 0
    endloop
  endfacet
  facet normal -0.659488 0.751715 0
    outer loop
      vertex 44.6667 -44.6667 0
      vertex 44.5045 -44.809 0.799999
      vertex 44.6667 -44.6667 0.799999
    endloop
  endfacet
  facet normal -0.659488 0.751715 0
    outer loop
      vertex 44.5045 -44.809 0.799999
      vertex 44.6667 -44.6667 0
      vertex 44.5045 -44.809 0
    endloop
  endfacet
  facet normal 0.321645 -0.94686 0
    outer loop
      vertex 42.8686 -41.9756 0
      vertex 43.0729 -41.9062 0.799999
      vertex 42.8686 -41.9756 0.799999
    endloop
  endfacet
  facet normal 0.321645 -0.94686 0
    outer loop
      vertex 43.0729 -41.9062 0.799999
      vertex 42.8686 -41.9756 0
      vertex 43.0729 -41.9062 0
    endloop
  endfacet
  facet normal -0.831551 0.555448 0
    outer loop
      vertex 44.809 -44.5045 0
      vertex 44.9289 -44.325 0.799999
      vertex 44.9289 -44.325 0
    endloop
  endfacet
  facet normal -0.831551 0.555448 0
    outer loop
      vertex 44.9289 -44.325 0.799999
      vertex 44.809 -44.5045 0
      vertex 44.809 -44.5045 0.799999
    endloop
  endfacet
  facet normal -0.555448 0.831551 0
    outer loop
      vertex 44.5045 -44.809 0
      vertex 44.325 -44.9289 0.799999
      vertex 44.5045 -44.809 0.799999
    endloop
  endfacet
  facet normal -0.555448 0.831551 0
    outer loop
      vertex 44.325 -44.9289 0.799999
      vertex 44.5045 -44.809 0
      vertex 44.325 -44.9289 0
    endloop
  endfacet
  facet normal -0.751715 0.659488 0
    outer loop
      vertex 44.6667 -44.6667 0
      vertex 44.809 -44.5045 0.799999
      vertex 44.809 -44.5045 0
    endloop
  endfacet
  facet normal -0.751715 0.659488 0
    outer loop
      vertex 44.809 -44.5045 0.799999
      vertex 44.6667 -44.6667 0
      vertex 44.6667 -44.6667 0.799999
    endloop
  endfacet
  facet normal -0.980794 0.195047 0
    outer loop
      vertex 45.0938 -43.9271 0
      vertex 45.1359 -43.7154 0.799999
      vertex 45.1359 -43.7154 0
    endloop
  endfacet
  facet normal -0.980794 0.195047 0
    outer loop
      vertex 45.1359 -43.7154 0.799999
      vertex 45.0938 -43.9271 0
      vertex 45.0938 -43.9271 0.799999
    endloop
  endfacet
  facet normal 0.0653198 -0.997864 0
    outer loop
      vertex 43.2846 -41.8641 0
      vertex 43.5 -41.85 0.799999
      vertex 43.2846 -41.8641 0.799999
    endloop
  endfacet
  facet normal 0.0653198 -0.997864 0
    outer loop
      vertex 43.5 -41.85 0.799999
      vertex 43.2846 -41.8641 0
      vertex 43.5 -41.85 0
    endloop
  endfacet
  facet normal 0.896823 0.442389 0
    outer loop
      vertex 42.0711 -44.325 0.799999
      vertex 41.9756 -44.1314 0
      vertex 41.9756 -44.1314 0.799999
    endloop
  endfacet
  facet normal 0.896823 0.442389 0
    outer loop
      vertex 41.9756 -44.1314 0
      vertex 42.0711 -44.325 0.799999
      vertex 42.0711 -44.325 0
    endloop
  endfacet
  facet normal 0.555448 0.831551 -0
    outer loop
      vertex 42.675 -44.9289 0
      vertex 42.4955 -44.809 0.799999
      vertex 42.675 -44.9289 0.799999
    endloop
  endfacet
  facet normal 0.555448 0.831551 0
    outer loop
      vertex 42.4955 -44.809 0.799999
      vertex 42.675 -44.9289 0
      vertex 42.4955 -44.809 0
    endloop
  endfacet
  facet normal 0.896823 -0.442389 0
    outer loop
      vertex 41.9756 -42.8686 0.799999
      vertex 42.0711 -42.675 0
      vertex 42.0711 -42.675 0.799999
    endloop
  endfacet
  facet normal 0.896823 -0.442389 0
    outer loop
      vertex 42.0711 -42.675 0
      vertex 41.9756 -42.8686 0.799999
      vertex 41.9756 -42.8686 0
    endloop
  endfacet
  facet normal -0.555448 -0.831551 0
    outer loop
      vertex 44.325 -42.0711 0
      vertex 44.5045 -42.191 0.799999
      vertex 44.325 -42.0711 0.799999
    endloop
  endfacet
  facet normal -0.555448 -0.831551 -0
    outer loop
      vertex 44.5045 -42.191 0.799999
      vertex 44.325 -42.0711 0
      vertex 44.5045 -42.191 0
    endloop
  endfacet
  facet normal 0.980794 0.195047 0
    outer loop
      vertex 41.9062 -43.9271 0.799999
      vertex 41.8641 -43.7154 0
      vertex 41.8641 -43.7154 0.799999
    endloop
  endfacet
  facet normal 0.980794 0.195047 0
    outer loop
      vertex 41.8641 -43.7154 0
      vertex 41.9062 -43.9271 0.799999
      vertex 41.9062 -43.9271 0
    endloop
  endfacet
  facet normal -0.321645 0.94686 0
    outer loop
      vertex 44.1314 -45.0244 0
      vertex 43.9271 -45.0938 0.799999
      vertex 44.1314 -45.0244 0.799999
    endloop
  endfacet
  facet normal -0.321645 0.94686 0
    outer loop
      vertex 43.9271 -45.0938 0.799999
      vertex 44.1314 -45.0244 0
      vertex 43.9271 -45.0938 0
    endloop
  endfacet
  facet normal -0.659488 -0.751715 0
    outer loop
      vertex 44.5045 -42.191 0
      vertex 44.6667 -42.3333 0.799999
      vertex 44.5045 -42.191 0.799999
    endloop
  endfacet
  facet normal -0.659488 -0.751715 -0
    outer loop
      vertex 44.6667 -42.3333 0.799999
      vertex 44.5045 -42.191 0
      vertex 44.6667 -42.3333 0
    endloop
  endfacet
  facet normal -0.195047 0.980794 0
    outer loop
      vertex 43.9271 -45.0938 0
      vertex 43.7154 -45.1359 0.799999
      vertex 43.9271 -45.0938 0.799999
    endloop
  endfacet
  facet normal -0.195047 0.980794 0
    outer loop
      vertex 43.7154 -45.1359 0.799999
      vertex 43.9271 -45.0938 0
      vertex 43.7154 -45.1359 0
    endloop
  endfacet
  facet normal 0.94686 -0.321645 0
    outer loop
      vertex 41.9062 -43.0729 0.799999
      vertex 41.9756 -42.8686 0
      vertex 41.9756 -42.8686 0.799999
    endloop
  endfacet
  facet normal 0.94686 -0.321645 0
    outer loop
      vertex 41.9756 -42.8686 0
      vertex 41.9062 -43.0729 0.799999
      vertex 41.9062 -43.0729 0
    endloop
  endfacet
  facet normal 0.195047 -0.980794 0
    outer loop
      vertex 43.0729 -41.9062 0
      vertex 43.2846 -41.8641 0.799999
      vertex 43.0729 -41.9062 0.799999
    endloop
  endfacet
  facet normal 0.195047 -0.980794 0
    outer loop
      vertex 43.2846 -41.8641 0.799999
      vertex 43.0729 -41.9062 0
      vertex 43.2846 -41.8641 0
    endloop
  endfacet
  facet normal 0.0653198 0.997864 -0
    outer loop
      vertex 43.5 -45.15 0
      vertex 43.2846 -45.1359 0.799999
      vertex 43.5 -45.15 0.799999
    endloop
  endfacet
  facet normal 0.0653198 0.997864 0
    outer loop
      vertex 43.2846 -45.1359 0.799999
      vertex 43.5 -45.15 0
      vertex 43.2846 -45.1359 0
    endloop
  endfacet
  facet normal 0.751715 0.659488 0
    outer loop
      vertex 42.3333 -44.6667 0.799999
      vertex 42.191 -44.5045 0
      vertex 42.191 -44.5045 0.799999
    endloop
  endfacet
  facet normal 0.751715 0.659488 0
    outer loop
      vertex 42.191 -44.5045 0
      vertex 42.3333 -44.6667 0.799999
      vertex 42.3333 -44.6667 0
    endloop
  endfacet
  facet normal 0.195047 0.980794 -0
    outer loop
      vertex 43.2846 -45.1359 0
      vertex 43.0729 -45.0938 0.799999
      vertex 43.2846 -45.1359 0.799999
    endloop
  endfacet
  facet normal 0.195047 0.980794 0
    outer loop
      vertex 43.0729 -45.0938 0.799999
      vertex 43.2846 -45.1359 0
      vertex 43.0729 -45.0938 0
    endloop
  endfacet
  facet normal -0.321645 -0.94686 0
    outer loop
      vertex 43.9271 -41.9062 0
      vertex 44.1314 -41.9756 0.799999
      vertex 43.9271 -41.9062 0.799999
    endloop
  endfacet
  facet normal -0.321645 -0.94686 -0
    outer loop
      vertex 44.1314 -41.9756 0.799999
      vertex 43.9271 -41.9062 0
      vertex 44.1314 -41.9756 0
    endloop
  endfacet
  facet normal 0.831551 -0.555448 0
    outer loop
      vertex 42.0711 -42.675 0.799999
      vertex 42.191 -42.4955 0
      vertex 42.191 -42.4955 0.799999
    endloop
  endfacet
  facet normal 0.831551 -0.555448 0
    outer loop
      vertex 42.191 -42.4955 0
      vertex 42.0711 -42.675 0.799999
      vertex 42.0711 -42.675 0
    endloop
  endfacet
  facet normal -0.980794 -0.195047 0
    outer loop
      vertex 45.1359 43.7154 0
      vertex 45.0938 43.9271 0.799999
      vertex 45.0938 43.9271 0
    endloop
  endfacet
  facet normal -0.980794 -0.195047 0
    outer loop
      vertex 45.0938 43.9271 0.799999
      vertex 45.1359 43.7154 0
      vertex 45.1359 43.7154 0.799999
    endloop
  endfacet
  facet normal -0.997864 -0.0653198 0
    outer loop
      vertex 45.15 43.5 0
      vertex 45.1359 43.7154 0.799999
      vertex 45.1359 43.7154 0
    endloop
  endfacet
  facet normal -0.997864 -0.0653198 0
    outer loop
      vertex 45.1359 43.7154 0.799999
      vertex 45.15 43.5 0
      vertex 45.15 43.5 0.799999
    endloop
  endfacet
  facet normal -0.94686 -0.321645 0
    outer loop
      vertex 45.0938 43.9271 0
      vertex 45.0244 44.1314 0.799999
      vertex 45.0244 44.1314 0
    endloop
  endfacet
  facet normal -0.94686 -0.321645 0
    outer loop
      vertex 45.0244 44.1314 0.799999
      vertex 45.0938 43.9271 0
      vertex 45.0938 43.9271 0.799999
    endloop
  endfacet
  facet normal 0.997864 0.0653198 0
    outer loop
      vertex 41.8641 43.2846 0.799999
      vertex 41.85 43.5 0
      vertex 41.85 43.5 0.799999
    endloop
  endfacet
  facet normal 0.997864 0.0653198 0
    outer loop
      vertex 41.85 43.5 0
      vertex 41.8641 43.2846 0.799999
      vertex 41.8641 43.2846 0
    endloop
  endfacet
  facet normal 0.831551 0.555448 0
    outer loop
      vertex 42.191 42.4955 0.799999
      vertex 42.0711 42.675 0
      vertex 42.0711 42.675 0.799999
    endloop
  endfacet
  facet normal 0.831551 0.555448 0
    outer loop
      vertex 42.0711 42.675 0
      vertex 42.191 42.4955 0.799999
      vertex 42.191 42.4955 0
    endloop
  endfacet
  facet normal 0.980794 0.195047 0
    outer loop
      vertex 41.9062 43.0729 0.799999
      vertex 41.8641 43.2846 0
      vertex 41.8641 43.2846 0.799999
    endloop
  endfacet
  facet normal 0.980794 0.195047 0
    outer loop
      vertex 41.8641 43.2846 0
      vertex 41.9062 43.0729 0.799999
      vertex 41.9062 43.0729 0
    endloop
  endfacet
  facet normal 0.896823 0.442389 0
    outer loop
      vertex 42.0711 42.675 0.799999
      vertex 41.9756 42.8686 0
      vertex 41.9756 42.8686 0.799999
    endloop
  endfacet
  facet normal 0.896823 0.442389 0
    outer loop
      vertex 41.9756 42.8686 0
      vertex 42.0711 42.675 0.799999
      vertex 42.0711 42.675 0
    endloop
  endfacet
  facet normal -0.321645 -0.94686 0
    outer loop
      vertex 43.9271 45.0938 0
      vertex 44.1314 45.0244 0.799999
      vertex 43.9271 45.0938 0.799999
    endloop
  endfacet
  facet normal -0.321645 -0.94686 -0
    outer loop
      vertex 44.1314 45.0244 0.799999
      vertex 43.9271 45.0938 0
      vertex 44.1314 45.0244 0
    endloop
  endfacet
  facet normal -0.442389 0.896823 0
    outer loop
      vertex 44.325 42.0711 0
      vertex 44.1314 41.9756 0.799999
      vertex 44.325 42.0711 0.799999
    endloop
  endfacet
  facet normal -0.442389 0.896823 0
    outer loop
      vertex 44.1314 41.9756 0.799999
      vertex 44.325 42.0711 0
      vertex 44.1314 41.9756 0
    endloop
  endfacet
  facet normal -0.321645 0.94686 0
    outer loop
      vertex 44.1314 41.9756 0
      vertex 43.9271 41.9062 0.799999
      vertex 44.1314 41.9756 0.799999
    endloop
  endfacet
  facet normal -0.321645 0.94686 0
    outer loop
      vertex 43.9271 41.9062 0.799999
      vertex 44.1314 41.9756 0
      vertex 43.9271 41.9062 0
    endloop
  endfacet
  facet normal -0.896823 -0.442389 0
    outer loop
      vertex 45.0244 44.1314 0
      vertex 44.9289 44.325 0.799999
      vertex 44.9289 44.325 0
    endloop
  endfacet
  facet normal -0.896823 -0.442389 0
    outer loop
      vertex 44.9289 44.325 0.799999
      vertex 45.0244 44.1314 0
      vertex 45.0244 44.1314 0.799999
    endloop
  endfacet
  facet normal 0.997864 -0.0653198 0
    outer loop
      vertex 41.85 43.5 0.799999
      vertex 41.8641 43.7154 0
      vertex 41.8641 43.7154 0.799999
    endloop
  endfacet
  facet normal 0.997864 -0.0653198 0
    outer loop
      vertex 41.8641 43.7154 0
      vertex 41.85 43.5 0.799999
      vertex 41.85 43.5 0
    endloop
  endfacet
  facet normal -0.195047 0.980794 0
    outer loop
      vertex 43.9271 41.9062 0
      vertex 43.7154 41.8641 0.799999
      vertex 43.9271 41.9062 0.799999
    endloop
  endfacet
  facet normal -0.195047 0.980794 0
    outer loop
      vertex 43.7154 41.8641 0.799999
      vertex 43.9271 41.9062 0
      vertex 43.7154 41.8641 0
    endloop
  endfacet
  facet normal 0.751715 -0.659488 0
    outer loop
      vertex 42.191 44.5045 0.799999
      vertex 42.3333 44.6667 0
      vertex 42.3333 44.6667 0.799999
    endloop
  endfacet
  facet normal 0.751715 -0.659488 0
    outer loop
      vertex 42.3333 44.6667 0
      vertex 42.191 44.5045 0.799999
      vertex 42.191 44.5045 0
    endloop
  endfacet
  facet normal -0.555448 -0.831551 0
    outer loop
      vertex 44.325 44.9289 0
      vertex 44.5045 44.809 0.799999
      vertex 44.325 44.9289 0.799999
    endloop
  endfacet
  facet normal -0.555448 -0.831551 -0
    outer loop
      vertex 44.5045 44.809 0.799999
      vertex 44.325 44.9289 0
      vertex 44.5045 44.809 0
    endloop
  endfacet
  facet normal -0.195047 -0.980794 0
    outer loop
      vertex 43.7154 45.1359 0
      vertex 43.9271 45.0938 0.799999
      vertex 43.7154 45.1359 0.799999
    endloop
  endfacet
  facet normal -0.195047 -0.980794 -0
    outer loop
      vertex 43.9271 45.0938 0.799999
      vertex 43.7154 45.1359 0
      vertex 43.9271 45.0938 0
    endloop
  endfacet
  facet normal -0.94686 0.321645 0
    outer loop
      vertex 45.0244 42.8686 0
      vertex 45.0938 43.0729 0.799999
      vertex 45.0938 43.0729 0
    endloop
  endfacet
  facet normal -0.94686 0.321645 0
    outer loop
      vertex 45.0938 43.0729 0.799999
      vertex 45.0244 42.8686 0
      vertex 45.0244 42.8686 0.799999
    endloop
  endfacet
  facet normal -0.896823 0.442389 0
    outer loop
      vertex 44.9289 42.675 0
      vertex 45.0244 42.8686 0.799999
      vertex 45.0244 42.8686 0
    endloop
  endfacet
  facet normal -0.896823 0.442389 0
    outer loop
      vertex 45.0244 42.8686 0.799999
      vertex 44.9289 42.675 0
      vertex 44.9289 42.675 0.799999
    endloop
  endfacet
  facet normal -0.997864 0.0653198 0
    outer loop
      vertex 45.1359 43.2846 0
      vertex 45.15 43.5 0.799999
      vertex 45.15 43.5 0
    endloop
  endfacet
  facet normal -0.997864 0.0653198 0
    outer loop
      vertex 45.15 43.5 0.799999
      vertex 45.1359 43.2846 0
      vertex 45.1359 43.2846 0.799999
    endloop
  endfacet
  facet normal -0.751715 -0.659488 0
    outer loop
      vertex 44.809 44.5045 0
      vertex 44.6667 44.6667 0.799999
      vertex 44.6667 44.6667 0
    endloop
  endfacet
  facet normal -0.751715 -0.659488 0
    outer loop
      vertex 44.6667 44.6667 0.799999
      vertex 44.809 44.5045 0
      vertex 44.809 44.5045 0.799999
    endloop
  endfacet
  facet normal 0.659488 -0.751715 0
    outer loop
      vertex 42.3333 44.6667 0
      vertex 42.4955 44.809 0.799999
      vertex 42.3333 44.6667 0.799999
    endloop
  endfacet
  facet normal 0.659488 -0.751715 0
    outer loop
      vertex 42.4955 44.809 0.799999
      vertex 42.3333 44.6667 0
      vertex 42.4955 44.809 0
    endloop
  endfacet
  facet normal -0.659488 0.751715 0
    outer loop
      vertex 44.6667 42.3333 0
      vertex 44.5045 42.191 0.799999
      vertex 44.6667 42.3333 0.799999
    endloop
  endfacet
  facet normal -0.659488 0.751715 0
    outer loop
      vertex 44.5045 42.191 0.799999
      vertex 44.6667 42.3333 0
      vertex 44.5045 42.191 0
    endloop
  endfacet
  facet normal 0.751715 0.659488 0
    outer loop
      vertex 42.3333 42.3333 0.799999
      vertex 42.191 42.4955 0
      vertex 42.191 42.4955 0.799999
    endloop
  endfacet
  facet normal 0.751715 0.659488 0
    outer loop
      vertex 42.191 42.4955 0
      vertex 42.3333 42.3333 0.799999
      vertex 42.3333 42.3333 0
    endloop
  endfacet
  facet normal 0.442389 -0.896823 0
    outer loop
      vertex 42.675 44.9289 0
      vertex 42.8686 45.0244 0.799999
      vertex 42.675 44.9289 0.799999
    endloop
  endfacet
  facet normal 0.442389 -0.896823 0
    outer loop
      vertex 42.8686 45.0244 0.799999
      vertex 42.675 44.9289 0
      vertex 42.8686 45.0244 0
    endloop
  endfacet
  facet normal -0.555448 0.831551 0
    outer loop
      vertex 44.5045 42.191 0
      vertex 44.325 42.0711 0.799999
      vertex 44.5045 42.191 0.799999
    endloop
  endfacet
  facet normal -0.555448 0.831551 0
    outer loop
      vertex 44.325 42.0711 0.799999
      vertex 44.5045 42.191 0
      vertex 44.325 42.0711 0
    endloop
  endfacet
  facet normal -0.659488 -0.751715 0
    outer loop
      vertex 44.5045 44.809 0
      vertex 44.6667 44.6667 0.799999
      vertex 44.5045 44.809 0.799999
    endloop
  endfacet
  facet normal -0.659488 -0.751715 -0
    outer loop
      vertex 44.6667 44.6667 0.799999
      vertex 44.5045 44.809 0
      vertex 44.6667 44.6667 0
    endloop
  endfacet
  facet normal -0.831551 -0.555448 0
    outer loop
      vertex 44.9289 44.325 0
      vertex 44.809 44.5045 0.799999
      vertex 44.809 44.5045 0
    endloop
  endfacet
  facet normal -0.831551 -0.555448 0
    outer loop
      vertex 44.809 44.5045 0.799999
      vertex 44.9289 44.325 0
      vertex 44.9289 44.325 0.799999
    endloop
  endfacet
  facet normal -0.442389 -0.896823 0
    outer loop
      vertex 44.1314 45.0244 0
      vertex 44.325 44.9289 0.799999
      vertex 44.1314 45.0244 0.799999
    endloop
  endfacet
  facet normal -0.442389 -0.896823 -0
    outer loop
      vertex 44.325 44.9289 0.799999
      vertex 44.1314 45.0244 0
      vertex 44.325 44.9289 0
    endloop
  endfacet
  facet normal -0.980794 0.195047 0
    outer loop
      vertex 45.0938 43.0729 0
      vertex 45.1359 43.2846 0.799999
      vertex 45.1359 43.2846 0
    endloop
  endfacet
  facet normal -0.980794 0.195047 0
    outer loop
      vertex 45.1359 43.2846 0.799999
      vertex 45.0938 43.0729 0
      vertex 45.0938 43.0729 0.799999
    endloop
  endfacet
  facet normal 0.321645 0.94686 -0
    outer loop
      vertex 43.0729 41.9062 0
      vertex 42.8686 41.9756 0.799999
      vertex 43.0729 41.9062 0.799999
    endloop
  endfacet
  facet normal 0.321645 0.94686 0
    outer loop
      vertex 42.8686 41.9756 0.799999
      vertex 43.0729 41.9062 0
      vertex 42.8686 41.9756 0
    endloop
  endfacet
  facet normal -0.751715 0.659488 0
    outer loop
      vertex 44.6667 42.3333 0
      vertex 44.809 42.4955 0.799999
      vertex 44.809 42.4955 0
    endloop
  endfacet
  facet normal -0.751715 0.659488 0
    outer loop
      vertex 44.809 42.4955 0.799999
      vertex 44.6667 42.3333 0
      vertex 44.6667 42.3333 0.799999
    endloop
  endfacet
  facet normal -0.831551 0.555448 0
    outer loop
      vertex 44.809 42.4955 0
      vertex 44.9289 42.675 0.799999
      vertex 44.9289 42.675 0
    endloop
  endfacet
  facet normal -0.831551 0.555448 0
    outer loop
      vertex 44.9289 42.675 0.799999
      vertex 44.809 42.4955 0
      vertex 44.809 42.4955 0.799999
    endloop
  endfacet
  facet normal 0.0653198 0.997864 -0
    outer loop
      vertex 43.5 41.85 0
      vertex 43.2846 41.8641 0.799999
      vertex 43.5 41.85 0.799999
    endloop
  endfacet
  facet normal 0.0653198 0.997864 0
    outer loop
      vertex 43.2846 41.8641 0.799999
      vertex 43.5 41.85 0
      vertex 43.2846 41.8641 0
    endloop
  endfacet
  facet normal 0.0653198 -0.997864 0
    outer loop
      vertex 43.2846 45.1359 0
      vertex 43.5 45.15 0.799999
      vertex 43.2846 45.1359 0.799999
    endloop
  endfacet
  facet normal 0.0653198 -0.997864 0
    outer loop
      vertex 43.5 45.15 0.799999
      vertex 43.2846 45.1359 0
      vertex 43.5 45.15 0
    endloop
  endfacet
  facet normal 0.659488 0.751715 -0
    outer loop
      vertex 42.4955 42.191 0
      vertex 42.3333 42.3333 0.799999
      vertex 42.4955 42.191 0.799999
    endloop
  endfacet
  facet normal 0.659488 0.751715 0
    outer loop
      vertex 42.3333 42.3333 0.799999
      vertex 42.4955 42.191 0
      vertex 42.3333 42.3333 0
    endloop
  endfacet
  facet normal 0.555448 0.831551 -0
    outer loop
      vertex 42.675 42.0711 0
      vertex 42.4955 42.191 0.799999
      vertex 42.675 42.0711 0.799999
    endloop
  endfacet
  facet normal 0.555448 0.831551 0
    outer loop
      vertex 42.4955 42.191 0.799999
      vertex 42.675 42.0711 0
      vertex 42.4955 42.191 0
    endloop
  endfacet
  facet normal -0.0653198 0.997864 0
    outer loop
      vertex 43.7154 41.8641 0
      vertex 43.5 41.85 0.799999
      vertex 43.7154 41.8641 0.799999
    endloop
  endfacet
  facet normal -0.0653198 0.997864 0
    outer loop
      vertex 43.5 41.85 0.799999
      vertex 43.7154 41.8641 0
      vertex 43.5 41.85 0
    endloop
  endfacet
  facet normal -0.0653198 -0.997864 0
    outer loop
      vertex 43.5 45.15 0
      vertex 43.7154 45.1359 0.799999
      vertex 43.5 45.15 0.799999
    endloop
  endfacet
  facet normal -0.0653198 -0.997864 -0
    outer loop
      vertex 43.7154 45.1359 0.799999
      vertex 43.5 45.15 0
      vertex 43.7154 45.1359 0
    endloop
  endfacet
  facet normal 0.980794 -0.195047 0
    outer loop
      vertex 41.8641 43.7154 0.799999
      vertex 41.9062 43.9271 0
      vertex 41.9062 43.9271 0.799999
    endloop
  endfacet
  facet normal 0.980794 -0.195047 0
    outer loop
      vertex 41.9062 43.9271 0
      vertex 41.8641 43.7154 0.799999
      vertex 41.8641 43.7154 0
    endloop
  endfacet
  facet normal 0.442389 0.896823 -0
    outer loop
      vertex 42.8686 41.9756 0
      vertex 42.675 42.0711 0.799999
      vertex 42.8686 41.9756 0.799999
    endloop
  endfacet
  facet normal 0.442389 0.896823 0
    outer loop
      vertex 42.675 42.0711 0.799999
      vertex 42.8686 41.9756 0
      vertex 42.675 42.0711 0
    endloop
  endfacet
  facet normal 0.555448 -0.831551 0
    outer loop
      vertex 42.4955 44.809 0
      vertex 42.675 44.9289 0.799999
      vertex 42.4955 44.809 0.799999
    endloop
  endfacet
  facet normal 0.555448 -0.831551 0
    outer loop
      vertex 42.675 44.9289 0.799999
      vertex 42.4955 44.809 0
      vertex 42.675 44.9289 0
    endloop
  endfacet
  facet normal 0.195047 -0.980794 0
    outer loop
      vertex 43.0729 45.0938 0
      vertex 43.2846 45.1359 0.799999
      vertex 43.0729 45.0938 0.799999
    endloop
  endfacet
  facet normal 0.195047 -0.980794 0
    outer loop
      vertex 43.2846 45.1359 0.799999
      vertex 43.0729 45.0938 0
      vertex 43.2846 45.1359 0
    endloop
  endfacet
  facet normal 0.321645 -0.94686 0
    outer loop
      vertex 42.8686 45.0244 0
      vertex 43.0729 45.0938 0.799999
      vertex 42.8686 45.0244 0.799999
    endloop
  endfacet
  facet normal 0.321645 -0.94686 0
    outer loop
      vertex 43.0729 45.0938 0.799999
      vertex 42.8686 45.0244 0
      vertex 43.0729 45.0938 0
    endloop
  endfacet
  facet normal 0.195047 0.980794 -0
    outer loop
      vertex 43.2846 41.8641 0
      vertex 43.0729 41.9062 0.799999
      vertex 43.2846 41.8641 0.799999
    endloop
  endfacet
  facet normal 0.195047 0.980794 0
    outer loop
      vertex 43.0729 41.9062 0.799999
      vertex 43.2846 41.8641 0
      vertex 43.0729 41.9062 0
    endloop
  endfacet
  facet normal 0.94686 -0.321645 0
    outer loop
      vertex 41.9062 43.9271 0.799999
      vertex 41.9756 44.1314 0
      vertex 41.9756 44.1314 0.799999
    endloop
  endfacet
  facet normal 0.94686 -0.321645 0
    outer loop
      vertex 41.9756 44.1314 0
      vertex 41.9062 43.9271 0.799999
      vertex 41.9062 43.9271 0
    endloop
  endfacet
  facet normal 0.831551 -0.555448 0
    outer loop
      vertex 42.0711 44.325 0.799999
      vertex 42.191 44.5045 0
      vertex 42.191 44.5045 0.799999
    endloop
  endfacet
  facet normal 0.831551 -0.555448 0
    outer loop
      vertex 42.191 44.5045 0
      vertex 42.0711 44.325 0.799999
      vertex 42.0711 44.325 0
    endloop
  endfacet
  facet normal 0.94686 0.321645 0
    outer loop
      vertex 41.9756 42.8686 0.799999
      vertex 41.9062 43.0729 0
      vertex 41.9062 43.0729 0.799999
    endloop
  endfacet
  facet normal 0.94686 0.321645 0
    outer loop
      vertex 41.9062 43.0729 0
      vertex 41.9756 42.8686 0.799999
      vertex 41.9756 42.8686 0
    endloop
  endfacet
  facet normal 0.896823 -0.442389 0
    outer loop
      vertex 41.9756 44.1314 0.799999
      vertex 42.0711 44.325 0
      vertex 42.0711 44.325 0.799999
    endloop
  endfacet
  facet normal 0.896823 -0.442389 0
    outer loop
      vertex 42.0711 44.325 0
      vertex 41.9756 44.1314 0.799999
      vertex 41.9756 44.1314 0
    endloop
  endfacet
endsolid OpenSCAD_Model
