solid OpenSCAD_Model
  facet normal 0 1 0
    outer loop
      vertex -47.55 -36 2.3499999999999996
      vertex -50 -36 2.3499999999999996
      vertex -47.6 -36 2.4
    endloop
  endfacet
  facet normal 0 1 0
    outer loop
      vertex -47.55 -36 2.3499999999999996
      vertex -47.6 -36 2.4
      vertex -47.55 -36 2.4
    endloop
  endfacet
  facet normal 0 1 0
    outer loop
      vertex -47.6 -36 2.4
      vertex -50 -36 2.3499999999999996
      vertex -47.6 -36 14.5
    endloop
  endfacet
  facet normal 0 0 1
    outer loop
      vertex -47.55 -36 2.3499999999999996
      vertex -50 36 2.3499999999999996
      vertex -50 -36 2.3499999999999996
    endloop
  endfacet
  facet normal -1 0 0
    outer loop
      vertex -47.55 -36 2.3499999999999996
      vertex -47.55 -36 2.4
      vertex -47.55 36 2.3499999999999996
    endloop
  endfacet
  facet normal 0 1 0
    outer loop
      vertex -47.6 -36 14.5
      vertex -50 -36 2.3499999999999996
      vertex -50 -36 15.5
    endloop
  endfacet
  facet normal 0 1 0
    outer loop
      vertex -47.6 -36 14.5
      vertex -50 -36 15.5
      vertex -47.96363636363637 -36 15.5
    endloop
  endfacet
  facet normal 0 0 1
    outer loop
      vertex -47.55 -36 2.3499999999999996
      vertex -47.55 36 2.3499999999999996
      vertex -50 36 2.3499999999999996
    endloop
  endfacet
  facet normal -1 0 0
    outer loop
      vertex -47.55 -36 2.4
      vertex -47.55 36 2.4
      vertex -47.55 36 2.3499999999999996
    endloop
  endfacet
  facet normal 0 -1 0
    outer loop
      vertex -47.55 36 2.3499999999999996
      vertex -47.55 36 2.4
      vertex -50 36 2.3499999999999996
    endloop
  endfacet
  facet normal 0 -1 0
    outer loop
      vertex -47.55 36 2.4
      vertex -47.6 36 2.4
      vertex -50 36 2.3499999999999996
    endloop
  endfacet
  facet normal 0 -1 0
    outer loop
      vertex -47.6 36 2.4
      vertex -50 36 15.5
      vertex -50 36 2.3499999999999996
    endloop
  endfacet
  facet normal 0 -1 0
    outer loop
      vertex -47.6 36 2.4
      vertex -47.96363636363637 36 15.5
      vertex -50 36 15.5
    endloop
  endfacet
  facet normal 0 -1 0
    outer loop
      vertex -47.6 36 2.4
      vertex -47.6 36 14.5
      vertex -47.96363636363637 36 15.5
    endloop
  endfacet
  facet normal 0 1 0
    outer loop
      vertex 47.55 -36 2.3499999999999996
      vertex 47.55 -36 2.4
      vertex 50 -36 2.3499999999999996
    endloop
  endfacet
  facet normal 0 1 0
    outer loop
      vertex 47.55 -36 2.4
      vertex 47.6 -36 2.4
      vertex 50 -36 2.3499999999999996
    endloop
  endfacet
  facet normal 0 1 0
    outer loop
      vertex 47.6 -36 2.4
      vertex 50 -36 15.5
      vertex 50 -36 2.3499999999999996
    endloop
  endfacet
  facet normal 1 0 0
    outer loop
      vertex 47.55 -36 2.3499999999999996
      vertex 47.55 36 2.4
      vertex 47.55 -36 2.4
    endloop
  endfacet
  facet normal 0 0 1
    outer loop
      vertex 47.55 -36 2.3499999999999996
      vertex 50 -36 2.3499999999999996
      vertex 47.55 36 2.3499999999999996
    endloop
  endfacet
  facet normal 0 1 0
    outer loop
      vertex 47.6 -36 2.4
      vertex 47.6 -36 14.5
      vertex 47.96363636363637 -36 15.5
    endloop
  endfacet
  facet normal 0 1 0
    outer loop
      vertex 47.6 -36 2.4
      vertex 47.96363636363637 -36 15.5
      vertex 50 -36 15.5
    endloop
  endfacet
  facet normal 1 0 0
    outer loop
      vertex 47.55 -36 2.3499999999999996
      vertex 47.55 36 2.3499999999999996
      vertex 47.55 36 2.4
    endloop
  endfacet
  facet normal 0 0 1
    outer loop
      vertex 47.55 36 2.3499999999999996
      vertex 50 -36 2.3499999999999996
      vertex 50 36 2.3499999999999996
    endloop
  endfacet
  facet normal 0 -1 0
    outer loop
      vertex 47.55 36 2.3499999999999996
      vertex 47.6 36 2.4
      vertex 47.55 36 2.4
    endloop
  endfacet
  facet normal 0 -1 0
    outer loop
      vertex 47.55 36 2.3499999999999996
      vertex 50 36 2.3499999999999996
      vertex 47.6 36 2.4
    endloop
  endfacet
  facet normal 0 -1 0
    outer loop
      vertex 47.6 36 2.4
      vertex 50 36 2.3499999999999996
      vertex 47.6 36 14.5
    endloop
  endfacet
  facet normal 0 -1 0
    outer loop
      vertex 47.6 36 14.5
      vertex 50 36 2.3499999999999996
      vertex 50 36 15.5
    endloop
  endfacet
  facet normal 0 -1 0
    outer loop
      vertex 47.6 36 14.5
      vertex 50 36 15.5
      vertex 47.96363636363637 36 15.5
    endloop
  endfacet
  facet normal 0 0 -1
    outer loop
      vertex -49.84666621685028 -46.66468570381403 0
      vertex -49.961501874029636 -46.087367862463 0
      vertex -40.89777747541666 -38.77645713835955 0
    endloop
  endfacet
  facet normal 0 0 -1
    outer loop
      vertex -49.961501874029636 -46.087367862463 0
      vertex -50 -45.5 0
      vertex -41 -38 0
    endloop
  endfacet
  facet normal 0 0 -1
    outer loop
      vertex -49.84666621685028 -46.66468570381403 0
      vertex -40.89777747541666 -38.77645713835955 0
      vertex -40.771638594567776 -39.14805030077696 0
    endloop
  endfacet
  facet normal 0 0 -1
    outer loop
      vertex -49.961501874029636 -46.087367862463 0
      vertex -40.974334582686424 -38.39157857745886 0
      vertex -40.89777747541666 -38.77645713835955 0
    endloop
  endfacet
  facet normal 0 0 -1
    outer loop
      vertex -49.961501874029636 -46.087367862463 0
      vertex -41 -38 0
      vertex -40.974334582686424 -38.39157857745886 0
    endloop
  endfacet
  facet normal 0 0 -1
    outer loop
      vertex -49.84666621685028 -46.66468570381403 0
      vertex -40.3800600245595 -39.826284289360046 0
      vertex -40.121320344507694 -40.121320344507694 0
    endloop
  endfacet
  facet normal 0 0 -1
    outer loop
      vertex -49.84666621685028 -46.66468570381403 0
      vertex -40.121320344507694 -40.121320344507694 0
      vertex -39.826284289360046 -40.3800600245595 0
    endloop
  endfacet
  facet normal 0 0 -1
    outer loop
      vertex -49.84666621685028 -46.66468570381403 0
      vertex -39.826284289360046 -40.3800600245595 0
      vertex -39.5 -40.598076209425926 0
    endloop
  endfacet
  facet normal 0 0 -1
    outer loop
      vertex -49.84666621685028 -46.66468570381403 0
      vertex -39.5 -40.598076209425926 0
      vertex -39.14805030077696 -40.771638594567776 0
    endloop
  endfacet
  facet normal 0 0 -1
    outer loop
      vertex -49.84666621685028 -46.66468570381403 0
      vertex -39.14805030077696 -40.771638594567776 0
      vertex -38.77645713835955 -40.89777747541666 0
    endloop
  endfacet
  facet normal 0 0 -1
    outer loop
      vertex -49.84666621685028 -46.66468570381403 0
      vertex -38.77645713835955 -40.89777747541666 0
      vertex -38.39157857745886 -40.974334582686424 0
    endloop
  endfacet
  facet normal 0 0 -1
    outer loop
      vertex -49.84666621685028 -46.66468570381403 0
      vertex -40.598076209425926 -39.5 0
      vertex -40.3800600245595 -39.826284289360046 0
    endloop
  endfacet
  facet normal 0 0 -1
    outer loop
      vertex -49.84666621685028 -46.66468570381403 0
      vertex -40.771638594567776 -39.14805030077696 0
      vertex -40.598076209425926 -39.5 0
    endloop
  endfacet
  facet normal 0 0 -1
    outer loop
      vertex -49.84666621685028 -46.66468570381403 0
      vertex -38.39157857745886 -40.974334582686424 0
      vertex -38 -41 0
    endloop
  endfacet
  facet normal -0.6593458239316344 -0.7518397997339021 0
    outer loop
      vertex -48.68198051303625 -48.68198051303625 0
      vertex -48.23942643404007 -49.07009003311396 0
      vertex -48.68198051303625 -48.68198051303625 15.5
    endloop
  endfacet
  facet normal -0.8314696178223754 -0.5555702247585927 0
    outer loop
      vertex -49.39711431413889 -47.75 0
      vertex -49.07009003311396 -48.23942643404007 0
      vertex -49.39711431413889 -47.75 15.5
    endloop
  endfacet
  facet normal -0.8968727394748999 -0.4422886943917834 0
    outer loop
      vertex -49.39711431413889 -47.75 0
      vertex -49.657457895576954 -47.22207544744015 15.5
      vertex -49.657457895576954 -47.22207544744015 0
    endloop
  endfacet
  facet normal -0.7518397997339021 -0.6593458239316344 0
    outer loop
      vertex -48.68198051303625 -48.68198051303625 0
      vertex -49.07009003311396 -48.23942643404007 15.5
      vertex -49.07009003311396 -48.23942643404007 0
    endloop
  endfacet
  facet normal -0.5555702247585927 -0.8314696178223754 0
    outer loop
      vertex -47.75 -49.39711431413889 0
      vertex -48.23942643404007 -49.07009003311396 15.5
      vertex -48.23942643404007 -49.07009003311396 0
    endloop
  endfacet
  facet normal -0.4422886943917834 -0.8968727394748999 0
    outer loop
      vertex -47.75 -49.39711431413889 0
      vertex -47.22207544744015 -49.657457895576954 0
      vertex -47.75 -49.39711431413889 15.5
    endloop
  endfacet
  facet normal -0.32143946370773846 -0.9469301300366788 0
    outer loop
      vertex -47.22207544744015 -49.657457895576954 0
      vertex -46.66468570381403 -49.84666621685028 0
      vertex -47.22207544744015 -49.657457895576954 15.5
    endloop
  endfacet
  facet normal -0.9469301300366788 -0.32143946370773846 0
    outer loop
      vertex -49.657457895576954 -47.22207544744015 0
      vertex -49.84666621685028 -46.66468570381403 15.5
      vertex -49.84666621685028 -46.66468570381403 0
    endloop
  endfacet
  facet normal -0.980785280849963 -0.1950903197702518 0
    outer loop
      vertex -49.84666621685028 -46.66468570381403 0
      vertex -49.961501874029636 -46.087367862463 15.5
      vertex -49.961501874029636 -46.087367862463 0
    endloop
  endfacet
  facet normal -0.9978589229815823 -0.06540313315152887 0
    outer loop
      vertex -49.961501874029636 -46.087367862463 0
      vertex -50 -45.5 15.5
      vertex -50 -45.5 0
    endloop
  endfacet
  facet normal -0.1950903197702518 -0.980785280849963 0
    outer loop
      vertex -46.66468570381403 -49.84666621685028 0
      vertex -46.087367862463 -49.961501874029636 0
      vertex -46.66468570381403 -49.84666621685028 15.5
    endloop
  endfacet
  facet normal -0.06540313315152887 -0.9978589229815823 0
    outer loop
      vertex -46.087367862463 -49.961501874029636 0
      vertex -45.5 -50 0
      vertex -46.087367862463 -49.961501874029636 15.5
    endloop
  endfacet
  facet normal -1 0 0
    outer loop
      vertex -50 -45.5 0
      vertex -50 -45.5 15.5
      vertex -50 -36 2.3499999999999996
    endloop
  endfacet
  facet normal 0 0 -1
    outer loop
      vertex -50 -45.5 0
      vertex -50 45.5 0
      vertex -41 -38 0
    endloop
  endfacet
  facet normal -1 0 0
    outer loop
      vertex -50 -45.5 0
      vertex -50 -36 2.3499999999999996
      vertex -50 36 2.3499999999999996
    endloop
  endfacet
  facet normal 0 0 -1
    outer loop
      vertex -47.75 -49.39711431413889 0
      vertex -48.23942643404007 -49.07009003311396 0
      vertex 49.07009003311396 -48.23942643404007 0
    endloop
  endfacet
  facet normal 0 0 -1
    outer loop
      vertex -48.68198051303625 -48.68198051303625 0
      vertex 49.39711431413889 -47.75 0
      vertex -48.23942643404007 -49.07009003311396 0
    endloop
  endfacet
  facet normal 0 0 -1
    outer loop
      vertex -48.68198051303625 -48.68198051303625 0
      vertex -49.07009003311396 -48.23942643404007 0
      vertex 49.657457895576954 -47.22207544744015 0
    endloop
  endfacet
  facet normal 0 0 -1
    outer loop
      vertex -49.39711431413889 -47.75 0
      vertex 49.84666621685028 -46.66468570381403 0
      vertex -49.07009003311396 -48.23942643404007 0
    endloop
  endfacet
  facet normal 0 0 -1
    outer loop
      vertex -49.39711431413889 -47.75 0
      vertex -49.657457895576954 -47.22207544744015 0
      vertex 49.961501874029636 -46.087367862463 0
    endloop
  endfacet
  facet normal 0 0 -1
    outer loop
      vertex -49.657457895576954 -47.22207544744015 0
      vertex -49.84666621685028 -46.66468570381403 0
      vertex 50 -45.5 0
    endloop
  endfacet
  facet normal 0 0 -1
    outer loop
      vertex -47.75 -49.39711431413889 0
      vertex 48.68198051303625 -48.68198051303625 0
      vertex -47.22207544744015 -49.657457895576954 0
    endloop
  endfacet
  facet normal 0 0 -1
    outer loop
      vertex -46.66468570381403 -49.84666621685028 0
      vertex 47.75 -49.39711431413889 0
      vertex -46.087367862463 -49.961501874029636 0
    endloop
  endfacet
  facet normal 0 0 -1
    outer loop
      vertex -47.22207544744015 -49.657457895576954 0
      vertex 48.23942643404007 -49.07009003311396 0
      vertex -46.66468570381403 -49.84666621685028 0
    endloop
  endfacet
  facet normal 0 0 -1
    outer loop
      vertex -46.087367862463 -49.961501874029636 0
      vertex 47.22207544744015 -49.657457895576954 0
      vertex -45.5 -50 0
    endloop
  endfacet
  facet normal 0 0 -1
    outer loop
      vertex -49.84666621685028 -46.66468570381403 0
      vertex -38 -41 0
      vertex 50 -45.5 0
    endloop
  endfacet
  facet normal 0 -1 0
    outer loop
      vertex -45.5 -50 0
      vertex 45.5 -50 0
      vertex -45.5 -50 15.5
    endloop
  endfacet
  facet normal -0.7518397997339021 -0.6593458239316344 0
    outer loop
      vertex -48.68198051303625 -48.68198051303625 0
      vertex -48.68198051303625 -48.68198051303625 15.5
      vertex -49.07009003311396 -48.23942643404007 15.5
    endloop
  endfacet
  facet normal -0.9469301300366788 -0.32143946370773846 0
    outer loop
      vertex -49.657457895576954 -47.22207544744015 0
      vertex -49.657457895576954 -47.22207544744015 15.5
      vertex -49.84666621685028 -46.66468570381403 15.5
    endloop
  endfacet
  facet normal -0.8968727394748999 -0.4422886943917834 0
    outer loop
      vertex -49.39711431413889 -47.75 0
      vertex -49.39711431413889 -47.75 15.5
      vertex -49.657457895576954 -47.22207544744015 15.5
    endloop
  endfacet
  facet normal -0.8314696178223754 -0.5555702247585927 0
    outer loop
      vertex -49.07009003311396 -48.23942643404007 0
      vertex -49.07009003311396 -48.23942643404007 15.5
      vertex -49.39711431413889 -47.75 15.5
    endloop
  endfacet
  facet normal -0.5555702247585927 -0.8314696178223754 0
    outer loop
      vertex -47.75 -49.39711431413889 0
      vertex -47.75 -49.39711431413889 15.5
      vertex -48.23942643404007 -49.07009003311396 15.5
    endloop
  endfacet
  facet normal -0.6593458239316344 -0.7518397997339021 0
    outer loop
      vertex -48.23942643404007 -49.07009003311396 0
      vertex -48.23942643404007 -49.07009003311396 15.5
      vertex -48.68198051303625 -48.68198051303625 15.5
    endloop
  endfacet
  facet normal -0.4422886943917834 -0.8968727394748999 0
    outer loop
      vertex -47.22207544744015 -49.657457895576954 0
      vertex -47.22207544744015 -49.657457895576954 15.5
      vertex -47.75 -49.39711431413889 15.5
    endloop
  endfacet
  facet normal -0.980785280849963 -0.1950903197702518 0
    outer loop
      vertex -49.84666621685028 -46.66468570381403 0
      vertex -49.84666621685028 -46.66468570381403 15.5
      vertex -49.961501874029636 -46.087367862463 15.5
    endloop
  endfacet
  facet normal -0.9978589229815823 -0.06540313315152887 0
    outer loop
      vertex -49.961501874029636 -46.087367862463 0
      vertex -49.961501874029636 -46.087367862463 15.5
      vertex -50 -45.5 15.5
    endloop
  endfacet
  facet normal -0.32143946370773846 -0.9469301300366788 0
    outer loop
      vertex -46.66468570381403 -49.84666621685028 0
      vertex -46.66468570381403 -49.84666621685028 15.5
      vertex -47.22207544744015 -49.657457895576954 15.5
    endloop
  endfacet
  facet normal -0.1950903197702518 -0.980785280849963 0
    outer loop
      vertex -46.087367862463 -49.961501874029636 0
      vertex -46.087367862463 -49.961501874029636 15.5
      vertex -46.66468570381403 -49.84666621685028 15.5
    endloop
  endfacet
  facet normal -0.06540313315152887 -0.9978589229815823 0
    outer loop
      vertex -45.5 -50 0
      vertex -45.5 -50 15.5
      vertex -46.087367862463 -49.961501874029636 15.5
    endloop
  endfacet
  facet normal -1 0 0
    outer loop
      vertex -50 -45.5 15.5
      vertex -50 -36 15.5
      vertex -50 -36 2.3499999999999996
    endloop
  endfacet
  facet normal 0 0 1
    outer loop
      vertex -48.68198051303625 -48.68198051303625 15.5
      vertex -47.96363636363636 -47.96363636363636 15.5
      vertex -49.07009003311396 -48.23942643404007 15.5
    endloop
  endfacet
  facet normal 0 0 1
    outer loop
      vertex -48.68198051303625 -48.68198051303625 15.5
      vertex -48.23942643404007 -49.07009003311396 15.5
      vertex -47.96363636363636 -47.96363636363636 15.5
    endloop
  endfacet
  facet normal 0 0 1
    outer loop
      vertex -49.39711431413889 -47.75 15.5
      vertex -49.07009003311396 -48.23942643404007 15.5
      vertex -47.96363636363637 -36 15.5
    endloop
  endfacet
  facet normal 0 0 1
    outer loop
      vertex -49.07009003311396 -48.23942643404007 15.5
      vertex -47.96363636363636 -47.96363636363636 15.5
      vertex -47.96363636363637 -36 15.5
    endloop
  endfacet
  facet normal 0 0 1
    outer loop
      vertex -49.84666621685028 -46.66468570381403 15.5
      vertex -47.96363636363637 -36 15.5
      vertex -49.961501874029636 -46.087367862463 15.5
    endloop
  endfacet
  facet normal 0 0 1
    outer loop
      vertex -49.961501874029636 -46.087367862463 15.5
      vertex -47.96363636363637 -36 15.5
      vertex -50 -45.5 15.5
    endloop
  endfacet
  facet normal 0 0 1
    outer loop
      vertex -49.39711431413889 -47.75 15.5
      vertex -47.96363636363637 -36 15.5
      vertex -49.657457895576954 -47.22207544744015 15.5
    endloop
  endfacet
  facet normal 0 0 1
    outer loop
      vertex -49.657457895576954 -47.22207544744015 15.5
      vertex -47.96363636363637 -36 15.5
      vertex -49.84666621685028 -46.66468570381403 15.5
    endloop
  endfacet
  facet normal 0 0 1
    outer loop
      vertex -50 -45.5 15.5
      vertex -47.96363636363637 -36 15.5
      vertex -50 -36 15.5
    endloop
  endfacet
  facet normal 0 0 1
    outer loop
      vertex -47.75 -49.39711431413889 15.5
      vertex 49.07009003311396 -48.23942643404007 15.5
      vertex -48.23942643404007 -49.07009003311396 15.5
    endloop
  endfacet
  facet normal 0 0 1
    outer loop
      vertex -48.23942643404007 -49.07009003311396 15.5
      vertex 49.07009003311396 -48.23942643404007 15.5
      vertex -47.96363636363636 -47.96363636363636 15.5
    endloop
  endfacet
  facet normal 0 0 1
    outer loop
      vertex -47.75 -49.39711431413889 15.5
      vertex -47.22207544744015 -49.657457895576954 15.5
      vertex 48.68198051303625 -48.68198051303625 15.5
    endloop
  endfacet
  facet normal 0 0 1
    outer loop
      vertex -46.66468570381403 -49.84666621685028 15.5
      vertex -46.087367862463 -49.961501874029636 15.5
      vertex 47.75 -49.39711431413889 15.5
    endloop
  endfacet
  facet normal 0 0 1
    outer loop
      vertex -47.22207544744015 -49.657457895576954 15.5
      vertex -46.66468570381403 -49.84666621685028 15.5
      vertex 48.23942643404007 -49.07009003311396 15.5
    endloop
  endfacet
  facet normal 0 0 1
    outer loop
      vertex -46.087367862463 -49.961501874029636 15.5
      vertex -45.5 -50 15.5
      vertex 47.22207544744015 -49.657457895576954 15.5
    endloop
  endfacet
  facet normal -1 0 0
    outer loop
      vertex -50 -45.5 0
      vertex -50 36 2.3499999999999996
      vertex -50 45.5 0
    endloop
  endfacet
  facet normal 0 0 -1
    outer loop
      vertex -50 45.5 0
      vertex -41 38 0
      vertex -41 -38 0
    endloop
  endfacet
  facet normal 0 0 -1
    outer loop
      vertex -50 45.5 0
      vertex -40.974334582686424 38.39157857745886 0
      vertex -41 38 0
    endloop
  endfacet
  facet normal 0 0 -1
    outer loop
      vertex -50 45.5 0
      vertex -40.89777747541666 38.77645713835955 0
      vertex -40.974334582686424 38.39157857745886 0
    endloop
  endfacet
  facet normal 0 0 -1
    outer loop
      vertex -50 45.5 0
      vertex -40.771638594567776 39.14805030077696 0
      vertex -40.89777747541666 38.77645713835955 0
    endloop
  endfacet
  facet normal 0 0 -1
    outer loop
      vertex -50 45.5 0
      vertex -40.598076209425926 39.5 0
      vertex -40.771638594567776 39.14805030077696 0
    endloop
  endfacet
  facet normal 0 0 -1
    outer loop
      vertex -46.66468570381403 49.84666621685028 0
      vertex -46.087367862463 49.961501874029636 0
      vertex -45.5 50 0
    endloop
  endfacet
  facet normal 0 0 -1
    outer loop
      vertex -50 45.5 0
      vertex -40.3800600245595 39.826284289360046 0
      vertex -40.598076209425926 39.5 0
    endloop
  endfacet
  facet normal 0 0 -1
    outer loop
      vertex -50 45.5 0
      vertex -40.121320344507694 40.121320344507694 0
      vertex -40.3800600245595 39.826284289360046 0
    endloop
  endfacet
  facet normal 0 0 -1
    outer loop
      vertex -50 45.5 0
      vertex -39.826284289360046 40.3800600245595 0
      vertex -40.121320344507694 40.121320344507694 0
    endloop
  endfacet
  facet normal 0 0 -1
    outer loop
      vertex -50 45.5 0
      vertex -39.5 40.598076209425926 0
      vertex -39.826284289360046 40.3800600245595 0
    endloop
  endfacet
  facet normal 0 0 -1
    outer loop
      vertex -50 45.5 0
      vertex -39.14805030077696 40.771638594567776 0
      vertex -39.5 40.598076209425926 0
    endloop
  endfacet
  facet normal 0 0 -1
    outer loop
      vertex -50 45.5 0
      vertex -38.77645713835955 40.89777747541666 0
      vertex -39.14805030077696 40.771638594567776 0
    endloop
  endfacet
  facet normal 0 0 -1
    outer loop
      vertex -50 45.5 0
      vertex -38.39157857745886 40.974334582686424 0
      vertex -38.77645713835955 40.89777747541666 0
    endloop
  endfacet
  facet normal 0 0 -1
    outer loop
      vertex -50 45.5 0
      vertex -38 41 0
      vertex -38.39157857745886 40.974334582686424 0
    endloop
  endfacet
  facet normal -0.9978589229815823 0.06540313315152887 0
    outer loop
      vertex -50 45.5 0
      vertex -49.961501874029636 46.087367862463 15.5
      vertex -49.961501874029636 46.087367862463 0
    endloop
  endfacet
  facet normal -0.980785280849963 0.1950903197702518 0
    outer loop
      vertex -49.961501874029636 46.087367862463 0
      vertex -49.84666621685028 46.66468570381403 15.5
      vertex -49.84666621685028 46.66468570381403 0
    endloop
  endfacet
  facet normal -0.9469301300366788 0.32143946370773846 0
    outer loop
      vertex -49.84666621685028 46.66468570381403 0
      vertex -49.657457895576954 47.22207544744015 15.5
      vertex -49.657457895576954 47.22207544744015 0
    endloop
  endfacet
  facet normal -0.8968727394748999 0.4422886943917834 0
    outer loop
      vertex -49.657457895576954 47.22207544744015 0
      vertex -49.39711431413889 47.75 15.5
      vertex -49.39711431413889 47.75 0
    endloop
  endfacet
  facet normal -0.8314696178223754 0.5555702247585927 0
    outer loop
      vertex -49.39711431413889 47.75 0
      vertex -49.07009003311396 48.23942643404007 15.5
      vertex -49.07009003311396 48.23942643404007 0
    endloop
  endfacet
  facet normal -0.7518397997339021 0.6593458239316344 0
    outer loop
      vertex -49.07009003311396 48.23942643404007 0
      vertex -48.68198051303625 48.68198051303625 15.5
      vertex -48.68198051303625 48.68198051303625 0
    endloop
  endfacet
  facet normal -0.6593458239316344 0.7518397997339021 0
    outer loop
      vertex -48.68198051303625 48.68198051303625 0
      vertex -48.23942643404007 49.07009003311396 15.5
      vertex -48.23942643404007 49.07009003311396 0
    endloop
  endfacet
  facet normal -0.5555702247585927 0.8314696178223754 0
    outer loop
      vertex -48.23942643404007 49.07009003311396 0
      vertex -47.75 49.39711431413889 15.5
      vertex -47.75 49.39711431413889 0
    endloop
  endfacet
  facet normal -0.4422886943917834 0.8968727394748999 0
    outer loop
      vertex -47.75 49.39711431413889 0
      vertex -47.22207544744015 49.657457895576954 15.5
      vertex -47.22207544744015 49.657457895576954 0
    endloop
  endfacet
  facet normal -0.32143946370773846 0.9469301300366788 0
    outer loop
      vertex -47.22207544744015 49.657457895576954 0
      vertex -46.66468570381403 49.84666621685028 15.5
      vertex -46.66468570381403 49.84666621685028 0
    endloop
  endfacet
  facet normal -0.1950903197702518 0.980785280849963 0
    outer loop
      vertex -46.66468570381403 49.84666621685028 0
      vertex -46.087367862463 49.961501874029636 15.5
      vertex -46.087367862463 49.961501874029636 0
    endloop
  endfacet
  facet normal -0.06540313315152887 0.9978589229815823 0
    outer loop
      vertex -46.087367862463 49.961501874029636 0
      vertex -45.5 50 15.5
      vertex -45.5 50 0
    endloop
  endfacet
  facet normal -1 0 0
    outer loop
      vertex -50 45.5 0
      vertex -50 36 2.3499999999999996
      vertex -50 36 15.5
    endloop
  endfacet
  facet normal 0 0 -1
    outer loop
      vertex -50 45.5 0
      vertex 38 41 0
      vertex -38 41 0
    endloop
  endfacet
  facet normal 0 0 -1
    outer loop
      vertex -49.961501874029636 46.087367862463 0
      vertex -49.84666621685028 46.66468570381403 0
      vertex 49.39711431413889 47.75 0
    endloop
  endfacet
  facet normal 0 0 -1
    outer loop
      vertex -50 45.5 0
      vertex -49.961501874029636 46.087367862463 0
      vertex 49.657457895576954 47.22207544744015 0
    endloop
  endfacet
  facet normal 0 0 -1
    outer loop
      vertex -49.84666621685028 46.66468570381403 0
      vertex -49.657457895576954 47.22207544744015 0
      vertex 49.07009003311396 48.23942643404007 0
    endloop
  endfacet
  facet normal 0 0 -1
    outer loop
      vertex -49.657457895576954 47.22207544744015 0
      vertex -49.39711431413889 47.75 0
      vertex 48.68198051303625 48.68198051303625 0
    endloop
  endfacet
  facet normal 0 0 -1
    outer loop
      vertex -49.39711431413889 47.75 0
      vertex -49.07009003311396 48.23942643404007 0
      vertex 48.23942643404007 49.07009003311396 0
    endloop
  endfacet
  facet normal 0 0 -1
    outer loop
      vertex -49.07009003311396 48.23942643404007 0
      vertex -48.68198051303625 48.68198051303625 0
      vertex 47.75 49.39711431413889 0
    endloop
  endfacet
  facet normal 0 0 -1
    outer loop
      vertex -48.68198051303625 48.68198051303625 0
      vertex -48.23942643404007 49.07009003311396 0
      vertex 47.22207544744015 49.657457895576954 0
    endloop
  endfacet
  facet normal 0 0 -1
    outer loop
      vertex -48.23942643404007 49.07009003311396 0
      vertex -47.75 49.39711431413889 0
      vertex 46.66468570381403 49.84666621685028 0
    endloop
  endfacet
  facet normal 0 0 -1
    outer loop
      vertex -47.75 49.39711431413889 0
      vertex -47.22207544744015 49.657457895576954 0
      vertex 46.087367862463 49.961501874029636 0
    endloop
  endfacet
  facet normal 0 0 -1
    outer loop
      vertex -47.22207544744015 49.657457895576954 0
      vertex -46.66468570381403 49.84666621685028 0
      vertex 45.5 50 0
    endloop
  endfacet
  facet normal 0 0 -1
    outer loop
      vertex -46.66468570381403 49.84666621685028 0
      vertex -45.5 50 0
      vertex 45.5 50 0
    endloop
  endfacet
  facet normal -1 0 0
    outer loop
      vertex -50 45.5 0
      vertex -50 36 15.5
      vertex -50 45.5 15.5
    endloop
  endfacet
  facet normal -0.9978589229815823 0.06540313315152887 0
    outer loop
      vertex -50 45.5 0
      vertex -50 45.5 15.5
      vertex -49.961501874029636 46.087367862463 15.5
    endloop
  endfacet
  facet normal -0.980785280849963 0.1950903197702518 0
    outer loop
      vertex -49.961501874029636 46.087367862463 0
      vertex -49.961501874029636 46.087367862463 15.5
      vertex -49.84666621685028 46.66468570381403 15.5
    endloop
  endfacet
  facet normal -0.9469301300366788 0.32143946370773846 0
    outer loop
      vertex -49.84666621685028 46.66468570381403 0
      vertex -49.84666621685028 46.66468570381403 15.5
      vertex -49.657457895576954 47.22207544744015 15.5
    endloop
  endfacet
  facet normal -0.8968727394748999 0.4422886943917834 0
    outer loop
      vertex -49.657457895576954 47.22207544744015 0
      vertex -49.657457895576954 47.22207544744015 15.5
      vertex -49.39711431413889 47.75 15.5
    endloop
  endfacet
  facet normal -0.8314696178223754 0.5555702247585927 0
    outer loop
      vertex -49.39711431413889 47.75 0
      vertex -49.39711431413889 47.75 15.5
      vertex -49.07009003311396 48.23942643404007 15.5
    endloop
  endfacet
  facet normal -0.7518397997339021 0.6593458239316344 0
    outer loop
      vertex -49.07009003311396 48.23942643404007 0
      vertex -49.07009003311396 48.23942643404007 15.5
      vertex -48.68198051303625 48.68198051303625 15.5
    endloop
  endfacet
  facet normal -0.6593458239316344 0.7518397997339021 0
    outer loop
      vertex -48.68198051303625 48.68198051303625 0
      vertex -48.68198051303625 48.68198051303625 15.5
      vertex -48.23942643404007 49.07009003311396 15.5
    endloop
  endfacet
  facet normal -0.5555702247585927 0.8314696178223754 0
    outer loop
      vertex -48.23942643404007 49.07009003311396 0
      vertex -48.23942643404007 49.07009003311396 15.5
      vertex -47.75 49.39711431413889 15.5
    endloop
  endfacet
  facet normal -0.4422886943917834 0.8968727394748999 0
    outer loop
      vertex -47.75 49.39711431413889 0
      vertex -47.75 49.39711431413889 15.5
      vertex -47.22207544744015 49.657457895576954 15.5
    endloop
  endfacet
  facet normal -0.32143946370773846 0.9469301300366788 0
    outer loop
      vertex -47.22207544744015 49.657457895576954 0
      vertex -47.22207544744015 49.657457895576954 15.5
      vertex -46.66468570381403 49.84666621685028 15.5
    endloop
  endfacet
  facet normal -0.1950903197702518 0.980785280849963 0
    outer loop
      vertex -46.66468570381403 49.84666621685028 0
      vertex -46.66468570381403 49.84666621685028 15.5
      vertex -46.087367862463 49.961501874029636 15.5
    endloop
  endfacet
  facet normal -0.06540313315152887 0.9978589229815823 0
    outer loop
      vertex -46.087367862463 49.961501874029636 0
      vertex -46.087367862463 49.961501874029636 15.5
      vertex -45.5 50 15.5
    endloop
  endfacet
  facet normal 0 0 1
    outer loop
      vertex -50 36 15.5
      vertex -47.96363636363637 36 15.5
      vertex -47.96363636363636 47.96363636363636 15.5
    endloop
  endfacet
  facet normal 0 0 1
    outer loop
      vertex -50 45.5 15.5
      vertex -50 36 15.5
      vertex -47.96363636363636 47.96363636363636 15.5
    endloop
  endfacet
  facet normal 0 0 1
    outer loop
      vertex -50 45.5 15.5
      vertex -47.96363636363636 47.96363636363636 15.5
      vertex -49.961501874029636 46.087367862463 15.5
    endloop
  endfacet
  facet normal 0 0 1
    outer loop
      vertex -49.961501874029636 46.087367862463 15.5
      vertex -47.96363636363636 47.96363636363636 15.5
      vertex -49.84666621685028 46.66468570381403 15.5
    endloop
  endfacet
  facet normal 0 0 1
    outer loop
      vertex -49.84666621685028 46.66468570381403 15.5
      vertex -47.96363636363636 47.96363636363636 15.5
      vertex -49.657457895576954 47.22207544744015 15.5
    endloop
  endfacet
  facet normal 0 0 1
    outer loop
      vertex -49.657457895576954 47.22207544744015 15.5
      vertex -47.96363636363636 47.96363636363636 15.5
      vertex -49.39711431413889 47.75 15.5
    endloop
  endfacet
  facet normal 0 0 1
    outer loop
      vertex -49.39711431413889 47.75 15.5
      vertex -47.96363636363636 47.96363636363636 15.5
      vertex -49.07009003311396 48.23942643404007 15.5
    endloop
  endfacet
  facet normal 0 0 1
    outer loop
      vertex -46.66468570381403 49.84666621685028 15.5
      vertex -45.5 50 15.5
      vertex -46.087367862463 49.961501874029636 15.5
    endloop
  endfacet
  facet normal 0 1 0
    outer loop
      vertex -45.5 50 0
      vertex -45.5 50 15.5
      vertex 45.5 50 15.5
    endloop
  endfacet
  facet normal 0 0 1
    outer loop
      vertex -49.07009003311396 48.23942643404007 15.5
      vertex -47.96363636363636 47.96363636363636 15.5
      vertex 47.96363636363636 47.96363636363636 15.5
    endloop
  endfacet
  facet normal 0 0 1
    outer loop
      vertex -49.07009003311396 48.23942643404007 15.5
      vertex 47.75 49.39711431413889 15.5
      vertex -48.68198051303625 48.68198051303625 15.5
    endloop
  endfacet
  facet normal 0 0 1
    outer loop
      vertex -48.68198051303625 48.68198051303625 15.5
      vertex 47.22207544744015 49.657457895576954 15.5
      vertex -48.23942643404007 49.07009003311396 15.5
    endloop
  endfacet
  facet normal 0 0 1
    outer loop
      vertex -48.23942643404007 49.07009003311396 15.5
      vertex 46.66468570381403 49.84666621685028 15.5
      vertex -47.75 49.39711431413889 15.5
    endloop
  endfacet
  facet normal 0 0 1
    outer loop
      vertex -47.75 49.39711431413889 15.5
      vertex 46.087367862463 49.961501874029636 15.5
      vertex -47.22207544744015 49.657457895576954 15.5
    endloop
  endfacet
  facet normal 0 0 1
    outer loop
      vertex -47.22207544744015 49.657457895576954 15.5
      vertex 45.5 50 15.5
      vertex -46.66468570381403 49.84666621685028 15.5
    endloop
  endfacet
  facet normal 0 0 1
    outer loop
      vertex -46.66468570381403 49.84666621685028 15.5
      vertex 45.5 50 15.5
      vertex -45.5 50 15.5
    endloop
  endfacet
  facet normal 0 0 -1
    outer loop
      vertex -45.5 -50 0
      vertex 46.66468570381403 -49.84666621685028 0
      vertex 45.5 -50 0
    endloop
  endfacet
  facet normal 0 0 -1
    outer loop
      vertex -45.5 -50 0
      vertex 47.22207544744015 -49.657457895576954 0
      vertex 46.66468570381403 -49.84666621685028 0
    endloop
  endfacet
  facet normal 0 0 -1
    outer loop
      vertex -46.087367862463 -49.961501874029636 0
      vertex 47.75 -49.39711431413889 0
      vertex 47.22207544744015 -49.657457895576954 0
    endloop
  endfacet
  facet normal 0 0 -1
    outer loop
      vertex -46.66468570381403 -49.84666621685028 0
      vertex 48.23942643404007 -49.07009003311396 0
      vertex 47.75 -49.39711431413889 0
    endloop
  endfacet
  facet normal 0 0 -1
    outer loop
      vertex -47.22207544744015 -49.657457895576954 0
      vertex 48.68198051303625 -48.68198051303625 0
      vertex 48.23942643404007 -49.07009003311396 0
    endloop
  endfacet
  facet normal 0 0 -1
    outer loop
      vertex -47.75 -49.39711431413889 0
      vertex 49.07009003311396 -48.23942643404007 0
      vertex 48.68198051303625 -48.68198051303625 0
    endloop
  endfacet
  facet normal 0 0 -1
    outer loop
      vertex -48.23942643404007 -49.07009003311396 0
      vertex 49.39711431413889 -47.75 0
      vertex 49.07009003311396 -48.23942643404007 0
    endloop
  endfacet
  facet normal 0 0 -1
    outer loop
      vertex -48.68198051303625 -48.68198051303625 0
      vertex 49.657457895576954 -47.22207544744015 0
      vertex 49.39711431413889 -47.75 0
    endloop
  endfacet
  facet normal 0 0 -1
    outer loop
      vertex -49.07009003311396 -48.23942643404007 0
      vertex 49.84666621685028 -46.66468570381403 0
      vertex 49.657457895576954 -47.22207544744015 0
    endloop
  endfacet
  facet normal 0 0 -1
    outer loop
      vertex -49.657457895576954 -47.22207544744015 0
      vertex 50 -45.5 0
      vertex 49.961501874029636 -46.087367862463 0
    endloop
  endfacet
  facet normal 0 0 -1
    outer loop
      vertex -49.39711431413889 -47.75 0
      vertex 49.961501874029636 -46.087367862463 0
      vertex 49.84666621685028 -46.66468570381403 0
    endloop
  endfacet
  facet normal 0 0 -1
    outer loop
      vertex 50 -45.5 0
      vertex -38 -41 0
      vertex 38 -41 0
    endloop
  endfacet
  facet normal 0 0 -1
    outer loop
      vertex 50 -45.5 0
      vertex 38 -41 0
      vertex 38.39157857745886 -40.974334582686424 0
    endloop
  endfacet
  facet normal 0 0 -1
    outer loop
      vertex 50 -45.5 0
      vertex 38.39157857745886 -40.974334582686424 0
      vertex 38.77645713835955 -40.89777747541666 0
    endloop
  endfacet
  facet normal 0 0 -1
    outer loop
      vertex 50 -45.5 0
      vertex 38.77645713835955 -40.89777747541666 0
      vertex 39.14805030077696 -40.771638594567776 0
    endloop
  endfacet
  facet normal 0 0 -1
    outer loop
      vertex 50 -45.5 0
      vertex 39.14805030077696 -40.771638594567776 0
      vertex 39.5 -40.598076209425926 0
    endloop
  endfacet
  facet normal 0 0 -1
    outer loop
      vertex 50 -45.5 0
      vertex 39.5 -40.598076209425926 0
      vertex 39.826284289360046 -40.3800600245595 0
    endloop
  endfacet
  facet normal 0 0 -1
    outer loop
      vertex 50 -45.5 0
      vertex 39.826284289360046 -40.3800600245595 0
      vertex 40.121320344507694 -40.121320344507694 0
    endloop
  endfacet
  facet normal 0 0 -1
    outer loop
      vertex 50 -45.5 0
      vertex 40.121320344507694 -40.121320344507694 0
      vertex 40.3800600245595 -39.826284289360046 0
    endloop
  endfacet
  facet normal 0 0 -1
    outer loop
      vertex 50 -45.5 0
      vertex 40.3800600245595 -39.826284289360046 0
      vertex 40.598076209425926 -39.5 0
    endloop
  endfacet
  facet normal 0 0 -1
    outer loop
      vertex 45.5 -50 0
      vertex 46.66468570381403 -49.84666621685028 0
      vertex 46.087367862463 -49.961501874029636 0
    endloop
  endfacet
  facet normal 0 0 -1
    outer loop
      vertex 50 -45.5 0
      vertex 40.598076209425926 -39.5 0
      vertex 40.771638594567776 -39.14805030077696 0
    endloop
  endfacet
  facet normal 0 0 -1
    outer loop
      vertex 50 -45.5 0
      vertex 40.771638594567776 -39.14805030077696 0
      vertex 40.89777747541666 -38.77645713835955 0
    endloop
  endfacet
  facet normal 0 0 -1
    outer loop
      vertex 50 -45.5 0
      vertex 40.89777747541666 -38.77645713835955 0
      vertex 40.974334582686424 -38.39157857745886 0
    endloop
  endfacet
  facet normal 0 0 -1
    outer loop
      vertex 50 -45.5 0
      vertex 40.974334582686424 -38.39157857745886 0
      vertex 41 -38 0
    endloop
  endfacet
  facet normal 0.06540313315152887 -0.9978589229815823 0
    outer loop
      vertex 45.5 -50 0
      vertex 46.087367862463 -49.961501874029636 0
      vertex 45.5 -50 15.5
    endloop
  endfacet
  facet normal 0.1950903197702518 -0.980785280849963 0
    outer loop
      vertex 46.087367862463 -49.961501874029636 0
      vertex 46.66468570381403 -49.84666621685028 0
      vertex 46.087367862463 -49.961501874029636 15.5
    endloop
  endfacet
  facet normal 0.32143946370773846 -0.9469301300366788 0
    outer loop
      vertex 46.66468570381403 -49.84666621685028 0
      vertex 47.22207544744015 -49.657457895576954 0
      vertex 46.66468570381403 -49.84666621685028 15.5
    endloop
  endfacet
  facet normal 0.4422886943917834 -0.8968727394748999 0
    outer loop
      vertex 47.22207544744015 -49.657457895576954 0
      vertex 47.75 -49.39711431413889 0
      vertex 47.22207544744015 -49.657457895576954 15.5
    endloop
  endfacet
  facet normal 0.5555702247585927 -0.8314696178223754 0
    outer loop
      vertex 47.75 -49.39711431413889 0
      vertex 48.23942643404007 -49.07009003311396 0
      vertex 47.75 -49.39711431413889 15.5
    endloop
  endfacet
  facet normal 0.6593458239316344 -0.7518397997339021 0
    outer loop
      vertex 48.23942643404007 -49.07009003311396 0
      vertex 48.68198051303625 -48.68198051303625 0
      vertex 48.23942643404007 -49.07009003311396 15.5
    endloop
  endfacet
  facet normal 0.7518397997339021 -0.6593458239316344 0
    outer loop
      vertex 48.68198051303625 -48.68198051303625 0
      vertex 49.07009003311396 -48.23942643404007 0
      vertex 48.68198051303625 -48.68198051303625 15.5
    endloop
  endfacet
  facet normal 0.8314696178223754 -0.5555702247585927 0
    outer loop
      vertex 49.07009003311396 -48.23942643404007 0
      vertex 49.39711431413889 -47.75 0
      vertex 49.07009003311396 -48.23942643404007 15.5
    endloop
  endfacet
  facet normal 0.8968727394748999 -0.4422886943917834 0
    outer loop
      vertex 49.39711431413889 -47.75 0
      vertex 49.657457895576954 -47.22207544744015 0
      vertex 49.39711431413889 -47.75 15.5
    endloop
  endfacet
  facet normal 0.9469301300366788 -0.32143946370773846 0
    outer loop
      vertex 49.657457895576954 -47.22207544744015 0
      vertex 49.84666621685028 -46.66468570381403 0
      vertex 49.657457895576954 -47.22207544744015 15.5
    endloop
  endfacet
  facet normal 0.980785280849963 -0.1950903197702518 0
    outer loop
      vertex 49.84666621685028 -46.66468570381403 0
      vertex 49.961501874029636 -46.087367862463 0
      vertex 49.84666621685028 -46.66468570381403 15.5
    endloop
  endfacet
  facet normal 0.9978589229815823 -0.06540313315152887 0
    outer loop
      vertex 49.961501874029636 -46.087367862463 0
      vertex 50 -45.5 0
      vertex 49.961501874029636 -46.087367862463 15.5
    endloop
  endfacet
  facet normal 1 0 0
    outer loop
      vertex 50 -45.5 0
      vertex 50 -36 2.3499999999999996
      vertex 50 -36 15.5
    endloop
  endfacet
  facet normal 0 0 -1
    outer loop
      vertex 50 -45.5 0
      vertex 41 -38 0
      vertex 41 38 0
    endloop
  endfacet
  facet normal 1 0 0
    outer loop
      vertex 50 -45.5 0
      vertex 50 45.5 0
      vertex 50 -36 2.3499999999999996
    endloop
  endfacet
  facet normal 0 -1 0
    outer loop
      vertex -45.5 -50 15.5
      vertex 45.5 -50 0
      vertex 45.5 -50 15.5
    endloop
  endfacet
  facet normal 0 0 1
    outer loop
      vertex -45.5 -50 15.5
      vertex 45.5 -50 15.5
      vertex 46.66468570381403 -49.84666621685028 15.5
    endloop
  endfacet
  facet normal 0 0 1
    outer loop
      vertex -45.5 -50 15.5
      vertex 46.66468570381403 -49.84666621685028 15.5
      vertex 47.22207544744015 -49.657457895576954 15.5
    endloop
  endfacet
  facet normal 0 0 1
    outer loop
      vertex -46.087367862463 -49.961501874029636 15.5
      vertex 47.22207544744015 -49.657457895576954 15.5
      vertex 47.75 -49.39711431413889 15.5
    endloop
  endfacet
  facet normal 0 0 1
    outer loop
      vertex -46.66468570381403 -49.84666621685028 15.5
      vertex 47.75 -49.39711431413889 15.5
      vertex 48.23942643404007 -49.07009003311396 15.5
    endloop
  endfacet
  facet normal 0 0 1
    outer loop
      vertex -47.22207544744015 -49.657457895576954 15.5
      vertex 48.23942643404007 -49.07009003311396 15.5
      vertex 48.68198051303625 -48.68198051303625 15.5
    endloop
  endfacet
  facet normal 0 0 1
    outer loop
      vertex -47.75 -49.39711431413889 15.5
      vertex 48.68198051303625 -48.68198051303625 15.5
      vertex 49.07009003311396 -48.23942643404007 15.5
    endloop
  endfacet
  facet normal 0 0 1
    outer loop
      vertex 49.07009003311396 -48.23942643404007 15.5
      vertex 47.96363636363636 -47.96363636363636 15.5
      vertex -47.96363636363636 -47.96363636363636 15.5
    endloop
  endfacet
  facet normal 0.06540313315152887 -0.9978589229815823 0
    outer loop
      vertex 46.087367862463 -49.961501874029636 0
      vertex 46.087367862463 -49.961501874029636 15.5
      vertex 45.5 -50 15.5
    endloop
  endfacet
  facet normal 0.1950903197702518 -0.980785280849963 0
    outer loop
      vertex 46.66468570381403 -49.84666621685028 0
      vertex 46.66468570381403 -49.84666621685028 15.5
      vertex 46.087367862463 -49.961501874029636 15.5
    endloop
  endfacet
  facet normal 0.32143946370773846 -0.9469301300366788 0
    outer loop
      vertex 47.22207544744015 -49.657457895576954 0
      vertex 47.22207544744015 -49.657457895576954 15.5
      vertex 46.66468570381403 -49.84666621685028 15.5
    endloop
  endfacet
  facet normal 0.4422886943917834 -0.8968727394748999 0
    outer loop
      vertex 47.75 -49.39711431413889 0
      vertex 47.75 -49.39711431413889 15.5
      vertex 47.22207544744015 -49.657457895576954 15.5
    endloop
  endfacet
  facet normal 0.5555702247585927 -0.8314696178223754 0
    outer loop
      vertex 48.23942643404007 -49.07009003311396 0
      vertex 48.23942643404007 -49.07009003311396 15.5
      vertex 47.75 -49.39711431413889 15.5
    endloop
  endfacet
  facet normal 0.6593458239316344 -0.7518397997339021 0
    outer loop
      vertex 48.68198051303625 -48.68198051303625 0
      vertex 48.68198051303625 -48.68198051303625 15.5
      vertex 48.23942643404007 -49.07009003311396 15.5
    endloop
  endfacet
  facet normal 0.7518397997339021 -0.6593458239316344 0
    outer loop
      vertex 49.07009003311396 -48.23942643404007 0
      vertex 49.07009003311396 -48.23942643404007 15.5
      vertex 48.68198051303625 -48.68198051303625 15.5
    endloop
  endfacet
  facet normal 0.8314696178223754 -0.5555702247585927 0
    outer loop
      vertex 49.39711431413889 -47.75 0
      vertex 49.39711431413889 -47.75 15.5
      vertex 49.07009003311396 -48.23942643404007 15.5
    endloop
  endfacet
  facet normal 0.8968727394748999 -0.4422886943917834 0
    outer loop
      vertex 49.657457895576954 -47.22207544744015 0
      vertex 49.657457895576954 -47.22207544744015 15.5
      vertex 49.39711431413889 -47.75 15.5
    endloop
  endfacet
  facet normal 0.9469301300366788 -0.32143946370773846 0
    outer loop
      vertex 49.84666621685028 -46.66468570381403 0
      vertex 49.84666621685028 -46.66468570381403 15.5
      vertex 49.657457895576954 -47.22207544744015 15.5
    endloop
  endfacet
  facet normal 0.980785280849963 -0.1950903197702518 0
    outer loop
      vertex 49.961501874029636 -46.087367862463 0
      vertex 49.961501874029636 -46.087367862463 15.5
      vertex 49.84666621685028 -46.66468570381403 15.5
    endloop
  endfacet
  facet normal 0.9978589229815823 -0.06540313315152887 0
    outer loop
      vertex 50 -45.5 0
      vertex 50 -45.5 15.5
      vertex 49.961501874029636 -46.087367862463 15.5
    endloop
  endfacet
  facet normal 1 0 0
    outer loop
      vertex 50 -45.5 0
      vertex 50 -36 15.5
      vertex 50 -45.5 15.5
    endloop
  endfacet
  facet normal 0 0 1
    outer loop
      vertex 45.5 -50 15.5
      vertex 46.087367862463 -49.961501874029636 15.5
      vertex 46.66468570381403 -49.84666621685028 15.5
    endloop
  endfacet
  facet normal 0 0 1
    outer loop
      vertex 49.07009003311396 -48.23942643404007 15.5
      vertex 49.39711431413889 -47.75 15.5
      vertex 47.96363636363636 -47.96363636363636 15.5
    endloop
  endfacet
  facet normal 0 0 1
    outer loop
      vertex 49.39711431413889 -47.75 15.5
      vertex 49.657457895576954 -47.22207544744015 15.5
      vertex 47.96363636363636 -47.96363636363636 15.5
    endloop
  endfacet
  facet normal 0 0 1
    outer loop
      vertex 49.657457895576954 -47.22207544744015 15.5
      vertex 49.84666621685028 -46.66468570381403 15.5
      vertex 47.96363636363636 -47.96363636363636 15.5
    endloop
  endfacet
  facet normal 0 0 1
    outer loop
      vertex 49.84666621685028 -46.66468570381403 15.5
      vertex 49.961501874029636 -46.087367862463 15.5
      vertex 47.96363636363636 -47.96363636363636 15.5
    endloop
  endfacet
  facet normal 0 0 1
    outer loop
      vertex 49.961501874029636 -46.087367862463 15.5
      vertex 50 -45.5 15.5
      vertex 47.96363636363636 -47.96363636363636 15.5
    endloop
  endfacet
  facet normal 0 0 1
    outer loop
      vertex 50 -45.5 15.5
      vertex 50 -36 15.5
      vertex 47.96363636363636 -47.96363636363636 15.5
    endloop
  endfacet
  facet normal 0 0 1
    outer loop
      vertex 50 -36 15.5
      vertex 47.96363636363637 -36 15.5
      vertex 47.96363636363636 -47.96363636363636 15.5
    endloop
  endfacet
  facet normal 0 0 -1
    outer loop
      vertex -50 45.5 0
      vertex 49.84666621685028 46.66468570381403 0
      vertex 38 41 0
    endloop
  endfacet
  facet normal 0 0 -1
    outer loop
      vertex -47.22207544744015 49.657457895576954 0
      vertex 45.5 50 0
      vertex 46.087367862463 49.961501874029636 0
    endloop
  endfacet
  facet normal 0 0 -1
    outer loop
      vertex -48.23942643404007 49.07009003311396 0
      vertex 46.66468570381403 49.84666621685028 0
      vertex 47.22207544744015 49.657457895576954 0
    endloop
  endfacet
  facet normal 0 0 -1
    outer loop
      vertex -47.75 49.39711431413889 0
      vertex 46.087367862463 49.961501874029636 0
      vertex 46.66468570381403 49.84666621685028 0
    endloop
  endfacet
  facet normal 0 0 -1
    outer loop
      vertex -48.68198051303625 48.68198051303625 0
      vertex 47.22207544744015 49.657457895576954 0
      vertex 47.75 49.39711431413889 0
    endloop
  endfacet
  facet normal 0 0 -1
    outer loop
      vertex -50 45.5 0
      vertex 49.657457895576954 47.22207544744015 0
      vertex 49.84666621685028 46.66468570381403 0
    endloop
  endfacet
  facet normal 0 0 -1
    outer loop
      vertex -49.961501874029636 46.087367862463 0
      vertex 49.39711431413889 47.75 0
      vertex 49.657457895576954 47.22207544744015 0
    endloop
  endfacet
  facet normal 0 0 -1
    outer loop
      vertex -49.84666621685028 46.66468570381403 0
      vertex 49.07009003311396 48.23942643404007 0
      vertex 49.39711431413889 47.75 0
    endloop
  endfacet
  facet normal 0 0 -1
    outer loop
      vertex -49.657457895576954 47.22207544744015 0
      vertex 48.68198051303625 48.68198051303625 0
      vertex 49.07009003311396 48.23942643404007 0
    endloop
  endfacet
  facet normal 0 0 -1
    outer loop
      vertex -49.39711431413889 47.75 0
      vertex 48.23942643404007 49.07009003311396 0
      vertex 48.68198051303625 48.68198051303625 0
    endloop
  endfacet
  facet normal 0 0 -1
    outer loop
      vertex -49.07009003311396 48.23942643404007 0
      vertex 47.75 49.39711431413889 0
      vertex 48.23942643404007 49.07009003311396 0
    endloop
  endfacet
  facet normal 0 1 0
    outer loop
      vertex -45.5 50 0
      vertex 45.5 50 15.5
      vertex 45.5 50 0
    endloop
  endfacet
  facet normal 0 0 -1
    outer loop
      vertex 50 -45.5 0
      vertex 41 38 0
      vertex 50 45.5 0
    endloop
  endfacet
  facet normal 1 0 0
    outer loop
      vertex 50 45.5 0
      vertex 50 36 2.3499999999999996
      vertex 50 -36 2.3499999999999996
    endloop
  endfacet
  facet normal 0 0 -1
    outer loop
      vertex 49.84666621685028 46.66468570381403 0
      vertex 38.39157857745886 40.974334582686424 0
      vertex 38 41 0
    endloop
  endfacet
  facet normal 0 0 -1
    outer loop
      vertex 49.84666621685028 46.66468570381403 0
      vertex 40.771638594567776 39.14805030077696 0
      vertex 40.598076209425926 39.5 0
    endloop
  endfacet
  facet normal 0 0 -1
    outer loop
      vertex 49.84666621685028 46.66468570381403 0
      vertex 40.598076209425926 39.5 0
      vertex 40.3800600245595 39.826284289360046 0
    endloop
  endfacet
  facet normal 0 0 -1
    outer loop
      vertex 49.84666621685028 46.66468570381403 0
      vertex 38.77645713835955 40.89777747541666 0
      vertex 38.39157857745886 40.974334582686424 0
    endloop
  endfacet
  facet normal 0 0 -1
    outer loop
      vertex 49.84666621685028 46.66468570381403 0
      vertex 39.14805030077696 40.771638594567776 0
      vertex 38.77645713835955 40.89777747541666 0
    endloop
  endfacet
  facet normal 0 0 -1
    outer loop
      vertex 49.84666621685028 46.66468570381403 0
      vertex 39.5 40.598076209425926 0
      vertex 39.14805030077696 40.771638594567776 0
    endloop
  endfacet
  facet normal 0 0 -1
    outer loop
      vertex 49.84666621685028 46.66468570381403 0
      vertex 39.826284289360046 40.3800600245595 0
      vertex 39.5 40.598076209425926 0
    endloop
  endfacet
  facet normal 0 0 -1
    outer loop
      vertex 49.84666621685028 46.66468570381403 0
      vertex 40.121320344507694 40.121320344507694 0
      vertex 39.826284289360046 40.3800600245595 0
    endloop
  endfacet
  facet normal 0 0 -1
    outer loop
      vertex 49.84666621685028 46.66468570381403 0
      vertex 40.3800600245595 39.826284289360046 0
      vertex 40.121320344507694 40.121320344507694 0
    endloop
  endfacet
  facet normal 0 0 -1
    outer loop
      vertex 49.961501874029636 46.087367862463 0
      vertex 41 38 0
      vertex 40.974334582686424 38.39157857745886 0
    endloop
  endfacet
  facet normal 0 0 -1
    outer loop
      vertex 49.961501874029636 46.087367862463 0
      vertex 40.974334582686424 38.39157857745886 0
      vertex 40.89777747541666 38.77645713835955 0
    endloop
  endfacet
  facet normal 0 0 -1
    outer loop
      vertex 49.84666621685028 46.66468570381403 0
      vertex 40.89777747541666 38.77645713835955 0
      vertex 40.771638594567776 39.14805030077696 0
    endloop
  endfacet
  facet normal 0 0 -1
    outer loop
      vertex 50 45.5 0
      vertex 41 38 0
      vertex 49.961501874029636 46.087367862463 0
    endloop
  endfacet
  facet normal 0 0 -1
    outer loop
      vertex 49.961501874029636 46.087367862463 0
      vertex 40.89777747541666 38.77645713835955 0
      vertex 49.84666621685028 46.66468570381403 0
    endloop
  endfacet
  facet normal 0.06540313315152887 0.9978589229815823 0
    outer loop
      vertex 45.5 50 0
      vertex 46.087367862463 49.961501874029636 15.5
      vertex 46.087367862463 49.961501874029636 0
    endloop
  endfacet
  facet normal 0.1950903197702518 0.980785280849963 0
    outer loop
      vertex 46.087367862463 49.961501874029636 0
      vertex 46.66468570381403 49.84666621685028 15.5
      vertex 46.66468570381403 49.84666621685028 0
    endloop
  endfacet
  facet normal 0.9978589229815823 0.06540313315152887 0
    outer loop
      vertex 50 45.5 0
      vertex 49.961501874029636 46.087367862463 0
      vertex 50 45.5 15.5
    endloop
  endfacet
  facet normal 0.980785280849963 0.1950903197702518 0
    outer loop
      vertex 49.961501874029636 46.087367862463 0
      vertex 49.84666621685028 46.66468570381403 0
      vertex 49.961501874029636 46.087367862463 15.5
    endloop
  endfacet
  facet normal 0.9469301300366788 0.32143946370773846 0
    outer loop
      vertex 49.84666621685028 46.66468570381403 0
      vertex 49.657457895576954 47.22207544744015 0
      vertex 49.84666621685028 46.66468570381403 15.5
    endloop
  endfacet
  facet normal 0.32143946370773846 0.9469301300366788 0
    outer loop
      vertex 46.66468570381403 49.84666621685028 0
      vertex 47.22207544744015 49.657457895576954 15.5
      vertex 47.22207544744015 49.657457895576954 0
    endloop
  endfacet
  facet normal 0.4422886943917834 0.8968727394748999 0
    outer loop
      vertex 47.22207544744015 49.657457895576954 0
      vertex 47.75 49.39711431413889 15.5
      vertex 47.75 49.39711431413889 0
    endloop
  endfacet
  facet normal 0.5555702247585927 0.8314696178223754 0
    outer loop
      vertex 48.23942643404007 49.07009003311396 0
      vertex 47.75 49.39711431413889 0
      vertex 48.23942643404007 49.07009003311396 15.5
    endloop
  endfacet
  facet normal 0.7518397997339021 0.6593458239316344 0
    outer loop
      vertex 49.07009003311396 48.23942643404007 0
      vertex 48.68198051303625 48.68198051303625 0
      vertex 49.07009003311396 48.23942643404007 15.5
    endloop
  endfacet
  facet normal 0.8968727394748999 0.4422886943917834 0
    outer loop
      vertex 49.657457895576954 47.22207544744015 0
      vertex 49.39711431413889 47.75 0
      vertex 49.657457895576954 47.22207544744015 15.5
    endloop
  endfacet
  facet normal 0.8314696178223754 0.5555702247585927 0
    outer loop
      vertex 49.07009003311396 48.23942643404007 0
      vertex 49.39711431413889 47.75 15.5
      vertex 49.39711431413889 47.75 0
    endloop
  endfacet
  facet normal 0.6593458239316344 0.7518397997339021 0
    outer loop
      vertex 48.23942643404007 49.07009003311396 0
      vertex 48.68198051303625 48.68198051303625 15.5
      vertex 48.68198051303625 48.68198051303625 0
    endloop
  endfacet
  facet normal 1 0 0
    outer loop
      vertex 50 45.5 0
      vertex 50 45.5 15.5
      vertex 50 36 2.3499999999999996
    endloop
  endfacet
  facet normal 0 0 1
    outer loop
      vertex -47.22207544744015 49.657457895576954 15.5
      vertex 46.087367862463 49.961501874029636 15.5
      vertex 45.5 50 15.5
    endloop
  endfacet
  facet normal 0 0 1
    outer loop
      vertex -48.23942643404007 49.07009003311396 15.5
      vertex 47.22207544744015 49.657457895576954 15.5
      vertex 46.66468570381403 49.84666621685028 15.5
    endloop
  endfacet
  facet normal 0 0 1
    outer loop
      vertex -47.75 49.39711431413889 15.5
      vertex 46.66468570381403 49.84666621685028 15.5
      vertex 46.087367862463 49.961501874029636 15.5
    endloop
  endfacet
  facet normal 0 0 1
    outer loop
      vertex -48.68198051303625 48.68198051303625 15.5
      vertex 47.75 49.39711431413889 15.5
      vertex 47.22207544744015 49.657457895576954 15.5
    endloop
  endfacet
  facet normal 0 0 1
    outer loop
      vertex -49.07009003311396 48.23942643404007 15.5
      vertex 47.96363636363636 47.96363636363636 15.5
      vertex 48.23942643404007 49.07009003311396 15.5
    endloop
  endfacet
  facet normal 0 0 1
    outer loop
      vertex -49.07009003311396 48.23942643404007 15.5
      vertex 48.23942643404007 49.07009003311396 15.5
      vertex 47.75 49.39711431413889 15.5
    endloop
  endfacet
  facet normal 1 0 0
    outer loop
      vertex 50 45.5 15.5
      vertex 50 36 15.5
      vertex 50 36 2.3499999999999996
    endloop
  endfacet
  facet normal 0.06540313315152887 0.9978589229815823 0
    outer loop
      vertex 45.5 50 0
      vertex 45.5 50 15.5
      vertex 46.087367862463 49.961501874029636 15.5
    endloop
  endfacet
  facet normal 0.1950903197702518 0.980785280849963 0
    outer loop
      vertex 46.087367862463 49.961501874029636 0
      vertex 46.087367862463 49.961501874029636 15.5
      vertex 46.66468570381403 49.84666621685028 15.5
    endloop
  endfacet
  facet normal 0.32143946370773846 0.9469301300366788 0
    outer loop
      vertex 46.66468570381403 49.84666621685028 0
      vertex 46.66468570381403 49.84666621685028 15.5
      vertex 47.22207544744015 49.657457895576954 15.5
    endloop
  endfacet
  facet normal 0.9978589229815823 0.06540313315152887 0
    outer loop
      vertex 49.961501874029636 46.087367862463 0
      vertex 49.961501874029636 46.087367862463 15.5
      vertex 50 45.5 15.5
    endloop
  endfacet
  facet normal 0.980785280849963 0.1950903197702518 0
    outer loop
      vertex 49.84666621685028 46.66468570381403 0
      vertex 49.84666621685028 46.66468570381403 15.5
      vertex 49.961501874029636 46.087367862463 15.5
    endloop
  endfacet
  facet normal 0.4422886943917834 0.8968727394748999 0
    outer loop
      vertex 47.22207544744015 49.657457895576954 0
      vertex 47.22207544744015 49.657457895576954 15.5
      vertex 47.75 49.39711431413889 15.5
    endloop
  endfacet
  facet normal 0.6593458239316344 0.7518397997339021 0
    outer loop
      vertex 48.23942643404007 49.07009003311396 0
      vertex 48.23942643404007 49.07009003311396 15.5
      vertex 48.68198051303625 48.68198051303625 15.5
    endloop
  endfacet
  facet normal 0.5555702247585927 0.8314696178223754 0
    outer loop
      vertex 47.75 49.39711431413889 0
      vertex 47.75 49.39711431413889 15.5
      vertex 48.23942643404007 49.07009003311396 15.5
    endloop
  endfacet
  facet normal 0.8314696178223754 0.5555702247585927 0
    outer loop
      vertex 49.07009003311396 48.23942643404007 0
      vertex 49.07009003311396 48.23942643404007 15.5
      vertex 49.39711431413889 47.75 15.5
    endloop
  endfacet
  facet normal 0.8968727394748999 0.4422886943917834 0
    outer loop
      vertex 49.39711431413889 47.75 0
      vertex 49.39711431413889 47.75 15.5
      vertex 49.657457895576954 47.22207544744015 15.5
    endloop
  endfacet
  facet normal 0.9469301300366788 0.32143946370773846 0
    outer loop
      vertex 49.657457895576954 47.22207544744015 0
      vertex 49.657457895576954 47.22207544744015 15.5
      vertex 49.84666621685028 46.66468570381403 15.5
    endloop
  endfacet
  facet normal 0.7518397997339021 0.6593458239316344 0
    outer loop
      vertex 48.68198051303625 48.68198051303625 0
      vertex 48.68198051303625 48.68198051303625 15.5
      vertex 49.07009003311396 48.23942643404007 15.5
    endloop
  endfacet
  facet normal 0 0 1
    outer loop
      vertex 50 45.5 15.5
      vertex 47.96363636363637 36 15.5
      vertex 50 36 15.5
    endloop
  endfacet
  facet normal 0 0 1
    outer loop
      vertex 49.84666621685028 46.66468570381403 15.5
      vertex 49.657457895576954 47.22207544744015 15.5
      vertex 47.96363636363637 36 15.5
    endloop
  endfacet
  facet normal 0 0 1
    outer loop
      vertex 49.657457895576954 47.22207544744015 15.5
      vertex 49.39711431413889 47.75 15.5
      vertex 47.96363636363637 36 15.5
    endloop
  endfacet
  facet normal 0 0 1
    outer loop
      vertex 50 45.5 15.5
      vertex 49.961501874029636 46.087367862463 15.5
      vertex 47.96363636363637 36 15.5
    endloop
  endfacet
  facet normal 0 0 1
    outer loop
      vertex 49.961501874029636 46.087367862463 15.5
      vertex 49.84666621685028 46.66468570381403 15.5
      vertex 47.96363636363637 36 15.5
    endloop
  endfacet
  facet normal 0 0 1
    outer loop
      vertex 49.07009003311396 48.23942643404007 15.5
      vertex 47.96363636363636 47.96363636363636 15.5
      vertex 47.96363636363637 36 15.5
    endloop
  endfacet
  facet normal 0 0 1
    outer loop
      vertex 49.07009003311396 48.23942643404007 15.5
      vertex 47.96363636363637 36 15.5
      vertex 49.39711431413889 47.75 15.5
    endloop
  endfacet
  facet normal 0 0 1
    outer loop
      vertex 48.23942643404007 49.07009003311396 15.5
      vertex 47.96363636363636 47.96363636363636 15.5
      vertex 48.68198051303625 48.68198051303625 15.5
    endloop
  endfacet
  facet normal 0 0 1
    outer loop
      vertex 49.07009003311396 48.23942643404007 15.5
      vertex 48.68198051303625 48.68198051303625 15.5
      vertex 47.96363636363636 47.96363636363636 15.5
    endloop
  endfacet
  facet normal 0 0 1
    outer loop
      vertex -47.6 -47.6 2.4
      vertex -47.55 -36 2.4
      vertex -47.6 -36 2.4
    endloop
  endfacet
  facet normal 0 0 1
    outer loop
      vertex -47.6 -47.6 2.4
      vertex -41 -38 2.4
      vertex -47.55 -36 2.4
    endloop
  endfacet
  facet normal 0 0 1
    outer loop
      vertex -47.6 -47.6 2.4
      vertex -40.3800600245595 -39.826284289360046 2.4
      vertex -40.598076209425926 -39.5 2.4
    endloop
  endfacet
  facet normal 0 0 1
    outer loop
      vertex -47.6 -47.6 2.4
      vertex -40.121320344507694 -40.121320344507694 2.4
      vertex -40.3800600245595 -39.826284289360046 2.4
    endloop
  endfacet
  facet normal 0 0 1
    outer loop
      vertex -47.6 -47.6 2.4
      vertex -39.826284289360046 -40.3800600245595 2.4
      vertex -40.121320344507694 -40.121320344507694 2.4
    endloop
  endfacet
  facet normal 0 0 1
    outer loop
      vertex -47.6 -47.6 2.4
      vertex -39.5 -40.598076209425926 2.4
      vertex -39.826284289360046 -40.3800600245595 2.4
    endloop
  endfacet
  facet normal 0 0 1
    outer loop
      vertex -47.6 -47.6 2.4
      vertex -40.598076209425926 -39.5 2.4
      vertex -40.771638594567776 -39.14805030077696 2.4
    endloop
  endfacet
  facet normal 0 0 1
    outer loop
      vertex -47.6 -47.6 2.4
      vertex -40.771638594567776 -39.14805030077696 2.4
      vertex -40.89777747541666 -38.77645713835955 2.4
    endloop
  endfacet
  facet normal 0 0 1
    outer loop
      vertex -47.6 -47.6 2.4
      vertex -40.89777747541666 -38.77645713835955 2.4
      vertex -40.974334582686424 -38.39157857745886 2.4
    endloop
  endfacet
  facet normal 0 0 1
    outer loop
      vertex -47.6 -47.6 2.4
      vertex -40.974334582686424 -38.39157857745886 2.4
      vertex -41 -38 2.4
    endloop
  endfacet
  facet normal 0 0 1
    outer loop
      vertex -47.6 -47.6 2.4
      vertex -39.14805030077696 -40.771638594567776 2.4
      vertex -39.5 -40.598076209425926 2.4
    endloop
  endfacet
  facet normal 0 0 1
    outer loop
      vertex -47.6 -47.6 2.4
      vertex -38.77645713835955 -40.89777747541666 2.4
      vertex -39.14805030077696 -40.771638594567776 2.4
    endloop
  endfacet
  facet normal 0 0 1
    outer loop
      vertex -47.6 -47.6 2.4
      vertex -38.39157857745886 -40.974334582686424 2.4
      vertex -38.77645713835955 -40.89777747541666 2.4
    endloop
  endfacet
  facet normal 1 0 0
    outer loop
      vertex -47.6 -47.6 2.4
      vertex -47.6 -36 2.4
      vertex -47.6 -36 14.5
    endloop
  endfacet
  facet normal 0 0 1
    outer loop
      vertex -41 -38 2.4
      vertex -41 38 2.4
      vertex -47.55 -36 2.4
    endloop
  endfacet
  facet normal 0 0 1
    outer loop
      vertex -47.6 -47.6 2.4
      vertex 47.6 -47.6 2.4
      vertex -38.39157857745886 -40.974334582686424 2.4
    endloop
  endfacet
  facet normal 0 0 1
    outer loop
      vertex -38.39157857745886 -40.974334582686424 2.4
      vertex 47.6 -47.6 2.4
      vertex -38 -41 2.4
    endloop
  endfacet
  facet normal 1 0 0
    outer loop
      vertex -47.6 -47.6 2.4
      vertex -47.6 -36 14.5
      vertex -47.6 -47.6 14.5
    endloop
  endfacet
  facet normal 0 1 0
    outer loop
      vertex -47.6 -47.6 2.4
      vertex -47.6 -47.6 14.5
      vertex 47.6 -47.6 14.5
    endloop
  endfacet
  facet normal 0 0 1
    outer loop
      vertex -47.55 -36 2.4
      vertex -41 38 2.4
      vertex -47.55 36 2.4
    endloop
  endfacet
  facet normal 0 0 1
    outer loop
      vertex -47.55 36 2.4
      vertex -41 38 2.4
      vertex -40.974334582686424 38.39157857745886 2.4
    endloop
  endfacet
  facet normal 0 0 1
    outer loop
      vertex -47.55 36 2.4
      vertex -47.6 47.6 2.4
      vertex -47.6 36 2.4
    endloop
  endfacet
  facet normal 0 0 1
    outer loop
      vertex -47.55 36 2.4
      vertex -40.598076209425926 39.5 2.4
      vertex -47.6 47.6 2.4
    endloop
  endfacet
  facet normal 0 0 1
    outer loop
      vertex -47.55 36 2.4
      vertex -40.974334582686424 38.39157857745886 2.4
      vertex -40.89777747541666 38.77645713835955 2.4
    endloop
  endfacet
  facet normal 0 0 1
    outer loop
      vertex -47.55 36 2.4
      vertex -40.89777747541666 38.77645713835955 2.4
      vertex -40.771638594567776 39.14805030077696 2.4
    endloop
  endfacet
  facet normal 0 0 1
    outer loop
      vertex -47.55 36 2.4
      vertex -40.771638594567776 39.14805030077696 2.4
      vertex -40.598076209425926 39.5 2.4
    endloop
  endfacet
  facet normal 0 0 1
    outer loop
      vertex -47.6 47.6 2.4
      vertex -40.598076209425926 39.5 2.4
      vertex -40.3800600245595 39.826284289360046 2.4
    endloop
  endfacet
  facet normal 0 0 1
    outer loop
      vertex -47.6 47.6 2.4
      vertex -40.3800600245595 39.826284289360046 2.4
      vertex -40.121320344507694 40.121320344507694 2.4
    endloop
  endfacet
  facet normal 0 0 1
    outer loop
      vertex -47.6 47.6 2.4
      vertex -40.121320344507694 40.121320344507694 2.4
      vertex -39.826284289360046 40.3800600245595 2.4
    endloop
  endfacet
  facet normal 0 0 1
    outer loop
      vertex -47.6 47.6 2.4
      vertex -39.826284289360046 40.3800600245595 2.4
      vertex -39.5 40.598076209425926 2.4
    endloop
  endfacet
  facet normal 0 0 1
    outer loop
      vertex -47.6 47.6 2.4
      vertex -39.5 40.598076209425926 2.4
      vertex -39.14805030077696 40.771638594567776 2.4
    endloop
  endfacet
  facet normal 0 0 1
    outer loop
      vertex -47.6 47.6 2.4
      vertex -39.14805030077696 40.771638594567776 2.4
      vertex -38.77645713835955 40.89777747541666 2.4
    endloop
  endfacet
  facet normal 0 0 1
    outer loop
      vertex -47.6 47.6 2.4
      vertex -38.77645713835955 40.89777747541666 2.4
      vertex -38.39157857745886 40.974334582686424 2.4
    endloop
  endfacet
  facet normal 0 0 1
    outer loop
      vertex -47.6 47.6 2.4
      vertex -38.39157857745886 40.974334582686424 2.4
      vertex -38 41 2.4
    endloop
  endfacet
  facet normal 1 0 0
    outer loop
      vertex -47.6 36 2.4
      vertex -47.6 47.6 2.4
      vertex -47.6 36 14.5
    endloop
  endfacet
  facet normal 0 0 1
    outer loop
      vertex -47.6 47.6 2.4
      vertex -38 41 2.4
      vertex 38 41 2.4
    endloop
  endfacet
  facet normal 0 -1 0
    outer loop
      vertex -47.6 47.6 2.4
      vertex 47.6 47.6 2.4
      vertex -47.6 47.6 14.5
    endloop
  endfacet
  facet normal 1 0 0
    outer loop
      vertex -47.6 47.6 2.4
      vertex -47.6 47.6 14.5
      vertex -47.6 36 14.5
    endloop
  endfacet
  facet normal 0 0 1
    outer loop
      vertex -38 -41 2.4
      vertex 47.6 -47.6 2.4
      vertex 38 -41 2.4
    endloop
  endfacet
  facet normal 0 1 0
    outer loop
      vertex -47.6 -47.6 2.4
      vertex 47.6 -47.6 14.5
      vertex 47.6 -47.6 2.4
    endloop
  endfacet
  facet normal 0 0 1
    outer loop
      vertex 38 -41 2.4
      vertex 47.6 -47.6 2.4
      vertex 38.39157857745886 -40.974334582686424 2.4
    endloop
  endfacet
  facet normal 0 0 1
    outer loop
      vertex 38.39157857745886 -40.974334582686424 2.4
      vertex 47.6 -47.6 2.4
      vertex 38.77645713835955 -40.89777747541666 2.4
    endloop
  endfacet
  facet normal 0 0 1
    outer loop
      vertex 38.77645713835955 -40.89777747541666 2.4
      vertex 47.6 -47.6 2.4
      vertex 39.14805030077696 -40.771638594567776 2.4
    endloop
  endfacet
  facet normal 0 0 1
    outer loop
      vertex 39.14805030077696 -40.771638594567776 2.4
      vertex 47.6 -47.6 2.4
      vertex 39.5 -40.598076209425926 2.4
    endloop
  endfacet
  facet normal 0 0 1
    outer loop
      vertex 39.5 -40.598076209425926 2.4
      vertex 47.6 -47.6 2.4
      vertex 39.826284289360046 -40.3800600245595 2.4
    endloop
  endfacet
  facet normal 0 0 1
    outer loop
      vertex 39.826284289360046 -40.3800600245595 2.4
      vertex 47.6 -47.6 2.4
      vertex 40.121320344507694 -40.121320344507694 2.4
    endloop
  endfacet
  facet normal 0 0 1
    outer loop
      vertex 40.121320344507694 -40.121320344507694 2.4
      vertex 47.6 -47.6 2.4
      vertex 40.3800600245595 -39.826284289360046 2.4
    endloop
  endfacet
  facet normal 0 0 1
    outer loop
      vertex 40.3800600245595 -39.826284289360046 2.4
      vertex 47.6 -47.6 2.4
      vertex 40.598076209425926 -39.5 2.4
    endloop
  endfacet
  facet normal 0 0 1
    outer loop
      vertex 40.598076209425926 -39.5 2.4
      vertex 47.55 -36 2.4
      vertex 40.771638594567776 -39.14805030077696 2.4
    endloop
  endfacet
  facet normal 0 0 1
    outer loop
      vertex 40.771638594567776 -39.14805030077696 2.4
      vertex 47.55 -36 2.4
      vertex 40.89777747541666 -38.77645713835955 2.4
    endloop
  endfacet
  facet normal 0 0 1
    outer loop
      vertex 40.89777747541666 -38.77645713835955 2.4
      vertex 47.55 -36 2.4
      vertex 40.974334582686424 -38.39157857745886 2.4
    endloop
  endfacet
  facet normal 0 0 1
    outer loop
      vertex 40.598076209425926 -39.5 2.4
      vertex 47.6 -47.6 2.4
      vertex 47.55 -36 2.4
    endloop
  endfacet
  facet normal 0 0 1
    outer loop
      vertex 47.6 -47.6 2.4
      vertex 47.6 -36 2.4
      vertex 47.55 -36 2.4
    endloop
  endfacet
  facet normal 0 0 1
    outer loop
      vertex 40.974334582686424 -38.39157857745886 2.4
      vertex 47.55 -36 2.4
      vertex 41 -38 2.4
    endloop
  endfacet
  facet normal -1 0 0
    outer loop
      vertex 47.6 -47.6 2.4
      vertex 47.6 -36 14.5
      vertex 47.6 -36 2.4
    endloop
  endfacet
  facet normal 0 0 1
    outer loop
      vertex 41 -38 2.4
      vertex 47.55 -36 2.4
      vertex 47.55 36 2.4
    endloop
  endfacet
  facet normal -1 0 0
    outer loop
      vertex 47.6 -47.6 2.4
      vertex 47.6 -47.6 14.5
      vertex 47.6 -36 14.5
    endloop
  endfacet
  facet normal 0 0 1
    outer loop
      vertex -47.6 47.6 2.4
      vertex 38 41 2.4
      vertex 38.39157857745886 40.974334582686424 2.4
    endloop
  endfacet
  facet normal 0 0 1
    outer loop
      vertex -47.6 47.6 2.4
      vertex 38.39157857745886 40.974334582686424 2.4
      vertex 47.6 47.6 2.4
    endloop
  endfacet
  facet normal 0 0 1
    outer loop
      vertex 41 -38 2.4
      vertex 47.55 36 2.4
      vertex 41 38 2.4
    endloop
  endfacet
  facet normal 0 0 1
    outer loop
      vertex 38.39157857745886 40.974334582686424 2.4
      vertex 38.77645713835955 40.89777747541666 2.4
      vertex 47.6 47.6 2.4
    endloop
  endfacet
  facet normal 0 0 1
    outer loop
      vertex 38.77645713835955 40.89777747541666 2.4
      vertex 39.14805030077696 40.771638594567776 2.4
      vertex 47.6 47.6 2.4
    endloop
  endfacet
  facet normal 0 0 1
    outer loop
      vertex 39.14805030077696 40.771638594567776 2.4
      vertex 39.5 40.598076209425926 2.4
      vertex 47.6 47.6 2.4
    endloop
  endfacet
  facet normal 0 0 1
    outer loop
      vertex 41 38 2.4
      vertex 47.6 47.6 2.4
      vertex 40.974334582686424 38.39157857745886 2.4
    endloop
  endfacet
  facet normal 0 0 1
    outer loop
      vertex 40.974334582686424 38.39157857745886 2.4
      vertex 47.6 47.6 2.4
      vertex 40.89777747541666 38.77645713835955 2.4
    endloop
  endfacet
  facet normal 0 0 1
    outer loop
      vertex 40.89777747541666 38.77645713835955 2.4
      vertex 47.6 47.6 2.4
      vertex 40.771638594567776 39.14805030077696 2.4
    endloop
  endfacet
  facet normal 0 0 1
    outer loop
      vertex 40.598076209425926 39.5 2.4
      vertex 40.771638594567776 39.14805030077696 2.4
      vertex 47.6 47.6 2.4
    endloop
  endfacet
  facet normal 0 0 1
    outer loop
      vertex 39.826284289360046 40.3800600245595 2.4
      vertex 47.6 47.6 2.4
      vertex 39.5 40.598076209425926 2.4
    endloop
  endfacet
  facet normal 0 0 1
    outer loop
      vertex 39.826284289360046 40.3800600245595 2.4
      vertex 40.121320344507694 40.121320344507694 2.4
      vertex 47.6 47.6 2.4
    endloop
  endfacet
  facet normal 0 0 1
    outer loop
      vertex 40.121320344507694 40.121320344507694 2.4
      vertex 40.3800600245595 39.826284289360046 2.4
      vertex 47.6 47.6 2.4
    endloop
  endfacet
  facet normal 0 0 1
    outer loop
      vertex 40.598076209425926 39.5 2.4
      vertex 47.6 47.6 2.4
      vertex 40.3800600245595 39.826284289360046 2.4
    endloop
  endfacet
  facet normal 0 0 1
    outer loop
      vertex 41 38 2.4
      vertex 47.55 36 2.4
      vertex 47.6 47.6 2.4
    endloop
  endfacet
  facet normal 0 0 1
    outer loop
      vertex 47.55 36 2.4
      vertex 47.6 36 2.4
      vertex 47.6 47.6 2.4
    endloop
  endfacet
  facet normal -1 0 0
    outer loop
      vertex 47.6 36 2.4
      vertex 47.6 36 14.5
      vertex 47.6 47.6 2.4
    endloop
  endfacet
  facet normal 0 -1 0
    outer loop
      vertex -47.6 47.6 14.5
      vertex 47.6 47.6 2.4
      vertex 47.6 47.6 14.5
    endloop
  endfacet
  facet normal -1 0 0
    outer loop
      vertex 47.6 47.6 2.4
      vertex 47.6 36 14.5
      vertex 47.6 47.6 14.5
    endloop
  endfacet
  facet normal 0.9397934234884381 5.581608884440029e-16 0.34174306308670127
    outer loop
      vertex -47.6 -47.6 14.5
      vertex -47.96363636363637 -36 15.5
      vertex -47.96363636363636 -47.96363636363636 15.5
    endloop
  endfacet
  facet normal 0.9397934234884361 0 0.34174306308670704
    outer loop
      vertex -47.6 -47.6 14.5
      vertex -47.6 -36 14.5
      vertex -47.96363636363637 -36 15.5
    endloop
  endfacet
  facet normal 0 0.9397934234884382 0.3417430630867011
    outer loop
      vertex -47.6 -47.6 14.5
      vertex -47.96363636363636 -47.96363636363636 15.5
      vertex 47.6 -47.6 14.5
    endloop
  endfacet
  facet normal 0.9397934234884361 -5.581608884440018e-16 0.34174306308670704
    outer loop
      vertex -47.6 36 14.5
      vertex -47.96363636363636 47.96363636363636 15.5
      vertex -47.96363636363637 36 15.5
    endloop
  endfacet
  facet normal 0.9397934234884382 0 0.34174306308670116
    outer loop
      vertex -47.6 36 14.5
      vertex -47.6 47.6 14.5
      vertex -47.96363636363636 47.96363636363636 15.5
    endloop
  endfacet
  facet normal 0 -0.9397934234884383 0.3417430630867012
    outer loop
      vertex -47.6 47.6 14.5
      vertex 47.96363636363636 47.96363636363636 15.5
      vertex -47.96363636363636 47.96363636363636 15.5
    endloop
  endfacet
  facet normal 0 0.9397934234884383 0.3417430630867012
    outer loop
      vertex 47.6 -47.6 14.5
      vertex -47.96363636363636 -47.96363636363636 15.5
      vertex 47.96363636363636 -47.96363636363636 15.5
    endloop
  endfacet
  facet normal -0.9397934234884382 0 0.34174306308670116
    outer loop
      vertex 47.6 -47.6 14.5
      vertex 47.96363636363636 -47.96363636363636 15.5
      vertex 47.6 -36 14.5
    endloop
  endfacet
  facet normal -0.9397934234884361 5.581608884440018e-16 0.34174306308670704
    outer loop
      vertex 47.6 -36 14.5
      vertex 47.96363636363636 -47.96363636363636 15.5
      vertex 47.96363636363637 -36 15.5
    endloop
  endfacet
  facet normal 0 -0.9397934234884382 0.3417430630867011
    outer loop
      vertex -47.6 47.6 14.5
      vertex 47.6 47.6 14.5
      vertex 47.96363636363636 47.96363636363636 15.5
    endloop
  endfacet
  facet normal -0.9397934234884361 0 0.34174306308670704
    outer loop
      vertex 47.6 36 14.5
      vertex 47.96363636363637 36 15.5
      vertex 47.6 47.6 14.5
    endloop
  endfacet
  facet normal -0.9397934234884381 -5.581608884440029e-16 0.34174306308670127
    outer loop
      vertex 47.6 47.6 14.5
      vertex 47.96363636363637 36 15.5
      vertex 47.96363636363636 47.96363636363636 15.5
    endloop
  endfacet
  facet normal 0.8968727407473451 0.4422886918115197 0
    outer loop
      vertex -40.771638594567776 -39.14805030077696 2.4
      vertex -40.598076209425926 -39.5 0
      vertex -40.771638594567776 -39.14805030077696 0
    endloop
  endfacet
  facet normal 0.9469301300366788 0.32143946370773846 0
    outer loop
      vertex -40.89777747541666 -38.77645713835955 2.4
      vertex -40.771638594567776 -39.14805030077696 0
      vertex -40.89777747541666 -38.77645713835955 0
    endloop
  endfacet
  facet normal 0.980785279639006 0.1950903258581441 0
    outer loop
      vertex -40.974334582686424 -38.39157857745886 2.4
      vertex -40.89777747541666 -38.77645713835955 0
      vertex -40.974334582686424 -38.39157857745886 0
    endloop
  endfacet
  facet normal 0.9978589230086541 0.06540313273849395 0
    outer loop
      vertex -41 -38 2.4
      vertex -40.974334582686424 -38.39157857745886 0
      vertex -41 -38 0
    endloop
  endfacet
  facet normal 0.4422886918115197 0.8968727407473451 0
    outer loop
      vertex -39.5 -40.598076209425926 2.4
      vertex -39.14805030077696 -40.771638594567776 0
      vertex -39.5 -40.598076209425926 0
    endloop
  endfacet
  facet normal 0.32143946370773846 0.9469301300366788 0
    outer loop
      vertex -39.14805030077696 -40.771638594567776 2.4
      vertex -38.77645713835955 -40.89777747541666 0
      vertex -39.14805030077696 -40.771638594567776 0
    endloop
  endfacet
  facet normal 0.1950903258581441 0.980785279639006 0
    outer loop
      vertex -38.77645713835955 -40.89777747541666 2.4
      vertex -38.39157857745886 -40.974334582686424 0
      vertex -38.77645713835955 -40.89777747541666 0
    endloop
  endfacet
  facet normal 0.06540313273849395 0.9978589230086541 0
    outer loop
      vertex -38.39157857745886 -40.974334582686424 2.4
      vertex -38 -41 0
      vertex -38.39157857745886 -40.974334582686424 0
    endloop
  endfacet
  facet normal 0.7518398024852507 0.6593458207943228 0
    outer loop
      vertex -40.3800600245595 -39.826284289360046 2.4
      vertex -40.121320344507694 -40.121320344507694 0
      vertex -40.3800600245595 -39.826284289360046 0
    endloop
  endfacet
  facet normal 0.6593458207943228 0.7518398024852507 0
    outer loop
      vertex -40.121320344507694 -40.121320344507694 2.4
      vertex -39.826284289360046 -40.3800600245595 0
      vertex -40.121320344507694 -40.121320344507694 0
    endloop
  endfacet
  facet normal 0.8314696207458843 0.5555702203832522 0
    outer loop
      vertex -40.598076209425926 -39.5 2.4
      vertex -40.3800600245595 -39.826284289360046 0
      vertex -40.598076209425926 -39.5 0
    endloop
  endfacet
  facet normal 0.5555702203832522 0.8314696207458843 0
    outer loop
      vertex -39.826284289360046 -40.3800600245595 2.4
      vertex -39.5 -40.598076209425926 0
      vertex -39.826284289360046 -40.3800600245595 0
    endloop
  endfacet
  facet normal 0.8968727407473451 0.4422886918115197 0
    outer loop
      vertex -40.771638594567776 -39.14805030077696 2.4
      vertex -40.598076209425926 -39.5 2.4
      vertex -40.598076209425926 -39.5 0
    endloop
  endfacet
  facet normal 0.9469301300366788 0.32143946370773846 0
    outer loop
      vertex -40.771638594567776 -39.14805030077696 2.4
      vertex -40.771638594567776 -39.14805030077696 0
      vertex -40.89777747541666 -38.77645713835955 2.4
    endloop
  endfacet
  facet normal 0.980785279639006 0.1950903258581441 0
    outer loop
      vertex -40.89777747541666 -38.77645713835955 2.4
      vertex -40.89777747541666 -38.77645713835955 0
      vertex -40.974334582686424 -38.39157857745886 2.4
    endloop
  endfacet
  facet normal 0.9978589230086541 0.06540313273849395 0
    outer loop
      vertex -40.974334582686424 -38.39157857745886 2.4
      vertex -40.974334582686424 -38.39157857745886 0
      vertex -41 -38 2.4
    endloop
  endfacet
  facet normal 0.4422886918115197 0.8968727407473451 0
    outer loop
      vertex -39.5 -40.598076209425926 2.4
      vertex -39.14805030077696 -40.771638594567776 2.4
      vertex -39.14805030077696 -40.771638594567776 0
    endloop
  endfacet
  facet normal 0.32143946370773846 0.9469301300366788 0
    outer loop
      vertex -39.14805030077696 -40.771638594567776 2.4
      vertex -38.77645713835955 -40.89777747541666 2.4
      vertex -38.77645713835955 -40.89777747541666 0
    endloop
  endfacet
  facet normal 0.1950903258581441 0.980785279639006 0
    outer loop
      vertex -38.77645713835955 -40.89777747541666 2.4
      vertex -38.39157857745886 -40.974334582686424 2.4
      vertex -38.39157857745886 -40.974334582686424 0
    endloop
  endfacet
  facet normal 0.06540313273849395 0.9978589230086541 0
    outer loop
      vertex -38.39157857745886 -40.974334582686424 2.4
      vertex -38 -41 2.4
      vertex -38 -41 0
    endloop
  endfacet
  facet normal 0.6593458207943228 0.7518398024852507 0
    outer loop
      vertex -40.121320344507694 -40.121320344507694 2.4
      vertex -39.826284289360046 -40.3800600245595 2.4
      vertex -39.826284289360046 -40.3800600245595 0
    endloop
  endfacet
  facet normal 0.7518398024852507 0.6593458207943228 0
    outer loop
      vertex -40.3800600245595 -39.826284289360046 2.4
      vertex -40.121320344507694 -40.121320344507694 2.4
      vertex -40.121320344507694 -40.121320344507694 0
    endloop
  endfacet
  facet normal 0.8314696207458843 0.5555702203832522 0
    outer loop
      vertex -40.3800600245595 -39.826284289360046 2.4
      vertex -40.3800600245595 -39.826284289360046 0
      vertex -40.598076209425926 -39.5 2.4
    endloop
  endfacet
  facet normal 0.5555702203832522 0.8314696207458843 0
    outer loop
      vertex -39.5 -40.598076209425926 2.4
      vertex -39.5 -40.598076209425926 0
      vertex -39.826284289360046 -40.3800600245595 2.4
    endloop
  endfacet
  facet normal 1 0 0
    outer loop
      vertex -41 -38 2.4
      vertex -41 -38 0
      vertex -41 38 2.4
    endloop
  endfacet
  facet normal 0 1 0
    outer loop
      vertex -38 -41 2.4
      vertex 38 -41 0
      vertex -38 -41 0
    endloop
  endfacet
  facet normal 1 0 0
    outer loop
      vertex -41 38 2.4
      vertex -41 -38 0
      vertex -41 38 0
    endloop
  endfacet
  facet normal 0.9978589230086541 -0.06540313273849395 0
    outer loop
      vertex -40.974334582686424 38.39157857745886 2.4
      vertex -41 38 0
      vertex -40.974334582686424 38.39157857745886 0
    endloop
  endfacet
  facet normal 0.980785279639006 -0.1950903258581441 0
    outer loop
      vertex -40.89777747541666 38.77645713835955 2.4
      vertex -40.974334582686424 38.39157857745886 0
      vertex -40.89777747541666 38.77645713835955 0
    endloop
  endfacet
  facet normal 0.9469301300366788 -0.32143946370773846 0
    outer loop
      vertex -40.771638594567776 39.14805030077696 2.4
      vertex -40.89777747541666 38.77645713835955 0
      vertex -40.771638594567776 39.14805030077696 0
    endloop
  endfacet
  facet normal 0.8968727407473451 -0.4422886918115197 0
    outer loop
      vertex -40.598076209425926 39.5 2.4
      vertex -40.771638594567776 39.14805030077696 0
      vertex -40.598076209425926 39.5 0
    endloop
  endfacet
  facet normal 0.8314696207458843 -0.5555702203832522 0
    outer loop
      vertex -40.3800600245595 39.826284289360046 2.4
      vertex -40.598076209425926 39.5 0
      vertex -40.3800600245595 39.826284289360046 0
    endloop
  endfacet
  facet normal 0.7518398024852507 -0.6593458207943228 0
    outer loop
      vertex -40.121320344507694 40.121320344507694 2.4
      vertex -40.3800600245595 39.826284289360046 0
      vertex -40.121320344507694 40.121320344507694 0
    endloop
  endfacet
  facet normal 0.6593458207943228 -0.7518398024852507 0
    outer loop
      vertex -39.826284289360046 40.3800600245595 2.4
      vertex -40.121320344507694 40.121320344507694 0
      vertex -39.826284289360046 40.3800600245595 0
    endloop
  endfacet
  facet normal 0.5555702203832522 -0.8314696207458843 0
    outer loop
      vertex -39.5 40.598076209425926 2.4
      vertex -39.826284289360046 40.3800600245595 0
      vertex -39.5 40.598076209425926 0
    endloop
  endfacet
  facet normal 0.4422886918115197 -0.8968727407473451 0
    outer loop
      vertex -39.14805030077696 40.771638594567776 2.4
      vertex -39.5 40.598076209425926 0
      vertex -39.14805030077696 40.771638594567776 0
    endloop
  endfacet
  facet normal 0.32143946370773846 -0.9469301300366788 0
    outer loop
      vertex -38.77645713835955 40.89777747541666 2.4
      vertex -39.14805030077696 40.771638594567776 0
      vertex -38.77645713835955 40.89777747541666 0
    endloop
  endfacet
  facet normal 0.1950903258581441 -0.980785279639006 0
    outer loop
      vertex -38.39157857745886 40.974334582686424 2.4
      vertex -38.77645713835955 40.89777747541666 0
      vertex -38.39157857745886 40.974334582686424 0
    endloop
  endfacet
  facet normal 0.06540313273849395 -0.9978589230086541 0
    outer loop
      vertex -38 41 2.4
      vertex -38.39157857745886 40.974334582686424 0
      vertex -38 41 0
    endloop
  endfacet
  facet normal 0.9978589230086541 -0.06540313273849395 0
    outer loop
      vertex -41 38 2.4
      vertex -41 38 0
      vertex -40.974334582686424 38.39157857745886 2.4
    endloop
  endfacet
  facet normal 0.980785279639006 -0.1950903258581441 0
    outer loop
      vertex -40.974334582686424 38.39157857745886 2.4
      vertex -40.974334582686424 38.39157857745886 0
      vertex -40.89777747541666 38.77645713835955 2.4
    endloop
  endfacet
  facet normal 0.9469301300366788 -0.32143946370773846 0
    outer loop
      vertex -40.89777747541666 38.77645713835955 2.4
      vertex -40.89777747541666 38.77645713835955 0
      vertex -40.771638594567776 39.14805030077696 2.4
    endloop
  endfacet
  facet normal 0.8968727407473451 -0.4422886918115197 0
    outer loop
      vertex -40.771638594567776 39.14805030077696 2.4
      vertex -40.771638594567776 39.14805030077696 0
      vertex -40.598076209425926 39.5 2.4
    endloop
  endfacet
  facet normal 0.8314696207458843 -0.5555702203832522 0
    outer loop
      vertex -40.598076209425926 39.5 2.4
      vertex -40.598076209425926 39.5 0
      vertex -40.3800600245595 39.826284289360046 2.4
    endloop
  endfacet
  facet normal 0.7518398024852507 -0.6593458207943228 0
    outer loop
      vertex -40.3800600245595 39.826284289360046 2.4
      vertex -40.3800600245595 39.826284289360046 0
      vertex -40.121320344507694 40.121320344507694 2.4
    endloop
  endfacet
  facet normal 0.6593458207943228 -0.7518398024852507 0
    outer loop
      vertex -40.121320344507694 40.121320344507694 2.4
      vertex -40.121320344507694 40.121320344507694 0
      vertex -39.826284289360046 40.3800600245595 2.4
    endloop
  endfacet
  facet normal 0.5555702203832522 -0.8314696207458843 0
    outer loop
      vertex -39.826284289360046 40.3800600245595 2.4
      vertex -39.826284289360046 40.3800600245595 0
      vertex -39.5 40.598076209425926 2.4
    endloop
  endfacet
  facet normal 0.4422886918115197 -0.8968727407473451 0
    outer loop
      vertex -39.5 40.598076209425926 2.4
      vertex -39.5 40.598076209425926 0
      vertex -39.14805030077696 40.771638594567776 2.4
    endloop
  endfacet
  facet normal 0.32143946370773846 -0.9469301300366788 0
    outer loop
      vertex -39.14805030077696 40.771638594567776 2.4
      vertex -39.14805030077696 40.771638594567776 0
      vertex -38.77645713835955 40.89777747541666 2.4
    endloop
  endfacet
  facet normal 0.1950903258581441 -0.980785279639006 0
    outer loop
      vertex -38.77645713835955 40.89777747541666 2.4
      vertex -38.77645713835955 40.89777747541666 0
      vertex -38.39157857745886 40.974334582686424 2.4
    endloop
  endfacet
  facet normal 0.06540313273849395 -0.9978589230086541 0
    outer loop
      vertex -38.39157857745886 40.974334582686424 2.4
      vertex -38.39157857745886 40.974334582686424 0
      vertex -38 41 2.4
    endloop
  endfacet
  facet normal 0 -1 0
    outer loop
      vertex -38 41 2.4
      vertex -38 41 0
      vertex 38 41 2.4
    endloop
  endfacet
  facet normal 0 1 0
    outer loop
      vertex -38 -41 2.4
      vertex 38 -41 2.4
      vertex 38 -41 0
    endloop
  endfacet
  facet normal -0.06540313273849395 0.9978589230086541 0
    outer loop
      vertex 38 -41 2.4
      vertex 38.39157857745886 -40.974334582686424 0
      vertex 38 -41 0
    endloop
  endfacet
  facet normal -0.1950903258581441 0.980785279639006 0
    outer loop
      vertex 38.39157857745886 -40.974334582686424 2.4
      vertex 38.77645713835955 -40.89777747541666 0
      vertex 38.39157857745886 -40.974334582686424 0
    endloop
  endfacet
  facet normal -0.32143946370773846 0.9469301300366788 0
    outer loop
      vertex 38.77645713835955 -40.89777747541666 2.4
      vertex 39.14805030077696 -40.771638594567776 0
      vertex 38.77645713835955 -40.89777747541666 0
    endloop
  endfacet
  facet normal -0.4422886918115197 0.8968727407473451 0
    outer loop
      vertex 39.14805030077696 -40.771638594567776 2.4
      vertex 39.5 -40.598076209425926 0
      vertex 39.14805030077696 -40.771638594567776 0
    endloop
  endfacet
  facet normal -0.5555702203832522 0.8314696207458843 0
    outer loop
      vertex 39.5 -40.598076209425926 2.4
      vertex 39.826284289360046 -40.3800600245595 0
      vertex 39.5 -40.598076209425926 0
    endloop
  endfacet
  facet normal -0.6593458207943228 0.7518398024852507 0
    outer loop
      vertex 39.826284289360046 -40.3800600245595 2.4
      vertex 40.121320344507694 -40.121320344507694 0
      vertex 39.826284289360046 -40.3800600245595 0
    endloop
  endfacet
  facet normal -0.7518398024852507 0.6593458207943228 0
    outer loop
      vertex 40.121320344507694 -40.121320344507694 2.4
      vertex 40.3800600245595 -39.826284289360046 0
      vertex 40.121320344507694 -40.121320344507694 0
    endloop
  endfacet
  facet normal -0.8314696207458843 0.5555702203832522 0
    outer loop
      vertex 40.3800600245595 -39.826284289360046 2.4
      vertex 40.598076209425926 -39.5 0
      vertex 40.3800600245595 -39.826284289360046 0
    endloop
  endfacet
  facet normal -0.8968727407473451 0.4422886918115197 0
    outer loop
      vertex 40.598076209425926 -39.5 2.4
      vertex 40.771638594567776 -39.14805030077696 0
      vertex 40.598076209425926 -39.5 0
    endloop
  endfacet
  facet normal -0.9469301300366788 0.32143946370773846 0
    outer loop
      vertex 40.771638594567776 -39.14805030077696 2.4
      vertex 40.89777747541666 -38.77645713835955 0
      vertex 40.771638594567776 -39.14805030077696 0
    endloop
  endfacet
  facet normal -0.980785279639006 0.1950903258581441 0
    outer loop
      vertex 40.89777747541666 -38.77645713835955 2.4
      vertex 40.974334582686424 -38.39157857745886 0
      vertex 40.89777747541666 -38.77645713835955 0
    endloop
  endfacet
  facet normal -0.9978589230086541 0.06540313273849395 0
    outer loop
      vertex 40.974334582686424 -38.39157857745886 2.4
      vertex 41 -38 0
      vertex 40.974334582686424 -38.39157857745886 0
    endloop
  endfacet
  facet normal -0.06540313273849395 0.9978589230086541 0
    outer loop
      vertex 38 -41 2.4
      vertex 38.39157857745886 -40.974334582686424 2.4
      vertex 38.39157857745886 -40.974334582686424 0
    endloop
  endfacet
  facet normal -0.1950903258581441 0.980785279639006 0
    outer loop
      vertex 38.39157857745886 -40.974334582686424 2.4
      vertex 38.77645713835955 -40.89777747541666 2.4
      vertex 38.77645713835955 -40.89777747541666 0
    endloop
  endfacet
  facet normal -0.32143946370773846 0.9469301300366788 0
    outer loop
      vertex 38.77645713835955 -40.89777747541666 2.4
      vertex 39.14805030077696 -40.771638594567776 2.4
      vertex 39.14805030077696 -40.771638594567776 0
    endloop
  endfacet
  facet normal -0.4422886918115197 0.8968727407473451 0
    outer loop
      vertex 39.14805030077696 -40.771638594567776 2.4
      vertex 39.5 -40.598076209425926 2.4
      vertex 39.5 -40.598076209425926 0
    endloop
  endfacet
  facet normal -0.5555702203832522 0.8314696207458843 0
    outer loop
      vertex 39.5 -40.598076209425926 2.4
      vertex 39.826284289360046 -40.3800600245595 2.4
      vertex 39.826284289360046 -40.3800600245595 0
    endloop
  endfacet
  facet normal -0.6593458207943228 0.7518398024852507 0
    outer loop
      vertex 39.826284289360046 -40.3800600245595 2.4
      vertex 40.121320344507694 -40.121320344507694 2.4
      vertex 40.121320344507694 -40.121320344507694 0
    endloop
  endfacet
  facet normal -0.7518398024852507 0.6593458207943228 0
    outer loop
      vertex 40.121320344507694 -40.121320344507694 2.4
      vertex 40.3800600245595 -39.826284289360046 2.4
      vertex 40.3800600245595 -39.826284289360046 0
    endloop
  endfacet
  facet normal -0.8314696207458843 0.5555702203832522 0
    outer loop
      vertex 40.3800600245595 -39.826284289360046 2.4
      vertex 40.598076209425926 -39.5 2.4
      vertex 40.598076209425926 -39.5 0
    endloop
  endfacet
  facet normal -0.8968727407473451 0.4422886918115197 0
    outer loop
      vertex 40.598076209425926 -39.5 2.4
      vertex 40.771638594567776 -39.14805030077696 2.4
      vertex 40.771638594567776 -39.14805030077696 0
    endloop
  endfacet
  facet normal -0.9469301300366788 0.32143946370773846 0
    outer loop
      vertex 40.771638594567776 -39.14805030077696 2.4
      vertex 40.89777747541666 -38.77645713835955 2.4
      vertex 40.89777747541666 -38.77645713835955 0
    endloop
  endfacet
  facet normal -0.980785279639006 0.1950903258581441 0
    outer loop
      vertex 40.89777747541666 -38.77645713835955 2.4
      vertex 40.974334582686424 -38.39157857745886 2.4
      vertex 40.974334582686424 -38.39157857745886 0
    endloop
  endfacet
  facet normal -0.9978589230086541 0.06540313273849395 0
    outer loop
      vertex 40.974334582686424 -38.39157857745886 2.4
      vertex 41 -38 2.4
      vertex 41 -38 0
    endloop
  endfacet
  facet normal -1 0 0
    outer loop
      vertex 41 -38 2.4
      vertex 41 38 0
      vertex 41 -38 0
    endloop
  endfacet
  facet normal 0 -1 0
    outer loop
      vertex 38 41 2.4
      vertex -38 41 0
      vertex 38 41 0
    endloop
  endfacet
  facet normal -1 0 0
    outer loop
      vertex 41 -38 2.4
      vertex 41 38 2.4
      vertex 41 38 0
    endloop
  endfacet
  facet normal -0.5555702203832522 -0.8314696207458843 0
    outer loop
      vertex 39.826284289360046 40.3800600245595 2.4
      vertex 39.5 40.598076209425926 0
      vertex 39.826284289360046 40.3800600245595 0
    endloop
  endfacet
  facet normal -0.8314696207458843 -0.5555702203832522 0
    outer loop
      vertex 40.598076209425926 39.5 2.4
      vertex 40.3800600245595 39.826284289360046 0
      vertex 40.598076209425926 39.5 0
    endloop
  endfacet
  facet normal -0.6593458207943228 -0.7518398024852507 0
    outer loop
      vertex 40.121320344507694 40.121320344507694 2.4
      vertex 39.826284289360046 40.3800600245595 0
      vertex 40.121320344507694 40.121320344507694 0
    endloop
  endfacet
  facet normal -0.7518398024852507 -0.6593458207943228 0
    outer loop
      vertex 40.3800600245595 39.826284289360046 2.4
      vertex 40.121320344507694 40.121320344507694 0
      vertex 40.3800600245595 39.826284289360046 0
    endloop
  endfacet
  facet normal -0.06540313273849395 -0.9978589230086541 0
    outer loop
      vertex 38.39157857745886 40.974334582686424 2.4
      vertex 38 41 0
      vertex 38.39157857745886 40.974334582686424 0
    endloop
  endfacet
  facet normal -0.1950903258581441 -0.980785279639006 0
    outer loop
      vertex 38.77645713835955 40.89777747541666 2.4
      vertex 38.39157857745886 40.974334582686424 0
      vertex 38.77645713835955 40.89777747541666 0
    endloop
  endfacet
  facet normal -0.32143946370773846 -0.9469301300366788 0
    outer loop
      vertex 39.14805030077696 40.771638594567776 2.4
      vertex 38.77645713835955 40.89777747541666 0
      vertex 39.14805030077696 40.771638594567776 0
    endloop
  endfacet
  facet normal -0.4422886918115197 -0.8968727407473451 0
    outer loop
      vertex 39.5 40.598076209425926 2.4
      vertex 39.14805030077696 40.771638594567776 0
      vertex 39.5 40.598076209425926 0
    endloop
  endfacet
  facet normal -0.9978589230086541 -0.06540313273849395 0
    outer loop
      vertex 41 38 2.4
      vertex 40.974334582686424 38.39157857745886 0
      vertex 41 38 0
    endloop
  endfacet
  facet normal -0.980785279639006 -0.1950903258581441 0
    outer loop
      vertex 40.974334582686424 38.39157857745886 2.4
      vertex 40.89777747541666 38.77645713835955 0
      vertex 40.974334582686424 38.39157857745886 0
    endloop
  endfacet
  facet normal -0.9469301300366788 -0.32143946370773846 0
    outer loop
      vertex 40.89777747541666 38.77645713835955 2.4
      vertex 40.771638594567776 39.14805030077696 0
      vertex 40.89777747541666 38.77645713835955 0
    endloop
  endfacet
  facet normal -0.8968727407473451 -0.4422886918115197 0
    outer loop
      vertex 40.771638594567776 39.14805030077696 2.4
      vertex 40.598076209425926 39.5 0
      vertex 40.771638594567776 39.14805030077696 0
    endloop
  endfacet
  facet normal -0.5555702203832522 -0.8314696207458843 0
    outer loop
      vertex 39.826284289360046 40.3800600245595 2.4
      vertex 39.5 40.598076209425926 2.4
      vertex 39.5 40.598076209425926 0
    endloop
  endfacet
  facet normal -0.8314696207458843 -0.5555702203832522 0
    outer loop
      vertex 40.598076209425926 39.5 2.4
      vertex 40.3800600245595 39.826284289360046 2.4
      vertex 40.3800600245595 39.826284289360046 0
    endloop
  endfacet
  facet normal -0.7518398024852507 -0.6593458207943228 0
    outer loop
      vertex 40.121320344507694 40.121320344507694 2.4
      vertex 40.121320344507694 40.121320344507694 0
      vertex 40.3800600245595 39.826284289360046 2.4
    endloop
  endfacet
  facet normal -0.6593458207943228 -0.7518398024852507 0
    outer loop
      vertex 39.826284289360046 40.3800600245595 2.4
      vertex 39.826284289360046 40.3800600245595 0
      vertex 40.121320344507694 40.121320344507694 2.4
    endloop
  endfacet
  facet normal -0.06540313273849395 -0.9978589230086541 0
    outer loop
      vertex 38 41 2.4
      vertex 38 41 0
      vertex 38.39157857745886 40.974334582686424 2.4
    endloop
  endfacet
  facet normal -0.1950903258581441 -0.980785279639006 0
    outer loop
      vertex 38.39157857745886 40.974334582686424 2.4
      vertex 38.39157857745886 40.974334582686424 0
      vertex 38.77645713835955 40.89777747541666 2.4
    endloop
  endfacet
  facet normal -0.32143946370773846 -0.9469301300366788 0
    outer loop
      vertex 38.77645713835955 40.89777747541666 2.4
      vertex 38.77645713835955 40.89777747541666 0
      vertex 39.14805030077696 40.771638594567776 2.4
    endloop
  endfacet
  facet normal -0.4422886918115197 -0.8968727407473451 0
    outer loop
      vertex 39.14805030077696 40.771638594567776 2.4
      vertex 39.14805030077696 40.771638594567776 0
      vertex 39.5 40.598076209425926 2.4
    endloop
  endfacet
  facet normal -0.9978589230086541 -0.06540313273849395 0
    outer loop
      vertex 41 38 2.4
      vertex 40.974334582686424 38.39157857745886 2.4
      vertex 40.974334582686424 38.39157857745886 0
    endloop
  endfacet
  facet normal -0.980785279639006 -0.1950903258581441 0
    outer loop
      vertex 40.974334582686424 38.39157857745886 2.4
      vertex 40.89777747541666 38.77645713835955 2.4
      vertex 40.89777747541666 38.77645713835955 0
    endloop
  endfacet
  facet normal -0.9469301300366788 -0.32143946370773846 0
    outer loop
      vertex 40.89777747541666 38.77645713835955 2.4
      vertex 40.771638594567776 39.14805030077696 2.4
      vertex 40.771638594567776 39.14805030077696 0
    endloop
  endfacet
  facet normal -0.8968727407473451 -0.4422886918115197 0
    outer loop
      vertex 40.598076209425926 39.5 2.4
      vertex 40.598076209425926 39.5 0
      vertex 40.771638594567776 39.14805030077696 2.4
    endloop
  endfacet
endsolid OpenSCAD_Model
