solid OpenSCAD_Model
  facet normal -0.7518398045394608 -0.6593458184519451 0
    outer loop
      vertex -47.02323841303587 -46.668821945786476 2.2
      vertex -46.85764501988888 -46.85764501988888 2.2
      vertex -47.02323841303587 -46.668821945786476 4
    endloop
  endfacet
  facet normal -0.8314696159943533 -0.5555702274944209 0
    outer loop
      vertex -47.02323841303587 -46.668821945786476 2.2
      vertex -47.16276877373457 -46.46000000089407 4
      vertex -47.16276877373457 -46.46000000089407 2.2
    endloop
  endfacet
  facet normal -0.8968727334480532 -0.4422887066130193 0
    outer loop
      vertex -47.16276877373457 -46.46000000089407 2.2
      vertex -47.273848704993725 -46.2347521930933 4
      vertex -47.273848704993725 -46.2347521930933 2.2
    endloop
  endfacet
  facet normal -0.5555702274944209 -0.8314696159943533 0
    outer loop
      vertex -46.668821945786476 -47.02323841303587 2.2
      vertex -46.46000000089407 -47.16276877373457 2.2
      vertex -46.668821945786476 -47.02323841303587 4
    endloop
  endfacet
  facet normal -0.4422887066130193 -0.8968727334480532 0
    outer loop
      vertex -46.46000000089407 -47.16276877373457 2.2
      vertex -46.2347521930933 -47.273848704993725 2.2
      vertex -46.46000000089407 -47.16276877373457 4
    endloop
  endfacet
  facet normal -0.6593458184519451 -0.7518398045394608 0
    outer loop
      vertex -46.668821945786476 -47.02323841303587 2.2
      vertex -46.85764501988888 -46.85764501988888 4
      vertex -46.85764501988888 -46.85764501988888 2.2
    endloop
  endfacet
  facet normal -0.9469301345134818 -0.32143945051950196 0
    outer loop
      vertex -47.273848704993725 -46.2347521930933 2.2
      vertex -47.3545775860548 -45.996932566165924 4
      vertex -47.3545775860548 -45.996932566165924 2.2
    endloop
  endfacet
  facet normal -0.9807852814139819 -0.19509031693473733 0
    outer loop
      vertex -47.3545775860548 -45.996932566165924 2.2
      vertex -47.403574131429195 -45.750610291957855 4
      vertex -47.403574131429195 -45.750610291957855 2.2
    endloop
  endfacet
  facet normal -0.997858922197377 -0.06540314511618718 0
    outer loop
      vertex -47.403574131429195 -45.750610291957855 2.2
      vertex -47.42000000178814 -45.5 4
      vertex -47.42000000178814 -45.5 2.2
    endloop
  endfacet
  facet normal -0.32143945051950196 -0.9469301345134818 0
    outer loop
      vertex -46.2347521930933 -47.273848704993725 2.2
      vertex -45.996932566165924 -47.3545775860548 2.2
      vertex -46.2347521930933 -47.273848704993725 4
    endloop
  endfacet
  facet normal -0.19509031693473733 -0.9807852814139819 0
    outer loop
      vertex -45.996932566165924 -47.3545775860548 2.2
      vertex -45.750610291957855 -47.403574131429195 2.2
      vertex -45.996932566165924 -47.3545775860548 4
    endloop
  endfacet
  facet normal -0.06540314511618718 -0.997858922197377 0
    outer loop
      vertex -45.750610291957855 -47.403574131429195 2.2
      vertex -45.5 -47.42000000178814 2.2
      vertex -45.750610291957855 -47.403574131429195 4
    endloop
  endfacet
  facet normal -1 0 0
    outer loop
      vertex -47.42000000178814 -45.5 2.2
      vertex -47.42000000178814 -45.5 4
      vertex -47.42000000178814 -9 2.2
    endloop
  endfacet
  facet normal -0.8314696159943533 -0.5555702274944209 0
    outer loop
      vertex -47.02323841303587 -46.668821945786476 2.2
      vertex -47.02323841303587 -46.668821945786476 4
      vertex -47.16276877373457 -46.46000000089407 4
    endloop
  endfacet
  facet normal -0.8968727334480532 -0.4422887066130193 0
    outer loop
      vertex -47.16276877373457 -46.46000000089407 2.2
      vertex -47.16276877373457 -46.46000000089407 4
      vertex -47.273848704993725 -46.2347521930933 4
    endloop
  endfacet
  facet normal -0.6593458184519451 -0.7518398045394608 0
    outer loop
      vertex -46.668821945786476 -47.02323841303587 2.2
      vertex -46.668821945786476 -47.02323841303587 4
      vertex -46.85764501988888 -46.85764501988888 4
    endloop
  endfacet
  facet normal -0.5555702274944209 -0.8314696159943533 0
    outer loop
      vertex -46.46000000089407 -47.16276877373457 2.2
      vertex -46.46000000089407 -47.16276877373457 4
      vertex -46.668821945786476 -47.02323841303587 4
    endloop
  endfacet
  facet normal -0.4422887066130193 -0.8968727334480532 0
    outer loop
      vertex -46.2347521930933 -47.273848704993725 2.2
      vertex -46.2347521930933 -47.273848704993725 4
      vertex -46.46000000089407 -47.16276877373457 4
    endloop
  endfacet
  facet normal -0.7518398045394608 -0.6593458184519451 0
    outer loop
      vertex -46.85764501988888 -46.85764501988888 2.2
      vertex -46.85764501988888 -46.85764501988888 4
      vertex -47.02323841303587 -46.668821945786476 4
    endloop
  endfacet
  facet normal -0.9469301345134818 -0.32143945051950196 0
    outer loop
      vertex -47.273848704993725 -46.2347521930933 2.2
      vertex -47.273848704993725 -46.2347521930933 4
      vertex -47.3545775860548 -45.996932566165924 4
    endloop
  endfacet
  facet normal -0.9807852814139819 -0.19509031693473733 0
    outer loop
      vertex -47.3545775860548 -45.996932566165924 2.2
      vertex -47.3545775860548 -45.996932566165924 4
      vertex -47.403574131429195 -45.750610291957855 4
    endloop
  endfacet
  facet normal -0.997858922197377 -0.06540314511618718 0
    outer loop
      vertex -47.403574131429195 -45.750610291957855 2.2
      vertex -47.403574131429195 -45.750610291957855 4
      vertex -47.42000000178814 -45.5 4
    endloop
  endfacet
  facet normal -0.32143945051950196 -0.9469301345134818 0
    outer loop
      vertex -45.996932566165924 -47.3545775860548 2.2
      vertex -45.996932566165924 -47.3545775860548 4
      vertex -46.2347521930933 -47.273848704993725 4
    endloop
  endfacet
  facet normal -0.19509031693473733 -0.9807852814139819 0
    outer loop
      vertex -45.750610291957855 -47.403574131429195 2.2
      vertex -45.750610291957855 -47.403574131429195 4
      vertex -45.996932566165924 -47.3545775860548 4
    endloop
  endfacet
  facet normal -0.06540314511618718 -0.997858922197377 0
    outer loop
      vertex -45.5 -47.42000000178814 2.2
      vertex -45.5 -47.42000000178814 4
      vertex -45.750610291957855 -47.403574131429195 4
    endloop
  endfacet
  facet normal 0 0 1
    outer loop
      vertex -47.16276877373457 -46.46000000089407 4
      vertex -45.90999999642372 -46.21014083176851 4
      vertex -47.273848704993725 -46.2347521930933 4
    endloop
  endfacet
  facet normal 0 0 1
    outer loop
      vertex -47.02323841303587 -46.668821945786476 4
      vertex -45.5 -46.32000000029802 4
      vertex -47.16276877373457 -46.46000000089407 4
    endloop
  endfacet
  facet normal 0 0 1
    outer loop
      vertex -47.02323841303587 -46.668821945786476 4
      vertex -46.85764501988888 -46.85764501988888 4
      vertex -45.5 -46.32000000029802 4
    endloop
  endfacet
  facet normal 0 0 1
    outer loop
      vertex -47.273848704993725 -46.2347521930933 4
      vertex -45.90999999642372 -46.21014083176851 4
      vertex -45.999184370040894 -46.15054973959923 4
    endloop
  endfacet
  facet normal 0 0 1
    outer loop
      vertex -47.16276877373457 -46.46000000089407 4
      vertex -45.81380041688681 -46.25758121907711 4
      vertex -45.90999999642372 -46.21014083176851 4
    endloop
  endfacet
  facet normal 0 0 1
    outer loop
      vertex -47.16276877373457 -46.46000000089407 4
      vertex -45.71223161369562 -46.29205917567015 4
      vertex -45.81380041688681 -46.25758121907711 4
    endloop
  endfacet
  facet normal 0 0 1
    outer loop
      vertex -47.273848704993725 -46.2347521930933 4
      vertex -46.21014083176851 -45.90999999642372 4
      vertex -47.3545775860548 -45.996932566165924 4
    endloop
  endfacet
  facet normal 0 0 1
    outer loop
      vertex -47.3545775860548 -45.996932566165924 4
      vertex -46.21014083176851 -45.90999999642372 4
      vertex -46.25758121907711 -45.81380041688681 4
    endloop
  endfacet
  facet normal 0 0 1
    outer loop
      vertex -47.3545775860548 -45.996932566165924 4
      vertex -46.25758121907711 -45.81380041688681 4
      vertex -46.29205917567015 -45.71223161369562 4
    endloop
  endfacet
  facet normal 0 0 1
    outer loop
      vertex -47.3545775860548 -45.996932566165924 4
      vertex -46.29205917567015 -45.71223161369562 4
      vertex -46.3129847869277 -45.60703147947788 4
    endloop
  endfacet
  facet normal 0 0 1
    outer loop
      vertex -47.3545775860548 -45.996932566165924 4
      vertex -46.3129847869277 -45.60703147947788 4
      vertex -46.32000000029802 -45.5 4
    endloop
  endfacet
  facet normal 0 0 1
    outer loop
      vertex -47.273848704993725 -46.2347521930933 4
      vertex -46.079827561974525 -46.079827561974525 4
      vertex -46.15054973959923 -45.999184370040894 4
    endloop
  endfacet
  facet normal 0 0 1
    outer loop
      vertex -47.273848704993725 -46.2347521930933 4
      vertex -46.15054973959923 -45.999184370040894 4
      vertex -46.21014083176851 -45.90999999642372 4
    endloop
  endfacet
  facet normal 0 0 1
    outer loop
      vertex -47.273848704993725 -46.2347521930933 4
      vertex -45.999184370040894 -46.15054973959923 4
      vertex -46.079827561974525 -46.079827561974525 4
    endloop
  endfacet
  facet normal 0 0 1
    outer loop
      vertex -47.3545775860548 -45.996932566165924 4
      vertex -46.32000000029802 -45.5 4
      vertex -46.32000000029802 -44.7755956530809 4
    endloop
  endfacet
  facet normal 0 0 1
    outer loop
      vertex -47.3545775860548 -45.996932566165924 4
      vertex -46.32000000029802 -44.7755956530809 4
      vertex -46.36402655078499 -44.68631864033178 4
    endloop
  endfacet
  facet normal 0 0 1
    outer loop
      vertex -47.3545775860548 -45.996932566165924 4
      vertex -46.49437006149611 -44.30233903981782 4
      vertex -46.57347907025881 -43.90463119588216 4
    endloop
  endfacet
  facet normal 0 0 1
    outer loop
      vertex -47.3545775860548 -45.996932566165924 4
      vertex -46.36402655078499 -44.68631864033178 4
      vertex -46.49437006149611 -44.30233903981782 4
    endloop
  endfacet
  facet normal 0 0 1
    outer loop
      vertex -47.16276877373457 -46.46000000089407 4
      vertex -45.60703147947788 -46.3129847869277 4
      vertex -45.71223161369562 -46.29205917567015 4
    endloop
  endfacet
  facet normal 0 0 1
    outer loop
      vertex -47.16276877373457 -46.46000000089407 4
      vertex -45.5 -46.32000000029802 4
      vertex -45.60703147947788 -46.3129847869277 4
    endloop
  endfacet
  facet normal 0 0 1
    outer loop
      vertex -46.85764501988888 -46.85764501988888 4
      vertex -44.68631864033178 -46.36402655078499 4
      vertex -45.5 -46.32000000029802 4
    endloop
  endfacet
  facet normal 0 0 1
    outer loop
      vertex -46.85764501988888 -46.85764501988888 4
      vertex -44.30233903981782 -46.49437006149611 4
      vertex -44.68631864033178 -46.36402655078499 4
    endloop
  endfacet
  facet normal 0 0 1
    outer loop
      vertex -46.85764501988888 -46.85764501988888 4
      vertex -43.90463119588216 -46.57347907025881 4
      vertex -44.30233903981782 -46.49437006149611 4
    endloop
  endfacet
  facet normal 0 0 1
    outer loop
      vertex -46.85764501988888 -46.85764501988888 4
      vertex -43.5 -46.6 4
      vertex -43.90463119588216 -46.57347907025881 4
    endloop
  endfacet
  facet normal 0 0 1
    outer loop
      vertex -45.5 -46.32000000029802 4
      vertex -44.68631864033178 -46.36402655078499 4
      vertex -44.7755956530809 -46.32000000029802 4
    endloop
  endfacet
  facet normal 0 0 1
    outer loop
      vertex -47.3545775860548 -45.996932566165924 4
      vertex -46.57347907025881 -43.90463119588216 4
      vertex -46.6 -43.5 4
    endloop
  endfacet
  facet normal 0 0 1
    outer loop
      vertex -46.85764501988888 -46.85764501988888 4
      vertex -43.09536880411784 -46.57347907025881 4
      vertex -43.5 -46.6 4
    endloop
  endfacet
  facet normal 0 -1 0
    outer loop
      vertex -45.5 -47.42000000178814 2.2
      vertex -9 -47.42000000178814 4
      vertex -45.5 -47.42000000178814 4
    endloop
  endfacet
  facet normal -1 0 0
    outer loop
      vertex -47.42000000178814 -45.5 4
      vertex -47.42000000178814 -9 4
      vertex -47.42000000178814 -9 2.2
    endloop
  endfacet
  facet normal 0 0 1
    outer loop
      vertex -47.3545775860548 -45.996932566165924 4
      vertex -46.32000000029802 42.2244043469191 4
      vertex -47.403574131429195 -45.750610291957855 4
    endloop
  endfacet
  facet normal 0 0 1
    outer loop
      vertex -47.403574131429195 -45.750610291957855 4
      vertex -46.32000000029802 42.2244043469191 4
      vertex -47.42000000178814 -45.5 4
    endloop
  endfacet
  facet normal 0 0 1
    outer loop
      vertex -47.3545775860548 -45.996932566165924 4
      vertex -46.6 -43.5 4
      vertex -46.32000000029802 42.2244043469191 4
    endloop
  endfacet
  facet normal 0 0 1
    outer loop
      vertex -46.6 -43.5 4
      vertex -46.57347907025881 -43.09536880411784 4
      vertex -46.32000000029802 42.2244043469191 4
    endloop
  endfacet
  facet normal 0 0 1
    outer loop
      vertex -46.57347907025881 -43.09536880411784 4
      vertex -46.49437006149611 -42.69766096018218 4
      vertex -46.32000000029802 42.2244043469191 4
    endloop
  endfacet
  facet normal 0 0 1
    outer loop
      vertex -46.49437006149611 -42.69766096018218 4
      vertex -46.36402655078499 -42.31368135966822 4
      vertex -46.32000000029802 42.2244043469191 4
    endloop
  endfacet
  facet normal 0 0 1
    outer loop
      vertex -46.36402655078499 -42.31368135966822 4
      vertex -46.32000000029802 -42.2244043469191 4
      vertex -46.32000000029802 42.2244043469191 4
    endloop
  endfacet
  facet normal 0 0 1
    outer loop
      vertex -47.42000000178814 -45.5 4
      vertex -46.6 43.5 4
      vertex -47.42000000178814 -9 4
    endloop
  endfacet
  facet normal 0 -1 0
    outer loop
      vertex -45.5 -47.42000000178814 2.2
      vertex -9 -47.42000000178814 2.2
      vertex -9 -47.42000000178814 4
    endloop
  endfacet
  facet normal 0 0 1
    outer loop
      vertex -46.668821945786476 -47.02323841303587 4
      vertex 42.69766096018218 -46.49437006149611 4
      vertex -46.85764501988888 -46.85764501988888 4
    endloop
  endfacet
  facet normal 0 0 1
    outer loop
      vertex -46.85764501988888 -46.85764501988888 4
      vertex 42.69766096018218 -46.49437006149611 4
      vertex -43.09536880411784 -46.57347907025881 4
    endloop
  endfacet
  facet normal 0 0 1
    outer loop
      vertex -45.5 -47.42000000178814 4
      vertex -9 -47.42000000178814 4
      vertex 8.308457118211793 -47.38152571469647 4
    endloop
  endfacet
  facet normal 0 0 1
    outer loop
      vertex -46.668821945786476 -47.02323841303587 4
      vertex -46.46000000089407 -47.16276877373457 4
      vertex 47.02323841303587 -46.668821945786476 4
    endloop
  endfacet
  facet normal 0 0 1
    outer loop
      vertex -46.46000000089407 -47.16276877373457 4
      vertex -46.2347521930933 -47.273848704993725 4
      vertex 46.85764501988888 -46.85764501988888 4
    endloop
  endfacet
  facet normal 0 0 1
    outer loop
      vertex -45.996932566165924 -47.3545775860548 4
      vertex -45.750610291957855 -47.403574131429195 4
      vertex 46.46000000089407 -47.16276877373457 4
    endloop
  endfacet
  facet normal 0 0 1
    outer loop
      vertex -45.750610291957855 -47.403574131429195 4
      vertex -45.5 -47.42000000178814 4
      vertex 46.2347521930933 -47.273848704993725 4
    endloop
  endfacet
  facet normal 0 0 1
    outer loop
      vertex -46.2347521930933 -47.273848704993725 4
      vertex -45.996932566165924 -47.3545775860548 4
      vertex 46.668821945786476 -47.02323841303587 4
    endloop
  endfacet
  facet normal 0 0 1
    outer loop
      vertex -43.09536880411784 -46.57347907025881 4
      vertex 42.69766096018218 -46.49437006149611 4
      vertex -42.69766096018218 -46.49437006149611 4
    endloop
  endfacet
  facet normal 0 0 1
    outer loop
      vertex -42.69766096018218 -46.49437006149611 4
      vertex 42.69766096018218 -46.49437006149611 4
      vertex -42.31368135966822 -46.36402655078499 4
    endloop
  endfacet
  facet normal 0 0 1
    outer loop
      vertex -42.31368135966822 -46.36402655078499 4
      vertex 42.69766096018218 -46.49437006149611 4
      vertex -42.2244043469191 -46.32000000029802 4
    endloop
  endfacet
  facet normal -1 0 0
    outer loop
      vertex -47.42000000178814 9 2.2
      vertex -47.42000000178814 9 4
      vertex -47.42000000178814 45.5 2.2
    endloop
  endfacet
  facet normal 0 0 1
    outer loop
      vertex -47.42000000178814 -9 4
      vertex -46.6 43.5 4
      vertex -47.42000000178814 -5.999999892711884 4
    endloop
  endfacet
  facet normal 0 0 1
    outer loop
      vertex -47.42000000178814 -45.5 4
      vertex -46.32000000029802 42.2244043469191 4
      vertex -46.36402655078499 42.31368135966822 4
    endloop
  endfacet
  facet normal 0 0 1
    outer loop
      vertex -47.42000000178814 -45.5 4
      vertex -46.36402655078499 42.31368135966822 4
      vertex -46.49437006149611 42.69766096018218 4
    endloop
  endfacet
  facet normal 0 0 1
    outer loop
      vertex -47.42000000178814 -45.5 4
      vertex -46.49437006149611 42.69766096018218 4
      vertex -46.57347907025881 43.09536880411784 4
    endloop
  endfacet
  facet normal 0 0 1
    outer loop
      vertex -47.42000000178814 -45.5 4
      vertex -46.57347907025881 43.09536880411784 4
      vertex -46.6 43.5 4
    endloop
  endfacet
  facet normal 0 0 1
    outer loop
      vertex -47.42000000178814 -5.999999892711884 4
      vertex -46.6 43.5 4
      vertex -47.42000000178814 9 4
    endloop
  endfacet
  facet normal -0.997858922197377 0.06540314511618718 0
    outer loop
      vertex -47.42000000178814 45.5 2.2
      vertex -47.403574131429195 45.750610291957855 4
      vertex -47.403574131429195 45.750610291957855 2.2
    endloop
  endfacet
  facet normal -0.9807852814139819 0.19509031693473733 0
    outer loop
      vertex -47.403574131429195 45.750610291957855 2.2
      vertex -47.3545775860548 45.996932566165924 4
      vertex -47.3545775860548 45.996932566165924 2.2
    endloop
  endfacet
  facet normal -0.9469301345134818 0.32143945051950196 0
    outer loop
      vertex -47.3545775860548 45.996932566165924 2.2
      vertex -47.273848704993725 46.2347521930933 4
      vertex -47.273848704993725 46.2347521930933 2.2
    endloop
  endfacet
  facet normal -0.8968727334480532 0.4422887066130193 0
    outer loop
      vertex -47.273848704993725 46.2347521930933 2.2
      vertex -47.16276877373457 46.46000000089407 4
      vertex -47.16276877373457 46.46000000089407 2.2
    endloop
  endfacet
  facet normal -0.8314696159943533 0.5555702274944209 0
    outer loop
      vertex -47.16276877373457 46.46000000089407 2.2
      vertex -47.02323841303587 46.668821945786476 4
      vertex -47.02323841303587 46.668821945786476 2.2
    endloop
  endfacet
  facet normal -0.7518398045394608 0.6593458184519451 0
    outer loop
      vertex -47.02323841303587 46.668821945786476 2.2
      vertex -46.85764501988888 46.85764501988888 4
      vertex -46.85764501988888 46.85764501988888 2.2
    endloop
  endfacet
  facet normal -0.6593458184519451 0.7518398045394608 0
    outer loop
      vertex -46.85764501988888 46.85764501988888 2.2
      vertex -46.668821945786476 47.02323841303587 4
      vertex -46.668821945786476 47.02323841303587 2.2
    endloop
  endfacet
  facet normal -0.5555702274944209 0.8314696159943533 0
    outer loop
      vertex -46.668821945786476 47.02323841303587 2.2
      vertex -46.46000000089407 47.16276877373457 4
      vertex -46.46000000089407 47.16276877373457 2.2
    endloop
  endfacet
  facet normal -0.4422887066130193 0.8968727334480532 0
    outer loop
      vertex -46.46000000089407 47.16276877373457 2.2
      vertex -46.2347521930933 47.273848704993725 4
      vertex -46.2347521930933 47.273848704993725 2.2
    endloop
  endfacet
  facet normal -0.32143945051950196 0.9469301345134818 0
    outer loop
      vertex -46.2347521930933 47.273848704993725 2.2
      vertex -45.996932566165924 47.3545775860548 4
      vertex -45.996932566165924 47.3545775860548 2.2
    endloop
  endfacet
  facet normal -0.19509031693473733 0.9807852814139819 0
    outer loop
      vertex -45.996932566165924 47.3545775860548 2.2
      vertex -45.750610291957855 47.403574131429195 4
      vertex -45.750610291957855 47.403574131429195 2.2
    endloop
  endfacet
  facet normal -0.06540314511618718 0.997858922197377 0
    outer loop
      vertex -45.750610291957855 47.403574131429195 2.2
      vertex -45.5 47.42000000178814 4
      vertex -45.5 47.42000000178814 2.2
    endloop
  endfacet
  facet normal 0 1 0
    outer loop
      vertex -45.5 47.42000000178814 2.2
      vertex -45.5 47.42000000178814 4
      vertex -9 47.42000000178814 2.2
    endloop
  endfacet
  facet normal -1 0 0
    outer loop
      vertex -47.42000000178814 9 4
      vertex -47.42000000178814 45.5 4
      vertex -47.42000000178814 45.5 2.2
    endloop
  endfacet
  facet normal 0 0 1
    outer loop
      vertex -47.42000000178814 9 4
      vertex -46.6 43.5 4
      vertex -47.42000000178814 45.5 4
    endloop
  endfacet
  facet normal -0.997858922197377 0.06540314511618718 0
    outer loop
      vertex -47.42000000178814 45.5 2.2
      vertex -47.42000000178814 45.5 4
      vertex -47.403574131429195 45.750610291957855 4
    endloop
  endfacet
  facet normal -0.9807852814139819 0.19509031693473733 0
    outer loop
      vertex -47.403574131429195 45.750610291957855 2.2
      vertex -47.403574131429195 45.750610291957855 4
      vertex -47.3545775860548 45.996932566165924 4
    endloop
  endfacet
  facet normal -0.9469301345134818 0.32143945051950196 0
    outer loop
      vertex -47.3545775860548 45.996932566165924 2.2
      vertex -47.3545775860548 45.996932566165924 4
      vertex -47.273848704993725 46.2347521930933 4
    endloop
  endfacet
  facet normal -0.8968727334480532 0.4422887066130193 0
    outer loop
      vertex -47.273848704993725 46.2347521930933 2.2
      vertex -47.273848704993725 46.2347521930933 4
      vertex -47.16276877373457 46.46000000089407 4
    endloop
  endfacet
  facet normal -0.8314696159943533 0.5555702274944209 0
    outer loop
      vertex -47.16276877373457 46.46000000089407 2.2
      vertex -47.16276877373457 46.46000000089407 4
      vertex -47.02323841303587 46.668821945786476 4
    endloop
  endfacet
  facet normal -0.7518398045394608 0.6593458184519451 0
    outer loop
      vertex -47.02323841303587 46.668821945786476 2.2
      vertex -47.02323841303587 46.668821945786476 4
      vertex -46.85764501988888 46.85764501988888 4
    endloop
  endfacet
  facet normal -0.6593458184519451 0.7518398045394608 0
    outer loop
      vertex -46.85764501988888 46.85764501988888 2.2
      vertex -46.85764501988888 46.85764501988888 4
      vertex -46.668821945786476 47.02323841303587 4
    endloop
  endfacet
  facet normal -0.5555702274944209 0.8314696159943533 0
    outer loop
      vertex -46.668821945786476 47.02323841303587 2.2
      vertex -46.668821945786476 47.02323841303587 4
      vertex -46.46000000089407 47.16276877373457 4
    endloop
  endfacet
  facet normal -0.4422887066130193 0.8968727334480532 0
    outer loop
      vertex -46.46000000089407 47.16276877373457 2.2
      vertex -46.46000000089407 47.16276877373457 4
      vertex -46.2347521930933 47.273848704993725 4
    endloop
  endfacet
  facet normal -0.32143945051950196 0.9469301345134818 0
    outer loop
      vertex -46.2347521930933 47.273848704993725 2.2
      vertex -46.2347521930933 47.273848704993725 4
      vertex -45.996932566165924 47.3545775860548 4
    endloop
  endfacet
  facet normal -0.19509031693473733 0.9807852814139819 0
    outer loop
      vertex -45.996932566165924 47.3545775860548 2.2
      vertex -45.996932566165924 47.3545775860548 4
      vertex -45.750610291957855 47.403574131429195 4
    endloop
  endfacet
  facet normal -0.06540314511618718 0.997858922197377 0
    outer loop
      vertex -45.750610291957855 47.403574131429195 2.2
      vertex -45.750610291957855 47.403574131429195 4
      vertex -45.5 47.42000000178814 4
    endloop
  endfacet
  facet normal 0 0 1
    outer loop
      vertex -46.6 43.5 4
      vertex -46.57347907025881 43.90463119588216 4
      vertex -47.42000000178814 45.5 4
    endloop
  endfacet
  facet normal 0 0 1
    outer loop
      vertex -46.57347907025881 43.90463119588216 4
      vertex -46.49437006149611 44.30233903981782 4
      vertex -47.42000000178814 45.5 4
    endloop
  endfacet
  facet normal 0 0 1
    outer loop
      vertex -47.42000000178814 45.5 4
      vertex -46.3129847869277 45.60703147947788 4
      vertex -47.403574131429195 45.750610291957855 4
    endloop
  endfacet
  facet normal 0 0 1
    outer loop
      vertex -47.403574131429195 45.750610291957855 4
      vertex -46.25758121907711 45.81380041688681 4
      vertex -47.3545775860548 45.996932566165924 4
    endloop
  endfacet
  facet normal 0 0 1
    outer loop
      vertex -46.49437006149611 44.30233903981782 4
      vertex -46.36402655078499 44.68631864033178 4
      vertex -47.42000000178814 45.5 4
    endloop
  endfacet
  facet normal 0 0 1
    outer loop
      vertex -46.36402655078499 44.68631864033178 4
      vertex -46.32000000029802 45.5 4
      vertex -47.42000000178814 45.5 4
    endloop
  endfacet
  facet normal 0 0 1
    outer loop
      vertex -46.36402655078499 44.68631864033178 4
      vertex -46.32000000029802 44.7755956530809 4
      vertex -46.32000000029802 45.5 4
    endloop
  endfacet
  facet normal 0 0 1
    outer loop
      vertex -47.42000000178814 45.5 4
      vertex -46.32000000029802 45.5 4
      vertex -46.3129847869277 45.60703147947788 4
    endloop
  endfacet
  facet normal 0 0 1
    outer loop
      vertex -47.403574131429195 45.750610291957855 4
      vertex -46.3129847869277 45.60703147947788 4
      vertex -46.29205917567015 45.71223161369562 4
    endloop
  endfacet
  facet normal 0 0 1
    outer loop
      vertex -47.403574131429195 45.750610291957855 4
      vertex -46.29205917567015 45.71223161369562 4
      vertex -46.25758121907711 45.81380041688681 4
    endloop
  endfacet
  facet normal 0 0 1
    outer loop
      vertex -47.3545775860548 45.996932566165924 4
      vertex -46.079827561974525 46.079827561974525 4
      vertex -47.273848704993725 46.2347521930933 4
    endloop
  endfacet
  facet normal 0 0 1
    outer loop
      vertex -47.3545775860548 45.996932566165924 4
      vertex -46.25758121907711 45.81380041688681 4
      vertex -46.21014083176851 45.90999999642372 4
    endloop
  endfacet
  facet normal 0 0 1
    outer loop
      vertex -47.3545775860548 45.996932566165924 4
      vertex -46.21014083176851 45.90999999642372 4
      vertex -46.15054973959923 45.999184370040894 4
    endloop
  endfacet
  facet normal 0 0 1
    outer loop
      vertex -47.3545775860548 45.996932566165924 4
      vertex -46.15054973959923 45.999184370040894 4
      vertex -46.079827561974525 46.079827561974525 4
    endloop
  endfacet
  facet normal 0 0 1
    outer loop
      vertex -47.273848704993725 46.2347521930933 4
      vertex -46.079827561974525 46.079827561974525 4
      vertex -45.999184370040894 46.15054973959923 4
    endloop
  endfacet
  facet normal 0 0 1
    outer loop
      vertex -47.273848704993725 46.2347521930933 4
      vertex -45.81380041688681 46.25758121907711 4
      vertex -47.16276877373457 46.46000000089407 4
    endloop
  endfacet
  facet normal 0 0 1
    outer loop
      vertex -47.273848704993725 46.2347521930933 4
      vertex -45.999184370040894 46.15054973959923 4
      vertex -45.90999999642372 46.21014083176851 4
    endloop
  endfacet
  facet normal 0 0 1
    outer loop
      vertex -47.273848704993725 46.2347521930933 4
      vertex -45.90999999642372 46.21014083176851 4
      vertex -45.81380041688681 46.25758121907711 4
    endloop
  endfacet
  facet normal 0 0 1
    outer loop
      vertex -47.16276877373457 46.46000000089407 4
      vertex -45.81380041688681 46.25758121907711 4
      vertex -45.71223161369562 46.29205917567015 4
    endloop
  endfacet
  facet normal 0 0 1
    outer loop
      vertex -47.16276877373457 46.46000000089407 4
      vertex -44.68631864033178 46.36402655078499 4
      vertex -47.02323841303587 46.668821945786476 4
    endloop
  endfacet
  facet normal 0 0 1
    outer loop
      vertex -47.16276877373457 46.46000000089407 4
      vertex -45.71223161369562 46.29205917567015 4
      vertex -45.60703147947788 46.3129847869277 4
    endloop
  endfacet
  facet normal 0 0 1
    outer loop
      vertex -47.16276877373457 46.46000000089407 4
      vertex -45.60703147947788 46.3129847869277 4
      vertex -45.5 46.32000000029802 4
    endloop
  endfacet
  facet normal 0 0 1
    outer loop
      vertex -47.16276877373457 46.46000000089407 4
      vertex -45.5 46.32000000029802 4
      vertex -44.68631864033178 46.36402655078499 4
    endloop
  endfacet
  facet normal 0 0 1
    outer loop
      vertex -45.996932566165924 47.3545775860548 4
      vertex -45.5 47.42000000178814 4
      vertex -45.750610291957855 47.403574131429195 4
    endloop
  endfacet
  facet normal 0 0 1
    outer loop
      vertex -47.02323841303587 46.668821945786476 4
      vertex -44.68631864033178 46.36402655078499 4
      vertex -44.30233903981782 46.49437006149611 4
    endloop
  endfacet
  facet normal 0 0 1
    outer loop
      vertex -47.02323841303587 46.668821945786476 4
      vertex -44.30233903981782 46.49437006149611 4
      vertex -43.90463119588216 46.57347907025881 4
    endloop
  endfacet
  facet normal 0 0 1
    outer loop
      vertex -45.5 46.32000000029802 4
      vertex -44.7755956530809 46.32000000029802 4
      vertex -44.68631864033178 46.36402655078499 4
    endloop
  endfacet
  facet normal 0 0 1
    outer loop
      vertex -47.02323841303587 46.668821945786476 4
      vertex -43.90463119588216 46.57347907025881 4
      vertex -43.5 46.6 4
    endloop
  endfacet
  facet normal 0 0 1
    outer loop
      vertex -45.996932566165924 47.3545775860548 4
      vertex -9 47.42000000178814 4
      vertex -45.5 47.42000000178814 4
    endloop
  endfacet
  facet normal 0 1 0
    outer loop
      vertex -45.5 47.42000000178814 4
      vertex -9 47.42000000178814 4
      vertex -9 47.42000000178814 2.2
    endloop
  endfacet
  facet normal 0 0 1
    outer loop
      vertex -45.996932566165924 47.3545775860548 4
      vertex -5.999999892711884 47.42000000178814 4
      vertex -9 47.42000000178814 4
    endloop
  endfacet
  facet normal 0 0 1
    outer loop
      vertex -47.02323841303587 46.668821945786476 4
      vertex 46.46000000089407 47.16276877373457 4
      vertex -46.85764501988888 46.85764501988888 4
    endloop
  endfacet
  facet normal 0 0 1
    outer loop
      vertex -46.85764501988888 46.85764501988888 4
      vertex 46.2347521930933 47.273848704993725 4
      vertex -46.668821945786476 47.02323841303587 4
    endloop
  endfacet
  facet normal 0 0 1
    outer loop
      vertex -46.668821945786476 47.02323841303587 4
      vertex 45.996932566165924 47.3545775860548 4
      vertex -46.46000000089407 47.16276877373457 4
    endloop
  endfacet
  facet normal 0 0 1
    outer loop
      vertex -46.46000000089407 47.16276877373457 4
      vertex 45.750610291957855 47.403574131429195 4
      vertex -46.2347521930933 47.273848704993725 4
    endloop
  endfacet
  facet normal 0 0 1
    outer loop
      vertex -46.2347521930933 47.273848704993725 4
      vertex 45.5 47.42000000178814 4
      vertex -45.996932566165924 47.3545775860548 4
    endloop
  endfacet
  facet normal 0 0 1
    outer loop
      vertex -47.02323841303587 46.668821945786476 4
      vertex -43.5 46.6 4
      vertex 46.668821945786476 47.02323841303587 4
    endloop
  endfacet
  facet normal 0 0 1
    outer loop
      vertex -42.69766096018218 46.49437006149611 4
      vertex -42.31368135966822 46.36402655078499 4
      vertex 42.2244043469191 46.32000000029802 4
    endloop
  endfacet
  facet normal 0 0 1
    outer loop
      vertex -45.996932566165924 47.3545775860548 4
      vertex 9 47.42000000178814 4
      vertex -5.999999892711884 47.42000000178814 4
    endloop
  endfacet
  facet normal 0 0 1
    outer loop
      vertex -42.31368135966822 46.36402655078499 4
      vertex -42.2244043469191 46.32000000029802 4
      vertex 42.2244043469191 46.32000000029802 4
    endloop
  endfacet
  facet normal 0 0 1
    outer loop
      vertex -43.5 46.6 4
      vertex -43.09536880411784 46.57347907025881 4
      vertex 46.668821945786476 47.02323841303587 4
    endloop
  endfacet
  facet normal 0 0 1
    outer loop
      vertex -43.09536880411784 46.57347907025881 4
      vertex -42.69766096018218 46.49437006149611 4
      vertex 46.668821945786476 47.02323841303587 4
    endloop
  endfacet
  facet normal 0 0 1
    outer loop
      vertex -45.5 -47.42000000178814 4
      vertex 8.308457118211793 -47.38152571469647 4
      vertex 46.2347521930933 -47.273848704993725 4
    endloop
  endfacet
  facet normal 0 0 1
    outer loop
      vertex 5.999999892711884 -47.42000000178814 4
      vertex 9 -47.42000000178814 4
      vertex 8.308457118211793 -47.38152571469647 4
    endloop
  endfacet
  facet normal 0 -1 0
    outer loop
      vertex 9 -47.42000000178814 2.2
      vertex 45.5 -47.42000000178814 4
      vertex 9 -47.42000000178814 4
    endloop
  endfacet
  facet normal 0 0 1
    outer loop
      vertex -46.668821945786476 -47.02323841303587 4
      vertex 43.09536880411784 -46.57347907025881 4
      vertex 42.69766096018218 -46.49437006149611 4
    endloop
  endfacet
  facet normal 0 0 1
    outer loop
      vertex -46.668821945786476 -47.02323841303587 4
      vertex 43.5 -46.6 4
      vertex 43.09536880411784 -46.57347907025881 4
    endloop
  endfacet
  facet normal 0 0 1
    outer loop
      vertex -42.2244043469191 -46.32000000029802 4
      vertex 42.31368135966822 -46.36402655078499 4
      vertex 42.2244043469191 -46.32000000029802 4
    endloop
  endfacet
  facet normal 0 0 1
    outer loop
      vertex -42.2244043469191 -46.32000000029802 4
      vertex 42.69766096018218 -46.49437006149611 4
      vertex 42.31368135966822 -46.36402655078499 4
    endloop
  endfacet
  facet normal 0 0 1
    outer loop
      vertex -46.668821945786476 -47.02323841303587 4
      vertex 47.02323841303587 -46.668821945786476 4
      vertex 43.5 -46.6 4
    endloop
  endfacet
  facet normal 0 0 1
    outer loop
      vertex -45.750610291957855 -47.403574131429195 4
      vertex 46.2347521930933 -47.273848704993725 4
      vertex 46.46000000089407 -47.16276877373457 4
    endloop
  endfacet
  facet normal 0 0 1
    outer loop
      vertex -45.996932566165924 -47.3545775860548 4
      vertex 46.46000000089407 -47.16276877373457 4
      vertex 46.668821945786476 -47.02323841303587 4
    endloop
  endfacet
  facet normal 0 0 1
    outer loop
      vertex -46.2347521930933 -47.273848704993725 4
      vertex 46.668821945786476 -47.02323841303587 4
      vertex 46.85764501988888 -46.85764501988888 4
    endloop
  endfacet
  facet normal 0 0 1
    outer loop
      vertex -46.46000000089407 -47.16276877373457 4
      vertex 46.85764501988888 -46.85764501988888 4
      vertex 47.02323841303587 -46.668821945786476 4
    endloop
  endfacet
  facet normal 0 0 1
    outer loop
      vertex 8.308457118211793 -47.38152571469647 4
      vertex 9 -47.42000000178814 4
      vertex 45.5 -47.42000000178814 4
    endloop
  endfacet
  facet normal 0 -1 0
    outer loop
      vertex 9 -47.42000000178814 2.2
      vertex 45.5 -47.42000000178814 2.2
      vertex 45.5 -47.42000000178814 4
    endloop
  endfacet
  facet normal 0.06540314511618718 -0.997858922197377 0
    outer loop
      vertex 45.5 -47.42000000178814 2.2
      vertex 45.750610291957855 -47.403574131429195 2.2
      vertex 45.5 -47.42000000178814 4
    endloop
  endfacet
  facet normal 0.19509031693473733 -0.9807852814139819 0
    outer loop
      vertex 45.750610291957855 -47.403574131429195 2.2
      vertex 45.996932566165924 -47.3545775860548 2.2
      vertex 45.750610291957855 -47.403574131429195 4
    endloop
  endfacet
  facet normal 0.32143945051950196 -0.9469301345134818 0
    outer loop
      vertex 45.996932566165924 -47.3545775860548 2.2
      vertex 46.2347521930933 -47.273848704993725 2.2
      vertex 45.996932566165924 -47.3545775860548 4
    endloop
  endfacet
  facet normal 0.4422887066130193 -0.8968727334480532 0
    outer loop
      vertex 46.2347521930933 -47.273848704993725 2.2
      vertex 46.46000000089407 -47.16276877373457 2.2
      vertex 46.2347521930933 -47.273848704993725 4
    endloop
  endfacet
  facet normal 0.5555702274944209 -0.8314696159943533 0
    outer loop
      vertex 46.46000000089407 -47.16276877373457 2.2
      vertex 46.668821945786476 -47.02323841303587 2.2
      vertex 46.46000000089407 -47.16276877373457 4
    endloop
  endfacet
  facet normal 0.6593458184519451 -0.7518398045394608 0
    outer loop
      vertex 46.668821945786476 -47.02323841303587 2.2
      vertex 46.85764501988888 -46.85764501988888 2.2
      vertex 46.668821945786476 -47.02323841303587 4
    endloop
  endfacet
  facet normal 0.7518398045394608 -0.6593458184519451 0
    outer loop
      vertex 46.85764501988888 -46.85764501988888 2.2
      vertex 47.02323841303587 -46.668821945786476 2.2
      vertex 46.85764501988888 -46.85764501988888 4
    endloop
  endfacet
  facet normal 0.8314696159943533 -0.5555702274944209 0
    outer loop
      vertex 47.02323841303587 -46.668821945786476 2.2
      vertex 47.16276877373457 -46.46000000089407 2.2
      vertex 47.02323841303587 -46.668821945786476 4
    endloop
  endfacet
  facet normal 0.8968727334480532 -0.4422887066130193 0
    outer loop
      vertex 47.16276877373457 -46.46000000089407 2.2
      vertex 47.273848704993725 -46.2347521930933 2.2
      vertex 47.16276877373457 -46.46000000089407 4
    endloop
  endfacet
  facet normal 0.9469301345134818 -0.32143945051950196 0
    outer loop
      vertex 47.273848704993725 -46.2347521930933 2.2
      vertex 47.3545775860548 -45.996932566165924 2.2
      vertex 47.273848704993725 -46.2347521930933 4
    endloop
  endfacet
  facet normal 0.9807852814139819 -0.19509031693473733 0
    outer loop
      vertex 47.3545775860548 -45.996932566165924 2.2
      vertex 47.403574131429195 -45.750610291957855 2.2
      vertex 47.3545775860548 -45.996932566165924 4
    endloop
  endfacet
  facet normal 0.997858922197377 -0.06540314511618718 0
    outer loop
      vertex 47.403574131429195 -45.750610291957855 2.2
      vertex 47.42000000178814 -45.5 2.2
      vertex 47.403574131429195 -45.750610291957855 4
    endloop
  endfacet
  facet normal 0 0 1
    outer loop
      vertex 8.308457118211793 -47.38152571469647 4
      vertex 45.5 -47.42000000178814 4
      vertex 45.996932566165924 -47.3545775860548 4
    endloop
  endfacet
  facet normal 0 0 1
    outer loop
      vertex 8.308457118211793 -47.38152571469647 4
      vertex 45.996932566165924 -47.3545775860548 4
      vertex 46.2347521930933 -47.273848704993725 4
    endloop
  endfacet
  facet normal 0.06540314511618718 -0.997858922197377 0
    outer loop
      vertex 45.750610291957855 -47.403574131429195 2.2
      vertex 45.750610291957855 -47.403574131429195 4
      vertex 45.5 -47.42000000178814 4
    endloop
  endfacet
  facet normal 0.19509031693473733 -0.9807852814139819 0
    outer loop
      vertex 45.996932566165924 -47.3545775860548 2.2
      vertex 45.996932566165924 -47.3545775860548 4
      vertex 45.750610291957855 -47.403574131429195 4
    endloop
  endfacet
  facet normal 0.32143945051950196 -0.9469301345134818 0
    outer loop
      vertex 46.2347521930933 -47.273848704993725 2.2
      vertex 46.2347521930933 -47.273848704993725 4
      vertex 45.996932566165924 -47.3545775860548 4
    endloop
  endfacet
  facet normal 0.4422887066130193 -0.8968727334480532 0
    outer loop
      vertex 46.46000000089407 -47.16276877373457 2.2
      vertex 46.46000000089407 -47.16276877373457 4
      vertex 46.2347521930933 -47.273848704993725 4
    endloop
  endfacet
  facet normal 0.5555702274944209 -0.8314696159943533 0
    outer loop
      vertex 46.668821945786476 -47.02323841303587 2.2
      vertex 46.668821945786476 -47.02323841303587 4
      vertex 46.46000000089407 -47.16276877373457 4
    endloop
  endfacet
  facet normal 0.6593458184519451 -0.7518398045394608 0
    outer loop
      vertex 46.85764501988888 -46.85764501988888 2.2
      vertex 46.85764501988888 -46.85764501988888 4
      vertex 46.668821945786476 -47.02323841303587 4
    endloop
  endfacet
  facet normal 0.7518398045394608 -0.6593458184519451 0
    outer loop
      vertex 47.02323841303587 -46.668821945786476 2.2
      vertex 47.02323841303587 -46.668821945786476 4
      vertex 46.85764501988888 -46.85764501988888 4
    endloop
  endfacet
  facet normal 0.8314696159943533 -0.5555702274944209 0
    outer loop
      vertex 47.16276877373457 -46.46000000089407 2.2
      vertex 47.16276877373457 -46.46000000089407 4
      vertex 47.02323841303587 -46.668821945786476 4
    endloop
  endfacet
  facet normal 0.8968727334480532 -0.4422887066130193 0
    outer loop
      vertex 47.273848704993725 -46.2347521930933 2.2
      vertex 47.273848704993725 -46.2347521930933 4
      vertex 47.16276877373457 -46.46000000089407 4
    endloop
  endfacet
  facet normal 0.9469301345134818 -0.32143945051950196 0
    outer loop
      vertex 47.3545775860548 -45.996932566165924 2.2
      vertex 47.3545775860548 -45.996932566165924 4
      vertex 47.273848704993725 -46.2347521930933 4
    endloop
  endfacet
  facet normal 0.9807852814139819 -0.19509031693473733 0
    outer loop
      vertex 47.403574131429195 -45.750610291957855 2.2
      vertex 47.403574131429195 -45.750610291957855 4
      vertex 47.3545775860548 -45.996932566165924 4
    endloop
  endfacet
  facet normal 0.997858922197377 -0.06540314511618718 0
    outer loop
      vertex 47.42000000178814 -45.5 2.2
      vertex 47.42000000178814 -45.5 4
      vertex 47.403574131429195 -45.750610291957855 4
    endloop
  endfacet
  facet normal 0 0 1
    outer loop
      vertex 43.5 -46.6 4
      vertex 47.02323841303587 -46.668821945786476 4
      vertex 43.90463119588216 -46.57347907025881 4
    endloop
  endfacet
  facet normal 0 0 1
    outer loop
      vertex 44.68631864033178 -46.36402655078499 4
      vertex 45.5 -46.32000000029802 4
      vertex 44.7755956530809 -46.32000000029802 4
    endloop
  endfacet
  facet normal 0 0 1
    outer loop
      vertex 43.90463119588216 -46.57347907025881 4
      vertex 47.02323841303587 -46.668821945786476 4
      vertex 44.30233903981782 -46.49437006149611 4
    endloop
  endfacet
  facet normal 0 0 1
    outer loop
      vertex 44.30233903981782 -46.49437006149611 4
      vertex 47.02323841303587 -46.668821945786476 4
      vertex 44.68631864033178 -46.36402655078499 4
    endloop
  endfacet
  facet normal 0 0 1
    outer loop
      vertex 45.5 -47.42000000178814 4
      vertex 45.750610291957855 -47.403574131429195 4
      vertex 45.996932566165924 -47.3545775860548 4
    endloop
  endfacet
  facet normal 0 0 1
    outer loop
      vertex 44.68631864033178 -46.36402655078499 4
      vertex 47.16276877373457 -46.46000000089407 4
      vertex 45.5 -46.32000000029802 4
    endloop
  endfacet
  facet normal 0 0 1
    outer loop
      vertex 45.5 -46.32000000029802 4
      vertex 47.16276877373457 -46.46000000089407 4
      vertex 45.60703147947788 -46.3129847869277 4
    endloop
  endfacet
  facet normal 0 0 1
    outer loop
      vertex 45.60703147947788 -46.3129847869277 4
      vertex 47.16276877373457 -46.46000000089407 4
      vertex 45.71223161369562 -46.29205917567015 4
    endloop
  endfacet
  facet normal 0 0 1
    outer loop
      vertex 44.68631864033178 -46.36402655078499 4
      vertex 47.02323841303587 -46.668821945786476 4
      vertex 47.16276877373457 -46.46000000089407 4
    endloop
  endfacet
  facet normal 0 0 1
    outer loop
      vertex 45.71223161369562 -46.29205917567015 4
      vertex 47.16276877373457 -46.46000000089407 4
      vertex 45.81380041688681 -46.25758121907711 4
    endloop
  endfacet
  facet normal 0 0 1
    outer loop
      vertex 45.81380041688681 -46.25758121907711 4
      vertex 47.273848704993725 -46.2347521930933 4
      vertex 45.90999999642372 -46.21014083176851 4
    endloop
  endfacet
  facet normal 0 0 1
    outer loop
      vertex 45.90999999642372 -46.21014083176851 4
      vertex 47.273848704993725 -46.2347521930933 4
      vertex 45.999184370040894 -46.15054973959923 4
    endloop
  endfacet
  facet normal 0 0 1
    outer loop
      vertex 45.81380041688681 -46.25758121907711 4
      vertex 47.16276877373457 -46.46000000089407 4
      vertex 47.273848704993725 -46.2347521930933 4
    endloop
  endfacet
  facet normal 0 0 1
    outer loop
      vertex 45.999184370040894 -46.15054973959923 4
      vertex 47.273848704993725 -46.2347521930933 4
      vertex 46.079827561974525 -46.079827561974525 4
    endloop
  endfacet
  facet normal 0 0 1
    outer loop
      vertex 46.079827561974525 -46.079827561974525 4
      vertex 47.3545775860548 -45.996932566165924 4
      vertex 46.15054973959923 -45.999184370040894 4
    endloop
  endfacet
  facet normal 0 0 1
    outer loop
      vertex 46.15054973959923 -45.999184370040894 4
      vertex 47.3545775860548 -45.996932566165924 4
      vertex 46.21014083176851 -45.90999999642372 4
    endloop
  endfacet
  facet normal 0 0 1
    outer loop
      vertex 46.21014083176851 -45.90999999642372 4
      vertex 47.3545775860548 -45.996932566165924 4
      vertex 46.25758121907711 -45.81380041688681 4
    endloop
  endfacet
  facet normal 0 0 1
    outer loop
      vertex 46.079827561974525 -46.079827561974525 4
      vertex 47.273848704993725 -46.2347521930933 4
      vertex 47.3545775860548 -45.996932566165924 4
    endloop
  endfacet
  facet normal 0 0 1
    outer loop
      vertex 46.25758121907711 -45.81380041688681 4
      vertex 47.403574131429195 -45.750610291957855 4
      vertex 46.29205917567015 -45.71223161369562 4
    endloop
  endfacet
  facet normal 0 0 1
    outer loop
      vertex 46.29205917567015 -45.71223161369562 4
      vertex 47.403574131429195 -45.750610291957855 4
      vertex 46.3129847869277 -45.60703147947788 4
    endloop
  endfacet
  facet normal 0 0 1
    outer loop
      vertex 46.3129847869277 -45.60703147947788 4
      vertex 47.42000000178814 -45.5 4
      vertex 46.32000000029802 -45.5 4
    endloop
  endfacet
  facet normal 0 0 1
    outer loop
      vertex 46.32000000029802 -45.5 4
      vertex 46.36402655078499 -44.68631864033178 4
      vertex 46.32000000029802 -44.7755956530809 4
    endloop
  endfacet
  facet normal 0 0 1
    outer loop
      vertex 46.32000000029802 -45.5 4
      vertex 47.42000000178814 -45.5 4
      vertex 46.36402655078499 -44.68631864033178 4
    endloop
  endfacet
  facet normal 0 0 1
    outer loop
      vertex 47.42000000178814 -45.5 4
      vertex 46.49437006149611 -44.30233903981782 4
      vertex 46.36402655078499 -44.68631864033178 4
    endloop
  endfacet
  facet normal 0 0 1
    outer loop
      vertex 46.25758121907711 -45.81380041688681 4
      vertex 47.3545775860548 -45.996932566165924 4
      vertex 47.403574131429195 -45.750610291957855 4
    endloop
  endfacet
  facet normal 0 0 1
    outer loop
      vertex 46.3129847869277 -45.60703147947788 4
      vertex 47.403574131429195 -45.750610291957855 4
      vertex 47.42000000178814 -45.5 4
    endloop
  endfacet
  facet normal 0 0 1
    outer loop
      vertex 47.42000000178814 -45.5 4
      vertex 46.57347907025881 -43.90463119588216 4
      vertex 46.49437006149611 -44.30233903981782 4
    endloop
  endfacet
  facet normal 0 0 1
    outer loop
      vertex 47.42000000178814 -45.5 4
      vertex 46.6 -43.5 4
      vertex 46.57347907025881 -43.90463119588216 4
    endloop
  endfacet
  facet normal 1 0 0
    outer loop
      vertex 47.42000000178814 -45.5 2.2
      vertex 47.42000000178814 -9 4
      vertex 47.42000000178814 -45.5 4
    endloop
  endfacet
  facet normal 0 0 1
    outer loop
      vertex 47.42000000178814 -45.5 4
      vertex 47.42000000178814 -9 4
      vertex 46.6 -43.5 4
    endloop
  endfacet
  facet normal 0 0 1
    outer loop
      vertex 46.6 -43.5 4
      vertex 46.32000000029802 -5 4
      vertex 46.57347907025881 -43.09536880411784 4
    endloop
  endfacet
  facet normal 0 0 1
    outer loop
      vertex 46.49437006149611 -42.69766096018218 4
      vertex 46.57347907025881 -43.09536880411784 4
      vertex 46.32000000029802 -5 4
    endloop
  endfacet
  facet normal 0 0 1
    outer loop
      vertex 46.36402655078499 -42.31368135966822 4
      vertex 46.32000000029802 -5 4
      vertex 46.32000000029802 -42.2244043469191 4
    endloop
  endfacet
  facet normal 0 0 1
    outer loop
      vertex 46.49437006149611 -42.69766096018218 4
      vertex 46.32000000029802 -5 4
      vertex 46.36402655078499 -42.31368135966822 4
    endloop
  endfacet
  facet normal 1 0 0
    outer loop
      vertex 47.42000000178814 -45.5 2.2
      vertex 47.42000000178814 -9 2.2
      vertex 47.42000000178814 -9 4
    endloop
  endfacet
  facet normal 0 0 1
    outer loop
      vertex 46.6 -43.5 4
      vertex 47.42000000178814 -9 4
      vertex 46.32000000029802 -5 4
    endloop
  endfacet
  facet normal 0 0 1
    outer loop
      vertex 47.42000000178814 -9 4
      vertex 47.42000000178814 -5 4
      vertex 46.32000000029802 -5 4
    endloop
  endfacet
  facet normal 0 1 0
    outer loop
      vertex 9 47.42000000178814 2.2
      vertex 9 47.42000000178814 4
      vertex 45.5 47.42000000178814 2.2
    endloop
  endfacet
  facet normal 0 0 1
    outer loop
      vertex -45.996932566165924 47.3545775860548 4
      vertex 45.5 47.42000000178814 4
      vertex 9 47.42000000178814 4
    endloop
  endfacet
  facet normal 0 0 1
    outer loop
      vertex -42.69766096018218 46.49437006149611 4
      vertex 42.2244043469191 46.32000000029802 4
      vertex 42.31368135966822 46.36402655078499 4
    endloop
  endfacet
  facet normal 0 0 1
    outer loop
      vertex -42.69766096018218 46.49437006149611 4
      vertex 42.31368135966822 46.36402655078499 4
      vertex 42.69766096018218 46.49437006149611 4
    endloop
  endfacet
  facet normal 0 0 1
    outer loop
      vertex -42.69766096018218 46.49437006149611 4
      vertex 42.69766096018218 46.49437006149611 4
      vertex 43.09536880411784 46.57347907025881 4
    endloop
  endfacet
  facet normal 0 0 1
    outer loop
      vertex -46.668821945786476 47.02323841303587 4
      vertex 46.2347521930933 47.273848704993725 4
      vertex 45.996932566165924 47.3545775860548 4
    endloop
  endfacet
  facet normal 0 0 1
    outer loop
      vertex -46.2347521930933 47.273848704993725 4
      vertex 45.750610291957855 47.403574131429195 4
      vertex 45.5 47.42000000178814 4
    endloop
  endfacet
  facet normal 0 0 1
    outer loop
      vertex -46.46000000089407 47.16276877373457 4
      vertex 45.996932566165924 47.3545775860548 4
      vertex 45.750610291957855 47.403574131429195 4
    endloop
  endfacet
  facet normal 0 0 1
    outer loop
      vertex -46.85764501988888 46.85764501988888 4
      vertex 46.46000000089407 47.16276877373457 4
      vertex 46.2347521930933 47.273848704993725 4
    endloop
  endfacet
  facet normal 0 0 1
    outer loop
      vertex -47.02323841303587 46.668821945786476 4
      vertex 46.668821945786476 47.02323841303587 4
      vertex 46.46000000089407 47.16276877373457 4
    endloop
  endfacet
  facet normal 0 0 1
    outer loop
      vertex -42.69766096018218 46.49437006149611 4
      vertex 43.09536880411784 46.57347907025881 4
      vertex 46.85764501988888 46.85764501988888 4
    endloop
  endfacet
  facet normal 0 0 1
    outer loop
      vertex -42.69766096018218 46.49437006149611 4
      vertex 46.85764501988888 46.85764501988888 4
      vertex 46.668821945786476 47.02323841303587 4
    endloop
  endfacet
  facet normal 1 0 0
    outer loop
      vertex 47.42000000178814 45.5 2.2
      vertex 47.42000000178814 45.5 4
      vertex 47.42000000178814 37 2.2
    endloop
  endfacet
  facet normal 0.06540314511618718 0.997858922197377 0
    outer loop
      vertex 45.5 47.42000000178814 2.2
      vertex 45.750610291957855 47.403574131429195 4
      vertex 45.750610291957855 47.403574131429195 2.2
    endloop
  endfacet
  facet normal 0.19509031693473733 0.9807852814139819 0
    outer loop
      vertex 45.750610291957855 47.403574131429195 2.2
      vertex 45.996932566165924 47.3545775860548 4
      vertex 45.996932566165924 47.3545775860548 2.2
    endloop
  endfacet
  facet normal 0.32143945051950196 0.9469301345134818 0
    outer loop
      vertex 45.996932566165924 47.3545775860548 2.2
      vertex 46.2347521930933 47.273848704993725 4
      vertex 46.2347521930933 47.273848704993725 2.2
    endloop
  endfacet
  facet normal 0.997858922197377 0.06540314511618718 0
    outer loop
      vertex 47.42000000178814 45.5 2.2
      vertex 47.403574131429195 45.750610291957855 2.2
      vertex 47.42000000178814 45.5 4
    endloop
  endfacet
  facet normal 0.9807852814139819 0.19509031693473733 0
    outer loop
      vertex 47.403574131429195 45.750610291957855 2.2
      vertex 47.3545775860548 45.996932566165924 2.2
      vertex 47.403574131429195 45.750610291957855 4
    endloop
  endfacet
  facet normal 0.9469301345134818 0.32143945051950196 0
    outer loop
      vertex 47.3545775860548 45.996932566165924 2.2
      vertex 47.273848704993725 46.2347521930933 2.2
      vertex 47.3545775860548 45.996932566165924 4
    endloop
  endfacet
  facet normal 0.6593458184519451 0.7518398045394608 0
    outer loop
      vertex 46.85764501988888 46.85764501988888 2.2
      vertex 46.668821945786476 47.02323841303587 2.2
      vertex 46.85764501988888 46.85764501988888 4
    endloop
  endfacet
  facet normal 0.4422887066130193 0.8968727334480532 0
    outer loop
      vertex 46.2347521930933 47.273848704993725 2.2
      vertex 46.46000000089407 47.16276877373457 4
      vertex 46.46000000089407 47.16276877373457 2.2
    endloop
  endfacet
  facet normal 0.5555702274944209 0.8314696159943533 0
    outer loop
      vertex 46.46000000089407 47.16276877373457 2.2
      vertex 46.668821945786476 47.02323841303587 4
      vertex 46.668821945786476 47.02323841303587 2.2
    endloop
  endfacet
  facet normal 0.8968727334480532 0.4422887066130193 0
    outer loop
      vertex 47.273848704993725 46.2347521930933 2.2
      vertex 47.16276877373457 46.46000000089407 2.2
      vertex 47.273848704993725 46.2347521930933 4
    endloop
  endfacet
  facet normal 0.8314696159943533 0.5555702274944209 0
    outer loop
      vertex 47.16276877373457 46.46000000089407 2.2
      vertex 47.02323841303587 46.668821945786476 2.2
      vertex 47.16276877373457 46.46000000089407 4
    endloop
  endfacet
  facet normal 0.7518398045394608 0.6593458184519451 0
    outer loop
      vertex 46.85764501988888 46.85764501988888 2.2
      vertex 47.02323841303587 46.668821945786476 4
      vertex 47.02323841303587 46.668821945786476 2.2
    endloop
  endfacet
  facet normal 0 1 0
    outer loop
      vertex 9 47.42000000178814 4
      vertex 45.5 47.42000000178814 4
      vertex 45.5 47.42000000178814 2.2
    endloop
  endfacet
  facet normal 1 0 0
    outer loop
      vertex 47.42000000178814 45.5 4
      vertex 47.42000000178814 37 4
      vertex 47.42000000178814 37 2.2
    endloop
  endfacet
  facet normal 0.06540314511618718 0.997858922197377 0
    outer loop
      vertex 45.5 47.42000000178814 2.2
      vertex 45.5 47.42000000178814 4
      vertex 45.750610291957855 47.403574131429195 4
    endloop
  endfacet
  facet normal 0.19509031693473733 0.9807852814139819 0
    outer loop
      vertex 45.750610291957855 47.403574131429195 2.2
      vertex 45.750610291957855 47.403574131429195 4
      vertex 45.996932566165924 47.3545775860548 4
    endloop
  endfacet
  facet normal 0.32143945051950196 0.9469301345134818 0
    outer loop
      vertex 45.996932566165924 47.3545775860548 2.2
      vertex 45.996932566165924 47.3545775860548 4
      vertex 46.2347521930933 47.273848704993725 4
    endloop
  endfacet
  facet normal 0.997858922197377 0.06540314511618718 0
    outer loop
      vertex 47.403574131429195 45.750610291957855 2.2
      vertex 47.403574131429195 45.750610291957855 4
      vertex 47.42000000178814 45.5 4
    endloop
  endfacet
  facet normal 0.9807852814139819 0.19509031693473733 0
    outer loop
      vertex 47.3545775860548 45.996932566165924 2.2
      vertex 47.3545775860548 45.996932566165924 4
      vertex 47.403574131429195 45.750610291957855 4
    endloop
  endfacet
  facet normal 0.9469301345134818 0.32143945051950196 0
    outer loop
      vertex 47.273848704993725 46.2347521930933 2.2
      vertex 47.273848704993725 46.2347521930933 4
      vertex 47.3545775860548 45.996932566165924 4
    endloop
  endfacet
  facet normal 0.7518398045394608 0.6593458184519451 0
    outer loop
      vertex 46.85764501988888 46.85764501988888 2.2
      vertex 46.85764501988888 46.85764501988888 4
      vertex 47.02323841303587 46.668821945786476 4
    endloop
  endfacet
  facet normal 0.4422887066130193 0.8968727334480532 0
    outer loop
      vertex 46.2347521930933 47.273848704993725 2.2
      vertex 46.2347521930933 47.273848704993725 4
      vertex 46.46000000089407 47.16276877373457 4
    endloop
  endfacet
  facet normal 0.5555702274944209 0.8314696159943533 0
    outer loop
      vertex 46.46000000089407 47.16276877373457 2.2
      vertex 46.46000000089407 47.16276877373457 4
      vertex 46.668821945786476 47.02323841303587 4
    endloop
  endfacet
  facet normal 0.6593458184519451 0.7518398045394608 0
    outer loop
      vertex 46.668821945786476 47.02323841303587 2.2
      vertex 46.668821945786476 47.02323841303587 4
      vertex 46.85764501988888 46.85764501988888 4
    endloop
  endfacet
  facet normal 0.8968727334480532 0.4422887066130193 0
    outer loop
      vertex 47.16276877373457 46.46000000089407 2.2
      vertex 47.16276877373457 46.46000000089407 4
      vertex 47.273848704993725 46.2347521930933 4
    endloop
  endfacet
  facet normal 0.8314696159943533 0.5555702274944209 0
    outer loop
      vertex 47.02323841303587 46.668821945786476 2.2
      vertex 47.02323841303587 46.668821945786476 4
      vertex 47.16276877373457 46.46000000089407 4
    endloop
  endfacet
  facet normal 0 0 1
    outer loop
      vertex 46.32000000029802 42.2244043469191 4
      vertex 46.32000000029802 37 4
      vertex 47.42000000178814 37 4
    endloop
  endfacet
  facet normal 0 0 1
    outer loop
      vertex 46.32000000029802 42.2244043469191 4
      vertex 47.42000000178814 37 4
      vertex 46.36402655078499 42.31368135966822 4
    endloop
  endfacet
  facet normal 0 0 1
    outer loop
      vertex 46.36402655078499 42.31368135966822 4
      vertex 47.42000000178814 37 4
      vertex 46.49437006149611 42.69766096018218 4
    endloop
  endfacet
  facet normal 0 0 1
    outer loop
      vertex 46.49437006149611 42.69766096018218 4
      vertex 47.42000000178814 37 4
      vertex 46.57347907025881 43.09536880411784 4
    endloop
  endfacet
  facet normal 0 0 1
    outer loop
      vertex 46.57347907025881 43.09536880411784 4
      vertex 47.42000000178814 37 4
      vertex 46.6 43.5 4
    endloop
  endfacet
  facet normal 0 0 1
    outer loop
      vertex 43.09536880411784 46.57347907025881 4
      vertex 43.5 46.6 4
      vertex 46.85764501988888 46.85764501988888 4
    endloop
  endfacet
  facet normal 0 0 1
    outer loop
      vertex 46.6 43.5 4
      vertex 47.42000000178814 37 4
      vertex 47.3545775860548 45.996932566165924 4
    endloop
  endfacet
  facet normal 0 0 1
    outer loop
      vertex 47.42000000178814 45.5 4
      vertex 47.403574131429195 45.750610291957855 4
      vertex 47.42000000178814 37 4
    endloop
  endfacet
  facet normal 0 0 1
    outer loop
      vertex 47.403574131429195 45.750610291957855 4
      vertex 47.3545775860548 45.996932566165924 4
      vertex 47.42000000178814 37 4
    endloop
  endfacet
  facet normal 0 0 1
    outer loop
      vertex 46.6 43.5 4
      vertex 47.3545775860548 45.996932566165924 4
      vertex 46.57347907025881 43.90463119588216 4
    endloop
  endfacet
  facet normal 0 0 1
    outer loop
      vertex 44.68631864033178 46.36402655078499 4
      vertex 44.7755956530809 46.32000000029802 4
      vertex 45.5 46.32000000029802 4
    endloop
  endfacet
  facet normal 0 0 1
    outer loop
      vertex 43.5 46.6 4
      vertex 43.90463119588216 46.57347907025881 4
      vertex 46.85764501988888 46.85764501988888 4
    endloop
  endfacet
  facet normal 0 0 1
    outer loop
      vertex 43.90463119588216 46.57347907025881 4
      vertex 44.30233903981782 46.49437006149611 4
      vertex 46.85764501988888 46.85764501988888 4
    endloop
  endfacet
  facet normal 0 0 1
    outer loop
      vertex 44.30233903981782 46.49437006149611 4
      vertex 44.68631864033178 46.36402655078499 4
      vertex 46.85764501988888 46.85764501988888 4
    endloop
  endfacet
  facet normal 0 0 1
    outer loop
      vertex 44.68631864033178 46.36402655078499 4
      vertex 45.5 46.32000000029802 4
      vertex 46.85764501988888 46.85764501988888 4
    endloop
  endfacet
  facet normal 0 0 1
    outer loop
      vertex 45.5 46.32000000029802 4
      vertex 45.60703147947788 46.3129847869277 4
      vertex 47.16276877373457 46.46000000089407 4
    endloop
  endfacet
  facet normal 0 0 1
    outer loop
      vertex 45.60703147947788 46.3129847869277 4
      vertex 45.71223161369562 46.29205917567015 4
      vertex 47.16276877373457 46.46000000089407 4
    endloop
  endfacet
  facet normal 0 0 1
    outer loop
      vertex 46.49437006149611 44.30233903981782 4
      vertex 47.3545775860548 45.996932566165924 4
      vertex 46.36402655078499 44.68631864033178 4
    endloop
  endfacet
  facet normal 0 0 1
    outer loop
      vertex 46.57347907025881 43.90463119588216 4
      vertex 47.3545775860548 45.996932566165924 4
      vertex 46.49437006149611 44.30233903981782 4
    endloop
  endfacet
  facet normal 0 0 1
    outer loop
      vertex 46.36402655078499 44.68631864033178 4
      vertex 47.3545775860548 45.996932566165924 4
      vertex 46.32000000029802 44.7755956530809 4
    endloop
  endfacet
  facet normal 0 0 1
    outer loop
      vertex 46.32000000029802 44.7755956530809 4
      vertex 47.3545775860548 45.996932566165924 4
      vertex 46.32000000029802 45.5 4
    endloop
  endfacet
  facet normal 0 0 1
    outer loop
      vertex 46.079827561974525 46.079827561974525 4
      vertex 47.273848704993725 46.2347521930933 4
      vertex 45.999184370040894 46.15054973959923 4
    endloop
  endfacet
  facet normal 0 0 1
    outer loop
      vertex 46.15054973959923 45.999184370040894 4
      vertex 46.21014083176851 45.90999999642372 4
      vertex 47.273848704993725 46.2347521930933 4
    endloop
  endfacet
  facet normal 0 0 1
    outer loop
      vertex 46.079827561974525 46.079827561974525 4
      vertex 46.15054973959923 45.999184370040894 4
      vertex 47.273848704993725 46.2347521930933 4
    endloop
  endfacet
  facet normal 0 0 1
    outer loop
      vertex 46.32000000029802 45.5 4
      vertex 47.3545775860548 45.996932566165924 4
      vertex 46.3129847869277 45.60703147947788 4
    endloop
  endfacet
  facet normal 0 0 1
    outer loop
      vertex 46.3129847869277 45.60703147947788 4
      vertex 47.3545775860548 45.996932566165924 4
      vertex 46.29205917567015 45.71223161369562 4
    endloop
  endfacet
  facet normal 0 0 1
    outer loop
      vertex 46.29205917567015 45.71223161369562 4
      vertex 47.3545775860548 45.996932566165924 4
      vertex 46.25758121907711 45.81380041688681 4
    endloop
  endfacet
  facet normal 0 0 1
    outer loop
      vertex 46.25758121907711 45.81380041688681 4
      vertex 47.3545775860548 45.996932566165924 4
      vertex 46.21014083176851 45.90999999642372 4
    endloop
  endfacet
  facet normal 0 0 1
    outer loop
      vertex 46.21014083176851 45.90999999642372 4
      vertex 47.3545775860548 45.996932566165924 4
      vertex 47.273848704993725 46.2347521930933 4
    endloop
  endfacet
  facet normal 0 0 1
    outer loop
      vertex 45.71223161369562 46.29205917567015 4
      vertex 45.81380041688681 46.25758121907711 4
      vertex 47.16276877373457 46.46000000089407 4
    endloop
  endfacet
  facet normal 0 0 1
    outer loop
      vertex 45.81380041688681 46.25758121907711 4
      vertex 45.90999999642372 46.21014083176851 4
      vertex 47.16276877373457 46.46000000089407 4
    endloop
  endfacet
  facet normal 0 0 1
    outer loop
      vertex 45.999184370040894 46.15054973959923 4
      vertex 47.273848704993725 46.2347521930933 4
      vertex 45.90999999642372 46.21014083176851 4
    endloop
  endfacet
  facet normal 0 0 1
    outer loop
      vertex 45.5 46.32000000029802 4
      vertex 47.02323841303587 46.668821945786476 4
      vertex 46.85764501988888 46.85764501988888 4
    endloop
  endfacet
  facet normal 0 0 1
    outer loop
      vertex 45.5 46.32000000029802 4
      vertex 47.16276877373457 46.46000000089407 4
      vertex 47.02323841303587 46.668821945786476 4
    endloop
  endfacet
  facet normal 0 0 1
    outer loop
      vertex 45.90999999642372 46.21014083176851 4
      vertex 47.273848704993725 46.2347521930933 4
      vertex 47.16276877373457 46.46000000089407 4
    endloop
  endfacet
  facet normal 0.8314696171170867 0.5555702258141317 0
    outer loop
      vertex -46.21014083176851 -45.90999999642372 2.2
      vertex -46.21014083176851 -45.90999999642372 4
      vertex -46.15054973959923 -45.999184370040894 2.2
    endloop
  endfacet
  facet normal 0.8968727242477617 0.4422887252693638 0
    outer loop
      vertex -46.21014083176851 -45.90999999642372 2.2
      vertex -46.25758121907711 -45.81380041688681 2.2
      vertex -46.25758121907711 -45.81380041688681 4
    endloop
  endfacet
  facet normal 0.9469301471398814 0.32143941332332376 0
    outer loop
      vertex -46.25758121907711 -45.81380041688681 2.2
      vertex -46.29205917567015 -45.71223161369562 2.2
      vertex -46.29205917567015 -45.71223161369562 4
    endloop
  endfacet
  facet normal 0.9807852741388529 0.19509035350927864 0
    outer loop
      vertex -46.29205917567015 -45.71223161369562 2.2
      vertex -46.3129847869277 -45.60703147947788 2.2
      vertex -46.3129847869277 -45.60703147947788 4
    endloop
  endfacet
  facet normal 0.9978589234971312 0.06540312528577102 0
    outer loop
      vertex -46.3129847869277 -45.60703147947788 2.2
      vertex -46.32000000029802 -45.5 2.2
      vertex -46.32000000029802 -45.5 4
    endloop
  endfacet
  facet normal 1 0 0
    outer loop
      vertex -46.32000000029802 -45.5 2.2
      vertex -46.32000000029802 -44.7755956530809 2.2
      vertex -46.32000000029802 -45.5 4
    endloop
  endfacet
  facet normal 0.4422887252693638 0.8968727242477617 0
    outer loop
      vertex -45.90999999642372 -46.21014083176851 2.2
      vertex -45.90999999642372 -46.21014083176851 4
      vertex -45.81380041688681 -46.25758121907711 2.2
    endloop
  endfacet
  facet normal 0.32143941332332376 0.9469301471398814 0
    outer loop
      vertex -45.81380041688681 -46.25758121907711 2.2
      vertex -45.81380041688681 -46.25758121907711 4
      vertex -45.71223161369562 -46.29205917567015 2.2
    endloop
  endfacet
  facet normal 0.19509035350927864 0.9807852741388529 0
    outer loop
      vertex -45.71223161369562 -46.29205917567015 2.2
      vertex -45.71223161369562 -46.29205917567015 4
      vertex -45.60703147947788 -46.3129847869277 2.2
    endloop
  endfacet
  facet normal 0.06540312528577102 0.9978589234971312 0
    outer loop
      vertex -45.60703147947788 -46.3129847869277 2.2
      vertex -45.60703147947788 -46.3129847869277 4
      vertex -45.5 -46.32000000029802 2.2
    endloop
  endfacet
  facet normal 0 1 0
    outer loop
      vertex -45.5 -46.32000000029802 2.2
      vertex -44.7755956530809 -46.32000000029802 4
      vertex -44.7755956530809 -46.32000000029802 2.2
    endloop
  endfacet
  facet normal 0.751839824124741 0.6593457961192127 0
    outer loop
      vertex -46.15054973959923 -45.999184370040894 2.2
      vertex -46.15054973959923 -45.999184370040894 4
      vertex -46.079827561974525 -46.079827561974525 2.2
    endloop
  endfacet
  facet normal 0.6593457961192127 0.751839824124741 0
    outer loop
      vertex -45.999184370040894 -46.15054973959923 2.2
      vertex -46.079827561974525 -46.079827561974525 2.2
      vertex -46.079827561974525 -46.079827561974525 4
    endloop
  endfacet
  facet normal 0.5555702258141317 0.8314696171170867 0
    outer loop
      vertex -45.90999999642372 -46.21014083176851 2.2
      vertex -45.999184370040894 -46.15054973959923 2.2
      vertex -45.999184370040894 -46.15054973959923 4
    endloop
  endfacet
  facet normal 1 0 0
    outer loop
      vertex -46.32000000029802 -42.2244043469191 2.2
      vertex -46.32000000029802 9.410102427199078 2.2
      vertex -46.32000000029802 -42.2244043469191 4
    endloop
  endfacet
  facet normal 0.8968727242477617 0.4422887252693638 0
    outer loop
      vertex -46.21014083176851 -45.90999999642372 2.2
      vertex -46.25758121907711 -45.81380041688681 4
      vertex -46.21014083176851 -45.90999999642372 4
    endloop
  endfacet
  facet normal 0.9807852741388529 0.19509035350927864 0
    outer loop
      vertex -46.29205917567015 -45.71223161369562 2.2
      vertex -46.3129847869277 -45.60703147947788 4
      vertex -46.29205917567015 -45.71223161369562 4
    endloop
  endfacet
  facet normal 0.9469301471398814 0.32143941332332376 0
    outer loop
      vertex -46.25758121907711 -45.81380041688681 2.2
      vertex -46.29205917567015 -45.71223161369562 4
      vertex -46.25758121907711 -45.81380041688681 4
    endloop
  endfacet
  facet normal 0.9978589234971312 0.06540312528577102 0
    outer loop
      vertex -46.3129847869277 -45.60703147947788 2.2
      vertex -46.32000000029802 -45.5 4
      vertex -46.3129847869277 -45.60703147947788 4
    endloop
  endfacet
  facet normal 1 0 0
    outer loop
      vertex -46.32000000029802 -44.7755956530809 2.2
      vertex -46.32000000029802 -44.7755956530809 4
      vertex -46.32000000029802 -45.5 4
    endloop
  endfacet
  facet normal 0.5555702258141317 0.8314696171170867 0
    outer loop
      vertex -45.90999999642372 -46.21014083176851 2.2
      vertex -45.999184370040894 -46.15054973959923 4
      vertex -45.90999999642372 -46.21014083176851 4
    endloop
  endfacet
  facet normal 0.4422887252693638 0.8968727242477617 0
    outer loop
      vertex -45.81380041688681 -46.25758121907711 2.2
      vertex -45.90999999642372 -46.21014083176851 4
      vertex -45.81380041688681 -46.25758121907711 4
    endloop
  endfacet
  facet normal 0.32143941332332376 0.9469301471398814 0
    outer loop
      vertex -45.71223161369562 -46.29205917567015 2.2
      vertex -45.81380041688681 -46.25758121907711 4
      vertex -45.71223161369562 -46.29205917567015 4
    endloop
  endfacet
  facet normal 0.19509035350927864 0.9807852741388529 0
    outer loop
      vertex -45.60703147947788 -46.3129847869277 2.2
      vertex -45.71223161369562 -46.29205917567015 4
      vertex -45.60703147947788 -46.3129847869277 4
    endloop
  endfacet
  facet normal 0.06540312528577102 0.9978589234971312 0
    outer loop
      vertex -45.5 -46.32000000029802 2.2
      vertex -45.60703147947788 -46.3129847869277 4
      vertex -45.5 -46.32000000029802 4
    endloop
  endfacet
  facet normal 0 1 0
    outer loop
      vertex -45.5 -46.32000000029802 2.2
      vertex -45.5 -46.32000000029802 4
      vertex -44.7755956530809 -46.32000000029802 4
    endloop
  endfacet
  facet normal 0.751839824124741 0.6593457961192127 0
    outer loop
      vertex -46.079827561974525 -46.079827561974525 2.2
      vertex -46.15054973959923 -45.999184370040894 4
      vertex -46.079827561974525 -46.079827561974525 4
    endloop
  endfacet
  facet normal 0.6593457961192127 0.751839824124741 0
    outer loop
      vertex -45.999184370040894 -46.15054973959923 2.2
      vertex -46.079827561974525 -46.079827561974525 4
      vertex -45.999184370040894 -46.15054973959923 4
    endloop
  endfacet
  facet normal 0.8314696171170867 0.5555702258141317 0
    outer loop
      vertex -46.15054973959923 -45.999184370040894 2.2
      vertex -46.21014083176851 -45.90999999642372 4
      vertex -46.15054973959923 -45.999184370040894 4
    endloop
  endfacet
  facet normal 0 1 0
    outer loop
      vertex -42.2244043469191 -46.32000000029802 2.2
      vertex -42.2244043469191 -46.32000000029802 4
      vertex 42.2244043469191 -46.32000000029802 4
    endloop
  endfacet
  facet normal 1 0 0
    outer loop
      vertex -46.32000000029802 -42.2244043469191 4
      vertex -46.32000000029802 9.410102427199078 2.2
      vertex -46.32000000029802 42.2244043469191 2.2
    endloop
  endfacet
  facet normal 1 0 0
    outer loop
      vertex -46.32000000029802 -42.2244043469191 4
      vertex -46.32000000029802 42.2244043469191 2.2
      vertex -46.32000000029802 42.2244043469191 4
    endloop
  endfacet
  facet normal 1 0 0
    outer loop
      vertex -46.32000000029802 44.7755956530809 2.2
      vertex -46.32000000029802 45.5 2.2
      vertex -46.32000000029802 44.7755956530809 4
    endloop
  endfacet
  facet normal 0.9978589234971312 -0.06540312528577102 0
    outer loop
      vertex -46.32000000029802 45.5 2.2
      vertex -46.3129847869277 45.60703147947788 2.2
      vertex -46.3129847869277 45.60703147947788 4
    endloop
  endfacet
  facet normal 0.9807852741388529 -0.19509035350927864 0
    outer loop
      vertex -46.3129847869277 45.60703147947788 2.2
      vertex -46.29205917567015 45.71223161369562 2.2
      vertex -46.29205917567015 45.71223161369562 4
    endloop
  endfacet
  facet normal 0.9469301471398814 -0.32143941332332376 0
    outer loop
      vertex -46.29205917567015 45.71223161369562 2.2
      vertex -46.25758121907711 45.81380041688681 2.2
      vertex -46.25758121907711 45.81380041688681 4
    endloop
  endfacet
  facet normal 0.8968727242477617 -0.4422887252693638 0
    outer loop
      vertex -46.25758121907711 45.81380041688681 2.2
      vertex -46.21014083176851 45.90999999642372 2.2
      vertex -46.21014083176851 45.90999999642372 4
    endloop
  endfacet
  facet normal 0.8314696171170867 -0.5555702258141317 0
    outer loop
      vertex -46.21014083176851 45.90999999642372 2.2
      vertex -46.15054973959923 45.999184370040894 2.2
      vertex -46.15054973959923 45.999184370040894 4
    endloop
  endfacet
  facet normal 0.751839824124741 -0.6593457961192127 0
    outer loop
      vertex -46.15054973959923 45.999184370040894 2.2
      vertex -46.079827561974525 46.079827561974525 2.2
      vertex -46.079827561974525 46.079827561974525 4
    endloop
  endfacet
  facet normal 0.6593457961192127 -0.751839824124741 0
    outer loop
      vertex -46.079827561974525 46.079827561974525 2.2
      vertex -45.999184370040894 46.15054973959923 2.2
      vertex -45.999184370040894 46.15054973959923 4
    endloop
  endfacet
  facet normal 0.5555702258141317 -0.8314696171170867 0
    outer loop
      vertex -45.999184370040894 46.15054973959923 2.2
      vertex -45.90999999642372 46.21014083176851 2.2
      vertex -45.90999999642372 46.21014083176851 4
    endloop
  endfacet
  facet normal 0.4422887252693638 -0.8968727242477617 0
    outer loop
      vertex -45.90999999642372 46.21014083176851 2.2
      vertex -45.81380041688681 46.25758121907711 2.2
      vertex -45.81380041688681 46.25758121907711 4
    endloop
  endfacet
  facet normal 0.32143941332332376 -0.9469301471398814 0
    outer loop
      vertex -45.81380041688681 46.25758121907711 2.2
      vertex -45.71223161369562 46.29205917567015 2.2
      vertex -45.71223161369562 46.29205917567015 4
    endloop
  endfacet
  facet normal 0.19509035350927864 -0.9807852741388529 0
    outer loop
      vertex -45.71223161369562 46.29205917567015 2.2
      vertex -45.60703147947788 46.3129847869277 2.2
      vertex -45.60703147947788 46.3129847869277 4
    endloop
  endfacet
  facet normal 0.06540312528577102 -0.9978589234971312 0
    outer loop
      vertex -45.60703147947788 46.3129847869277 2.2
      vertex -45.5 46.32000000029802 2.2
      vertex -45.5 46.32000000029802 4
    endloop
  endfacet
  facet normal 0 -1 0
    outer loop
      vertex -45.5 46.32000000029802 2.2
      vertex -44.7755956530809 46.32000000029802 2.2
      vertex -45.5 46.32000000029802 4
    endloop
  endfacet
  facet normal 1 0 0
    outer loop
      vertex -46.32000000029802 45.5 2.2
      vertex -46.32000000029802 45.5 4
      vertex -46.32000000029802 44.7755956530809 4
    endloop
  endfacet
  facet normal 0.9978589234971312 -0.06540312528577102 0
    outer loop
      vertex -46.32000000029802 45.5 2.2
      vertex -46.3129847869277 45.60703147947788 4
      vertex -46.32000000029802 45.5 4
    endloop
  endfacet
  facet normal 0.9807852741388529 -0.19509035350927864 0
    outer loop
      vertex -46.3129847869277 45.60703147947788 2.2
      vertex -46.29205917567015 45.71223161369562 4
      vertex -46.3129847869277 45.60703147947788 4
    endloop
  endfacet
  facet normal 0.9469301471398814 -0.32143941332332376 0
    outer loop
      vertex -46.29205917567015 45.71223161369562 2.2
      vertex -46.25758121907711 45.81380041688681 4
      vertex -46.29205917567015 45.71223161369562 4
    endloop
  endfacet
  facet normal 0.8968727242477617 -0.4422887252693638 0
    outer loop
      vertex -46.25758121907711 45.81380041688681 2.2
      vertex -46.21014083176851 45.90999999642372 4
      vertex -46.25758121907711 45.81380041688681 4
    endloop
  endfacet
  facet normal 0.8314696171170867 -0.5555702258141317 0
    outer loop
      vertex -46.21014083176851 45.90999999642372 2.2
      vertex -46.15054973959923 45.999184370040894 4
      vertex -46.21014083176851 45.90999999642372 4
    endloop
  endfacet
  facet normal 0.751839824124741 -0.6593457961192127 0
    outer loop
      vertex -46.15054973959923 45.999184370040894 2.2
      vertex -46.079827561974525 46.079827561974525 4
      vertex -46.15054973959923 45.999184370040894 4
    endloop
  endfacet
  facet normal 0.6593457961192127 -0.751839824124741 0
    outer loop
      vertex -46.079827561974525 46.079827561974525 2.2
      vertex -45.999184370040894 46.15054973959923 4
      vertex -46.079827561974525 46.079827561974525 4
    endloop
  endfacet
  facet normal 0.5555702258141317 -0.8314696171170867 0
    outer loop
      vertex -45.999184370040894 46.15054973959923 2.2
      vertex -45.90999999642372 46.21014083176851 4
      vertex -45.999184370040894 46.15054973959923 4
    endloop
  endfacet
  facet normal 0.4422887252693638 -0.8968727242477617 0
    outer loop
      vertex -45.90999999642372 46.21014083176851 2.2
      vertex -45.81380041688681 46.25758121907711 4
      vertex -45.90999999642372 46.21014083176851 4
    endloop
  endfacet
  facet normal 0.32143941332332376 -0.9469301471398814 0
    outer loop
      vertex -45.81380041688681 46.25758121907711 2.2
      vertex -45.71223161369562 46.29205917567015 4
      vertex -45.81380041688681 46.25758121907711 4
    endloop
  endfacet
  facet normal 0.19509035350927864 -0.9807852741388529 0
    outer loop
      vertex -45.71223161369562 46.29205917567015 2.2
      vertex -45.60703147947788 46.3129847869277 4
      vertex -45.71223161369562 46.29205917567015 4
    endloop
  endfacet
  facet normal 0.06540312528577102 -0.9978589234971312 0
    outer loop
      vertex -45.60703147947788 46.3129847869277 2.2
      vertex -45.5 46.32000000029802 4
      vertex -45.60703147947788 46.3129847869277 4
    endloop
  endfacet
  facet normal 0 -1 0
    outer loop
      vertex -44.7755956530809 46.32000000029802 2.2
      vertex -44.7755956530809 46.32000000029802 4
      vertex -45.5 46.32000000029802 4
    endloop
  endfacet
  facet normal 0 -1 0
    outer loop
      vertex -42.2244043469191 46.32000000029802 2.2
      vertex 42.2244043469191 46.32000000029802 2.2
      vertex -42.2244043469191 46.32000000029802 4
    endloop
  endfacet
  facet normal 0 1 0
    outer loop
      vertex -42.2244043469191 -46.32000000029802 2.2
      vertex 42.2244043469191 -46.32000000029802 4
      vertex 42.2244043469191 -46.32000000029802 2.2
    endloop
  endfacet
  facet normal 0 1 0
    outer loop
      vertex 44.7755956530809 -46.32000000029802 2.2
      vertex 45.5 -46.32000000029802 4
      vertex 45.5 -46.32000000029802 2.2
    endloop
  endfacet
  facet normal -0.06540312528577102 0.9978589234971312 0
    outer loop
      vertex 45.5 -46.32000000029802 2.2
      vertex 45.5 -46.32000000029802 4
      vertex 45.60703147947788 -46.3129847869277 2.2
    endloop
  endfacet
  facet normal -0.19509035350927864 0.9807852741388529 0
    outer loop
      vertex 45.60703147947788 -46.3129847869277 2.2
      vertex 45.60703147947788 -46.3129847869277 4
      vertex 45.71223161369562 -46.29205917567015 2.2
    endloop
  endfacet
  facet normal -0.32143941332332376 0.9469301471398814 0
    outer loop
      vertex 45.71223161369562 -46.29205917567015 2.2
      vertex 45.71223161369562 -46.29205917567015 4
      vertex 45.81380041688681 -46.25758121907711 2.2
    endloop
  endfacet
  facet normal -0.4422887252693638 0.8968727242477617 0
    outer loop
      vertex 45.81380041688681 -46.25758121907711 2.2
      vertex 45.81380041688681 -46.25758121907711 4
      vertex 45.90999999642372 -46.21014083176851 2.2
    endloop
  endfacet
  facet normal -0.5555702258141317 0.8314696171170867 0
    outer loop
      vertex 45.90999999642372 -46.21014083176851 2.2
      vertex 45.90999999642372 -46.21014083176851 4
      vertex 45.999184370040894 -46.15054973959923 2.2
    endloop
  endfacet
  facet normal -0.6593457961192127 0.751839824124741 0
    outer loop
      vertex 45.999184370040894 -46.15054973959923 2.2
      vertex 45.999184370040894 -46.15054973959923 4
      vertex 46.079827561974525 -46.079827561974525 2.2
    endloop
  endfacet
  facet normal -0.751839824124741 0.6593457961192127 0
    outer loop
      vertex 46.079827561974525 -46.079827561974525 2.2
      vertex 46.079827561974525 -46.079827561974525 4
      vertex 46.15054973959923 -45.999184370040894 2.2
    endloop
  endfacet
  facet normal -0.8314696171170867 0.5555702258141317 0
    outer loop
      vertex 46.15054973959923 -45.999184370040894 2.2
      vertex 46.15054973959923 -45.999184370040894 4
      vertex 46.21014083176851 -45.90999999642372 2.2
    endloop
  endfacet
  facet normal -0.8968727242477617 0.4422887252693638 0
    outer loop
      vertex 46.21014083176851 -45.90999999642372 2.2
      vertex 46.21014083176851 -45.90999999642372 4
      vertex 46.25758121907711 -45.81380041688681 2.2
    endloop
  endfacet
  facet normal -0.9469301471398814 0.32143941332332376 0
    outer loop
      vertex 46.25758121907711 -45.81380041688681 2.2
      vertex 46.25758121907711 -45.81380041688681 4
      vertex 46.29205917567015 -45.71223161369562 2.2
    endloop
  endfacet
  facet normal -0.9807852741388529 0.19509035350927864 0
    outer loop
      vertex 46.29205917567015 -45.71223161369562 2.2
      vertex 46.29205917567015 -45.71223161369562 4
      vertex 46.3129847869277 -45.60703147947788 2.2
    endloop
  endfacet
  facet normal -0.9978589234971312 0.06540312528577102 0
    outer loop
      vertex 46.3129847869277 -45.60703147947788 2.2
      vertex 46.3129847869277 -45.60703147947788 4
      vertex 46.32000000029802 -45.5 2.2
    endloop
  endfacet
  facet normal -1 0 0
    outer loop
      vertex 46.32000000029802 -45.5 2.2
      vertex 46.32000000029802 -44.7755956530809 4
      vertex 46.32000000029802 -44.7755956530809 2.2
    endloop
  endfacet
  facet normal -1 0 0
    outer loop
      vertex 46.32000000029802 -42.2244043469191 2.2
      vertex 46.32000000029802 -42.2244043469191 4
      vertex 46.32000000029802 -9.410102427199078 2.2
    endloop
  endfacet
  facet normal 0 1 0
    outer loop
      vertex 44.7755956530809 -46.32000000029802 2.2
      vertex 44.7755956530809 -46.32000000029802 4
      vertex 45.5 -46.32000000029802 4
    endloop
  endfacet
  facet normal -0.06540312528577102 0.9978589234971312 0
    outer loop
      vertex 45.60703147947788 -46.3129847869277 2.2
      vertex 45.5 -46.32000000029802 4
      vertex 45.60703147947788 -46.3129847869277 4
    endloop
  endfacet
  facet normal -0.19509035350927864 0.9807852741388529 0
    outer loop
      vertex 45.71223161369562 -46.29205917567015 2.2
      vertex 45.60703147947788 -46.3129847869277 4
      vertex 45.71223161369562 -46.29205917567015 4
    endloop
  endfacet
  facet normal -0.32143941332332376 0.9469301471398814 0
    outer loop
      vertex 45.81380041688681 -46.25758121907711 2.2
      vertex 45.71223161369562 -46.29205917567015 4
      vertex 45.81380041688681 -46.25758121907711 4
    endloop
  endfacet
  facet normal -0.4422887252693638 0.8968727242477617 0
    outer loop
      vertex 45.90999999642372 -46.21014083176851 2.2
      vertex 45.81380041688681 -46.25758121907711 4
      vertex 45.90999999642372 -46.21014083176851 4
    endloop
  endfacet
  facet normal -0.5555702258141317 0.8314696171170867 0
    outer loop
      vertex 45.999184370040894 -46.15054973959923 2.2
      vertex 45.90999999642372 -46.21014083176851 4
      vertex 45.999184370040894 -46.15054973959923 4
    endloop
  endfacet
  facet normal -0.6593457961192127 0.751839824124741 0
    outer loop
      vertex 46.079827561974525 -46.079827561974525 2.2
      vertex 45.999184370040894 -46.15054973959923 4
      vertex 46.079827561974525 -46.079827561974525 4
    endloop
  endfacet
  facet normal -0.751839824124741 0.6593457961192127 0
    outer loop
      vertex 46.15054973959923 -45.999184370040894 2.2
      vertex 46.079827561974525 -46.079827561974525 4
      vertex 46.15054973959923 -45.999184370040894 4
    endloop
  endfacet
  facet normal -0.8314696171170867 0.5555702258141317 0
    outer loop
      vertex 46.21014083176851 -45.90999999642372 2.2
      vertex 46.15054973959923 -45.999184370040894 4
      vertex 46.21014083176851 -45.90999999642372 4
    endloop
  endfacet
  facet normal -0.8968727242477617 0.4422887252693638 0
    outer loop
      vertex 46.25758121907711 -45.81380041688681 2.2
      vertex 46.21014083176851 -45.90999999642372 4
      vertex 46.25758121907711 -45.81380041688681 4
    endloop
  endfacet
  facet normal -0.9469301471398814 0.32143941332332376 0
    outer loop
      vertex 46.29205917567015 -45.71223161369562 2.2
      vertex 46.25758121907711 -45.81380041688681 4
      vertex 46.29205917567015 -45.71223161369562 4
    endloop
  endfacet
  facet normal -0.9807852741388529 0.19509035350927864 0
    outer loop
      vertex 46.3129847869277 -45.60703147947788 2.2
      vertex 46.29205917567015 -45.71223161369562 4
      vertex 46.3129847869277 -45.60703147947788 4
    endloop
  endfacet
  facet normal -0.9978589234971312 0.06540312528577102 0
    outer loop
      vertex 46.32000000029802 -45.5 2.2
      vertex 46.3129847869277 -45.60703147947788 4
      vertex 46.32000000029802 -45.5 4
    endloop
  endfacet
  facet normal -1 0 0
    outer loop
      vertex 46.32000000029802 -45.5 2.2
      vertex 46.32000000029802 -45.5 4
      vertex 46.32000000029802 -44.7755956530809 4
    endloop
  endfacet
  facet normal -1 0 0
    outer loop
      vertex 46.32000000029802 -42.2244043469191 4
      vertex 46.32000000029802 -5 2.2
      vertex 46.32000000029802 -9.410102427199078 2.2
    endloop
  endfacet
  facet normal -1 0 0
    outer loop
      vertex 46.32000000029802 -42.2244043469191 4
      vertex 46.32000000029802 -5 4
      vertex 46.32000000029802 -5 2.2
    endloop
  endfacet
  facet normal 0 -1 0
    outer loop
      vertex -42.2244043469191 46.32000000029802 4
      vertex 42.2244043469191 46.32000000029802 2.2
      vertex 42.2244043469191 46.32000000029802 4
    endloop
  endfacet
  facet normal -1 0 0
    outer loop
      vertex 46.32000000029802 42.2244043469191 2.2
      vertex 46.32000000029802 37 2.2
      vertex 46.32000000029802 37 4
    endloop
  endfacet
  facet normal -0.5555702258141317 -0.8314696171170867 0
    outer loop
      vertex 45.999184370040894 46.15054973959923 2.2
      vertex 45.999184370040894 46.15054973959923 4
      vertex 45.90999999642372 46.21014083176851 2.2
    endloop
  endfacet
  facet normal -0.6593457961192127 -0.751839824124741 0
    outer loop
      vertex 46.079827561974525 46.079827561974525 2.2
      vertex 46.079827561974525 46.079827561974525 4
      vertex 45.999184370040894 46.15054973959923 2.2
    endloop
  endfacet
  facet normal -0.751839824124741 -0.6593457961192127 0
    outer loop
      vertex 46.079827561974525 46.079827561974525 2.2
      vertex 46.15054973959923 45.999184370040894 2.2
      vertex 46.15054973959923 45.999184370040894 4
    endloop
  endfacet
  facet normal 0 -1 0
    outer loop
      vertex 44.7755956530809 46.32000000029802 2.2
      vertex 45.5 46.32000000029802 2.2
      vertex 44.7755956530809 46.32000000029802 4
    endloop
  endfacet
  facet normal -0.06540312528577102 -0.9978589234971312 0
    outer loop
      vertex 45.5 46.32000000029802 2.2
      vertex 45.60703147947788 46.3129847869277 2.2
      vertex 45.60703147947788 46.3129847869277 4
    endloop
  endfacet
  facet normal -0.19509035350927864 -0.9807852741388529 0
    outer loop
      vertex 45.60703147947788 46.3129847869277 2.2
      vertex 45.71223161369562 46.29205917567015 2.2
      vertex 45.71223161369562 46.29205917567015 4
    endloop
  endfacet
  facet normal -0.32143941332332376 -0.9469301471398814 0
    outer loop
      vertex 45.71223161369562 46.29205917567015 2.2
      vertex 45.81380041688681 46.25758121907711 2.2
      vertex 45.81380041688681 46.25758121907711 4
    endloop
  endfacet
  facet normal -0.4422887252693638 -0.8968727242477617 0
    outer loop
      vertex 45.81380041688681 46.25758121907711 2.2
      vertex 45.90999999642372 46.21014083176851 2.2
      vertex 45.90999999642372 46.21014083176851 4
    endloop
  endfacet
  facet normal -1 0 0
    outer loop
      vertex 46.32000000029802 44.7755956530809 2.2
      vertex 46.32000000029802 45.5 4
      vertex 46.32000000029802 45.5 2.2
    endloop
  endfacet
  facet normal -0.9978589234971312 -0.06540312528577102 0
    outer loop
      vertex 46.32000000029802 45.5 2.2
      vertex 46.32000000029802 45.5 4
      vertex 46.3129847869277 45.60703147947788 2.2
    endloop
  endfacet
  facet normal -0.9807852741388529 -0.19509035350927864 0
    outer loop
      vertex 46.3129847869277 45.60703147947788 2.2
      vertex 46.3129847869277 45.60703147947788 4
      vertex 46.29205917567015 45.71223161369562 2.2
    endloop
  endfacet
  facet normal -0.9469301471398814 -0.32143941332332376 0
    outer loop
      vertex 46.29205917567015 45.71223161369562 2.2
      vertex 46.29205917567015 45.71223161369562 4
      vertex 46.25758121907711 45.81380041688681 2.2
    endloop
  endfacet
  facet normal -0.8968727242477617 -0.4422887252693638 0
    outer loop
      vertex 46.25758121907711 45.81380041688681 2.2
      vertex 46.25758121907711 45.81380041688681 4
      vertex 46.21014083176851 45.90999999642372 2.2
    endloop
  endfacet
  facet normal -0.8314696171170867 -0.5555702258141317 0
    outer loop
      vertex 46.15054973959923 45.999184370040894 2.2
      vertex 46.21014083176851 45.90999999642372 2.2
      vertex 46.21014083176851 45.90999999642372 4
    endloop
  endfacet
  facet normal -1 0 0
    outer loop
      vertex 46.32000000029802 42.2244043469191 2.2
      vertex 46.32000000029802 37 4
      vertex 46.32000000029802 42.2244043469191 4
    endloop
  endfacet
  facet normal -0.8314696171170867 -0.5555702258141317 0
    outer loop
      vertex 46.15054973959923 45.999184370040894 2.2
      vertex 46.21014083176851 45.90999999642372 4
      vertex 46.15054973959923 45.999184370040894 4
    endloop
  endfacet
  facet normal -0.6593457961192127 -0.751839824124741 0
    outer loop
      vertex 45.999184370040894 46.15054973959923 2.2
      vertex 46.079827561974525 46.079827561974525 4
      vertex 45.999184370040894 46.15054973959923 4
    endloop
  endfacet
  facet normal -0.751839824124741 -0.6593457961192127 0
    outer loop
      vertex 46.079827561974525 46.079827561974525 2.2
      vertex 46.15054973959923 45.999184370040894 4
      vertex 46.079827561974525 46.079827561974525 4
    endloop
  endfacet
  facet normal 0 -1 0
    outer loop
      vertex 45.5 46.32000000029802 2.2
      vertex 45.5 46.32000000029802 4
      vertex 44.7755956530809 46.32000000029802 4
    endloop
  endfacet
  facet normal -0.06540312528577102 -0.9978589234971312 0
    outer loop
      vertex 45.5 46.32000000029802 2.2
      vertex 45.60703147947788 46.3129847869277 4
      vertex 45.5 46.32000000029802 4
    endloop
  endfacet
  facet normal -0.19509035350927864 -0.9807852741388529 0
    outer loop
      vertex 45.60703147947788 46.3129847869277 2.2
      vertex 45.71223161369562 46.29205917567015 4
      vertex 45.60703147947788 46.3129847869277 4
    endloop
  endfacet
  facet normal -0.32143941332332376 -0.9469301471398814 0
    outer loop
      vertex 45.71223161369562 46.29205917567015 2.2
      vertex 45.81380041688681 46.25758121907711 4
      vertex 45.71223161369562 46.29205917567015 4
    endloop
  endfacet
  facet normal -0.4422887252693638 -0.8968727242477617 0
    outer loop
      vertex 45.81380041688681 46.25758121907711 2.2
      vertex 45.90999999642372 46.21014083176851 4
      vertex 45.81380041688681 46.25758121907711 4
    endloop
  endfacet
  facet normal -0.5555702258141317 -0.8314696171170867 0
    outer loop
      vertex 45.90999999642372 46.21014083176851 2.2
      vertex 45.999184370040894 46.15054973959923 4
      vertex 45.90999999642372 46.21014083176851 4
    endloop
  endfacet
  facet normal -1 0 0
    outer loop
      vertex 46.32000000029802 44.7755956530809 2.2
      vertex 46.32000000029802 44.7755956530809 4
      vertex 46.32000000029802 45.5 4
    endloop
  endfacet
  facet normal -0.9978589234971312 -0.06540312528577102 0
    outer loop
      vertex 46.3129847869277 45.60703147947788 2.2
      vertex 46.32000000029802 45.5 4
      vertex 46.3129847869277 45.60703147947788 4
    endloop
  endfacet
  facet normal -0.9469301471398814 -0.32143941332332376 0
    outer loop
      vertex 46.25758121907711 45.81380041688681 2.2
      vertex 46.29205917567015 45.71223161369562 4
      vertex 46.25758121907711 45.81380041688681 4
    endloop
  endfacet
  facet normal -0.9807852741388529 -0.19509035350927864 0
    outer loop
      vertex 46.29205917567015 45.71223161369562 2.2
      vertex 46.3129847869277 45.60703147947788 4
      vertex 46.29205917567015 45.71223161369562 4
    endloop
  endfacet
  facet normal -0.8968727242477617 -0.4422887252693638 0
    outer loop
      vertex 46.21014083176851 45.90999999642372 2.2
      vertex 46.25758121907711 45.81380041688681 4
      vertex 46.21014083176851 45.90999999642372 4
    endloop
  endfacet
  facet normal 0 0 -1
    outer loop
      vertex -47.67 -9 2.2
      vertex -47.42000000178814 9 2.2
      vertex -47.42000000178814 -9 2.2
    endloop
  endfacet
  facet normal 0 -1 0
    outer loop
      vertex -47.67 -9 2.2
      vertex -47.42000000178814 -9 2.2
      vertex -47.67 -9 4
    endloop
  endfacet
  facet normal 0 -1 0
    outer loop
      vertex -47.42000000178814 -9 2.2
      vertex -47.42000000178814 -9 4
      vertex -47.67 -9 4
    endloop
  endfacet
  facet normal -1 0 0
    outer loop
      vertex -47.67 -9 2.2
      vertex -47.67 -9 4
      vertex -47.67 9 4
    endloop
  endfacet
  facet normal 0 0 1
    outer loop
      vertex -47.67 -9 4
      vertex -47.42000000178814 -9 4
      vertex -47.42000000178814 -5.999999892711884 4
    endloop
  endfacet
  facet normal 0 0 1
    outer loop
      vertex -47.67 -9 4
      vertex -47.42000000178814 -5.999999892711884 4
      vertex -47.67 9 4
    endloop
  endfacet
  facet normal 0 0 -1
    outer loop
      vertex -47.67 -9 2.2
      vertex -47.67 9 2.2
      vertex -47.42000000178814 9 2.2
    endloop
  endfacet
  facet normal -1 0 0
    outer loop
      vertex -47.67 -9 2.2
      vertex -47.67 9 4
      vertex -47.67 9 2.2
    endloop
  endfacet
  facet normal 0 1 0
    outer loop
      vertex -47.67 9 2.2
      vertex -47.67 9 4
      vertex -47.42000000178814 9 2.2
    endloop
  endfacet
  facet normal 0 1 0
    outer loop
      vertex -47.42000000178814 9 2.2
      vertex -47.67 9 4
      vertex -47.42000000178814 9 4
    endloop
  endfacet
  facet normal 0 0 1
    outer loop
      vertex -47.42000000178814 -5.999999892711884 4
      vertex -47.42000000178814 9 4
      vertex -47.67 9 4
    endloop
  endfacet
  facet normal 0 0 -1
    outer loop
      vertex -9 -47.67 2.2
      vertex -9 -47.42000000178814 2.2
      vertex 9 -47.67 2.2
    endloop
  endfacet
  facet normal -1 0 0
    outer loop
      vertex -9 -47.67 2.2
      vertex -9 -47.67 4
      vertex -9 -47.42000000178814 2.2
    endloop
  endfacet
  facet normal 0 -1 0
    outer loop
      vertex -9 -47.67 2.2
      vertex 9 -47.67 2.2
      vertex -9 -47.67 4
    endloop
  endfacet
  facet normal -1 0 0
    outer loop
      vertex -9 -47.42000000178814 2.2
      vertex -9 -47.67 4
      vertex -9 -47.42000000178814 4
    endloop
  endfacet
  facet normal 0 0 1
    outer loop
      vertex -9 -47.67 4
      vertex 5.999999892711884 -47.42000000178814 4
      vertex -9 -47.42000000178814 4
    endloop
  endfacet
  facet normal 0 0 -1
    outer loop
      vertex -9 -47.42000000178814 2.2
      vertex 9 -47.42000000178814 2.2
      vertex 9 -47.67 2.2
    endloop
  endfacet
  facet normal 1 0 0
    outer loop
      vertex 9 -47.67 2.2
      vertex 9 -47.42000000178814 2.2
      vertex 9 -47.67 4
    endloop
  endfacet
  facet normal 0 -1 0
    outer loop
      vertex -9 -47.67 4
      vertex 9 -47.67 2.2
      vertex 9 -47.67 4
    endloop
  endfacet
  facet normal 1 0 0
    outer loop
      vertex 9 -47.42000000178814 2.2
      vertex 9 -47.42000000178814 4
      vertex 9 -47.67 4
    endloop
  endfacet
  facet normal 0 0 1
    outer loop
      vertex -9 -47.42000000178814 4
      vertex 5.999999892711884 -47.42000000178814 4
      vertex 8.308457118211793 -47.38152571469647 4
    endloop
  endfacet
  facet normal 0 0 1
    outer loop
      vertex -9 -47.67 4
      vertex 9 -47.67 4
      vertex 5.999999892711884 -47.42000000178814 4
    endloop
  endfacet
  facet normal 0 0 1
    outer loop
      vertex 5.999999892711884 -47.42000000178814 4
      vertex 9 -47.67 4
      vertex 9 -47.42000000178814 4
    endloop
  endfacet
  facet normal 0 0 -1
    outer loop
      vertex 47.42000000178814 -9 2.2
      vertex 47.67 -5 2.2
      vertex 47.67 -9 2.2
    endloop
  endfacet
  facet normal 0 0 -1
    outer loop
      vertex 47.42000000178814 -9 2.2
      vertex 47.42000000178814 -5 2.2
      vertex 47.67 -5 2.2
    endloop
  endfacet
  facet normal 0 -1 0
    outer loop
      vertex 47.42000000178814 -9 2.2
      vertex 47.67 -9 2.2
      vertex 47.67 -9 4
    endloop
  endfacet
  facet normal 1 0 0
    outer loop
      vertex 47.67 -9 2.2
      vertex 47.67 -5 2.2
      vertex 47.67 -5 4
    endloop
  endfacet
  facet normal 0 -1 0
    outer loop
      vertex 47.42000000178814 -9 2.2
      vertex 47.67 -9 4
      vertex 47.42000000178814 -9 4
    endloop
  endfacet
  facet normal 1 0 0
    outer loop
      vertex 47.67 -9 2.2
      vertex 47.67 -5 4
      vertex 47.67 -9 4
    endloop
  endfacet
  facet normal 0 0 1
    outer loop
      vertex 47.42000000178814 -9 4
      vertex 47.67 -9 4
      vertex 47.42000000178814 -5 4
    endloop
  endfacet
  facet normal 0 0 1
    outer loop
      vertex 47.67 -9 4
      vertex 47.67 -5 4
      vertex 47.42000000178814 -5 4
    endloop
  endfacet
  facet normal 0 0 -1
    outer loop
      vertex -9 47.42000000178814 2.2
      vertex -9 47.67 2.2
      vertex 9 47.42000000178814 2.2
    endloop
  endfacet
  facet normal -1 0 0
    outer loop
      vertex -9 47.42000000178814 2.2
      vertex -9 47.67 4
      vertex -9 47.67 2.2
    endloop
  endfacet
  facet normal -1 0 0
    outer loop
      vertex -9 47.42000000178814 2.2
      vertex -9 47.42000000178814 4
      vertex -9 47.67 4
    endloop
  endfacet
  facet normal 0 1 0
    outer loop
      vertex -9 47.67 2.2
      vertex -9 47.67 4
      vertex 9 47.67 4
    endloop
  endfacet
  facet normal 0 0 1
    outer loop
      vertex -9 47.42000000178814 4
      vertex -5.999999892711884 47.42000000178814 4
      vertex -9 47.67 4
    endloop
  endfacet
  facet normal 0 0 1
    outer loop
      vertex -9 47.67 4
      vertex -5.999999892711884 47.42000000178814 4
      vertex 9 47.67 4
    endloop
  endfacet
  facet normal 0 0 -1
    outer loop
      vertex -9 47.67 2.2
      vertex 9 47.67 2.2
      vertex 9 47.42000000178814 2.2
    endloop
  endfacet
  facet normal 0 1 0
    outer loop
      vertex -9 47.67 2.2
      vertex 9 47.67 4
      vertex 9 47.67 2.2
    endloop
  endfacet
  facet normal 1 0 0
    outer loop
      vertex 9 47.42000000178814 2.2
      vertex 9 47.67 2.2
      vertex 9 47.67 4
    endloop
  endfacet
  facet normal 1 0 0
    outer loop
      vertex 9 47.42000000178814 2.2
      vertex 9 47.67 4
      vertex 9 47.42000000178814 4
    endloop
  endfacet
  facet normal 0 0 1
    outer loop
      vertex -5.999999892711884 47.42000000178814 4
      vertex 9 47.42000000178814 4
      vertex 9 47.67 4
    endloop
  endfacet
  facet normal -0.8968727415326841 -0.44228869021900985 0
    outer loop
      vertex -46.18467875173176 -45.05 2.2
      vertex -46.32000000029802 -44.7755956530809 4
      vertex -46.32000000029802 -44.7755956530809 2.2
    endloop
  endfacet
  facet normal -0.44228869021900985 -0.8968727415326841 0
    outer loop
      vertex -45.05 -46.18467875173176 2.2
      vertex -44.7755956530809 -46.32000000029802 2.2
      vertex -44.7755956530809 -46.32000000029802 4
    endloop
  endfacet
  facet normal -0.7518398074789706 -0.6593458151000765 0
    outer loop
      vertex -45.6920310216783 -45.6920310216783 2.2
      vertex -45.95939535490283 -45.387160429927036 4.4
      vertex -45.95939535490283 -45.387160429927036 2.2
    endloop
  endfacet
  facet normal -0.6593458151000765 -0.7518398074789706 0
    outer loop
      vertex -45.6920310216783 -45.6920310216783 2.2
      vertex -45.387160429927036 -45.95939535490283 2.2
      vertex -45.387160429927036 -45.95939535490283 4.4
    endloop
  endfacet
  facet normal -0.831469612302552 -0.5555702330195921 0
    outer loop
      vertex -46.18467875173176 -45.05 2.2
      vertex -45.95939535490283 -45.387160429927036 2.2
      vertex -46.18467875173176 -45.05 4.4
    endloop
  endfacet
  facet normal -0.5555702330195921 -0.831469612302552 0
    outer loop
      vertex -45.05 -46.18467875173176 2.2
      vertex -45.05 -46.18467875173176 4.4
      vertex -45.387160429927036 -45.95939535490283 2.2
    endloop
  endfacet
  facet normal -0.8968727415326841 0.44228869021900985 0
    outer loop
      vertex -46.32000000029802 -42.2244043469191 2.2
      vertex -46.32000000029802 -42.2244043469191 4
      vertex -46.18467875173176 -41.95 2.2
    endloop
  endfacet
  facet normal -0.831469612302552 0.5555702330195921 0
    outer loop
      vertex -46.18467875173176 -41.95 2.2
      vertex -45.95939535490283 -41.612839570072964 4.4
      vertex -45.95939535490283 -41.612839570072964 2.2
    endloop
  endfacet
  facet normal 0.4422886902190098 -0.8968727415326841 0
    outer loop
      vertex -42.2244043469191 -46.32000000029802 2.2
      vertex -41.95 -46.18467875173176 2.2
      vertex -41.95 -46.18467875173176 4.4
    endloop
  endfacet
  facet normal 0.5555702330195921 -0.831469612302552 0
    outer loop
      vertex -41.95 -46.18467875173176 2.2
      vertex -41.612839570072964 -45.95939535490283 2.2
      vertex -41.612839570072964 -45.95939535490283 4.4
    endloop
  endfacet
  facet normal -0.7518398074789706 0.6593458151000765 0
    outer loop
      vertex -45.95939535490283 -41.612839570072964 2.2
      vertex -45.6920310216783 -41.3079689783217 4.4
      vertex -45.6920310216783 -41.3079689783217 2.2
    endloop
  endfacet
  facet normal -0.6593458151000765 0.7518398074789706 0
    outer loop
      vertex -45.6920310216783 -41.3079689783217 2.2
      vertex -45.6920310216783 -41.3079689783217 4.4
      vertex -45.387160429927036 -41.04060464509717 2.2
    endloop
  endfacet
  facet normal -0.5555702330195921 0.831469612302552 0
    outer loop
      vertex -45.387160429927036 -41.04060464509717 2.2
      vertex -45.387160429927036 -41.04060464509717 4.4
      vertex -45.05 -40.81532124826824 2.2
    endloop
  endfacet
  facet normal -0.4422886902190092 0.8968727415326844 0
    outer loop
      vertex -45.05 -40.81532124826824 2.2
      vertex -45.05 -40.81532124826824 4.4
      vertex -44.68631864033178 -40.63597344921501 2.2
    endloop
  endfacet
  facet normal -0.321439465303161 0.9469301294951058 0
    outer loop
      vertex -44.68631864033178 -40.63597344921501 2.2
      vertex -44.68631864033178 -40.63597344921501 4.4
      vertex -44.30233903981782 -40.50562993850389 2.2
    endloop
  endfacet
  facet normal -0.19509032201612556 0.9807852804032309 0
    outer loop
      vertex -44.30233903981782 -40.50562993850389 2.2
      vertex -44.30233903981782 -40.50562993850389 4.4
      vertex -43.90463119588216 -40.42652092974119 2.2
    endloop
  endfacet
  facet normal -0.06540312923014509 0.9978589232386035 0
    outer loop
      vertex -43.90463119588216 -40.42652092974119 2.2
      vertex -43.90463119588216 -40.42652092974119 4.4
      vertex -43.5 -40.4 2.2
    endloop
  endfacet
  facet normal 0.06540312923014509 0.9978589232386035 0
    outer loop
      vertex -43.5 -40.4 2.2
      vertex -43.5 -40.4 4.4
      vertex -43.09536880411784 -40.42652092974119 2.2
    endloop
  endfacet
  facet normal 0.19509032201612556 0.9807852804032309 0
    outer loop
      vertex -43.09536880411784 -40.42652092974119 2.2
      vertex -43.09536880411784 -40.42652092974119 4.4
      vertex -42.69766096018218 -40.50562993850389 2.2
    endloop
  endfacet
  facet normal 0.321439465303161 0.9469301294951058 0
    outer loop
      vertex -42.69766096018218 -40.50562993850389 2.2
      vertex -42.69766096018218 -40.50562993850389 4.4
      vertex -42.31368135966822 -40.63597344921501 2.2
    endloop
  endfacet
  facet normal 0.4422886902190092 0.8968727415326844 0
    outer loop
      vertex -42.31368135966822 -40.63597344921501 2.2
      vertex -42.31368135966822 -40.63597344921501 4.4
      vertex -41.95 -40.81532124826824 2.2
    endloop
  endfacet
  facet normal 0.5555702330195921 0.831469612302552 0
    outer loop
      vertex -41.95 -40.81532124826824 2.2
      vertex -41.95 -40.81532124826824 4.4
      vertex -41.612839570072964 -41.04060464509717 2.2
    endloop
  endfacet
  facet normal 0.6593458151000765 -0.7518398074789706 0
    outer loop
      vertex -41.612839570072964 -45.95939535490283 2.2
      vertex -41.3079689783217 -45.6920310216783 2.2
      vertex -41.3079689783217 -45.6920310216783 4.4
    endloop
  endfacet
  facet normal 0.7518398074789706 -0.6593458151000765 0
    outer loop
      vertex -41.3079689783217 -45.6920310216783 2.2
      vertex -41.04060464509717 -45.387160429927036 2.2
      vertex -41.3079689783217 -45.6920310216783 4.4
    endloop
  endfacet
  facet normal 0.831469612302552 -0.5555702330195921 0
    outer loop
      vertex -41.04060464509717 -45.387160429927036 2.2
      vertex -40.81532124826824 -45.05 2.2
      vertex -41.04060464509717 -45.387160429927036 4.4
    endloop
  endfacet
  facet normal 0.8968727415326844 -0.4422886902190092 0
    outer loop
      vertex -40.81532124826824 -45.05 2.2
      vertex -40.63597344921501 -44.68631864033178 2.2
      vertex -40.81532124826824 -45.05 4.4
    endloop
  endfacet
  facet normal 0.9469301294951058 -0.321439465303161 0
    outer loop
      vertex -40.63597344921501 -44.68631864033178 2.2
      vertex -40.50562993850389 -44.30233903981782 2.2
      vertex -40.63597344921501 -44.68631864033178 4.4
    endloop
  endfacet
  facet normal 0.9807852804032309 -0.19509032201612556 0
    outer loop
      vertex -40.50562993850389 -44.30233903981782 2.2
      vertex -40.42652092974119 -43.90463119588216 2.2
      vertex -40.50562993850389 -44.30233903981782 4.4
    endloop
  endfacet
  facet normal 0.9978589232386035 -0.06540312923014509 0
    outer loop
      vertex -40.42652092974119 -43.90463119588216 2.2
      vertex -40.4 -43.5 2.2
      vertex -40.42652092974119 -43.90463119588216 4.4
    endloop
  endfacet
  facet normal 0.9978589232386035 0.06540312923014509 0
    outer loop
      vertex -40.4 -43.5 2.2
      vertex -40.42652092974119 -43.09536880411784 2.2
      vertex -40.4 -43.5 4.4
    endloop
  endfacet
  facet normal 0.9807852804032309 0.19509032201612556 0
    outer loop
      vertex -40.42652092974119 -43.09536880411784 2.2
      vertex -40.50562993850389 -42.69766096018218 2.2
      vertex -40.42652092974119 -43.09536880411784 4.4
    endloop
  endfacet
  facet normal 0.9469301294951058 0.321439465303161 0
    outer loop
      vertex -40.50562993850389 -42.69766096018218 2.2
      vertex -40.63597344921501 -42.31368135966822 2.2
      vertex -40.50562993850389 -42.69766096018218 4.4
    endloop
  endfacet
  facet normal 0.8968727415326844 0.4422886902190092 0
    outer loop
      vertex -40.63597344921501 -42.31368135966822 2.2
      vertex -40.81532124826824 -41.95 2.2
      vertex -40.63597344921501 -42.31368135966822 4.4
    endloop
  endfacet
  facet normal 0.831469612302552 0.5555702330195921 0
    outer loop
      vertex -40.81532124826824 -41.95 2.2
      vertex -41.04060464509717 -41.612839570072964 2.2
      vertex -40.81532124826824 -41.95 4.4
    endloop
  endfacet
  facet normal 0.6593458151000765 0.7518398074789706 0
    outer loop
      vertex -41.612839570072964 -41.04060464509717 2.2
      vertex -41.612839570072964 -41.04060464509717 4.4
      vertex -41.3079689783217 -41.3079689783217 2.2
    endloop
  endfacet
  facet normal 0.7518398074789706 0.6593458151000765 0
    outer loop
      vertex -41.04060464509717 -41.612839570072964 2.2
      vertex -41.3079689783217 -41.3079689783217 2.2
      vertex -41.04060464509717 -41.612839570072964 4.4
    endloop
  endfacet
  facet normal -0.8968727415326841 -0.4422886902190098 0
    outer loop
      vertex -46.18467875173176 -45.05 2.2
      vertex -46.18467875173176 -45.05 4.4
      vertex -46.32000000029802 -44.7755956530809 4
    endloop
  endfacet
  facet normal -0.4422886902190098 -0.8968727415326841 0
    outer loop
      vertex -45.05 -46.18467875173176 2.2
      vertex -44.7755956530809 -46.32000000029802 4
      vertex -45.05 -46.18467875173176 4.4
    endloop
  endfacet
  facet normal -0.8968727415326841 0.4422886902190098 0
    outer loop
      vertex -46.18467875173176 -41.95 2.2
      vertex -46.32000000029802 -42.2244043469191 4
      vertex -46.18467875173176 -41.95 4.4
    endloop
  endfacet
  facet normal 0.44228869021900985 -0.8968727415326841 0
    outer loop
      vertex -42.2244043469191 -46.32000000029802 2.2
      vertex -41.95 -46.18467875173176 4.4
      vertex -42.2244043469191 -46.32000000029802 4
    endloop
  endfacet
  facet normal -0.7518398074789706 -0.6593458151000765 0
    outer loop
      vertex -45.6920310216783 -45.6920310216783 2.2
      vertex -45.6920310216783 -45.6920310216783 4.4
      vertex -45.95939535490283 -45.387160429927036 4.4
    endloop
  endfacet
  facet normal -0.6593458151000765 -0.7518398074789706 0
    outer loop
      vertex -45.6920310216783 -45.6920310216783 2.2
      vertex -45.387160429927036 -45.95939535490283 4.4
      vertex -45.6920310216783 -45.6920310216783 4.4
    endloop
  endfacet
  facet normal -0.831469612302552 -0.5555702330195921 0
    outer loop
      vertex -45.95939535490283 -45.387160429927036 2.2
      vertex -45.95939535490283 -45.387160429927036 4.4
      vertex -46.18467875173176 -45.05 4.4
    endloop
  endfacet
  facet normal -0.5555702330195921 -0.831469612302552 0
    outer loop
      vertex -45.387160429927036 -45.95939535490283 2.2
      vertex -45.05 -46.18467875173176 4.4
      vertex -45.387160429927036 -45.95939535490283 4.4
    endloop
  endfacet
  facet normal -0.831469612302552 0.5555702330195921 0
    outer loop
      vertex -46.18467875173176 -41.95 2.2
      vertex -46.18467875173176 -41.95 4.4
      vertex -45.95939535490283 -41.612839570072964 4.4
    endloop
  endfacet
  facet normal 0.5555702330195921 -0.831469612302552 0
    outer loop
      vertex -41.95 -46.18467875173176 2.2
      vertex -41.612839570072964 -45.95939535490283 4.4
      vertex -41.95 -46.18467875173176 4.4
    endloop
  endfacet
  facet normal -0.7518398074789706 0.6593458151000765 0
    outer loop
      vertex -45.95939535490283 -41.612839570072964 2.2
      vertex -45.95939535490283 -41.612839570072964 4.4
      vertex -45.6920310216783 -41.3079689783217 4.4
    endloop
  endfacet
  facet normal -0.6593458151000765 0.7518398074789706 0
    outer loop
      vertex -45.387160429927036 -41.04060464509717 2.2
      vertex -45.6920310216783 -41.3079689783217 4.4
      vertex -45.387160429927036 -41.04060464509717 4.4
    endloop
  endfacet
  facet normal -0.5555702330195921 0.831469612302552 0
    outer loop
      vertex -45.05 -40.81532124826824 2.2
      vertex -45.387160429927036 -41.04060464509717 4.4
      vertex -45.05 -40.81532124826824 4.4
    endloop
  endfacet
  facet normal -0.4422886902190092 0.8968727415326844 0
    outer loop
      vertex -44.68631864033178 -40.63597344921501 2.2
      vertex -45.05 -40.81532124826824 4.4
      vertex -44.68631864033178 -40.63597344921501 4.4
    endloop
  endfacet
  facet normal -0.321439465303161 0.9469301294951058 0
    outer loop
      vertex -44.30233903981782 -40.50562993850389 2.2
      vertex -44.68631864033178 -40.63597344921501 4.4
      vertex -44.30233903981782 -40.50562993850389 4.4
    endloop
  endfacet
  facet normal -0.19509032201612556 0.9807852804032309 0
    outer loop
      vertex -43.90463119588216 -40.42652092974119 2.2
      vertex -44.30233903981782 -40.50562993850389 4.4
      vertex -43.90463119588216 -40.42652092974119 4.4
    endloop
  endfacet
  facet normal -0.06540312923014509 0.9978589232386035 0
    outer loop
      vertex -43.5 -40.4 2.2
      vertex -43.90463119588216 -40.42652092974119 4.4
      vertex -43.5 -40.4 4.4
    endloop
  endfacet
  facet normal 0.06540312923014509 0.9978589232386035 0
    outer loop
      vertex -43.09536880411784 -40.42652092974119 2.2
      vertex -43.5 -40.4 4.4
      vertex -43.09536880411784 -40.42652092974119 4.4
    endloop
  endfacet
  facet normal 0.19509032201612556 0.9807852804032309 0
    outer loop
      vertex -42.69766096018218 -40.50562993850389 2.2
      vertex -43.09536880411784 -40.42652092974119 4.4
      vertex -42.69766096018218 -40.50562993850389 4.4
    endloop
  endfacet
  facet normal 0.321439465303161 0.9469301294951058 0
    outer loop
      vertex -42.31368135966822 -40.63597344921501 2.2
      vertex -42.69766096018218 -40.50562993850389 4.4
      vertex -42.31368135966822 -40.63597344921501 4.4
    endloop
  endfacet
  facet normal 0.4422886902190092 0.8968727415326844 0
    outer loop
      vertex -41.95 -40.81532124826824 2.2
      vertex -42.31368135966822 -40.63597344921501 4.4
      vertex -41.95 -40.81532124826824 4.4
    endloop
  endfacet
  facet normal 0.5555702330195921 0.831469612302552 0
    outer loop
      vertex -41.612839570072964 -41.04060464509717 2.2
      vertex -41.95 -40.81532124826824 4.4
      vertex -41.612839570072964 -41.04060464509717 4.4
    endloop
  endfacet
  facet normal 0.6593458151000765 -0.7518398074789706 0
    outer loop
      vertex -41.612839570072964 -45.95939535490283 2.2
      vertex -41.3079689783217 -45.6920310216783 4.4
      vertex -41.612839570072964 -45.95939535490283 4.4
    endloop
  endfacet
  facet normal 0.7518398074789706 -0.6593458151000765 0
    outer loop
      vertex -41.04060464509717 -45.387160429927036 2.2
      vertex -41.04060464509717 -45.387160429927036 4.4
      vertex -41.3079689783217 -45.6920310216783 4.4
    endloop
  endfacet
  facet normal 0.831469612302552 -0.5555702330195921 0
    outer loop
      vertex -40.81532124826824 -45.05 2.2
      vertex -40.81532124826824 -45.05 4.4
      vertex -41.04060464509717 -45.387160429927036 4.4
    endloop
  endfacet
  facet normal 0.8968727415326844 -0.4422886902190092 0
    outer loop
      vertex -40.63597344921501 -44.68631864033178 2.2
      vertex -40.63597344921501 -44.68631864033178 4.4
      vertex -40.81532124826824 -45.05 4.4
    endloop
  endfacet
  facet normal 0.9469301294951058 -0.321439465303161 0
    outer loop
      vertex -40.50562993850389 -44.30233903981782 2.2
      vertex -40.50562993850389 -44.30233903981782 4.4
      vertex -40.63597344921501 -44.68631864033178 4.4
    endloop
  endfacet
  facet normal 0.9807852804032309 -0.19509032201612556 0
    outer loop
      vertex -40.42652092974119 -43.90463119588216 2.2
      vertex -40.42652092974119 -43.90463119588216 4.4
      vertex -40.50562993850389 -44.30233903981782 4.4
    endloop
  endfacet
  facet normal 0.9978589232386035 -0.06540312923014509 0
    outer loop
      vertex -40.4 -43.5 2.2
      vertex -40.4 -43.5 4.4
      vertex -40.42652092974119 -43.90463119588216 4.4
    endloop
  endfacet
  facet normal 0.9978589232386035 0.06540312923014509 0
    outer loop
      vertex -40.42652092974119 -43.09536880411784 2.2
      vertex -40.42652092974119 -43.09536880411784 4.4
      vertex -40.4 -43.5 4.4
    endloop
  endfacet
  facet normal 0.9807852804032309 0.19509032201612556 0
    outer loop
      vertex -40.50562993850389 -42.69766096018218 2.2
      vertex -40.50562993850389 -42.69766096018218 4.4
      vertex -40.42652092974119 -43.09536880411784 4.4
    endloop
  endfacet
  facet normal 0.831469612302552 0.5555702330195921 0
    outer loop
      vertex -41.04060464509717 -41.612839570072964 2.2
      vertex -41.04060464509717 -41.612839570072964 4.4
      vertex -40.81532124826824 -41.95 4.4
    endloop
  endfacet
  facet normal 0.8968727415326844 0.4422886902190092 0
    outer loop
      vertex -40.81532124826824 -41.95 2.2
      vertex -40.81532124826824 -41.95 4.4
      vertex -40.63597344921501 -42.31368135966822 4.4
    endloop
  endfacet
  facet normal 0.9469301294951058 0.321439465303161 0
    outer loop
      vertex -40.63597344921501 -42.31368135966822 2.2
      vertex -40.63597344921501 -42.31368135966822 4.4
      vertex -40.50562993850389 -42.69766096018218 4.4
    endloop
  endfacet
  facet normal 0.6593458151000765 0.7518398074789706 0
    outer loop
      vertex -41.3079689783217 -41.3079689783217 2.2
      vertex -41.612839570072964 -41.04060464509717 4.4
      vertex -41.3079689783217 -41.3079689783217 4.4
    endloop
  endfacet
  facet normal 0.7518398074789706 0.6593458151000765 0
    outer loop
      vertex -41.3079689783217 -41.3079689783217 2.2
      vertex -41.3079689783217 -41.3079689783217 4.4
      vertex -41.04060464509717 -41.612839570072964 4.4
    endloop
  endfacet
  facet normal -0.8968727415326853 -0.4422886902190072 0
    outer loop
      vertex -46.32000000029802 -44.7755956530809 4
      vertex -46.36402655078499 -44.68631864033178 4.4
      vertex -46.36402655078499 -44.68631864033178 4
    endloop
  endfacet
  facet normal -0.4422886902190072 -0.8968727415326853 2.2655037364368474e-15
    outer loop
      vertex -44.7755956530809 -46.32000000029802 4
      vertex -44.68631864033178 -46.36402655078499 4
      vertex -45.05 -46.18467875173176 4.4
    endloop
  endfacet
  facet normal -0.8968727415326845 -0.4422886902190092 5.561390502542418e-16
    outer loop
      vertex -46.32000000029802 -44.7755956530809 4
      vertex -46.18467875173176 -45.05 4.4
      vertex -46.36402655078499 -44.68631864033178 4.4
    endloop
  endfacet
  facet normal -0.4422886902190092 -0.8968727415326845 0
    outer loop
      vertex -44.68631864033178 -46.36402655078499 4
      vertex -44.68631864033178 -46.36402655078499 4.4
      vertex -45.05 -46.18467875173176 4.4
    endloop
  endfacet
  facet normal 0 0 1
    outer loop
      vertex -45.05 -46.18467875173176 4.4
      vertex -44.68631864033178 -46.36402655078499 4.4
      vertex -44.88836834550966 -44.56533250076526 4.4
    endloop
  endfacet
  facet normal 0 0 1
    outer loop
      vertex -45.05 -46.18467875173176 4.4
      vertex -45.23502850740417 -43.72842083638509 4.4
      vertex -45.387160429927036 -45.95939535490283 4.4
    endloop
  endfacet
  facet normal 0 0 1
    outer loop
      vertex -45.05 -46.18467875173176 4.4
      vertex -45.11678918189475 -44.16969600663891 4.4
      vertex -45.19037019600587 -43.95293332892941 4.4
    endloop
  endfacet
  facet normal 0 0 1
    outer loop
      vertex -44.73743686707646 -44.73743686707646 4.4
      vertex -44.88836834550966 -44.56533250076526 4.4
      vertex -44.68631864033178 -46.36402655078499 4.4
    endloop
  endfacet
  facet normal 0 0 1
    outer loop
      vertex -45.05 -46.18467875173176 4.4
      vertex -44.88836834550966 -44.56533250076526 4.4
      vertex -45.01554445662277 -44.375 4.4
    endloop
  endfacet
  facet normal 0 0 1
    outer loop
      vertex -45.05 -46.18467875173176 4.4
      vertex -45.01554445662277 -44.375 4.4
      vertex -45.11678918189475 -44.16969600663891 4.4
    endloop
  endfacet
  facet normal -0.9469301294951059 -0.3214394653031609 0
    outer loop
      vertex -46.36402655078499 -44.68631864033178 4
      vertex -46.49437006149611 -44.30233903981782 4.4
      vertex -46.49437006149611 -44.30233903981782 4
    endloop
  endfacet
  facet normal -0.9807852804032309 -0.19509032201612553 0
    outer loop
      vertex -46.49437006149611 -44.30233903981782 4
      vertex -46.57347907025881 -43.90463119588216 4.4
      vertex -46.57347907025881 -43.90463119588216 4
    endloop
  endfacet
  facet normal -0.9978589232386035 -0.0654031292301451 0
    outer loop
      vertex -46.57347907025881 -43.90463119588216 4
      vertex -46.6 -43.5 4.4
      vertex -46.6 -43.5 4
    endloop
  endfacet
  facet normal -0.9978589232386035 0.0654031292301451 0
    outer loop
      vertex -46.6 -43.5 4
      vertex -46.57347907025881 -43.09536880411784 4.4
      vertex -46.57347907025881 -43.09536880411784 4
    endloop
  endfacet
  facet normal -0.9807852804032309 0.19509032201612553 0
    outer loop
      vertex -46.57347907025881 -43.09536880411784 4
      vertex -46.49437006149611 -42.69766096018218 4.4
      vertex -46.49437006149611 -42.69766096018218 4
    endloop
  endfacet
  facet normal -0.9469301294951059 0.3214394653031609 0
    outer loop
      vertex -46.49437006149611 -42.69766096018218 4
      vertex -46.36402655078499 -42.31368135966822 4.4
      vertex -46.36402655078499 -42.31368135966822 4
    endloop
  endfacet
  facet normal -0.8968727415326853 0.4422886902190072 0
    outer loop
      vertex -46.36402655078499 -42.31368135966822 4
      vertex -46.36402655078499 -42.31368135966822 4.4
      vertex -46.32000000029802 -42.2244043469191 4
    endloop
  endfacet
  facet normal -0.9469301294951059 -0.3214394653031609 0
    outer loop
      vertex -46.36402655078499 -44.68631864033178 4
      vertex -46.36402655078499 -44.68631864033178 4.4
      vertex -46.49437006149611 -44.30233903981782 4.4
    endloop
  endfacet
  facet normal -0.9807852804032309 -0.19509032201612553 0
    outer loop
      vertex -46.49437006149611 -44.30233903981782 4
      vertex -46.49437006149611 -44.30233903981782 4.4
      vertex -46.57347907025881 -43.90463119588216 4.4
    endloop
  endfacet
  facet normal -0.9978589232386035 -0.0654031292301451 0
    outer loop
      vertex -46.57347907025881 -43.90463119588216 4
      vertex -46.57347907025881 -43.90463119588216 4.4
      vertex -46.6 -43.5 4.4
    endloop
  endfacet
  facet normal -0.9978589232386035 0.0654031292301451 0
    outer loop
      vertex -46.6 -43.5 4
      vertex -46.6 -43.5 4.4
      vertex -46.57347907025881 -43.09536880411784 4.4
    endloop
  endfacet
  facet normal 0 0 1
    outer loop
      vertex -46.18467875173176 -45.05 4.4
      vertex -46.36402655078499 -42.31368135966822 4.4
      vertex -46.36402655078499 -44.68631864033178 4.4
    endloop
  endfacet
  facet normal 0 0 1
    outer loop
      vertex -46.57347907025881 -43.90463119588216 4.4
      vertex -46.57347907025881 -43.09536880411784 4.4
      vertex -46.6 -43.5 4.4
    endloop
  endfacet
  facet normal 0 0 1
    outer loop
      vertex -46.49437006149611 -44.30233903981782 4.4
      vertex -46.57347907025881 -43.09536880411784 4.4
      vertex -46.57347907025881 -43.90463119588216 4.4
    endloop
  endfacet
  facet normal 0 0 1
    outer loop
      vertex -46.36402655078499 -44.68631864033178 4.4
      vertex -46.49437006149611 -42.69766096018218 4.4
      vertex -46.49437006149611 -44.30233903981782 4.4
    endloop
  endfacet
  facet normal 0 0 1
    outer loop
      vertex -46.49437006149611 -44.30233903981782 4.4
      vertex -46.49437006149611 -42.69766096018218 4.4
      vertex -46.57347907025881 -43.09536880411784 4.4
    endloop
  endfacet
  facet normal 0 0 1
    outer loop
      vertex -46.36402655078499 -44.68631864033178 4.4
      vertex -46.36402655078499 -42.31368135966822 4.4
      vertex -46.49437006149611 -42.69766096018218 4.4
    endloop
  endfacet
  facet normal -0.9807852804032309 0.19509032201612553 0
    outer loop
      vertex -46.57347907025881 -43.09536880411784 4
      vertex -46.57347907025881 -43.09536880411784 4.4
      vertex -46.49437006149611 -42.69766096018218 4.4
    endloop
  endfacet
  facet normal -0.9469301294951059 0.3214394653031609 0
    outer loop
      vertex -46.49437006149611 -42.69766096018218 4
      vertex -46.49437006149611 -42.69766096018218 4.4
      vertex -46.36402655078499 -42.31368135966822 4.4
    endloop
  endfacet
  facet normal -0.8968727415326845 0.4422886902190092 5.561390502542418e-16
    outer loop
      vertex -46.32000000029802 -42.2244043469191 4
      vertex -46.36402655078499 -42.31368135966822 4.4
      vertex -46.18467875173176 -41.95 4.4
    endloop
  endfacet
  facet normal 0 0 1
    outer loop
      vertex -46.18467875173176 -45.05 4.4
      vertex -46.18467875173176 -41.95 4.4
      vertex -46.36402655078499 -42.31368135966822 4.4
    endloop
  endfacet
  facet normal 0 0 1
    outer loop
      vertex -46.18467875173176 -45.05 4.4
      vertex -45.95939535490283 -45.387160429927036 4.4
      vertex -46.18467875173176 -41.95 4.4
    endloop
  endfacet
  facet normal 0 0 1
    outer loop
      vertex -45.6920310216783 -45.6920310216783 4.4
      vertex -45.95939535490283 -41.612839570072964 4.4
      vertex -45.95939535490283 -45.387160429927036 4.4
    endloop
  endfacet
  facet normal 0 0 1
    outer loop
      vertex -45.6920310216783 -45.6920310216783 4.4
      vertex -45.387160429927036 -45.95939535490283 4.4
      vertex -45.6920310216783 -41.3079689783217 4.4
    endloop
  endfacet
  facet normal 0 0 1
    outer loop
      vertex -45.387160429927036 -45.95939535490283 4.4
      vertex -45.23502850740417 -43.72842083638509 4.4
      vertex -45.25 -43.5 4.4
    endloop
  endfacet
  facet normal 0 0 1
    outer loop
      vertex -45.05 -46.18467875173176 4.4
      vertex -45.19037019600587 -43.95293332892941 4.4
      vertex -45.23502850740417 -43.72842083638509 4.4
    endloop
  endfacet
  facet normal 0 0 1
    outer loop
      vertex -45.387160429927036 -45.95939535490283 4.4
      vertex -45.25 -43.5 4.4
      vertex -45.387160429927036 -41.04060464509717 4.4
    endloop
  endfacet
  facet normal 0 0 1
    outer loop
      vertex -45.95939535490283 -45.387160429927036 4.4
      vertex -45.95939535490283 -41.612839570072964 4.4
      vertex -46.18467875173176 -41.95 4.4
    endloop
  endfacet
  facet normal 0 0 1
    outer loop
      vertex -45.6920310216783 -45.6920310216783 4.4
      vertex -45.6920310216783 -41.3079689783217 4.4
      vertex -45.95939535490283 -41.612839570072964 4.4
    endloop
  endfacet
  facet normal 0 0 1
    outer loop
      vertex -45.387160429927036 -45.95939535490283 4.4
      vertex -45.387160429927036 -41.04060464509717 4.4
      vertex -45.6920310216783 -41.3079689783217 4.4
    endloop
  endfacet
  facet normal 0 0 1
    outer loop
      vertex -45.25 -43.5 4.4
      vertex -45.23502850740417 -43.27157916361491 4.4
      vertex -45.387160429927036 -41.04060464509717 4.4
    endloop
  endfacet
  facet normal 0 0 1
    outer loop
      vertex -45.23502850740417 -43.27157916361491 4.4
      vertex -45.19037019600587 -43.04706667107059 4.4
      vertex -45.387160429927036 -41.04060464509717 4.4
    endloop
  endfacet
  facet normal 0 0 1
    outer loop
      vertex -45.19037019600587 -43.04706667107059 4.4
      vertex -45.11678918189475 -42.83030399336109 4.4
      vertex -45.387160429927036 -41.04060464509717 4.4
    endloop
  endfacet
  facet normal 0 0 1
    outer loop
      vertex -45.11678918189475 -42.83030399336109 4.4
      vertex -45.01554445662277 -42.625 4.4
      vertex -45.387160429927036 -41.04060464509717 4.4
    endloop
  endfacet
  facet normal 0 0 1
    outer loop
      vertex -45.01554445662277 -42.625 4.4
      vertex -44.88836834550966 -42.43466749923474 4.4
      vertex -45.05 -40.81532124826824 4.4
    endloop
  endfacet
  facet normal 0 0 1
    outer loop
      vertex -44.88836834550966 -42.43466749923474 4.4
      vertex -44.73743686707646 -42.26256313292354 4.4
      vertex -45.05 -40.81532124826824 4.4
    endloop
  endfacet
  facet normal 0 0 1
    outer loop
      vertex -44.73743686707646 -42.26256313292354 4.4
      vertex -44.56533250076526 -42.11163165449034 4.4
      vertex -45.05 -40.81532124826824 4.4
    endloop
  endfacet
  facet normal -0.3214394653031609 -0.9469301294951059 0
    outer loop
      vertex -44.68631864033178 -46.36402655078499 4
      vertex -44.30233903981782 -46.49437006149611 4
      vertex -44.68631864033178 -46.36402655078499 4.4
    endloop
  endfacet
  facet normal -0.19509032201612553 -0.9807852804032309 0
    outer loop
      vertex -44.30233903981782 -46.49437006149611 4
      vertex -43.90463119588216 -46.57347907025881 4
      vertex -44.30233903981782 -46.49437006149611 4.4
    endloop
  endfacet
  facet normal -0.0654031292301451 -0.9978589232386035 0
    outer loop
      vertex -43.90463119588216 -46.57347907025881 4
      vertex -43.5 -46.6 4
      vertex -43.90463119588216 -46.57347907025881 4.4
    endloop
  endfacet
  facet normal 0.0654031292301451 -0.9978589232386035 0
    outer loop
      vertex -43.5 -46.6 4
      vertex -43.09536880411784 -46.57347907025881 4
      vertex -43.5 -46.6 4.4
    endloop
  endfacet
  facet normal 0.19509032201612553 -0.9807852804032309 0
    outer loop
      vertex -43.09536880411784 -46.57347907025881 4
      vertex -42.69766096018218 -46.49437006149611 4
      vertex -43.09536880411784 -46.57347907025881 4.4
    endloop
  endfacet
  facet normal 0.3214394653031609 -0.9469301294951059 0
    outer loop
      vertex -42.69766096018218 -46.49437006149611 4
      vertex -42.31368135966822 -46.36402655078499 4
      vertex -42.69766096018218 -46.49437006149611 4.4
    endloop
  endfacet
  facet normal 0.4422886902190072 -0.8968727415326853 0
    outer loop
      vertex -42.31368135966822 -46.36402655078499 4
      vertex -42.2244043469191 -46.32000000029802 4
      vertex -42.31368135966822 -46.36402655078499 4.4
    endloop
  endfacet
  facet normal -0.3214394653031609 -0.9469301294951059 0
    outer loop
      vertex -44.30233903981782 -46.49437006149611 4
      vertex -44.30233903981782 -46.49437006149611 4.4
      vertex -44.68631864033178 -46.36402655078499 4.4
    endloop
  endfacet
  facet normal -0.19509032201612553 -0.9807852804032309 0
    outer loop
      vertex -43.90463119588216 -46.57347907025881 4
      vertex -43.90463119588216 -46.57347907025881 4.4
      vertex -44.30233903981782 -46.49437006149611 4.4
    endloop
  endfacet
  facet normal -0.0654031292301451 -0.9978589232386035 0
    outer loop
      vertex -43.5 -46.6 4
      vertex -43.5 -46.6 4.4
      vertex -43.90463119588216 -46.57347907025881 4.4
    endloop
  endfacet
  facet normal 0.0654031292301451 -0.9978589232386035 0
    outer loop
      vertex -43.09536880411784 -46.57347907025881 4
      vertex -43.09536880411784 -46.57347907025881 4.4
      vertex -43.5 -46.6 4.4
    endloop
  endfacet
  facet normal 0 0 1
    outer loop
      vertex -44.68631864033178 -46.36402655078499 4.4
      vertex -44.30233903981782 -46.49437006149611 4.4
      vertex -44.56533250076526 -44.88836834550966 4.4
    endloop
  endfacet
  facet normal 0 0 1
    outer loop
      vertex -44.30233903981782 -46.49437006149611 4.4
      vertex -44.375 -45.01554445662277 4.4
      vertex -44.56533250076526 -44.88836834550966 4.4
    endloop
  endfacet
  facet normal 0 0 1
    outer loop
      vertex -44.30233903981782 -46.49437006149611 4.4
      vertex -43.90463119588216 -46.57347907025881 4.4
      vertex -44.16969600663891 -45.11678918189475 4.4
    endloop
  endfacet
  facet normal 0 0 1
    outer loop
      vertex -44.30233903981782 -46.49437006149611 4.4
      vertex -44.16969600663891 -45.11678918189475 4.4
      vertex -44.375 -45.01554445662277 4.4
    endloop
  endfacet
  facet normal 0 0 1
    outer loop
      vertex -43.90463119588216 -46.57347907025881 4.4
      vertex -43.95293332892941 -45.19037019600587 4.4
      vertex -44.16969600663891 -45.11678918189475 4.4
    endloop
  endfacet
  facet normal 0 0 1
    outer loop
      vertex -44.73743686707646 -44.73743686707646 4.4
      vertex -44.68631864033178 -46.36402655078499 4.4
      vertex -44.56533250076526 -44.88836834550966 4.4
    endloop
  endfacet
  facet normal 0 0 1
    outer loop
      vertex -43.90463119588216 -46.57347907025881 4.4
      vertex -43.5 -46.6 4.4
      vertex -43.72842083638509 -45.23502850740417 4.4
    endloop
  endfacet
  facet normal 0 0 1
    outer loop
      vertex -43.90463119588216 -46.57347907025881 4.4
      vertex -43.72842083638509 -45.23502850740417 4.4
      vertex -43.95293332892941 -45.19037019600587 4.4
    endloop
  endfacet
  facet normal 0 0 1
    outer loop
      vertex -43.5 -46.6 4.4
      vertex -43.5 -45.25 4.4
      vertex -43.72842083638509 -45.23502850740417 4.4
    endloop
  endfacet
  facet normal 0 0 1
    outer loop
      vertex -43.5 -46.6 4.4
      vertex -43.09536880411784 -46.57347907025881 4.4
      vertex -43.27157916361491 -45.23502850740417 4.4
    endloop
  endfacet
  facet normal 0 0 1
    outer loop
      vertex -43.5 -46.6 4.4
      vertex -43.27157916361491 -45.23502850740417 4.4
      vertex -43.5 -45.25 4.4
    endloop
  endfacet
  facet normal 0.19509032201612553 -0.9807852804032309 0
    outer loop
      vertex -42.69766096018218 -46.49437006149611 4
      vertex -42.69766096018218 -46.49437006149611 4.4
      vertex -43.09536880411784 -46.57347907025881 4.4
    endloop
  endfacet
  facet normal 0.3214394653031609 -0.9469301294951059 0
    outer loop
      vertex -42.31368135966822 -46.36402655078499 4
      vertex -42.31368135966822 -46.36402655078499 4.4
      vertex -42.69766096018218 -46.49437006149611 4.4
    endloop
  endfacet
  facet normal 0.4422886902190092 -0.8968727415326845 5.561390502542418e-16
    outer loop
      vertex -42.2244043469191 -46.32000000029802 4
      vertex -41.95 -46.18467875173176 4.4
      vertex -42.31368135966822 -46.36402655078499 4.4
    endloop
  endfacet
  facet normal 0 0 1
    outer loop
      vertex -43.27157916361491 -45.23502850740417 4.4
      vertex -43.09536880411784 -46.57347907025881 4.4
      vertex -42.69766096018218 -46.49437006149611 4.4
    endloop
  endfacet
  facet normal 0 0 1
    outer loop
      vertex -43.27157916361491 -45.23502850740417 4.4
      vertex -42.69766096018218 -46.49437006149611 4.4
      vertex -43.04706667107059 -45.19037019600587 4.4
    endloop
  endfacet
  facet normal 0 0 1
    outer loop
      vertex -42.69766096018218 -46.49437006149611 4.4
      vertex -42.83030399336109 -45.11678918189475 4.4
      vertex -43.04706667107059 -45.19037019600587 4.4
    endloop
  endfacet
  facet normal 0 0 1
    outer loop
      vertex -42.69766096018218 -46.49437006149611 4.4
      vertex -42.31368135966822 -46.36402655078499 4.4
      vertex -42.83030399336109 -45.11678918189475 4.4
    endloop
  endfacet
  facet normal 0 0 1
    outer loop
      vertex -42.31368135966822 -46.36402655078499 4.4
      vertex -42.625 -45.01554445662277 4.4
      vertex -42.83030399336109 -45.11678918189475 4.4
    endloop
  endfacet
  facet normal 0 0 1
    outer loop
      vertex -42.31368135966822 -46.36402655078499 4.4
      vertex -42.43466749923474 -44.88836834550966 4.4
      vertex -42.625 -45.01554445662277 4.4
    endloop
  endfacet
  facet normal 0 0 1
    outer loop
      vertex -42.31368135966822 -46.36402655078499 4.4
      vertex -41.95 -46.18467875173176 4.4
      vertex -42.43466749923474 -44.88836834550966 4.4
    endloop
  endfacet
  facet normal 0 0 1
    outer loop
      vertex -41.95 -46.18467875173176 4.4
      vertex -41.612839570072964 -45.95939535490283 4.4
      vertex -41.98445554337723 -44.375 4.4
    endloop
  endfacet
  facet normal 0 0 1
    outer loop
      vertex -41.95 -46.18467875173176 4.4
      vertex -42.26256313292354 -44.73743686707646 4.4
      vertex -42.43466749923474 -44.88836834550966 4.4
    endloop
  endfacet
  facet normal 0 0 1
    outer loop
      vertex -41.95 -46.18467875173176 4.4
      vertex -42.11163165449034 -44.56533250076526 4.4
      vertex -42.26256313292354 -44.73743686707646 4.4
    endloop
  endfacet
  facet normal 0 0 1
    outer loop
      vertex -41.95 -46.18467875173176 4.4
      vertex -41.98445554337723 -44.375 4.4
      vertex -42.11163165449034 -44.56533250076526 4.4
    endloop
  endfacet
  facet normal 0 0 1
    outer loop
      vertex -41.98445554337723 -44.375 4.4
      vertex -41.612839570072964 -45.95939535490283 4.4
      vertex -41.88321081810525 -44.16969600663891 4.4
    endloop
  endfacet
  facet normal 0 0 1
    outer loop
      vertex -41.88321081810525 -44.16969600663891 4.4
      vertex -41.612839570072964 -45.95939535490283 4.4
      vertex -41.80962980399413 -43.95293332892941 4.4
    endloop
  endfacet
  facet normal 0 0 1
    outer loop
      vertex -41.80962980399413 -43.95293332892941 4.4
      vertex -41.612839570072964 -45.95939535490283 4.4
      vertex -41.76497149259583 -43.72842083638509 4.4
    endloop
  endfacet
  facet normal 0 0 1
    outer loop
      vertex -42.11163165449034 -42.43466749923474 4.4
      vertex -42.31368135966822 -40.63597344921501 4.4
      vertex -42.26256313292354 -42.26256313292354 4.4
    endloop
  endfacet
  facet normal 0 0 1
    outer loop
      vertex -41.88321081810525 -42.83030399336109 4.4
      vertex -41.95 -40.81532124826824 4.4
      vertex -41.98445554337723 -42.625 4.4
    endloop
  endfacet
  facet normal 0 0 1
    outer loop
      vertex -41.76497149259583 -43.27157916361491 4.4
      vertex -41.95 -40.81532124826824 4.4
      vertex -41.80962980399413 -43.04706667107059 4.4
    endloop
  endfacet
  facet normal 0 0 1
    outer loop
      vertex -41.80962980399413 -43.04706667107059 4.4
      vertex -41.95 -40.81532124826824 4.4
      vertex -41.88321081810525 -42.83030399336109 4.4
    endloop
  endfacet
  facet normal 0 0 1
    outer loop
      vertex -41.98445554337723 -42.625 4.4
      vertex -41.95 -40.81532124826824 4.4
      vertex -42.11163165449034 -42.43466749923474 4.4
    endloop
  endfacet
  facet normal 0 0 1
    outer loop
      vertex -45.01554445662277 -42.625 4.4
      vertex -45.05 -40.81532124826824 4.4
      vertex -45.387160429927036 -41.04060464509717 4.4
    endloop
  endfacet
  facet normal 0 0 1
    outer loop
      vertex -44.56533250076526 -42.11163165449034 4.4
      vertex -44.68631864033178 -40.63597344921501 4.4
      vertex -45.05 -40.81532124826824 4.4
    endloop
  endfacet
  facet normal 0 0 1
    outer loop
      vertex -44.56533250076526 -42.11163165449034 4.4
      vertex -44.375 -41.98445554337723 4.4
      vertex -44.68631864033178 -40.63597344921501 4.4
    endloop
  endfacet
  facet normal 0 0 1
    outer loop
      vertex -44.375 -41.98445554337723 4.4
      vertex -44.16969600663891 -41.88321081810525 4.4
      vertex -44.68631864033178 -40.63597344921501 4.4
    endloop
  endfacet
  facet normal 0 0 1
    outer loop
      vertex -44.16969600663891 -41.88321081810525 4.4
      vertex -44.30233903981782 -40.50562993850389 4.4
      vertex -44.68631864033178 -40.63597344921501 4.4
    endloop
  endfacet
  facet normal 0 0 1
    outer loop
      vertex -44.16969600663891 -41.88321081810525 4.4
      vertex -43.95293332892941 -41.80962980399413 4.4
      vertex -44.30233903981782 -40.50562993850389 4.4
    endloop
  endfacet
  facet normal 0 0 1
    outer loop
      vertex -43.95293332892941 -41.80962980399413 4.4
      vertex -43.72842083638509 -41.76497149259583 4.4
      vertex -44.30233903981782 -40.50562993850389 4.4
    endloop
  endfacet
  facet normal 0 0 1
    outer loop
      vertex -43.72842083638509 -41.76497149259583 4.4
      vertex -43.90463119588216 -40.42652092974119 4.4
      vertex -44.30233903981782 -40.50562993850389 4.4
    endloop
  endfacet
  facet normal 0 0 1
    outer loop
      vertex -43.72842083638509 -41.76497149259583 4.4
      vertex -43.5 -41.75 4.4
      vertex -43.5 -40.4 4.4
    endloop
  endfacet
  facet normal 0 0 1
    outer loop
      vertex -43.5 -41.75 4.4
      vertex -43.27157916361491 -41.76497149259583 4.4
      vertex -43.5 -40.4 4.4
    endloop
  endfacet
  facet normal 0 0 1
    outer loop
      vertex -43.72842083638509 -41.76497149259583 4.4
      vertex -43.5 -40.4 4.4
      vertex -43.90463119588216 -40.42652092974119 4.4
    endloop
  endfacet
  facet normal 0 0 1
    outer loop
      vertex -43.27157916361491 -41.76497149259583 4.4
      vertex -43.09536880411784 -40.42652092974119 4.4
      vertex -43.5 -40.4 4.4
    endloop
  endfacet
  facet normal 0 0 1
    outer loop
      vertex -43.04706667107059 -41.80962980399413 4.4
      vertex -42.83030399336109 -41.88321081810525 4.4
      vertex -43.09536880411784 -40.42652092974119 4.4
    endloop
  endfacet
  facet normal 0 0 1
    outer loop
      vertex -43.27157916361491 -41.76497149259583 4.4
      vertex -43.04706667107059 -41.80962980399413 4.4
      vertex -43.09536880411784 -40.42652092974119 4.4
    endloop
  endfacet
  facet normal 0 0 1
    outer loop
      vertex -42.83030399336109 -41.88321081810525 4.4
      vertex -42.625 -41.98445554337723 4.4
      vertex -42.69766096018218 -40.50562993850389 4.4
    endloop
  endfacet
  facet normal 0 0 1
    outer loop
      vertex -42.625 -41.98445554337723 4.4
      vertex -42.43466749923474 -42.11163165449034 4.4
      vertex -42.69766096018218 -40.50562993850389 4.4
    endloop
  endfacet
  facet normal 0 0 1
    outer loop
      vertex -42.43466749923474 -42.11163165449034 4.4
      vertex -42.31368135966822 -40.63597344921501 4.4
      vertex -42.69766096018218 -40.50562993850389 4.4
    endloop
  endfacet
  facet normal 0 0 1
    outer loop
      vertex -42.83030399336109 -41.88321081810525 4.4
      vertex -42.69766096018218 -40.50562993850389 4.4
      vertex -43.09536880411784 -40.42652092974119 4.4
    endloop
  endfacet
  facet normal 0 0 1
    outer loop
      vertex -42.43466749923474 -42.11163165449034 4.4
      vertex -42.26256313292354 -42.26256313292354 4.4
      vertex -42.31368135966822 -40.63597344921501 4.4
    endloop
  endfacet
  facet normal 0 0 1
    outer loop
      vertex -42.11163165449034 -42.43466749923474 4.4
      vertex -41.95 -40.81532124826824 4.4
      vertex -42.31368135966822 -40.63597344921501 4.4
    endloop
  endfacet
  facet normal 0 0 1
    outer loop
      vertex -41.76497149259583 -43.27157916361491 4.4
      vertex -41.612839570072964 -41.04060464509717 4.4
      vertex -41.95 -40.81532124826824 4.4
    endloop
  endfacet
  facet normal 0 0 1
    outer loop
      vertex -41.76497149259583 -43.72842083638509 4.4
      vertex -41.612839570072964 -45.95939535490283 4.4
      vertex -41.75 -43.5 4.4
    endloop
  endfacet
  facet normal 0 0 1
    outer loop
      vertex -41.612839570072964 -45.95939535490283 4.4
      vertex -41.3079689783217 -45.6920310216783 4.4
      vertex -41.612839570072964 -41.04060464509717 4.4
    endloop
  endfacet
  facet normal 0 0 1
    outer loop
      vertex -41.3079689783217 -45.6920310216783 4.4
      vertex -41.04060464509717 -45.387160429927036 4.4
      vertex -41.3079689783217 -41.3079689783217 4.4
    endloop
  endfacet
  facet normal 0 0 1
    outer loop
      vertex -41.75 -43.5 4.4
      vertex -41.612839570072964 -45.95939535490283 4.4
      vertex -41.612839570072964 -41.04060464509717 4.4
    endloop
  endfacet
  facet normal 0 0 1
    outer loop
      vertex -41.04060464509717 -45.387160429927036 4.4
      vertex -40.81532124826824 -45.05 4.4
      vertex -41.04060464509717 -41.612839570072964 4.4
    endloop
  endfacet
  facet normal 0 0 1
    outer loop
      vertex -40.81532124826824 -45.05 4.4
      vertex -40.63597344921501 -44.68631864033178 4.4
      vertex -40.81532124826824 -41.95 4.4
    endloop
  endfacet
  facet normal 0 0 1
    outer loop
      vertex -40.63597344921501 -44.68631864033178 4.4
      vertex -40.50562993850389 -44.30233903981782 4.4
      vertex -40.63597344921501 -42.31368135966822 4.4
    endloop
  endfacet
  facet normal 0 0 1
    outer loop
      vertex -40.50562993850389 -44.30233903981782 4.4
      vertex -40.42652092974119 -43.90463119588216 4.4
      vertex -40.50562993850389 -42.69766096018218 4.4
    endloop
  endfacet
  facet normal 0 0 1
    outer loop
      vertex -40.42652092974119 -43.90463119588216 4.4
      vertex -40.4 -43.5 4.4
      vertex -40.42652092974119 -43.09536880411784 4.4
    endloop
  endfacet
  facet normal 0 0 1
    outer loop
      vertex -40.42652092974119 -43.90463119588216 4.4
      vertex -40.42652092974119 -43.09536880411784 4.4
      vertex -40.50562993850389 -42.69766096018218 4.4
    endloop
  endfacet
  facet normal 0 0 1
    outer loop
      vertex -41.75 -43.5 4.4
      vertex -41.612839570072964 -41.04060464509717 4.4
      vertex -41.76497149259583 -43.27157916361491 4.4
    endloop
  endfacet
  facet normal 0 0 1
    outer loop
      vertex -41.3079689783217 -45.6920310216783 4.4
      vertex -41.3079689783217 -41.3079689783217 4.4
      vertex -41.612839570072964 -41.04060464509717 4.4
    endloop
  endfacet
  facet normal 0 0 1
    outer loop
      vertex -41.04060464509717 -45.387160429927036 4.4
      vertex -41.04060464509717 -41.612839570072964 4.4
      vertex -41.3079689783217 -41.3079689783217 4.4
    endloop
  endfacet
  facet normal 0 0 1
    outer loop
      vertex -40.81532124826824 -45.05 4.4
      vertex -40.81532124826824 -41.95 4.4
      vertex -41.04060464509717 -41.612839570072964 4.4
    endloop
  endfacet
  facet normal 0 0 1
    outer loop
      vertex -40.63597344921501 -44.68631864033178 4.4
      vertex -40.63597344921501 -42.31368135966822 4.4
      vertex -40.81532124826824 -41.95 4.4
    endloop
  endfacet
  facet normal 0 0 1
    outer loop
      vertex -40.50562993850389 -44.30233903981782 4.4
      vertex -40.50562993850389 -42.69766096018218 4.4
      vertex -40.63597344921501 -42.31368135966822 4.4
    endloop
  endfacet
  facet normal -0.7518398074789706 -0.6593458151000765 0
    outer loop
      vertex -45.95939535490283 41.612839570072964 2.2
      vertex -45.6920310216783 41.3079689783217 2.2
      vertex -45.95939535490283 41.612839570072964 4.4
    endloop
  endfacet
  facet normal -0.6593458151000765 -0.7518398074789706 0
    outer loop
      vertex -45.6920310216783 41.3079689783217 2.2
      vertex -45.387160429927036 41.04060464509717 2.2
      vertex -45.387160429927036 41.04060464509717 4.4
    endloop
  endfacet
  facet normal -0.5555702330195921 -0.831469612302552 0
    outer loop
      vertex -45.05 40.81532124826824 2.2
      vertex -45.05 40.81532124826824 4.4
      vertex -45.387160429927036 41.04060464509717 2.2
    endloop
  endfacet
  facet normal -0.4422886902190092 -0.8968727415326844 0
    outer loop
      vertex -45.05 40.81532124826824 2.2
      vertex -44.68631864033178 40.63597344921501 2.2
      vertex -44.68631864033178 40.63597344921501 4.4
    endloop
  endfacet
  facet normal -0.321439465303161 -0.9469301294951058 0
    outer loop
      vertex -44.68631864033178 40.63597344921501 2.2
      vertex -44.30233903981782 40.50562993850389 2.2
      vertex -44.30233903981782 40.50562993850389 4.4
    endloop
  endfacet
  facet normal -0.19509032201612556 -0.9807852804032309 0
    outer loop
      vertex -44.30233903981782 40.50562993850389 2.2
      vertex -43.90463119588216 40.42652092974119 2.2
      vertex -43.90463119588216 40.42652092974119 4.4
    endloop
  endfacet
  facet normal -0.06540312923014509 -0.9978589232386035 0
    outer loop
      vertex -43.90463119588216 40.42652092974119 2.2
      vertex -43.5 40.4 2.2
      vertex -43.5 40.4 4.4
    endloop
  endfacet
  facet normal 0.06540312923014509 -0.9978589232386035 0
    outer loop
      vertex -43.5 40.4 2.2
      vertex -43.09536880411784 40.42652092974119 2.2
      vertex -43.09536880411784 40.42652092974119 4.4
    endloop
  endfacet
  facet normal 0.19509032201612556 -0.9807852804032309 0
    outer loop
      vertex -43.09536880411784 40.42652092974119 2.2
      vertex -42.69766096018218 40.50562993850389 2.2
      vertex -42.69766096018218 40.50562993850389 4.4
    endloop
  endfacet
  facet normal 0.321439465303161 -0.9469301294951058 0
    outer loop
      vertex -42.69766096018218 40.50562993850389 2.2
      vertex -42.31368135966822 40.63597344921501 2.2
      vertex -42.31368135966822 40.63597344921501 4.4
    endloop
  endfacet
  facet normal 0.4422886902190092 -0.8968727415326844 0
    outer loop
      vertex -42.31368135966822 40.63597344921501 2.2
      vertex -41.95 40.81532124826824 2.2
      vertex -41.95 40.81532124826824 4.4
    endloop
  endfacet
  facet normal 0.5555702330195921 -0.831469612302552 0
    outer loop
      vertex -41.95 40.81532124826824 2.2
      vertex -41.612839570072964 41.04060464509717 2.2
      vertex -41.612839570072964 41.04060464509717 4.4
    endloop
  endfacet
  facet normal -0.8968727415326841 -0.44228869021900985 0
    outer loop
      vertex -46.18467875173176 41.95 2.2
      vertex -46.32000000029802 42.2244043469191 4
      vertex -46.32000000029802 42.2244043469191 2.2
    endloop
  endfacet
  facet normal -0.831469612302552 -0.5555702330195921 0
    outer loop
      vertex -45.95939535490283 41.612839570072964 2.2
      vertex -46.18467875173176 41.95 4.4
      vertex -46.18467875173176 41.95 2.2
    endloop
  endfacet
  facet normal -0.8968727415326841 0.44228869021900985 0
    outer loop
      vertex -46.32000000029802 44.7755956530809 2.2
      vertex -46.32000000029802 44.7755956530809 4
      vertex -46.18467875173176 45.05 2.2
    endloop
  endfacet
  facet normal -0.831469612302552 0.5555702330195921 0
    outer loop
      vertex -46.18467875173176 45.05 2.2
      vertex -45.95939535490283 45.387160429927036 4.4
      vertex -45.95939535490283 45.387160429927036 2.2
    endloop
  endfacet
  facet normal -0.7518398074789706 0.6593458151000765 0
    outer loop
      vertex -45.95939535490283 45.387160429927036 2.2
      vertex -45.6920310216783 45.6920310216783 4.4
      vertex -45.6920310216783 45.6920310216783 2.2
    endloop
  endfacet
  facet normal -0.6593458151000765 0.7518398074789706 0
    outer loop
      vertex -45.6920310216783 45.6920310216783 2.2
      vertex -45.6920310216783 45.6920310216783 4.4
      vertex -45.387160429927036 45.95939535490283 2.2
    endloop
  endfacet
  facet normal -0.5555702330195921 0.831469612302552 0
    outer loop
      vertex -45.387160429927036 45.95939535490283 2.2
      vertex -45.387160429927036 45.95939535490283 4.4
      vertex -45.05 46.18467875173176 2.2
    endloop
  endfacet
  facet normal -0.4422886902190098 0.8968727415326841 0
    outer loop
      vertex -45.05 46.18467875173176 2.2
      vertex -45.05 46.18467875173176 4.4
      vertex -44.7755956530809 46.32000000029802 2.2
    endloop
  endfacet
  facet normal 0.44228869021900985 0.8968727415326841 0
    outer loop
      vertex -42.2244043469191 46.32000000029802 2.2
      vertex -42.2244043469191 46.32000000029802 4
      vertex -41.95 46.18467875173176 2.2
    endloop
  endfacet
  facet normal 0.5555702330195921 0.831469612302552 0
    outer loop
      vertex -41.95 46.18467875173176 2.2
      vertex -41.95 46.18467875173176 4.4
      vertex -41.612839570072964 45.95939535490283 2.2
    endloop
  endfacet
  facet normal 0.6593458151000765 -0.7518398074789706 0
    outer loop
      vertex -41.612839570072964 41.04060464509717 2.2
      vertex -41.3079689783217 41.3079689783217 2.2
      vertex -41.3079689783217 41.3079689783217 4.4
    endloop
  endfacet
  facet normal 0.7518398074789706 -0.6593458151000765 0
    outer loop
      vertex -41.3079689783217 41.3079689783217 2.2
      vertex -41.04060464509717 41.612839570072964 2.2
      vertex -41.3079689783217 41.3079689783217 4.4
    endloop
  endfacet
  facet normal 0.831469612302552 -0.5555702330195921 0
    outer loop
      vertex -41.04060464509717 41.612839570072964 2.2
      vertex -40.81532124826824 41.95 2.2
      vertex -41.04060464509717 41.612839570072964 4.4
    endloop
  endfacet
  facet normal 0.8968727415326844 -0.4422886902190092 0
    outer loop
      vertex -40.81532124826824 41.95 2.2
      vertex -40.63597344921501 42.31368135966822 2.2
      vertex -40.81532124826824 41.95 4.4
    endloop
  endfacet
  facet normal 0.9469301294951058 -0.321439465303161 0
    outer loop
      vertex -40.63597344921501 42.31368135966822 2.2
      vertex -40.50562993850389 42.69766096018218 2.2
      vertex -40.63597344921501 42.31368135966822 4.4
    endloop
  endfacet
  facet normal 0.9807852804032309 -0.19509032201612556 0
    outer loop
      vertex -40.50562993850389 42.69766096018218 2.2
      vertex -40.42652092974119 43.09536880411784 2.2
      vertex -40.50562993850389 42.69766096018218 4.4
    endloop
  endfacet
  facet normal 0.9978589232386035 -0.06540312923014509 0
    outer loop
      vertex -40.42652092974119 43.09536880411784 2.2
      vertex -40.4 43.5 2.2
      vertex -40.42652092974119 43.09536880411784 4.4
    endloop
  endfacet
  facet normal 0.9978589232386035 0.06540312923014509 0
    outer loop
      vertex -40.4 43.5 2.2
      vertex -40.42652092974119 43.90463119588216 2.2
      vertex -40.4 43.5 4.4
    endloop
  endfacet
  facet normal 0.9807852804032309 0.19509032201612556 0
    outer loop
      vertex -40.42652092974119 43.90463119588216 2.2
      vertex -40.50562993850389 44.30233903981782 2.2
      vertex -40.42652092974119 43.90463119588216 4.4
    endloop
  endfacet
  facet normal 0.9469301294951058 0.321439465303161 0
    outer loop
      vertex -40.63597344921501 44.68631864033178 2.2
      vertex -40.50562993850389 44.30233903981782 4.4
      vertex -40.50562993850389 44.30233903981782 2.2
    endloop
  endfacet
  facet normal 0.6593458151000765 0.7518398074789706 0
    outer loop
      vertex -41.612839570072964 45.95939535490283 2.2
      vertex -41.612839570072964 45.95939535490283 4.4
      vertex -41.3079689783217 45.6920310216783 2.2
    endloop
  endfacet
  facet normal 0.7518398074789706 0.6593458151000765 0
    outer loop
      vertex -41.04060464509717 45.387160429927036 2.2
      vertex -41.3079689783217 45.6920310216783 2.2
      vertex -41.04060464509717 45.387160429927036 4.4
    endloop
  endfacet
  facet normal 0.8968727415326844 0.4422886902190092 0
    outer loop
      vertex -40.63597344921501 44.68631864033178 2.2
      vertex -40.81532124826824 45.05 2.2
      vertex -40.63597344921501 44.68631864033178 4.4
    endloop
  endfacet
  facet normal 0.831469612302552 0.5555702330195921 0
    outer loop
      vertex -41.04060464509717 45.387160429927036 2.2
      vertex -40.81532124826824 45.05 4.4
      vertex -40.81532124826824 45.05 2.2
    endloop
  endfacet
  facet normal -0.6593458151000765 -0.7518398074789706 0
    outer loop
      vertex -45.6920310216783 41.3079689783217 2.2
      vertex -45.387160429927036 41.04060464509717 4.4
      vertex -45.6920310216783 41.3079689783217 4.4
    endloop
  endfacet
  facet normal -0.7518398074789706 -0.6593458151000765 0
    outer loop
      vertex -45.6920310216783 41.3079689783217 2.2
      vertex -45.6920310216783 41.3079689783217 4.4
      vertex -45.95939535490283 41.612839570072964 4.4
    endloop
  endfacet
  facet normal -0.5555702330195921 -0.831469612302552 0
    outer loop
      vertex -45.387160429927036 41.04060464509717 2.2
      vertex -45.05 40.81532124826824 4.4
      vertex -45.387160429927036 41.04060464509717 4.4
    endloop
  endfacet
  facet normal -0.4422886902190092 -0.8968727415326844 0
    outer loop
      vertex -45.05 40.81532124826824 2.2
      vertex -44.68631864033178 40.63597344921501 4.4
      vertex -45.05 40.81532124826824 4.4
    endloop
  endfacet
  facet normal -0.321439465303161 -0.9469301294951058 0
    outer loop
      vertex -44.68631864033178 40.63597344921501 2.2
      vertex -44.30233903981782 40.50562993850389 4.4
      vertex -44.68631864033178 40.63597344921501 4.4
    endloop
  endfacet
  facet normal -0.19509032201612556 -0.9807852804032309 0
    outer loop
      vertex -44.30233903981782 40.50562993850389 2.2
      vertex -43.90463119588216 40.42652092974119 4.4
      vertex -44.30233903981782 40.50562993850389 4.4
    endloop
  endfacet
  facet normal -0.06540312923014509 -0.9978589232386035 0
    outer loop
      vertex -43.90463119588216 40.42652092974119 2.2
      vertex -43.5 40.4 4.4
      vertex -43.90463119588216 40.42652092974119 4.4
    endloop
  endfacet
  facet normal 0.06540312923014509 -0.9978589232386035 0
    outer loop
      vertex -43.5 40.4 2.2
      vertex -43.09536880411784 40.42652092974119 4.4
      vertex -43.5 40.4 4.4
    endloop
  endfacet
  facet normal 0.19509032201612556 -0.9807852804032309 0
    outer loop
      vertex -43.09536880411784 40.42652092974119 2.2
      vertex -42.69766096018218 40.50562993850389 4.4
      vertex -43.09536880411784 40.42652092974119 4.4
    endloop
  endfacet
  facet normal 0.321439465303161 -0.9469301294951058 0
    outer loop
      vertex -42.69766096018218 40.50562993850389 2.2
      vertex -42.31368135966822 40.63597344921501 4.4
      vertex -42.69766096018218 40.50562993850389 4.4
    endloop
  endfacet
  facet normal 0.4422886902190092 -0.8968727415326844 0
    outer loop
      vertex -42.31368135966822 40.63597344921501 2.2
      vertex -41.95 40.81532124826824 4.4
      vertex -42.31368135966822 40.63597344921501 4.4
    endloop
  endfacet
  facet normal 0.5555702330195921 -0.831469612302552 0
    outer loop
      vertex -41.95 40.81532124826824 2.2
      vertex -41.612839570072964 41.04060464509717 4.4
      vertex -41.95 40.81532124826824 4.4
    endloop
  endfacet
  facet normal -0.8968727415326841 -0.4422886902190098 0
    outer loop
      vertex -46.18467875173176 41.95 2.2
      vertex -46.18467875173176 41.95 4.4
      vertex -46.32000000029802 42.2244043469191 4
    endloop
  endfacet
  facet normal -0.8968727415326841 0.4422886902190098 0
    outer loop
      vertex -46.18467875173176 45.05 2.2
      vertex -46.32000000029802 44.7755956530809 4
      vertex -46.18467875173176 45.05 4.4
    endloop
  endfacet
  facet normal -0.44228869021900985 0.8968727415326841 0
    outer loop
      vertex -44.7755956530809 46.32000000029802 2.2
      vertex -45.05 46.18467875173176 4.4
      vertex -44.7755956530809 46.32000000029802 4
    endloop
  endfacet
  facet normal 0.4422886902190098 0.8968727415326841 0
    outer loop
      vertex -41.95 46.18467875173176 2.2
      vertex -42.2244043469191 46.32000000029802 4
      vertex -41.95 46.18467875173176 4.4
    endloop
  endfacet
  facet normal -0.831469612302552 -0.5555702330195921 0
    outer loop
      vertex -45.95939535490283 41.612839570072964 2.2
      vertex -45.95939535490283 41.612839570072964 4.4
      vertex -46.18467875173176 41.95 4.4
    endloop
  endfacet
  facet normal -0.831469612302552 0.5555702330195921 0
    outer loop
      vertex -46.18467875173176 45.05 2.2
      vertex -46.18467875173176 45.05 4.4
      vertex -45.95939535490283 45.387160429927036 4.4
    endloop
  endfacet
  facet normal -0.7518398074789706 0.6593458151000765 0
    outer loop
      vertex -45.95939535490283 45.387160429927036 2.2
      vertex -45.95939535490283 45.387160429927036 4.4
      vertex -45.6920310216783 45.6920310216783 4.4
    endloop
  endfacet
  facet normal -0.6593458151000765 0.7518398074789706 0
    outer loop
      vertex -45.387160429927036 45.95939535490283 2.2
      vertex -45.6920310216783 45.6920310216783 4.4
      vertex -45.387160429927036 45.95939535490283 4.4
    endloop
  endfacet
  facet normal -0.5555702330195921 0.831469612302552 0
    outer loop
      vertex -45.05 46.18467875173176 2.2
      vertex -45.387160429927036 45.95939535490283 4.4
      vertex -45.05 46.18467875173176 4.4
    endloop
  endfacet
  facet normal 0.5555702330195921 0.831469612302552 0
    outer loop
      vertex -41.612839570072964 45.95939535490283 2.2
      vertex -41.95 46.18467875173176 4.4
      vertex -41.612839570072964 45.95939535490283 4.4
    endloop
  endfacet
  facet normal 0.6593458151000765 -0.7518398074789706 0
    outer loop
      vertex -41.612839570072964 41.04060464509717 2.2
      vertex -41.3079689783217 41.3079689783217 4.4
      vertex -41.612839570072964 41.04060464509717 4.4
    endloop
  endfacet
  facet normal 0.7518398074789706 -0.6593458151000765 0
    outer loop
      vertex -41.04060464509717 41.612839570072964 2.2
      vertex -41.04060464509717 41.612839570072964 4.4
      vertex -41.3079689783217 41.3079689783217 4.4
    endloop
  endfacet
  facet normal 0.831469612302552 -0.5555702330195921 0
    outer loop
      vertex -40.81532124826824 41.95 2.2
      vertex -40.81532124826824 41.95 4.4
      vertex -41.04060464509717 41.612839570072964 4.4
    endloop
  endfacet
  facet normal 0.8968727415326844 -0.4422886902190092 0
    outer loop
      vertex -40.63597344921501 42.31368135966822 2.2
      vertex -40.63597344921501 42.31368135966822 4.4
      vertex -40.81532124826824 41.95 4.4
    endloop
  endfacet
  facet normal 0.9469301294951058 -0.321439465303161 0
    outer loop
      vertex -40.50562993850389 42.69766096018218 2.2
      vertex -40.50562993850389 42.69766096018218 4.4
      vertex -40.63597344921501 42.31368135966822 4.4
    endloop
  endfacet
  facet normal 0.9807852804032309 -0.19509032201612556 0
    outer loop
      vertex -40.42652092974119 43.09536880411784 2.2
      vertex -40.42652092974119 43.09536880411784 4.4
      vertex -40.50562993850389 42.69766096018218 4.4
    endloop
  endfacet
  facet normal 0.9978589232386035 -0.06540312923014509 0
    outer loop
      vertex -40.4 43.5 2.2
      vertex -40.4 43.5 4.4
      vertex -40.42652092974119 43.09536880411784 4.4
    endloop
  endfacet
  facet normal 0.9978589232386035 0.06540312923014509 0
    outer loop
      vertex -40.42652092974119 43.90463119588216 2.2
      vertex -40.42652092974119 43.90463119588216 4.4
      vertex -40.4 43.5 4.4
    endloop
  endfacet
  facet normal 0.9807852804032309 0.19509032201612556 0
    outer loop
      vertex -40.50562993850389 44.30233903981782 2.2
      vertex -40.50562993850389 44.30233903981782 4.4
      vertex -40.42652092974119 43.90463119588216 4.4
    endloop
  endfacet
  facet normal 0.9469301294951058 0.321439465303161 0
    outer loop
      vertex -40.63597344921501 44.68631864033178 2.2
      vertex -40.63597344921501 44.68631864033178 4.4
      vertex -40.50562993850389 44.30233903981782 4.4
    endloop
  endfacet
  facet normal 0.6593458151000765 0.7518398074789706 0
    outer loop
      vertex -41.3079689783217 45.6920310216783 2.2
      vertex -41.612839570072964 45.95939535490283 4.4
      vertex -41.3079689783217 45.6920310216783 4.4
    endloop
  endfacet
  facet normal 0.7518398074789706 0.6593458151000765 0
    outer loop
      vertex -41.3079689783217 45.6920310216783 2.2
      vertex -41.3079689783217 45.6920310216783 4.4
      vertex -41.04060464509717 45.387160429927036 4.4
    endloop
  endfacet
  facet normal 0.8968727415326844 0.4422886902190092 0
    outer loop
      vertex -40.81532124826824 45.05 2.2
      vertex -40.81532124826824 45.05 4.4
      vertex -40.63597344921501 44.68631864033178 4.4
    endloop
  endfacet
  facet normal 0.831469612302552 0.5555702330195921 0
    outer loop
      vertex -41.04060464509717 45.387160429927036 2.2
      vertex -41.04060464509717 45.387160429927036 4.4
      vertex -40.81532124826824 45.05 4.4
    endloop
  endfacet
  facet normal 0 0 1
    outer loop
      vertex -45.05 40.81532124826824 4.4
      vertex -45.23502850740417 43.27157916361491 4.4
      vertex -45.387160429927036 41.04060464509717 4.4
    endloop
  endfacet
  facet normal 0 0 1
    outer loop
      vertex -45.05 40.81532124826824 4.4
      vertex -44.68631864033178 40.63597344921501 4.4
      vertex -44.88836834550966 42.43466749923474 4.4
    endloop
  endfacet
  facet normal 0 0 1
    outer loop
      vertex -44.30233903981782 40.50562993850389 4.4
      vertex -43.90463119588216 40.42652092974119 4.4
      vertex -44.16969600663891 41.88321081810525 4.4
    endloop
  endfacet
  facet normal 0 0 1
    outer loop
      vertex -44.68631864033178 40.63597344921501 4.4
      vertex -44.30233903981782 40.50562993850389 4.4
      vertex -44.56533250076526 42.11163165449034 4.4
    endloop
  endfacet
  facet normal 0 0 1
    outer loop
      vertex -44.68631864033178 40.63597344921501 4.4
      vertex -44.56533250076526 42.11163165449034 4.4
      vertex -44.73743686707646 42.26256313292354 4.4
    endloop
  endfacet
  facet normal 0 0 1
    outer loop
      vertex -44.30233903981782 40.50562993850389 4.4
      vertex -44.375 41.98445554337723 4.4
      vertex -44.56533250076526 42.11163165449034 4.4
    endloop
  endfacet
  facet normal 0 0 1
    outer loop
      vertex -44.30233903981782 40.50562993850389 4.4
      vertex -44.16969600663891 41.88321081810525 4.4
      vertex -44.375 41.98445554337723 4.4
    endloop
  endfacet
  facet normal 0 0 1
    outer loop
      vertex -43.90463119588216 40.42652092974119 4.4
      vertex -43.95293332892941 41.80962980399413 4.4
      vertex -44.16969600663891 41.88321081810525 4.4
    endloop
  endfacet
  facet normal 0 0 1
    outer loop
      vertex -43.90463119588216 40.42652092974119 4.4
      vertex -43.5 40.4 4.4
      vertex -43.72842083638509 41.76497149259583 4.4
    endloop
  endfacet
  facet normal 0 0 1
    outer loop
      vertex -43.5 40.4 4.4
      vertex -43.09536880411784 40.42652092974119 4.4
      vertex -43.27157916361491 41.76497149259583 4.4
    endloop
  endfacet
  facet normal 0 0 1
    outer loop
      vertex -43.90463119588216 40.42652092974119 4.4
      vertex -43.72842083638509 41.76497149259583 4.4
      vertex -43.95293332892941 41.80962980399413 4.4
    endloop
  endfacet
  facet normal 0 0 1
    outer loop
      vertex -43.5 40.4 4.4
      vertex -43.5 41.75 4.4
      vertex -43.72842083638509 41.76497149259583 4.4
    endloop
  endfacet
  facet normal 0 0 1
    outer loop
      vertex -43.5 40.4 4.4
      vertex -43.27157916361491 41.76497149259583 4.4
      vertex -43.5 41.75 4.4
    endloop
  endfacet
  facet normal 0 0 1
    outer loop
      vertex -43.09536880411784 40.42652092974119 4.4
      vertex -42.69766096018218 40.50562993850389 4.4
      vertex -43.27157916361491 41.76497149259583 4.4
    endloop
  endfacet
  facet normal 0 0 1
    outer loop
      vertex -42.69766096018218 40.50562993850389 4.4
      vertex -43.04706667107059 41.80962980399413 4.4
      vertex -43.27157916361491 41.76497149259583 4.4
    endloop
  endfacet
  facet normal 0 0 1
    outer loop
      vertex -42.69766096018218 40.50562993850389 4.4
      vertex -42.83030399336109 41.88321081810525 4.4
      vertex -43.04706667107059 41.80962980399413 4.4
    endloop
  endfacet
  facet normal 0 0 1
    outer loop
      vertex -42.69766096018218 40.50562993850389 4.4
      vertex -42.31368135966822 40.63597344921501 4.4
      vertex -42.83030399336109 41.88321081810525 4.4
    endloop
  endfacet
  facet normal 0 0 1
    outer loop
      vertex -42.31368135966822 40.63597344921501 4.4
      vertex -42.625 41.98445554337723 4.4
      vertex -42.83030399336109 41.88321081810525 4.4
    endloop
  endfacet
  facet normal 0 0 1
    outer loop
      vertex -42.31368135966822 40.63597344921501 4.4
      vertex -42.43466749923474 42.11163165449034 4.4
      vertex -42.625 41.98445554337723 4.4
    endloop
  endfacet
  facet normal 0 0 1
    outer loop
      vertex -42.31368135966822 40.63597344921501 4.4
      vertex -41.95 40.81532124826824 4.4
      vertex -42.43466749923474 42.11163165449034 4.4
    endloop
  endfacet
  facet normal 0 0 1
    outer loop
      vertex -41.95 40.81532124826824 4.4
      vertex -41.612839570072964 41.04060464509717 4.4
      vertex -41.98445554337723 42.625 4.4
    endloop
  endfacet
  facet normal -0.8968727415326853 -0.4422886902190072 0
    outer loop
      vertex -46.32000000029802 42.2244043469191 4
      vertex -46.36402655078499 42.31368135966822 4.4
      vertex -46.36402655078499 42.31368135966822 4
    endloop
  endfacet
  facet normal -0.9469301294951059 -0.3214394653031609 0
    outer loop
      vertex -46.36402655078499 42.31368135966822 4
      vertex -46.49437006149611 42.69766096018218 4.4
      vertex -46.49437006149611 42.69766096018218 4
    endloop
  endfacet
  facet normal -0.9807852804032309 -0.19509032201612553 0
    outer loop
      vertex -46.57347907025881 43.09536880411784 4
      vertex -46.49437006149611 42.69766096018218 4
      vertex -46.57347907025881 43.09536880411784 4.4
    endloop
  endfacet
  facet normal -0.9978589232386035 -0.0654031292301451 0
    outer loop
      vertex -46.57347907025881 43.09536880411784 4
      vertex -46.6 43.5 4.4
      vertex -46.6 43.5 4
    endloop
  endfacet
  facet normal -0.9978589232386035 0.0654031292301451 0
    outer loop
      vertex -46.6 43.5 4
      vertex -46.57347907025881 43.90463119588216 4.4
      vertex -46.57347907025881 43.90463119588216 4
    endloop
  endfacet
  facet normal -0.9807852804032309 0.19509032201612553 0
    outer loop
      vertex -46.57347907025881 43.90463119588216 4
      vertex -46.49437006149611 44.30233903981782 4.4
      vertex -46.49437006149611 44.30233903981782 4
    endloop
  endfacet
  facet normal -0.9469301294951059 0.3214394653031609 0
    outer loop
      vertex -46.49437006149611 44.30233903981782 4
      vertex -46.36402655078499 44.68631864033178 4.4
      vertex -46.36402655078499 44.68631864033178 4
    endloop
  endfacet
  facet normal -0.9469301294951059 -0.3214394653031609 0
    outer loop
      vertex -46.36402655078499 42.31368135966822 4
      vertex -46.36402655078499 42.31368135966822 4.4
      vertex -46.49437006149611 42.69766096018218 4.4
    endloop
  endfacet
  facet normal -0.8968727415326845 -0.4422886902190092 5.561390502542418e-16
    outer loop
      vertex -46.32000000029802 42.2244043469191 4
      vertex -46.18467875173176 41.95 4.4
      vertex -46.36402655078499 42.31368135966822 4.4
    endloop
  endfacet
  facet normal -0.9807852804032309 -0.19509032201612553 0
    outer loop
      vertex -46.49437006149611 42.69766096018218 4
      vertex -46.49437006149611 42.69766096018218 4.4
      vertex -46.57347907025881 43.09536880411784 4.4
    endloop
  endfacet
  facet normal 0 0 1
    outer loop
      vertex -46.36402655078499 42.31368135966822 4.4
      vertex -46.49437006149611 44.30233903981782 4.4
      vertex -46.49437006149611 42.69766096018218 4.4
    endloop
  endfacet
  facet normal 0 0 1
    outer loop
      vertex -46.18467875173176 41.95 4.4
      vertex -46.36402655078499 44.68631864033178 4.4
      vertex -46.36402655078499 42.31368135966822 4.4
    endloop
  endfacet
  facet normal -0.9978589232386035 -0.0654031292301451 0
    outer loop
      vertex -46.57347907025881 43.09536880411784 4
      vertex -46.57347907025881 43.09536880411784 4.4
      vertex -46.6 43.5 4.4
    endloop
  endfacet
  facet normal -0.9978589232386035 0.0654031292301451 0
    outer loop
      vertex -46.6 43.5 4
      vertex -46.6 43.5 4.4
      vertex -46.57347907025881 43.90463119588216 4.4
    endloop
  endfacet
  facet normal -0.9807852804032309 0.19509032201612553 0
    outer loop
      vertex -46.57347907025881 43.90463119588216 4
      vertex -46.57347907025881 43.90463119588216 4.4
      vertex -46.49437006149611 44.30233903981782 4.4
    endloop
  endfacet
  facet normal -0.9469301294951059 0.3214394653031609 0
    outer loop
      vertex -46.49437006149611 44.30233903981782 4
      vertex -46.49437006149611 44.30233903981782 4.4
      vertex -46.36402655078499 44.68631864033178 4.4
    endloop
  endfacet
  facet normal 0 0 1
    outer loop
      vertex -46.57347907025881 43.09536880411784 4.4
      vertex -46.57347907025881 43.90463119588216 4.4
      vertex -46.6 43.5 4.4
    endloop
  endfacet
  facet normal 0 0 1
    outer loop
      vertex -46.57347907025881 43.09536880411784 4.4
      vertex -46.49437006149611 42.69766096018218 4.4
      vertex -46.57347907025881 43.90463119588216 4.4
    endloop
  endfacet
  facet normal 0 0 1
    outer loop
      vertex -46.49437006149611 42.69766096018218 4.4
      vertex -46.49437006149611 44.30233903981782 4.4
      vertex -46.57347907025881 43.90463119588216 4.4
    endloop
  endfacet
  facet normal 0 0 1
    outer loop
      vertex -46.36402655078499 42.31368135966822 4.4
      vertex -46.36402655078499 44.68631864033178 4.4
      vertex -46.49437006149611 44.30233903981782 4.4
    endloop
  endfacet
  facet normal 0 0 1
    outer loop
      vertex -46.18467875173176 41.95 4.4
      vertex -46.18467875173176 45.05 4.4
      vertex -46.36402655078499 44.68631864033178 4.4
    endloop
  endfacet
  facet normal 0 0 1
    outer loop
      vertex -45.95939535490283 41.612839570072964 4.4
      vertex -45.6920310216783 41.3079689783217 4.4
      vertex -45.95939535490283 45.387160429927036 4.4
    endloop
  endfacet
  facet normal 0 0 1
    outer loop
      vertex -45.95939535490283 41.612839570072964 4.4
      vertex -46.18467875173176 45.05 4.4
      vertex -46.18467875173176 41.95 4.4
    endloop
  endfacet
  facet normal 0 0 1
    outer loop
      vertex -45.6920310216783 41.3079689783217 4.4
      vertex -45.387160429927036 41.04060464509717 4.4
      vertex -45.6920310216783 45.6920310216783 4.4
    endloop
  endfacet
  facet normal 0 0 1
    outer loop
      vertex -45.05 40.81532124826824 4.4
      vertex -45.11678918189475 42.83030399336109 4.4
      vertex -45.19037019600587 43.04706667107059 4.4
    endloop
  endfacet
  facet normal 0 0 1
    outer loop
      vertex -45.05 40.81532124826824 4.4
      vertex -45.19037019600587 43.04706667107059 4.4
      vertex -45.23502850740417 43.27157916361491 4.4
    endloop
  endfacet
  facet normal 0 0 1
    outer loop
      vertex -45.05 40.81532124826824 4.4
      vertex -44.88836834550966 42.43466749923474 4.4
      vertex -45.01554445662277 42.625 4.4
    endloop
  endfacet
  facet normal 0 0 1
    outer loop
      vertex -44.68631864033178 40.63597344921501 4.4
      vertex -44.73743686707646 42.26256313292354 4.4
      vertex -44.88836834550966 42.43466749923474 4.4
    endloop
  endfacet
  facet normal 0 0 1
    outer loop
      vertex -45.05 40.81532124826824 4.4
      vertex -45.01554445662277 42.625 4.4
      vertex -45.11678918189475 42.83030399336109 4.4
    endloop
  endfacet
  facet normal 0 0 1
    outer loop
      vertex -45.387160429927036 41.04060464509717 4.4
      vertex -45.23502850740417 43.27157916361491 4.4
      vertex -45.25 43.5 4.4
    endloop
  endfacet
  facet normal 0 0 1
    outer loop
      vertex -45.95939535490283 41.612839570072964 4.4
      vertex -45.95939535490283 45.387160429927036 4.4
      vertex -46.18467875173176 45.05 4.4
    endloop
  endfacet
  facet normal 0 0 1
    outer loop
      vertex -45.6920310216783 41.3079689783217 4.4
      vertex -45.6920310216783 45.6920310216783 4.4
      vertex -45.95939535490283 45.387160429927036 4.4
    endloop
  endfacet
  facet normal 0 0 1
    outer loop
      vertex -45.387160429927036 41.04060464509717 4.4
      vertex -45.387160429927036 45.95939535490283 4.4
      vertex -45.6920310216783 45.6920310216783 4.4
    endloop
  endfacet
  facet normal 0 0 1
    outer loop
      vertex -45.387160429927036 41.04060464509717 4.4
      vertex -45.25 43.5 4.4
      vertex -45.387160429927036 45.95939535490283 4.4
    endloop
  endfacet
  facet normal 0 0 1
    outer loop
      vertex -45.25 43.5 4.4
      vertex -45.23502850740417 43.72842083638509 4.4
      vertex -45.387160429927036 45.95939535490283 4.4
    endloop
  endfacet
  facet normal 0 0 1
    outer loop
      vertex -45.23502850740417 43.72842083638509 4.4
      vertex -45.19037019600587 43.95293332892941 4.4
      vertex -45.387160429927036 45.95939535490283 4.4
    endloop
  endfacet
  facet normal -0.8968727415326853 0.4422886902190072 2.2655037364368474e-15
    outer loop
      vertex -46.36402655078499 44.68631864033178 4
      vertex -46.18467875173176 45.05 4.4
      vertex -46.32000000029802 44.7755956530809 4
    endloop
  endfacet
  facet normal -0.4422886902190072 0.8968727415326853 0
    outer loop
      vertex -44.7755956530809 46.32000000029802 4
      vertex -44.68631864033178 46.36402655078499 4.4
      vertex -44.68631864033178 46.36402655078499 4
    endloop
  endfacet
  facet normal -0.8968727415326845 0.4422886902190092 0
    outer loop
      vertex -46.36402655078499 44.68631864033178 4
      vertex -46.36402655078499 44.68631864033178 4.4
      vertex -46.18467875173176 45.05 4.4
    endloop
  endfacet
  facet normal 0 0 1
    outer loop
      vertex -45.19037019600587 43.95293332892941 4.4
      vertex -45.11678918189475 44.16969600663891 4.4
      vertex -45.387160429927036 45.95939535490283 4.4
    endloop
  endfacet
  facet normal 0 0 1
    outer loop
      vertex -45.11678918189475 44.16969600663891 4.4
      vertex -45.01554445662277 44.375 4.4
      vertex -45.387160429927036 45.95939535490283 4.4
    endloop
  endfacet
  facet normal 0 0 1
    outer loop
      vertex -45.01554445662277 44.375 4.4
      vertex -44.88836834550966 44.56533250076526 4.4
      vertex -45.05 46.18467875173176 4.4
    endloop
  endfacet
  facet normal 0 0 1
    outer loop
      vertex -44.88836834550966 44.56533250076526 4.4
      vertex -44.73743686707646 44.73743686707646 4.4
      vertex -45.05 46.18467875173176 4.4
    endloop
  endfacet
  facet normal 0 0 1
    outer loop
      vertex -44.73743686707646 44.73743686707646 4.4
      vertex -44.56533250076526 44.88836834550966 4.4
      vertex -45.05 46.18467875173176 4.4
    endloop
  endfacet
  facet normal 0 0 1
    outer loop
      vertex -45.01554445662277 44.375 4.4
      vertex -45.05 46.18467875173176 4.4
      vertex -45.387160429927036 45.95939535490283 4.4
    endloop
  endfacet
  facet normal 0 0 1
    outer loop
      vertex -45.05 46.18467875173176 4.4
      vertex -44.56533250076526 44.88836834550966 4.4
      vertex -44.68631864033178 46.36402655078499 4.4
    endloop
  endfacet
  facet normal -0.4422886902190092 0.8968727415326845 5.561390502542418e-16
    outer loop
      vertex -44.7755956530809 46.32000000029802 4
      vertex -45.05 46.18467875173176 4.4
      vertex -44.68631864033178 46.36402655078499 4.4
    endloop
  endfacet
  facet normal 0 0 1
    outer loop
      vertex -41.95 40.81532124826824 4.4
      vertex -42.26256313292354 42.26256313292354 4.4
      vertex -42.43466749923474 42.11163165449034 4.4
    endloop
  endfacet
  facet normal 0 0 1
    outer loop
      vertex -41.95 40.81532124826824 4.4
      vertex -42.11163165449034 42.43466749923474 4.4
      vertex -42.26256313292354 42.26256313292354 4.4
    endloop
  endfacet
  facet normal 0 0 1
    outer loop
      vertex -41.95 40.81532124826824 4.4
      vertex -41.98445554337723 42.625 4.4
      vertex -42.11163165449034 42.43466749923474 4.4
    endloop
  endfacet
  facet normal 0 0 1
    outer loop
      vertex -41.98445554337723 42.625 4.4
      vertex -41.612839570072964 41.04060464509717 4.4
      vertex -41.88321081810525 42.83030399336109 4.4
    endloop
  endfacet
  facet normal 0 0 1
    outer loop
      vertex -41.88321081810525 42.83030399336109 4.4
      vertex -41.612839570072964 41.04060464509717 4.4
      vertex -41.80962980399413 43.04706667107059 4.4
    endloop
  endfacet
  facet normal 0 0 1
    outer loop
      vertex -41.80962980399413 43.04706667107059 4.4
      vertex -41.612839570072964 41.04060464509717 4.4
      vertex -41.76497149259583 43.27157916361491 4.4
    endloop
  endfacet
  facet normal 0 0 1
    outer loop
      vertex -41.76497149259583 43.72842083638509 4.4
      vertex -41.95 46.18467875173176 4.4
      vertex -41.80962980399413 43.95293332892941 4.4
    endloop
  endfacet
  facet normal -0.3214394653031609 0.9469301294951059 0
    outer loop
      vertex -44.68631864033178 46.36402655078499 4
      vertex -44.30233903981782 46.49437006149611 4.4
      vertex -44.30233903981782 46.49437006149611 4
    endloop
  endfacet
  facet normal -0.19509032201612553 0.9807852804032309 0
    outer loop
      vertex -44.30233903981782 46.49437006149611 4
      vertex -43.90463119588216 46.57347907025881 4.4
      vertex -43.90463119588216 46.57347907025881 4
    endloop
  endfacet
  facet normal -0.0654031292301451 0.9978589232386035 0
    outer loop
      vertex -43.90463119588216 46.57347907025881 4
      vertex -43.5 46.6 4.4
      vertex -43.5 46.6 4
    endloop
  endfacet
  facet normal 0.0654031292301451 0.9978589232386035 0
    outer loop
      vertex -43.5 46.6 4
      vertex -43.09536880411784 46.57347907025881 4.4
      vertex -43.09536880411784 46.57347907025881 4
    endloop
  endfacet
  facet normal 0.19509032201612553 0.9807852804032309 0
    outer loop
      vertex -43.09536880411784 46.57347907025881 4
      vertex -42.69766096018218 46.49437006149611 4.4
      vertex -42.69766096018218 46.49437006149611 4
    endloop
  endfacet
  facet normal 0.3214394653031609 0.9469301294951059 0
    outer loop
      vertex -42.69766096018218 46.49437006149611 4
      vertex -42.31368135966822 46.36402655078499 4.4
      vertex -42.31368135966822 46.36402655078499 4
    endloop
  endfacet
  facet normal 0.4422886902190072 0.8968727415326853 2.2655037364368474e-15
    outer loop
      vertex -42.31368135966822 46.36402655078499 4
      vertex -41.95 46.18467875173176 4.4
      vertex -42.2244043469191 46.32000000029802 4
    endloop
  endfacet
  facet normal 0 0 1
    outer loop
      vertex -44.56533250076526 44.88836834550966 4.4
      vertex -44.375 45.01554445662277 4.4
      vertex -44.68631864033178 46.36402655078499 4.4
    endloop
  endfacet
  facet normal 0 0 1
    outer loop
      vertex -44.375 45.01554445662277 4.4
      vertex -44.16969600663891 45.11678918189475 4.4
      vertex -44.68631864033178 46.36402655078499 4.4
    endloop
  endfacet
  facet normal 0 0 1
    outer loop
      vertex -44.16969600663891 45.11678918189475 4.4
      vertex -44.30233903981782 46.49437006149611 4.4
      vertex -44.68631864033178 46.36402655078499 4.4
    endloop
  endfacet
  facet normal 0 0 1
    outer loop
      vertex -44.16969600663891 45.11678918189475 4.4
      vertex -43.95293332892941 45.19037019600587 4.4
      vertex -44.30233903981782 46.49437006149611 4.4
    endloop
  endfacet
  facet normal 0 0 1
    outer loop
      vertex -43.95293332892941 45.19037019600587 4.4
      vertex -43.72842083638509 45.23502850740417 4.4
      vertex -44.30233903981782 46.49437006149611 4.4
    endloop
  endfacet
  facet normal 0 0 1
    outer loop
      vertex -43.72842083638509 45.23502850740417 4.4
      vertex -43.90463119588216 46.57347907025881 4.4
      vertex -44.30233903981782 46.49437006149611 4.4
    endloop
  endfacet
  facet normal 0 0 1
    outer loop
      vertex -43.72842083638509 45.23502850740417 4.4
      vertex -43.5 45.25 4.4
      vertex -43.5 46.6 4.4
    endloop
  endfacet
  facet normal 0 0 1
    outer loop
      vertex -43.72842083638509 45.23502850740417 4.4
      vertex -43.5 46.6 4.4
      vertex -43.90463119588216 46.57347907025881 4.4
    endloop
  endfacet
  facet normal 0 0 1
    outer loop
      vertex -43.5 45.25 4.4
      vertex -43.27157916361491 45.23502850740417 4.4
      vertex -43.5 46.6 4.4
    endloop
  endfacet
  facet normal 0 0 1
    outer loop
      vertex -43.27157916361491 45.23502850740417 4.4
      vertex -43.09536880411784 46.57347907025881 4.4
      vertex -43.5 46.6 4.4
    endloop
  endfacet
  facet normal -0.3214394653031609 0.9469301294951059 0
    outer loop
      vertex -44.68631864033178 46.36402655078499 4
      vertex -44.68631864033178 46.36402655078499 4.4
      vertex -44.30233903981782 46.49437006149611 4.4
    endloop
  endfacet
  facet normal -0.19509032201612553 0.9807852804032309 0
    outer loop
      vertex -44.30233903981782 46.49437006149611 4
      vertex -44.30233903981782 46.49437006149611 4.4
      vertex -43.90463119588216 46.57347907025881 4.4
    endloop
  endfacet
  facet normal -0.0654031292301451 0.9978589232386035 0
    outer loop
      vertex -43.90463119588216 46.57347907025881 4
      vertex -43.90463119588216 46.57347907025881 4.4
      vertex -43.5 46.6 4.4
    endloop
  endfacet
  facet normal 0.0654031292301451 0.9978589232386035 0
    outer loop
      vertex -43.5 46.6 4
      vertex -43.5 46.6 4.4
      vertex -43.09536880411784 46.57347907025881 4.4
    endloop
  endfacet
  facet normal 0 0 1
    outer loop
      vertex -43.27157916361491 45.23502850740417 4.4
      vertex -43.04706667107059 45.19037019600587 4.4
      vertex -43.09536880411784 46.57347907025881 4.4
    endloop
  endfacet
  facet normal 0 0 1
    outer loop
      vertex -43.04706667107059 45.19037019600587 4.4
      vertex -42.83030399336109 45.11678918189475 4.4
      vertex -43.09536880411784 46.57347907025881 4.4
    endloop
  endfacet
  facet normal 0 0 1
    outer loop
      vertex -42.83030399336109 45.11678918189475 4.4
      vertex -42.69766096018218 46.49437006149611 4.4
      vertex -43.09536880411784 46.57347907025881 4.4
    endloop
  endfacet
  facet normal 0 0 1
    outer loop
      vertex -42.83030399336109 45.11678918189475 4.4
      vertex -42.625 45.01554445662277 4.4
      vertex -42.69766096018218 46.49437006149611 4.4
    endloop
  endfacet
  facet normal 0 0 1
    outer loop
      vertex -42.625 45.01554445662277 4.4
      vertex -42.43466749923474 44.88836834550966 4.4
      vertex -42.69766096018218 46.49437006149611 4.4
    endloop
  endfacet
  facet normal 0 0 1
    outer loop
      vertex -42.43466749923474 44.88836834550966 4.4
      vertex -42.31368135966822 46.36402655078499 4.4
      vertex -42.69766096018218 46.49437006149611 4.4
    endloop
  endfacet
  facet normal 0 0 1
    outer loop
      vertex -42.43466749923474 44.88836834550966 4.4
      vertex -42.26256313292354 44.73743686707646 4.4
      vertex -42.31368135966822 46.36402655078499 4.4
    endloop
  endfacet
  facet normal 0 0 1
    outer loop
      vertex -42.11163165449034 44.56533250076526 4.4
      vertex -42.31368135966822 46.36402655078499 4.4
      vertex -42.26256313292354 44.73743686707646 4.4
    endloop
  endfacet
  facet normal 0 0 1
    outer loop
      vertex -42.11163165449034 44.56533250076526 4.4
      vertex -41.98445554337723 44.375 4.4
      vertex -41.95 46.18467875173176 4.4
    endloop
  endfacet
  facet normal 0 0 1
    outer loop
      vertex -41.88321081810525 44.16969600663891 4.4
      vertex -41.95 46.18467875173176 4.4
      vertex -41.98445554337723 44.375 4.4
    endloop
  endfacet
  facet normal 0 0 1
    outer loop
      vertex -41.80962980399413 43.95293332892941 4.4
      vertex -41.95 46.18467875173176 4.4
      vertex -41.88321081810525 44.16969600663891 4.4
    endloop
  endfacet
  facet normal 0 0 1
    outer loop
      vertex -41.76497149259583 43.72842083638509 4.4
      vertex -41.612839570072964 45.95939535490283 4.4
      vertex -41.95 46.18467875173176 4.4
    endloop
  endfacet
  facet normal 0 0 1
    outer loop
      vertex -42.11163165449034 44.56533250076526 4.4
      vertex -41.95 46.18467875173176 4.4
      vertex -42.31368135966822 46.36402655078499 4.4
    endloop
  endfacet
  facet normal 0.19509032201612553 0.9807852804032309 0
    outer loop
      vertex -43.09536880411784 46.57347907025881 4
      vertex -43.09536880411784 46.57347907025881 4.4
      vertex -42.69766096018218 46.49437006149611 4.4
    endloop
  endfacet
  facet normal 0.3214394653031609 0.9469301294951059 0
    outer loop
      vertex -42.69766096018218 46.49437006149611 4
      vertex -42.69766096018218 46.49437006149611 4.4
      vertex -42.31368135966822 46.36402655078499 4.4
    endloop
  endfacet
  facet normal 0.4422886902190092 0.8968727415326845 0
    outer loop
      vertex -42.31368135966822 46.36402655078499 4
      vertex -42.31368135966822 46.36402655078499 4.4
      vertex -41.95 46.18467875173176 4.4
    endloop
  endfacet
  facet normal 0 0 1
    outer loop
      vertex -41.76497149259583 43.27157916361491 4.4
      vertex -41.612839570072964 41.04060464509717 4.4
      vertex -41.75 43.5 4.4
    endloop
  endfacet
  facet normal 0 0 1
    outer loop
      vertex -41.612839570072964 41.04060464509717 4.4
      vertex -41.3079689783217 41.3079689783217 4.4
      vertex -41.612839570072964 45.95939535490283 4.4
    endloop
  endfacet
  facet normal 0 0 1
    outer loop
      vertex -41.3079689783217 41.3079689783217 4.4
      vertex -41.04060464509717 41.612839570072964 4.4
      vertex -41.3079689783217 45.6920310216783 4.4
    endloop
  endfacet
  facet normal 0 0 1
    outer loop
      vertex -41.04060464509717 41.612839570072964 4.4
      vertex -40.81532124826824 41.95 4.4
      vertex -41.04060464509717 45.387160429927036 4.4
    endloop
  endfacet
  facet normal 0 0 1
    outer loop
      vertex -40.81532124826824 41.95 4.4
      vertex -40.63597344921501 42.31368135966822 4.4
      vertex -40.81532124826824 45.05 4.4
    endloop
  endfacet
  facet normal 0 0 1
    outer loop
      vertex -41.75 43.5 4.4
      vertex -41.612839570072964 41.04060464509717 4.4
      vertex -41.612839570072964 45.95939535490283 4.4
    endloop
  endfacet
  facet normal 0 0 1
    outer loop
      vertex -41.75 43.5 4.4
      vertex -41.612839570072964 45.95939535490283 4.4
      vertex -41.76497149259583 43.72842083638509 4.4
    endloop
  endfacet
  facet normal 0 0 1
    outer loop
      vertex -41.3079689783217 41.3079689783217 4.4
      vertex -41.3079689783217 45.6920310216783 4.4
      vertex -41.612839570072964 45.95939535490283 4.4
    endloop
  endfacet
  facet normal 0 0 1
    outer loop
      vertex -41.04060464509717 41.612839570072964 4.4
      vertex -41.04060464509717 45.387160429927036 4.4
      vertex -41.3079689783217 45.6920310216783 4.4
    endloop
  endfacet
  facet normal 0 0 1
    outer loop
      vertex -40.63597344921501 42.31368135966822 4.4
      vertex -40.50562993850389 42.69766096018218 4.4
      vertex -40.63597344921501 44.68631864033178 4.4
    endloop
  endfacet
  facet normal 0 0 1
    outer loop
      vertex -40.50562993850389 42.69766096018218 4.4
      vertex -40.42652092974119 43.09536880411784 4.4
      vertex -40.50562993850389 44.30233903981782 4.4
    endloop
  endfacet
  facet normal 0 0 1
    outer loop
      vertex -40.42652092974119 43.09536880411784 4.4
      vertex -40.4 43.5 4.4
      vertex -40.42652092974119 43.90463119588216 4.4
    endloop
  endfacet
  facet normal 0 0 1
    outer loop
      vertex -40.50562993850389 42.69766096018218 4.4
      vertex -40.50562993850389 44.30233903981782 4.4
      vertex -40.63597344921501 44.68631864033178 4.4
    endloop
  endfacet
  facet normal 0 0 1
    outer loop
      vertex -40.42652092974119 43.09536880411784 4.4
      vertex -40.42652092974119 43.90463119588216 4.4
      vertex -40.50562993850389 44.30233903981782 4.4
    endloop
  endfacet
  facet normal 0 0 1
    outer loop
      vertex -40.81532124826824 41.95 4.4
      vertex -40.81532124826824 45.05 4.4
      vertex -41.04060464509717 45.387160429927036 4.4
    endloop
  endfacet
  facet normal 0 0 1
    outer loop
      vertex -40.63597344921501 42.31368135966822 4.4
      vertex -40.63597344921501 44.68631864033178 4.4
      vertex -40.81532124826824 45.05 4.4
    endloop
  endfacet
  facet normal -0.831469612302552 -0.5555702330195921 0
    outer loop
      vertex 40.81532124826824 -45.05 2.2
      vertex 41.04060464509717 -45.387160429927036 2.2
      vertex 40.81532124826824 -45.05 4.4
    endloop
  endfacet
  facet normal -0.8968727415326844 -0.4422886902190092 0
    outer loop
      vertex 40.81532124826824 -45.05 2.2
      vertex 40.63597344921501 -44.68631864033178 4.4
      vertex 40.63597344921501 -44.68631864033178 2.2
    endloop
  endfacet
  facet normal -0.7518398074789706 -0.6593458151000765 0
    outer loop
      vertex 41.3079689783217 -45.6920310216783 2.2
      vertex 41.04060464509717 -45.387160429927036 4.4
      vertex 41.04060464509717 -45.387160429927036 2.2
    endloop
  endfacet
  facet normal -0.6593458151000765 -0.7518398074789706 0
    outer loop
      vertex 41.3079689783217 -45.6920310216783 2.2
      vertex 41.612839570072964 -45.95939535490283 2.2
      vertex 41.612839570072964 -45.95939535490283 4.4
    endloop
  endfacet
  facet normal -0.9469301294951058 -0.321439465303161 0
    outer loop
      vertex 40.50562993850389 -44.30233903981782 2.2
      vertex 40.63597344921501 -44.68631864033178 2.2
      vertex 40.50562993850389 -44.30233903981782 4.4
    endloop
  endfacet
  facet normal -0.9807852804032309 -0.19509032201612556 0
    outer loop
      vertex 40.50562993850389 -44.30233903981782 2.2
      vertex 40.42652092974119 -43.90463119588216 4.4
      vertex 40.42652092974119 -43.90463119588216 2.2
    endloop
  endfacet
  facet normal -0.9978589232386035 -0.06540312923014509 0
    outer loop
      vertex 40.42652092974119 -43.90463119588216 2.2
      vertex 40.4 -43.5 4.4
      vertex 40.4 -43.5 2.2
    endloop
  endfacet
  facet normal -0.9978589232386035 0.06540312923014509 0
    outer loop
      vertex 40.4 -43.5 2.2
      vertex 40.42652092974119 -43.09536880411784 4.4
      vertex 40.42652092974119 -43.09536880411784 2.2
    endloop
  endfacet
  facet normal -0.9807852804032309 0.19509032201612556 0
    outer loop
      vertex 40.42652092974119 -43.09536880411784 2.2
      vertex 40.50562993850389 -42.69766096018218 4.4
      vertex 40.50562993850389 -42.69766096018218 2.2
    endloop
  endfacet
  facet normal -0.9469301294951058 0.321439465303161 0
    outer loop
      vertex 40.50562993850389 -42.69766096018218 2.2
      vertex 40.63597344921501 -42.31368135966822 4.4
      vertex 40.63597344921501 -42.31368135966822 2.2
    endloop
  endfacet
  facet normal -0.8968727415326844 0.4422886902190092 0
    outer loop
      vertex 40.63597344921501 -42.31368135966822 2.2
      vertex 40.81532124826824 -41.95 4.4
      vertex 40.81532124826824 -41.95 2.2
    endloop
  endfacet
  facet normal -0.831469612302552 0.5555702330195921 0
    outer loop
      vertex 40.81532124826824 -41.95 2.2
      vertex 41.04060464509717 -41.612839570072964 4.4
      vertex 41.04060464509717 -41.612839570072964 2.2
    endloop
  endfacet
  facet normal -0.7518398074789706 0.6593458151000765 0
    outer loop
      vertex 41.04060464509717 -41.612839570072964 2.2
      vertex 41.3079689783217 -41.3079689783217 4.4
      vertex 41.3079689783217 -41.3079689783217 2.2
    endloop
  endfacet
  facet normal -0.6593458151000765 0.7518398074789706 0
    outer loop
      vertex 41.3079689783217 -41.3079689783217 2.2
      vertex 41.3079689783217 -41.3079689783217 4.4
      vertex 41.612839570072964 -41.04060464509717 2.2
    endloop
  endfacet
  facet normal -0.44228869021900985 -0.8968727415326841 0
    outer loop
      vertex 41.95 -46.18467875173176 2.2
      vertex 42.2244043469191 -46.32000000029802 2.2
      vertex 42.2244043469191 -46.32000000029802 4
    endloop
  endfacet
  facet normal -0.5555702330195921 -0.831469612302552 0
    outer loop
      vertex 41.612839570072964 -45.95939535490283 2.2
      vertex 41.95 -46.18467875173176 2.2
      vertex 41.95 -46.18467875173176 4.4
    endloop
  endfacet
  facet normal 0.8968727415326841 -0.44228869021900985 0
    outer loop
      vertex 46.18467875173176 -45.05 2.2
      vertex 46.32000000029802 -44.7755956530809 2.2
      vertex 46.32000000029802 -44.7755956530809 4
    endloop
  endfacet
  facet normal 0.4422886902190098 -0.8968727415326841 0
    outer loop
      vertex 44.7755956530809 -46.32000000029802 2.2
      vertex 45.05 -46.18467875173176 2.2
      vertex 45.05 -46.18467875173176 4.4
    endloop
  endfacet
  facet normal 0.5555702330195921 -0.831469612302552 0
    outer loop
      vertex 45.05 -46.18467875173176 2.2
      vertex 45.387160429927036 -45.95939535490283 2.2
      vertex 45.387160429927036 -45.95939535490283 4.4
    endloop
  endfacet
  facet normal 0.6593458151000765 -0.7518398074789706 0
    outer loop
      vertex 45.387160429927036 -45.95939535490283 2.2
      vertex 45.6920310216783 -45.6920310216783 2.2
      vertex 45.6920310216783 -45.6920310216783 4.4
    endloop
  endfacet
  facet normal 0.7518398074789706 -0.6593458151000765 0
    outer loop
      vertex 45.6920310216783 -45.6920310216783 2.2
      vertex 45.95939535490283 -45.387160429927036 2.2
      vertex 45.6920310216783 -45.6920310216783 4.4
    endloop
  endfacet
  facet normal 0.831469612302552 -0.5555702330195921 0
    outer loop
      vertex 45.95939535490283 -45.387160429927036 2.2
      vertex 46.18467875173176 -45.05 2.2
      vertex 45.95939535490283 -45.387160429927036 4.4
    endloop
  endfacet
  facet normal 0.8968727415326841 0.44228869021900985 0
    outer loop
      vertex 46.32000000029802 -42.2244043469191 2.2
      vertex 46.18467875173176 -41.95 2.2
      vertex 46.32000000029802 -42.2244043469191 4
    endloop
  endfacet
  facet normal 0.831469612302552 0.5555702330195921 0
    outer loop
      vertex 46.18467875173176 -41.95 2.2
      vertex 45.95939535490283 -41.612839570072964 2.2
      vertex 46.18467875173176 -41.95 4.4
    endloop
  endfacet
  facet normal -0.5555702330195921 0.831469612302552 0
    outer loop
      vertex 41.612839570072964 -41.04060464509717 2.2
      vertex 41.612839570072964 -41.04060464509717 4.4
      vertex 41.95 -40.81532124826824 2.2
    endloop
  endfacet
  facet normal -0.4422886902190092 0.8968727415326844 0
    outer loop
      vertex 41.95 -40.81532124826824 2.2
      vertex 41.95 -40.81532124826824 4.4
      vertex 42.31368135966822 -40.63597344921501 2.2
    endloop
  endfacet
  facet normal -0.321439465303161 0.9469301294951058 0
    outer loop
      vertex 42.31368135966822 -40.63597344921501 2.2
      vertex 42.31368135966822 -40.63597344921501 4.4
      vertex 42.69766096018218 -40.50562993850389 2.2
    endloop
  endfacet
  facet normal -0.19509032201612556 0.9807852804032309 0
    outer loop
      vertex 42.69766096018218 -40.50562993850389 2.2
      vertex 42.69766096018218 -40.50562993850389 4.4
      vertex 43.09536880411784 -40.42652092974119 2.2
    endloop
  endfacet
  facet normal -0.06540312923014509 0.9978589232386035 0
    outer loop
      vertex 43.09536880411784 -40.42652092974119 2.2
      vertex 43.09536880411784 -40.42652092974119 4.4
      vertex 43.5 -40.4 2.2
    endloop
  endfacet
  facet normal 0.06540312923014509 0.9978589232386035 0
    outer loop
      vertex 43.5 -40.4 2.2
      vertex 43.5 -40.4 4.4
      vertex 43.90463119588216 -40.42652092974119 2.2
    endloop
  endfacet
  facet normal 0.19509032201612556 0.9807852804032309 0
    outer loop
      vertex 43.90463119588216 -40.42652092974119 2.2
      vertex 43.90463119588216 -40.42652092974119 4.4
      vertex 44.30233903981782 -40.50562993850389 2.2
    endloop
  endfacet
  facet normal 0.321439465303161 0.9469301294951058 0
    outer loop
      vertex 44.30233903981782 -40.50562993850389 2.2
      vertex 44.30233903981782 -40.50562993850389 4.4
      vertex 44.68631864033178 -40.63597344921501 2.2
    endloop
  endfacet
  facet normal 0.4422886902190092 0.8968727415326844 0
    outer loop
      vertex 44.68631864033178 -40.63597344921501 2.2
      vertex 44.68631864033178 -40.63597344921501 4.4
      vertex 45.05 -40.81532124826824 2.2
    endloop
  endfacet
  facet normal 0.5555702330195921 0.831469612302552 0
    outer loop
      vertex 45.387160429927036 -41.04060464509717 2.2
      vertex 45.05 -40.81532124826824 2.2
      vertex 45.05 -40.81532124826824 4.4
    endloop
  endfacet
  facet normal 0.6593458151000765 0.7518398074789706 0
    outer loop
      vertex 45.387160429927036 -41.04060464509717 2.2
      vertex 45.387160429927036 -41.04060464509717 4.4
      vertex 45.6920310216783 -41.3079689783217 2.2
    endloop
  endfacet
  facet normal 0.7518398074789706 0.6593458151000765 0
    outer loop
      vertex 45.6920310216783 -41.3079689783217 2.2
      vertex 45.95939535490283 -41.612839570072964 4.4
      vertex 45.95939535490283 -41.612839570072964 2.2
    endloop
  endfacet
  facet normal -0.831469612302552 -0.5555702330195921 0
    outer loop
      vertex 41.04060464509717 -45.387160429927036 2.2
      vertex 41.04060464509717 -45.387160429927036 4.4
      vertex 40.81532124826824 -45.05 4.4
    endloop
  endfacet
  facet normal -0.8968727415326844 -0.4422886902190092 0
    outer loop
      vertex 40.81532124826824 -45.05 2.2
      vertex 40.81532124826824 -45.05 4.4
      vertex 40.63597344921501 -44.68631864033178 4.4
    endloop
  endfacet
  facet normal -0.7518398074789706 -0.6593458151000765 0
    outer loop
      vertex 41.3079689783217 -45.6920310216783 2.2
      vertex 41.3079689783217 -45.6920310216783 4.4
      vertex 41.04060464509717 -45.387160429927036 4.4
    endloop
  endfacet
  facet normal -0.6593458151000765 -0.7518398074789706 0
    outer loop
      vertex 41.3079689783217 -45.6920310216783 2.2
      vertex 41.612839570072964 -45.95939535490283 4.4
      vertex 41.3079689783217 -45.6920310216783 4.4
    endloop
  endfacet
  facet normal -0.9469301294951058 -0.321439465303161 0
    outer loop
      vertex 40.63597344921501 -44.68631864033178 2.2
      vertex 40.63597344921501 -44.68631864033178 4.4
      vertex 40.50562993850389 -44.30233903981782 4.4
    endloop
  endfacet
  facet normal -0.9807852804032309 -0.19509032201612556 0
    outer loop
      vertex 40.50562993850389 -44.30233903981782 2.2
      vertex 40.50562993850389 -44.30233903981782 4.4
      vertex 40.42652092974119 -43.90463119588216 4.4
    endloop
  endfacet
  facet normal -0.9978589232386035 -0.06540312923014509 0
    outer loop
      vertex 40.42652092974119 -43.90463119588216 2.2
      vertex 40.42652092974119 -43.90463119588216 4.4
      vertex 40.4 -43.5 4.4
    endloop
  endfacet
  facet normal -0.9978589232386035 0.06540312923014509 0
    outer loop
      vertex 40.4 -43.5 2.2
      vertex 40.4 -43.5 4.4
      vertex 40.42652092974119 -43.09536880411784 4.4
    endloop
  endfacet
  facet normal -0.9807852804032309 0.19509032201612556 0
    outer loop
      vertex 40.42652092974119 -43.09536880411784 2.2
      vertex 40.42652092974119 -43.09536880411784 4.4
      vertex 40.50562993850389 -42.69766096018218 4.4
    endloop
  endfacet
  facet normal -0.9469301294951058 0.321439465303161 0
    outer loop
      vertex 40.50562993850389 -42.69766096018218 2.2
      vertex 40.50562993850389 -42.69766096018218 4.4
      vertex 40.63597344921501 -42.31368135966822 4.4
    endloop
  endfacet
  facet normal -0.8968727415326844 0.4422886902190092 0
    outer loop
      vertex 40.63597344921501 -42.31368135966822 2.2
      vertex 40.63597344921501 -42.31368135966822 4.4
      vertex 40.81532124826824 -41.95 4.4
    endloop
  endfacet
  facet normal -0.831469612302552 0.5555702330195921 0
    outer loop
      vertex 40.81532124826824 -41.95 2.2
      vertex 40.81532124826824 -41.95 4.4
      vertex 41.04060464509717 -41.612839570072964 4.4
    endloop
  endfacet
  facet normal -0.7518398074789706 0.6593458151000765 0
    outer loop
      vertex 41.04060464509717 -41.612839570072964 2.2
      vertex 41.04060464509717 -41.612839570072964 4.4
      vertex 41.3079689783217 -41.3079689783217 4.4
    endloop
  endfacet
  facet normal -0.6593458151000765 0.7518398074789706 0
    outer loop
      vertex 41.612839570072964 -41.04060464509717 2.2
      vertex 41.3079689783217 -41.3079689783217 4.4
      vertex 41.612839570072964 -41.04060464509717 4.4
    endloop
  endfacet
  facet normal -0.4422886902190098 -0.8968727415326841 0
    outer loop
      vertex 41.95 -46.18467875173176 2.2
      vertex 42.2244043469191 -46.32000000029802 4
      vertex 41.95 -46.18467875173176 4.4
    endloop
  endfacet
  facet normal 0.44228869021900985 -0.8968727415326841 0
    outer loop
      vertex 44.7755956530809 -46.32000000029802 2.2
      vertex 45.05 -46.18467875173176 4.4
      vertex 44.7755956530809 -46.32000000029802 4
    endloop
  endfacet
  facet normal 0.8968727415326841 -0.4422886902190098 0
    outer loop
      vertex 46.18467875173176 -45.05 2.2
      vertex 46.32000000029802 -44.7755956530809 4
      vertex 46.18467875173176 -45.05 4.4
    endloop
  endfacet
  facet normal 0.8968727415326841 0.4422886902190098 0
    outer loop
      vertex 46.18467875173176 -41.95 2.2
      vertex 46.18467875173176 -41.95 4.4
      vertex 46.32000000029802 -42.2244043469191 4
    endloop
  endfacet
  facet normal -0.5555702330195921 -0.831469612302552 0
    outer loop
      vertex 41.612839570072964 -45.95939535490283 2.2
      vertex 41.95 -46.18467875173176 4.4
      vertex 41.612839570072964 -45.95939535490283 4.4
    endloop
  endfacet
  facet normal 0.5555702330195921 -0.831469612302552 0
    outer loop
      vertex 45.05 -46.18467875173176 2.2
      vertex 45.387160429927036 -45.95939535490283 4.4
      vertex 45.05 -46.18467875173176 4.4
    endloop
  endfacet
  facet normal 0.6593458151000765 -0.7518398074789706 0
    outer loop
      vertex 45.387160429927036 -45.95939535490283 2.2
      vertex 45.6920310216783 -45.6920310216783 4.4
      vertex 45.387160429927036 -45.95939535490283 4.4
    endloop
  endfacet
  facet normal 0.7518398074789706 -0.6593458151000765 0
    outer loop
      vertex 45.95939535490283 -45.387160429927036 2.2
      vertex 45.95939535490283 -45.387160429927036 4.4
      vertex 45.6920310216783 -45.6920310216783 4.4
    endloop
  endfacet
  facet normal 0.831469612302552 -0.5555702330195921 0
    outer loop
      vertex 46.18467875173176 -45.05 2.2
      vertex 46.18467875173176 -45.05 4.4
      vertex 45.95939535490283 -45.387160429927036 4.4
    endloop
  endfacet
  facet normal 0.831469612302552 0.5555702330195921 0
    outer loop
      vertex 45.95939535490283 -41.612839570072964 2.2
      vertex 45.95939535490283 -41.612839570072964 4.4
      vertex 46.18467875173176 -41.95 4.4
    endloop
  endfacet
  facet normal -0.5555702330195921 0.831469612302552 0
    outer loop
      vertex 41.95 -40.81532124826824 2.2
      vertex 41.612839570072964 -41.04060464509717 4.4
      vertex 41.95 -40.81532124826824 4.4
    endloop
  endfacet
  facet normal -0.4422886902190092 0.8968727415326844 0
    outer loop
      vertex 42.31368135966822 -40.63597344921501 2.2
      vertex 41.95 -40.81532124826824 4.4
      vertex 42.31368135966822 -40.63597344921501 4.4
    endloop
  endfacet
  facet normal -0.321439465303161 0.9469301294951058 0
    outer loop
      vertex 42.69766096018218 -40.50562993850389 2.2
      vertex 42.31368135966822 -40.63597344921501 4.4
      vertex 42.69766096018218 -40.50562993850389 4.4
    endloop
  endfacet
  facet normal -0.19509032201612556 0.9807852804032309 0
    outer loop
      vertex 43.09536880411784 -40.42652092974119 2.2
      vertex 42.69766096018218 -40.50562993850389 4.4
      vertex 43.09536880411784 -40.42652092974119 4.4
    endloop
  endfacet
  facet normal -0.06540312923014509 0.9978589232386035 0
    outer loop
      vertex 43.5 -40.4 2.2
      vertex 43.09536880411784 -40.42652092974119 4.4
      vertex 43.5 -40.4 4.4
    endloop
  endfacet
  facet normal 0.06540312923014509 0.9978589232386035 0
    outer loop
      vertex 43.90463119588216 -40.42652092974119 2.2
      vertex 43.5 -40.4 4.4
      vertex 43.90463119588216 -40.42652092974119 4.4
    endloop
  endfacet
  facet normal 0.19509032201612556 0.9807852804032309 0
    outer loop
      vertex 44.30233903981782 -40.50562993850389 2.2
      vertex 43.90463119588216 -40.42652092974119 4.4
      vertex 44.30233903981782 -40.50562993850389 4.4
    endloop
  endfacet
  facet normal 0.321439465303161 0.9469301294951058 0
    outer loop
      vertex 44.68631864033178 -40.63597344921501 2.2
      vertex 44.30233903981782 -40.50562993850389 4.4
      vertex 44.68631864033178 -40.63597344921501 4.4
    endloop
  endfacet
  facet normal 0.4422886902190092 0.8968727415326844 0
    outer loop
      vertex 45.05 -40.81532124826824 2.2
      vertex 44.68631864033178 -40.63597344921501 4.4
      vertex 45.05 -40.81532124826824 4.4
    endloop
  endfacet
  facet normal 0.5555702330195921 0.831469612302552 0
    outer loop
      vertex 45.387160429927036 -41.04060464509717 2.2
      vertex 45.05 -40.81532124826824 4.4
      vertex 45.387160429927036 -41.04060464509717 4.4
    endloop
  endfacet
  facet normal 0.7518398074789706 0.6593458151000765 0
    outer loop
      vertex 45.6920310216783 -41.3079689783217 2.2
      vertex 45.6920310216783 -41.3079689783217 4.4
      vertex 45.95939535490283 -41.612839570072964 4.4
    endloop
  endfacet
  facet normal 0.6593458151000765 0.7518398074789706 0
    outer loop
      vertex 45.6920310216783 -41.3079689783217 2.2
      vertex 45.387160429927036 -41.04060464509717 4.4
      vertex 45.6920310216783 -41.3079689783217 4.4
    endloop
  endfacet
  facet normal 0 0 1
    outer loop
      vertex 40.81532124826824 -45.05 4.4
      vertex 40.63597344921501 -42.31368135966822 4.4
      vertex 40.63597344921501 -44.68631864033178 4.4
    endloop
  endfacet
  facet normal 0 0 1
    outer loop
      vertex 40.81532124826824 -45.05 4.4
      vertex 41.04060464509717 -45.387160429927036 4.4
      vertex 40.81532124826824 -41.95 4.4
    endloop
  endfacet
  facet normal 0 0 1
    outer loop
      vertex 40.50562993850389 -44.30233903981782 4.4
      vertex 40.42652092974119 -43.09536880411784 4.4
      vertex 40.42652092974119 -43.90463119588216 4.4
    endloop
  endfacet
  facet normal 0 0 1
    outer loop
      vertex 40.50562993850389 -44.30233903981782 4.4
      vertex 40.63597344921501 -44.68631864033178 4.4
      vertex 40.50562993850389 -42.69766096018218 4.4
    endloop
  endfacet
  facet normal 0 0 1
    outer loop
      vertex 40.42652092974119 -43.90463119588216 4.4
      vertex 40.42652092974119 -43.09536880411784 4.4
      vertex 40.4 -43.5 4.4
    endloop
  endfacet
  facet normal 0 0 1
    outer loop
      vertex 40.50562993850389 -44.30233903981782 4.4
      vertex 40.50562993850389 -42.69766096018218 4.4
      vertex 40.42652092974119 -43.09536880411784 4.4
    endloop
  endfacet
  facet normal 0 0 1
    outer loop
      vertex 40.63597344921501 -44.68631864033178 4.4
      vertex 40.63597344921501 -42.31368135966822 4.4
      vertex 40.50562993850389 -42.69766096018218 4.4
    endloop
  endfacet
  facet normal 0 0 1
    outer loop
      vertex 41.3079689783217 -45.6920310216783 4.4
      vertex 41.04060464509717 -41.612839570072964 4.4
      vertex 41.04060464509717 -45.387160429927036 4.4
    endloop
  endfacet
  facet normal 0 0 1
    outer loop
      vertex 41.3079689783217 -45.6920310216783 4.4
      vertex 41.612839570072964 -45.95939535490283 4.4
      vertex 41.3079689783217 -41.3079689783217 4.4
    endloop
  endfacet
  facet normal 0 0 1
    outer loop
      vertex 41.612839570072964 -45.95939535490283 4.4
      vertex 41.76497149259583 -43.72842083638509 4.4
      vertex 41.75 -43.5 4.4
    endloop
  endfacet
  facet normal 0 0 1
    outer loop
      vertex 41.612839570072964 -45.95939535490283 4.4
      vertex 41.75 -43.5 4.4
      vertex 41.612839570072964 -41.04060464509717 4.4
    endloop
  endfacet
  facet normal 0 0 1
    outer loop
      vertex 40.81532124826824 -45.05 4.4
      vertex 40.81532124826824 -41.95 4.4
      vertex 40.63597344921501 -42.31368135966822 4.4
    endloop
  endfacet
  facet normal 0 0 1
    outer loop
      vertex 41.04060464509717 -45.387160429927036 4.4
      vertex 41.04060464509717 -41.612839570072964 4.4
      vertex 40.81532124826824 -41.95 4.4
    endloop
  endfacet
  facet normal 0 0 1
    outer loop
      vertex 41.3079689783217 -45.6920310216783 4.4
      vertex 41.3079689783217 -41.3079689783217 4.4
      vertex 41.04060464509717 -41.612839570072964 4.4
    endloop
  endfacet
  facet normal 0 0 1
    outer loop
      vertex 41.612839570072964 -45.95939535490283 4.4
      vertex 41.612839570072964 -41.04060464509717 4.4
      vertex 41.3079689783217 -41.3079689783217 4.4
    endloop
  endfacet
  facet normal 0 0 1
    outer loop
      vertex 41.612839570072964 -41.04060464509717 4.4
      vertex 41.75 -43.5 4.4
      vertex 41.76497149259583 -43.27157916361491 4.4
    endloop
  endfacet
  facet normal -0.4422886902190072 -0.8968727415326853 2.2655037364368474e-15
    outer loop
      vertex 42.2244043469191 -46.32000000029802 4
      vertex 42.31368135966822 -46.36402655078499 4
      vertex 41.95 -46.18467875173176 4.4
    endloop
  endfacet
  facet normal -0.3214394653031609 -0.9469301294951059 0
    outer loop
      vertex 42.31368135966822 -46.36402655078499 4
      vertex 42.69766096018218 -46.49437006149611 4
      vertex 42.31368135966822 -46.36402655078499 4.4
    endloop
  endfacet
  facet normal -0.19509032201612553 -0.9807852804032309 0
    outer loop
      vertex 42.69766096018218 -46.49437006149611 4
      vertex 43.09536880411784 -46.57347907025881 4
      vertex 42.69766096018218 -46.49437006149611 4.4
    endloop
  endfacet
  facet normal -0.0654031292301451 -0.9978589232386035 0
    outer loop
      vertex 43.09536880411784 -46.57347907025881 4
      vertex 43.5 -46.6 4
      vertex 43.09536880411784 -46.57347907025881 4.4
    endloop
  endfacet
  facet normal 0.0654031292301451 -0.9978589232386035 0
    outer loop
      vertex 43.5 -46.6 4
      vertex 43.90463119588216 -46.57347907025881 4
      vertex 43.5 -46.6 4.4
    endloop
  endfacet
  facet normal 0.19509032201612553 -0.9807852804032309 0
    outer loop
      vertex 43.90463119588216 -46.57347907025881 4
      vertex 44.30233903981782 -46.49437006149611 4
      vertex 43.90463119588216 -46.57347907025881 4.4
    endloop
  endfacet
  facet normal 0.3214394653031609 -0.9469301294951059 0
    outer loop
      vertex 44.30233903981782 -46.49437006149611 4
      vertex 44.68631864033178 -46.36402655078499 4
      vertex 44.30233903981782 -46.49437006149611 4.4
    endloop
  endfacet
  facet normal -0.4422886902190092 -0.8968727415326845 0
    outer loop
      vertex 42.31368135966822 -46.36402655078499 4
      vertex 42.31368135966822 -46.36402655078499 4.4
      vertex 41.95 -46.18467875173176 4.4
    endloop
  endfacet
  facet normal -0.3214394653031609 -0.9469301294951059 0
    outer loop
      vertex 42.69766096018218 -46.49437006149611 4
      vertex 42.69766096018218 -46.49437006149611 4.4
      vertex 42.31368135966822 -46.36402655078499 4.4
    endloop
  endfacet
  facet normal -0.19509032201612553 -0.9807852804032309 0
    outer loop
      vertex 43.09536880411784 -46.57347907025881 4
      vertex 43.09536880411784 -46.57347907025881 4.4
      vertex 42.69766096018218 -46.49437006149611 4.4
    endloop
  endfacet
  facet normal 0 0 1
    outer loop
      vertex 41.95 -46.18467875173176 4.4
      vertex 42.31368135966822 -46.36402655078499 4.4
      vertex 42.11163165449034 -44.56533250076526 4.4
    endloop
  endfacet
  facet normal 0 0 1
    outer loop
      vertex 41.612839570072964 -45.95939535490283 4.4
      vertex 41.95 -46.18467875173176 4.4
      vertex 41.76497149259583 -43.72842083638509 4.4
    endloop
  endfacet
  facet normal 0 0 1
    outer loop
      vertex 41.95 -46.18467875173176 4.4
      vertex 41.88321081810525 -44.16969600663891 4.4
      vertex 41.80962980399413 -43.95293332892941 4.4
    endloop
  endfacet
  facet normal 0 0 1
    outer loop
      vertex 41.95 -46.18467875173176 4.4
      vertex 41.98445554337723 -44.375 4.4
      vertex 41.88321081810525 -44.16969600663891 4.4
    endloop
  endfacet
  facet normal 0 0 1
    outer loop
      vertex 41.95 -46.18467875173176 4.4
      vertex 42.11163165449034 -44.56533250076526 4.4
      vertex 41.98445554337723 -44.375 4.4
    endloop
  endfacet
  facet normal 0 0 1
    outer loop
      vertex 42.31368135966822 -46.36402655078499 4.4
      vertex 42.26256313292354 -44.73743686707646 4.4
      vertex 42.11163165449034 -44.56533250076526 4.4
    endloop
  endfacet
  facet normal 0 0 1
    outer loop
      vertex 42.31368135966822 -46.36402655078499 4.4
      vertex 42.43466749923474 -44.88836834550966 4.4
      vertex 42.26256313292354 -44.73743686707646 4.4
    endloop
  endfacet
  facet normal 0 0 1
    outer loop
      vertex 42.31368135966822 -46.36402655078499 4.4
      vertex 42.69766096018218 -46.49437006149611 4.4
      vertex 42.43466749923474 -44.88836834550966 4.4
    endloop
  endfacet
  facet normal 0 0 1
    outer loop
      vertex 42.69766096018218 -46.49437006149611 4.4
      vertex 42.625 -45.01554445662277 4.4
      vertex 42.43466749923474 -44.88836834550966 4.4
    endloop
  endfacet
  facet normal 0 0 1
    outer loop
      vertex 42.69766096018218 -46.49437006149611 4.4
      vertex 42.83030399336109 -45.11678918189475 4.4
      vertex 42.625 -45.01554445662277 4.4
    endloop
  endfacet
  facet normal 0 0 1
    outer loop
      vertex 42.69766096018218 -46.49437006149611 4.4
      vertex 43.09536880411784 -46.57347907025881 4.4
      vertex 42.83030399336109 -45.11678918189475 4.4
    endloop
  endfacet
  facet normal 0 0 1
    outer loop
      vertex 43.09536880411784 -46.57347907025881 4.4
      vertex 43.04706667107059 -45.19037019600587 4.4
      vertex 42.83030399336109 -45.11678918189475 4.4
    endloop
  endfacet
  facet normal 0 0 1
    outer loop
      vertex 43.09536880411784 -46.57347907025881 4.4
      vertex 43.27157916361491 -45.23502850740417 4.4
      vertex 43.04706667107059 -45.19037019600587 4.4
    endloop
  endfacet
  facet normal -0.0654031292301451 -0.9978589232386035 0
    outer loop
      vertex 43.5 -46.6 4
      vertex 43.5 -46.6 4.4
      vertex 43.09536880411784 -46.57347907025881 4.4
    endloop
  endfacet
  facet normal 0.0654031292301451 -0.9978589232386035 0
    outer loop
      vertex 43.90463119588216 -46.57347907025881 4
      vertex 43.90463119588216 -46.57347907025881 4.4
      vertex 43.5 -46.6 4.4
    endloop
  endfacet
  facet normal 0.19509032201612553 -0.9807852804032309 0
    outer loop
      vertex 44.30233903981782 -46.49437006149611 4
      vertex 44.30233903981782 -46.49437006149611 4.4
      vertex 43.90463119588216 -46.57347907025881 4.4
    endloop
  endfacet
  facet normal 0.3214394653031609 -0.9469301294951059 0
    outer loop
      vertex 44.68631864033178 -46.36402655078499 4
      vertex 44.68631864033178 -46.36402655078499 4.4
      vertex 44.30233903981782 -46.49437006149611 4.4
    endloop
  endfacet
  facet normal 0 0 1
    outer loop
      vertex 43.09536880411784 -46.57347907025881 4.4
      vertex 43.5 -46.6 4.4
      vertex 43.27157916361491 -45.23502850740417 4.4
    endloop
  endfacet
  facet normal 0 0 1
    outer loop
      vertex 43.5 -46.6 4.4
      vertex 43.5 -45.25 4.4
      vertex 43.27157916361491 -45.23502850740417 4.4
    endloop
  endfacet
  facet normal 0 0 1
    outer loop
      vertex 43.5 -46.6 4.4
      vertex 43.90463119588216 -46.57347907025881 4.4
      vertex 43.72842083638509 -45.23502850740417 4.4
    endloop
  endfacet
  facet normal 0 0 1
    outer loop
      vertex 43.5 -46.6 4.4
      vertex 43.72842083638509 -45.23502850740417 4.4
      vertex 43.5 -45.25 4.4
    endloop
  endfacet
  facet normal 0 0 1
    outer loop
      vertex 43.90463119588216 -46.57347907025881 4.4
      vertex 44.30233903981782 -46.49437006149611 4.4
      vertex 43.72842083638509 -45.23502850740417 4.4
    endloop
  endfacet
  facet normal 0 0 1
    outer loop
      vertex 44.30233903981782 -46.49437006149611 4.4
      vertex 43.95293332892941 -45.19037019600587 4.4
      vertex 43.72842083638509 -45.23502850740417 4.4
    endloop
  endfacet
  facet normal 0 0 1
    outer loop
      vertex 44.30233903981782 -46.49437006149611 4.4
      vertex 44.16969600663891 -45.11678918189475 4.4
      vertex 43.95293332892941 -45.19037019600587 4.4
    endloop
  endfacet
  facet normal 0 0 1
    outer loop
      vertex 44.30233903981782 -46.49437006149611 4.4
      vertex 44.68631864033178 -46.36402655078499 4.4
      vertex 44.16969600663891 -45.11678918189475 4.4
    endloop
  endfacet
  facet normal 0 0 1
    outer loop
      vertex 44.68631864033178 -46.36402655078499 4.4
      vertex 44.375 -45.01554445662277 4.4
      vertex 44.16969600663891 -45.11678918189475 4.4
    endloop
  endfacet
  facet normal 0 0 1
    outer loop
      vertex 44.68631864033178 -46.36402655078499 4.4
      vertex 44.56533250076526 -44.88836834550966 4.4
      vertex 44.375 -45.01554445662277 4.4
    endloop
  endfacet
  facet normal 0 0 1
    outer loop
      vertex 41.95 -46.18467875173176 4.4
      vertex 41.80962980399413 -43.95293332892941 4.4
      vertex 41.76497149259583 -43.72842083638509 4.4
    endloop
  endfacet
  facet normal 0 0 1
    outer loop
      vertex 41.612839570072964 -41.04060464509717 4.4
      vertex 41.76497149259583 -43.27157916361491 4.4
      vertex 41.80962980399413 -43.04706667107059 4.4
    endloop
  endfacet
  facet normal 0 0 1
    outer loop
      vertex 41.612839570072964 -41.04060464509717 4.4
      vertex 41.80962980399413 -43.04706667107059 4.4
      vertex 41.88321081810525 -42.83030399336109 4.4
    endloop
  endfacet
  facet normal 0 0 1
    outer loop
      vertex 41.612839570072964 -41.04060464509717 4.4
      vertex 41.88321081810525 -42.83030399336109 4.4
      vertex 41.98445554337723 -42.625 4.4
    endloop
  endfacet
  facet normal 0 0 1
    outer loop
      vertex 41.98445554337723 -42.625 4.4
      vertex 42.11163165449034 -42.43466749923474 4.4
      vertex 41.95 -40.81532124826824 4.4
    endloop
  endfacet
  facet normal 0 0 1
    outer loop
      vertex 42.11163165449034 -42.43466749923474 4.4
      vertex 42.26256313292354 -42.26256313292354 4.4
      vertex 41.95 -40.81532124826824 4.4
    endloop
  endfacet
  facet normal 0 0 1
    outer loop
      vertex 42.26256313292354 -42.26256313292354 4.4
      vertex 42.43466749923474 -42.11163165449034 4.4
      vertex 41.95 -40.81532124826824 4.4
    endloop
  endfacet
  facet normal 0.4422886902190072 -0.8968727415326853 0
    outer loop
      vertex 44.68631864033178 -46.36402655078499 4
      vertex 44.7755956530809 -46.32000000029802 4
      vertex 44.68631864033178 -46.36402655078499 4.4
    endloop
  endfacet
  facet normal 0.8968727415326853 -0.4422886902190072 2.2655037364368474e-15
    outer loop
      vertex 46.32000000029802 -44.7755956530809 4
      vertex 46.36402655078499 -44.68631864033178 4
      vertex 46.18467875173176 -45.05 4.4
    endloop
  endfacet
  facet normal 0.4422886902190092 -0.8968727415326845 5.561390502542418e-16
    outer loop
      vertex 44.7755956530809 -46.32000000029802 4
      vertex 45.05 -46.18467875173176 4.4
      vertex 44.68631864033178 -46.36402655078499 4.4
    endloop
  endfacet
  facet normal 0 0 1
    outer loop
      vertex 44.68631864033178 -46.36402655078499 4.4
      vertex 45.05 -46.18467875173176 4.4
      vertex 44.56533250076526 -44.88836834550966 4.4
    endloop
  endfacet
  facet normal 0 0 1
    outer loop
      vertex 45.05 -46.18467875173176 4.4
      vertex 45.387160429927036 -45.95939535490283 4.4
      vertex 45.01554445662277 -44.375 4.4
    endloop
  endfacet
  facet normal 0 0 1
    outer loop
      vertex 44.56533250076526 -44.88836834550966 4.4
      vertex 45.05 -46.18467875173176 4.4
      vertex 44.73743686707646 -44.73743686707646 4.4
    endloop
  endfacet
  facet normal 0 0 1
    outer loop
      vertex 45.05 -46.18467875173176 4.4
      vertex 44.88836834550966 -44.56533250076526 4.4
      vertex 44.73743686707646 -44.73743686707646 4.4
    endloop
  endfacet
  facet normal 0 0 1
    outer loop
      vertex 45.05 -46.18467875173176 4.4
      vertex 45.01554445662277 -44.375 4.4
      vertex 44.88836834550966 -44.56533250076526 4.4
    endloop
  endfacet
  facet normal 0 0 1
    outer loop
      vertex 45.387160429927036 -45.95939535490283 4.4
      vertex 45.11678918189475 -44.16969600663891 4.4
      vertex 45.01554445662277 -44.375 4.4
    endloop
  endfacet
  facet normal 0 0 1
    outer loop
      vertex 45.387160429927036 -45.95939535490283 4.4
      vertex 45.19037019600587 -43.95293332892941 4.4
      vertex 45.11678918189475 -44.16969600663891 4.4
    endloop
  endfacet
  facet normal 0.8968727415326845 -0.4422886902190092 0
    outer loop
      vertex 46.36402655078499 -44.68631864033178 4
      vertex 46.36402655078499 -44.68631864033178 4.4
      vertex 46.18467875173176 -45.05 4.4
    endloop
  endfacet
  facet normal 0.9469301294951059 -0.3214394653031609 0
    outer loop
      vertex 46.36402655078499 -44.68631864033178 4
      vertex 46.49437006149611 -44.30233903981782 4
      vertex 46.36402655078499 -44.68631864033178 4.4
    endloop
  endfacet
  facet normal 0.9807852804032309 -0.19509032201612553 0
    outer loop
      vertex 46.49437006149611 -44.30233903981782 4
      vertex 46.57347907025881 -43.90463119588216 4
      vertex 46.49437006149611 -44.30233903981782 4.4
    endloop
  endfacet
  facet normal 0.9978589232386035 -0.0654031292301451 0
    outer loop
      vertex 46.57347907025881 -43.90463119588216 4
      vertex 46.6 -43.5 4
      vertex 46.57347907025881 -43.90463119588216 4.4
    endloop
  endfacet
  facet normal 0.9978589232386035 0.0654031292301451 0
    outer loop
      vertex 46.6 -43.5 4
      vertex 46.57347907025881 -43.09536880411784 4
      vertex 46.6 -43.5 4.4
    endloop
  endfacet
  facet normal 0.9807852804032309 0.19509032201612553 0
    outer loop
      vertex 46.49437006149611 -42.69766096018218 4
      vertex 46.57347907025881 -43.09536880411784 4.4
      vertex 46.57347907025881 -43.09536880411784 4
    endloop
  endfacet
  facet normal 0.9469301294951059 0.3214394653031609 0
    outer loop
      vertex 46.49437006149611 -42.69766096018218 4
      vertex 46.36402655078499 -42.31368135966822 4
      vertex 46.49437006149611 -42.69766096018218 4.4
    endloop
  endfacet
  facet normal 0.8968727415326853 0.4422886902190072 0
    outer loop
      vertex 46.36402655078499 -42.31368135966822 4
      vertex 46.32000000029802 -42.2244043469191 4
      vertex 46.36402655078499 -42.31368135966822 4.4
    endloop
  endfacet
  facet normal 0 0 1
    outer loop
      vertex 45.387160429927036 -45.95939535490283 4.4
      vertex 45.23502850740417 -43.72842083638509 4.4
      vertex 45.19037019600587 -43.95293332892941 4.4
    endloop
  endfacet
  facet normal 0 0 1
    outer loop
      vertex 45.387160429927036 -45.95939535490283 4.4
      vertex 45.25 -43.5 4.4
      vertex 45.23502850740417 -43.72842083638509 4.4
    endloop
  endfacet
  facet normal 0 0 1
    outer loop
      vertex 45.387160429927036 -45.95939535490283 4.4
      vertex 45.387160429927036 -41.04060464509717 4.4
      vertex 45.25 -43.5 4.4
    endloop
  endfacet
  facet normal 0 0 1
    outer loop
      vertex 45.387160429927036 -45.95939535490283 4.4
      vertex 45.6920310216783 -45.6920310216783 4.4
      vertex 45.387160429927036 -41.04060464509717 4.4
    endloop
  endfacet
  facet normal 0 0 1
    outer loop
      vertex 45.6920310216783 -45.6920310216783 4.4
      vertex 45.95939535490283 -45.387160429927036 4.4
      vertex 45.6920310216783 -41.3079689783217 4.4
    endloop
  endfacet
  facet normal 0 0 1
    outer loop
      vertex 45.95939535490283 -45.387160429927036 4.4
      vertex 46.18467875173176 -45.05 4.4
      vertex 45.95939535490283 -41.612839570072964 4.4
    endloop
  endfacet
  facet normal 0 0 1
    outer loop
      vertex 45.23502850740417 -43.27157916361491 4.4
      vertex 45.25 -43.5 4.4
      vertex 45.387160429927036 -41.04060464509717 4.4
    endloop
  endfacet
  facet normal 0 0 1
    outer loop
      vertex 45.01554445662277 -42.625 4.4
      vertex 45.11678918189475 -42.83030399336109 4.4
      vertex 45.05 -40.81532124826824 4.4
    endloop
  endfacet
  facet normal 0 0 1
    outer loop
      vertex 44.73743686707646 -42.26256313292354 4.4
      vertex 44.88836834550966 -42.43466749923474 4.4
      vertex 44.68631864033178 -40.63597344921501 4.4
    endloop
  endfacet
  facet normal 0 0 1
    outer loop
      vertex 45.01554445662277 -42.625 4.4
      vertex 45.05 -40.81532124826824 4.4
      vertex 44.88836834550966 -42.43466749923474 4.4
    endloop
  endfacet
  facet normal 0 0 1
    outer loop
      vertex 45.23502850740417 -43.27157916361491 4.4
      vertex 45.05 -40.81532124826824 4.4
      vertex 45.19037019600587 -43.04706667107059 4.4
    endloop
  endfacet
  facet normal 0 0 1
    outer loop
      vertex 45.19037019600587 -43.04706667107059 4.4
      vertex 45.05 -40.81532124826824 4.4
      vertex 45.11678918189475 -42.83030399336109 4.4
    endloop
  endfacet
  facet normal 0 0 1
    outer loop
      vertex 45.6920310216783 -45.6920310216783 4.4
      vertex 45.6920310216783 -41.3079689783217 4.4
      vertex 45.387160429927036 -41.04060464509717 4.4
    endloop
  endfacet
  facet normal 0 0 1
    outer loop
      vertex 46.18467875173176 -45.05 4.4
      vertex 46.18467875173176 -41.95 4.4
      vertex 45.95939535490283 -41.612839570072964 4.4
    endloop
  endfacet
  facet normal 0 0 1
    outer loop
      vertex 45.95939535490283 -45.387160429927036 4.4
      vertex 45.95939535490283 -41.612839570072964 4.4
      vertex 45.6920310216783 -41.3079689783217 4.4
    endloop
  endfacet
  facet normal 0.9469301294951059 -0.3214394653031609 0
    outer loop
      vertex 46.49437006149611 -44.30233903981782 4
      vertex 46.49437006149611 -44.30233903981782 4.4
      vertex 46.36402655078499 -44.68631864033178 4.4
    endloop
  endfacet
  facet normal 0.9807852804032309 -0.19509032201612553 0
    outer loop
      vertex 46.57347907025881 -43.90463119588216 4
      vertex 46.57347907025881 -43.90463119588216 4.4
      vertex 46.49437006149611 -44.30233903981782 4.4
    endloop
  endfacet
  facet normal 0.9978589232386035 -0.0654031292301451 0
    outer loop
      vertex 46.6 -43.5 4
      vertex 46.6 -43.5 4.4
      vertex 46.57347907025881 -43.90463119588216 4.4
    endloop
  endfacet
  facet normal 0.9978589232386035 0.0654031292301451 0
    outer loop
      vertex 46.57347907025881 -43.09536880411784 4
      vertex 46.57347907025881 -43.09536880411784 4.4
      vertex 46.6 -43.5 4.4
    endloop
  endfacet
  facet normal 0 0 1
    outer loop
      vertex 46.18467875173176 -45.05 4.4
      vertex 46.36402655078499 -44.68631864033178 4.4
      vertex 46.18467875173176 -41.95 4.4
    endloop
  endfacet
  facet normal 0 0 1
    outer loop
      vertex 46.36402655078499 -44.68631864033178 4.4
      vertex 46.49437006149611 -44.30233903981782 4.4
      vertex 46.36402655078499 -42.31368135966822 4.4
    endloop
  endfacet
  facet normal 0 0 1
    outer loop
      vertex 46.49437006149611 -44.30233903981782 4.4
      vertex 46.57347907025881 -43.90463119588216 4.4
      vertex 46.49437006149611 -42.69766096018218 4.4
    endloop
  endfacet
  facet normal 0 0 1
    outer loop
      vertex 46.57347907025881 -43.90463119588216 4.4
      vertex 46.57347907025881 -43.09536880411784 4.4
      vertex 46.49437006149611 -42.69766096018218 4.4
    endloop
  endfacet
  facet normal 0 0 1
    outer loop
      vertex 46.57347907025881 -43.90463119588216 4.4
      vertex 46.6 -43.5 4.4
      vertex 46.57347907025881 -43.09536880411784 4.4
    endloop
  endfacet
  facet normal 0.9807852804032309 0.19509032201612553 0
    outer loop
      vertex 46.49437006149611 -42.69766096018218 4
      vertex 46.49437006149611 -42.69766096018218 4.4
      vertex 46.57347907025881 -43.09536880411784 4.4
    endloop
  endfacet
  facet normal 0.8968727415326845 0.4422886902190092 5.561390502542418e-16
    outer loop
      vertex 46.32000000029802 -42.2244043469191 4
      vertex 46.18467875173176 -41.95 4.4
      vertex 46.36402655078499 -42.31368135966822 4.4
    endloop
  endfacet
  facet normal 0.9469301294951059 0.3214394653031609 0
    outer loop
      vertex 46.36402655078499 -42.31368135966822 4
      vertex 46.36402655078499 -42.31368135966822 4.4
      vertex 46.49437006149611 -42.69766096018218 4.4
    endloop
  endfacet
  facet normal 0 0 1
    outer loop
      vertex 46.36402655078499 -44.68631864033178 4.4
      vertex 46.36402655078499 -42.31368135966822 4.4
      vertex 46.18467875173176 -41.95 4.4
    endloop
  endfacet
  facet normal 0 0 1
    outer loop
      vertex 46.49437006149611 -44.30233903981782 4.4
      vertex 46.49437006149611 -42.69766096018218 4.4
      vertex 46.36402655078499 -42.31368135966822 4.4
    endloop
  endfacet
  facet normal 0 0 1
    outer loop
      vertex 41.612839570072964 -41.04060464509717 4.4
      vertex 41.98445554337723 -42.625 4.4
      vertex 41.95 -40.81532124826824 4.4
    endloop
  endfacet
  facet normal 0 0 1
    outer loop
      vertex 42.43466749923474 -42.11163165449034 4.4
      vertex 42.31368135966822 -40.63597344921501 4.4
      vertex 41.95 -40.81532124826824 4.4
    endloop
  endfacet
  facet normal 0 0 1
    outer loop
      vertex 42.43466749923474 -42.11163165449034 4.4
      vertex 42.625 -41.98445554337723 4.4
      vertex 42.31368135966822 -40.63597344921501 4.4
    endloop
  endfacet
  facet normal 0 0 1
    outer loop
      vertex 42.625 -41.98445554337723 4.4
      vertex 42.83030399336109 -41.88321081810525 4.4
      vertex 42.31368135966822 -40.63597344921501 4.4
    endloop
  endfacet
  facet normal 0 0 1
    outer loop
      vertex 42.83030399336109 -41.88321081810525 4.4
      vertex 42.69766096018218 -40.50562993850389 4.4
      vertex 42.31368135966822 -40.63597344921501 4.4
    endloop
  endfacet
  facet normal 0 0 1
    outer loop
      vertex 42.83030399336109 -41.88321081810525 4.4
      vertex 43.04706667107059 -41.80962980399413 4.4
      vertex 42.69766096018218 -40.50562993850389 4.4
    endloop
  endfacet
  facet normal 0 0 1
    outer loop
      vertex 43.04706667107059 -41.80962980399413 4.4
      vertex 43.27157916361491 -41.76497149259583 4.4
      vertex 42.69766096018218 -40.50562993850389 4.4
    endloop
  endfacet
  facet normal 0 0 1
    outer loop
      vertex 43.27157916361491 -41.76497149259583 4.4
      vertex 43.09536880411784 -40.42652092974119 4.4
      vertex 42.69766096018218 -40.50562993850389 4.4
    endloop
  endfacet
  facet normal 0 0 1
    outer loop
      vertex 43.27157916361491 -41.76497149259583 4.4
      vertex 43.5 -41.75 4.4
      vertex 43.5 -40.4 4.4
    endloop
  endfacet
  facet normal 0 0 1
    outer loop
      vertex 43.5 -41.75 4.4
      vertex 43.72842083638509 -41.76497149259583 4.4
      vertex 43.5 -40.4 4.4
    endloop
  endfacet
  facet normal 0 0 1
    outer loop
      vertex 43.72842083638509 -41.76497149259583 4.4
      vertex 43.95293332892941 -41.80962980399413 4.4
      vertex 43.90463119588216 -40.42652092974119 4.4
    endloop
  endfacet
  facet normal 0 0 1
    outer loop
      vertex 43.27157916361491 -41.76497149259583 4.4
      vertex 43.5 -40.4 4.4
      vertex 43.09536880411784 -40.42652092974119 4.4
    endloop
  endfacet
  facet normal 0 0 1
    outer loop
      vertex 43.72842083638509 -41.76497149259583 4.4
      vertex 43.90463119588216 -40.42652092974119 4.4
      vertex 43.5 -40.4 4.4
    endloop
  endfacet
  facet normal 0 0 1
    outer loop
      vertex 43.95293332892941 -41.80962980399413 4.4
      vertex 44.16969600663891 -41.88321081810525 4.4
      vertex 43.90463119588216 -40.42652092974119 4.4
    endloop
  endfacet
  facet normal 0 0 1
    outer loop
      vertex 44.16969600663891 -41.88321081810525 4.4
      vertex 44.375 -41.98445554337723 4.4
      vertex 44.30233903981782 -40.50562993850389 4.4
    endloop
  endfacet
  facet normal 0 0 1
    outer loop
      vertex 44.56533250076526 -42.11163165449034 4.4
      vertex 44.30233903981782 -40.50562993850389 4.4
      vertex 44.375 -41.98445554337723 4.4
    endloop
  endfacet
  facet normal 0 0 1
    outer loop
      vertex 44.56533250076526 -42.11163165449034 4.4
      vertex 44.73743686707646 -42.26256313292354 4.4
      vertex 44.68631864033178 -40.63597344921501 4.4
    endloop
  endfacet
  facet normal 0 0 1
    outer loop
      vertex 44.56533250076526 -42.11163165449034 4.4
      vertex 44.68631864033178 -40.63597344921501 4.4
      vertex 44.30233903981782 -40.50562993850389 4.4
    endloop
  endfacet
  facet normal 0 0 1
    outer loop
      vertex 44.16969600663891 -41.88321081810525 4.4
      vertex 44.30233903981782 -40.50562993850389 4.4
      vertex 43.90463119588216 -40.42652092974119 4.4
    endloop
  endfacet
  facet normal 0 0 1
    outer loop
      vertex 44.88836834550966 -42.43466749923474 4.4
      vertex 45.05 -40.81532124826824 4.4
      vertex 44.68631864033178 -40.63597344921501 4.4
    endloop
  endfacet
  facet normal 0 0 1
    outer loop
      vertex 45.23502850740417 -43.27157916361491 4.4
      vertex 45.387160429927036 -41.04060464509717 4.4
      vertex 45.05 -40.81532124826824 4.4
    endloop
  endfacet
  facet normal -0.7518398074789706 -0.6593458151000765 0
    outer loop
      vertex 41.3079689783217 41.3079689783217 2.2
      vertex 41.04060464509717 41.612839570072964 4.4
      vertex 41.04060464509717 41.612839570072964 2.2
    endloop
  endfacet
  facet normal -0.6593458151000765 -0.7518398074789706 0
    outer loop
      vertex 41.3079689783217 41.3079689783217 2.2
      vertex 41.612839570072964 41.04060464509717 2.2
      vertex 41.612839570072964 41.04060464509717 4.4
    endloop
  endfacet
  facet normal -0.831469612302552 -0.5555702330195921 0
    outer loop
      vertex 41.04060464509717 41.612839570072964 2.2
      vertex 40.81532124826824 41.95 4.4
      vertex 40.81532124826824 41.95 2.2
    endloop
  endfacet
  facet normal -0.8968727415326844 -0.4422886902190092 0
    outer loop
      vertex 40.81532124826824 41.95 2.2
      vertex 40.63597344921501 42.31368135966822 4.4
      vertex 40.63597344921501 42.31368135966822 2.2
    endloop
  endfacet
  facet normal -0.9469301294951058 -0.321439465303161 0
    outer loop
      vertex 40.63597344921501 42.31368135966822 2.2
      vertex 40.50562993850389 42.69766096018218 4.4
      vertex 40.50562993850389 42.69766096018218 2.2
    endloop
  endfacet
  facet normal -0.9807852804032309 -0.19509032201612556 0
    outer loop
      vertex 40.50562993850389 42.69766096018218 2.2
      vertex 40.42652092974119 43.09536880411784 4.4
      vertex 40.42652092974119 43.09536880411784 2.2
    endloop
  endfacet
  facet normal -0.9978589232386035 -0.06540312923014509 0
    outer loop
      vertex 40.42652092974119 43.09536880411784 2.2
      vertex 40.4 43.5 4.4
      vertex 40.4 43.5 2.2
    endloop
  endfacet
  facet normal -0.9978589232386035 0.06540312923014509 0
    outer loop
      vertex 40.4 43.5 2.2
      vertex 40.42652092974119 43.90463119588216 4.4
      vertex 40.42652092974119 43.90463119588216 2.2
    endloop
  endfacet
  facet normal -0.9807852804032309 0.19509032201612556 0
    outer loop
      vertex 40.42652092974119 43.90463119588216 2.2
      vertex 40.50562993850389 44.30233903981782 4.4
      vertex 40.50562993850389 44.30233903981782 2.2
    endloop
  endfacet
  facet normal -0.9469301294951058 0.321439465303161 0
    outer loop
      vertex 40.50562993850389 44.30233903981782 2.2
      vertex 40.63597344921501 44.68631864033178 4.4
      vertex 40.63597344921501 44.68631864033178 2.2
    endloop
  endfacet
  facet normal -0.8968727415326844 0.4422886902190092 0
    outer loop
      vertex 40.63597344921501 44.68631864033178 2.2
      vertex 40.81532124826824 45.05 4.4
      vertex 40.81532124826824 45.05 2.2
    endloop
  endfacet
  facet normal -0.831469612302552 0.5555702330195921 0
    outer loop
      vertex 40.81532124826824 45.05 2.2
      vertex 41.04060464509717 45.387160429927036 4.4
      vertex 41.04060464509717 45.387160429927036 2.2
    endloop
  endfacet
  facet normal -0.7518398074789706 0.6593458151000765 0
    outer loop
      vertex 41.04060464509717 45.387160429927036 2.2
      vertex 41.3079689783217 45.6920310216783 4.4
      vertex 41.3079689783217 45.6920310216783 2.2
    endloop
  endfacet
  facet normal -0.6593458151000765 0.7518398074789706 0
    outer loop
      vertex 41.3079689783217 45.6920310216783 2.2
      vertex 41.3079689783217 45.6920310216783 4.4
      vertex 41.612839570072964 45.95939535490283 2.2
    endloop
  endfacet
  facet normal -0.5555702330195921 -0.831469612302552 0
    outer loop
      vertex 41.612839570072964 41.04060464509717 2.2
      vertex 41.95 40.81532124826824 2.2
      vertex 41.95 40.81532124826824 4.4
    endloop
  endfacet
  facet normal -0.4422886902190092 -0.8968727415326844 0
    outer loop
      vertex 41.95 40.81532124826824 2.2
      vertex 42.31368135966822 40.63597344921501 2.2
      vertex 42.31368135966822 40.63597344921501 4.4
    endloop
  endfacet
  facet normal -0.321439465303161 -0.9469301294951058 0
    outer loop
      vertex 42.31368135966822 40.63597344921501 2.2
      vertex 42.69766096018218 40.50562993850389 2.2
      vertex 42.69766096018218 40.50562993850389 4.4
    endloop
  endfacet
  facet normal -0.19509032201612556 -0.9807852804032309 0
    outer loop
      vertex 42.69766096018218 40.50562993850389 2.2
      vertex 43.09536880411784 40.42652092974119 2.2
      vertex 43.09536880411784 40.42652092974119 4.4
    endloop
  endfacet
  facet normal -0.06540312923014509 -0.9978589232386035 0
    outer loop
      vertex 43.09536880411784 40.42652092974119 2.2
      vertex 43.5 40.4 2.2
      vertex 43.5 40.4 4.4
    endloop
  endfacet
  facet normal 0.06540312923014509 -0.9978589232386035 0
    outer loop
      vertex 43.5 40.4 2.2
      vertex 43.90463119588216 40.42652092974119 2.2
      vertex 43.90463119588216 40.42652092974119 4.4
    endloop
  endfacet
  facet normal 0.19509032201612556 -0.9807852804032309 0
    outer loop
      vertex 43.90463119588216 40.42652092974119 2.2
      vertex 44.30233903981782 40.50562993850389 2.2
      vertex 44.30233903981782 40.50562993850389 4.4
    endloop
  endfacet
  facet normal 0.321439465303161 -0.9469301294951058 0
    outer loop
      vertex 44.30233903981782 40.50562993850389 2.2
      vertex 44.68631864033178 40.63597344921501 2.2
      vertex 44.68631864033178 40.63597344921501 4.4
    endloop
  endfacet
  facet normal 0.4422886902190092 -0.8968727415326844 0
    outer loop
      vertex 44.68631864033178 40.63597344921501 2.2
      vertex 45.05 40.81532124826824 2.2
      vertex 45.05 40.81532124826824 4.4
    endloop
  endfacet
  facet normal 0.5555702330195921 -0.831469612302552 0
    outer loop
      vertex 45.05 40.81532124826824 2.2
      vertex 45.387160429927036 41.04060464509717 2.2
      vertex 45.387160429927036 41.04060464509717 4.4
    endloop
  endfacet
  facet normal 0.6593458151000765 -0.7518398074789706 0
    outer loop
      vertex 45.387160429927036 41.04060464509717 2.2
      vertex 45.6920310216783 41.3079689783217 2.2
      vertex 45.6920310216783 41.3079689783217 4.4
    endloop
  endfacet
  facet normal 0.7518398074789706 -0.6593458151000765 0
    outer loop
      vertex 45.6920310216783 41.3079689783217 2.2
      vertex 45.95939535490283 41.612839570072964 2.2
      vertex 45.6920310216783 41.3079689783217 4.4
    endloop
  endfacet
  facet normal -0.5555702330195921 0.831469612302552 0
    outer loop
      vertex 41.612839570072964 45.95939535490283 2.2
      vertex 41.612839570072964 45.95939535490283 4.4
      vertex 41.95 46.18467875173176 2.2
    endloop
  endfacet
  facet normal -0.4422886902190098 0.8968727415326841 0
    outer loop
      vertex 41.95 46.18467875173176 2.2
      vertex 41.95 46.18467875173176 4.4
      vertex 42.2244043469191 46.32000000029802 2.2
    endloop
  endfacet
  facet normal 0.8968727415326841 -0.44228869021900985 0
    outer loop
      vertex 46.18467875173176 41.95 2.2
      vertex 46.32000000029802 42.2244043469191 2.2
      vertex 46.32000000029802 42.2244043469191 4
    endloop
  endfacet
  facet normal 0.831469612302552 -0.5555702330195921 0
    outer loop
      vertex 45.95939535490283 41.612839570072964 2.2
      vertex 46.18467875173176 41.95 2.2
      vertex 45.95939535490283 41.612839570072964 4.4
    endloop
  endfacet
  facet normal 0.44228869021900985 0.8968727415326841 0
    outer loop
      vertex 44.7755956530809 46.32000000029802 2.2
      vertex 44.7755956530809 46.32000000029802 4
      vertex 45.05 46.18467875173176 2.2
    endloop
  endfacet
  facet normal 0.8968727415326841 0.44228869021900985 0
    outer loop
      vertex 46.32000000029802 44.7755956530809 2.2
      vertex 46.18467875173176 45.05 2.2
      vertex 46.32000000029802 44.7755956530809 4
    endloop
  endfacet
  facet normal 0.5555702330195921 0.831469612302552 0
    outer loop
      vertex 45.387160429927036 45.95939535490283 2.2
      vertex 45.05 46.18467875173176 2.2
      vertex 45.05 46.18467875173176 4.4
    endloop
  endfacet
  facet normal 0.831469612302552 0.5555702330195921 0
    outer loop
      vertex 45.95939535490283 45.387160429927036 2.2
      vertex 46.18467875173176 45.05 4.4
      vertex 46.18467875173176 45.05 2.2
    endloop
  endfacet
  facet normal 0.6593458151000765 0.7518398074789706 0
    outer loop
      vertex 45.387160429927036 45.95939535490283 2.2
      vertex 45.387160429927036 45.95939535490283 4.4
      vertex 45.6920310216783 45.6920310216783 2.2
    endloop
  endfacet
  facet normal 0.7518398074789706 0.6593458151000765 0
    outer loop
      vertex 45.95939535490283 45.387160429927036 2.2
      vertex 45.6920310216783 45.6920310216783 2.2
      vertex 45.95939535490283 45.387160429927036 4.4
    endloop
  endfacet
  facet normal -0.7518398074789706 -0.6593458151000765 0
    outer loop
      vertex 41.3079689783217 41.3079689783217 2.2
      vertex 41.3079689783217 41.3079689783217 4.4
      vertex 41.04060464509717 41.612839570072964 4.4
    endloop
  endfacet
  facet normal -0.6593458151000765 -0.7518398074789706 0
    outer loop
      vertex 41.3079689783217 41.3079689783217 2.2
      vertex 41.612839570072964 41.04060464509717 4.4
      vertex 41.3079689783217 41.3079689783217 4.4
    endloop
  endfacet
  facet normal -0.9469301294951058 -0.321439465303161 0
    outer loop
      vertex 40.63597344921501 42.31368135966822 2.2
      vertex 40.63597344921501 42.31368135966822 4.4
      vertex 40.50562993850389 42.69766096018218 4.4
    endloop
  endfacet
  facet normal -0.8968727415326844 -0.4422886902190092 0
    outer loop
      vertex 40.81532124826824 41.95 2.2
      vertex 40.81532124826824 41.95 4.4
      vertex 40.63597344921501 42.31368135966822 4.4
    endloop
  endfacet
  facet normal -0.831469612302552 -0.5555702330195921 0
    outer loop
      vertex 41.04060464509717 41.612839570072964 2.2
      vertex 41.04060464509717 41.612839570072964 4.4
      vertex 40.81532124826824 41.95 4.4
    endloop
  endfacet
  facet normal -0.9807852804032309 -0.19509032201612556 0
    outer loop
      vertex 40.50562993850389 42.69766096018218 2.2
      vertex 40.50562993850389 42.69766096018218 4.4
      vertex 40.42652092974119 43.09536880411784 4.4
    endloop
  endfacet
  facet normal -0.9978589232386035 -0.06540312923014509 0
    outer loop
      vertex 40.42652092974119 43.09536880411784 2.2
      vertex 40.42652092974119 43.09536880411784 4.4
      vertex 40.4 43.5 4.4
    endloop
  endfacet
  facet normal -0.9978589232386035 0.06540312923014509 0
    outer loop
      vertex 40.4 43.5 2.2
      vertex 40.4 43.5 4.4
      vertex 40.42652092974119 43.90463119588216 4.4
    endloop
  endfacet
  facet normal -0.9807852804032309 0.19509032201612556 0
    outer loop
      vertex 40.42652092974119 43.90463119588216 2.2
      vertex 40.42652092974119 43.90463119588216 4.4
      vertex 40.50562993850389 44.30233903981782 4.4
    endloop
  endfacet
  facet normal -0.9469301294951058 0.321439465303161 0
    outer loop
      vertex 40.50562993850389 44.30233903981782 2.2
      vertex 40.50562993850389 44.30233903981782 4.4
      vertex 40.63597344921501 44.68631864033178 4.4
    endloop
  endfacet
  facet normal -0.8968727415326844 0.4422886902190092 0
    outer loop
      vertex 40.63597344921501 44.68631864033178 2.2
      vertex 40.63597344921501 44.68631864033178 4.4
      vertex 40.81532124826824 45.05 4.4
    endloop
  endfacet
  facet normal -0.831469612302552 0.5555702330195921 0
    outer loop
      vertex 40.81532124826824 45.05 2.2
      vertex 40.81532124826824 45.05 4.4
      vertex 41.04060464509717 45.387160429927036 4.4
    endloop
  endfacet
  facet normal -0.7518398074789706 0.6593458151000765 0
    outer loop
      vertex 41.04060464509717 45.387160429927036 2.2
      vertex 41.04060464509717 45.387160429927036 4.4
      vertex 41.3079689783217 45.6920310216783 4.4
    endloop
  endfacet
  facet normal -0.6593458151000765 0.7518398074789706 0
    outer loop
      vertex 41.612839570072964 45.95939535490283 2.2
      vertex 41.3079689783217 45.6920310216783 4.4
      vertex 41.612839570072964 45.95939535490283 4.4
    endloop
  endfacet
  facet normal -0.5555702330195921 -0.831469612302552 0
    outer loop
      vertex 41.612839570072964 41.04060464509717 2.2
      vertex 41.95 40.81532124826824 4.4
      vertex 41.612839570072964 41.04060464509717 4.4
    endloop
  endfacet
  facet normal -0.4422886902190092 -0.8968727415326844 0
    outer loop
      vertex 41.95 40.81532124826824 2.2
      vertex 42.31368135966822 40.63597344921501 4.4
      vertex 41.95 40.81532124826824 4.4
    endloop
  endfacet
  facet normal -0.321439465303161 -0.9469301294951058 0
    outer loop
      vertex 42.31368135966822 40.63597344921501 2.2
      vertex 42.69766096018218 40.50562993850389 4.4
      vertex 42.31368135966822 40.63597344921501 4.4
    endloop
  endfacet
  facet normal -0.19509032201612556 -0.9807852804032309 0
    outer loop
      vertex 42.69766096018218 40.50562993850389 2.2
      vertex 43.09536880411784 40.42652092974119 4.4
      vertex 42.69766096018218 40.50562993850389 4.4
    endloop
  endfacet
  facet normal -0.06540312923014509 -0.9978589232386035 0
    outer loop
      vertex 43.09536880411784 40.42652092974119 2.2
      vertex 43.5 40.4 4.4
      vertex 43.09536880411784 40.42652092974119 4.4
    endloop
  endfacet
  facet normal 0.06540312923014509 -0.9978589232386035 0
    outer loop
      vertex 43.5 40.4 2.2
      vertex 43.90463119588216 40.42652092974119 4.4
      vertex 43.5 40.4 4.4
    endloop
  endfacet
  facet normal 0.19509032201612556 -0.9807852804032309 0
    outer loop
      vertex 43.90463119588216 40.42652092974119 2.2
      vertex 44.30233903981782 40.50562993850389 4.4
      vertex 43.90463119588216 40.42652092974119 4.4
    endloop
  endfacet
  facet normal 0.321439465303161 -0.9469301294951058 0
    outer loop
      vertex 44.30233903981782 40.50562993850389 2.2
      vertex 44.68631864033178 40.63597344921501 4.4
      vertex 44.30233903981782 40.50562993850389 4.4
    endloop
  endfacet
  facet normal 0.4422886902190092 -0.8968727415326844 0
    outer loop
      vertex 44.68631864033178 40.63597344921501 2.2
      vertex 45.05 40.81532124826824 4.4
      vertex 44.68631864033178 40.63597344921501 4.4
    endloop
  endfacet
  facet normal 0.5555702330195921 -0.831469612302552 0
    outer loop
      vertex 45.05 40.81532124826824 2.2
      vertex 45.387160429927036 41.04060464509717 4.4
      vertex 45.05 40.81532124826824 4.4
    endloop
  endfacet
  facet normal 0.6593458151000765 -0.7518398074789706 0
    outer loop
      vertex 45.387160429927036 41.04060464509717 2.2
      vertex 45.6920310216783 41.3079689783217 4.4
      vertex 45.387160429927036 41.04060464509717 4.4
    endloop
  endfacet
  facet normal 0.7518398074789706 -0.6593458151000765 0
    outer loop
      vertex 45.95939535490283 41.612839570072964 2.2
      vertex 45.95939535490283 41.612839570072964 4.4
      vertex 45.6920310216783 41.3079689783217 4.4
    endloop
  endfacet
  facet normal -0.44228869021900985 0.8968727415326841 0
    outer loop
      vertex 42.2244043469191 46.32000000029802 2.2
      vertex 41.95 46.18467875173176 4.4
      vertex 42.2244043469191 46.32000000029802 4
    endloop
  endfacet
  facet normal 0.8968727415326841 -0.4422886902190098 0
    outer loop
      vertex 46.18467875173176 41.95 2.2
      vertex 46.32000000029802 42.2244043469191 4
      vertex 46.18467875173176 41.95 4.4
    endloop
  endfacet
  facet normal 0.4422886902190098 0.8968727415326841 0
    outer loop
      vertex 45.05 46.18467875173176 2.2
      vertex 44.7755956530809 46.32000000029802 4
      vertex 45.05 46.18467875173176 4.4
    endloop
  endfacet
  facet normal 0.8968727415326841 0.4422886902190098 0
    outer loop
      vertex 46.18467875173176 45.05 2.2
      vertex 46.18467875173176 45.05 4.4
      vertex 46.32000000029802 44.7755956530809 4
    endloop
  endfacet
  facet normal -0.5555702330195921 0.831469612302552 0
    outer loop
      vertex 41.95 46.18467875173176 2.2
      vertex 41.612839570072964 45.95939535490283 4.4
      vertex 41.95 46.18467875173176 4.4
    endloop
  endfacet
  facet normal 0.831469612302552 -0.5555702330195921 0
    outer loop
      vertex 46.18467875173176 41.95 2.2
      vertex 46.18467875173176 41.95 4.4
      vertex 45.95939535490283 41.612839570072964 4.4
    endloop
  endfacet
  facet normal 0.5555702330195921 0.831469612302552 0
    outer loop
      vertex 45.387160429927036 45.95939535490283 2.2
      vertex 45.05 46.18467875173176 4.4
      vertex 45.387160429927036 45.95939535490283 4.4
    endloop
  endfacet
  facet normal 0.831469612302552 0.5555702330195921 0
    outer loop
      vertex 45.95939535490283 45.387160429927036 2.2
      vertex 45.95939535490283 45.387160429927036 4.4
      vertex 46.18467875173176 45.05 4.4
    endloop
  endfacet
  facet normal 0.6593458151000765 0.7518398074789706 0
    outer loop
      vertex 45.6920310216783 45.6920310216783 2.2
      vertex 45.387160429927036 45.95939535490283 4.4
      vertex 45.6920310216783 45.6920310216783 4.4
    endloop
  endfacet
  facet normal 0.7518398074789706 0.6593458151000765 0
    outer loop
      vertex 45.6920310216783 45.6920310216783 2.2
      vertex 45.6920310216783 45.6920310216783 4.4
      vertex 45.95939535490283 45.387160429927036 4.4
    endloop
  endfacet
  facet normal 0 0 1
    outer loop
      vertex 40.63597344921501 42.31368135966822 4.4
      vertex 40.50562993850389 44.30233903981782 4.4
      vertex 40.50562993850389 42.69766096018218 4.4
    endloop
  endfacet
  facet normal 0 0 1
    outer loop
      vertex 40.81532124826824 41.95 4.4
      vertex 40.63597344921501 44.68631864033178 4.4
      vertex 40.63597344921501 42.31368135966822 4.4
    endloop
  endfacet
  facet normal 0 0 1
    outer loop
      vertex 41.04060464509717 41.612839570072964 4.4
      vertex 40.81532124826824 45.05 4.4
      vertex 40.81532124826824 41.95 4.4
    endloop
  endfacet
  facet normal 0 0 1
    outer loop
      vertex 41.3079689783217 41.3079689783217 4.4
      vertex 41.04060464509717 45.387160429927036 4.4
      vertex 41.04060464509717 41.612839570072964 4.4
    endloop
  endfacet
  facet normal 0 0 1
    outer loop
      vertex 41.3079689783217 41.3079689783217 4.4
      vertex 41.612839570072964 41.04060464509717 4.4
      vertex 41.3079689783217 45.6920310216783 4.4
    endloop
  endfacet
  facet normal 0 0 1
    outer loop
      vertex 41.612839570072964 41.04060464509717 4.4
      vertex 41.76497149259583 43.27157916361491 4.4
      vertex 41.75 43.5 4.4
    endloop
  endfacet
  facet normal 0 0 1
    outer loop
      vertex 40.50562993850389 42.69766096018218 4.4
      vertex 40.42652092974119 43.90463119588216 4.4
      vertex 40.42652092974119 43.09536880411784 4.4
    endloop
  endfacet
  facet normal 0 0 1
    outer loop
      vertex 40.42652092974119 43.09536880411784 4.4
      vertex 40.42652092974119 43.90463119588216 4.4
      vertex 40.4 43.5 4.4
    endloop
  endfacet
  facet normal 0 0 1
    outer loop
      vertex 40.50562993850389 42.69766096018218 4.4
      vertex 40.50562993850389 44.30233903981782 4.4
      vertex 40.42652092974119 43.90463119588216 4.4
    endloop
  endfacet
  facet normal 0 0 1
    outer loop
      vertex 40.63597344921501 42.31368135966822 4.4
      vertex 40.63597344921501 44.68631864033178 4.4
      vertex 40.50562993850389 44.30233903981782 4.4
    endloop
  endfacet
  facet normal 0 0 1
    outer loop
      vertex 40.81532124826824 41.95 4.4
      vertex 40.81532124826824 45.05 4.4
      vertex 40.63597344921501 44.68631864033178 4.4
    endloop
  endfacet
  facet normal 0 0 1
    outer loop
      vertex 41.04060464509717 41.612839570072964 4.4
      vertex 41.04060464509717 45.387160429927036 4.4
      vertex 40.81532124826824 45.05 4.4
    endloop
  endfacet
  facet normal 0 0 1
    outer loop
      vertex 41.612839570072964 41.04060464509717 4.4
      vertex 41.75 43.5 4.4
      vertex 41.612839570072964 45.95939535490283 4.4
    endloop
  endfacet
  facet normal 0 0 1
    outer loop
      vertex 41.3079689783217 41.3079689783217 4.4
      vertex 41.3079689783217 45.6920310216783 4.4
      vertex 41.04060464509717 45.387160429927036 4.4
    endloop
  endfacet
  facet normal 0 0 1
    outer loop
      vertex 41.612839570072964 41.04060464509717 4.4
      vertex 41.612839570072964 45.95939535490283 4.4
      vertex 41.3079689783217 45.6920310216783 4.4
    endloop
  endfacet
  facet normal 0 0 1
    outer loop
      vertex 41.612839570072964 45.95939535490283 4.4
      vertex 41.75 43.5 4.4
      vertex 41.76497149259583 43.72842083638509 4.4
    endloop
  endfacet
  facet normal 0 0 1
    outer loop
      vertex 41.612839570072964 41.04060464509717 4.4
      vertex 41.95 40.81532124826824 4.4
      vertex 41.76497149259583 43.27157916361491 4.4
    endloop
  endfacet
  facet normal 0 0 1
    outer loop
      vertex 41.95 40.81532124826824 4.4
      vertex 42.31368135966822 40.63597344921501 4.4
      vertex 42.11163165449034 42.43466749923474 4.4
    endloop
  endfacet
  facet normal 0 0 1
    outer loop
      vertex 42.31368135966822 40.63597344921501 4.4
      vertex 42.43466749923474 42.11163165449034 4.4
      vertex 42.26256313292354 42.26256313292354 4.4
    endloop
  endfacet
  facet normal 0 0 1
    outer loop
      vertex 42.69766096018218 40.50562993850389 4.4
      vertex 43.09536880411784 40.42652092974119 4.4
      vertex 42.83030399336109 41.88321081810525 4.4
    endloop
  endfacet
  facet normal 0 0 1
    outer loop
      vertex 42.31368135966822 40.63597344921501 4.4
      vertex 42.69766096018218 40.50562993850389 4.4
      vertex 42.43466749923474 42.11163165449034 4.4
    endloop
  endfacet
  facet normal 0 0 1
    outer loop
      vertex 42.69766096018218 40.50562993850389 4.4
      vertex 42.625 41.98445554337723 4.4
      vertex 42.43466749923474 42.11163165449034 4.4
    endloop
  endfacet
  facet normal 0 0 1
    outer loop
      vertex 42.69766096018218 40.50562993850389 4.4
      vertex 42.83030399336109 41.88321081810525 4.4
      vertex 42.625 41.98445554337723 4.4
    endloop
  endfacet
  facet normal 0 0 1
    outer loop
      vertex 43.09536880411784 40.42652092974119 4.4
      vertex 43.27157916361491 41.76497149259583 4.4
      vertex 43.04706667107059 41.80962980399413 4.4
    endloop
  endfacet
  facet normal 0 0 1
    outer loop
      vertex 43.09536880411784 40.42652092974119 4.4
      vertex 43.04706667107059 41.80962980399413 4.4
      vertex 42.83030399336109 41.88321081810525 4.4
    endloop
  endfacet
  facet normal 0 0 1
    outer loop
      vertex 43.09536880411784 40.42652092974119 4.4
      vertex 43.5 40.4 4.4
      vertex 43.27157916361491 41.76497149259583 4.4
    endloop
  endfacet
  facet normal 0 0 1
    outer loop
      vertex 43.5 40.4 4.4
      vertex 43.90463119588216 40.42652092974119 4.4
      vertex 43.72842083638509 41.76497149259583 4.4
    endloop
  endfacet
  facet normal 0 0 1
    outer loop
      vertex 43.5 40.4 4.4
      vertex 43.5 41.75 4.4
      vertex 43.27157916361491 41.76497149259583 4.4
    endloop
  endfacet
  facet normal 0 0 1
    outer loop
      vertex 43.5 40.4 4.4
      vertex 43.72842083638509 41.76497149259583 4.4
      vertex 43.5 41.75 4.4
    endloop
  endfacet
  facet normal 0 0 1
    outer loop
      vertex 43.90463119588216 40.42652092974119 4.4
      vertex 44.30233903981782 40.50562993850389 4.4
      vertex 43.72842083638509 41.76497149259583 4.4
    endloop
  endfacet
  facet normal 0 0 1
    outer loop
      vertex 44.30233903981782 40.50562993850389 4.4
      vertex 43.95293332892941 41.80962980399413 4.4
      vertex 43.72842083638509 41.76497149259583 4.4
    endloop
  endfacet
  facet normal 0 0 1
    outer loop
      vertex 44.30233903981782 40.50562993850389 4.4
      vertex 44.16969600663891 41.88321081810525 4.4
      vertex 43.95293332892941 41.80962980399413 4.4
    endloop
  endfacet
  facet normal 0 0 1
    outer loop
      vertex 44.30233903981782 40.50562993850389 4.4
      vertex 44.68631864033178 40.63597344921501 4.4
      vertex 44.16969600663891 41.88321081810525 4.4
    endloop
  endfacet
  facet normal 0 0 1
    outer loop
      vertex 44.68631864033178 40.63597344921501 4.4
      vertex 44.375 41.98445554337723 4.4
      vertex 44.16969600663891 41.88321081810525 4.4
    endloop
  endfacet
  facet normal 0 0 1
    outer loop
      vertex 44.68631864033178 40.63597344921501 4.4
      vertex 44.56533250076526 42.11163165449034 4.4
      vertex 44.375 41.98445554337723 4.4
    endloop
  endfacet
  facet normal 0 0 1
    outer loop
      vertex 44.68631864033178 40.63597344921501 4.4
      vertex 45.05 40.81532124826824 4.4
      vertex 44.56533250076526 42.11163165449034 4.4
    endloop
  endfacet
  facet normal 0 0 1
    outer loop
      vertex 45.05 40.81532124826824 4.4
      vertex 45.387160429927036 41.04060464509717 4.4
      vertex 45.01554445662277 42.625 4.4
    endloop
  endfacet
  facet normal 0 0 1
    outer loop
      vertex 41.95 40.81532124826824 4.4
      vertex 42.11163165449034 42.43466749923474 4.4
      vertex 41.98445554337723 42.625 4.4
    endloop
  endfacet
  facet normal 0 0 1
    outer loop
      vertex 41.95 40.81532124826824 4.4
      vertex 41.88321081810525 42.83030399336109 4.4
      vertex 41.80962980399413 43.04706667107059 4.4
    endloop
  endfacet
  facet normal 0 0 1
    outer loop
      vertex 41.95 40.81532124826824 4.4
      vertex 41.80962980399413 43.04706667107059 4.4
      vertex 41.76497149259583 43.27157916361491 4.4
    endloop
  endfacet
  facet normal 0 0 1
    outer loop
      vertex 41.95 40.81532124826824 4.4
      vertex 41.98445554337723 42.625 4.4
      vertex 41.88321081810525 42.83030399336109 4.4
    endloop
  endfacet
  facet normal 0 0 1
    outer loop
      vertex 42.31368135966822 40.63597344921501 4.4
      vertex 42.26256313292354 42.26256313292354 4.4
      vertex 42.11163165449034 42.43466749923474 4.4
    endloop
  endfacet
  facet normal 0 0 1
    outer loop
      vertex 41.612839570072964 45.95939535490283 4.4
      vertex 41.76497149259583 43.72842083638509 4.4
      vertex 41.80962980399413 43.95293332892941 4.4
    endloop
  endfacet
  facet normal -0.4422886902190072 0.8968727415326853 0
    outer loop
      vertex 42.2244043469191 46.32000000029802 4
      vertex 42.31368135966822 46.36402655078499 4.4
      vertex 42.31368135966822 46.36402655078499 4
    endloop
  endfacet
  facet normal -0.3214394653031609 0.9469301294951059 0
    outer loop
      vertex 42.31368135966822 46.36402655078499 4
      vertex 42.69766096018218 46.49437006149611 4.4
      vertex 42.69766096018218 46.49437006149611 4
    endloop
  endfacet
  facet normal -0.19509032201612553 0.9807852804032309 0
    outer loop
      vertex 42.69766096018218 46.49437006149611 4
      vertex 43.09536880411784 46.57347907025881 4.4
      vertex 43.09536880411784 46.57347907025881 4
    endloop
  endfacet
  facet normal -0.0654031292301451 0.9978589232386035 0
    outer loop
      vertex 43.09536880411784 46.57347907025881 4
      vertex 43.5 46.6 4.4
      vertex 43.5 46.6 4
    endloop
  endfacet
  facet normal 0.0654031292301451 0.9978589232386035 0
    outer loop
      vertex 43.5 46.6 4
      vertex 43.90463119588216 46.57347907025881 4.4
      vertex 43.90463119588216 46.57347907025881 4
    endloop
  endfacet
  facet normal 0.19509032201612553 0.9807852804032309 0
    outer loop
      vertex 43.90463119588216 46.57347907025881 4
      vertex 44.30233903981782 46.49437006149611 4.4
      vertex 44.30233903981782 46.49437006149611 4
    endloop
  endfacet
  facet normal 0.3214394653031609 0.9469301294951059 0
    outer loop
      vertex 44.30233903981782 46.49437006149611 4
      vertex 44.68631864033178 46.36402655078499 4.4
      vertex 44.68631864033178 46.36402655078499 4
    endloop
  endfacet
  facet normal 0 0 1
    outer loop
      vertex 41.612839570072964 45.95939535490283 4.4
      vertex 41.80962980399413 43.95293332892941 4.4
      vertex 41.88321081810525 44.16969600663891 4.4
    endloop
  endfacet
  facet normal 0 0 1
    outer loop
      vertex 41.612839570072964 45.95939535490283 4.4
      vertex 41.88321081810525 44.16969600663891 4.4
      vertex 41.98445554337723 44.375 4.4
    endloop
  endfacet
  facet normal 0 0 1
    outer loop
      vertex 41.98445554337723 44.375 4.4
      vertex 42.11163165449034 44.56533250076526 4.4
      vertex 41.95 46.18467875173176 4.4
    endloop
  endfacet
  facet normal 0 0 1
    outer loop
      vertex 42.11163165449034 44.56533250076526 4.4
      vertex 42.26256313292354 44.73743686707646 4.4
      vertex 41.95 46.18467875173176 4.4
    endloop
  endfacet
  facet normal 0 0 1
    outer loop
      vertex 42.26256313292354 44.73743686707646 4.4
      vertex 42.43466749923474 44.88836834550966 4.4
      vertex 41.95 46.18467875173176 4.4
    endloop
  endfacet
  facet normal 0 0 1
    outer loop
      vertex 41.612839570072964 45.95939535490283 4.4
      vertex 41.98445554337723 44.375 4.4
      vertex 41.95 46.18467875173176 4.4
    endloop
  endfacet
  facet normal 0 0 1
    outer loop
      vertex 42.43466749923474 44.88836834550966 4.4
      vertex 42.31368135966822 46.36402655078499 4.4
      vertex 41.95 46.18467875173176 4.4
    endloop
  endfacet
  facet normal 0 0 1
    outer loop
      vertex 42.43466749923474 44.88836834550966 4.4
      vertex 42.625 45.01554445662277 4.4
      vertex 42.31368135966822 46.36402655078499 4.4
    endloop
  endfacet
  facet normal 0 0 1
    outer loop
      vertex 42.625 45.01554445662277 4.4
      vertex 42.83030399336109 45.11678918189475 4.4
      vertex 42.31368135966822 46.36402655078499 4.4
    endloop
  endfacet
  facet normal 0 0 1
    outer loop
      vertex 42.83030399336109 45.11678918189475 4.4
      vertex 42.69766096018218 46.49437006149611 4.4
      vertex 42.31368135966822 46.36402655078499 4.4
    endloop
  endfacet
  facet normal 0 0 1
    outer loop
      vertex 42.83030399336109 45.11678918189475 4.4
      vertex 43.04706667107059 45.19037019600587 4.4
      vertex 42.69766096018218 46.49437006149611 4.4
    endloop
  endfacet
  facet normal 0 0 1
    outer loop
      vertex 43.04706667107059 45.19037019600587 4.4
      vertex 43.27157916361491 45.23502850740417 4.4
      vertex 42.69766096018218 46.49437006149611 4.4
    endloop
  endfacet
  facet normal 0 0 1
    outer loop
      vertex 42.69766096018218 46.49437006149611 4.4
      vertex 43.27157916361491 45.23502850740417 4.4
      vertex 43.09536880411784 46.57347907025881 4.4
    endloop
  endfacet
  facet normal -0.4422886902190092 0.8968727415326845 5.561390502542418e-16
    outer loop
      vertex 42.2244043469191 46.32000000029802 4
      vertex 41.95 46.18467875173176 4.4
      vertex 42.31368135966822 46.36402655078499 4.4
    endloop
  endfacet
  facet normal -0.3214394653031609 0.9469301294951059 0
    outer loop
      vertex 42.31368135966822 46.36402655078499 4
      vertex 42.31368135966822 46.36402655078499 4.4
      vertex 42.69766096018218 46.49437006149611 4.4
    endloop
  endfacet
  facet normal -0.19509032201612553 0.9807852804032309 0
    outer loop
      vertex 42.69766096018218 46.49437006149611 4
      vertex 42.69766096018218 46.49437006149611 4.4
      vertex 43.09536880411784 46.57347907025881 4.4
    endloop
  endfacet
  facet normal 0 0 1
    outer loop
      vertex 43.27157916361491 45.23502850740417 4.4
      vertex 43.5 45.25 4.4
      vertex 43.5 46.6 4.4
    endloop
  endfacet
  facet normal 0 0 1
    outer loop
      vertex 43.09536880411784 46.57347907025881 4.4
      vertex 43.27157916361491 45.23502850740417 4.4
      vertex 43.5 46.6 4.4
    endloop
  endfacet
  facet normal 0 0 1
    outer loop
      vertex 43.5 45.25 4.4
      vertex 43.72842083638509 45.23502850740417 4.4
      vertex 43.5 46.6 4.4
    endloop
  endfacet
  facet normal 0 0 1
    outer loop
      vertex 43.72842083638509 45.23502850740417 4.4
      vertex 43.95293332892941 45.19037019600587 4.4
      vertex 43.90463119588216 46.57347907025881 4.4
    endloop
  endfacet
  facet normal 0 0 1
    outer loop
      vertex 43.72842083638509 45.23502850740417 4.4
      vertex 43.90463119588216 46.57347907025881 4.4
      vertex 43.5 46.6 4.4
    endloop
  endfacet
  facet normal 0 0 1
    outer loop
      vertex 44.56533250076526 44.88836834550966 4.4
      vertex 44.73743686707646 44.73743686707646 4.4
      vertex 44.68631864033178 46.36402655078499 4.4
    endloop
  endfacet
  facet normal 0 0 1
    outer loop
      vertex 43.95293332892941 45.19037019600587 4.4
      vertex 44.16969600663891 45.11678918189475 4.4
      vertex 43.90463119588216 46.57347907025881 4.4
    endloop
  endfacet
  facet normal 0 0 1
    outer loop
      vertex 44.16969600663891 45.11678918189475 4.4
      vertex 44.375 45.01554445662277 4.4
      vertex 44.30233903981782 46.49437006149611 4.4
    endloop
  endfacet
  facet normal 0 0 1
    outer loop
      vertex 44.16969600663891 45.11678918189475 4.4
      vertex 44.30233903981782 46.49437006149611 4.4
      vertex 43.90463119588216 46.57347907025881 4.4
    endloop
  endfacet
  facet normal 0 0 1
    outer loop
      vertex 44.375 45.01554445662277 4.4
      vertex 44.56533250076526 44.88836834550966 4.4
      vertex 44.30233903981782 46.49437006149611 4.4
    endloop
  endfacet
  facet normal 0 0 1
    outer loop
      vertex 44.56533250076526 44.88836834550966 4.4
      vertex 44.68631864033178 46.36402655078499 4.4
      vertex 44.30233903981782 46.49437006149611 4.4
    endloop
  endfacet
  facet normal -0.0654031292301451 0.9978589232386035 0
    outer loop
      vertex 43.09536880411784 46.57347907025881 4
      vertex 43.09536880411784 46.57347907025881 4.4
      vertex 43.5 46.6 4.4
    endloop
  endfacet
  facet normal 0.0654031292301451 0.9978589232386035 0
    outer loop
      vertex 43.5 46.6 4
      vertex 43.5 46.6 4.4
      vertex 43.90463119588216 46.57347907025881 4.4
    endloop
  endfacet
  facet normal 0.19509032201612553 0.9807852804032309 0
    outer loop
      vertex 43.90463119588216 46.57347907025881 4
      vertex 43.90463119588216 46.57347907025881 4.4
      vertex 44.30233903981782 46.49437006149611 4.4
    endloop
  endfacet
  facet normal 0.3214394653031609 0.9469301294951059 0
    outer loop
      vertex 44.30233903981782 46.49437006149611 4
      vertex 44.30233903981782 46.49437006149611 4.4
      vertex 44.68631864033178 46.36402655078499 4.4
    endloop
  endfacet
  facet normal 0.8968727415326853 -0.4422886902190072 0
    outer loop
      vertex 46.32000000029802 42.2244043469191 4
      vertex 46.36402655078499 42.31368135966822 4
      vertex 46.36402655078499 42.31368135966822 4.4
    endloop
  endfacet
  facet normal 0.9469301294951059 -0.3214394653031609 0
    outer loop
      vertex 46.36402655078499 42.31368135966822 4
      vertex 46.49437006149611 42.69766096018218 4
      vertex 46.36402655078499 42.31368135966822 4.4
    endloop
  endfacet
  facet normal 0.9807852804032309 -0.19509032201612553 0
    outer loop
      vertex 46.49437006149611 42.69766096018218 4
      vertex 46.57347907025881 43.09536880411784 4
      vertex 46.49437006149611 42.69766096018218 4.4
    endloop
  endfacet
  facet normal 0.9978589232386035 -0.0654031292301451 0
    outer loop
      vertex 46.57347907025881 43.09536880411784 4
      vertex 46.6 43.5 4
      vertex 46.57347907025881 43.09536880411784 4.4
    endloop
  endfacet
  facet normal 0.9978589232386035 0.0654031292301451 0
    outer loop
      vertex 46.6 43.5 4
      vertex 46.57347907025881 43.90463119588216 4
      vertex 46.6 43.5 4.4
    endloop
  endfacet
  facet normal 0.9807852804032309 0.19509032201612553 0
    outer loop
      vertex 46.57347907025881 43.90463119588216 4
      vertex 46.49437006149611 44.30233903981782 4
      vertex 46.57347907025881 43.90463119588216 4.4
    endloop
  endfacet
  facet normal 0.9469301294951059 0.3214394653031609 0
    outer loop
      vertex 46.49437006149611 44.30233903981782 4
      vertex 46.36402655078499 44.68631864033178 4
      vertex 46.49437006149611 44.30233903981782 4.4
    endloop
  endfacet
  facet normal 0 0 1
    outer loop
      vertex 45.05 40.81532124826824 4.4
      vertex 44.73743686707646 42.26256313292354 4.4
      vertex 44.56533250076526 42.11163165449034 4.4
    endloop
  endfacet
  facet normal 0 0 1
    outer loop
      vertex 45.05 40.81532124826824 4.4
      vertex 44.88836834550966 42.43466749923474 4.4
      vertex 44.73743686707646 42.26256313292354 4.4
    endloop
  endfacet
  facet normal 0 0 1
    outer loop
      vertex 45.05 40.81532124826824 4.4
      vertex 45.01554445662277 42.625 4.4
      vertex 44.88836834550966 42.43466749923474 4.4
    endloop
  endfacet
  facet normal 0 0 1
    outer loop
      vertex 45.387160429927036 41.04060464509717 4.4
      vertex 45.11678918189475 42.83030399336109 4.4
      vertex 45.01554445662277 42.625 4.4
    endloop
  endfacet
  facet normal 0 0 1
    outer loop
      vertex 45.387160429927036 41.04060464509717 4.4
      vertex 45.19037019600587 43.04706667107059 4.4
      vertex 45.11678918189475 42.83030399336109 4.4
    endloop
  endfacet
  facet normal 0 0 1
    outer loop
      vertex 45.387160429927036 41.04060464509717 4.4
      vertex 45.23502850740417 43.27157916361491 4.4
      vertex 45.19037019600587 43.04706667107059 4.4
    endloop
  endfacet
  facet normal 0 0 1
    outer loop
      vertex 45.387160429927036 41.04060464509717 4.4
      vertex 45.25 43.5 4.4
      vertex 45.23502850740417 43.27157916361491 4.4
    endloop
  endfacet
  facet normal 0 0 1
    outer loop
      vertex 45.387160429927036 41.04060464509717 4.4
      vertex 45.6920310216783 41.3079689783217 4.4
      vertex 45.387160429927036 45.95939535490283 4.4
    endloop
  endfacet
  facet normal 0 0 1
    outer loop
      vertex 45.6920310216783 41.3079689783217 4.4
      vertex 45.95939535490283 41.612839570072964 4.4
      vertex 45.6920310216783 45.6920310216783 4.4
    endloop
  endfacet
  facet normal 0 0 1
    outer loop
      vertex 45.95939535490283 41.612839570072964 4.4
      vertex 46.18467875173176 41.95 4.4
      vertex 45.95939535490283 45.387160429927036 4.4
    endloop
  endfacet
  facet normal 0 0 1
    outer loop
      vertex 45.387160429927036 41.04060464509717 4.4
      vertex 45.387160429927036 45.95939535490283 4.4
      vertex 45.25 43.5 4.4
    endloop
  endfacet
  facet normal 0 0 1
    outer loop
      vertex 45.23502850740417 43.72842083638509 4.4
      vertex 45.05 46.18467875173176 4.4
      vertex 45.19037019600587 43.95293332892941 4.4
    endloop
  endfacet
  facet normal 0 0 1
    outer loop
      vertex 45.25 43.5 4.4
      vertex 45.387160429927036 45.95939535490283 4.4
      vertex 45.23502850740417 43.72842083638509 4.4
    endloop
  endfacet
  facet normal 0 0 1
    outer loop
      vertex 45.6920310216783 41.3079689783217 4.4
      vertex 45.6920310216783 45.6920310216783 4.4
      vertex 45.387160429927036 45.95939535490283 4.4
    endloop
  endfacet
  facet normal 0 0 1
    outer loop
      vertex 45.95939535490283 41.612839570072964 4.4
      vertex 45.95939535490283 45.387160429927036 4.4
      vertex 45.6920310216783 45.6920310216783 4.4
    endloop
  endfacet
  facet normal 0 0 1
    outer loop
      vertex 46.18467875173176 41.95 4.4
      vertex 46.18467875173176 45.05 4.4
      vertex 45.95939535490283 45.387160429927036 4.4
    endloop
  endfacet
  facet normal 0.8968727415326845 -0.4422886902190092 5.561390502542418e-16
    outer loop
      vertex 46.32000000029802 42.2244043469191 4
      vertex 46.36402655078499 42.31368135966822 4.4
      vertex 46.18467875173176 41.95 4.4
    endloop
  endfacet
  facet normal 0.9469301294951059 -0.3214394653031609 0
    outer loop
      vertex 46.49437006149611 42.69766096018218 4
      vertex 46.49437006149611 42.69766096018218 4.4
      vertex 46.36402655078499 42.31368135966822 4.4
    endloop
  endfacet
  facet normal 0.9807852804032309 -0.19509032201612553 0
    outer loop
      vertex 46.57347907025881 43.09536880411784 4
      vertex 46.57347907025881 43.09536880411784 4.4
      vertex 46.49437006149611 42.69766096018218 4.4
    endloop
  endfacet
  facet normal 0 0 1
    outer loop
      vertex 46.18467875173176 41.95 4.4
      vertex 46.36402655078499 42.31368135966822 4.4
      vertex 46.18467875173176 45.05 4.4
    endloop
  endfacet
  facet normal 0.9978589232386035 -0.0654031292301451 0
    outer loop
      vertex 46.6 43.5 4
      vertex 46.6 43.5 4.4
      vertex 46.57347907025881 43.09536880411784 4.4
    endloop
  endfacet
  facet normal 0.9978589232386035 0.0654031292301451 0
    outer loop
      vertex 46.57347907025881 43.90463119588216 4
      vertex 46.57347907025881 43.90463119588216 4.4
      vertex 46.6 43.5 4.4
    endloop
  endfacet
  facet normal 0.9807852804032309 0.19509032201612553 0
    outer loop
      vertex 46.49437006149611 44.30233903981782 4
      vertex 46.49437006149611 44.30233903981782 4.4
      vertex 46.57347907025881 43.90463119588216 4.4
    endloop
  endfacet
  facet normal 0.9469301294951059 0.3214394653031609 0
    outer loop
      vertex 46.36402655078499 44.68631864033178 4
      vertex 46.36402655078499 44.68631864033178 4.4
      vertex 46.49437006149611 44.30233903981782 4.4
    endloop
  endfacet
  facet normal 0 0 1
    outer loop
      vertex 46.36402655078499 42.31368135966822 4.4
      vertex 46.49437006149611 42.69766096018218 4.4
      vertex 46.36402655078499 44.68631864033178 4.4
    endloop
  endfacet
  facet normal 0 0 1
    outer loop
      vertex 46.49437006149611 42.69766096018218 4.4
      vertex 46.57347907025881 43.09536880411784 4.4
      vertex 46.49437006149611 44.30233903981782 4.4
    endloop
  endfacet
  facet normal 0 0 1
    outer loop
      vertex 46.49437006149611 42.69766096018218 4.4
      vertex 46.49437006149611 44.30233903981782 4.4
      vertex 46.36402655078499 44.68631864033178 4.4
    endloop
  endfacet
  facet normal 0 0 1
    outer loop
      vertex 46.57347907025881 43.09536880411784 4.4
      vertex 46.57347907025881 43.90463119588216 4.4
      vertex 46.49437006149611 44.30233903981782 4.4
    endloop
  endfacet
  facet normal 0 0 1
    outer loop
      vertex 46.57347907025881 43.09536880411784 4.4
      vertex 46.6 43.5 4.4
      vertex 46.57347907025881 43.90463119588216 4.4
    endloop
  endfacet
  facet normal 0 0 1
    outer loop
      vertex 46.36402655078499 42.31368135966822 4.4
      vertex 46.36402655078499 44.68631864033178 4.4
      vertex 46.18467875173176 45.05 4.4
    endloop
  endfacet
  facet normal 0.4422886902190072 0.8968727415326853 2.2655037364368474e-15
    outer loop
      vertex 44.68631864033178 46.36402655078499 4
      vertex 45.05 46.18467875173176 4.4
      vertex 44.7755956530809 46.32000000029802 4
    endloop
  endfacet
  facet normal 0.8968727415326853 0.4422886902190072 0
    outer loop
      vertex 46.36402655078499 44.68631864033178 4
      vertex 46.32000000029802 44.7755956530809 4
      vertex 46.36402655078499 44.68631864033178 4.4
    endloop
  endfacet
  facet normal 0 0 1
    outer loop
      vertex 45.01554445662277 44.375 4.4
      vertex 45.11678918189475 44.16969600663891 4.4
      vertex 45.05 46.18467875173176 4.4
    endloop
  endfacet
  facet normal 0 0 1
    outer loop
      vertex 45.01554445662277 44.375 4.4
      vertex 45.05 46.18467875173176 4.4
      vertex 44.88836834550966 44.56533250076526 4.4
    endloop
  endfacet
  facet normal 0 0 1
    outer loop
      vertex 44.68631864033178 46.36402655078499 4.4
      vertex 44.73743686707646 44.73743686707646 4.4
      vertex 44.88836834550966 44.56533250076526 4.4
    endloop
  endfacet
  facet normal 0 0 1
    outer loop
      vertex 45.19037019600587 43.95293332892941 4.4
      vertex 45.05 46.18467875173176 4.4
      vertex 45.11678918189475 44.16969600663891 4.4
    endloop
  endfacet
  facet normal 0 0 1
    outer loop
      vertex 45.23502850740417 43.72842083638509 4.4
      vertex 45.387160429927036 45.95939535490283 4.4
      vertex 45.05 46.18467875173176 4.4
    endloop
  endfacet
  facet normal 0 0 1
    outer loop
      vertex 44.68631864033178 46.36402655078499 4.4
      vertex 44.88836834550966 44.56533250076526 4.4
      vertex 45.05 46.18467875173176 4.4
    endloop
  endfacet
  facet normal 0.4422886902190092 0.8968727415326845 0
    outer loop
      vertex 44.68631864033178 46.36402655078499 4
      vertex 44.68631864033178 46.36402655078499 4.4
      vertex 45.05 46.18467875173176 4.4
    endloop
  endfacet
  facet normal 0.8968727415326845 0.4422886902190092 5.561390502542418e-16
    outer loop
      vertex 46.32000000029802 44.7755956530809 4
      vertex 46.18467875173176 45.05 4.4
      vertex 46.36402655078499 44.68631864033178 4.4
    endloop
  endfacet
  facet normal 0.8968727415326906 0.44228869021899664 0
    outer loop
      vertex -45.11678918189475 -44.16969600663891 2.2
      vertex -45.11678918189475 -44.16969600663891 4.4
      vertex -45.01554445662277 -44.375 2.2
    endloop
  endfacet
  facet normal 0.9469301294951028 0.3214394653031702 0
    outer loop
      vertex -45.11678918189475 -44.16969600663891 2.2
      vertex -45.19037019600587 -43.95293332892941 2.2
      vertex -45.19037019600587 -43.95293332892941 4.4
    endloop
  endfacet
  facet normal 0.8314696123025366 0.555570233019615 0
    outer loop
      vertex -44.88836834550966 -44.56533250076526 2.2
      vertex -45.01554445662277 -44.375 2.2
      vertex -45.01554445662277 -44.375 4.4
    endloop
  endfacet
  facet normal 0.7518398074789944 0.6593458151000495 0
    outer loop
      vertex -44.73743686707646 -44.73743686707646 2.2
      vertex -44.88836834550966 -44.56533250076526 2.2
      vertex -44.88836834550966 -44.56533250076526 4.4
    endloop
  endfacet
  facet normal 0.9807852804032345 0.19509032201610835 0
    outer loop
      vertex -45.19037019600587 -43.95293332892941 2.2
      vertex -45.23502850740417 -43.72842083638509 2.2
      vertex -45.23502850740417 -43.72842083638509 4.4
    endloop
  endfacet
  facet normal 0.997858923238603 0.06540312923015051 0
    outer loop
      vertex -45.23502850740417 -43.72842083638509 2.2
      vertex -45.25 -43.5 2.2
      vertex -45.25 -43.5 4.4
    endloop
  endfacet
  facet normal 0.997858923238603 -0.06540312923015051 0
    outer loop
      vertex -45.25 -43.5 2.2
      vertex -45.23502850740417 -43.27157916361491 2.2
      vertex -45.23502850740417 -43.27157916361491 4.4
    endloop
  endfacet
  facet normal 0.9807852804032345 -0.19509032201610835 0
    outer loop
      vertex -45.23502850740417 -43.27157916361491 2.2
      vertex -45.19037019600587 -43.04706667107059 2.2
      vertex -45.19037019600587 -43.04706667107059 4.4
    endloop
  endfacet
  facet normal 0.9469301294951028 -0.3214394653031702 0
    outer loop
      vertex -45.19037019600587 -43.04706667107059 2.2
      vertex -45.11678918189475 -42.83030399336109 2.2
      vertex -45.11678918189475 -42.83030399336109 4.4
    endloop
  endfacet
  facet normal 0.8968727415326906 -0.44228869021899664 0
    outer loop
      vertex -45.11678918189475 -42.83030399336109 2.2
      vertex -45.01554445662277 -42.625 2.2
      vertex -45.01554445662277 -42.625 4.4
    endloop
  endfacet
  facet normal 0.8314696123025366 -0.555570233019615 0
    outer loop
      vertex -45.01554445662277 -42.625 2.2
      vertex -44.88836834550966 -42.43466749923474 2.2
      vertex -44.88836834550966 -42.43466749923474 4.4
    endloop
  endfacet
  facet normal 0.7518398074789944 -0.6593458151000495 0
    outer loop
      vertex -44.88836834550966 -42.43466749923474 2.2
      vertex -44.73743686707646 -42.26256313292354 2.2
      vertex -44.73743686707646 -42.26256313292354 4.4
    endloop
  endfacet
  facet normal 0.6593458151000495 0.7518398074789944 0
    outer loop
      vertex -44.73743686707646 -44.73743686707646 2.2
      vertex -44.73743686707646 -44.73743686707646 4.4
      vertex -44.56533250076526 -44.88836834550966 2.2
    endloop
  endfacet
  facet normal 0.555570233019615 0.8314696123025366 0
    outer loop
      vertex -44.56533250076526 -44.88836834550966 2.2
      vertex -44.56533250076526 -44.88836834550966 4.4
      vertex -44.375 -45.01554445662277 2.2
    endloop
  endfacet
  facet normal 0.3214394653031702 0.9469301294951028 0
    outer loop
      vertex -44.16969600663891 -45.11678918189475 2.2
      vertex -44.16969600663891 -45.11678918189475 4.4
      vertex -43.95293332892941 -45.19037019600587 2.2
    endloop
  endfacet
  facet normal 0.44228869021899664 0.8968727415326906 0
    outer loop
      vertex -44.375 -45.01554445662277 2.2
      vertex -44.375 -45.01554445662277 4.4
      vertex -44.16969600663891 -45.11678918189475 2.2
    endloop
  endfacet
  facet normal 0.19509032201610835 0.9807852804032345 0
    outer loop
      vertex -43.95293332892941 -45.19037019600587 2.2
      vertex -43.95293332892941 -45.19037019600587 4.4
      vertex -43.72842083638509 -45.23502850740417 2.2
    endloop
  endfacet
  facet normal 0.06540312923015051 0.997858923238603 0
    outer loop
      vertex -43.72842083638509 -45.23502850740417 2.2
      vertex -43.72842083638509 -45.23502850740417 4.4
      vertex -43.5 -45.25 2.2
    endloop
  endfacet
  facet normal -0.06540312923015051 0.997858923238603 0
    outer loop
      vertex -43.5 -45.25 2.2
      vertex -43.5 -45.25 4.4
      vertex -43.27157916361491 -45.23502850740417 2.2
    endloop
  endfacet
  facet normal -0.19509032201610835 0.9807852804032345 0
    outer loop
      vertex -43.27157916361491 -45.23502850740417 2.2
      vertex -43.27157916361491 -45.23502850740417 4.4
      vertex -43.04706667107059 -45.19037019600587 2.2
    endloop
  endfacet
  facet normal -0.3214394653031702 0.9469301294951028 0
    outer loop
      vertex -43.04706667107059 -45.19037019600587 2.2
      vertex -43.04706667107059 -45.19037019600587 4.4
      vertex -42.83030399336109 -45.11678918189475 2.2
    endloop
  endfacet
  facet normal -0.44228869021899664 0.8968727415326906 0
    outer loop
      vertex -42.83030399336109 -45.11678918189475 2.2
      vertex -42.83030399336109 -45.11678918189475 4.4
      vertex -42.625 -45.01554445662277 2.2
    endloop
  endfacet
  facet normal -0.555570233019615 0.8314696123025366 0
    outer loop
      vertex -42.625 -45.01554445662277 2.2
      vertex -42.625 -45.01554445662277 4.4
      vertex -42.43466749923474 -44.88836834550966 2.2
    endloop
  endfacet
  facet normal -0.6593458151000495 0.7518398074789944 0
    outer loop
      vertex -42.43466749923474 -44.88836834550966 2.2
      vertex -42.43466749923474 -44.88836834550966 4.4
      vertex -42.26256313292354 -44.73743686707646 2.2
    endloop
  endfacet
  facet normal 0.6593458151000495 -0.7518398074789944 0
    outer loop
      vertex -44.73743686707646 -42.26256313292354 2.2
      vertex -44.56533250076526 -42.11163165449034 2.2
      vertex -44.56533250076526 -42.11163165449034 4.4
    endloop
  endfacet
  facet normal 0.555570233019615 -0.8314696123025366 0
    outer loop
      vertex -44.56533250076526 -42.11163165449034 2.2
      vertex -44.375 -41.98445554337723 2.2
      vertex -44.375 -41.98445554337723 4.4
    endloop
  endfacet
  facet normal 0.44228869021899664 -0.8968727415326906 0
    outer loop
      vertex -44.375 -41.98445554337723 2.2
      vertex -44.16969600663891 -41.88321081810525 2.2
      vertex -44.16969600663891 -41.88321081810525 4.4
    endloop
  endfacet
  facet normal 0.3214394653031702 -0.9469301294951028 0
    outer loop
      vertex -44.16969600663891 -41.88321081810525 2.2
      vertex -43.95293332892941 -41.80962980399413 2.2
      vertex -43.95293332892941 -41.80962980399413 4.4
    endloop
  endfacet
  facet normal 0.19509032201610835 -0.9807852804032345 0
    outer loop
      vertex -43.95293332892941 -41.80962980399413 2.2
      vertex -43.72842083638509 -41.76497149259583 2.2
      vertex -43.72842083638509 -41.76497149259583 4.4
    endloop
  endfacet
  facet normal 0.06540312923015051 -0.997858923238603 0
    outer loop
      vertex -43.72842083638509 -41.76497149259583 2.2
      vertex -43.5 -41.75 2.2
      vertex -43.5 -41.75 4.4
    endloop
  endfacet
  facet normal -0.06540312923015051 -0.997858923238603 0
    outer loop
      vertex -43.5 -41.75 2.2
      vertex -43.27157916361491 -41.76497149259583 2.2
      vertex -43.27157916361491 -41.76497149259583 4.4
    endloop
  endfacet
  facet normal -0.7518398074789944 0.6593458151000495 0
    outer loop
      vertex -42.26256313292354 -44.73743686707646 2.2
      vertex -42.26256313292354 -44.73743686707646 4.4
      vertex -42.11163165449034 -44.56533250076526 2.2
    endloop
  endfacet
  facet normal -0.8314696123025366 0.555570233019615 0
    outer loop
      vertex -42.11163165449034 -44.56533250076526 2.2
      vertex -42.11163165449034 -44.56533250076526 4.4
      vertex -41.98445554337723 -44.375 2.2
    endloop
  endfacet
  facet normal -0.8968727415326906 0.44228869021899664 0
    outer loop
      vertex -41.98445554337723 -44.375 2.2
      vertex -41.98445554337723 -44.375 4.4
      vertex -41.88321081810525 -44.16969600663891 2.2
    endloop
  endfacet
  facet normal -0.9469301294951028 0.3214394653031702 0
    outer loop
      vertex -41.88321081810525 -44.16969600663891 2.2
      vertex -41.88321081810525 -44.16969600663891 4.4
      vertex -41.80962980399413 -43.95293332892941 2.2
    endloop
  endfacet
  facet normal -0.9807852804032345 0.19509032201610835 0
    outer loop
      vertex -41.80962980399413 -43.95293332892941 2.2
      vertex -41.80962980399413 -43.95293332892941 4.4
      vertex -41.76497149259583 -43.72842083638509 2.2
    endloop
  endfacet
  facet normal -0.997858923238603 0.06540312923015051 0
    outer loop
      vertex -41.76497149259583 -43.72842083638509 2.2
      vertex -41.76497149259583 -43.72842083638509 4.4
      vertex -41.75 -43.5 2.2
    endloop
  endfacet
  facet normal -0.997858923238603 -0.06540312923015051 0
    outer loop
      vertex -41.75 -43.5 2.2
      vertex -41.75 -43.5 4.4
      vertex -41.76497149259583 -43.27157916361491 2.2
    endloop
  endfacet
  facet normal -0.19509032201610835 -0.9807852804032345 0
    outer loop
      vertex -43.27157916361491 -41.76497149259583 2.2
      vertex -43.04706667107059 -41.80962980399413 2.2
      vertex -43.04706667107059 -41.80962980399413 4.4
    endloop
  endfacet
  facet normal -0.3214394653031702 -0.9469301294951028 0
    outer loop
      vertex -43.04706667107059 -41.80962980399413 2.2
      vertex -42.83030399336109 -41.88321081810525 2.2
      vertex -42.83030399336109 -41.88321081810525 4.4
    endloop
  endfacet
  facet normal -0.44228869021899664 -0.8968727415326906 0
    outer loop
      vertex -42.83030399336109 -41.88321081810525 2.2
      vertex -42.625 -41.98445554337723 2.2
      vertex -42.625 -41.98445554337723 4.4
    endloop
  endfacet
  facet normal -0.555570233019615 -0.8314696123025366 0
    outer loop
      vertex -42.625 -41.98445554337723 2.2
      vertex -42.43466749923474 -42.11163165449034 2.2
      vertex -42.43466749923474 -42.11163165449034 4.4
    endloop
  endfacet
  facet normal -0.9807852804032345 -0.19509032201610835 0
    outer loop
      vertex -41.76497149259583 -43.27157916361491 2.2
      vertex -41.76497149259583 -43.27157916361491 4.4
      vertex -41.80962980399413 -43.04706667107059 2.2
    endloop
  endfacet
  facet normal -0.9469301294951028 -0.3214394653031702 0
    outer loop
      vertex -41.80962980399413 -43.04706667107059 2.2
      vertex -41.80962980399413 -43.04706667107059 4.4
      vertex -41.88321081810525 -42.83030399336109 2.2
    endloop
  endfacet
  facet normal -0.8968727415326906 -0.44228869021899664 0
    outer loop
      vertex -41.88321081810525 -42.83030399336109 2.2
      vertex -41.88321081810525 -42.83030399336109 4.4
      vertex -41.98445554337723 -42.625 2.2
    endloop
  endfacet
  facet normal -0.8314696123025366 -0.555570233019615 0
    outer loop
      vertex -41.98445554337723 -42.625 2.2
      vertex -41.98445554337723 -42.625 4.4
      vertex -42.11163165449034 -42.43466749923474 2.2
    endloop
  endfacet
  facet normal -0.6593458151000495 -0.7518398074789944 0
    outer loop
      vertex -42.43466749923474 -42.11163165449034 2.2
      vertex -42.26256313292354 -42.26256313292354 2.2
      vertex -42.26256313292354 -42.26256313292354 4.4
    endloop
  endfacet
  facet normal -0.7518398074789944 -0.6593458151000495 0
    outer loop
      vertex -42.11163165449034 -42.43466749923474 2.2
      vertex -42.11163165449034 -42.43466749923474 4.4
      vertex -42.26256313292354 -42.26256313292354 2.2
    endloop
  endfacet
  facet normal 0.9469301294951028 0.3214394653031702 0
    outer loop
      vertex -45.11678918189475 -44.16969600663891 2.2
      vertex -45.19037019600587 -43.95293332892941 4.4
      vertex -45.11678918189475 -44.16969600663891 4.4
    endloop
  endfacet
  facet normal 0.8314696123025366 0.555570233019615 0
    outer loop
      vertex -44.88836834550966 -44.56533250076526 2.2
      vertex -45.01554445662277 -44.375 4.4
      vertex -44.88836834550966 -44.56533250076526 4.4
    endloop
  endfacet
  facet normal 0.7518398074789944 0.6593458151000495 0
    outer loop
      vertex -44.73743686707646 -44.73743686707646 2.2
      vertex -44.88836834550966 -44.56533250076526 4.4
      vertex -44.73743686707646 -44.73743686707646 4.4
    endloop
  endfacet
  facet normal 0.8968727415326906 0.44228869021899664 0
    outer loop
      vertex -45.01554445662277 -44.375 2.2
      vertex -45.11678918189475 -44.16969600663891 4.4
      vertex -45.01554445662277 -44.375 4.4
    endloop
  endfacet
  facet normal 0.9807852804032345 0.19509032201610835 0
    outer loop
      vertex -45.19037019600587 -43.95293332892941 2.2
      vertex -45.23502850740417 -43.72842083638509 4.4
      vertex -45.19037019600587 -43.95293332892941 4.4
    endloop
  endfacet
  facet normal 0.997858923238603 0.06540312923015051 0
    outer loop
      vertex -45.23502850740417 -43.72842083638509 2.2
      vertex -45.25 -43.5 4.4
      vertex -45.23502850740417 -43.72842083638509 4.4
    endloop
  endfacet
  facet normal 0.997858923238603 -0.06540312923015051 0
    outer loop
      vertex -45.25 -43.5 2.2
      vertex -45.23502850740417 -43.27157916361491 4.4
      vertex -45.25 -43.5 4.4
    endloop
  endfacet
  facet normal 0.9807852804032345 -0.19509032201610835 0
    outer loop
      vertex -45.23502850740417 -43.27157916361491 2.2
      vertex -45.19037019600587 -43.04706667107059 4.4
      vertex -45.23502850740417 -43.27157916361491 4.4
    endloop
  endfacet
  facet normal 0.9469301294951028 -0.3214394653031702 0
    outer loop
      vertex -45.19037019600587 -43.04706667107059 2.2
      vertex -45.11678918189475 -42.83030399336109 4.4
      vertex -45.19037019600587 -43.04706667107059 4.4
    endloop
  endfacet
  facet normal 0.8968727415326906 -0.44228869021899664 0
    outer loop
      vertex -45.11678918189475 -42.83030399336109 2.2
      vertex -45.01554445662277 -42.625 4.4
      vertex -45.11678918189475 -42.83030399336109 4.4
    endloop
  endfacet
  facet normal 0.8314696123025366 -0.555570233019615 0
    outer loop
      vertex -45.01554445662277 -42.625 2.2
      vertex -44.88836834550966 -42.43466749923474 4.4
      vertex -45.01554445662277 -42.625 4.4
    endloop
  endfacet
  facet normal 0.7518398074789944 -0.6593458151000495 0
    outer loop
      vertex -44.88836834550966 -42.43466749923474 2.2
      vertex -44.73743686707646 -42.26256313292354 4.4
      vertex -44.88836834550966 -42.43466749923474 4.4
    endloop
  endfacet
  facet normal 0.6593458151000495 0.7518398074789944 0
    outer loop
      vertex -44.56533250076526 -44.88836834550966 2.2
      vertex -44.73743686707646 -44.73743686707646 4.4
      vertex -44.56533250076526 -44.88836834550966 4.4
    endloop
  endfacet
  facet normal 0.555570233019615 0.8314696123025366 0
    outer loop
      vertex -44.375 -45.01554445662277 2.2
      vertex -44.56533250076526 -44.88836834550966 4.4
      vertex -44.375 -45.01554445662277 4.4
    endloop
  endfacet
  facet normal 0.44228869021899664 0.8968727415326906 0
    outer loop
      vertex -44.16969600663891 -45.11678918189475 2.2
      vertex -44.375 -45.01554445662277 4.4
      vertex -44.16969600663891 -45.11678918189475 4.4
    endloop
  endfacet
  facet normal 0.3214394653031702 0.9469301294951028 0
    outer loop
      vertex -43.95293332892941 -45.19037019600587 2.2
      vertex -44.16969600663891 -45.11678918189475 4.4
      vertex -43.95293332892941 -45.19037019600587 4.4
    endloop
  endfacet
  facet normal 0.19509032201610835 0.9807852804032345 0
    outer loop
      vertex -43.72842083638509 -45.23502850740417 2.2
      vertex -43.95293332892941 -45.19037019600587 4.4
      vertex -43.72842083638509 -45.23502850740417 4.4
    endloop
  endfacet
  facet normal 0.06540312923015051 0.997858923238603 0
    outer loop
      vertex -43.5 -45.25 2.2
      vertex -43.72842083638509 -45.23502850740417 4.4
      vertex -43.5 -45.25 4.4
    endloop
  endfacet
  facet normal -0.06540312923015051 0.997858923238603 0
    outer loop
      vertex -43.27157916361491 -45.23502850740417 2.2
      vertex -43.5 -45.25 4.4
      vertex -43.27157916361491 -45.23502850740417 4.4
    endloop
  endfacet
  facet normal -0.19509032201610835 0.9807852804032345 0
    outer loop
      vertex -43.04706667107059 -45.19037019600587 2.2
      vertex -43.27157916361491 -45.23502850740417 4.4
      vertex -43.04706667107059 -45.19037019600587 4.4
    endloop
  endfacet
  facet normal -0.3214394653031702 0.9469301294951028 0
    outer loop
      vertex -42.83030399336109 -45.11678918189475 2.2
      vertex -43.04706667107059 -45.19037019600587 4.4
      vertex -42.83030399336109 -45.11678918189475 4.4
    endloop
  endfacet
  facet normal -0.44228869021899664 0.8968727415326906 0
    outer loop
      vertex -42.625 -45.01554445662277 2.2
      vertex -42.83030399336109 -45.11678918189475 4.4
      vertex -42.625 -45.01554445662277 4.4
    endloop
  endfacet
  facet normal -0.555570233019615 0.8314696123025366 0
    outer loop
      vertex -42.43466749923474 -44.88836834550966 2.2
      vertex -42.625 -45.01554445662277 4.4
      vertex -42.43466749923474 -44.88836834550966 4.4
    endloop
  endfacet
  facet normal -0.6593458151000495 0.7518398074789944 0
    outer loop
      vertex -42.26256313292354 -44.73743686707646 2.2
      vertex -42.43466749923474 -44.88836834550966 4.4
      vertex -42.26256313292354 -44.73743686707646 4.4
    endloop
  endfacet
  facet normal 0.6593458151000495 -0.7518398074789944 0
    outer loop
      vertex -44.73743686707646 -42.26256313292354 2.2
      vertex -44.56533250076526 -42.11163165449034 4.4
      vertex -44.73743686707646 -42.26256313292354 4.4
    endloop
  endfacet
  facet normal 0.555570233019615 -0.8314696123025366 0
    outer loop
      vertex -44.56533250076526 -42.11163165449034 2.2
      vertex -44.375 -41.98445554337723 4.4
      vertex -44.56533250076526 -42.11163165449034 4.4
    endloop
  endfacet
  facet normal 0.44228869021899664 -0.8968727415326906 0
    outer loop
      vertex -44.375 -41.98445554337723 2.2
      vertex -44.16969600663891 -41.88321081810525 4.4
      vertex -44.375 -41.98445554337723 4.4
    endloop
  endfacet
  facet normal 0.3214394653031702 -0.9469301294951028 0
    outer loop
      vertex -44.16969600663891 -41.88321081810525 2.2
      vertex -43.95293332892941 -41.80962980399413 4.4
      vertex -44.16969600663891 -41.88321081810525 4.4
    endloop
  endfacet
  facet normal 0.19509032201610835 -0.9807852804032345 0
    outer loop
      vertex -43.95293332892941 -41.80962980399413 2.2
      vertex -43.72842083638509 -41.76497149259583 4.4
      vertex -43.95293332892941 -41.80962980399413 4.4
    endloop
  endfacet
  facet normal 0.06540312923015051 -0.997858923238603 0
    outer loop
      vertex -43.72842083638509 -41.76497149259583 2.2
      vertex -43.5 -41.75 4.4
      vertex -43.72842083638509 -41.76497149259583 4.4
    endloop
  endfacet
  facet normal -0.06540312923015051 -0.997858923238603 0
    outer loop
      vertex -43.5 -41.75 2.2
      vertex -43.27157916361491 -41.76497149259583 4.4
      vertex -43.5 -41.75 4.4
    endloop
  endfacet
  facet normal -0.7518398074789944 0.6593458151000495 0
    outer loop
      vertex -42.11163165449034 -44.56533250076526 2.2
      vertex -42.26256313292354 -44.73743686707646 4.4
      vertex -42.11163165449034 -44.56533250076526 4.4
    endloop
  endfacet
  facet normal -0.8314696123025366 0.555570233019615 0
    outer loop
      vertex -41.98445554337723 -44.375 2.2
      vertex -42.11163165449034 -44.56533250076526 4.4
      vertex -41.98445554337723 -44.375 4.4
    endloop
  endfacet
  facet normal -0.8968727415326906 0.44228869021899664 0
    outer loop
      vertex -41.88321081810525 -44.16969600663891 2.2
      vertex -41.98445554337723 -44.375 4.4
      vertex -41.88321081810525 -44.16969600663891 4.4
    endloop
  endfacet
  facet normal -0.9469301294951028 0.3214394653031702 0
    outer loop
      vertex -41.80962980399413 -43.95293332892941 2.2
      vertex -41.88321081810525 -44.16969600663891 4.4
      vertex -41.80962980399413 -43.95293332892941 4.4
    endloop
  endfacet
  facet normal -0.9807852804032345 0.19509032201610835 0
    outer loop
      vertex -41.76497149259583 -43.72842083638509 2.2
      vertex -41.80962980399413 -43.95293332892941 4.4
      vertex -41.76497149259583 -43.72842083638509 4.4
    endloop
  endfacet
  facet normal -0.997858923238603 0.06540312923015051 0
    outer loop
      vertex -41.75 -43.5 2.2
      vertex -41.76497149259583 -43.72842083638509 4.4
      vertex -41.75 -43.5 4.4
    endloop
  endfacet
  facet normal -0.997858923238603 -0.06540312923015051 0
    outer loop
      vertex -41.76497149259583 -43.27157916361491 2.2
      vertex -41.75 -43.5 4.4
      vertex -41.76497149259583 -43.27157916361491 4.4
    endloop
  endfacet
  facet normal -0.19509032201610835 -0.9807852804032345 0
    outer loop
      vertex -43.27157916361491 -41.76497149259583 2.2
      vertex -43.04706667107059 -41.80962980399413 4.4
      vertex -43.27157916361491 -41.76497149259583 4.4
    endloop
  endfacet
  facet normal -0.3214394653031702 -0.9469301294951028 0
    outer loop
      vertex -43.04706667107059 -41.80962980399413 2.2
      vertex -42.83030399336109 -41.88321081810525 4.4
      vertex -43.04706667107059 -41.80962980399413 4.4
    endloop
  endfacet
  facet normal -0.44228869021899664 -0.8968727415326906 0
    outer loop
      vertex -42.83030399336109 -41.88321081810525 2.2
      vertex -42.625 -41.98445554337723 4.4
      vertex -42.83030399336109 -41.88321081810525 4.4
    endloop
  endfacet
  facet normal -0.555570233019615 -0.8314696123025366 0
    outer loop
      vertex -42.625 -41.98445554337723 2.2
      vertex -42.43466749923474 -42.11163165449034 4.4
      vertex -42.625 -41.98445554337723 4.4
    endloop
  endfacet
  facet normal -0.9807852804032345 -0.19509032201610835 0
    outer loop
      vertex -41.80962980399413 -43.04706667107059 2.2
      vertex -41.76497149259583 -43.27157916361491 4.4
      vertex -41.80962980399413 -43.04706667107059 4.4
    endloop
  endfacet
  facet normal -0.9469301294951028 -0.3214394653031702 0
    outer loop
      vertex -41.88321081810525 -42.83030399336109 2.2
      vertex -41.80962980399413 -43.04706667107059 4.4
      vertex -41.88321081810525 -42.83030399336109 4.4
    endloop
  endfacet
  facet normal -0.8968727415326906 -0.44228869021899664 0
    outer loop
      vertex -41.98445554337723 -42.625 2.2
      vertex -41.88321081810525 -42.83030399336109 4.4
      vertex -41.98445554337723 -42.625 4.4
    endloop
  endfacet
  facet normal -0.8314696123025366 -0.555570233019615 0
    outer loop
      vertex -42.11163165449034 -42.43466749923474 2.2
      vertex -41.98445554337723 -42.625 4.4
      vertex -42.11163165449034 -42.43466749923474 4.4
    endloop
  endfacet
  facet normal -0.6593458151000495 -0.7518398074789944 0
    outer loop
      vertex -42.43466749923474 -42.11163165449034 2.2
      vertex -42.26256313292354 -42.26256313292354 4.4
      vertex -42.43466749923474 -42.11163165449034 4.4
    endloop
  endfacet
  facet normal -0.7518398074789944 -0.6593458151000495 0
    outer loop
      vertex -42.26256313292354 -42.26256313292354 2.2
      vertex -42.11163165449034 -42.43466749923474 4.4
      vertex -42.26256313292354 -42.26256313292354 4.4
    endloop
  endfacet
  facet normal 0.7518398074789944 0.6593458151000495 0
    outer loop
      vertex -44.88836834550966 42.43466749923474 2.2
      vertex -44.88836834550966 42.43466749923474 4.4
      vertex -44.73743686707646 42.26256313292354 2.2
    endloop
  endfacet
  facet normal 0.8968727415326906 0.44228869021899664 0
    outer loop
      vertex -45.11678918189475 42.83030399336109 2.2
      vertex -45.11678918189475 42.83030399336109 4.4
      vertex -45.01554445662277 42.625 2.2
    endloop
  endfacet
  facet normal 0.9469301294951028 0.3214394653031702 0
    outer loop
      vertex -45.11678918189475 42.83030399336109 2.2
      vertex -45.19037019600587 43.04706667107059 2.2
      vertex -45.19037019600587 43.04706667107059 4.4
    endloop
  endfacet
  facet normal 0.9807852804032345 0.19509032201610835 0
    outer loop
      vertex -45.19037019600587 43.04706667107059 2.2
      vertex -45.23502850740417 43.27157916361491 2.2
      vertex -45.23502850740417 43.27157916361491 4.4
    endloop
  endfacet
  facet normal 0.8314696123025366 0.555570233019615 0
    outer loop
      vertex -44.88836834550966 42.43466749923474 2.2
      vertex -45.01554445662277 42.625 2.2
      vertex -45.01554445662277 42.625 4.4
    endloop
  endfacet
  facet normal 0.997858923238603 0.06540312923015051 0
    outer loop
      vertex -45.25 43.5 2.2
      vertex -45.25 43.5 4.4
      vertex -45.23502850740417 43.27157916361491 2.2
    endloop
  endfacet
  facet normal 0.997858923238603 -0.06540312923015051 0
    outer loop
      vertex -45.25 43.5 2.2
      vertex -45.23502850740417 43.72842083638509 2.2
      vertex -45.23502850740417 43.72842083638509 4.4
    endloop
  endfacet
  facet normal 0.9807852804032345 -0.19509032201610835 0
    outer loop
      vertex -45.23502850740417 43.72842083638509 2.2
      vertex -45.19037019600587 43.95293332892941 2.2
      vertex -45.19037019600587 43.95293332892941 4.4
    endloop
  endfacet
  facet normal 0.9469301294951028 -0.3214394653031702 0
    outer loop
      vertex -45.19037019600587 43.95293332892941 2.2
      vertex -45.11678918189475 44.16969600663891 2.2
      vertex -45.11678918189475 44.16969600663891 4.4
    endloop
  endfacet
  facet normal 0.8968727415326906 -0.44228869021899664 0
    outer loop
      vertex -45.11678918189475 44.16969600663891 2.2
      vertex -45.01554445662277 44.375 2.2
      vertex -45.01554445662277 44.375 4.4
    endloop
  endfacet
  facet normal 0.8314696123025366 -0.555570233019615 0
    outer loop
      vertex -45.01554445662277 44.375 2.2
      vertex -44.88836834550966 44.56533250076526 2.2
      vertex -44.88836834550966 44.56533250076526 4.4
    endloop
  endfacet
  facet normal 0.7518398074789944 -0.6593458151000495 0
    outer loop
      vertex -44.88836834550966 44.56533250076526 2.2
      vertex -44.73743686707646 44.73743686707646 2.2
      vertex -44.73743686707646 44.73743686707646 4.4
    endloop
  endfacet
  facet normal 0.555570233019615 0.8314696123025366 0
    outer loop
      vertex -44.375 41.98445554337723 2.2
      vertex -44.56533250076526 42.11163165449034 2.2
      vertex -44.56533250076526 42.11163165449034 4.4
    endloop
  endfacet
  facet normal 0.6593458151000495 0.7518398074789944 0
    outer loop
      vertex -44.73743686707646 42.26256313292354 2.2
      vertex -44.73743686707646 42.26256313292354 4.4
      vertex -44.56533250076526 42.11163165449034 2.2
    endloop
  endfacet
  facet normal 0.44228869021899664 0.8968727415326906 0
    outer loop
      vertex -44.375 41.98445554337723 2.2
      vertex -44.375 41.98445554337723 4.4
      vertex -44.16969600663891 41.88321081810525 2.2
    endloop
  endfacet
  facet normal 0.3214394653031702 0.9469301294951028 0
    outer loop
      vertex -44.16969600663891 41.88321081810525 2.2
      vertex -44.16969600663891 41.88321081810525 4.4
      vertex -43.95293332892941 41.80962980399413 2.2
    endloop
  endfacet
  facet normal 0.19509032201610835 0.9807852804032345 0
    outer loop
      vertex -43.95293332892941 41.80962980399413 2.2
      vertex -43.95293332892941 41.80962980399413 4.4
      vertex -43.72842083638509 41.76497149259583 2.2
    endloop
  endfacet
  facet normal 0.06540312923015051 0.997858923238603 0
    outer loop
      vertex -43.72842083638509 41.76497149259583 2.2
      vertex -43.72842083638509 41.76497149259583 4.4
      vertex -43.5 41.75 2.2
    endloop
  endfacet
  facet normal -0.06540312923015051 0.997858923238603 0
    outer loop
      vertex -43.5 41.75 2.2
      vertex -43.5 41.75 4.4
      vertex -43.27157916361491 41.76497149259583 2.2
    endloop
  endfacet
  facet normal -0.19509032201610835 0.9807852804032345 0
    outer loop
      vertex -43.27157916361491 41.76497149259583 2.2
      vertex -43.27157916361491 41.76497149259583 4.4
      vertex -43.04706667107059 41.80962980399413 2.2
    endloop
  endfacet
  facet normal -0.3214394653031702 0.9469301294951028 0
    outer loop
      vertex -43.04706667107059 41.80962980399413 2.2
      vertex -43.04706667107059 41.80962980399413 4.4
      vertex -42.83030399336109 41.88321081810525 2.2
    endloop
  endfacet
  facet normal -0.44228869021899664 0.8968727415326906 0
    outer loop
      vertex -42.83030399336109 41.88321081810525 2.2
      vertex -42.83030399336109 41.88321081810525 4.4
      vertex -42.625 41.98445554337723 2.2
    endloop
  endfacet
  facet normal -0.555570233019615 0.8314696123025366 0
    outer loop
      vertex -42.625 41.98445554337723 2.2
      vertex -42.625 41.98445554337723 4.4
      vertex -42.43466749923474 42.11163165449034 2.2
    endloop
  endfacet
  facet normal -0.6593458151000495 0.7518398074789944 0
    outer loop
      vertex -42.43466749923474 42.11163165449034 2.2
      vertex -42.43466749923474 42.11163165449034 4.4
      vertex -42.26256313292354 42.26256313292354 2.2
    endloop
  endfacet
  facet normal -0.7518398074789944 0.6593458151000495 0
    outer loop
      vertex -42.26256313292354 42.26256313292354 2.2
      vertex -42.26256313292354 42.26256313292354 4.4
      vertex -42.11163165449034 42.43466749923474 2.2
    endloop
  endfacet
  facet normal -0.8314696123025366 0.555570233019615 0
    outer loop
      vertex -42.11163165449034 42.43466749923474 2.2
      vertex -42.11163165449034 42.43466749923474 4.4
      vertex -41.98445554337723 42.625 2.2
    endloop
  endfacet
  facet normal -0.8968727415326906 0.44228869021899664 0
    outer loop
      vertex -41.98445554337723 42.625 2.2
      vertex -41.98445554337723 42.625 4.4
      vertex -41.88321081810525 42.83030399336109 2.2
    endloop
  endfacet
  facet normal -0.9469301294951028 0.3214394653031702 0
    outer loop
      vertex -41.88321081810525 42.83030399336109 2.2
      vertex -41.88321081810525 42.83030399336109 4.4
      vertex -41.80962980399413 43.04706667107059 2.2
    endloop
  endfacet
  facet normal -0.9807852804032345 0.19509032201610835 0
    outer loop
      vertex -41.80962980399413 43.04706667107059 2.2
      vertex -41.80962980399413 43.04706667107059 4.4
      vertex -41.76497149259583 43.27157916361491 2.2
    endloop
  endfacet
  facet normal -0.997858923238603 0.06540312923015051 0
    outer loop
      vertex -41.76497149259583 43.27157916361491 2.2
      vertex -41.76497149259583 43.27157916361491 4.4
      vertex -41.75 43.5 2.2
    endloop
  endfacet
  facet normal -0.997858923238603 -0.06540312923015051 0
    outer loop
      vertex -41.75 43.5 2.2
      vertex -41.75 43.5 4.4
      vertex -41.76497149259583 43.72842083638509 2.2
    endloop
  endfacet
  facet normal -0.9807852804032345 -0.19509032201610835 0
    outer loop
      vertex -41.76497149259583 43.72842083638509 2.2
      vertex -41.76497149259583 43.72842083638509 4.4
      vertex -41.80962980399413 43.95293332892941 2.2
    endloop
  endfacet
  facet normal -0.7518398074789944 -0.6593458151000495 0
    outer loop
      vertex -42.11163165449034 44.56533250076526 2.2
      vertex -42.11163165449034 44.56533250076526 4.4
      vertex -42.26256313292354 44.73743686707646 2.2
    endloop
  endfacet
  facet normal -0.8968727415326906 -0.44228869021899664 0
    outer loop
      vertex -41.88321081810525 44.16969600663891 2.2
      vertex -41.88321081810525 44.16969600663891 4.4
      vertex -41.98445554337723 44.375 2.2
    endloop
  endfacet
  facet normal -0.9469301294951028 -0.3214394653031702 0
    outer loop
      vertex -41.80962980399413 43.95293332892941 2.2
      vertex -41.80962980399413 43.95293332892941 4.4
      vertex -41.88321081810525 44.16969600663891 2.2
    endloop
  endfacet
  facet normal -0.8314696123025366 -0.555570233019615 0
    outer loop
      vertex -42.11163165449034 44.56533250076526 2.2
      vertex -41.98445554337723 44.375 2.2
      vertex -41.98445554337723 44.375 4.4
    endloop
  endfacet
  facet normal 0.6593458151000495 -0.7518398074789944 0
    outer loop
      vertex -44.73743686707646 44.73743686707646 2.2
      vertex -44.56533250076526 44.88836834550966 2.2
      vertex -44.56533250076526 44.88836834550966 4.4
    endloop
  endfacet
  facet normal 0.555570233019615 -0.8314696123025366 0
    outer loop
      vertex -44.56533250076526 44.88836834550966 2.2
      vertex -44.375 45.01554445662277 2.2
      vertex -44.375 45.01554445662277 4.4
    endloop
  endfacet
  facet normal 0.44228869021899664 -0.8968727415326906 0
    outer loop
      vertex -44.375 45.01554445662277 2.2
      vertex -44.16969600663891 45.11678918189475 2.2
      vertex -44.16969600663891 45.11678918189475 4.4
    endloop
  endfacet
  facet normal 0.3214394653031702 -0.9469301294951028 0
    outer loop
      vertex -44.16969600663891 45.11678918189475 2.2
      vertex -43.95293332892941 45.19037019600587 2.2
      vertex -43.95293332892941 45.19037019600587 4.4
    endloop
  endfacet
  facet normal 0.19509032201610835 -0.9807852804032345 0
    outer loop
      vertex -43.95293332892941 45.19037019600587 2.2
      vertex -43.72842083638509 45.23502850740417 2.2
      vertex -43.72842083638509 45.23502850740417 4.4
    endloop
  endfacet
  facet normal 0.06540312923015051 -0.997858923238603 0
    outer loop
      vertex -43.72842083638509 45.23502850740417 2.2
      vertex -43.5 45.25 2.2
      vertex -43.5 45.25 4.4
    endloop
  endfacet
  facet normal -0.06540312923015051 -0.997858923238603 0
    outer loop
      vertex -43.5 45.25 2.2
      vertex -43.27157916361491 45.23502850740417 2.2
      vertex -43.27157916361491 45.23502850740417 4.4
    endloop
  endfacet
  facet normal -0.19509032201610835 -0.9807852804032345 0
    outer loop
      vertex -43.27157916361491 45.23502850740417 2.2
      vertex -43.04706667107059 45.19037019600587 2.2
      vertex -43.04706667107059 45.19037019600587 4.4
    endloop
  endfacet
  facet normal -0.3214394653031702 -0.9469301294951028 0
    outer loop
      vertex -43.04706667107059 45.19037019600587 2.2
      vertex -42.83030399336109 45.11678918189475 2.2
      vertex -42.83030399336109 45.11678918189475 4.4
    endloop
  endfacet
  facet normal -0.44228869021899664 -0.8968727415326906 0
    outer loop
      vertex -42.83030399336109 45.11678918189475 2.2
      vertex -42.625 45.01554445662277 2.2
      vertex -42.625 45.01554445662277 4.4
    endloop
  endfacet
  facet normal -0.555570233019615 -0.8314696123025366 0
    outer loop
      vertex -42.625 45.01554445662277 2.2
      vertex -42.43466749923474 44.88836834550966 2.2
      vertex -42.43466749923474 44.88836834550966 4.4
    endloop
  endfacet
  facet normal -0.6593458151000495 -0.7518398074789944 0
    outer loop
      vertex -42.43466749923474 44.88836834550966 2.2
      vertex -42.26256313292354 44.73743686707646 2.2
      vertex -42.26256313292354 44.73743686707646 4.4
    endloop
  endfacet
  facet normal 0.7518398074789944 0.6593458151000495 0
    outer loop
      vertex -44.73743686707646 42.26256313292354 2.2
      vertex -44.88836834550966 42.43466749923474 4.4
      vertex -44.73743686707646 42.26256313292354 4.4
    endloop
  endfacet
  facet normal 0.9469301294951028 0.3214394653031702 0
    outer loop
      vertex -45.11678918189475 42.83030399336109 2.2
      vertex -45.19037019600587 43.04706667107059 4.4
      vertex -45.11678918189475 42.83030399336109 4.4
    endloop
  endfacet
  facet normal 0.9807852804032345 0.19509032201610835 0
    outer loop
      vertex -45.19037019600587 43.04706667107059 2.2
      vertex -45.23502850740417 43.27157916361491 4.4
      vertex -45.19037019600587 43.04706667107059 4.4
    endloop
  endfacet
  facet normal 0.8314696123025366 0.555570233019615 0
    outer loop
      vertex -44.88836834550966 42.43466749923474 2.2
      vertex -45.01554445662277 42.625 4.4
      vertex -44.88836834550966 42.43466749923474 4.4
    endloop
  endfacet
  facet normal 0.8968727415326906 0.44228869021899664 0
    outer loop
      vertex -45.01554445662277 42.625 2.2
      vertex -45.11678918189475 42.83030399336109 4.4
      vertex -45.01554445662277 42.625 4.4
    endloop
  endfacet
  facet normal 0.997858923238603 0.06540312923015051 0
    outer loop
      vertex -45.23502850740417 43.27157916361491 2.2
      vertex -45.25 43.5 4.4
      vertex -45.23502850740417 43.27157916361491 4.4
    endloop
  endfacet
  facet normal 0.997858923238603 -0.06540312923015051 0
    outer loop
      vertex -45.25 43.5 2.2
      vertex -45.23502850740417 43.72842083638509 4.4
      vertex -45.25 43.5 4.4
    endloop
  endfacet
  facet normal 0.9807852804032345 -0.19509032201610835 0
    outer loop
      vertex -45.23502850740417 43.72842083638509 2.2
      vertex -45.19037019600587 43.95293332892941 4.4
      vertex -45.23502850740417 43.72842083638509 4.4
    endloop
  endfacet
  facet normal 0.9469301294951028 -0.3214394653031702 0
    outer loop
      vertex -45.19037019600587 43.95293332892941 2.2
      vertex -45.11678918189475 44.16969600663891 4.4
      vertex -45.19037019600587 43.95293332892941 4.4
    endloop
  endfacet
  facet normal 0.8968727415326906 -0.44228869021899664 0
    outer loop
      vertex -45.11678918189475 44.16969600663891 2.2
      vertex -45.01554445662277 44.375 4.4
      vertex -45.11678918189475 44.16969600663891 4.4
    endloop
  endfacet
  facet normal 0.8314696123025366 -0.555570233019615 0
    outer loop
      vertex -45.01554445662277 44.375 2.2
      vertex -44.88836834550966 44.56533250076526 4.4
      vertex -45.01554445662277 44.375 4.4
    endloop
  endfacet
  facet normal 0.7518398074789944 -0.6593458151000495 0
    outer loop
      vertex -44.88836834550966 44.56533250076526 2.2
      vertex -44.73743686707646 44.73743686707646 4.4
      vertex -44.88836834550966 44.56533250076526 4.4
    endloop
  endfacet
  facet normal 0.555570233019615 0.8314696123025366 0
    outer loop
      vertex -44.375 41.98445554337723 2.2
      vertex -44.56533250076526 42.11163165449034 4.4
      vertex -44.375 41.98445554337723 4.4
    endloop
  endfacet
  facet normal 0.6593458151000495 0.7518398074789944 0
    outer loop
      vertex -44.56533250076526 42.11163165449034 2.2
      vertex -44.73743686707646 42.26256313292354 4.4
      vertex -44.56533250076526 42.11163165449034 4.4
    endloop
  endfacet
  facet normal 0.44228869021899664 0.8968727415326906 0
    outer loop
      vertex -44.16969600663891 41.88321081810525 2.2
      vertex -44.375 41.98445554337723 4.4
      vertex -44.16969600663891 41.88321081810525 4.4
    endloop
  endfacet
  facet normal 0.3214394653031702 0.9469301294951028 0
    outer loop
      vertex -43.95293332892941 41.80962980399413 2.2
      vertex -44.16969600663891 41.88321081810525 4.4
      vertex -43.95293332892941 41.80962980399413 4.4
    endloop
  endfacet
  facet normal 0.19509032201610835 0.9807852804032345 0
    outer loop
      vertex -43.72842083638509 41.76497149259583 2.2
      vertex -43.95293332892941 41.80962980399413 4.4
      vertex -43.72842083638509 41.76497149259583 4.4
    endloop
  endfacet
  facet normal 0.06540312923015051 0.997858923238603 0
    outer loop
      vertex -43.5 41.75 2.2
      vertex -43.72842083638509 41.76497149259583 4.4
      vertex -43.5 41.75 4.4
    endloop
  endfacet
  facet normal -0.06540312923015051 0.997858923238603 0
    outer loop
      vertex -43.27157916361491 41.76497149259583 2.2
      vertex -43.5 41.75 4.4
      vertex -43.27157916361491 41.76497149259583 4.4
    endloop
  endfacet
  facet normal -0.19509032201610835 0.9807852804032345 0
    outer loop
      vertex -43.04706667107059 41.80962980399413 2.2
      vertex -43.27157916361491 41.76497149259583 4.4
      vertex -43.04706667107059 41.80962980399413 4.4
    endloop
  endfacet
  facet normal -0.3214394653031702 0.9469301294951028 0
    outer loop
      vertex -42.83030399336109 41.88321081810525 2.2
      vertex -43.04706667107059 41.80962980399413 4.4
      vertex -42.83030399336109 41.88321081810525 4.4
    endloop
  endfacet
  facet normal -0.44228869021899664 0.8968727415326906 0
    outer loop
      vertex -42.625 41.98445554337723 2.2
      vertex -42.83030399336109 41.88321081810525 4.4
      vertex -42.625 41.98445554337723 4.4
    endloop
  endfacet
  facet normal -0.555570233019615 0.8314696123025366 0
    outer loop
      vertex -42.43466749923474 42.11163165449034 2.2
      vertex -42.625 41.98445554337723 4.4
      vertex -42.43466749923474 42.11163165449034 4.4
    endloop
  endfacet
  facet normal -0.6593458151000495 0.7518398074789944 0
    outer loop
      vertex -42.26256313292354 42.26256313292354 2.2
      vertex -42.43466749923474 42.11163165449034 4.4
      vertex -42.26256313292354 42.26256313292354 4.4
    endloop
  endfacet
  facet normal -0.7518398074789944 0.6593458151000495 0
    outer loop
      vertex -42.11163165449034 42.43466749923474 2.2
      vertex -42.26256313292354 42.26256313292354 4.4
      vertex -42.11163165449034 42.43466749923474 4.4
    endloop
  endfacet
  facet normal -0.8314696123025366 0.555570233019615 0
    outer loop
      vertex -41.98445554337723 42.625 2.2
      vertex -42.11163165449034 42.43466749923474 4.4
      vertex -41.98445554337723 42.625 4.4
    endloop
  endfacet
  facet normal -0.8968727415326906 0.44228869021899664 0
    outer loop
      vertex -41.88321081810525 42.83030399336109 2.2
      vertex -41.98445554337723 42.625 4.4
      vertex -41.88321081810525 42.83030399336109 4.4
    endloop
  endfacet
  facet normal -0.9469301294951028 0.3214394653031702 0
    outer loop
      vertex -41.80962980399413 43.04706667107059 2.2
      vertex -41.88321081810525 42.83030399336109 4.4
      vertex -41.80962980399413 43.04706667107059 4.4
    endloop
  endfacet
  facet normal -0.9807852804032345 0.19509032201610835 0
    outer loop
      vertex -41.76497149259583 43.27157916361491 2.2
      vertex -41.80962980399413 43.04706667107059 4.4
      vertex -41.76497149259583 43.27157916361491 4.4
    endloop
  endfacet
  facet normal -0.997858923238603 0.06540312923015051 0
    outer loop
      vertex -41.75 43.5 2.2
      vertex -41.76497149259583 43.27157916361491 4.4
      vertex -41.75 43.5 4.4
    endloop
  endfacet
  facet normal -0.997858923238603 -0.06540312923015051 0
    outer loop
      vertex -41.76497149259583 43.72842083638509 2.2
      vertex -41.75 43.5 4.4
      vertex -41.76497149259583 43.72842083638509 4.4
    endloop
  endfacet
  facet normal -0.9807852804032345 -0.19509032201610835 0
    outer loop
      vertex -41.80962980399413 43.95293332892941 2.2
      vertex -41.76497149259583 43.72842083638509 4.4
      vertex -41.80962980399413 43.95293332892941 4.4
    endloop
  endfacet
  facet normal -0.7518398074789944 -0.6593458151000495 0
    outer loop
      vertex -42.26256313292354 44.73743686707646 2.2
      vertex -42.11163165449034 44.56533250076526 4.4
      vertex -42.26256313292354 44.73743686707646 4.4
    endloop
  endfacet
  facet normal -0.8968727415326906 -0.44228869021899664 0
    outer loop
      vertex -41.98445554337723 44.375 2.2
      vertex -41.88321081810525 44.16969600663891 4.4
      vertex -41.98445554337723 44.375 4.4
    endloop
  endfacet
  facet normal -0.9469301294951028 -0.3214394653031702 0
    outer loop
      vertex -41.88321081810525 44.16969600663891 2.2
      vertex -41.80962980399413 43.95293332892941 4.4
      vertex -41.88321081810525 44.16969600663891 4.4
    endloop
  endfacet
  facet normal -0.8314696123025366 -0.555570233019615 0
    outer loop
      vertex -42.11163165449034 44.56533250076526 2.2
      vertex -41.98445554337723 44.375 4.4
      vertex -42.11163165449034 44.56533250076526 4.4
    endloop
  endfacet
  facet normal 0.6593458151000495 -0.7518398074789944 0
    outer loop
      vertex -44.73743686707646 44.73743686707646 2.2
      vertex -44.56533250076526 44.88836834550966 4.4
      vertex -44.73743686707646 44.73743686707646 4.4
    endloop
  endfacet
  facet normal 0.555570233019615 -0.8314696123025366 0
    outer loop
      vertex -44.56533250076526 44.88836834550966 2.2
      vertex -44.375 45.01554445662277 4.4
      vertex -44.56533250076526 44.88836834550966 4.4
    endloop
  endfacet
  facet normal 0.44228869021899664 -0.8968727415326906 0
    outer loop
      vertex -44.375 45.01554445662277 2.2
      vertex -44.16969600663891 45.11678918189475 4.4
      vertex -44.375 45.01554445662277 4.4
    endloop
  endfacet
  facet normal 0.3214394653031702 -0.9469301294951028 0
    outer loop
      vertex -44.16969600663891 45.11678918189475 2.2
      vertex -43.95293332892941 45.19037019600587 4.4
      vertex -44.16969600663891 45.11678918189475 4.4
    endloop
  endfacet
  facet normal 0.19509032201610835 -0.9807852804032345 0
    outer loop
      vertex -43.95293332892941 45.19037019600587 2.2
      vertex -43.72842083638509 45.23502850740417 4.4
      vertex -43.95293332892941 45.19037019600587 4.4
    endloop
  endfacet
  facet normal 0.06540312923015051 -0.997858923238603 0
    outer loop
      vertex -43.72842083638509 45.23502850740417 2.2
      vertex -43.5 45.25 4.4
      vertex -43.72842083638509 45.23502850740417 4.4
    endloop
  endfacet
  facet normal -0.06540312923015051 -0.997858923238603 0
    outer loop
      vertex -43.5 45.25 2.2
      vertex -43.27157916361491 45.23502850740417 4.4
      vertex -43.5 45.25 4.4
    endloop
  endfacet
  facet normal -0.19509032201610835 -0.9807852804032345 0
    outer loop
      vertex -43.27157916361491 45.23502850740417 2.2
      vertex -43.04706667107059 45.19037019600587 4.4
      vertex -43.27157916361491 45.23502850740417 4.4
    endloop
  endfacet
  facet normal -0.3214394653031702 -0.9469301294951028 0
    outer loop
      vertex -43.04706667107059 45.19037019600587 2.2
      vertex -42.83030399336109 45.11678918189475 4.4
      vertex -43.04706667107059 45.19037019600587 4.4
    endloop
  endfacet
  facet normal -0.555570233019615 -0.8314696123025366 0
    outer loop
      vertex -42.625 45.01554445662277 2.2
      vertex -42.43466749923474 44.88836834550966 4.4
      vertex -42.625 45.01554445662277 4.4
    endloop
  endfacet
  facet normal -0.44228869021899664 -0.8968727415326906 0
    outer loop
      vertex -42.83030399336109 45.11678918189475 2.2
      vertex -42.625 45.01554445662277 4.4
      vertex -42.83030399336109 45.11678918189475 4.4
    endloop
  endfacet
  facet normal -0.6593458151000495 -0.7518398074789944 0
    outer loop
      vertex -42.43466749923474 44.88836834550966 2.2
      vertex -42.26256313292354 44.73743686707646 4.4
      vertex -42.43466749923474 44.88836834550966 4.4
    endloop
  endfacet
  facet normal 0.6593458151000495 0.7518398074789944 0
    outer loop
      vertex 42.26256313292354 -44.73743686707646 2.2
      vertex 42.26256313292354 -44.73743686707646 4.4
      vertex 42.43466749923474 -44.88836834550966 2.2
    endloop
  endfacet
  facet normal 0.555570233019615 0.8314696123025366 0
    outer loop
      vertex 42.43466749923474 -44.88836834550966 2.2
      vertex 42.43466749923474 -44.88836834550966 4.4
      vertex 42.625 -45.01554445662277 2.2
    endloop
  endfacet
  facet normal 0.44228869021899664 0.8968727415326906 0
    outer loop
      vertex 42.625 -45.01554445662277 2.2
      vertex 42.625 -45.01554445662277 4.4
      vertex 42.83030399336109 -45.11678918189475 2.2
    endloop
  endfacet
  facet normal 0.3214394653031702 0.9469301294951028 0
    outer loop
      vertex 42.83030399336109 -45.11678918189475 2.2
      vertex 42.83030399336109 -45.11678918189475 4.4
      vertex 43.04706667107059 -45.19037019600587 2.2
    endloop
  endfacet
  facet normal 0.19509032201610835 0.9807852804032345 0
    outer loop
      vertex 43.04706667107059 -45.19037019600587 2.2
      vertex 43.04706667107059 -45.19037019600587 4.4
      vertex 43.27157916361491 -45.23502850740417 2.2
    endloop
  endfacet
  facet normal 0.06540312923015051 0.997858923238603 0
    outer loop
      vertex 43.27157916361491 -45.23502850740417 2.2
      vertex 43.27157916361491 -45.23502850740417 4.4
      vertex 43.5 -45.25 2.2
    endloop
  endfacet
  facet normal -0.06540312923015051 0.997858923238603 0
    outer loop
      vertex 43.5 -45.25 2.2
      vertex 43.5 -45.25 4.4
      vertex 43.72842083638509 -45.23502850740417 2.2
    endloop
  endfacet
  facet normal -0.19509032201610835 0.9807852804032345 0
    outer loop
      vertex 43.72842083638509 -45.23502850740417 2.2
      vertex 43.72842083638509 -45.23502850740417 4.4
      vertex 43.95293332892941 -45.19037019600587 2.2
    endloop
  endfacet
  facet normal -0.3214394653031702 0.9469301294951028 0
    outer loop
      vertex 43.95293332892941 -45.19037019600587 2.2
      vertex 43.95293332892941 -45.19037019600587 4.4
      vertex 44.16969600663891 -45.11678918189475 2.2
    endloop
  endfacet
  facet normal -0.44228869021899664 0.8968727415326906 0
    outer loop
      vertex 44.16969600663891 -45.11678918189475 2.2
      vertex 44.16969600663891 -45.11678918189475 4.4
      vertex 44.375 -45.01554445662277 2.2
    endloop
  endfacet
  facet normal -0.555570233019615 0.8314696123025366 0
    outer loop
      vertex 44.375 -45.01554445662277 2.2
      vertex 44.375 -45.01554445662277 4.4
      vertex 44.56533250076526 -44.88836834550966 2.2
    endloop
  endfacet
  facet normal -0.6593458151000495 0.7518398074789944 0
    outer loop
      vertex 44.56533250076526 -44.88836834550966 2.2
      vertex 44.56533250076526 -44.88836834550966 4.4
      vertex 44.73743686707646 -44.73743686707646 2.2
    endloop
  endfacet
  facet normal 0.8314696123025366 0.555570233019615 0
    outer loop
      vertex 41.98445554337723 -44.375 2.2
      vertex 41.98445554337723 -44.375 4.4
      vertex 42.11163165449034 -44.56533250076526 2.2
    endloop
  endfacet
  facet normal 0.9469301294951028 0.3214394653031702 0
    outer loop
      vertex 41.88321081810525 -44.16969600663891 2.2
      vertex 41.80962980399413 -43.95293332892941 2.2
      vertex 41.80962980399413 -43.95293332892941 4.4
    endloop
  endfacet
  facet normal 0.8968727415326906 0.44228869021899664 0
    outer loop
      vertex 41.98445554337723 -44.375 2.2
      vertex 41.88321081810525 -44.16969600663891 2.2
      vertex 41.88321081810525 -44.16969600663891 4.4
    endloop
  endfacet
  facet normal 0.7518398074789944 0.6593458151000495 0
    outer loop
      vertex 42.26256313292354 -44.73743686707646 2.2
      vertex 42.11163165449034 -44.56533250076526 2.2
      vertex 42.11163165449034 -44.56533250076526 4.4
    endloop
  endfacet
  facet normal 0.9807852804032345 0.19509032201610835 0
    outer loop
      vertex 41.80962980399413 -43.95293332892941 2.2
      vertex 41.76497149259583 -43.72842083638509 2.2
      vertex 41.76497149259583 -43.72842083638509 4.4
    endloop
  endfacet
  facet normal 0.997858923238603 0.06540312923015051 0
    outer loop
      vertex 41.76497149259583 -43.72842083638509 2.2
      vertex 41.75 -43.5 2.2
      vertex 41.75 -43.5 4.4
    endloop
  endfacet
  facet normal 0.997858923238603 -0.06540312923015051 0
    outer loop
      vertex 41.75 -43.5 2.2
      vertex 41.76497149259583 -43.27157916361491 2.2
      vertex 41.76497149259583 -43.27157916361491 4.4
    endloop
  endfacet
  facet normal 0.9807852804032345 -0.19509032201610835 0
    outer loop
      vertex 41.76497149259583 -43.27157916361491 2.2
      vertex 41.80962980399413 -43.04706667107059 2.2
      vertex 41.80962980399413 -43.04706667107059 4.4
    endloop
  endfacet
  facet normal 0.9469301294951028 -0.3214394653031702 0
    outer loop
      vertex 41.80962980399413 -43.04706667107059 2.2
      vertex 41.88321081810525 -42.83030399336109 2.2
      vertex 41.88321081810525 -42.83030399336109 4.4
    endloop
  endfacet
  facet normal 0.8968727415326906 -0.44228869021899664 0
    outer loop
      vertex 41.88321081810525 -42.83030399336109 2.2
      vertex 41.98445554337723 -42.625 2.2
      vertex 41.98445554337723 -42.625 4.4
    endloop
  endfacet
  facet normal 0.8314696123025366 -0.555570233019615 0
    outer loop
      vertex 41.98445554337723 -42.625 2.2
      vertex 42.11163165449034 -42.43466749923474 2.2
      vertex 42.11163165449034 -42.43466749923474 4.4
    endloop
  endfacet
  facet normal 0.7518398074789944 -0.6593458151000495 0
    outer loop
      vertex 42.11163165449034 -42.43466749923474 2.2
      vertex 42.26256313292354 -42.26256313292354 2.2
      vertex 42.26256313292354 -42.26256313292354 4.4
    endloop
  endfacet
  facet normal 0.6593458151000495 -0.7518398074789944 0
    outer loop
      vertex 42.26256313292354 -42.26256313292354 2.2
      vertex 42.43466749923474 -42.11163165449034 2.2
      vertex 42.43466749923474 -42.11163165449034 4.4
    endloop
  endfacet
  facet normal 0.555570233019615 -0.8314696123025366 0
    outer loop
      vertex 42.43466749923474 -42.11163165449034 2.2
      vertex 42.625 -41.98445554337723 2.2
      vertex 42.625 -41.98445554337723 4.4
    endloop
  endfacet
  facet normal 0.44228869021899664 -0.8968727415326906 0
    outer loop
      vertex 42.625 -41.98445554337723 2.2
      vertex 42.83030399336109 -41.88321081810525 2.2
      vertex 42.83030399336109 -41.88321081810525 4.4
    endloop
  endfacet
  facet normal 0.3214394653031702 -0.9469301294951028 0
    outer loop
      vertex 42.83030399336109 -41.88321081810525 2.2
      vertex 43.04706667107059 -41.80962980399413 2.2
      vertex 43.04706667107059 -41.80962980399413 4.4
    endloop
  endfacet
  facet normal 0.19509032201610835 -0.9807852804032345 0
    outer loop
      vertex 43.04706667107059 -41.80962980399413 2.2
      vertex 43.27157916361491 -41.76497149259583 2.2
      vertex 43.27157916361491 -41.76497149259583 4.4
    endloop
  endfacet
  facet normal 0.06540312923015051 -0.997858923238603 0
    outer loop
      vertex 43.27157916361491 -41.76497149259583 2.2
      vertex 43.5 -41.75 2.2
      vertex 43.5 -41.75 4.4
    endloop
  endfacet
  facet normal -0.06540312923015051 -0.997858923238603 0
    outer loop
      vertex 43.5 -41.75 2.2
      vertex 43.72842083638509 -41.76497149259583 2.2
      vertex 43.72842083638509 -41.76497149259583 4.4
    endloop
  endfacet
  facet normal -0.19509032201610835 -0.9807852804032345 0
    outer loop
      vertex 43.72842083638509 -41.76497149259583 2.2
      vertex 43.95293332892941 -41.80962980399413 2.2
      vertex 43.95293332892941 -41.80962980399413 4.4
    endloop
  endfacet
  facet normal -0.3214394653031702 -0.9469301294951028 0
    outer loop
      vertex 43.95293332892941 -41.80962980399413 2.2
      vertex 44.16969600663891 -41.88321081810525 2.2
      vertex 44.16969600663891 -41.88321081810525 4.4
    endloop
  endfacet
  facet normal -0.44228869021899664 -0.8968727415326906 0
    outer loop
      vertex 44.16969600663891 -41.88321081810525 2.2
      vertex 44.375 -41.98445554337723 2.2
      vertex 44.375 -41.98445554337723 4.4
    endloop
  endfacet
  facet normal -0.6593458151000495 -0.7518398074789944 0
    outer loop
      vertex 44.56533250076526 -42.11163165449034 2.2
      vertex 44.73743686707646 -42.26256313292354 2.2
      vertex 44.73743686707646 -42.26256313292354 4.4
    endloop
  endfacet
  facet normal -0.555570233019615 -0.8314696123025366 0
    outer loop
      vertex 44.56533250076526 -42.11163165449034 2.2
      vertex 44.56533250076526 -42.11163165449034 4.4
      vertex 44.375 -41.98445554337723 2.2
    endloop
  endfacet
  facet normal -0.7518398074789944 0.6593458151000495 0
    outer loop
      vertex 44.73743686707646 -44.73743686707646 2.2
      vertex 44.73743686707646 -44.73743686707646 4.4
      vertex 44.88836834550966 -44.56533250076526 2.2
    endloop
  endfacet
  facet normal -0.8314696123025366 0.555570233019615 0
    outer loop
      vertex 44.88836834550966 -44.56533250076526 2.2
      vertex 44.88836834550966 -44.56533250076526 4.4
      vertex 45.01554445662277 -44.375 2.2
    endloop
  endfacet
  facet normal -0.8968727415326906 0.44228869021899664 0
    outer loop
      vertex 45.01554445662277 -44.375 2.2
      vertex 45.01554445662277 -44.375 4.4
      vertex 45.11678918189475 -44.16969600663891 2.2
    endloop
  endfacet
  facet normal -0.9469301294951028 0.3214394653031702 0
    outer loop
      vertex 45.11678918189475 -44.16969600663891 2.2
      vertex 45.11678918189475 -44.16969600663891 4.4
      vertex 45.19037019600587 -43.95293332892941 2.2
    endloop
  endfacet
  facet normal -0.9807852804032345 0.19509032201610835 0
    outer loop
      vertex 45.19037019600587 -43.95293332892941 2.2
      vertex 45.19037019600587 -43.95293332892941 4.4
      vertex 45.23502850740417 -43.72842083638509 2.2
    endloop
  endfacet
  facet normal -0.997858923238603 0.06540312923015051 0
    outer loop
      vertex 45.23502850740417 -43.72842083638509 2.2
      vertex 45.23502850740417 -43.72842083638509 4.4
      vertex 45.25 -43.5 2.2
    endloop
  endfacet
  facet normal -0.997858923238603 -0.06540312923015051 0
    outer loop
      vertex 45.23502850740417 -43.27157916361491 2.2
      vertex 45.25 -43.5 2.2
      vertex 45.25 -43.5 4.4
    endloop
  endfacet
  facet normal -0.8314696123025366 -0.555570233019615 0
    outer loop
      vertex 45.01554445662277 -42.625 2.2
      vertex 45.01554445662277 -42.625 4.4
      vertex 44.88836834550966 -42.43466749923474 2.2
    endloop
  endfacet
  facet normal -0.9807852804032345 -0.19509032201610835 0
    outer loop
      vertex 45.23502850740417 -43.27157916361491 2.2
      vertex 45.23502850740417 -43.27157916361491 4.4
      vertex 45.19037019600587 -43.04706667107059 2.2
    endloop
  endfacet
  facet normal -0.9469301294951028 -0.3214394653031702 0
    outer loop
      vertex 45.19037019600587 -43.04706667107059 2.2
      vertex 45.19037019600587 -43.04706667107059 4.4
      vertex 45.11678918189475 -42.83030399336109 2.2
    endloop
  endfacet
  facet normal -0.8968727415326906 -0.44228869021899664 0
    outer loop
      vertex 45.01554445662277 -42.625 2.2
      vertex 45.11678918189475 -42.83030399336109 2.2
      vertex 45.11678918189475 -42.83030399336109 4.4
    endloop
  endfacet
  facet normal -0.7518398074789944 -0.6593458151000495 0
    outer loop
      vertex 44.73743686707646 -42.26256313292354 2.2
      vertex 44.88836834550966 -42.43466749923474 2.2
      vertex 44.88836834550966 -42.43466749923474 4.4
    endloop
  endfacet
  facet normal 0.6593458151000495 0.7518398074789944 0
    outer loop
      vertex 42.43466749923474 -44.88836834550966 2.2
      vertex 42.26256313292354 -44.73743686707646 4.4
      vertex 42.43466749923474 -44.88836834550966 4.4
    endloop
  endfacet
  facet normal 0.44228869021899664 0.8968727415326906 0
    outer loop
      vertex 42.83030399336109 -45.11678918189475 2.2
      vertex 42.625 -45.01554445662277 4.4
      vertex 42.83030399336109 -45.11678918189475 4.4
    endloop
  endfacet
  facet normal 0.555570233019615 0.8314696123025366 0
    outer loop
      vertex 42.625 -45.01554445662277 2.2
      vertex 42.43466749923474 -44.88836834550966 4.4
      vertex 42.625 -45.01554445662277 4.4
    endloop
  endfacet
  facet normal 0.3214394653031702 0.9469301294951028 0
    outer loop
      vertex 43.04706667107059 -45.19037019600587 2.2
      vertex 42.83030399336109 -45.11678918189475 4.4
      vertex 43.04706667107059 -45.19037019600587 4.4
    endloop
  endfacet
  facet normal 0.19509032201610835 0.9807852804032345 0
    outer loop
      vertex 43.27157916361491 -45.23502850740417 2.2
      vertex 43.04706667107059 -45.19037019600587 4.4
      vertex 43.27157916361491 -45.23502850740417 4.4
    endloop
  endfacet
  facet normal 0.06540312923015051 0.997858923238603 0
    outer loop
      vertex 43.5 -45.25 2.2
      vertex 43.27157916361491 -45.23502850740417 4.4
      vertex 43.5 -45.25 4.4
    endloop
  endfacet
  facet normal -0.06540312923015051 0.997858923238603 0
    outer loop
      vertex 43.72842083638509 -45.23502850740417 2.2
      vertex 43.5 -45.25 4.4
      vertex 43.72842083638509 -45.23502850740417 4.4
    endloop
  endfacet
  facet normal -0.19509032201610835 0.9807852804032345 0
    outer loop
      vertex 43.95293332892941 -45.19037019600587 2.2
      vertex 43.72842083638509 -45.23502850740417 4.4
      vertex 43.95293332892941 -45.19037019600587 4.4
    endloop
  endfacet
  facet normal -0.3214394653031702 0.9469301294951028 0
    outer loop
      vertex 44.16969600663891 -45.11678918189475 2.2
      vertex 43.95293332892941 -45.19037019600587 4.4
      vertex 44.16969600663891 -45.11678918189475 4.4
    endloop
  endfacet
  facet normal -0.44228869021899664 0.8968727415326906 0
    outer loop
      vertex 44.375 -45.01554445662277 2.2
      vertex 44.16969600663891 -45.11678918189475 4.4
      vertex 44.375 -45.01554445662277 4.4
    endloop
  endfacet
  facet normal -0.555570233019615 0.8314696123025366 0
    outer loop
      vertex 44.56533250076526 -44.88836834550966 2.2
      vertex 44.375 -45.01554445662277 4.4
      vertex 44.56533250076526 -44.88836834550966 4.4
    endloop
  endfacet
  facet normal -0.6593458151000495 0.7518398074789944 0
    outer loop
      vertex 44.73743686707646 -44.73743686707646 2.2
      vertex 44.56533250076526 -44.88836834550966 4.4
      vertex 44.73743686707646 -44.73743686707646 4.4
    endloop
  endfacet
  facet normal 0.8314696123025366 0.555570233019615 0
    outer loop
      vertex 42.11163165449034 -44.56533250076526 2.2
      vertex 41.98445554337723 -44.375 4.4
      vertex 42.11163165449034 -44.56533250076526 4.4
    endloop
  endfacet
  facet normal 0.9469301294951028 0.3214394653031702 0
    outer loop
      vertex 41.88321081810525 -44.16969600663891 2.2
      vertex 41.80962980399413 -43.95293332892941 4.4
      vertex 41.88321081810525 -44.16969600663891 4.4
    endloop
  endfacet
  facet normal 0.8968727415326906 0.44228869021899664 0
    outer loop
      vertex 41.98445554337723 -44.375 2.2
      vertex 41.88321081810525 -44.16969600663891 4.4
      vertex 41.98445554337723 -44.375 4.4
    endloop
  endfacet
  facet normal 0.7518398074789944 0.6593458151000495 0
    outer loop
      vertex 42.26256313292354 -44.73743686707646 2.2
      vertex 42.11163165449034 -44.56533250076526 4.4
      vertex 42.26256313292354 -44.73743686707646 4.4
    endloop
  endfacet
  facet normal 0.9807852804032345 0.19509032201610835 0
    outer loop
      vertex 41.80962980399413 -43.95293332892941 2.2
      vertex 41.76497149259583 -43.72842083638509 4.4
      vertex 41.80962980399413 -43.95293332892941 4.4
    endloop
  endfacet
  facet normal 0.997858923238603 0.06540312923015051 0
    outer loop
      vertex 41.76497149259583 -43.72842083638509 2.2
      vertex 41.75 -43.5 4.4
      vertex 41.76497149259583 -43.72842083638509 4.4
    endloop
  endfacet
  facet normal 0.997858923238603 -0.06540312923015051 0
    outer loop
      vertex 41.75 -43.5 2.2
      vertex 41.76497149259583 -43.27157916361491 4.4
      vertex 41.75 -43.5 4.4
    endloop
  endfacet
  facet normal 0.9807852804032345 -0.19509032201610835 0
    outer loop
      vertex 41.76497149259583 -43.27157916361491 2.2
      vertex 41.80962980399413 -43.04706667107059 4.4
      vertex 41.76497149259583 -43.27157916361491 4.4
    endloop
  endfacet
  facet normal 0.9469301294951028 -0.3214394653031702 0
    outer loop
      vertex 41.80962980399413 -43.04706667107059 2.2
      vertex 41.88321081810525 -42.83030399336109 4.4
      vertex 41.80962980399413 -43.04706667107059 4.4
    endloop
  endfacet
  facet normal 0.8968727415326906 -0.44228869021899664 0
    outer loop
      vertex 41.88321081810525 -42.83030399336109 2.2
      vertex 41.98445554337723 -42.625 4.4
      vertex 41.88321081810525 -42.83030399336109 4.4
    endloop
  endfacet
  facet normal 0.8314696123025366 -0.555570233019615 0
    outer loop
      vertex 41.98445554337723 -42.625 2.2
      vertex 42.11163165449034 -42.43466749923474 4.4
      vertex 41.98445554337723 -42.625 4.4
    endloop
  endfacet
  facet normal 0.7518398074789944 -0.6593458151000495 0
    outer loop
      vertex 42.11163165449034 -42.43466749923474 2.2
      vertex 42.26256313292354 -42.26256313292354 4.4
      vertex 42.11163165449034 -42.43466749923474 4.4
    endloop
  endfacet
  facet normal 0.6593458151000495 -0.7518398074789944 0
    outer loop
      vertex 42.26256313292354 -42.26256313292354 2.2
      vertex 42.43466749923474 -42.11163165449034 4.4
      vertex 42.26256313292354 -42.26256313292354 4.4
    endloop
  endfacet
  facet normal 0.555570233019615 -0.8314696123025366 0
    outer loop
      vertex 42.43466749923474 -42.11163165449034 2.2
      vertex 42.625 -41.98445554337723 4.4
      vertex 42.43466749923474 -42.11163165449034 4.4
    endloop
  endfacet
  facet normal 0.44228869021899664 -0.8968727415326906 0
    outer loop
      vertex 42.625 -41.98445554337723 2.2
      vertex 42.83030399336109 -41.88321081810525 4.4
      vertex 42.625 -41.98445554337723 4.4
    endloop
  endfacet
  facet normal 0.3214394653031702 -0.9469301294951028 0
    outer loop
      vertex 42.83030399336109 -41.88321081810525 2.2
      vertex 43.04706667107059 -41.80962980399413 4.4
      vertex 42.83030399336109 -41.88321081810525 4.4
    endloop
  endfacet
  facet normal 0.19509032201610835 -0.9807852804032345 0
    outer loop
      vertex 43.04706667107059 -41.80962980399413 2.2
      vertex 43.27157916361491 -41.76497149259583 4.4
      vertex 43.04706667107059 -41.80962980399413 4.4
    endloop
  endfacet
  facet normal 0.06540312923015051 -0.997858923238603 0
    outer loop
      vertex 43.27157916361491 -41.76497149259583 2.2
      vertex 43.5 -41.75 4.4
      vertex 43.27157916361491 -41.76497149259583 4.4
    endloop
  endfacet
  facet normal -0.06540312923015051 -0.997858923238603 0
    outer loop
      vertex 43.5 -41.75 2.2
      vertex 43.72842083638509 -41.76497149259583 4.4
      vertex 43.5 -41.75 4.4
    endloop
  endfacet
  facet normal -0.19509032201610835 -0.9807852804032345 0
    outer loop
      vertex 43.72842083638509 -41.76497149259583 2.2
      vertex 43.95293332892941 -41.80962980399413 4.4
      vertex 43.72842083638509 -41.76497149259583 4.4
    endloop
  endfacet
  facet normal -0.3214394653031702 -0.9469301294951028 0
    outer loop
      vertex 43.95293332892941 -41.80962980399413 2.2
      vertex 44.16969600663891 -41.88321081810525 4.4
      vertex 43.95293332892941 -41.80962980399413 4.4
    endloop
  endfacet
  facet normal -0.44228869021899664 -0.8968727415326906 0
    outer loop
      vertex 44.16969600663891 -41.88321081810525 2.2
      vertex 44.375 -41.98445554337723 4.4
      vertex 44.16969600663891 -41.88321081810525 4.4
    endloop
  endfacet
  facet normal -0.6593458151000495 -0.7518398074789944 0
    outer loop
      vertex 44.56533250076526 -42.11163165449034 2.2
      vertex 44.73743686707646 -42.26256313292354 4.4
      vertex 44.56533250076526 -42.11163165449034 4.4
    endloop
  endfacet
  facet normal -0.555570233019615 -0.8314696123025366 0
    outer loop
      vertex 44.375 -41.98445554337723 2.2
      vertex 44.56533250076526 -42.11163165449034 4.4
      vertex 44.375 -41.98445554337723 4.4
    endloop
  endfacet
  facet normal -0.7518398074789944 0.6593458151000495 0
    outer loop
      vertex 44.88836834550966 -44.56533250076526 2.2
      vertex 44.73743686707646 -44.73743686707646 4.4
      vertex 44.88836834550966 -44.56533250076526 4.4
    endloop
  endfacet
  facet normal -0.8314696123025366 0.555570233019615 0
    outer loop
      vertex 45.01554445662277 -44.375 2.2
      vertex 44.88836834550966 -44.56533250076526 4.4
      vertex 45.01554445662277 -44.375 4.4
    endloop
  endfacet
  facet normal -0.8968727415326906 0.44228869021899664 0
    outer loop
      vertex 45.11678918189475 -44.16969600663891 2.2
      vertex 45.01554445662277 -44.375 4.4
      vertex 45.11678918189475 -44.16969600663891 4.4
    endloop
  endfacet
  facet normal -0.9469301294951028 0.3214394653031702 0
    outer loop
      vertex 45.19037019600587 -43.95293332892941 2.2
      vertex 45.11678918189475 -44.16969600663891 4.4
      vertex 45.19037019600587 -43.95293332892941 4.4
    endloop
  endfacet
  facet normal -0.9807852804032345 0.19509032201610835 0
    outer loop
      vertex 45.23502850740417 -43.72842083638509 2.2
      vertex 45.19037019600587 -43.95293332892941 4.4
      vertex 45.23502850740417 -43.72842083638509 4.4
    endloop
  endfacet
  facet normal -0.997858923238603 0.06540312923015051 0
    outer loop
      vertex 45.25 -43.5 2.2
      vertex 45.23502850740417 -43.72842083638509 4.4
      vertex 45.25 -43.5 4.4
    endloop
  endfacet
  facet normal -0.997858923238603 -0.06540312923015051 0
    outer loop
      vertex 45.23502850740417 -43.27157916361491 2.2
      vertex 45.25 -43.5 4.4
      vertex 45.23502850740417 -43.27157916361491 4.4
    endloop
  endfacet
  facet normal -0.8968727415326906 -0.44228869021899664 0
    outer loop
      vertex 45.01554445662277 -42.625 2.2
      vertex 45.11678918189475 -42.83030399336109 4.4
      vertex 45.01554445662277 -42.625 4.4
    endloop
  endfacet
  facet normal -0.8314696123025366 -0.555570233019615 0
    outer loop
      vertex 44.88836834550966 -42.43466749923474 2.2
      vertex 45.01554445662277 -42.625 4.4
      vertex 44.88836834550966 -42.43466749923474 4.4
    endloop
  endfacet
  facet normal -0.9807852804032345 -0.19509032201610835 0
    outer loop
      vertex 45.19037019600587 -43.04706667107059 2.2
      vertex 45.23502850740417 -43.27157916361491 4.4
      vertex 45.19037019600587 -43.04706667107059 4.4
    endloop
  endfacet
  facet normal -0.9469301294951028 -0.3214394653031702 0
    outer loop
      vertex 45.11678918189475 -42.83030399336109 2.2
      vertex 45.19037019600587 -43.04706667107059 4.4
      vertex 45.11678918189475 -42.83030399336109 4.4
    endloop
  endfacet
  facet normal -0.7518398074789944 -0.6593458151000495 0
    outer loop
      vertex 44.73743686707646 -42.26256313292354 2.2
      vertex 44.88836834550966 -42.43466749923474 4.4
      vertex 44.73743686707646 -42.26256313292354 4.4
    endloop
  endfacet
  facet normal 0.7518398074789944 0.6593458151000495 0
    outer loop
      vertex 42.26256313292354 42.26256313292354 2.2
      vertex 42.11163165449034 42.43466749923474 2.2
      vertex 42.11163165449034 42.43466749923474 4.4
    endloop
  endfacet
  facet normal 0.6593458151000495 0.7518398074789944 0
    outer loop
      vertex 42.26256313292354 42.26256313292354 2.2
      vertex 42.26256313292354 42.26256313292354 4.4
      vertex 42.43466749923474 42.11163165449034 2.2
    endloop
  endfacet
  facet normal 0.8314696123025366 0.555570233019615 0
    outer loop
      vertex 42.11163165449034 42.43466749923474 2.2
      vertex 41.98445554337723 42.625 2.2
      vertex 41.98445554337723 42.625 4.4
    endloop
  endfacet
  facet normal 0.8968727415326906 0.44228869021899664 0
    outer loop
      vertex 41.98445554337723 42.625 2.2
      vertex 41.88321081810525 42.83030399336109 2.2
      vertex 41.88321081810525 42.83030399336109 4.4
    endloop
  endfacet
  facet normal 0.9469301294951028 0.3214394653031702 0
    outer loop
      vertex 41.88321081810525 42.83030399336109 2.2
      vertex 41.80962980399413 43.04706667107059 2.2
      vertex 41.80962980399413 43.04706667107059 4.4
    endloop
  endfacet
  facet normal 0.9807852804032345 0.19509032201610835 0
    outer loop
      vertex 41.80962980399413 43.04706667107059 2.2
      vertex 41.76497149259583 43.27157916361491 2.2
      vertex 41.76497149259583 43.27157916361491 4.4
    endloop
  endfacet
  facet normal 0.555570233019615 0.8314696123025366 0
    outer loop
      vertex 42.43466749923474 42.11163165449034 2.2
      vertex 42.43466749923474 42.11163165449034 4.4
      vertex 42.625 41.98445554337723 2.2
    endloop
  endfacet
  facet normal 0.44228869021899664 0.8968727415326906 0
    outer loop
      vertex 42.625 41.98445554337723 2.2
      vertex 42.625 41.98445554337723 4.4
      vertex 42.83030399336109 41.88321081810525 2.2
    endloop
  endfacet
  facet normal 0.3214394653031702 0.9469301294951028 0
    outer loop
      vertex 42.83030399336109 41.88321081810525 2.2
      vertex 42.83030399336109 41.88321081810525 4.4
      vertex 43.04706667107059 41.80962980399413 2.2
    endloop
  endfacet
  facet normal 0.19509032201610835 0.9807852804032345 0
    outer loop
      vertex 43.04706667107059 41.80962980399413 2.2
      vertex 43.04706667107059 41.80962980399413 4.4
      vertex 43.27157916361491 41.76497149259583 2.2
    endloop
  endfacet
  facet normal 0.997858923238603 0.06540312923015051 0
    outer loop
      vertex 41.76497149259583 43.27157916361491 2.2
      vertex 41.75 43.5 2.2
      vertex 41.75 43.5 4.4
    endloop
  endfacet
  facet normal 0.997858923238603 -0.06540312923015051 0
    outer loop
      vertex 41.75 43.5 2.2
      vertex 41.76497149259583 43.72842083638509 2.2
      vertex 41.76497149259583 43.72842083638509 4.4
    endloop
  endfacet
  facet normal 0.9807852804032345 -0.19509032201610835 0
    outer loop
      vertex 41.76497149259583 43.72842083638509 2.2
      vertex 41.80962980399413 43.95293332892941 2.2
      vertex 41.80962980399413 43.95293332892941 4.4
    endloop
  endfacet
  facet normal 0.9469301294951028 -0.3214394653031702 0
    outer loop
      vertex 41.80962980399413 43.95293332892941 2.2
      vertex 41.88321081810525 44.16969600663891 2.2
      vertex 41.88321081810525 44.16969600663891 4.4
    endloop
  endfacet
  facet normal 0.8968727415326906 -0.44228869021899664 0
    outer loop
      vertex 41.88321081810525 44.16969600663891 2.2
      vertex 41.98445554337723 44.375 2.2
      vertex 41.98445554337723 44.375 4.4
    endloop
  endfacet
  facet normal 0.8314696123025366 -0.555570233019615 0
    outer loop
      vertex 41.98445554337723 44.375 2.2
      vertex 42.11163165449034 44.56533250076526 2.2
      vertex 42.11163165449034 44.56533250076526 4.4
    endloop
  endfacet
  facet normal 0.7518398074789944 -0.6593458151000495 0
    outer loop
      vertex 42.11163165449034 44.56533250076526 2.2
      vertex 42.26256313292354 44.73743686707646 2.2
      vertex 42.26256313292354 44.73743686707646 4.4
    endloop
  endfacet
  facet normal 0.06540312923015051 0.997858923238603 0
    outer loop
      vertex 43.27157916361491 41.76497149259583 2.2
      vertex 43.27157916361491 41.76497149259583 4.4
      vertex 43.5 41.75 2.2
    endloop
  endfacet
  facet normal -0.06540312923015051 0.997858923238603 0
    outer loop
      vertex 43.5 41.75 2.2
      vertex 43.5 41.75 4.4
      vertex 43.72842083638509 41.76497149259583 2.2
    endloop
  endfacet
  facet normal -0.19509032201610835 0.9807852804032345 0
    outer loop
      vertex 43.72842083638509 41.76497149259583 2.2
      vertex 43.72842083638509 41.76497149259583 4.4
      vertex 43.95293332892941 41.80962980399413 2.2
    endloop
  endfacet
  facet normal -0.3214394653031702 0.9469301294951028 0
    outer loop
      vertex 43.95293332892941 41.80962980399413 2.2
      vertex 43.95293332892941 41.80962980399413 4.4
      vertex 44.16969600663891 41.88321081810525 2.2
    endloop
  endfacet
  facet normal -0.44228869021899664 0.8968727415326906 0
    outer loop
      vertex 44.16969600663891 41.88321081810525 2.2
      vertex 44.16969600663891 41.88321081810525 4.4
      vertex 44.375 41.98445554337723 2.2
    endloop
  endfacet
  facet normal -0.555570233019615 0.8314696123025366 0
    outer loop
      vertex 44.375 41.98445554337723 2.2
      vertex 44.375 41.98445554337723 4.4
      vertex 44.56533250076526 42.11163165449034 2.2
    endloop
  endfacet
  facet normal -0.6593458151000495 0.7518398074789944 0
    outer loop
      vertex 44.56533250076526 42.11163165449034 2.2
      vertex 44.56533250076526 42.11163165449034 4.4
      vertex 44.73743686707646 42.26256313292354 2.2
    endloop
  endfacet
  facet normal 0.6593458151000495 -0.7518398074789944 0
    outer loop
      vertex 42.26256313292354 44.73743686707646 2.2
      vertex 42.43466749923474 44.88836834550966 2.2
      vertex 42.43466749923474 44.88836834550966 4.4
    endloop
  endfacet
  facet normal 0.555570233019615 -0.8314696123025366 0
    outer loop
      vertex 42.43466749923474 44.88836834550966 2.2
      vertex 42.625 45.01554445662277 2.2
      vertex 42.625 45.01554445662277 4.4
    endloop
  endfacet
  facet normal 0.44228869021899664 -0.8968727415326906 0
    outer loop
      vertex 42.625 45.01554445662277 2.2
      vertex 42.83030399336109 45.11678918189475 2.2
      vertex 42.83030399336109 45.11678918189475 4.4
    endloop
  endfacet
  facet normal 0.3214394653031702 -0.9469301294951028 0
    outer loop
      vertex 42.83030399336109 45.11678918189475 2.2
      vertex 43.04706667107059 45.19037019600587 2.2
      vertex 43.04706667107059 45.19037019600587 4.4
    endloop
  endfacet
  facet normal 0.19509032201610835 -0.9807852804032345 0
    outer loop
      vertex 43.04706667107059 45.19037019600587 2.2
      vertex 43.27157916361491 45.23502850740417 2.2
      vertex 43.27157916361491 45.23502850740417 4.4
    endloop
  endfacet
  facet normal 0.06540312923015051 -0.997858923238603 0
    outer loop
      vertex 43.27157916361491 45.23502850740417 2.2
      vertex 43.5 45.25 2.2
      vertex 43.5 45.25 4.4
    endloop
  endfacet
  facet normal -0.06540312923015051 -0.997858923238603 0
    outer loop
      vertex 43.5 45.25 2.2
      vertex 43.72842083638509 45.23502850740417 2.2
      vertex 43.72842083638509 45.23502850740417 4.4
    endloop
  endfacet
  facet normal -0.19509032201610835 -0.9807852804032345 0
    outer loop
      vertex 43.72842083638509 45.23502850740417 2.2
      vertex 43.95293332892941 45.19037019600587 2.2
      vertex 43.95293332892941 45.19037019600587 4.4
    endloop
  endfacet
  facet normal -0.44228869021899664 -0.8968727415326906 0
    outer loop
      vertex 44.16969600663891 45.11678918189475 2.2
      vertex 44.375 45.01554445662277 2.2
      vertex 44.375 45.01554445662277 4.4
    endloop
  endfacet
  facet normal -0.3214394653031702 -0.9469301294951028 0
    outer loop
      vertex 43.95293332892941 45.19037019600587 2.2
      vertex 44.16969600663891 45.11678918189475 2.2
      vertex 44.16969600663891 45.11678918189475 4.4
    endloop
  endfacet
  facet normal -0.555570233019615 -0.8314696123025366 0
    outer loop
      vertex 44.375 45.01554445662277 2.2
      vertex 44.56533250076526 44.88836834550966 2.2
      vertex 44.56533250076526 44.88836834550966 4.4
    endloop
  endfacet
  facet normal -0.6593458151000495 -0.7518398074789944 0
    outer loop
      vertex 44.56533250076526 44.88836834550966 2.2
      vertex 44.73743686707646 44.73743686707646 2.2
      vertex 44.73743686707646 44.73743686707646 4.4
    endloop
  endfacet
  facet normal -0.7518398074789944 0.6593458151000495 0
    outer loop
      vertex 44.73743686707646 42.26256313292354 2.2
      vertex 44.73743686707646 42.26256313292354 4.4
      vertex 44.88836834550966 42.43466749923474 2.2
    endloop
  endfacet
  facet normal -0.8314696123025366 0.555570233019615 0
    outer loop
      vertex 44.88836834550966 42.43466749923474 2.2
      vertex 44.88836834550966 42.43466749923474 4.4
      vertex 45.01554445662277 42.625 2.2
    endloop
  endfacet
  facet normal -0.8968727415326906 0.44228869021899664 0
    outer loop
      vertex 45.01554445662277 42.625 2.2
      vertex 45.01554445662277 42.625 4.4
      vertex 45.11678918189475 42.83030399336109 2.2
    endloop
  endfacet
  facet normal -0.9469301294951028 0.3214394653031702 0
    outer loop
      vertex 45.11678918189475 42.83030399336109 2.2
      vertex 45.11678918189475 42.83030399336109 4.4
      vertex 45.19037019600587 43.04706667107059 2.2
    endloop
  endfacet
  facet normal -0.9807852804032345 0.19509032201610835 0
    outer loop
      vertex 45.19037019600587 43.04706667107059 2.2
      vertex 45.19037019600587 43.04706667107059 4.4
      vertex 45.23502850740417 43.27157916361491 2.2
    endloop
  endfacet
  facet normal -0.997858923238603 0.06540312923015051 0
    outer loop
      vertex 45.23502850740417 43.27157916361491 2.2
      vertex 45.23502850740417 43.27157916361491 4.4
      vertex 45.25 43.5 2.2
    endloop
  endfacet
  facet normal -0.997858923238603 -0.06540312923015051 0
    outer loop
      vertex 45.25 43.5 2.2
      vertex 45.25 43.5 4.4
      vertex 45.23502850740417 43.72842083638509 2.2
    endloop
  endfacet
  facet normal -0.9807852804032345 -0.19509032201610835 0
    outer loop
      vertex 45.23502850740417 43.72842083638509 2.2
      vertex 45.23502850740417 43.72842083638509 4.4
      vertex 45.19037019600587 43.95293332892941 2.2
    endloop
  endfacet
  facet normal -0.7518398074789944 -0.6593458151000495 0
    outer loop
      vertex 44.88836834550966 44.56533250076526 2.2
      vertex 44.88836834550966 44.56533250076526 4.4
      vertex 44.73743686707646 44.73743686707646 2.2
    endloop
  endfacet
  facet normal -0.8314696123025366 -0.555570233019615 0
    outer loop
      vertex 45.01554445662277 44.375 2.2
      vertex 45.01554445662277 44.375 4.4
      vertex 44.88836834550966 44.56533250076526 2.2
    endloop
  endfacet
  facet normal -0.9469301294951028 -0.3214394653031702 0
    outer loop
      vertex 45.19037019600587 43.95293332892941 2.2
      vertex 45.19037019600587 43.95293332892941 4.4
      vertex 45.11678918189475 44.16969600663891 2.2
    endloop
  endfacet
  facet normal -0.8968727415326906 -0.44228869021899664 0
    outer loop
      vertex 45.01554445662277 44.375 2.2
      vertex 45.11678918189475 44.16969600663891 2.2
      vertex 45.11678918189475 44.16969600663891 4.4
    endloop
  endfacet
  facet normal 0.7518398074789944 0.6593458151000495 0
    outer loop
      vertex 42.26256313292354 42.26256313292354 2.2
      vertex 42.11163165449034 42.43466749923474 4.4
      vertex 42.26256313292354 42.26256313292354 4.4
    endloop
  endfacet
  facet normal 0.6593458151000495 0.7518398074789944 0
    outer loop
      vertex 42.43466749923474 42.11163165449034 2.2
      vertex 42.26256313292354 42.26256313292354 4.4
      vertex 42.43466749923474 42.11163165449034 4.4
    endloop
  endfacet
  facet normal 0.8314696123025366 0.555570233019615 0
    outer loop
      vertex 42.11163165449034 42.43466749923474 2.2
      vertex 41.98445554337723 42.625 4.4
      vertex 42.11163165449034 42.43466749923474 4.4
    endloop
  endfacet
  facet normal 0.8968727415326906 0.44228869021899664 0
    outer loop
      vertex 41.98445554337723 42.625 2.2
      vertex 41.88321081810525 42.83030399336109 4.4
      vertex 41.98445554337723 42.625 4.4
    endloop
  endfacet
  facet normal 0.9469301294951028 0.3214394653031702 0
    outer loop
      vertex 41.88321081810525 42.83030399336109 2.2
      vertex 41.80962980399413 43.04706667107059 4.4
      vertex 41.88321081810525 42.83030399336109 4.4
    endloop
  endfacet
  facet normal 0.9807852804032345 0.19509032201610835 0
    outer loop
      vertex 41.80962980399413 43.04706667107059 2.2
      vertex 41.76497149259583 43.27157916361491 4.4
      vertex 41.80962980399413 43.04706667107059 4.4
    endloop
  endfacet
  facet normal 0.555570233019615 0.8314696123025366 0
    outer loop
      vertex 42.625 41.98445554337723 2.2
      vertex 42.43466749923474 42.11163165449034 4.4
      vertex 42.625 41.98445554337723 4.4
    endloop
  endfacet
  facet normal 0.44228869021899664 0.8968727415326906 0
    outer loop
      vertex 42.83030399336109 41.88321081810525 2.2
      vertex 42.625 41.98445554337723 4.4
      vertex 42.83030399336109 41.88321081810525 4.4
    endloop
  endfacet
  facet normal 0.3214394653031702 0.9469301294951028 0
    outer loop
      vertex 43.04706667107059 41.80962980399413 2.2
      vertex 42.83030399336109 41.88321081810525 4.4
      vertex 43.04706667107059 41.80962980399413 4.4
    endloop
  endfacet
  facet normal 0.19509032201610835 0.9807852804032345 0
    outer loop
      vertex 43.27157916361491 41.76497149259583 2.2
      vertex 43.04706667107059 41.80962980399413 4.4
      vertex 43.27157916361491 41.76497149259583 4.4
    endloop
  endfacet
  facet normal 0.997858923238603 0.06540312923015051 0
    outer loop
      vertex 41.76497149259583 43.27157916361491 2.2
      vertex 41.75 43.5 4.4
      vertex 41.76497149259583 43.27157916361491 4.4
    endloop
  endfacet
  facet normal 0.997858923238603 -0.06540312923015051 0
    outer loop
      vertex 41.75 43.5 2.2
      vertex 41.76497149259583 43.72842083638509 4.4
      vertex 41.75 43.5 4.4
    endloop
  endfacet
  facet normal 0.9807852804032345 -0.19509032201610835 0
    outer loop
      vertex 41.76497149259583 43.72842083638509 2.2
      vertex 41.80962980399413 43.95293332892941 4.4
      vertex 41.76497149259583 43.72842083638509 4.4
    endloop
  endfacet
  facet normal 0.9469301294951028 -0.3214394653031702 0
    outer loop
      vertex 41.80962980399413 43.95293332892941 2.2
      vertex 41.88321081810525 44.16969600663891 4.4
      vertex 41.80962980399413 43.95293332892941 4.4
    endloop
  endfacet
  facet normal 0.8968727415326906 -0.44228869021899664 0
    outer loop
      vertex 41.88321081810525 44.16969600663891 2.2
      vertex 41.98445554337723 44.375 4.4
      vertex 41.88321081810525 44.16969600663891 4.4
    endloop
  endfacet
  facet normal 0.8314696123025366 -0.555570233019615 0
    outer loop
      vertex 41.98445554337723 44.375 2.2
      vertex 42.11163165449034 44.56533250076526 4.4
      vertex 41.98445554337723 44.375 4.4
    endloop
  endfacet
  facet normal 0.7518398074789944 -0.6593458151000495 0
    outer loop
      vertex 42.11163165449034 44.56533250076526 2.2
      vertex 42.26256313292354 44.73743686707646 4.4
      vertex 42.11163165449034 44.56533250076526 4.4
    endloop
  endfacet
  facet normal 0.06540312923015051 0.997858923238603 0
    outer loop
      vertex 43.5 41.75 2.2
      vertex 43.27157916361491 41.76497149259583 4.4
      vertex 43.5 41.75 4.4
    endloop
  endfacet
  facet normal -0.06540312923015051 0.997858923238603 0
    outer loop
      vertex 43.72842083638509 41.76497149259583 2.2
      vertex 43.5 41.75 4.4
      vertex 43.72842083638509 41.76497149259583 4.4
    endloop
  endfacet
  facet normal -0.19509032201610835 0.9807852804032345 0
    outer loop
      vertex 43.95293332892941 41.80962980399413 2.2
      vertex 43.72842083638509 41.76497149259583 4.4
      vertex 43.95293332892941 41.80962980399413 4.4
    endloop
  endfacet
  facet normal -0.3214394653031702 0.9469301294951028 0
    outer loop
      vertex 44.16969600663891 41.88321081810525 2.2
      vertex 43.95293332892941 41.80962980399413 4.4
      vertex 44.16969600663891 41.88321081810525 4.4
    endloop
  endfacet
  facet normal -0.44228869021899664 0.8968727415326906 0
    outer loop
      vertex 44.375 41.98445554337723 2.2
      vertex 44.16969600663891 41.88321081810525 4.4
      vertex 44.375 41.98445554337723 4.4
    endloop
  endfacet
  facet normal -0.555570233019615 0.8314696123025366 0
    outer loop
      vertex 44.56533250076526 42.11163165449034 2.2
      vertex 44.375 41.98445554337723 4.4
      vertex 44.56533250076526 42.11163165449034 4.4
    endloop
  endfacet
  facet normal -0.6593458151000495 0.7518398074789944 0
    outer loop
      vertex 44.73743686707646 42.26256313292354 2.2
      vertex 44.56533250076526 42.11163165449034 4.4
      vertex 44.73743686707646 42.26256313292354 4.4
    endloop
  endfacet
  facet normal 0.6593458151000495 -0.7518398074789944 0
    outer loop
      vertex 42.26256313292354 44.73743686707646 2.2
      vertex 42.43466749923474 44.88836834550966 4.4
      vertex 42.26256313292354 44.73743686707646 4.4
    endloop
  endfacet
  facet normal 0.555570233019615 -0.8314696123025366 0
    outer loop
      vertex 42.43466749923474 44.88836834550966 2.2
      vertex 42.625 45.01554445662277 4.4
      vertex 42.43466749923474 44.88836834550966 4.4
    endloop
  endfacet
  facet normal 0.44228869021899664 -0.8968727415326906 0
    outer loop
      vertex 42.625 45.01554445662277 2.2
      vertex 42.83030399336109 45.11678918189475 4.4
      vertex 42.625 45.01554445662277 4.4
    endloop
  endfacet
  facet normal 0.3214394653031702 -0.9469301294951028 0
    outer loop
      vertex 42.83030399336109 45.11678918189475 2.2
      vertex 43.04706667107059 45.19037019600587 4.4
      vertex 42.83030399336109 45.11678918189475 4.4
    endloop
  endfacet
  facet normal 0.19509032201610835 -0.9807852804032345 0
    outer loop
      vertex 43.04706667107059 45.19037019600587 2.2
      vertex 43.27157916361491 45.23502850740417 4.4
      vertex 43.04706667107059 45.19037019600587 4.4
    endloop
  endfacet
  facet normal 0.06540312923015051 -0.997858923238603 0
    outer loop
      vertex 43.27157916361491 45.23502850740417 2.2
      vertex 43.5 45.25 4.4
      vertex 43.27157916361491 45.23502850740417 4.4
    endloop
  endfacet
  facet normal -0.06540312923015051 -0.997858923238603 0
    outer loop
      vertex 43.5 45.25 2.2
      vertex 43.72842083638509 45.23502850740417 4.4
      vertex 43.5 45.25 4.4
    endloop
  endfacet
  facet normal -0.19509032201610835 -0.9807852804032345 0
    outer loop
      vertex 43.72842083638509 45.23502850740417 2.2
      vertex 43.95293332892941 45.19037019600587 4.4
      vertex 43.72842083638509 45.23502850740417 4.4
    endloop
  endfacet
  facet normal -0.3214394653031702 -0.9469301294951028 0
    outer loop
      vertex 43.95293332892941 45.19037019600587 2.2
      vertex 44.16969600663891 45.11678918189475 4.4
      vertex 43.95293332892941 45.19037019600587 4.4
    endloop
  endfacet
  facet normal -0.44228869021899664 -0.8968727415326906 0
    outer loop
      vertex 44.16969600663891 45.11678918189475 2.2
      vertex 44.375 45.01554445662277 4.4
      vertex 44.16969600663891 45.11678918189475 4.4
    endloop
  endfacet
  facet normal -0.555570233019615 -0.8314696123025366 0
    outer loop
      vertex 44.375 45.01554445662277 2.2
      vertex 44.56533250076526 44.88836834550966 4.4
      vertex 44.375 45.01554445662277 4.4
    endloop
  endfacet
  facet normal -0.6593458151000495 -0.7518398074789944 0
    outer loop
      vertex 44.56533250076526 44.88836834550966 2.2
      vertex 44.73743686707646 44.73743686707646 4.4
      vertex 44.56533250076526 44.88836834550966 4.4
    endloop
  endfacet
  facet normal -0.7518398074789944 0.6593458151000495 0
    outer loop
      vertex 44.88836834550966 42.43466749923474 2.2
      vertex 44.73743686707646 42.26256313292354 4.4
      vertex 44.88836834550966 42.43466749923474 4.4
    endloop
  endfacet
  facet normal -0.8314696123025366 0.555570233019615 0
    outer loop
      vertex 45.01554445662277 42.625 2.2
      vertex 44.88836834550966 42.43466749923474 4.4
      vertex 45.01554445662277 42.625 4.4
    endloop
  endfacet
  facet normal -0.8968727415326906 0.44228869021899664 0
    outer loop
      vertex 45.11678918189475 42.83030399336109 2.2
      vertex 45.01554445662277 42.625 4.4
      vertex 45.11678918189475 42.83030399336109 4.4
    endloop
  endfacet
  facet normal -0.9469301294951028 0.3214394653031702 0
    outer loop
      vertex 45.19037019600587 43.04706667107059 2.2
      vertex 45.11678918189475 42.83030399336109 4.4
      vertex 45.19037019600587 43.04706667107059 4.4
    endloop
  endfacet
  facet normal -0.9807852804032345 0.19509032201610835 0
    outer loop
      vertex 45.23502850740417 43.27157916361491 2.2
      vertex 45.19037019600587 43.04706667107059 4.4
      vertex 45.23502850740417 43.27157916361491 4.4
    endloop
  endfacet
  facet normal -0.997858923238603 0.06540312923015051 0
    outer loop
      vertex 45.25 43.5 2.2
      vertex 45.23502850740417 43.27157916361491 4.4
      vertex 45.25 43.5 4.4
    endloop
  endfacet
  facet normal -0.997858923238603 -0.06540312923015051 0
    outer loop
      vertex 45.23502850740417 43.72842083638509 2.2
      vertex 45.25 43.5 4.4
      vertex 45.23502850740417 43.72842083638509 4.4
    endloop
  endfacet
  facet normal -0.9807852804032345 -0.19509032201610835 0
    outer loop
      vertex 45.19037019600587 43.95293332892941 2.2
      vertex 45.23502850740417 43.72842083638509 4.4
      vertex 45.19037019600587 43.95293332892941 4.4
    endloop
  endfacet
  facet normal -0.8968727415326906 -0.44228869021899664 0
    outer loop
      vertex 45.01554445662277 44.375 2.2
      vertex 45.11678918189475 44.16969600663891 4.4
      vertex 45.01554445662277 44.375 4.4
    endloop
  endfacet
  facet normal -0.7518398074789944 -0.6593458151000495 0
    outer loop
      vertex 44.73743686707646 44.73743686707646 2.2
      vertex 44.88836834550966 44.56533250076526 4.4
      vertex 44.73743686707646 44.73743686707646 4.4
    endloop
  endfacet
  facet normal -0.8314696123025366 -0.555570233019615 0
    outer loop
      vertex 44.88836834550966 44.56533250076526 2.2
      vertex 45.01554445662277 44.375 4.4
      vertex 44.88836834550966 44.56533250076526 4.4
    endloop
  endfacet
  facet normal -0.9469301294951028 -0.3214394653031702 0
    outer loop
      vertex 45.11678918189475 44.16969600663891 2.2
      vertex 45.19037019600587 43.95293332892941 4.4
      vertex 45.11678918189475 44.16969600663891 4.4
    endloop
  endfacet
  facet normal 0 0 -1
    outer loop
      vertex -47.3545775860548 -45.996932566165924 0
      vertex -47.403574131429195 -45.750610291957855 0
      vertex -19.6 -19.4 0
    endloop
  endfacet
  facet normal 0 0 -1
    outer loop
      vertex -47.403574131429195 -45.750610291957855 0
      vertex -47.42000000178814 -45.5 0
      vertex -19.6 -19.4 0
    endloop
  endfacet
  facet normal -0.7518398045394609 -0.6593458184519452 0
    outer loop
      vertex -47.02323841303587 -46.668821945786476 0
      vertex -46.85764501988888 -46.85764501988888 0
      vertex -47.02323841303587 -46.668821945786476 2.2
    endloop
  endfacet
  facet normal -0.8314696159943533 -0.5555702274944208 0
    outer loop
      vertex -47.02323841303587 -46.668821945786476 0
      vertex -47.16276877373457 -46.46000000089407 2.2
      vertex -47.16276877373457 -46.46000000089407 0
    endloop
  endfacet
  facet normal -0.8968727334480532 -0.44228870661301933 0
    outer loop
      vertex -47.16276877373457 -46.46000000089407 0
      vertex -47.273848704993725 -46.2347521930933 2.2
      vertex -47.273848704993725 -46.2347521930933 0
    endloop
  endfacet
  facet normal -0.5555702274944208 -0.8314696159943533 0
    outer loop
      vertex -46.668821945786476 -47.02323841303587 0
      vertex -46.46000000089407 -47.16276877373457 0
      vertex -46.668821945786476 -47.02323841303587 2.2
    endloop
  endfacet
  facet normal -0.44228870661301933 -0.8968727334480532 0
    outer loop
      vertex -46.46000000089407 -47.16276877373457 0
      vertex -46.2347521930933 -47.273848704993725 0
      vertex -46.46000000089407 -47.16276877373457 2.2
    endloop
  endfacet
  facet normal -0.6593458184519452 -0.7518398045394609 0
    outer loop
      vertex -46.668821945786476 -47.02323841303587 0
      vertex -46.85764501988888 -46.85764501988888 2.2
      vertex -46.85764501988888 -46.85764501988888 0
    endloop
  endfacet
  facet normal -0.9469301345134817 -0.32143945051950196 0
    outer loop
      vertex -47.273848704993725 -46.2347521930933 0
      vertex -47.3545775860548 -45.996932566165924 2.2
      vertex -47.3545775860548 -45.996932566165924 0
    endloop
  endfacet
  facet normal -0.980785281413982 -0.19509031693473738 0
    outer loop
      vertex -47.3545775860548 -45.996932566165924 0
      vertex -47.403574131429195 -45.750610291957855 2.2
      vertex -47.403574131429195 -45.750610291957855 0
    endloop
  endfacet
  facet normal -0.997858922197377 -0.06540314511618718 0
    outer loop
      vertex -47.403574131429195 -45.750610291957855 0
      vertex -47.42000000178814 -45.5 2.2
      vertex -47.42000000178814 -45.5 0
    endloop
  endfacet
  facet normal -0.32143945051950196 -0.9469301345134817 0
    outer loop
      vertex -46.2347521930933 -47.273848704993725 0
      vertex -45.996932566165924 -47.3545775860548 0
      vertex -46.2347521930933 -47.273848704993725 2.2
    endloop
  endfacet
  facet normal -0.19509031693473738 -0.980785281413982 0
    outer loop
      vertex -45.996932566165924 -47.3545775860548 0
      vertex -45.750610291957855 -47.403574131429195 0
      vertex -45.996932566165924 -47.3545775860548 2.2
    endloop
  endfacet
  facet normal -0.06540314511618718 -0.997858922197377 0
    outer loop
      vertex -45.750610291957855 -47.403574131429195 0
      vertex -45.5 -47.42000000178814 0
      vertex -45.750610291957855 -47.403574131429195 2.2
    endloop
  endfacet
  facet normal 0 0 -1
    outer loop
      vertex -47.42000000178814 -45.5 0
      vertex -27.8 -20.7856406460551 0
      vertex -27.612293491784143 -20.878207252018058 0
    endloop
  endfacet
  facet normal 0 0 -1
    outer loop
      vertex -47.42000000178814 -45.5 0
      vertex -28.3856406460551 -20.2 0
      vertex -28.269365344465974 -20.37401828641395 0
    endloop
  endfacet
  facet normal 0 0 -1
    outer loop
      vertex -47.42000000178814 -45.5 0
      vertex -28.586311778198098 -19.60884190755208 0
      vertex -28.54548132206251 -19.81411047216403 0
    endloop
  endfacet
  facet normal 0 0 -1
    outer loop
      vertex -47.42000000178814 -45.5 0
      vertex -28.47820725201806 -20.012293491784142 0
      vertex -28.3856406460551 -20.2 0
    endloop
  endfacet
  facet normal 0 0 -1
    outer loop
      vertex -47.42000000178814 -45.5 0
      vertex -28.54548132206251 -19.81411047216403 0
      vertex -28.47820725201806 -20.012293491784142 0
    endloop
  endfacet
  facet normal 0 0 -1
    outer loop
      vertex -47.42000000178814 -45.5 0
      vertex -28.131370849898477 -20.531370849898476 0
      vertex -27.97401828641395 -20.669365344465973 0
    endloop
  endfacet
  facet normal 0 0 -1
    outer loop
      vertex -47.42000000178814 -45.5 0
      vertex -28.269365344465974 -20.37401828641395 0
      vertex -28.131370849898477 -20.531370849898476 0
    endloop
  endfacet
  facet normal 0 0 -1
    outer loop
      vertex -47.42000000178814 -45.5 0
      vertex -27.97401828641395 -20.669365344465973 0
      vertex -27.8 -20.7856406460551 0
    endloop
  endfacet
  facet normal 0 0 -1
    outer loop
      vertex -47.42000000178814 -45.5 0
      vertex -28.6 -19.4 0
      vertex -28.586311778198098 -19.60884190755208 0
    endloop
  endfacet
  facet normal 0 0 -1
    outer loop
      vertex -47.42000000178814 -45.5 0
      vertex -27.612293491784143 -20.878207252018058 0
      vertex -27.414110472164033 -20.94548132206251 0
    endloop
  endfacet
  facet normal 0 0 -1
    outer loop
      vertex -47.42000000178814 -45.5 0
      vertex -27.414110472164033 -20.94548132206251 0
      vertex -27.20884190755208 -20.986311778198097 0
    endloop
  endfacet
  facet normal 0 0 -1
    outer loop
      vertex -47.42000000178814 -45.5 0
      vertex -27.20884190755208 -20.986311778198097 0
      vertex -27 -21 0
    endloop
  endfacet
  facet normal 0 0 -1
    outer loop
      vertex -47.42000000178814 -45.5 0
      vertex -27 -21 0
      vertex -26.79115809244792 -20.986311778198097 0
    endloop
  endfacet
  facet normal 0 0 -1
    outer loop
      vertex -47.42000000178814 -45.5 0
      vertex -26.79115809244792 -20.986311778198097 0
      vertex -26.585889527835967 -20.94548132206251 0
    endloop
  endfacet
  facet normal 0 0 -1
    outer loop
      vertex -47.42000000178814 -45.5 0
      vertex -26.585889527835967 -20.94548132206251 0
      vertex -26.387706508215857 -20.878207252018058 0
    endloop
  endfacet
  facet normal 0 0 -1
    outer loop
      vertex -47.42000000178814 -45.5 0
      vertex -26.387706508215857 -20.878207252018058 0
      vertex -19.6 -19.4 0
    endloop
  endfacet
  facet normal 0 0 -1
    outer loop
      vertex -47.3545775860548 -45.996932566165924 0
      vertex -19.131370849898477 -20.531370849898476 0
      vertex -18.97401828641395 -20.669365344465973 0
    endloop
  endfacet
  facet normal 0 0 -1
    outer loop
      vertex -47.3545775860548 -45.996932566165924 0
      vertex -18.97401828641395 -20.669365344465973 0
      vertex -18.8 -20.7856406460551 0
    endloop
  endfacet
  facet normal 0 0 -1
    outer loop
      vertex -47.3545775860548 -45.996932566165924 0
      vertex -19.47820725201806 -20.012293491784142 0
      vertex -19.3856406460551 -20.2 0
    endloop
  endfacet
  facet normal 0 0 -1
    outer loop
      vertex -47.3545775860548 -45.996932566165924 0
      vertex -19.54548132206251 -19.81411047216403 0
      vertex -19.47820725201806 -20.012293491784142 0
    endloop
  endfacet
  facet normal 0 0 -1
    outer loop
      vertex -47.3545775860548 -45.996932566165924 0
      vertex -19.586311778198098 -19.60884190755208 0
      vertex -19.54548132206251 -19.81411047216403 0
    endloop
  endfacet
  facet normal 0 0 -1
    outer loop
      vertex -47.3545775860548 -45.996932566165924 0
      vertex -19.6 -19.4 0
      vertex -19.586311778198098 -19.60884190755208 0
    endloop
  endfacet
  facet normal 0 0 -1
    outer loop
      vertex -47.3545775860548 -45.996932566165924 0
      vertex -19.269365344465974 -20.37401828641395 0
      vertex -19.131370849898477 -20.531370849898476 0
    endloop
  endfacet
  facet normal 0 0 -1
    outer loop
      vertex -47.3545775860548 -45.996932566165924 0
      vertex -19.3856406460551 -20.2 0
      vertex -19.269365344465974 -20.37401828641395 0
    endloop
  endfacet
  facet normal 0 0 -1
    outer loop
      vertex -47.3545775860548 -45.996932566165924 0
      vertex -18.612293491784143 -20.878207252018058 0
      vertex -18.414110472164033 -20.94548132206251 0
    endloop
  endfacet
  facet normal 0 0 -1
    outer loop
      vertex -47.3545775860548 -45.996932566165924 0
      vertex -18.8 -20.7856406460551 0
      vertex -18.612293491784143 -20.878207252018058 0
    endloop
  endfacet
  facet normal 0 0 -1
    outer loop
      vertex -47.3545775860548 -45.996932566165924 0
      vertex -18.414110472164033 -20.94548132206251 0
      vertex -18.20884190755208 -20.986311778198097 0
    endloop
  endfacet
  facet normal 0 0 -1
    outer loop
      vertex -47.3545775860548 -45.996932566165924 0
      vertex -18.20884190755208 -20.986311778198097 0
      vertex -18 -21 0
    endloop
  endfacet
  facet normal 0 0 -1
    outer loop
      vertex -47.3545775860548 -45.996932566165924 0
      vertex -18 -21 0
      vertex -17.79115809244792 -20.986311778198097 0
    endloop
  endfacet
  facet normal -0.8314696159943533 -0.5555702274944208 0
    outer loop
      vertex -47.02323841303587 -46.668821945786476 0
      vertex -47.02323841303587 -46.668821945786476 2.2
      vertex -47.16276877373457 -46.46000000089407 2.2
    endloop
  endfacet
  facet normal -0.8968727334480532 -0.44228870661301933 0
    outer loop
      vertex -47.16276877373457 -46.46000000089407 0
      vertex -47.16276877373457 -46.46000000089407 2.2
      vertex -47.273848704993725 -46.2347521930933 2.2
    endloop
  endfacet
  facet normal -0.6593458184519452 -0.7518398045394609 0
    outer loop
      vertex -46.668821945786476 -47.02323841303587 0
      vertex -46.668821945786476 -47.02323841303587 2.2
      vertex -46.85764501988888 -46.85764501988888 2.2
    endloop
  endfacet
  facet normal -0.5555702274944208 -0.8314696159943533 0
    outer loop
      vertex -46.46000000089407 -47.16276877373457 0
      vertex -46.46000000089407 -47.16276877373457 2.2
      vertex -46.668821945786476 -47.02323841303587 2.2
    endloop
  endfacet
  facet normal -0.44228870661301933 -0.8968727334480532 0
    outer loop
      vertex -46.2347521930933 -47.273848704993725 0
      vertex -46.2347521930933 -47.273848704993725 2.2
      vertex -46.46000000089407 -47.16276877373457 2.2
    endloop
  endfacet
  facet normal -0.7518398045394609 -0.6593458184519452 0
    outer loop
      vertex -46.85764501988888 -46.85764501988888 0
      vertex -46.85764501988888 -46.85764501988888 2.2
      vertex -47.02323841303587 -46.668821945786476 2.2
    endloop
  endfacet
  facet normal -0.9469301345134817 -0.32143945051950196 0
    outer loop
      vertex -47.273848704993725 -46.2347521930933 0
      vertex -47.273848704993725 -46.2347521930933 2.2
      vertex -47.3545775860548 -45.996932566165924 2.2
    endloop
  endfacet
  facet normal -0.980785281413982 -0.19509031693473738 0
    outer loop
      vertex -47.3545775860548 -45.996932566165924 0
      vertex -47.3545775860548 -45.996932566165924 2.2
      vertex -47.403574131429195 -45.750610291957855 2.2
    endloop
  endfacet
  facet normal -0.997858922197377 -0.06540314511618718 0
    outer loop
      vertex -47.403574131429195 -45.750610291957855 0
      vertex -47.403574131429195 -45.750610291957855 2.2
      vertex -47.42000000178814 -45.5 2.2
    endloop
  endfacet
  facet normal -0.32143945051950196 -0.9469301345134817 0
    outer loop
      vertex -45.996932566165924 -47.3545775860548 0
      vertex -45.996932566165924 -47.3545775860548 2.2
      vertex -46.2347521930933 -47.273848704993725 2.2
    endloop
  endfacet
  facet normal -0.19509031693473738 -0.980785281413982 0
    outer loop
      vertex -45.750610291957855 -47.403574131429195 0
      vertex -45.750610291957855 -47.403574131429195 2.2
      vertex -45.996932566165924 -47.3545775860548 2.2
    endloop
  endfacet
  facet normal -0.06540314511618718 -0.997858922197377 0
    outer loop
      vertex -45.5 -47.42000000178814 0
      vertex -45.5 -47.42000000178814 2.2
      vertex -45.750610291957855 -47.403574131429195 2.2
    endloop
  endfacet
  facet normal -1 0 0
    outer loop
      vertex -47.42000000178814 -45.5 0
      vertex -47.42000000178814 -45.5 2.2
      vertex -47.42000000178814 -9 2.2
    endloop
  endfacet
  facet normal 0 0 -1
    outer loop
      vertex -47.42000000178814 -45.5 0
      vertex -47.42000000178814 45.5 0
      vertex -28.6 -19.4 0
    endloop
  endfacet
  facet normal 0 0 -1
    outer loop
      vertex -26.2 -20.7856406460551 0
      vertex -19.6 -19.4 0
      vertex -26.387706508215857 -20.878207252018058 0
    endloop
  endfacet
  facet normal 0 0 -1
    outer loop
      vertex -26.02598171358605 -20.669365344465973 0
      vertex -19.6 -19.4 0
      vertex -26.2 -20.7856406460551 0
    endloop
  endfacet
  facet normal -1 0 0
    outer loop
      vertex -47.42000000178814 -45.5 0
      vertex -47.42000000178814 -9 2.2
      vertex -47.42000000178814 9 2.2
    endloop
  endfacet
  facet normal 0 0 -1
    outer loop
      vertex -46.668821945786476 -47.02323841303587 0
      vertex 47.02323841303587 -46.668821945786476 0
      vertex -46.46000000089407 -47.16276877373457 0
    endloop
  endfacet
  facet normal 0 0 -1
    outer loop
      vertex -46.46000000089407 -47.16276877373457 0
      vertex 46.85764501988888 -46.85764501988888 0
      vertex -46.2347521930933 -47.273848704993725 0
    endloop
  endfacet
  facet normal 0 0 -1
    outer loop
      vertex -45.996932566165924 -47.3545775860548 0
      vertex 46.46000000089407 -47.16276877373457 0
      vertex -45.750610291957855 -47.403574131429195 0
    endloop
  endfacet
  facet normal 0 0 -1
    outer loop
      vertex -45.750610291957855 -47.403574131429195 0
      vertex 46.2347521930933 -47.273848704993725 0
      vertex -45.5 -47.42000000178814 0
    endloop
  endfacet
  facet normal 0 0 -1
    outer loop
      vertex -46.2347521930933 -47.273848704993725 0
      vertex 46.668821945786476 -47.02323841303587 0
      vertex -45.996932566165924 -47.3545775860548 0
    endloop
  endfacet
  facet normal 0 0 -1
    outer loop
      vertex -47.02323841303587 -46.668821945786476 0
      vertex 47.273848704993725 -46.2347521930933 0
      vertex -46.85764501988888 -46.85764501988888 0
    endloop
  endfacet
  facet normal 0 0 -1
    outer loop
      vertex -46.668821945786476 -47.02323841303587 0
      vertex -46.85764501988888 -46.85764501988888 0
      vertex 47.16276877373457 -46.46000000089407 0
    endloop
  endfacet
  facet normal 0 0 -1
    outer loop
      vertex -47.02323841303587 -46.668821945786476 0
      vertex -47.16276877373457 -46.46000000089407 0
      vertex 47.3545775860548 -45.996932566165924 0
    endloop
  endfacet
  facet normal 0 0 -1
    outer loop
      vertex -47.16276877373457 -46.46000000089407 0
      vertex -47.273848704993725 -46.2347521930933 0
      vertex 47.403574131429195 -45.750610291957855 0
    endloop
  endfacet
  facet normal 0 0 -1
    outer loop
      vertex -47.273848704993725 -46.2347521930933 0
      vertex -47.3545775860548 -45.996932566165924 0
      vertex 47.42000000178814 -45.5 0
    endloop
  endfacet
  facet normal 0 -1 0
    outer loop
      vertex -45.5 -47.42000000178814 0
      vertex 45.5 -47.42000000178814 0
      vertex -45.5 -47.42000000178814 2.2
    endloop
  endfacet
  facet normal 0 0 -1
    outer loop
      vertex -47.3545775860548 -45.996932566165924 0
      vertex -17.79115809244792 -20.986311778198097 0
      vertex 47.42000000178814 -45.5 0
    endloop
  endfacet
  facet normal 0 -1 0
    outer loop
      vertex -45.5 -47.42000000178814 2.2
      vertex 45.5 -47.42000000178814 0
      vertex -9 -47.42000000178814 2.2
    endloop
  endfacet
  facet normal 0 0 -1
    outer loop
      vertex -25.868629150101523 -20.531370849898476 0
      vertex -19.6 -19.4 0
      vertex -26.02598171358605 -20.669365344465973 0
    endloop
  endfacet
  facet normal 0 0 -1
    outer loop
      vertex -25.730634655534026 -20.37401828641395 0
      vertex -19.6 -19.4 0
      vertex -25.868629150101523 -20.531370849898476 0
    endloop
  endfacet
  facet normal 0 0 -1
    outer loop
      vertex -25.6143593539449 -20.2 0
      vertex -19.6 -19.4 0
      vertex -25.730634655534026 -20.37401828641395 0
    endloop
  endfacet
  facet normal 0 0 -1
    outer loop
      vertex -25.52179274798194 -20.012293491784142 0
      vertex -19.6 -19.4 0
      vertex -25.6143593539449 -20.2 0
    endloop
  endfacet
  facet normal 0 0 -1
    outer loop
      vertex -25.45451867793749 -19.81411047216403 0
      vertex -19.6 -19.4 0
      vertex -25.52179274798194 -20.012293491784142 0
    endloop
  endfacet
  facet normal 0 0 -1
    outer loop
      vertex -25.413688221801902 -19.60884190755208 0
      vertex -19.6 -19.4 0
      vertex -25.45451867793749 -19.81411047216403 0
    endloop
  endfacet
  facet normal 0 0 -1
    outer loop
      vertex -25.4 -19.4 0
      vertex -19.6 -19.4 0
      vertex -25.413688221801902 -19.60884190755208 0
    endloop
  endfacet
  facet normal 0 0 -1
    outer loop
      vertex -17.02598171358605 -20.669365344465973 0
      vertex -9.8 -20.7856406460551 0
      vertex -17.2 -20.7856406460551 0
    endloop
  endfacet
  facet normal 0 0 -1
    outer loop
      vertex -16.868629150101523 -20.531370849898476 0
      vertex -9.974018286413953 -20.669365344465973 0
      vertex -17.02598171358605 -20.669365344465973 0
    endloop
  endfacet
  facet normal 0 0 -1
    outer loop
      vertex -16.730634655534026 -20.37401828641395 0
      vertex -10.131370849898476 -20.531370849898476 0
      vertex -16.868629150101523 -20.531370849898476 0
    endloop
  endfacet
  facet normal 0 0 -1
    outer loop
      vertex -16.6143593539449 -20.2 0
      vertex -10.269365344465976 -20.37401828641395 0
      vertex -16.730634655534026 -20.37401828641395 0
    endloop
  endfacet
  facet normal 0 0 -1
    outer loop
      vertex -16.52179274798194 -20.012293491784142 0
      vertex -10.385640646055101 -20.2 0
      vertex -16.6143593539449 -20.2 0
    endloop
  endfacet
  facet normal 0 0 -1
    outer loop
      vertex -16.45451867793749 -19.81411047216403 0
      vertex -10.47820725201806 -20.012293491784142 0
      vertex -16.52179274798194 -20.012293491784142 0
    endloop
  endfacet
  facet normal 0 0 -1
    outer loop
      vertex -16.413688221801902 -19.60884190755208 0
      vertex -10.545481322062509 -19.81411047216403 0
      vertex -16.45451867793749 -19.81411047216403 0
    endloop
  endfacet
  facet normal 0 0 -1
    outer loop
      vertex -16.4 -19.4 0
      vertex -10.586311778198096 -19.60884190755208 0
      vertex -16.413688221801902 -19.60884190755208 0
    endloop
  endfacet
  facet normal 0 0 -1
    outer loop
      vertex -16.868629150101523 -20.531370849898476 0
      vertex -10.131370849898476 -20.531370849898476 0
      vertex -9.974018286413953 -20.669365344465973 0
    endloop
  endfacet
  facet normal 0 0 -1
    outer loop
      vertex -10.131370849898476 -20.531370849898476 0
      vertex -16.730634655534026 -20.37401828641395 0
      vertex -10.269365344465976 -20.37401828641395 0
    endloop
  endfacet
  facet normal 0 0 -1
    outer loop
      vertex -10.269365344465976 -20.37401828641395 0
      vertex -16.6143593539449 -20.2 0
      vertex -10.385640646055101 -20.2 0
    endloop
  endfacet
  facet normal 0 0 -1
    outer loop
      vertex -9.612293491784143 -20.878207252018058 0
      vertex -17.2 -20.7856406460551 0
      vertex -9.8 -20.7856406460551 0
    endloop
  endfacet
  facet normal 0 0 -1
    outer loop
      vertex -17.02598171358605 -20.669365344465973 0
      vertex -9.974018286413953 -20.669365344465973 0
      vertex -9.8 -20.7856406460551 0
    endloop
  endfacet
  facet normal 0 0 -1
    outer loop
      vertex -10.47820725201806 -20.012293491784142 0
      vertex -16.45451867793749 -19.81411047216403 0
      vertex -10.545481322062509 -19.81411047216403 0
    endloop
  endfacet
  facet normal 0 0 -1
    outer loop
      vertex -16.52179274798194 -20.012293491784142 0
      vertex -10.47820725201806 -20.012293491784142 0
      vertex -10.385640646055101 -20.2 0
    endloop
  endfacet
  facet normal 0 0 -1
    outer loop
      vertex -16.413688221801902 -19.60884190755208 0
      vertex -10.586311778198096 -19.60884190755208 0
      vertex -10.545481322062509 -19.81411047216403 0
    endloop
  endfacet
  facet normal 0 0 -1
    outer loop
      vertex -10.586311778198096 -19.60884190755208 0
      vertex -16.4 -19.4 0
      vertex -10.6 -19.4 0
    endloop
  endfacet
  facet normal 0 0 -1
    outer loop
      vertex -25.4 -19.4 0
      vertex -25.4 19.4 0
      vertex -19.6 -19.4 0
    endloop
  endfacet
  facet normal 0 0 -1
    outer loop
      vertex -16.4 19.4 0
      vertex -10.6 -19.4 0
      vertex -16.4 -19.4 0
    endloop
  endfacet
  facet normal 0 0 -1
    outer loop
      vertex -8.2 -20.7856406460551 0
      vertex -0.6122934917841437 -20.878207252018058 0
      vertex -8.387706508215857 -20.878207252018058 0
    endloop
  endfacet
  facet normal 0 0 -1
    outer loop
      vertex -8.025981713586047 -20.669365344465973 0
      vertex -0.8 -20.7856406460551 0
      vertex -8.2 -20.7856406460551 0
    endloop
  endfacet
  facet normal 0 0 -1
    outer loop
      vertex -7.8686291501015235 -20.531370849898476 0
      vertex -0.974018286413953 -20.669365344465973 0
      vertex -8.025981713586047 -20.669365344465973 0
    endloop
  endfacet
  facet normal 0 0 -1
    outer loop
      vertex -7.730634655534024 -20.37401828641395 0
      vertex -1.1313708498984762 -20.531370849898476 0
      vertex -7.8686291501015235 -20.531370849898476 0
    endloop
  endfacet
  facet normal 0 0 -1
    outer loop
      vertex -7.614359353944899 -20.2 0
      vertex -1.2693653444659763 -20.37401828641395 0
      vertex -7.730634655534024 -20.37401828641395 0
    endloop
  endfacet
  facet normal 0 0 -1
    outer loop
      vertex -7.521792747981941 -20.012293491784142 0
      vertex -1.3856406460551018 -20.2 0
      vertex -7.614359353944899 -20.2 0
    endloop
  endfacet
  facet normal 0 0 -1
    outer loop
      vertex -7.45451867793749 -19.81411047216403 0
      vertex -1.478207252018059 -20.012293491784142 0
      vertex -7.521792747981941 -20.012293491784142 0
    endloop
  endfacet
  facet normal 0 0 -1
    outer loop
      vertex -7.413688221801904 -19.60884190755208 0
      vertex -1.5454813220625094 -19.81411047216403 0
      vertex -7.45451867793749 -19.81411047216403 0
    endloop
  endfacet
  facet normal 0 0 -1
    outer loop
      vertex -7.4 -19.4 0
      vertex -1.5863117781980967 -19.60884190755208 0
      vertex -7.413688221801904 -19.60884190755208 0
    endloop
  endfacet
  facet normal 0 0 -1
    outer loop
      vertex -7.730634655534024 -20.37401828641395 0
      vertex -1.2693653444659763 -20.37401828641395 0
      vertex -1.1313708498984762 -20.531370849898476 0
    endloop
  endfacet
  facet normal 0 0 -1
    outer loop
      vertex -1.2693653444659763 -20.37401828641395 0
      vertex -7.614359353944899 -20.2 0
      vertex -1.3856406460551018 -20.2 0
    endloop
  endfacet
  facet normal 0 0 -1
    outer loop
      vertex -8.025981713586047 -20.669365344465973 0
      vertex -0.974018286413953 -20.669365344465973 0
      vertex -0.8 -20.7856406460551 0
    endloop
  endfacet
  facet normal 0 0 -1
    outer loop
      vertex -0.6122934917841437 -20.878207252018058 0
      vertex -8.2 -20.7856406460551 0
      vertex -0.8 -20.7856406460551 0
    endloop
  endfacet
  facet normal 0 0 -1
    outer loop
      vertex -7.8686291501015235 -20.531370849898476 0
      vertex -1.1313708498984762 -20.531370849898476 0
      vertex -0.974018286413953 -20.669365344465973 0
    endloop
  endfacet
  facet normal 0 0 -1
    outer loop
      vertex -1.3856406460551018 -20.2 0
      vertex -7.521792747981941 -20.012293491784142 0
      vertex -1.478207252018059 -20.012293491784142 0
    endloop
  endfacet
  facet normal 0 0 -1
    outer loop
      vertex -7.45451867793749 -19.81411047216403 0
      vertex -1.5454813220625094 -19.81411047216403 0
      vertex -1.478207252018059 -20.012293491784142 0
    endloop
  endfacet
  facet normal 0 0 -1
    outer loop
      vertex -1.5454813220625094 -19.81411047216403 0
      vertex -7.413688221801904 -19.60884190755208 0
      vertex -1.5863117781980967 -19.60884190755208 0
    endloop
  endfacet
  facet normal 0 0 -1
    outer loop
      vertex -1.5863117781980967 -19.60884190755208 0
      vertex -7.4 -19.4 0
      vertex -1.6 -19.4 0
    endloop
  endfacet
  facet normal 0 0 -1
    outer loop
      vertex -7.4 19.4 0
      vertex -1.6 -19.4 0
      vertex -7.4 -19.4 0
    endloop
  endfacet
  facet normal 0 0 1
    outer loop
      vertex -46.32000000029802 -45.5 2.2
      vertex -46.18467875173176 -45.05 2.2
      vertex -46.32000000029802 -44.7755956530809 2.2
    endloop
  endfacet
  facet normal 0 0 1
    outer loop
      vertex -45.90999999642372 -46.21014083176851 2.2
      vertex -45.05 -46.18467875173176 2.2
      vertex -45.999184370040894 -46.15054973959923 2.2
    endloop
  endfacet
  facet normal 0 0 1
    outer loop
      vertex -45.90999999642372 -46.21014083176851 2.2
      vertex -45.81380041688681 -46.25758121907711 2.2
      vertex -44.7755956530809 -46.32000000029802 2.2
    endloop
  endfacet
  facet normal 0 0 1
    outer loop
      vertex -45.81380041688681 -46.25758121907711 2.2
      vertex -45.71223161369562 -46.29205917567015 2.2
      vertex -44.7755956530809 -46.32000000029802 2.2
    endloop
  endfacet
  facet normal 0 0 1
    outer loop
      vertex -45.71223161369562 -46.29205917567015 2.2
      vertex -45.60703147947788 -46.3129847869277 2.2
      vertex -44.7755956530809 -46.32000000029802 2.2
    endloop
  endfacet
  facet normal 0 0 1
    outer loop
      vertex -45.60703147947788 -46.3129847869277 2.2
      vertex -45.5 -46.32000000029802 2.2
      vertex -44.7755956530809 -46.32000000029802 2.2
    endloop
  endfacet
  facet normal 0 0 1
    outer loop
      vertex -45.90999999642372 -46.21014083176851 2.2
      vertex -44.7755956530809 -46.32000000029802 2.2
      vertex -45.05 -46.18467875173176 2.2
    endloop
  endfacet
  facet normal 0 0 1
    outer loop
      vertex -46.29205917567015 -45.71223161369562 2.2
      vertex -45.6920310216783 -45.6920310216783 2.2
      vertex -46.3129847869277 -45.60703147947788 2.2
    endloop
  endfacet
  facet normal 0 0 1
    outer loop
      vertex -46.25758121907711 -45.81380041688681 2.2
      vertex -45.6920310216783 -45.6920310216783 2.2
      vertex -46.29205917567015 -45.71223161369562 2.2
    endloop
  endfacet
  facet normal 0 0 1
    outer loop
      vertex -46.21014083176851 -45.90999999642372 2.2
      vertex -45.6920310216783 -45.6920310216783 2.2
      vertex -46.25758121907711 -45.81380041688681 2.2
    endloop
  endfacet
  facet normal 0 0 1
    outer loop
      vertex -46.3129847869277 -45.60703147947788 2.2
      vertex -45.6920310216783 -45.6920310216783 2.2
      vertex -46.32000000029802 -45.5 2.2
    endloop
  endfacet
  facet normal 0 0 1
    outer loop
      vertex -46.32000000029802 -45.5 2.2
      vertex -45.6920310216783 -45.6920310216783 2.2
      vertex -45.95939535490283 -45.387160429927036 2.2
    endloop
  endfacet
  facet normal 0 0 1
    outer loop
      vertex -45.05 -46.18467875173176 2.2
      vertex -46.15054973959923 -45.999184370040894 2.2
      vertex -46.079827561974525 -46.079827561974525 2.2
    endloop
  endfacet
  facet normal 0 0 1
    outer loop
      vertex -46.21014083176851 -45.90999999642372 2.2
      vertex -46.15054973959923 -45.999184370040894 2.2
      vertex -45.05 -46.18467875173176 2.2
    endloop
  endfacet
  facet normal 0 0 1
    outer loop
      vertex -45.05 -46.18467875173176 2.2
      vertex -46.079827561974525 -46.079827561974525 2.2
      vertex -45.999184370040894 -46.15054973959923 2.2
    endloop
  endfacet
  facet normal 0 0 1
    outer loop
      vertex -46.21014083176851 -45.90999999642372 2.2
      vertex -45.387160429927036 -45.95939535490283 2.2
      vertex -45.6920310216783 -45.6920310216783 2.2
    endloop
  endfacet
  facet normal 0 0 1
    outer loop
      vertex -46.21014083176851 -45.90999999642372 2.2
      vertex -45.05 -46.18467875173176 2.2
      vertex -45.387160429927036 -45.95939535490283 2.2
    endloop
  endfacet
  facet normal 0 0 1
    outer loop
      vertex -46.32000000029802 -45.5 2.2
      vertex -45.95939535490283 -45.387160429927036 2.2
      vertex -46.18467875173176 -45.05 2.2
    endloop
  endfacet
  facet normal 0 0 1
    outer loop
      vertex -45.23502850740417 -43.27157916361491 2.2
      vertex -43.72842083638509 -41.76497149259583 2.2
      vertex -45.19037019600587 -43.04706667107059 2.2
    endloop
  endfacet
  facet normal 0 0 1
    outer loop
      vertex -45.19037019600587 -43.04706667107059 2.2
      vertex -43.95293332892941 -41.80962980399413 2.2
      vertex -45.11678918189475 -42.83030399336109 2.2
    endloop
  endfacet
  facet normal 0 0 1
    outer loop
      vertex -45.11678918189475 -42.83030399336109 2.2
      vertex -44.16969600663891 -41.88321081810525 2.2
      vertex -45.01554445662277 -42.625 2.2
    endloop
  endfacet
  facet normal 0 0 1
    outer loop
      vertex -45.01554445662277 -42.625 2.2
      vertex -44.375 -41.98445554337723 2.2
      vertex -44.88836834550966 -42.43466749923474 2.2
    endloop
  endfacet
  facet normal 0 0 1
    outer loop
      vertex -44.88836834550966 -42.43466749923474 2.2
      vertex -44.56533250076526 -42.11163165449034 2.2
      vertex -44.73743686707646 -42.26256313292354 2.2
    endloop
  endfacet
  facet normal 0 0 1
    outer loop
      vertex -43.72842083638509 -45.23502850740417 2.2
      vertex -43.5 -45.25 2.2
      vertex -42.625 -45.01554445662277 2.2
    endloop
  endfacet
  facet normal 0 0 1
    outer loop
      vertex -44.16969600663891 -45.11678918189475 2.2
      vertex -43.95293332892941 -45.19037019600587 2.2
      vertex -42.11163165449034 -44.56533250076526 2.2
    endloop
  endfacet
  facet normal 0 0 1
    outer loop
      vertex -44.375 -45.01554445662277 2.2
      vertex -44.16969600663891 -45.11678918189475 2.2
      vertex -41.98445554337723 -44.375 2.2
    endloop
  endfacet
  facet normal 0 0 1
    outer loop
      vertex -43.95293332892941 -45.19037019600587 2.2
      vertex -43.72842083638509 -45.23502850740417 2.2
      vertex -42.26256313292354 -44.73743686707646 2.2
    endloop
  endfacet
  facet normal 0 0 1
    outer loop
      vertex -43.5 -45.25 2.2
      vertex -43.27157916361491 -45.23502850740417 2.2
      vertex -42.625 -45.01554445662277 2.2
    endloop
  endfacet
  facet normal 0 0 1
    outer loop
      vertex -43.27157916361491 -45.23502850740417 2.2
      vertex -43.04706667107059 -45.19037019600587 2.2
      vertex -42.83030399336109 -45.11678918189475 2.2
    endloop
  endfacet
  facet normal 0 0 1
    outer loop
      vertex -43.27157916361491 -45.23502850740417 2.2
      vertex -42.83030399336109 -45.11678918189475 2.2
      vertex -42.625 -45.01554445662277 2.2
    endloop
  endfacet
  facet normal 0 0 1
    outer loop
      vertex -43.72842083638509 -45.23502850740417 2.2
      vertex -42.625 -45.01554445662277 2.2
      vertex -42.43466749923474 -44.88836834550966 2.2
    endloop
  endfacet
  facet normal 0 0 1
    outer loop
      vertex -43.72842083638509 -45.23502850740417 2.2
      vertex -42.43466749923474 -44.88836834550966 2.2
      vertex -42.26256313292354 -44.73743686707646 2.2
    endloop
  endfacet
  facet normal 0 0 1
    outer loop
      vertex -43.95293332892941 -45.19037019600587 2.2
      vertex -42.26256313292354 -44.73743686707646 2.2
      vertex -42.11163165449034 -44.56533250076526 2.2
    endloop
  endfacet
  facet normal 0 0 1
    outer loop
      vertex -45.11678918189475 -44.16969600663891 2.2
      vertex -42.83030399336109 -41.88321081810525 2.2
      vertex -45.19037019600587 -43.95293332892941 2.2
    endloop
  endfacet
  facet normal 0 0 1
    outer loop
      vertex -45.11678918189475 -44.16969600663891 2.2
      vertex -45.01554445662277 -44.375 2.2
      vertex -42.625 -41.98445554337723 2.2
    endloop
  endfacet
  facet normal 0 0 1
    outer loop
      vertex -44.56533250076526 -44.88836834550966 2.2
      vertex -44.375 -45.01554445662277 2.2
      vertex -41.80962980399413 -43.95293332892941 2.2
    endloop
  endfacet
  facet normal 0 0 1
    outer loop
      vertex -44.73743686707646 -44.73743686707646 2.2
      vertex -44.56533250076526 -44.88836834550966 2.2
      vertex -41.76497149259583 -43.72842083638509 2.2
    endloop
  endfacet
  facet normal 0 0 1
    outer loop
      vertex -44.73743686707646 -44.73743686707646 2.2
      vertex -41.75 -43.5 2.2
      vertex -44.88836834550966 -44.56533250076526 2.2
    endloop
  endfacet
  facet normal 0 0 1
    outer loop
      vertex -44.88836834550966 -44.56533250076526 2.2
      vertex -41.88321081810525 -42.83030399336109 2.2
      vertex -45.01554445662277 -44.375 2.2
    endloop
  endfacet
  facet normal 0 0 1
    outer loop
      vertex -45.25 -43.5 2.2
      vertex -43.5 -41.75 2.2
      vertex -45.23502850740417 -43.27157916361491 2.2
    endloop
  endfacet
  facet normal 0 0 1
    outer loop
      vertex -45.23502850740417 -43.72842083638509 2.2
      vertex -43.04706667107059 -41.80962980399413 2.2
      vertex -45.25 -43.5 2.2
    endloop
  endfacet
  facet normal 0 0 1
    outer loop
      vertex -45.19037019600587 -43.95293332892941 2.2
      vertex -42.83030399336109 -41.88321081810525 2.2
      vertex -45.23502850740417 -43.72842083638509 2.2
    endloop
  endfacet
  facet normal 0 0 1
    outer loop
      vertex -44.88836834550966 -42.43466749923474 2.2
      vertex -44.375 -41.98445554337723 2.2
      vertex -44.56533250076526 -42.11163165449034 2.2
    endloop
  endfacet
  facet normal 0 0 1
    outer loop
      vertex -45.01554445662277 -42.625 2.2
      vertex -44.16969600663891 -41.88321081810525 2.2
      vertex -44.375 -41.98445554337723 2.2
    endloop
  endfacet
  facet normal 0 0 1
    outer loop
      vertex -45.11678918189475 -42.83030399336109 2.2
      vertex -43.95293332892941 -41.80962980399413 2.2
      vertex -44.16969600663891 -41.88321081810525 2.2
    endloop
  endfacet
  facet normal 0 0 1
    outer loop
      vertex -45.19037019600587 -43.04706667107059 2.2
      vertex -43.72842083638509 -41.76497149259583 2.2
      vertex -43.95293332892941 -41.80962980399413 2.2
    endloop
  endfacet
  facet normal 0 0 1
    outer loop
      vertex -45.23502850740417 -43.27157916361491 2.2
      vertex -43.5 -41.75 2.2
      vertex -43.72842083638509 -41.76497149259583 2.2
    endloop
  endfacet
  facet normal 0 0 1
    outer loop
      vertex -45.25 -43.5 2.2
      vertex -43.27157916361491 -41.76497149259583 2.2
      vertex -43.5 -41.75 2.2
    endloop
  endfacet
  facet normal 0 0 1
    outer loop
      vertex -45.23502850740417 -43.72842083638509 2.2
      vertex -42.83030399336109 -41.88321081810525 2.2
      vertex -43.04706667107059 -41.80962980399413 2.2
    endloop
  endfacet
  facet normal 0 0 1
    outer loop
      vertex -45.01554445662277 -44.375 2.2
      vertex -42.26256313292354 -42.26256313292354 2.2
      vertex -42.43466749923474 -42.11163165449034 2.2
    endloop
  endfacet
  facet normal 0 0 1
    outer loop
      vertex -45.11678918189475 -44.16969600663891 2.2
      vertex -42.625 -41.98445554337723 2.2
      vertex -42.83030399336109 -41.88321081810525 2.2
    endloop
  endfacet
  facet normal 0 0 1
    outer loop
      vertex -45.01554445662277 -44.375 2.2
      vertex -42.43466749923474 -42.11163165449034 2.2
      vertex -42.625 -41.98445554337723 2.2
    endloop
  endfacet
  facet normal 0 0 1
    outer loop
      vertex -45.25 -43.5 2.2
      vertex -43.04706667107059 -41.80962980399413 2.2
      vertex -43.27157916361491 -41.76497149259583 2.2
    endloop
  endfacet
  facet normal 0 0 1
    outer loop
      vertex -44.16969600663891 -45.11678918189475 2.2
      vertex -42.11163165449034 -44.56533250076526 2.2
      vertex -41.98445554337723 -44.375 2.2
    endloop
  endfacet
  facet normal 0 0 1
    outer loop
      vertex -44.375 -45.01554445662277 2.2
      vertex -41.98445554337723 -44.375 2.2
      vertex -41.88321081810525 -44.16969600663891 2.2
    endloop
  endfacet
  facet normal 0 0 1
    outer loop
      vertex -44.375 -45.01554445662277 2.2
      vertex -41.88321081810525 -44.16969600663891 2.2
      vertex -41.80962980399413 -43.95293332892941 2.2
    endloop
  endfacet
  facet normal 0 0 1
    outer loop
      vertex -44.56533250076526 -44.88836834550966 2.2
      vertex -41.80962980399413 -43.95293332892941 2.2
      vertex -41.76497149259583 -43.72842083638509 2.2
    endloop
  endfacet
  facet normal 0 0 1
    outer loop
      vertex -44.73743686707646 -44.73743686707646 2.2
      vertex -41.76497149259583 -43.72842083638509 2.2
      vertex -41.75 -43.5 2.2
    endloop
  endfacet
  facet normal 0 0 1
    outer loop
      vertex -44.88836834550966 -44.56533250076526 2.2
      vertex -41.80962980399413 -43.04706667107059 2.2
      vertex -41.88321081810525 -42.83030399336109 2.2
    endloop
  endfacet
  facet normal 0 0 1
    outer loop
      vertex -45.01554445662277 -44.375 2.2
      vertex -41.88321081810525 -42.83030399336109 2.2
      vertex -41.98445554337723 -42.625 2.2
    endloop
  endfacet
  facet normal 0 0 1
    outer loop
      vertex -44.88836834550966 -44.56533250076526 2.2
      vertex -41.75 -43.5 2.2
      vertex -41.76497149259583 -43.27157916361491 2.2
    endloop
  endfacet
  facet normal 0 0 1
    outer loop
      vertex -44.88836834550966 -44.56533250076526 2.2
      vertex -41.76497149259583 -43.27157916361491 2.2
      vertex -41.80962980399413 -43.04706667107059 2.2
    endloop
  endfacet
  facet normal 0 0 1
    outer loop
      vertex -45.01554445662277 -44.375 2.2
      vertex -42.11163165449034 -42.43466749923474 2.2
      vertex -42.26256313292354 -42.26256313292354 2.2
    endloop
  endfacet
  facet normal 0 0 1
    outer loop
      vertex -45.01554445662277 -44.375 2.2
      vertex -41.98445554337723 -42.625 2.2
      vertex -42.11163165449034 -42.43466749923474 2.2
    endloop
  endfacet
  facet normal 0 0 1
    outer loop
      vertex -46.32000000029802 -42.2244043469191 2.2
      vertex -46.18467875173176 -41.95 2.2
      vertex -46.32000000029802 9.410102427199078 2.2
    endloop
  endfacet
  facet normal 0 0 1
    outer loop
      vertex -46.18467875173176 -41.95 2.2
      vertex -45.95939535490283 -41.612839570072964 2.2
      vertex -46.32000000029802 9.410102427199078 2.2
    endloop
  endfacet
  facet normal 0 0 1
    outer loop
      vertex -45.95939535490283 -41.612839570072964 2.2
      vertex -45.6920310216783 -41.3079689783217 2.2
      vertex -46.32000000029802 9.410102427199078 2.2
    endloop
  endfacet
  facet normal 0 0 1
    outer loop
      vertex -45.6920310216783 -41.3079689783217 2.2
      vertex -45.387160429927036 -41.04060464509717 2.2
      vertex -46.32000000029802 9.410102427199078 2.2
    endloop
  endfacet
  facet normal 0 0 1
    outer loop
      vertex -45.387160429927036 -41.04060464509717 2.2
      vertex -45.05 -40.81532124826824 2.2
      vertex -46.32000000029802 9.410102427199078 2.2
    endloop
  endfacet
  facet normal 0 0 1
    outer loop
      vertex -45.05 -40.81532124826824 2.2
      vertex -44.68631864033178 -40.63597344921501 2.2
      vertex -46.32000000029802 9.410102427199078 2.2
    endloop
  endfacet
  facet normal 0 0 1
    outer loop
      vertex -44.68631864033178 -40.63597344921501 2.2
      vertex -44.30233903981782 -40.50562993850389 2.2
      vertex -46.32000000029802 9.410102427199078 2.2
    endloop
  endfacet
  facet normal 0 0 1
    outer loop
      vertex -44.30233903981782 -40.50562993850389 2.2
      vertex -43.90463119588216 -40.42652092974119 2.2
      vertex -46.32000000029802 9.410102427199078 2.2
    endloop
  endfacet
  facet normal 0 0 1
    outer loop
      vertex -43.09536880411784 -40.42652092974119 2.2
      vertex -42.69766096018218 -40.50562993850389 2.2
      vertex -46.32000000029802 9.410102427199078 2.2
    endloop
  endfacet
  facet normal 0 0 1
    outer loop
      vertex -42.31368135966822 -40.63597344921501 2.2
      vertex -41.95 -40.81532124826824 2.2
      vertex -19.6 -19.4 2.2
    endloop
  endfacet
  facet normal 0 0 1
    outer loop
      vertex -41.95 -40.81532124826824 2.2
      vertex -41.612839570072964 -41.04060464509717 2.2
      vertex -19.586311778198098 -19.60884190755208 2.2
    endloop
  endfacet
  facet normal 0 0 1
    outer loop
      vertex -42.69766096018218 -40.50562993850389 2.2
      vertex -42.31368135966822 -40.63597344921501 2.2
      vertex -19.6 -19.4 2.2
    endloop
  endfacet
  facet normal 0 0 1
    outer loop
      vertex -42.69766096018218 -40.50562993850389 2.2
      vertex -28.3856406460551 -20.2 2.2
      vertex -28.47820725201806 -20.012293491784142 2.2
    endloop
  endfacet
  facet normal 0 0 1
    outer loop
      vertex -42.69766096018218 -40.50562993850389 2.2
      vertex -27.97401828641395 -20.669365344465973 2.2
      vertex -28.131370849898477 -20.531370849898476 2.2
    endloop
  endfacet
  facet normal 0 0 1
    outer loop
      vertex -42.69766096018218 -40.50562993850389 2.2
      vertex -27.8 -20.7856406460551 2.2
      vertex -27.97401828641395 -20.669365344465973 2.2
    endloop
  endfacet
  facet normal 0 0 1
    outer loop
      vertex -42.69766096018218 -40.50562993850389 2.2
      vertex -28.269365344465974 -20.37401828641395 2.2
      vertex -28.3856406460551 -20.2 2.2
    endloop
  endfacet
  facet normal 0 0 1
    outer loop
      vertex -42.69766096018218 -40.50562993850389 2.2
      vertex -28.131370849898477 -20.531370849898476 2.2
      vertex -28.269365344465974 -20.37401828641395 2.2
    endloop
  endfacet
  facet normal 0 0 1
    outer loop
      vertex -42.69766096018218 -40.50562993850389 2.2
      vertex -28.47820725201806 -20.012293491784142 2.2
      vertex -28.54548132206251 -19.81411047216403 2.2
    endloop
  endfacet
  facet normal 0 0 1
    outer loop
      vertex -42.69766096018218 -40.50562993850389 2.2
      vertex -28.54548132206251 -19.81411047216403 2.2
      vertex -28.586311778198098 -19.60884190755208 2.2
    endloop
  endfacet
  facet normal 0 0 1
    outer loop
      vertex -42.69766096018218 -40.50562993850389 2.2
      vertex -28.586311778198098 -19.60884190755208 2.2
      vertex -28.6 -19.4 2.2
    endloop
  endfacet
  facet normal 0 0 1
    outer loop
      vertex -42.69766096018218 -40.50562993850389 2.2
      vertex -27.612293491784143 -20.878207252018058 2.2
      vertex -27.8 -20.7856406460551 2.2
    endloop
  endfacet
  facet normal 0 0 1
    outer loop
      vertex -42.69766096018218 -40.50562993850389 2.2
      vertex -27.414110472164033 -20.94548132206251 2.2
      vertex -27.612293491784143 -20.878207252018058 2.2
    endloop
  endfacet
  facet normal 0 0 1
    outer loop
      vertex -42.69766096018218 -40.50562993850389 2.2
      vertex -27.20884190755208 -20.986311778198097 2.2
      vertex -27.414110472164033 -20.94548132206251 2.2
    endloop
  endfacet
  facet normal 0 0 1
    outer loop
      vertex -42.69766096018218 -40.50562993850389 2.2
      vertex -27 -21 2.2
      vertex -27.20884190755208 -20.986311778198097 2.2
    endloop
  endfacet
  facet normal 0 0 1
    outer loop
      vertex -42.69766096018218 -40.50562993850389 2.2
      vertex -26.79115809244792 -20.986311778198097 2.2
      vertex -27 -21 2.2
    endloop
  endfacet
  facet normal 0 0 1
    outer loop
      vertex -42.69766096018218 -40.50562993850389 2.2
      vertex -26.585889527835967 -20.94548132206251 2.2
      vertex -26.79115809244792 -20.986311778198097 2.2
    endloop
  endfacet
  facet normal 0 0 1
    outer loop
      vertex -42.69766096018218 -40.50562993850389 2.2
      vertex -26.387706508215857 -20.878207252018058 2.2
      vertex -26.585889527835967 -20.94548132206251 2.2
    endloop
  endfacet
  facet normal 0 0 1
    outer loop
      vertex -42.69766096018218 -40.50562993850389 2.2
      vertex -26.2 -20.7856406460551 2.2
      vertex -26.387706508215857 -20.878207252018058 2.2
    endloop
  endfacet
  facet normal 0 0 1
    outer loop
      vertex -42.69766096018218 -40.50562993850389 2.2
      vertex -26.02598171358605 -20.669365344465973 2.2
      vertex -26.2 -20.7856406460551 2.2
    endloop
  endfacet
  facet normal 0 0 1
    outer loop
      vertex -42.69766096018218 -40.50562993850389 2.2
      vertex -25.868629150101523 -20.531370849898476 2.2
      vertex -26.02598171358605 -20.669365344465973 2.2
    endloop
  endfacet
  facet normal 0 0 1
    outer loop
      vertex -42.69766096018218 -40.50562993850389 2.2
      vertex -25.730634655534026 -20.37401828641395 2.2
      vertex -25.868629150101523 -20.531370849898476 2.2
    endloop
  endfacet
  facet normal 0 0 1
    outer loop
      vertex -41.612839570072964 -41.04060464509717 2.2
      vertex -19.3856406460551 -20.2 2.2
      vertex -19.47820725201806 -20.012293491784142 2.2
    endloop
  endfacet
  facet normal 0 0 1
    outer loop
      vertex -41.612839570072964 -41.04060464509717 2.2
      vertex -19.54548132206251 -19.81411047216403 2.2
      vertex -19.586311778198098 -19.60884190755208 2.2
    endloop
  endfacet
  facet normal 0 0 1
    outer loop
      vertex -41.612839570072964 -41.04060464509717 2.2
      vertex -19.47820725201806 -20.012293491784142 2.2
      vertex -19.54548132206251 -19.81411047216403 2.2
    endloop
  endfacet
  facet normal 0 0 1
    outer loop
      vertex -42.69766096018218 -40.50562993850389 2.2
      vertex -19.6 -19.4 2.2
      vertex -25.730634655534026 -20.37401828641395 2.2
    endloop
  endfacet
  facet normal 0 0 1
    outer loop
      vertex -41.95 -40.81532124826824 2.2
      vertex -19.586311778198098 -19.60884190755208 2.2
      vertex -19.6 -19.4 2.2
    endloop
  endfacet
  facet normal 0 0 1
    outer loop
      vertex -41.612839570072964 -41.04060464509717 2.2
      vertex -18.612293491784143 -20.878207252018058 2.2
      vertex -18.8 -20.7856406460551 2.2
    endloop
  endfacet
  facet normal 0 0 1
    outer loop
      vertex -41.612839570072964 -41.04060464509717 2.2
      vertex -18.414110472164033 -20.94548132206251 2.2
      vertex -18.612293491784143 -20.878207252018058 2.2
    endloop
  endfacet
  facet normal 0 0 1
    outer loop
      vertex -41.612839570072964 -41.04060464509717 2.2
      vertex -18.20884190755208 -20.986311778198097 2.2
      vertex -18.414110472164033 -20.94548132206251 2.2
    endloop
  endfacet
  facet normal 0 0 1
    outer loop
      vertex -41.612839570072964 -41.04060464509717 2.2
      vertex -19.269365344465974 -20.37401828641395 2.2
      vertex -19.3856406460551 -20.2 2.2
    endloop
  endfacet
  facet normal 0 0 1
    outer loop
      vertex -41.612839570072964 -41.04060464509717 2.2
      vertex -19.131370849898477 -20.531370849898476 2.2
      vertex -19.269365344465974 -20.37401828641395 2.2
    endloop
  endfacet
  facet normal 0 0 1
    outer loop
      vertex -41.612839570072964 -41.04060464509717 2.2
      vertex -18.97401828641395 -20.669365344465973 2.2
      vertex -19.131370849898477 -20.531370849898476 2.2
    endloop
  endfacet
  facet normal 0 0 1
    outer loop
      vertex -41.612839570072964 -41.04060464509717 2.2
      vertex -18.8 -20.7856406460551 2.2
      vertex -18.97401828641395 -20.669365344465973 2.2
    endloop
  endfacet
  facet normal 0 0 1
    outer loop
      vertex -41.612839570072964 -41.04060464509717 2.2
      vertex -18 -21 2.2
      vertex -18.20884190755208 -20.986311778198097 2.2
    endloop
  endfacet
  facet normal 0 0 1
    outer loop
      vertex -41.612839570072964 -41.04060464509717 2.2
      vertex -17.79115809244792 -20.986311778198097 2.2
      vertex -18 -21 2.2
    endloop
  endfacet
  facet normal 0 0 1
    outer loop
      vertex -41.612839570072964 -41.04060464509717 2.2
      vertex -17.585889527835967 -20.94548132206251 2.2
      vertex -17.79115809244792 -20.986311778198097 2.2
    endloop
  endfacet
  facet normal 0 0 1
    outer loop
      vertex -41.612839570072964 -41.04060464509717 2.2
      vertex -17.387706508215857 -20.878207252018058 2.2
      vertex -17.585889527835967 -20.94548132206251 2.2
    endloop
  endfacet
  facet normal 0 0 1
    outer loop
      vertex -43.90463119588216 -40.42652092974119 2.2
      vertex -43.5 -40.4 2.2
      vertex -46.32000000029802 9.410102427199078 2.2
    endloop
  endfacet
  facet normal 0 0 1
    outer loop
      vertex -43.5 -40.4 2.2
      vertex -43.09536880411784 -40.42652092974119 2.2
      vertex -46.32000000029802 9.410102427199078 2.2
    endloop
  endfacet
  facet normal 0 0 1
    outer loop
      vertex -42.69766096018218 -40.50562993850389 2.2
      vertex -28.6 -19.4 2.2
      vertex -46.32000000029802 9.410102427199078 2.2
    endloop
  endfacet
  facet normal 0 0 1
    outer loop
      vertex -42.2244043469191 -46.32000000029802 2.2
      vertex 41.612839570072964 -45.95939535490283 2.2
      vertex -41.95 -46.18467875173176 2.2
    endloop
  endfacet
  facet normal 0 0 1
    outer loop
      vertex -41.95 -46.18467875173176 2.2
      vertex 41.3079689783217 -45.6920310216783 2.2
      vertex -41.612839570072964 -45.95939535490283 2.2
    endloop
  endfacet
  facet normal 0 0 1
    outer loop
      vertex -41.612839570072964 -45.95939535490283 2.2
      vertex 41.3079689783217 -45.6920310216783 2.2
      vertex -41.3079689783217 -45.6920310216783 2.2
    endloop
  endfacet
  facet normal 0 0 1
    outer loop
      vertex -41.3079689783217 -45.6920310216783 2.2
      vertex 41.3079689783217 -45.6920310216783 2.2
      vertex -41.04060464509717 -45.387160429927036 2.2
    endloop
  endfacet
  facet normal 0 0 1
    outer loop
      vertex -41.04060464509717 -45.387160429927036 2.2
      vertex 41.04060464509717 -45.387160429927036 2.2
      vertex -40.81532124826824 -45.05 2.2
    endloop
  endfacet
  facet normal 0 0 1
    outer loop
      vertex -40.81532124826824 -45.05 2.2
      vertex 40.81532124826824 -45.05 2.2
      vertex -40.63597344921501 -44.68631864033178 2.2
    endloop
  endfacet
  facet normal 0 0 1
    outer loop
      vertex -40.63597344921501 -44.68631864033178 2.2
      vertex 40.63597344921501 -44.68631864033178 2.2
      vertex -40.50562993850389 -44.30233903981782 2.2
    endloop
  endfacet
  facet normal 0 0 1
    outer loop
      vertex -40.50562993850389 -44.30233903981782 2.2
      vertex 40.50562993850389 -44.30233903981782 2.2
      vertex -40.42652092974119 -43.90463119588216 2.2
    endloop
  endfacet
  facet normal 0 0 1
    outer loop
      vertex -40.42652092974119 -43.90463119588216 2.2
      vertex 40.42652092974119 -43.90463119588216 2.2
      vertex -40.4 -43.5 2.2
    endloop
  endfacet
  facet normal 0 0 1
    outer loop
      vertex -40.4 -43.5 2.2
      vertex 40.4 -43.5 2.2
      vertex -40.42652092974119 -43.09536880411784 2.2
    endloop
  endfacet
  facet normal 0 0 1
    outer loop
      vertex -41.04060464509717 -41.612839570072964 2.2
      vertex 16.6143593539449 -20.2 2.2
      vertex -41.3079689783217 -41.3079689783217 2.2
    endloop
  endfacet
  facet normal 0 0 1
    outer loop
      vertex -40.81532124826824 -41.95 2.2
      vertex 16.6143593539449 -20.2 2.2
      vertex -41.04060464509717 -41.612839570072964 2.2
    endloop
  endfacet
  facet normal 0 0 1
    outer loop
      vertex -40.42652092974119 -43.09536880411784 2.2
      vertex 17.02598171358605 -20.669365344465973 2.2
      vertex -40.50562993850389 -42.69766096018218 2.2
    endloop
  endfacet
  facet normal 0 0 1
    outer loop
      vertex -40.50562993850389 -42.69766096018218 2.2
      vertex 16.868629150101523 -20.531370849898476 2.2
      vertex -40.63597344921501 -42.31368135966822 2.2
    endloop
  endfacet
  facet normal 0 0 1
    outer loop
      vertex -40.63597344921501 -42.31368135966822 2.2
      vertex 16.730634655534026 -20.37401828641395 2.2
      vertex -40.81532124826824 -41.95 2.2
    endloop
  endfacet
  facet normal 0 0 1
    outer loop
      vertex -41.612839570072964 -41.04060464509717 2.2
      vertex -41.3079689783217 -41.3079689783217 2.2
      vertex 16.52179274798194 -20.012293491784142 2.2
    endloop
  endfacet
  facet normal 0 0 1
    outer loop
      vertex -41.612839570072964 -41.04060464509717 2.2
      vertex -9.612293491784143 -20.878207252018058 2.2
      vertex -17.387706508215857 -20.878207252018058 2.2
    endloop
  endfacet
  facet normal 0 0 1
    outer loop
      vertex -41.612839570072964 -41.04060464509717 2.2
      vertex -9.414110472164033 -20.94548132206251 2.2
      vertex -9.612293491784143 -20.878207252018058 2.2
    endloop
  endfacet
  facet normal 0 0 1
    outer loop
      vertex -41.612839570072964 -41.04060464509717 2.2
      vertex -9.208841907552083 -20.986311778198097 2.2
      vertex -9.414110472164033 -20.94548132206251 2.2
    endloop
  endfacet
  facet normal 0 0 1
    outer loop
      vertex -41.612839570072964 -41.04060464509717 2.2
      vertex -9 -21 2.2
      vertex -9.208841907552083 -20.986311778198097 2.2
    endloop
  endfacet
  facet normal 0 0 1
    outer loop
      vertex -41.612839570072964 -41.04060464509717 2.2
      vertex -8.791158092447917 -20.986311778198097 2.2
      vertex -9 -21 2.2
    endloop
  endfacet
  facet normal 0 0 1
    outer loop
      vertex -41.612839570072964 -41.04060464509717 2.2
      vertex -8.585889527835967 -20.94548132206251 2.2
      vertex -8.791158092447917 -20.986311778198097 2.2
    endloop
  endfacet
  facet normal 0 0 1
    outer loop
      vertex -41.612839570072964 -41.04060464509717 2.2
      vertex 0 -21 2.2
      vertex -8.585889527835967 -20.94548132206251 2.2
    endloop
  endfacet
  facet normal 0 0 1
    outer loop
      vertex -41.612839570072964 -41.04060464509717 2.2
      vertex 0.20884190755208254 -20.986311778198097 2.2
      vertex 0 -21 2.2
    endloop
  endfacet
  facet normal 0 0 1
    outer loop
      vertex -41.612839570072964 -41.04060464509717 2.2
      vertex 0.4141104721640332 -20.94548132206251 2.2
      vertex 0.20884190755208254 -20.986311778198097 2.2
    endloop
  endfacet
  facet normal 0 0 1
    outer loop
      vertex -41.612839570072964 -41.04060464509717 2.2
      vertex 0.6122934917841437 -20.878207252018058 2.2
      vertex 0.4141104721640332 -20.94548132206251 2.2
    endloop
  endfacet
  facet normal 0 0 1
    outer loop
      vertex -41.612839570072964 -41.04060464509717 2.2
      vertex 8.387706508215857 -20.878207252018058 2.2
      vertex 0.6122934917841437 -20.878207252018058 2.2
    endloop
  endfacet
  facet normal 0 0 1
    outer loop
      vertex -41.612839570072964 -41.04060464509717 2.2
      vertex 8.585889527835967 -20.94548132206251 2.2
      vertex 8.387706508215857 -20.878207252018058 2.2
    endloop
  endfacet
  facet normal 0 0 1
    outer loop
      vertex -41.612839570072964 -41.04060464509717 2.2
      vertex 8.791158092447917 -20.986311778198097 2.2
      vertex 8.585889527835967 -20.94548132206251 2.2
    endloop
  endfacet
  facet normal 0 0 1
    outer loop
      vertex -41.612839570072964 -41.04060464509717 2.2
      vertex 9 -21 2.2
      vertex 8.791158092447917 -20.986311778198097 2.2
    endloop
  endfacet
  facet normal 0 0 1
    outer loop
      vertex -41.612839570072964 -41.04060464509717 2.2
      vertex 9.208841907552083 -20.986311778198097 2.2
      vertex 9 -21 2.2
    endloop
  endfacet
  facet normal 0 0 1
    outer loop
      vertex -41.612839570072964 -41.04060464509717 2.2
      vertex 9.414110472164033 -20.94548132206251 2.2
      vertex 9.208841907552083 -20.986311778198097 2.2
    endloop
  endfacet
  facet normal 0 0 1
    outer loop
      vertex -41.612839570072964 -41.04060464509717 2.2
      vertex 9.612293491784143 -20.878207252018058 2.2
      vertex 9.414110472164033 -20.94548132206251 2.2
    endloop
  endfacet
  facet normal 0 0 1
    outer loop
      vertex -41.612839570072964 -41.04060464509717 2.2
      vertex 16.52179274798194 -20.012293491784142 2.2
      vertex 9.612293491784143 -20.878207252018058 2.2
    endloop
  endfacet
  facet normal 0 0 1
    outer loop
      vertex -40.42652092974119 -43.09536880411784 2.2
      vertex 17.585889527835967 -20.94548132206251 2.2
      vertex 17.387706508215857 -20.878207252018058 2.2
    endloop
  endfacet
  facet normal 0 0 1
    outer loop
      vertex -40.42652092974119 -43.09536880411784 2.2
      vertex 17.79115809244792 -20.986311778198097 2.2
      vertex 17.585889527835967 -20.94548132206251 2.2
    endloop
  endfacet
  facet normal 0 0 1
    outer loop
      vertex -40.42652092974119 -43.09536880411784 2.2
      vertex 18 -21 2.2
      vertex 17.79115809244792 -20.986311778198097 2.2
    endloop
  endfacet
  facet normal 0 0 1
    outer loop
      vertex -40.63597344921501 -42.31368135966822 2.2
      vertex 16.868629150101523 -20.531370849898476 2.2
      vertex 16.730634655534026 -20.37401828641395 2.2
    endloop
  endfacet
  facet normal 0 0 1
    outer loop
      vertex -41.3079689783217 -41.3079689783217 2.2
      vertex 16.6143593539449 -20.2 2.2
      vertex 16.52179274798194 -20.012293491784142 2.2
    endloop
  endfacet
  facet normal 0 0 1
    outer loop
      vertex -40.81532124826824 -41.95 2.2
      vertex 16.730634655534026 -20.37401828641395 2.2
      vertex 16.6143593539449 -20.2 2.2
    endloop
  endfacet
  facet normal 0 0 1
    outer loop
      vertex -40.42652092974119 -43.09536880411784 2.2
      vertex 17.2 -20.7856406460551 2.2
      vertex 17.02598171358605 -20.669365344465973 2.2
    endloop
  endfacet
  facet normal 0 0 1
    outer loop
      vertex -40.50562993850389 -42.69766096018218 2.2
      vertex 17.02598171358605 -20.669365344465973 2.2
      vertex 16.868629150101523 -20.531370849898476 2.2
    endloop
  endfacet
  facet normal 0 0 1
    outer loop
      vertex -40.42652092974119 -43.09536880411784 2.2
      vertex 17.387706508215857 -20.878207252018058 2.2
      vertex 17.2 -20.7856406460551 2.2
    endloop
  endfacet
  facet normal 0 0 1
    outer loop
      vertex -40.42652092974119 -43.09536880411784 2.2
      vertex 18.20884190755208 -20.986311778198097 2.2
      vertex 18 -21 2.2
    endloop
  endfacet
  facet normal 0 0 1
    outer loop
      vertex -40.42652092974119 -43.09536880411784 2.2
      vertex 18.414110472164033 -20.94548132206251 2.2
      vertex 18.20884190755208 -20.986311778198097 2.2
    endloop
  endfacet
  facet normal 0 0 1
    outer loop
      vertex -40.42652092974119 -43.09536880411784 2.2
      vertex 18.612293491784143 -20.878207252018058 2.2
      vertex 18.414110472164033 -20.94548132206251 2.2
    endloop
  endfacet
  facet normal 0 0 1
    outer loop
      vertex -19.6 -19.4 2.2
      vertex -25.6143593539449 -20.2 2.2
      vertex -25.730634655534026 -20.37401828641395 2.2
    endloop
  endfacet
  facet normal 0 0 1
    outer loop
      vertex -19.6 -19.4 2.2
      vertex -25.52179274798194 -20.012293491784142 2.2
      vertex -25.6143593539449 -20.2 2.2
    endloop
  endfacet
  facet normal 0 0 1
    outer loop
      vertex -19.6 -19.4 2.2
      vertex -25.45451867793749 -19.81411047216403 2.2
      vertex -25.52179274798194 -20.012293491784142 2.2
    endloop
  endfacet
  facet normal 0 0 1
    outer loop
      vertex -19.6 -19.4 2.2
      vertex -25.413688221801902 -19.60884190755208 2.2
      vertex -25.45451867793749 -19.81411047216403 2.2
    endloop
  endfacet
  facet normal 0 0 1
    outer loop
      vertex -19.6 -19.4 2.2
      vertex -25.4 -19.4 2.2
      vertex -25.413688221801902 -19.60884190755208 2.2
    endloop
  endfacet
  facet normal 0 0 1
    outer loop
      vertex -17.387706508215857 -20.878207252018058 2.2
      vertex -9.8 -20.7856406460551 2.2
      vertex -17.2 -20.7856406460551 2.2
    endloop
  endfacet
  facet normal 0 0 1
    outer loop
      vertex -17.2 -20.7856406460551 2.2
      vertex -9.974018286413953 -20.669365344465973 2.2
      vertex -17.02598171358605 -20.669365344465973 2.2
    endloop
  endfacet
  facet normal 0 0 1
    outer loop
      vertex -17.02598171358605 -20.669365344465973 2.2
      vertex -10.131370849898476 -20.531370849898476 2.2
      vertex -16.868629150101523 -20.531370849898476 2.2
    endloop
  endfacet
  facet normal 0 0 1
    outer loop
      vertex -16.868629150101523 -20.531370849898476 2.2
      vertex -10.269365344465976 -20.37401828641395 2.2
      vertex -16.730634655534026 -20.37401828641395 2.2
    endloop
  endfacet
  facet normal 0 0 1
    outer loop
      vertex -16.730634655534026 -20.37401828641395 2.2
      vertex -10.385640646055101 -20.2 2.2
      vertex -16.6143593539449 -20.2 2.2
    endloop
  endfacet
  facet normal 0 0 1
    outer loop
      vertex -16.6143593539449 -20.2 2.2
      vertex -10.47820725201806 -20.012293491784142 2.2
      vertex -16.52179274798194 -20.012293491784142 2.2
    endloop
  endfacet
  facet normal 0 0 1
    outer loop
      vertex -16.52179274798194 -20.012293491784142 2.2
      vertex -10.545481322062509 -19.81411047216403 2.2
      vertex -16.45451867793749 -19.81411047216403 2.2
    endloop
  endfacet
  facet normal 0 0 1
    outer loop
      vertex -16.45451867793749 -19.81411047216403 2.2
      vertex -10.586311778198096 -19.60884190755208 2.2
      vertex -16.413688221801902 -19.60884190755208 2.2
    endloop
  endfacet
  facet normal 0 0 1
    outer loop
      vertex -16.413688221801902 -19.60884190755208 2.2
      vertex -10.6 -19.4 2.2
      vertex -16.4 -19.4 2.2
    endloop
  endfacet
  facet normal 0 0 1
    outer loop
      vertex -17.2 -20.7856406460551 2.2
      vertex -9.8 -20.7856406460551 2.2
      vertex -9.974018286413953 -20.669365344465973 2.2
    endloop
  endfacet
  facet normal 0 0 1
    outer loop
      vertex -17.02598171358605 -20.669365344465973 2.2
      vertex -9.974018286413953 -20.669365344465973 2.2
      vertex -10.131370849898476 -20.531370849898476 2.2
    endloop
  endfacet
  facet normal 0 0 1
    outer loop
      vertex -16.6143593539449 -20.2 2.2
      vertex -10.385640646055101 -20.2 2.2
      vertex -10.47820725201806 -20.012293491784142 2.2
    endloop
  endfacet
  facet normal 0 0 1
    outer loop
      vertex -16.868629150101523 -20.531370849898476 2.2
      vertex -10.131370849898476 -20.531370849898476 2.2
      vertex -10.269365344465976 -20.37401828641395 2.2
    endloop
  endfacet
  facet normal 0 0 1
    outer loop
      vertex -16.730634655534026 -20.37401828641395 2.2
      vertex -10.269365344465976 -20.37401828641395 2.2
      vertex -10.385640646055101 -20.2 2.2
    endloop
  endfacet
  facet normal 0 0 1
    outer loop
      vertex -17.387706508215857 -20.878207252018058 2.2
      vertex -9.612293491784143 -20.878207252018058 2.2
      vertex -9.8 -20.7856406460551 2.2
    endloop
  endfacet
  facet normal 0 0 1
    outer loop
      vertex -16.52179274798194 -20.012293491784142 2.2
      vertex -10.47820725201806 -20.012293491784142 2.2
      vertex -10.545481322062509 -19.81411047216403 2.2
    endloop
  endfacet
  facet normal 0 0 1
    outer loop
      vertex -16.45451867793749 -19.81411047216403 2.2
      vertex -10.545481322062509 -19.81411047216403 2.2
      vertex -10.586311778198096 -19.60884190755208 2.2
    endloop
  endfacet
  facet normal 0 0 1
    outer loop
      vertex -16.413688221801902 -19.60884190755208 2.2
      vertex -10.586311778198096 -19.60884190755208 2.2
      vertex -10.6 -19.4 2.2
    endloop
  endfacet
  facet normal 0 0 1
    outer loop
      vertex -19.6 -19.4 2.2
      vertex -19.6 19.4 2.2
      vertex -25.4 -19.4 2.2
    endloop
  endfacet
  facet normal 0 0 1
    outer loop
      vertex -10.6 19.4 2.2
      vertex -16.4 -19.4 2.2
      vertex -10.6 -19.4 2.2
    endloop
  endfacet
  facet normal 0 0 1
    outer loop
      vertex -8.585889527835967 -20.94548132206251 2.2
      vertex -0.6122934917841437 -20.878207252018058 2.2
      vertex -8.387706508215857 -20.878207252018058 2.2
    endloop
  endfacet
  facet normal 0 0 1
    outer loop
      vertex -8.585889527835967 -20.94548132206251 2.2
      vertex -0.4141104721640332 -20.94548132206251 2.2
      vertex -0.6122934917841437 -20.878207252018058 2.2
    endloop
  endfacet
  facet normal 0 0 1
    outer loop
      vertex -0.4141104721640332 -20.94548132206251 2.2
      vertex -8.585889527835967 -20.94548132206251 2.2
      vertex -0.20884190755208254 -20.986311778198097 2.2
    endloop
  endfacet
  facet normal 0 0 1
    outer loop
      vertex -8.387706508215857 -20.878207252018058 2.2
      vertex -0.8 -20.7856406460551 2.2
      vertex -8.2 -20.7856406460551 2.2
    endloop
  endfacet
  facet normal 0 0 1
    outer loop
      vertex -8.2 -20.7856406460551 2.2
      vertex -0.974018286413953 -20.669365344465973 2.2
      vertex -8.025981713586047 -20.669365344465973 2.2
    endloop
  endfacet
  facet normal 0 0 1
    outer loop
      vertex -8.025981713586047 -20.669365344465973 2.2
      vertex -1.1313708498984762 -20.531370849898476 2.2
      vertex -7.8686291501015235 -20.531370849898476 2.2
    endloop
  endfacet
  facet normal 0 0 1
    outer loop
      vertex -7.8686291501015235 -20.531370849898476 2.2
      vertex -1.2693653444659763 -20.37401828641395 2.2
      vertex -7.730634655534024 -20.37401828641395 2.2
    endloop
  endfacet
  facet normal 0 0 1
    outer loop
      vertex -7.730634655534024 -20.37401828641395 2.2
      vertex -1.3856406460551018 -20.2 2.2
      vertex -7.614359353944899 -20.2 2.2
    endloop
  endfacet
  facet normal 0 0 1
    outer loop
      vertex -7.614359353944899 -20.2 2.2
      vertex -1.478207252018059 -20.012293491784142 2.2
      vertex -7.521792747981941 -20.012293491784142 2.2
    endloop
  endfacet
  facet normal 0 0 1
    outer loop
      vertex -7.521792747981941 -20.012293491784142 2.2
      vertex -1.5454813220625094 -19.81411047216403 2.2
      vertex -7.45451867793749 -19.81411047216403 2.2
    endloop
  endfacet
  facet normal 0 0 1
    outer loop
      vertex -7.45451867793749 -19.81411047216403 2.2
      vertex -1.5863117781980967 -19.60884190755208 2.2
      vertex -7.413688221801904 -19.60884190755208 2.2
    endloop
  endfacet
  facet normal 0 0 1
    outer loop
      vertex -7.413688221801904 -19.60884190755208 2.2
      vertex -1.6 -19.4 2.2
      vertex -7.4 -19.4 2.2
    endloop
  endfacet
  facet normal 0 0 1
    outer loop
      vertex -8.025981713586047 -20.669365344465973 2.2
      vertex -0.974018286413953 -20.669365344465973 2.2
      vertex -1.1313708498984762 -20.531370849898476 2.2
    endloop
  endfacet
  facet normal 0 0 1
    outer loop
      vertex -7.730634655534024 -20.37401828641395 2.2
      vertex -1.2693653444659763 -20.37401828641395 2.2
      vertex -1.3856406460551018 -20.2 2.2
    endloop
  endfacet
  facet normal 0 0 1
    outer loop
      vertex -7.8686291501015235 -20.531370849898476 2.2
      vertex -1.1313708498984762 -20.531370849898476 2.2
      vertex -1.2693653444659763 -20.37401828641395 2.2
    endloop
  endfacet
  facet normal 0 0 1
    outer loop
      vertex -7.614359353944899 -20.2 2.2
      vertex -1.3856406460551018 -20.2 2.2
      vertex -1.478207252018059 -20.012293491784142 2.2
    endloop
  endfacet
  facet normal 0 0 1
    outer loop
      vertex -8.387706508215857 -20.878207252018058 2.2
      vertex -0.6122934917841437 -20.878207252018058 2.2
      vertex -0.8 -20.7856406460551 2.2
    endloop
  endfacet
  facet normal 0 0 1
    outer loop
      vertex -8.2 -20.7856406460551 2.2
      vertex -0.8 -20.7856406460551 2.2
      vertex -0.974018286413953 -20.669365344465973 2.2
    endloop
  endfacet
  facet normal 0 0 1
    outer loop
      vertex -7.521792747981941 -20.012293491784142 2.2
      vertex -1.478207252018059 -20.012293491784142 2.2
      vertex -1.5454813220625094 -19.81411047216403 2.2
    endloop
  endfacet
  facet normal 0 0 1
    outer loop
      vertex -7.45451867793749 -19.81411047216403 2.2
      vertex -1.5454813220625094 -19.81411047216403 2.2
      vertex -1.5863117781980967 -19.60884190755208 2.2
    endloop
  endfacet
  facet normal 0 0 1
    outer loop
      vertex -7.413688221801904 -19.60884190755208 2.2
      vertex -1.5863117781980967 -19.60884190755208 2.2
      vertex -1.6 -19.4 2.2
    endloop
  endfacet
  facet normal 0 0 1
    outer loop
      vertex -0.20884190755208254 -20.986311778198097 2.2
      vertex -8.585889527835967 -20.94548132206251 2.2
      vertex 0 -21 2.2
    endloop
  endfacet
  facet normal 0 0 1
    outer loop
      vertex -1.6 19.4 2.2
      vertex -7.4 -19.4 2.2
      vertex -1.6 -19.4 2.2
    endloop
  endfacet
  facet normal -1 0 0
    outer loop
      vertex -47.42000000178814 -45.5 0
      vertex -47.42000000178814 45.5 2.2
      vertex -47.42000000178814 45.5 0
    endloop
  endfacet
  facet normal 0 0 -1
    outer loop
      vertex -47.42000000178814 45.5 0
      vertex -28.6 19.4 0
      vertex -28.6 -19.4 0
    endloop
  endfacet
  facet normal -1 0 0
    outer loop
      vertex -47.42000000178814 -45.5 0
      vertex -47.42000000178814 9 2.2
      vertex -47.42000000178814 45.5 2.2
    endloop
  endfacet
  facet normal 0 0 -1
    outer loop
      vertex -45.996932566165924 47.3545775860548 0
      vertex -45.750610291957855 47.403574131429195 0
      vertex -45.5 47.42000000178814 0
    endloop
  endfacet
  facet normal -0.997858922197377 0.06540314511618718 0
    outer loop
      vertex -47.42000000178814 45.5 0
      vertex -47.403574131429195 45.750610291957855 2.2
      vertex -47.403574131429195 45.750610291957855 0
    endloop
  endfacet
  facet normal -0.980785281413982 0.19509031693473738 0
    outer loop
      vertex -47.403574131429195 45.750610291957855 0
      vertex -47.3545775860548 45.996932566165924 2.2
      vertex -47.3545775860548 45.996932566165924 0
    endloop
  endfacet
  facet normal -0.9469301345134817 0.32143945051950196 0
    outer loop
      vertex -47.3545775860548 45.996932566165924 0
      vertex -47.273848704993725 46.2347521930933 2.2
      vertex -47.273848704993725 46.2347521930933 0
    endloop
  endfacet
  facet normal -0.8968727334480532 0.44228870661301933 0
    outer loop
      vertex -47.273848704993725 46.2347521930933 0
      vertex -47.16276877373457 46.46000000089407 2.2
      vertex -47.16276877373457 46.46000000089407 0
    endloop
  endfacet
  facet normal -0.8314696159943533 0.5555702274944208 0
    outer loop
      vertex -47.16276877373457 46.46000000089407 0
      vertex -47.02323841303587 46.668821945786476 2.2
      vertex -47.02323841303587 46.668821945786476 0
    endloop
  endfacet
  facet normal -0.7518398045394609 0.6593458184519452 0
    outer loop
      vertex -47.02323841303587 46.668821945786476 0
      vertex -46.85764501988888 46.85764501988888 2.2
      vertex -46.85764501988888 46.85764501988888 0
    endloop
  endfacet
  facet normal -0.6593458184519452 0.7518398045394609 0
    outer loop
      vertex -46.85764501988888 46.85764501988888 0
      vertex -46.668821945786476 47.02323841303587 2.2
      vertex -46.668821945786476 47.02323841303587 0
    endloop
  endfacet
  facet normal -0.5555702274944208 0.8314696159943533 0
    outer loop
      vertex -46.668821945786476 47.02323841303587 0
      vertex -46.46000000089407 47.16276877373457 2.2
      vertex -46.46000000089407 47.16276877373457 0
    endloop
  endfacet
  facet normal -0.44228870661301933 0.8968727334480532 0
    outer loop
      vertex -46.46000000089407 47.16276877373457 0
      vertex -46.2347521930933 47.273848704993725 2.2
      vertex -46.2347521930933 47.273848704993725 0
    endloop
  endfacet
  facet normal -0.32143945051950196 0.9469301345134817 0
    outer loop
      vertex -46.2347521930933 47.273848704993725 0
      vertex -45.996932566165924 47.3545775860548 2.2
      vertex -45.996932566165924 47.3545775860548 0
    endloop
  endfacet
  facet normal -0.19509031693473738 0.980785281413982 0
    outer loop
      vertex -45.996932566165924 47.3545775860548 0
      vertex -45.750610291957855 47.403574131429195 2.2
      vertex -45.750610291957855 47.403574131429195 0
    endloop
  endfacet
  facet normal -0.06540314511618718 0.997858922197377 0
    outer loop
      vertex -45.750610291957855 47.403574131429195 0
      vertex -45.5 47.42000000178814 2.2
      vertex -45.5 47.42000000178814 0
    endloop
  endfacet
  facet normal 0 0 -1
    outer loop
      vertex -47.42000000178814 45.5 0
      vertex -28.586311778198098 19.60884190755208 0
      vertex -28.6 19.4 0
    endloop
  endfacet
  facet normal 0 0 -1
    outer loop
      vertex -47.42000000178814 45.5 0
      vertex -28.54548132206251 19.81411047216403 0
      vertex -28.586311778198098 19.60884190755208 0
    endloop
  endfacet
  facet normal 0 0 -1
    outer loop
      vertex -47.42000000178814 45.5 0
      vertex -28.47820725201806 20.012293491784142 0
      vertex -28.54548132206251 19.81411047216403 0
    endloop
  endfacet
  facet normal 0 0 -1
    outer loop
      vertex -47.42000000178814 45.5 0
      vertex -28.3856406460551 20.2 0
      vertex -28.47820725201806 20.012293491784142 0
    endloop
  endfacet
  facet normal 0 0 -1
    outer loop
      vertex -47.42000000178814 45.5 0
      vertex -28.269365344465974 20.37401828641395 0
      vertex -28.3856406460551 20.2 0
    endloop
  endfacet
  facet normal 0 0 -1
    outer loop
      vertex -47.42000000178814 45.5 0
      vertex -28.131370849898477 20.531370849898476 0
      vertex -28.269365344465974 20.37401828641395 0
    endloop
  endfacet
  facet normal 0 0 -1
    outer loop
      vertex -47.42000000178814 45.5 0
      vertex -27.97401828641395 20.669365344465973 0
      vertex -28.131370849898477 20.531370849898476 0
    endloop
  endfacet
  facet normal 0 0 -1
    outer loop
      vertex -47.42000000178814 45.5 0
      vertex -27.8 20.7856406460551 0
      vertex -27.97401828641395 20.669365344465973 0
    endloop
  endfacet
  facet normal 0 0 -1
    outer loop
      vertex -47.42000000178814 45.5 0
      vertex -27.612293491784143 20.878207252018058 0
      vertex -27.8 20.7856406460551 0
    endloop
  endfacet
  facet normal 0 0 -1
    outer loop
      vertex -47.42000000178814 45.5 0
      vertex -27.414110472164033 20.94548132206251 0
      vertex -27.612293491784143 20.878207252018058 0
    endloop
  endfacet
  facet normal 0 0 -1
    outer loop
      vertex -47.42000000178814 45.5 0
      vertex -27.20884190755208 20.986311778198097 0
      vertex -27.414110472164033 20.94548132206251 0
    endloop
  endfacet
  facet normal 0 0 -1
    outer loop
      vertex -47.42000000178814 45.5 0
      vertex -27 21 0
      vertex -27.20884190755208 20.986311778198097 0
    endloop
  endfacet
  facet normal 0 0 -1
    outer loop
      vertex -47.42000000178814 45.5 0
      vertex -26.79115809244792 20.986311778198097 0
      vertex -27 21 0
    endloop
  endfacet
  facet normal 0 0 -1
    outer loop
      vertex -47.42000000178814 45.5 0
      vertex -26.585889527835967 20.94548132206251 0
      vertex -26.79115809244792 20.986311778198097 0
    endloop
  endfacet
  facet normal 0 0 -1
    outer loop
      vertex -47.42000000178814 45.5 0
      vertex -26.387706508215857 20.878207252018058 0
      vertex -26.585889527835967 20.94548132206251 0
    endloop
  endfacet
  facet normal 0 0 -1
    outer loop
      vertex -47.42000000178814 45.5 0
      vertex -18.612293491784143 20.878207252018058 0
      vertex -26.387706508215857 20.878207252018058 0
    endloop
  endfacet
  facet normal 0 0 -1
    outer loop
      vertex -47.42000000178814 45.5 0
      vertex -18.414110472164033 20.94548132206251 0
      vertex -18.612293491784143 20.878207252018058 0
    endloop
  endfacet
  facet normal 0 0 -1
    outer loop
      vertex -47.42000000178814 45.5 0
      vertex -18.20884190755208 20.986311778198097 0
      vertex -18.414110472164033 20.94548132206251 0
    endloop
  endfacet
  facet normal 0 0 -1
    outer loop
      vertex -47.42000000178814 45.5 0
      vertex -18 21 0
      vertex -18.20884190755208 20.986311778198097 0
    endloop
  endfacet
  facet normal 0 0 -1
    outer loop
      vertex -47.42000000178814 45.5 0
      vertex -17.79115809244792 20.986311778198097 0
      vertex -18 21 0
    endloop
  endfacet
  facet normal 0 0 -1
    outer loop
      vertex -47.42000000178814 45.5 0
      vertex -17.585889527835967 20.94548132206251 0
      vertex -17.79115809244792 20.986311778198097 0
    endloop
  endfacet
  facet normal 0 0 -1
    outer loop
      vertex -47.42000000178814 45.5 0
      vertex -9 21 0
      vertex -17.585889527835967 20.94548132206251 0
    endloop
  endfacet
  facet normal -0.997858922197377 0.06540314511618718 0
    outer loop
      vertex -47.42000000178814 45.5 0
      vertex -47.42000000178814 45.5 2.2
      vertex -47.403574131429195 45.750610291957855 2.2
    endloop
  endfacet
  facet normal -0.980785281413982 0.19509031693473738 0
    outer loop
      vertex -47.403574131429195 45.750610291957855 0
      vertex -47.403574131429195 45.750610291957855 2.2
      vertex -47.3545775860548 45.996932566165924 2.2
    endloop
  endfacet
  facet normal -0.9469301345134817 0.32143945051950196 0
    outer loop
      vertex -47.3545775860548 45.996932566165924 0
      vertex -47.3545775860548 45.996932566165924 2.2
      vertex -47.273848704993725 46.2347521930933 2.2
    endloop
  endfacet
  facet normal -0.8968727334480532 0.44228870661301933 0
    outer loop
      vertex -47.273848704993725 46.2347521930933 0
      vertex -47.273848704993725 46.2347521930933 2.2
      vertex -47.16276877373457 46.46000000089407 2.2
    endloop
  endfacet
  facet normal -0.8314696159943533 0.5555702274944208 0
    outer loop
      vertex -47.16276877373457 46.46000000089407 0
      vertex -47.16276877373457 46.46000000089407 2.2
      vertex -47.02323841303587 46.668821945786476 2.2
    endloop
  endfacet
  facet normal -0.7518398045394609 0.6593458184519452 0
    outer loop
      vertex -47.02323841303587 46.668821945786476 0
      vertex -47.02323841303587 46.668821945786476 2.2
      vertex -46.85764501988888 46.85764501988888 2.2
    endloop
  endfacet
  facet normal -0.6593458184519452 0.7518398045394609 0
    outer loop
      vertex -46.85764501988888 46.85764501988888 0
      vertex -46.85764501988888 46.85764501988888 2.2
      vertex -46.668821945786476 47.02323841303587 2.2
    endloop
  endfacet
  facet normal -0.5555702274944208 0.8314696159943533 0
    outer loop
      vertex -46.668821945786476 47.02323841303587 0
      vertex -46.668821945786476 47.02323841303587 2.2
      vertex -46.46000000089407 47.16276877373457 2.2
    endloop
  endfacet
  facet normal -0.44228870661301933 0.8968727334480532 0
    outer loop
      vertex -46.46000000089407 47.16276877373457 0
      vertex -46.46000000089407 47.16276877373457 2.2
      vertex -46.2347521930933 47.273848704993725 2.2
    endloop
  endfacet
  facet normal -0.32143945051950196 0.9469301345134817 0
    outer loop
      vertex -46.2347521930933 47.273848704993725 0
      vertex -46.2347521930933 47.273848704993725 2.2
      vertex -45.996932566165924 47.3545775860548 2.2
    endloop
  endfacet
  facet normal -0.19509031693473738 0.980785281413982 0
    outer loop
      vertex -45.996932566165924 47.3545775860548 0
      vertex -45.996932566165924 47.3545775860548 2.2
      vertex -45.750610291957855 47.403574131429195 2.2
    endloop
  endfacet
  facet normal -0.06540314511618718 0.997858922197377 0
    outer loop
      vertex -45.750610291957855 47.403574131429195 0
      vertex -45.750610291957855 47.403574131429195 2.2
      vertex -45.5 47.42000000178814 2.2
    endloop
  endfacet
  facet normal 0 1 0
    outer loop
      vertex -45.5 47.42000000178814 0
      vertex -45.5 47.42000000178814 2.2
      vertex -9 47.42000000178814 2.2
    endloop
  endfacet
  facet normal 0 0 -1
    outer loop
      vertex -19.6 -19.4 0
      vertex -25.4 19.4 0
      vertex -19.6 19.4 0
    endloop
  endfacet
  facet normal 0 0 -1
    outer loop
      vertex -10.6 -19.4 0
      vertex -16.4 19.4 0
      vertex -10.6 19.4 0
    endloop
  endfacet
  facet normal 0 0 -1
    outer loop
      vertex -25.4 19.4 0
      vertex -25.413688221801902 19.60884190755208 0
      vertex -19.6 19.4 0
    endloop
  endfacet
  facet normal 0 0 -1
    outer loop
      vertex -25.45451867793749 19.81411047216403 0
      vertex -19.586311778198098 19.60884190755208 0
      vertex -25.413688221801902 19.60884190755208 0
    endloop
  endfacet
  facet normal 0 0 -1
    outer loop
      vertex -25.52179274798194 20.012293491784142 0
      vertex -19.54548132206251 19.81411047216403 0
      vertex -25.45451867793749 19.81411047216403 0
    endloop
  endfacet
  facet normal 0 0 -1
    outer loop
      vertex -25.6143593539449 20.2 0
      vertex -19.47820725201806 20.012293491784142 0
      vertex -25.52179274798194 20.012293491784142 0
    endloop
  endfacet
  facet normal 0 0 -1
    outer loop
      vertex -25.730634655534026 20.37401828641395 0
      vertex -19.3856406460551 20.2 0
      vertex -25.6143593539449 20.2 0
    endloop
  endfacet
  facet normal 0 0 -1
    outer loop
      vertex -25.868629150101523 20.531370849898476 0
      vertex -19.269365344465974 20.37401828641395 0
      vertex -25.730634655534026 20.37401828641395 0
    endloop
  endfacet
  facet normal 0 0 -1
    outer loop
      vertex -26.02598171358605 20.669365344465973 0
      vertex -19.131370849898477 20.531370849898476 0
      vertex -25.868629150101523 20.531370849898476 0
    endloop
  endfacet
  facet normal 0 0 -1
    outer loop
      vertex -26.387706508215857 20.878207252018058 0
      vertex -18.8 20.7856406460551 0
      vertex -26.2 20.7856406460551 0
    endloop
  endfacet
  facet normal 0 0 -1
    outer loop
      vertex -26.2 20.7856406460551 0
      vertex -18.97401828641395 20.669365344465973 0
      vertex -26.02598171358605 20.669365344465973 0
    endloop
  endfacet
  facet normal 0 0 -1
    outer loop
      vertex -25.413688221801902 19.60884190755208 0
      vertex -19.586311778198098 19.60884190755208 0
      vertex -19.6 19.4 0
    endloop
  endfacet
  facet normal 0 0 -1
    outer loop
      vertex -25.45451867793749 19.81411047216403 0
      vertex -19.54548132206251 19.81411047216403 0
      vertex -19.586311778198098 19.60884190755208 0
    endloop
  endfacet
  facet normal 0 0 -1
    outer loop
      vertex -25.52179274798194 20.012293491784142 0
      vertex -19.47820725201806 20.012293491784142 0
      vertex -19.54548132206251 19.81411047216403 0
    endloop
  endfacet
  facet normal 0 0 -1
    outer loop
      vertex -25.6143593539449 20.2 0
      vertex -19.3856406460551 20.2 0
      vertex -19.47820725201806 20.012293491784142 0
    endloop
  endfacet
  facet normal 0 0 -1
    outer loop
      vertex -25.730634655534026 20.37401828641395 0
      vertex -19.269365344465974 20.37401828641395 0
      vertex -19.3856406460551 20.2 0
    endloop
  endfacet
  facet normal 0 0 -1
    outer loop
      vertex -25.868629150101523 20.531370849898476 0
      vertex -19.131370849898477 20.531370849898476 0
      vertex -19.269365344465974 20.37401828641395 0
    endloop
  endfacet
  facet normal 0 0 -1
    outer loop
      vertex -26.02598171358605 20.669365344465973 0
      vertex -18.97401828641395 20.669365344465973 0
      vertex -19.131370849898477 20.531370849898476 0
    endloop
  endfacet
  facet normal 0 0 -1
    outer loop
      vertex -26.2 20.7856406460551 0
      vertex -18.8 20.7856406460551 0
      vertex -18.97401828641395 20.669365344465973 0
    endloop
  endfacet
  facet normal 0 0 -1
    outer loop
      vertex -26.387706508215857 20.878207252018058 0
      vertex -18.612293491784143 20.878207252018058 0
      vertex -18.8 20.7856406460551 0
    endloop
  endfacet
  facet normal 0 0 -1
    outer loop
      vertex -16.6143593539449 20.2 0
      vertex -10.47820725201806 20.012293491784142 0
      vertex -16.52179274798194 20.012293491784142 0
    endloop
  endfacet
  facet normal 0 0 -1
    outer loop
      vertex -16.4 19.4 0
      vertex -16.413688221801902 19.60884190755208 0
      vertex -10.6 19.4 0
    endloop
  endfacet
  facet normal 0 0 -1
    outer loop
      vertex -16.45451867793749 19.81411047216403 0
      vertex -10.586311778198096 19.60884190755208 0
      vertex -16.413688221801902 19.60884190755208 0
    endloop
  endfacet
  facet normal 0 0 -1
    outer loop
      vertex -16.52179274798194 20.012293491784142 0
      vertex -10.545481322062509 19.81411047216403 0
      vertex -16.45451867793749 19.81411047216403 0
    endloop
  endfacet
  facet normal 0 0 -1
    outer loop
      vertex -16.730634655534026 20.37401828641395 0
      vertex -10.385640646055101 20.2 0
      vertex -16.6143593539449 20.2 0
    endloop
  endfacet
  facet normal 0 0 -1
    outer loop
      vertex -16.868629150101523 20.531370849898476 0
      vertex -10.269365344465976 20.37401828641395 0
      vertex -16.730634655534026 20.37401828641395 0
    endloop
  endfacet
  facet normal 0 0 -1
    outer loop
      vertex -17.2 20.7856406460551 0
      vertex -9.974018286413953 20.669365344465973 0
      vertex -17.02598171358605 20.669365344465973 0
    endloop
  endfacet
  facet normal 0 0 -1
    outer loop
      vertex -17.387706508215857 20.878207252018058 0
      vertex -9.8 20.7856406460551 0
      vertex -17.2 20.7856406460551 0
    endloop
  endfacet
  facet normal 0 0 -1
    outer loop
      vertex -17.02598171358605 20.669365344465973 0
      vertex -10.131370849898476 20.531370849898476 0
      vertex -16.868629150101523 20.531370849898476 0
    endloop
  endfacet
  facet normal 0 0 -1
    outer loop
      vertex -16.413688221801902 19.60884190755208 0
      vertex -10.586311778198096 19.60884190755208 0
      vertex -10.6 19.4 0
    endloop
  endfacet
  facet normal 0 0 -1
    outer loop
      vertex -16.45451867793749 19.81411047216403 0
      vertex -10.545481322062509 19.81411047216403 0
      vertex -10.586311778198096 19.60884190755208 0
    endloop
  endfacet
  facet normal 0 0 -1
    outer loop
      vertex -16.52179274798194 20.012293491784142 0
      vertex -10.47820725201806 20.012293491784142 0
      vertex -10.545481322062509 19.81411047216403 0
    endloop
  endfacet
  facet normal 0 0 -1
    outer loop
      vertex -16.6143593539449 20.2 0
      vertex -10.385640646055101 20.2 0
      vertex -10.47820725201806 20.012293491784142 0
    endloop
  endfacet
  facet normal 0 0 -1
    outer loop
      vertex -16.730634655534026 20.37401828641395 0
      vertex -10.269365344465976 20.37401828641395 0
      vertex -10.385640646055101 20.2 0
    endloop
  endfacet
  facet normal 0 0 -1
    outer loop
      vertex -16.868629150101523 20.531370849898476 0
      vertex -10.131370849898476 20.531370849898476 0
      vertex -10.269365344465976 20.37401828641395 0
    endloop
  endfacet
  facet normal 0 0 -1
    outer loop
      vertex -17.02598171358605 20.669365344465973 0
      vertex -9.974018286413953 20.669365344465973 0
      vertex -10.131370849898476 20.531370849898476 0
    endloop
  endfacet
  facet normal 0 0 -1
    outer loop
      vertex -17.2 20.7856406460551 0
      vertex -9.8 20.7856406460551 0
      vertex -9.974018286413953 20.669365344465973 0
    endloop
  endfacet
  facet normal 0 0 -1
    outer loop
      vertex -17.387706508215857 20.878207252018058 0
      vertex -9.612293491784143 20.878207252018058 0
      vertex -9.8 20.7856406460551 0
    endloop
  endfacet
  facet normal 0 0 -1
    outer loop
      vertex -17.585889527835967 20.94548132206251 0
      vertex -9.612293491784143 20.878207252018058 0
      vertex -17.387706508215857 20.878207252018058 0
    endloop
  endfacet
  facet normal 0 0 -1
    outer loop
      vertex -17.585889527835967 20.94548132206251 0
      vertex -9.414110472164033 20.94548132206251 0
      vertex -9.612293491784143 20.878207252018058 0
    endloop
  endfacet
  facet normal 0 0 -1
    outer loop
      vertex -9.414110472164033 20.94548132206251 0
      vertex -17.585889527835967 20.94548132206251 0
      vertex -9.208841907552083 20.986311778198097 0
    endloop
  endfacet
  facet normal 0 0 -1
    outer loop
      vertex -17.585889527835967 20.94548132206251 0
      vertex -9 21 0
      vertex -9.208841907552083 20.986311778198097 0
    endloop
  endfacet
  facet normal 0 0 -1
    outer loop
      vertex -1.6 -19.4 0
      vertex -7.4 19.4 0
      vertex -1.6 19.4 0
    endloop
  endfacet
  facet normal 0 0 -1
    outer loop
      vertex -7.4 19.4 0
      vertex -7.413688221801904 19.60884190755208 0
      vertex -1.6 19.4 0
    endloop
  endfacet
  facet normal 0 0 -1
    outer loop
      vertex -7.45451867793749 19.81411047216403 0
      vertex -1.5863117781980967 19.60884190755208 0
      vertex -7.413688221801904 19.60884190755208 0
    endloop
  endfacet
  facet normal 0 0 -1
    outer loop
      vertex -7.521792747981941 20.012293491784142 0
      vertex -1.5454813220625094 19.81411047216403 0
      vertex -7.45451867793749 19.81411047216403 0
    endloop
  endfacet
  facet normal 0 0 -1
    outer loop
      vertex -7.614359353944899 20.2 0
      vertex -1.478207252018059 20.012293491784142 0
      vertex -7.521792747981941 20.012293491784142 0
    endloop
  endfacet
  facet normal 0 0 -1
    outer loop
      vertex -7.8686291501015235 20.531370849898476 0
      vertex -1.2693653444659763 20.37401828641395 0
      vertex -7.730634655534024 20.37401828641395 0
    endloop
  endfacet
  facet normal 0 0 -1
    outer loop
      vertex -8.387706508215857 20.878207252018058 0
      vertex -0.8 20.7856406460551 0
      vertex -8.2 20.7856406460551 0
    endloop
  endfacet
  facet normal 0 0 -1
    outer loop
      vertex -8.025981713586047 20.669365344465973 0
      vertex -1.1313708498984762 20.531370849898476 0
      vertex -7.8686291501015235 20.531370849898476 0
    endloop
  endfacet
  facet normal 0 0 -1
    outer loop
      vertex -8.2 20.7856406460551 0
      vertex -0.974018286413953 20.669365344465973 0
      vertex -8.025981713586047 20.669365344465973 0
    endloop
  endfacet
  facet normal 0 0 -1
    outer loop
      vertex -7.730634655534024 20.37401828641395 0
      vertex -1.3856406460551018 20.2 0
      vertex -7.614359353944899 20.2 0
    endloop
  endfacet
  facet normal 0 0 -1
    outer loop
      vertex -7.413688221801904 19.60884190755208 0
      vertex -1.5863117781980967 19.60884190755208 0
      vertex -1.6 19.4 0
    endloop
  endfacet
  facet normal 0 0 -1
    outer loop
      vertex -7.45451867793749 19.81411047216403 0
      vertex -1.5454813220625094 19.81411047216403 0
      vertex -1.5863117781980967 19.60884190755208 0
    endloop
  endfacet
  facet normal 0 0 -1
    outer loop
      vertex -7.521792747981941 20.012293491784142 0
      vertex -1.478207252018059 20.012293491784142 0
      vertex -1.5454813220625094 19.81411047216403 0
    endloop
  endfacet
  facet normal 0 0 -1
    outer loop
      vertex -7.614359353944899 20.2 0
      vertex -1.3856406460551018 20.2 0
      vertex -1.478207252018059 20.012293491784142 0
    endloop
  endfacet
  facet normal 0 0 -1
    outer loop
      vertex -7.730634655534024 20.37401828641395 0
      vertex -1.2693653444659763 20.37401828641395 0
      vertex -1.3856406460551018 20.2 0
    endloop
  endfacet
  facet normal 0 0 -1
    outer loop
      vertex -7.8686291501015235 20.531370849898476 0
      vertex -1.1313708498984762 20.531370849898476 0
      vertex -1.2693653444659763 20.37401828641395 0
    endloop
  endfacet
  facet normal 0 0 -1
    outer loop
      vertex -8.025981713586047 20.669365344465973 0
      vertex -0.974018286413953 20.669365344465973 0
      vertex -1.1313708498984762 20.531370849898476 0
    endloop
  endfacet
  facet normal 0 0 -1
    outer loop
      vertex -8.2 20.7856406460551 0
      vertex -0.8 20.7856406460551 0
      vertex -0.974018286413953 20.669365344465973 0
    endloop
  endfacet
  facet normal 0 0 -1
    outer loop
      vertex -8.387706508215857 20.878207252018058 0
      vertex -0.6122934917841437 20.878207252018058 0
      vertex -0.8 20.7856406460551 0
    endloop
  endfacet
  facet normal 0 0 -1
    outer loop
      vertex -47.42000000178814 45.5 0
      vertex -8.791158092447917 20.986311778198097 0
      vertex -9 21 0
    endloop
  endfacet
  facet normal 0 0 -1
    outer loop
      vertex -47.42000000178814 45.5 0
      vertex -8.585889527835967 20.94548132206251 0
      vertex -8.791158092447917 20.986311778198097 0
    endloop
  endfacet
  facet normal 0 0 -1
    outer loop
      vertex -47.42000000178814 45.5 0
      vertex -8.387706508215857 20.878207252018058 0
      vertex -8.585889527835967 20.94548132206251 0
    endloop
  endfacet
  facet normal 0 0 -1
    outer loop
      vertex -47.42000000178814 45.5 0
      vertex -0.6122934917841437 20.878207252018058 0
      vertex -8.387706508215857 20.878207252018058 0
    endloop
  endfacet
  facet normal 0 0 -1
    outer loop
      vertex -47.42000000178814 45.5 0
      vertex -0.4141104721640332 20.94548132206251 0
      vertex -0.6122934917841437 20.878207252018058 0
    endloop
  endfacet
  facet normal 0 0 -1
    outer loop
      vertex -47.42000000178814 45.5 0
      vertex -0.20884190755208254 20.986311778198097 0
      vertex -0.4141104721640332 20.94548132206251 0
    endloop
  endfacet
  facet normal 0 0 -1
    outer loop
      vertex -47.42000000178814 45.5 0
      vertex 0 21 0
      vertex -0.20884190755208254 20.986311778198097 0
    endloop
  endfacet
  facet normal 0 0 -1
    outer loop
      vertex -47.42000000178814 45.5 0
      vertex 0.20884190755208254 20.986311778198097 0
      vertex 0 21 0
    endloop
  endfacet
  facet normal 0 0 -1
    outer loop
      vertex -47.42000000178814 45.5 0
      vertex 0.4141104721640332 20.94548132206251 0
      vertex 0.20884190755208254 20.986311778198097 0
    endloop
  endfacet
  facet normal 0 0 -1
    outer loop
      vertex -47.42000000178814 45.5 0
      vertex 0.6122934917841437 20.878207252018058 0
      vertex 0.4141104721640332 20.94548132206251 0
    endloop
  endfacet
  facet normal 0 0 -1
    outer loop
      vertex -47.42000000178814 45.5 0
      vertex 8.387706508215857 20.878207252018058 0
      vertex 0.6122934917841437 20.878207252018058 0
    endloop
  endfacet
  facet normal 0 0 -1
    outer loop
      vertex -47.42000000178814 45.5 0
      vertex -47.403574131429195 45.750610291957855 0
      vertex 47.273848704993725 46.2347521930933 0
    endloop
  endfacet
  facet normal 0 0 -1
    outer loop
      vertex -47.403574131429195 45.750610291957855 0
      vertex -47.3545775860548 45.996932566165924 0
      vertex 47.16276877373457 46.46000000089407 0
    endloop
  endfacet
  facet normal 0 0 -1
    outer loop
      vertex -47.3545775860548 45.996932566165924 0
      vertex -47.273848704993725 46.2347521930933 0
      vertex 47.02323841303587 46.668821945786476 0
    endloop
  endfacet
  facet normal 0 0 -1
    outer loop
      vertex -47.273848704993725 46.2347521930933 0
      vertex -47.16276877373457 46.46000000089407 0
      vertex 46.85764501988888 46.85764501988888 0
    endloop
  endfacet
  facet normal 0 0 -1
    outer loop
      vertex -47.16276877373457 46.46000000089407 0
      vertex -47.02323841303587 46.668821945786476 0
      vertex 46.668821945786476 47.02323841303587 0
    endloop
  endfacet
  facet normal 0 0 -1
    outer loop
      vertex -47.02323841303587 46.668821945786476 0
      vertex -46.85764501988888 46.85764501988888 0
      vertex 46.46000000089407 47.16276877373457 0
    endloop
  endfacet
  facet normal 0 0 -1
    outer loop
      vertex -46.85764501988888 46.85764501988888 0
      vertex -46.668821945786476 47.02323841303587 0
      vertex 46.2347521930933 47.273848704993725 0
    endloop
  endfacet
  facet normal 0 0 -1
    outer loop
      vertex -46.668821945786476 47.02323841303587 0
      vertex -46.46000000089407 47.16276877373457 0
      vertex 45.996932566165924 47.3545775860548 0
    endloop
  endfacet
  facet normal 0 0 -1
    outer loop
      vertex -46.46000000089407 47.16276877373457 0
      vertex -46.2347521930933 47.273848704993725 0
      vertex 45.750610291957855 47.403574131429195 0
    endloop
  endfacet
  facet normal 0 0 -1
    outer loop
      vertex -46.2347521930933 47.273848704993725 0
      vertex -45.996932566165924 47.3545775860548 0
      vertex 45.5 47.42000000178814 0
    endloop
  endfacet
  facet normal 0 0 -1
    outer loop
      vertex -45.996932566165924 47.3545775860548 0
      vertex -45.5 47.42000000178814 0
      vertex 45.5 47.42000000178814 0
    endloop
  endfacet
  facet normal 0 0 -1
    outer loop
      vertex -47.42000000178814 45.5 0
      vertex 8.585889527835967 20.94548132206251 0
      vertex 8.387706508215857 20.878207252018058 0
    endloop
  endfacet
  facet normal 0 0 -1
    outer loop
      vertex -47.42000000178814 45.5 0
      vertex 8.791158092447917 20.986311778198097 0
      vertex 8.585889527835967 20.94548132206251 0
    endloop
  endfacet
  facet normal 0 0 -1
    outer loop
      vertex -47.42000000178814 45.5 0
      vertex 9 21 0
      vertex 8.791158092447917 20.986311778198097 0
    endloop
  endfacet
  facet normal 0 0 -1
    outer loop
      vertex -47.42000000178814 45.5 0
      vertex 9.208841907552083 20.986311778198097 0
      vertex 9 21 0
    endloop
  endfacet
  facet normal 0 0 -1
    outer loop
      vertex -47.42000000178814 45.5 0
      vertex 9.414110472164033 20.94548132206251 0
      vertex 9.208841907552083 20.986311778198097 0
    endloop
  endfacet
  facet normal 0 0 -1
    outer loop
      vertex -47.42000000178814 45.5 0
      vertex 9.612293491784143 20.878207252018058 0
      vertex 9.414110472164033 20.94548132206251 0
    endloop
  endfacet
  facet normal 0 0 -1
    outer loop
      vertex -47.42000000178814 45.5 0
      vertex 17.2 20.7856406460551 0
      vertex 9.612293491784143 20.878207252018058 0
    endloop
  endfacet
  facet normal 0 0 -1
    outer loop
      vertex -47.42000000178814 45.5 0
      vertex 17.387706508215857 20.878207252018058 0
      vertex 17.2 20.7856406460551 0
    endloop
  endfacet
  facet normal 0 0 -1
    outer loop
      vertex -47.42000000178814 45.5 0
      vertex 17.585889527835967 20.94548132206251 0
      vertex 17.387706508215857 20.878207252018058 0
    endloop
  endfacet
  facet normal 0 1 0
    outer loop
      vertex -45.5 47.42000000178814 0
      vertex -9 47.42000000178814 2.2
      vertex 9 47.42000000178814 2.2
    endloop
  endfacet
  facet normal 0 0 1
    outer loop
      vertex -46.32000000029802 9.410102427199078 2.2
      vertex -28.6 19.4 2.2
      vertex -43.5 40.4 2.2
    endloop
  endfacet
  facet normal 0 0 1
    outer loop
      vertex -46.32000000029802 9.410102427199078 2.2
      vertex -28.6 -19.4 2.2
      vertex -28.6 19.4 2.2
    endloop
  endfacet
  facet normal 0 0 1
    outer loop
      vertex -46.32000000029802 9.410102427199078 2.2
      vertex -46.18467875173176 41.95 2.2
      vertex -46.32000000029802 42.2244043469191 2.2
    endloop
  endfacet
  facet normal 0 0 1
    outer loop
      vertex -46.32000000029802 9.410102427199078 2.2
      vertex -45.05 40.81532124826824 2.2
      vertex -45.387160429927036 41.04060464509717 2.2
    endloop
  endfacet
  facet normal 0 0 1
    outer loop
      vertex -46.32000000029802 9.410102427199078 2.2
      vertex -45.6920310216783 41.3079689783217 2.2
      vertex -45.95939535490283 41.612839570072964 2.2
    endloop
  endfacet
  facet normal 0 0 1
    outer loop
      vertex -46.32000000029802 9.410102427199078 2.2
      vertex -45.95939535490283 41.612839570072964 2.2
      vertex -46.18467875173176 41.95 2.2
    endloop
  endfacet
  facet normal 0 0 1
    outer loop
      vertex -46.32000000029802 9.410102427199078 2.2
      vertex -45.387160429927036 41.04060464509717 2.2
      vertex -45.6920310216783 41.3079689783217 2.2
    endloop
  endfacet
  facet normal 0 0 1
    outer loop
      vertex -46.32000000029802 9.410102427199078 2.2
      vertex -44.68631864033178 40.63597344921501 2.2
      vertex -45.05 40.81532124826824 2.2
    endloop
  endfacet
  facet normal 0 0 1
    outer loop
      vertex -46.32000000029802 9.410102427199078 2.2
      vertex -44.30233903981782 40.50562993850389 2.2
      vertex -44.68631864033178 40.63597344921501 2.2
    endloop
  endfacet
  facet normal 0 0 1
    outer loop
      vertex -46.32000000029802 9.410102427199078 2.2
      vertex -43.90463119588216 40.42652092974119 2.2
      vertex -44.30233903981782 40.50562993850389 2.2
    endloop
  endfacet
  facet normal 0 0 1
    outer loop
      vertex -46.32000000029802 9.410102427199078 2.2
      vertex -43.5 40.4 2.2
      vertex -43.90463119588216 40.42652092974119 2.2
    endloop
  endfacet
  facet normal 0 0 1
    outer loop
      vertex -44.88836834550966 42.43466749923474 2.2
      vertex -44.73743686707646 42.26256313292354 2.2
      vertex -44.56533250076526 42.11163165449034 2.2
    endloop
  endfacet
  facet normal 0 0 1
    outer loop
      vertex -44.88836834550966 42.43466749923474 2.2
      vertex -44.56533250076526 42.11163165449034 2.2
      vertex -45.01554445662277 42.625 2.2
    endloop
  endfacet
  facet normal 0 0 1
    outer loop
      vertex -45.11678918189475 42.83030399336109 2.2
      vertex -45.01554445662277 42.625 2.2
      vertex -44.375 41.98445554337723 2.2
    endloop
  endfacet
  facet normal 0 0 1
    outer loop
      vertex -45.11678918189475 42.83030399336109 2.2
      vertex -44.16969600663891 41.88321081810525 2.2
      vertex -45.19037019600587 43.04706667107059 2.2
    endloop
  endfacet
  facet normal 0 0 1
    outer loop
      vertex -45.19037019600587 43.04706667107059 2.2
      vertex -43.95293332892941 41.80962980399413 2.2
      vertex -45.23502850740417 43.27157916361491 2.2
    endloop
  endfacet
  facet normal 0 0 1
    outer loop
      vertex -45.25 43.5 2.2
      vertex -45.23502850740417 43.27157916361491 2.2
      vertex -43.72842083638509 41.76497149259583 2.2
    endloop
  endfacet
  facet normal 0 0 1
    outer loop
      vertex -46.32000000029802 44.7755956530809 2.2
      vertex -46.18467875173176 45.05 2.2
      vertex -46.32000000029802 45.5 2.2
    endloop
  endfacet
  facet normal 0 0 1
    outer loop
      vertex -46.32000000029802 45.5 2.2
      vertex -45.95939535490283 45.387160429927036 2.2
      vertex -46.3129847869277 45.60703147947788 2.2
    endloop
  endfacet
  facet normal 0 0 1
    outer loop
      vertex -46.3129847869277 45.60703147947788 2.2
      vertex -45.95939535490283 45.387160429927036 2.2
      vertex -46.29205917567015 45.71223161369562 2.2
    endloop
  endfacet
  facet normal 0 0 1
    outer loop
      vertex -46.18467875173176 45.05 2.2
      vertex -45.95939535490283 45.387160429927036 2.2
      vertex -46.32000000029802 45.5 2.2
    endloop
  endfacet
  facet normal 0 0 1
    outer loop
      vertex -46.29205917567015 45.71223161369562 2.2
      vertex -45.95939535490283 45.387160429927036 2.2
      vertex -46.25758121907711 45.81380041688681 2.2
    endloop
  endfacet
  facet normal 0 0 1
    outer loop
      vertex -46.25758121907711 45.81380041688681 2.2
      vertex -45.6920310216783 45.6920310216783 2.2
      vertex -46.21014083176851 45.90999999642372 2.2
    endloop
  endfacet
  facet normal 0 0 1
    outer loop
      vertex -46.25758121907711 45.81380041688681 2.2
      vertex -45.95939535490283 45.387160429927036 2.2
      vertex -45.6920310216783 45.6920310216783 2.2
    endloop
  endfacet
  facet normal 0 0 1
    outer loop
      vertex -46.21014083176851 45.90999999642372 2.2
      vertex -45.6920310216783 45.6920310216783 2.2
      vertex -46.15054973959923 45.999184370040894 2.2
    endloop
  endfacet
  facet normal 0 0 1
    outer loop
      vertex -46.15054973959923 45.999184370040894 2.2
      vertex -45.6920310216783 45.6920310216783 2.2
      vertex -46.079827561974525 46.079827561974525 2.2
    endloop
  endfacet
  facet normal 0 0 1
    outer loop
      vertex -46.079827561974525 46.079827561974525 2.2
      vertex -45.387160429927036 45.95939535490283 2.2
      vertex -45.999184370040894 46.15054973959923 2.2
    endloop
  endfacet
  facet normal 0 0 1
    outer loop
      vertex -46.079827561974525 46.079827561974525 2.2
      vertex -45.6920310216783 45.6920310216783 2.2
      vertex -45.387160429927036 45.95939535490283 2.2
    endloop
  endfacet
  facet normal 0 0 1
    outer loop
      vertex -45.999184370040894 46.15054973959923 2.2
      vertex -45.387160429927036 45.95939535490283 2.2
      vertex -45.90999999642372 46.21014083176851 2.2
    endloop
  endfacet
  facet normal 0 0 1
    outer loop
      vertex -45.387160429927036 45.95939535490283 2.2
      vertex -45.81380041688681 46.25758121907711 2.2
      vertex -45.90999999642372 46.21014083176851 2.2
    endloop
  endfacet
  facet normal 0 0 1
    outer loop
      vertex -45.387160429927036 45.95939535490283 2.2
      vertex -45.05 46.18467875173176 2.2
      vertex -45.81380041688681 46.25758121907711 2.2
    endloop
  endfacet
  facet normal 0 0 1
    outer loop
      vertex -45.81380041688681 46.25758121907711 2.2
      vertex -45.05 46.18467875173176 2.2
      vertex -45.71223161369562 46.29205917567015 2.2
    endloop
  endfacet
  facet normal 0 0 1
    outer loop
      vertex -45.71223161369562 46.29205917567015 2.2
      vertex -45.05 46.18467875173176 2.2
      vertex -45.60703147947788 46.3129847869277 2.2
    endloop
  endfacet
  facet normal 0 0 1
    outer loop
      vertex -45.60703147947788 46.3129847869277 2.2
      vertex -45.05 46.18467875173176 2.2
      vertex -45.5 46.32000000029802 2.2
    endloop
  endfacet
  facet normal 0 0 1
    outer loop
      vertex -45.5 46.32000000029802 2.2
      vertex -45.05 46.18467875173176 2.2
      vertex -44.7755956530809 46.32000000029802 2.2
    endloop
  endfacet
  facet normal 0 0 1
    outer loop
      vertex -45.01554445662277 42.625 2.2
      vertex -44.56533250076526 42.11163165449034 2.2
      vertex -44.375 41.98445554337723 2.2
    endloop
  endfacet
  facet normal 0 0 1
    outer loop
      vertex -45.11678918189475 42.83030399336109 2.2
      vertex -44.375 41.98445554337723 2.2
      vertex -44.16969600663891 41.88321081810525 2.2
    endloop
  endfacet
  facet normal 0 0 1
    outer loop
      vertex -45.19037019600587 43.04706667107059 2.2
      vertex -44.16969600663891 41.88321081810525 2.2
      vertex -43.95293332892941 41.80962980399413 2.2
    endloop
  endfacet
  facet normal 0 0 1
    outer loop
      vertex -45.23502850740417 43.27157916361491 2.2
      vertex -43.95293332892941 41.80962980399413 2.2
      vertex -43.72842083638509 41.76497149259583 2.2
    endloop
  endfacet
  facet normal 0 0 1
    outer loop
      vertex -45.25 43.5 2.2
      vertex -43.72842083638509 41.76497149259583 2.2
      vertex -43.5 41.75 2.2
    endloop
  endfacet
  facet normal 0 0 1
    outer loop
      vertex -45.23502850740417 43.72842083638509 2.2
      vertex -43.5 41.75 2.2
      vertex -43.27157916361491 41.76497149259583 2.2
    endloop
  endfacet
  facet normal 0 0 1
    outer loop
      vertex -45.25 43.5 2.2
      vertex -43.5 41.75 2.2
      vertex -45.23502850740417 43.72842083638509 2.2
    endloop
  endfacet
  facet normal 0 0 1
    outer loop
      vertex -45.23502850740417 43.72842083638509 2.2
      vertex -43.27157916361491 41.76497149259583 2.2
      vertex -45.19037019600587 43.95293332892941 2.2
    endloop
  endfacet
  facet normal 0 0 1
    outer loop
      vertex -45.11678918189475 44.16969600663891 2.2
      vertex -43.27157916361491 41.76497149259583 2.2
      vertex -43.04706667107059 41.80962980399413 2.2
    endloop
  endfacet
  facet normal 0 0 1
    outer loop
      vertex -45.11678918189475 44.16969600663891 2.2
      vertex -43.04706667107059 41.80962980399413 2.2
      vertex -42.83030399336109 41.88321081810525 2.2
    endloop
  endfacet
  facet normal 0 0 1
    outer loop
      vertex -45.01554445662277 44.375 2.2
      vertex -42.83030399336109 41.88321081810525 2.2
      vertex -42.625 41.98445554337723 2.2
    endloop
  endfacet
  facet normal 0 0 1
    outer loop
      vertex -44.88836834550966 44.56533250076526 2.2
      vertex -42.625 41.98445554337723 2.2
      vertex -42.43466749923474 42.11163165449034 2.2
    endloop
  endfacet
  facet normal 0 0 1
    outer loop
      vertex -45.19037019600587 43.95293332892941 2.2
      vertex -43.27157916361491 41.76497149259583 2.2
      vertex -45.11678918189475 44.16969600663891 2.2
    endloop
  endfacet
  facet normal 0 0 1
    outer loop
      vertex -45.11678918189475 44.16969600663891 2.2
      vertex -42.83030399336109 41.88321081810525 2.2
      vertex -45.01554445662277 44.375 2.2
    endloop
  endfacet
  facet normal 0 0 1
    outer loop
      vertex -45.01554445662277 44.375 2.2
      vertex -42.625 41.98445554337723 2.2
      vertex -44.88836834550966 44.56533250076526 2.2
    endloop
  endfacet
  facet normal 0 0 1
    outer loop
      vertex -44.88836834550966 44.56533250076526 2.2
      vertex -42.43466749923474 42.11163165449034 2.2
      vertex -44.73743686707646 44.73743686707646 2.2
    endloop
  endfacet
  facet normal 0 0 1
    outer loop
      vertex -44.73743686707646 44.73743686707646 2.2
      vertex -42.43466749923474 42.11163165449034 2.2
      vertex -44.56533250076526 44.88836834550966 2.2
    endloop
  endfacet
  facet normal 0 0 1
    outer loop
      vertex -42.11163165449034 42.43466749923474 2.2
      vertex -44.375 45.01554445662277 2.2
      vertex -44.56533250076526 44.88836834550966 2.2
    endloop
  endfacet
  facet normal 0 0 1
    outer loop
      vertex -42.11163165449034 42.43466749923474 2.2
      vertex -44.16969600663891 45.11678918189475 2.2
      vertex -44.375 45.01554445662277 2.2
    endloop
  endfacet
  facet normal 0 0 1
    outer loop
      vertex -42.11163165449034 42.43466749923474 2.2
      vertex -43.95293332892941 45.19037019600587 2.2
      vertex -44.16969600663891 45.11678918189475 2.2
    endloop
  endfacet
  facet normal 0 0 1
    outer loop
      vertex -42.11163165449034 42.43466749923474 2.2
      vertex -43.72842083638509 45.23502850740417 2.2
      vertex -43.95293332892941 45.19037019600587 2.2
    endloop
  endfacet
  facet normal 0 0 1
    outer loop
      vertex -42.43466749923474 42.11163165449034 2.2
      vertex -42.26256313292354 42.26256313292354 2.2
      vertex -44.56533250076526 44.88836834550966 2.2
    endloop
  endfacet
  facet normal 0 0 1
    outer loop
      vertex -42.26256313292354 42.26256313292354 2.2
      vertex -42.11163165449034 42.43466749923474 2.2
      vertex -44.56533250076526 44.88836834550966 2.2
    endloop
  endfacet
  facet normal 0 0 1
    outer loop
      vertex -42.11163165449034 42.43466749923474 2.2
      vertex -41.98445554337723 42.625 2.2
      vertex -43.72842083638509 45.23502850740417 2.2
    endloop
  endfacet
  facet normal 0 0 1
    outer loop
      vertex -41.98445554337723 42.625 2.2
      vertex -41.88321081810525 42.83030399336109 2.2
      vertex -43.72842083638509 45.23502850740417 2.2
    endloop
  endfacet
  facet normal 0 0 1
    outer loop
      vertex -41.88321081810525 42.83030399336109 2.2
      vertex -41.80962980399413 43.04706667107059 2.2
      vertex -43.72842083638509 45.23502850740417 2.2
    endloop
  endfacet
  facet normal 0 0 1
    outer loop
      vertex -41.76497149259583 43.27157916361491 2.2
      vertex -43.5 45.25 2.2
      vertex -43.72842083638509 45.23502850740417 2.2
    endloop
  endfacet
  facet normal 0 0 1
    outer loop
      vertex -41.76497149259583 43.27157916361491 2.2
      vertex -43.27157916361491 45.23502850740417 2.2
      vertex -43.5 45.25 2.2
    endloop
  endfacet
  facet normal 0 0 1
    outer loop
      vertex -41.76497149259583 43.27157916361491 2.2
      vertex -43.04706667107059 45.19037019600587 2.2
      vertex -43.27157916361491 45.23502850740417 2.2
    endloop
  endfacet
  facet normal 0 0 1
    outer loop
      vertex -41.76497149259583 43.27157916361491 2.2
      vertex -42.83030399336109 45.11678918189475 2.2
      vertex -43.04706667107059 45.19037019600587 2.2
    endloop
  endfacet
  facet normal 0 0 1
    outer loop
      vertex -41.80962980399413 43.04706667107059 2.2
      vertex -41.76497149259583 43.27157916361491 2.2
      vertex -43.72842083638509 45.23502850740417 2.2
    endloop
  endfacet
  facet normal 0 0 1
    outer loop
      vertex -41.76497149259583 43.27157916361491 2.2
      vertex -41.75 43.5 2.2
      vertex -42.43466749923474 44.88836834550966 2.2
    endloop
  endfacet
  facet normal 0 0 1
    outer loop
      vertex -41.76497149259583 43.27157916361491 2.2
      vertex -42.625 45.01554445662277 2.2
      vertex -42.83030399336109 45.11678918189475 2.2
    endloop
  endfacet
  facet normal 0 0 1
    outer loop
      vertex -41.76497149259583 43.27157916361491 2.2
      vertex -42.43466749923474 44.88836834550966 2.2
      vertex -42.625 45.01554445662277 2.2
    endloop
  endfacet
  facet normal 0 0 1
    outer loop
      vertex -41.88321081810525 44.16969600663891 2.2
      vertex -41.98445554337723 44.375 2.2
      vertex -42.43466749923474 44.88836834550966 2.2
    endloop
  endfacet
  facet normal 0 0 1
    outer loop
      vertex -42.11163165449034 44.56533250076526 2.2
      vertex -42.43466749923474 44.88836834550966 2.2
      vertex -41.98445554337723 44.375 2.2
    endloop
  endfacet
  facet normal 0 0 1
    outer loop
      vertex -41.75 43.5 2.2
      vertex -41.76497149259583 43.72842083638509 2.2
      vertex -42.43466749923474 44.88836834550966 2.2
    endloop
  endfacet
  facet normal 0 0 1
    outer loop
      vertex -41.76497149259583 43.72842083638509 2.2
      vertex -41.80962980399413 43.95293332892941 2.2
      vertex -42.43466749923474 44.88836834550966 2.2
    endloop
  endfacet
  facet normal 0 0 1
    outer loop
      vertex -41.80962980399413 43.95293332892941 2.2
      vertex -41.88321081810525 44.16969600663891 2.2
      vertex -42.43466749923474 44.88836834550966 2.2
    endloop
  endfacet
  facet normal 0 0 1
    outer loop
      vertex -42.11163165449034 44.56533250076526 2.2
      vertex -42.26256313292354 44.73743686707646 2.2
      vertex -42.43466749923474 44.88836834550966 2.2
    endloop
  endfacet
  facet normal 0 0 1
    outer loop
      vertex -43.5 40.4 2.2
      vertex -28.6 19.4 2.2
      vertex -28.586311778198098 19.60884190755208 2.2
    endloop
  endfacet
  facet normal 0 0 1
    outer loop
      vertex -43.5 40.4 2.2
      vertex -28.586311778198098 19.60884190755208 2.2
      vertex -28.54548132206251 19.81411047216403 2.2
    endloop
  endfacet
  facet normal 0 0 1
    outer loop
      vertex -43.5 40.4 2.2
      vertex -28.54548132206251 19.81411047216403 2.2
      vertex -28.47820725201806 20.012293491784142 2.2
    endloop
  endfacet
  facet normal 0 0 1
    outer loop
      vertex -43.5 40.4 2.2
      vertex -28.47820725201806 20.012293491784142 2.2
      vertex -28.3856406460551 20.2 2.2
    endloop
  endfacet
  facet normal 0 0 1
    outer loop
      vertex -43.5 40.4 2.2
      vertex -28.3856406460551 20.2 2.2
      vertex -28.269365344465974 20.37401828641395 2.2
    endloop
  endfacet
  facet normal 0 0 1
    outer loop
      vertex -43.5 40.4 2.2
      vertex -28.269365344465974 20.37401828641395 2.2
      vertex -28.131370849898477 20.531370849898476 2.2
    endloop
  endfacet
  facet normal 0 0 1
    outer loop
      vertex -43.5 40.4 2.2
      vertex -28.131370849898477 20.531370849898476 2.2
      vertex -27.97401828641395 20.669365344465973 2.2
    endloop
  endfacet
  facet normal 0 0 1
    outer loop
      vertex -43.5 40.4 2.2
      vertex -27.97401828641395 20.669365344465973 2.2
      vertex -27.8 20.7856406460551 2.2
    endloop
  endfacet
  facet normal 0 0 1
    outer loop
      vertex -43.5 40.4 2.2
      vertex -27.8 20.7856406460551 2.2
      vertex -27.612293491784143 20.878207252018058 2.2
    endloop
  endfacet
  facet normal 0 0 1
    outer loop
      vertex -43.5 40.4 2.2
      vertex -27.612293491784143 20.878207252018058 2.2
      vertex -27.414110472164033 20.94548132206251 2.2
    endloop
  endfacet
  facet normal 0 0 1
    outer loop
      vertex -25.4 19.4 2.2
      vertex -25.4 -19.4 2.2
      vertex -19.6 19.4 2.2
    endloop
  endfacet
  facet normal 0 0 1
    outer loop
      vertex -10.6 19.4 2.2
      vertex -16.4 19.4 2.2
      vertex -16.4 -19.4 2.2
    endloop
  endfacet
  facet normal 0 0 1
    outer loop
      vertex -19.54548132206251 19.81411047216403 2.2
      vertex -25.45451867793749 19.81411047216403 2.2
      vertex -25.413688221801902 19.60884190755208 2.2
    endloop
  endfacet
  facet normal 0 0 1
    outer loop
      vertex -25.45451867793749 19.81411047216403 2.2
      vertex -19.47820725201806 20.012293491784142 2.2
      vertex -25.52179274798194 20.012293491784142 2.2
    endloop
  endfacet
  facet normal 0 0 1
    outer loop
      vertex -19.54548132206251 19.81411047216403 2.2
      vertex -25.413688221801902 19.60884190755208 2.2
      vertex -25.4 19.4 2.2
    endloop
  endfacet
  facet normal 0 0 1
    outer loop
      vertex -25.52179274798194 20.012293491784142 2.2
      vertex -19.3856406460551 20.2 2.2
      vertex -25.6143593539449 20.2 2.2
    endloop
  endfacet
  facet normal 0 0 1
    outer loop
      vertex -25.4 19.4 2.2
      vertex -19.6 19.4 2.2
      vertex -19.586311778198098 19.60884190755208 2.2
    endloop
  endfacet
  facet normal 0 0 1
    outer loop
      vertex -25.4 19.4 2.2
      vertex -19.586311778198098 19.60884190755208 2.2
      vertex -19.54548132206251 19.81411047216403 2.2
    endloop
  endfacet
  facet normal 0 0 1
    outer loop
      vertex -19.47820725201806 20.012293491784142 2.2
      vertex -25.45451867793749 19.81411047216403 2.2
      vertex -19.54548132206251 19.81411047216403 2.2
    endloop
  endfacet
  facet normal 0 0 1
    outer loop
      vertex -25.52179274798194 20.012293491784142 2.2
      vertex -19.47820725201806 20.012293491784142 2.2
      vertex -19.3856406460551 20.2 2.2
    endloop
  endfacet
  facet normal 0 0 1
    outer loop
      vertex -19.269365344465974 20.37401828641395 2.2
      vertex -25.6143593539449 20.2 2.2
      vertex -19.3856406460551 20.2 2.2
    endloop
  endfacet
  facet normal 0 0 1
    outer loop
      vertex -19.131370849898477 20.531370849898476 2.2
      vertex -25.6143593539449 20.2 2.2
      vertex -19.269365344465974 20.37401828641395 2.2
    endloop
  endfacet
  facet normal 0 0 1
    outer loop
      vertex -18.97401828641395 20.669365344465973 2.2
      vertex -25.6143593539449 20.2 2.2
      vertex -19.131370849898477 20.531370849898476 2.2
    endloop
  endfacet
  facet normal 0 0 1
    outer loop
      vertex -25.6143593539449 20.2 2.2
      vertex -18.97401828641395 20.669365344465973 2.2
      vertex -18.8 20.7856406460551 2.2
    endloop
  endfacet
  facet normal 0 0 1
    outer loop
      vertex -25.6143593539449 20.2 2.2
      vertex -18.8 20.7856406460551 2.2
      vertex -18.612293491784143 20.878207252018058 2.2
    endloop
  endfacet
  facet normal 0 0 1
    outer loop
      vertex -16.4 19.4 2.2
      vertex -10.586311778198096 19.60884190755208 2.2
      vertex -16.413688221801902 19.60884190755208 2.2
    endloop
  endfacet
  facet normal 0 0 1
    outer loop
      vertex -16.413688221801902 19.60884190755208 2.2
      vertex -10.545481322062509 19.81411047216403 2.2
      vertex -16.45451867793749 19.81411047216403 2.2
    endloop
  endfacet
  facet normal 0 0 1
    outer loop
      vertex -16.45451867793749 19.81411047216403 2.2
      vertex -10.47820725201806 20.012293491784142 2.2
      vertex -16.52179274798194 20.012293491784142 2.2
    endloop
  endfacet
  facet normal 0 0 1
    outer loop
      vertex -16.4 19.4 2.2
      vertex -10.6 19.4 2.2
      vertex -10.586311778198096 19.60884190755208 2.2
    endloop
  endfacet
  facet normal 0 0 1
    outer loop
      vertex -16.413688221801902 19.60884190755208 2.2
      vertex -10.586311778198096 19.60884190755208 2.2
      vertex -10.545481322062509 19.81411047216403 2.2
    endloop
  endfacet
  facet normal 0 0 1
    outer loop
      vertex -10.47820725201806 20.012293491784142 2.2
      vertex -16.45451867793749 19.81411047216403 2.2
      vertex -10.545481322062509 19.81411047216403 2.2
    endloop
  endfacet
  facet normal 0 0 1
    outer loop
      vertex -16.52179274798194 20.012293491784142 2.2
      vertex -10.47820725201806 20.012293491784142 2.2
      vertex -10.385640646055101 20.2 2.2
    endloop
  endfacet
  facet normal 0 0 1
    outer loop
      vertex -16.52179274798194 20.012293491784142 2.2
      vertex -10.385640646055101 20.2 2.2
      vertex -10.269365344465976 20.37401828641395 2.2
    endloop
  endfacet
  facet normal 0 0 1
    outer loop
      vertex -16.52179274798194 20.012293491784142 2.2
      vertex -10.269365344465976 20.37401828641395 2.2
      vertex -10.131370849898476 20.531370849898476 2.2
    endloop
  endfacet
  facet normal 0 0 1
    outer loop
      vertex -16.52179274798194 20.012293491784142 2.2
      vertex -10.131370849898476 20.531370849898476 2.2
      vertex -9.974018286413953 20.669365344465973 2.2
    endloop
  endfacet
  facet normal 0 0 1
    outer loop
      vertex -16.52179274798194 20.012293491784142 2.2
      vertex -9.974018286413953 20.669365344465973 2.2
      vertex -9.8 20.7856406460551 2.2
    endloop
  endfacet
  facet normal 0 0 1
    outer loop
      vertex -16.52179274798194 20.012293491784142 2.2
      vertex -9.8 20.7856406460551 2.2
      vertex -9.612293491784143 20.878207252018058 2.2
    endloop
  endfacet
  facet normal 0 0 1
    outer loop
      vertex -1.6 19.4 2.2
      vertex -7.4 19.4 2.2
      vertex -7.4 -19.4 2.2
    endloop
  endfacet
  facet normal 0 0 1
    outer loop
      vertex -7.4 19.4 2.2
      vertex -1.5863117781980967 19.60884190755208 2.2
      vertex -7.413688221801904 19.60884190755208 2.2
    endloop
  endfacet
  facet normal 0 0 1
    outer loop
      vertex -7.413688221801904 19.60884190755208 2.2
      vertex -1.5454813220625094 19.81411047216403 2.2
      vertex -7.45451867793749 19.81411047216403 2.2
    endloop
  endfacet
  facet normal 0 0 1
    outer loop
      vertex -7.45451867793749 19.81411047216403 2.2
      vertex -1.478207252018059 20.012293491784142 2.2
      vertex -7.521792747981941 20.012293491784142 2.2
    endloop
  endfacet
  facet normal 0 0 1
    outer loop
      vertex -7.8686291501015235 20.531370849898476 2.2
      vertex -0.974018286413953 20.669365344465973 2.2
      vertex -8.025981713586047 20.669365344465973 2.2
    endloop
  endfacet
  facet normal 0 0 1
    outer loop
      vertex -8.2 20.7856406460551 2.2
      vertex -0.6122934917841437 20.878207252018058 2.2
      vertex -8.387706508215857 20.878207252018058 2.2
    endloop
  endfacet
  facet normal 0 0 1
    outer loop
      vertex -8.025981713586047 20.669365344465973 2.2
      vertex -0.8 20.7856406460551 2.2
      vertex -8.2 20.7856406460551 2.2
    endloop
  endfacet
  facet normal 0 0 1
    outer loop
      vertex -7.521792747981941 20.012293491784142 2.2
      vertex -1.3856406460551018 20.2 2.2
      vertex -7.614359353944899 20.2 2.2
    endloop
  endfacet
  facet normal 0 0 1
    outer loop
      vertex -7.614359353944899 20.2 2.2
      vertex -1.2693653444659763 20.37401828641395 2.2
      vertex -7.730634655534024 20.37401828641395 2.2
    endloop
  endfacet
  facet normal 0 0 1
    outer loop
      vertex -7.730634655534024 20.37401828641395 2.2
      vertex -1.1313708498984762 20.531370849898476 2.2
      vertex -7.8686291501015235 20.531370849898476 2.2
    endloop
  endfacet
  facet normal 0 0 1
    outer loop
      vertex -7.4 19.4 2.2
      vertex -1.6 19.4 2.2
      vertex -1.5863117781980967 19.60884190755208 2.2
    endloop
  endfacet
  facet normal 0 0 1
    outer loop
      vertex -1.5454813220625094 19.81411047216403 2.2
      vertex -7.413688221801904 19.60884190755208 2.2
      vertex -1.5863117781980967 19.60884190755208 2.2
    endloop
  endfacet
  facet normal 0 0 1
    outer loop
      vertex -7.45451867793749 19.81411047216403 2.2
      vertex -1.5454813220625094 19.81411047216403 2.2
      vertex -1.478207252018059 20.012293491784142 2.2
    endloop
  endfacet
  facet normal 0 0 1
    outer loop
      vertex -1.3856406460551018 20.2 2.2
      vertex -7.521792747981941 20.012293491784142 2.2
      vertex -1.478207252018059 20.012293491784142 2.2
    endloop
  endfacet
  facet normal 0 0 1
    outer loop
      vertex -1.2693653444659763 20.37401828641395 2.2
      vertex -7.614359353944899 20.2 2.2
      vertex -1.3856406460551018 20.2 2.2
    endloop
  endfacet
  facet normal 0 0 1
    outer loop
      vertex -7.730634655534024 20.37401828641395 2.2
      vertex -1.2693653444659763 20.37401828641395 2.2
      vertex -1.1313708498984762 20.531370849898476 2.2
    endloop
  endfacet
  facet normal 0 0 1
    outer loop
      vertex -7.8686291501015235 20.531370849898476 2.2
      vertex -1.1313708498984762 20.531370849898476 2.2
      vertex -0.974018286413953 20.669365344465973 2.2
    endloop
  endfacet
  facet normal 0 0 1
    outer loop
      vertex -8.025981713586047 20.669365344465973 2.2
      vertex -0.974018286413953 20.669365344465973 2.2
      vertex -0.8 20.7856406460551 2.2
    endloop
  endfacet
  facet normal 0 0 1
    outer loop
      vertex -0.6122934917841437 20.878207252018058 2.2
      vertex -8.2 20.7856406460551 2.2
      vertex -0.8 20.7856406460551 2.2
    endloop
  endfacet
  facet normal 0 0 1
    outer loop
      vertex -43.5 40.4 2.2
      vertex 40.42652092974119 43.09536880411784 2.2
      vertex -43.09536880411784 40.42652092974119 2.2
    endloop
  endfacet
  facet normal 0 0 1
    outer loop
      vertex -43.09536880411784 40.42652092974119 2.2
      vertex 40.42652092974119 43.09536880411784 2.2
      vertex -42.69766096018218 40.50562993850389 2.2
    endloop
  endfacet
  facet normal 0 0 1
    outer loop
      vertex -42.69766096018218 40.50562993850389 2.2
      vertex 40.42652092974119 43.09536880411784 2.2
      vertex -42.31368135966822 40.63597344921501 2.2
    endloop
  endfacet
  facet normal 0 0 1
    outer loop
      vertex -42.31368135966822 40.63597344921501 2.2
      vertex 40.42652092974119 43.09536880411784 2.2
      vertex -41.95 40.81532124826824 2.2
    endloop
  endfacet
  facet normal 0 0 1
    outer loop
      vertex -41.95 40.81532124826824 2.2
      vertex 40.42652092974119 43.09536880411784 2.2
      vertex -41.612839570072964 41.04060464509717 2.2
    endloop
  endfacet
  facet normal 0 0 1
    outer loop
      vertex -41.612839570072964 41.04060464509717 2.2
      vertex 40.42652092974119 43.09536880411784 2.2
      vertex -41.3079689783217 41.3079689783217 2.2
    endloop
  endfacet
  facet normal 0 0 1
    outer loop
      vertex -41.3079689783217 41.3079689783217 2.2
      vertex 40.42652092974119 43.09536880411784 2.2
      vertex -41.04060464509717 41.612839570072964 2.2
    endloop
  endfacet
  facet normal 0 0 1
    outer loop
      vertex -41.04060464509717 41.612839570072964 2.2
      vertex 40.42652092974119 43.09536880411784 2.2
      vertex -40.81532124826824 41.95 2.2
    endloop
  endfacet
  facet normal 0 0 1
    outer loop
      vertex -40.81532124826824 41.95 2.2
      vertex 40.42652092974119 43.09536880411784 2.2
      vertex -40.63597344921501 42.31368135966822 2.2
    endloop
  endfacet
  facet normal 0 0 1
    outer loop
      vertex -40.63597344921501 42.31368135966822 2.2
      vertex 40.42652092974119 43.09536880411784 2.2
      vertex -40.50562993850389 42.69766096018218 2.2
    endloop
  endfacet
  facet normal 0 0 1
    outer loop
      vertex -40.50562993850389 42.69766096018218 2.2
      vertex 40.42652092974119 43.09536880411784 2.2
      vertex -40.42652092974119 43.09536880411784 2.2
    endloop
  endfacet
  facet normal 0 0 1
    outer loop
      vertex -40.42652092974119 43.09536880411784 2.2
      vertex 40.42652092974119 43.09536880411784 2.2
      vertex -40.4 43.5 2.2
    endloop
  endfacet
  facet normal 0 0 1
    outer loop
      vertex -40.4 43.5 2.2
      vertex 40.4 43.5 2.2
      vertex -40.42652092974119 43.90463119588216 2.2
    endloop
  endfacet
  facet normal 0 0 1
    outer loop
      vertex -40.42652092974119 43.90463119588216 2.2
      vertex 40.42652092974119 43.90463119588216 2.2
      vertex -40.50562993850389 44.30233903981782 2.2
    endloop
  endfacet
  facet normal 0 0 1
    outer loop
      vertex -40.63597344921501 44.68631864033178 2.2
      vertex -40.50562993850389 44.30233903981782 2.2
      vertex 40.50562993850389 44.30233903981782 2.2
    endloop
  endfacet
  facet normal 0 0 1
    outer loop
      vertex -40.63597344921501 44.68631864033178 2.2
      vertex 40.63597344921501 44.68631864033178 2.2
      vertex -40.81532124826824 45.05 2.2
    endloop
  endfacet
  facet normal 0 0 1
    outer loop
      vertex -41.04060464509717 45.387160429927036 2.2
      vertex -40.81532124826824 45.05 2.2
      vertex 40.81532124826824 45.05 2.2
    endloop
  endfacet
  facet normal 0 0 1
    outer loop
      vertex -41.04060464509717 45.387160429927036 2.2
      vertex 41.04060464509717 45.387160429927036 2.2
      vertex -41.3079689783217 45.6920310216783 2.2
    endloop
  endfacet
  facet normal 0 0 1
    outer loop
      vertex -41.612839570072964 45.95939535490283 2.2
      vertex -41.3079689783217 45.6920310216783 2.2
      vertex 41.95 46.18467875173176 2.2
    endloop
  endfacet
  facet normal 0 0 1
    outer loop
      vertex -41.95 46.18467875173176 2.2
      vertex -41.612839570072964 45.95939535490283 2.2
      vertex 42.2244043469191 46.32000000029802 2.2
    endloop
  endfacet
  facet normal 0 0 1
    outer loop
      vertex -42.2244043469191 46.32000000029802 2.2
      vertex -41.95 46.18467875173176 2.2
      vertex 42.2244043469191 46.32000000029802 2.2
    endloop
  endfacet
  facet normal 0 0 1
    outer loop
      vertex -43.5 40.4 2.2
      vertex -27.414110472164033 20.94548132206251 2.2
      vertex 40.42652092974119 43.09536880411784 2.2
    endloop
  endfacet
  facet normal 0 0 1
    outer loop
      vertex 40.42652092974119 43.09536880411784 2.2
      vertex -27.414110472164033 20.94548132206251 2.2
      vertex -27.20884190755208 20.986311778198097 2.2
    endloop
  endfacet
  facet normal 0 0 1
    outer loop
      vertex 40.42652092974119 43.09536880411784 2.2
      vertex -27.20884190755208 20.986311778198097 2.2
      vertex -27 21 2.2
    endloop
  endfacet
  facet normal 0 0 1
    outer loop
      vertex 40.42652092974119 43.09536880411784 2.2
      vertex -26.387706508215857 20.878207252018058 2.2
      vertex -26.2 20.7856406460551 2.2
    endloop
  endfacet
  facet normal 0 0 1
    outer loop
      vertex 40.42652092974119 43.09536880411784 2.2
      vertex -26.2 20.7856406460551 2.2
      vertex -26.02598171358605 20.669365344465973 2.2
    endloop
  endfacet
  facet normal 0 0 1
    outer loop
      vertex 40.42652092974119 43.09536880411784 2.2
      vertex -26.02598171358605 20.669365344465973 2.2
      vertex -25.868629150101523 20.531370849898476 2.2
    endloop
  endfacet
  facet normal 0 0 1
    outer loop
      vertex 40.42652092974119 43.09536880411784 2.2
      vertex -25.868629150101523 20.531370849898476 2.2
      vertex -25.730634655534026 20.37401828641395 2.2
    endloop
  endfacet
  facet normal 0 0 1
    outer loop
      vertex 40.42652092974119 43.09536880411784 2.2
      vertex -25.730634655534026 20.37401828641395 2.2
      vertex -25.6143593539449 20.2 2.2
    endloop
  endfacet
  facet normal 0 0 1
    outer loop
      vertex 40.42652092974119 43.09536880411784 2.2
      vertex -27 21 2.2
      vertex -26.79115809244792 20.986311778198097 2.2
    endloop
  endfacet
  facet normal 0 0 1
    outer loop
      vertex 40.42652092974119 43.09536880411784 2.2
      vertex -26.79115809244792 20.986311778198097 2.2
      vertex -26.585889527835967 20.94548132206251 2.2
    endloop
  endfacet
  facet normal 0 0 1
    outer loop
      vertex 40.42652092974119 43.09536880411784 2.2
      vertex -26.585889527835967 20.94548132206251 2.2
      vertex -26.387706508215857 20.878207252018058 2.2
    endloop
  endfacet
  facet normal 0 0 1
    outer loop
      vertex 40.42652092974119 43.09536880411784 2.2
      vertex -25.6143593539449 20.2 2.2
      vertex -18.612293491784143 20.878207252018058 2.2
    endloop
  endfacet
  facet normal 0 0 -1
    outer loop
      vertex 47.42000000178814 -45.5 0
      vertex -17.79115809244792 -20.986311778198097 0
      vertex -17.585889527835967 -20.94548132206251 0
    endloop
  endfacet
  facet normal 0 0 -1
    outer loop
      vertex 47.42000000178814 -45.5 0
      vertex -17.585889527835967 -20.94548132206251 0
      vertex -17.387706508215857 -20.878207252018058 0
    endloop
  endfacet
  facet normal 0 0 -1
    outer loop
      vertex 47.42000000178814 -45.5 0
      vertex -17.387706508215857 -20.878207252018058 0
      vertex -17.2 -20.7856406460551 0
    endloop
  endfacet
  facet normal 0 0 -1
    outer loop
      vertex 47.42000000178814 -45.5 0
      vertex -17.2 -20.7856406460551 0
      vertex -9.612293491784143 -20.878207252018058 0
    endloop
  endfacet
  facet normal 0 0 -1
    outer loop
      vertex 47.42000000178814 -45.5 0
      vertex -9.612293491784143 -20.878207252018058 0
      vertex -9.414110472164033 -20.94548132206251 0
    endloop
  endfacet
  facet normal 0 0 -1
    outer loop
      vertex 47.42000000178814 -45.5 0
      vertex -9.414110472164033 -20.94548132206251 0
      vertex -9.208841907552083 -20.986311778198097 0
    endloop
  endfacet
  facet normal 0 0 -1
    outer loop
      vertex 47.42000000178814 -45.5 0
      vertex -9.208841907552083 -20.986311778198097 0
      vertex -9 -21 0
    endloop
  endfacet
  facet normal 0 0 -1
    outer loop
      vertex 47.42000000178814 -45.5 0
      vertex -9 -21 0
      vertex -8.791158092447917 -20.986311778198097 0
    endloop
  endfacet
  facet normal 0 0 -1
    outer loop
      vertex 47.42000000178814 -45.5 0
      vertex -8.791158092447917 -20.986311778198097 0
      vertex -8.585889527835967 -20.94548132206251 0
    endloop
  endfacet
  facet normal 0 0 -1
    outer loop
      vertex 47.42000000178814 -45.5 0
      vertex -8.585889527835967 -20.94548132206251 0
      vertex -8.387706508215857 -20.878207252018058 0
    endloop
  endfacet
  facet normal 0 0 -1
    outer loop
      vertex -45.5 -47.42000000178814 0
      vertex 45.996932566165924 -47.3545775860548 0
      vertex 45.5 -47.42000000178814 0
    endloop
  endfacet
  facet normal 0 0 -1
    outer loop
      vertex -45.5 -47.42000000178814 0
      vertex 46.2347521930933 -47.273848704993725 0
      vertex 45.996932566165924 -47.3545775860548 0
    endloop
  endfacet
  facet normal 0 0 -1
    outer loop
      vertex -45.750610291957855 -47.403574131429195 0
      vertex 46.46000000089407 -47.16276877373457 0
      vertex 46.2347521930933 -47.273848704993725 0
    endloop
  endfacet
  facet normal 0 0 -1
    outer loop
      vertex -45.996932566165924 -47.3545775860548 0
      vertex 46.668821945786476 -47.02323841303587 0
      vertex 46.46000000089407 -47.16276877373457 0
    endloop
  endfacet
  facet normal 0 0 -1
    outer loop
      vertex -46.2347521930933 -47.273848704993725 0
      vertex 46.85764501988888 -46.85764501988888 0
      vertex 46.668821945786476 -47.02323841303587 0
    endloop
  endfacet
  facet normal 0 0 -1
    outer loop
      vertex -46.46000000089407 -47.16276877373457 0
      vertex 47.02323841303587 -46.668821945786476 0
      vertex 46.85764501988888 -46.85764501988888 0
    endloop
  endfacet
  facet normal 0 0 -1
    outer loop
      vertex -46.668821945786476 -47.02323841303587 0
      vertex 47.16276877373457 -46.46000000089407 0
      vertex 47.02323841303587 -46.668821945786476 0
    endloop
  endfacet
  facet normal 0 0 -1
    outer loop
      vertex -46.85764501988888 -46.85764501988888 0
      vertex 47.273848704993725 -46.2347521930933 0
      vertex 47.16276877373457 -46.46000000089407 0
    endloop
  endfacet
  facet normal 0 0 -1
    outer loop
      vertex -47.02323841303587 -46.668821945786476 0
      vertex 47.3545775860548 -45.996932566165924 0
      vertex 47.273848704993725 -46.2347521930933 0
    endloop
  endfacet
  facet normal 0 0 -1
    outer loop
      vertex -47.16276877373457 -46.46000000089407 0
      vertex 47.403574131429195 -45.750610291957855 0
      vertex 47.3545775860548 -45.996932566165924 0
    endloop
  endfacet
  facet normal 0 0 -1
    outer loop
      vertex -47.273848704993725 -46.2347521930933 0
      vertex 47.42000000178814 -45.5 0
      vertex 47.403574131429195 -45.750610291957855 0
    endloop
  endfacet
  facet normal 0 0 -1
    outer loop
      vertex 47.42000000178814 -45.5 0
      vertex -8.387706508215857 -20.878207252018058 0
      vertex -0.6122934917841437 -20.878207252018058 0
    endloop
  endfacet
  facet normal 0 0 -1
    outer loop
      vertex 47.42000000178814 -45.5 0
      vertex -0.6122934917841437 -20.878207252018058 0
      vertex -0.4141104721640332 -20.94548132206251 0
    endloop
  endfacet
  facet normal 0 0 -1
    outer loop
      vertex 47.42000000178814 -45.5 0
      vertex -0.4141104721640332 -20.94548132206251 0
      vertex -0.20884190755208254 -20.986311778198097 0
    endloop
  endfacet
  facet normal 0 0 -1
    outer loop
      vertex 47.42000000178814 -45.5 0
      vertex -0.20884190755208254 -20.986311778198097 0
      vertex 0 -21 0
    endloop
  endfacet
  facet normal 0 0 -1
    outer loop
      vertex 47.42000000178814 -45.5 0
      vertex 0 -21 0
      vertex 0.20884190755208254 -20.986311778198097 0
    endloop
  endfacet
  facet normal 0 0 -1
    outer loop
      vertex 47.42000000178814 -45.5 0
      vertex 0.20884190755208254 -20.986311778198097 0
      vertex 0.4141104721640332 -20.94548132206251 0
    endloop
  endfacet
  facet normal 0 0 -1
    outer loop
      vertex 47.42000000178814 -45.5 0
      vertex 0.4141104721640332 -20.94548132206251 0
      vertex 0.6122934917841437 -20.878207252018058 0
    endloop
  endfacet
  facet normal 0 0 -1
    outer loop
      vertex 47.42000000178814 -45.5 0
      vertex 0.6122934917841437 -20.878207252018058 0
      vertex 8.387706508215857 -20.878207252018058 0
    endloop
  endfacet
  facet normal 0 0 -1
    outer loop
      vertex 47.42000000178814 -45.5 0
      vertex 8.387706508215857 -20.878207252018058 0
      vertex 8.585889527835967 -20.94548132206251 0
    endloop
  endfacet
  facet normal 0 0 -1
    outer loop
      vertex 47.42000000178814 -45.5 0
      vertex 8.585889527835967 -20.94548132206251 0
      vertex 8.791158092447917 -20.986311778198097 0
    endloop
  endfacet
  facet normal 0 0 -1
    outer loop
      vertex 47.42000000178814 -45.5 0
      vertex 8.791158092447917 -20.986311778198097 0
      vertex 9 -21 0
    endloop
  endfacet
  facet normal 0 -1 0
    outer loop
      vertex -9 -47.42000000178814 2.2
      vertex 45.5 -47.42000000178814 0
      vertex 9 -47.42000000178814 2.2
    endloop
  endfacet
  facet normal 0 0 -1
    outer loop
      vertex 0.8 -20.7856406460551 0
      vertex 8.387706508215857 -20.878207252018058 0
      vertex 0.6122934917841437 -20.878207252018058 0
    endloop
  endfacet
  facet normal 0 0 -1
    outer loop
      vertex 0.974018286413953 -20.669365344465973 0
      vertex 8.2 -20.7856406460551 0
      vertex 0.8 -20.7856406460551 0
    endloop
  endfacet
  facet normal 0 0 -1
    outer loop
      vertex 1.1313708498984762 -20.531370849898476 0
      vertex 8.025981713586047 -20.669365344465973 0
      vertex 0.974018286413953 -20.669365344465973 0
    endloop
  endfacet
  facet normal 0 0 -1
    outer loop
      vertex 1.2693653444659763 -20.37401828641395 0
      vertex 7.8686291501015235 -20.531370849898476 0
      vertex 1.1313708498984762 -20.531370849898476 0
    endloop
  endfacet
  facet normal 0 0 -1
    outer loop
      vertex 1.3856406460551018 -20.2 0
      vertex 7.730634655534024 -20.37401828641395 0
      vertex 1.2693653444659763 -20.37401828641395 0
    endloop
  endfacet
  facet normal 0 0 -1
    outer loop
      vertex 1.478207252018059 -20.012293491784142 0
      vertex 7.614359353944899 -20.2 0
      vertex 1.3856406460551018 -20.2 0
    endloop
  endfacet
  facet normal 0 0 -1
    outer loop
      vertex 1.5454813220625094 -19.81411047216403 0
      vertex 7.521792747981941 -20.012293491784142 0
      vertex 1.478207252018059 -20.012293491784142 0
    endloop
  endfacet
  facet normal 0 0 -1
    outer loop
      vertex 1.5863117781980967 -19.60884190755208 0
      vertex 7.45451867793749 -19.81411047216403 0
      vertex 1.5454813220625094 -19.81411047216403 0
    endloop
  endfacet
  facet normal 0 0 -1
    outer loop
      vertex 1.6 -19.4 0
      vertex 7.413688221801904 -19.60884190755208 0
      vertex 1.5863117781980967 -19.60884190755208 0
    endloop
  endfacet
  facet normal 0 0 -1
    outer loop
      vertex 7.730634655534024 -20.37401828641395 0
      vertex 1.3856406460551018 -20.2 0
      vertex 7.614359353944899 -20.2 0
    endloop
  endfacet
  facet normal 0 0 -1
    outer loop
      vertex 0.974018286413953 -20.669365344465973 0
      vertex 8.025981713586047 -20.669365344465973 0
      vertex 8.2 -20.7856406460551 0
    endloop
  endfacet
  facet normal 0 0 -1
    outer loop
      vertex 1.1313708498984762 -20.531370849898476 0
      vertex 7.8686291501015235 -20.531370849898476 0
      vertex 8.025981713586047 -20.669365344465973 0
    endloop
  endfacet
  facet normal 0 0 -1
    outer loop
      vertex 8.387706508215857 -20.878207252018058 0
      vertex 0.8 -20.7856406460551 0
      vertex 8.2 -20.7856406460551 0
    endloop
  endfacet
  facet normal 0 0 -1
    outer loop
      vertex 1.2693653444659763 -20.37401828641395 0
      vertex 7.730634655534024 -20.37401828641395 0
      vertex 7.8686291501015235 -20.531370849898476 0
    endloop
  endfacet
  facet normal 0 0 -1
    outer loop
      vertex 7.614359353944899 -20.2 0
      vertex 1.478207252018059 -20.012293491784142 0
      vertex 7.521792747981941 -20.012293491784142 0
    endloop
  endfacet
  facet normal 0 0 -1
    outer loop
      vertex 1.5454813220625094 -19.81411047216403 0
      vertex 7.45451867793749 -19.81411047216403 0
      vertex 7.521792747981941 -20.012293491784142 0
    endloop
  endfacet
  facet normal 0 0 -1
    outer loop
      vertex 7.45451867793749 -19.81411047216403 0
      vertex 1.5863117781980967 -19.60884190755208 0
      vertex 7.413688221801904 -19.60884190755208 0
    endloop
  endfacet
  facet normal 0 0 -1
    outer loop
      vertex 7.413688221801904 -19.60884190755208 0
      vertex 1.6 -19.4 0
      vertex 7.4 -19.4 0
    endloop
  endfacet
  facet normal 0 0 -1
    outer loop
      vertex 1.6 19.4 0
      vertex 7.4 -19.4 0
      vertex 1.6 -19.4 0
    endloop
  endfacet
  facet normal 0 0 -1
    outer loop
      vertex 9.208841907552083 -20.986311778198097 0
      vertex 17.585889527835967 -20.94548132206251 0
      vertex 9 -21 0
    endloop
  endfacet
  facet normal 0 0 -1
    outer loop
      vertex 9.414110472164033 -20.94548132206251 0
      vertex 17.585889527835967 -20.94548132206251 0
      vertex 9.208841907552083 -20.986311778198097 0
    endloop
  endfacet
  facet normal 0 0 -1
    outer loop
      vertex 9.612293491784143 -20.878207252018058 0
      vertex 17.585889527835967 -20.94548132206251 0
      vertex 9.414110472164033 -20.94548132206251 0
    endloop
  endfacet
  facet normal 0 0 -1
    outer loop
      vertex 9.612293491784143 -20.878207252018058 0
      vertex 17.387706508215857 -20.878207252018058 0
      vertex 17.585889527835967 -20.94548132206251 0
    endloop
  endfacet
  facet normal 0 0 -1
    outer loop
      vertex 9.8 -20.7856406460551 0
      vertex 17.387706508215857 -20.878207252018058 0
      vertex 9.612293491784143 -20.878207252018058 0
    endloop
  endfacet
  facet normal 0 0 -1
    outer loop
      vertex 9.974018286413953 -20.669365344465973 0
      vertex 17.2 -20.7856406460551 0
      vertex 9.8 -20.7856406460551 0
    endloop
  endfacet
  facet normal 0 0 -1
    outer loop
      vertex 9.974018286413953 -20.669365344465973 0
      vertex 10.131370849898476 -20.531370849898476 0
      vertex 17.02598171358605 -20.669365344465973 0
    endloop
  endfacet
  facet normal 0 0 -1
    outer loop
      vertex 10.131370849898476 -20.531370849898476 0
      vertex 10.269365344465976 -20.37401828641395 0
      vertex 16.868629150101523 -20.531370849898476 0
    endloop
  endfacet
  facet normal 0 0 -1
    outer loop
      vertex 10.385640646055101 -20.2 0
      vertex 16.730634655534026 -20.37401828641395 0
      vertex 10.269365344465976 -20.37401828641395 0
    endloop
  endfacet
  facet normal 0 0 -1
    outer loop
      vertex 10.47820725201806 -20.012293491784142 0
      vertex 16.6143593539449 -20.2 0
      vertex 10.385640646055101 -20.2 0
    endloop
  endfacet
  facet normal 0 0 -1
    outer loop
      vertex 10.545481322062509 -19.81411047216403 0
      vertex 16.52179274798194 -20.012293491784142 0
      vertex 10.47820725201806 -20.012293491784142 0
    endloop
  endfacet
  facet normal 0 0 -1
    outer loop
      vertex 10.586311778198096 -19.60884190755208 0
      vertex 16.45451867793749 -19.81411047216403 0
      vertex 10.545481322062509 -19.81411047216403 0
    endloop
  endfacet
  facet normal 0 0 -1
    outer loop
      vertex 10.6 -19.4 0
      vertex 16.413688221801902 -19.60884190755208 0
      vertex 10.586311778198096 -19.60884190755208 0
    endloop
  endfacet
  facet normal 0 0 -1
    outer loop
      vertex 10.131370849898476 -20.531370849898476 0
      vertex 16.868629150101523 -20.531370849898476 0
      vertex 17.02598171358605 -20.669365344465973 0
    endloop
  endfacet
  facet normal 0 0 -1
    outer loop
      vertex 9.8 -20.7856406460551 0
      vertex 17.2 -20.7856406460551 0
      vertex 17.387706508215857 -20.878207252018058 0
    endloop
  endfacet
  facet normal 0 0 -1
    outer loop
      vertex 9.974018286413953 -20.669365344465973 0
      vertex 17.02598171358605 -20.669365344465973 0
      vertex 17.2 -20.7856406460551 0
    endloop
  endfacet
  facet normal 0 0 -1
    outer loop
      vertex 10.269365344465976 -20.37401828641395 0
      vertex 16.730634655534026 -20.37401828641395 0
      vertex 16.868629150101523 -20.531370849898476 0
    endloop
  endfacet
  facet normal 0 0 -1
    outer loop
      vertex 16.730634655534026 -20.37401828641395 0
      vertex 10.385640646055101 -20.2 0
      vertex 16.6143593539449 -20.2 0
    endloop
  endfacet
  facet normal 0 0 -1
    outer loop
      vertex 10.545481322062509 -19.81411047216403 0
      vertex 16.45451867793749 -19.81411047216403 0
      vertex 16.52179274798194 -20.012293491784142 0
    endloop
  endfacet
  facet normal 0 0 -1
    outer loop
      vertex 10.586311778198096 -19.60884190755208 0
      vertex 16.413688221801902 -19.60884190755208 0
      vertex 16.45451867793749 -19.81411047216403 0
    endloop
  endfacet
  facet normal 0 0 -1
    outer loop
      vertex 10.6 -19.4 0
      vertex 16.4 -19.4 0
      vertex 16.413688221801902 -19.60884190755208 0
    endloop
  endfacet
  facet normal 0 0 -1
    outer loop
      vertex 16.6143593539449 -20.2 0
      vertex 10.47820725201806 -20.012293491784142 0
      vertex 16.52179274798194 -20.012293491784142 0
    endloop
  endfacet
  facet normal 0 0 -1
    outer loop
      vertex 18.8 -20.7856406460551 0
      vertex 26.387706508215857 -20.878207252018058 0
      vertex 18.612293491784143 -20.878207252018058 0
    endloop
  endfacet
  facet normal 0 0 -1
    outer loop
      vertex 18.97401828641395 -20.669365344465973 0
      vertex 26.2 -20.7856406460551 0
      vertex 18.8 -20.7856406460551 0
    endloop
  endfacet
  facet normal 0 0 -1
    outer loop
      vertex 19.131370849898477 -20.531370849898476 0
      vertex 26.02598171358605 -20.669365344465973 0
      vertex 18.97401828641395 -20.669365344465973 0
    endloop
  endfacet
  facet normal 0 0 -1
    outer loop
      vertex 19.269365344465974 -20.37401828641395 0
      vertex 25.868629150101523 -20.531370849898476 0
      vertex 19.131370849898477 -20.531370849898476 0
    endloop
  endfacet
  facet normal 0 0 -1
    outer loop
      vertex 19.3856406460551 -20.2 0
      vertex 25.730634655534026 -20.37401828641395 0
      vertex 19.269365344465974 -20.37401828641395 0
    endloop
  endfacet
  facet normal 0 0 -1
    outer loop
      vertex 19.47820725201806 -20.012293491784142 0
      vertex 25.6143593539449 -20.2 0
      vertex 19.3856406460551 -20.2 0
    endloop
  endfacet
  facet normal 0 0 -1
    outer loop
      vertex 19.54548132206251 -19.81411047216403 0
      vertex 25.52179274798194 -20.012293491784142 0
      vertex 19.47820725201806 -20.012293491784142 0
    endloop
  endfacet
  facet normal 0 0 -1
    outer loop
      vertex 19.586311778198098 -19.60884190755208 0
      vertex 25.45451867793749 -19.81411047216403 0
      vertex 19.54548132206251 -19.81411047216403 0
    endloop
  endfacet
  facet normal 0 0 -1
    outer loop
      vertex 19.6 -19.4 0
      vertex 25.413688221801902 -19.60884190755208 0
      vertex 19.586311778198098 -19.60884190755208 0
    endloop
  endfacet
  facet normal 0 0 -1
    outer loop
      vertex 18.97401828641395 -20.669365344465973 0
      vertex 26.02598171358605 -20.669365344465973 0
      vertex 26.2 -20.7856406460551 0
    endloop
  endfacet
  facet normal 0 0 -1
    outer loop
      vertex 18.8 -20.7856406460551 0
      vertex 26.2 -20.7856406460551 0
      vertex 26.387706508215857 -20.878207252018058 0
    endloop
  endfacet
  facet normal 0 0 -1
    outer loop
      vertex 19.131370849898477 -20.531370849898476 0
      vertex 25.868629150101523 -20.531370849898476 0
      vertex 26.02598171358605 -20.669365344465973 0
    endloop
  endfacet
  facet normal 0 0 -1
    outer loop
      vertex 19.269365344465974 -20.37401828641395 0
      vertex 25.730634655534026 -20.37401828641395 0
      vertex 25.868629150101523 -20.531370849898476 0
    endloop
  endfacet
  facet normal 0 0 -1
    outer loop
      vertex 19.3856406460551 -20.2 0
      vertex 25.6143593539449 -20.2 0
      vertex 25.730634655534026 -20.37401828641395 0
    endloop
  endfacet
  facet normal 0 0 -1
    outer loop
      vertex 19.47820725201806 -20.012293491784142 0
      vertex 25.52179274798194 -20.012293491784142 0
      vertex 25.6143593539449 -20.2 0
    endloop
  endfacet
  facet normal 0 0 -1
    outer loop
      vertex 19.54548132206251 -19.81411047216403 0
      vertex 25.45451867793749 -19.81411047216403 0
      vertex 25.52179274798194 -20.012293491784142 0
    endloop
  endfacet
  facet normal 0 0 -1
    outer loop
      vertex 19.586311778198098 -19.60884190755208 0
      vertex 25.413688221801902 -19.60884190755208 0
      vertex 25.45451867793749 -19.81411047216403 0
    endloop
  endfacet
  facet normal 0 0 -1
    outer loop
      vertex 19.6 -19.4 0
      vertex 25.4 -19.4 0
      vertex 25.413688221801902 -19.60884190755208 0
    endloop
  endfacet
  facet normal 0 0 -1
    outer loop
      vertex 10.6 19.4 0
      vertex 16.4 -19.4 0
      vertex 10.6 -19.4 0
    endloop
  endfacet
  facet normal 0 0 -1
    outer loop
      vertex 19.6 -19.4 0
      vertex 19.6 19.4 0
      vertex 25.4 -19.4 0
    endloop
  endfacet
  facet normal 0 0 -1
    outer loop
      vertex 47.42000000178814 -45.5 0
      vertex 9 -21 0
      vertex 17.585889527835967 -20.94548132206251 0
    endloop
  endfacet
  facet normal 0 0 -1
    outer loop
      vertex 47.42000000178814 -45.5 0
      vertex 17.585889527835967 -20.94548132206251 0
      vertex 17.79115809244792 -20.986311778198097 0
    endloop
  endfacet
  facet normal 0 0 -1
    outer loop
      vertex 47.42000000178814 -45.5 0
      vertex 17.79115809244792 -20.986311778198097 0
      vertex 18 -21 0
    endloop
  endfacet
  facet normal 0 0 -1
    outer loop
      vertex 47.42000000178814 -45.5 0
      vertex 18 -21 0
      vertex 18.20884190755208 -20.986311778198097 0
    endloop
  endfacet
  facet normal 0 0 -1
    outer loop
      vertex 47.42000000178814 -45.5 0
      vertex 18.20884190755208 -20.986311778198097 0
      vertex 18.414110472164033 -20.94548132206251 0
    endloop
  endfacet
  facet normal 0 0 -1
    outer loop
      vertex 47.42000000178814 -45.5 0
      vertex 18.414110472164033 -20.94548132206251 0
      vertex 18.612293491784143 -20.878207252018058 0
    endloop
  endfacet
  facet normal 0 0 -1
    outer loop
      vertex 47.42000000178814 -45.5 0
      vertex 18.612293491784143 -20.878207252018058 0
      vertex 26.387706508215857 -20.878207252018058 0
    endloop
  endfacet
  facet normal 0 0 -1
    outer loop
      vertex 47.42000000178814 -45.5 0
      vertex 26.387706508215857 -20.878207252018058 0
      vertex 26.585889527835967 -20.94548132206251 0
    endloop
  endfacet
  facet normal 0 0 -1
    outer loop
      vertex 47.42000000178814 -45.5 0
      vertex 26.585889527835967 -20.94548132206251 0
      vertex 26.79115809244792 -20.986311778198097 0
    endloop
  endfacet
  facet normal 0 0 -1
    outer loop
      vertex 47.42000000178814 -45.5 0
      vertex 26.79115809244792 -20.986311778198097 0
      vertex 27 -21 0
    endloop
  endfacet
  facet normal 0 0 -1
    outer loop
      vertex 47.42000000178814 -45.5 0
      vertex 27 -21 0
      vertex 27.20884190755208 -20.986311778198097 0
    endloop
  endfacet
  facet normal 0 0 -1
    outer loop
      vertex 47.42000000178814 -45.5 0
      vertex 27.20884190755208 -20.986311778198097 0
      vertex 27.414110472164033 -20.94548132206251 0
    endloop
  endfacet
  facet normal 0 0 -1
    outer loop
      vertex 47.42000000178814 -45.5 0
      vertex 27.414110472164033 -20.94548132206251 0
      vertex 27.612293491784143 -20.878207252018058 0
    endloop
  endfacet
  facet normal 0 0 -1
    outer loop
      vertex 47.42000000178814 -45.5 0
      vertex 27.612293491784143 -20.878207252018058 0
      vertex 27.8 -20.7856406460551 0
    endloop
  endfacet
  facet normal 0 0 -1
    outer loop
      vertex 47.42000000178814 -45.5 0
      vertex 27.8 -20.7856406460551 0
      vertex 27.97401828641395 -20.669365344465973 0
    endloop
  endfacet
  facet normal 0 0 -1
    outer loop
      vertex 47.42000000178814 -45.5 0
      vertex 27.97401828641395 -20.669365344465973 0
      vertex 28.131370849898477 -20.531370849898476 0
    endloop
  endfacet
  facet normal 0 0 -1
    outer loop
      vertex 47.42000000178814 -45.5 0
      vertex 28.131370849898477 -20.531370849898476 0
      vertex 28.269365344465974 -20.37401828641395 0
    endloop
  endfacet
  facet normal 0 0 -1
    outer loop
      vertex 47.42000000178814 -45.5 0
      vertex 28.269365344465974 -20.37401828641395 0
      vertex 28.3856406460551 -20.2 0
    endloop
  endfacet
  facet normal 0 0 -1
    outer loop
      vertex 47.42000000178814 -45.5 0
      vertex 28.3856406460551 -20.2 0
      vertex 28.47820725201806 -20.012293491784142 0
    endloop
  endfacet
  facet normal 0 0 -1
    outer loop
      vertex 47.42000000178814 -45.5 0
      vertex 28.47820725201806 -20.012293491784142 0
      vertex 28.54548132206251 -19.81411047216403 0
    endloop
  endfacet
  facet normal 0 0 -1
    outer loop
      vertex 47.42000000178814 -45.5 0
      vertex 28.54548132206251 -19.81411047216403 0
      vertex 28.586311778198098 -19.60884190755208 0
    endloop
  endfacet
  facet normal 0 0 -1
    outer loop
      vertex 47.42000000178814 -45.5 0
      vertex 28.586311778198098 -19.60884190755208 0
      vertex 28.6 -19.4 0
    endloop
  endfacet
  facet normal 0 0 -1
    outer loop
      vertex 45.5 -47.42000000178814 0
      vertex 45.996932566165924 -47.3545775860548 0
      vertex 45.750610291957855 -47.403574131429195 0
    endloop
  endfacet
  facet normal 0.06540314511618718 -0.997858922197377 0
    outer loop
      vertex 45.5 -47.42000000178814 0
      vertex 45.750610291957855 -47.403574131429195 0
      vertex 45.5 -47.42000000178814 2.2
    endloop
  endfacet
  facet normal 0.19509031693473738 -0.980785281413982 0
    outer loop
      vertex 45.750610291957855 -47.403574131429195 0
      vertex 45.996932566165924 -47.3545775860548 0
      vertex 45.750610291957855 -47.403574131429195 2.2
    endloop
  endfacet
  facet normal 0.32143945051950196 -0.9469301345134817 0
    outer loop
      vertex 45.996932566165924 -47.3545775860548 0
      vertex 46.2347521930933 -47.273848704993725 0
      vertex 45.996932566165924 -47.3545775860548 2.2
    endloop
  endfacet
  facet normal 0.44228870661301933 -0.8968727334480532 0
    outer loop
      vertex 46.2347521930933 -47.273848704993725 0
      vertex 46.46000000089407 -47.16276877373457 0
      vertex 46.2347521930933 -47.273848704993725 2.2
    endloop
  endfacet
  facet normal 0.5555702274944208 -0.8314696159943533 0
    outer loop
      vertex 46.46000000089407 -47.16276877373457 0
      vertex 46.668821945786476 -47.02323841303587 0
      vertex 46.46000000089407 -47.16276877373457 2.2
    endloop
  endfacet
  facet normal 0.6593458184519452 -0.7518398045394609 0
    outer loop
      vertex 46.668821945786476 -47.02323841303587 0
      vertex 46.85764501988888 -46.85764501988888 0
      vertex 46.668821945786476 -47.02323841303587 2.2
    endloop
  endfacet
  facet normal 0.7518398045394609 -0.6593458184519452 0
    outer loop
      vertex 46.85764501988888 -46.85764501988888 0
      vertex 47.02323841303587 -46.668821945786476 0
      vertex 46.85764501988888 -46.85764501988888 2.2
    endloop
  endfacet
  facet normal 0.8314696159943533 -0.5555702274944208 0
    outer loop
      vertex 47.02323841303587 -46.668821945786476 0
      vertex 47.16276877373457 -46.46000000089407 0
      vertex 47.02323841303587 -46.668821945786476 2.2
    endloop
  endfacet
  facet normal 0.8968727334480532 -0.44228870661301933 0
    outer loop
      vertex 47.16276877373457 -46.46000000089407 0
      vertex 47.273848704993725 -46.2347521930933 0
      vertex 47.16276877373457 -46.46000000089407 2.2
    endloop
  endfacet
  facet normal 0.9469301345134817 -0.32143945051950196 0
    outer loop
      vertex 47.273848704993725 -46.2347521930933 0
      vertex 47.3545775860548 -45.996932566165924 0
      vertex 47.273848704993725 -46.2347521930933 2.2
    endloop
  endfacet
  facet normal 0.980785281413982 -0.19509031693473738 0
    outer loop
      vertex 47.3545775860548 -45.996932566165924 0
      vertex 47.403574131429195 -45.750610291957855 0
      vertex 47.3545775860548 -45.996932566165924 2.2
    endloop
  endfacet
  facet normal 0.997858922197377 -0.06540314511618718 0
    outer loop
      vertex 47.403574131429195 -45.750610291957855 0
      vertex 47.42000000178814 -45.5 0
      vertex 47.403574131429195 -45.750610291957855 2.2
    endloop
  endfacet
  facet normal 0 -1 0
    outer loop
      vertex 45.5 -47.42000000178814 0
      vertex 45.5 -47.42000000178814 2.2
      vertex 9 -47.42000000178814 2.2
    endloop
  endfacet
  facet normal 0.06540314511618718 -0.997858922197377 0
    outer loop
      vertex 45.750610291957855 -47.403574131429195 0
      vertex 45.750610291957855 -47.403574131429195 2.2
      vertex 45.5 -47.42000000178814 2.2
    endloop
  endfacet
  facet normal 0.19509031693473738 -0.980785281413982 0
    outer loop
      vertex 45.996932566165924 -47.3545775860548 0
      vertex 45.996932566165924 -47.3545775860548 2.2
      vertex 45.750610291957855 -47.403574131429195 2.2
    endloop
  endfacet
  facet normal 0.32143945051950196 -0.9469301345134817 0
    outer loop
      vertex 46.2347521930933 -47.273848704993725 0
      vertex 46.2347521930933 -47.273848704993725 2.2
      vertex 45.996932566165924 -47.3545775860548 2.2
    endloop
  endfacet
  facet normal 0.44228870661301933 -0.8968727334480532 0
    outer loop
      vertex 46.46000000089407 -47.16276877373457 0
      vertex 46.46000000089407 -47.16276877373457 2.2
      vertex 46.2347521930933 -47.273848704993725 2.2
    endloop
  endfacet
  facet normal 0.5555702274944208 -0.8314696159943533 0
    outer loop
      vertex 46.668821945786476 -47.02323841303587 0
      vertex 46.668821945786476 -47.02323841303587 2.2
      vertex 46.46000000089407 -47.16276877373457 2.2
    endloop
  endfacet
  facet normal 0.6593458184519452 -0.7518398045394609 0
    outer loop
      vertex 46.85764501988888 -46.85764501988888 0
      vertex 46.85764501988888 -46.85764501988888 2.2
      vertex 46.668821945786476 -47.02323841303587 2.2
    endloop
  endfacet
  facet normal 0.7518398045394609 -0.6593458184519452 0
    outer loop
      vertex 47.02323841303587 -46.668821945786476 0
      vertex 47.02323841303587 -46.668821945786476 2.2
      vertex 46.85764501988888 -46.85764501988888 2.2
    endloop
  endfacet
  facet normal 0.8314696159943533 -0.5555702274944208 0
    outer loop
      vertex 47.16276877373457 -46.46000000089407 0
      vertex 47.16276877373457 -46.46000000089407 2.2
      vertex 47.02323841303587 -46.668821945786476 2.2
    endloop
  endfacet
  facet normal 0.8968727334480532 -0.44228870661301933 0
    outer loop
      vertex 47.273848704993725 -46.2347521930933 0
      vertex 47.273848704993725 -46.2347521930933 2.2
      vertex 47.16276877373457 -46.46000000089407 2.2
    endloop
  endfacet
  facet normal 0.9469301345134817 -0.32143945051950196 0
    outer loop
      vertex 47.3545775860548 -45.996932566165924 0
      vertex 47.3545775860548 -45.996932566165924 2.2
      vertex 47.273848704993725 -46.2347521930933 2.2
    endloop
  endfacet
  facet normal 0.980785281413982 -0.19509031693473738 0
    outer loop
      vertex 47.403574131429195 -45.750610291957855 0
      vertex 47.403574131429195 -45.750610291957855 2.2
      vertex 47.3545775860548 -45.996932566165924 2.2
    endloop
  endfacet
  facet normal 0.997858922197377 -0.06540314511618718 0
    outer loop
      vertex 47.42000000178814 -45.5 0
      vertex 47.42000000178814 -45.5 2.2
      vertex 47.403574131429195 -45.750610291957855 2.2
    endloop
  endfacet
  facet normal 1 0 0
    outer loop
      vertex 47.42000000178814 -45.5 0
      vertex 47.42000000178814 -9 2.2
      vertex 47.42000000178814 -45.5 2.2
    endloop
  endfacet
  facet normal 0 0 -1
    outer loop
      vertex 28.6 -19.4 0
      vertex 28.6 19.4 0
      vertex 32.42 -5 0
    endloop
  endfacet
  facet normal 0 0 -1
    outer loop
      vertex 47.42000000178814 -45.5 0
      vertex 28.6 -19.4 0
      vertex 32.42 -5 0
    endloop
  endfacet
  facet normal 0 0 -1
    outer loop
      vertex 47.42000000178814 -45.5 0
      vertex 32.42 -5 0
      vertex 47.42000000178814 -5 0
    endloop
  endfacet
  facet normal 1 0 0
    outer loop
      vertex 47.42000000178814 -45.5 0
      vertex 47.42000000178814 -5 0
      vertex 47.42000000178814 -5 2.2
    endloop
  endfacet
  facet normal 1 0 0
    outer loop
      vertex 47.42000000178814 -45.5 0
      vertex 47.42000000178814 -5 2.2
      vertex 47.42000000178814 -9 2.2
    endloop
  endfacet
  facet normal 0 0 1
    outer loop
      vertex -40.42652092974119 -43.09536880411784 2.2
      vertex 25.6143593539449 -20.2 2.2
      vertex 18.612293491784143 -20.878207252018058 2.2
    endloop
  endfacet
  facet normal 0 0 1
    outer loop
      vertex -40.42652092974119 -43.09536880411784 2.2
      vertex 26.585889527835967 -20.94548132206251 2.2
      vertex 26.387706508215857 -20.878207252018058 2.2
    endloop
  endfacet
  facet normal 0 0 1
    outer loop
      vertex -40.42652092974119 -43.09536880411784 2.2
      vertex 26.79115809244792 -20.986311778198097 2.2
      vertex 26.585889527835967 -20.94548132206251 2.2
    endloop
  endfacet
  facet normal 0 0 1
    outer loop
      vertex -40.42652092974119 -43.09536880411784 2.2
      vertex 27 -21 2.2
      vertex 26.79115809244792 -20.986311778198097 2.2
    endloop
  endfacet
  facet normal 0 0 1
    outer loop
      vertex -40.42652092974119 -43.09536880411784 2.2
      vertex 25.730634655534026 -20.37401828641395 2.2
      vertex 25.6143593539449 -20.2 2.2
    endloop
  endfacet
  facet normal 0 0 1
    outer loop
      vertex -40.42652092974119 -43.09536880411784 2.2
      vertex 25.868629150101523 -20.531370849898476 2.2
      vertex 25.730634655534026 -20.37401828641395 2.2
    endloop
  endfacet
  facet normal 0 0 1
    outer loop
      vertex -40.42652092974119 -43.09536880411784 2.2
      vertex 26.02598171358605 -20.669365344465973 2.2
      vertex 25.868629150101523 -20.531370849898476 2.2
    endloop
  endfacet
  facet normal 0 0 1
    outer loop
      vertex -40.42652092974119 -43.09536880411784 2.2
      vertex 26.2 -20.7856406460551 2.2
      vertex 26.02598171358605 -20.669365344465973 2.2
    endloop
  endfacet
  facet normal 0 0 1
    outer loop
      vertex -40.42652092974119 -43.09536880411784 2.2
      vertex 26.387706508215857 -20.878207252018058 2.2
      vertex 26.2 -20.7856406460551 2.2
    endloop
  endfacet
  facet normal 0 0 1
    outer loop
      vertex -40.42652092974119 -43.09536880411784 2.2
      vertex 27.20884190755208 -20.986311778198097 2.2
      vertex 27 -21 2.2
    endloop
  endfacet
  facet normal 0 0 1
    outer loop
      vertex -40.42652092974119 -43.09536880411784 2.2
      vertex 27.414110472164033 -20.94548132206251 2.2
      vertex 27.20884190755208 -20.986311778198097 2.2
    endloop
  endfacet
  facet normal 0 0 1
    outer loop
      vertex -40.42652092974119 -43.09536880411784 2.2
      vertex 43.5 -40.4 2.2
      vertex 27.414110472164033 -20.94548132206251 2.2
    endloop
  endfacet
  facet normal 0 0 1
    outer loop
      vertex -42.2244043469191 -46.32000000029802 2.2
      vertex 42.2244043469191 -46.32000000029802 2.2
      vertex 41.95 -46.18467875173176 2.2
    endloop
  endfacet
  facet normal 0 0 1
    outer loop
      vertex -42.2244043469191 -46.32000000029802 2.2
      vertex 41.95 -46.18467875173176 2.2
      vertex 41.612839570072964 -45.95939535490283 2.2
    endloop
  endfacet
  facet normal 0 0 1
    outer loop
      vertex -41.95 -46.18467875173176 2.2
      vertex 41.612839570072964 -45.95939535490283 2.2
      vertex 41.3079689783217 -45.6920310216783 2.2
    endloop
  endfacet
  facet normal 0 0 1
    outer loop
      vertex -41.04060464509717 -45.387160429927036 2.2
      vertex 41.3079689783217 -45.6920310216783 2.2
      vertex 41.04060464509717 -45.387160429927036 2.2
    endloop
  endfacet
  facet normal 0 0 1
    outer loop
      vertex -40.81532124826824 -45.05 2.2
      vertex 41.04060464509717 -45.387160429927036 2.2
      vertex 40.81532124826824 -45.05 2.2
    endloop
  endfacet
  facet normal 0 0 1
    outer loop
      vertex -40.63597344921501 -44.68631864033178 2.2
      vertex 40.81532124826824 -45.05 2.2
      vertex 40.63597344921501 -44.68631864033178 2.2
    endloop
  endfacet
  facet normal 0 0 1
    outer loop
      vertex -40.50562993850389 -44.30233903981782 2.2
      vertex 40.63597344921501 -44.68631864033178 2.2
      vertex 40.50562993850389 -44.30233903981782 2.2
    endloop
  endfacet
  facet normal 0 0 1
    outer loop
      vertex -40.42652092974119 -43.90463119588216 2.2
      vertex 40.50562993850389 -44.30233903981782 2.2
      vertex 40.42652092974119 -43.90463119588216 2.2
    endloop
  endfacet
  facet normal 0 0 1
    outer loop
      vertex -40.4 -43.5 2.2
      vertex 40.42652092974119 -43.90463119588216 2.2
      vertex 40.4 -43.5 2.2
    endloop
  endfacet
  facet normal 0 0 1
    outer loop
      vertex -40.42652092974119 -43.09536880411784 2.2
      vertex 40.4 -43.5 2.2
      vertex 40.42652092974119 -43.09536880411784 2.2
    endloop
  endfacet
  facet normal 0 0 1
    outer loop
      vertex -40.42652092974119 -43.09536880411784 2.2
      vertex 40.42652092974119 -43.09536880411784 2.2
      vertex 40.50562993850389 -42.69766096018218 2.2
    endloop
  endfacet
  facet normal 0 0 1
    outer loop
      vertex -40.42652092974119 -43.09536880411784 2.2
      vertex 40.50562993850389 -42.69766096018218 2.2
      vertex 40.63597344921501 -42.31368135966822 2.2
    endloop
  endfacet
  facet normal 0 0 1
    outer loop
      vertex -40.42652092974119 -43.09536880411784 2.2
      vertex 40.63597344921501 -42.31368135966822 2.2
      vertex 40.81532124826824 -41.95 2.2
    endloop
  endfacet
  facet normal 0 0 1
    outer loop
      vertex -40.42652092974119 -43.09536880411784 2.2
      vertex 40.81532124826824 -41.95 2.2
      vertex 41.04060464509717 -41.612839570072964 2.2
    endloop
  endfacet
  facet normal 0 0 1
    outer loop
      vertex -40.42652092974119 -43.09536880411784 2.2
      vertex 41.04060464509717 -41.612839570072964 2.2
      vertex 41.3079689783217 -41.3079689783217 2.2
    endloop
  endfacet
  facet normal 0 0 1
    outer loop
      vertex -40.42652092974119 -43.09536880411784 2.2
      vertex 41.3079689783217 -41.3079689783217 2.2
      vertex 41.612839570072964 -41.04060464509717 2.2
    endloop
  endfacet
  facet normal 0 0 1
    outer loop
      vertex -40.42652092974119 -43.09536880411784 2.2
      vertex 41.612839570072964 -41.04060464509717 2.2
      vertex 41.95 -40.81532124826824 2.2
    endloop
  endfacet
  facet normal 0 0 1
    outer loop
      vertex -40.42652092974119 -43.09536880411784 2.2
      vertex 41.95 -40.81532124826824 2.2
      vertex 42.31368135966822 -40.63597344921501 2.2
    endloop
  endfacet
  facet normal 0 0 1
    outer loop
      vertex -40.42652092974119 -43.09536880411784 2.2
      vertex 42.31368135966822 -40.63597344921501 2.2
      vertex 42.69766096018218 -40.50562993850389 2.2
    endloop
  endfacet
  facet normal 0 0 1
    outer loop
      vertex -40.42652092974119 -43.09536880411784 2.2
      vertex 42.69766096018218 -40.50562993850389 2.2
      vertex 43.09536880411784 -40.42652092974119 2.2
    endloop
  endfacet
  facet normal 0 0 1
    outer loop
      vertex -40.42652092974119 -43.09536880411784 2.2
      vertex 43.09536880411784 -40.42652092974119 2.2
      vertex 43.5 -40.4 2.2
    endloop
  endfacet
  facet normal 0 0 1
    outer loop
      vertex 0.6122934917841437 -20.878207252018058 2.2
      vertex 8.2 -20.7856406460551 2.2
      vertex 0.8 -20.7856406460551 2.2
    endloop
  endfacet
  facet normal 0 0 1
    outer loop
      vertex 0.8 -20.7856406460551 2.2
      vertex 8.025981713586047 -20.669365344465973 2.2
      vertex 0.974018286413953 -20.669365344465973 2.2
    endloop
  endfacet
  facet normal 0 0 1
    outer loop
      vertex 0.974018286413953 -20.669365344465973 2.2
      vertex 7.8686291501015235 -20.531370849898476 2.2
      vertex 1.1313708498984762 -20.531370849898476 2.2
    endloop
  endfacet
  facet normal 0 0 1
    outer loop
      vertex 1.1313708498984762 -20.531370849898476 2.2
      vertex 7.730634655534024 -20.37401828641395 2.2
      vertex 1.2693653444659763 -20.37401828641395 2.2
    endloop
  endfacet
  facet normal 0 0 1
    outer loop
      vertex 1.2693653444659763 -20.37401828641395 2.2
      vertex 7.614359353944899 -20.2 2.2
      vertex 1.3856406460551018 -20.2 2.2
    endloop
  endfacet
  facet normal 0 0 1
    outer loop
      vertex 1.3856406460551018 -20.2 2.2
      vertex 7.521792747981941 -20.012293491784142 2.2
      vertex 1.478207252018059 -20.012293491784142 2.2
    endloop
  endfacet
  facet normal 0 0 1
    outer loop
      vertex 1.478207252018059 -20.012293491784142 2.2
      vertex 7.45451867793749 -19.81411047216403 2.2
      vertex 1.5454813220625094 -19.81411047216403 2.2
    endloop
  endfacet
  facet normal 0 0 1
    outer loop
      vertex 1.5454813220625094 -19.81411047216403 2.2
      vertex 7.413688221801904 -19.60884190755208 2.2
      vertex 1.5863117781980967 -19.60884190755208 2.2
    endloop
  endfacet
  facet normal 0 0 1
    outer loop
      vertex 1.5863117781980967 -19.60884190755208 2.2
      vertex 7.4 -19.4 2.2
      vertex 1.6 -19.4 2.2
    endloop
  endfacet
  facet normal 0 0 1
    outer loop
      vertex 1.1313708498984762 -20.531370849898476 2.2
      vertex 7.8686291501015235 -20.531370849898476 2.2
      vertex 7.730634655534024 -20.37401828641395 2.2
    endloop
  endfacet
  facet normal 0 0 1
    outer loop
      vertex 1.2693653444659763 -20.37401828641395 2.2
      vertex 7.730634655534024 -20.37401828641395 2.2
      vertex 7.614359353944899 -20.2 2.2
    endloop
  endfacet
  facet normal 0 0 1
    outer loop
      vertex 1.3856406460551018 -20.2 2.2
      vertex 7.614359353944899 -20.2 2.2
      vertex 7.521792747981941 -20.012293491784142 2.2
    endloop
  endfacet
  facet normal 0 0 1
    outer loop
      vertex 0.8 -20.7856406460551 2.2
      vertex 8.2 -20.7856406460551 2.2
      vertex 8.025981713586047 -20.669365344465973 2.2
    endloop
  endfacet
  facet normal 0 0 1
    outer loop
      vertex 0.6122934917841437 -20.878207252018058 2.2
      vertex 8.387706508215857 -20.878207252018058 2.2
      vertex 8.2 -20.7856406460551 2.2
    endloop
  endfacet
  facet normal 0 0 1
    outer loop
      vertex 0.974018286413953 -20.669365344465973 2.2
      vertex 8.025981713586047 -20.669365344465973 2.2
      vertex 7.8686291501015235 -20.531370849898476 2.2
    endloop
  endfacet
  facet normal 0 0 1
    outer loop
      vertex 1.478207252018059 -20.012293491784142 2.2
      vertex 7.521792747981941 -20.012293491784142 2.2
      vertex 7.45451867793749 -19.81411047216403 2.2
    endloop
  endfacet
  facet normal 0 0 1
    outer loop
      vertex 1.5454813220625094 -19.81411047216403 2.2
      vertex 7.45451867793749 -19.81411047216403 2.2
      vertex 7.413688221801904 -19.60884190755208 2.2
    endloop
  endfacet
  facet normal 0 0 1
    outer loop
      vertex 1.5863117781980967 -19.60884190755208 2.2
      vertex 7.413688221801904 -19.60884190755208 2.2
      vertex 7.4 -19.4 2.2
    endloop
  endfacet
  facet normal 0 0 1
    outer loop
      vertex 7.4 19.4 2.2
      vertex 1.6 -19.4 2.2
      vertex 7.4 -19.4 2.2
    endloop
  endfacet
  facet normal 0 0 1
    outer loop
      vertex 16.52179274798194 -20.012293491784142 2.2
      vertex 9.8 -20.7856406460551 2.2
      vertex 9.612293491784143 -20.878207252018058 2.2
    endloop
  endfacet
  facet normal 0 0 1
    outer loop
      vertex 16.52179274798194 -20.012293491784142 2.2
      vertex 9.974018286413953 -20.669365344465973 2.2
      vertex 9.8 -20.7856406460551 2.2
    endloop
  endfacet
  facet normal 0 0 1
    outer loop
      vertex 16.52179274798194 -20.012293491784142 2.2
      vertex 10.131370849898476 -20.531370849898476 2.2
      vertex 9.974018286413953 -20.669365344465973 2.2
    endloop
  endfacet
  facet normal 0 0 1
    outer loop
      vertex 16.52179274798194 -20.012293491784142 2.2
      vertex 10.269365344465976 -20.37401828641395 2.2
      vertex 10.131370849898476 -20.531370849898476 2.2
    endloop
  endfacet
  facet normal 0 0 1
    outer loop
      vertex 16.52179274798194 -20.012293491784142 2.2
      vertex 10.385640646055101 -20.2 2.2
      vertex 10.269365344465976 -20.37401828641395 2.2
    endloop
  endfacet
  facet normal 0 0 1
    outer loop
      vertex 10.385640646055101 -20.2 2.2
      vertex 16.52179274798194 -20.012293491784142 2.2
      vertex 10.47820725201806 -20.012293491784142 2.2
    endloop
  endfacet
  facet normal 0 0 1
    outer loop
      vertex 10.47820725201806 -20.012293491784142 2.2
      vertex 16.45451867793749 -19.81411047216403 2.2
      vertex 10.545481322062509 -19.81411047216403 2.2
    endloop
  endfacet
  facet normal 0 0 1
    outer loop
      vertex 10.545481322062509 -19.81411047216403 2.2
      vertex 16.413688221801902 -19.60884190755208 2.2
      vertex 10.586311778198096 -19.60884190755208 2.2
    endloop
  endfacet
  facet normal 0 0 1
    outer loop
      vertex 10.586311778198096 -19.60884190755208 2.2
      vertex 16.4 -19.4 2.2
      vertex 10.6 -19.4 2.2
    endloop
  endfacet
  facet normal 0 0 1
    outer loop
      vertex 10.47820725201806 -20.012293491784142 2.2
      vertex 16.52179274798194 -20.012293491784142 2.2
      vertex 16.45451867793749 -19.81411047216403 2.2
    endloop
  endfacet
  facet normal 0 0 1
    outer loop
      vertex 10.545481322062509 -19.81411047216403 2.2
      vertex 16.45451867793749 -19.81411047216403 2.2
      vertex 16.413688221801902 -19.60884190755208 2.2
    endloop
  endfacet
  facet normal 0 0 1
    outer loop
      vertex 10.586311778198096 -19.60884190755208 2.2
      vertex 16.413688221801902 -19.60884190755208 2.2
      vertex 16.4 -19.4 2.2
    endloop
  endfacet
  facet normal 0 0 1
    outer loop
      vertex 18.612293491784143 -20.878207252018058 2.2
      vertex 25.6143593539449 -20.2 2.2
      vertex 18.8 -20.7856406460551 2.2
    endloop
  endfacet
  facet normal 0 0 1
    outer loop
      vertex 18.8 -20.7856406460551 2.2
      vertex 25.6143593539449 -20.2 2.2
      vertex 18.97401828641395 -20.669365344465973 2.2
    endloop
  endfacet
  facet normal 0 0 1
    outer loop
      vertex 18.97401828641395 -20.669365344465973 2.2
      vertex 25.6143593539449 -20.2 2.2
      vertex 19.131370849898477 -20.531370849898476 2.2
    endloop
  endfacet
  facet normal 0 0 1
    outer loop
      vertex 19.131370849898477 -20.531370849898476 2.2
      vertex 25.6143593539449 -20.2 2.2
      vertex 19.269365344465974 -20.37401828641395 2.2
    endloop
  endfacet
  facet normal 0 0 1
    outer loop
      vertex 19.269365344465974 -20.37401828641395 2.2
      vertex 25.6143593539449 -20.2 2.2
      vertex 19.3856406460551 -20.2 2.2
    endloop
  endfacet
  facet normal 0 0 1
    outer loop
      vertex 19.3856406460551 -20.2 2.2
      vertex 25.52179274798194 -20.012293491784142 2.2
      vertex 19.47820725201806 -20.012293491784142 2.2
    endloop
  endfacet
  facet normal 0 0 1
    outer loop
      vertex 19.47820725201806 -20.012293491784142 2.2
      vertex 25.45451867793749 -19.81411047216403 2.2
      vertex 19.54548132206251 -19.81411047216403 2.2
    endloop
  endfacet
  facet normal 0 0 1
    outer loop
      vertex 19.54548132206251 -19.81411047216403 2.2
      vertex 25.4 -19.4 2.2
      vertex 19.586311778198098 -19.60884190755208 2.2
    endloop
  endfacet
  facet normal 0 0 1
    outer loop
      vertex 19.586311778198098 -19.60884190755208 2.2
      vertex 25.4 -19.4 2.2
      vertex 19.6 -19.4 2.2
    endloop
  endfacet
  facet normal 0 0 1
    outer loop
      vertex 19.3856406460551 -20.2 2.2
      vertex 25.6143593539449 -20.2 2.2
      vertex 25.52179274798194 -20.012293491784142 2.2
    endloop
  endfacet
  facet normal 0 0 1
    outer loop
      vertex 19.54548132206251 -19.81411047216403 2.2
      vertex 25.413688221801902 -19.60884190755208 2.2
      vertex 25.4 -19.4 2.2
    endloop
  endfacet
  facet normal 0 0 1
    outer loop
      vertex 19.47820725201806 -20.012293491784142 2.2
      vertex 25.52179274798194 -20.012293491784142 2.2
      vertex 25.45451867793749 -19.81411047216403 2.2
    endloop
  endfacet
  facet normal 0 0 1
    outer loop
      vertex 19.54548132206251 -19.81411047216403 2.2
      vertex 25.45451867793749 -19.81411047216403 2.2
      vertex 25.413688221801902 -19.60884190755208 2.2
    endloop
  endfacet
  facet normal 0 0 1
    outer loop
      vertex 16.4 19.4 2.2
      vertex 10.6 -19.4 2.2
      vertex 16.4 -19.4 2.2
    endloop
  endfacet
  facet normal 0 0 1
    outer loop
      vertex 19.6 19.4 2.2
      vertex 19.6 -19.4 2.2
      vertex 25.4 -19.4 2.2
    endloop
  endfacet
  facet normal 0 0 1
    outer loop
      vertex 43.5 -40.4 2.2
      vertex 27.612293491784143 -20.878207252018058 2.2
      vertex 27.414110472164033 -20.94548132206251 2.2
    endloop
  endfacet
  facet normal 0 0 1
    outer loop
      vertex 43.5 -40.4 2.2
      vertex 27.8 -20.7856406460551 2.2
      vertex 27.612293491784143 -20.878207252018058 2.2
    endloop
  endfacet
  facet normal 0 0 1
    outer loop
      vertex 43.5 -40.4 2.2
      vertex 27.97401828641395 -20.669365344465973 2.2
      vertex 27.8 -20.7856406460551 2.2
    endloop
  endfacet
  facet normal 0 0 1
    outer loop
      vertex 43.5 -40.4 2.2
      vertex 28.131370849898477 -20.531370849898476 2.2
      vertex 27.97401828641395 -20.669365344465973 2.2
    endloop
  endfacet
  facet normal 0 0 1
    outer loop
      vertex 43.5 -40.4 2.2
      vertex 28.269365344465974 -20.37401828641395 2.2
      vertex 28.131370849898477 -20.531370849898476 2.2
    endloop
  endfacet
  facet normal 0 0 1
    outer loop
      vertex 43.5 -40.4 2.2
      vertex 28.3856406460551 -20.2 2.2
      vertex 28.269365344465974 -20.37401828641395 2.2
    endloop
  endfacet
  facet normal 0 0 1
    outer loop
      vertex 43.5 -40.4 2.2
      vertex 28.47820725201806 -20.012293491784142 2.2
      vertex 28.3856406460551 -20.2 2.2
    endloop
  endfacet
  facet normal 0 0 1
    outer loop
      vertex 43.5 -40.4 2.2
      vertex 28.54548132206251 -19.81411047216403 2.2
      vertex 28.47820725201806 -20.012293491784142 2.2
    endloop
  endfacet
  facet normal 0 0 1
    outer loop
      vertex 43.5 -40.4 2.2
      vertex 28.586311778198098 -19.60884190755208 2.2
      vertex 28.54548132206251 -19.81411047216403 2.2
    endloop
  endfacet
  facet normal 0 0 1
    outer loop
      vertex 43.5 -40.4 2.2
      vertex 28.6 -19.4 2.2
      vertex 28.586311778198098 -19.60884190755208 2.2
    endloop
  endfacet
  facet normal 0 0 1
    outer loop
      vertex 42.26256313292354 -44.73743686707646 2.2
      vertex 42.43466749923474 -44.88836834550966 2.2
      vertex 42.11163165449034 -44.56533250076526 2.2
    endloop
  endfacet
  facet normal 0 0 1
    outer loop
      vertex 42.43466749923474 -44.88836834550966 2.2
      vertex 42.625 -45.01554445662277 2.2
      vertex 41.98445554337723 -44.375 2.2
    endloop
  endfacet
  facet normal 0 0 1
    outer loop
      vertex 42.625 -45.01554445662277 2.2
      vertex 42.83030399336109 -45.11678918189475 2.2
      vertex 41.88321081810525 -44.16969600663891 2.2
    endloop
  endfacet
  facet normal 0 0 1
    outer loop
      vertex 42.83030399336109 -45.11678918189475 2.2
      vertex 43.04706667107059 -45.19037019600587 2.2
      vertex 41.80962980399413 -43.95293332892941 2.2
    endloop
  endfacet
  facet normal 0 0 1
    outer loop
      vertex 43.04706667107059 -45.19037019600587 2.2
      vertex 43.27157916361491 -45.23502850740417 2.2
      vertex 41.76497149259583 -43.72842083638509 2.2
    endloop
  endfacet
  facet normal 0 0 1
    outer loop
      vertex 42.625 -45.01554445662277 2.2
      vertex 41.88321081810525 -44.16969600663891 2.2
      vertex 41.98445554337723 -44.375 2.2
    endloop
  endfacet
  facet normal 0 0 1
    outer loop
      vertex 42.43466749923474 -44.88836834550966 2.2
      vertex 41.98445554337723 -44.375 2.2
      vertex 42.11163165449034 -44.56533250076526 2.2
    endloop
  endfacet
  facet normal 0 0 1
    outer loop
      vertex 42.83030399336109 -45.11678918189475 2.2
      vertex 41.80962980399413 -43.95293332892941 2.2
      vertex 41.88321081810525 -44.16969600663891 2.2
    endloop
  endfacet
  facet normal 0 0 1
    outer loop
      vertex 43.04706667107059 -45.19037019600587 2.2
      vertex 41.76497149259583 -43.72842083638509 2.2
      vertex 41.80962980399413 -43.95293332892941 2.2
    endloop
  endfacet
  facet normal 0 0 1
    outer loop
      vertex 43.27157916361491 -45.23502850740417 2.2
      vertex 41.75 -43.5 2.2
      vertex 41.76497149259583 -43.72842083638509 2.2
    endloop
  endfacet
  facet normal 0 0 1
    outer loop
      vertex 43.5 -45.25 2.2
      vertex 41.76497149259583 -43.27157916361491 2.2
      vertex 41.75 -43.5 2.2
    endloop
  endfacet
  facet normal 0 0 1
    outer loop
      vertex 43.72842083638509 -45.23502850740417 2.2
      vertex 41.80962980399413 -43.04706667107059 2.2
      vertex 41.76497149259583 -43.27157916361491 2.2
    endloop
  endfacet
  facet normal 0 0 1
    outer loop
      vertex 43.27157916361491 -45.23502850740417 2.2
      vertex 43.5 -45.25 2.2
      vertex 41.75 -43.5 2.2
    endloop
  endfacet
  facet normal 0 0 1
    outer loop
      vertex 43.5 -45.25 2.2
      vertex 43.72842083638509 -45.23502850740417 2.2
      vertex 41.76497149259583 -43.27157916361491 2.2
    endloop
  endfacet
  facet normal 0 0 1
    outer loop
      vertex 43.72842083638509 -45.23502850740417 2.2
      vertex 43.95293332892941 -45.19037019600587 2.2
      vertex 41.88321081810525 -42.83030399336109 2.2
    endloop
  endfacet
  facet normal 0 0 1
    outer loop
      vertex 43.72842083638509 -45.23502850740417 2.2
      vertex 41.88321081810525 -42.83030399336109 2.2
      vertex 41.80962980399413 -43.04706667107059 2.2
    endloop
  endfacet
  facet normal 0 0 1
    outer loop
      vertex 44.16969600663891 -45.11678918189475 2.2
      vertex 41.98445554337723 -42.625 2.2
      vertex 41.88321081810525 -42.83030399336109 2.2
    endloop
  endfacet
  facet normal 0 0 1
    outer loop
      vertex 44.375 -45.01554445662277 2.2
      vertex 42.11163165449034 -42.43466749923474 2.2
      vertex 41.98445554337723 -42.625 2.2
    endloop
  endfacet
  facet normal 0 0 1
    outer loop
      vertex 44.56533250076526 -44.88836834550966 2.2
      vertex 42.26256313292354 -42.26256313292354 2.2
      vertex 42.11163165449034 -42.43466749923474 2.2
    endloop
  endfacet
  facet normal 0 0 1
    outer loop
      vertex 44.56533250076526 -44.88836834550966 2.2
      vertex 42.43466749923474 -42.11163165449034 2.2
      vertex 42.26256313292354 -42.26256313292354 2.2
    endloop
  endfacet
  facet normal 0 0 1
    outer loop
      vertex 43.95293332892941 -45.19037019600587 2.2
      vertex 44.16969600663891 -45.11678918189475 2.2
      vertex 41.88321081810525 -42.83030399336109 2.2
    endloop
  endfacet
  facet normal 0 0 1
    outer loop
      vertex 44.16969600663891 -45.11678918189475 2.2
      vertex 44.375 -45.01554445662277 2.2
      vertex 41.98445554337723 -42.625 2.2
    endloop
  endfacet
  facet normal 0 0 1
    outer loop
      vertex 44.375 -45.01554445662277 2.2
      vertex 44.56533250076526 -44.88836834550966 2.2
      vertex 42.11163165449034 -42.43466749923474 2.2
    endloop
  endfacet
  facet normal 0 0 1
    outer loop
      vertex 44.56533250076526 -44.88836834550966 2.2
      vertex 44.73743686707646 -44.73743686707646 2.2
      vertex 42.43466749923474 -42.11163165449034 2.2
    endloop
  endfacet
  facet normal 0 0 1
    outer loop
      vertex 42.43466749923474 -42.11163165449034 2.2
      vertex 44.73743686707646 -44.73743686707646 2.2
      vertex 44.88836834550966 -44.56533250076526 2.2
    endloop
  endfacet
  facet normal 0 0 1
    outer loop
      vertex 43.27157916361491 -41.76497149259583 2.2
      vertex 44.88836834550966 -44.56533250076526 2.2
      vertex 45.01554445662277 -44.375 2.2
    endloop
  endfacet
  facet normal 0 0 1
    outer loop
      vertex 43.27157916361491 -41.76497149259583 2.2
      vertex 45.01554445662277 -44.375 2.2
      vertex 45.11678918189475 -44.16969600663891 2.2
    endloop
  endfacet
  facet normal 0 0 1
    outer loop
      vertex 43.27157916361491 -41.76497149259583 2.2
      vertex 45.11678918189475 -44.16969600663891 2.2
      vertex 45.19037019600587 -43.95293332892941 2.2
    endloop
  endfacet
  facet normal 0 0 1
    outer loop
      vertex 42.43466749923474 -42.11163165449034 2.2
      vertex 44.88836834550966 -44.56533250076526 2.2
      vertex 42.625 -41.98445554337723 2.2
    endloop
  endfacet
  facet normal 0 0 1
    outer loop
      vertex 42.625 -41.98445554337723 2.2
      vertex 44.88836834550966 -44.56533250076526 2.2
      vertex 42.83030399336109 -41.88321081810525 2.2
    endloop
  endfacet
  facet normal 0 0 1
    outer loop
      vertex 42.83030399336109 -41.88321081810525 2.2
      vertex 44.88836834550966 -44.56533250076526 2.2
      vertex 43.04706667107059 -41.80962980399413 2.2
    endloop
  endfacet
  facet normal 0 0 1
    outer loop
      vertex 43.04706667107059 -41.80962980399413 2.2
      vertex 44.88836834550966 -44.56533250076526 2.2
      vertex 43.27157916361491 -41.76497149259583 2.2
    endloop
  endfacet
  facet normal 0 0 1
    outer loop
      vertex 43.27157916361491 -41.76497149259583 2.2
      vertex 45.19037019600587 -43.95293332892941 2.2
      vertex 45.23502850740417 -43.72842083638509 2.2
    endloop
  endfacet
  facet normal 0 0 1
    outer loop
      vertex 43.95293332892941 -41.80962980399413 2.2
      vertex 45.23502850740417 -43.72842083638509 2.2
      vertex 44.16969600663891 -41.88321081810525 2.2
    endloop
  endfacet
  facet normal 0 0 1
    outer loop
      vertex 44.16969600663891 -41.88321081810525 2.2
      vertex 45.23502850740417 -43.72842083638509 2.2
      vertex 44.375 -41.98445554337723 2.2
    endloop
  endfacet
  facet normal 0 0 1
    outer loop
      vertex 43.27157916361491 -41.76497149259583 2.2
      vertex 45.23502850740417 -43.72842083638509 2.2
      vertex 43.5 -41.75 2.2
    endloop
  endfacet
  facet normal 0 0 1
    outer loop
      vertex 43.5 -41.75 2.2
      vertex 45.23502850740417 -43.72842083638509 2.2
      vertex 43.72842083638509 -41.76497149259583 2.2
    endloop
  endfacet
  facet normal 0 0 1
    outer loop
      vertex 43.72842083638509 -41.76497149259583 2.2
      vertex 45.23502850740417 -43.72842083638509 2.2
      vertex 43.95293332892941 -41.80962980399413 2.2
    endloop
  endfacet
  facet normal 0 0 1
    outer loop
      vertex 44.7755956530809 -46.32000000029802 2.2
      vertex 45.5 -46.32000000029802 2.2
      vertex 45.05 -46.18467875173176 2.2
    endloop
  endfacet
  facet normal 0 0 1
    outer loop
      vertex 45.05 -46.18467875173176 2.2
      vertex 45.5 -46.32000000029802 2.2
      vertex 45.60703147947788 -46.3129847869277 2.2
    endloop
  endfacet
  facet normal 0 0 1
    outer loop
      vertex 45.05 -46.18467875173176 2.2
      vertex 45.71223161369562 -46.29205917567015 2.2
      vertex 45.81380041688681 -46.25758121907711 2.2
    endloop
  endfacet
  facet normal 0 0 1
    outer loop
      vertex 45.05 -46.18467875173176 2.2
      vertex 45.60703147947788 -46.3129847869277 2.2
      vertex 45.71223161369562 -46.29205917567015 2.2
    endloop
  endfacet
  facet normal 0 0 1
    outer loop
      vertex 45.05 -46.18467875173176 2.2
      vertex 45.81380041688681 -46.25758121907711 2.2
      vertex 45.387160429927036 -45.95939535490283 2.2
    endloop
  endfacet
  facet normal 0 0 1
    outer loop
      vertex 45.81380041688681 -46.25758121907711 2.2
      vertex 45.90999999642372 -46.21014083176851 2.2
      vertex 45.387160429927036 -45.95939535490283 2.2
    endloop
  endfacet
  facet normal 0 0 1
    outer loop
      vertex 45.90999999642372 -46.21014083176851 2.2
      vertex 45.999184370040894 -46.15054973959923 2.2
      vertex 45.387160429927036 -45.95939535490283 2.2
    endloop
  endfacet
  facet normal 0 0 1
    outer loop
      vertex 45.387160429927036 -45.95939535490283 2.2
      vertex 46.079827561974525 -46.079827561974525 2.2
      vertex 45.6920310216783 -45.6920310216783 2.2
    endloop
  endfacet
  facet normal 0 0 1
    outer loop
      vertex 45.387160429927036 -45.95939535490283 2.2
      vertex 45.999184370040894 -46.15054973959923 2.2
      vertex 46.079827561974525 -46.079827561974525 2.2
    endloop
  endfacet
  facet normal 0 0 1
    outer loop
      vertex 45.6920310216783 -45.6920310216783 2.2
      vertex 46.079827561974525 -46.079827561974525 2.2
      vertex 46.15054973959923 -45.999184370040894 2.2
    endloop
  endfacet
  facet normal 0 0 1
    outer loop
      vertex 45.6920310216783 -45.6920310216783 2.2
      vertex 46.15054973959923 -45.999184370040894 2.2
      vertex 46.21014083176851 -45.90999999642372 2.2
    endloop
  endfacet
  facet normal 0 0 1
    outer loop
      vertex 45.6920310216783 -45.6920310216783 2.2
      vertex 46.25758121907711 -45.81380041688681 2.2
      vertex 45.95939535490283 -45.387160429927036 2.2
    endloop
  endfacet
  facet normal 0 0 1
    outer loop
      vertex 45.6920310216783 -45.6920310216783 2.2
      vertex 46.21014083176851 -45.90999999642372 2.2
      vertex 46.25758121907711 -45.81380041688681 2.2
    endloop
  endfacet
  facet normal 0 0 1
    outer loop
      vertex 45.95939535490283 -45.387160429927036 2.2
      vertex 46.25758121907711 -45.81380041688681 2.2
      vertex 46.29205917567015 -45.71223161369562 2.2
    endloop
  endfacet
  facet normal 0 0 1
    outer loop
      vertex 45.95939535490283 -45.387160429927036 2.2
      vertex 46.32000000029802 -45.5 2.2
      vertex 46.18467875173176 -45.05 2.2
    endloop
  endfacet
  facet normal 0 0 1
    outer loop
      vertex 45.95939535490283 -45.387160429927036 2.2
      vertex 46.29205917567015 -45.71223161369562 2.2
      vertex 46.3129847869277 -45.60703147947788 2.2
    endloop
  endfacet
  facet normal 0 0 1
    outer loop
      vertex 45.95939535490283 -45.387160429927036 2.2
      vertex 46.3129847869277 -45.60703147947788 2.2
      vertex 46.32000000029802 -45.5 2.2
    endloop
  endfacet
  facet normal 0 0 1
    outer loop
      vertex 46.32000000029802 -45.5 2.2
      vertex 46.32000000029802 -44.7755956530809 2.2
      vertex 46.18467875173176 -45.05 2.2
    endloop
  endfacet
  facet normal 0 0 1
    outer loop
      vertex 44.56533250076526 -42.11163165449034 2.2
      vertex 45.23502850740417 -43.72842083638509 2.2
      vertex 45.25 -43.5 2.2
    endloop
  endfacet
  facet normal 0 0 1
    outer loop
      vertex 44.56533250076526 -42.11163165449034 2.2
      vertex 45.25 -43.5 2.2
      vertex 45.23502850740417 -43.27157916361491 2.2
    endloop
  endfacet
  facet normal 0 0 1
    outer loop
      vertex 44.56533250076526 -42.11163165449034 2.2
      vertex 44.375 -41.98445554337723 2.2
      vertex 45.23502850740417 -43.72842083638509 2.2
    endloop
  endfacet
  facet normal 0 0 1
    outer loop
      vertex 44.56533250076526 -42.11163165449034 2.2
      vertex 45.19037019600587 -43.04706667107059 2.2
      vertex 45.11678918189475 -42.83030399336109 2.2
    endloop
  endfacet
  facet normal 0 0 1
    outer loop
      vertex 44.56533250076526 -42.11163165449034 2.2
      vertex 45.23502850740417 -43.27157916361491 2.2
      vertex 45.19037019600587 -43.04706667107059 2.2
    endloop
  endfacet
  facet normal 0 0 1
    outer loop
      vertex 44.56533250076526 -42.11163165449034 2.2
      vertex 45.11678918189475 -42.83030399336109 2.2
      vertex 45.01554445662277 -42.625 2.2
    endloop
  endfacet
  facet normal 0 0 1
    outer loop
      vertex 44.56533250076526 -42.11163165449034 2.2
      vertex 45.01554445662277 -42.625 2.2
      vertex 44.88836834550966 -42.43466749923474 2.2
    endloop
  endfacet
  facet normal 0 0 1
    outer loop
      vertex 44.56533250076526 -42.11163165449034 2.2
      vertex 44.88836834550966 -42.43466749923474 2.2
      vertex 44.73743686707646 -42.26256313292354 2.2
    endloop
  endfacet
  facet normal 0 0 1
    outer loop
      vertex 43.5 -40.4 2.2
      vertex 43.90463119588216 -40.42652092974119 2.2
      vertex 46.32000000029802 -9.410102427199078 2.2
    endloop
  endfacet
  facet normal 0 0 1
    outer loop
      vertex 43.90463119588216 -40.42652092974119 2.2
      vertex 44.30233903981782 -40.50562993850389 2.2
      vertex 46.32000000029802 -9.410102427199078 2.2
    endloop
  endfacet
  facet normal 0 0 1
    outer loop
      vertex 44.30233903981782 -40.50562993850389 2.2
      vertex 44.68631864033178 -40.63597344921501 2.2
      vertex 46.32000000029802 -9.410102427199078 2.2
    endloop
  endfacet
  facet normal 0 0 1
    outer loop
      vertex 44.68631864033178 -40.63597344921501 2.2
      vertex 45.05 -40.81532124826824 2.2
      vertex 46.32000000029802 -9.410102427199078 2.2
    endloop
  endfacet
  facet normal 0 0 1
    outer loop
      vertex 45.387160429927036 -41.04060464509717 2.2
      vertex 45.6920310216783 -41.3079689783217 2.2
      vertex 46.32000000029802 -9.410102427199078 2.2
    endloop
  endfacet
  facet normal 0 0 1
    outer loop
      vertex 46.18467875173176 -41.95 2.2
      vertex 46.32000000029802 -9.410102427199078 2.2
      vertex 45.95939535490283 -41.612839570072964 2.2
    endloop
  endfacet
  facet normal 0 0 1
    outer loop
      vertex 45.6920310216783 -41.3079689783217 2.2
      vertex 45.95939535490283 -41.612839570072964 2.2
      vertex 46.32000000029802 -9.410102427199078 2.2
    endloop
  endfacet
  facet normal 0 0 1
    outer loop
      vertex 45.387160429927036 -41.04060464509717 2.2
      vertex 46.32000000029802 -9.410102427199078 2.2
      vertex 45.05 -40.81532124826824 2.2
    endloop
  endfacet
  facet normal 0 0 1
    outer loop
      vertex 46.32000000029802 -42.2244043469191 2.2
      vertex 46.32000000029802 -9.410102427199078 2.2
      vertex 46.18467875173176 -41.95 2.2
    endloop
  endfacet
  facet normal 0 0 1
    outer loop
      vertex 28.6 -19.4 2.2
      vertex 32.42 -5 2.2
      vertex 28.6 19.4 2.2
    endloop
  endfacet
  facet normal 0 0 1
    outer loop
      vertex 43.5 -40.4 2.2
      vertex 46.32000000029802 -9.410102427199078 2.2
      vertex 28.6 -19.4 2.2
    endloop
  endfacet
  facet normal 0 0 1
    outer loop
      vertex 46.32000000029802 -9.410102427199078 2.2
      vertex 32.42 -5 2.2
      vertex 28.6 -19.4 2.2
    endloop
  endfacet
  facet normal 0 0 1
    outer loop
      vertex 46.32000000029802 -9.410102427199078 2.2
      vertex 46.32000000029802 -5 2.2
      vertex 32.42 -5 2.2
    endloop
  endfacet
  facet normal 0 0 -1
    outer loop
      vertex 7.4 -19.4 0
      vertex 1.6 19.4 0
      vertex 7.4 19.4 0
    endloop
  endfacet
  facet normal 0 0 -1
    outer loop
      vertex 1.6 19.4 0
      vertex 1.5863117781980967 19.60884190755208 0
      vertex 7.4 19.4 0
    endloop
  endfacet
  facet normal 0 0 -1
    outer loop
      vertex 1.5454813220625094 19.81411047216403 0
      vertex 7.413688221801904 19.60884190755208 0
      vertex 1.5863117781980967 19.60884190755208 0
    endloop
  endfacet
  facet normal 0 0 -1
    outer loop
      vertex 1.478207252018059 20.012293491784142 0
      vertex 7.45451867793749 19.81411047216403 0
      vertex 1.5454813220625094 19.81411047216403 0
    endloop
  endfacet
  facet normal 0 0 -1
    outer loop
      vertex 1.3856406460551018 20.2 0
      vertex 7.521792747981941 20.012293491784142 0
      vertex 1.478207252018059 20.012293491784142 0
    endloop
  endfacet
  facet normal 0 0 -1
    outer loop
      vertex 0.974018286413953 20.669365344465973 0
      vertex 7.8686291501015235 20.531370849898476 0
      vertex 1.1313708498984762 20.531370849898476 0
    endloop
  endfacet
  facet normal 0 0 -1
    outer loop
      vertex 0.6122934917841437 20.878207252018058 0
      vertex 8.2 20.7856406460551 0
      vertex 0.8 20.7856406460551 0
    endloop
  endfacet
  facet normal 0 0 -1
    outer loop
      vertex 0.8 20.7856406460551 0
      vertex 8.025981713586047 20.669365344465973 0
      vertex 0.974018286413953 20.669365344465973 0
    endloop
  endfacet
  facet normal 0 0 -1
    outer loop
      vertex 1.2693653444659763 20.37401828641395 0
      vertex 7.614359353944899 20.2 0
      vertex 1.3856406460551018 20.2 0
    endloop
  endfacet
  facet normal 0 0 -1
    outer loop
      vertex 1.1313708498984762 20.531370849898476 0
      vertex 7.730634655534024 20.37401828641395 0
      vertex 1.2693653444659763 20.37401828641395 0
    endloop
  endfacet
  facet normal 0 0 -1
    outer loop
      vertex 1.5863117781980967 19.60884190755208 0
      vertex 7.413688221801904 19.60884190755208 0
      vertex 7.4 19.4 0
    endloop
  endfacet
  facet normal 0 0 -1
    outer loop
      vertex 1.5454813220625094 19.81411047216403 0
      vertex 7.45451867793749 19.81411047216403 0
      vertex 7.413688221801904 19.60884190755208 0
    endloop
  endfacet
  facet normal 0 0 -1
    outer loop
      vertex 1.478207252018059 20.012293491784142 0
      vertex 7.521792747981941 20.012293491784142 0
      vertex 7.45451867793749 19.81411047216403 0
    endloop
  endfacet
  facet normal 0 0 -1
    outer loop
      vertex 1.3856406460551018 20.2 0
      vertex 7.614359353944899 20.2 0
      vertex 7.521792747981941 20.012293491784142 0
    endloop
  endfacet
  facet normal 0 0 -1
    outer loop
      vertex 1.2693653444659763 20.37401828641395 0
      vertex 7.730634655534024 20.37401828641395 0
      vertex 7.614359353944899 20.2 0
    endloop
  endfacet
  facet normal 0 0 -1
    outer loop
      vertex 1.1313708498984762 20.531370849898476 0
      vertex 7.8686291501015235 20.531370849898476 0
      vertex 7.730634655534024 20.37401828641395 0
    endloop
  endfacet
  facet normal 0 0 -1
    outer loop
      vertex 0.974018286413953 20.669365344465973 0
      vertex 8.025981713586047 20.669365344465973 0
      vertex 7.8686291501015235 20.531370849898476 0
    endloop
  endfacet
  facet normal 0 0 -1
    outer loop
      vertex 0.8 20.7856406460551 0
      vertex 8.2 20.7856406460551 0
      vertex 8.025981713586047 20.669365344465973 0
    endloop
  endfacet
  facet normal 0 0 -1
    outer loop
      vertex 0.6122934917841437 20.878207252018058 0
      vertex 8.387706508215857 20.878207252018058 0
      vertex 8.2 20.7856406460551 0
    endloop
  endfacet
  facet normal 0 0 -1
    outer loop
      vertex 16.4 -19.4 0
      vertex 10.6 19.4 0
      vertex 16.4 19.4 0
    endloop
  endfacet
  facet normal 0 0 -1
    outer loop
      vertex 19.6 19.4 0
      vertex 25.4 19.4 0
      vertex 25.4 -19.4 0
    endloop
  endfacet
  facet normal 0 0 -1
    outer loop
      vertex 10.6 19.4 0
      vertex 10.586311778198096 19.60884190755208 0
      vertex 16.4 19.4 0
    endloop
  endfacet
  facet normal 0 0 -1
    outer loop
      vertex 10.545481322062509 19.81411047216403 0
      vertex 16.413688221801902 19.60884190755208 0
      vertex 10.586311778198096 19.60884190755208 0
    endloop
  endfacet
  facet normal 0 0 -1
    outer loop
      vertex 10.385640646055101 20.2 0
      vertex 16.52179274798194 20.012293491784142 0
      vertex 10.47820725201806 20.012293491784142 0
    endloop
  endfacet
  facet normal 0 0 -1
    outer loop
      vertex 10.47820725201806 20.012293491784142 0
      vertex 16.45451867793749 19.81411047216403 0
      vertex 10.545481322062509 19.81411047216403 0
    endloop
  endfacet
  facet normal 0 0 -1
    outer loop
      vertex 9.8 20.7856406460551 0
      vertex 17.02598171358605 20.669365344465973 0
      vertex 9.974018286413953 20.669365344465973 0
    endloop
  endfacet
  facet normal 0 0 -1
    outer loop
      vertex 9.612293491784143 20.878207252018058 0
      vertex 17.2 20.7856406460551 0
      vertex 9.8 20.7856406460551 0
    endloop
  endfacet
  facet normal 0 0 -1
    outer loop
      vertex 10.269365344465976 20.37401828641395 0
      vertex 16.6143593539449 20.2 0
      vertex 10.385640646055101 20.2 0
    endloop
  endfacet
  facet normal 0 0 -1
    outer loop
      vertex 10.131370849898476 20.531370849898476 0
      vertex 16.730634655534026 20.37401828641395 0
      vertex 10.269365344465976 20.37401828641395 0
    endloop
  endfacet
  facet normal 0 0 -1
    outer loop
      vertex 9.974018286413953 20.669365344465973 0
      vertex 16.868629150101523 20.531370849898476 0
      vertex 10.131370849898476 20.531370849898476 0
    endloop
  endfacet
  facet normal 0 0 -1
    outer loop
      vertex 10.586311778198096 19.60884190755208 0
      vertex 16.413688221801902 19.60884190755208 0
      vertex 16.4 19.4 0
    endloop
  endfacet
  facet normal 0 0 -1
    outer loop
      vertex 10.545481322062509 19.81411047216403 0
      vertex 16.45451867793749 19.81411047216403 0
      vertex 16.413688221801902 19.60884190755208 0
    endloop
  endfacet
  facet normal 0 0 -1
    outer loop
      vertex 10.47820725201806 20.012293491784142 0
      vertex 16.52179274798194 20.012293491784142 0
      vertex 16.45451867793749 19.81411047216403 0
    endloop
  endfacet
  facet normal 0 0 -1
    outer loop
      vertex 10.385640646055101 20.2 0
      vertex 16.6143593539449 20.2 0
      vertex 16.52179274798194 20.012293491784142 0
    endloop
  endfacet
  facet normal 0 0 -1
    outer loop
      vertex 10.269365344465976 20.37401828641395 0
      vertex 16.730634655534026 20.37401828641395 0
      vertex 16.6143593539449 20.2 0
    endloop
  endfacet
  facet normal 0 0 -1
    outer loop
      vertex 10.131370849898476 20.531370849898476 0
      vertex 16.868629150101523 20.531370849898476 0
      vertex 16.730634655534026 20.37401828641395 0
    endloop
  endfacet
  facet normal 0 0 -1
    outer loop
      vertex 9.974018286413953 20.669365344465973 0
      vertex 17.02598171358605 20.669365344465973 0
      vertex 16.868629150101523 20.531370849898476 0
    endloop
  endfacet
  facet normal 0 0 -1
    outer loop
      vertex 9.8 20.7856406460551 0
      vertex 17.2 20.7856406460551 0
      vertex 17.02598171358605 20.669365344465973 0
    endloop
  endfacet
  facet normal 0 0 -1
    outer loop
      vertex 19.6 19.4 0
      vertex 25.413688221801902 19.60884190755208 0
      vertex 25.4 19.4 0
    endloop
  endfacet
  facet normal 0 0 -1
    outer loop
      vertex 19.6 19.4 0
      vertex 25.45451867793749 19.81411047216403 0
      vertex 25.413688221801902 19.60884190755208 0
    endloop
  endfacet
  facet normal 0 0 -1
    outer loop
      vertex 19.6 19.4 0
      vertex 25.52179274798194 20.012293491784142 0
      vertex 25.45451867793749 19.81411047216403 0
    endloop
  endfacet
  facet normal 0 0 -1
    outer loop
      vertex 19.6 19.4 0
      vertex 25.6143593539449 20.2 0
      vertex 25.52179274798194 20.012293491784142 0
    endloop
  endfacet
  facet normal 0 0 -1
    outer loop
      vertex -47.42000000178814 45.5 0
      vertex 32.42 37 0
      vertex 17.585889527835967 20.94548132206251 0
    endloop
  endfacet
  facet normal 0 0 -1
    outer loop
      vertex -47.42000000178814 45.5 0
      vertex 47.3545775860548 45.996932566165924 0
      vertex 32.42 37 0
    endloop
  endfacet
  facet normal 0 0 -1
    outer loop
      vertex 17.585889527835967 20.94548132206251 0
      vertex 32.42 37 0
      vertex 17.79115809244792 20.986311778198097 0
    endloop
  endfacet
  facet normal 0 0 -1
    outer loop
      vertex 17.79115809244792 20.986311778198097 0
      vertex 32.42 37 0
      vertex 18 21 0
    endloop
  endfacet
  facet normal 0 0 -1
    outer loop
      vertex 18 21 0
      vertex 32.42 37 0
      vertex 18.20884190755208 20.986311778198097 0
    endloop
  endfacet
  facet normal 0 0 -1
    outer loop
      vertex 18.20884190755208 20.986311778198097 0
      vertex 32.42 37 0
      vertex 18.414110472164033 20.94548132206251 0
    endloop
  endfacet
  facet normal 0 0 -1
    outer loop
      vertex 32.42 37 0
      vertex 19.54548132206251 19.81411047216403 0
      vertex 19.47820725201806 20.012293491784142 0
    endloop
  endfacet
  facet normal 0 0 -1
    outer loop
      vertex 32.42 37 0
      vertex 19.131370849898477 20.531370849898476 0
      vertex 18.97401828641395 20.669365344465973 0
    endloop
  endfacet
  facet normal 0 0 -1
    outer loop
      vertex 32.42 37 0
      vertex 19.269365344465974 20.37401828641395 0
      vertex 19.131370849898477 20.531370849898476 0
    endloop
  endfacet
  facet normal 0 0 -1
    outer loop
      vertex 32.42 37 0
      vertex 19.3856406460551 20.2 0
      vertex 19.269365344465974 20.37401828641395 0
    endloop
  endfacet
  facet normal 0 0 -1
    outer loop
      vertex 32.42 37 0
      vertex 19.47820725201806 20.012293491784142 0
      vertex 19.3856406460551 20.2 0
    endloop
  endfacet
  facet normal 0 0 -1
    outer loop
      vertex 32.42 37 0
      vertex 18.612293491784143 20.878207252018058 0
      vertex 18.414110472164033 20.94548132206251 0
    endloop
  endfacet
  facet normal 0 0 -1
    outer loop
      vertex 32.42 37 0
      vertex 18.8 20.7856406460551 0
      vertex 18.612293491784143 20.878207252018058 0
    endloop
  endfacet
  facet normal 0 0 -1
    outer loop
      vertex 32.42 37 0
      vertex 18.97401828641395 20.669365344465973 0
      vertex 18.8 20.7856406460551 0
    endloop
  endfacet
  facet normal 0 0 -1
    outer loop
      vertex -47.42000000178814 45.5 0
      vertex 47.273848704993725 46.2347521930933 0
      vertex 47.3545775860548 45.996932566165924 0
    endloop
  endfacet
  facet normal 0 0 -1
    outer loop
      vertex -47.403574131429195 45.750610291957855 0
      vertex 47.16276877373457 46.46000000089407 0
      vertex 47.273848704993725 46.2347521930933 0
    endloop
  endfacet
  facet normal 0 0 -1
    outer loop
      vertex -47.3545775860548 45.996932566165924 0
      vertex 47.02323841303587 46.668821945786476 0
      vertex 47.16276877373457 46.46000000089407 0
    endloop
  endfacet
  facet normal 0 0 -1
    outer loop
      vertex -47.16276877373457 46.46000000089407 0
      vertex 46.668821945786476 47.02323841303587 0
      vertex 46.85764501988888 46.85764501988888 0
    endloop
  endfacet
  facet normal 0 0 -1
    outer loop
      vertex -47.273848704993725 46.2347521930933 0
      vertex 46.85764501988888 46.85764501988888 0
      vertex 47.02323841303587 46.668821945786476 0
    endloop
  endfacet
  facet normal 0 0 -1
    outer loop
      vertex -46.668821945786476 47.02323841303587 0
      vertex 45.996932566165924 47.3545775860548 0
      vertex 46.2347521930933 47.273848704993725 0
    endloop
  endfacet
  facet normal 0 0 -1
    outer loop
      vertex -46.2347521930933 47.273848704993725 0
      vertex 45.5 47.42000000178814 0
      vertex 45.750610291957855 47.403574131429195 0
    endloop
  endfacet
  facet normal 0 0 -1
    outer loop
      vertex -46.46000000089407 47.16276877373457 0
      vertex 45.750610291957855 47.403574131429195 0
      vertex 45.996932566165924 47.3545775860548 0
    endloop
  endfacet
  facet normal 0 0 -1
    outer loop
      vertex -46.85764501988888 46.85764501988888 0
      vertex 46.2347521930933 47.273848704993725 0
      vertex 46.46000000089407 47.16276877373457 0
    endloop
  endfacet
  facet normal 0 0 -1
    outer loop
      vertex -47.02323841303587 46.668821945786476 0
      vertex 46.46000000089407 47.16276877373457 0
      vertex 46.668821945786476 47.02323841303587 0
    endloop
  endfacet
  facet normal 0 1 0
    outer loop
      vertex -45.5 47.42000000178814 0
      vertex 45.5 47.42000000178814 2.2
      vertex 45.5 47.42000000178814 0
    endloop
  endfacet
  facet normal 0 1 0
    outer loop
      vertex -45.5 47.42000000178814 0
      vertex 9 47.42000000178814 2.2
      vertex 45.5 47.42000000178814 2.2
    endloop
  endfacet
  facet normal 0 0 -1
    outer loop
      vertex 28.6 19.4 0
      vertex 28.586311778198098 19.60884190755208 0
      vertex 32.42 -5 0
    endloop
  endfacet
  facet normal 0 0 -1
    outer loop
      vertex 32.42 37 0
      vertex 32.42 -5 0
      vertex 28.586311778198098 19.60884190755208 0
    endloop
  endfacet
  facet normal 0 0 -1
    outer loop
      vertex 32.42 37 0
      vertex 19.6 19.4 0
      vertex 19.586311778198098 19.60884190755208 0
    endloop
  endfacet
  facet normal 0 0 -1
    outer loop
      vertex 32.42 37 0
      vertex 19.586311778198098 19.60884190755208 0
      vertex 19.54548132206251 19.81411047216403 0
    endloop
  endfacet
  facet normal 0 0 -1
    outer loop
      vertex 19.6 19.4 0
      vertex 32.42 37 0
      vertex 25.6143593539449 20.2 0
    endloop
  endfacet
  facet normal 0 0 -1
    outer loop
      vertex 32.42 37 0
      vertex 25.730634655534026 20.37401828641395 0
      vertex 25.6143593539449 20.2 0
    endloop
  endfacet
  facet normal 0 0 -1
    outer loop
      vertex 32.42 37 0
      vertex 25.868629150101523 20.531370849898476 0
      vertex 25.730634655534026 20.37401828641395 0
    endloop
  endfacet
  facet normal 0 0 -1
    outer loop
      vertex 32.42 37 0
      vertex 26.02598171358605 20.669365344465973 0
      vertex 25.868629150101523 20.531370849898476 0
    endloop
  endfacet
  facet normal 0 0 -1
    outer loop
      vertex 32.42 37 0
      vertex 26.2 20.7856406460551 0
      vertex 26.02598171358605 20.669365344465973 0
    endloop
  endfacet
  facet normal 0 0 -1
    outer loop
      vertex 32.42 37 0
      vertex 26.387706508215857 20.878207252018058 0
      vertex 26.2 20.7856406460551 0
    endloop
  endfacet
  facet normal 0 0 -1
    outer loop
      vertex 32.42 37 0
      vertex 26.585889527835967 20.94548132206251 0
      vertex 26.387706508215857 20.878207252018058 0
    endloop
  endfacet
  facet normal 0 0 -1
    outer loop
      vertex 32.42 37 0
      vertex 26.79115809244792 20.986311778198097 0
      vertex 26.585889527835967 20.94548132206251 0
    endloop
  endfacet
  facet normal 0 0 -1
    outer loop
      vertex 32.42 37 0
      vertex 27 21 0
      vertex 26.79115809244792 20.986311778198097 0
    endloop
  endfacet
  facet normal 0 0 -1
    outer loop
      vertex 32.42 37 0
      vertex 27.20884190755208 20.986311778198097 0
      vertex 27 21 0
    endloop
  endfacet
  facet normal 0 0 -1
    outer loop
      vertex 32.42 37 0
      vertex 27.414110472164033 20.94548132206251 0
      vertex 27.20884190755208 20.986311778198097 0
    endloop
  endfacet
  facet normal 0 0 -1
    outer loop
      vertex 32.42 37 0
      vertex 28.131370849898477 20.531370849898476 0
      vertex 27.97401828641395 20.669365344465973 0
    endloop
  endfacet
  facet normal 0 0 -1
    outer loop
      vertex 32.42 37 0
      vertex 28.269365344465974 20.37401828641395 0
      vertex 28.131370849898477 20.531370849898476 0
    endloop
  endfacet
  facet normal 0 0 -1
    outer loop
      vertex 32.42 37 0
      vertex 28.3856406460551 20.2 0
      vertex 28.269365344465974 20.37401828641395 0
    endloop
  endfacet
  facet normal 0 0 -1
    outer loop
      vertex 32.42 37 0
      vertex 28.47820725201806 20.012293491784142 0
      vertex 28.3856406460551 20.2 0
    endloop
  endfacet
  facet normal 0 0 -1
    outer loop
      vertex 32.42 37 0
      vertex 27.612293491784143 20.878207252018058 0
      vertex 27.414110472164033 20.94548132206251 0
    endloop
  endfacet
  facet normal 0 0 -1
    outer loop
      vertex 32.42 37 0
      vertex 27.8 20.7856406460551 0
      vertex 27.612293491784143 20.878207252018058 0
    endloop
  endfacet
  facet normal 0 0 -1
    outer loop
      vertex 32.42 37 0
      vertex 27.97401828641395 20.669365344465973 0
      vertex 27.8 20.7856406460551 0
    endloop
  endfacet
  facet normal 0 0 -1
    outer loop
      vertex 32.42 37 0
      vertex 28.586311778198098 19.60884190755208 0
      vertex 28.54548132206251 19.81411047216403 0
    endloop
  endfacet
  facet normal 0 0 -1
    outer loop
      vertex 32.42 37 0
      vertex 28.54548132206251 19.81411047216403 0
      vertex 28.47820725201806 20.012293491784142 0
    endloop
  endfacet
  facet normal 0 0 -1
    outer loop
      vertex 47.42000000178814 45.5 0
      vertex 47.42000000178814 37 0
      vertex 32.42 37 0
    endloop
  endfacet
  facet normal 0 0 -1
    outer loop
      vertex 47.42000000178814 45.5 0
      vertex 32.42 37 0
      vertex 47.403574131429195 45.750610291957855 0
    endloop
  endfacet
  facet normal 0 0 -1
    outer loop
      vertex 47.403574131429195 45.750610291957855 0
      vertex 32.42 37 0
      vertex 47.3545775860548 45.996932566165924 0
    endloop
  endfacet
  facet normal 1 0 0
    outer loop
      vertex 47.42000000178814 45.5 0
      vertex 47.42000000178814 45.5 2.2
      vertex 47.42000000178814 37 0
    endloop
  endfacet
  facet normal 0.06540314511618718 0.997858922197377 0
    outer loop
      vertex 45.5 47.42000000178814 0
      vertex 45.750610291957855 47.403574131429195 2.2
      vertex 45.750610291957855 47.403574131429195 0
    endloop
  endfacet
  facet normal 0.19509031693473738 0.980785281413982 0
    outer loop
      vertex 45.750610291957855 47.403574131429195 0
      vertex 45.996932566165924 47.3545775860548 2.2
      vertex 45.996932566165924 47.3545775860548 0
    endloop
  endfacet
  facet normal 0.32143945051950196 0.9469301345134817 0
    outer loop
      vertex 45.996932566165924 47.3545775860548 0
      vertex 46.2347521930933 47.273848704993725 2.2
      vertex 46.2347521930933 47.273848704993725 0
    endloop
  endfacet
  facet normal 0.997858922197377 0.06540314511618718 0
    outer loop
      vertex 47.42000000178814 45.5 0
      vertex 47.403574131429195 45.750610291957855 0
      vertex 47.42000000178814 45.5 2.2
    endloop
  endfacet
  facet normal 0.980785281413982 0.19509031693473738 0
    outer loop
      vertex 47.403574131429195 45.750610291957855 0
      vertex 47.3545775860548 45.996932566165924 0
      vertex 47.403574131429195 45.750610291957855 2.2
    endloop
  endfacet
  facet normal 0.9469301345134817 0.32143945051950196 0
    outer loop
      vertex 47.3545775860548 45.996932566165924 0
      vertex 47.273848704993725 46.2347521930933 0
      vertex 47.3545775860548 45.996932566165924 2.2
    endloop
  endfacet
  facet normal 0.6593458184519452 0.7518398045394609 0
    outer loop
      vertex 46.85764501988888 46.85764501988888 0
      vertex 46.668821945786476 47.02323841303587 0
      vertex 46.85764501988888 46.85764501988888 2.2
    endloop
  endfacet
  facet normal 0.44228870661301933 0.8968727334480532 0
    outer loop
      vertex 46.2347521930933 47.273848704993725 0
      vertex 46.46000000089407 47.16276877373457 2.2
      vertex 46.46000000089407 47.16276877373457 0
    endloop
  endfacet
  facet normal 0.5555702274944208 0.8314696159943533 0
    outer loop
      vertex 46.46000000089407 47.16276877373457 0
      vertex 46.668821945786476 47.02323841303587 2.2
      vertex 46.668821945786476 47.02323841303587 0
    endloop
  endfacet
  facet normal 0.8968727334480532 0.44228870661301933 0
    outer loop
      vertex 47.273848704993725 46.2347521930933 0
      vertex 47.16276877373457 46.46000000089407 0
      vertex 47.273848704993725 46.2347521930933 2.2
    endloop
  endfacet
  facet normal 0.8314696159943533 0.5555702274944208 0
    outer loop
      vertex 47.16276877373457 46.46000000089407 0
      vertex 47.02323841303587 46.668821945786476 0
      vertex 47.16276877373457 46.46000000089407 2.2
    endloop
  endfacet
  facet normal 0.7518398045394609 0.6593458184519452 0
    outer loop
      vertex 46.85764501988888 46.85764501988888 0
      vertex 47.02323841303587 46.668821945786476 2.2
      vertex 47.02323841303587 46.668821945786476 0
    endloop
  endfacet
  facet normal 1 0 0
    outer loop
      vertex 47.42000000178814 45.5 2.2
      vertex 47.42000000178814 37 2.2
      vertex 47.42000000178814 37 0
    endloop
  endfacet
  facet normal 0.06540314511618718 0.997858922197377 0
    outer loop
      vertex 45.5 47.42000000178814 0
      vertex 45.5 47.42000000178814 2.2
      vertex 45.750610291957855 47.403574131429195 2.2
    endloop
  endfacet
  facet normal 0.19509031693473738 0.980785281413982 0
    outer loop
      vertex 45.750610291957855 47.403574131429195 0
      vertex 45.750610291957855 47.403574131429195 2.2
      vertex 45.996932566165924 47.3545775860548 2.2
    endloop
  endfacet
  facet normal 0.32143945051950196 0.9469301345134817 0
    outer loop
      vertex 45.996932566165924 47.3545775860548 0
      vertex 45.996932566165924 47.3545775860548 2.2
      vertex 46.2347521930933 47.273848704993725 2.2
    endloop
  endfacet
  facet normal 0.997858922197377 0.06540314511618718 0
    outer loop
      vertex 47.403574131429195 45.750610291957855 0
      vertex 47.403574131429195 45.750610291957855 2.2
      vertex 47.42000000178814 45.5 2.2
    endloop
  endfacet
  facet normal 0.980785281413982 0.19509031693473738 0
    outer loop
      vertex 47.3545775860548 45.996932566165924 0
      vertex 47.3545775860548 45.996932566165924 2.2
      vertex 47.403574131429195 45.750610291957855 2.2
    endloop
  endfacet
  facet normal 0.9469301345134817 0.32143945051950196 0
    outer loop
      vertex 47.273848704993725 46.2347521930933 0
      vertex 47.273848704993725 46.2347521930933 2.2
      vertex 47.3545775860548 45.996932566165924 2.2
    endloop
  endfacet
  facet normal 0.7518398045394609 0.6593458184519452 0
    outer loop
      vertex 46.85764501988888 46.85764501988888 0
      vertex 46.85764501988888 46.85764501988888 2.2
      vertex 47.02323841303587 46.668821945786476 2.2
    endloop
  endfacet
  facet normal 0.44228870661301933 0.8968727334480532 0
    outer loop
      vertex 46.2347521930933 47.273848704993725 0
      vertex 46.2347521930933 47.273848704993725 2.2
      vertex 46.46000000089407 47.16276877373457 2.2
    endloop
  endfacet
  facet normal 0.5555702274944208 0.8314696159943533 0
    outer loop
      vertex 46.46000000089407 47.16276877373457 0
      vertex 46.46000000089407 47.16276877373457 2.2
      vertex 46.668821945786476 47.02323841303587 2.2
    endloop
  endfacet
  facet normal 0.6593458184519452 0.7518398045394609 0
    outer loop
      vertex 46.668821945786476 47.02323841303587 0
      vertex 46.668821945786476 47.02323841303587 2.2
      vertex 46.85764501988888 46.85764501988888 2.2
    endloop
  endfacet
  facet normal 0.8968727334480532 0.44228870661301933 0
    outer loop
      vertex 47.16276877373457 46.46000000089407 0
      vertex 47.16276877373457 46.46000000089407 2.2
      vertex 47.273848704993725 46.2347521930933 2.2
    endloop
  endfacet
  facet normal 0.8314696159943533 0.5555702274944208 0
    outer loop
      vertex 47.02323841303587 46.668821945786476 0
      vertex 47.02323841303587 46.668821945786476 2.2
      vertex 47.16276877373457 46.46000000089407 2.2
    endloop
  endfacet
  facet normal 0 0 1
    outer loop
      vertex 7.4 19.4 2.2
      vertex 1.6 19.4 2.2
      vertex 1.6 -19.4 2.2
    endloop
  endfacet
  facet normal 0 0 1
    outer loop
      vertex 0.20884190755208254 20.986311778198097 2.2
      vertex 8.585889527835967 20.94548132206251 2.2
      vertex 0 21 2.2
    endloop
  endfacet
  facet normal 0 0 1
    outer loop
      vertex 1.6 19.4 2.2
      vertex 7.413688221801904 19.60884190755208 2.2
      vertex 1.5863117781980967 19.60884190755208 2.2
    endloop
  endfacet
  facet normal 0 0 1
    outer loop
      vertex 1.5863117781980967 19.60884190755208 2.2
      vertex 7.45451867793749 19.81411047216403 2.2
      vertex 1.5454813220625094 19.81411047216403 2.2
    endloop
  endfacet
  facet normal 0 0 1
    outer loop
      vertex 1.5454813220625094 19.81411047216403 2.2
      vertex 7.521792747981941 20.012293491784142 2.2
      vertex 1.478207252018059 20.012293491784142 2.2
    endloop
  endfacet
  facet normal 0 0 1
    outer loop
      vertex 0.974018286413953 20.669365344465973 2.2
      vertex 8.2 20.7856406460551 2.2
      vertex 0.8 20.7856406460551 2.2
    endloop
  endfacet
  facet normal 0 0 1
    outer loop
      vertex 0.8 20.7856406460551 2.2
      vertex 8.387706508215857 20.878207252018058 2.2
      vertex 0.6122934917841437 20.878207252018058 2.2
    endloop
  endfacet
  facet normal 0 0 1
    outer loop
      vertex 1.478207252018059 20.012293491784142 2.2
      vertex 7.614359353944899 20.2 2.2
      vertex 1.3856406460551018 20.2 2.2
    endloop
  endfacet
  facet normal 0 0 1
    outer loop
      vertex 1.2693653444659763 20.37401828641395 2.2
      vertex 7.8686291501015235 20.531370849898476 2.2
      vertex 1.1313708498984762 20.531370849898476 2.2
    endloop
  endfacet
  facet normal 0 0 1
    outer loop
      vertex 1.3856406460551018 20.2 2.2
      vertex 7.730634655534024 20.37401828641395 2.2
      vertex 1.2693653444659763 20.37401828641395 2.2
    endloop
  endfacet
  facet normal 0 0 1
    outer loop
      vertex 1.1313708498984762 20.531370849898476 2.2
      vertex 8.025981713586047 20.669365344465973 2.2
      vertex 0.974018286413953 20.669365344465973 2.2
    endloop
  endfacet
  facet normal 0 0 1
    outer loop
      vertex 1.6 19.4 2.2
      vertex 7.4 19.4 2.2
      vertex 7.413688221801904 19.60884190755208 2.2
    endloop
  endfacet
  facet normal 0 0 1
    outer loop
      vertex 7.45451867793749 19.81411047216403 2.2
      vertex 1.5863117781980967 19.60884190755208 2.2
      vertex 7.413688221801904 19.60884190755208 2.2
    endloop
  endfacet
  facet normal 0 0 1
    outer loop
      vertex 1.5454813220625094 19.81411047216403 2.2
      vertex 7.45451867793749 19.81411047216403 2.2
      vertex 7.521792747981941 20.012293491784142 2.2
    endloop
  endfacet
  facet normal 0 0 1
    outer loop
      vertex 7.614359353944899 20.2 2.2
      vertex 1.478207252018059 20.012293491784142 2.2
      vertex 7.521792747981941 20.012293491784142 2.2
    endloop
  endfacet
  facet normal 0 0 1
    outer loop
      vertex 7.730634655534024 20.37401828641395 2.2
      vertex 1.3856406460551018 20.2 2.2
      vertex 7.614359353944899 20.2 2.2
    endloop
  endfacet
  facet normal 0 0 1
    outer loop
      vertex 1.2693653444659763 20.37401828641395 2.2
      vertex 7.730634655534024 20.37401828641395 2.2
      vertex 7.8686291501015235 20.531370849898476 2.2
    endloop
  endfacet
  facet normal 0 0 1
    outer loop
      vertex 1.1313708498984762 20.531370849898476 2.2
      vertex 7.8686291501015235 20.531370849898476 2.2
      vertex 8.025981713586047 20.669365344465973 2.2
    endloop
  endfacet
  facet normal 0 0 1
    outer loop
      vertex 0.974018286413953 20.669365344465973 2.2
      vertex 8.025981713586047 20.669365344465973 2.2
      vertex 8.2 20.7856406460551 2.2
    endloop
  endfacet
  facet normal 0 0 1
    outer loop
      vertex 8.387706508215857 20.878207252018058 2.2
      vertex 0.8 20.7856406460551 2.2
      vertex 8.2 20.7856406460551 2.2
    endloop
  endfacet
  facet normal 0 0 1
    outer loop
      vertex 0.4141104721640332 20.94548132206251 2.2
      vertex 8.585889527835967 20.94548132206251 2.2
      vertex 0.20884190755208254 20.986311778198097 2.2
    endloop
  endfacet
  facet normal 0 0 1
    outer loop
      vertex 0.6122934917841437 20.878207252018058 2.2
      vertex 8.585889527835967 20.94548132206251 2.2
      vertex 0.4141104721640332 20.94548132206251 2.2
    endloop
  endfacet
  facet normal 0 0 1
    outer loop
      vertex 0.6122934917841437 20.878207252018058 2.2
      vertex 8.387706508215857 20.878207252018058 2.2
      vertex 8.585889527835967 20.94548132206251 2.2
    endloop
  endfacet
  facet normal 0 0 1
    outer loop
      vertex 16.4 19.4 2.2
      vertex 10.6 19.4 2.2
      vertex 10.6 -19.4 2.2
    endloop
  endfacet
  facet normal 0 0 1
    outer loop
      vertex 19.6 19.4 2.2
      vertex 25.4 -19.4 2.2
      vertex 25.4 19.4 2.2
    endloop
  endfacet
  facet normal 0 0 1
    outer loop
      vertex 10.6 19.4 2.2
      vertex 16.413688221801902 19.60884190755208 2.2
      vertex 10.586311778198096 19.60884190755208 2.2
    endloop
  endfacet
  facet normal 0 0 1
    outer loop
      vertex 10.586311778198096 19.60884190755208 2.2
      vertex 16.45451867793749 19.81411047216403 2.2
      vertex 10.545481322062509 19.81411047216403 2.2
    endloop
  endfacet
  facet normal 0 0 1
    outer loop
      vertex 10.545481322062509 19.81411047216403 2.2
      vertex 16.52179274798194 20.012293491784142 2.2
      vertex 10.47820725201806 20.012293491784142 2.2
    endloop
  endfacet
  facet normal 0 0 1
    outer loop
      vertex 9.8 20.7856406460551 2.2
      vertex 17.387706508215857 20.878207252018058 2.2
      vertex 9.612293491784143 20.878207252018058 2.2
    endloop
  endfacet
  facet normal 0 0 1
    outer loop
      vertex 10.385640646055101 20.2 2.2
      vertex 16.730634655534026 20.37401828641395 2.2
      vertex 10.269365344465976 20.37401828641395 2.2
    endloop
  endfacet
  facet normal 0 0 1
    outer loop
      vertex 10.269365344465976 20.37401828641395 2.2
      vertex 16.868629150101523 20.531370849898476 2.2
      vertex 10.131370849898476 20.531370849898476 2.2
    endloop
  endfacet
  facet normal 0 0 1
    outer loop
      vertex 10.47820725201806 20.012293491784142 2.2
      vertex 16.6143593539449 20.2 2.2
      vertex 10.385640646055101 20.2 2.2
    endloop
  endfacet
  facet normal 0 0 1
    outer loop
      vertex 10.131370849898476 20.531370849898476 2.2
      vertex 17.02598171358605 20.669365344465973 2.2
      vertex 9.974018286413953 20.669365344465973 2.2
    endloop
  endfacet
  facet normal 0 0 1
    outer loop
      vertex 9.974018286413953 20.669365344465973 2.2
      vertex 17.2 20.7856406460551 2.2
      vertex 9.8 20.7856406460551 2.2
    endloop
  endfacet
  facet normal 0 0 1
    outer loop
      vertex 10.6 19.4 2.2
      vertex 16.4 19.4 2.2
      vertex 16.413688221801902 19.60884190755208 2.2
    endloop
  endfacet
  facet normal 0 0 1
    outer loop
      vertex 10.586311778198096 19.60884190755208 2.2
      vertex 16.413688221801902 19.60884190755208 2.2
      vertex 16.45451867793749 19.81411047216403 2.2
    endloop
  endfacet
  facet normal 0 0 1
    outer loop
      vertex 10.545481322062509 19.81411047216403 2.2
      vertex 16.45451867793749 19.81411047216403 2.2
      vertex 16.52179274798194 20.012293491784142 2.2
    endloop
  endfacet
  facet normal 0 0 1
    outer loop
      vertex 16.6143593539449 20.2 2.2
      vertex 10.47820725201806 20.012293491784142 2.2
      vertex 16.52179274798194 20.012293491784142 2.2
    endloop
  endfacet
  facet normal 0 0 1
    outer loop
      vertex 16.730634655534026 20.37401828641395 2.2
      vertex 10.385640646055101 20.2 2.2
      vertex 16.6143593539449 20.2 2.2
    endloop
  endfacet
  facet normal 0 0 1
    outer loop
      vertex 10.269365344465976 20.37401828641395 2.2
      vertex 16.730634655534026 20.37401828641395 2.2
      vertex 16.868629150101523 20.531370849898476 2.2
    endloop
  endfacet
  facet normal 0 0 1
    outer loop
      vertex 10.131370849898476 20.531370849898476 2.2
      vertex 16.868629150101523 20.531370849898476 2.2
      vertex 17.02598171358605 20.669365344465973 2.2
    endloop
  endfacet
  facet normal 0 0 1
    outer loop
      vertex 9.974018286413953 20.669365344465973 2.2
      vertex 17.02598171358605 20.669365344465973 2.2
      vertex 17.2 20.7856406460551 2.2
    endloop
  endfacet
  facet normal 0 0 1
    outer loop
      vertex 9.8 20.7856406460551 2.2
      vertex 17.2 20.7856406460551 2.2
      vertex 17.387706508215857 20.878207252018058 2.2
    endloop
  endfacet
  facet normal 0 0 1
    outer loop
      vertex 19.6 19.4 2.2
      vertex 25.4 19.4 2.2
      vertex 25.413688221801902 19.60884190755208 2.2
    endloop
  endfacet
  facet normal 0 0 1
    outer loop
      vertex 19.6 19.4 2.2
      vertex 25.413688221801902 19.60884190755208 2.2
      vertex 25.45451867793749 19.81411047216403 2.2
    endloop
  endfacet
  facet normal 0 0 1
    outer loop
      vertex 19.6 19.4 2.2
      vertex 25.45451867793749 19.81411047216403 2.2
      vertex 25.52179274798194 20.012293491784142 2.2
    endloop
  endfacet
  facet normal 0 0 1
    outer loop
      vertex 19.6 19.4 2.2
      vertex 25.52179274798194 20.012293491784142 2.2
      vertex 25.6143593539449 20.2 2.2
    endloop
  endfacet
  facet normal 0 0 1
    outer loop
      vertex -16.52179274798194 20.012293491784142 2.2
      vertex -9.612293491784143 20.878207252018058 2.2
      vertex 32.42 37 2.2
    endloop
  endfacet
  facet normal 0 0 1
    outer loop
      vertex 40.42652092974119 43.09536880411784 2.2
      vertex -18.612293491784143 20.878207252018058 2.2
      vertex -18.414110472164033 20.94548132206251 2.2
    endloop
  endfacet
  facet normal 0 0 1
    outer loop
      vertex 40.42652092974119 43.09536880411784 2.2
      vertex -18.414110472164033 20.94548132206251 2.2
      vertex -18.20884190755208 20.986311778198097 2.2
    endloop
  endfacet
  facet normal 0 0 1
    outer loop
      vertex 40.42652092974119 43.09536880411784 2.2
      vertex -18.20884190755208 20.986311778198097 2.2
      vertex -18 21 2.2
    endloop
  endfacet
  facet normal 0 0 1
    outer loop
      vertex 40.42652092974119 43.09536880411784 2.2
      vertex -17.387706508215857 20.878207252018058 2.2
      vertex -17.2 20.7856406460551 2.2
    endloop
  endfacet
  facet normal 0 0 1
    outer loop
      vertex 40.50562993850389 42.69766096018218 2.2
      vertex -17.02598171358605 20.669365344465973 2.2
      vertex -16.868629150101523 20.531370849898476 2.2
    endloop
  endfacet
  facet normal 0 0 1
    outer loop
      vertex 40.42652092974119 43.09536880411784 2.2
      vertex -17.2 20.7856406460551 2.2
      vertex -17.02598171358605 20.669365344465973 2.2
    endloop
  endfacet
  facet normal 0 0 1
    outer loop
      vertex 40.81532124826824 41.95 2.2
      vertex -16.730634655534026 20.37401828641395 2.2
      vertex -16.6143593539449 20.2 2.2
    endloop
  endfacet
  facet normal 0 0 1
    outer loop
      vertex 41.3079689783217 41.3079689783217 2.2
      vertex -16.6143593539449 20.2 2.2
      vertex -16.52179274798194 20.012293491784142 2.2
    endloop
  endfacet
  facet normal 0 0 1
    outer loop
      vertex 40.63597344921501 42.31368135966822 2.2
      vertex -16.868629150101523 20.531370849898476 2.2
      vertex -16.730634655534026 20.37401828641395 2.2
    endloop
  endfacet
  facet normal 0 0 1
    outer loop
      vertex 40.42652092974119 43.09536880411784 2.2
      vertex -18 21 2.2
      vertex -17.79115809244792 20.986311778198097 2.2
    endloop
  endfacet
  facet normal 0 0 1
    outer loop
      vertex 40.42652092974119 43.09536880411784 2.2
      vertex -17.79115809244792 20.986311778198097 2.2
      vertex -17.585889527835967 20.94548132206251 2.2
    endloop
  endfacet
  facet normal 0 0 1
    outer loop
      vertex 40.42652092974119 43.09536880411784 2.2
      vertex -17.585889527835967 20.94548132206251 2.2
      vertex -17.387706508215857 20.878207252018058 2.2
    endloop
  endfacet
  facet normal 0 0 1
    outer loop
      vertex -9.414110472164033 20.94548132206251 2.2
      vertex 32.42 37 2.2
      vertex -9.612293491784143 20.878207252018058 2.2
    endloop
  endfacet
  facet normal 0 0 1
    outer loop
      vertex -9.208841907552083 20.986311778198097 2.2
      vertex 32.42 37 2.2
      vertex -9.414110472164033 20.94548132206251 2.2
    endloop
  endfacet
  facet normal 0 0 1
    outer loop
      vertex -9 21 2.2
      vertex 32.42 37 2.2
      vertex -9.208841907552083 20.986311778198097 2.2
    endloop
  endfacet
  facet normal 0 0 1
    outer loop
      vertex -8.791158092447917 20.986311778198097 2.2
      vertex 32.42 37 2.2
      vertex -9 21 2.2
    endloop
  endfacet
  facet normal 0 0 1
    outer loop
      vertex -8.585889527835967 20.94548132206251 2.2
      vertex 32.42 37 2.2
      vertex -8.791158092447917 20.986311778198097 2.2
    endloop
  endfacet
  facet normal 0 0 1
    outer loop
      vertex -8.387706508215857 20.878207252018058 2.2
      vertex 32.42 37 2.2
      vertex -8.585889527835967 20.94548132206251 2.2
    endloop
  endfacet
  facet normal 0 0 1
    outer loop
      vertex -8.387706508215857 20.878207252018058 2.2
      vertex -0.6122934917841437 20.878207252018058 2.2
      vertex 32.42 37 2.2
    endloop
  endfacet
  facet normal 0 0 1
    outer loop
      vertex -0.4141104721640332 20.94548132206251 2.2
      vertex 32.42 37 2.2
      vertex -0.6122934917841437 20.878207252018058 2.2
    endloop
  endfacet
  facet normal 0 0 1
    outer loop
      vertex -0.20884190755208254 20.986311778198097 2.2
      vertex 32.42 37 2.2
      vertex -0.4141104721640332 20.94548132206251 2.2
    endloop
  endfacet
  facet normal 0 0 1
    outer loop
      vertex 0 21 2.2
      vertex 32.42 37 2.2
      vertex -0.20884190755208254 20.986311778198097 2.2
    endloop
  endfacet
  facet normal 0 0 1
    outer loop
      vertex 0 21 2.2
      vertex 8.585889527835967 20.94548132206251 2.2
      vertex 32.42 37 2.2
    endloop
  endfacet
  facet normal 0 0 1
    outer loop
      vertex 8.791158092447917 20.986311778198097 2.2
      vertex 32.42 37 2.2
      vertex 8.585889527835967 20.94548132206251 2.2
    endloop
  endfacet
  facet normal 0 0 1
    outer loop
      vertex 9 21 2.2
      vertex 32.42 37 2.2
      vertex 8.791158092447917 20.986311778198097 2.2
    endloop
  endfacet
  facet normal 0 0 1
    outer loop
      vertex 9.208841907552083 20.986311778198097 2.2
      vertex 32.42 37 2.2
      vertex 9 21 2.2
    endloop
  endfacet
  facet normal 0 0 1
    outer loop
      vertex 9.414110472164033 20.94548132206251 2.2
      vertex 32.42 37 2.2
      vertex 9.208841907552083 20.986311778198097 2.2
    endloop
  endfacet
  facet normal 0 0 1
    outer loop
      vertex 9.612293491784143 20.878207252018058 2.2
      vertex 32.42 37 2.2
      vertex 9.414110472164033 20.94548132206251 2.2
    endloop
  endfacet
  facet normal 0 0 1
    outer loop
      vertex 9.612293491784143 20.878207252018058 2.2
      vertex 17.387706508215857 20.878207252018058 2.2
      vertex 32.42 37 2.2
    endloop
  endfacet
  facet normal 0 0 1
    outer loop
      vertex 17.585889527835967 20.94548132206251 2.2
      vertex 32.42 37 2.2
      vertex 17.387706508215857 20.878207252018058 2.2
    endloop
  endfacet
  facet normal 0 0 1
    outer loop
      vertex 17.79115809244792 20.986311778198097 2.2
      vertex 32.42 37 2.2
      vertex 17.585889527835967 20.94548132206251 2.2
    endloop
  endfacet
  facet normal 0 0 1
    outer loop
      vertex 18 21 2.2
      vertex 32.42 37 2.2
      vertex 17.79115809244792 20.986311778198097 2.2
    endloop
  endfacet
  facet normal 0 0 1
    outer loop
      vertex 18.20884190755208 20.986311778198097 2.2
      vertex 32.42 37 2.2
      vertex 18 21 2.2
    endloop
  endfacet
  facet normal 0 0 1
    outer loop
      vertex 18.414110472164033 20.94548132206251 2.2
      vertex 32.42 37 2.2
      vertex 18.20884190755208 20.986311778198097 2.2
    endloop
  endfacet
  facet normal 0 0 1
    outer loop
      vertex 32.42 37 2.2
      vertex 19.47820725201806 20.012293491784142 2.2
      vertex 19.54548132206251 19.81411047216403 2.2
    endloop
  endfacet
  facet normal 0 0 1
    outer loop
      vertex 32.42 37 2.2
      vertex 18.97401828641395 20.669365344465973 2.2
      vertex 19.131370849898477 20.531370849898476 2.2
    endloop
  endfacet
  facet normal 0 0 1
    outer loop
      vertex 32.42 37 2.2
      vertex 19.131370849898477 20.531370849898476 2.2
      vertex 19.269365344465974 20.37401828641395 2.2
    endloop
  endfacet
  facet normal 0 0 1
    outer loop
      vertex 32.42 37 2.2
      vertex 19.269365344465974 20.37401828641395 2.2
      vertex 19.3856406460551 20.2 2.2
    endloop
  endfacet
  facet normal 0 0 1
    outer loop
      vertex 32.42 37 2.2
      vertex 19.3856406460551 20.2 2.2
      vertex 19.47820725201806 20.012293491784142 2.2
    endloop
  endfacet
  facet normal 0 0 1
    outer loop
      vertex 32.42 37 2.2
      vertex 18.414110472164033 20.94548132206251 2.2
      vertex 18.612293491784143 20.878207252018058 2.2
    endloop
  endfacet
  facet normal 0 0 1
    outer loop
      vertex 32.42 37 2.2
      vertex 18.612293491784143 20.878207252018058 2.2
      vertex 18.8 20.7856406460551 2.2
    endloop
  endfacet
  facet normal 0 0 1
    outer loop
      vertex 32.42 37 2.2
      vertex 18.8 20.7856406460551 2.2
      vertex 18.97401828641395 20.669365344465973 2.2
    endloop
  endfacet
  facet normal 0 0 1
    outer loop
      vertex 41.612839570072964 41.04060464509717 2.2
      vertex -16.52179274798194 20.012293491784142 2.2
      vertex 32.42 37 2.2
    endloop
  endfacet
  facet normal 0 0 1
    outer loop
      vertex 41.3079689783217 41.3079689783217 2.2
      vertex -16.52179274798194 20.012293491784142 2.2
      vertex 41.612839570072964 41.04060464509717 2.2
    endloop
  endfacet
  facet normal 0 0 1
    outer loop
      vertex 40.81532124826824 41.95 2.2
      vertex 40.63597344921501 42.31368135966822 2.2
      vertex -16.730634655534026 20.37401828641395 2.2
    endloop
  endfacet
  facet normal 0 0 1
    outer loop
      vertex 40.63597344921501 42.31368135966822 2.2
      vertex 40.50562993850389 42.69766096018218 2.2
      vertex -16.868629150101523 20.531370849898476 2.2
    endloop
  endfacet
  facet normal 0 0 1
    outer loop
      vertex 40.50562993850389 42.69766096018218 2.2
      vertex 40.42652092974119 43.09536880411784 2.2
      vertex -17.02598171358605 20.669365344465973 2.2
    endloop
  endfacet
  facet normal 0 0 1
    outer loop
      vertex 41.04060464509717 41.612839570072964 2.2
      vertex 40.81532124826824 41.95 2.2
      vertex -16.6143593539449 20.2 2.2
    endloop
  endfacet
  facet normal 0 0 1
    outer loop
      vertex 41.3079689783217 41.3079689783217 2.2
      vertex 41.04060464509717 41.612839570072964 2.2
      vertex -16.6143593539449 20.2 2.2
    endloop
  endfacet
  facet normal 0 0 1
    outer loop
      vertex -40.4 43.5 2.2
      vertex 40.42652092974119 43.09536880411784 2.2
      vertex 40.4 43.5 2.2
    endloop
  endfacet
  facet normal 0 0 1
    outer loop
      vertex -40.42652092974119 43.90463119588216 2.2
      vertex 40.4 43.5 2.2
      vertex 40.42652092974119 43.90463119588216 2.2
    endloop
  endfacet
  facet normal 0 0 1
    outer loop
      vertex -40.50562993850389 44.30233903981782 2.2
      vertex 40.42652092974119 43.90463119588216 2.2
      vertex 40.50562993850389 44.30233903981782 2.2
    endloop
  endfacet
  facet normal 0 0 1
    outer loop
      vertex -40.63597344921501 44.68631864033178 2.2
      vertex 40.50562993850389 44.30233903981782 2.2
      vertex 40.63597344921501 44.68631864033178 2.2
    endloop
  endfacet
  facet normal 0 0 1
    outer loop
      vertex -40.81532124826824 45.05 2.2
      vertex 40.63597344921501 44.68631864033178 2.2
      vertex 40.81532124826824 45.05 2.2
    endloop
  endfacet
  facet normal 0 0 1
    outer loop
      vertex -41.04060464509717 45.387160429927036 2.2
      vertex 40.81532124826824 45.05 2.2
      vertex 41.04060464509717 45.387160429927036 2.2
    endloop
  endfacet
  facet normal 0 0 1
    outer loop
      vertex -41.3079689783217 45.6920310216783 2.2
      vertex 41.04060464509717 45.387160429927036 2.2
      vertex 41.3079689783217 45.6920310216783 2.2
    endloop
  endfacet
  facet normal 0 0 1
    outer loop
      vertex -41.3079689783217 45.6920310216783 2.2
      vertex 41.3079689783217 45.6920310216783 2.2
      vertex 41.612839570072964 45.95939535490283 2.2
    endloop
  endfacet
  facet normal 0 0 1
    outer loop
      vertex -41.3079689783217 45.6920310216783 2.2
      vertex 41.612839570072964 45.95939535490283 2.2
      vertex 41.95 46.18467875173176 2.2
    endloop
  endfacet
  facet normal 0 0 1
    outer loop
      vertex -41.612839570072964 45.95939535490283 2.2
      vertex 41.95 46.18467875173176 2.2
      vertex 42.2244043469191 46.32000000029802 2.2
    endloop
  endfacet
  facet normal 0 0 1
    outer loop
      vertex 28.6 19.4 2.2
      vertex 32.42 -5 2.2
      vertex 32.42 37 2.2
    endloop
  endfacet
  facet normal 0 0 1
    outer loop
      vertex 32.42 37 2.2
      vertex 19.586311778198098 19.60884190755208 2.2
      vertex 19.6 19.4 2.2
    endloop
  endfacet
  facet normal 0 0 1
    outer loop
      vertex 19.586311778198098 19.60884190755208 2.2
      vertex 32.42 37 2.2
      vertex 19.54548132206251 19.81411047216403 2.2
    endloop
  endfacet
  facet normal 0 0 1
    outer loop
      vertex 19.6 19.4 2.2
      vertex 25.6143593539449 20.2 2.2
      vertex 32.42 37 2.2
    endloop
  endfacet
  facet normal 0 0 1
    outer loop
      vertex 32.42 37 2.2
      vertex 25.6143593539449 20.2 2.2
      vertex 25.730634655534026 20.37401828641395 2.2
    endloop
  endfacet
  facet normal 0 0 1
    outer loop
      vertex 32.42 37 2.2
      vertex 25.730634655534026 20.37401828641395 2.2
      vertex 25.868629150101523 20.531370849898476 2.2
    endloop
  endfacet
  facet normal 0 0 1
    outer loop
      vertex 32.42 37 2.2
      vertex 25.868629150101523 20.531370849898476 2.2
      vertex 26.02598171358605 20.669365344465973 2.2
    endloop
  endfacet
  facet normal 0 0 1
    outer loop
      vertex 32.42 37 2.2
      vertex 26.02598171358605 20.669365344465973 2.2
      vertex 26.2 20.7856406460551 2.2
    endloop
  endfacet
  facet normal 0 0 1
    outer loop
      vertex 32.42 37 2.2
      vertex 26.2 20.7856406460551 2.2
      vertex 26.387706508215857 20.878207252018058 2.2
    endloop
  endfacet
  facet normal 0 0 1
    outer loop
      vertex 32.42 37 2.2
      vertex 26.387706508215857 20.878207252018058 2.2
      vertex 26.585889527835967 20.94548132206251 2.2
    endloop
  endfacet
  facet normal 0 0 1
    outer loop
      vertex 32.42 37 2.2
      vertex 26.585889527835967 20.94548132206251 2.2
      vertex 26.79115809244792 20.986311778198097 2.2
    endloop
  endfacet
  facet normal 0 0 1
    outer loop
      vertex 32.42 37 2.2
      vertex 26.79115809244792 20.986311778198097 2.2
      vertex 27 21 2.2
    endloop
  endfacet
  facet normal 0 0 1
    outer loop
      vertex 32.42 37 2.2
      vertex 27 21 2.2
      vertex 27.20884190755208 20.986311778198097 2.2
    endloop
  endfacet
  facet normal 0 0 1
    outer loop
      vertex 32.42 37 2.2
      vertex 27.20884190755208 20.986311778198097 2.2
      vertex 27.414110472164033 20.94548132206251 2.2
    endloop
  endfacet
  facet normal 0 0 1
    outer loop
      vertex 32.42 37 2.2
      vertex 27.97401828641395 20.669365344465973 2.2
      vertex 28.131370849898477 20.531370849898476 2.2
    endloop
  endfacet
  facet normal 0 0 1
    outer loop
      vertex 32.42 37 2.2
      vertex 28.131370849898477 20.531370849898476 2.2
      vertex 28.269365344465974 20.37401828641395 2.2
    endloop
  endfacet
  facet normal 0 0 1
    outer loop
      vertex 32.42 37 2.2
      vertex 28.269365344465974 20.37401828641395 2.2
      vertex 28.3856406460551 20.2 2.2
    endloop
  endfacet
  facet normal 0 0 1
    outer loop
      vertex 32.42 37 2.2
      vertex 28.3856406460551 20.2 2.2
      vertex 28.47820725201806 20.012293491784142 2.2
    endloop
  endfacet
  facet normal 0 0 1
    outer loop
      vertex 32.42 37 2.2
      vertex 27.414110472164033 20.94548132206251 2.2
      vertex 27.612293491784143 20.878207252018058 2.2
    endloop
  endfacet
  facet normal 0 0 1
    outer loop
      vertex 32.42 37 2.2
      vertex 27.612293491784143 20.878207252018058 2.2
      vertex 27.8 20.7856406460551 2.2
    endloop
  endfacet
  facet normal 0 0 1
    outer loop
      vertex 32.42 37 2.2
      vertex 27.8 20.7856406460551 2.2
      vertex 27.97401828641395 20.669365344465973 2.2
    endloop
  endfacet
  facet normal 0 0 1
    outer loop
      vertex 28.6 19.4 2.2
      vertex 32.42 37 2.2
      vertex 28.586311778198098 19.60884190755208 2.2
    endloop
  endfacet
  facet normal 0 0 1
    outer loop
      vertex 28.586311778198098 19.60884190755208 2.2
      vertex 32.42 37 2.2
      vertex 28.54548132206251 19.81411047216403 2.2
    endloop
  endfacet
  facet normal 0 0 1
    outer loop
      vertex 28.54548132206251 19.81411047216403 2.2
      vertex 32.42 37 2.2
      vertex 28.47820725201806 20.012293491784142 2.2
    endloop
  endfacet
  facet normal 0 0 1
    outer loop
      vertex 41.612839570072964 41.04060464509717 2.2
      vertex 32.42 37 2.2
      vertex 46.32000000029802 37 2.2
    endloop
  endfacet
  facet normal 0 0 1
    outer loop
      vertex 42.31368135966822 40.63597344921501 2.2
      vertex 46.32000000029802 37 2.2
      vertex 42.69766096018218 40.50562993850389 2.2
    endloop
  endfacet
  facet normal 0 0 1
    outer loop
      vertex 41.612839570072964 41.04060464509717 2.2
      vertex 46.32000000029802 37 2.2
      vertex 41.95 40.81532124826824 2.2
    endloop
  endfacet
  facet normal 0 0 1
    outer loop
      vertex 41.95 40.81532124826824 2.2
      vertex 46.32000000029802 37 2.2
      vertex 42.31368135966822 40.63597344921501 2.2
    endloop
  endfacet
  facet normal 0 0 1
    outer loop
      vertex 42.69766096018218 40.50562993850389 2.2
      vertex 46.32000000029802 37 2.2
      vertex 43.09536880411784 40.42652092974119 2.2
    endloop
  endfacet
  facet normal 0 0 1
    outer loop
      vertex 43.09536880411784 40.42652092974119 2.2
      vertex 46.32000000029802 37 2.2
      vertex 43.5 40.4 2.2
    endloop
  endfacet
  facet normal 0 0 1
    outer loop
      vertex 43.5 40.4 2.2
      vertex 46.32000000029802 37 2.2
      vertex 43.90463119588216 40.42652092974119 2.2
    endloop
  endfacet
  facet normal 0 0 1
    outer loop
      vertex 43.90463119588216 40.42652092974119 2.2
      vertex 46.32000000029802 37 2.2
      vertex 44.30233903981782 40.50562993850389 2.2
    endloop
  endfacet
  facet normal 0 0 1
    outer loop
      vertex 44.30233903981782 40.50562993850389 2.2
      vertex 46.32000000029802 37 2.2
      vertex 44.68631864033178 40.63597344921501 2.2
    endloop
  endfacet
  facet normal 0 0 1
    outer loop
      vertex 44.68631864033178 40.63597344921501 2.2
      vertex 46.32000000029802 37 2.2
      vertex 45.05 40.81532124826824 2.2
    endloop
  endfacet
  facet normal 0 0 1
    outer loop
      vertex 45.05 40.81532124826824 2.2
      vertex 46.32000000029802 37 2.2
      vertex 45.387160429927036 41.04060464509717 2.2
    endloop
  endfacet
  facet normal 0 0 1
    outer loop
      vertex 45.387160429927036 41.04060464509717 2.2
      vertex 46.32000000029802 37 2.2
      vertex 45.6920310216783 41.3079689783217 2.2
    endloop
  endfacet
  facet normal 0 0 1
    outer loop
      vertex 45.6920310216783 41.3079689783217 2.2
      vertex 46.32000000029802 37 2.2
      vertex 45.95939535490283 41.612839570072964 2.2
    endloop
  endfacet
  facet normal 0 0 1
    outer loop
      vertex 45.95939535490283 41.612839570072964 2.2
      vertex 46.32000000029802 37 2.2
      vertex 46.18467875173176 41.95 2.2
    endloop
  endfacet
  facet normal 0 0 1
    outer loop
      vertex 46.18467875173176 41.95 2.2
      vertex 46.32000000029802 37 2.2
      vertex 46.32000000029802 42.2244043469191 2.2
    endloop
  endfacet
  facet normal 0 0 1
    outer loop
      vertex 42.11163165449034 42.43466749923474 2.2
      vertex 45.01554445662277 44.375 2.2
      vertex 41.98445554337723 42.625 2.2
    endloop
  endfacet
  facet normal 0 0 1
    outer loop
      vertex 42.26256313292354 42.26256313292354 2.2
      vertex 45.01554445662277 44.375 2.2
      vertex 42.11163165449034 42.43466749923474 2.2
    endloop
  endfacet
  facet normal 0 0 1
    outer loop
      vertex 41.80962980399413 43.04706667107059 2.2
      vertex 44.88836834550966 44.56533250076526 2.2
      vertex 41.76497149259583 43.27157916361491 2.2
    endloop
  endfacet
  facet normal 0 0 1
    outer loop
      vertex 41.76497149259583 43.27157916361491 2.2
      vertex 44.88836834550966 44.56533250076526 2.2
      vertex 41.75 43.5 2.2
    endloop
  endfacet
  facet normal 0 0 1
    outer loop
      vertex 41.98445554337723 42.625 2.2
      vertex 45.01554445662277 44.375 2.2
      vertex 41.88321081810525 42.83030399336109 2.2
    endloop
  endfacet
  facet normal 0 0 1
    outer loop
      vertex 41.88321081810525 42.83030399336109 2.2
      vertex 44.88836834550966 44.56533250076526 2.2
      vertex 41.80962980399413 43.04706667107059 2.2
    endloop
  endfacet
  facet normal 0 0 1
    outer loop
      vertex 41.75 43.5 2.2
      vertex 44.73743686707646 44.73743686707646 2.2
      vertex 41.76497149259583 43.72842083638509 2.2
    endloop
  endfacet
  facet normal 0 0 1
    outer loop
      vertex 41.76497149259583 43.72842083638509 2.2
      vertex 44.56533250076526 44.88836834550966 2.2
      vertex 41.80962980399413 43.95293332892941 2.2
    endloop
  endfacet
  facet normal 0 0 1
    outer loop
      vertex 41.80962980399413 43.95293332892941 2.2
      vertex 44.375 45.01554445662277 2.2
      vertex 41.88321081810525 44.16969600663891 2.2
    endloop
  endfacet
  facet normal 0 0 1
    outer loop
      vertex 41.88321081810525 44.16969600663891 2.2
      vertex 44.375 45.01554445662277 2.2
      vertex 41.98445554337723 44.375 2.2
    endloop
  endfacet
  facet normal 0 0 1
    outer loop
      vertex 41.98445554337723 44.375 2.2
      vertex 44.16969600663891 45.11678918189475 2.2
      vertex 42.11163165449034 44.56533250076526 2.2
    endloop
  endfacet
  facet normal 0 0 1
    outer loop
      vertex 43.04706667107059 41.80962980399413 2.2
      vertex 43.27157916361491 41.76497149259583 2.2
      vertex 45.25 43.5 2.2
    endloop
  endfacet
  facet normal 0 0 1
    outer loop
      vertex 42.43466749923474 42.11163165449034 2.2
      vertex 42.625 41.98445554337723 2.2
      vertex 45.01554445662277 44.375 2.2
    endloop
  endfacet
  facet normal 0 0 1
    outer loop
      vertex 42.625 41.98445554337723 2.2
      vertex 42.83030399336109 41.88321081810525 2.2
      vertex 45.11678918189475 44.16969600663891 2.2
    endloop
  endfacet
  facet normal 0 0 1
    outer loop
      vertex 42.26256313292354 42.26256313292354 2.2
      vertex 42.43466749923474 42.11163165449034 2.2
      vertex 45.01554445662277 44.375 2.2
    endloop
  endfacet
  facet normal 0 0 1
    outer loop
      vertex 42.83030399336109 41.88321081810525 2.2
      vertex 43.04706667107059 41.80962980399413 2.2
      vertex 45.23502850740417 43.72842083638509 2.2
    endloop
  endfacet
  facet normal 0 0 1
    outer loop
      vertex 43.27157916361491 41.76497149259583 2.2
      vertex 43.5 41.75 2.2
      vertex 45.25 43.5 2.2
    endloop
  endfacet
  facet normal 0 0 1
    outer loop
      vertex 43.5 41.75 2.2
      vertex 43.72842083638509 41.76497149259583 2.2
      vertex 45.23502850740417 43.27157916361491 2.2
    endloop
  endfacet
  facet normal 0 0 1
    outer loop
      vertex 43.72842083638509 41.76497149259583 2.2
      vertex 43.95293332892941 41.80962980399413 2.2
      vertex 45.19037019600587 43.04706667107059 2.2
    endloop
  endfacet
  facet normal 0 0 1
    outer loop
      vertex 43.95293332892941 41.80962980399413 2.2
      vertex 44.16969600663891 41.88321081810525 2.2
      vertex 45.11678918189475 42.83030399336109 2.2
    endloop
  endfacet
  facet normal 0 0 1
    outer loop
      vertex 44.16969600663891 41.88321081810525 2.2
      vertex 44.375 41.98445554337723 2.2
      vertex 45.01554445662277 42.625 2.2
    endloop
  endfacet
  facet normal 0 0 1
    outer loop
      vertex 44.375 41.98445554337723 2.2
      vertex 44.56533250076526 42.11163165449034 2.2
      vertex 44.88836834550966 42.43466749923474 2.2
    endloop
  endfacet
  facet normal 0 0 1
    outer loop
      vertex 42.83030399336109 41.88321081810525 2.2
      vertex 45.23502850740417 43.72842083638509 2.2
      vertex 45.19037019600587 43.95293332892941 2.2
    endloop
  endfacet
  facet normal 0 0 1
    outer loop
      vertex 43.04706667107059 41.80962980399413 2.2
      vertex 45.25 43.5 2.2
      vertex 45.23502850740417 43.72842083638509 2.2
    endloop
  endfacet
  facet normal 0 0 1
    outer loop
      vertex 43.5 41.75 2.2
      vertex 45.23502850740417 43.27157916361491 2.2
      vertex 45.25 43.5 2.2
    endloop
  endfacet
  facet normal 0 0 1
    outer loop
      vertex 41.88321081810525 42.83030399336109 2.2
      vertex 45.01554445662277 44.375 2.2
      vertex 44.88836834550966 44.56533250076526 2.2
    endloop
  endfacet
  facet normal 0 0 1
    outer loop
      vertex 41.75 43.5 2.2
      vertex 44.88836834550966 44.56533250076526 2.2
      vertex 44.73743686707646 44.73743686707646 2.2
    endloop
  endfacet
  facet normal 0 0 1
    outer loop
      vertex 41.76497149259583 43.72842083638509 2.2
      vertex 44.73743686707646 44.73743686707646 2.2
      vertex 44.56533250076526 44.88836834550966 2.2
    endloop
  endfacet
  facet normal 0 0 1
    outer loop
      vertex 41.80962980399413 43.95293332892941 2.2
      vertex 44.56533250076526 44.88836834550966 2.2
      vertex 44.375 45.01554445662277 2.2
    endloop
  endfacet
  facet normal 0 0 1
    outer loop
      vertex 42.625 41.98445554337723 2.2
      vertex 45.11678918189475 44.16969600663891 2.2
      vertex 45.01554445662277 44.375 2.2
    endloop
  endfacet
  facet normal 0 0 1
    outer loop
      vertex 42.83030399336109 41.88321081810525 2.2
      vertex 45.19037019600587 43.95293332892941 2.2
      vertex 45.11678918189475 44.16969600663891 2.2
    endloop
  endfacet
  facet normal 0 0 1
    outer loop
      vertex 42.11163165449034 44.56533250076526 2.2
      vertex 43.95293332892941 45.19037019600587 2.2
      vertex 42.26256313292354 44.73743686707646 2.2
    endloop
  endfacet
  facet normal 0 0 1
    outer loop
      vertex 42.26256313292354 44.73743686707646 2.2
      vertex 43.72842083638509 45.23502850740417 2.2
      vertex 42.43466749923474 44.88836834550966 2.2
    endloop
  endfacet
  facet normal 0 0 1
    outer loop
      vertex 42.43466749923474 44.88836834550966 2.2
      vertex 43.72842083638509 45.23502850740417 2.2
      vertex 42.625 45.01554445662277 2.2
    endloop
  endfacet
  facet normal 0 0 1
    outer loop
      vertex 42.625 45.01554445662277 2.2
      vertex 43.27157916361491 45.23502850740417 2.2
      vertex 42.83030399336109 45.11678918189475 2.2
    endloop
  endfacet
  facet normal 0 0 1
    outer loop
      vertex 42.83030399336109 45.11678918189475 2.2
      vertex 43.27157916361491 45.23502850740417 2.2
      vertex 43.04706667107059 45.19037019600587 2.2
    endloop
  endfacet
  facet normal 0 0 1
    outer loop
      vertex 42.625 45.01554445662277 2.2
      vertex 43.5 45.25 2.2
      vertex 43.27157916361491 45.23502850740417 2.2
    endloop
  endfacet
  facet normal 0 0 1
    outer loop
      vertex 42.26256313292354 44.73743686707646 2.2
      vertex 43.95293332892941 45.19037019600587 2.2
      vertex 43.72842083638509 45.23502850740417 2.2
    endloop
  endfacet
  facet normal 0 0 1
    outer loop
      vertex 41.98445554337723 44.375 2.2
      vertex 44.375 45.01554445662277 2.2
      vertex 44.16969600663891 45.11678918189475 2.2
    endloop
  endfacet
  facet normal 0 0 1
    outer loop
      vertex 42.11163165449034 44.56533250076526 2.2
      vertex 44.16969600663891 45.11678918189475 2.2
      vertex 43.95293332892941 45.19037019600587 2.2
    endloop
  endfacet
  facet normal 0 0 1
    outer loop
      vertex 42.625 45.01554445662277 2.2
      vertex 43.72842083638509 45.23502850740417 2.2
      vertex 43.5 45.25 2.2
    endloop
  endfacet
  facet normal 0 0 1
    outer loop
      vertex 44.56533250076526 42.11163165449034 2.2
      vertex 44.73743686707646 42.26256313292354 2.2
      vertex 44.88836834550966 42.43466749923474 2.2
    endloop
  endfacet
  facet normal 0 0 1
    outer loop
      vertex 44.375 41.98445554337723 2.2
      vertex 44.88836834550966 42.43466749923474 2.2
      vertex 45.01554445662277 42.625 2.2
    endloop
  endfacet
  facet normal 0 0 1
    outer loop
      vertex 44.16969600663891 41.88321081810525 2.2
      vertex 45.01554445662277 42.625 2.2
      vertex 45.11678918189475 42.83030399336109 2.2
    endloop
  endfacet
  facet normal 0 0 1
    outer loop
      vertex 43.95293332892941 41.80962980399413 2.2
      vertex 45.11678918189475 42.83030399336109 2.2
      vertex 45.19037019600587 43.04706667107059 2.2
    endloop
  endfacet
  facet normal 0 0 1
    outer loop
      vertex 43.72842083638509 41.76497149259583 2.2
      vertex 45.19037019600587 43.04706667107059 2.2
      vertex 45.23502850740417 43.27157916361491 2.2
    endloop
  endfacet
  facet normal 0 0 1
    outer loop
      vertex 45.95939535490283 45.387160429927036 2.2
      vertex 46.18467875173176 45.05 2.2
      vertex 46.32000000029802 45.5 2.2
    endloop
  endfacet
  facet normal 0 0 1
    outer loop
      vertex 45.387160429927036 45.95939535490283 2.2
      vertex 46.21014083176851 45.90999999642372 2.2
      vertex 45.05 46.18467875173176 2.2
    endloop
  endfacet
  facet normal 0 0 1
    outer loop
      vertex 45.387160429927036 45.95939535490283 2.2
      vertex 45.6920310216783 45.6920310216783 2.2
      vertex 46.21014083176851 45.90999999642372 2.2
    endloop
  endfacet
  facet normal 0 0 1
    outer loop
      vertex 46.079827561974525 46.079827561974525 2.2
      vertex 45.999184370040894 46.15054973959923 2.2
      vertex 45.05 46.18467875173176 2.2
    endloop
  endfacet
  facet normal 0 0 1
    outer loop
      vertex 46.15054973959923 45.999184370040894 2.2
      vertex 45.05 46.18467875173176 2.2
      vertex 46.21014083176851 45.90999999642372 2.2
    endloop
  endfacet
  facet normal 0 0 1
    outer loop
      vertex 46.079827561974525 46.079827561974525 2.2
      vertex 45.05 46.18467875173176 2.2
      vertex 46.15054973959923 45.999184370040894 2.2
    endloop
  endfacet
  facet normal 0 0 1
    outer loop
      vertex 45.95939535490283 45.387160429927036 2.2
      vertex 46.32000000029802 45.5 2.2
      vertex 45.6920310216783 45.6920310216783 2.2
    endloop
  endfacet
  facet normal 0 0 1
    outer loop
      vertex 45.6920310216783 45.6920310216783 2.2
      vertex 46.32000000029802 45.5 2.2
      vertex 46.3129847869277 45.60703147947788 2.2
    endloop
  endfacet
  facet normal 0 0 1
    outer loop
      vertex 45.6920310216783 45.6920310216783 2.2
      vertex 46.29205917567015 45.71223161369562 2.2
      vertex 46.25758121907711 45.81380041688681 2.2
    endloop
  endfacet
  facet normal 0 0 1
    outer loop
      vertex 45.6920310216783 45.6920310216783 2.2
      vertex 46.25758121907711 45.81380041688681 2.2
      vertex 46.21014083176851 45.90999999642372 2.2
    endloop
  endfacet
  facet normal 0 0 1
    outer loop
      vertex 45.6920310216783 45.6920310216783 2.2
      vertex 46.3129847869277 45.60703147947788 2.2
      vertex 46.29205917567015 45.71223161369562 2.2
    endloop
  endfacet
  facet normal 0 0 1
    outer loop
      vertex 44.7755956530809 46.32000000029802 2.2
      vertex 45.05 46.18467875173176 2.2
      vertex 45.90999999642372 46.21014083176851 2.2
    endloop
  endfacet
  facet normal 0 0 1
    outer loop
      vertex 44.7755956530809 46.32000000029802 2.2
      vertex 45.60703147947788 46.3129847869277 2.2
      vertex 45.5 46.32000000029802 2.2
    endloop
  endfacet
  facet normal 0 0 1
    outer loop
      vertex 44.7755956530809 46.32000000029802 2.2
      vertex 45.81380041688681 46.25758121907711 2.2
      vertex 45.71223161369562 46.29205917567015 2.2
    endloop
  endfacet
  facet normal 0 0 1
    outer loop
      vertex 44.7755956530809 46.32000000029802 2.2
      vertex 45.71223161369562 46.29205917567015 2.2
      vertex 45.60703147947788 46.3129847869277 2.2
    endloop
  endfacet
  facet normal 0 0 1
    outer loop
      vertex 44.7755956530809 46.32000000029802 2.2
      vertex 45.90999999642372 46.21014083176851 2.2
      vertex 45.81380041688681 46.25758121907711 2.2
    endloop
  endfacet
  facet normal 0 0 1
    outer loop
      vertex 45.999184370040894 46.15054973959923 2.2
      vertex 45.90999999642372 46.21014083176851 2.2
      vertex 45.05 46.18467875173176 2.2
    endloop
  endfacet
  facet normal 0 0 1
    outer loop
      vertex 46.32000000029802 44.7755956530809 2.2
      vertex 46.32000000029802 45.5 2.2
      vertex 46.18467875173176 45.05 2.2
    endloop
  endfacet
  facet normal 0.321439465303166 0.9469301294951042 0
    outer loop
      vertex -27.414110472164033 -20.94548132206251 0
      vertex -27.612293491784143 -20.878207252018058 0
      vertex -27.612293491784143 -20.878207252018058 2.2
    endloop
  endfacet
  facet normal 0.19509032201612822 0.9807852804032304 0
    outer loop
      vertex -27.20884190755208 -20.986311778198097 0
      vertex -27.414110472164033 -20.94548132206251 0
      vertex -27.414110472164033 -20.94548132206251 2.2
    endloop
  endfacet
  facet normal 0.06540312923014291 0.9978589232386036 0
    outer loop
      vertex -27 -21 0
      vertex -27.20884190755208 -20.986311778198097 0
      vertex -27.20884190755208 -20.986311778198097 2.2
    endloop
  endfacet
  facet normal -0.06540312923014291 0.9978589232386036 0
    outer loop
      vertex -26.79115809244792 -20.986311778198097 0
      vertex -27 -21 0
      vertex -27 -21 2.2
    endloop
  endfacet
  facet normal 0.8314696123025386 0.5555702330196121 0
    outer loop
      vertex -28.269365344465974 -20.37401828641395 0
      vertex -28.3856406460551 -20.2 0
      vertex -28.3856406460551 -20.2 2.2
    endloop
  endfacet
  facet normal 0.9469301294951042 0.321439465303166 0
    outer loop
      vertex -28.47820725201806 -20.012293491784142 0
      vertex -28.54548132206251 -19.81411047216403 0
      vertex -28.54548132206251 -19.81411047216403 2.2
    endloop
  endfacet
  facet normal 0.8968727415326878 0.4422886902190024 0
    outer loop
      vertex -28.3856406460551 -20.2 0
      vertex -28.47820725201806 -20.012293491784142 0
      vertex -28.47820725201806 -20.012293491784142 2.2
    endloop
  endfacet
  facet normal 0.9807852804032304 0.19509032201612822 0
    outer loop
      vertex -28.54548132206251 -19.81411047216403 0
      vertex -28.586311778198098 -19.60884190755208 0
      vertex -28.586311778198098 -19.60884190755208 2.2
    endloop
  endfacet
  facet normal 0.9978589232386036 0.06540312923014291 0
    outer loop
      vertex -28.586311778198098 -19.60884190755208 0
      vertex -28.6 -19.4 0
      vertex -28.6 -19.4 2.2
    endloop
  endfacet
  facet normal 0.6593458151000532 0.7518398074789912 0
    outer loop
      vertex -27.97401828641395 -20.669365344465973 0
      vertex -28.131370849898477 -20.531370849898476 0
      vertex -28.131370849898477 -20.531370849898476 2.2
    endloop
  endfacet
  facet normal 0.7518398074789912 0.6593458151000532 0
    outer loop
      vertex -28.131370849898477 -20.531370849898476 0
      vertex -28.269365344465974 -20.37401828641395 0
      vertex -28.269365344465974 -20.37401828641395 2.2
    endloop
  endfacet
  facet normal 0.5555702330196121 0.8314696123025386 0
    outer loop
      vertex -27.8 -20.7856406460551 0
      vertex -27.97401828641395 -20.669365344465973 0
      vertex -27.97401828641395 -20.669365344465973 2.2
    endloop
  endfacet
  facet normal 0.4422886902190024 0.8968727415326878 0
    outer loop
      vertex -27.612293491784143 -20.878207252018058 0
      vertex -27.8 -20.7856406460551 0
      vertex -27.8 -20.7856406460551 2.2
    endloop
  endfacet
  facet normal -0.19509032201612822 0.9807852804032304 0
    outer loop
      vertex -26.585889527835967 -20.94548132206251 0
      vertex -26.79115809244792 -20.986311778198097 0
      vertex -26.79115809244792 -20.986311778198097 2.2
    endloop
  endfacet
  facet normal -0.321439465303166 0.9469301294951042 0
    outer loop
      vertex -26.387706508215857 -20.878207252018058 0
      vertex -26.585889527835967 -20.94548132206251 0
      vertex -26.585889527835967 -20.94548132206251 2.2
    endloop
  endfacet
  facet normal -0.4422886902190024 0.8968727415326878 0
    outer loop
      vertex -26.2 -20.7856406460551 0
      vertex -26.387706508215857 -20.878207252018058 0
      vertex -26.387706508215857 -20.878207252018058 2.2
    endloop
  endfacet
  facet normal -0.5555702330196121 0.8314696123025386 0
    outer loop
      vertex -26.02598171358605 -20.669365344465973 0
      vertex -26.2 -20.7856406460551 0
      vertex -26.2 -20.7856406460551 2.2
    endloop
  endfacet
  facet normal -0.6593458151000532 0.7518398074789912 0
    outer loop
      vertex -25.868629150101523 -20.531370849898476 0
      vertex -26.02598171358605 -20.669365344465973 0
      vertex -26.02598171358605 -20.669365344465973 2.2
    endloop
  endfacet
  facet normal -0.7518398074789912 0.6593458151000532 0
    outer loop
      vertex -25.730634655534026 -20.37401828641395 0
      vertex -25.868629150101523 -20.531370849898476 0
      vertex -25.868629150101523 -20.531370849898476 2.2
    endloop
  endfacet
  facet normal -0.8314696123025386 0.5555702330196121 0
    outer loop
      vertex -25.6143593539449 -20.2 0
      vertex -25.730634655534026 -20.37401828641395 0
      vertex -25.730634655534026 -20.37401828641395 2.2
    endloop
  endfacet
  facet normal -0.8968727415326878 0.4422886902190024 0
    outer loop
      vertex -25.52179274798194 -20.012293491784142 0
      vertex -25.6143593539449 -20.2 0
      vertex -25.6143593539449 -20.2 2.2
    endloop
  endfacet
  facet normal -0.9469301294951042 0.321439465303166 0
    outer loop
      vertex -25.45451867793749 -19.81411047216403 0
      vertex -25.52179274798194 -20.012293491784142 0
      vertex -25.52179274798194 -20.012293491784142 2.2
    endloop
  endfacet
  facet normal -0.9807852804032304 0.19509032201612822 0
    outer loop
      vertex -25.413688221801902 -19.60884190755208 0
      vertex -25.45451867793749 -19.81411047216403 0
      vertex -25.45451867793749 -19.81411047216403 2.2
    endloop
  endfacet
  facet normal -0.9978589232386036 0.06540312923014291 0
    outer loop
      vertex -25.4 -19.4 0
      vertex -25.413688221801902 -19.60884190755208 0
      vertex -25.413688221801902 -19.60884190755208 2.2
    endloop
  endfacet
  facet normal -1 0 0
    outer loop
      vertex -25.4 -19.4 0
      vertex -25.4 -19.4 2.2
      vertex -25.4 19.4 0
    endloop
  endfacet
  facet normal 0.321439465303166 0.9469301294951042 0
    outer loop
      vertex -27.414110472164033 -20.94548132206251 0
      vertex -27.612293491784143 -20.878207252018058 2.2
      vertex -27.414110472164033 -20.94548132206251 2.2
    endloop
  endfacet
  facet normal 0.19509032201612822 0.9807852804032304 0
    outer loop
      vertex -27.20884190755208 -20.986311778198097 0
      vertex -27.414110472164033 -20.94548132206251 2.2
      vertex -27.20884190755208 -20.986311778198097 2.2
    endloop
  endfacet
  facet normal 0.06540312923014291 0.9978589232386036 0
    outer loop
      vertex -27 -21 0
      vertex -27.20884190755208 -20.986311778198097 2.2
      vertex -27 -21 2.2
    endloop
  endfacet
  facet normal -0.06540312923014291 0.9978589232386036 0
    outer loop
      vertex -26.79115809244792 -20.986311778198097 0
      vertex -27 -21 2.2
      vertex -26.79115809244792 -20.986311778198097 2.2
    endloop
  endfacet
  facet normal 0.8314696123025386 0.5555702330196121 0
    outer loop
      vertex -28.269365344465974 -20.37401828641395 0
      vertex -28.3856406460551 -20.2 2.2
      vertex -28.269365344465974 -20.37401828641395 2.2
    endloop
  endfacet
  facet normal 0.8968727415326878 0.4422886902190024 0
    outer loop
      vertex -28.3856406460551 -20.2 0
      vertex -28.47820725201806 -20.012293491784142 2.2
      vertex -28.3856406460551 -20.2 2.2
    endloop
  endfacet
  facet normal 0.9469301294951042 0.321439465303166 0
    outer loop
      vertex -28.47820725201806 -20.012293491784142 0
      vertex -28.54548132206251 -19.81411047216403 2.2
      vertex -28.47820725201806 -20.012293491784142 2.2
    endloop
  endfacet
  facet normal 0.9807852804032304 0.19509032201612822 0
    outer loop
      vertex -28.54548132206251 -19.81411047216403 0
      vertex -28.586311778198098 -19.60884190755208 2.2
      vertex -28.54548132206251 -19.81411047216403 2.2
    endloop
  endfacet
  facet normal 0.9978589232386036 0.06540312923014291 0
    outer loop
      vertex -28.586311778198098 -19.60884190755208 0
      vertex -28.6 -19.4 2.2
      vertex -28.586311778198098 -19.60884190755208 2.2
    endloop
  endfacet
  facet normal 0.6593458151000532 0.7518398074789912 0
    outer loop
      vertex -27.97401828641395 -20.669365344465973 0
      vertex -28.131370849898477 -20.531370849898476 2.2
      vertex -27.97401828641395 -20.669365344465973 2.2
    endloop
  endfacet
  facet normal 0.7518398074789912 0.6593458151000532 0
    outer loop
      vertex -28.131370849898477 -20.531370849898476 0
      vertex -28.269365344465974 -20.37401828641395 2.2
      vertex -28.131370849898477 -20.531370849898476 2.2
    endloop
  endfacet
  facet normal 0.5555702330196121 0.8314696123025386 0
    outer loop
      vertex -27.8 -20.7856406460551 0
      vertex -27.97401828641395 -20.669365344465973 2.2
      vertex -27.8 -20.7856406460551 2.2
    endloop
  endfacet
  facet normal 0.4422886902190024 0.8968727415326878 0
    outer loop
      vertex -27.612293491784143 -20.878207252018058 0
      vertex -27.8 -20.7856406460551 2.2
      vertex -27.612293491784143 -20.878207252018058 2.2
    endloop
  endfacet
  facet normal -0.19509032201612822 0.9807852804032304 0
    outer loop
      vertex -26.585889527835967 -20.94548132206251 0
      vertex -26.79115809244792 -20.986311778198097 2.2
      vertex -26.585889527835967 -20.94548132206251 2.2
    endloop
  endfacet
  facet normal -0.321439465303166 0.9469301294951042 0
    outer loop
      vertex -26.387706508215857 -20.878207252018058 0
      vertex -26.585889527835967 -20.94548132206251 2.2
      vertex -26.387706508215857 -20.878207252018058 2.2
    endloop
  endfacet
  facet normal -0.4422886902190024 0.8968727415326878 0
    outer loop
      vertex -26.2 -20.7856406460551 0
      vertex -26.387706508215857 -20.878207252018058 2.2
      vertex -26.2 -20.7856406460551 2.2
    endloop
  endfacet
  facet normal -0.5555702330196121 0.8314696123025386 0
    outer loop
      vertex -26.02598171358605 -20.669365344465973 0
      vertex -26.2 -20.7856406460551 2.2
      vertex -26.02598171358605 -20.669365344465973 2.2
    endloop
  endfacet
  facet normal -0.6593458151000532 0.7518398074789912 0
    outer loop
      vertex -25.868629150101523 -20.531370849898476 0
      vertex -26.02598171358605 -20.669365344465973 2.2
      vertex -25.868629150101523 -20.531370849898476 2.2
    endloop
  endfacet
  facet normal -0.7518398074789912 0.6593458151000532 0
    outer loop
      vertex -25.730634655534026 -20.37401828641395 0
      vertex -25.868629150101523 -20.531370849898476 2.2
      vertex -25.730634655534026 -20.37401828641395 2.2
    endloop
  endfacet
  facet normal -0.8314696123025386 0.5555702330196121 0
    outer loop
      vertex -25.6143593539449 -20.2 0
      vertex -25.730634655534026 -20.37401828641395 2.2
      vertex -25.6143593539449 -20.2 2.2
    endloop
  endfacet
  facet normal -0.8968727415326878 0.4422886902190024 0
    outer loop
      vertex -25.52179274798194 -20.012293491784142 0
      vertex -25.6143593539449 -20.2 2.2
      vertex -25.52179274798194 -20.012293491784142 2.2
    endloop
  endfacet
  facet normal -0.9469301294951042 0.321439465303166 0
    outer loop
      vertex -25.45451867793749 -19.81411047216403 0
      vertex -25.52179274798194 -20.012293491784142 2.2
      vertex -25.45451867793749 -19.81411047216403 2.2
    endloop
  endfacet
  facet normal -0.9807852804032304 0.19509032201612822 0
    outer loop
      vertex -25.413688221801902 -19.60884190755208 0
      vertex -25.45451867793749 -19.81411047216403 2.2
      vertex -25.413688221801902 -19.60884190755208 2.2
    endloop
  endfacet
  facet normal -0.9978589232386036 0.06540312923014291 0
    outer loop
      vertex -25.4 -19.4 0
      vertex -25.413688221801902 -19.60884190755208 2.2
      vertex -25.4 -19.4 2.2
    endloop
  endfacet
  facet normal 1 0 0
    outer loop
      vertex -28.6 19.4 2.2
      vertex -28.6 -19.4 2.2
      vertex -28.6 -19.4 0
    endloop
  endfacet
  facet normal 1 0 0
    outer loop
      vertex -28.6 -19.4 0
      vertex -28.6 19.4 0
      vertex -28.6 19.4 2.2
    endloop
  endfacet
  facet normal 0.9978589232386036 -0.06540312923014291 0
    outer loop
      vertex -28.6 19.4 0
      vertex -28.586311778198098 19.60884190755208 0
      vertex -28.586311778198098 19.60884190755208 2.2
    endloop
  endfacet
  facet normal 0.9807852804032304 -0.19509032201612822 0
    outer loop
      vertex -28.586311778198098 19.60884190755208 0
      vertex -28.54548132206251 19.81411047216403 0
      vertex -28.54548132206251 19.81411047216403 2.2
    endloop
  endfacet
  facet normal 0.9469301294951042 -0.321439465303166 0
    outer loop
      vertex -28.54548132206251 19.81411047216403 0
      vertex -28.47820725201806 20.012293491784142 0
      vertex -28.47820725201806 20.012293491784142 2.2
    endloop
  endfacet
  facet normal 0.8968727415326878 -0.4422886902190024 0
    outer loop
      vertex -28.47820725201806 20.012293491784142 0
      vertex -28.3856406460551 20.2 0
      vertex -28.3856406460551 20.2 2.2
    endloop
  endfacet
  facet normal 0.8314696123025386 -0.5555702330196121 0
    outer loop
      vertex -28.3856406460551 20.2 0
      vertex -28.269365344465974 20.37401828641395 0
      vertex -28.269365344465974 20.37401828641395 2.2
    endloop
  endfacet
  facet normal 0.7518398074789912 -0.6593458151000532 0
    outer loop
      vertex -28.269365344465974 20.37401828641395 0
      vertex -28.131370849898477 20.531370849898476 0
      vertex -28.131370849898477 20.531370849898476 2.2
    endloop
  endfacet
  facet normal 0.6593458151000532 -0.7518398074789912 0
    outer loop
      vertex -28.131370849898477 20.531370849898476 0
      vertex -27.97401828641395 20.669365344465973 0
      vertex -27.97401828641395 20.669365344465973 2.2
    endloop
  endfacet
  facet normal 0.5555702330196121 -0.8314696123025386 0
    outer loop
      vertex -27.97401828641395 20.669365344465973 0
      vertex -27.8 20.7856406460551 0
      vertex -27.8 20.7856406460551 2.2
    endloop
  endfacet
  facet normal 0.4422886902190024 -0.8968727415326878 0
    outer loop
      vertex -27.8 20.7856406460551 0
      vertex -27.612293491784143 20.878207252018058 0
      vertex -27.612293491784143 20.878207252018058 2.2
    endloop
  endfacet
  facet normal 0.321439465303166 -0.9469301294951042 0
    outer loop
      vertex -27.612293491784143 20.878207252018058 0
      vertex -27.414110472164033 20.94548132206251 0
      vertex -27.414110472164033 20.94548132206251 2.2
    endloop
  endfacet
  facet normal 0.19509032201612822 -0.9807852804032304 0
    outer loop
      vertex -27.414110472164033 20.94548132206251 0
      vertex -27.20884190755208 20.986311778198097 0
      vertex -27.20884190755208 20.986311778198097 2.2
    endloop
  endfacet
  facet normal 0.06540312923014291 -0.9978589232386036 0
    outer loop
      vertex -27.20884190755208 20.986311778198097 0
      vertex -27 21 0
      vertex -27 21 2.2
    endloop
  endfacet
  facet normal -0.06540312923014291 -0.9978589232386036 0
    outer loop
      vertex -27 21 0
      vertex -26.79115809244792 20.986311778198097 0
      vertex -26.79115809244792 20.986311778198097 2.2
    endloop
  endfacet
  facet normal -0.4422886902190024 -0.8968727415326878 0
    outer loop
      vertex -26.387706508215857 20.878207252018058 0
      vertex -26.2 20.7856406460551 0
      vertex -26.2 20.7856406460551 2.2
    endloop
  endfacet
  facet normal -0.5555702330196121 -0.8314696123025386 0
    outer loop
      vertex -26.2 20.7856406460551 0
      vertex -26.02598171358605 20.669365344465973 0
      vertex -26.02598171358605 20.669365344465973 2.2
    endloop
  endfacet
  facet normal -0.9978589232386036 -0.06540312923014291 0
    outer loop
      vertex -25.4 19.4 0
      vertex -25.4 19.4 2.2
      vertex -25.413688221801902 19.60884190755208 0
    endloop
  endfacet
  facet normal -0.9807852804032304 -0.19509032201612822 0
    outer loop
      vertex -25.45451867793749 19.81411047216403 0
      vertex -25.413688221801902 19.60884190755208 0
      vertex -25.413688221801902 19.60884190755208 2.2
    endloop
  endfacet
  facet normal -0.8968727415326878 -0.4422886902190024 0
    outer loop
      vertex -25.6143593539449 20.2 0
      vertex -25.52179274798194 20.012293491784142 0
      vertex -25.52179274798194 20.012293491784142 2.2
    endloop
  endfacet
  facet normal -0.9469301294951042 -0.321439465303166 0
    outer loop
      vertex -25.52179274798194 20.012293491784142 0
      vertex -25.45451867793749 19.81411047216403 0
      vertex -25.45451867793749 19.81411047216403 2.2
    endloop
  endfacet
  facet normal -0.7518398074789912 -0.6593458151000532 0
    outer loop
      vertex -25.868629150101523 20.531370849898476 0
      vertex -25.730634655534026 20.37401828641395 0
      vertex -25.730634655534026 20.37401828641395 2.2
    endloop
  endfacet
  facet normal -0.6593458151000532 -0.7518398074789912 0
    outer loop
      vertex -26.02598171358605 20.669365344465973 0
      vertex -25.868629150101523 20.531370849898476 0
      vertex -25.868629150101523 20.531370849898476 2.2
    endloop
  endfacet
  facet normal -0.8314696123025386 -0.5555702330196121 0
    outer loop
      vertex -25.730634655534026 20.37401828641395 0
      vertex -25.6143593539449 20.2 0
      vertex -25.6143593539449 20.2 2.2
    endloop
  endfacet
  facet normal -0.19509032201612822 -0.9807852804032304 0
    outer loop
      vertex -26.79115809244792 20.986311778198097 0
      vertex -26.585889527835967 20.94548132206251 0
      vertex -26.585889527835967 20.94548132206251 2.2
    endloop
  endfacet
  facet normal -0.321439465303166 -0.9469301294951042 0
    outer loop
      vertex -26.585889527835967 20.94548132206251 0
      vertex -26.387706508215857 20.878207252018058 0
      vertex -26.387706508215857 20.878207252018058 2.2
    endloop
  endfacet
  facet normal -1 0 0
    outer loop
      vertex -25.4 19.4 2.2
      vertex -25.4 19.4 0
      vertex -25.4 -19.4 2.2
    endloop
  endfacet
  facet normal 0.9978589232386036 -0.06540312923014291 0
    outer loop
      vertex -28.6 19.4 0
      vertex -28.586311778198098 19.60884190755208 2.2
      vertex -28.6 19.4 2.2
    endloop
  endfacet
  facet normal 0.9807852804032304 -0.19509032201612822 0
    outer loop
      vertex -28.586311778198098 19.60884190755208 0
      vertex -28.54548132206251 19.81411047216403 2.2
      vertex -28.586311778198098 19.60884190755208 2.2
    endloop
  endfacet
  facet normal 0.9469301294951042 -0.321439465303166 0
    outer loop
      vertex -28.54548132206251 19.81411047216403 0
      vertex -28.47820725201806 20.012293491784142 2.2
      vertex -28.54548132206251 19.81411047216403 2.2
    endloop
  endfacet
  facet normal 0.8968727415326878 -0.4422886902190024 0
    outer loop
      vertex -28.47820725201806 20.012293491784142 0
      vertex -28.3856406460551 20.2 2.2
      vertex -28.47820725201806 20.012293491784142 2.2
    endloop
  endfacet
  facet normal 0.8314696123025386 -0.5555702330196121 0
    outer loop
      vertex -28.3856406460551 20.2 0
      vertex -28.269365344465974 20.37401828641395 2.2
      vertex -28.3856406460551 20.2 2.2
    endloop
  endfacet
  facet normal 0.7518398074789912 -0.6593458151000532 0
    outer loop
      vertex -28.269365344465974 20.37401828641395 0
      vertex -28.131370849898477 20.531370849898476 2.2
      vertex -28.269365344465974 20.37401828641395 2.2
    endloop
  endfacet
  facet normal 0.6593458151000532 -0.7518398074789912 0
    outer loop
      vertex -28.131370849898477 20.531370849898476 0
      vertex -27.97401828641395 20.669365344465973 2.2
      vertex -28.131370849898477 20.531370849898476 2.2
    endloop
  endfacet
  facet normal 0.5555702330196121 -0.8314696123025386 0
    outer loop
      vertex -27.97401828641395 20.669365344465973 0
      vertex -27.8 20.7856406460551 2.2
      vertex -27.97401828641395 20.669365344465973 2.2
    endloop
  endfacet
  facet normal 0.4422886902190024 -0.8968727415326878 0
    outer loop
      vertex -27.8 20.7856406460551 0
      vertex -27.612293491784143 20.878207252018058 2.2
      vertex -27.8 20.7856406460551 2.2
    endloop
  endfacet
  facet normal 0.321439465303166 -0.9469301294951042 0
    outer loop
      vertex -27.612293491784143 20.878207252018058 0
      vertex -27.414110472164033 20.94548132206251 2.2
      vertex -27.612293491784143 20.878207252018058 2.2
    endloop
  endfacet
  facet normal 0.19509032201612822 -0.9807852804032304 0
    outer loop
      vertex -27.414110472164033 20.94548132206251 0
      vertex -27.20884190755208 20.986311778198097 2.2
      vertex -27.414110472164033 20.94548132206251 2.2
    endloop
  endfacet
  facet normal 0.06540312923014291 -0.9978589232386036 0
    outer loop
      vertex -27.20884190755208 20.986311778198097 0
      vertex -27 21 2.2
      vertex -27.20884190755208 20.986311778198097 2.2
    endloop
  endfacet
  facet normal -0.06540312923014291 -0.9978589232386036 0
    outer loop
      vertex -27 21 0
      vertex -26.79115809244792 20.986311778198097 2.2
      vertex -27 21 2.2
    endloop
  endfacet
  facet normal -0.4422886902190024 -0.8968727415326878 0
    outer loop
      vertex -26.387706508215857 20.878207252018058 0
      vertex -26.2 20.7856406460551 2.2
      vertex -26.387706508215857 20.878207252018058 2.2
    endloop
  endfacet
  facet normal -0.5555702330196121 -0.8314696123025386 0
    outer loop
      vertex -26.2 20.7856406460551 0
      vertex -26.02598171358605 20.669365344465973 2.2
      vertex -26.2 20.7856406460551 2.2
    endloop
  endfacet
  facet normal -0.9978589232386036 -0.06540312923014291 0
    outer loop
      vertex -25.413688221801902 19.60884190755208 0
      vertex -25.4 19.4 2.2
      vertex -25.413688221801902 19.60884190755208 2.2
    endloop
  endfacet
  facet normal -0.9807852804032304 -0.19509032201612822 0
    outer loop
      vertex -25.45451867793749 19.81411047216403 0
      vertex -25.413688221801902 19.60884190755208 2.2
      vertex -25.45451867793749 19.81411047216403 2.2
    endloop
  endfacet
  facet normal -0.9469301294951042 -0.321439465303166 0
    outer loop
      vertex -25.52179274798194 20.012293491784142 0
      vertex -25.45451867793749 19.81411047216403 2.2
      vertex -25.52179274798194 20.012293491784142 2.2
    endloop
  endfacet
  facet normal -0.7518398074789912 -0.6593458151000532 0
    outer loop
      vertex -25.868629150101523 20.531370849898476 0
      vertex -25.730634655534026 20.37401828641395 2.2
      vertex -25.868629150101523 20.531370849898476 2.2
    endloop
  endfacet
  facet normal -0.6593458151000532 -0.7518398074789912 0
    outer loop
      vertex -26.02598171358605 20.669365344465973 0
      vertex -25.868629150101523 20.531370849898476 2.2
      vertex -26.02598171358605 20.669365344465973 2.2
    endloop
  endfacet
  facet normal -0.8968727415326878 -0.4422886902190024 0
    outer loop
      vertex -25.6143593539449 20.2 0
      vertex -25.52179274798194 20.012293491784142 2.2
      vertex -25.6143593539449 20.2 2.2
    endloop
  endfacet
  facet normal -0.8314696123025386 -0.5555702330196121 0
    outer loop
      vertex -25.730634655534026 20.37401828641395 0
      vertex -25.6143593539449 20.2 2.2
      vertex -25.730634655534026 20.37401828641395 2.2
    endloop
  endfacet
  facet normal -0.19509032201612822 -0.9807852804032304 0
    outer loop
      vertex -26.79115809244792 20.986311778198097 0
      vertex -26.585889527835967 20.94548132206251 2.2
      vertex -26.79115809244792 20.986311778198097 2.2
    endloop
  endfacet
  facet normal -0.321439465303166 -0.9469301294951042 0
    outer loop
      vertex -26.585889527835967 20.94548132206251 0
      vertex -26.387706508215857 20.878207252018058 2.2
      vertex -26.585889527835967 20.94548132206251 2.2
    endloop
  endfacet
  facet normal 0.321439465303166 0.9469301294951042 0
    outer loop
      vertex -18.414110472164033 -20.94548132206251 0
      vertex -18.612293491784143 -20.878207252018058 0
      vertex -18.612293491784143 -20.878207252018058 2.2
    endloop
  endfacet
  facet normal 0.19509032201612822 0.9807852804032304 0
    outer loop
      vertex -18.20884190755208 -20.986311778198097 0
      vertex -18.414110472164033 -20.94548132206251 0
      vertex -18.414110472164033 -20.94548132206251 2.2
    endloop
  endfacet
  facet normal 0.06540312923014291 0.9978589232386036 0
    outer loop
      vertex -18 -21 0
      vertex -18.20884190755208 -20.986311778198097 0
      vertex -18.20884190755208 -20.986311778198097 2.2
    endloop
  endfacet
  facet normal -0.06540312923014291 0.9978589232386036 0
    outer loop
      vertex -17.79115809244792 -20.986311778198097 0
      vertex -18 -21 0
      vertex -18 -21 2.2
    endloop
  endfacet
  facet normal 0.8968727415326878 0.4422886902190024 0
    outer loop
      vertex -19.3856406460551 -20.2 0
      vertex -19.47820725201806 -20.012293491784142 0
      vertex -19.47820725201806 -20.012293491784142 2.2
    endloop
  endfacet
  facet normal 0.9469301294951042 0.321439465303166 0
    outer loop
      vertex -19.47820725201806 -20.012293491784142 0
      vertex -19.54548132206251 -19.81411047216403 0
      vertex -19.54548132206251 -19.81411047216403 2.2
    endloop
  endfacet
  facet normal 0.9807852804032304 0.19509032201612822 0
    outer loop
      vertex -19.586311778198098 -19.60884190755208 2.2
      vertex -19.54548132206251 -19.81411047216403 0
      vertex -19.586311778198098 -19.60884190755208 0
    endloop
  endfacet
  facet normal 0.9978589232386036 0.06540312923014291 0
    outer loop
      vertex -19.6 -19.4 2.2
      vertex -19.586311778198098 -19.60884190755208 0
      vertex -19.6 -19.4 0
    endloop
  endfacet
  facet normal 0.6593458151000532 0.7518398074789912 0
    outer loop
      vertex -18.97401828641395 -20.669365344465973 0
      vertex -19.131370849898477 -20.531370849898476 0
      vertex -19.131370849898477 -20.531370849898476 2.2
    endloop
  endfacet
  facet normal 0.7518398074789912 0.6593458151000532 0
    outer loop
      vertex -19.131370849898477 -20.531370849898476 0
      vertex -19.269365344465974 -20.37401828641395 0
      vertex -19.269365344465974 -20.37401828641395 2.2
    endloop
  endfacet
  facet normal 0.8314696123025386 0.5555702330196121 0
    outer loop
      vertex -19.269365344465974 -20.37401828641395 0
      vertex -19.3856406460551 -20.2 0
      vertex -19.3856406460551 -20.2 2.2
    endloop
  endfacet
  facet normal 0.5555702330196121 0.8314696123025386 0
    outer loop
      vertex -18.97401828641395 -20.669365344465973 0
      vertex -18.97401828641395 -20.669365344465973 2.2
      vertex -18.8 -20.7856406460551 0
    endloop
  endfacet
  facet normal 0.4422886902190024 0.8968727415326878 0
    outer loop
      vertex -18.612293491784143 -20.878207252018058 0
      vertex -18.8 -20.7856406460551 0
      vertex -18.8 -20.7856406460551 2.2
    endloop
  endfacet
  facet normal -0.19509032201612822 0.9807852804032304 0
    outer loop
      vertex -17.585889527835967 -20.94548132206251 0
      vertex -17.79115809244792 -20.986311778198097 0
      vertex -17.79115809244792 -20.986311778198097 2.2
    endloop
  endfacet
  facet normal -0.321439465303166 0.9469301294951042 0
    outer loop
      vertex -17.387706508215857 -20.878207252018058 0
      vertex -17.585889527835967 -20.94548132206251 0
      vertex -17.585889527835967 -20.94548132206251 2.2
    endloop
  endfacet
  facet normal -0.4422886902190024 0.8968727415326878 0
    outer loop
      vertex -17.2 -20.7856406460551 0
      vertex -17.387706508215857 -20.878207252018058 0
      vertex -17.387706508215857 -20.878207252018058 2.2
    endloop
  endfacet
  facet normal -0.5555702330196121 0.8314696123025386 0
    outer loop
      vertex -17.02598171358605 -20.669365344465973 0
      vertex -17.2 -20.7856406460551 0
      vertex -17.2 -20.7856406460551 2.2
    endloop
  endfacet
  facet normal -0.6593458151000532 0.7518398074789912 0
    outer loop
      vertex -16.868629150101523 -20.531370849898476 0
      vertex -17.02598171358605 -20.669365344465973 0
      vertex -17.02598171358605 -20.669365344465973 2.2
    endloop
  endfacet
  facet normal -0.7518398074789912 0.6593458151000532 0
    outer loop
      vertex -16.730634655534026 -20.37401828641395 0
      vertex -16.868629150101523 -20.531370849898476 0
      vertex -16.868629150101523 -20.531370849898476 2.2
    endloop
  endfacet
  facet normal -0.8314696123025386 0.5555702330196121 0
    outer loop
      vertex -16.6143593539449 -20.2 0
      vertex -16.730634655534026 -20.37401828641395 0
      vertex -16.730634655534026 -20.37401828641395 2.2
    endloop
  endfacet
  facet normal -0.8968727415326878 0.4422886902190024 0
    outer loop
      vertex -16.52179274798194 -20.012293491784142 0
      vertex -16.6143593539449 -20.2 0
      vertex -16.6143593539449 -20.2 2.2
    endloop
  endfacet
  facet normal -0.9469301294951042 0.321439465303166 0
    outer loop
      vertex -16.45451867793749 -19.81411047216403 0
      vertex -16.52179274798194 -20.012293491784142 0
      vertex -16.52179274798194 -20.012293491784142 2.2
    endloop
  endfacet
  facet normal -0.9807852804032304 0.19509032201612822 0
    outer loop
      vertex -16.413688221801902 -19.60884190755208 0
      vertex -16.45451867793749 -19.81411047216403 0
      vertex -16.45451867793749 -19.81411047216403 2.2
    endloop
  endfacet
  facet normal -0.9978589232386036 0.06540312923014291 0
    outer loop
      vertex -16.4 -19.4 0
      vertex -16.413688221801902 -19.60884190755208 0
      vertex -16.413688221801902 -19.60884190755208 2.2
    endloop
  endfacet
  facet normal -1 0 0
    outer loop
      vertex -16.4 19.4 0
      vertex -16.4 -19.4 0
      vertex -16.4 -19.4 2.2
    endloop
  endfacet
  facet normal 0.321439465303166 0.9469301294951042 0
    outer loop
      vertex -18.414110472164033 -20.94548132206251 0
      vertex -18.612293491784143 -20.878207252018058 2.2
      vertex -18.414110472164033 -20.94548132206251 2.2
    endloop
  endfacet
  facet normal 0.19509032201612822 0.9807852804032304 0
    outer loop
      vertex -18.20884190755208 -20.986311778198097 0
      vertex -18.414110472164033 -20.94548132206251 2.2
      vertex -18.20884190755208 -20.986311778198097 2.2
    endloop
  endfacet
  facet normal 0.06540312923014291 0.9978589232386036 0
    outer loop
      vertex -18 -21 0
      vertex -18.20884190755208 -20.986311778198097 2.2
      vertex -18 -21 2.2
    endloop
  endfacet
  facet normal 0.8968727415326878 0.4422886902190024 0
    outer loop
      vertex -19.3856406460551 -20.2 0
      vertex -19.47820725201806 -20.012293491784142 2.2
      vertex -19.3856406460551 -20.2 2.2
    endloop
  endfacet
  facet normal 0.9807852804032304 0.19509032201612822 0
    outer loop
      vertex -19.586311778198098 -19.60884190755208 2.2
      vertex -19.54548132206251 -19.81411047216403 2.2
      vertex -19.54548132206251 -19.81411047216403 0
    endloop
  endfacet
  facet normal 0.9469301294951042 0.321439465303166 0
    outer loop
      vertex -19.47820725201806 -20.012293491784142 0
      vertex -19.54548132206251 -19.81411047216403 2.2
      vertex -19.47820725201806 -20.012293491784142 2.2
    endloop
  endfacet
  facet normal 0.9978589232386036 0.06540312923014291 0
    outer loop
      vertex -19.6 -19.4 2.2
      vertex -19.586311778198098 -19.60884190755208 2.2
      vertex -19.586311778198098 -19.60884190755208 0
    endloop
  endfacet
  facet normal 0.6593458151000532 0.7518398074789912 0
    outer loop
      vertex -18.97401828641395 -20.669365344465973 0
      vertex -19.131370849898477 -20.531370849898476 2.2
      vertex -18.97401828641395 -20.669365344465973 2.2
    endloop
  endfacet
  facet normal 0.8314696123025386 0.5555702330196121 0
    outer loop
      vertex -19.269365344465974 -20.37401828641395 0
      vertex -19.3856406460551 -20.2 2.2
      vertex -19.269365344465974 -20.37401828641395 2.2
    endloop
  endfacet
  facet normal 0.7518398074789912 0.6593458151000532 0
    outer loop
      vertex -19.131370849898477 -20.531370849898476 0
      vertex -19.269365344465974 -20.37401828641395 2.2
      vertex -19.131370849898477 -20.531370849898476 2.2
    endloop
  endfacet
  facet normal 0.5555702330196121 0.8314696123025386 0
    outer loop
      vertex -18.8 -20.7856406460551 0
      vertex -18.97401828641395 -20.669365344465973 2.2
      vertex -18.8 -20.7856406460551 2.2
    endloop
  endfacet
  facet normal 0.4422886902190024 0.8968727415326878 0
    outer loop
      vertex -18.612293491784143 -20.878207252018058 0
      vertex -18.8 -20.7856406460551 2.2
      vertex -18.612293491784143 -20.878207252018058 2.2
    endloop
  endfacet
  facet normal -0.06540312923014291 0.9978589232386036 0
    outer loop
      vertex -17.79115809244792 -20.986311778198097 0
      vertex -18 -21 2.2
      vertex -17.79115809244792 -20.986311778198097 2.2
    endloop
  endfacet
  facet normal -0.19509032201612822 0.9807852804032304 0
    outer loop
      vertex -17.585889527835967 -20.94548132206251 0
      vertex -17.79115809244792 -20.986311778198097 2.2
      vertex -17.585889527835967 -20.94548132206251 2.2
    endloop
  endfacet
  facet normal -0.321439465303166 0.9469301294951042 0
    outer loop
      vertex -17.387706508215857 -20.878207252018058 0
      vertex -17.585889527835967 -20.94548132206251 2.2
      vertex -17.387706508215857 -20.878207252018058 2.2
    endloop
  endfacet
  facet normal -0.4422886902190024 0.8968727415326878 0
    outer loop
      vertex -17.2 -20.7856406460551 0
      vertex -17.387706508215857 -20.878207252018058 2.2
      vertex -17.2 -20.7856406460551 2.2
    endloop
  endfacet
  facet normal -0.5555702330196121 0.8314696123025386 0
    outer loop
      vertex -17.02598171358605 -20.669365344465973 0
      vertex -17.2 -20.7856406460551 2.2
      vertex -17.02598171358605 -20.669365344465973 2.2
    endloop
  endfacet
  facet normal -0.6593458151000532 0.7518398074789912 0
    outer loop
      vertex -16.868629150101523 -20.531370849898476 0
      vertex -17.02598171358605 -20.669365344465973 2.2
      vertex -16.868629150101523 -20.531370849898476 2.2
    endloop
  endfacet
  facet normal -0.7518398074789912 0.6593458151000532 0
    outer loop
      vertex -16.730634655534026 -20.37401828641395 0
      vertex -16.868629150101523 -20.531370849898476 2.2
      vertex -16.730634655534026 -20.37401828641395 2.2
    endloop
  endfacet
  facet normal -0.8314696123025386 0.5555702330196121 0
    outer loop
      vertex -16.6143593539449 -20.2 0
      vertex -16.730634655534026 -20.37401828641395 2.2
      vertex -16.6143593539449 -20.2 2.2
    endloop
  endfacet
  facet normal -0.8968727415326878 0.4422886902190024 0
    outer loop
      vertex -16.52179274798194 -20.012293491784142 0
      vertex -16.6143593539449 -20.2 2.2
      vertex -16.52179274798194 -20.012293491784142 2.2
    endloop
  endfacet
  facet normal -0.9469301294951042 0.321439465303166 0
    outer loop
      vertex -16.45451867793749 -19.81411047216403 0
      vertex -16.52179274798194 -20.012293491784142 2.2
      vertex -16.45451867793749 -19.81411047216403 2.2
    endloop
  endfacet
  facet normal -0.9807852804032304 0.19509032201612822 0
    outer loop
      vertex -16.413688221801902 -19.60884190755208 0
      vertex -16.45451867793749 -19.81411047216403 2.2
      vertex -16.413688221801902 -19.60884190755208 2.2
    endloop
  endfacet
  facet normal -0.9978589232386036 0.06540312923014291 0
    outer loop
      vertex -16.4 -19.4 0
      vertex -16.413688221801902 -19.60884190755208 2.2
      vertex -16.4 -19.4 2.2
    endloop
  endfacet
  facet normal 1 0 0
    outer loop
      vertex -19.6 -19.4 2.2
      vertex -19.6 -19.4 0
      vertex -19.6 19.4 2.2
    endloop
  endfacet
  facet normal 1 0 0
    outer loop
      vertex -19.6 19.4 2.2
      vertex -19.6 -19.4 0
      vertex -19.6 19.4 0
    endloop
  endfacet
  facet normal 0.9978589232386036 -0.06540312923014291 0
    outer loop
      vertex -19.6 19.4 0
      vertex -19.586311778198098 19.60884190755208 0
      vertex -19.586311778198098 19.60884190755208 2.2
    endloop
  endfacet
  facet normal 0.9807852804032304 -0.19509032201612822 0
    outer loop
      vertex -19.586311778198098 19.60884190755208 0
      vertex -19.54548132206251 19.81411047216403 0
      vertex -19.54548132206251 19.81411047216403 2.2
    endloop
  endfacet
  facet normal 0.9469301294951042 -0.321439465303166 0
    outer loop
      vertex -19.54548132206251 19.81411047216403 0
      vertex -19.47820725201806 20.012293491784142 0
      vertex -19.47820725201806 20.012293491784142 2.2
    endloop
  endfacet
  facet normal 0.8968727415326878 -0.4422886902190024 0
    outer loop
      vertex -19.47820725201806 20.012293491784142 0
      vertex -19.3856406460551 20.2 0
      vertex -19.3856406460551 20.2 2.2
    endloop
  endfacet
  facet normal 0.8314696123025386 -0.5555702330196121 0
    outer loop
      vertex -19.3856406460551 20.2 0
      vertex -19.269365344465974 20.37401828641395 0
      vertex -19.269365344465974 20.37401828641395 2.2
    endloop
  endfacet
  facet normal 0.7518398074789912 -0.6593458151000532 0
    outer loop
      vertex -19.269365344465974 20.37401828641395 0
      vertex -19.131370849898477 20.531370849898476 0
      vertex -19.131370849898477 20.531370849898476 2.2
    endloop
  endfacet
  facet normal 0.6593458151000532 -0.7518398074789912 0
    outer loop
      vertex -19.131370849898477 20.531370849898476 0
      vertex -18.97401828641395 20.669365344465973 0
      vertex -18.97401828641395 20.669365344465973 2.2
    endloop
  endfacet
  facet normal 0.5555702330196121 -0.8314696123025386 0
    outer loop
      vertex -18.97401828641395 20.669365344465973 0
      vertex -18.8 20.7856406460551 0
      vertex -18.8 20.7856406460551 2.2
    endloop
  endfacet
  facet normal 0.4422886902190024 -0.8968727415326878 0
    outer loop
      vertex -18.8 20.7856406460551 0
      vertex -18.612293491784143 20.878207252018058 0
      vertex -18.612293491784143 20.878207252018058 2.2
    endloop
  endfacet
  facet normal 0.321439465303166 -0.9469301294951042 0
    outer loop
      vertex -18.612293491784143 20.878207252018058 0
      vertex -18.414110472164033 20.94548132206251 0
      vertex -18.414110472164033 20.94548132206251 2.2
    endloop
  endfacet
  facet normal 0.19509032201612822 -0.9807852804032304 0
    outer loop
      vertex -18.414110472164033 20.94548132206251 0
      vertex -18.20884190755208 20.986311778198097 0
      vertex -18.20884190755208 20.986311778198097 2.2
    endloop
  endfacet
  facet normal 0.06540312923014291 -0.9978589232386036 0
    outer loop
      vertex -18.20884190755208 20.986311778198097 0
      vertex -18 21 0
      vertex -18 21 2.2
    endloop
  endfacet
  facet normal -0.4422886902190024 -0.8968727415326878 0
    outer loop
      vertex -17.387706508215857 20.878207252018058 0
      vertex -17.2 20.7856406460551 0
      vertex -17.2 20.7856406460551 2.2
    endloop
  endfacet
  facet normal -0.9978589232386036 -0.06540312923014291 0
    outer loop
      vertex -16.4 19.4 0
      vertex -16.4 19.4 2.2
      vertex -16.413688221801902 19.60884190755208 0
    endloop
  endfacet
  facet normal -0.9807852804032304 -0.19509032201612822 0
    outer loop
      vertex -16.45451867793749 19.81411047216403 0
      vertex -16.413688221801902 19.60884190755208 0
      vertex -16.413688221801902 19.60884190755208 2.2
    endloop
  endfacet
  facet normal -0.9469301294951042 -0.321439465303166 0
    outer loop
      vertex -16.52179274798194 20.012293491784142 0
      vertex -16.45451867793749 19.81411047216403 0
      vertex -16.45451867793749 19.81411047216403 2.2
    endloop
  endfacet
  facet normal -0.8968727415326878 -0.4422886902190024 0
    outer loop
      vertex -16.6143593539449 20.2 0
      vertex -16.52179274798194 20.012293491784142 0
      vertex -16.52179274798194 20.012293491784142 2.2
    endloop
  endfacet
  facet normal -0.7518398074789912 -0.6593458151000532 0
    outer loop
      vertex -16.868629150101523 20.531370849898476 0
      vertex -16.730634655534026 20.37401828641395 0
      vertex -16.730634655534026 20.37401828641395 2.2
    endloop
  endfacet
  facet normal -0.5555702330196121 -0.8314696123025386 0
    outer loop
      vertex -17.2 20.7856406460551 0
      vertex -17.02598171358605 20.669365344465973 0
      vertex -17.02598171358605 20.669365344465973 2.2
    endloop
  endfacet
  facet normal -0.6593458151000532 -0.7518398074789912 0
    outer loop
      vertex -17.02598171358605 20.669365344465973 0
      vertex -16.868629150101523 20.531370849898476 0
      vertex -16.868629150101523 20.531370849898476 2.2
    endloop
  endfacet
  facet normal -0.8314696123025386 -0.5555702330196121 0
    outer loop
      vertex -16.730634655534026 20.37401828641395 0
      vertex -16.6143593539449 20.2 0
      vertex -16.6143593539449 20.2 2.2
    endloop
  endfacet
  facet normal -0.06540312923014291 -0.9978589232386036 0
    outer loop
      vertex -18 21 0
      vertex -17.79115809244792 20.986311778198097 0
      vertex -17.79115809244792 20.986311778198097 2.2
    endloop
  endfacet
  facet normal -0.19509032201612822 -0.9807852804032304 0
    outer loop
      vertex -17.79115809244792 20.986311778198097 0
      vertex -17.585889527835967 20.94548132206251 0
      vertex -17.585889527835967 20.94548132206251 2.2
    endloop
  endfacet
  facet normal -0.321439465303166 -0.9469301294951042 0
    outer loop
      vertex -17.585889527835967 20.94548132206251 0
      vertex -17.387706508215857 20.878207252018058 0
      vertex -17.387706508215857 20.878207252018058 2.2
    endloop
  endfacet
  facet normal -1 0 0
    outer loop
      vertex -16.4 -19.4 2.2
      vertex -16.4 19.4 2.2
      vertex -16.4 19.4 0
    endloop
  endfacet
  facet normal 0.9978589232386036 -0.06540312923014291 0
    outer loop
      vertex -19.586311778198098 19.60884190755208 2.2
      vertex -19.6 19.4 2.2
      vertex -19.6 19.4 0
    endloop
  endfacet
  facet normal 0.9807852804032304 -0.19509032201612822 0
    outer loop
      vertex -19.54548132206251 19.81411047216403 2.2
      vertex -19.586311778198098 19.60884190755208 2.2
      vertex -19.586311778198098 19.60884190755208 0
    endloop
  endfacet
  facet normal 0.9469301294951042 -0.321439465303166 0
    outer loop
      vertex -19.54548132206251 19.81411047216403 0
      vertex -19.47820725201806 20.012293491784142 2.2
      vertex -19.54548132206251 19.81411047216403 2.2
    endloop
  endfacet
  facet normal 0.8968727415326878 -0.4422886902190024 0
    outer loop
      vertex -19.47820725201806 20.012293491784142 0
      vertex -19.3856406460551 20.2 2.2
      vertex -19.47820725201806 20.012293491784142 2.2
    endloop
  endfacet
  facet normal 0.8314696123025386 -0.5555702330196121 0
    outer loop
      vertex -19.3856406460551 20.2 0
      vertex -19.269365344465974 20.37401828641395 2.2
      vertex -19.3856406460551 20.2 2.2
    endloop
  endfacet
  facet normal 0.7518398074789912 -0.6593458151000532 0
    outer loop
      vertex -19.269365344465974 20.37401828641395 0
      vertex -19.131370849898477 20.531370849898476 2.2
      vertex -19.269365344465974 20.37401828641395 2.2
    endloop
  endfacet
  facet normal 0.6593458151000532 -0.7518398074789912 0
    outer loop
      vertex -19.131370849898477 20.531370849898476 0
      vertex -18.97401828641395 20.669365344465973 2.2
      vertex -19.131370849898477 20.531370849898476 2.2
    endloop
  endfacet
  facet normal 0.5555702330196121 -0.8314696123025386 0
    outer loop
      vertex -18.97401828641395 20.669365344465973 0
      vertex -18.8 20.7856406460551 2.2
      vertex -18.97401828641395 20.669365344465973 2.2
    endloop
  endfacet
  facet normal 0.4422886902190024 -0.8968727415326878 0
    outer loop
      vertex -18.8 20.7856406460551 0
      vertex -18.612293491784143 20.878207252018058 2.2
      vertex -18.8 20.7856406460551 2.2
    endloop
  endfacet
  facet normal 0.321439465303166 -0.9469301294951042 0
    outer loop
      vertex -18.612293491784143 20.878207252018058 0
      vertex -18.414110472164033 20.94548132206251 2.2
      vertex -18.612293491784143 20.878207252018058 2.2
    endloop
  endfacet
  facet normal 0.19509032201612822 -0.9807852804032304 0
    outer loop
      vertex -18.414110472164033 20.94548132206251 0
      vertex -18.20884190755208 20.986311778198097 2.2
      vertex -18.414110472164033 20.94548132206251 2.2
    endloop
  endfacet
  facet normal 0.06540312923014291 -0.9978589232386036 0
    outer loop
      vertex -18.20884190755208 20.986311778198097 0
      vertex -18 21 2.2
      vertex -18.20884190755208 20.986311778198097 2.2
    endloop
  endfacet
  facet normal -0.06540312923014291 -0.9978589232386036 0
    outer loop
      vertex -18 21 0
      vertex -17.79115809244792 20.986311778198097 2.2
      vertex -18 21 2.2
    endloop
  endfacet
  facet normal -0.4422886902190024 -0.8968727415326878 0
    outer loop
      vertex -17.387706508215857 20.878207252018058 0
      vertex -17.2 20.7856406460551 2.2
      vertex -17.387706508215857 20.878207252018058 2.2
    endloop
  endfacet
  facet normal -0.5555702330196121 -0.8314696123025386 0
    outer loop
      vertex -17.02598171358605 20.669365344465973 2.2
      vertex -17.2 20.7856406460551 2.2
      vertex -17.2 20.7856406460551 0
    endloop
  endfacet
  facet normal -0.9978589232386036 -0.06540312923014291 0
    outer loop
      vertex -16.413688221801902 19.60884190755208 0
      vertex -16.4 19.4 2.2
      vertex -16.413688221801902 19.60884190755208 2.2
    endloop
  endfacet
  facet normal -0.9807852804032304 -0.19509032201612822 0
    outer loop
      vertex -16.45451867793749 19.81411047216403 0
      vertex -16.413688221801902 19.60884190755208 2.2
      vertex -16.45451867793749 19.81411047216403 2.2
    endloop
  endfacet
  facet normal -0.9469301294951042 -0.321439465303166 0
    outer loop
      vertex -16.52179274798194 20.012293491784142 0
      vertex -16.45451867793749 19.81411047216403 2.2
      vertex -16.52179274798194 20.012293491784142 2.2
    endloop
  endfacet
  facet normal -0.7518398074789912 -0.6593458151000532 0
    outer loop
      vertex -16.730634655534026 20.37401828641395 2.2
      vertex -16.868629150101523 20.531370849898476 2.2
      vertex -16.868629150101523 20.531370849898476 0
    endloop
  endfacet
  facet normal -0.6593458151000532 -0.7518398074789912 0
    outer loop
      vertex -16.868629150101523 20.531370849898476 2.2
      vertex -17.02598171358605 20.669365344465973 2.2
      vertex -17.02598171358605 20.669365344465973 0
    endloop
  endfacet
  facet normal -0.8968727415326878 -0.4422886902190024 0
    outer loop
      vertex -16.52179274798194 20.012293491784142 2.2
      vertex -16.6143593539449 20.2 2.2
      vertex -16.6143593539449 20.2 0
    endloop
  endfacet
  facet normal -0.8314696123025386 -0.5555702330196121 0
    outer loop
      vertex -16.6143593539449 20.2 2.2
      vertex -16.730634655534026 20.37401828641395 2.2
      vertex -16.730634655534026 20.37401828641395 0
    endloop
  endfacet
  facet normal -0.19509032201612822 -0.9807852804032304 0
    outer loop
      vertex -17.79115809244792 20.986311778198097 0
      vertex -17.585889527835967 20.94548132206251 2.2
      vertex -17.79115809244792 20.986311778198097 2.2
    endloop
  endfacet
  facet normal -0.321439465303166 -0.9469301294951042 0
    outer loop
      vertex -17.585889527835967 20.94548132206251 0
      vertex -17.387706508215857 20.878207252018058 2.2
      vertex -17.585889527835967 20.94548132206251 2.2
    endloop
  endfacet
  facet normal 0.321439465303166 0.9469301294951042 0
    outer loop
      vertex -9.414110472164033 -20.94548132206251 0
      vertex -9.612293491784143 -20.878207252018058 0
      vertex -9.612293491784143 -20.878207252018058 2.2
    endloop
  endfacet
  facet normal 0.19509032201612986 0.9807852804032301 0
    outer loop
      vertex -9.414110472164033 -20.94548132206251 0
      vertex -9.414110472164033 -20.94548132206251 2.2
      vertex -9.208841907552083 -20.986311778198097 0
    endloop
  endfacet
  facet normal 0.06540312923014234 0.9978589232386036 0
    outer loop
      vertex -9.208841907552083 -20.986311778198097 0
      vertex -9.208841907552083 -20.986311778198097 2.2
      vertex -9 -21 0
    endloop
  endfacet
  facet normal 0.8968727415326878 0.4422886902190024 0
    outer loop
      vertex -10.385640646055101 -20.2 0
      vertex -10.47820725201806 -20.012293491784142 0
      vertex -10.47820725201806 -20.012293491784142 2.2
    endloop
  endfacet
  facet normal 0.9469301294951068 0.32143946530315837 0
    outer loop
      vertex -10.47820725201806 -20.012293491784142 0
      vertex -10.545481322062509 -19.81411047216403 0
      vertex -10.545481322062509 -19.81411047216403 2.2
    endloop
  endfacet
  facet normal 0.9807852804032304 0.19509032201612822 0
    outer loop
      vertex -10.545481322062509 -19.81411047216403 0
      vertex -10.586311778198096 -19.60884190755208 0
      vertex -10.586311778198096 -19.60884190755208 2.2
    endloop
  endfacet
  facet normal 0.9978589232386036 0.06540312923014291 0
    outer loop
      vertex -10.586311778198096 -19.60884190755208 0
      vertex -10.6 -19.4 0
      vertex -10.6 -19.4 2.2
    endloop
  endfacet
  facet normal 0.6593458151000616 0.7518398074789837 0
    outer loop
      vertex -9.974018286413953 -20.669365344465973 0
      vertex -10.131370849898476 -20.531370849898476 0
      vertex -10.131370849898476 -20.531370849898476 2.2
    endloop
  endfacet
  facet normal 0.8314696123025426 0.5555702330196062 0
    outer loop
      vertex -10.269365344465976 -20.37401828641395 0
      vertex -10.385640646055101 -20.2 0
      vertex -10.385640646055101 -20.2 2.2
    endloop
  endfacet
  facet normal 0.7518398074789827 0.6593458151000627 0
    outer loop
      vertex -10.131370849898476 -20.531370849898476 0
      vertex -10.269365344465976 -20.37401828641395 0
      vertex -10.269365344465976 -20.37401828641395 2.2
    endloop
  endfacet
  facet normal 0.5555702330196082 0.8314696123025412 0
    outer loop
      vertex -9.8 -20.7856406460551 0
      vertex -9.974018286413953 -20.669365344465973 0
      vertex -9.974018286413953 -20.669365344465973 2.2
    endloop
  endfacet
  facet normal 0.4422886902190024 0.8968727415326878 0
    outer loop
      vertex -9.612293491784143 -20.878207252018058 0
      vertex -9.8 -20.7856406460551 0
      vertex -9.8 -20.7856406460551 2.2
    endloop
  endfacet
  facet normal -0.06540312923014234 0.9978589232386036 0
    outer loop
      vertex -8.791158092447917 -20.986311778198097 0
      vertex -9 -21 0
      vertex -9 -21 2.2
    endloop
  endfacet
  facet normal -0.19509032201612986 0.9807852804032301 0
    outer loop
      vertex -8.585889527835967 -20.94548132206251 0
      vertex -8.791158092447917 -20.986311778198097 0
      vertex -8.791158092447917 -20.986311778198097 2.2
    endloop
  endfacet
  facet normal -0.321439465303166 0.9469301294951042 0
    outer loop
      vertex -8.387706508215857 -20.878207252018058 0
      vertex -8.585889527835967 -20.94548132206251 0
      vertex -8.585889527835967 -20.94548132206251 2.2
    endloop
  endfacet
  facet normal -0.4422886902190024 0.8968727415326878 0
    outer loop
      vertex -8.2 -20.7856406460551 0
      vertex -8.387706508215857 -20.878207252018058 0
      vertex -8.387706508215857 -20.878207252018058 2.2
    endloop
  endfacet
  facet normal -0.5555702330196082 0.8314696123025412 0
    outer loop
      vertex -8.025981713586047 -20.669365344465973 0
      vertex -8.2 -20.7856406460551 0
      vertex -8.2 -20.7856406460551 2.2
    endloop
  endfacet
  facet normal -0.6593458151000594 0.7518398074789855 0
    outer loop
      vertex -7.8686291501015235 -20.531370849898476 0
      vertex -8.025981713586047 -20.669365344465973 0
      vertex -8.025981713586047 -20.669365344465973 2.2
    endloop
  endfacet
  facet normal -0.7518398074789848 0.6593458151000604 0
    outer loop
      vertex -7.730634655534024 -20.37401828641395 0
      vertex -7.8686291501015235 -20.531370849898476 0
      vertex -7.8686291501015235 -20.531370849898476 2.2
    endloop
  endfacet
  facet normal -0.8314696123025426 0.5555702330196062 0
    outer loop
      vertex -7.614359353944899 -20.2 0
      vertex -7.730634655534024 -20.37401828641395 0
      vertex -7.730634655534024 -20.37401828641395 2.2
    endloop
  endfacet
  facet normal -0.8968727415326878 0.4422886902190024 0
    outer loop
      vertex -7.521792747981941 -20.012293491784142 0
      vertex -7.614359353944899 -20.2 0
      vertex -7.614359353944899 -20.2 2.2
    endloop
  endfacet
  facet normal -0.9469301294951054 0.3214394653031622 0
    outer loop
      vertex -7.45451867793749 -19.81411047216403 0
      vertex -7.521792747981941 -20.012293491784142 0
      vertex -7.521792747981941 -20.012293491784142 2.2
    endloop
  endfacet
  facet normal -0.9807852804032312 0.1950903220161241 0
    outer loop
      vertex -7.413688221801904 -19.60884190755208 0
      vertex -7.45451867793749 -19.81411047216403 0
      vertex -7.45451867793749 -19.81411047216403 2.2
    endloop
  endfacet
  facet normal -0.9978589232386036 0.06540312923014291 0
    outer loop
      vertex -7.4 -19.4 0
      vertex -7.413688221801904 -19.60884190755208 0
      vertex -7.413688221801904 -19.60884190755208 2.2
    endloop
  endfacet
  facet normal -1 0 0
    outer loop
      vertex -7.4 19.4 0
      vertex -7.4 -19.4 0
      vertex -7.4 -19.4 2.2
    endloop
  endfacet
  facet normal 0.321439465303166 0.9469301294951042 0
    outer loop
      vertex -9.414110472164033 -20.94548132206251 0
      vertex -9.612293491784143 -20.878207252018058 2.2
      vertex -9.414110472164033 -20.94548132206251 2.2
    endloop
  endfacet
  facet normal 0.19509032201612986 0.9807852804032301 0
    outer loop
      vertex -9.208841907552083 -20.986311778198097 2.2
      vertex -9.208841907552083 -20.986311778198097 0
      vertex -9.414110472164033 -20.94548132206251 2.2
    endloop
  endfacet
  facet normal 0.06540312923014234 0.9978589232386036 0
    outer loop
      vertex -9 -21 0
      vertex -9.208841907552083 -20.986311778198097 2.2
      vertex -9 -21 2.2
    endloop
  endfacet
  facet normal 0.9469301294951068 0.32143946530315837 0
    outer loop
      vertex -10.47820725201806 -20.012293491784142 0
      vertex -10.545481322062509 -19.81411047216403 2.2
      vertex -10.47820725201806 -20.012293491784142 2.2
    endloop
  endfacet
  facet normal 0.9807852804032304 0.19509032201612822 0
    outer loop
      vertex -10.545481322062509 -19.81411047216403 0
      vertex -10.586311778198096 -19.60884190755208 2.2
      vertex -10.545481322062509 -19.81411047216403 2.2
    endloop
  endfacet
  facet normal 0.9978589232386036 0.06540312923014291 0
    outer loop
      vertex -10.586311778198096 -19.60884190755208 0
      vertex -10.6 -19.4 2.2
      vertex -10.586311778198096 -19.60884190755208 2.2
    endloop
  endfacet
  facet normal 0.8314696123025426 0.5555702330196062 0
    outer loop
      vertex -10.269365344465976 -20.37401828641395 0
      vertex -10.385640646055101 -20.2 2.2
      vertex -10.269365344465976 -20.37401828641395 2.2
    endloop
  endfacet
  facet normal 0.8968727415326878 0.4422886902190024 0
    outer loop
      vertex -10.385640646055101 -20.2 0
      vertex -10.47820725201806 -20.012293491784142 2.2
      vertex -10.385640646055101 -20.2 2.2
    endloop
  endfacet
  facet normal 0.7518398074789827 0.6593458151000627 0
    outer loop
      vertex -10.131370849898476 -20.531370849898476 0
      vertex -10.269365344465976 -20.37401828641395 2.2
      vertex -10.131370849898476 -20.531370849898476 2.2
    endloop
  endfacet
  facet normal 0.6593458151000616 0.7518398074789837 0
    outer loop
      vertex -9.974018286413953 -20.669365344465973 0
      vertex -10.131370849898476 -20.531370849898476 2.2
      vertex -9.974018286413953 -20.669365344465973 2.2
    endloop
  endfacet
  facet normal 0.5555702330196082 0.8314696123025412 0
    outer loop
      vertex -9.8 -20.7856406460551 0
      vertex -9.974018286413953 -20.669365344465973 2.2
      vertex -9.8 -20.7856406460551 2.2
    endloop
  endfacet
  facet normal 0.4422886902190024 0.8968727415326878 0
    outer loop
      vertex -9.612293491784143 -20.878207252018058 0
      vertex -9.8 -20.7856406460551 2.2
      vertex -9.612293491784143 -20.878207252018058 2.2
    endloop
  endfacet
  facet normal -0.06540312923014234 0.9978589232386036 0
    outer loop
      vertex -8.791158092447917 -20.986311778198097 0
      vertex -9 -21 2.2
      vertex -8.791158092447917 -20.986311778198097 2.2
    endloop
  endfacet
  facet normal -0.19509032201612986 0.9807852804032301 0
    outer loop
      vertex -8.585889527835967 -20.94548132206251 0
      vertex -8.791158092447917 -20.986311778198097 2.2
      vertex -8.585889527835967 -20.94548132206251 2.2
    endloop
  endfacet
  facet normal -0.321439465303166 0.9469301294951042 0
    outer loop
      vertex -8.387706508215857 -20.878207252018058 0
      vertex -8.585889527835967 -20.94548132206251 2.2
      vertex -8.387706508215857 -20.878207252018058 2.2
    endloop
  endfacet
  facet normal -0.4422886902190024 0.8968727415326878 0
    outer loop
      vertex -8.2 -20.7856406460551 0
      vertex -8.387706508215857 -20.878207252018058 2.2
      vertex -8.2 -20.7856406460551 2.2
    endloop
  endfacet
  facet normal -0.5555702330196082 0.8314696123025412 0
    outer loop
      vertex -8.025981713586047 -20.669365344465973 0
      vertex -8.2 -20.7856406460551 2.2
      vertex -8.025981713586047 -20.669365344465973 2.2
    endloop
  endfacet
  facet normal -0.6593458151000594 0.7518398074789855 0
    outer loop
      vertex -7.8686291501015235 -20.531370849898476 0
      vertex -8.025981713586047 -20.669365344465973 2.2
      vertex -7.8686291501015235 -20.531370849898476 2.2
    endloop
  endfacet
  facet normal -0.7518398074789848 0.6593458151000604 0
    outer loop
      vertex -7.730634655534024 -20.37401828641395 0
      vertex -7.8686291501015235 -20.531370849898476 2.2
      vertex -7.730634655534024 -20.37401828641395 2.2
    endloop
  endfacet
  facet normal -0.8314696123025426 0.5555702330196062 0
    outer loop
      vertex -7.614359353944899 -20.2 0
      vertex -7.730634655534024 -20.37401828641395 2.2
      vertex -7.614359353944899 -20.2 2.2
    endloop
  endfacet
  facet normal -0.8968727415326878 0.4422886902190024 0
    outer loop
      vertex -7.521792747981941 -20.012293491784142 0
      vertex -7.614359353944899 -20.2 2.2
      vertex -7.521792747981941 -20.012293491784142 2.2
    endloop
  endfacet
  facet normal -0.9469301294951054 0.3214394653031622 0
    outer loop
      vertex -7.45451867793749 -19.81411047216403 0
      vertex -7.521792747981941 -20.012293491784142 2.2
      vertex -7.45451867793749 -19.81411047216403 2.2
    endloop
  endfacet
  facet normal -0.9807852804032312 0.1950903220161241 0
    outer loop
      vertex -7.413688221801904 -19.60884190755208 0
      vertex -7.45451867793749 -19.81411047216403 2.2
      vertex -7.413688221801904 -19.60884190755208 2.2
    endloop
  endfacet
  facet normal -0.9978589232386036 0.06540312923014291 0
    outer loop
      vertex -7.4 -19.4 0
      vertex -7.413688221801904 -19.60884190755208 2.2
      vertex -7.4 -19.4 2.2
    endloop
  endfacet
  facet normal 1 0 0
    outer loop
      vertex -10.6 19.4 2.2
      vertex -10.6 -19.4 2.2
      vertex -10.6 -19.4 0
    endloop
  endfacet
  facet normal 1 0 0
    outer loop
      vertex -10.6 -19.4 0
      vertex -10.6 19.4 0
      vertex -10.6 19.4 2.2
    endloop
  endfacet
  facet normal 0.9978589232386036 -0.06540312923014291 0
    outer loop
      vertex -10.6 19.4 0
      vertex -10.586311778198096 19.60884190755208 0
      vertex -10.586311778198096 19.60884190755208 2.2
    endloop
  endfacet
  facet normal 0.9807852804032304 -0.19509032201612822 0
    outer loop
      vertex -10.586311778198096 19.60884190755208 0
      vertex -10.545481322062509 19.81411047216403 0
      vertex -10.545481322062509 19.81411047216403 2.2
    endloop
  endfacet
  facet normal 0.9469301294951068 -0.32143946530315837 0
    outer loop
      vertex -10.545481322062509 19.81411047216403 0
      vertex -10.47820725201806 20.012293491784142 0
      vertex -10.47820725201806 20.012293491784142 2.2
    endloop
  endfacet
  facet normal 0.8968727415326878 -0.4422886902190024 0
    outer loop
      vertex -10.47820725201806 20.012293491784142 0
      vertex -10.385640646055101 20.2 0
      vertex -10.385640646055101 20.2 2.2
    endloop
  endfacet
  facet normal 0.8314696123025426 -0.5555702330196062 0
    outer loop
      vertex -10.385640646055101 20.2 0
      vertex -10.269365344465976 20.37401828641395 0
      vertex -10.269365344465976 20.37401828641395 2.2
    endloop
  endfacet
  facet normal 0.7518398074789827 -0.6593458151000627 0
    outer loop
      vertex -10.269365344465976 20.37401828641395 0
      vertex -10.131370849898476 20.531370849898476 0
      vertex -10.131370849898476 20.531370849898476 2.2
    endloop
  endfacet
  facet normal 0.6593458151000616 -0.7518398074789837 0
    outer loop
      vertex -10.131370849898476 20.531370849898476 0
      vertex -9.974018286413953 20.669365344465973 0
      vertex -9.974018286413953 20.669365344465973 2.2
    endloop
  endfacet
  facet normal 0.5555702330196082 -0.8314696123025412 0
    outer loop
      vertex -9.974018286413953 20.669365344465973 0
      vertex -9.8 20.7856406460551 0
      vertex -9.8 20.7856406460551 2.2
    endloop
  endfacet
  facet normal 0.4422886902190024 -0.8968727415326878 0
    outer loop
      vertex -9.8 20.7856406460551 0
      vertex -9.612293491784143 20.878207252018058 0
      vertex -9.612293491784143 20.878207252018058 2.2
    endloop
  endfacet
  facet normal 0.321439465303166 -0.9469301294951042 0
    outer loop
      vertex -9.612293491784143 20.878207252018058 0
      vertex -9.414110472164033 20.94548132206251 0
      vertex -9.414110472164033 20.94548132206251 2.2
    endloop
  endfacet
  facet normal 0.19509032201612986 -0.9807852804032301 0
    outer loop
      vertex -9.414110472164033 20.94548132206251 0
      vertex -9.208841907552083 20.986311778198097 0
      vertex -9.208841907552083 20.986311778198097 2.2
    endloop
  endfacet
  facet normal 0.06540312923014234 -0.9978589232386036 0
    outer loop
      vertex -9.208841907552083 20.986311778198097 0
      vertex -9 21 0
      vertex -9 21 2.2
    endloop
  endfacet
  facet normal -0.4422886902190024 -0.8968727415326878 0
    outer loop
      vertex -8.387706508215857 20.878207252018058 0
      vertex -8.2 20.7856406460551 0
      vertex -8.2 20.7856406460551 2.2
    endloop
  endfacet
  facet normal -0.9469301294951054 -0.3214394653031622 0
    outer loop
      vertex -7.521792747981941 20.012293491784142 0
      vertex -7.45451867793749 19.81411047216403 0
      vertex -7.45451867793749 19.81411047216403 2.2
    endloop
  endfacet
  facet normal -0.8968727415326878 -0.4422886902190024 0
    outer loop
      vertex -7.614359353944899 20.2 0
      vertex -7.521792747981941 20.012293491784142 0
      vertex -7.521792747981941 20.012293491784142 2.2
    endloop
  endfacet
  facet normal -0.5555702330196082 -0.8314696123025412 0
    outer loop
      vertex -8.2 20.7856406460551 0
      vertex -8.025981713586047 20.669365344465973 0
      vertex -8.025981713586047 20.669365344465973 2.2
    endloop
  endfacet
  facet normal -0.6593458151000594 -0.7518398074789855 0
    outer loop
      vertex -8.025981713586047 20.669365344465973 0
      vertex -7.8686291501015235 20.531370849898476 0
      vertex -7.8686291501015235 20.531370849898476 2.2
    endloop
  endfacet
  facet normal -0.8314696123025426 -0.5555702330196062 0
    outer loop
      vertex -7.730634655534024 20.37401828641395 0
      vertex -7.614359353944899 20.2 0
      vertex -7.614359353944899 20.2 2.2
    endloop
  endfacet
  facet normal -0.7518398074789848 -0.6593458151000604 0
    outer loop
      vertex -7.8686291501015235 20.531370849898476 0
      vertex -7.730634655534024 20.37401828641395 0
      vertex -7.730634655534024 20.37401828641395 2.2
    endloop
  endfacet
  facet normal -0.9978589232386036 -0.06540312923014291 0
    outer loop
      vertex -7.4 19.4 0
      vertex -7.4 19.4 2.2
      vertex -7.413688221801904 19.60884190755208 0
    endloop
  endfacet
  facet normal -0.9807852804032312 -0.1950903220161241 0
    outer loop
      vertex -7.45451867793749 19.81411047216403 0
      vertex -7.413688221801904 19.60884190755208 0
      vertex -7.413688221801904 19.60884190755208 2.2
    endloop
  endfacet
  facet normal -0.06540312923014234 -0.9978589232386036 0
    outer loop
      vertex -9 21 0
      vertex -8.791158092447917 20.986311778198097 0
      vertex -8.791158092447917 20.986311778198097 2.2
    endloop
  endfacet
  facet normal -0.19509032201612986 -0.9807852804032301 0
    outer loop
      vertex -8.791158092447917 20.986311778198097 0
      vertex -8.585889527835967 20.94548132206251 0
      vertex -8.585889527835967 20.94548132206251 2.2
    endloop
  endfacet
  facet normal -0.321439465303166 -0.9469301294951042 0
    outer loop
      vertex -8.585889527835967 20.94548132206251 0
      vertex -8.387706508215857 20.878207252018058 0
      vertex -8.387706508215857 20.878207252018058 2.2
    endloop
  endfacet
  facet normal -1 0 0
    outer loop
      vertex -7.4 -19.4 2.2
      vertex -7.4 19.4 2.2
      vertex -7.4 19.4 0
    endloop
  endfacet
  facet normal 0.9978589232386036 -0.06540312923014291 0
    outer loop
      vertex -10.6 19.4 0
      vertex -10.586311778198096 19.60884190755208 2.2
      vertex -10.6 19.4 2.2
    endloop
  endfacet
  facet normal 0.9807852804032304 -0.19509032201612822 0
    outer loop
      vertex -10.586311778198096 19.60884190755208 0
      vertex -10.545481322062509 19.81411047216403 2.2
      vertex -10.586311778198096 19.60884190755208 2.2
    endloop
  endfacet
  facet normal 0.9469301294951068 -0.32143946530315837 0
    outer loop
      vertex -10.545481322062509 19.81411047216403 0
      vertex -10.47820725201806 20.012293491784142 2.2
      vertex -10.545481322062509 19.81411047216403 2.2
    endloop
  endfacet
  facet normal 0.8968727415326878 -0.4422886902190024 0
    outer loop
      vertex -10.47820725201806 20.012293491784142 0
      vertex -10.385640646055101 20.2 2.2
      vertex -10.47820725201806 20.012293491784142 2.2
    endloop
  endfacet
  facet normal 0.8314696123025426 -0.5555702330196062 0
    outer loop
      vertex -10.385640646055101 20.2 0
      vertex -10.269365344465976 20.37401828641395 2.2
      vertex -10.385640646055101 20.2 2.2
    endloop
  endfacet
  facet normal 0.7518398074789827 -0.6593458151000627 0
    outer loop
      vertex -10.269365344465976 20.37401828641395 0
      vertex -10.131370849898476 20.531370849898476 2.2
      vertex -10.269365344465976 20.37401828641395 2.2
    endloop
  endfacet
  facet normal 0.6593458151000616 -0.7518398074789837 0
    outer loop
      vertex -10.131370849898476 20.531370849898476 0
      vertex -9.974018286413953 20.669365344465973 2.2
      vertex -10.131370849898476 20.531370849898476 2.2
    endloop
  endfacet
  facet normal 0.5555702330196082 -0.8314696123025412 0
    outer loop
      vertex -9.974018286413953 20.669365344465973 0
      vertex -9.8 20.7856406460551 2.2
      vertex -9.974018286413953 20.669365344465973 2.2
    endloop
  endfacet
  facet normal 0.4422886902190024 -0.8968727415326878 0
    outer loop
      vertex -9.8 20.7856406460551 0
      vertex -9.612293491784143 20.878207252018058 2.2
      vertex -9.8 20.7856406460551 2.2
    endloop
  endfacet
  facet normal 0.321439465303166 -0.9469301294951042 0
    outer loop
      vertex -9.612293491784143 20.878207252018058 0
      vertex -9.414110472164033 20.94548132206251 2.2
      vertex -9.612293491784143 20.878207252018058 2.2
    endloop
  endfacet
  facet normal 0.19509032201612986 -0.9807852804032301 0
    outer loop
      vertex -9.414110472164033 20.94548132206251 0
      vertex -9.208841907552083 20.986311778198097 2.2
      vertex -9.414110472164033 20.94548132206251 2.2
    endloop
  endfacet
  facet normal 0.06540312923014234 -0.9978589232386036 0
    outer loop
      vertex -9.208841907552083 20.986311778198097 0
      vertex -9 21 2.2
      vertex -9.208841907552083 20.986311778198097 2.2
    endloop
  endfacet
  facet normal -0.4422886902190024 -0.8968727415326878 0
    outer loop
      vertex -8.387706508215857 20.878207252018058 0
      vertex -8.2 20.7856406460551 2.2
      vertex -8.387706508215857 20.878207252018058 2.2
    endloop
  endfacet
  facet normal -0.9469301294951054 -0.3214394653031622 0
    outer loop
      vertex -7.521792747981941 20.012293491784142 0
      vertex -7.45451867793749 19.81411047216403 2.2
      vertex -7.521792747981941 20.012293491784142 2.2
    endloop
  endfacet
  facet normal -0.7518398074789848 -0.6593458151000604 0
    outer loop
      vertex -7.8686291501015235 20.531370849898476 0
      vertex -7.730634655534024 20.37401828641395 2.2
      vertex -7.8686291501015235 20.531370849898476 2.2
    endloop
  endfacet
  facet normal -0.5555702330196082 -0.8314696123025412 0
    outer loop
      vertex -8.2 20.7856406460551 0
      vertex -8.025981713586047 20.669365344465973 2.2
      vertex -8.2 20.7856406460551 2.2
    endloop
  endfacet
  facet normal -0.6593458151000594 -0.7518398074789855 0
    outer loop
      vertex -8.025981713586047 20.669365344465973 0
      vertex -7.8686291501015235 20.531370849898476 2.2
      vertex -8.025981713586047 20.669365344465973 2.2
    endloop
  endfacet
  facet normal -0.8314696123025426 -0.5555702330196062 0
    outer loop
      vertex -7.730634655534024 20.37401828641395 0
      vertex -7.614359353944899 20.2 2.2
      vertex -7.730634655534024 20.37401828641395 2.2
    endloop
  endfacet
  facet normal -0.8968727415326878 -0.4422886902190024 0
    outer loop
      vertex -7.614359353944899 20.2 0
      vertex -7.521792747981941 20.012293491784142 2.2
      vertex -7.614359353944899 20.2 2.2
    endloop
  endfacet
  facet normal -0.9978589232386036 -0.06540312923014291 0
    outer loop
      vertex -7.413688221801904 19.60884190755208 0
      vertex -7.4 19.4 2.2
      vertex -7.413688221801904 19.60884190755208 2.2
    endloop
  endfacet
  facet normal -0.9807852804032312 -0.1950903220161241 0
    outer loop
      vertex -7.45451867793749 19.81411047216403 0
      vertex -7.413688221801904 19.60884190755208 2.2
      vertex -7.45451867793749 19.81411047216403 2.2
    endloop
  endfacet
  facet normal -0.06540312923014234 -0.9978589232386036 0
    outer loop
      vertex -9 21 0
      vertex -8.791158092447917 20.986311778198097 2.2
      vertex -9 21 2.2
    endloop
  endfacet
  facet normal -0.19509032201612986 -0.9807852804032301 0
    outer loop
      vertex -8.791158092447917 20.986311778198097 0
      vertex -8.585889527835967 20.94548132206251 2.2
      vertex -8.791158092447917 20.986311778198097 2.2
    endloop
  endfacet
  facet normal -0.321439465303166 -0.9469301294951042 0
    outer loop
      vertex -8.585889527835967 20.94548132206251 0
      vertex -8.387706508215857 20.878207252018058 2.2
      vertex -8.585889527835967 20.94548132206251 2.2
    endloop
  endfacet
  facet normal 0.32143946530316553 0.9469301294951045 0
    outer loop
      vertex -0.4141104721640332 -20.94548132206251 0
      vertex -0.6122934917841437 -20.878207252018058 0
      vertex -0.6122934917841437 -20.878207252018058 2.2
    endloop
  endfacet
  facet normal 0.19509032201612952 0.9807852804032302 0
    outer loop
      vertex -0.20884190755208254 -20.986311778198097 0
      vertex -0.4141104721640332 -20.94548132206251 0
      vertex -0.4141104721640332 -20.94548132206251 2.2
    endloop
  endfacet
  facet normal 0.06540312923014245 0.9978589232386036 0
    outer loop
      vertex 0 -21 0
      vertex -0.20884190755208254 -20.986311778198097 0
      vertex -0.20884190755208254 -20.986311778198097 2.2
    endloop
  endfacet
  facet normal 0.9469301294951054 0.3214394653031622 0
    outer loop
      vertex -1.478207252018059 -20.012293491784142 0
      vertex -1.5454813220625094 -19.81411047216403 0
      vertex -1.5454813220625094 -19.81411047216403 2.2
    endloop
  endfacet
  facet normal 0.9807852804032309 0.19509032201612617 0
    outer loop
      vertex -1.5454813220625094 -19.81411047216403 0
      vertex -1.5863117781980967 -19.60884190755208 0
      vertex -1.5863117781980967 -19.60884190755208 2.2
    endloop
  endfacet
  facet normal 0.9978589232386035 0.06540312923014395 0
    outer loop
      vertex -1.5863117781980967 -19.60884190755208 0
      vertex -1.6 -19.4 0
      vertex -1.6 -19.4 2.2
    endloop
  endfacet
  facet normal 0.8314696123025416 0.5555702330196077 0
    outer loop
      vertex -1.2693653444659763 -20.37401828641395 0
      vertex -1.3856406460551018 -20.2 0
      vertex -1.3856406460551018 -20.2 2.2
    endloop
  endfacet
  facet normal 0.7518398074789843 0.659345815100061 0
    outer loop
      vertex -1.1313708498984762 -20.531370849898476 0
      vertex -1.2693653444659763 -20.37401828641395 0
      vertex -1.2693653444659763 -20.37401828641395 2.2
    endloop
  endfacet
  facet normal 0.6593458151000601 0.751839807478985 0
    outer loop
      vertex -0.974018286413953 -20.669365344465973 0
      vertex -1.1313708498984762 -20.531370849898476 0
      vertex -1.1313708498984762 -20.531370849898476 2.2
    endloop
  endfacet
  facet normal 0.5555702330196067 0.8314696123025422 0
    outer loop
      vertex -0.8 -20.7856406460551 0
      vertex -0.974018286413953 -20.669365344465973 0
      vertex -0.974018286413953 -20.669365344465973 2.2
    endloop
  endfacet
  facet normal 0.896872741532689 0.44228869021899986 0
    outer loop
      vertex -1.3856406460551018 -20.2 0
      vertex -1.478207252018059 -20.012293491784142 0
      vertex -1.478207252018059 -20.012293491784142 2.2
    endloop
  endfacet
  facet normal 0.44228869021900424 0.8968727415326868 0
    outer loop
      vertex -0.6122934917841437 -20.878207252018058 0
      vertex -0.8 -20.7856406460551 0
      vertex -0.8 -20.7856406460551 2.2
    endloop
  endfacet
  facet normal 0.32143946530316553 0.9469301294951045 0
    outer loop
      vertex -0.4141104721640332 -20.94548132206251 0
      vertex -0.6122934917841437 -20.878207252018058 2.2
      vertex -0.4141104721640332 -20.94548132206251 2.2
    endloop
  endfacet
  facet normal 0.19509032201612952 0.9807852804032302 0
    outer loop
      vertex -0.20884190755208254 -20.986311778198097 0
      vertex -0.4141104721640332 -20.94548132206251 2.2
      vertex -0.20884190755208254 -20.986311778198097 2.2
    endloop
  endfacet
  facet normal 0.06540312923014245 0.9978589232386036 0
    outer loop
      vertex 0 -21 0
      vertex -0.20884190755208254 -20.986311778198097 2.2
      vertex 0 -21 2.2
    endloop
  endfacet
  facet normal 0.9469301294951054 0.3214394653031622 0
    outer loop
      vertex -1.478207252018059 -20.012293491784142 0
      vertex -1.5454813220625094 -19.81411047216403 2.2
      vertex -1.478207252018059 -20.012293491784142 2.2
    endloop
  endfacet
  facet normal 0.9807852804032309 0.19509032201612617 0
    outer loop
      vertex -1.5454813220625094 -19.81411047216403 0
      vertex -1.5863117781980967 -19.60884190755208 2.2
      vertex -1.5454813220625094 -19.81411047216403 2.2
    endloop
  endfacet
  facet normal 0.9978589232386035 0.06540312923014395 0
    outer loop
      vertex -1.5863117781980967 -19.60884190755208 0
      vertex -1.6 -19.4 2.2
      vertex -1.5863117781980967 -19.60884190755208 2.2
    endloop
  endfacet
  facet normal 0.8314696123025416 0.5555702330196077 0
    outer loop
      vertex -1.2693653444659763 -20.37401828641395 0
      vertex -1.3856406460551018 -20.2 2.2
      vertex -1.2693653444659763 -20.37401828641395 2.2
    endloop
  endfacet
  facet normal 0.896872741532689 0.44228869021899986 0
    outer loop
      vertex -1.3856406460551018 -20.2 0
      vertex -1.478207252018059 -20.012293491784142 2.2
      vertex -1.3856406460551018 -20.2 2.2
    endloop
  endfacet
  facet normal 0.7518398074789843 0.659345815100061 0
    outer loop
      vertex -1.1313708498984762 -20.531370849898476 0
      vertex -1.2693653444659763 -20.37401828641395 2.2
      vertex -1.1313708498984762 -20.531370849898476 2.2
    endloop
  endfacet
  facet normal 0.6593458151000601 0.751839807478985 0
    outer loop
      vertex -0.974018286413953 -20.669365344465973 0
      vertex -1.1313708498984762 -20.531370849898476 2.2
      vertex -0.974018286413953 -20.669365344465973 2.2
    endloop
  endfacet
  facet normal 0.5555702330196067 0.8314696123025422 0
    outer loop
      vertex -0.8 -20.7856406460551 0
      vertex -0.974018286413953 -20.669365344465973 2.2
      vertex -0.8 -20.7856406460551 2.2
    endloop
  endfacet
  facet normal 0.44228869021900424 0.8968727415326868 0
    outer loop
      vertex -0.6122934917841437 -20.878207252018058 0
      vertex -0.8 -20.7856406460551 2.2
      vertex -0.6122934917841437 -20.878207252018058 2.2
    endloop
  endfacet
  facet normal 1 0 0
    outer loop
      vertex -1.6 19.4 2.2
      vertex -1.6 -19.4 2.2
      vertex -1.6 -19.4 0
    endloop
  endfacet
  facet normal 1 0 0
    outer loop
      vertex -1.6 -19.4 0
      vertex -1.6 19.4 0
      vertex -1.6 19.4 2.2
    endloop
  endfacet
  facet normal 0.9978589232386035 -0.06540312923014395 0
    outer loop
      vertex -1.6 19.4 0
      vertex -1.5863117781980967 19.60884190755208 0
      vertex -1.5863117781980967 19.60884190755208 2.2
    endloop
  endfacet
  facet normal 0.9807852804032309 -0.19509032201612617 0
    outer loop
      vertex -1.5863117781980967 19.60884190755208 0
      vertex -1.5454813220625094 19.81411047216403 0
      vertex -1.5454813220625094 19.81411047216403 2.2
    endloop
  endfacet
  facet normal 0.9469301294951054 -0.3214394653031622 0
    outer loop
      vertex -1.5454813220625094 19.81411047216403 0
      vertex -1.478207252018059 20.012293491784142 0
      vertex -1.478207252018059 20.012293491784142 2.2
    endloop
  endfacet
  facet normal 0.896872741532689 -0.44228869021899986 0
    outer loop
      vertex -1.478207252018059 20.012293491784142 0
      vertex -1.3856406460551018 20.2 0
      vertex -1.3856406460551018 20.2 2.2
    endloop
  endfacet
  facet normal 0.8314696123025416 -0.5555702330196077 0
    outer loop
      vertex -1.3856406460551018 20.2 0
      vertex -1.2693653444659763 20.37401828641395 0
      vertex -1.2693653444659763 20.37401828641395 2.2
    endloop
  endfacet
  facet normal 0.7518398074789843 -0.659345815100061 0
    outer loop
      vertex -1.2693653444659763 20.37401828641395 0
      vertex -1.1313708498984762 20.531370849898476 0
      vertex -1.1313708498984762 20.531370849898476 2.2
    endloop
  endfacet
  facet normal 0.6593458151000601 -0.751839807478985 0
    outer loop
      vertex -1.1313708498984762 20.531370849898476 0
      vertex -0.974018286413953 20.669365344465973 0
      vertex -0.974018286413953 20.669365344465973 2.2
    endloop
  endfacet
  facet normal 0.5555702330196067 -0.8314696123025422 0
    outer loop
      vertex -0.974018286413953 20.669365344465973 0
      vertex -0.8 20.7856406460551 0
      vertex -0.8 20.7856406460551 2.2
    endloop
  endfacet
  facet normal 0.44228869021900424 -0.8968727415326868 0
    outer loop
      vertex -0.8 20.7856406460551 0
      vertex -0.6122934917841437 20.878207252018058 0
      vertex -0.6122934917841437 20.878207252018058 2.2
    endloop
  endfacet
  facet normal 0.32143946530316553 -0.9469301294951045 0
    outer loop
      vertex -0.6122934917841437 20.878207252018058 0
      vertex -0.4141104721640332 20.94548132206251 0
      vertex -0.4141104721640332 20.94548132206251 2.2
    endloop
  endfacet
  facet normal 0.19509032201612952 -0.9807852804032302 0
    outer loop
      vertex -0.4141104721640332 20.94548132206251 0
      vertex -0.20884190755208254 20.986311778198097 0
      vertex -0.20884190755208254 20.986311778198097 2.2
    endloop
  endfacet
  facet normal 0.06540312923014245 -0.9978589232386036 0
    outer loop
      vertex -0.20884190755208254 20.986311778198097 0
      vertex 0 21 0
      vertex 0 21 2.2
    endloop
  endfacet
  facet normal 0.9978589232386035 -0.06540312923014395 0
    outer loop
      vertex -1.6 19.4 0
      vertex -1.5863117781980967 19.60884190755208 2.2
      vertex -1.6 19.4 2.2
    endloop
  endfacet
  facet normal 0.9807852804032309 -0.19509032201612617 0
    outer loop
      vertex -1.5863117781980967 19.60884190755208 0
      vertex -1.5454813220625094 19.81411047216403 2.2
      vertex -1.5863117781980967 19.60884190755208 2.2
    endloop
  endfacet
  facet normal 0.9469301294951054 -0.3214394653031622 0
    outer loop
      vertex -1.5454813220625094 19.81411047216403 0
      vertex -1.478207252018059 20.012293491784142 2.2
      vertex -1.5454813220625094 19.81411047216403 2.2
    endloop
  endfacet
  facet normal 0.896872741532689 -0.44228869021899986 0
    outer loop
      vertex -1.478207252018059 20.012293491784142 0
      vertex -1.3856406460551018 20.2 2.2
      vertex -1.478207252018059 20.012293491784142 2.2
    endloop
  endfacet
  facet normal 0.8314696123025416 -0.5555702330196077 0
    outer loop
      vertex -1.3856406460551018 20.2 0
      vertex -1.2693653444659763 20.37401828641395 2.2
      vertex -1.3856406460551018 20.2 2.2
    endloop
  endfacet
  facet normal 0.7518398074789843 -0.659345815100061 0
    outer loop
      vertex -1.2693653444659763 20.37401828641395 0
      vertex -1.1313708498984762 20.531370849898476 2.2
      vertex -1.2693653444659763 20.37401828641395 2.2
    endloop
  endfacet
  facet normal 0.6593458151000601 -0.751839807478985 0
    outer loop
      vertex -1.1313708498984762 20.531370849898476 0
      vertex -0.974018286413953 20.669365344465973 2.2
      vertex -1.1313708498984762 20.531370849898476 2.2
    endloop
  endfacet
  facet normal 0.5555702330196067 -0.8314696123025422 0
    outer loop
      vertex -0.974018286413953 20.669365344465973 0
      vertex -0.8 20.7856406460551 2.2
      vertex -0.974018286413953 20.669365344465973 2.2
    endloop
  endfacet
  facet normal 0.44228869021900424 -0.8968727415326868 0
    outer loop
      vertex -0.8 20.7856406460551 0
      vertex -0.6122934917841437 20.878207252018058 2.2
      vertex -0.8 20.7856406460551 2.2
    endloop
  endfacet
  facet normal 0.32143946530316553 -0.9469301294951045 0
    outer loop
      vertex -0.6122934917841437 20.878207252018058 0
      vertex -0.4141104721640332 20.94548132206251 2.2
      vertex -0.6122934917841437 20.878207252018058 2.2
    endloop
  endfacet
  facet normal 0.19509032201612952 -0.9807852804032302 0
    outer loop
      vertex -0.4141104721640332 20.94548132206251 0
      vertex -0.20884190755208254 20.986311778198097 2.2
      vertex -0.4141104721640332 20.94548132206251 2.2
    endloop
  endfacet
  facet normal 0.06540312923014245 -0.9978589232386036 0
    outer loop
      vertex -0.20884190755208254 20.986311778198097 0
      vertex 0 21 2.2
      vertex -0.20884190755208254 20.986311778198097 2.2
    endloop
  endfacet
  facet normal -0.06540312923014245 0.9978589232386036 0
    outer loop
      vertex 0.20884190755208254 -20.986311778198097 0
      vertex 0 -21 0
      vertex 0 -21 2.2
    endloop
  endfacet
  facet normal -0.19509032201612952 0.9807852804032302 0
    outer loop
      vertex 0.4141104721640332 -20.94548132206251 0
      vertex 0.20884190755208254 -20.986311778198097 0
      vertex 0.20884190755208254 -20.986311778198097 2.2
    endloop
  endfacet
  facet normal -0.32143946530316553 0.9469301294951045 0
    outer loop
      vertex 0.4141104721640332 -20.94548132206251 0
      vertex 0.4141104721640332 -20.94548132206251 2.2
      vertex 0.6122934917841437 -20.878207252018058 0
    endloop
  endfacet
  facet normal -0.44228869021900424 0.8968727415326868 0
    outer loop
      vertex 0.8 -20.7856406460551 0
      vertex 0.6122934917841437 -20.878207252018058 0
      vertex 0.6122934917841437 -20.878207252018058 2.2
    endloop
  endfacet
  facet normal -0.5555702330196067 0.8314696123025422 0
    outer loop
      vertex 0.974018286413953 -20.669365344465973 0
      vertex 0.8 -20.7856406460551 0
      vertex 0.8 -20.7856406460551 2.2
    endloop
  endfacet
  facet normal -0.6593458151000601 0.751839807478985 0
    outer loop
      vertex 1.1313708498984762 -20.531370849898476 0
      vertex 0.974018286413953 -20.669365344465973 0
      vertex 0.974018286413953 -20.669365344465973 2.2
    endloop
  endfacet
  facet normal -0.7518398074789843 0.659345815100061 0
    outer loop
      vertex 1.2693653444659763 -20.37401828641395 0
      vertex 1.1313708498984762 -20.531370849898476 0
      vertex 1.1313708498984762 -20.531370849898476 2.2
    endloop
  endfacet
  facet normal -0.8314696123025416 0.5555702330196077 0
    outer loop
      vertex 1.3856406460551018 -20.2 0
      vertex 1.2693653444659763 -20.37401828641395 0
      vertex 1.2693653444659763 -20.37401828641395 2.2
    endloop
  endfacet
  facet normal -0.896872741532689 0.44228869021899986 0
    outer loop
      vertex 1.478207252018059 -20.012293491784142 0
      vertex 1.3856406460551018 -20.2 0
      vertex 1.3856406460551018 -20.2 2.2
    endloop
  endfacet
  facet normal -0.9469301294951054 0.3214394653031622 0
    outer loop
      vertex 1.5454813220625094 -19.81411047216403 0
      vertex 1.478207252018059 -20.012293491784142 0
      vertex 1.478207252018059 -20.012293491784142 2.2
    endloop
  endfacet
  facet normal -0.9807852804032309 0.19509032201612617 0
    outer loop
      vertex 1.5863117781980967 -19.60884190755208 0
      vertex 1.5454813220625094 -19.81411047216403 0
      vertex 1.5454813220625094 -19.81411047216403 2.2
    endloop
  endfacet
  facet normal -0.9978589232386035 0.06540312923014395 0
    outer loop
      vertex 1.6 -19.4 0
      vertex 1.5863117781980967 -19.60884190755208 0
      vertex 1.5863117781980967 -19.60884190755208 2.2
    endloop
  endfacet
  facet normal -1 0 0
    outer loop
      vertex 1.6 19.4 0
      vertex 1.6 -19.4 0
      vertex 1.6 -19.4 2.2
    endloop
  endfacet
  facet normal -0.06540312923014245 0.9978589232386036 0
    outer loop
      vertex 0.20884190755208254 -20.986311778198097 0
      vertex 0 -21 2.2
      vertex 0.20884190755208254 -20.986311778198097 2.2
    endloop
  endfacet
  facet normal -0.19509032201612952 0.9807852804032302 0
    outer loop
      vertex 0.4141104721640332 -20.94548132206251 0
      vertex 0.20884190755208254 -20.986311778198097 2.2
      vertex 0.4141104721640332 -20.94548132206251 2.2
    endloop
  endfacet
  facet normal -0.32143946530316553 0.9469301294951045 0
    outer loop
      vertex 0.6122934917841437 -20.878207252018058 0
      vertex 0.4141104721640332 -20.94548132206251 2.2
      vertex 0.6122934917841437 -20.878207252018058 2.2
    endloop
  endfacet
  facet normal -0.44228869021900424 0.8968727415326868 0
    outer loop
      vertex 0.8 -20.7856406460551 0
      vertex 0.6122934917841437 -20.878207252018058 2.2
      vertex 0.8 -20.7856406460551 2.2
    endloop
  endfacet
  facet normal -0.5555702330196067 0.8314696123025422 0
    outer loop
      vertex 0.974018286413953 -20.669365344465973 0
      vertex 0.8 -20.7856406460551 2.2
      vertex 0.974018286413953 -20.669365344465973 2.2
    endloop
  endfacet
  facet normal -0.6593458151000601 0.751839807478985 0
    outer loop
      vertex 1.1313708498984762 -20.531370849898476 0
      vertex 0.974018286413953 -20.669365344465973 2.2
      vertex 1.1313708498984762 -20.531370849898476 2.2
    endloop
  endfacet
  facet normal -0.7518398074789843 0.659345815100061 0
    outer loop
      vertex 1.2693653444659763 -20.37401828641395 0
      vertex 1.1313708498984762 -20.531370849898476 2.2
      vertex 1.2693653444659763 -20.37401828641395 2.2
    endloop
  endfacet
  facet normal -0.8314696123025416 0.5555702330196077 0
    outer loop
      vertex 1.3856406460551018 -20.2 0
      vertex 1.2693653444659763 -20.37401828641395 2.2
      vertex 1.3856406460551018 -20.2 2.2
    endloop
  endfacet
  facet normal -0.896872741532689 0.44228869021899986 0
    outer loop
      vertex 1.478207252018059 -20.012293491784142 0
      vertex 1.3856406460551018 -20.2 2.2
      vertex 1.478207252018059 -20.012293491784142 2.2
    endloop
  endfacet
  facet normal -0.9469301294951054 0.3214394653031622 0
    outer loop
      vertex 1.5454813220625094 -19.81411047216403 0
      vertex 1.478207252018059 -20.012293491784142 2.2
      vertex 1.5454813220625094 -19.81411047216403 2.2
    endloop
  endfacet
  facet normal -0.9807852804032309 0.19509032201612617 0
    outer loop
      vertex 1.5863117781980967 -19.60884190755208 0
      vertex 1.5454813220625094 -19.81411047216403 2.2
      vertex 1.5863117781980967 -19.60884190755208 2.2
    endloop
  endfacet
  facet normal -0.9978589232386035 0.06540312923014395 0
    outer loop
      vertex 1.6 -19.4 0
      vertex 1.5863117781980967 -19.60884190755208 2.2
      vertex 1.6 -19.4 2.2
    endloop
  endfacet
  facet normal -0.44228869021900424 -0.8968727415326868 0
    outer loop
      vertex 0.6122934917841437 20.878207252018058 0
      vertex 0.8 20.7856406460551 0
      vertex 0.8 20.7856406460551 2.2
    endloop
  endfacet
  facet normal -0.896872741532689 -0.44228869021899986 0
    outer loop
      vertex 1.3856406460551018 20.2 0
      vertex 1.478207252018059 20.012293491784142 0
      vertex 1.478207252018059 20.012293491784142 2.2
    endloop
  endfacet
  facet normal -0.5555702330196067 -0.8314696123025422 0
    outer loop
      vertex 0.8 20.7856406460551 0
      vertex 0.974018286413953 20.669365344465973 0
      vertex 0.974018286413953 20.669365344465973 2.2
    endloop
  endfacet
  facet normal -0.6593458151000601 -0.751839807478985 0
    outer loop
      vertex 0.974018286413953 20.669365344465973 0
      vertex 1.1313708498984762 20.531370849898476 0
      vertex 1.1313708498984762 20.531370849898476 2.2
    endloop
  endfacet
  facet normal -0.7518398074789843 -0.659345815100061 0
    outer loop
      vertex 1.1313708498984762 20.531370849898476 0
      vertex 1.2693653444659763 20.37401828641395 0
      vertex 1.2693653444659763 20.37401828641395 2.2
    endloop
  endfacet
  facet normal -0.8314696123025416 -0.5555702330196077 0
    outer loop
      vertex 1.2693653444659763 20.37401828641395 0
      vertex 1.3856406460551018 20.2 0
      vertex 1.3856406460551018 20.2 2.2
    endloop
  endfacet
  facet normal -0.9978589232386035 -0.06540312923014395 0
    outer loop
      vertex 1.6 19.4 0
      vertex 1.6 19.4 2.2
      vertex 1.5863117781980967 19.60884190755208 0
    endloop
  endfacet
  facet normal -0.9807852804032309 -0.19509032201612617 0
    outer loop
      vertex 1.5454813220625094 19.81411047216403 0
      vertex 1.5863117781980967 19.60884190755208 0
      vertex 1.5863117781980967 19.60884190755208 2.2
    endloop
  endfacet
  facet normal -0.9469301294951054 -0.3214394653031622 0
    outer loop
      vertex 1.478207252018059 20.012293491784142 0
      vertex 1.5454813220625094 19.81411047216403 0
      vertex 1.5454813220625094 19.81411047216403 2.2
    endloop
  endfacet
  facet normal -0.06540312923014245 -0.9978589232386036 0
    outer loop
      vertex 0 21 0
      vertex 0.20884190755208254 20.986311778198097 0
      vertex 0.20884190755208254 20.986311778198097 2.2
    endloop
  endfacet
  facet normal -0.19509032201612952 -0.9807852804032302 0
    outer loop
      vertex 0.20884190755208254 20.986311778198097 0
      vertex 0.4141104721640332 20.94548132206251 0
      vertex 0.4141104721640332 20.94548132206251 2.2
    endloop
  endfacet
  facet normal -0.32143946530316553 -0.9469301294951045 0
    outer loop
      vertex 0.4141104721640332 20.94548132206251 0
      vertex 0.6122934917841437 20.878207252018058 0
      vertex 0.6122934917841437 20.878207252018058 2.2
    endloop
  endfacet
  facet normal -1 0 0
    outer loop
      vertex 1.6 -19.4 2.2
      vertex 1.6 19.4 2.2
      vertex 1.6 19.4 0
    endloop
  endfacet
  facet normal -0.44228869021900424 -0.8968727415326868 0
    outer loop
      vertex 0.6122934917841437 20.878207252018058 0
      vertex 0.8 20.7856406460551 2.2
      vertex 0.6122934917841437 20.878207252018058 2.2
    endloop
  endfacet
  facet normal -0.5555702330196067 -0.8314696123025422 0
    outer loop
      vertex 0.8 20.7856406460551 0
      vertex 0.974018286413953 20.669365344465973 2.2
      vertex 0.8 20.7856406460551 2.2
    endloop
  endfacet
  facet normal -0.6593458151000601 -0.751839807478985 0
    outer loop
      vertex 0.974018286413953 20.669365344465973 0
      vertex 1.1313708498984762 20.531370849898476 2.2
      vertex 0.974018286413953 20.669365344465973 2.2
    endloop
  endfacet
  facet normal -0.7518398074789843 -0.659345815100061 0
    outer loop
      vertex 1.1313708498984762 20.531370849898476 0
      vertex 1.2693653444659763 20.37401828641395 2.2
      vertex 1.1313708498984762 20.531370849898476 2.2
    endloop
  endfacet
  facet normal -0.896872741532689 -0.44228869021899986 0
    outer loop
      vertex 1.3856406460551018 20.2 0
      vertex 1.478207252018059 20.012293491784142 2.2
      vertex 1.3856406460551018 20.2 2.2
    endloop
  endfacet
  facet normal -0.8314696123025416 -0.5555702330196077 0
    outer loop
      vertex 1.2693653444659763 20.37401828641395 0
      vertex 1.3856406460551018 20.2 2.2
      vertex 1.2693653444659763 20.37401828641395 2.2
    endloop
  endfacet
  facet normal -0.9978589232386035 -0.06540312923014395 0
    outer loop
      vertex 1.5863117781980967 19.60884190755208 0
      vertex 1.6 19.4 2.2
      vertex 1.5863117781980967 19.60884190755208 2.2
    endloop
  endfacet
  facet normal -0.9807852804032309 -0.19509032201612617 0
    outer loop
      vertex 1.5454813220625094 19.81411047216403 0
      vertex 1.5863117781980967 19.60884190755208 2.2
      vertex 1.5454813220625094 19.81411047216403 2.2
    endloop
  endfacet
  facet normal -0.9469301294951054 -0.3214394653031622 0
    outer loop
      vertex 1.478207252018059 20.012293491784142 0
      vertex 1.5454813220625094 19.81411047216403 2.2
      vertex 1.478207252018059 20.012293491784142 2.2
    endloop
  endfacet
  facet normal -0.06540312923014245 -0.9978589232386036 0
    outer loop
      vertex 0 21 0
      vertex 0.20884190755208254 20.986311778198097 2.2
      vertex 0 21 2.2
    endloop
  endfacet
  facet normal -0.19509032201612952 -0.9807852804032302 0
    outer loop
      vertex 0.20884190755208254 20.986311778198097 0
      vertex 0.4141104721640332 20.94548132206251 2.2
      vertex 0.20884190755208254 20.986311778198097 2.2
    endloop
  endfacet
  facet normal -0.32143946530316553 -0.9469301294951045 0
    outer loop
      vertex 0.4141104721640332 20.94548132206251 0
      vertex 0.6122934917841437 20.878207252018058 2.2
      vertex 0.4141104721640332 20.94548132206251 2.2
    endloop
  endfacet
  facet normal 0.321439465303166 0.9469301294951042 0
    outer loop
      vertex 8.585889527835967 -20.94548132206251 0
      vertex 8.387706508215857 -20.878207252018058 0
      vertex 8.387706508215857 -20.878207252018058 2.2
    endloop
  endfacet
  facet normal 0.19509032201612986 0.9807852804032301 0
    outer loop
      vertex 8.791158092447917 -20.986311778198097 0
      vertex 8.585889527835967 -20.94548132206251 0
      vertex 8.585889527835967 -20.94548132206251 2.2
    endloop
  endfacet
  facet normal 0.06540312923014234 0.9978589232386036 0
    outer loop
      vertex 9 -21 0
      vertex 8.791158092447917 -20.986311778198097 0
      vertex 8.791158092447917 -20.986311778198097 2.2
    endloop
  endfacet
  facet normal 0.9807852804032312 0.1950903220161241 0
    outer loop
      vertex 7.45451867793749 -19.81411047216403 0
      vertex 7.413688221801904 -19.60884190755208 0
      vertex 7.413688221801904 -19.60884190755208 2.2
    endloop
  endfacet
  facet normal 0.9978589232386036 0.06540312923014291 0
    outer loop
      vertex 7.413688221801904 -19.60884190755208 0
      vertex 7.4 -19.4 0
      vertex 7.4 -19.4 2.2
    endloop
  endfacet
  facet normal 0.7518398074789848 0.6593458151000604 0
    outer loop
      vertex 7.8686291501015235 -20.531370849898476 0
      vertex 7.730634655534024 -20.37401828641395 0
      vertex 7.730634655534024 -20.37401828641395 2.2
    endloop
  endfacet
  facet normal 0.8314696123025426 0.5555702330196062 0
    outer loop
      vertex 7.730634655534024 -20.37401828641395 0
      vertex 7.614359353944899 -20.2 0
      vertex 7.614359353944899 -20.2 2.2
    endloop
  endfacet
  facet normal 0.6593458151000594 0.7518398074789855 0
    outer loop
      vertex 8.025981713586047 -20.669365344465973 0
      vertex 7.8686291501015235 -20.531370849898476 0
      vertex 7.8686291501015235 -20.531370849898476 2.2
    endloop
  endfacet
  facet normal 0.5555702330196082 0.8314696123025412 0
    outer loop
      vertex 8.2 -20.7856406460551 0
      vertex 8.025981713586047 -20.669365344465973 0
      vertex 8.025981713586047 -20.669365344465973 2.2
    endloop
  endfacet
  facet normal 0.8968727415326878 0.4422886902190024 0
    outer loop
      vertex 7.614359353944899 -20.2 0
      vertex 7.521792747981941 -20.012293491784142 0
      vertex 7.521792747981941 -20.012293491784142 2.2
    endloop
  endfacet
  facet normal 0.9469301294951054 0.3214394653031622 0
    outer loop
      vertex 7.521792747981941 -20.012293491784142 0
      vertex 7.45451867793749 -19.81411047216403 0
      vertex 7.45451867793749 -19.81411047216403 2.2
    endloop
  endfacet
  facet normal 0.4422886902190024 0.8968727415326878 0
    outer loop
      vertex 8.387706508215857 -20.878207252018058 0
      vertex 8.2 -20.7856406460551 0
      vertex 8.2 -20.7856406460551 2.2
    endloop
  endfacet
  facet normal -0.06540312923014234 0.9978589232386036 0
    outer loop
      vertex 9.208841907552083 -20.986311778198097 0
      vertex 9 -21 0
      vertex 9 -21 2.2
    endloop
  endfacet
  facet normal -0.19509032201612986 0.9807852804032301 0
    outer loop
      vertex 9.414110472164033 -20.94548132206251 0
      vertex 9.208841907552083 -20.986311778198097 0
      vertex 9.208841907552083 -20.986311778198097 2.2
    endloop
  endfacet
  facet normal -0.321439465303166 0.9469301294951042 0
    outer loop
      vertex 9.612293491784143 -20.878207252018058 0
      vertex 9.414110472164033 -20.94548132206251 0
      vertex 9.414110472164033 -20.94548132206251 2.2
    endloop
  endfacet
  facet normal -0.4422886902190024 0.8968727415326878 0
    outer loop
      vertex 9.8 -20.7856406460551 0
      vertex 9.612293491784143 -20.878207252018058 0
      vertex 9.612293491784143 -20.878207252018058 2.2
    endloop
  endfacet
  facet normal -0.5555702330196082 0.8314696123025412 0
    outer loop
      vertex 9.974018286413953 -20.669365344465973 0
      vertex 9.8 -20.7856406460551 0
      vertex 9.8 -20.7856406460551 2.2
    endloop
  endfacet
  facet normal -0.6593458151000616 0.7518398074789837 0
    outer loop
      vertex 9.974018286413953 -20.669365344465973 0
      vertex 9.974018286413953 -20.669365344465973 2.2
      vertex 10.131370849898476 -20.531370849898476 0
    endloop
  endfacet
  facet normal -0.7518398074789827 0.6593458151000627 0
    outer loop
      vertex 10.131370849898476 -20.531370849898476 0
      vertex 10.131370849898476 -20.531370849898476 2.2
      vertex 10.269365344465976 -20.37401828641395 0
    endloop
  endfacet
  facet normal -0.8314696123025426 0.5555702330196062 0
    outer loop
      vertex 10.385640646055101 -20.2 0
      vertex 10.269365344465976 -20.37401828641395 0
      vertex 10.269365344465976 -20.37401828641395 2.2
    endloop
  endfacet
  facet normal -0.8968727415326878 0.4422886902190024 0
    outer loop
      vertex 10.47820725201806 -20.012293491784142 0
      vertex 10.385640646055101 -20.2 0
      vertex 10.385640646055101 -20.2 2.2
    endloop
  endfacet
  facet normal -0.9469301294951068 0.32143946530315837 0
    outer loop
      vertex 10.545481322062509 -19.81411047216403 0
      vertex 10.47820725201806 -20.012293491784142 0
      vertex 10.47820725201806 -20.012293491784142 2.2
    endloop
  endfacet
  facet normal -0.9807852804032304 0.19509032201612822 0
    outer loop
      vertex 10.586311778198096 -19.60884190755208 0
      vertex 10.545481322062509 -19.81411047216403 0
      vertex 10.545481322062509 -19.81411047216403 2.2
    endloop
  endfacet
  facet normal -0.9978589232386036 0.06540312923014291 0
    outer loop
      vertex 10.6 -19.4 0
      vertex 10.586311778198096 -19.60884190755208 0
      vertex 10.586311778198096 -19.60884190755208 2.2
    endloop
  endfacet
  facet normal -1 0 0
    outer loop
      vertex 10.6 19.4 0
      vertex 10.6 -19.4 0
      vertex 10.6 -19.4 2.2
    endloop
  endfacet
  facet normal 0.321439465303166 0.9469301294951042 0
    outer loop
      vertex 8.585889527835967 -20.94548132206251 0
      vertex 8.387706508215857 -20.878207252018058 2.2
      vertex 8.585889527835967 -20.94548132206251 2.2
    endloop
  endfacet
  facet normal 0.19509032201612986 0.9807852804032301 0
    outer loop
      vertex 8.791158092447917 -20.986311778198097 0
      vertex 8.585889527835967 -20.94548132206251 2.2
      vertex 8.791158092447917 -20.986311778198097 2.2
    endloop
  endfacet
  facet normal 0.06540312923014234 0.9978589232386036 0
    outer loop
      vertex 9 -21 0
      vertex 8.791158092447917 -20.986311778198097 2.2
      vertex 9 -21 2.2
    endloop
  endfacet
  facet normal 0.9807852804032312 0.1950903220161241 0
    outer loop
      vertex 7.45451867793749 -19.81411047216403 0
      vertex 7.413688221801904 -19.60884190755208 2.2
      vertex 7.45451867793749 -19.81411047216403 2.2
    endloop
  endfacet
  facet normal 0.9978589232386036 0.06540312923014291 0
    outer loop
      vertex 7.413688221801904 -19.60884190755208 0
      vertex 7.4 -19.4 2.2
      vertex 7.413688221801904 -19.60884190755208 2.2
    endloop
  endfacet
  facet normal 0.8968727415326878 0.4422886902190024 0
    outer loop
      vertex 7.614359353944899 -20.2 0
      vertex 7.521792747981941 -20.012293491784142 2.2
      vertex 7.614359353944899 -20.2 2.2
    endloop
  endfacet
  facet normal 0.8314696123025426 0.5555702330196062 0
    outer loop
      vertex 7.730634655534024 -20.37401828641395 0
      vertex 7.614359353944899 -20.2 2.2
      vertex 7.730634655534024 -20.37401828641395 2.2
    endloop
  endfacet
  facet normal 0.6593458151000594 0.7518398074789855 0
    outer loop
      vertex 8.025981713586047 -20.669365344465973 0
      vertex 7.8686291501015235 -20.531370849898476 2.2
      vertex 8.025981713586047 -20.669365344465973 2.2
    endloop
  endfacet
  facet normal 0.5555702330196082 0.8314696123025412 0
    outer loop
      vertex 8.2 -20.7856406460551 0
      vertex 8.025981713586047 -20.669365344465973 2.2
      vertex 8.2 -20.7856406460551 2.2
    endloop
  endfacet
  facet normal 0.7518398074789848 0.6593458151000604 0
    outer loop
      vertex 7.8686291501015235 -20.531370849898476 0
      vertex 7.730634655534024 -20.37401828641395 2.2
      vertex 7.8686291501015235 -20.531370849898476 2.2
    endloop
  endfacet
  facet normal 0.9469301294951054 0.3214394653031622 0
    outer loop
      vertex 7.521792747981941 -20.012293491784142 0
      vertex 7.45451867793749 -19.81411047216403 2.2
      vertex 7.521792747981941 -20.012293491784142 2.2
    endloop
  endfacet
  facet normal 0.4422886902190024 0.8968727415326878 0
    outer loop
      vertex 8.387706508215857 -20.878207252018058 0
      vertex 8.2 -20.7856406460551 2.2
      vertex 8.387706508215857 -20.878207252018058 2.2
    endloop
  endfacet
  facet normal -0.06540312923014234 0.9978589232386036 0
    outer loop
      vertex 9.208841907552083 -20.986311778198097 0
      vertex 9 -21 2.2
      vertex 9.208841907552083 -20.986311778198097 2.2
    endloop
  endfacet
  facet normal -0.19509032201612986 0.9807852804032301 0
    outer loop
      vertex 9.414110472164033 -20.94548132206251 0
      vertex 9.208841907552083 -20.986311778198097 2.2
      vertex 9.414110472164033 -20.94548132206251 2.2
    endloop
  endfacet
  facet normal -0.321439465303166 0.9469301294951042 0
    outer loop
      vertex 9.612293491784143 -20.878207252018058 0
      vertex 9.414110472164033 -20.94548132206251 2.2
      vertex 9.612293491784143 -20.878207252018058 2.2
    endloop
  endfacet
  facet normal -0.4422886902190024 0.8968727415326878 0
    outer loop
      vertex 9.8 -20.7856406460551 0
      vertex 9.612293491784143 -20.878207252018058 2.2
      vertex 9.8 -20.7856406460551 2.2
    endloop
  endfacet
  facet normal -0.5555702330196082 0.8314696123025412 0
    outer loop
      vertex 9.974018286413953 -20.669365344465973 0
      vertex 9.8 -20.7856406460551 2.2
      vertex 9.974018286413953 -20.669365344465973 2.2
    endloop
  endfacet
  facet normal -0.6593458151000616 0.7518398074789837 0
    outer loop
      vertex 10.131370849898476 -20.531370849898476 2.2
      vertex 10.131370849898476 -20.531370849898476 0
      vertex 9.974018286413953 -20.669365344465973 2.2
    endloop
  endfacet
  facet normal -0.7518398074789827 0.6593458151000627 0
    outer loop
      vertex 10.269365344465976 -20.37401828641395 0
      vertex 10.131370849898476 -20.531370849898476 2.2
      vertex 10.269365344465976 -20.37401828641395 2.2
    endloop
  endfacet
  facet normal -0.8314696123025426 0.5555702330196062 0
    outer loop
      vertex 10.385640646055101 -20.2 0
      vertex 10.269365344465976 -20.37401828641395 2.2
      vertex 10.385640646055101 -20.2 2.2
    endloop
  endfacet
  facet normal -0.8968727415326878 0.4422886902190024 0
    outer loop
      vertex 10.47820725201806 -20.012293491784142 0
      vertex 10.385640646055101 -20.2 2.2
      vertex 10.47820725201806 -20.012293491784142 2.2
    endloop
  endfacet
  facet normal -0.9469301294951068 0.32143946530315837 0
    outer loop
      vertex 10.545481322062509 -19.81411047216403 0
      vertex 10.47820725201806 -20.012293491784142 2.2
      vertex 10.545481322062509 -19.81411047216403 2.2
    endloop
  endfacet
  facet normal -0.9807852804032304 0.19509032201612822 0
    outer loop
      vertex 10.586311778198096 -19.60884190755208 0
      vertex 10.545481322062509 -19.81411047216403 2.2
      vertex 10.586311778198096 -19.60884190755208 2.2
    endloop
  endfacet
  facet normal -0.9978589232386036 0.06540312923014291 0
    outer loop
      vertex 10.6 -19.4 0
      vertex 10.586311778198096 -19.60884190755208 2.2
      vertex 10.6 -19.4 2.2
    endloop
  endfacet
  facet normal 1 0 0
    outer loop
      vertex 7.4 19.4 2.2
      vertex 7.4 -19.4 2.2
      vertex 7.4 -19.4 0
    endloop
  endfacet
  facet normal 1 0 0
    outer loop
      vertex 7.4 -19.4 0
      vertex 7.4 19.4 0
      vertex 7.4 19.4 2.2
    endloop
  endfacet
  facet normal 0.9978589232386036 -0.06540312923014291 0
    outer loop
      vertex 7.4 19.4 0
      vertex 7.413688221801904 19.60884190755208 0
      vertex 7.413688221801904 19.60884190755208 2.2
    endloop
  endfacet
  facet normal 0.9807852804032312 -0.1950903220161241 0
    outer loop
      vertex 7.413688221801904 19.60884190755208 0
      vertex 7.45451867793749 19.81411047216403 0
      vertex 7.45451867793749 19.81411047216403 2.2
    endloop
  endfacet
  facet normal 0.9469301294951054 -0.3214394653031622 0
    outer loop
      vertex 7.45451867793749 19.81411047216403 0
      vertex 7.521792747981941 20.012293491784142 0
      vertex 7.521792747981941 20.012293491784142 2.2
    endloop
  endfacet
  facet normal 0.8968727415326878 -0.4422886902190024 0
    outer loop
      vertex 7.521792747981941 20.012293491784142 0
      vertex 7.614359353944899 20.2 0
      vertex 7.614359353944899 20.2 2.2
    endloop
  endfacet
  facet normal 0.8314696123025426 -0.5555702330196062 0
    outer loop
      vertex 7.614359353944899 20.2 0
      vertex 7.730634655534024 20.37401828641395 0
      vertex 7.730634655534024 20.37401828641395 2.2
    endloop
  endfacet
  facet normal 0.7518398074789848 -0.6593458151000604 0
    outer loop
      vertex 7.730634655534024 20.37401828641395 0
      vertex 7.8686291501015235 20.531370849898476 0
      vertex 7.8686291501015235 20.531370849898476 2.2
    endloop
  endfacet
  facet normal 0.6593458151000594 -0.7518398074789855 0
    outer loop
      vertex 7.8686291501015235 20.531370849898476 0
      vertex 8.025981713586047 20.669365344465973 0
      vertex 8.025981713586047 20.669365344465973 2.2
    endloop
  endfacet
  facet normal 0.5555702330196082 -0.8314696123025412 0
    outer loop
      vertex 8.025981713586047 20.669365344465973 0
      vertex 8.2 20.7856406460551 0
      vertex 8.2 20.7856406460551 2.2
    endloop
  endfacet
  facet normal 0.4422886902190024 -0.8968727415326878 0
    outer loop
      vertex 8.2 20.7856406460551 0
      vertex 8.387706508215857 20.878207252018058 0
      vertex 8.387706508215857 20.878207252018058 2.2
    endloop
  endfacet
  facet normal 0.321439465303166 -0.9469301294951042 0
    outer loop
      vertex 8.387706508215857 20.878207252018058 0
      vertex 8.585889527835967 20.94548132206251 0
      vertex 8.585889527835967 20.94548132206251 2.2
    endloop
  endfacet
  facet normal 0.19509032201612986 -0.9807852804032301 0
    outer loop
      vertex 8.585889527835967 20.94548132206251 0
      vertex 8.791158092447917 20.986311778198097 0
      vertex 8.791158092447917 20.986311778198097 2.2
    endloop
  endfacet
  facet normal 0.06540312923014234 -0.9978589232386036 0
    outer loop
      vertex 8.791158092447917 20.986311778198097 0
      vertex 9 21 0
      vertex 9 21 2.2
    endloop
  endfacet
  facet normal -0.4422886902190024 -0.8968727415326878 0
    outer loop
      vertex 9.612293491784143 20.878207252018058 0
      vertex 9.8 20.7856406460551 0
      vertex 9.8 20.7856406460551 2.2
    endloop
  endfacet
  facet normal -0.5555702330196082 -0.8314696123025412 0
    outer loop
      vertex 9.8 20.7856406460551 0
      vertex 9.974018286413953 20.669365344465973 0
      vertex 9.974018286413953 20.669365344465973 2.2
    endloop
  endfacet
  facet normal -0.7518398074789827 -0.6593458151000627 0
    outer loop
      vertex 10.131370849898476 20.531370849898476 0
      vertex 10.269365344465976 20.37401828641395 0
      vertex 10.269365344465976 20.37401828641395 2.2
    endloop
  endfacet
  facet normal -0.8314696123025426 -0.5555702330196062 0
    outer loop
      vertex 10.269365344465976 20.37401828641395 0
      vertex 10.385640646055101 20.2 0
      vertex 10.385640646055101 20.2 2.2
    endloop
  endfacet
  facet normal -0.6593458151000616 -0.7518398074789837 0
    outer loop
      vertex 9.974018286413953 20.669365344465973 0
      vertex 10.131370849898476 20.531370849898476 0
      vertex 10.131370849898476 20.531370849898476 2.2
    endloop
  endfacet
  facet normal -0.9978589232386036 -0.06540312923014291 0
    outer loop
      vertex 10.6 19.4 0
      vertex 10.6 19.4 2.2
      vertex 10.586311778198096 19.60884190755208 0
    endloop
  endfacet
  facet normal -0.9807852804032304 -0.19509032201612822 0
    outer loop
      vertex 10.545481322062509 19.81411047216403 0
      vertex 10.586311778198096 19.60884190755208 0
      vertex 10.586311778198096 19.60884190755208 2.2
    endloop
  endfacet
  facet normal -0.9469301294951068 -0.32143946530315837 0
    outer loop
      vertex 10.47820725201806 20.012293491784142 0
      vertex 10.545481322062509 19.81411047216403 0
      vertex 10.545481322062509 19.81411047216403 2.2
    endloop
  endfacet
  facet normal -0.8968727415326878 -0.4422886902190024 0
    outer loop
      vertex 10.385640646055101 20.2 0
      vertex 10.47820725201806 20.012293491784142 0
      vertex 10.47820725201806 20.012293491784142 2.2
    endloop
  endfacet
  facet normal -0.06540312923014234 -0.9978589232386036 0
    outer loop
      vertex 9 21 0
      vertex 9.208841907552083 20.986311778198097 0
      vertex 9.208841907552083 20.986311778198097 2.2
    endloop
  endfacet
  facet normal -0.19509032201612986 -0.9807852804032301 0
    outer loop
      vertex 9.208841907552083 20.986311778198097 0
      vertex 9.414110472164033 20.94548132206251 0
      vertex 9.414110472164033 20.94548132206251 2.2
    endloop
  endfacet
  facet normal -0.321439465303166 -0.9469301294951042 0
    outer loop
      vertex 9.414110472164033 20.94548132206251 0
      vertex 9.612293491784143 20.878207252018058 0
      vertex 9.612293491784143 20.878207252018058 2.2
    endloop
  endfacet
  facet normal -1 0 0
    outer loop
      vertex 10.6 -19.4 2.2
      vertex 10.6 19.4 2.2
      vertex 10.6 19.4 0
    endloop
  endfacet
  facet normal 0.9978589232386036 -0.06540312923014291 0
    outer loop
      vertex 7.4 19.4 0
      vertex 7.413688221801904 19.60884190755208 2.2
      vertex 7.4 19.4 2.2
    endloop
  endfacet
  facet normal 0.9807852804032312 -0.1950903220161241 0
    outer loop
      vertex 7.413688221801904 19.60884190755208 0
      vertex 7.45451867793749 19.81411047216403 2.2
      vertex 7.413688221801904 19.60884190755208 2.2
    endloop
  endfacet
  facet normal 0.9469301294951054 -0.3214394653031622 0
    outer loop
      vertex 7.45451867793749 19.81411047216403 0
      vertex 7.521792747981941 20.012293491784142 2.2
      vertex 7.45451867793749 19.81411047216403 2.2
    endloop
  endfacet
  facet normal 0.8968727415326878 -0.4422886902190024 0
    outer loop
      vertex 7.521792747981941 20.012293491784142 0
      vertex 7.614359353944899 20.2 2.2
      vertex 7.521792747981941 20.012293491784142 2.2
    endloop
  endfacet
  facet normal 0.8314696123025426 -0.5555702330196062 0
    outer loop
      vertex 7.614359353944899 20.2 0
      vertex 7.730634655534024 20.37401828641395 2.2
      vertex 7.614359353944899 20.2 2.2
    endloop
  endfacet
  facet normal 0.7518398074789848 -0.6593458151000604 0
    outer loop
      vertex 7.730634655534024 20.37401828641395 0
      vertex 7.8686291501015235 20.531370849898476 2.2
      vertex 7.730634655534024 20.37401828641395 2.2
    endloop
  endfacet
  facet normal 0.6593458151000594 -0.7518398074789855 0
    outer loop
      vertex 7.8686291501015235 20.531370849898476 0
      vertex 8.025981713586047 20.669365344465973 2.2
      vertex 7.8686291501015235 20.531370849898476 2.2
    endloop
  endfacet
  facet normal 0.5555702330196082 -0.8314696123025412 0
    outer loop
      vertex 8.025981713586047 20.669365344465973 0
      vertex 8.2 20.7856406460551 2.2
      vertex 8.025981713586047 20.669365344465973 2.2
    endloop
  endfacet
  facet normal 0.4422886902190024 -0.8968727415326878 0
    outer loop
      vertex 8.2 20.7856406460551 0
      vertex 8.387706508215857 20.878207252018058 2.2
      vertex 8.2 20.7856406460551 2.2
    endloop
  endfacet
  facet normal 0.321439465303166 -0.9469301294951042 0
    outer loop
      vertex 8.387706508215857 20.878207252018058 0
      vertex 8.585889527835967 20.94548132206251 2.2
      vertex 8.387706508215857 20.878207252018058 2.2
    endloop
  endfacet
  facet normal 0.19509032201612986 -0.9807852804032301 0
    outer loop
      vertex 8.585889527835967 20.94548132206251 0
      vertex 8.791158092447917 20.986311778198097 2.2
      vertex 8.585889527835967 20.94548132206251 2.2
    endloop
  endfacet
  facet normal 0.06540312923014234 -0.9978589232386036 0
    outer loop
      vertex 8.791158092447917 20.986311778198097 0
      vertex 9 21 2.2
      vertex 8.791158092447917 20.986311778198097 2.2
    endloop
  endfacet
  facet normal -0.4422886902190024 -0.8968727415326878 0
    outer loop
      vertex 9.612293491784143 20.878207252018058 0
      vertex 9.8 20.7856406460551 2.2
      vertex 9.612293491784143 20.878207252018058 2.2
    endloop
  endfacet
  facet normal -0.5555702330196082 -0.8314696123025412 0
    outer loop
      vertex 9.8 20.7856406460551 0
      vertex 9.974018286413953 20.669365344465973 2.2
      vertex 9.8 20.7856406460551 2.2
    endloop
  endfacet
  facet normal -0.6593458151000616 -0.7518398074789837 0
    outer loop
      vertex 9.974018286413953 20.669365344465973 0
      vertex 10.131370849898476 20.531370849898476 2.2
      vertex 9.974018286413953 20.669365344465973 2.2
    endloop
  endfacet
  facet normal -0.7518398074789827 -0.6593458151000627 0
    outer loop
      vertex 10.131370849898476 20.531370849898476 0
      vertex 10.269365344465976 20.37401828641395 2.2
      vertex 10.131370849898476 20.531370849898476 2.2
    endloop
  endfacet
  facet normal -0.8968727415326878 -0.4422886902190024 0
    outer loop
      vertex 10.385640646055101 20.2 0
      vertex 10.47820725201806 20.012293491784142 2.2
      vertex 10.385640646055101 20.2 2.2
    endloop
  endfacet
  facet normal -0.8314696123025426 -0.5555702330196062 0
    outer loop
      vertex 10.269365344465976 20.37401828641395 0
      vertex 10.385640646055101 20.2 2.2
      vertex 10.269365344465976 20.37401828641395 2.2
    endloop
  endfacet
  facet normal -0.9978589232386036 -0.06540312923014291 0
    outer loop
      vertex 10.586311778198096 19.60884190755208 0
      vertex 10.6 19.4 2.2
      vertex 10.586311778198096 19.60884190755208 2.2
    endloop
  endfacet
  facet normal -0.9807852804032304 -0.19509032201612822 0
    outer loop
      vertex 10.545481322062509 19.81411047216403 0
      vertex 10.586311778198096 19.60884190755208 2.2
      vertex 10.545481322062509 19.81411047216403 2.2
    endloop
  endfacet
  facet normal -0.9469301294951068 -0.32143946530315837 0
    outer loop
      vertex 10.47820725201806 20.012293491784142 0
      vertex 10.545481322062509 19.81411047216403 2.2
      vertex 10.47820725201806 20.012293491784142 2.2
    endloop
  endfacet
  facet normal -0.06540312923014234 -0.9978589232386036 0
    outer loop
      vertex 9 21 0
      vertex 9.208841907552083 20.986311778198097 2.2
      vertex 9 21 2.2
    endloop
  endfacet
  facet normal -0.19509032201612986 -0.9807852804032301 0
    outer loop
      vertex 9.208841907552083 20.986311778198097 0
      vertex 9.414110472164033 20.94548132206251 2.2
      vertex 9.208841907552083 20.986311778198097 2.2
    endloop
  endfacet
  facet normal -0.321439465303166 -0.9469301294951042 0
    outer loop
      vertex 9.414110472164033 20.94548132206251 0
      vertex 9.612293491784143 20.878207252018058 2.2
      vertex 9.414110472164033 20.94548132206251 2.2
    endloop
  endfacet
  facet normal 0.321439465303166 0.9469301294951042 0
    outer loop
      vertex 17.585889527835967 -20.94548132206251 0
      vertex 17.387706508215857 -20.878207252018058 0
      vertex 17.387706508215857 -20.878207252018058 2.2
    endloop
  endfacet
  facet normal 0.19509032201612822 0.9807852804032304 0
    outer loop
      vertex 17.79115809244792 -20.986311778198097 0
      vertex 17.585889527835967 -20.94548132206251 0
      vertex 17.585889527835967 -20.94548132206251 2.2
    endloop
  endfacet
  facet normal 0.06540312923014291 0.9978589232386036 0
    outer loop
      vertex 18 -21 0
      vertex 17.79115809244792 -20.986311778198097 0
      vertex 17.79115809244792 -20.986311778198097 2.2
    endloop
  endfacet
  facet normal 0.8314696123025386 0.5555702330196121 0
    outer loop
      vertex 16.6143593539449 -20.2 2.2
      vertex 16.730634655534026 -20.37401828641395 0
      vertex 16.6143593539449 -20.2 0
    endloop
  endfacet
  facet normal 0.6593458151000532 0.7518398074789912 0
    outer loop
      vertex 16.868629150101523 -20.531370849898476 2.2
      vertex 17.02598171358605 -20.669365344465973 0
      vertex 16.868629150101523 -20.531370849898476 0
    endloop
  endfacet
  facet normal 0.5555702330196121 0.8314696123025386 0
    outer loop
      vertex 17.02598171358605 -20.669365344465973 2.2
      vertex 17.2 -20.7856406460551 0
      vertex 17.02598171358605 -20.669365344465973 0
    endloop
  endfacet
  facet normal 0.7518398074789912 0.6593458151000532 0
    outer loop
      vertex 16.730634655534026 -20.37401828641395 2.2
      vertex 16.868629150101523 -20.531370849898476 0
      vertex 16.730634655534026 -20.37401828641395 0
    endloop
  endfacet
  facet normal 0.8968727415326878 0.4422886902190024 0
    outer loop
      vertex 16.6143593539449 -20.2 0
      vertex 16.52179274798194 -20.012293491784142 0
      vertex 16.52179274798194 -20.012293491784142 2.2
    endloop
  endfacet
  facet normal 0.9469301294951042 0.321439465303166 0
    outer loop
      vertex 16.52179274798194 -20.012293491784142 0
      vertex 16.45451867793749 -19.81411047216403 0
      vertex 16.45451867793749 -19.81411047216403 2.2
    endloop
  endfacet
  facet normal 0.9807852804032304 0.19509032201612822 0
    outer loop
      vertex 16.45451867793749 -19.81411047216403 0
      vertex 16.413688221801902 -19.60884190755208 0
      vertex 16.413688221801902 -19.60884190755208 2.2
    endloop
  endfacet
  facet normal 0.9978589232386036 0.06540312923014291 0
    outer loop
      vertex 16.413688221801902 -19.60884190755208 0
      vertex 16.4 -19.4 0
      vertex 16.4 -19.4 2.2
    endloop
  endfacet
  facet normal 0.4422886902190024 0.8968727415326878 0
    outer loop
      vertex 17.387706508215857 -20.878207252018058 0
      vertex 17.2 -20.7856406460551 0
      vertex 17.2 -20.7856406460551 2.2
    endloop
  endfacet
  facet normal -0.06540312923014291 0.9978589232386036 0
    outer loop
      vertex 18.20884190755208 -20.986311778198097 0
      vertex 18 -21 0
      vertex 18 -21 2.2
    endloop
  endfacet
  facet normal -0.19509032201612822 0.9807852804032304 0
    outer loop
      vertex 18.414110472164033 -20.94548132206251 0
      vertex 18.20884190755208 -20.986311778198097 0
      vertex 18.20884190755208 -20.986311778198097 2.2
    endloop
  endfacet
  facet normal -0.321439465303166 0.9469301294951042 0
    outer loop
      vertex 18.612293491784143 -20.878207252018058 0
      vertex 18.414110472164033 -20.94548132206251 0
      vertex 18.414110472164033 -20.94548132206251 2.2
    endloop
  endfacet
  facet normal -0.4422886902190024 0.8968727415326878 0
    outer loop
      vertex 18.8 -20.7856406460551 0
      vertex 18.612293491784143 -20.878207252018058 0
      vertex 18.612293491784143 -20.878207252018058 2.2
    endloop
  endfacet
  facet normal -0.5555702330196121 0.8314696123025386 0
    outer loop
      vertex 18.97401828641395 -20.669365344465973 0
      vertex 18.8 -20.7856406460551 0
      vertex 18.8 -20.7856406460551 2.2
    endloop
  endfacet
  facet normal -0.6593458151000532 0.7518398074789912 0
    outer loop
      vertex 19.131370849898477 -20.531370849898476 0
      vertex 18.97401828641395 -20.669365344465973 0
      vertex 18.97401828641395 -20.669365344465973 2.2
    endloop
  endfacet
  facet normal -0.7518398074789912 0.6593458151000532 0
    outer loop
      vertex 19.269365344465974 -20.37401828641395 0
      vertex 19.131370849898477 -20.531370849898476 0
      vertex 19.131370849898477 -20.531370849898476 2.2
    endloop
  endfacet
  facet normal -0.8314696123025386 0.5555702330196121 0
    outer loop
      vertex 19.3856406460551 -20.2 0
      vertex 19.269365344465974 -20.37401828641395 0
      vertex 19.269365344465974 -20.37401828641395 2.2
    endloop
  endfacet
  facet normal -0.8968727415326878 0.4422886902190024 0
    outer loop
      vertex 19.47820725201806 -20.012293491784142 0
      vertex 19.3856406460551 -20.2 0
      vertex 19.3856406460551 -20.2 2.2
    endloop
  endfacet
  facet normal -0.9469301294951042 0.321439465303166 0
    outer loop
      vertex 19.54548132206251 -19.81411047216403 0
      vertex 19.47820725201806 -20.012293491784142 0
      vertex 19.47820725201806 -20.012293491784142 2.2
    endloop
  endfacet
  facet normal -0.9807852804032304 0.19509032201612822 0
    outer loop
      vertex 19.586311778198098 -19.60884190755208 0
      vertex 19.54548132206251 -19.81411047216403 0
      vertex 19.54548132206251 -19.81411047216403 2.2
    endloop
  endfacet
  facet normal -0.9978589232386036 0.06540312923014291 0
    outer loop
      vertex 19.586311778198098 -19.60884190755208 2.2
      vertex 19.6 -19.4 0
      vertex 19.586311778198098 -19.60884190755208 0
    endloop
  endfacet
  facet normal -1 0 0
    outer loop
      vertex 19.6 -19.4 2.2
      vertex 19.6 19.4 0
      vertex 19.6 -19.4 0
    endloop
  endfacet
  facet normal 0.321439465303166 0.9469301294951042 0
    outer loop
      vertex 17.585889527835967 -20.94548132206251 0
      vertex 17.387706508215857 -20.878207252018058 2.2
      vertex 17.585889527835967 -20.94548132206251 2.2
    endloop
  endfacet
  facet normal 0.19509032201612822 0.9807852804032304 0
    outer loop
      vertex 17.79115809244792 -20.986311778198097 0
      vertex 17.585889527835967 -20.94548132206251 2.2
      vertex 17.79115809244792 -20.986311778198097 2.2
    endloop
  endfacet
  facet normal 0.8314696123025386 0.5555702330196121 0
    outer loop
      vertex 16.6143593539449 -20.2 2.2
      vertex 16.730634655534026 -20.37401828641395 2.2
      vertex 16.730634655534026 -20.37401828641395 0
    endloop
  endfacet
  facet normal 0.8968727415326878 0.4422886902190024 0
    outer loop
      vertex 16.52179274798194 -20.012293491784142 2.2
      vertex 16.6143593539449 -20.2 2.2
      vertex 16.6143593539449 -20.2 0
    endloop
  endfacet
  facet normal 0.6593458151000532 0.7518398074789912 0
    outer loop
      vertex 16.868629150101523 -20.531370849898476 2.2
      vertex 17.02598171358605 -20.669365344465973 2.2
      vertex 17.02598171358605 -20.669365344465973 0
    endloop
  endfacet
  facet normal 0.7518398074789912 0.6593458151000532 0
    outer loop
      vertex 16.730634655534026 -20.37401828641395 2.2
      vertex 16.868629150101523 -20.531370849898476 2.2
      vertex 16.868629150101523 -20.531370849898476 0
    endloop
  endfacet
  facet normal 0.9469301294951042 0.321439465303166 0
    outer loop
      vertex 16.52179274798194 -20.012293491784142 0
      vertex 16.45451867793749 -19.81411047216403 2.2
      vertex 16.52179274798194 -20.012293491784142 2.2
    endloop
  endfacet
  facet normal 0.9807852804032304 0.19509032201612822 0
    outer loop
      vertex 16.45451867793749 -19.81411047216403 0
      vertex 16.413688221801902 -19.60884190755208 2.2
      vertex 16.45451867793749 -19.81411047216403 2.2
    endloop
  endfacet
  facet normal 0.9978589232386036 0.06540312923014291 0
    outer loop
      vertex 16.413688221801902 -19.60884190755208 0
      vertex 16.4 -19.4 2.2
      vertex 16.413688221801902 -19.60884190755208 2.2
    endloop
  endfacet
  facet normal 0.5555702330196121 0.8314696123025386 0
    outer loop
      vertex 17.02598171358605 -20.669365344465973 2.2
      vertex 17.2 -20.7856406460551 2.2
      vertex 17.2 -20.7856406460551 0
    endloop
  endfacet
  facet normal 0.4422886902190024 0.8968727415326878 0
    outer loop
      vertex 17.387706508215857 -20.878207252018058 0
      vertex 17.2 -20.7856406460551 2.2
      vertex 17.387706508215857 -20.878207252018058 2.2
    endloop
  endfacet
  facet normal 0.06540312923014291 0.9978589232386036 0
    outer loop
      vertex 18 -21 0
      vertex 17.79115809244792 -20.986311778198097 2.2
      vertex 18 -21 2.2
    endloop
  endfacet
  facet normal -0.06540312923014291 0.9978589232386036 0
    outer loop
      vertex 18.20884190755208 -20.986311778198097 0
      vertex 18 -21 2.2
      vertex 18.20884190755208 -20.986311778198097 2.2
    endloop
  endfacet
  facet normal -0.19509032201612822 0.9807852804032304 0
    outer loop
      vertex 18.414110472164033 -20.94548132206251 0
      vertex 18.20884190755208 -20.986311778198097 2.2
      vertex 18.414110472164033 -20.94548132206251 2.2
    endloop
  endfacet
  facet normal -0.321439465303166 0.9469301294951042 0
    outer loop
      vertex 18.612293491784143 -20.878207252018058 0
      vertex 18.414110472164033 -20.94548132206251 2.2
      vertex 18.612293491784143 -20.878207252018058 2.2
    endloop
  endfacet
  facet normal -0.4422886902190024 0.8968727415326878 0
    outer loop
      vertex 18.8 -20.7856406460551 0
      vertex 18.612293491784143 -20.878207252018058 2.2
      vertex 18.8 -20.7856406460551 2.2
    endloop
  endfacet
  facet normal -0.5555702330196121 0.8314696123025386 0
    outer loop
      vertex 18.97401828641395 -20.669365344465973 0
      vertex 18.8 -20.7856406460551 2.2
      vertex 18.97401828641395 -20.669365344465973 2.2
    endloop
  endfacet
  facet normal -0.6593458151000532 0.7518398074789912 0
    outer loop
      vertex 19.131370849898477 -20.531370849898476 0
      vertex 18.97401828641395 -20.669365344465973 2.2
      vertex 19.131370849898477 -20.531370849898476 2.2
    endloop
  endfacet
  facet normal -0.7518398074789912 0.6593458151000532 0
    outer loop
      vertex 19.269365344465974 -20.37401828641395 0
      vertex 19.131370849898477 -20.531370849898476 2.2
      vertex 19.269365344465974 -20.37401828641395 2.2
    endloop
  endfacet
  facet normal -0.8314696123025386 0.5555702330196121 0
    outer loop
      vertex 19.3856406460551 -20.2 0
      vertex 19.269365344465974 -20.37401828641395 2.2
      vertex 19.3856406460551 -20.2 2.2
    endloop
  endfacet
  facet normal -0.8968727415326878 0.4422886902190024 0
    outer loop
      vertex 19.47820725201806 -20.012293491784142 0
      vertex 19.3856406460551 -20.2 2.2
      vertex 19.47820725201806 -20.012293491784142 2.2
    endloop
  endfacet
  facet normal -0.9469301294951042 0.321439465303166 0
    outer loop
      vertex 19.54548132206251 -19.81411047216403 0
      vertex 19.47820725201806 -20.012293491784142 2.2
      vertex 19.54548132206251 -19.81411047216403 2.2
    endloop
  endfacet
  facet normal -0.9807852804032304 0.19509032201612822 0
    outer loop
      vertex 19.54548132206251 -19.81411047216403 2.2
      vertex 19.586311778198098 -19.60884190755208 2.2
      vertex 19.586311778198098 -19.60884190755208 0
    endloop
  endfacet
  facet normal -0.9978589232386036 0.06540312923014291 0
    outer loop
      vertex 19.586311778198098 -19.60884190755208 2.2
      vertex 19.6 -19.4 2.2
      vertex 19.6 -19.4 0
    endloop
  endfacet
  facet normal 1 0 0
    outer loop
      vertex 16.4 19.4 2.2
      vertex 16.4 -19.4 2.2
      vertex 16.4 -19.4 0
    endloop
  endfacet
  facet normal 1 0 0
    outer loop
      vertex 16.4 -19.4 0
      vertex 16.4 19.4 0
      vertex 16.4 19.4 2.2
    endloop
  endfacet
  facet normal 0.9978589232386036 -0.06540312923014291 0
    outer loop
      vertex 16.4 19.4 0
      vertex 16.413688221801902 19.60884190755208 0
      vertex 16.413688221801902 19.60884190755208 2.2
    endloop
  endfacet
  facet normal 0.9807852804032304 -0.19509032201612822 0
    outer loop
      vertex 16.413688221801902 19.60884190755208 0
      vertex 16.45451867793749 19.81411047216403 0
      vertex 16.45451867793749 19.81411047216403 2.2
    endloop
  endfacet
  facet normal 0.9469301294951042 -0.321439465303166 0
    outer loop
      vertex 16.45451867793749 19.81411047216403 0
      vertex 16.52179274798194 20.012293491784142 0
      vertex 16.52179274798194 20.012293491784142 2.2
    endloop
  endfacet
  facet normal 0.8968727415326878 -0.4422886902190024 0
    outer loop
      vertex 16.52179274798194 20.012293491784142 0
      vertex 16.6143593539449 20.2 0
      vertex 16.6143593539449 20.2 2.2
    endloop
  endfacet
  facet normal 0.8314696123025386 -0.5555702330196121 0
    outer loop
      vertex 16.6143593539449 20.2 0
      vertex 16.730634655534026 20.37401828641395 0
      vertex 16.730634655534026 20.37401828641395 2.2
    endloop
  endfacet
  facet normal 0.7518398074789912 -0.6593458151000532 0
    outer loop
      vertex 16.730634655534026 20.37401828641395 0
      vertex 16.868629150101523 20.531370849898476 0
      vertex 16.868629150101523 20.531370849898476 2.2
    endloop
  endfacet
  facet normal 0.6593458151000532 -0.7518398074789912 0
    outer loop
      vertex 16.868629150101523 20.531370849898476 0
      vertex 17.02598171358605 20.669365344465973 0
      vertex 17.02598171358605 20.669365344465973 2.2
    endloop
  endfacet
  facet normal 0.5555702330196121 -0.8314696123025386 0
    outer loop
      vertex 17.02598171358605 20.669365344465973 0
      vertex 17.2 20.7856406460551 0
      vertex 17.2 20.7856406460551 2.2
    endloop
  endfacet
  facet normal 0.4422886902190024 -0.8968727415326878 0
    outer loop
      vertex 17.2 20.7856406460551 0
      vertex 17.387706508215857 20.878207252018058 0
      vertex 17.387706508215857 20.878207252018058 2.2
    endloop
  endfacet
  facet normal 0.321439465303166 -0.9469301294951042 0
    outer loop
      vertex 17.387706508215857 20.878207252018058 0
      vertex 17.585889527835967 20.94548132206251 0
      vertex 17.585889527835967 20.94548132206251 2.2
    endloop
  endfacet
  facet normal 0.19509032201612822 -0.9807852804032304 0
    outer loop
      vertex 17.585889527835967 20.94548132206251 0
      vertex 17.79115809244792 20.986311778198097 0
      vertex 17.79115809244792 20.986311778198097 2.2
    endloop
  endfacet
  facet normal -0.4422886902190024 -0.8968727415326878 0
    outer loop
      vertex 18.612293491784143 20.878207252018058 0
      vertex 18.8 20.7856406460551 0
      vertex 18.8 20.7856406460551 2.2
    endloop
  endfacet
  facet normal -0.5555702330196121 -0.8314696123025386 0
    outer loop
      vertex 18.8 20.7856406460551 0
      vertex 18.97401828641395 20.669365344465973 0
      vertex 18.97401828641395 20.669365344465973 2.2
    endloop
  endfacet
  facet normal -0.8314696123025386 -0.5555702330196121 0
    outer loop
      vertex 19.269365344465974 20.37401828641395 0
      vertex 19.3856406460551 20.2 0
      vertex 19.3856406460551 20.2 2.2
    endloop
  endfacet
  facet normal -0.7518398074789912 -0.6593458151000532 0
    outer loop
      vertex 19.131370849898477 20.531370849898476 0
      vertex 19.269365344465974 20.37401828641395 0
      vertex 19.269365344465974 20.37401828641395 2.2
    endloop
  endfacet
  facet normal -0.6593458151000532 -0.7518398074789912 0
    outer loop
      vertex 18.97401828641395 20.669365344465973 0
      vertex 19.131370849898477 20.531370849898476 0
      vertex 19.131370849898477 20.531370849898476 2.2
    endloop
  endfacet
  facet normal -0.9978589232386036 -0.06540312923014291 0
    outer loop
      vertex 19.6 19.4 0
      vertex 19.6 19.4 2.2
      vertex 19.586311778198098 19.60884190755208 0
    endloop
  endfacet
  facet normal -0.9807852804032304 -0.19509032201612822 0
    outer loop
      vertex 19.54548132206251 19.81411047216403 0
      vertex 19.586311778198098 19.60884190755208 0
      vertex 19.586311778198098 19.60884190755208 2.2
    endloop
  endfacet
  facet normal -0.9469301294951042 -0.321439465303166 0
    outer loop
      vertex 19.47820725201806 20.012293491784142 0
      vertex 19.54548132206251 19.81411047216403 0
      vertex 19.54548132206251 19.81411047216403 2.2
    endloop
  endfacet
  facet normal -0.8968727415326878 -0.4422886902190024 0
    outer loop
      vertex 19.3856406460551 20.2 0
      vertex 19.47820725201806 20.012293491784142 0
      vertex 19.47820725201806 20.012293491784142 2.2
    endloop
  endfacet
  facet normal 0.06540312923014291 -0.9978589232386036 0
    outer loop
      vertex 17.79115809244792 20.986311778198097 0
      vertex 18 21 0
      vertex 18 21 2.2
    endloop
  endfacet
  facet normal -0.06540312923014291 -0.9978589232386036 0
    outer loop
      vertex 18 21 0
      vertex 18.20884190755208 20.986311778198097 0
      vertex 18.20884190755208 20.986311778198097 2.2
    endloop
  endfacet
  facet normal -0.19509032201612822 -0.9807852804032304 0
    outer loop
      vertex 18.20884190755208 20.986311778198097 0
      vertex 18.414110472164033 20.94548132206251 0
      vertex 18.414110472164033 20.94548132206251 2.2
    endloop
  endfacet
  facet normal -0.321439465303166 -0.9469301294951042 0
    outer loop
      vertex 18.414110472164033 20.94548132206251 0
      vertex 18.612293491784143 20.878207252018058 0
      vertex 18.612293491784143 20.878207252018058 2.2
    endloop
  endfacet
  facet normal -1 0 0
    outer loop
      vertex 19.6 19.4 2.2
      vertex 19.6 19.4 0
      vertex 19.6 -19.4 2.2
    endloop
  endfacet
  facet normal 0.9978589232386036 -0.06540312923014291 0
    outer loop
      vertex 16.4 19.4 0
      vertex 16.413688221801902 19.60884190755208 2.2
      vertex 16.4 19.4 2.2
    endloop
  endfacet
  facet normal 0.9807852804032304 -0.19509032201612822 0
    outer loop
      vertex 16.413688221801902 19.60884190755208 0
      vertex 16.45451867793749 19.81411047216403 2.2
      vertex 16.413688221801902 19.60884190755208 2.2
    endloop
  endfacet
  facet normal 0.9469301294951042 -0.321439465303166 0
    outer loop
      vertex 16.45451867793749 19.81411047216403 0
      vertex 16.52179274798194 20.012293491784142 2.2
      vertex 16.45451867793749 19.81411047216403 2.2
    endloop
  endfacet
  facet normal 0.8968727415326878 -0.4422886902190024 0
    outer loop
      vertex 16.52179274798194 20.012293491784142 0
      vertex 16.6143593539449 20.2 2.2
      vertex 16.52179274798194 20.012293491784142 2.2
    endloop
  endfacet
  facet normal 0.8314696123025386 -0.5555702330196121 0
    outer loop
      vertex 16.6143593539449 20.2 0
      vertex 16.730634655534026 20.37401828641395 2.2
      vertex 16.6143593539449 20.2 2.2
    endloop
  endfacet
  facet normal 0.7518398074789912 -0.6593458151000532 0
    outer loop
      vertex 16.730634655534026 20.37401828641395 0
      vertex 16.868629150101523 20.531370849898476 2.2
      vertex 16.730634655534026 20.37401828641395 2.2
    endloop
  endfacet
  facet normal 0.6593458151000532 -0.7518398074789912 0
    outer loop
      vertex 16.868629150101523 20.531370849898476 0
      vertex 17.02598171358605 20.669365344465973 2.2
      vertex 16.868629150101523 20.531370849898476 2.2
    endloop
  endfacet
  facet normal 0.5555702330196121 -0.8314696123025386 0
    outer loop
      vertex 17.02598171358605 20.669365344465973 0
      vertex 17.2 20.7856406460551 2.2
      vertex 17.02598171358605 20.669365344465973 2.2
    endloop
  endfacet
  facet normal 0.4422886902190024 -0.8968727415326878 0
    outer loop
      vertex 17.2 20.7856406460551 0
      vertex 17.387706508215857 20.878207252018058 2.2
      vertex 17.2 20.7856406460551 2.2
    endloop
  endfacet
  facet normal 0.321439465303166 -0.9469301294951042 0
    outer loop
      vertex 17.387706508215857 20.878207252018058 0
      vertex 17.585889527835967 20.94548132206251 2.2
      vertex 17.387706508215857 20.878207252018058 2.2
    endloop
  endfacet
  facet normal 0.19509032201612822 -0.9807852804032304 0
    outer loop
      vertex 17.585889527835967 20.94548132206251 0
      vertex 17.79115809244792 20.986311778198097 2.2
      vertex 17.585889527835967 20.94548132206251 2.2
    endloop
  endfacet
  facet normal 0.06540312923014291 -0.9978589232386036 0
    outer loop
      vertex 17.79115809244792 20.986311778198097 0
      vertex 18 21 2.2
      vertex 17.79115809244792 20.986311778198097 2.2
    endloop
  endfacet
  facet normal -0.4422886902190024 -0.8968727415326878 0
    outer loop
      vertex 18.612293491784143 20.878207252018058 0
      vertex 18.8 20.7856406460551 2.2
      vertex 18.612293491784143 20.878207252018058 2.2
    endloop
  endfacet
  facet normal -0.5555702330196121 -0.8314696123025386 0
    outer loop
      vertex 18.8 20.7856406460551 0
      vertex 18.97401828641395 20.669365344465973 2.2
      vertex 18.8 20.7856406460551 2.2
    endloop
  endfacet
  facet normal -0.7518398074789912 -0.6593458151000532 0
    outer loop
      vertex 19.131370849898477 20.531370849898476 0
      vertex 19.269365344465974 20.37401828641395 2.2
      vertex 19.131370849898477 20.531370849898476 2.2
    endloop
  endfacet
  facet normal -0.8314696123025386 -0.5555702330196121 0
    outer loop
      vertex 19.269365344465974 20.37401828641395 0
      vertex 19.3856406460551 20.2 2.2
      vertex 19.269365344465974 20.37401828641395 2.2
    endloop
  endfacet
  facet normal -0.6593458151000532 -0.7518398074789912 0
    outer loop
      vertex 18.97401828641395 20.669365344465973 0
      vertex 19.131370849898477 20.531370849898476 2.2
      vertex 18.97401828641395 20.669365344465973 2.2
    endloop
  endfacet
  facet normal -0.9978589232386036 -0.06540312923014291 0
    outer loop
      vertex 19.586311778198098 19.60884190755208 0
      vertex 19.6 19.4 2.2
      vertex 19.586311778198098 19.60884190755208 2.2
    endloop
  endfacet
  facet normal -0.9469301294951042 -0.321439465303166 0
    outer loop
      vertex 19.47820725201806 20.012293491784142 0
      vertex 19.54548132206251 19.81411047216403 2.2
      vertex 19.47820725201806 20.012293491784142 2.2
    endloop
  endfacet
  facet normal -0.9807852804032304 -0.19509032201612822 0
    outer loop
      vertex 19.586311778198098 19.60884190755208 2.2
      vertex 19.54548132206251 19.81411047216403 2.2
      vertex 19.54548132206251 19.81411047216403 0
    endloop
  endfacet
  facet normal -0.8968727415326878 -0.4422886902190024 0
    outer loop
      vertex 19.3856406460551 20.2 0
      vertex 19.47820725201806 20.012293491784142 2.2
      vertex 19.3856406460551 20.2 2.2
    endloop
  endfacet
  facet normal -0.06540312923014291 -0.9978589232386036 0
    outer loop
      vertex 18 21 0
      vertex 18.20884190755208 20.986311778198097 2.2
      vertex 18 21 2.2
    endloop
  endfacet
  facet normal -0.19509032201612822 -0.9807852804032304 0
    outer loop
      vertex 18.20884190755208 20.986311778198097 0
      vertex 18.414110472164033 20.94548132206251 2.2
      vertex 18.20884190755208 20.986311778198097 2.2
    endloop
  endfacet
  facet normal -0.321439465303166 -0.9469301294951042 0
    outer loop
      vertex 18.414110472164033 20.94548132206251 0
      vertex 18.612293491784143 20.878207252018058 2.2
      vertex 18.414110472164033 20.94548132206251 2.2
    endloop
  endfacet
  facet normal 0.321439465303166 0.9469301294951042 0
    outer loop
      vertex 26.585889527835967 -20.94548132206251 0
      vertex 26.387706508215857 -20.878207252018058 0
      vertex 26.387706508215857 -20.878207252018058 2.2
    endloop
  endfacet
  facet normal 0.19509032201612822 0.9807852804032304 0
    outer loop
      vertex 26.79115809244792 -20.986311778198097 0
      vertex 26.585889527835967 -20.94548132206251 0
      vertex 26.585889527835967 -20.94548132206251 2.2
    endloop
  endfacet
  facet normal 0.8314696123025386 0.5555702330196121 0
    outer loop
      vertex 25.730634655534026 -20.37401828641395 0
      vertex 25.6143593539449 -20.2 0
      vertex 25.6143593539449 -20.2 2.2
    endloop
  endfacet
  facet normal 0.6593458151000532 0.7518398074789912 0
    outer loop
      vertex 26.02598171358605 -20.669365344465973 0
      vertex 25.868629150101523 -20.531370849898476 0
      vertex 25.868629150101523 -20.531370849898476 2.2
    endloop
  endfacet
  facet normal 0.7518398074789912 0.6593458151000532 0
    outer loop
      vertex 25.868629150101523 -20.531370849898476 0
      vertex 25.730634655534026 -20.37401828641395 0
      vertex 25.730634655534026 -20.37401828641395 2.2
    endloop
  endfacet
  facet normal 0.9469301294951042 0.321439465303166 0
    outer loop
      vertex 25.52179274798194 -20.012293491784142 0
      vertex 25.45451867793749 -19.81411047216403 0
      vertex 25.45451867793749 -19.81411047216403 2.2
    endloop
  endfacet
  facet normal 0.8968727415326878 0.4422886902190024 0
    outer loop
      vertex 25.6143593539449 -20.2 0
      vertex 25.52179274798194 -20.012293491784142 0
      vertex 25.52179274798194 -20.012293491784142 2.2
    endloop
  endfacet
  facet normal 0.9807852804032304 0.19509032201612822 0
    outer loop
      vertex 25.45451867793749 -19.81411047216403 0
      vertex 25.413688221801902 -19.60884190755208 0
      vertex 25.413688221801902 -19.60884190755208 2.2
    endloop
  endfacet
  facet normal 0.9978589232386036 0.06540312923014291 0
    outer loop
      vertex 25.413688221801902 -19.60884190755208 0
      vertex 25.4 -19.4 0
      vertex 25.4 -19.4 2.2
    endloop
  endfacet
  facet normal 0.5555702330196121 0.8314696123025386 0
    outer loop
      vertex 26.2 -20.7856406460551 0
      vertex 26.02598171358605 -20.669365344465973 0
      vertex 26.02598171358605 -20.669365344465973 2.2
    endloop
  endfacet
  facet normal 0.4422886902190024 0.8968727415326878 0
    outer loop
      vertex 26.387706508215857 -20.878207252018058 0
      vertex 26.2 -20.7856406460551 0
      vertex 26.2 -20.7856406460551 2.2
    endloop
  endfacet
  facet normal 0.06540312923014291 0.9978589232386036 0
    outer loop
      vertex 27 -21 0
      vertex 26.79115809244792 -20.986311778198097 0
      vertex 26.79115809244792 -20.986311778198097 2.2
    endloop
  endfacet
  facet normal -0.06540312923014291 0.9978589232386036 0
    outer loop
      vertex 27.20884190755208 -20.986311778198097 0
      vertex 27 -21 0
      vertex 27 -21 2.2
    endloop
  endfacet
  facet normal -0.19509032201612822 0.9807852804032304 0
    outer loop
      vertex 27.414110472164033 -20.94548132206251 0
      vertex 27.20884190755208 -20.986311778198097 0
      vertex 27.20884190755208 -20.986311778198097 2.2
    endloop
  endfacet
  facet normal -0.321439465303166 0.9469301294951042 0
    outer loop
      vertex 27.612293491784143 -20.878207252018058 0
      vertex 27.414110472164033 -20.94548132206251 0
      vertex 27.414110472164033 -20.94548132206251 2.2
    endloop
  endfacet
  facet normal -0.4422886902190024 0.8968727415326878 0
    outer loop
      vertex 27.8 -20.7856406460551 0
      vertex 27.612293491784143 -20.878207252018058 0
      vertex 27.612293491784143 -20.878207252018058 2.2
    endloop
  endfacet
  facet normal -0.5555702330196121 0.8314696123025386 0
    outer loop
      vertex 27.97401828641395 -20.669365344465973 0
      vertex 27.8 -20.7856406460551 0
      vertex 27.8 -20.7856406460551 2.2
    endloop
  endfacet
  facet normal -0.6593458151000532 0.7518398074789912 0
    outer loop
      vertex 28.131370849898477 -20.531370849898476 0
      vertex 27.97401828641395 -20.669365344465973 0
      vertex 27.97401828641395 -20.669365344465973 2.2
    endloop
  endfacet
  facet normal -0.7518398074789912 0.6593458151000532 0
    outer loop
      vertex 28.269365344465974 -20.37401828641395 0
      vertex 28.131370849898477 -20.531370849898476 0
      vertex 28.131370849898477 -20.531370849898476 2.2
    endloop
  endfacet
  facet normal -0.8314696123025386 0.5555702330196121 0
    outer loop
      vertex 28.3856406460551 -20.2 0
      vertex 28.269365344465974 -20.37401828641395 0
      vertex 28.269365344465974 -20.37401828641395 2.2
    endloop
  endfacet
  facet normal -0.8968727415326878 0.4422886902190024 0
    outer loop
      vertex 28.47820725201806 -20.012293491784142 0
      vertex 28.3856406460551 -20.2 0
      vertex 28.3856406460551 -20.2 2.2
    endloop
  endfacet
  facet normal -0.9469301294951042 0.321439465303166 0
    outer loop
      vertex 28.54548132206251 -19.81411047216403 0
      vertex 28.47820725201806 -20.012293491784142 0
      vertex 28.47820725201806 -20.012293491784142 2.2
    endloop
  endfacet
  facet normal -0.9807852804032304 0.19509032201612822 0
    outer loop
      vertex 28.586311778198098 -19.60884190755208 0
      vertex 28.54548132206251 -19.81411047216403 0
      vertex 28.54548132206251 -19.81411047216403 2.2
    endloop
  endfacet
  facet normal -0.9978589232386036 0.06540312923014291 0
    outer loop
      vertex 28.6 -19.4 0
      vertex 28.586311778198098 -19.60884190755208 0
      vertex 28.586311778198098 -19.60884190755208 2.2
    endloop
  endfacet
  facet normal -1 0 0
    outer loop
      vertex 28.6 -19.4 0
      vertex 28.6 -19.4 2.2
      vertex 28.6 19.4 0
    endloop
  endfacet
  facet normal 0.321439465303166 0.9469301294951042 0
    outer loop
      vertex 26.585889527835967 -20.94548132206251 0
      vertex 26.387706508215857 -20.878207252018058 2.2
      vertex 26.585889527835967 -20.94548132206251 2.2
    endloop
  endfacet
  facet normal 0.19509032201612822 0.9807852804032304 0
    outer loop
      vertex 26.79115809244792 -20.986311778198097 0
      vertex 26.585889527835967 -20.94548132206251 2.2
      vertex 26.79115809244792 -20.986311778198097 2.2
    endloop
  endfacet
  facet normal 0.8314696123025386 0.5555702330196121 0
    outer loop
      vertex 25.730634655534026 -20.37401828641395 0
      vertex 25.6143593539449 -20.2 2.2
      vertex 25.730634655534026 -20.37401828641395 2.2
    endloop
  endfacet
  facet normal 0.8968727415326878 0.4422886902190024 0
    outer loop
      vertex 25.6143593539449 -20.2 0
      vertex 25.52179274798194 -20.012293491784142 2.2
      vertex 25.6143593539449 -20.2 2.2
    endloop
  endfacet
  facet normal 0.6593458151000532 0.7518398074789912 0
    outer loop
      vertex 26.02598171358605 -20.669365344465973 0
      vertex 25.868629150101523 -20.531370849898476 2.2
      vertex 26.02598171358605 -20.669365344465973 2.2
    endloop
  endfacet
  facet normal 0.7518398074789912 0.6593458151000532 0
    outer loop
      vertex 25.868629150101523 -20.531370849898476 0
      vertex 25.730634655534026 -20.37401828641395 2.2
      vertex 25.868629150101523 -20.531370849898476 2.2
    endloop
  endfacet
  facet normal 0.9469301294951042 0.321439465303166 0
    outer loop
      vertex 25.52179274798194 -20.012293491784142 0
      vertex 25.45451867793749 -19.81411047216403 2.2
      vertex 25.52179274798194 -20.012293491784142 2.2
    endloop
  endfacet
  facet normal 0.9807852804032304 0.19509032201612822 0
    outer loop
      vertex 25.45451867793749 -19.81411047216403 0
      vertex 25.413688221801902 -19.60884190755208 2.2
      vertex 25.45451867793749 -19.81411047216403 2.2
    endloop
  endfacet
  facet normal 0.9978589232386036 0.06540312923014291 0
    outer loop
      vertex 25.413688221801902 -19.60884190755208 0
      vertex 25.4 -19.4 2.2
      vertex 25.413688221801902 -19.60884190755208 2.2
    endloop
  endfacet
  facet normal 0.5555702330196121 0.8314696123025386 0
    outer loop
      vertex 26.2 -20.7856406460551 0
      vertex 26.02598171358605 -20.669365344465973 2.2
      vertex 26.2 -20.7856406460551 2.2
    endloop
  endfacet
  facet normal 0.4422886902190024 0.8968727415326878 0
    outer loop
      vertex 26.387706508215857 -20.878207252018058 0
      vertex 26.2 -20.7856406460551 2.2
      vertex 26.387706508215857 -20.878207252018058 2.2
    endloop
  endfacet
  facet normal 0.06540312923014291 0.9978589232386036 0
    outer loop
      vertex 27 -21 0
      vertex 26.79115809244792 -20.986311778198097 2.2
      vertex 27 -21 2.2
    endloop
  endfacet
  facet normal -0.06540312923014291 0.9978589232386036 0
    outer loop
      vertex 27.20884190755208 -20.986311778198097 0
      vertex 27 -21 2.2
      vertex 27.20884190755208 -20.986311778198097 2.2
    endloop
  endfacet
  facet normal -0.19509032201612822 0.9807852804032304 0
    outer loop
      vertex 27.414110472164033 -20.94548132206251 0
      vertex 27.20884190755208 -20.986311778198097 2.2
      vertex 27.414110472164033 -20.94548132206251 2.2
    endloop
  endfacet
  facet normal -0.321439465303166 0.9469301294951042 0
    outer loop
      vertex 27.612293491784143 -20.878207252018058 0
      vertex 27.414110472164033 -20.94548132206251 2.2
      vertex 27.612293491784143 -20.878207252018058 2.2
    endloop
  endfacet
  facet normal -0.4422886902190024 0.8968727415326878 0
    outer loop
      vertex 27.8 -20.7856406460551 0
      vertex 27.612293491784143 -20.878207252018058 2.2
      vertex 27.8 -20.7856406460551 2.2
    endloop
  endfacet
  facet normal -0.5555702330196121 0.8314696123025386 0
    outer loop
      vertex 27.97401828641395 -20.669365344465973 0
      vertex 27.8 -20.7856406460551 2.2
      vertex 27.97401828641395 -20.669365344465973 2.2
    endloop
  endfacet
  facet normal -0.6593458151000532 0.7518398074789912 0
    outer loop
      vertex 28.131370849898477 -20.531370849898476 0
      vertex 27.97401828641395 -20.669365344465973 2.2
      vertex 28.131370849898477 -20.531370849898476 2.2
    endloop
  endfacet
  facet normal -0.7518398074789912 0.6593458151000532 0
    outer loop
      vertex 28.269365344465974 -20.37401828641395 0
      vertex 28.131370849898477 -20.531370849898476 2.2
      vertex 28.269365344465974 -20.37401828641395 2.2
    endloop
  endfacet
  facet normal -0.8314696123025386 0.5555702330196121 0
    outer loop
      vertex 28.3856406460551 -20.2 0
      vertex 28.269365344465974 -20.37401828641395 2.2
      vertex 28.3856406460551 -20.2 2.2
    endloop
  endfacet
  facet normal -0.8968727415326878 0.4422886902190024 0
    outer loop
      vertex 28.47820725201806 -20.012293491784142 0
      vertex 28.3856406460551 -20.2 2.2
      vertex 28.47820725201806 -20.012293491784142 2.2
    endloop
  endfacet
  facet normal -0.9469301294951042 0.321439465303166 0
    outer loop
      vertex 28.54548132206251 -19.81411047216403 0
      vertex 28.47820725201806 -20.012293491784142 2.2
      vertex 28.54548132206251 -19.81411047216403 2.2
    endloop
  endfacet
  facet normal -0.9807852804032304 0.19509032201612822 0
    outer loop
      vertex 28.586311778198098 -19.60884190755208 0
      vertex 28.54548132206251 -19.81411047216403 2.2
      vertex 28.586311778198098 -19.60884190755208 2.2
    endloop
  endfacet
  facet normal -0.9978589232386036 0.06540312923014291 0
    outer loop
      vertex 28.6 -19.4 0
      vertex 28.586311778198098 -19.60884190755208 2.2
      vertex 28.6 -19.4 2.2
    endloop
  endfacet
  facet normal 1 0 0
    outer loop
      vertex 25.4 -19.4 2.2
      vertex 25.4 -19.4 0
      vertex 25.4 19.4 2.2
    endloop
  endfacet
  facet normal 1 0 0
    outer loop
      vertex 25.4 -19.4 0
      vertex 25.4 19.4 0
      vertex 25.4 19.4 2.2
    endloop
  endfacet
  facet normal 0.9978589232386036 -0.06540312923014291 0
    outer loop
      vertex 25.4 19.4 0
      vertex 25.413688221801902 19.60884190755208 0
      vertex 25.413688221801902 19.60884190755208 2.2
    endloop
  endfacet
  facet normal 0.9807852804032304 -0.19509032201612822 0
    outer loop
      vertex 25.413688221801902 19.60884190755208 0
      vertex 25.45451867793749 19.81411047216403 0
      vertex 25.45451867793749 19.81411047216403 2.2
    endloop
  endfacet
  facet normal 0.9469301294951042 -0.321439465303166 0
    outer loop
      vertex 25.45451867793749 19.81411047216403 0
      vertex 25.52179274798194 20.012293491784142 0
      vertex 25.52179274798194 20.012293491784142 2.2
    endloop
  endfacet
  facet normal 0.8968727415326878 -0.4422886902190024 0
    outer loop
      vertex 25.52179274798194 20.012293491784142 0
      vertex 25.6143593539449 20.2 0
      vertex 25.6143593539449 20.2 2.2
    endloop
  endfacet
  facet normal 0.8314696123025386 -0.5555702330196121 0
    outer loop
      vertex 25.6143593539449 20.2 0
      vertex 25.730634655534026 20.37401828641395 0
      vertex 25.730634655534026 20.37401828641395 2.2
    endloop
  endfacet
  facet normal 0.7518398074789912 -0.6593458151000532 0
    outer loop
      vertex 25.730634655534026 20.37401828641395 0
      vertex 25.868629150101523 20.531370849898476 0
      vertex 25.868629150101523 20.531370849898476 2.2
    endloop
  endfacet
  facet normal 0.6593458151000532 -0.7518398074789912 0
    outer loop
      vertex 25.868629150101523 20.531370849898476 0
      vertex 26.02598171358605 20.669365344465973 0
      vertex 26.02598171358605 20.669365344465973 2.2
    endloop
  endfacet
  facet normal 0.5555702330196121 -0.8314696123025386 0
    outer loop
      vertex 26.02598171358605 20.669365344465973 0
      vertex 26.2 20.7856406460551 0
      vertex 26.2 20.7856406460551 2.2
    endloop
  endfacet
  facet normal 0.4422886902190024 -0.8968727415326878 0
    outer loop
      vertex 26.2 20.7856406460551 0
      vertex 26.387706508215857 20.878207252018058 0
      vertex 26.387706508215857 20.878207252018058 2.2
    endloop
  endfacet
  facet normal 0.321439465303166 -0.9469301294951042 0
    outer loop
      vertex 26.387706508215857 20.878207252018058 0
      vertex 26.585889527835967 20.94548132206251 0
      vertex 26.585889527835967 20.94548132206251 2.2
    endloop
  endfacet
  facet normal 0.19509032201612822 -0.9807852804032304 0
    outer loop
      vertex 26.585889527835967 20.94548132206251 0
      vertex 26.79115809244792 20.986311778198097 0
      vertex 26.79115809244792 20.986311778198097 2.2
    endloop
  endfacet
  facet normal -0.4422886902190024 -0.8968727415326878 0
    outer loop
      vertex 27.612293491784143 20.878207252018058 0
      vertex 27.8 20.7856406460551 0
      vertex 27.8 20.7856406460551 2.2
    endloop
  endfacet
  facet normal -0.5555702330196121 -0.8314696123025386 0
    outer loop
      vertex 27.8 20.7856406460551 0
      vertex 27.97401828641395 20.669365344465973 0
      vertex 27.97401828641395 20.669365344465973 2.2
    endloop
  endfacet
  facet normal -0.7518398074789912 -0.6593458151000532 0
    outer loop
      vertex 28.131370849898477 20.531370849898476 0
      vertex 28.269365344465974 20.37401828641395 0
      vertex 28.269365344465974 20.37401828641395 2.2
    endloop
  endfacet
  facet normal -0.6593458151000532 -0.7518398074789912 0
    outer loop
      vertex 27.97401828641395 20.669365344465973 0
      vertex 28.131370849898477 20.531370849898476 0
      vertex 28.131370849898477 20.531370849898476 2.2
    endloop
  endfacet
  facet normal -0.9978589232386036 -0.06540312923014291 0
    outer loop
      vertex 28.6 19.4 0
      vertex 28.6 19.4 2.2
      vertex 28.586311778198098 19.60884190755208 0
    endloop
  endfacet
  facet normal -0.9807852804032304 -0.19509032201612822 0
    outer loop
      vertex 28.54548132206251 19.81411047216403 0
      vertex 28.586311778198098 19.60884190755208 0
      vertex 28.586311778198098 19.60884190755208 2.2
    endloop
  endfacet
  facet normal -0.8968727415326878 -0.4422886902190024 0
    outer loop
      vertex 28.3856406460551 20.2 0
      vertex 28.47820725201806 20.012293491784142 0
      vertex 28.47820725201806 20.012293491784142 2.2
    endloop
  endfacet
  facet normal -0.9469301294951042 -0.321439465303166 0
    outer loop
      vertex 28.47820725201806 20.012293491784142 0
      vertex 28.54548132206251 19.81411047216403 0
      vertex 28.54548132206251 19.81411047216403 2.2
    endloop
  endfacet
  facet normal -0.8314696123025386 -0.5555702330196121 0
    outer loop
      vertex 28.269365344465974 20.37401828641395 0
      vertex 28.3856406460551 20.2 0
      vertex 28.3856406460551 20.2 2.2
    endloop
  endfacet
  facet normal 0.06540312923014291 -0.9978589232386036 0
    outer loop
      vertex 26.79115809244792 20.986311778198097 0
      vertex 27 21 0
      vertex 27 21 2.2
    endloop
  endfacet
  facet normal -0.06540312923014291 -0.9978589232386036 0
    outer loop
      vertex 27 21 0
      vertex 27.20884190755208 20.986311778198097 0
      vertex 27.20884190755208 20.986311778198097 2.2
    endloop
  endfacet
  facet normal -0.19509032201612822 -0.9807852804032304 0
    outer loop
      vertex 27.20884190755208 20.986311778198097 0
      vertex 27.414110472164033 20.94548132206251 0
      vertex 27.414110472164033 20.94548132206251 2.2
    endloop
  endfacet
  facet normal -0.321439465303166 -0.9469301294951042 0
    outer loop
      vertex 27.414110472164033 20.94548132206251 0
      vertex 27.612293491784143 20.878207252018058 0
      vertex 27.612293491784143 20.878207252018058 2.2
    endloop
  endfacet
  facet normal -1 0 0
    outer loop
      vertex 28.6 -19.4 2.2
      vertex 28.6 19.4 2.2
      vertex 28.6 19.4 0
    endloop
  endfacet
  facet normal 0.9978589232386036 -0.06540312923014291 0
    outer loop
      vertex 25.4 19.4 0
      vertex 25.413688221801902 19.60884190755208 2.2
      vertex 25.4 19.4 2.2
    endloop
  endfacet
  facet normal 0.9807852804032304 -0.19509032201612822 0
    outer loop
      vertex 25.413688221801902 19.60884190755208 0
      vertex 25.45451867793749 19.81411047216403 2.2
      vertex 25.413688221801902 19.60884190755208 2.2
    endloop
  endfacet
  facet normal 0.9469301294951042 -0.321439465303166 0
    outer loop
      vertex 25.45451867793749 19.81411047216403 0
      vertex 25.52179274798194 20.012293491784142 2.2
      vertex 25.45451867793749 19.81411047216403 2.2
    endloop
  endfacet
  facet normal 0.8968727415326878 -0.4422886902190024 0
    outer loop
      vertex 25.52179274798194 20.012293491784142 0
      vertex 25.6143593539449 20.2 2.2
      vertex 25.52179274798194 20.012293491784142 2.2
    endloop
  endfacet
  facet normal 0.8314696123025386 -0.5555702330196121 0
    outer loop
      vertex 25.6143593539449 20.2 0
      vertex 25.730634655534026 20.37401828641395 2.2
      vertex 25.6143593539449 20.2 2.2
    endloop
  endfacet
  facet normal 0.7518398074789912 -0.6593458151000532 0
    outer loop
      vertex 25.730634655534026 20.37401828641395 0
      vertex 25.868629150101523 20.531370849898476 2.2
      vertex 25.730634655534026 20.37401828641395 2.2
    endloop
  endfacet
  facet normal 0.6593458151000532 -0.7518398074789912 0
    outer loop
      vertex 25.868629150101523 20.531370849898476 0
      vertex 26.02598171358605 20.669365344465973 2.2
      vertex 25.868629150101523 20.531370849898476 2.2
    endloop
  endfacet
  facet normal 0.5555702330196121 -0.8314696123025386 0
    outer loop
      vertex 26.02598171358605 20.669365344465973 0
      vertex 26.2 20.7856406460551 2.2
      vertex 26.02598171358605 20.669365344465973 2.2
    endloop
  endfacet
  facet normal 0.4422886902190024 -0.8968727415326878 0
    outer loop
      vertex 26.2 20.7856406460551 0
      vertex 26.387706508215857 20.878207252018058 2.2
      vertex 26.2 20.7856406460551 2.2
    endloop
  endfacet
  facet normal 0.321439465303166 -0.9469301294951042 0
    outer loop
      vertex 26.387706508215857 20.878207252018058 0
      vertex 26.585889527835967 20.94548132206251 2.2
      vertex 26.387706508215857 20.878207252018058 2.2
    endloop
  endfacet
  facet normal 0.19509032201612822 -0.9807852804032304 0
    outer loop
      vertex 26.585889527835967 20.94548132206251 0
      vertex 26.79115809244792 20.986311778198097 2.2
      vertex 26.585889527835967 20.94548132206251 2.2
    endloop
  endfacet
  facet normal -0.4422886902190024 -0.8968727415326878 0
    outer loop
      vertex 27.612293491784143 20.878207252018058 0
      vertex 27.8 20.7856406460551 2.2
      vertex 27.612293491784143 20.878207252018058 2.2
    endloop
  endfacet
  facet normal -0.5555702330196121 -0.8314696123025386 0
    outer loop
      vertex 27.8 20.7856406460551 0
      vertex 27.97401828641395 20.669365344465973 2.2
      vertex 27.8 20.7856406460551 2.2
    endloop
  endfacet
  facet normal -0.7518398074789912 -0.6593458151000532 0
    outer loop
      vertex 28.131370849898477 20.531370849898476 0
      vertex 28.269365344465974 20.37401828641395 2.2
      vertex 28.131370849898477 20.531370849898476 2.2
    endloop
  endfacet
  facet normal -0.6593458151000532 -0.7518398074789912 0
    outer loop
      vertex 27.97401828641395 20.669365344465973 0
      vertex 28.131370849898477 20.531370849898476 2.2
      vertex 27.97401828641395 20.669365344465973 2.2
    endloop
  endfacet
  facet normal -0.9978589232386036 -0.06540312923014291 0
    outer loop
      vertex 28.586311778198098 19.60884190755208 0
      vertex 28.6 19.4 2.2
      vertex 28.586311778198098 19.60884190755208 2.2
    endloop
  endfacet
  facet normal -0.9807852804032304 -0.19509032201612822 0
    outer loop
      vertex 28.54548132206251 19.81411047216403 0
      vertex 28.586311778198098 19.60884190755208 2.2
      vertex 28.54548132206251 19.81411047216403 2.2
    endloop
  endfacet
  facet normal -0.9469301294951042 -0.321439465303166 0
    outer loop
      vertex 28.47820725201806 20.012293491784142 0
      vertex 28.54548132206251 19.81411047216403 2.2
      vertex 28.47820725201806 20.012293491784142 2.2
    endloop
  endfacet
  facet normal -0.8968727415326878 -0.4422886902190024 0
    outer loop
      vertex 28.3856406460551 20.2 0
      vertex 28.47820725201806 20.012293491784142 2.2
      vertex 28.3856406460551 20.2 2.2
    endloop
  endfacet
  facet normal -0.8314696123025386 -0.5555702330196121 0
    outer loop
      vertex 28.269365344465974 20.37401828641395 0
      vertex 28.3856406460551 20.2 2.2
      vertex 28.269365344465974 20.37401828641395 2.2
    endloop
  endfacet
  facet normal 0.06540312923014291 -0.9978589232386036 0
    outer loop
      vertex 26.79115809244792 20.986311778198097 0
      vertex 27 21 2.2
      vertex 26.79115809244792 20.986311778198097 2.2
    endloop
  endfacet
  facet normal -0.06540312923014291 -0.9978589232386036 0
    outer loop
      vertex 27 21 0
      vertex 27.20884190755208 20.986311778198097 2.2
      vertex 27 21 2.2
    endloop
  endfacet
  facet normal -0.19509032201612822 -0.9807852804032304 0
    outer loop
      vertex 27.20884190755208 20.986311778198097 0
      vertex 27.414110472164033 20.94548132206251 2.2
      vertex 27.20884190755208 20.986311778198097 2.2
    endloop
  endfacet
  facet normal -0.321439465303166 -0.9469301294951042 0
    outer loop
      vertex 27.414110472164033 20.94548132206251 0
      vertex 27.612293491784143 20.878207252018058 2.2
      vertex 27.414110472164033 20.94548132206251 2.2
    endloop
  endfacet
  facet normal 0 1 0
    outer loop
      vertex 47.42000000178814 -5 0
      vertex 32.42 -5 0
      vertex 32.42 -5 2.2
    endloop
  endfacet
  facet normal 0 1 0
    outer loop
      vertex 47.42000000178814 -5 0
      vertex 32.42 -5 2.2
      vertex 46.32000000029802 -5 2.2
    endloop
  endfacet
  facet normal 0 1 0
    outer loop
      vertex 47.42000000178814 -5 0
      vertex 46.32000000029802 -5 2.2
      vertex 47.42000000178814 -5 2.2
    endloop
  endfacet
  facet normal 0 1 0
    outer loop
      vertex 46.32000000029802 -5 2.2
      vertex 47.67 -5 4
      vertex 47.42000000178814 -5 2.2
    endloop
  endfacet
  facet normal 0 1 0
    outer loop
      vertex 47.67 -5 2.2
      vertex 47.42000000178814 -5 2.2
      vertex 47.67 -5 4
    endloop
  endfacet
  facet normal 0 1 0
    outer loop
      vertex 47.42000000178814 -5 4
      vertex 46.32000000029802 -5 2.2
      vertex 46.32000000029802 -5 4
    endloop
  endfacet
  facet normal 0 1 0
    outer loop
      vertex 46.32000000029802 -5 2.2
      vertex 47.42000000178814 -5 4
      vertex 47.67 -5 4
    endloop
  endfacet
  facet normal 1 0 0
    outer loop
      vertex 32.42 37 0
      vertex 32.42 37 2.2
      vertex 32.42 -5 0
    endloop
  endfacet
  facet normal 1 0 0
    outer loop
      vertex 32.42 -5 0
      vertex 32.42 37 2.2
      vertex 32.42 -5 2.2
    endloop
  endfacet
  facet normal 0 -1 0
    outer loop
      vertex 32.42 37 0
      vertex 47.42000000178814 37 0
      vertex 46.32000000029802 37 2.2
    endloop
  endfacet
  facet normal 0 -1 0
    outer loop
      vertex 46.32000000029802 37 2.2
      vertex 32.42 37 2.2
      vertex 32.42 37 0
    endloop
  endfacet
  facet normal 0 -1 0
    outer loop
      vertex 47.42000000178814 37 0
      vertex 47.42000000178814 37 2.2
      vertex 46.32000000029802 37 2.2
    endloop
  endfacet
  facet normal 0 -1 0
    outer loop
      vertex 46.32000000029802 37 2.2
      vertex 47.42000000178814 37 2.2
      vertex 46.32000000029802 37 4
    endloop
  endfacet
  facet normal 0 -1 0
    outer loop
      vertex 46.32000000029802 37 4
      vertex 47.42000000178814 37 2.2
      vertex 47.42000000178814 37 4
    endloop
  endfacet
endsolid OpenSCAD_Model
