solid OpenSCAD_Model
  facet normal -1 0 0
    outer loop
      vertex -99.2 -89.5 2.35
      vertex -99.2 -17.5 2.4
      vertex -99.2 -17.5 2.35
    endloop
  endfacet
  facet normal -1 -0 0
    outer loop
      vertex -99.2 -17.5 2.4
      vertex -99.2 -89.5 2.35
      vertex -99.2 -89.5 2.4
    endloop
  endfacet
  facet normal 0 -1 0
    outer loop
      vertex -101.65 -17.5 15.5
      vertex -99.25 -17.5 14.5
      vertex -99.6136 -17.5 15.5
    endloop
  endfacet
  facet normal 0 -1 0
    outer loop
      vertex -101.65 -17.5 2.35
      vertex -99.25 -17.5 14.5
      vertex -101.65 -17.5 15.5
    endloop
  endfacet
  facet normal 0 -1 -0
    outer loop
      vertex -99.25 -17.5 14.5
      vertex -101.65 -17.5 2.35
      vertex -99.25 -17.5 2.4
    endloop
  endfacet
  facet normal 0 -1 0
    outer loop
      vertex -99.2 -17.5 2.35
      vertex -99.25 -17.5 2.4
      vertex -101.65 -17.5 2.35
    endloop
  endfacet
  facet normal 0 -1 0
    outer loop
      vertex -99.25 -17.5 2.4
      vertex -99.2 -17.5 2.35
      vertex -99.2 -17.5 2.4
    endloop
  endfacet
  facet normal -0 0 1
    outer loop
      vertex -101.65 -17.5 2.35
      vertex -99.2 -89.5 2.35
      vertex -99.2 -17.5 2.35
    endloop
  endfacet
  facet normal 0 0 1
    outer loop
      vertex -99.2 -89.5 2.35
      vertex -101.65 -17.5 2.35
      vertex -101.65 -89.5 2.35
    endloop
  endfacet
  facet normal 0 1 0
    outer loop
      vertex -99.2 -89.5 2.4
      vertex -99.2 -89.5 2.35
      vertex -99.25 -89.5 2.4
    endloop
  endfacet
  facet normal 0 1 0
    outer loop
      vertex -99.25 -89.5 14.5
      vertex -101.65 -89.5 15.5
      vertex -99.6136 -89.5 15.5
    endloop
  endfacet
  facet normal 0 1 0
    outer loop
      vertex -101.65 -89.5 2.35
      vertex -99.25 -89.5 14.5
      vertex -99.25 -89.5 2.4
    endloop
  endfacet
  facet normal 0 1 0
    outer loop
      vertex -99.25 -89.5 14.5
      vertex -101.65 -89.5 2.35
      vertex -101.65 -89.5 15.5
    endloop
  endfacet
  facet normal 0 1 0
    outer loop
      vertex -101.65 -89.5 2.35
      vertex -99.25 -89.5 2.4
      vertex -99.2 -89.5 2.35
    endloop
  endfacet
  facet normal 1 -0 0
    outer loop
      vertex -4.8 -89.5 2.4
      vertex -4.8 -17.5 2.35
      vertex -4.8 -17.5 2.4
    endloop
  endfacet
  facet normal 1 0 0
    outer loop
      vertex -4.8 -17.5 2.35
      vertex -4.8 -89.5 2.4
      vertex -4.8 -89.5 2.35
    endloop
  endfacet
  facet normal 0 -1 0
    outer loop
      vertex -4.8 -17.5 2.4
      vertex -4.8 -17.5 2.35
      vertex -4.75 -17.5 2.4
    endloop
  endfacet
  facet normal 0 -1 0
    outer loop
      vertex -4.75 -17.5 14.5
      vertex -2.35001 -17.5 15.5
      vertex -4.38636 -17.5 15.5
    endloop
  endfacet
  facet normal 0 -1 0
    outer loop
      vertex -2.35001 -17.5 2.35
      vertex -4.75 -17.5 14.5
      vertex -4.75 -17.5 2.4
    endloop
  endfacet
  facet normal 0 -1 0
    outer loop
      vertex -4.75 -17.5 14.5
      vertex -2.35001 -17.5 2.35
      vertex -2.35001 -17.5 15.5
    endloop
  endfacet
  facet normal 0 -1 0
    outer loop
      vertex -2.35001 -17.5 2.35
      vertex -4.75 -17.5 2.4
      vertex -4.8 -17.5 2.35
    endloop
  endfacet
  facet normal -0 0 1
    outer loop
      vertex -4.8 -17.5 2.35
      vertex -2.35001 -89.5 2.35
      vertex -2.35001 -17.5 2.35
    endloop
  endfacet
  facet normal 0 0 1
    outer loop
      vertex -2.35001 -89.5 2.35
      vertex -4.8 -17.5 2.35
      vertex -4.8 -89.5 2.35
    endloop
  endfacet
  facet normal 0 1 0
    outer loop
      vertex -2.35001 -89.5 15.5
      vertex -4.75 -89.5 14.5
      vertex -4.38636 -89.5 15.5
    endloop
  endfacet
  facet normal 0 1 -0
    outer loop
      vertex -2.35001 -89.5 2.35
      vertex -4.75 -89.5 14.5
      vertex -2.35001 -89.5 15.5
    endloop
  endfacet
  facet normal 0 1 0
    outer loop
      vertex -4.75 -89.5 14.5
      vertex -2.35001 -89.5 2.35
      vertex -4.75 -89.5 2.4
    endloop
  endfacet
  facet normal 0 1 0
    outer loop
      vertex -4.8 -89.5 2.35
      vertex -4.75 -89.5 2.4
      vertex -2.35001 -89.5 2.35
    endloop
  endfacet
  facet normal 0 1 0
    outer loop
      vertex -4.75 -89.5 2.4
      vertex -4.8 -89.5 2.35
      vertex -4.8 -89.5 2.4
    endloop
  endfacet
  facet normal 0 -1 0
    outer loop
      vertex -97.15 -103.15 0
      vertex -6.85001 -103.15 15.5
      vertex -97.15 -103.15 15.5
    endloop
  endfacet
  facet normal 0 -1 -0
    outer loop
      vertex -6.85001 -103.15 15.5
      vertex -97.15 -103.15 0
      vertex -6.85001 -103.15 0
    endloop
  endfacet
  facet normal 0.0662507 -0.997803 0
    outer loop
      vertex -6.85001 -103.15 0
      vertex -6.26263 -103.111 15.5
      vertex -6.85001 -103.15 15.5
    endloop
  endfacet
  facet normal 0.0662507 -0.997803 0
    outer loop
      vertex -6.26263 -103.111 15.5
      vertex -6.85001 -103.15 0
      vertex -6.26263 -103.111 0
    endloop
  endfacet
  facet normal 0.193727 -0.981056 0
    outer loop
      vertex -6.26263 -103.111 0
      vertex -5.68532 -102.997 15.5
      vertex -6.26263 -103.111 15.5
    endloop
  endfacet
  facet normal 0.193727 -0.981056 0
    outer loop
      vertex -5.68532 -102.997 15.5
      vertex -6.26263 -103.111 0
      vertex -5.68532 -102.997 0
    endloop
  endfacet
  facet normal -0 0 1
    outer loop
      vertex -101.65 -98.65 15.5
      vertex -99.6136 -101.114 15.5
      vertex -99.6136 -89.5 15.5
    endloop
  endfacet
  facet normal -0 -0 1
    outer loop
      vertex -101.611 -99.2374 15.5
      vertex -99.6136 -101.114 15.5
      vertex -101.65 -98.65 15.5
    endloop
  endfacet
  facet normal 0 0 1
    outer loop
      vertex -99.6136 -101.114 15.5
      vertex -100.332 -101.832 15.5
      vertex -99.8894 -102.22 15.5
    endloop
  endfacet
  facet normal 0 0 1
    outer loop
      vertex -99.6136 -101.114 15.5
      vertex -100.72 -101.389 15.5
      vertex -100.332 -101.832 15.5
    endloop
  endfacet
  facet normal 0 0 1
    outer loop
      vertex -99.6136 -101.114 15.5
      vertex -101.047 -100.9 15.5
      vertex -100.72 -101.389 15.5
    endloop
  endfacet
  facet normal 0 0 1
    outer loop
      vertex -99.6136 -101.114 15.5
      vertex -101.307 -100.372 15.5
      vertex -101.047 -100.9 15.5
    endloop
  endfacet
  facet normal 0 0 1
    outer loop
      vertex -99.6136 -101.114 15.5
      vertex -101.497 -99.8147 15.5
      vertex -101.307 -100.372 15.5
    endloop
  endfacet
  facet normal 0 0 1
    outer loop
      vertex -101.65 -98.65 15.5
      vertex -99.6136 -89.5 15.5
      vertex -101.65 -89.5 15.5
    endloop
  endfacet
  facet normal 0 0 1
    outer loop
      vertex -99.6136 -101.114 15.5
      vertex -101.611 -99.2374 15.5
      vertex -101.497 -99.8147 15.5
    endloop
  endfacet
  facet normal -0 0 1
    outer loop
      vertex -4.38636 -89.5 15.5
      vertex -2.35001 -98.65 15.5
      vertex -2.35001 -89.5 15.5
    endloop
  endfacet
  facet normal 0 0 1
    outer loop
      vertex -4.38636 -101.114 15.5
      vertex -2.35001 -98.65 15.5
      vertex -4.38636 -89.5 15.5
    endloop
  endfacet
  facet normal 0 0 1
    outer loop
      vertex -2.35001 -98.65 15.5
      vertex -4.38636 -101.114 15.5
      vertex -2.3885 -99.2374 15.5
    endloop
  endfacet
  facet normal 0 0 1
    outer loop
      vertex -2.3885 -99.2374 15.5
      vertex -4.38636 -101.114 15.5
      vertex -2.50334 -99.8147 15.5
    endloop
  endfacet
  facet normal 0 0 1
    outer loop
      vertex -2.50334 -99.8147 15.5
      vertex -4.38636 -101.114 15.5
      vertex -2.69255 -100.372 15.5
    endloop
  endfacet
  facet normal 0 0 1
    outer loop
      vertex -2.9529 -100.9 15.5
      vertex -4.38636 -101.114 15.5
      vertex -3.27992 -101.389 15.5
    endloop
  endfacet
  facet normal 0 0 1
    outer loop
      vertex -3.27992 -101.389 15.5
      vertex -4.38636 -101.114 15.5
      vertex -3.66803 -101.832 15.5
    endloop
  endfacet
  facet normal 0 0 1
    outer loop
      vertex -2.69255 -100.372 15.5
      vertex -4.38636 -101.114 15.5
      vertex -2.9529 -100.9 15.5
    endloop
  endfacet
  facet normal 0 0 1
    outer loop
      vertex -3.66803 -101.832 15.5
      vertex -4.38636 -101.114 15.5
      vertex -4.11058 -102.22 15.5
    endloop
  endfacet
  facet normal 0 0 1
    outer loop
      vertex -4.38636 -101.114 15.5
      vertex -4.60001 -102.547 15.5
      vertex -4.11058 -102.22 15.5
    endloop
  endfacet
  facet normal 0 0 1
    outer loop
      vertex -4.38636 -101.114 15.5
      vertex -5.12793 -102.807 15.5
      vertex -4.60001 -102.547 15.5
    endloop
  endfacet
  facet normal 0 0 1
    outer loop
      vertex -4.38636 -101.114 15.5
      vertex -5.68532 -102.997 15.5
      vertex -5.12793 -102.807 15.5
    endloop
  endfacet
  facet normal 0 0 1
    outer loop
      vertex -4.38636 -101.114 15.5
      vertex -6.26263 -103.111 15.5
      vertex -5.68532 -102.997 15.5
    endloop
  endfacet
  facet normal 0 0 1
    outer loop
      vertex -4.38636 -101.114 15.5
      vertex -6.85001 -103.15 15.5
      vertex -6.26263 -103.111 15.5
    endloop
  endfacet
  facet normal 0 0 1
    outer loop
      vertex -4.38636 -101.114 15.5
      vertex -97.15 -103.15 15.5
      vertex -6.85001 -103.15 15.5
    endloop
  endfacet
  facet normal -0 0 1
    outer loop
      vertex -99.6136 -101.114 15.5
      vertex -97.15 -103.15 15.5
      vertex -4.38636 -101.114 15.5
    endloop
  endfacet
  facet normal 0 0 1
    outer loop
      vertex -97.15 -103.15 15.5
      vertex -99.6136 -101.114 15.5
      vertex -97.7374 -103.111 15.5
    endloop
  endfacet
  facet normal 0 0 1
    outer loop
      vertex -97.7374 -103.111 15.5
      vertex -99.6136 -101.114 15.5
      vertex -98.3147 -102.997 15.5
    endloop
  endfacet
  facet normal 0 0 1
    outer loop
      vertex -98.3147 -102.997 15.5
      vertex -99.6136 -101.114 15.5
      vertex -98.8721 -102.807 15.5
    endloop
  endfacet
  facet normal 0 0 1
    outer loop
      vertex -98.8721 -102.807 15.5
      vertex -99.6136 -101.114 15.5
      vertex -99.4 -102.547 15.5
    endloop
  endfacet
  facet normal 0 0 1
    outer loop
      vertex -99.4 -102.547 15.5
      vertex -99.6136 -101.114 15.5
      vertex -99.8894 -102.22 15.5
    endloop
  endfacet
  facet normal 0 0 1
    outer loop
      vertex -4.60001 -4.4529 15.5
      vertex -4.38636 -5.88636 15.5
      vertex -4.11058 -4.77992 15.5
    endloop
  endfacet
  facet normal 0 0 1
    outer loop
      vertex -5.12793 -4.19255 15.5
      vertex -4.38636 -5.88636 15.5
      vertex -4.60001 -4.4529 15.5
    endloop
  endfacet
  facet normal 0 0 1
    outer loop
      vertex -5.68532 -4.00334 15.5
      vertex -4.38636 -5.88636 15.5
      vertex -5.12793 -4.19255 15.5
    endloop
  endfacet
  facet normal 0 0 1
    outer loop
      vertex -6.26263 -3.8885 15.5
      vertex -4.38636 -5.88636 15.5
      vertex -5.68532 -4.00334 15.5
    endloop
  endfacet
  facet normal 0 0 1
    outer loop
      vertex -6.85001 -3.85001 15.5
      vertex -4.38636 -5.88636 15.5
      vertex -6.26263 -3.8885 15.5
    endloop
  endfacet
  facet normal -0 0 1
    outer loop
      vertex -97.15 -3.85001 15.5
      vertex -4.38636 -5.88636 15.5
      vertex -6.85001 -3.85001 15.5
    endloop
  endfacet
  facet normal 0 0 1
    outer loop
      vertex -99.6136 -5.88636 15.5
      vertex -97.15 -3.85001 15.5
      vertex -97.7374 -3.8885 15.5
    endloop
  endfacet
  facet normal 0 0 1
    outer loop
      vertex -99.6136 -5.88636 15.5
      vertex -97.7374 -3.8885 15.5
      vertex -98.3147 -4.00334 15.5
    endloop
  endfacet
  facet normal 0 0 1
    outer loop
      vertex -99.6136 -5.88636 15.5
      vertex -98.3147 -4.00334 15.5
      vertex -98.8721 -4.19255 15.5
    endloop
  endfacet
  facet normal 0 0 1
    outer loop
      vertex -99.6136 -5.88636 15.5
      vertex -98.8721 -4.19255 15.5
      vertex -99.4 -4.4529 15.5
    endloop
  endfacet
  facet normal 0 0 1
    outer loop
      vertex -97.15 -3.85001 15.5
      vertex -99.6136 -5.88636 15.5
      vertex -4.38636 -5.88636 15.5
    endloop
  endfacet
  facet normal -0 0 1
    outer loop
      vertex -99.8894 -4.77992 15.5
      vertex -99.6136 -5.88636 15.5
      vertex -99.4 -4.4529 15.5
    endloop
  endfacet
  facet normal -0 0 1
    outer loop
      vertex -100.332 -5.16803 15.5
      vertex -99.6136 -5.88636 15.5
      vertex -99.8894 -4.77992 15.5
    endloop
  endfacet
  facet normal -0 0 1
    outer loop
      vertex -100.72 -5.61058 15.5
      vertex -99.6136 -5.88636 15.5
      vertex -100.332 -5.16803 15.5
    endloop
  endfacet
  facet normal 0 0 1
    outer loop
      vertex -101.047 -6.10001 15.5
      vertex -99.6136 -5.88636 15.5
      vertex -100.72 -5.61058 15.5
    endloop
  endfacet
  facet normal 0 0 1
    outer loop
      vertex -101.307 -6.62793 15.5
      vertex -99.6136 -5.88636 15.5
      vertex -101.047 -6.10001 15.5
    endloop
  endfacet
  facet normal 0 0 1
    outer loop
      vertex -101.497 -7.18532 15.5
      vertex -99.6136 -5.88636 15.5
      vertex -101.307 -6.62793 15.5
    endloop
  endfacet
  facet normal 0 0 1
    outer loop
      vertex -101.611 -7.76263 15.5
      vertex -99.6136 -5.88636 15.5
      vertex -101.497 -7.18532 15.5
    endloop
  endfacet
  facet normal 0 0 1
    outer loop
      vertex -99.6136 -5.88636 15.5
      vertex -101.611 -7.76263 15.5
      vertex -101.65 -8.35001 15.5
    endloop
  endfacet
  facet normal 0 0 1
    outer loop
      vertex -99.6136 -5.88636 15.5
      vertex -101.65 -8.35001 15.5
      vertex -99.6136 -17.5 15.5
    endloop
  endfacet
  facet normal 0 0 1
    outer loop
      vertex -99.6136 -17.5 15.5
      vertex -101.65 -8.35001 15.5
      vertex -101.65 -17.5 15.5
    endloop
  endfacet
  facet normal 0 0 1
    outer loop
      vertex -4.38636 -5.88636 15.5
      vertex -2.35001 -8.35001 15.5
      vertex -2.3885 -7.76263 15.5
    endloop
  endfacet
  facet normal 0 0 1
    outer loop
      vertex -4.38636 -5.88636 15.5
      vertex -2.3885 -7.76263 15.5
      vertex -2.50334 -7.18532 15.5
    endloop
  endfacet
  facet normal 0 0 1
    outer loop
      vertex -4.38636 -5.88636 15.5
      vertex -2.50334 -7.18532 15.5
      vertex -2.69255 -6.62793 15.5
    endloop
  endfacet
  facet normal 0 0 1
    outer loop
      vertex -4.38636 -5.88636 15.5
      vertex -2.69255 -6.62793 15.5
      vertex -2.9529 -6.10001 15.5
    endloop
  endfacet
  facet normal -0 0 1
    outer loop
      vertex -4.38636 -5.88636 15.5
      vertex -2.9529 -6.10001 15.5
      vertex -3.27992 -5.61058 15.5
    endloop
  endfacet
  facet normal 0 0 1
    outer loop
      vertex -4.38636 -5.88636 15.5
      vertex -3.27992 -5.61058 15.5
      vertex -3.66803 -5.16803 15.5
    endloop
  endfacet
  facet normal 0 0 1
    outer loop
      vertex -4.38636 -5.88636 15.5
      vertex -3.66803 -5.16803 15.5
      vertex -4.11058 -4.77992 15.5
    endloop
  endfacet
  facet normal 0 0 1
    outer loop
      vertex -2.35001 -8.35001 15.5
      vertex -4.38636 -5.88636 15.5
      vertex -4.38636 -17.5 15.5
    endloop
  endfacet
  facet normal 0 0 1
    outer loop
      vertex -2.35001 -8.35001 15.5
      vertex -4.38636 -17.5 15.5
      vertex -2.35001 -17.5 15.5
    endloop
  endfacet
  facet normal -0.0653858 0.99786 0
    outer loop
      vertex -97.15 -3.85001 0
      vertex -97.7374 -3.8885 15.5
      vertex -97.15 -3.85001 15.5
    endloop
  endfacet
  facet normal -0.0653858 0.99786 0
    outer loop
      vertex -97.7374 -3.8885 15.5
      vertex -97.15 -3.85001 0
      vertex -97.7374 -3.8885 0
    endloop
  endfacet
  facet normal 0.065388 0.99786 -0
    outer loop
      vertex -6.26263 -3.8885 0
      vertex -6.85001 -3.85001 15.5
      vertex -6.26263 -3.8885 15.5
    endloop
  endfacet
  facet normal 0.065388 0.99786 0
    outer loop
      vertex -6.85001 -3.85001 15.5
      vertex -6.26263 -3.8885 0
      vertex -6.85001 -3.85001 0
    endloop
  endfacet
  facet normal -0.659308 0.751873 0
    outer loop
      vertex -99.8894 -4.77992 0
      vertex -100.332 -5.16803 15.5
      vertex -99.8894 -4.77992 15.5
    endloop
  endfacet
  facet normal -0.659308 0.751873 0
    outer loop
      vertex -100.332 -5.16803 15.5
      vertex -99.8894 -4.77992 0
      vertex -100.332 -5.16803 0
    endloop
  endfacet
  facet normal -0.752261 -0.658865 0
    outer loop
      vertex -100.332 -101.832 0
      vertex -100.72 -101.389 15.5
      vertex -100.72 -101.389 0
    endloop
  endfacet
  facet normal -0.752261 -0.658865 0
    outer loop
      vertex -100.72 -101.389 15.5
      vertex -100.332 -101.832 0
      vertex -100.332 -101.832 15.5
    endloop
  endfacet
  facet normal 0 1 -0
    outer loop
      vertex -6.85001 -3.85001 0
      vertex -97.15 -3.85001 15.5
      vertex -6.85001 -3.85001 15.5
    endloop
  endfacet
  facet normal 0 1 0
    outer loop
      vertex -97.15 -3.85001 15.5
      vertex -6.85001 -3.85001 0
      vertex -97.15 -3.85001 0
    endloop
  endfacet
  facet normal -0.442314 0.89686 0
    outer loop
      vertex -98.8721 -4.19255 0
      vertex -99.4 -4.4529 15.5
      vertex -98.8721 -4.19255 15.5
    endloop
  endfacet
  facet normal -0.442314 0.89686 0
    outer loop
      vertex -99.4 -4.4529 15.5
      vertex -98.8721 -4.19255 0
      vertex -99.4 -4.4529 0
    endloop
  endfacet
  facet normal -0.997803 -0.0662484 0
    outer loop
      vertex -101.611 -99.2374 0
      vertex -101.65 -98.65 15.5
      vertex -101.65 -98.65 0
    endloop
  endfacet
  facet normal -0.997803 -0.0662484 0
    outer loop
      vertex -101.65 -98.65 15.5
      vertex -101.611 -99.2374 0
      vertex -101.611 -99.2374 15.5
    endloop
  endfacet
  facet normal -1 0 0
    outer loop
      vertex -101.65 -8.35001 0
      vertex -101.65 -17.5 2.35
      vertex -101.65 -8.35001 15.5
    endloop
  endfacet
  facet normal -1 0 0
    outer loop
      vertex -101.65 -8.35001 0
      vertex -101.65 -89.5 2.35
      vertex -101.65 -17.5 2.35
    endloop
  endfacet
  facet normal -1 0 0
    outer loop
      vertex -101.65 -98.65 0
      vertex -101.65 -89.5 2.35
      vertex -101.65 -8.35001 0
    endloop
  endfacet
  facet normal -1 0 0
    outer loop
      vertex -101.65 -98.65 15.5
      vertex -101.65 -89.5 2.35
      vertex -101.65 -98.65 0
    endloop
  endfacet
  facet normal -1 0 0
    outer loop
      vertex -101.65 -89.5 2.35
      vertex -101.65 -98.65 15.5
      vertex -101.65 -89.5 15.5
    endloop
  endfacet
  facet normal -1 -0 0
    outer loop
      vertex -101.65 -8.35001 15.5
      vertex -101.65 -17.5 2.35
      vertex -101.65 -17.5 15.5
    endloop
  endfacet
  facet normal -0.322639 -0.946522 0
    outer loop
      vertex -98.8721 -102.807 0
      vertex -98.3147 -102.997 15.5
      vertex -98.8721 -102.807 15.5
    endloop
  endfacet
  facet normal -0.322639 -0.946522 -0
    outer loop
      vertex -98.3147 -102.997 15.5
      vertex -98.8721 -102.807 0
      vertex -98.3147 -102.997 0
    endloop
  endfacet
  facet normal 1 0 0
    outer loop
      vertex -2.35001 -89.5 15.5
      vertex -2.35001 -98.65 15.5
      vertex -2.35001 -89.5 2.35
    endloop
  endfacet
  facet normal 1 0 0
    outer loop
      vertex -2.35001 -17.5 2.35
      vertex -2.35001 -8.35001 15.5
      vertex -2.35001 -17.5 15.5
    endloop
  endfacet
  facet normal 1 0 0
    outer loop
      vertex -2.35001 -8.35001 15.5
      vertex -2.35001 -17.5 2.35
      vertex -2.35001 -8.35001 0
    endloop
  endfacet
  facet normal 1 -0 0
    outer loop
      vertex -2.35001 -89.5 2.35
      vertex -2.35001 -8.35001 0
      vertex -2.35001 -17.5 2.35
    endloop
  endfacet
  facet normal 1 0 0
    outer loop
      vertex -2.35001 -89.5 2.35
      vertex -2.35001 -98.65 0
      vertex -2.35001 -8.35001 0
    endloop
  endfacet
  facet normal 1 0 0
    outer loop
      vertex -2.35001 -98.65 0
      vertex -2.35001 -89.5 2.35
      vertex -2.35001 -98.65 15.5
    endloop
  endfacet
  facet normal 0.751836 0.65935 0
    outer loop
      vertex -3.27992 -5.61058 15.5
      vertex -3.66803 -5.16803 0
      vertex -3.66803 -5.16803 15.5
    endloop
  endfacet
  facet normal 0.751836 0.65935 0
    outer loop
      vertex -3.66803 -5.16803 0
      vertex -3.27992 -5.61058 15.5
      vertex -3.27992 -5.61058 0
    endloop
  endfacet
  facet normal 0.442301 0.896867 -0
    outer loop
      vertex -4.60001 -4.4529 0
      vertex -5.12793 -4.19255 15.5
      vertex -4.60001 -4.4529 15.5
    endloop
  endfacet
  facet normal 0.442301 0.896867 0
    outer loop
      vertex -5.12793 -4.19255 15.5
      vertex -4.60001 -4.4529 0
      vertex -5.12793 -4.19255 0
    endloop
  endfacet
  facet normal -0.997803 0.0662507 0
    outer loop
      vertex -101.65 -8.35001 0
      vertex -101.611 -7.76263 15.5
      vertex -101.611 -7.76263 0
    endloop
  endfacet
  facet normal -0.997803 0.0662507 0
    outer loop
      vertex -101.611 -7.76263 15.5
      vertex -101.65 -8.35001 0
      vertex -101.65 -8.35001 15.5
    endloop
  endfacet
  facet normal -0.659202 -0.751966 0
    outer loop
      vertex -100.332 -101.832 0
      vertex -99.8894 -102.22 15.5
      vertex -100.332 -101.832 15.5
    endloop
  endfacet
  facet normal -0.659202 -0.751966 -0
    outer loop
      vertex -99.8894 -102.22 15.5
      vertex -100.332 -101.832 0
      vertex -99.8894 -102.22 0
    endloop
  endfacet
  facet normal 0 0 -1
    outer loop
      vertex -6.85001 -103.15 0
      vertex -2.35001 -98.65 0
      vertex -2.3885 -99.2374 0
    endloop
  endfacet
  facet normal 0 0 -1
    outer loop
      vertex -2.35001 -98.65 0
      vertex -11 -91.5 0
      vertex -2.35001 -8.35001 0
    endloop
  endfacet
  facet normal 0 0 -1
    outer loop
      vertex -6.85001 -103.15 0
      vertex -2.3885 -99.2374 0
      vertex -2.50334 -99.8147 0
    endloop
  endfacet
  facet normal 0 0 -1
    outer loop
      vertex -11 -15.5 0
      vertex -2.35001 -8.35001 0
      vertex -11 -91.5 0
    endloop
  endfacet
  facet normal 0 0 -1
    outer loop
      vertex -6.85001 -103.15 0
      vertex -2.50334 -99.8147 0
      vertex -2.69255 -100.372 0
    endloop
  endfacet
  facet normal 0 0 -1
    outer loop
      vertex -11.0257 -15.1084 0
      vertex -2.35001 -8.35001 0
      vertex -11 -15.5 0
    endloop
  endfacet
  facet normal 0 0 -1
    outer loop
      vertex -6.85001 -103.15 0
      vertex -2.69255 -100.372 0
      vertex -2.9529 -100.9 0
    endloop
  endfacet
  facet normal 0 0 -1
    outer loop
      vertex -11.1022 -14.7235 0
      vertex -2.35001 -8.35001 0
      vertex -11.0257 -15.1084 0
    endloop
  endfacet
  facet normal 0 0 -1
    outer loop
      vertex -6.85001 -103.15 0
      vertex -2.9529 -100.9 0
      vertex -3.27992 -101.389 0
    endloop
  endfacet
  facet normal 0 0 -1
    outer loop
      vertex -11.2284 -14.3519 0
      vertex -2.35001 -8.35001 0
      vertex -11.1022 -14.7235 0
    endloop
  endfacet
  facet normal 0 0 -1
    outer loop
      vertex -6.85001 -103.15 0
      vertex -3.27992 -101.389 0
      vertex -3.66803 -101.832 0
    endloop
  endfacet
  facet normal 0 0 -1
    outer loop
      vertex -11.4019 -14 0
      vertex -2.35001 -8.35001 0
      vertex -11.2284 -14.3519 0
    endloop
  endfacet
  facet normal 0 0 -1
    outer loop
      vertex -6.85001 -103.15 0
      vertex -3.66803 -101.832 0
      vertex -4.11058 -102.22 0
    endloop
  endfacet
  facet normal 0 0 -1
    outer loop
      vertex -11.6199 -13.6737 0
      vertex -2.35001 -8.35001 0
      vertex -11.4019 -14 0
    endloop
  endfacet
  facet normal 0 0 -1
    outer loop
      vertex -6.85001 -103.15 0
      vertex -4.11058 -102.22 0
      vertex -4.60001 -102.547 0
    endloop
  endfacet
  facet normal 0 0 -1
    outer loop
      vertex -11.8787 -13.3787 0
      vertex -2.35001 -8.35001 0
      vertex -11.6199 -13.6737 0
    endloop
  endfacet
  facet normal 0 0 -1
    outer loop
      vertex -6.85001 -103.15 0
      vertex -4.60001 -102.547 0
      vertex -5.12793 -102.807 0
    endloop
  endfacet
  facet normal 0 -0 -1
    outer loop
      vertex -6.85001 -3.85001 0
      vertex -2.35001 -8.35001 0
      vertex -11.8787 -13.3787 0
    endloop
  endfacet
  facet normal 0 0 -1
    outer loop
      vertex -6.85001 -103.15 0
      vertex -5.12793 -102.807 0
      vertex -5.68532 -102.997 0
    endloop
  endfacet
  facet normal 0 0 -1
    outer loop
      vertex -2.35001 -8.35001 0
      vertex -6.85001 -3.85001 0
      vertex -2.3885 -7.76263 0
    endloop
  endfacet
  facet normal 0 0 -1
    outer loop
      vertex -6.85001 -103.15 0
      vertex -5.68532 -102.997 0
      vertex -6.26263 -103.111 0
    endloop
  endfacet
  facet normal 0 0 -1
    outer loop
      vertex -2.3885 -7.76263 0
      vertex -6.85001 -3.85001 0
      vertex -2.50334 -7.18532 0
    endloop
  endfacet
  facet normal -0 0 -1
    outer loop
      vertex -2.35001 -98.65 0
      vertex -6.85001 -103.15 0
      vertex -11.8787 -93.6213 0
    endloop
  endfacet
  facet normal 0 0 -1
    outer loop
      vertex -2.50334 -7.18532 0
      vertex -6.85001 -3.85001 0
      vertex -2.69255 -6.62793 0
    endloop
  endfacet
  facet normal 0 0 -1
    outer loop
      vertex -2.69255 -6.62793 0
      vertex -6.85001 -3.85001 0
      vertex -2.9529 -6.10001 0
    endloop
  endfacet
  facet normal 0 0 -1
    outer loop
      vertex -2.35001 -98.65 0
      vertex -11.0257 -91.8916 0
      vertex -11 -91.5 0
    endloop
  endfacet
  facet normal 0 0 -1
    outer loop
      vertex -2.35001 -98.65 0
      vertex -11.1022 -92.2765 0
      vertex -11.0257 -91.8916 0
    endloop
  endfacet
  facet normal 0 0 -1
    outer loop
      vertex -2.35001 -98.65 0
      vertex -11.2284 -92.6481 0
      vertex -11.1022 -92.2765 0
    endloop
  endfacet
  facet normal 0 0 -1
    outer loop
      vertex -2.35001 -98.65 0
      vertex -11.4019 -93 0
      vertex -11.2284 -92.6481 0
    endloop
  endfacet
  facet normal 0 0 -1
    outer loop
      vertex -2.35001 -98.65 0
      vertex -11.6199 -93.3263 0
      vertex -11.4019 -93 0
    endloop
  endfacet
  facet normal 0 0 -1
    outer loop
      vertex -2.35001 -98.65 0
      vertex -11.8787 -93.6213 0
      vertex -11.6199 -93.3263 0
    endloop
  endfacet
  facet normal 0 0 -1
    outer loop
      vertex -6.85001 -103.15 0
      vertex -12.1737 -93.8801 0
      vertex -11.8787 -93.6213 0
    endloop
  endfacet
  facet normal 0 0 -1
    outer loop
      vertex -6.85001 -103.15 0
      vertex -12.5 -94.0981 0
      vertex -12.1737 -93.8801 0
    endloop
  endfacet
  facet normal 0 0 -1
    outer loop
      vertex -6.85001 -103.15 0
      vertex -12.8519 -94.2716 0
      vertex -12.5 -94.0981 0
    endloop
  endfacet
  facet normal 0 0 -1
    outer loop
      vertex -6.85001 -103.15 0
      vertex -13.2235 -94.3978 0
      vertex -12.8519 -94.2716 0
    endloop
  endfacet
  facet normal 0 0 -1
    outer loop
      vertex -6.85001 -103.15 0
      vertex -13.6084 -94.4743 0
      vertex -13.2235 -94.3978 0
    endloop
  endfacet
  facet normal 0 0 -1
    outer loop
      vertex -6.85001 -103.15 0
      vertex -14 -94.5 0
      vertex -13.6084 -94.4743 0
    endloop
  endfacet
  facet normal 0 0 -1
    outer loop
      vertex -6.85001 -103.15 0
      vertex -90 -94.5 0
      vertex -14 -94.5 0
    endloop
  endfacet
  facet normal 0 0 -1
    outer loop
      vertex -97.15 -103.15 0
      vertex -90 -94.5 0
      vertex -6.85001 -103.15 0
    endloop
  endfacet
  facet normal -0 0 -1
    outer loop
      vertex -92.9743 -91.8916 0
      vertex -101.65 -98.65 0
      vertex -93 -91.5 0
    endloop
  endfacet
  facet normal -0 0 -1
    outer loop
      vertex -92.8978 -92.2765 0
      vertex -101.65 -98.65 0
      vertex -92.9743 -91.8916 0
    endloop
  endfacet
  facet normal -0 0 -1
    outer loop
      vertex -92.7716 -92.6481 0
      vertex -101.65 -98.65 0
      vertex -92.8978 -92.2765 0
    endloop
  endfacet
  facet normal -0 0 -1
    outer loop
      vertex -92.5981 -93 0
      vertex -101.65 -98.65 0
      vertex -92.7716 -92.6481 0
    endloop
  endfacet
  facet normal -0 0 -1
    outer loop
      vertex -92.3801 -93.3263 0
      vertex -101.65 -98.65 0
      vertex -92.5981 -93 0
    endloop
  endfacet
  facet normal -0 0 -1
    outer loop
      vertex -92.1213 -93.6213 0
      vertex -101.65 -98.65 0
      vertex -92.3801 -93.3263 0
    endloop
  endfacet
  facet normal 0 0 -1
    outer loop
      vertex -101.65 -98.65 0
      vertex -92.1213 -93.6213 0
      vertex -97.15 -103.15 0
    endloop
  endfacet
  facet normal -0 0 -1
    outer loop
      vertex -91.8263 -93.8801 0
      vertex -97.15 -103.15 0
      vertex -92.1213 -93.6213 0
    endloop
  endfacet
  facet normal -0 0 -1
    outer loop
      vertex -91.5 -94.0981 0
      vertex -97.15 -103.15 0
      vertex -91.8263 -93.8801 0
    endloop
  endfacet
  facet normal -0 0 -1
    outer loop
      vertex -91.1481 -94.2716 0
      vertex -97.15 -103.15 0
      vertex -91.5 -94.0981 0
    endloop
  endfacet
  facet normal -0 0 -1
    outer loop
      vertex -90.7765 -94.3978 0
      vertex -97.15 -103.15 0
      vertex -91.1481 -94.2716 0
    endloop
  endfacet
  facet normal -0 0 -1
    outer loop
      vertex -90.3916 -94.4743 0
      vertex -97.15 -103.15 0
      vertex -90.7765 -94.3978 0
    endloop
  endfacet
  facet normal -0 0 -1
    outer loop
      vertex -90 -94.5 0
      vertex -97.15 -103.15 0
      vertex -90.3916 -94.4743 0
    endloop
  endfacet
  facet normal 0 0 -1
    outer loop
      vertex -3.27992 -5.61058 0
      vertex -6.85001 -3.85001 0
      vertex -3.66803 -5.16803 0
    endloop
  endfacet
  facet normal 0 0 -1
    outer loop
      vertex -3.66803 -5.16803 0
      vertex -6.85001 -3.85001 0
      vertex -4.11058 -4.77992 0
    endloop
  endfacet
  facet normal 0 0 -1
    outer loop
      vertex -4.11058 -4.77992 0
      vertex -6.85001 -3.85001 0
      vertex -4.60001 -4.4529 0
    endloop
  endfacet
  facet normal 0 0 -1
    outer loop
      vertex -4.60001 -4.4529 0
      vertex -6.85001 -3.85001 0
      vertex -5.12793 -4.19255 0
    endloop
  endfacet
  facet normal 0 0 -1
    outer loop
      vertex -5.12793 -4.19255 0
      vertex -6.85001 -3.85001 0
      vertex -5.68532 -4.00334 0
    endloop
  endfacet
  facet normal 0 0 -1
    outer loop
      vertex -5.68532 -4.00334 0
      vertex -6.85001 -3.85001 0
      vertex -6.26263 -3.8885 0
    endloop
  endfacet
  facet normal 0 0 -1
    outer loop
      vertex -2.9529 -6.10001 0
      vertex -6.85001 -3.85001 0
      vertex -3.27992 -5.61058 0
    endloop
  endfacet
  facet normal 0 0 -1
    outer loop
      vertex -12.1737 -13.1199 0
      vertex -6.85001 -3.85001 0
      vertex -11.8787 -13.3787 0
    endloop
  endfacet
  facet normal 0 0 -1
    outer loop
      vertex -12.5 -12.9019 0
      vertex -6.85001 -3.85001 0
      vertex -12.1737 -13.1199 0
    endloop
  endfacet
  facet normal 0 0 -1
    outer loop
      vertex -12.8519 -12.7284 0
      vertex -6.85001 -3.85001 0
      vertex -12.5 -12.9019 0
    endloop
  endfacet
  facet normal 0 0 -1
    outer loop
      vertex -13.2235 -12.6022 0
      vertex -6.85001 -3.85001 0
      vertex -12.8519 -12.7284 0
    endloop
  endfacet
  facet normal 0 0 -1
    outer loop
      vertex -13.6084 -12.5257 0
      vertex -6.85001 -3.85001 0
      vertex -13.2235 -12.6022 0
    endloop
  endfacet
  facet normal 0 0 -1
    outer loop
      vertex -14 -12.5 0
      vertex -6.85001 -3.85001 0
      vertex -13.6084 -12.5257 0
    endloop
  endfacet
  facet normal 0 0 -1
    outer loop
      vertex -90 -12.5 0
      vertex -6.85001 -3.85001 0
      vertex -14 -12.5 0
    endloop
  endfacet
  facet normal 0 0 -1
    outer loop
      vertex -97.15 -3.85001 0
      vertex -90 -12.5 0
      vertex -90.3916 -12.5257 0
    endloop
  endfacet
  facet normal 0 0 -1
    outer loop
      vertex -90 -12.5 0
      vertex -97.15 -3.85001 0
      vertex -6.85001 -3.85001 0
    endloop
  endfacet
  facet normal 0 0 -1
    outer loop
      vertex -90.7765 -12.6022 0
      vertex -97.15 -3.85001 0
      vertex -90.3916 -12.5257 0
    endloop
  endfacet
  facet normal 0 0 -1
    outer loop
      vertex -91.1481 -12.7284 0
      vertex -97.15 -3.85001 0
      vertex -90.7765 -12.6022 0
    endloop
  endfacet
  facet normal 0 0 -1
    outer loop
      vertex -91.5 -12.9019 0
      vertex -97.15 -3.85001 0
      vertex -91.1481 -12.7284 0
    endloop
  endfacet
  facet normal 0 0 -1
    outer loop
      vertex -91.8263 -13.1199 0
      vertex -97.15 -3.85001 0
      vertex -91.5 -12.9019 0
    endloop
  endfacet
  facet normal 0 0 -1
    outer loop
      vertex -92.1213 -13.3787 0
      vertex -97.15 -3.85001 0
      vertex -91.8263 -13.1199 0
    endloop
  endfacet
  facet normal 0 0 -1
    outer loop
      vertex -101.65 -8.35001 0
      vertex -92.1213 -13.3787 0
      vertex -92.3801 -13.6737 0
    endloop
  endfacet
  facet normal 0 0 -1
    outer loop
      vertex -101.65 -8.35001 0
      vertex -92.3801 -13.6737 0
      vertex -92.5981 -14 0
    endloop
  endfacet
  facet normal 0 0 -1
    outer loop
      vertex -101.65 -8.35001 0
      vertex -92.5981 -14 0
      vertex -92.7716 -14.3519 0
    endloop
  endfacet
  facet normal 0 0 -1
    outer loop
      vertex -101.65 -8.35001 0
      vertex -92.7716 -14.3519 0
      vertex -92.8978 -14.7235 0
    endloop
  endfacet
  facet normal 0 0 -1
    outer loop
      vertex -101.65 -8.35001 0
      vertex -92.8978 -14.7235 0
      vertex -92.9743 -15.1084 0
    endloop
  endfacet
  facet normal 0 0 -1
    outer loop
      vertex -101.65 -8.35001 0
      vertex -92.9743 -15.1084 0
      vertex -93 -15.5 0
    endloop
  endfacet
  facet normal -0 0 -1
    outer loop
      vertex -93 -91.5 0
      vertex -101.65 -98.65 0
      vertex -93 -15.5 0
    endloop
  endfacet
  facet normal 0 0 -1
    outer loop
      vertex -101.65 -98.65 0
      vertex -97.15 -103.15 0
      vertex -97.7374 -103.111 0
    endloop
  endfacet
  facet normal 0 0 -1
    outer loop
      vertex -101.65 -8.35001 0
      vertex -93 -15.5 0
      vertex -101.65 -98.65 0
    endloop
  endfacet
  facet normal 0 0 -1
    outer loop
      vertex -101.65 -98.65 0
      vertex -97.7374 -103.111 0
      vertex -98.3147 -102.997 0
    endloop
  endfacet
  facet normal 0 0 -1
    outer loop
      vertex -92.1213 -13.3787 0
      vertex -101.65 -8.35001 0
      vertex -97.15 -3.85001 0
    endloop
  endfacet
  facet normal 0 0 -1
    outer loop
      vertex -101.65 -98.65 0
      vertex -98.3147 -102.997 0
      vertex -98.8721 -102.807 0
    endloop
  endfacet
  facet normal 0 0 -1
    outer loop
      vertex -97.15 -3.85001 0
      vertex -101.65 -8.35001 0
      vertex -97.7374 -3.8885 0
    endloop
  endfacet
  facet normal 0 0 -1
    outer loop
      vertex -101.65 -98.65 0
      vertex -98.8721 -102.807 0
      vertex -99.4 -102.547 0
    endloop
  endfacet
  facet normal 0 0 -1
    outer loop
      vertex -97.7374 -3.8885 0
      vertex -101.65 -8.35001 0
      vertex -98.3147 -4.00334 0
    endloop
  endfacet
  facet normal 0 0 -1
    outer loop
      vertex -101.65 -98.65 0
      vertex -99.4 -102.547 0
      vertex -99.8894 -102.22 0
    endloop
  endfacet
  facet normal 0 0 -1
    outer loop
      vertex -98.3147 -4.00334 0
      vertex -101.65 -8.35001 0
      vertex -98.8721 -4.19255 0
    endloop
  endfacet
  facet normal 0 0 -1
    outer loop
      vertex -101.65 -98.65 0
      vertex -99.8894 -102.22 0
      vertex -100.332 -101.832 0
    endloop
  endfacet
  facet normal 0 0 -1
    outer loop
      vertex -98.8721 -4.19255 0
      vertex -101.65 -8.35001 0
      vertex -99.4 -4.4529 0
    endloop
  endfacet
  facet normal 0 0 -1
    outer loop
      vertex -101.65 -98.65 0
      vertex -100.332 -101.832 0
      vertex -100.72 -101.389 0
    endloop
  endfacet
  facet normal 0 0 -1
    outer loop
      vertex -99.4 -4.4529 0
      vertex -101.65 -8.35001 0
      vertex -99.8894 -4.77992 0
    endloop
  endfacet
  facet normal 0 0 -1
    outer loop
      vertex -101.65 -98.65 0
      vertex -100.72 -101.389 0
      vertex -101.047 -100.9 0
    endloop
  endfacet
  facet normal 0 0 -1
    outer loop
      vertex -99.8894 -4.77992 0
      vertex -101.65 -8.35001 0
      vertex -100.332 -5.16803 0
    endloop
  endfacet
  facet normal 0 0 -1
    outer loop
      vertex -101.65 -98.65 0
      vertex -101.047 -100.9 0
      vertex -101.307 -100.372 0
    endloop
  endfacet
  facet normal 0 0 -1
    outer loop
      vertex -100.332 -5.16803 0
      vertex -101.65 -8.35001 0
      vertex -100.72 -5.61058 0
    endloop
  endfacet
  facet normal 0 0 -1
    outer loop
      vertex -101.65 -98.65 0
      vertex -101.307 -100.372 0
      vertex -101.497 -99.8147 0
    endloop
  endfacet
  facet normal 0 0 -1
    outer loop
      vertex -100.72 -5.61058 0
      vertex -101.65 -8.35001 0
      vertex -101.047 -6.10001 0
    endloop
  endfacet
  facet normal 0 0 -1
    outer loop
      vertex -101.65 -98.65 0
      vertex -101.497 -99.8147 0
      vertex -101.611 -99.2374 0
    endloop
  endfacet
  facet normal 0 0 -1
    outer loop
      vertex -101.047 -6.10001 0
      vertex -101.65 -8.35001 0
      vertex -101.307 -6.62793 0
    endloop
  endfacet
  facet normal 0 0 -1
    outer loop
      vertex -101.307 -6.62793 0
      vertex -101.65 -8.35001 0
      vertex -101.497 -7.18532 0
    endloop
  endfacet
  facet normal 0 0 -1
    outer loop
      vertex -101.497 -7.18532 0
      vertex -101.65 -8.35001 0
      vertex -101.611 -7.76263 0
    endloop
  endfacet
  facet normal -0.0662484 -0.997803 0
    outer loop
      vertex -97.7374 -103.111 0
      vertex -97.15 -103.15 15.5
      vertex -97.7374 -103.111 15.5
    endloop
  endfacet
  facet normal -0.0662484 -0.997803 -0
    outer loop
      vertex -97.15 -103.15 15.5
      vertex -97.7374 -103.111 0
      vertex -97.15 -103.15 0
    endloop
  endfacet
  facet normal 0.831249 -0.5559 0
    outer loop
      vertex -3.27992 -101.389 15.5
      vertex -2.9529 -100.9 0
      vertex -2.9529 -100.9 15.5
    endloop
  endfacet
  facet normal 0.831249 -0.5559 0
    outer loop
      vertex -2.9529 -100.9 0
      vertex -3.27992 -101.389 15.5
      vertex -3.27992 -101.389 0
    endloop
  endfacet
  facet normal 0.946914 -0.321488 0
    outer loop
      vertex -2.69255 -100.372 15.5
      vertex -2.50334 -99.8147 0
      vertex -2.50334 -99.8147 15.5
    endloop
  endfacet
  facet normal 0.946914 -0.321488 0
    outer loop
      vertex -2.50334 -99.8147 0
      vertex -2.69255 -100.372 15.5
      vertex -2.69255 -100.372 0
    endloop
  endfacet
  facet normal 0.321442 0.946929 -0
    outer loop
      vertex -5.12793 -4.19255 0
      vertex -5.68532 -4.00334 15.5
      vertex -5.12793 -4.19255 15.5
    endloop
  endfacet
  facet normal 0.321442 0.946929 0
    outer loop
      vertex -5.68532 -4.00334 15.5
      vertex -5.12793 -4.19255 0
      vertex -5.68532 -4.00334 0
    endloop
  endfacet
  facet normal -0.555586 0.831459 0
    outer loop
      vertex -99.4 -4.4529 0
      vertex -99.8894 -4.77992 15.5
      vertex -99.4 -4.4529 15.5
    endloop
  endfacet
  facet normal -0.555586 0.831459 0
    outer loop
      vertex -99.8894 -4.77992 15.5
      vertex -99.4 -4.4529 0
      vertex -99.8894 -4.77992 0
    endloop
  endfacet
  facet normal -0.94652 0.322645 0
    outer loop
      vertex -101.497 -7.18532 0
      vertex -101.307 -6.62793 15.5
      vertex -101.307 -6.62793 0
    endloop
  endfacet
  facet normal -0.94652 0.322645 0
    outer loop
      vertex -101.307 -6.62793 15.5
      vertex -101.497 -7.18532 0
      vertex -101.497 -7.18532 15.5
    endloop
  endfacet
  facet normal -0.981056 0.193727 0
    outer loop
      vertex -101.611 -7.76263 0
      vertex -101.497 -7.18532 15.5
      vertex -101.497 -7.18532 0
    endloop
  endfacet
  facet normal -0.981056 0.193727 0
    outer loop
      vertex -101.497 -7.18532 15.5
      vertex -101.611 -7.76263 0
      vertex -101.611 -7.76263 15.5
    endloop
  endfacet
  facet normal -0.555562 -0.831475 0
    outer loop
      vertex -99.8894 -102.22 0
      vertex -99.4 -102.547 15.5
      vertex -99.8894 -102.22 15.5
    endloop
  endfacet
  facet normal -0.555562 -0.831475 -0
    outer loop
      vertex -99.4 -102.547 15.5
      vertex -99.8894 -102.22 0
      vertex -99.4 -102.547 0
    endloop
  endfacet
  facet normal -0.441836 -0.897096 0
    outer loop
      vertex -99.4 -102.547 0
      vertex -98.8721 -102.807 15.5
      vertex -99.4 -102.547 15.5
    endloop
  endfacet
  facet normal -0.441836 -0.897096 -0
    outer loop
      vertex -98.8721 -102.807 15.5
      vertex -99.4 -102.547 0
      vertex -98.8721 -102.807 0
    endloop
  endfacet
  facet normal -0.831265 -0.555877 0
    outer loop
      vertex -100.72 -101.389 0
      vertex -101.047 -100.9 15.5
      vertex -101.047 -100.9 0
    endloop
  endfacet
  facet normal -0.831265 -0.555877 0
    outer loop
      vertex -101.047 -100.9 15.5
      vertex -100.72 -101.389 0
      vertex -100.72 -101.389 15.5
    endloop
  endfacet
  facet normal -0.897129 -0.441768 0
    outer loop
      vertex -101.047 -100.9 0
      vertex -101.307 -100.372 15.5
      vertex -101.307 -100.372 0
    endloop
  endfacet
  facet normal -0.897129 -0.441768 0
    outer loop
      vertex -101.307 -100.372 15.5
      vertex -101.047 -100.9 0
      vertex -101.047 -100.9 15.5
    endloop
  endfacet
  facet normal -0.19373 -0.981055 0
    outer loop
      vertex -98.3147 -102.997 0
      vertex -97.7374 -103.111 15.5
      vertex -98.3147 -102.997 15.5
    endloop
  endfacet
  facet normal -0.19373 -0.981055 -0
    outer loop
      vertex -97.7374 -103.111 15.5
      vertex -98.3147 -102.997 0
      vertex -97.7374 -103.111 0
    endloop
  endfacet
  facet normal 0.99786 -0.0653858 0
    outer loop
      vertex -2.3885 -99.2374 15.5
      vertex -2.35001 -98.65 0
      vertex -2.35001 -98.65 15.5
    endloop
  endfacet
  facet normal 0.99786 -0.0653858 0
    outer loop
      vertex -2.35001 -98.65 0
      vertex -2.3885 -99.2374 15.5
      vertex -2.3885 -99.2374 0
    endloop
  endfacet
  facet normal 0.555539 -0.831491 0
    outer loop
      vertex -4.60001 -102.547 0
      vertex -4.11058 -102.22 15.5
      vertex -4.60001 -102.547 15.5
    endloop
  endfacet
  facet normal 0.555539 -0.831491 0
    outer loop
      vertex -4.11058 -102.22 15.5
      vertex -4.60001 -102.547 0
      vertex -4.11058 -102.22 0
    endloop
  endfacet
  facet normal 0.659244 -0.751929 0
    outer loop
      vertex -4.11058 -102.22 0
      vertex -3.66803 -101.832 15.5
      vertex -4.11058 -102.22 15.5
    endloop
  endfacet
  facet normal 0.659244 -0.751929 0
    outer loop
      vertex -3.66803 -101.832 15.5
      vertex -4.11058 -102.22 0
      vertex -3.66803 -101.832 0
    endloop
  endfacet
  facet normal 0.322645 -0.94652 0
    outer loop
      vertex -5.68532 -102.997 0
      vertex -5.12793 -102.807 15.5
      vertex -5.68532 -102.997 15.5
    endloop
  endfacet
  facet normal 0.322645 -0.94652 0
    outer loop
      vertex -5.12793 -102.807 15.5
      vertex -5.68532 -102.997 0
      vertex -5.12793 -102.807 0
    endloop
  endfacet
  facet normal 0.1951 0.980783 -0
    outer loop
      vertex -5.68532 -4.00334 0
      vertex -6.26263 -3.8885 15.5
      vertex -5.68532 -4.00334 15.5
    endloop
  endfacet
  facet normal 0.1951 0.980783 0
    outer loop
      vertex -6.26263 -3.8885 15.5
      vertex -5.68532 -4.00334 0
      vertex -6.26263 -3.8885 0
    endloop
  endfacet
  facet normal 0.555562 0.831475 -0
    outer loop
      vertex -4.11058 -4.77992 0
      vertex -4.60001 -4.4529 15.5
      vertex -4.11058 -4.77992 15.5
    endloop
  endfacet
  facet normal 0.555562 0.831475 0
    outer loop
      vertex -4.60001 -4.4529 15.5
      vertex -4.11058 -4.77992 0
      vertex -4.60001 -4.4529 0
    endloop
  endfacet
  facet normal 0.65935 0.751836 -0
    outer loop
      vertex -3.66803 -5.16803 0
      vertex -4.11058 -4.77992 15.5
      vertex -3.66803 -5.16803 15.5
    endloop
  endfacet
  facet normal 0.65935 0.751836 0
    outer loop
      vertex -4.11058 -4.77992 15.5
      vertex -3.66803 -5.16803 0
      vertex -4.11058 -4.77992 0
    endloop
  endfacet
  facet normal -0.897103 0.441822 0
    outer loop
      vertex -101.307 -6.62793 0
      vertex -101.047 -6.10001 15.5
      vertex -101.047 -6.10001 0
    endloop
  endfacet
  facet normal -0.897103 0.441822 0
    outer loop
      vertex -101.047 -6.10001 15.5
      vertex -101.307 -6.62793 0
      vertex -101.307 -6.62793 15.5
    endloop
  endfacet
  facet normal -0.946504 -0.322691 0
    outer loop
      vertex -101.307 -100.372 0
      vertex -101.497 -99.8147 15.5
      vertex -101.497 -99.8147 0
    endloop
  endfacet
  facet normal -0.946504 -0.322691 0
    outer loop
      vertex -101.497 -99.8147 15.5
      vertex -101.307 -100.372 0
      vertex -101.307 -100.372 15.5
    endloop
  endfacet
  facet normal 0.896867 0.442301 0
    outer loop
      vertex -2.69255 -6.62793 15.5
      vertex -2.9529 -6.10001 0
      vertex -2.9529 -6.10001 15.5
    endloop
  endfacet
  facet normal 0.896867 0.442301 0
    outer loop
      vertex -2.9529 -6.10001 0
      vertex -2.69255 -6.62793 15.5
      vertex -2.69255 -6.62793 0
    endloop
  endfacet
  facet normal 0.99786 0.065388 0
    outer loop
      vertex -2.35001 -8.35001 15.5
      vertex -2.3885 -7.76263 0
      vertex -2.3885 -7.76263 15.5
    endloop
  endfacet
  facet normal 0.99786 0.065388 0
    outer loop
      vertex -2.3885 -7.76263 0
      vertex -2.35001 -8.35001 15.5
      vertex -2.35001 -8.35001 0
    endloop
  endfacet
  facet normal 0.946929 0.321442 0
    outer loop
      vertex -2.50334 -7.18532 15.5
      vertex -2.69255 -6.62793 0
      vertex -2.69255 -6.62793 15.5
    endloop
  endfacet
  facet normal 0.946929 0.321442 0
    outer loop
      vertex -2.69255 -6.62793 0
      vertex -2.50334 -7.18532 15.5
      vertex -2.50334 -7.18532 0
    endloop
  endfacet
  facet normal 0.896893 -0.442247 0
    outer loop
      vertex -2.9529 -100.9 15.5
      vertex -2.69255 -100.372 0
      vertex -2.69255 -100.372 15.5
    endloop
  endfacet
  facet normal 0.896893 -0.442247 0
    outer loop
      vertex -2.69255 -100.372 0
      vertex -2.9529 -100.9 15.5
      vertex -2.9529 -100.9 0
    endloop
  endfacet
  facet normal 0.752168 -0.658971 0
    outer loop
      vertex -3.66803 -101.832 15.5
      vertex -3.27992 -101.389 0
      vertex -3.27992 -101.389 15.5
    endloop
  endfacet
  facet normal 0.752168 -0.658971 0
    outer loop
      vertex -3.27992 -101.389 0
      vertex -3.66803 -101.832 15.5
      vertex -3.66803 -101.832 0
    endloop
  endfacet
  facet normal 0.441822 -0.897103 0
    outer loop
      vertex -5.12793 -102.807 0
      vertex -4.60001 -102.547 15.5
      vertex -5.12793 -102.807 15.5
    endloop
  endfacet
  facet normal 0.441822 -0.897103 0
    outer loop
      vertex -4.60001 -102.547 15.5
      vertex -5.12793 -102.807 0
      vertex -4.60001 -102.547 0
    endloop
  endfacet
  facet normal -0.751929 0.659244 0
    outer loop
      vertex -100.72 -5.61058 0
      vertex -100.332 -5.16803 15.5
      vertex -100.332 -5.16803 0
    endloop
  endfacet
  facet normal -0.751929 0.659244 0
    outer loop
      vertex -100.332 -5.16803 15.5
      vertex -100.72 -5.61058 0
      vertex -100.72 -5.61058 15.5
    endloop
  endfacet
  facet normal -0.831491 0.555539 0
    outer loop
      vertex -101.047 -6.10001 0
      vertex -100.72 -5.61058 15.5
      vertex -100.72 -5.61058 0
    endloop
  endfacet
  facet normal -0.831491 0.555539 0
    outer loop
      vertex -100.72 -5.61058 15.5
      vertex -101.047 -6.10001 0
      vertex -101.047 -6.10001 15.5
    endloop
  endfacet
  facet normal -0.981055 -0.19373 0
    outer loop
      vertex -101.497 -99.8147 0
      vertex -101.611 -99.2374 15.5
      vertex -101.611 -99.2374 0
    endloop
  endfacet
  facet normal -0.981055 -0.19373 0
    outer loop
      vertex -101.611 -99.2374 15.5
      vertex -101.497 -99.8147 0
      vertex -101.497 -99.8147 15.5
    endloop
  endfacet
  facet normal 0.831475 0.555562 0
    outer loop
      vertex -2.9529 -6.10001 15.5
      vertex -3.27992 -5.61058 0
      vertex -3.27992 -5.61058 15.5
    endloop
  endfacet
  facet normal 0.831475 0.555562 0
    outer loop
      vertex -3.27992 -5.61058 0
      vertex -2.9529 -6.10001 15.5
      vertex -2.9529 -6.10001 0
    endloop
  endfacet
  facet normal 0.980783 0.1951 0
    outer loop
      vertex -2.3885 -7.76263 15.5
      vertex -2.50334 -7.18532 0
      vertex -2.50334 -7.18532 15.5
    endloop
  endfacet
  facet normal 0.980783 0.1951 0
    outer loop
      vertex -2.50334 -7.18532 0
      vertex -2.3885 -7.76263 15.5
      vertex -2.3885 -7.76263 0
    endloop
  endfacet
  facet normal 0.980783 -0.195103 0
    outer loop
      vertex -2.50334 -99.8147 15.5
      vertex -2.3885 -99.2374 0
      vertex -2.3885 -99.2374 15.5
    endloop
  endfacet
  facet normal 0.980783 -0.195103 0
    outer loop
      vertex -2.3885 -99.2374 0
      vertex -2.50334 -99.8147 15.5
      vertex -2.50334 -99.8147 0
    endloop
  endfacet
  facet normal -0.321437 0.946931 0
    outer loop
      vertex -98.3147 -4.00334 0
      vertex -98.8721 -4.19255 15.5
      vertex -98.3147 -4.00334 15.5
    endloop
  endfacet
  facet normal -0.321437 0.946931 0
    outer loop
      vertex -98.8721 -4.19255 15.5
      vertex -98.3147 -4.00334 0
      vertex -98.8721 -4.19255 0
    endloop
  endfacet
  facet normal -0.195103 0.980783 0
    outer loop
      vertex -97.7374 -3.8885 0
      vertex -98.3147 -4.00334 15.5
      vertex -97.7374 -3.8885 15.5
    endloop
  endfacet
  facet normal -0.195103 0.980783 0
    outer loop
      vertex -98.3147 -4.00334 15.5
      vertex -97.7374 -3.8885 0
      vertex -98.3147 -4.00334 0
    endloop
  endfacet
  facet normal 0 0 1
    outer loop
      vertex -4.75 -6.25 2.4
      vertex -4.8 -17.5 2.4
      vertex -4.75 -17.5 2.4
    endloop
  endfacet
  facet normal 0 0 1
    outer loop
      vertex -4.8 -17.5 2.4
      vertex -11 -15.5 2.4
      vertex -4.8 -89.5 2.4
    endloop
  endfacet
  facet normal -0 0 1
    outer loop
      vertex -11.2284 -14.3519 2.4
      vertex -4.8 -17.5 2.4
      vertex -4.75 -6.25 2.4
    endloop
  endfacet
  facet normal 0 0 1
    outer loop
      vertex -4.8 -17.5 2.4
      vertex -11.0257 -15.1084 2.4
      vertex -11 -15.5 2.4
    endloop
  endfacet
  facet normal 0 0 1
    outer loop
      vertex -4.8 -17.5 2.4
      vertex -11.1022 -14.7235 2.4
      vertex -11.0257 -15.1084 2.4
    endloop
  endfacet
  facet normal 0 0 1
    outer loop
      vertex -4.8 -17.5 2.4
      vertex -11.2284 -14.3519 2.4
      vertex -11.1022 -14.7235 2.4
    endloop
  endfacet
  facet normal 0 0 1
    outer loop
      vertex -4.75 -6.25 2.4
      vertex -11.4019 -14 2.4
      vertex -11.2284 -14.3519 2.4
    endloop
  endfacet
  facet normal 0 0 1
    outer loop
      vertex -4.75 -6.25 2.4
      vertex -11.6199 -13.6737 2.4
      vertex -11.4019 -14 2.4
    endloop
  endfacet
  facet normal 0 0 1
    outer loop
      vertex -4.75 -6.25 2.4
      vertex -11.8787 -13.3787 2.4
      vertex -11.6199 -13.6737 2.4
    endloop
  endfacet
  facet normal 0 0 1
    outer loop
      vertex -4.75 -6.25 2.4
      vertex -12.1737 -13.1199 2.4
      vertex -11.8787 -13.3787 2.4
    endloop
  endfacet
  facet normal 0 0 1
    outer loop
      vertex -4.75 -6.25 2.4
      vertex -12.5 -12.9019 2.4
      vertex -12.1737 -13.1199 2.4
    endloop
  endfacet
  facet normal 0 0 1
    outer loop
      vertex -4.75 -6.25 2.4
      vertex -12.8519 -12.7284 2.4
      vertex -12.5 -12.9019 2.4
    endloop
  endfacet
  facet normal 0 0 1
    outer loop
      vertex -4.75 -6.25 2.4
      vertex -13.2235 -12.6022 2.4
      vertex -12.8519 -12.7284 2.4
    endloop
  endfacet
  facet normal 0 0 1
    outer loop
      vertex -4.75 -6.25 2.4
      vertex -13.6084 -12.5257 2.4
      vertex -13.2235 -12.6022 2.4
    endloop
  endfacet
  facet normal 0 0 1
    outer loop
      vertex -4.75 -6.25 2.4
      vertex -14 -12.5 2.4
      vertex -13.6084 -12.5257 2.4
    endloop
  endfacet
  facet normal 0 0 1
    outer loop
      vertex -4.75 -6.25 2.4
      vertex -90 -12.5 2.4
      vertex -14 -12.5 2.4
    endloop
  endfacet
  facet normal -0 0 1
    outer loop
      vertex -99.25 -6.25 2.4
      vertex -90 -12.5 2.4
      vertex -4.75 -6.25 2.4
    endloop
  endfacet
  facet normal 0 0 1
    outer loop
      vertex -93 -15.5 2.4
      vertex -99.2 -17.5 2.4
      vertex -93 -91.5 2.4
    endloop
  endfacet
  facet normal 0 0 1
    outer loop
      vertex -92.9743 -15.1084 2.4
      vertex -99.2 -17.5 2.4
      vertex -93 -15.5 2.4
    endloop
  endfacet
  facet normal 0 0 1
    outer loop
      vertex -92.8978 -14.7235 2.4
      vertex -99.2 -17.5 2.4
      vertex -92.9743 -15.1084 2.4
    endloop
  endfacet
  facet normal 0 0 1
    outer loop
      vertex -92.7716 -14.3519 2.4
      vertex -99.2 -17.5 2.4
      vertex -92.8978 -14.7235 2.4
    endloop
  endfacet
  facet normal 0 0 1
    outer loop
      vertex -99.25 -6.25 2.4
      vertex -92.7716 -14.3519 2.4
      vertex -92.5981 -14 2.4
    endloop
  endfacet
  facet normal 0 0 1
    outer loop
      vertex -99.25 -6.25 2.4
      vertex -92.5981 -14 2.4
      vertex -92.3801 -13.6737 2.4
    endloop
  endfacet
  facet normal 0 0 1
    outer loop
      vertex -99.25 -6.25 2.4
      vertex -92.3801 -13.6737 2.4
      vertex -92.1213 -13.3787 2.4
    endloop
  endfacet
  facet normal 0 0 1
    outer loop
      vertex -99.25 -6.25 2.4
      vertex -92.1213 -13.3787 2.4
      vertex -91.8263 -13.1199 2.4
    endloop
  endfacet
  facet normal 0 0 1
    outer loop
      vertex -99.25 -6.25 2.4
      vertex -91.8263 -13.1199 2.4
      vertex -91.5 -12.9019 2.4
    endloop
  endfacet
  facet normal 0 0 1
    outer loop
      vertex -90 -12.5 2.4
      vertex -99.25 -6.25 2.4
      vertex -90.3916 -12.5257 2.4
    endloop
  endfacet
  facet normal 0 0 1
    outer loop
      vertex -99.25 -6.25 2.4
      vertex -90.7765 -12.6022 2.4
      vertex -90.3916 -12.5257 2.4
    endloop
  endfacet
  facet normal 0 0 1
    outer loop
      vertex -99.25 -6.25 2.4
      vertex -91.1481 -12.7284 2.4
      vertex -90.7765 -12.6022 2.4
    endloop
  endfacet
  facet normal 0 0 1
    outer loop
      vertex -99.25 -6.25 2.4
      vertex -91.5 -12.9019 2.4
      vertex -91.1481 -12.7284 2.4
    endloop
  endfacet
  facet normal 0 0 1
    outer loop
      vertex -92.7716 -14.3519 2.4
      vertex -99.25 -6.25 2.4
      vertex -99.2 -17.5 2.4
    endloop
  endfacet
  facet normal 0 0 1
    outer loop
      vertex -99.2 -17.5 2.4
      vertex -99.25 -6.25 2.4
      vertex -99.25 -17.5 2.4
    endloop
  endfacet
  facet normal -0 0 1
    outer loop
      vertex -4.8 -89.5 2.4
      vertex -4.75 -100.75 2.4
      vertex -4.75 -89.5 2.4
    endloop
  endfacet
  facet normal 0 0 1
    outer loop
      vertex -11 -91.5 2.4
      vertex -4.8 -89.5 2.4
      vertex -11 -15.5 2.4
    endloop
  endfacet
  facet normal 0 0 1
    outer loop
      vertex -11.0257 -91.8916 2.4
      vertex -4.8 -89.5 2.4
      vertex -11 -91.5 2.4
    endloop
  endfacet
  facet normal 0 0 1
    outer loop
      vertex -11.1022 -92.2765 2.4
      vertex -4.8 -89.5 2.4
      vertex -11.0257 -91.8916 2.4
    endloop
  endfacet
  facet normal 0 0 1
    outer loop
      vertex -11.2284 -92.6481 2.4
      vertex -4.8 -89.5 2.4
      vertex -11.1022 -92.2765 2.4
    endloop
  endfacet
  facet normal 0 0 1
    outer loop
      vertex -4.8 -89.5 2.4
      vertex -11.2284 -92.6481 2.4
      vertex -4.75 -100.75 2.4
    endloop
  endfacet
  facet normal -0 0 1
    outer loop
      vertex -11.4019 -93 2.4
      vertex -4.75 -100.75 2.4
      vertex -11.2284 -92.6481 2.4
    endloop
  endfacet
  facet normal -0 0 1
    outer loop
      vertex -11.6199 -93.3263 2.4
      vertex -4.75 -100.75 2.4
      vertex -11.4019 -93 2.4
    endloop
  endfacet
  facet normal -0 0 1
    outer loop
      vertex -11.8787 -93.6213 2.4
      vertex -4.75 -100.75 2.4
      vertex -11.6199 -93.3263 2.4
    endloop
  endfacet
  facet normal -0 0 1
    outer loop
      vertex -12.1737 -93.8801 2.4
      vertex -4.75 -100.75 2.4
      vertex -11.8787 -93.6213 2.4
    endloop
  endfacet
  facet normal -0 0 1
    outer loop
      vertex -12.5 -94.0981 2.4
      vertex -4.75 -100.75 2.4
      vertex -12.1737 -93.8801 2.4
    endloop
  endfacet
  facet normal -0 0 1
    outer loop
      vertex -12.8519 -94.2716 2.4
      vertex -4.75 -100.75 2.4
      vertex -12.5 -94.0981 2.4
    endloop
  endfacet
  facet normal -0 0 1
    outer loop
      vertex -13.2235 -94.3978 2.4
      vertex -4.75 -100.75 2.4
      vertex -12.8519 -94.2716 2.4
    endloop
  endfacet
  facet normal -0 0 1
    outer loop
      vertex -13.6084 -94.4743 2.4
      vertex -4.75 -100.75 2.4
      vertex -13.2235 -94.3978 2.4
    endloop
  endfacet
  facet normal -0 0 1
    outer loop
      vertex -14 -94.5 2.4
      vertex -4.75 -100.75 2.4
      vertex -13.6084 -94.4743 2.4
    endloop
  endfacet
  facet normal -0 0 1
    outer loop
      vertex -90 -94.5 2.4
      vertex -4.75 -100.75 2.4
      vertex -14 -94.5 2.4
    endloop
  endfacet
  facet normal 0 0 1
    outer loop
      vertex -99.25 -100.75 2.4
      vertex -90 -94.5 2.4
      vertex -90.3916 -94.4743 2.4
    endloop
  endfacet
  facet normal -0 0 1
    outer loop
      vertex -99.2 -89.5 2.4
      vertex -93 -91.5 2.4
      vertex -99.2 -17.5 2.4
    endloop
  endfacet
  facet normal 0 0 1
    outer loop
      vertex -93 -91.5 2.4
      vertex -99.2 -89.5 2.4
      vertex -92.9743 -91.8916 2.4
    endloop
  endfacet
  facet normal 0 0 1
    outer loop
      vertex -99.2 -89.5 2.4
      vertex -92.8978 -92.2765 2.4
      vertex -92.9743 -91.8916 2.4
    endloop
  endfacet
  facet normal 0 0 1
    outer loop
      vertex -99.2 -89.5 2.4
      vertex -92.7716 -92.6481 2.4
      vertex -92.8978 -92.2765 2.4
    endloop
  endfacet
  facet normal 0 0 1
    outer loop
      vertex -99.25 -100.75 2.4
      vertex -92.7716 -92.6481 2.4
      vertex -99.2 -89.5 2.4
    endloop
  endfacet
  facet normal 0 0 1
    outer loop
      vertex -92.7716 -92.6481 2.4
      vertex -99.25 -100.75 2.4
      vertex -92.5981 -93 2.4
    endloop
  endfacet
  facet normal 0 0 1
    outer loop
      vertex -92.5981 -93 2.4
      vertex -99.25 -100.75 2.4
      vertex -92.3801 -93.3263 2.4
    endloop
  endfacet
  facet normal 0 0 1
    outer loop
      vertex -92.3801 -93.3263 2.4
      vertex -99.25 -100.75 2.4
      vertex -92.1213 -93.6213 2.4
    endloop
  endfacet
  facet normal 0 0 1
    outer loop
      vertex -92.1213 -93.6213 2.4
      vertex -99.25 -100.75 2.4
      vertex -91.8263 -93.8801 2.4
    endloop
  endfacet
  facet normal 0 0 1
    outer loop
      vertex -99.25 -100.75 2.4
      vertex -99.2 -89.5 2.4
      vertex -99.25 -89.5 2.4
    endloop
  endfacet
  facet normal 0 0 1
    outer loop
      vertex -90 -94.5 2.4
      vertex -99.25 -100.75 2.4
      vertex -4.75 -100.75 2.4
    endloop
  endfacet
  facet normal 0 0 1
    outer loop
      vertex -90.7765 -94.3978 2.4
      vertex -99.25 -100.75 2.4
      vertex -90.3916 -94.4743 2.4
    endloop
  endfacet
  facet normal 0 0 1
    outer loop
      vertex -91.1481 -94.2716 2.4
      vertex -99.25 -100.75 2.4
      vertex -90.7765 -94.3978 2.4
    endloop
  endfacet
  facet normal 0 0 1
    outer loop
      vertex -91.5 -94.0981 2.4
      vertex -99.25 -100.75 2.4
      vertex -91.1481 -94.2716 2.4
    endloop
  endfacet
  facet normal 0 0 1
    outer loop
      vertex -91.8263 -93.8801 2.4
      vertex -99.25 -100.75 2.4
      vertex -91.5 -94.0981 2.4
    endloop
  endfacet
  facet normal -1 0 0
    outer loop
      vertex -4.75 -100.75 2.4
      vertex -4.75 -89.5 14.5
      vertex -4.75 -89.5 2.4
    endloop
  endfacet
  facet normal -1 -0 0
    outer loop
      vertex -4.75 -89.5 14.5
      vertex -4.75 -100.75 2.4
      vertex -4.75 -100.75 14.5
    endloop
  endfacet
  facet normal -1 0 0
    outer loop
      vertex -4.75 -17.5 2.4
      vertex -4.75 -6.25 14.5
      vertex -4.75 -6.25 2.4
    endloop
  endfacet
  facet normal -1 -0 0
    outer loop
      vertex -4.75 -6.25 14.5
      vertex -4.75 -17.5 2.4
      vertex -4.75 -17.5 14.5
    endloop
  endfacet
  facet normal 1 -0 0
    outer loop
      vertex -99.25 -100.75 14.5
      vertex -99.25 -89.5 2.4
      vertex -99.25 -89.5 14.5
    endloop
  endfacet
  facet normal 1 0 0
    outer loop
      vertex -99.25 -89.5 2.4
      vertex -99.25 -100.75 14.5
      vertex -99.25 -100.75 2.4
    endloop
  endfacet
  facet normal 1 -0 0
    outer loop
      vertex -99.25 -17.5 14.5
      vertex -99.25 -6.25 2.4
      vertex -99.25 -6.25 14.5
    endloop
  endfacet
  facet normal 1 0 0
    outer loop
      vertex -99.25 -6.25 2.4
      vertex -99.25 -17.5 14.5
      vertex -99.25 -17.5 2.4
    endloop
  endfacet
  facet normal 0 1 -0
    outer loop
      vertex -4.75 -100.75 2.4
      vertex -99.25 -100.75 14.5
      vertex -4.75 -100.75 14.5
    endloop
  endfacet
  facet normal 0 1 0
    outer loop
      vertex -99.25 -100.75 14.5
      vertex -4.75 -100.75 2.4
      vertex -99.25 -100.75 2.4
    endloop
  endfacet
  facet normal 0 -1 0
    outer loop
      vertex -99.25 -6.25 2.4
      vertex -4.75 -6.25 14.5
      vertex -99.25 -6.25 14.5
    endloop
  endfacet
  facet normal 0 -1 -0
    outer loop
      vertex -4.75 -6.25 14.5
      vertex -99.25 -6.25 2.4
      vertex -4.75 -6.25 2.4
    endloop
  endfacet
  facet normal 0 -0.939792 0.341746
    outer loop
      vertex -99.25 -6.25 14.5
      vertex -4.38636 -5.88636 15.5
      vertex -99.6136 -5.88636 15.5
    endloop
  endfacet
  facet normal 0 -0.939792 0.341746
    outer loop
      vertex -4.38636 -5.88636 15.5
      vertex -99.25 -6.25 14.5
      vertex -4.75 -6.25 14.5
    endloop
  endfacet
  facet normal 0.939804 0 0.341713
    outer loop
      vertex -99.6136 -89.5 15.5
      vertex -99.25 -100.75 14.5
      vertex -99.25 -89.5 14.5
    endloop
  endfacet
  facet normal 0.939804 0 0.341713
    outer loop
      vertex -99.25 -100.75 14.5
      vertex -99.6136 -89.5 15.5
      vertex -99.6136 -101.114 15.5
    endloop
  endfacet
  facet normal 0.939804 -0 0.341713
    outer loop
      vertex -99.6136 -17.5 15.5
      vertex -99.25 -6.25 14.5
      vertex -99.6136 -5.88636 15.5
    endloop
  endfacet
  facet normal 0.939804 0 0.341713
    outer loop
      vertex -99.25 -6.25 14.5
      vertex -99.6136 -17.5 15.5
      vertex -99.25 -17.5 14.5
    endloop
  endfacet
  facet normal -0.939792 0 0.341746
    outer loop
      vertex -4.38636 -17.5 15.5
      vertex -4.75 -6.25 14.5
      vertex -4.75 -17.5 14.5
    endloop
  endfacet
  facet normal -0.939792 0 0.341746
    outer loop
      vertex -4.75 -6.25 14.5
      vertex -4.38636 -17.5 15.5
      vertex -4.38636 -5.88636 15.5
    endloop
  endfacet
  facet normal -0.939792 0 0.341746
    outer loop
      vertex -4.75 -100.75 14.5
      vertex -4.38636 -89.5 15.5
      vertex -4.75 -89.5 14.5
    endloop
  endfacet
  facet normal -0.939792 0 0.341746
    outer loop
      vertex -4.38636 -89.5 15.5
      vertex -4.75 -100.75 14.5
      vertex -4.38636 -101.114 15.5
    endloop
  endfacet
  facet normal 0 0.939684 0.342045
    outer loop
      vertex -4.75 -100.75 14.5
      vertex -99.6136 -101.114 15.5
      vertex -4.38636 -101.114 15.5
    endloop
  endfacet
  facet normal 0 0.939684 0.342045
    outer loop
      vertex -99.6136 -101.114 15.5
      vertex -4.75 -100.75 14.5
      vertex -99.25 -100.75 14.5
    endloop
  endfacet
  facet normal -0.321574 0.946885 0
    outer loop
      vertex -12.8519 -94.2716 0
      vertex -13.2235 -94.3978 2.4
      vertex -12.8519 -94.2716 2.4
    endloop
  endfacet
  facet normal -0.321574 0.946885 0
    outer loop
      vertex -13.2235 -94.3978 2.4
      vertex -12.8519 -94.2716 0
      vertex -13.2235 -94.3978 0
    endloop
  endfacet
  facet normal -0.0654873 0.997853 0
    outer loop
      vertex -13.6084 -94.4743 0
      vertex -14 -94.5 2.4
      vertex -13.6084 -94.4743 2.4
    endloop
  endfacet
  facet normal -0.0654873 0.997853 0
    outer loop
      vertex -14 -94.5 2.4
      vertex -13.6084 -94.4743 0
      vertex -14 -94.5 0
    endloop
  endfacet
  facet normal 0.19494 -0.980815 0
    outer loop
      vertex -90.7765 -12.6022 0
      vertex -90.3916 -12.5257 2.4
      vertex -90.7765 -12.6022 2.4
    endloop
  endfacet
  facet normal 0.19494 -0.980815 0
    outer loop
      vertex -90.3916 -12.5257 2.4
      vertex -90.7765 -12.6022 0
      vertex -90.3916 -12.5257 0
    endloop
  endfacet
  facet normal -0.19494 0.980815 0
    outer loop
      vertex -13.2235 -94.3978 0
      vertex -13.6084 -94.4743 2.4
      vertex -13.2235 -94.3978 2.4
    endloop
  endfacet
  facet normal -0.19494 0.980815 0
    outer loop
      vertex -13.6084 -94.4743 2.4
      vertex -13.2235 -94.3978 0
      vertex -13.6084 -94.4743 0
    endloop
  endfacet
  facet normal -0.751724 -0.659478 0
    outer loop
      vertex -11.6199 -13.6737 0
      vertex -11.8787 -13.3787 2.4
      vertex -11.8787 -13.3787 0
    endloop
  endfacet
  facet normal -0.751724 -0.659478 0
    outer loop
      vertex -11.8787 -13.3787 2.4
      vertex -11.6199 -13.6737 0
      vertex -11.6199 -13.6737 2.4
    endloop
  endfacet
  facet normal 0.751724 0.659478 0
    outer loop
      vertex -92.1213 -93.6213 2.4
      vertex -92.3801 -93.3263 0
      vertex -92.3801 -93.3263 2.4
    endloop
  endfacet
  facet normal 0.751724 0.659478 0
    outer loop
      vertex -92.3801 -93.3263 0
      vertex -92.1213 -93.6213 2.4
      vertex -92.1213 -93.6213 0
    endloop
  endfacet
  facet normal -0.997853 0.0654873 0
    outer loop
      vertex -11.0257 -91.8916 0
      vertex -11 -91.5 2.4
      vertex -11 -91.5 0
    endloop
  endfacet
  facet normal -0.997853 0.0654873 0
    outer loop
      vertex -11 -91.5 2.4
      vertex -11.0257 -91.8916 0
      vertex -11.0257 -91.8916 2.4
    endloop
  endfacet
  facet normal 0.997853 -0.0654873 0
    outer loop
      vertex -93 -15.5 2.4
      vertex -92.9743 -15.1084 0
      vertex -92.9743 -15.1084 2.4
    endloop
  endfacet
  facet normal 0.997853 -0.0654873 0
    outer loop
      vertex -92.9743 -15.1084 0
      vertex -93 -15.5 2.4
      vertex -93 -15.5 0
    endloop
  endfacet
  facet normal 1 -0 0
    outer loop
      vertex -93 -91.5 2.4
      vertex -93 -15.5 0
      vertex -93 -15.5 2.4
    endloop
  endfacet
  facet normal 1 0 0
    outer loop
      vertex -93 -15.5 0
      vertex -93 -91.5 2.4
      vertex -93 -91.5 0
    endloop
  endfacet
  facet normal 0 1 -0
    outer loop
      vertex -14 -94.5 0
      vertex -90 -94.5 2.4
      vertex -14 -94.5 2.4
    endloop
  endfacet
  facet normal 0 1 0
    outer loop
      vertex -90 -94.5 2.4
      vertex -14 -94.5 0
      vertex -90 -94.5 0
    endloop
  endfacet
  facet normal -0.0654873 -0.997853 0
    outer loop
      vertex -14 -12.5 0
      vertex -13.6084 -12.5257 2.4
      vertex -14 -12.5 2.4
    endloop
  endfacet
  facet normal -0.0654873 -0.997853 -0
    outer loop
      vertex -13.6084 -12.5257 2.4
      vertex -14 -12.5 0
      vertex -13.6084 -12.5257 0
    endloop
  endfacet
  facet normal 0 -1 0
    outer loop
      vertex -90 -12.5 0
      vertex -14 -12.5 2.4
      vertex -90 -12.5 2.4
    endloop
  endfacet
  facet normal 0 -1 -0
    outer loop
      vertex -14 -12.5 2.4
      vertex -90 -12.5 0
      vertex -14 -12.5 0
    endloop
  endfacet
  facet normal -1 0 0
    outer loop
      vertex -11 -91.5 0
      vertex -11 -15.5 2.4
      vertex -11 -15.5 0
    endloop
  endfacet
  facet normal -1 -0 0
    outer loop
      vertex -11 -15.5 2.4
      vertex -11 -91.5 0
      vertex -11 -91.5 2.4
    endloop
  endfacet
  facet normal -0.831501 0.555523 0
    outer loop
      vertex -11.6199 -93.3263 0
      vertex -11.4019 -93 2.4
      vertex -11.4019 -93 0
    endloop
  endfacet
  facet normal -0.831501 0.555523 0
    outer loop
      vertex -11.4019 -93 2.4
      vertex -11.6199 -93.3263 0
      vertex -11.6199 -93.3263 2.4
    endloop
  endfacet
  facet normal 0.751724 -0.659478 0
    outer loop
      vertex -92.3801 -13.6737 2.4
      vertex -92.1213 -13.3787 0
      vertex -92.1213 -13.3787 2.4
    endloop
  endfacet
  facet normal 0.751724 -0.659478 0
    outer loop
      vertex -92.1213 -13.3787 0
      vertex -92.3801 -13.6737 2.4
      vertex -92.3801 -13.6737 0
    endloop
  endfacet
  facet normal 0.321574 0.946885 -0
    outer loop
      vertex -90.7765 -94.3978 0
      vertex -91.1481 -94.2716 2.4
      vertex -90.7765 -94.3978 2.4
    endloop
  endfacet
  facet normal 0.321574 0.946885 0
    outer loop
      vertex -91.1481 -94.2716 2.4
      vertex -90.7765 -94.3978 0
      vertex -91.1481 -94.2716 0
    endloop
  endfacet
  facet normal -0.442211 -0.896911 0
    outer loop
      vertex -12.8519 -12.7284 0
      vertex -12.5 -12.9019 2.4
      vertex -12.8519 -12.7284 2.4
    endloop
  endfacet
  facet normal -0.442211 -0.896911 -0
    outer loop
      vertex -12.5 -12.9019 2.4
      vertex -12.8519 -12.7284 0
      vertex -12.5 -12.9019 0
    endloop
  endfacet
  facet normal -0.321574 -0.946885 0
    outer loop
      vertex -13.2235 -12.6022 0
      vertex -12.8519 -12.7284 2.4
      vertex -13.2235 -12.6022 2.4
    endloop
  endfacet
  facet normal -0.321574 -0.946885 -0
    outer loop
      vertex -12.8519 -12.7284 2.4
      vertex -13.2235 -12.6022 0
      vertex -12.8519 -12.7284 0
    endloop
  endfacet
  facet normal 0.0654873 -0.997853 0
    outer loop
      vertex -90.3916 -12.5257 0
      vertex -90 -12.5 2.4
      vertex -90.3916 -12.5257 2.4
    endloop
  endfacet
  facet normal 0.0654873 -0.997853 0
    outer loop
      vertex -90 -12.5 2.4
      vertex -90.3916 -12.5257 0
      vertex -90 -12.5 0
    endloop
  endfacet
  facet normal -0.659478 0.751724 0
    outer loop
      vertex -11.8787 -93.6213 0
      vertex -12.1737 -93.8801 2.4
      vertex -11.8787 -93.6213 2.4
    endloop
  endfacet
  facet normal -0.659478 0.751724 0
    outer loop
      vertex -12.1737 -93.8801 2.4
      vertex -11.8787 -93.6213 0
      vertex -12.1737 -93.8801 0
    endloop
  endfacet
  facet normal 0.442211 -0.896911 0
    outer loop
      vertex -91.5 -12.9019 0
      vertex -91.1481 -12.7284 2.4
      vertex -91.5 -12.9019 2.4
    endloop
  endfacet
  facet normal 0.442211 -0.896911 0
    outer loop
      vertex -91.1481 -12.7284 2.4
      vertex -91.5 -12.9019 0
      vertex -91.1481 -12.7284 0
    endloop
  endfacet
  facet normal 0.321574 -0.946885 0
    outer loop
      vertex -91.1481 -12.7284 0
      vertex -90.7765 -12.6022 2.4
      vertex -91.1481 -12.7284 2.4
    endloop
  endfacet
  facet normal 0.321574 -0.946885 0
    outer loop
      vertex -90.7765 -12.6022 2.4
      vertex -91.1481 -12.7284 0
      vertex -90.7765 -12.6022 0
    endloop
  endfacet
  facet normal 0.946885 -0.321574 0
    outer loop
      vertex -92.8978 -14.7235 2.4
      vertex -92.7716 -14.3519 0
      vertex -92.7716 -14.3519 2.4
    endloop
  endfacet
  facet normal 0.946885 -0.321574 0
    outer loop
      vertex -92.7716 -14.3519 0
      vertex -92.8978 -14.7235 2.4
      vertex -92.8978 -14.7235 0
    endloop
  endfacet
  facet normal 0.980815 -0.19494 0
    outer loop
      vertex -92.9743 -15.1084 2.4
      vertex -92.8978 -14.7235 0
      vertex -92.8978 -14.7235 2.4
    endloop
  endfacet
  facet normal 0.980815 -0.19494 0
    outer loop
      vertex -92.8978 -14.7235 0
      vertex -92.9743 -15.1084 2.4
      vertex -92.9743 -15.1084 0
    endloop
  endfacet
  facet normal 0.831501 -0.555523 0
    outer loop
      vertex -92.5981 -14 2.4
      vertex -92.3801 -13.6737 0
      vertex -92.3801 -13.6737 2.4
    endloop
  endfacet
  facet normal 0.831501 -0.555523 0
    outer loop
      vertex -92.3801 -13.6737 0
      vertex -92.5981 -14 2.4
      vertex -92.5981 -14 0
    endloop
  endfacet
  facet normal 0.896911 0.442211 0
    outer loop
      vertex -92.5981 -93 2.4
      vertex -92.7716 -92.6481 0
      vertex -92.7716 -92.6481 2.4
    endloop
  endfacet
  facet normal 0.896911 0.442211 0
    outer loop
      vertex -92.7716 -92.6481 0
      vertex -92.5981 -93 2.4
      vertex -92.5981 -93 0
    endloop
  endfacet
  facet normal 0.659478 0.751724 -0
    outer loop
      vertex -91.8263 -93.8801 0
      vertex -92.1213 -93.6213 2.4
      vertex -91.8263 -93.8801 2.4
    endloop
  endfacet
  facet normal 0.659478 0.751724 0
    outer loop
      vertex -92.1213 -93.6213 2.4
      vertex -91.8263 -93.8801 0
      vertex -92.1213 -93.6213 0
    endloop
  endfacet
  facet normal 0.442211 0.896911 -0
    outer loop
      vertex -91.1481 -94.2716 0
      vertex -91.5 -94.0981 2.4
      vertex -91.1481 -94.2716 2.4
    endloop
  endfacet
  facet normal 0.442211 0.896911 0
    outer loop
      vertex -91.5 -94.0981 2.4
      vertex -91.1481 -94.2716 0
      vertex -91.5 -94.0981 0
    endloop
  endfacet
  facet normal 0.19494 0.980815 -0
    outer loop
      vertex -90.3916 -94.4743 0
      vertex -90.7765 -94.3978 2.4
      vertex -90.3916 -94.4743 2.4
    endloop
  endfacet
  facet normal 0.19494 0.980815 0
    outer loop
      vertex -90.7765 -94.3978 2.4
      vertex -90.3916 -94.4743 0
      vertex -90.7765 -94.3978 0
    endloop
  endfacet
  facet normal -0.555523 -0.831501 0
    outer loop
      vertex -12.5 -12.9019 0
      vertex -12.1737 -13.1199 2.4
      vertex -12.5 -12.9019 2.4
    endloop
  endfacet
  facet normal -0.555523 -0.831501 -0
    outer loop
      vertex -12.1737 -13.1199 2.4
      vertex -12.5 -12.9019 0
      vertex -12.1737 -13.1199 0
    endloop
  endfacet
  facet normal -0.659478 -0.751724 0
    outer loop
      vertex -12.1737 -13.1199 0
      vertex -11.8787 -13.3787 2.4
      vertex -12.1737 -13.1199 2.4
    endloop
  endfacet
  facet normal -0.659478 -0.751724 -0
    outer loop
      vertex -11.8787 -13.3787 2.4
      vertex -12.1737 -13.1199 0
      vertex -11.8787 -13.3787 0
    endloop
  endfacet
  facet normal -0.19494 -0.980815 0
    outer loop
      vertex -13.6084 -12.5257 0
      vertex -13.2235 -12.6022 2.4
      vertex -13.6084 -12.5257 2.4
    endloop
  endfacet
  facet normal -0.19494 -0.980815 -0
    outer loop
      vertex -13.2235 -12.6022 2.4
      vertex -13.6084 -12.5257 0
      vertex -13.2235 -12.6022 0
    endloop
  endfacet
  facet normal -0.946885 -0.321574 0
    outer loop
      vertex -11.1022 -14.7235 0
      vertex -11.2284 -14.3519 2.4
      vertex -11.2284 -14.3519 0
    endloop
  endfacet
  facet normal -0.946885 -0.321574 0
    outer loop
      vertex -11.2284 -14.3519 2.4
      vertex -11.1022 -14.7235 0
      vertex -11.1022 -14.7235 2.4
    endloop
  endfacet
  facet normal -0.896911 -0.442211 0
    outer loop
      vertex -11.2284 -14.3519 0
      vertex -11.4019 -14 2.4
      vertex -11.4019 -14 0
    endloop
  endfacet
  facet normal -0.896911 -0.442211 0
    outer loop
      vertex -11.4019 -14 2.4
      vertex -11.2284 -14.3519 0
      vertex -11.2284 -14.3519 2.4
    endloop
  endfacet
  facet normal -0.896911 0.442211 0
    outer loop
      vertex -11.4019 -93 0
      vertex -11.2284 -92.6481 2.4
      vertex -11.2284 -92.6481 0
    endloop
  endfacet
  facet normal -0.896911 0.442211 0
    outer loop
      vertex -11.2284 -92.6481 2.4
      vertex -11.4019 -93 0
      vertex -11.4019 -93 2.4
    endloop
  endfacet
  facet normal -0.980815 0.19494 0
    outer loop
      vertex -11.1022 -92.2765 0
      vertex -11.0257 -91.8916 2.4
      vertex -11.0257 -91.8916 0
    endloop
  endfacet
  facet normal -0.980815 0.19494 0
    outer loop
      vertex -11.0257 -91.8916 2.4
      vertex -11.1022 -92.2765 0
      vertex -11.1022 -92.2765 2.4
    endloop
  endfacet
  facet normal -0.751724 0.659478 0
    outer loop
      vertex -11.8787 -93.6213 0
      vertex -11.6199 -93.3263 2.4
      vertex -11.6199 -93.3263 0
    endloop
  endfacet
  facet normal -0.751724 0.659478 0
    outer loop
      vertex -11.6199 -93.3263 2.4
      vertex -11.8787 -93.6213 0
      vertex -11.8787 -93.6213 2.4
    endloop
  endfacet
  facet normal -0.442211 0.896911 0
    outer loop
      vertex -12.5 -94.0981 0
      vertex -12.8519 -94.2716 2.4
      vertex -12.5 -94.0981 2.4
    endloop
  endfacet
  facet normal -0.442211 0.896911 0
    outer loop
      vertex -12.8519 -94.2716 2.4
      vertex -12.5 -94.0981 0
      vertex -12.8519 -94.2716 0
    endloop
  endfacet
  facet normal 0.659478 -0.751724 0
    outer loop
      vertex -92.1213 -13.3787 0
      vertex -91.8263 -13.1199 2.4
      vertex -92.1213 -13.3787 2.4
    endloop
  endfacet
  facet normal 0.659478 -0.751724 0
    outer loop
      vertex -91.8263 -13.1199 2.4
      vertex -92.1213 -13.3787 0
      vertex -91.8263 -13.1199 0
    endloop
  endfacet
  facet normal 0.555523 -0.831501 0
    outer loop
      vertex -91.8263 -13.1199 0
      vertex -91.5 -12.9019 2.4
      vertex -91.8263 -13.1199 2.4
    endloop
  endfacet
  facet normal 0.555523 -0.831501 0
    outer loop
      vertex -91.5 -12.9019 2.4
      vertex -91.8263 -13.1199 0
      vertex -91.5 -12.9019 0
    endloop
  endfacet
  facet normal 0.896911 -0.442211 0
    outer loop
      vertex -92.7716 -14.3519 2.4
      vertex -92.5981 -14 0
      vertex -92.5981 -14 2.4
    endloop
  endfacet
  facet normal 0.896911 -0.442211 0
    outer loop
      vertex -92.5981 -14 0
      vertex -92.7716 -14.3519 2.4
      vertex -92.7716 -14.3519 0
    endloop
  endfacet
  facet normal 0.997853 0.0654873 0
    outer loop
      vertex -92.9743 -91.8916 2.4
      vertex -93 -91.5 0
      vertex -93 -91.5 2.4
    endloop
  endfacet
  facet normal 0.997853 0.0654873 0
    outer loop
      vertex -93 -91.5 0
      vertex -92.9743 -91.8916 2.4
      vertex -92.9743 -91.8916 0
    endloop
  endfacet
  facet normal 0.946885 0.321574 0
    outer loop
      vertex -92.7716 -92.6481 2.4
      vertex -92.8978 -92.2765 0
      vertex -92.8978 -92.2765 2.4
    endloop
  endfacet
  facet normal 0.946885 0.321574 0
    outer loop
      vertex -92.8978 -92.2765 0
      vertex -92.7716 -92.6481 2.4
      vertex -92.7716 -92.6481 0
    endloop
  endfacet
  facet normal 0.831501 0.555523 0
    outer loop
      vertex -92.3801 -93.3263 2.4
      vertex -92.5981 -93 0
      vertex -92.5981 -93 2.4
    endloop
  endfacet
  facet normal 0.831501 0.555523 0
    outer loop
      vertex -92.5981 -93 0
      vertex -92.3801 -93.3263 2.4
      vertex -92.3801 -93.3263 0
    endloop
  endfacet
  facet normal 0.555523 0.831501 -0
    outer loop
      vertex -91.5 -94.0981 0
      vertex -91.8263 -93.8801 2.4
      vertex -91.5 -94.0981 2.4
    endloop
  endfacet
  facet normal 0.555523 0.831501 0
    outer loop
      vertex -91.8263 -93.8801 2.4
      vertex -91.5 -94.0981 0
      vertex -91.8263 -93.8801 0
    endloop
  endfacet
  facet normal 0.0654873 0.997853 -0
    outer loop
      vertex -90 -94.5 0
      vertex -90.3916 -94.4743 2.4
      vertex -90 -94.5 2.4
    endloop
  endfacet
  facet normal 0.0654873 0.997853 0
    outer loop
      vertex -90.3916 -94.4743 2.4
      vertex -90 -94.5 0
      vertex -90.3916 -94.4743 0
    endloop
  endfacet
  facet normal -0.980815 -0.19494 0
    outer loop
      vertex -11.0257 -15.1084 0
      vertex -11.1022 -14.7235 2.4
      vertex -11.1022 -14.7235 0
    endloop
  endfacet
  facet normal -0.980815 -0.19494 0
    outer loop
      vertex -11.1022 -14.7235 2.4
      vertex -11.0257 -15.1084 0
      vertex -11.0257 -15.1084 2.4
    endloop
  endfacet
  facet normal -0.997853 -0.0654873 0
    outer loop
      vertex -11 -15.5 0
      vertex -11.0257 -15.1084 2.4
      vertex -11.0257 -15.1084 0
    endloop
  endfacet
  facet normal -0.997853 -0.0654873 0
    outer loop
      vertex -11.0257 -15.1084 2.4
      vertex -11 -15.5 0
      vertex -11 -15.5 2.4
    endloop
  endfacet
  facet normal -0.831501 -0.555523 0
    outer loop
      vertex -11.4019 -14 0
      vertex -11.6199 -13.6737 2.4
      vertex -11.6199 -13.6737 0
    endloop
  endfacet
  facet normal -0.831501 -0.555523 0
    outer loop
      vertex -11.6199 -13.6737 2.4
      vertex -11.4019 -14 0
      vertex -11.4019 -14 2.4
    endloop
  endfacet
  facet normal -0.946885 0.321574 0
    outer loop
      vertex -11.2284 -92.6481 0
      vertex -11.1022 -92.2765 2.4
      vertex -11.1022 -92.2765 0
    endloop
  endfacet
  facet normal -0.946885 0.321574 0
    outer loop
      vertex -11.1022 -92.2765 2.4
      vertex -11.2284 -92.6481 0
      vertex -11.2284 -92.6481 2.4
    endloop
  endfacet
  facet normal -0.555523 0.831501 0
    outer loop
      vertex -12.1737 -93.8801 0
      vertex -12.5 -94.0981 2.4
      vertex -12.1737 -93.8801 2.4
    endloop
  endfacet
  facet normal -0.555523 0.831501 0
    outer loop
      vertex -12.5 -94.0981 2.4
      vertex -12.1737 -93.8801 0
      vertex -12.5 -94.0981 0
    endloop
  endfacet
  facet normal 0.980815 0.19494 0
    outer loop
      vertex -92.8978 -92.2765 2.4
      vertex -92.9743 -91.8916 0
      vertex -92.9743 -91.8916 2.4
    endloop
  endfacet
  facet normal 0.980815 0.19494 0
    outer loop
      vertex -92.9743 -91.8916 0
      vertex -92.8978 -92.2765 2.4
      vertex -92.8978 -92.2765 0
    endloop
  endfacet
  facet normal 0.324088 -0.946027 0
    outer loop
      vertex 95.6625 -100.563 0
      vertex 95.9077 -100.479 4
      vertex 95.6625 -100.563 4
    endloop
  endfacet
  facet normal 0.324088 -0.946027 0
    outer loop
      vertex 95.9077 -100.479 4
      vertex 95.6625 -100.563 0
      vertex 95.9077 -100.479 0
    endloop
  endfacet
  facet normal -0.195054 0.980792 0
    outer loop
      vertex 4.59157 -6.38695 0
      vertex 4.33754 -6.43747 4
      vertex 4.59157 -6.38695 4
    endloop
  endfacet
  facet normal -0.195054 0.980792 0
    outer loop
      vertex 4.33754 -6.43747 4
      vertex 4.59157 -6.38695 0
      vertex 4.33754 -6.43747 0
    endloop
  endfacet
  facet normal 0.193071 -0.981185 0
    outer loop
      vertex 95.4084 -100.613 0
      vertex 95.6625 -100.563 4
      vertex 95.4084 -100.613 4
    endloop
  endfacet
  facet normal 0.193071 -0.981185 0
    outer loop
      vertex 95.6625 -100.563 4
      vertex 95.4084 -100.613 0
      vertex 95.6625 -100.563 0
    endloop
  endfacet
  facet normal 0.751947 0.659223 0
    outer loop
      vertex 96.7208 -7.14465 4
      vertex 96.5501 -6.94994 0
      vertex 96.5501 -6.94994 4
    endloop
  endfacet
  facet normal 0.751947 0.659223 0
    outer loop
      vertex 96.5501 -6.94994 0
      vertex 96.7208 -7.14465 4
      vertex 96.7208 -7.14465 0
    endloop
  endfacet
  facet normal -0.997859 0.0654068 0
    outer loop
      vertex 2.87001 -8.35001 0
      vertex 2.88695 -8.09157 4
      vertex 2.88695 -8.09157 0
    endloop
  endfacet
  facet normal -0.997859 0.0654068 0
    outer loop
      vertex 2.88695 -8.09157 4
      vertex 2.87001 -8.35001 0
      vertex 2.87001 -8.35001 4
    endloop
  endfacet
  facet normal 0 0 1
    outer loop
      vertex 41 -6.37001 4
      vertex 8.28149 -7.47 4
      vertex 41 -6.42 4
    endloop
  endfacet
  facet normal 0 0 1
    outer loop
      vertex 41 -6.37001 4
      vertex 8.05 -7.31532 4
      vertex 8.28149 -7.47 4
    endloop
  endfacet
  facet normal 0 0 1
    outer loop
      vertex 41 -6.37001 4
      vertex 7.68632 -7.13597 4
      vertex 8.05 -7.31532 4
    endloop
  endfacet
  facet normal 0 0 1
    outer loop
      vertex 41 -6.37001 4
      vertex 7.30234 -7.00563 4
      vertex 7.68632 -7.13597 4
    endloop
  endfacet
  facet normal -0 0 1
    outer loop
      vertex 4.85001 -6.37001 4
      vertex 7.30234 -7.00563 4
      vertex 41 -6.37001 4
    endloop
  endfacet
  facet normal 0 0 1
    outer loop
      vertex 7.30234 -7.00563 4
      vertex 4.85001 -6.37001 4
      vertex 6.90463 -6.92652 4
    endloop
  endfacet
  facet normal 0 0 1
    outer loop
      vertex 6.90463 -6.92652 4
      vertex 4.85001 -6.37001 4
      vertex 6.5 -6.9 4
    endloop
  endfacet
  facet normal 0 0 1
    outer loop
      vertex 4.85001 -6.37001 4
      vertex 6.09537 -6.92652 4
      vertex 6.5 -6.9 4
    endloop
  endfacet
  facet normal 0 0 1
    outer loop
      vertex 4.85001 -6.37001 4
      vertex 5.69766 -7.00563 4
      vertex 6.09537 -6.92652 4
    endloop
  endfacet
  facet normal 0 0 1
    outer loop
      vertex 4.85001 -6.37001 4
      vertex 5.31368 -7.13597 4
      vertex 5.69766 -7.00563 4
    endloop
  endfacet
  facet normal 0 0 1
    outer loop
      vertex 4.85001 -6.37001 4
      vertex 4.95 -7.31532 4
      vertex 5.31368 -7.13597 4
    endloop
  endfacet
  facet normal -0 0 1
    outer loop
      vertex 4.59157 -6.38695 4
      vertex 4.95 -7.31532 4
      vertex 4.85001 -6.37001 4
    endloop
  endfacet
  facet normal -0 0 1
    outer loop
      vertex 4.33754 -6.43747 4
      vertex 4.95 -7.31532 4
      vertex 4.59157 -6.38695 4
    endloop
  endfacet
  facet normal 0 -0 1
    outer loop
      vertex 4.62224 -7.49998 4
      vertex 4.95 -7.31532 4
      vertex 4.33754 -6.43747 4
    endloop
  endfacet
  facet normal 0 0 1
    outer loop
      vertex 4.95 -7.31532 4
      vertex 4.62224 -7.49998 4
      vertex 4.6954 -7.48544 4
    endloop
  endfacet
  facet normal 0 0 1
    outer loop
      vertex 4.62224 -7.49998 4
      vertex 4.33754 -6.43747 4
      vertex 4.51324 -7.53699 4
    endloop
  endfacet
  facet normal -0 0 1
    outer loop
      vertex 4.0923 -6.52072 4
      vertex 4.51324 -7.53699 4
      vertex 4.33754 -6.43747 4
    endloop
  endfacet
  facet normal 0 0 1
    outer loop
      vertex 4.51324 -7.53699 4
      vertex 4.0923 -6.52072 4
      vertex 4.41 -7.58791 4
    endloop
  endfacet
  facet normal -0 0 1
    outer loop
      vertex 3.86 -6.63527 4
      vertex 4.41 -7.58791 4
      vertex 4.0923 -6.52072 4
    endloop
  endfacet
  facet normal 0 0 1
    outer loop
      vertex 4.41 -7.58791 4
      vertex 3.86 -6.63527 4
      vertex 4.3143 -7.65186 4
    endloop
  endfacet
  facet normal -0 0 1
    outer loop
      vertex 3.64465 -6.77916 4
      vertex 4.3143 -7.65186 4
      vertex 3.86 -6.63527 4
    endloop
  endfacet
  facet normal 0 0 1
    outer loop
      vertex 4.3143 -7.65186 4
      vertex 3.64465 -6.77916 4
      vertex 4.22775 -7.72775 4
    endloop
  endfacet
  facet normal -0 0 1
    outer loop
      vertex 3.44994 -6.94994 4
      vertex 4.22775 -7.72775 4
      vertex 3.64465 -6.77916 4
    endloop
  endfacet
  facet normal 0 0 1
    outer loop
      vertex 4.22775 -7.72775 4
      vertex 3.44994 -6.94994 4
      vertex 4.15186 -7.8143 4
    endloop
  endfacet
  facet normal -0 0 1
    outer loop
      vertex 3.27916 -7.14465 4
      vertex 4.15186 -7.8143 4
      vertex 3.44994 -6.94994 4
    endloop
  endfacet
  facet normal 0 0 1
    outer loop
      vertex 4.15186 -7.8143 4
      vertex 3.27916 -7.14465 4
      vertex 4.08791 -7.91 4
    endloop
  endfacet
  facet normal -0 0 1
    outer loop
      vertex 3.13527 -7.36 4
      vertex 4.08791 -7.91 4
      vertex 3.27916 -7.14465 4
    endloop
  endfacet
  facet normal 0 0 1
    outer loop
      vertex 4.08791 -7.91 4
      vertex 3.13527 -7.36 4
      vertex 4.03699 -8.01324 4
    endloop
  endfacet
  facet normal -0 0 1
    outer loop
      vertex 3.02072 -7.5923 4
      vertex 4.03699 -8.01324 4
      vertex 3.13527 -7.36 4
    endloop
  endfacet
  facet normal 0 0 1
    outer loop
      vertex 4.03699 -8.01324 4
      vertex 3.02072 -7.5923 4
      vertex 3.99998 -8.12224 4
    endloop
  endfacet
  facet normal -0 0 1
    outer loop
      vertex 2.93747 -7.83754 4
      vertex 3.99998 -8.12224 4
      vertex 3.02072 -7.5923 4
    endloop
  endfacet
  facet normal 0 -0 1
    outer loop
      vertex 3.81532 -8.45 4
      vertex 3.99998 -8.12224 4
      vertex 2.93747 -7.83754 4
    endloop
  endfacet
  facet normal 0 0 1
    outer loop
      vertex 3.99998 -8.12224 4
      vertex 3.81532 -8.45 4
      vertex 3.98544 -8.1954 4
    endloop
  endfacet
  facet normal -0 0 1
    outer loop
      vertex 2.88695 -8.09157 4
      vertex 3.81532 -8.45 4
      vertex 2.93747 -7.83754 4
    endloop
  endfacet
  facet normal 0 0 1
    outer loop
      vertex 91.7185 -99.53 4
      vertex 41 -100.58 4
      vertex 59 -100.58 4
    endloop
  endfacet
  facet normal -0 0 1
    outer loop
      vertex 8.28149 -99.53 4
      vertex 41 -100.58 4
      vertex 91.7185 -99.53 4
    endloop
  endfacet
  facet normal 0 0 1
    outer loop
      vertex 8.28149 -99.53 4
      vertex 41 -100.63 4
      vertex 41 -100.58 4
    endloop
  endfacet
  facet normal -0 0 1
    outer loop
      vertex 8.05 -99.6847 4
      vertex 41 -100.63 4
      vertex 8.28149 -99.53 4
    endloop
  endfacet
  facet normal -0 0 1
    outer loop
      vertex 7.68632 -99.864 4
      vertex 41 -100.63 4
      vertex 8.05 -99.6847 4
    endloop
  endfacet
  facet normal -0 0 1
    outer loop
      vertex 7.30234 -99.9944 4
      vertex 41 -100.63 4
      vertex 7.68632 -99.864 4
    endloop
  endfacet
  facet normal 0 0 1
    outer loop
      vertex 4.85001 -100.63 4
      vertex 7.30234 -99.9944 4
      vertex 6.90463 -100.073 4
    endloop
  endfacet
  facet normal 0 0 1
    outer loop
      vertex 4.85001 -100.63 4
      vertex 6.90463 -100.073 4
      vertex 6.5 -100.1 4
    endloop
  endfacet
  facet normal 0 0 1
    outer loop
      vertex 7.30234 -99.9944 4
      vertex 4.85001 -100.63 4
      vertex 41 -100.63 4
    endloop
  endfacet
  facet normal 0 0 1
    outer loop
      vertex 6.09537 -100.073 4
      vertex 4.85001 -100.63 4
      vertex 6.5 -100.1 4
    endloop
  endfacet
  facet normal 0 0 1
    outer loop
      vertex 5.69766 -99.9944 4
      vertex 4.85001 -100.63 4
      vertex 6.09537 -100.073 4
    endloop
  endfacet
  facet normal 0 0 1
    outer loop
      vertex 5.31368 -99.864 4
      vertex 4.85001 -100.63 4
      vertex 5.69766 -99.9944 4
    endloop
  endfacet
  facet normal 0 0 1
    outer loop
      vertex 4.95 -99.6847 4
      vertex 4.85001 -100.63 4
      vertex 5.31368 -99.864 4
    endloop
  endfacet
  facet normal 0 0 1
    outer loop
      vertex 4.62224 -99.5 4
      vertex 4.95 -99.6847 4
      vertex 4.6954 -99.5146 4
    endloop
  endfacet
  facet normal 0 0 1
    outer loop
      vertex 4.95 -99.6847 4
      vertex 4.62224 -99.5 4
      vertex 4.33754 -100.563 4
    endloop
  endfacet
  facet normal 0 0 1
    outer loop
      vertex 4.95 -99.6847 4
      vertex 4.59157 -100.613 4
      vertex 4.85001 -100.63 4
    endloop
  endfacet
  facet normal 0 0 1
    outer loop
      vertex 4.33754 -100.563 4
      vertex 4.62224 -99.5 4
      vertex 4.51324 -99.463 4
    endloop
  endfacet
  facet normal 0 0 1
    outer loop
      vertex 4.0923 -100.479 4
      vertex 4.51324 -99.463 4
      vertex 4.41 -99.4121 4
    endloop
  endfacet
  facet normal 0 0 1
    outer loop
      vertex 4.95 -99.6847 4
      vertex 4.33754 -100.563 4
      vertex 4.59157 -100.613 4
    endloop
  endfacet
  facet normal 0 0 1
    outer loop
      vertex 3.86 -100.365 4
      vertex 4.41 -99.4121 4
      vertex 4.3143 -99.3481 4
    endloop
  endfacet
  facet normal 0 0 1
    outer loop
      vertex 3.64465 -100.221 4
      vertex 4.3143 -99.3481 4
      vertex 4.22775 -99.2722 4
    endloop
  endfacet
  facet normal 0 0 1
    outer loop
      vertex 3.44994 -100.05 4
      vertex 4.22775 -99.2722 4
      vertex 4.15186 -99.1857 4
    endloop
  endfacet
  facet normal 0 0 1
    outer loop
      vertex 4.51324 -99.463 4
      vertex 4.0923 -100.479 4
      vertex 4.33754 -100.563 4
    endloop
  endfacet
  facet normal 0 0 1
    outer loop
      vertex 3.27916 -99.8553 4
      vertex 4.15186 -99.1857 4
      vertex 4.08791 -99.09 4
    endloop
  endfacet
  facet normal 0 0 1
    outer loop
      vertex 3.13527 -99.64 4
      vertex 4.08791 -99.09 4
      vertex 4.03699 -98.9868 4
    endloop
  endfacet
  facet normal 0 0 1
    outer loop
      vertex 3.02072 -99.4077 4
      vertex 4.03699 -98.9868 4
      vertex 3.99998 -98.8778 4
    endloop
  endfacet
  facet normal 0 0 1
    outer loop
      vertex 3.81532 -98.55 4
      vertex 3.99998 -98.8778 4
      vertex 3.98544 -98.8046 4
    endloop
  endfacet
  facet normal 0 0 1
    outer loop
      vertex 4.41 -99.4121 4
      vertex 3.86 -100.365 4
      vertex 4.0923 -100.479 4
    endloop
  endfacet
  facet normal 0 0 1
    outer loop
      vertex 3.99998 -98.8778 4
      vertex 3.81532 -98.55 4
      vertex 2.93747 -99.1625 4
    endloop
  endfacet
  facet normal 0 0 1
    outer loop
      vertex 4.3143 -99.3481 4
      vertex 3.64465 -100.221 4
      vertex 3.86 -100.365 4
    endloop
  endfacet
  facet normal 0 0 1
    outer loop
      vertex 2.87001 -98.65 4
      vertex 3.81532 -98.55 4
      vertex 3.63597 -98.1863 4
    endloop
  endfacet
  facet normal 0 0 1
    outer loop
      vertex 2.87001 -98.65 4
      vertex 3.63597 -98.1863 4
      vertex 3.50563 -97.8023 4
    endloop
  endfacet
  facet normal 0 0 1
    outer loop
      vertex 4.22775 -99.2722 4
      vertex 3.44994 -100.05 4
      vertex 3.64465 -100.221 4
    endloop
  endfacet
  facet normal 0 0 1
    outer loop
      vertex 2.87001 -98.65 4
      vertex 3.50563 -97.8023 4
      vertex 3.42652 -97.4046 4
    endloop
  endfacet
  facet normal 0 0 1
    outer loop
      vertex 2.87001 -98.65 4
      vertex 3.42652 -97.4046 4
      vertex 3.4 -97 4
    endloop
  endfacet
  facet normal 0 0 1
    outer loop
      vertex 3.81532 -98.55 4
      vertex 2.87001 -98.65 4
      vertex 2.88695 -98.9084 4
    endloop
  endfacet
  facet normal -0 0 1
    outer loop
      vertex 96.1847 -11.55 4
      vertex 97.13 -44.5 4
      vertex 96.364 -11.1863 4
    endloop
  endfacet
  facet normal 0 0 1
    outer loop
      vertex 97.08 -62.5 4
      vertex 96.5735 -96.5954 4
      vertex 96.6 -97 4
    endloop
  endfacet
  facet normal -0 0 1
    outer loop
      vertex 96.03 -11.7815 4
      vertex 97.13 -44.5 4
      vertex 96.1847 -11.55 4
    endloop
  endfacet
  facet normal 0 0 1
    outer loop
      vertex 97.08 -62.5 4
      vertex 96.4944 -96.1977 4
      vertex 96.5735 -96.5954 4
    endloop
  endfacet
  facet normal 0 0 1
    outer loop
      vertex 97.13 -44.5 4
      vertex 96.03 -11.7815 4
      vertex 97.08 -44.5 4
    endloop
  endfacet
  facet normal 0 0 1
    outer loop
      vertex 97.08 -62.5 4
      vertex 96.364 -95.8137 4
      vertex 96.4944 -96.1977 4
    endloop
  endfacet
  facet normal 0 0 1
    outer loop
      vertex 97.08 -44.5 4
      vertex 96.03 -11.7815 4
      vertex 97.08 -62.5 4
    endloop
  endfacet
  facet normal 0 0 1
    outer loop
      vertex 97.08 -62.5 4
      vertex 96.1847 -95.45 4
      vertex 96.364 -95.8137 4
    endloop
  endfacet
  facet normal 0 0 1
    outer loop
      vertex 96.03 -95.2185 4
      vertex 97.08 -62.5 4
      vertex 96.03 -11.7815 4
    endloop
  endfacet
  facet normal 0 0 1
    outer loop
      vertex 97.08 -62.5 4
      vertex 96.03 -95.2185 4
      vertex 96.1847 -95.45 4
    endloop
  endfacet
  facet normal -0 0 1
    outer loop
      vertex 96.5735 -97.4046 4
      vertex 97.13 -98.65 4
      vertex 96.6 -97 4
    endloop
  endfacet
  facet normal -0 0 1
    outer loop
      vertex 96.4944 -97.8023 4
      vertex 97.13 -98.65 4
      vertex 96.5735 -97.4046 4
    endloop
  endfacet
  facet normal -0 0 1
    outer loop
      vertex 96.364 -98.1863 4
      vertex 97.13 -98.65 4
      vertex 96.4944 -97.8023 4
    endloop
  endfacet
  facet normal -0 0 1
    outer loop
      vertex 96.1847 -98.55 4
      vertex 97.13 -98.65 4
      vertex 96.364 -98.1863 4
    endloop
  endfacet
  facet normal 0 0 1
    outer loop
      vertex 96 -98.8778 4
      vertex 97.13 -98.65 4
      vertex 96.1847 -98.55 4
    endloop
  endfacet
  facet normal 0 0 1
    outer loop
      vertex 97.13 -98.65 4
      vertex 96 -98.8778 4
      vertex 96.7208 -99.8553 4
    endloop
  endfacet
  facet normal -0 0 1
    outer loop
      vertex 95.963 -98.9868 4
      vertex 96.7208 -99.8553 4
      vertex 96 -98.8778 4
    endloop
  endfacet
  facet normal -0 0 1
    outer loop
      vertex 95.9121 -99.09 4
      vertex 96.7208 -99.8553 4
      vertex 95.963 -98.9868 4
    endloop
  endfacet
  facet normal 0 0 1
    outer loop
      vertex 96 -98.8778 4
      vertex 96.1847 -98.55 4
      vertex 96.0146 -98.8046 4
    endloop
  endfacet
  facet normal -0 0 1
    outer loop
      vertex 95.8481 -99.1857 4
      vertex 96.7208 -99.8553 4
      vertex 95.9121 -99.09 4
    endloop
  endfacet
  facet normal 0 0 1
    outer loop
      vertex 96.7208 -99.8553 4
      vertex 95.8481 -99.1857 4
      vertex 96.5501 -100.05 4
    endloop
  endfacet
  facet normal -0 0 1
    outer loop
      vertex 95.7722 -99.2722 4
      vertex 96.5501 -100.05 4
      vertex 95.8481 -99.1857 4
    endloop
  endfacet
  facet normal 0 0 1
    outer loop
      vertex 96.5501 -100.05 4
      vertex 95.7722 -99.2722 4
      vertex 96.3553 -100.221 4
    endloop
  endfacet
  facet normal -0 0 1
    outer loop
      vertex 95.6857 -99.3481 4
      vertex 96.3553 -100.221 4
      vertex 95.7722 -99.2722 4
    endloop
  endfacet
  facet normal 0 0 1
    outer loop
      vertex 96.3553 -100.221 4
      vertex 95.6857 -99.3481 4
      vertex 96.14 -100.365 4
    endloop
  endfacet
  facet normal -0 0 1
    outer loop
      vertex 95.59 -99.4121 4
      vertex 96.14 -100.365 4
      vertex 95.6857 -99.3481 4
    endloop
  endfacet
  facet normal 0 0 1
    outer loop
      vertex 96.14 -100.365 4
      vertex 95.59 -99.4121 4
      vertex 95.9077 -100.479 4
    endloop
  endfacet
  facet normal -0 0 1
    outer loop
      vertex 95.4868 -99.463 4
      vertex 95.9077 -100.479 4
      vertex 95.59 -99.4121 4
    endloop
  endfacet
  facet normal 0 0 1
    outer loop
      vertex 95.9077 -100.479 4
      vertex 95.4868 -99.463 4
      vertex 95.6625 -100.563 4
    endloop
  endfacet
  facet normal -0 0 1
    outer loop
      vertex 95.3778 -99.5 4
      vertex 95.6625 -100.563 4
      vertex 95.4868 -99.463 4
    endloop
  endfacet
  facet normal -0 0 1
    outer loop
      vertex 95.05 -99.6847 4
      vertex 95.6625 -100.563 4
      vertex 95.3778 -99.5 4
    endloop
  endfacet
  facet normal 0 0 1
    outer loop
      vertex 95.05 -99.6847 4
      vertex 95.3778 -99.5 4
      vertex 95.3046 -99.5146 4
    endloop
  endfacet
  facet normal 0 0 1
    outer loop
      vertex 95.6625 -100.563 4
      vertex 95.05 -99.6847 4
      vertex 95.4084 -100.613 4
    endloop
  endfacet
  facet normal 0 0 1
    outer loop
      vertex 95.4084 -100.613 4
      vertex 95.05 -99.6847 4
      vertex 95.15 -100.63 4
    endloop
  endfacet
  facet normal -0 0 1
    outer loop
      vertex 94.6863 -99.864 4
      vertex 95.15 -100.63 4
      vertex 95.05 -99.6847 4
    endloop
  endfacet
  facet normal -0 0 1
    outer loop
      vertex 94.3023 -99.9944 4
      vertex 95.15 -100.63 4
      vertex 94.6863 -99.864 4
    endloop
  endfacet
  facet normal -0 0 1
    outer loop
      vertex 93.9046 -100.073 4
      vertex 95.15 -100.63 4
      vertex 94.3023 -99.9944 4
    endloop
  endfacet
  facet normal -0 0 1
    outer loop
      vertex 93.5 -100.1 4
      vertex 95.15 -100.63 4
      vertex 93.9046 -100.073 4
    endloop
  endfacet
  facet normal 0 0 1
    outer loop
      vertex 93.0954 -100.073 4
      vertex 95.15 -100.63 4
      vertex 93.5 -100.1 4
    endloop
  endfacet
  facet normal 0 0 1
    outer loop
      vertex 92.6977 -99.9944 4
      vertex 95.15 -100.63 4
      vertex 93.0954 -100.073 4
    endloop
  endfacet
  facet normal 0 0 1
    outer loop
      vertex 59 -100.63 4
      vertex 91.7185 -99.53 4
      vertex 59 -100.58 4
    endloop
  endfacet
  facet normal 0 0 1
    outer loop
      vertex 91.7185 -99.53 4
      vertex 59 -100.63 4
      vertex 91.95 -99.6847 4
    endloop
  endfacet
  facet normal 0 0 1
    outer loop
      vertex 91.95 -99.6847 4
      vertex 59 -100.63 4
      vertex 92.3137 -99.864 4
    endloop
  endfacet
  facet normal 0 0 1
    outer loop
      vertex 92.3137 -99.864 4
      vertex 59 -100.63 4
      vertex 92.6977 -99.9944 4
    endloop
  endfacet
  facet normal 0 0 1
    outer loop
      vertex 92.6977 -99.9944 4
      vertex 59 -100.63 4
      vertex 95.15 -100.63 4
    endloop
  endfacet
  facet normal 0 0 1
    outer loop
      vertex 96.1847 -8.45 4
      vertex 97.1131 -8.09157 4
      vertex 97.0625 -7.83754 4
    endloop
  endfacet
  facet normal 0 0 1
    outer loop
      vertex 96.5735 -10.4046 4
      vertex 97.13 -8.35001 4
      vertex 96.6 -10 4
    endloop
  endfacet
  facet normal 0 0 1
    outer loop
      vertex 96.4944 -10.8023 4
      vertex 97.13 -8.35001 4
      vertex 96.5735 -10.4046 4
    endloop
  endfacet
  facet normal 0 0 1
    outer loop
      vertex 97.1131 -8.09157 4
      vertex 96.1847 -8.45 4
      vertex 97.13 -8.35001 4
    endloop
  endfacet
  facet normal 0 0 1
    outer loop
      vertex 96.6 -97 4
      vertex 97.13 -62.5 4
      vertex 97.08 -62.5 4
    endloop
  endfacet
  facet normal 0 0 1
    outer loop
      vertex 97.13 -62.5 4
      vertex 96.6 -97 4
      vertex 97.13 -98.65 4
    endloop
  endfacet
  facet normal 0 0 1
    outer loop
      vertex 97.13 -98.65 4
      vertex 96.7208 -99.8553 4
      vertex 97.1131 -98.9084 4
    endloop
  endfacet
  facet normal 0 0 1
    outer loop
      vertex 97.13 -8.35001 4
      vertex 96.4944 -10.8023 4
      vertex 97.13 -44.5 4
    endloop
  endfacet
  facet normal 0 0 1
    outer loop
      vertex 96 -8.12224 4
      vertex 97.0625 -7.83754 4
      vertex 96.9793 -7.5923 4
    endloop
  endfacet
  facet normal -0 0 1
    outer loop
      vertex 96.364 -11.1863 4
      vertex 97.13 -44.5 4
      vertex 96.4944 -10.8023 4
    endloop
  endfacet
  facet normal 0 0 1
    outer loop
      vertex 95.963 -8.01324 4
      vertex 96.9793 -7.5923 4
      vertex 96.8647 -7.36 4
    endloop
  endfacet
  facet normal 0 0 1
    outer loop
      vertex 97.1131 -98.9084 4
      vertex 96.7208 -99.8553 4
      vertex 97.0625 -99.1625 4
    endloop
  endfacet
  facet normal 0 0 1
    outer loop
      vertex 95.9121 -7.91 4
      vertex 96.8647 -7.36 4
      vertex 96.7208 -7.14465 4
    endloop
  endfacet
  facet normal 0 0 1
    outer loop
      vertex 97.0625 -99.1625 4
      vertex 96.7208 -99.8553 4
      vertex 96.9793 -99.4077 4
    endloop
  endfacet
  facet normal 0 0 1
    outer loop
      vertex 96.9793 -99.4077 4
      vertex 96.7208 -99.8553 4
      vertex 96.8647 -99.64 4
    endloop
  endfacet
  facet normal 0 0 1
    outer loop
      vertex 97.13 -8.35001 4
      vertex 96.5735 -9.59537 4
      vertex 96.6 -10 4
    endloop
  endfacet
  facet normal 0 0 1
    outer loop
      vertex 95.8481 -7.8143 4
      vertex 96.7208 -7.14465 4
      vertex 96.5501 -6.94994 4
    endloop
  endfacet
  facet normal 0 0 1
    outer loop
      vertex 97.13 -8.35001 4
      vertex 96.4944 -9.19766 4
      vertex 96.5735 -9.59537 4
    endloop
  endfacet
  facet normal 0 0 1
    outer loop
      vertex 97.13 -8.35001 4
      vertex 96.364 -8.81368 4
      vertex 96.4944 -9.19766 4
    endloop
  endfacet
  facet normal 0 0 1
    outer loop
      vertex 95.7722 -7.72775 4
      vertex 96.5501 -6.94994 4
      vertex 96.3553 -6.77916 4
    endloop
  endfacet
  facet normal 0 0 1
    outer loop
      vertex 97.13 -8.35001 4
      vertex 96.1847 -8.45 4
      vertex 96.364 -8.81368 4
    endloop
  endfacet
  facet normal 0 0 1
    outer loop
      vertex 95.6857 -7.65186 4
      vertex 96.3553 -6.77916 4
      vertex 96.14 -6.63527 4
    endloop
  endfacet
  facet normal 0 0 1
    outer loop
      vertex 96.9793 -7.5923 4
      vertex 95.963 -8.01324 4
      vertex 96 -8.12224 4
    endloop
  endfacet
  facet normal 0 0 1
    outer loop
      vertex 96.1847 -8.45 4
      vertex 96 -8.12224 4
      vertex 96.0146 -8.1954 4
    endloop
  endfacet
  facet normal 0 0 1
    outer loop
      vertex 97.0625 -7.83754 4
      vertex 96 -8.12224 4
      vertex 96.1847 -8.45 4
    endloop
  endfacet
  facet normal 0 0 1
    outer loop
      vertex 96.8647 -7.36 4
      vertex 95.9121 -7.91 4
      vertex 95.963 -8.01324 4
    endloop
  endfacet
  facet normal 0 0 1
    outer loop
      vertex 95.59 -7.58791 4
      vertex 96.14 -6.63527 4
      vertex 95.9077 -6.52072 4
    endloop
  endfacet
  facet normal 0 0 1
    outer loop
      vertex 96.7208 -7.14465 4
      vertex 95.8481 -7.8143 4
      vertex 95.9121 -7.91 4
    endloop
  endfacet
  facet normal 0 0 1
    outer loop
      vertex 96.5501 -6.94994 4
      vertex 95.7722 -7.72775 4
      vertex 95.8481 -7.8143 4
    endloop
  endfacet
  facet normal 0 0 1
    outer loop
      vertex 96.3553 -6.77916 4
      vertex 95.6857 -7.65186 4
      vertex 95.7722 -7.72775 4
    endloop
  endfacet
  facet normal 0 0 1
    outer loop
      vertex 95.4868 -7.53699 4
      vertex 95.9077 -6.52072 4
      vertex 95.6625 -6.43747 4
    endloop
  endfacet
  facet normal 0 0 1
    outer loop
      vertex 96.14 -6.63527 4
      vertex 95.59 -7.58791 4
      vertex 95.6857 -7.65186 4
    endloop
  endfacet
  facet normal 0 0 1
    outer loop
      vertex 95.9077 -6.52072 4
      vertex 95.4868 -7.53699 4
      vertex 95.59 -7.58791 4
    endloop
  endfacet
  facet normal 0 0 1
    outer loop
      vertex 95.05 -7.31532 4
      vertex 95.6625 -6.43747 4
      vertex 95.4084 -6.38695 4
    endloop
  endfacet
  facet normal 0 0 1
    outer loop
      vertex 95.6625 -6.43747 4
      vertex 95.3778 -7.49998 4
      vertex 95.4868 -7.53699 4
    endloop
  endfacet
  facet normal 0 0 1
    outer loop
      vertex 95.6625 -6.43747 4
      vertex 95.05 -7.31532 4
      vertex 95.3778 -7.49998 4
    endloop
  endfacet
  facet normal 0 0 1
    outer loop
      vertex 95.05 -7.31532 4
      vertex 95.4084 -6.38695 4
      vertex 95.15 -6.37001 4
    endloop
  endfacet
  facet normal 0 0 1
    outer loop
      vertex 95.3778 -7.49998 4
      vertex 95.05 -7.31532 4
      vertex 95.3046 -7.48544 4
    endloop
  endfacet
  facet normal 0 0 1
    outer loop
      vertex 95.15 -6.37001 4
      vertex 94.6863 -7.13597 4
      vertex 95.05 -7.31532 4
    endloop
  endfacet
  facet normal 0 0 1
    outer loop
      vertex 95.15 -6.37001 4
      vertex 94.3023 -7.00563 4
      vertex 94.6863 -7.13597 4
    endloop
  endfacet
  facet normal 0 0 1
    outer loop
      vertex 95.15 -6.37001 4
      vertex 93.9046 -6.92652 4
      vertex 94.3023 -7.00563 4
    endloop
  endfacet
  facet normal 0 0 1
    outer loop
      vertex 95.15 -6.37001 4
      vertex 93.5 -6.9 4
      vertex 93.9046 -6.92652 4
    endloop
  endfacet
  facet normal 0 0 1
    outer loop
      vertex 95.15 -6.37001 4
      vertex 93.0954 -6.92652 4
      vertex 93.5 -6.9 4
    endloop
  endfacet
  facet normal 0 0 1
    outer loop
      vertex 95.15 -6.37001 4
      vertex 92.6977 -7.00563 4
      vertex 93.0954 -6.92652 4
    endloop
  endfacet
  facet normal -0 0 1
    outer loop
      vertex 59 -6.37001 4
      vertex 92.6977 -7.00563 4
      vertex 95.15 -6.37001 4
    endloop
  endfacet
  facet normal 0 0 1
    outer loop
      vertex 59 -6.37001 4
      vertex 92.3137 -7.13597 4
      vertex 92.6977 -7.00563 4
    endloop
  endfacet
  facet normal 0 0 1
    outer loop
      vertex 59 -6.37001 4
      vertex 91.95 -7.31532 4
      vertex 92.3137 -7.13597 4
    endloop
  endfacet
  facet normal 0 0 1
    outer loop
      vertex 59 -6.37001 4
      vertex 91.7185 -7.47 4
      vertex 91.95 -7.31532 4
    endloop
  endfacet
  facet normal -0 0 1
    outer loop
      vertex 59 -6.42 4
      vertex 91.7185 -7.47 4
      vertex 59 -6.37001 4
    endloop
  endfacet
  facet normal -0 0 1
    outer loop
      vertex 41 -6.42 4
      vertex 91.7185 -7.47 4
      vertex 59 -6.42 4
    endloop
  endfacet
  facet normal 0 0 1
    outer loop
      vertex 91.7185 -7.47 4
      vertex 41 -6.42 4
      vertex 8.28149 -7.47 4
    endloop
  endfacet
  facet normal 0 0 1
    outer loop
      vertex 2.87001 -18.33 4
      vertex 3.97 -11.7815 4
      vertex 3.81532 -11.55 4
    endloop
  endfacet
  facet normal 0 0 1
    outer loop
      vertex 2.87001 -18.33 4
      vertex 3.81532 -11.55 4
      vertex 3.63597 -11.1863 4
    endloop
  endfacet
  facet normal 0 0 1
    outer loop
      vertex 2.87001 -18.33 4
      vertex 3.63597 -11.1863 4
      vertex 3.50563 -10.8023 4
    endloop
  endfacet
  facet normal 0 0 1
    outer loop
      vertex 2.87001 -18.33 4
      vertex 3.50563 -10.8023 4
      vertex 3.42652 -10.4046 4
    endloop
  endfacet
  facet normal -0 0 1
    outer loop
      vertex 2.87001 -8.35001 4
      vertex 3.81532 -8.45 4
      vertex 2.88695 -8.09157 4
    endloop
  endfacet
  facet normal 0 0 1
    outer loop
      vertex 3.42652 -9.59537 4
      vertex 2.87001 -8.35001 4
      vertex 3.4 -10 4
    endloop
  endfacet
  facet normal 0 0 1
    outer loop
      vertex 3.4 -10 4
      vertex 2.87001 -8.35001 4
      vertex 3.42652 -10.4046 4
    endloop
  endfacet
  facet normal 0 0 1
    outer loop
      vertex 3.81532 -8.45 4
      vertex 2.87001 -8.35001 4
      vertex 3.63597 -8.81368 4
    endloop
  endfacet
  facet normal 0 0 1
    outer loop
      vertex 3.63597 -8.81368 4
      vertex 2.87001 -8.35001 4
      vertex 3.50563 -9.19766 4
    endloop
  endfacet
  facet normal 0 0 1
    outer loop
      vertex 3.50563 -9.19766 4
      vertex 2.87001 -8.35001 4
      vertex 3.42652 -9.59537 4
    endloop
  endfacet
  facet normal 0 0 1
    outer loop
      vertex 2.87001 -18.33 4
      vertex 3.42652 -10.4046 4
      vertex 2.87001 -8.35001 4
    endloop
  endfacet
  facet normal 0 0 1
    outer loop
      vertex 3.97 -11.7815 4
      vertex 2.87001 -18.33 4
      vertex 3.97 -18.33 4
    endloop
  endfacet
  facet normal -0 0 1
    outer loop
      vertex 2.92 -62.5 4
      vertex 3.97 -95.2185 4
      vertex 3.97 -43.72 4
    endloop
  endfacet
  facet normal -0 0 1
    outer loop
      vertex 2.87001 -62.5 4
      vertex 3.97 -95.2185 4
      vertex 2.92 -62.5 4
    endloop
  endfacet
  facet normal 0 0 1
    outer loop
      vertex 3.97 -95.2185 4
      vertex 2.87001 -62.5 4
      vertex 3.81532 -95.45 4
    endloop
  endfacet
  facet normal 0 0 1
    outer loop
      vertex 3.81532 -95.45 4
      vertex 2.87001 -62.5 4
      vertex 3.63597 -95.8137 4
    endloop
  endfacet
  facet normal 0 0 1
    outer loop
      vertex 3.63597 -95.8137 4
      vertex 2.87001 -62.5 4
      vertex 3.50563 -96.1977 4
    endloop
  endfacet
  facet normal 0 0 1
    outer loop
      vertex 2.87001 -98.65 4
      vertex 3.50563 -96.1977 4
      vertex 2.87001 -62.5 4
    endloop
  endfacet
  facet normal 0 0 1
    outer loop
      vertex 3.50563 -96.1977 4
      vertex 2.87001 -98.65 4
      vertex 3.42652 -96.5954 4
    endloop
  endfacet
  facet normal 0 0 1
    outer loop
      vertex 4.15186 -99.1857 4
      vertex 3.27916 -99.8553 4
      vertex 3.44994 -100.05 4
    endloop
  endfacet
  facet normal 0 0 1
    outer loop
      vertex 4.08791 -99.09 4
      vertex 3.13527 -99.64 4
      vertex 3.27916 -99.8553 4
    endloop
  endfacet
  facet normal 0 0 1
    outer loop
      vertex 2.92 -62.5 4
      vertex 3.97 -43.72 4
      vertex 2.92 -44.5 4
    endloop
  endfacet
  facet normal -0 0 1
    outer loop
      vertex 2.87001 -43.72 4
      vertex 2.92 -44.5 4
      vertex 3.97 -43.72 4
    endloop
  endfacet
  facet normal 0 0 1
    outer loop
      vertex 2.92 -44.5 4
      vertex 2.87001 -43.72 4
      vertex 2.87001 -44.5 4
    endloop
  endfacet
  facet normal 0 0 1
    outer loop
      vertex 4.03699 -98.9868 4
      vertex 3.02072 -99.4077 4
      vertex 3.13527 -99.64 4
    endloop
  endfacet
  facet normal 0 0 1
    outer loop
      vertex 3.99998 -98.8778 4
      vertex 2.93747 -99.1625 4
      vertex 3.02072 -99.4077 4
    endloop
  endfacet
  facet normal 0 0 1
    outer loop
      vertex 3.42652 -96.5954 4
      vertex 2.87001 -98.65 4
      vertex 3.4 -97 4
    endloop
  endfacet
  facet normal 0 0 1
    outer loop
      vertex 3.81532 -98.55 4
      vertex 2.88695 -98.9084 4
      vertex 2.93747 -99.1625 4
    endloop
  endfacet
  facet normal -0 0 1
    outer loop
      vertex 2.87001 -29.33 4
      vertex 3.97 -32.72 4
      vertex 3.97 -29.33 4
    endloop
  endfacet
  facet normal 0 0 1
    outer loop
      vertex 3.97 -32.72 4
      vertex 2.87001 -29.33 4
      vertex 2.87001 -32.72 4
    endloop
  endfacet
  facet normal -1 0 0
    outer loop
      vertex 2.87001 -18.33 0
      vertex 2.87001 -8.35001 4
      vertex 2.87001 -8.35001 0
    endloop
  endfacet
  facet normal -1 -0 0
    outer loop
      vertex 2.87001 -8.35001 4
      vertex 2.87001 -18.33 0
      vertex 2.87001 -18.33 4
    endloop
  endfacet
  facet normal -1 0 0
    outer loop
      vertex 2.87001 -43.72 0
      vertex 2.87001 -44.5 2.15
      vertex 2.87001 -43.72 4
    endloop
  endfacet
  facet normal -1 0 0
    outer loop
      vertex 2.87001 -43.72 0
      vertex 2.87001 -62.5 2.15
      vertex 2.87001 -44.5 2.15
    endloop
  endfacet
  facet normal -1 0 0
    outer loop
      vertex 2.87001 -98.65 0
      vertex 2.87001 -62.5 2.15
      vertex 2.87001 -43.72 0
    endloop
  endfacet
  facet normal -1 0 0
    outer loop
      vertex 2.87001 -98.65 4
      vertex 2.87001 -62.5 2.15
      vertex 2.87001 -98.65 0
    endloop
  endfacet
  facet normal -1 0 0
    outer loop
      vertex 2.87001 -62.5 2.15
      vertex 2.87001 -98.65 4
      vertex 2.87001 -62.5 4
    endloop
  endfacet
  facet normal -1 -0 0
    outer loop
      vertex 2.87001 -43.72 4
      vertex 2.87001 -44.5 2.15
      vertex 2.87001 -44.5 4
    endloop
  endfacet
  facet normal -1 0 0
    outer loop
      vertex 2.87001 -32.72 0
      vertex 2.87001 -29.33 4
      vertex 2.87001 -29.33 0
    endloop
  endfacet
  facet normal -1 -0 0
    outer loop
      vertex 2.87001 -29.33 4
      vertex 2.87001 -32.72 0
      vertex 2.87001 -32.72 4
    endloop
  endfacet
  facet normal 0 -1 0
    outer loop
      vertex 4.85001 -100.63 4
      vertex 41 -100.63 2.15
      vertex 41 -100.63 4
    endloop
  endfacet
  facet normal 0 -1 -0
    outer loop
      vertex 41 -100.63 2.15
      vertex 4.85001 -100.63 0
      vertex 59 -100.63 2.15
    endloop
  endfacet
  facet normal 0 -1 0
    outer loop
      vertex 4.85001 -100.63 0
      vertex 41 -100.63 2.15
      vertex 4.85001 -100.63 4
    endloop
  endfacet
  facet normal 0 -1 0
    outer loop
      vertex 59 -100.63 2.15
      vertex 95.15 -100.63 4
      vertex 59 -100.63 4
    endloop
  endfacet
  facet normal 0 -1 0
    outer loop
      vertex 59 -100.63 2.15
      vertex 95.15 -100.63 0
      vertex 95.15 -100.63 4
    endloop
  endfacet
  facet normal 0 -1 0
    outer loop
      vertex 95.15 -100.63 0
      vertex 59 -100.63 2.15
      vertex 4.85001 -100.63 0
    endloop
  endfacet
  facet normal 0.0654169 0.997858 -0
    outer loop
      vertex 95.4084 -6.38695 0
      vertex 95.15 -6.37001 4
      vertex 95.4084 -6.38695 4
    endloop
  endfacet
  facet normal 0.0654169 0.997858 0
    outer loop
      vertex 95.15 -6.37001 4
      vertex 95.4084 -6.38695 0
      vertex 95.15 -6.37001 0
    endloop
  endfacet
  facet normal 0 1 0
    outer loop
      vertex 95.15 -6.37001 4
      vertex 59 -6.37001 2.15
      vertex 59 -6.37001 4
    endloop
  endfacet
  facet normal 0 1 0
    outer loop
      vertex 59 -6.37001 2.15
      vertex 95.15 -6.37001 0
      vertex 41 -6.37001 2.15
    endloop
  endfacet
  facet normal 0 1 -0
    outer loop
      vertex 95.15 -6.37001 0
      vertex 59 -6.37001 2.15
      vertex 95.15 -6.37001 4
    endloop
  endfacet
  facet normal 0 1 -0
    outer loop
      vertex 41 -6.37001 2.15
      vertex 4.85001 -6.37001 4
      vertex 41 -6.37001 4
    endloop
  endfacet
  facet normal 0 1 0
    outer loop
      vertex 41 -6.37001 2.15
      vertex 4.85001 -6.37001 0
      vertex 4.85001 -6.37001 4
    endloop
  endfacet
  facet normal 0 1 0
    outer loop
      vertex 4.85001 -6.37001 0
      vertex 41 -6.37001 2.15
      vertex 95.15 -6.37001 0
    endloop
  endfacet
  facet normal 1 0 0
    outer loop
      vertex 97.13 -62.5 4
      vertex 97.13 -98.65 4
      vertex 97.13 -62.5 2.15
    endloop
  endfacet
  facet normal 1 0 0
    outer loop
      vertex 97.13 -44.5 2.15
      vertex 97.13 -8.35001 4
      vertex 97.13 -44.5 4
    endloop
  endfacet
  facet normal 1 0 0
    outer loop
      vertex 97.13 -8.35001 4
      vertex 97.13 -44.5 2.15
      vertex 97.13 -8.35001 0
    endloop
  endfacet
  facet normal 1 -0 0
    outer loop
      vertex 97.13 -62.5 2.15
      vertex 97.13 -8.35001 0
      vertex 97.13 -44.5 2.15
    endloop
  endfacet
  facet normal 1 0 0
    outer loop
      vertex 97.13 -62.5 2.15
      vertex 97.13 -98.65 0
      vertex 97.13 -8.35001 0
    endloop
  endfacet
  facet normal 1 0 0
    outer loop
      vertex 97.13 -98.65 0
      vertex 97.13 -62.5 2.15
      vertex 97.13 -98.65 4
    endloop
  endfacet
  facet normal -0.751794 0.659398 0
    outer loop
      vertex 3.27916 -7.14465 0
      vertex 3.44994 -6.94994 4
      vertex 3.44994 -6.94994 0
    endloop
  endfacet
  facet normal -0.751794 0.659398 0
    outer loop
      vertex 3.44994 -6.94994 4
      vertex 3.27916 -7.14465 0
      vertex 3.27916 -7.14465 4
    endloop
  endfacet
  facet normal -0.659878 -0.751373 0
    outer loop
      vertex 3.44994 -100.05 0
      vertex 3.64465 -100.221 4
      vertex 3.44994 -100.05 4
    endloop
  endfacet
  facet normal -0.659878 -0.751373 -0
    outer loop
      vertex 3.64465 -100.221 4
      vertex 3.44994 -100.05 0
      vertex 3.64465 -100.221 0
    endloop
  endfacet
  facet normal -0.32404 -0.946043 0
    outer loop
      vertex 4.0923 -100.479 0
      vertex 4.33754 -100.563 4
      vertex 4.0923 -100.479 4
    endloop
  endfacet
  facet normal -0.32404 -0.946043 -0
    outer loop
      vertex 4.33754 -100.563 4
      vertex 4.0923 -100.479 0
      vertex 4.33754 -100.563 0
    endloop
  endfacet
  facet normal 0.0656476 -0.997843 0
    outer loop
      vertex 95.15 -100.63 0
      vertex 95.4084 -100.613 4
      vertex 95.15 -100.63 4
    endloop
  endfacet
  facet normal 0.0656476 -0.997843 0
    outer loop
      vertex 95.4084 -100.613 4
      vertex 95.15 -100.63 0
      vertex 95.4084 -100.613 0
    endloop
  endfacet
  facet normal 0.442265 0.896885 -0
    outer loop
      vertex 96.14 -6.63527 0
      vertex 95.9077 -6.52072 4
      vertex 96.14 -6.63527 4
    endloop
  endfacet
  facet normal 0.442265 0.896885 0
    outer loop
      vertex 95.9077 -6.52072 4
      vertex 96.14 -6.63527 0
      vertex 95.9077 -6.52072 0
    endloop
  endfacet
  facet normal 0.659226 0.751945 -0
    outer loop
      vertex 96.5501 -6.94994 0
      vertex 96.3553 -6.77916 4
      vertex 96.5501 -6.94994 4
    endloop
  endfacet
  facet normal 0.659226 0.751945 0
    outer loop
      vertex 96.3553 -6.77916 4
      vertex 96.5501 -6.94994 0
      vertex 96.3553 -6.77916 0
    endloop
  endfacet
  facet normal 0.321494 0.946912 -0
    outer loop
      vertex 95.9077 -6.52072 0
      vertex 95.6625 -6.43747 4
      vertex 95.9077 -6.52072 4
    endloop
  endfacet
  facet normal 0.321494 0.946912 0
    outer loop
      vertex 95.6625 -6.43747 4
      vertex 95.9077 -6.52072 0
      vertex 95.6625 -6.43747 0
    endloop
  endfacet
  facet normal -0.0654068 0.997859 0
    outer loop
      vertex 4.85001 -6.37001 0
      vertex 4.59157 -6.38695 4
      vertex 4.85001 -6.37001 4
    endloop
  endfacet
  facet normal -0.0654068 0.997859 0
    outer loop
      vertex 4.59157 -6.38695 4
      vertex 4.85001 -6.37001 0
      vertex 4.59157 -6.38695 0
    endloop
  endfacet
  facet normal -0.442265 0.896885 0
    outer loop
      vertex 4.0923 -6.52072 0
      vertex 3.86 -6.63527 4
      vertex 4.0923 -6.52072 4
    endloop
  endfacet
  facet normal -0.442265 0.896885 0
    outer loop
      vertex 3.86 -6.63527 4
      vertex 4.0923 -6.52072 0
      vertex 3.86 -6.63527 0
    endloop
  endfacet
  facet normal -0.321447 0.946927 0
    outer loop
      vertex 4.33754 -6.43747 0
      vertex 4.0923 -6.52072 4
      vertex 4.33754 -6.43747 4
    endloop
  endfacet
  facet normal -0.321447 0.946927 0
    outer loop
      vertex 4.0923 -6.52072 4
      vertex 4.33754 -6.43747 0
      vertex 4.0923 -6.52072 0
    endloop
  endfacet
  facet normal -0.555564 0.831474 0
    outer loop
      vertex 3.86 -6.63527 0
      vertex 3.64465 -6.77916 4
      vertex 3.86 -6.63527 4
    endloop
  endfacet
  facet normal -0.555564 0.831474 0
    outer loop
      vertex 3.64465 -6.77916 4
      vertex 3.86 -6.63527 0
      vertex 3.64465 -6.77916 0
    endloop
  endfacet
  facet normal -0.946927 0.321447 0
    outer loop
      vertex 2.93747 -7.83754 0
      vertex 3.02072 -7.5923 4
      vertex 3.02072 -7.5923 0
    endloop
  endfacet
  facet normal -0.946927 0.321447 0
    outer loop
      vertex 3.02072 -7.5923 4
      vertex 2.93747 -7.83754 0
      vertex 2.93747 -7.83754 4
    endloop
  endfacet
  facet normal -0.980792 0.195054 0
    outer loop
      vertex 2.88695 -8.09157 0
      vertex 2.93747 -7.83754 4
      vertex 2.93747 -7.83754 0
    endloop
  endfacet
  facet normal -0.980792 0.195054 0
    outer loop
      vertex 2.93747 -7.83754 4
      vertex 2.88695 -8.09157 0
      vertex 2.88695 -8.09157 4
    endloop
  endfacet
  facet normal -0.831474 0.555564 0
    outer loop
      vertex 3.13527 -7.36 0
      vertex 3.27916 -7.14465 4
      vertex 3.27916 -7.14465 0
    endloop
  endfacet
  facet normal -0.831474 0.555564 0
    outer loop
      vertex 3.27916 -7.14465 4
      vertex 3.13527 -7.36 0
      vertex 3.13527 -7.36 4
    endloop
  endfacet
  facet normal -0.555858 -0.831277 0
    outer loop
      vertex 3.64465 -100.221 0
      vertex 3.86 -100.365 4
      vertex 3.64465 -100.221 4
    endloop
  endfacet
  facet normal -0.555858 -0.831277 -0
    outer loop
      vertex 3.86 -100.365 4
      vertex 3.64465 -100.221 0
      vertex 3.86 -100.365 0
    endloop
  endfacet
  facet normal -0.193122 -0.981175 0
    outer loop
      vertex 4.33754 -100.563 0
      vertex 4.59157 -100.613 4
      vertex 4.33754 -100.563 4
    endloop
  endfacet
  facet normal -0.193122 -0.981175 -0
    outer loop
      vertex 4.59157 -100.613 4
      vertex 4.33754 -100.563 0
      vertex 4.59157 -100.613 0
    endloop
  endfacet
  facet normal 0.555653 0.831414 -0
    outer loop
      vertex 96.3553 -6.77916 0
      vertex 96.14 -6.63527 4
      vertex 96.3553 -6.77916 4
    endloop
  endfacet
  facet normal 0.555653 0.831414 0
    outer loop
      vertex 96.14 -6.63527 4
      vertex 96.3553 -6.77916 0
      vertex 96.14 -6.63527 0
    endloop
  endfacet
  facet normal 0.195003 0.980803 -0
    outer loop
      vertex 95.6625 -6.43747 0
      vertex 95.4084 -6.38695 4
      vertex 95.6625 -6.43747 4
    endloop
  endfacet
  facet normal 0.195003 0.980803 0
    outer loop
      vertex 95.4084 -6.38695 4
      vertex 95.6625 -6.43747 0
      vertex 95.4084 -6.38695 0
    endloop
  endfacet
  facet normal 0.946986 0.321274 0
    outer loop
      vertex 97.0625 -7.83754 4
      vertex 96.9793 -7.5923 0
      vertex 96.9793 -7.5923 4
    endloop
  endfacet
  facet normal 0.946986 0.321274 0
    outer loop
      vertex 96.9793 -7.5923 0
      vertex 97.0625 -7.83754 4
      vertex 97.0625 -7.83754 0
    endloop
  endfacet
  facet normal 0.896808 -0.44242 0
    outer loop
      vertex 96.8647 -99.64 4
      vertex 96.9793 -99.4077 0
      vertex 96.9793 -99.4077 4
    endloop
  endfacet
  facet normal 0.896808 -0.44242 0
    outer loop
      vertex 96.9793 -99.4077 0
      vertex 96.8647 -99.64 4
      vertex 96.8647 -99.64 0
    endloop
  endfacet
  facet normal 0.831396 -0.55568 0
    outer loop
      vertex 96.7208 -99.8553 4
      vertex 96.8647 -99.64 0
      vertex 96.8647 -99.64 4
    endloop
  endfacet
  facet normal 0.831396 -0.55568 0
    outer loop
      vertex 96.8647 -99.64 0
      vertex 96.7208 -99.8553 4
      vertex 96.7208 -99.8553 0
    endloop
  endfacet
  facet normal 0.980744 -0.1953 0
    outer loop
      vertex 97.0625 -99.1625 4
      vertex 97.1131 -98.9084 0
      vertex 97.1131 -98.9084 4
    endloop
  endfacet
  facet normal 0.980744 -0.1953 0
    outer loop
      vertex 97.1131 -98.9084 0
      vertex 97.0625 -99.1625 4
      vertex 97.0625 -99.1625 0
    endloop
  endfacet
  facet normal 0.659706 -0.751524 0
    outer loop
      vertex 96.3553 -100.221 0
      vertex 96.5501 -100.05 4
      vertex 96.3553 -100.221 4
    endloop
  endfacet
  facet normal 0.659706 -0.751524 0
    outer loop
      vertex 96.5501 -100.05 4
      vertex 96.3553 -100.221 0
      vertex 96.5501 -100.05 0
    endloop
  endfacet
  facet normal 0.440554 -0.897726 0
    outer loop
      vertex 95.9077 -100.479 0
      vertex 96.14 -100.365 4
      vertex 95.9077 -100.479 4
    endloop
  endfacet
  facet normal 0.440554 -0.897726 0
    outer loop
      vertex 96.14 -100.365 4
      vertex 95.9077 -100.479 0
      vertex 96.14 -100.365 0
    endloop
  endfacet
  facet normal -0.659398 0.751794 0
    outer loop
      vertex 3.64465 -6.77916 0
      vertex 3.44994 -6.94994 4
      vertex 3.64465 -6.77916 4
    endloop
  endfacet
  facet normal -0.659398 0.751794 0
    outer loop
      vertex 3.44994 -6.94994 4
      vertex 3.64465 -6.77916 0
      vertex 3.44994 -6.94994 0
    endloop
  endfacet
  facet normal -0.896885 0.442265 0
    outer loop
      vertex 3.02072 -7.5923 0
      vertex 3.13527 -7.36 4
      vertex 3.13527 -7.36 0
    endloop
  endfacet
  facet normal -0.896885 0.442265 0
    outer loop
      vertex 3.13527 -7.36 4
      vertex 3.02072 -7.5923 0
      vertex 3.02072 -7.5923 4
    endloop
  endfacet
  facet normal -0.997858 -0.0654169 0
    outer loop
      vertex 2.88695 -98.9084 0
      vertex 2.87001 -98.65 4
      vertex 2.87001 -98.65 0
    endloop
  endfacet
  facet normal -0.997858 -0.0654169 0
    outer loop
      vertex 2.87001 -98.65 4
      vertex 2.88695 -98.9084 0
      vertex 2.88695 -98.9084 4
    endloop
  endfacet
  facet normal -0.946912 -0.321494 0
    outer loop
      vertex 3.02072 -99.4077 0
      vertex 2.93747 -99.1625 4
      vertex 2.93747 -99.1625 0
    endloop
  endfacet
  facet normal -0.946912 -0.321494 0
    outer loop
      vertex 2.93747 -99.1625 4
      vertex 3.02072 -99.4077 0
      vertex 3.02072 -99.4077 4
    endloop
  endfacet
  facet normal -0.896885 -0.442265 0
    outer loop
      vertex 3.13527 -99.64 0
      vertex 3.02072 -99.4077 4
      vertex 3.02072 -99.4077 0
    endloop
  endfacet
  facet normal -0.896885 -0.442265 0
    outer loop
      vertex 3.02072 -99.4077 4
      vertex 3.13527 -99.64 0
      vertex 3.13527 -99.64 4
    endloop
  endfacet
  facet normal -0.751777 -0.659417 0
    outer loop
      vertex 3.44994 -100.05 0
      vertex 3.27916 -99.8553 4
      vertex 3.27916 -99.8553 0
    endloop
  endfacet
  facet normal -0.751777 -0.659417 0
    outer loop
      vertex 3.27916 -99.8553 4
      vertex 3.44994 -100.05 0
      vertex 3.44994 -100.05 4
    endloop
  endfacet
  facet normal -0.440554 -0.897726 0
    outer loop
      vertex 3.86 -100.365 0
      vertex 4.0923 -100.479 4
      vertex 3.86 -100.365 4
    endloop
  endfacet
  facet normal -0.440554 -0.897726 -0
    outer loop
      vertex 4.0923 -100.479 4
      vertex 3.86 -100.365 0
      vertex 4.0923 -100.479 0
    endloop
  endfacet
  facet normal -0.0656374 -0.997844 0
    outer loop
      vertex 4.59157 -100.613 0
      vertex 4.85001 -100.63 4
      vertex 4.59157 -100.613 4
    endloop
  endfacet
  facet normal -0.0656374 -0.997844 -0
    outer loop
      vertex 4.85001 -100.63 4
      vertex 4.59157 -100.613 0
      vertex 4.85001 -100.63 0
    endloop
  endfacet
  facet normal 0.980733 0.195351 0
    outer loop
      vertex 97.1131 -8.09157 4
      vertex 97.0625 -7.83754 0
      vertex 97.0625 -7.83754 4
    endloop
  endfacet
  facet normal 0.980733 0.195351 0
    outer loop
      vertex 97.0625 -7.83754 0
      vertex 97.1131 -8.09157 4
      vertex 97.1131 -8.09157 0
    endloop
  endfacet
  facet normal 0.997869 0.065253 0
    outer loop
      vertex 97.13 -8.35001 4
      vertex 97.1131 -8.09157 0
      vertex 97.1131 -8.09157 4
    endloop
  endfacet
  facet normal 0.997869 0.065253 0
    outer loop
      vertex 97.1131 -8.09157 0
      vertex 97.13 -8.35001 4
      vertex 97.13 -8.35001 0
    endloop
  endfacet
  facet normal 0.831456 0.555591 0
    outer loop
      vertex 96.8647 -7.36 4
      vertex 96.7208 -7.14465 0
      vertex 96.7208 -7.14465 4
    endloop
  endfacet
  facet normal 0.831456 0.555591 0
    outer loop
      vertex 96.7208 -7.14465 0
      vertex 96.8647 -7.36 4
      vertex 96.8647 -7.36 0
    endloop
  endfacet
  facet normal 0.997868 -0.065263 0
    outer loop
      vertex 97.1131 -98.9084 4
      vertex 97.13 -98.65 0
      vertex 97.13 -98.65 4
    endloop
  endfacet
  facet normal 0.997868 -0.065263 0
    outer loop
      vertex 97.13 -98.65 0
      vertex 97.1131 -98.9084 4
      vertex 97.1131 -98.9084 0
    endloop
  endfacet
  facet normal 0.75193 -0.659243 0
    outer loop
      vertex 96.5501 -100.05 4
      vertex 96.7208 -99.8553 0
      vertex 96.7208 -99.8553 4
    endloop
  endfacet
  facet normal 0.75193 -0.659243 0
    outer loop
      vertex 96.7208 -99.8553 0
      vertex 96.5501 -100.05 4
      vertex 96.5501 -100.05 0
    endloop
  endfacet
  facet normal 0.555947 -0.831218 0
    outer loop
      vertex 96.14 -100.365 0
      vertex 96.3553 -100.221 4
      vertex 96.14 -100.365 4
    endloop
  endfacet
  facet normal 0.555947 -0.831218 0
    outer loop
      vertex 96.3553 -100.221 4
      vertex 96.14 -100.365 0
      vertex 96.3553 -100.221 0
    endloop
  endfacet
  facet normal -0.980803 -0.195003 0
    outer loop
      vertex 2.93747 -99.1625 0
      vertex 2.88695 -98.9084 4
      vertex 2.88695 -98.9084 0
    endloop
  endfacet
  facet normal -0.980803 -0.195003 0
    outer loop
      vertex 2.88695 -98.9084 4
      vertex 2.93747 -99.1625 0
      vertex 2.93747 -99.1625 4
    endloop
  endfacet
  facet normal -0.831414 -0.555653 0
    outer loop
      vertex 3.27916 -99.8553 0
      vertex 3.13527 -99.64 4
      vertex 3.13527 -99.64 0
    endloop
  endfacet
  facet normal -0.831414 -0.555653 0
    outer loop
      vertex 3.13527 -99.64 4
      vertex 3.27916 -99.8553 0
      vertex 3.27916 -99.8553 4
    endloop
  endfacet
  facet normal 0.896808 0.44242 0
    outer loop
      vertex 96.9793 -7.5923 4
      vertex 96.8647 -7.36 0
      vertex 96.8647 -7.36 4
    endloop
  endfacet
  facet normal 0.896808 0.44242 0
    outer loop
      vertex 96.8647 -7.36 0
      vertex 96.9793 -7.5923 4
      vertex 96.9793 -7.5923 0
    endloop
  endfacet
  facet normal 0.94697 -0.321321 0
    outer loop
      vertex 96.9793 -99.4077 4
      vertex 97.0625 -99.1625 0
      vertex 97.0625 -99.1625 4
    endloop
  endfacet
  facet normal 0.94697 -0.321321 0
    outer loop
      vertex 97.0625 -99.1625 0
      vertex 96.9793 -99.4077 4
      vertex 96.9793 -99.4077 0
    endloop
  endfacet
  facet normal -0.321435 0.946931 0
    outer loop
      vertex 95.4868 -99.463 2.2
      vertex 95.3778 -99.5 4
      vertex 95.4868 -99.463 4
    endloop
  endfacet
  facet normal -0.321435 0.946931 0
    outer loop
      vertex 95.3778 -99.5 4
      vertex 95.4868 -99.463 2.2
      vertex 95.3778 -99.5 2.2
    endloop
  endfacet
  facet normal 0.19493 -0.980817 0
    outer loop
      vertex 4.62224 -7.49998 2.2
      vertex 4.6954 -7.48544 4
      vertex 4.62224 -7.49998 4
    endloop
  endfacet
  facet normal 0.19493 -0.980817 0
    outer loop
      vertex 4.6954 -7.48544 4
      vertex 4.62224 -7.49998 2.2
      vertex 4.6954 -7.48544 2.2
    endloop
  endfacet
  facet normal -0.195601 0.980684 0
    outer loop
      vertex 95.3778 -99.5 2.2
      vertex 95.3046 -99.5146 4
      vertex 95.3778 -99.5 4
    endloop
  endfacet
  facet normal -0.195601 0.980684 0
    outer loop
      vertex 95.3046 -99.5146 4
      vertex 95.3778 -99.5 2.2
      vertex 95.3046 -99.5146 2.2
    endloop
  endfacet
  facet normal -0.75185 -0.659334 0
    outer loop
      vertex 95.8481 -7.8143 2.2
      vertex 95.7722 -7.72775 4
      vertex 95.7722 -7.72775 2.2
    endloop
  endfacet
  facet normal -0.75185 -0.659334 0
    outer loop
      vertex 95.7722 -7.72775 4
      vertex 95.8481 -7.8143 2.2
      vertex 95.8481 -7.8143 4
    endloop
  endfacet
  facet normal 1 -0 0
    outer loop
      vertex 3.97 -95.2185 4
      vertex 3.97 -43.72 2.2
      vertex 3.97 -43.72 4
    endloop
  endfacet
  facet normal 1 0 0
    outer loop
      vertex 3.97 -43.72 2.2
      vertex 3.97 -95.2185 4
      vertex 3.97 -95.2185 2.2
    endloop
  endfacet
  facet normal 1 -0 0
    outer loop
      vertex 3.97 -18.33 4
      vertex 3.97 -11.7815 2.2
      vertex 3.97 -11.7815 4
    endloop
  endfacet
  facet normal 1 0 0
    outer loop
      vertex 3.97 -11.7815 2.2
      vertex 3.97 -18.33 4
      vertex 3.97 -18.33 2.2
    endloop
  endfacet
  facet normal 1 -0 0
    outer loop
      vertex 3.97 -32.72 4
      vertex 3.97 -29.33 2.2
      vertex 3.97 -29.33 4
    endloop
  endfacet
  facet normal 1 0 0
    outer loop
      vertex 3.97 -29.33 2.2
      vertex 3.97 -32.72 4
      vertex 3.97 -32.72 2.2
    endloop
  endfacet
  facet normal 0 1 -0
    outer loop
      vertex 91.7185 -99.53 2.2
      vertex 8.28149 -99.53 4
      vertex 91.7185 -99.53 4
    endloop
  endfacet
  facet normal 0 1 0
    outer loop
      vertex 8.28149 -99.53 4
      vertex 91.7185 -99.53 2.2
      vertex 8.28149 -99.53 2.2
    endloop
  endfacet
  facet normal -0.555602 -0.831448 0
    outer loop
      vertex 95.59 -7.58791 2.2
      vertex 95.6857 -7.65186 4
      vertex 95.59 -7.58791 4
    endloop
  endfacet
  facet normal -0.555602 -0.831448 -0
    outer loop
      vertex 95.6857 -7.65186 4
      vertex 95.59 -7.58791 2.2
      vertex 95.6857 -7.65186 2.2
    endloop
  endfacet
  facet normal 0 -1 0
    outer loop
      vertex 8.28149 -7.47 2.2
      vertex 91.7185 -7.47 4
      vertex 8.28149 -7.47 4
    endloop
  endfacet
  facet normal 0 -1 -0
    outer loop
      vertex 91.7185 -7.47 4
      vertex 8.28149 -7.47 2.2
      vertex 91.7185 -7.47 2.2
    endloop
  endfacet
  facet normal -1 0 0
    outer loop
      vertex 96.03 -95.2185 2.2
      vertex 96.03 -11.7815 4
      vertex 96.03 -11.7815 2.2
    endloop
  endfacet
  facet normal -1 -0 0
    outer loop
      vertex 96.03 -11.7815 4
      vertex 96.03 -95.2185 2.2
      vertex 96.03 -95.2185 4
    endloop
  endfacet
  facet normal -0.751661 0.65955 0
    outer loop
      vertex 95.7722 -99.2722 2.2
      vertex 95.8481 -99.1857 4
      vertex 95.8481 -99.1857 2.2
    endloop
  endfacet
  facet normal -0.751661 0.65955 0
    outer loop
      vertex 95.8481 -99.1857 4
      vertex 95.7722 -99.2722 2.2
      vertex 95.7722 -99.2722 4
    endloop
  endfacet
  facet normal 0.659285 -0.751893 0
    outer loop
      vertex 4.22775 -7.72775 2.2
      vertex 4.3143 -7.65186 4
      vertex 4.22775 -7.72775 4
    endloop
  endfacet
  facet normal 0.659285 -0.751893 0
    outer loop
      vertex 4.3143 -7.65186 4
      vertex 4.22775 -7.72775 2.2
      vertex 4.3143 -7.65186 2.2
    endloop
  endfacet
  facet normal 0.321435 0.946931 -0
    outer loop
      vertex 4.62224 -99.5 2.2
      vertex 4.51324 -99.463 4
      vertex 4.62224 -99.5 4
    endloop
  endfacet
  facet normal 0.321435 0.946931 0
    outer loop
      vertex 4.51324 -99.463 4
      vertex 4.62224 -99.5 2.2
      vertex 4.51324 -99.463 2.2
    endloop
  endfacet
  facet normal -0.44248 -0.896778 0
    outer loop
      vertex 95.4868 -7.53699 2.2
      vertex 95.59 -7.58791 4
      vertex 95.4868 -7.53699 4
    endloop
  endfacet
  facet normal -0.44248 -0.896778 -0
    outer loop
      vertex 95.59 -7.58791 4
      vertex 95.4868 -7.53699 2.2
      vertex 95.59 -7.58791 2.2
    endloop
  endfacet
  facet normal -0.321513 -0.946905 0
    outer loop
      vertex 95.3778 -7.49998 2.2
      vertex 95.4868 -7.53699 4
      vertex 95.3778 -7.49998 4
    endloop
  endfacet
  facet normal -0.321513 -0.946905 -0
    outer loop
      vertex 95.4868 -7.53699 4
      vertex 95.3778 -7.49998 2.2
      vertex 95.4868 -7.53699 2.2
    endloop
  endfacet
  facet normal -0.980684 0.195601 0
    outer loop
      vertex 96 -98.8778 2.2
      vertex 96.0146 -98.8046 4
      vertex 96.0146 -98.8046 2.2
    endloop
  endfacet
  facet normal -0.980684 0.195601 0
    outer loop
      vertex 96.0146 -98.8046 4
      vertex 96 -98.8778 2.2
      vertex 96 -98.8778 4
    endloop
  endfacet
  facet normal 0.321513 -0.946905 0
    outer loop
      vertex 4.51324 -7.53699 2.2
      vertex 4.62224 -7.49998 4
      vertex 4.51324 -7.53699 4
    endloop
  endfacet
  facet normal 0.321513 -0.946905 0
    outer loop
      vertex 4.62224 -7.49998 4
      vertex 4.51324 -7.53699 2.2
      vertex 4.62224 -7.49998 2.2
    endloop
  endfacet
  facet normal 0.751893 -0.659285 0
    outer loop
      vertex 4.15186 -7.8143 4
      vertex 4.22775 -7.72775 2.2
      vertex 4.22775 -7.72775 4
    endloop
  endfacet
  facet normal 0.751893 -0.659285 0
    outer loop
      vertex 4.22775 -7.72775 2.2
      vertex 4.15186 -7.8143 4
      vertex 4.15186 -7.8143 2.2
    endloop
  endfacet
  facet normal 0.896846 -0.442342 0
    outer loop
      vertex 4.03699 -8.01324 4
      vertex 4.08791 -7.91 2.2
      vertex 4.08791 -7.91 4
    endloop
  endfacet
  facet normal 0.896846 -0.442342 0
    outer loop
      vertex 4.08791 -7.91 2.2
      vertex 4.03699 -8.01324 4
      vertex 4.03699 -8.01324 2.2
    endloop
  endfacet
  facet normal 0.946905 -0.321513 0
    outer loop
      vertex 3.99998 -8.12224 4
      vertex 4.03699 -8.01324 2.2
      vertex 4.03699 -8.01324 4
    endloop
  endfacet
  facet normal 0.946905 -0.321513 0
    outer loop
      vertex 4.03699 -8.01324 2.2
      vertex 3.99998 -8.12224 4
      vertex 3.99998 -8.12224 2.2
    endloop
  endfacet
  facet normal 0.946905 0.321513 0
    outer loop
      vertex 4.03699 -98.9868 4
      vertex 3.99998 -98.8778 2.2
      vertex 3.99998 -98.8778 4
    endloop
  endfacet
  facet normal 0.946905 0.321513 0
    outer loop
      vertex 3.99998 -98.8778 2.2
      vertex 4.03699 -98.9868 4
      vertex 4.03699 -98.9868 2.2
    endloop
  endfacet
  facet normal 0.896778 0.44248 0
    outer loop
      vertex 4.08791 -99.09 4
      vertex 4.03699 -98.9868 2.2
      vertex 4.03699 -98.9868 4
    endloop
  endfacet
  facet normal 0.896778 0.44248 0
    outer loop
      vertex 4.03699 -98.9868 2.2
      vertex 4.08791 -99.09 4
      vertex 4.08791 -99.09 2.2
    endloop
  endfacet
  facet normal 0.659334 0.75185 -0
    outer loop
      vertex 4.3143 -99.3481 2.2
      vertex 4.22775 -99.2722 4
      vertex 4.3143 -99.3481 4
    endloop
  endfacet
  facet normal 0.659334 0.75185 0
    outer loop
      vertex 4.22775 -99.2722 4
      vertex 4.3143 -99.3481 2.2
      vertex 4.22775 -99.2722 2.2
    endloop
  endfacet
  facet normal 0.442202 0.896915 -0
    outer loop
      vertex 4.51324 -99.463 2.2
      vertex 4.41 -99.4121 4
      vertex 4.51324 -99.463 4
    endloop
  endfacet
  facet normal 0.442202 0.896915 0
    outer loop
      vertex 4.41 -99.4121 4
      vertex 4.51324 -99.463 2.2
      vertex 4.41 -99.4121 2.2
    endloop
  endfacet
  facet normal 0.195704 0.980663 -0
    outer loop
      vertex 4.6954 -99.5146 2.2
      vertex 4.62224 -99.5 4
      vertex 4.6954 -99.5146 4
    endloop
  endfacet
  facet normal 0.195704 0.980663 0
    outer loop
      vertex 4.62224 -99.5 4
      vertex 4.6954 -99.5146 2.2
      vertex 4.62224 -99.5 2.2
    endloop
  endfacet
  facet normal -0.659501 -0.751704 0
    outer loop
      vertex 95.6857 -7.65186 2.2
      vertex 95.7722 -7.72775 4
      vertex 95.6857 -7.65186 4
    endloop
  endfacet
  facet normal -0.659501 -0.751704 -0
    outer loop
      vertex 95.7722 -7.72775 4
      vertex 95.6857 -7.65186 2.2
      vertex 95.7722 -7.72775 2.2
    endloop
  endfacet
  facet normal -0.946931 -0.321435 0
    outer loop
      vertex 96 -8.12224 2.2
      vertex 95.963 -8.01324 4
      vertex 95.963 -8.01324 2.2
    endloop
  endfacet
  facet normal -0.946931 -0.321435 0
    outer loop
      vertex 95.963 -8.01324 4
      vertex 96 -8.12224 2.2
      vertex 96 -8.12224 4
    endloop
  endfacet
  facet normal -0.896915 -0.442202 0
    outer loop
      vertex 95.963 -8.01324 2.2
      vertex 95.9121 -7.91 4
      vertex 95.9121 -7.91 2.2
    endloop
  endfacet
  facet normal -0.896915 -0.442202 0
    outer loop
      vertex 95.9121 -7.91 4
      vertex 95.963 -8.01324 2.2
      vertex 95.963 -8.01324 4
    endloop
  endfacet
  facet normal -0.896847 0.44234 0
    outer loop
      vertex 95.9121 -99.09 2.2
      vertex 95.963 -98.9868 4
      vertex 95.963 -98.9868 2.2
    endloop
  endfacet
  facet normal -0.896847 0.44234 0
    outer loop
      vertex 95.963 -98.9868 4
      vertex 95.9121 -99.09 2.2
      vertex 95.9121 -99.09 4
    endloop
  endfacet
  facet normal -0.44234 0.896847 0
    outer loop
      vertex 95.59 -99.4121 2.2
      vertex 95.4868 -99.463 4
      vertex 95.59 -99.4121 4
    endloop
  endfacet
  facet normal -0.44234 0.896847 0
    outer loop
      vertex 95.4868 -99.463 4
      vertex 95.59 -99.4121 2.2
      vertex 95.4868 -99.463 2.2
    endloop
  endfacet
  facet normal 0.555602 -0.831448 0
    outer loop
      vertex 4.3143 -7.65186 2.2
      vertex 4.41 -7.58791 4
      vertex 4.3143 -7.65186 4
    endloop
  endfacet
  facet normal 0.555602 -0.831448 0
    outer loop
      vertex 4.41 -7.58791 4
      vertex 4.3143 -7.65186 2.2
      vertex 4.41 -7.58791 2.2
    endloop
  endfacet
  facet normal 0.442342 -0.896846 0
    outer loop
      vertex 4.41 -7.58791 2.2
      vertex 4.51324 -7.53699 4
      vertex 4.41 -7.58791 4
    endloop
  endfacet
  facet normal 0.442342 -0.896846 0
    outer loop
      vertex 4.51324 -7.53699 4
      vertex 4.41 -7.58791 2.2
      vertex 4.51324 -7.53699 2.2
    endloop
  endfacet
  facet normal 0.980817 -0.19493 0
    outer loop
      vertex 3.98544 -8.1954 4
      vertex 3.99998 -8.12224 2.2
      vertex 3.99998 -8.12224 4
    endloop
  endfacet
  facet normal 0.980817 -0.19493 0
    outer loop
      vertex 3.99998 -8.12224 2.2
      vertex 3.98544 -8.1954 4
      vertex 3.98544 -8.1954 2.2
    endloop
  endfacet
  facet normal 0.831448 -0.555602 0
    outer loop
      vertex 4.08791 -7.91 4
      vertex 4.15186 -7.8143 2.2
      vertex 4.15186 -7.8143 4
    endloop
  endfacet
  facet normal 0.831448 -0.555602 0
    outer loop
      vertex 4.15186 -7.8143 2.2
      vertex 4.08791 -7.91 4
      vertex 4.08791 -7.91 2.2
    endloop
  endfacet
  facet normal 0.980838 0.194828 0
    outer loop
      vertex 3.99998 -98.8778 4
      vertex 3.98544 -98.8046 2.2
      vertex 3.98544 -98.8046 4
    endloop
  endfacet
  facet normal 0.980838 0.194828 0
    outer loop
      vertex 3.98544 -98.8046 2.2
      vertex 3.99998 -98.8778 4
      vertex 3.99998 -98.8778 2.2
    endloop
  endfacet
  facet normal 0.831448 0.555602 0
    outer loop
      vertex 4.15186 -99.1857 4
      vertex 4.08791 -99.09 2.2
      vertex 4.08791 -99.09 4
    endloop
  endfacet
  facet normal 0.831448 0.555602 0
    outer loop
      vertex 4.08791 -99.09 2.2
      vertex 4.15186 -99.1857 4
      vertex 4.15186 -99.1857 2.2
    endloop
  endfacet
  facet normal 0.555902 0.831248 -0
    outer loop
      vertex 4.41 -99.4121 2.2
      vertex 4.3143 -99.3481 4
      vertex 4.41 -99.4121 4
    endloop
  endfacet
  facet normal 0.555902 0.831248 0
    outer loop
      vertex 4.3143 -99.3481 4
      vertex 4.41 -99.4121 2.2
      vertex 4.3143 -99.3481 2.2
    endloop
  endfacet
  facet normal -0.194828 -0.980838 0
    outer loop
      vertex 95.3046 -7.48544 2.2
      vertex 95.3778 -7.49998 4
      vertex 95.3046 -7.48544 4
    endloop
  endfacet
  facet normal -0.194828 -0.980838 -0
    outer loop
      vertex 95.3778 -7.49998 4
      vertex 95.3046 -7.48544 2.2
      vertex 95.3778 -7.49998 2.2
    endloop
  endfacet
  facet normal -0.980663 -0.195704 0
    outer loop
      vertex 96.0146 -8.1954 2.2
      vertex 96 -8.12224 4
      vertex 96 -8.12224 2.2
    endloop
  endfacet
  facet normal -0.980663 -0.195704 0
    outer loop
      vertex 96 -8.12224 4
      vertex 96.0146 -8.1954 2.2
      vertex 96.0146 -8.1954 4
    endloop
  endfacet
  facet normal -0.946931 0.321435 0
    outer loop
      vertex 95.963 -98.9868 2.2
      vertex 96 -98.8778 4
      vertex 96 -98.8778 2.2
    endloop
  endfacet
  facet normal -0.946931 0.321435 0
    outer loop
      vertex 96 -98.8778 4
      vertex 95.963 -98.9868 2.2
      vertex 95.963 -98.9868 4
    endloop
  endfacet
  facet normal -0.831248 0.555902 0
    outer loop
      vertex 95.8481 -99.1857 2.2
      vertex 95.9121 -99.09 4
      vertex 95.9121 -99.09 2.2
    endloop
  endfacet
  facet normal -0.831248 0.555902 0
    outer loop
      vertex 95.9121 -99.09 4
      vertex 95.8481 -99.1857 2.2
      vertex 95.8481 -99.1857 4
    endloop
  endfacet
  facet normal -0.555902 0.831248 0
    outer loop
      vertex 95.6857 -99.3481 2.2
      vertex 95.59 -99.4121 4
      vertex 95.6857 -99.3481 4
    endloop
  endfacet
  facet normal -0.555902 0.831248 0
    outer loop
      vertex 95.59 -99.4121 4
      vertex 95.6857 -99.3481 2.2
      vertex 95.59 -99.4121 2.2
    endloop
  endfacet
  facet normal 0.751704 0.659501 0
    outer loop
      vertex 4.22775 -99.2722 4
      vertex 4.15186 -99.1857 2.2
      vertex 4.15186 -99.1857 4
    endloop
  endfacet
  facet normal 0.751704 0.659501 0
    outer loop
      vertex 4.15186 -99.1857 2.2
      vertex 4.22775 -99.2722 4
      vertex 4.22775 -99.2722 2.2
    endloop
  endfacet
  facet normal -0.831248 -0.555902 0
    outer loop
      vertex 95.9121 -7.91 2.2
      vertex 95.8481 -7.8143 4
      vertex 95.8481 -7.8143 2.2
    endloop
  endfacet
  facet normal -0.831248 -0.555902 0
    outer loop
      vertex 95.8481 -7.8143 4
      vertex 95.9121 -7.91 2.2
      vertex 95.9121 -7.91 4
    endloop
  endfacet
  facet normal -0.65955 0.751661 0
    outer loop
      vertex 95.7722 -99.2722 2.2
      vertex 95.6857 -99.3481 4
      vertex 95.7722 -99.2722 4
    endloop
  endfacet
  facet normal -0.65955 0.751661 0
    outer loop
      vertex 95.6857 -99.3481 4
      vertex 95.7722 -99.2722 2.2
      vertex 95.6857 -99.3481 2.2
    endloop
  endfacet
  facet normal -1 0 0
    outer loop
      vertex 2.57 -62.5 2.15
      vertex 2.57 -44.5 4
      vertex 2.57 -44.5 2.15
    endloop
  endfacet
  facet normal -1 -0 0
    outer loop
      vertex 2.57 -44.5 4
      vertex 2.57 -62.5 2.15
      vertex 2.57 -62.5 4
    endloop
  endfacet
  facet normal -0 0 1
    outer loop
      vertex 2.57 -44.5 4
      vertex 2.92 -62.5 4
      vertex 2.92 -44.5 4
    endloop
  endfacet
  facet normal 0 0 1
    outer loop
      vertex 2.92 -62.5 4
      vertex 2.57 -44.5 4
      vertex 2.57 -62.5 4
    endloop
  endfacet
  facet normal 0 0 0
    outer loop
      vertex 2.92 -44.5 4
      vertex 2.87001 -44.5 4
      vertex 2.57 -44.5 4
    endloop
  endfacet
  facet normal 0 1 -0
    outer loop
      vertex 2.87001 -44.5 2.15
      vertex 2.57 -44.5 4
      vertex 2.87001 -44.5 4
    endloop
  endfacet
  facet normal 0 1 0
    outer loop
      vertex 2.57 -44.5 4
      vertex 2.87001 -44.5 2.15
      vertex 2.57 -44.5 2.15
    endloop
  endfacet
  facet normal 0 0 -1
    outer loop
      vertex 2.57 -62.5 2.15
      vertex 2.87001 -44.5 2.15
      vertex 2.87001 -62.5 2.15
    endloop
  endfacet
  facet normal -0 0 -1
    outer loop
      vertex 2.87001 -44.5 2.15
      vertex 2.57 -62.5 2.15
      vertex 2.57 -44.5 2.15
    endloop
  endfacet
  facet normal 0 0 0
    outer loop
      vertex 2.57 -62.5 4
      vertex 2.87001 -62.5 4
      vertex 2.92 -62.5 4
    endloop
  endfacet
  facet normal 0 -1 0
    outer loop
      vertex 2.57 -62.5 2.15
      vertex 2.87001 -62.5 4
      vertex 2.57 -62.5 4
    endloop
  endfacet
  facet normal 0 -1 -0
    outer loop
      vertex 2.87001 -62.5 4
      vertex 2.57 -62.5 2.15
      vertex 2.87001 -62.5 2.15
    endloop
  endfacet
  facet normal -0 0 1
    outer loop
      vertex 97.08 -44.5 4
      vertex 97.43 -62.5 4
      vertex 97.43 -44.5 4
    endloop
  endfacet
  facet normal 0 0 1
    outer loop
      vertex 97.43 -62.5 4
      vertex 97.08 -44.5 4
      vertex 97.08 -62.5 4
    endloop
  endfacet
  facet normal 1 -0 0
    outer loop
      vertex 97.43 -62.5 4
      vertex 97.43 -44.5 2.15
      vertex 97.43 -44.5 4
    endloop
  endfacet
  facet normal 1 0 0
    outer loop
      vertex 97.43 -44.5 2.15
      vertex 97.43 -62.5 4
      vertex 97.43 -62.5 2.15
    endloop
  endfacet
  facet normal 0 0 -1
    outer loop
      vertex 97.13 -62.5 2.15
      vertex 97.43 -44.5 2.15
      vertex 97.43 -62.5 2.15
    endloop
  endfacet
  facet normal -0 0 -1
    outer loop
      vertex 97.43 -44.5 2.15
      vertex 97.13 -62.5 2.15
      vertex 97.13 -44.5 2.15
    endloop
  endfacet
  facet normal 0 0 0
    outer loop
      vertex 97.08 -62.5 4
      vertex 97.13 -62.5 4
      vertex 97.43 -62.5 4
    endloop
  endfacet
  facet normal 0 -1 0
    outer loop
      vertex 97.13 -62.5 2.15
      vertex 97.43 -62.5 4
      vertex 97.13 -62.5 4
    endloop
  endfacet
  facet normal 0 -1 -0
    outer loop
      vertex 97.43 -62.5 4
      vertex 97.13 -62.5 2.15
      vertex 97.43 -62.5 2.15
    endloop
  endfacet
  facet normal 0 0 0
    outer loop
      vertex 97.43 -44.5 4
      vertex 97.13 -44.5 4
      vertex 97.08 -44.5 4
    endloop
  endfacet
  facet normal 0 1 -0
    outer loop
      vertex 97.43 -44.5 2.15
      vertex 97.13 -44.5 4
      vertex 97.43 -44.5 4
    endloop
  endfacet
  facet normal 0 1 0
    outer loop
      vertex 97.13 -44.5 4
      vertex 97.43 -44.5 2.15
      vertex 97.13 -44.5 2.15
    endloop
  endfacet
  facet normal 0 -1 0
    outer loop
      vertex 41 -100.93 2.15
      vertex 59 -100.93 4
      vertex 41 -100.93 4
    endloop
  endfacet
  facet normal 0 -1 -0
    outer loop
      vertex 59 -100.93 4
      vertex 41 -100.93 2.15
      vertex 59 -100.93 2.15
    endloop
  endfacet
  facet normal -0 0 1
    outer loop
      vertex 41 -100.58 4
      vertex 59 -100.93 4
      vertex 59 -100.58 4
    endloop
  endfacet
  facet normal 0 0 1
    outer loop
      vertex 59 -100.93 4
      vertex 41 -100.58 4
      vertex 41 -100.93 4
    endloop
  endfacet
  facet normal -1 0 0
    outer loop
      vertex 41 -100.63 2.15
      vertex 41 -100.93 2.15
      vertex 41 -100.63 4
    endloop
  endfacet
  facet normal 0 0 0
    outer loop
      vertex 41 -100.63 4
      vertex 41 -100.93 4
      vertex 41 -100.58 4
    endloop
  endfacet
  facet normal -1 0 0
    outer loop
      vertex 41 -100.93 4
      vertex 41 -100.63 4
      vertex 41 -100.93 2.15
    endloop
  endfacet
  facet normal 0 0 -1
    outer loop
      vertex 41 -100.93 2.15
      vertex 59 -100.63 2.15
      vertex 59 -100.93 2.15
    endloop
  endfacet
  facet normal -0 0 -1
    outer loop
      vertex 59 -100.63 2.15
      vertex 41 -100.93 2.15
      vertex 41 -100.63 2.15
    endloop
  endfacet
  facet normal 0 0 0
    outer loop
      vertex 59 -100.93 4
      vertex 59 -100.63 4
      vertex 59 -100.58 4
    endloop
  endfacet
  facet normal 1 -0 0
    outer loop
      vertex 59 -100.93 4
      vertex 59 -100.63 2.15
      vertex 59 -100.63 4
    endloop
  endfacet
  facet normal 1 0 0
    outer loop
      vertex 59 -100.63 2.15
      vertex 59 -100.93 4
      vertex 59 -100.93 2.15
    endloop
  endfacet
  facet normal -0 0 1
    outer loop
      vertex 41 -6.07 4
      vertex 59 -6.42 4
      vertex 59 -6.07 4
    endloop
  endfacet
  facet normal 0 0 1
    outer loop
      vertex 59 -6.42 4
      vertex 41 -6.07 4
      vertex 41 -6.42 4
    endloop
  endfacet
  facet normal 0 1 -0
    outer loop
      vertex 59 -6.07 2.15
      vertex 41 -6.07 4
      vertex 59 -6.07 4
    endloop
  endfacet
  facet normal 0 1 0
    outer loop
      vertex 41 -6.07 4
      vertex 59 -6.07 2.15
      vertex 41 -6.07 2.15
    endloop
  endfacet
  facet normal 0 0 -1
    outer loop
      vertex 41 -6.37001 2.15
      vertex 59 -6.07 2.15
      vertex 59 -6.37001 2.15
    endloop
  endfacet
  facet normal -0 0 -1
    outer loop
      vertex 59 -6.07 2.15
      vertex 41 -6.37001 2.15
      vertex 41 -6.07 2.15
    endloop
  endfacet
  facet normal 1 0 0
    outer loop
      vertex 59 -6.07 4
      vertex 59 -6.37001 4
      vertex 59 -6.07 2.15
    endloop
  endfacet
  facet normal 0 0 0
    outer loop
      vertex 59 -6.42 4
      vertex 59 -6.37001 4
      vertex 59 -6.07 4
    endloop
  endfacet
  facet normal 1 0 0
    outer loop
      vertex 59 -6.07 2.15
      vertex 59 -6.37001 4
      vertex 59 -6.37001 2.15
    endloop
  endfacet
  facet normal -1 0 0
    outer loop
      vertex 41 -6.37001 2.15
      vertex 41 -6.07 4
      vertex 41 -6.07 2.15
    endloop
  endfacet
  facet normal -1 0 0
    outer loop
      vertex 41 -6.37001 4
      vertex 41 -6.07 4
      vertex 41 -6.37001 2.15
    endloop
  endfacet
  facet normal 0 0 0
    outer loop
      vertex 41 -6.37001 4
      vertex 41 -6.42 4
      vertex 41 -6.07 4
    endloop
  endfacet
  facet normal 0.997859 0.0654059 0
    outer loop
      vertex 9.6 -97 4.75
      vertex 9.57348 -96.5954 2.2
      vertex 9.57348 -96.5954 4.75
    endloop
  endfacet
  facet normal 0.997859 0.0654059 0
    outer loop
      vertex 9.57348 -96.5954 2.2
      vertex 9.6 -97 4.75
      vertex 9.6 -97 2.2
    endloop
  endfacet
  facet normal -0.997859 0.0654059 0
    outer loop
      vertex 3.4 -97 4
      vertex 3.42652 -96.5954 4.75
      vertex 3.42652 -96.5954 4
    endloop
  endfacet
  facet normal -0.997859 0.0654059 0
    outer loop
      vertex 3.42652 -96.5954 4.75
      vertex 3.4 -97 4
      vertex 3.4 -97 4.75
    endloop
  endfacet
  facet normal -0.0653519 0.997862 0
    outer loop
      vertex 6.5 -93.9 2.2
      vertex 6.09537 -93.9265 4.75
      vertex 6.5 -93.9 4.75
    endloop
  endfacet
  facet normal -0.0653519 0.997862 0
    outer loop
      vertex 6.09537 -93.9265 4.75
      vertex 6.5 -93.9 2.2
      vertex 6.09537 -93.9265 2.2
    endloop
  endfacet
  facet normal 0.0665796 -0.997781 0
    outer loop
      vertex 6.5 -100.1 4
      vertex 6.90463 -100.073 4.75
      vertex 6.5 -100.1 4.75
    endloop
  endfacet
  facet normal 0.0665796 -0.997781 0
    outer loop
      vertex 6.90463 -100.073 4.75
      vertex 6.5 -100.1 4
      vertex 6.90463 -100.073 4
    endloop
  endfacet
  facet normal 0.659396 0.751796 -0
    outer loop
      vertex 8.69203 -94.808 2.2
      vertex 8.38716 -94.5406 4.75
      vertex 8.69203 -94.808 4.75
    endloop
  endfacet
  facet normal 0.659396 0.751796 0
    outer loop
      vertex 8.38716 -94.5406 4.75
      vertex 8.69203 -94.808 2.2
      vertex 8.38716 -94.5406 2.2
    endloop
  endfacet
  facet normal -0.659396 0.751796 0
    outer loop
      vertex 4.61284 -94.5406 2.2
      vertex 4.30797 -94.808 4.75
      vertex 4.61284 -94.5406 4.75
    endloop
  endfacet
  facet normal -0.659396 0.751796 0
    outer loop
      vertex 4.30797 -94.808 4.75
      vertex 4.61284 -94.5406 2.2
      vertex 4.30797 -94.808 2.2
    endloop
  endfacet
  facet normal -0.321564 0.946888 0
    outer loop
      vertex 5.69766 -94.0056 2.2
      vertex 5.31368 -94.136 4.75
      vertex 5.69766 -94.0056 4.75
    endloop
  endfacet
  facet normal -0.321564 0.946888 0
    outer loop
      vertex 5.31368 -94.136 4.75
      vertex 5.69766 -94.0056 2.2
      vertex 5.31368 -94.136 2.2
    endloop
  endfacet
  facet normal 0.89688 0.442275 0
    outer loop
      vertex 9.36403 -95.8137 4.75
      vertex 9.18468 -95.45 2.2
      vertex 9.18468 -95.45 4.75
    endloop
  endfacet
  facet normal 0.89688 0.442275 0
    outer loop
      vertex 9.18468 -95.45 2.2
      vertex 9.36403 -95.8137 4.75
      vertex 9.36403 -95.8137 2.2
    endloop
  endfacet
  facet normal 0.321564 0.946888 -0
    outer loop
      vertex 7.68632 -94.136 2.2
      vertex 7.30234 -94.0056 4.75
      vertex 7.68632 -94.136 4.75
    endloop
  endfacet
  facet normal 0.321564 0.946888 0
    outer loop
      vertex 7.30234 -94.0056 4.75
      vertex 7.68632 -94.136 2.2
      vertex 7.30234 -94.0056 2.2
    endloop
  endfacet
  facet normal 0.195068 0.98079 -0
    outer loop
      vertex 7.30234 -94.0056 2.2
      vertex 6.90463 -93.9265 4.75
      vertex 7.30234 -94.0056 4.75
    endloop
  endfacet
  facet normal 0.195068 0.98079 0
    outer loop
      vertex 6.90463 -93.9265 4.75
      vertex 7.30234 -94.0056 2.2
      vertex 6.90463 -93.9265 2.2
    endloop
  endfacet
  facet normal 0.442195 0.896919 -0
    outer loop
      vertex 8.05 -94.3153 2.2
      vertex 7.68632 -94.136 4.75
      vertex 8.05 -94.3153 4.75
    endloop
  endfacet
  facet normal 0.442195 0.896919 0
    outer loop
      vertex 7.68632 -94.136 4.75
      vertex 8.05 -94.3153 2.2
      vertex 7.68632 -94.136 2.2
    endloop
  endfacet
  facet normal -0.89688 0.442275 0
    outer loop
      vertex 3.63597 -95.8137 4
      vertex 3.81532 -95.45 4.75
      vertex 3.81532 -95.45 4
    endloop
  endfacet
  facet normal -0.89688 0.442275 0
    outer loop
      vertex 3.81532 -95.45 4.75
      vertex 3.63597 -95.8137 4
      vertex 3.63597 -95.8137 4.75
    endloop
  endfacet
  facet normal -0.751769 0.659426 0
    outer loop
      vertex 4.04061 -95.1128 2.2
      vertex 4.30797 -94.808 4.75
      vertex 4.30797 -94.808 2.2
    endloop
  endfacet
  facet normal -0.751769 0.659426 0
    outer loop
      vertex 4.30797 -94.808 4.75
      vertex 4.04061 -95.1128 2.2
      vertex 4.04061 -95.1128 4.75
    endloop
  endfacet
  facet normal 0 0 1
    outer loop
      vertex 8.25 -97 4.75
      vertex 9.6 -97 4.75
      vertex 9.57348 -96.5954 4.75
    endloop
  endfacet
  facet normal 0 0 1
    outer loop
      vertex 8.23503 -96.7716 4.75
      vertex 9.57348 -96.5954 4.75
      vertex 9.49437 -96.1977 4.75
    endloop
  endfacet
  facet normal 0 0 1
    outer loop
      vertex 9.6 -97 4.75
      vertex 8.25 -97 4.75
      vertex 9.57348 -97.4046 4.75
    endloop
  endfacet
  facet normal 0 0 1
    outer loop
      vertex 8.19037 -96.5471 4.75
      vertex 9.49437 -96.1977 4.75
      vertex 9.36403 -95.8137 4.75
    endloop
  endfacet
  facet normal -0 0 1
    outer loop
      vertex 8.23503 -97.2284 4.75
      vertex 9.57348 -97.4046 4.75
      vertex 8.25 -97 4.75
    endloop
  endfacet
  facet normal 0 0 1
    outer loop
      vertex 8.11679 -96.3303 4.75
      vertex 9.36403 -95.8137 4.75
      vertex 9.18468 -95.45 4.75
    endloop
  endfacet
  facet normal 0 0 1
    outer loop
      vertex 9.57348 -97.4046 4.75
      vertex 8.23503 -97.2284 4.75
      vertex 9.49437 -97.8023 4.75
    endloop
  endfacet
  facet normal 0 0 1
    outer loop
      vertex 8.01554 -96.125 4.75
      vertex 9.18468 -95.45 4.75
      vertex 8.95939 -95.1128 4.75
    endloop
  endfacet
  facet normal -0 0 1
    outer loop
      vertex 8.19037 -97.4529 4.75
      vertex 9.49437 -97.8023 4.75
      vertex 8.23503 -97.2284 4.75
    endloop
  endfacet
  facet normal 0 0 1
    outer loop
      vertex 7.88837 -95.9347 4.75
      vertex 8.95939 -95.1128 4.75
      vertex 8.69203 -94.808 4.75
    endloop
  endfacet
  facet normal 0 0 1
    outer loop
      vertex 9.49437 -97.8023 4.75
      vertex 8.19037 -97.4529 4.75
      vertex 9.36403 -98.1863 4.75
    endloop
  endfacet
  facet normal 0 0 1
    outer loop
      vertex 7.73744 -95.7626 4.75
      vertex 8.69203 -94.808 4.75
      vertex 8.38716 -94.5406 4.75
    endloop
  endfacet
  facet normal -0 0 1
    outer loop
      vertex 8.11679 -97.6697 4.75
      vertex 9.36403 -98.1863 4.75
      vertex 8.19037 -97.4529 4.75
    endloop
  endfacet
  facet normal 0 0 1
    outer loop
      vertex 9.36403 -98.1863 4.75
      vertex 8.11679 -97.6697 4.75
      vertex 9.18468 -98.55 4.75
    endloop
  endfacet
  facet normal 0 0 1
    outer loop
      vertex 9.57348 -96.5954 4.75
      vertex 8.23503 -96.7716 4.75
      vertex 8.25 -97 4.75
    endloop
  endfacet
  facet normal 0 0 1
    outer loop
      vertex 9.49437 -96.1977 4.75
      vertex 8.19037 -96.5471 4.75
      vertex 8.23503 -96.7716 4.75
    endloop
  endfacet
  facet normal 0 0 1
    outer loop
      vertex 9.36403 -95.8137 4.75
      vertex 8.11679 -96.3303 4.75
      vertex 8.19037 -96.5471 4.75
    endloop
  endfacet
  facet normal 0 0 1
    outer loop
      vertex 7.56533 -95.6116 4.75
      vertex 8.38716 -94.5406 4.75
      vertex 8.05 -94.3153 4.75
    endloop
  endfacet
  facet normal 0 0 1
    outer loop
      vertex 9.18468 -95.45 4.75
      vertex 8.01554 -96.125 4.75
      vertex 8.11679 -96.3303 4.75
    endloop
  endfacet
  facet normal 0 0 1
    outer loop
      vertex 8.95939 -95.1128 4.75
      vertex 7.88837 -95.9347 4.75
      vertex 8.01554 -96.125 4.75
    endloop
  endfacet
  facet normal 0 0 1
    outer loop
      vertex 8.69203 -94.808 4.75
      vertex 7.73744 -95.7626 4.75
      vertex 7.88837 -95.9347 4.75
    endloop
  endfacet
  facet normal 0 0 1
    outer loop
      vertex 7.375 -95.4845 4.75
      vertex 8.05 -94.3153 4.75
      vertex 7.68632 -94.136 4.75
    endloop
  endfacet
  facet normal 0 0 1
    outer loop
      vertex 8.38716 -94.5406 4.75
      vertex 7.56533 -95.6116 4.75
      vertex 7.73744 -95.7626 4.75
    endloop
  endfacet
  facet normal 0 0 1
    outer loop
      vertex 8.05 -94.3153 4.75
      vertex 7.375 -95.4845 4.75
      vertex 7.56533 -95.6116 4.75
    endloop
  endfacet
  facet normal 0 0 1
    outer loop
      vertex 7.1697 -95.3832 4.75
      vertex 7.68632 -94.136 4.75
      vertex 7.30234 -94.0056 4.75
    endloop
  endfacet
  facet normal 0 0 1
    outer loop
      vertex 7.68632 -94.136 4.75
      vertex 7.1697 -95.3832 4.75
      vertex 7.375 -95.4845 4.75
    endloop
  endfacet
  facet normal 0 0 1
    outer loop
      vertex 7.30234 -94.0056 4.75
      vertex 6.95293 -95.3096 4.75
      vertex 7.1697 -95.3832 4.75
    endloop
  endfacet
  facet normal 0 0 1
    outer loop
      vertex 6.90463 -93.9265 4.75
      vertex 6.95293 -95.3096 4.75
      vertex 7.30234 -94.0056 4.75
    endloop
  endfacet
  facet normal 0 0 1
    outer loop
      vertex 6.90463 -93.9265 4.75
      vertex 6.72842 -95.265 4.75
      vertex 6.95293 -95.3096 4.75
    endloop
  endfacet
  facet normal 0 0 1
    outer loop
      vertex 6.5 -93.9 4.75
      vertex 6.72842 -95.265 4.75
      vertex 6.90463 -93.9265 4.75
    endloop
  endfacet
  facet normal 0 0 1
    outer loop
      vertex 6.5 -93.9 4.75
      vertex 6.5 -95.25 4.75
      vertex 6.72842 -95.265 4.75
    endloop
  endfacet
  facet normal 0 0 1
    outer loop
      vertex 6.5 -93.9 4.75
      vertex 6.27158 -95.265 4.75
      vertex 6.5 -95.25 4.75
    endloop
  endfacet
  facet normal -0 0 1
    outer loop
      vertex 6.09537 -93.9265 4.75
      vertex 6.27158 -95.265 4.75
      vertex 6.5 -93.9 4.75
    endloop
  endfacet
  facet normal 0 0 1
    outer loop
      vertex 6.09537 -93.9265 4.75
      vertex 6.04707 -95.3096 4.75
      vertex 6.27158 -95.265 4.75
    endloop
  endfacet
  facet normal -0 0 1
    outer loop
      vertex 5.69766 -94.0056 4.75
      vertex 6.04707 -95.3096 4.75
      vertex 6.09537 -93.9265 4.75
    endloop
  endfacet
  facet normal 0 0 1
    outer loop
      vertex 6.04707 -95.3096 4.75
      vertex 5.69766 -94.0056 4.75
      vertex 5.8303 -95.3832 4.75
    endloop
  endfacet
  facet normal -0 0 1
    outer loop
      vertex 5.31368 -94.136 4.75
      vertex 5.8303 -95.3832 4.75
      vertex 5.69766 -94.0056 4.75
    endloop
  endfacet
  facet normal 0 0 1
    outer loop
      vertex 5.8303 -95.3832 4.75
      vertex 5.31368 -94.136 4.75
      vertex 5.625 -95.4845 4.75
    endloop
  endfacet
  facet normal -0 0 1
    outer loop
      vertex 4.95 -94.3153 4.75
      vertex 5.625 -95.4845 4.75
      vertex 5.31368 -94.136 4.75
    endloop
  endfacet
  facet normal 0 0 1
    outer loop
      vertex 5.625 -95.4845 4.75
      vertex 4.95 -94.3153 4.75
      vertex 5.43467 -95.6116 4.75
    endloop
  endfacet
  facet normal -0 0 1
    outer loop
      vertex 4.61284 -94.5406 4.75
      vertex 5.43467 -95.6116 4.75
      vertex 4.95 -94.3153 4.75
    endloop
  endfacet
  facet normal 0 0 1
    outer loop
      vertex 5.43467 -95.6116 4.75
      vertex 4.61284 -94.5406 4.75
      vertex 5.26256 -95.7626 4.75
    endloop
  endfacet
  facet normal -0 0 1
    outer loop
      vertex 4.30797 -94.808 4.75
      vertex 5.26256 -95.7626 4.75
      vertex 4.61284 -94.5406 4.75
    endloop
  endfacet
  facet normal 0 0 1
    outer loop
      vertex 5.26256 -95.7626 4.75
      vertex 4.30797 -94.808 4.75
      vertex 5.11163 -95.9347 4.75
    endloop
  endfacet
  facet normal -0 0 1
    outer loop
      vertex 4.04061 -95.1128 4.75
      vertex 5.11163 -95.9347 4.75
      vertex 4.30797 -94.808 4.75
    endloop
  endfacet
  facet normal 0 0 1
    outer loop
      vertex 5.11163 -95.9347 4.75
      vertex 4.04061 -95.1128 4.75
      vertex 4.98446 -96.125 4.75
    endloop
  endfacet
  facet normal 0 0 1
    outer loop
      vertex 4.98446 -96.125 4.75
      vertex 3.81532 -95.45 4.75
      vertex 4.88321 -96.3303 4.75
    endloop
  endfacet
  facet normal -0 0 1
    outer loop
      vertex 3.81532 -95.45 4.75
      vertex 4.98446 -96.125 4.75
      vertex 4.04061 -95.1128 4.75
    endloop
  endfacet
  facet normal -0 0 1
    outer loop
      vertex 8.01554 -97.875 4.75
      vertex 9.18468 -98.55 4.75
      vertex 8.11679 -97.6697 4.75
    endloop
  endfacet
  facet normal 0 0 1
    outer loop
      vertex 9.18468 -98.55 4.75
      vertex 8.01554 -97.875 4.75
      vertex 8.95939 -98.8872 4.75
    endloop
  endfacet
  facet normal -0 0 1
    outer loop
      vertex 7.88837 -98.0653 4.75
      vertex 8.95939 -98.8872 4.75
      vertex 8.01554 -97.875 4.75
    endloop
  endfacet
  facet normal 0 0 1
    outer loop
      vertex 8.95939 -98.8872 4.75
      vertex 7.88837 -98.0653 4.75
      vertex 8.69203 -99.192 4.75
    endloop
  endfacet
  facet normal -0 0 1
    outer loop
      vertex 7.73744 -98.2374 4.75
      vertex 8.69203 -99.192 4.75
      vertex 7.88837 -98.0653 4.75
    endloop
  endfacet
  facet normal 0 0 1
    outer loop
      vertex 8.69203 -99.192 4.75
      vertex 7.73744 -98.2374 4.75
      vertex 8.38716 -99.4594 4.75
    endloop
  endfacet
  facet normal -0 0 1
    outer loop
      vertex 7.56533 -98.3884 4.75
      vertex 8.38716 -99.4594 4.75
      vertex 7.73744 -98.2374 4.75
    endloop
  endfacet
  facet normal 0 0 1
    outer loop
      vertex 8.38716 -99.4594 4.75
      vertex 7.56533 -98.3884 4.75
      vertex 8.05 -99.6847 4.75
    endloop
  endfacet
  facet normal -0 0 1
    outer loop
      vertex 7.375 -98.5155 4.75
      vertex 8.05 -99.6847 4.75
      vertex 7.56533 -98.3884 4.75
    endloop
  endfacet
  facet normal 0 0 1
    outer loop
      vertex 8.05 -99.6847 4.75
      vertex 7.375 -98.5155 4.75
      vertex 7.68632 -99.864 4.75
    endloop
  endfacet
  facet normal -0 0 1
    outer loop
      vertex 7.1697 -98.6168 4.75
      vertex 7.68632 -99.864 4.75
      vertex 7.375 -98.5155 4.75
    endloop
  endfacet
  facet normal 0 0 1
    outer loop
      vertex 7.68632 -99.864 4.75
      vertex 7.1697 -98.6168 4.75
      vertex 7.30234 -99.9944 4.75
    endloop
  endfacet
  facet normal -0 0 1
    outer loop
      vertex 6.95293 -98.6904 4.75
      vertex 7.30234 -99.9944 4.75
      vertex 7.1697 -98.6168 4.75
    endloop
  endfacet
  facet normal 0 0 1
    outer loop
      vertex 6.95293 -98.6904 4.75
      vertex 6.90463 -100.073 4.75
      vertex 7.30234 -99.9944 4.75
    endloop
  endfacet
  facet normal -0 0 1
    outer loop
      vertex 6.72842 -98.735 4.75
      vertex 6.90463 -100.073 4.75
      vertex 6.95293 -98.6904 4.75
    endloop
  endfacet
  facet normal -0 0 1
    outer loop
      vertex 6.5 -98.75 4.75
      vertex 6.90463 -100.073 4.75
      vertex 6.72842 -98.735 4.75
    endloop
  endfacet
  facet normal 0 0 1
    outer loop
      vertex 6.5 -98.75 4.75
      vertex 6.5 -100.1 4.75
      vertex 6.90463 -100.073 4.75
    endloop
  endfacet
  facet normal 0 0 1
    outer loop
      vertex 6.27158 -98.735 4.75
      vertex 6.5 -100.1 4.75
      vertex 6.5 -98.75 4.75
    endloop
  endfacet
  facet normal 0 0 1
    outer loop
      vertex 6.27158 -98.735 4.75
      vertex 6.09537 -100.073 4.75
      vertex 6.5 -100.1 4.75
    endloop
  endfacet
  facet normal 0 0 1
    outer loop
      vertex 6.04707 -98.6904 4.75
      vertex 6.09537 -100.073 4.75
      vertex 6.27158 -98.735 4.75
    endloop
  endfacet
  facet normal 0 0 1
    outer loop
      vertex 5.69766 -99.9944 4.75
      vertex 6.04707 -98.6904 4.75
      vertex 5.8303 -98.6168 4.75
    endloop
  endfacet
  facet normal 0 0 1
    outer loop
      vertex 6.04707 -98.6904 4.75
      vertex 5.69766 -99.9944 4.75
      vertex 6.09537 -100.073 4.75
    endloop
  endfacet
  facet normal 0 0 1
    outer loop
      vertex 5.31368 -99.864 4.75
      vertex 5.8303 -98.6168 4.75
      vertex 5.625 -98.5155 4.75
    endloop
  endfacet
  facet normal 0 0 1
    outer loop
      vertex 4.95 -99.6847 4.75
      vertex 5.625 -98.5155 4.75
      vertex 5.43467 -98.3884 4.75
    endloop
  endfacet
  facet normal 0 0 1
    outer loop
      vertex 5.8303 -98.6168 4.75
      vertex 5.31368 -99.864 4.75
      vertex 5.69766 -99.9944 4.75
    endloop
  endfacet
  facet normal 0 0 1
    outer loop
      vertex 4.61284 -99.4594 4.75
      vertex 5.43467 -98.3884 4.75
      vertex 5.26256 -98.2374 4.75
    endloop
  endfacet
  facet normal 0 0 1
    outer loop
      vertex 4.30797 -99.192 4.75
      vertex 5.26256 -98.2374 4.75
      vertex 5.11163 -98.0653 4.75
    endloop
  endfacet
  facet normal 0 0 1
    outer loop
      vertex 4.04061 -98.8872 4.75
      vertex 5.11163 -98.0653 4.75
      vertex 4.98446 -97.875 4.75
    endloop
  endfacet
  facet normal 0 0 1
    outer loop
      vertex 5.625 -98.5155 4.75
      vertex 4.95 -99.6847 4.75
      vertex 5.31368 -99.864 4.75
    endloop
  endfacet
  facet normal 0 0 1
    outer loop
      vertex 3.81532 -98.55 4.75
      vertex 4.98446 -97.875 4.75
      vertex 4.88321 -97.6697 4.75
    endloop
  endfacet
  facet normal 0 0 1
    outer loop
      vertex 3.63597 -98.1863 4.75
      vertex 4.88321 -97.6697 4.75
      vertex 4.80963 -97.4529 4.75
    endloop
  endfacet
  facet normal 0 0 1
    outer loop
      vertex 3.50563 -97.8023 4.75
      vertex 4.80963 -97.4529 4.75
      vertex 4.76497 -97.2284 4.75
    endloop
  endfacet
  facet normal 0 0 1
    outer loop
      vertex 5.43467 -98.3884 4.75
      vertex 4.61284 -99.4594 4.75
      vertex 4.95 -99.6847 4.75
    endloop
  endfacet
  facet normal 0 0 1
    outer loop
      vertex 3.42652 -97.4046 4.75
      vertex 4.76497 -97.2284 4.75
      vertex 4.75 -97 4.75
    endloop
  endfacet
  facet normal -0 0 1
    outer loop
      vertex 3.63597 -95.8137 4.75
      vertex 4.88321 -96.3303 4.75
      vertex 3.81532 -95.45 4.75
    endloop
  endfacet
  facet normal 0 0 1
    outer loop
      vertex 4.88321 -96.3303 4.75
      vertex 3.63597 -95.8137 4.75
      vertex 4.80963 -96.5471 4.75
    endloop
  endfacet
  facet normal 0 0 1
    outer loop
      vertex 5.26256 -98.2374 4.75
      vertex 4.30797 -99.192 4.75
      vertex 4.61284 -99.4594 4.75
    endloop
  endfacet
  facet normal -0 0 1
    outer loop
      vertex 3.50563 -96.1977 4.75
      vertex 4.80963 -96.5471 4.75
      vertex 3.63597 -95.8137 4.75
    endloop
  endfacet
  facet normal 0 0 1
    outer loop
      vertex 5.11163 -98.0653 4.75
      vertex 4.04061 -98.8872 4.75
      vertex 4.30797 -99.192 4.75
    endloop
  endfacet
  facet normal 0 0 1
    outer loop
      vertex 4.80963 -96.5471 4.75
      vertex 3.50563 -96.1977 4.75
      vertex 4.76497 -96.7716 4.75
    endloop
  endfacet
  facet normal 0 0 1
    outer loop
      vertex 4.98446 -97.875 4.75
      vertex 3.81532 -98.55 4.75
      vertex 4.04061 -98.8872 4.75
    endloop
  endfacet
  facet normal -0 0 1
    outer loop
      vertex 3.42652 -96.5954 4.75
      vertex 4.76497 -96.7716 4.75
      vertex 3.50563 -96.1977 4.75
    endloop
  endfacet
  facet normal 0 0 1
    outer loop
      vertex 4.88321 -97.6697 4.75
      vertex 3.63597 -98.1863 4.75
      vertex 3.81532 -98.55 4.75
    endloop
  endfacet
  facet normal 0 0 1
    outer loop
      vertex 4.76497 -96.7716 4.75
      vertex 3.42652 -96.5954 4.75
      vertex 4.75 -97 4.75
    endloop
  endfacet
  facet normal 0 0 1
    outer loop
      vertex 4.80963 -97.4529 4.75
      vertex 3.50563 -97.8023 4.75
      vertex 3.63597 -98.1863 4.75
    endloop
  endfacet
  facet normal 0 0 1
    outer loop
      vertex 3.4 -97 4.75
      vertex 4.75 -97 4.75
      vertex 3.42652 -96.5954 4.75
    endloop
  endfacet
  facet normal 0 0 1
    outer loop
      vertex 4.76497 -97.2284 4.75
      vertex 3.42652 -97.4046 4.75
      vertex 3.50563 -97.8023 4.75
    endloop
  endfacet
  facet normal 0 0 1
    outer loop
      vertex 4.75 -97 4.75
      vertex 3.4 -97 4.75
      vertex 3.42652 -97.4046 4.75
    endloop
  endfacet
  facet normal -0.195068 0.98079 0
    outer loop
      vertex 6.09537 -93.9265 2.2
      vertex 5.69766 -94.0056 4.75
      vertex 6.09537 -93.9265 4.75
    endloop
  endfacet
  facet normal -0.195068 0.98079 0
    outer loop
      vertex 5.69766 -94.0056 4.75
      vertex 6.09537 -93.9265 2.2
      vertex 5.69766 -94.0056 2.2
    endloop
  endfacet
  facet normal 0.89688 -0.442275 0
    outer loop
      vertex 9.18468 -98.55 4.75
      vertex 9.36403 -98.1863 2.2
      vertex 9.36403 -98.1863 4.75
    endloop
  endfacet
  facet normal 0.89688 -0.442275 0
    outer loop
      vertex 9.36403 -98.1863 2.2
      vertex 9.18468 -98.55 4.75
      vertex 9.18468 -98.55 2.2
    endloop
  endfacet
  facet normal 0.193881 -0.981025 0
    outer loop
      vertex 6.90463 -100.073 4
      vertex 7.30234 -99.9944 4.75
      vertex 6.90463 -100.073 4.75
    endloop
  endfacet
  facet normal 0.193881 -0.981025 0
    outer loop
      vertex 7.30234 -99.9944 4.75
      vertex 6.90463 -100.073 4
      vertex 7.30234 -99.9944 4
    endloop
  endfacet
  facet normal 0.946938 0.321416 0
    outer loop
      vertex 9.49437 -96.1977 4.75
      vertex 9.36403 -95.8137 2.2
      vertex 9.36403 -95.8137 4.75
    endloop
  endfacet
  facet normal 0.946938 0.321416 0
    outer loop
      vertex 9.36403 -95.8137 2.2
      vertex 9.49437 -96.1977 4.75
      vertex 9.49437 -96.1977 2.2
    endloop
  endfacet
  facet normal 0.980784 0.195096 0
    outer loop
      vertex 9.57348 -96.5954 4.75
      vertex 9.49437 -96.1977 2.2
      vertex 9.49437 -96.1977 4.75
    endloop
  endfacet
  facet normal 0.980784 0.195096 0
    outer loop
      vertex 9.49437 -96.1977 2.2
      vertex 9.57348 -96.5954 4.75
      vertex 9.57348 -96.5954 2.2
    endloop
  endfacet
  facet normal 0.751769 0.659426 0
    outer loop
      vertex 8.95939 -95.1128 4.75
      vertex 8.69203 -94.808 2.2
      vertex 8.69203 -94.808 4.75
    endloop
  endfacet
  facet normal 0.751769 0.659426 0
    outer loop
      vertex 8.69203 -94.808 2.2
      vertex 8.95939 -95.1128 4.75
      vertex 8.95939 -95.1128 2.2
    endloop
  endfacet
  facet normal 0.831492 0.555536 0
    outer loop
      vertex 9.18468 -95.45 4.75
      vertex 8.95939 -95.1128 2.2
      vertex 8.95939 -95.1128 4.75
    endloop
  endfacet
  facet normal 0.831492 0.555536 0
    outer loop
      vertex 8.95939 -95.1128 2.2
      vertex 9.18468 -95.45 4.75
      vertex 9.18468 -95.45 2.2
    endloop
  endfacet
  facet normal 0.0653519 0.997862 -0
    outer loop
      vertex 6.90463 -93.9265 2.2
      vertex 6.5 -93.9 4.75
      vertex 6.90463 -93.9265 4.75
    endloop
  endfacet
  facet normal 0.0653519 0.997862 0
    outer loop
      vertex 6.5 -93.9 4.75
      vertex 6.90463 -93.9265 2.2
      vertex 6.5 -93.9 2.2
    endloop
  endfacet
  facet normal 0.555599 0.83145 -0
    outer loop
      vertex 8.38716 -94.5406 2.2
      vertex 8.05 -94.3153 4.75
      vertex 8.38716 -94.5406 4.75
    endloop
  endfacet
  facet normal 0.555599 0.83145 0
    outer loop
      vertex 8.05 -94.3153 4.75
      vertex 8.38716 -94.5406 2.2
      vertex 8.05 -94.3153 2.2
    endloop
  endfacet
  facet normal -0.83153 0.555481 0
    outer loop
      vertex 3.97 -95.2185 4
      vertex 4.04061 -95.1128 2.2
      vertex 3.97 -95.2185 2.2
    endloop
  endfacet
  facet normal -0.83153 0.555481 0
    outer loop
      vertex 4.04061 -95.1128 2.2
      vertex 3.97 -95.2185 4
      vertex 4.04061 -95.1128 4.75
    endloop
  endfacet
  facet normal -0.831475 0.555562 0
    outer loop
      vertex 3.81532 -95.45 4.75
      vertex 3.97 -95.2185 4
      vertex 3.81532 -95.45 4
    endloop
  endfacet
  facet normal -0.831492 0.555536 -1.13792e-05
    outer loop
      vertex 3.97 -95.2185 4
      vertex 3.81532 -95.45 4.75
      vertex 4.04061 -95.1128 4.75
    endloop
  endfacet
  facet normal -0.946938 0.321416 0
    outer loop
      vertex 3.50563 -96.1977 4
      vertex 3.63597 -95.8137 4.75
      vertex 3.63597 -95.8137 4
    endloop
  endfacet
  facet normal -0.946938 0.321416 0
    outer loop
      vertex 3.63597 -95.8137 4.75
      vertex 3.50563 -96.1977 4
      vertex 3.50563 -96.1977 4.75
    endloop
  endfacet
  facet normal -0.980784 0.195096 0
    outer loop
      vertex 3.42652 -96.5954 4
      vertex 3.50563 -96.1977 4.75
      vertex 3.50563 -96.1977 4
    endloop
  endfacet
  facet normal -0.980784 0.195096 0
    outer loop
      vertex 3.50563 -96.1977 4.75
      vertex 3.42652 -96.5954 4
      vertex 3.42652 -96.5954 4.75
    endloop
  endfacet
  facet normal -0.442195 0.896919 0
    outer loop
      vertex 5.31368 -94.136 2.2
      vertex 4.95 -94.3153 4.75
      vertex 5.31368 -94.136 4.75
    endloop
  endfacet
  facet normal -0.442195 0.896919 0
    outer loop
      vertex 4.95 -94.3153 4.75
      vertex 5.31368 -94.136 2.2
      vertex 4.95 -94.3153 2.2
    endloop
  endfacet
  facet normal -0.555599 0.83145 0
    outer loop
      vertex 4.95 -94.3153 2.2
      vertex 4.61284 -94.5406 4.75
      vertex 4.95 -94.3153 4.75
    endloop
  endfacet
  facet normal -0.555599 0.83145 0
    outer loop
      vertex 4.61284 -94.5406 4.75
      vertex 4.95 -94.3153 2.2
      vertex 4.61284 -94.5406 2.2
    endloop
  endfacet
  facet normal 0.555628 -0.831431 0
    outer loop
      vertex 8.28149 -99.53 4
      vertex 8.05 -99.6847 4.75
      vertex 8.05 -99.6847 4
    endloop
  endfacet
  facet normal 0.555599 -0.83145 -1.30043e-05
    outer loop
      vertex 8.05 -99.6847 4.75
      vertex 8.28149 -99.53 4
      vertex 8.38716 -99.4594 4.75
    endloop
  endfacet
  facet normal 0.555535 -0.831493 0
    outer loop
      vertex 8.38716 -99.4594 2.2
      vertex 8.28149 -99.53 4
      vertex 8.28149 -99.53 2.2
    endloop
  endfacet
  facet normal 0.555535 -0.831493 0
    outer loop
      vertex 8.28149 -99.53 4
      vertex 8.38716 -99.4594 2.2
      vertex 8.38716 -99.4594 4.75
    endloop
  endfacet
  facet normal 0.751769 -0.659426 0
    outer loop
      vertex 8.69203 -99.192 4.75
      vertex 8.95939 -98.8872 2.2
      vertex 8.95939 -98.8872 4.75
    endloop
  endfacet
  facet normal 0.751769 -0.659426 0
    outer loop
      vertex 8.95939 -98.8872 2.2
      vertex 8.69203 -99.192 4.75
      vertex 8.69203 -99.192 2.2
    endloop
  endfacet
  facet normal 0.946938 -0.321416 0
    outer loop
      vertex 9.36403 -98.1863 4.75
      vertex 9.49437 -97.8023 2.2
      vertex 9.49437 -97.8023 4.75
    endloop
  endfacet
  facet normal 0.946938 -0.321416 0
    outer loop
      vertex 9.49437 -97.8023 2.2
      vertex 9.36403 -98.1863 4.75
      vertex 9.36403 -98.1863 2.2
    endloop
  endfacet
  facet normal 0.980784 -0.195096 0
    outer loop
      vertex 9.49437 -97.8023 4.75
      vertex 9.57348 -97.4046 2.2
      vertex 9.57348 -97.4046 4.75
    endloop
  endfacet
  facet normal 0.980784 -0.195096 0
    outer loop
      vertex 9.57348 -97.4046 2.2
      vertex 9.49437 -97.8023 4.75
      vertex 9.49437 -97.8023 2.2
    endloop
  endfacet
  facet normal -0.659396 -0.751796 0
    outer loop
      vertex 4.30797 -99.192 2.2
      vertex 4.61284 -99.4594 4.75
      vertex 4.30797 -99.192 4.75
    endloop
  endfacet
  facet normal -0.659396 -0.751796 -0
    outer loop
      vertex 4.61284 -99.4594 4.75
      vertex 4.30797 -99.192 2.2
      vertex 4.61284 -99.4594 2.2
    endloop
  endfacet
  facet normal -0.89688 -0.442275 0
    outer loop
      vertex 3.81532 -98.55 4
      vertex 3.63597 -98.1863 4.75
      vertex 3.63597 -98.1863 4
    endloop
  endfacet
  facet normal -0.89688 -0.442275 0
    outer loop
      vertex 3.63597 -98.1863 4.75
      vertex 3.81532 -98.55 4
      vertex 3.81532 -98.55 4.75
    endloop
  endfacet
  facet normal -0.751769 -0.659426 0
    outer loop
      vertex 4.30797 -99.192 2.2
      vertex 4.04061 -98.8872 4.75
      vertex 4.04061 -98.8872 2.2
    endloop
  endfacet
  facet normal -0.751769 -0.659426 0
    outer loop
      vertex 4.04061 -98.8872 4.75
      vertex 4.30797 -99.192 2.2
      vertex 4.30797 -99.192 4.75
    endloop
  endfacet
  facet normal -0.997859 -0.0654059 0
    outer loop
      vertex 3.42652 -97.4046 4
      vertex 3.4 -97 4.75
      vertex 3.4 -97 4
    endloop
  endfacet
  facet normal -0.997859 -0.0654059 0
    outer loop
      vertex 3.4 -97 4.75
      vertex 3.42652 -97.4046 4
      vertex 3.42652 -97.4046 4.75
    endloop
  endfacet
  facet normal 0.831492 -0.555536 0
    outer loop
      vertex 8.95939 -98.8872 4.75
      vertex 9.18468 -98.55 2.2
      vertex 9.18468 -98.55 4.75
    endloop
  endfacet
  facet normal 0.831492 -0.555536 0
    outer loop
      vertex 9.18468 -98.55 2.2
      vertex 8.95939 -98.8872 4.75
      vertex 8.95939 -98.8872 2.2
    endloop
  endfacet
  facet normal 0.997859 -0.0654059 0
    outer loop
      vertex 9.57348 -97.4046 4.75
      vertex 9.6 -97 2.2
      vertex 9.6 -97 4.75
    endloop
  endfacet
  facet normal 0.997859 -0.0654059 0
    outer loop
      vertex 9.6 -97 2.2
      vertex 9.57348 -97.4046 4.75
      vertex 9.57348 -97.4046 2.2
    endloop
  endfacet
  facet normal -0.980784 -0.195096 0
    outer loop
      vertex 3.50563 -97.8023 4
      vertex 3.42652 -97.4046 4.75
      vertex 3.42652 -97.4046 4
    endloop
  endfacet
  facet normal -0.980784 -0.195096 0
    outer loop
      vertex 3.42652 -97.4046 4.75
      vertex 3.50563 -97.8023 4
      vertex 3.50563 -97.8023 4.75
    endloop
  endfacet
  facet normal -0.946938 -0.321416 0
    outer loop
      vertex 3.63597 -98.1863 4
      vertex 3.50563 -97.8023 4.75
      vertex 3.50563 -97.8023 4
    endloop
  endfacet
  facet normal -0.946938 -0.321416 0
    outer loop
      vertex 3.50563 -97.8023 4.75
      vertex 3.63597 -98.1863 4
      vertex 3.63597 -98.1863 4.75
    endloop
  endfacet
  facet normal 0.442195 -0.896919 0
    outer loop
      vertex 7.68632 -99.864 4
      vertex 8.05 -99.6847 4.75
      vertex 7.68632 -99.864 4.75
    endloop
  endfacet
  facet normal 0.442195 -0.896919 0
    outer loop
      vertex 8.05 -99.6847 4.75
      vertex 7.68632 -99.864 4
      vertex 8.05 -99.6847 4
    endloop
  endfacet
  facet normal 0.321564 -0.946888 0
    outer loop
      vertex 7.30234 -99.9944 4
      vertex 7.68632 -99.864 4.75
      vertex 7.30234 -99.9944 4.75
    endloop
  endfacet
  facet normal 0.321564 -0.946888 0
    outer loop
      vertex 7.68632 -99.864 4.75
      vertex 7.30234 -99.9944 4
      vertex 7.68632 -99.864 4
    endloop
  endfacet
  facet normal 0.659396 -0.751796 0
    outer loop
      vertex 8.38716 -99.4594 2.2
      vertex 8.69203 -99.192 4.75
      vertex 8.38716 -99.4594 4.75
    endloop
  endfacet
  facet normal 0.659396 -0.751796 0
    outer loop
      vertex 8.69203 -99.192 4.75
      vertex 8.38716 -99.4594 2.2
      vertex 8.69203 -99.192 2.2
    endloop
  endfacet
  facet normal -0.321564 -0.946888 0
    outer loop
      vertex 5.31368 -99.864 4
      vertex 5.69766 -99.9944 4.75
      vertex 5.31368 -99.864 4.75
    endloop
  endfacet
  facet normal -0.321564 -0.946888 -0
    outer loop
      vertex 5.69766 -99.9944 4.75
      vertex 5.31368 -99.864 4
      vertex 5.69766 -99.9944 4
    endloop
  endfacet
  facet normal -0.0665796 -0.997781 0
    outer loop
      vertex 6.09537 -100.073 4
      vertex 6.5 -100.1 4.75
      vertex 6.09537 -100.073 4.75
    endloop
  endfacet
  facet normal -0.0665796 -0.997781 -0
    outer loop
      vertex 6.5 -100.1 4.75
      vertex 6.09537 -100.073 4
      vertex 6.5 -100.1 4
    endloop
  endfacet
  facet normal -0.555599 -0.83145 3.44062e-05
    outer loop
      vertex 4.61284 -99.4594 4.75
      vertex 4.6954 -99.5146 4
      vertex 4.95 -99.6847 4.75
    endloop
  endfacet
  facet normal -0.555815 -0.831306 0
    outer loop
      vertex 4.61284 -99.4594 2.2
      vertex 4.6954 -99.5146 4
      vertex 4.61284 -99.4594 4.75
    endloop
  endfacet
  facet normal -0.555815 -0.831306 -0
    outer loop
      vertex 4.6954 -99.5146 4
      vertex 4.61284 -99.4594 2.2
      vertex 4.6954 -99.5146 2.2
    endloop
  endfacet
  facet normal -0.555529 -0.831497 -0
    outer loop
      vertex 4.95 -99.6847 4.75
      vertex 4.6954 -99.5146 4
      vertex 4.95 -99.6847 4
    endloop
  endfacet
  facet normal -0.83157 -0.55542 0
    outer loop
      vertex 3.98544 -98.8046 2.2
      vertex 4.04061 -98.8872 2.2
      vertex 3.98544 -98.8046 4
    endloop
  endfacet
  facet normal -0.831467 -0.555574 0
    outer loop
      vertex 3.98544 -98.8046 4
      vertex 3.81532 -98.55 4.75
      vertex 3.81532 -98.55 4
    endloop
  endfacet
  facet normal -0.831492 -0.555536 -1.85105e-05
    outer loop
      vertex 3.98544 -98.8046 4
      vertex 4.04061 -98.8872 4.75
      vertex 3.81532 -98.55 4.75
    endloop
  endfacet
  facet normal -0.83157 -0.55542 -0
    outer loop
      vertex 4.04061 -98.8872 4.75
      vertex 3.98544 -98.8046 4
      vertex 4.04061 -98.8872 2.2
    endloop
  endfacet
  facet normal -0.193881 -0.981025 0
    outer loop
      vertex 5.69766 -99.9944 4
      vertex 6.09537 -100.073 4.75
      vertex 5.69766 -99.9944 4.75
    endloop
  endfacet
  facet normal -0.193881 -0.981025 -0
    outer loop
      vertex 6.09537 -100.073 4.75
      vertex 5.69766 -99.9944 4
      vertex 6.09537 -100.073 4
    endloop
  endfacet
  facet normal -0.442195 -0.896919 0
    outer loop
      vertex 4.95 -99.6847 4
      vertex 5.31368 -99.864 4.75
      vertex 4.95 -99.6847 4.75
    endloop
  endfacet
  facet normal -0.442195 -0.896919 -0
    outer loop
      vertex 5.31368 -99.864 4.75
      vertex 4.95 -99.6847 4
      vertex 5.31368 -99.864 4
    endloop
  endfacet
  facet normal -0.997859 -0.0654026 0
    outer loop
      vertex 8.25 -97 2.2
      vertex 8.23503 -96.7716 4.75
      vertex 8.23503 -96.7716 2.2
    endloop
  endfacet
  facet normal -0.997859 -0.0654026 0
    outer loop
      vertex 8.23503 -96.7716 4.75
      vertex 8.25 -97 2.2
      vertex 8.25 -97 4.75
    endloop
  endfacet
  facet normal 0.997859 -0.0654026 0
    outer loop
      vertex 4.75 -97 4.75
      vertex 4.76497 -96.7716 2.2
      vertex 4.76497 -96.7716 4.75
    endloop
  endfacet
  facet normal 0.997859 -0.0654026 0
    outer loop
      vertex 4.76497 -96.7716 2.2
      vertex 4.75 -97 4.75
      vertex 4.75 -97 2.2
    endloop
  endfacet
  facet normal -0.0655274 -0.997851 0
    outer loop
      vertex 6.5 -95.25 2.2
      vertex 6.72842 -95.265 4.75
      vertex 6.5 -95.25 4.75
    endloop
  endfacet
  facet normal -0.0655274 -0.997851 -0
    outer loop
      vertex 6.72842 -95.265 4.75
      vertex 6.5 -95.25 2.2
      vertex 6.72842 -95.265 2.2
    endloop
  endfacet
  facet normal -0.659503 -0.751702 0
    outer loop
      vertex 7.56533 -95.6116 2.2
      vertex 7.73744 -95.7626 4.75
      vertex 7.56533 -95.6116 4.75
    endloop
  endfacet
  facet normal -0.659503 -0.751702 -0
    outer loop
      vertex 7.73744 -95.7626 4.75
      vertex 7.56533 -95.6116 2.2
      vertex 7.73744 -95.7626 2.2
    endloop
  endfacet
  facet normal 0.659503 -0.751702 0
    outer loop
      vertex 5.26256 -95.7626 2.2
      vertex 5.43467 -95.6116 4.75
      vertex 5.26256 -95.7626 4.75
    endloop
  endfacet
  facet normal 0.659503 -0.751702 0
    outer loop
      vertex 5.43467 -95.6116 4.75
      vertex 5.26256 -95.7626 2.2
      vertex 5.43467 -95.6116 2.2
    endloop
  endfacet
  facet normal 0.321504 -0.946908 0
    outer loop
      vertex 5.8303 -95.3832 2.2
      vertex 6.04707 -95.3096 4.75
      vertex 5.8303 -95.3832 4.75
    endloop
  endfacet
  facet normal 0.321504 -0.946908 0
    outer loop
      vertex 6.04707 -95.3096 4.75
      vertex 5.8303 -95.3832 2.2
      vertex 6.04707 -95.3096 2.2
    endloop
  endfacet
  facet normal 0.980782 0.195108 0
    outer loop
      vertex 4.80963 -97.4529 4.75
      vertex 4.76497 -97.2284 2.2
      vertex 4.76497 -97.2284 4.75
    endloop
  endfacet
  facet normal 0.980782 0.195108 0
    outer loop
      vertex 4.76497 -97.2284 2.2
      vertex 4.80963 -97.4529 4.75
      vertex 4.80963 -97.4529 2.2
    endloop
  endfacet
  facet normal -0.89686 -0.442314 0
    outer loop
      vertex 8.11679 -96.3303 2.2
      vertex 8.01554 -96.125 4.75
      vertex 8.01554 -96.125 2.2
    endloop
  endfacet
  facet normal -0.89686 -0.442314 0
    outer loop
      vertex 8.01554 -96.125 4.75
      vertex 8.11679 -96.3303 2.2
      vertex 8.11679 -96.3303 4.75
    endloop
  endfacet
  facet normal -0.831438 -0.555617 0
    outer loop
      vertex 8.01554 -96.125 2.2
      vertex 7.88837 -95.9347 4.75
      vertex 7.88837 -95.9347 2.2
    endloop
  endfacet
  facet normal -0.831438 -0.555617 0
    outer loop
      vertex 7.88837 -95.9347 4.75
      vertex 8.01554 -96.125 2.2
      vertex 8.01554 -96.125 4.75
    endloop
  endfacet
  facet normal -0.44249 -0.896774 0
    outer loop
      vertex 7.1697 -95.3832 2.2
      vertex 7.375 -95.4845 4.75
      vertex 7.1697 -95.3832 4.75
    endloop
  endfacet
  facet normal -0.44249 -0.896774 -0
    outer loop
      vertex 7.375 -95.4845 4.75
      vertex 7.1697 -95.3832 2.2
      vertex 7.375 -95.4845 2.2
    endloop
  endfacet
  facet normal -0.555345 -0.83162 0
    outer loop
      vertex 7.375 -95.4845 2.2
      vertex 7.56533 -95.6116 4.75
      vertex 7.375 -95.4845 4.75
    endloop
  endfacet
  facet normal -0.555345 -0.83162 -0
    outer loop
      vertex 7.56533 -95.6116 4.75
      vertex 7.375 -95.4845 2.2
      vertex 7.56533 -95.6116 2.2
    endloop
  endfacet
  facet normal 0.89686 -0.442314 0
    outer loop
      vertex 4.88321 -96.3303 4.75
      vertex 4.98446 -96.125 2.2
      vertex 4.98446 -96.125 4.75
    endloop
  endfacet
  facet normal 0.89686 -0.442314 0
    outer loop
      vertex 4.98446 -96.125 2.2
      vertex 4.88321 -96.3303 4.75
      vertex 4.88321 -96.3303 2.2
    endloop
  endfacet
  facet normal 0.831438 -0.555617 0
    outer loop
      vertex 4.98446 -96.125 4.75
      vertex 5.11163 -95.9347 2.2
      vertex 5.11163 -95.9347 4.75
    endloop
  endfacet
  facet normal 0.831438 -0.555617 0
    outer loop
      vertex 5.11163 -95.9347 2.2
      vertex 4.98446 -96.125 4.75
      vertex 4.98446 -96.125 2.2
    endloop
  endfacet
  facet normal 0.44249 -0.896774 0
    outer loop
      vertex 5.625 -95.4845 2.2
      vertex 5.8303 -95.3832 4.75
      vertex 5.625 -95.4845 4.75
    endloop
  endfacet
  facet normal 0.44249 -0.896774 0
    outer loop
      vertex 5.8303 -95.3832 4.75
      vertex 5.625 -95.4845 2.2
      vertex 5.8303 -95.3832 2.2
    endloop
  endfacet
  facet normal 0.0655274 -0.997851 0
    outer loop
      vertex 6.27158 -95.265 2.2
      vertex 6.5 -95.25 4.75
      vertex 6.27158 -95.265 4.75
    endloop
  endfacet
  facet normal 0.0655274 -0.997851 0
    outer loop
      vertex 6.5 -95.25 4.75
      vertex 6.27158 -95.265 2.2
      vertex 6.5 -95.25 2.2
    endloop
  endfacet
  facet normal -0.946948 0.321386 0
    outer loop
      vertex 8.11679 -97.6697 2.2
      vertex 8.19037 -97.4529 4.75
      vertex 8.19037 -97.4529 2.2
    endloop
  endfacet
  facet normal -0.946948 0.321386 0
    outer loop
      vertex 8.19037 -97.4529 4.75
      vertex 8.11679 -97.6697 2.2
      vertex 8.11679 -97.6697 4.75
    endloop
  endfacet
  facet normal -0.194847 0.980834 0
    outer loop
      vertex 6.95293 -98.6904 2.2
      vertex 6.72842 -98.735 4.75
      vertex 6.95293 -98.6904 4.75
    endloop
  endfacet
  facet normal -0.194847 0.980834 0
    outer loop
      vertex 6.72842 -98.735 4.75
      vertex 6.95293 -98.6904 2.2
      vertex 6.72842 -98.735 2.2
    endloop
  endfacet
  facet normal -0.0655274 0.997851 0
    outer loop
      vertex 6.72842 -98.735 2.2
      vertex 6.5 -98.75 4.75
      vertex 6.72842 -98.735 4.75
    endloop
  endfacet
  facet normal -0.0655274 0.997851 0
    outer loop
      vertex 6.5 -98.75 4.75
      vertex 6.72842 -98.735 2.2
      vertex 6.5 -98.75 2.2
    endloop
  endfacet
  facet normal -0.751835 0.659352 0
    outer loop
      vertex 7.73744 -98.2374 2.2
      vertex 7.88837 -98.0653 4.75
      vertex 7.88837 -98.0653 2.2
    endloop
  endfacet
  facet normal -0.751835 0.659352 0
    outer loop
      vertex 7.88837 -98.0653 4.75
      vertex 7.73744 -98.2374 2.2
      vertex 7.73744 -98.2374 4.75
    endloop
  endfacet
  facet normal -0.89686 0.442314 0
    outer loop
      vertex 8.01554 -97.875 2.2
      vertex 8.11679 -97.6697 4.75
      vertex 8.11679 -97.6697 2.2
    endloop
  endfacet
  facet normal -0.89686 0.442314 0
    outer loop
      vertex 8.11679 -97.6697 4.75
      vertex 8.01554 -97.875 2.2
      vertex 8.01554 -97.875 4.75
    endloop
  endfacet
  facet normal 0.321504 0.946908 -0
    outer loop
      vertex 6.04707 -98.6904 2.2
      vertex 5.8303 -98.6168 4.75
      vertex 6.04707 -98.6904 4.75
    endloop
  endfacet
  facet normal 0.321504 0.946908 0
    outer loop
      vertex 5.8303 -98.6168 4.75
      vertex 6.04707 -98.6904 2.2
      vertex 5.8303 -98.6168 2.2
    endloop
  endfacet
  facet normal 0.89686 0.442314 0
    outer loop
      vertex 4.98446 -97.875 4.75
      vertex 4.88321 -97.6697 2.2
      vertex 4.88321 -97.6697 4.75
    endloop
  endfacet
  facet normal 0.89686 0.442314 0
    outer loop
      vertex 4.88321 -97.6697 2.2
      vertex 4.98446 -97.875 4.75
      vertex 4.98446 -97.875 2.2
    endloop
  endfacet
  facet normal 0.831438 0.555617 0
    outer loop
      vertex 5.11163 -98.0653 4.75
      vertex 4.98446 -97.875 2.2
      vertex 4.98446 -97.875 4.75
    endloop
  endfacet
  facet normal 0.831438 0.555617 0
    outer loop
      vertex 4.98446 -97.875 2.2
      vertex 5.11163 -98.0653 4.75
      vertex 5.11163 -98.0653 2.2
    endloop
  endfacet
  facet normal 0.997859 0.0654026 0
    outer loop
      vertex 4.76497 -97.2284 4.75
      vertex 4.75 -97 2.2
      vertex 4.75 -97 4.75
    endloop
  endfacet
  facet normal 0.997859 0.0654026 0
    outer loop
      vertex 4.75 -97 2.2
      vertex 4.76497 -97.2284 4.75
      vertex 4.76497 -97.2284 2.2
    endloop
  endfacet
  facet normal -0.946948 -0.321386 0
    outer loop
      vertex 8.19037 -96.5471 2.2
      vertex 8.11679 -96.3303 4.75
      vertex 8.11679 -96.3303 2.2
    endloop
  endfacet
  facet normal -0.946948 -0.321386 0
    outer loop
      vertex 8.11679 -96.3303 4.75
      vertex 8.19037 -96.5471 2.2
      vertex 8.19037 -96.5471 4.75
    endloop
  endfacet
  facet normal -0.980782 -0.195108 0
    outer loop
      vertex 8.23503 -96.7716 2.2
      vertex 8.19037 -96.5471 4.75
      vertex 8.19037 -96.5471 2.2
    endloop
  endfacet
  facet normal -0.980782 -0.195108 0
    outer loop
      vertex 8.19037 -96.5471 4.75
      vertex 8.23503 -96.7716 2.2
      vertex 8.23503 -96.7716 4.75
    endloop
  endfacet
  facet normal -0.321504 -0.946908 0
    outer loop
      vertex 6.95293 -95.3096 2.2
      vertex 7.1697 -95.3832 4.75
      vertex 6.95293 -95.3096 4.75
    endloop
  endfacet
  facet normal -0.321504 -0.946908 -0
    outer loop
      vertex 7.1697 -95.3832 4.75
      vertex 6.95293 -95.3096 2.2
      vertex 7.1697 -95.3832 2.2
    endloop
  endfacet
  facet normal -0.194847 -0.980834 0
    outer loop
      vertex 6.72842 -95.265 2.2
      vertex 6.95293 -95.3096 4.75
      vertex 6.72842 -95.265 4.75
    endloop
  endfacet
  facet normal -0.194847 -0.980834 -0
    outer loop
      vertex 6.95293 -95.3096 4.75
      vertex 6.72842 -95.265 2.2
      vertex 6.95293 -95.3096 2.2
    endloop
  endfacet
  facet normal 0.980782 -0.195108 0
    outer loop
      vertex 4.76497 -96.7716 4.75
      vertex 4.80963 -96.5471 2.2
      vertex 4.80963 -96.5471 4.75
    endloop
  endfacet
  facet normal 0.980782 -0.195108 0
    outer loop
      vertex 4.80963 -96.5471 2.2
      vertex 4.76497 -96.7716 4.75
      vertex 4.76497 -96.7716 2.2
    endloop
  endfacet
  facet normal 0.555345 -0.83162 0
    outer loop
      vertex 5.43467 -95.6116 2.2
      vertex 5.625 -95.4845 4.75
      vertex 5.43467 -95.6116 4.75
    endloop
  endfacet
  facet normal 0.555345 -0.83162 0
    outer loop
      vertex 5.625 -95.4845 4.75
      vertex 5.43467 -95.6116 2.2
      vertex 5.625 -95.4845 2.2
    endloop
  endfacet
  facet normal 0.194847 -0.980834 0
    outer loop
      vertex 6.04707 -95.3096 2.2
      vertex 6.27158 -95.265 4.75
      vertex 6.04707 -95.3096 4.75
    endloop
  endfacet
  facet normal 0.194847 -0.980834 0
    outer loop
      vertex 6.27158 -95.265 4.75
      vertex 6.04707 -95.3096 2.2
      vertex 6.27158 -95.265 2.2
    endloop
  endfacet
  facet normal -0.44249 0.896774 0
    outer loop
      vertex 7.375 -98.5155 2.2
      vertex 7.1697 -98.6168 4.75
      vertex 7.375 -98.5155 4.75
    endloop
  endfacet
  facet normal -0.44249 0.896774 0
    outer loop
      vertex 7.1697 -98.6168 4.75
      vertex 7.375 -98.5155 2.2
      vertex 7.1697 -98.6168 2.2
    endloop
  endfacet
  facet normal -0.659503 0.751702 0
    outer loop
      vertex 7.73744 -98.2374 2.2
      vertex 7.56533 -98.3884 4.75
      vertex 7.73744 -98.2374 4.75
    endloop
  endfacet
  facet normal -0.659503 0.751702 0
    outer loop
      vertex 7.56533 -98.3884 4.75
      vertex 7.73744 -98.2374 2.2
      vertex 7.56533 -98.3884 2.2
    endloop
  endfacet
  facet normal -0.555345 0.83162 0
    outer loop
      vertex 7.56533 -98.3884 2.2
      vertex 7.375 -98.5155 4.75
      vertex 7.56533 -98.3884 4.75
    endloop
  endfacet
  facet normal -0.555345 0.83162 0
    outer loop
      vertex 7.375 -98.5155 4.75
      vertex 7.56533 -98.3884 2.2
      vertex 7.375 -98.5155 2.2
    endloop
  endfacet
  facet normal -0.831438 0.555617 0
    outer loop
      vertex 7.88837 -98.0653 2.2
      vertex 8.01554 -97.875 4.75
      vertex 8.01554 -97.875 2.2
    endloop
  endfacet
  facet normal -0.831438 0.555617 0
    outer loop
      vertex 8.01554 -97.875 4.75
      vertex 7.88837 -98.0653 2.2
      vertex 7.88837 -98.0653 4.75
    endloop
  endfacet
  facet normal 0.555345 0.83162 -0
    outer loop
      vertex 5.625 -98.5155 2.2
      vertex 5.43467 -98.3884 4.75
      vertex 5.625 -98.5155 4.75
    endloop
  endfacet
  facet normal 0.555345 0.83162 0
    outer loop
      vertex 5.43467 -98.3884 4.75
      vertex 5.625 -98.5155 2.2
      vertex 5.43467 -98.3884 2.2
    endloop
  endfacet
  facet normal 0.659503 0.751702 -0
    outer loop
      vertex 5.43467 -98.3884 2.2
      vertex 5.26256 -98.2374 4.75
      vertex 5.43467 -98.3884 4.75
    endloop
  endfacet
  facet normal 0.659503 0.751702 0
    outer loop
      vertex 5.26256 -98.2374 4.75
      vertex 5.43467 -98.3884 2.2
      vertex 5.26256 -98.2374 2.2
    endloop
  endfacet
  facet normal 0.44249 0.896774 -0
    outer loop
      vertex 5.8303 -98.6168 2.2
      vertex 5.625 -98.5155 4.75
      vertex 5.8303 -98.6168 4.75
    endloop
  endfacet
  facet normal 0.44249 0.896774 0
    outer loop
      vertex 5.625 -98.5155 4.75
      vertex 5.8303 -98.6168 2.2
      vertex 5.625 -98.5155 2.2
    endloop
  endfacet
  facet normal 0.0655274 0.997851 -0
    outer loop
      vertex 6.5 -98.75 2.2
      vertex 6.27158 -98.735 4.75
      vertex 6.5 -98.75 4.75
    endloop
  endfacet
  facet normal 0.0655274 0.997851 0
    outer loop
      vertex 6.27158 -98.735 4.75
      vertex 6.5 -98.75 2.2
      vertex 6.27158 -98.735 2.2
    endloop
  endfacet
  facet normal 0.751835 0.659352 0
    outer loop
      vertex 5.26256 -98.2374 4.75
      vertex 5.11163 -98.0653 2.2
      vertex 5.11163 -98.0653 4.75
    endloop
  endfacet
  facet normal 0.751835 0.659352 0
    outer loop
      vertex 5.11163 -98.0653 2.2
      vertex 5.26256 -98.2374 4.75
      vertex 5.26256 -98.2374 2.2
    endloop
  endfacet
  facet normal -0.751835 -0.659352 0
    outer loop
      vertex 7.88837 -95.9347 2.2
      vertex 7.73744 -95.7626 4.75
      vertex 7.73744 -95.7626 2.2
    endloop
  endfacet
  facet normal -0.751835 -0.659352 0
    outer loop
      vertex 7.73744 -95.7626 4.75
      vertex 7.88837 -95.9347 2.2
      vertex 7.88837 -95.9347 4.75
    endloop
  endfacet
  facet normal 0.751835 -0.659352 0
    outer loop
      vertex 5.11163 -95.9347 4.75
      vertex 5.26256 -95.7626 2.2
      vertex 5.26256 -95.7626 4.75
    endloop
  endfacet
  facet normal 0.751835 -0.659352 0
    outer loop
      vertex 5.26256 -95.7626 2.2
      vertex 5.11163 -95.9347 4.75
      vertex 5.11163 -95.9347 2.2
    endloop
  endfacet
  facet normal 0.946948 -0.321386 0
    outer loop
      vertex 4.80963 -96.5471 4.75
      vertex 4.88321 -96.3303 2.2
      vertex 4.88321 -96.3303 4.75
    endloop
  endfacet
  facet normal 0.946948 -0.321386 0
    outer loop
      vertex 4.88321 -96.3303 2.2
      vertex 4.80963 -96.5471 4.75
      vertex 4.80963 -96.5471 2.2
    endloop
  endfacet
  facet normal -0.321504 0.946908 0
    outer loop
      vertex 7.1697 -98.6168 2.2
      vertex 6.95293 -98.6904 4.75
      vertex 7.1697 -98.6168 4.75
    endloop
  endfacet
  facet normal -0.321504 0.946908 0
    outer loop
      vertex 6.95293 -98.6904 4.75
      vertex 7.1697 -98.6168 2.2
      vertex 6.95293 -98.6904 2.2
    endloop
  endfacet
  facet normal -0.980782 0.195108 0
    outer loop
      vertex 8.19037 -97.4529 2.2
      vertex 8.23503 -97.2284 4.75
      vertex 8.23503 -97.2284 2.2
    endloop
  endfacet
  facet normal -0.980782 0.195108 0
    outer loop
      vertex 8.23503 -97.2284 4.75
      vertex 8.19037 -97.4529 2.2
      vertex 8.19037 -97.4529 4.75
    endloop
  endfacet
  facet normal 0.194847 0.980834 -0
    outer loop
      vertex 6.27158 -98.735 2.2
      vertex 6.04707 -98.6904 4.75
      vertex 6.27158 -98.735 4.75
    endloop
  endfacet
  facet normal 0.194847 0.980834 0
    outer loop
      vertex 6.04707 -98.6904 4.75
      vertex 6.27158 -98.735 2.2
      vertex 6.04707 -98.6904 2.2
    endloop
  endfacet
  facet normal 0.946948 0.321386 0
    outer loop
      vertex 4.88321 -97.6697 4.75
      vertex 4.80963 -97.4529 2.2
      vertex 4.80963 -97.4529 4.75
    endloop
  endfacet
  facet normal 0.946948 0.321386 0
    outer loop
      vertex 4.80963 -97.4529 2.2
      vertex 4.88321 -97.6697 4.75
      vertex 4.88321 -97.6697 2.2
    endloop
  endfacet
  facet normal -0.997859 0.0654026 0
    outer loop
      vertex 8.23503 -97.2284 2.2
      vertex 8.25 -97 4.75
      vertex 8.25 -97 2.2
    endloop
  endfacet
  facet normal -0.997859 0.0654026 0
    outer loop
      vertex 8.25 -97 4.75
      vertex 8.23503 -97.2284 2.2
      vertex 8.23503 -97.2284 4.75
    endloop
  endfacet
  facet normal 0.997859 0.065401 0
    outer loop
      vertex 9.6 -10 4.75
      vertex 9.57348 -9.59537 2.2
      vertex 9.57348 -9.59537 4.75
    endloop
  endfacet
  facet normal 0.997859 0.065401 0
    outer loop
      vertex 9.57348 -9.59537 2.2
      vertex 9.6 -10 4.75
      vertex 9.6 -10 2.2
    endloop
  endfacet
  facet normal -0.997859 0.065401 0
    outer loop
      vertex 3.4 -10 4
      vertex 3.42652 -9.59537 4.75
      vertex 3.42652 -9.59537 4
    endloop
  endfacet
  facet normal -0.997859 0.065401 0
    outer loop
      vertex 3.42652 -9.59537 4.75
      vertex 3.4 -10 4
      vertex 3.4 -10 4.75
    endloop
  endfacet
  facet normal -0.065401 0.997859 0
    outer loop
      vertex 6.5 -6.9 4
      vertex 6.09537 -6.92652 4.75
      vertex 6.5 -6.9 4.75
    endloop
  endfacet
  facet normal -0.065401 0.997859 0
    outer loop
      vertex 6.09537 -6.92652 4.75
      vertex 6.5 -6.9 4
      vertex 6.09537 -6.92652 4
    endloop
  endfacet
  facet normal 0.0653519 -0.997862 0
    outer loop
      vertex 6.5 -13.1 2.2
      vertex 6.90463 -13.0735 4.75
      vertex 6.5 -13.1 4.75
    endloop
  endfacet
  facet normal 0.0653519 -0.997862 0
    outer loop
      vertex 6.90463 -13.0735 4.75
      vertex 6.5 -13.1 2.2
      vertex 6.90463 -13.0735 2.2
    endloop
  endfacet
  facet normal 0.65934 0.751844 -0
    outer loop
      vertex 8.69203 -7.80797 2.2
      vertex 8.38716 -7.54061 4.75
      vertex 8.69203 -7.80797 4.75
    endloop
  endfacet
  facet normal 0.65934 0.751844 0
    outer loop
      vertex 8.38716 -7.54061 4.75
      vertex 8.69203 -7.80797 2.2
      vertex 8.38716 -7.54061 2.2
    endloop
  endfacet
  facet normal -0.65934 0.751844 0
    outer loop
      vertex 4.61284 -7.54061 2.2
      vertex 4.30797 -7.80797 4.75
      vertex 4.61284 -7.54061 4.75
    endloop
  endfacet
  facet normal -0.65934 0.751844 0
    outer loop
      vertex 4.30797 -7.80797 4.75
      vertex 4.61284 -7.54061 2.2
      vertex 4.30797 -7.80797 2.2
    endloop
  endfacet
  facet normal -0.321431 0.946933 0
    outer loop
      vertex 5.69766 -7.00563 4
      vertex 5.31368 -7.13597 4.75
      vertex 5.69766 -7.00563 4.75
    endloop
  endfacet
  facet normal -0.321431 0.946933 0
    outer loop
      vertex 5.31368 -7.13597 4.75
      vertex 5.69766 -7.00563 4
      vertex 5.31368 -7.13597 4
    endloop
  endfacet
  facet normal 0.89687 0.442294 0
    outer loop
      vertex 9.36403 -8.81368 4.75
      vertex 9.18468 -8.45 2.2
      vertex 9.18468 -8.45 4.75
    endloop
  endfacet
  facet normal 0.89687 0.442294 0
    outer loop
      vertex 9.18468 -8.45 2.2
      vertex 9.36403 -8.81368 4.75
      vertex 9.36403 -8.81368 2.2
    endloop
  endfacet
  facet normal 0.321431 0.946933 -0
    outer loop
      vertex 7.68632 -7.13597 4
      vertex 7.30234 -7.00563 4.75
      vertex 7.68632 -7.13597 4.75
    endloop
  endfacet
  facet normal 0.321431 0.946933 0
    outer loop
      vertex 7.30234 -7.00563 4.75
      vertex 7.68632 -7.13597 4
      vertex 7.30234 -7.00563 4
    endloop
  endfacet
  facet normal 0.195092 0.980785 -0
    outer loop
      vertex 7.30234 -7.00563 4
      vertex 6.90463 -6.92652 4.75
      vertex 7.30234 -7.00563 4.75
    endloop
  endfacet
  facet normal 0.195092 0.980785 0
    outer loop
      vertex 6.90463 -6.92652 4.75
      vertex 7.30234 -7.00563 4
      vertex 6.90463 -6.92652 4
    endloop
  endfacet
  facet normal 0.442294 0.89687 -0
    outer loop
      vertex 8.05 -7.31532 4
      vertex 7.68632 -7.13597 4.75
      vertex 8.05 -7.31532 4.75
    endloop
  endfacet
  facet normal 0.442294 0.89687 0
    outer loop
      vertex 7.68632 -7.13597 4.75
      vertex 8.05 -7.31532 4
      vertex 7.68632 -7.13597 4
    endloop
  endfacet
  facet normal -0.89687 0.442294 0
    outer loop
      vertex 3.63597 -8.81368 4
      vertex 3.81532 -8.45 4.75
      vertex 3.81532 -8.45 4
    endloop
  endfacet
  facet normal -0.89687 0.442294 0
    outer loop
      vertex 3.81532 -8.45 4.75
      vertex 3.63597 -8.81368 4
      vertex 3.63597 -8.81368 4.75
    endloop
  endfacet
  facet normal -0.751844 0.65934 0
    outer loop
      vertex 4.04061 -8.11284 2.2
      vertex 4.30797 -7.80797 4.75
      vertex 4.30797 -7.80797 2.2
    endloop
  endfacet
  facet normal -0.751844 0.65934 0
    outer loop
      vertex 4.30797 -7.80797 4.75
      vertex 4.04061 -8.11284 2.2
      vertex 4.04061 -8.11284 4.75
    endloop
  endfacet
  facet normal 0 0 1
    outer loop
      vertex 8.25 -10 4.75
      vertex 9.6 -10 4.75
      vertex 9.57348 -9.59537 4.75
    endloop
  endfacet
  facet normal 0 0 1
    outer loop
      vertex 8.23503 -9.77158 4.75
      vertex 9.57348 -9.59537 4.75
      vertex 9.49437 -9.19766 4.75
    endloop
  endfacet
  facet normal 0 0 1
    outer loop
      vertex 9.6 -10 4.75
      vertex 8.25 -10 4.75
      vertex 9.57348 -10.4046 4.75
    endloop
  endfacet
  facet normal 0 0 1
    outer loop
      vertex 8.19037 -9.54707 4.75
      vertex 9.49437 -9.19766 4.75
      vertex 9.36403 -8.81368 4.75
    endloop
  endfacet
  facet normal -0 0 1
    outer loop
      vertex 8.23503 -10.2284 4.75
      vertex 9.57348 -10.4046 4.75
      vertex 8.25 -10 4.75
    endloop
  endfacet
  facet normal 0 0 1
    outer loop
      vertex 8.11679 -9.3303 4.75
      vertex 9.36403 -8.81368 4.75
      vertex 9.18468 -8.45 4.75
    endloop
  endfacet
  facet normal 0 0 1
    outer loop
      vertex 9.57348 -10.4046 4.75
      vertex 8.23503 -10.2284 4.75
      vertex 9.49437 -10.8023 4.75
    endloop
  endfacet
  facet normal 0 0 1
    outer loop
      vertex 8.01554 -9.125 4.75
      vertex 9.18468 -8.45 4.75
      vertex 8.95939 -8.11284 4.75
    endloop
  endfacet
  facet normal -0 0 1
    outer loop
      vertex 8.19037 -10.4529 4.75
      vertex 9.49437 -10.8023 4.75
      vertex 8.23503 -10.2284 4.75
    endloop
  endfacet
  facet normal 0 0 1
    outer loop
      vertex 7.88837 -8.93467 4.75
      vertex 8.95939 -8.11284 4.75
      vertex 8.69203 -7.80797 4.75
    endloop
  endfacet
  facet normal 0 0 1
    outer loop
      vertex 9.49437 -10.8023 4.75
      vertex 8.19037 -10.4529 4.75
      vertex 9.36403 -11.1863 4.75
    endloop
  endfacet
  facet normal 0 0 1
    outer loop
      vertex 7.73744 -8.76256 4.75
      vertex 8.69203 -7.80797 4.75
      vertex 8.38716 -7.54061 4.75
    endloop
  endfacet
  facet normal -0 0 1
    outer loop
      vertex 8.11679 -10.6697 4.75
      vertex 9.36403 -11.1863 4.75
      vertex 8.19037 -10.4529 4.75
    endloop
  endfacet
  facet normal 0 0 1
    outer loop
      vertex 9.36403 -11.1863 4.75
      vertex 8.11679 -10.6697 4.75
      vertex 9.18468 -11.55 4.75
    endloop
  endfacet
  facet normal 0 0 1
    outer loop
      vertex 9.57348 -9.59537 4.75
      vertex 8.23503 -9.77158 4.75
      vertex 8.25 -10 4.75
    endloop
  endfacet
  facet normal 0 0 1
    outer loop
      vertex 9.49437 -9.19766 4.75
      vertex 8.19037 -9.54707 4.75
      vertex 8.23503 -9.77158 4.75
    endloop
  endfacet
  facet normal 0 0 1
    outer loop
      vertex 9.36403 -8.81368 4.75
      vertex 8.11679 -9.3303 4.75
      vertex 8.19037 -9.54707 4.75
    endloop
  endfacet
  facet normal 0 0 1
    outer loop
      vertex 7.56533 -8.61163 4.75
      vertex 8.38716 -7.54061 4.75
      vertex 8.05 -7.31532 4.75
    endloop
  endfacet
  facet normal 0 0 1
    outer loop
      vertex 9.18468 -8.45 4.75
      vertex 8.01554 -9.125 4.75
      vertex 8.11679 -9.3303 4.75
    endloop
  endfacet
  facet normal 0 0 1
    outer loop
      vertex 8.95939 -8.11284 4.75
      vertex 7.88837 -8.93467 4.75
      vertex 8.01554 -9.125 4.75
    endloop
  endfacet
  facet normal 0 0 1
    outer loop
      vertex 8.69203 -7.80797 4.75
      vertex 7.73744 -8.76256 4.75
      vertex 7.88837 -8.93467 4.75
    endloop
  endfacet
  facet normal 0 0 1
    outer loop
      vertex 7.375 -8.48446 4.75
      vertex 8.05 -7.31532 4.75
      vertex 7.68632 -7.13597 4.75
    endloop
  endfacet
  facet normal 0 0 1
    outer loop
      vertex 8.38716 -7.54061 4.75
      vertex 7.56533 -8.61163 4.75
      vertex 7.73744 -8.76256 4.75
    endloop
  endfacet
  facet normal 0 0 1
    outer loop
      vertex 8.05 -7.31532 4.75
      vertex 7.375 -8.48446 4.75
      vertex 7.56533 -8.61163 4.75
    endloop
  endfacet
  facet normal 0 0 1
    outer loop
      vertex 7.1697 -8.38321 4.75
      vertex 7.68632 -7.13597 4.75
      vertex 7.30234 -7.00563 4.75
    endloop
  endfacet
  facet normal 0 0 1
    outer loop
      vertex 7.68632 -7.13597 4.75
      vertex 7.1697 -8.38321 4.75
      vertex 7.375 -8.48446 4.75
    endloop
  endfacet
  facet normal 0 0 1
    outer loop
      vertex 7.30234 -7.00563 4.75
      vertex 6.95293 -8.30963 4.75
      vertex 7.1697 -8.38321 4.75
    endloop
  endfacet
  facet normal 0 0 1
    outer loop
      vertex 6.90463 -6.92652 4.75
      vertex 6.95293 -8.30963 4.75
      vertex 7.30234 -7.00563 4.75
    endloop
  endfacet
  facet normal 0 0 1
    outer loop
      vertex 6.90463 -6.92652 4.75
      vertex 6.72842 -8.26497 4.75
      vertex 6.95293 -8.30963 4.75
    endloop
  endfacet
  facet normal 0 0 1
    outer loop
      vertex 6.5 -6.9 4.75
      vertex 6.72842 -8.26497 4.75
      vertex 6.90463 -6.92652 4.75
    endloop
  endfacet
  facet normal 0 0 1
    outer loop
      vertex 6.5 -6.9 4.75
      vertex 6.5 -8.25 4.75
      vertex 6.72842 -8.26497 4.75
    endloop
  endfacet
  facet normal 0 0 1
    outer loop
      vertex 6.5 -6.9 4.75
      vertex 6.27158 -8.26497 4.75
      vertex 6.5 -8.25 4.75
    endloop
  endfacet
  facet normal -0 0 1
    outer loop
      vertex 6.09537 -6.92652 4.75
      vertex 6.27158 -8.26497 4.75
      vertex 6.5 -6.9 4.75
    endloop
  endfacet
  facet normal 0 0 1
    outer loop
      vertex 6.09537 -6.92652 4.75
      vertex 6.04707 -8.30963 4.75
      vertex 6.27158 -8.26497 4.75
    endloop
  endfacet
  facet normal -0 0 1
    outer loop
      vertex 5.69766 -7.00563 4.75
      vertex 6.04707 -8.30963 4.75
      vertex 6.09537 -6.92652 4.75
    endloop
  endfacet
  facet normal 0 0 1
    outer loop
      vertex 6.04707 -8.30963 4.75
      vertex 5.69766 -7.00563 4.75
      vertex 5.8303 -8.38321 4.75
    endloop
  endfacet
  facet normal -0 0 1
    outer loop
      vertex 5.31368 -7.13597 4.75
      vertex 5.8303 -8.38321 4.75
      vertex 5.69766 -7.00563 4.75
    endloop
  endfacet
  facet normal 0 0 1
    outer loop
      vertex 5.8303 -8.38321 4.75
      vertex 5.31368 -7.13597 4.75
      vertex 5.625 -8.48446 4.75
    endloop
  endfacet
  facet normal -0 0 1
    outer loop
      vertex 4.95 -7.31532 4.75
      vertex 5.625 -8.48446 4.75
      vertex 5.31368 -7.13597 4.75
    endloop
  endfacet
  facet normal 0 0 1
    outer loop
      vertex 5.625 -8.48446 4.75
      vertex 4.95 -7.31532 4.75
      vertex 5.43467 -8.61163 4.75
    endloop
  endfacet
  facet normal -0 0 1
    outer loop
      vertex 4.61284 -7.54061 4.75
      vertex 5.43467 -8.61163 4.75
      vertex 4.95 -7.31532 4.75
    endloop
  endfacet
  facet normal 0 0 1
    outer loop
      vertex 5.43467 -8.61163 4.75
      vertex 4.61284 -7.54061 4.75
      vertex 5.26256 -8.76256 4.75
    endloop
  endfacet
  facet normal -0 0 1
    outer loop
      vertex 4.30797 -7.80797 4.75
      vertex 5.26256 -8.76256 4.75
      vertex 4.61284 -7.54061 4.75
    endloop
  endfacet
  facet normal 0 0 1
    outer loop
      vertex 5.26256 -8.76256 4.75
      vertex 4.30797 -7.80797 4.75
      vertex 5.11163 -8.93467 4.75
    endloop
  endfacet
  facet normal -0 0 1
    outer loop
      vertex 4.04061 -8.11284 4.75
      vertex 5.11163 -8.93467 4.75
      vertex 4.30797 -7.80797 4.75
    endloop
  endfacet
  facet normal 0 0 1
    outer loop
      vertex 5.11163 -8.93467 4.75
      vertex 4.04061 -8.11284 4.75
      vertex 4.98446 -9.125 4.75
    endloop
  endfacet
  facet normal 0 0 1
    outer loop
      vertex 4.98446 -9.125 4.75
      vertex 3.81532 -8.45 4.75
      vertex 4.88321 -9.3303 4.75
    endloop
  endfacet
  facet normal -0 0 1
    outer loop
      vertex 3.81532 -8.45 4.75
      vertex 4.98446 -9.125 4.75
      vertex 4.04061 -8.11284 4.75
    endloop
  endfacet
  facet normal -0 0 1
    outer loop
      vertex 8.01554 -10.875 4.75
      vertex 9.18468 -11.55 4.75
      vertex 8.11679 -10.6697 4.75
    endloop
  endfacet
  facet normal 0 0 1
    outer loop
      vertex 9.18468 -11.55 4.75
      vertex 8.01554 -10.875 4.75
      vertex 8.95939 -11.8872 4.75
    endloop
  endfacet
  facet normal -0 0 1
    outer loop
      vertex 7.88837 -11.0653 4.75
      vertex 8.95939 -11.8872 4.75
      vertex 8.01554 -10.875 4.75
    endloop
  endfacet
  facet normal 0 0 1
    outer loop
      vertex 8.95939 -11.8872 4.75
      vertex 7.88837 -11.0653 4.75
      vertex 8.69203 -12.192 4.75
    endloop
  endfacet
  facet normal -0 0 1
    outer loop
      vertex 7.73744 -11.2374 4.75
      vertex 8.69203 -12.192 4.75
      vertex 7.88837 -11.0653 4.75
    endloop
  endfacet
  facet normal 0 0 1
    outer loop
      vertex 8.69203 -12.192 4.75
      vertex 7.73744 -11.2374 4.75
      vertex 8.38716 -12.4594 4.75
    endloop
  endfacet
  facet normal -0 0 1
    outer loop
      vertex 7.56533 -11.3884 4.75
      vertex 8.38716 -12.4594 4.75
      vertex 7.73744 -11.2374 4.75
    endloop
  endfacet
  facet normal 0 0 1
    outer loop
      vertex 8.38716 -12.4594 4.75
      vertex 7.56533 -11.3884 4.75
      vertex 8.05 -12.6847 4.75
    endloop
  endfacet
  facet normal -0 0 1
    outer loop
      vertex 7.375 -11.5155 4.75
      vertex 8.05 -12.6847 4.75
      vertex 7.56533 -11.3884 4.75
    endloop
  endfacet
  facet normal 0 0 1
    outer loop
      vertex 8.05 -12.6847 4.75
      vertex 7.375 -11.5155 4.75
      vertex 7.68632 -12.864 4.75
    endloop
  endfacet
  facet normal -0 0 1
    outer loop
      vertex 7.1697 -11.6168 4.75
      vertex 7.68632 -12.864 4.75
      vertex 7.375 -11.5155 4.75
    endloop
  endfacet
  facet normal 0 0 1
    outer loop
      vertex 7.68632 -12.864 4.75
      vertex 7.1697 -11.6168 4.75
      vertex 7.30234 -12.9944 4.75
    endloop
  endfacet
  facet normal -0 0 1
    outer loop
      vertex 6.95293 -11.6904 4.75
      vertex 7.30234 -12.9944 4.75
      vertex 7.1697 -11.6168 4.75
    endloop
  endfacet
  facet normal 0 0 1
    outer loop
      vertex 6.95293 -11.6904 4.75
      vertex 6.90463 -13.0735 4.75
      vertex 7.30234 -12.9944 4.75
    endloop
  endfacet
  facet normal -0 0 1
    outer loop
      vertex 6.72842 -11.735 4.75
      vertex 6.90463 -13.0735 4.75
      vertex 6.95293 -11.6904 4.75
    endloop
  endfacet
  facet normal -0 0 1
    outer loop
      vertex 6.5 -11.75 4.75
      vertex 6.90463 -13.0735 4.75
      vertex 6.72842 -11.735 4.75
    endloop
  endfacet
  facet normal 0 0 1
    outer loop
      vertex 6.5 -11.75 4.75
      vertex 6.5 -13.1 4.75
      vertex 6.90463 -13.0735 4.75
    endloop
  endfacet
  facet normal 0 0 1
    outer loop
      vertex 6.27158 -11.735 4.75
      vertex 6.5 -13.1 4.75
      vertex 6.5 -11.75 4.75
    endloop
  endfacet
  facet normal 0 0 1
    outer loop
      vertex 6.27158 -11.735 4.75
      vertex 6.09537 -13.0735 4.75
      vertex 6.5 -13.1 4.75
    endloop
  endfacet
  facet normal 0 0 1
    outer loop
      vertex 6.04707 -11.6904 4.75
      vertex 6.09537 -13.0735 4.75
      vertex 6.27158 -11.735 4.75
    endloop
  endfacet
  facet normal 0 0 1
    outer loop
      vertex 5.69766 -12.9944 4.75
      vertex 6.04707 -11.6904 4.75
      vertex 5.8303 -11.6168 4.75
    endloop
  endfacet
  facet normal 0 0 1
    outer loop
      vertex 6.04707 -11.6904 4.75
      vertex 5.69766 -12.9944 4.75
      vertex 6.09537 -13.0735 4.75
    endloop
  endfacet
  facet normal 0 0 1
    outer loop
      vertex 5.31368 -12.864 4.75
      vertex 5.8303 -11.6168 4.75
      vertex 5.625 -11.5155 4.75
    endloop
  endfacet
  facet normal 0 0 1
    outer loop
      vertex 4.95 -12.6847 4.75
      vertex 5.625 -11.5155 4.75
      vertex 5.43467 -11.3884 4.75
    endloop
  endfacet
  facet normal 0 0 1
    outer loop
      vertex 5.8303 -11.6168 4.75
      vertex 5.31368 -12.864 4.75
      vertex 5.69766 -12.9944 4.75
    endloop
  endfacet
  facet normal 0 0 1
    outer loop
      vertex 4.61284 -12.4594 4.75
      vertex 5.43467 -11.3884 4.75
      vertex 5.26256 -11.2374 4.75
    endloop
  endfacet
  facet normal 0 0 1
    outer loop
      vertex 4.30797 -12.192 4.75
      vertex 5.26256 -11.2374 4.75
      vertex 5.11163 -11.0653 4.75
    endloop
  endfacet
  facet normal 0 0 1
    outer loop
      vertex 4.04061 -11.8872 4.75
      vertex 5.11163 -11.0653 4.75
      vertex 4.98446 -10.875 4.75
    endloop
  endfacet
  facet normal 0 0 1
    outer loop
      vertex 5.625 -11.5155 4.75
      vertex 4.95 -12.6847 4.75
      vertex 5.31368 -12.864 4.75
    endloop
  endfacet
  facet normal 0 0 1
    outer loop
      vertex 3.81532 -11.55 4.75
      vertex 4.98446 -10.875 4.75
      vertex 4.88321 -10.6697 4.75
    endloop
  endfacet
  facet normal 0 0 1
    outer loop
      vertex 3.63597 -11.1863 4.75
      vertex 4.88321 -10.6697 4.75
      vertex 4.80963 -10.4529 4.75
    endloop
  endfacet
  facet normal 0 0 1
    outer loop
      vertex 3.50563 -10.8023 4.75
      vertex 4.80963 -10.4529 4.75
      vertex 4.76497 -10.2284 4.75
    endloop
  endfacet
  facet normal 0 0 1
    outer loop
      vertex 5.43467 -11.3884 4.75
      vertex 4.61284 -12.4594 4.75
      vertex 4.95 -12.6847 4.75
    endloop
  endfacet
  facet normal 0 0 1
    outer loop
      vertex 3.42652 -10.4046 4.75
      vertex 4.76497 -10.2284 4.75
      vertex 4.75 -10 4.75
    endloop
  endfacet
  facet normal -0 0 1
    outer loop
      vertex 3.63597 -8.81368 4.75
      vertex 4.88321 -9.3303 4.75
      vertex 3.81532 -8.45 4.75
    endloop
  endfacet
  facet normal 0 0 1
    outer loop
      vertex 4.88321 -9.3303 4.75
      vertex 3.63597 -8.81368 4.75
      vertex 4.80963 -9.54707 4.75
    endloop
  endfacet
  facet normal 0 0 1
    outer loop
      vertex 5.26256 -11.2374 4.75
      vertex 4.30797 -12.192 4.75
      vertex 4.61284 -12.4594 4.75
    endloop
  endfacet
  facet normal -0 0 1
    outer loop
      vertex 3.50563 -9.19766 4.75
      vertex 4.80963 -9.54707 4.75
      vertex 3.63597 -8.81368 4.75
    endloop
  endfacet
  facet normal 0 0 1
    outer loop
      vertex 5.11163 -11.0653 4.75
      vertex 4.04061 -11.8872 4.75
      vertex 4.30797 -12.192 4.75
    endloop
  endfacet
  facet normal 0 0 1
    outer loop
      vertex 4.80963 -9.54707 4.75
      vertex 3.50563 -9.19766 4.75
      vertex 4.76497 -9.77158 4.75
    endloop
  endfacet
  facet normal 0 0 1
    outer loop
      vertex 4.98446 -10.875 4.75
      vertex 3.81532 -11.55 4.75
      vertex 4.04061 -11.8872 4.75
    endloop
  endfacet
  facet normal -0 0 1
    outer loop
      vertex 3.42652 -9.59537 4.75
      vertex 4.76497 -9.77158 4.75
      vertex 3.50563 -9.19766 4.75
    endloop
  endfacet
  facet normal 0 0 1
    outer loop
      vertex 4.88321 -10.6697 4.75
      vertex 3.63597 -11.1863 4.75
      vertex 3.81532 -11.55 4.75
    endloop
  endfacet
  facet normal 0 0 1
    outer loop
      vertex 4.76497 -9.77158 4.75
      vertex 3.42652 -9.59537 4.75
      vertex 4.75 -10 4.75
    endloop
  endfacet
  facet normal 0 0 1
    outer loop
      vertex 4.80963 -10.4529 4.75
      vertex 3.50563 -10.8023 4.75
      vertex 3.63597 -11.1863 4.75
    endloop
  endfacet
  facet normal 0 0 1
    outer loop
      vertex 3.4 -10 4.75
      vertex 4.75 -10 4.75
      vertex 3.42652 -9.59537 4.75
    endloop
  endfacet
  facet normal 0 0 1
    outer loop
      vertex 4.76497 -10.2284 4.75
      vertex 3.42652 -10.4046 4.75
      vertex 3.50563 -10.8023 4.75
    endloop
  endfacet
  facet normal 0 0 1
    outer loop
      vertex 4.75 -10 4.75
      vertex 3.4 -10 4.75
      vertex 3.42652 -10.4046 4.75
    endloop
  endfacet
  facet normal -0.195092 0.980785 0
    outer loop
      vertex 6.09537 -6.92652 4
      vertex 5.69766 -7.00563 4.75
      vertex 6.09537 -6.92652 4.75
    endloop
  endfacet
  facet normal -0.195092 0.980785 0
    outer loop
      vertex 5.69766 -7.00563 4.75
      vertex 6.09537 -6.92652 4
      vertex 5.69766 -7.00563 4
    endloop
  endfacet
  facet normal 0.89688 -0.442275 0
    outer loop
      vertex 9.18468 -11.55 4.75
      vertex 9.36403 -11.1863 2.2
      vertex 9.36403 -11.1863 4.75
    endloop
  endfacet
  facet normal 0.89688 -0.442275 0
    outer loop
      vertex 9.36403 -11.1863 2.2
      vertex 9.18468 -11.55 4.75
      vertex 9.18468 -11.55 2.2
    endloop
  endfacet
  facet normal 0.195068 -0.98079 0
    outer loop
      vertex 6.90463 -13.0735 2.2
      vertex 7.30234 -12.9944 4.75
      vertex 6.90463 -13.0735 4.75
    endloop
  endfacet
  facet normal 0.195068 -0.98079 0
    outer loop
      vertex 7.30234 -12.9944 4.75
      vertex 6.90463 -13.0735 2.2
      vertex 7.30234 -12.9944 2.2
    endloop
  endfacet
  facet normal 0.946933 0.321431 0
    outer loop
      vertex 9.49437 -9.19766 4.75
      vertex 9.36403 -8.81368 2.2
      vertex 9.36403 -8.81368 4.75
    endloop
  endfacet
  facet normal 0.946933 0.321431 0
    outer loop
      vertex 9.36403 -8.81368 2.2
      vertex 9.49437 -9.19766 4.75
      vertex 9.49437 -9.19766 2.2
    endloop
  endfacet
  facet normal 0.980785 0.195092 0
    outer loop
      vertex 9.57348 -9.59537 4.75
      vertex 9.49437 -9.19766 2.2
      vertex 9.49437 -9.19766 4.75
    endloop
  endfacet
  facet normal 0.980785 0.195092 0
    outer loop
      vertex 9.49437 -9.19766 2.2
      vertex 9.57348 -9.59537 4.75
      vertex 9.57348 -9.59537 2.2
    endloop
  endfacet
  facet normal 0.751844 0.65934 0
    outer loop
      vertex 8.95939 -8.11284 4.75
      vertex 8.69203 -7.80797 2.2
      vertex 8.69203 -7.80797 4.75
    endloop
  endfacet
  facet normal 0.751844 0.65934 0
    outer loop
      vertex 8.69203 -7.80797 2.2
      vertex 8.95939 -8.11284 4.75
      vertex 8.95939 -8.11284 2.2
    endloop
  endfacet
  facet normal 0.831462 0.555582 0
    outer loop
      vertex 9.18468 -8.45 4.75
      vertex 8.95939 -8.11284 2.2
      vertex 8.95939 -8.11284 4.75
    endloop
  endfacet
  facet normal 0.831462 0.555582 0
    outer loop
      vertex 8.95939 -8.11284 2.2
      vertex 9.18468 -8.45 4.75
      vertex 9.18468 -8.45 2.2
    endloop
  endfacet
  facet normal 0.065401 0.997859 -0
    outer loop
      vertex 6.90463 -6.92652 4
      vertex 6.5 -6.9 4.75
      vertex 6.90463 -6.92652 4.75
    endloop
  endfacet
  facet normal 0.065401 0.997859 0
    outer loop
      vertex 6.5 -6.9 4.75
      vertex 6.90463 -6.92652 4
      vertex 6.5 -6.9 4
    endloop
  endfacet
  facet normal 0.555582 0.831462 1.55626e-06
    outer loop
      vertex 8.38716 -7.54061 4.75
      vertex 8.28149 -7.47 4
      vertex 8.05 -7.31532 4.75
    endloop
  endfacet
  facet normal 0.55559 0.831457 -0
    outer loop
      vertex 8.38716 -7.54061 2.2
      vertex 8.28149 -7.47 4
      vertex 8.38716 -7.54061 4.75
    endloop
  endfacet
  facet normal 0.55559 0.831457 0
    outer loop
      vertex 8.28149 -7.47 4
      vertex 8.38716 -7.54061 2.2
      vertex 8.28149 -7.47 2.2
    endloop
  endfacet
  facet normal 0.555578 0.831464 0
    outer loop
      vertex 8.05 -7.31532 4.75
      vertex 8.28149 -7.47 4
      vertex 8.05 -7.31532 4
    endloop
  endfacet
  facet normal -0.831446 0.555606 0
    outer loop
      vertex 3.98544 -8.1954 4
      vertex 4.04061 -8.11284 2.2
      vertex 3.98544 -8.1954 2.2
    endloop
  endfacet
  facet normal -0.831446 0.555606 0
    outer loop
      vertex 4.04061 -8.11284 2.2
      vertex 3.98544 -8.1954 4
      vertex 4.04061 -8.11284 4.75
    endloop
  endfacet
  facet normal -0.831467 0.555574 0
    outer loop
      vertex 3.81532 -8.45 4.75
      vertex 3.98544 -8.1954 4
      vertex 3.81532 -8.45 4
    endloop
  endfacet
  facet normal -0.831462 0.555582 3.86286e-06
    outer loop
      vertex 3.98544 -8.1954 4
      vertex 3.81532 -8.45 4.75
      vertex 4.04061 -8.11284 4.75
    endloop
  endfacet
  facet normal -0.946933 0.321431 0
    outer loop
      vertex 3.50563 -9.19766 4
      vertex 3.63597 -8.81368 4.75
      vertex 3.63597 -8.81368 4
    endloop
  endfacet
  facet normal -0.946933 0.321431 0
    outer loop
      vertex 3.63597 -8.81368 4.75
      vertex 3.50563 -9.19766 4
      vertex 3.50563 -9.19766 4.75
    endloop
  endfacet
  facet normal -0.980785 0.195092 0
    outer loop
      vertex 3.42652 -9.59537 4
      vertex 3.50563 -9.19766 4.75
      vertex 3.50563 -9.19766 4
    endloop
  endfacet
  facet normal -0.980785 0.195092 0
    outer loop
      vertex 3.50563 -9.19766 4.75
      vertex 3.42652 -9.59537 4
      vertex 3.42652 -9.59537 4.75
    endloop
  endfacet
  facet normal -0.442294 0.89687 0
    outer loop
      vertex 5.31368 -7.13597 4
      vertex 4.95 -7.31532 4.75
      vertex 5.31368 -7.13597 4.75
    endloop
  endfacet
  facet normal -0.442294 0.89687 0
    outer loop
      vertex 4.95 -7.31532 4.75
      vertex 5.31368 -7.13597 4
      vertex 4.95 -7.31532 4
    endloop
  endfacet
  facet normal -0.555574 0.831467 0
    outer loop
      vertex 4.6954 -7.48544 4
      vertex 4.95 -7.31532 4.75
      vertex 4.95 -7.31532 4
    endloop
  endfacet
  facet normal -0.555582 0.831462 3.86286e-06
    outer loop
      vertex 4.95 -7.31532 4.75
      vertex 4.6954 -7.48544 4
      vertex 4.61284 -7.54061 4.75
    endloop
  endfacet
  facet normal -0.555606 0.831446 0
    outer loop
      vertex 4.61284 -7.54061 2.2
      vertex 4.6954 -7.48544 4
      vertex 4.6954 -7.48544 2.2
    endloop
  endfacet
  facet normal -0.555606 0.831446 0
    outer loop
      vertex 4.6954 -7.48544 4
      vertex 4.61284 -7.54061 2.2
      vertex 4.61284 -7.54061 4.75
    endloop
  endfacet
  facet normal 0.555599 -0.83145 0
    outer loop
      vertex 8.05 -12.6847 2.2
      vertex 8.38716 -12.4594 4.75
      vertex 8.05 -12.6847 4.75
    endloop
  endfacet
  facet normal 0.555599 -0.83145 0
    outer loop
      vertex 8.38716 -12.4594 4.75
      vertex 8.05 -12.6847 2.2
      vertex 8.38716 -12.4594 2.2
    endloop
  endfacet
  facet normal 0.751769 -0.659426 0
    outer loop
      vertex 8.69203 -12.192 4.75
      vertex 8.95939 -11.8872 2.2
      vertex 8.95939 -11.8872 4.75
    endloop
  endfacet
  facet normal 0.751769 -0.659426 0
    outer loop
      vertex 8.95939 -11.8872 2.2
      vertex 8.69203 -12.192 4.75
      vertex 8.69203 -12.192 2.2
    endloop
  endfacet
  facet normal 0.946938 -0.321416 0
    outer loop
      vertex 9.36403 -11.1863 4.75
      vertex 9.49437 -10.8023 2.2
      vertex 9.49437 -10.8023 4.75
    endloop
  endfacet
  facet normal 0.946938 -0.321416 0
    outer loop
      vertex 9.49437 -10.8023 2.2
      vertex 9.36403 -11.1863 4.75
      vertex 9.36403 -11.1863 2.2
    endloop
  endfacet
  facet normal 0.980784 -0.195096 0
    outer loop
      vertex 9.49437 -10.8023 4.75
      vertex 9.57348 -10.4046 2.2
      vertex 9.57348 -10.4046 4.75
    endloop
  endfacet
  facet normal 0.980784 -0.195096 0
    outer loop
      vertex 9.57348 -10.4046 2.2
      vertex 9.49437 -10.8023 4.75
      vertex 9.49437 -10.8023 2.2
    endloop
  endfacet
  facet normal -0.659396 -0.751796 0
    outer loop
      vertex 4.30797 -12.192 2.2
      vertex 4.61284 -12.4594 4.75
      vertex 4.30797 -12.192 4.75
    endloop
  endfacet
  facet normal -0.659396 -0.751796 -0
    outer loop
      vertex 4.61284 -12.4594 4.75
      vertex 4.30797 -12.192 2.2
      vertex 4.61284 -12.4594 2.2
    endloop
  endfacet
  facet normal -0.89688 -0.442275 0
    outer loop
      vertex 3.81532 -11.55 4
      vertex 3.63597 -11.1863 4.75
      vertex 3.63597 -11.1863 4
    endloop
  endfacet
  facet normal -0.89688 -0.442275 0
    outer loop
      vertex 3.63597 -11.1863 4.75
      vertex 3.81532 -11.55 4
      vertex 3.81532 -11.55 4.75
    endloop
  endfacet
  facet normal -0.751769 -0.659426 0
    outer loop
      vertex 4.30797 -12.192 2.2
      vertex 4.04061 -11.8872 4.75
      vertex 4.04061 -11.8872 2.2
    endloop
  endfacet
  facet normal -0.751769 -0.659426 0
    outer loop
      vertex 4.04061 -11.8872 4.75
      vertex 4.30797 -12.192 2.2
      vertex 4.30797 -12.192 4.75
    endloop
  endfacet
  facet normal -0.997859 -0.0654059 0
    outer loop
      vertex 3.42652 -10.4046 4
      vertex 3.4 -10 4.75
      vertex 3.4 -10 4
    endloop
  endfacet
  facet normal -0.997859 -0.0654059 0
    outer loop
      vertex 3.4 -10 4.75
      vertex 3.42652 -10.4046 4
      vertex 3.42652 -10.4046 4.75
    endloop
  endfacet
  facet normal 0.831492 -0.555536 0
    outer loop
      vertex 8.95939 -11.8872 4.75
      vertex 9.18468 -11.55 2.2
      vertex 9.18468 -11.55 4.75
    endloop
  endfacet
  facet normal 0.831492 -0.555536 0
    outer loop
      vertex 9.18468 -11.55 2.2
      vertex 8.95939 -11.8872 4.75
      vertex 8.95939 -11.8872 2.2
    endloop
  endfacet
  facet normal 0.997859 -0.0654059 0
    outer loop
      vertex 9.57348 -10.4046 4.75
      vertex 9.6 -10 2.2
      vertex 9.6 -10 4.75
    endloop
  endfacet
  facet normal 0.997859 -0.0654059 0
    outer loop
      vertex 9.6 -10 2.2
      vertex 9.57348 -10.4046 4.75
      vertex 9.57348 -10.4046 2.2
    endloop
  endfacet
  facet normal -0.980784 -0.195096 0
    outer loop
      vertex 3.50563 -10.8023 4
      vertex 3.42652 -10.4046 4.75
      vertex 3.42652 -10.4046 4
    endloop
  endfacet
  facet normal -0.980784 -0.195096 0
    outer loop
      vertex 3.42652 -10.4046 4.75
      vertex 3.50563 -10.8023 4
      vertex 3.50563 -10.8023 4.75
    endloop
  endfacet
  facet normal -0.946938 -0.321416 0
    outer loop
      vertex 3.63597 -11.1863 4
      vertex 3.50563 -10.8023 4.75
      vertex 3.50563 -10.8023 4
    endloop
  endfacet
  facet normal -0.946938 -0.321416 0
    outer loop
      vertex 3.50563 -10.8023 4.75
      vertex 3.63597 -11.1863 4
      vertex 3.63597 -11.1863 4.75
    endloop
  endfacet
  facet normal 0.442195 -0.896919 0
    outer loop
      vertex 7.68632 -12.864 2.2
      vertex 8.05 -12.6847 4.75
      vertex 7.68632 -12.864 4.75
    endloop
  endfacet
  facet normal 0.442195 -0.896919 0
    outer loop
      vertex 8.05 -12.6847 4.75
      vertex 7.68632 -12.864 2.2
      vertex 8.05 -12.6847 2.2
    endloop
  endfacet
  facet normal 0.321564 -0.946888 0
    outer loop
      vertex 7.30234 -12.9944 2.2
      vertex 7.68632 -12.864 4.75
      vertex 7.30234 -12.9944 4.75
    endloop
  endfacet
  facet normal 0.321564 -0.946888 0
    outer loop
      vertex 7.68632 -12.864 4.75
      vertex 7.30234 -12.9944 2.2
      vertex 7.68632 -12.864 2.2
    endloop
  endfacet
  facet normal 0.659396 -0.751796 0
    outer loop
      vertex 8.38716 -12.4594 2.2
      vertex 8.69203 -12.192 4.75
      vertex 8.38716 -12.4594 4.75
    endloop
  endfacet
  facet normal 0.659396 -0.751796 0
    outer loop
      vertex 8.69203 -12.192 4.75
      vertex 8.38716 -12.4594 2.2
      vertex 8.69203 -12.192 2.2
    endloop
  endfacet
  facet normal -0.321564 -0.946888 0
    outer loop
      vertex 5.31368 -12.864 2.2
      vertex 5.69766 -12.9944 4.75
      vertex 5.31368 -12.864 4.75
    endloop
  endfacet
  facet normal -0.321564 -0.946888 -0
    outer loop
      vertex 5.69766 -12.9944 4.75
      vertex 5.31368 -12.864 2.2
      vertex 5.69766 -12.9944 2.2
    endloop
  endfacet
  facet normal -0.0653519 -0.997862 0
    outer loop
      vertex 6.09537 -13.0735 2.2
      vertex 6.5 -13.1 4.75
      vertex 6.09537 -13.0735 4.75
    endloop
  endfacet
  facet normal -0.0653519 -0.997862 -0
    outer loop
      vertex 6.5 -13.1 4.75
      vertex 6.09537 -13.0735 2.2
      vertex 6.5 -13.1 2.2
    endloop
  endfacet
  facet normal -0.555599 -0.83145 0
    outer loop
      vertex 4.61284 -12.4594 2.2
      vertex 4.95 -12.6847 4.75
      vertex 4.61284 -12.4594 4.75
    endloop
  endfacet
  facet normal -0.555599 -0.83145 -0
    outer loop
      vertex 4.95 -12.6847 4.75
      vertex 4.61284 -12.4594 2.2
      vertex 4.95 -12.6847 2.2
    endloop
  endfacet
  facet normal -0.83153 -0.555481 0
    outer loop
      vertex 3.97 -11.7815 2.2
      vertex 4.04061 -11.8872 2.2
      vertex 3.97 -11.7815 4
    endloop
  endfacet
  facet normal -0.831475 -0.555562 0
    outer loop
      vertex 3.97 -11.7815 4
      vertex 3.81532 -11.55 4.75
      vertex 3.81532 -11.55 4
    endloop
  endfacet
  facet normal -0.831492 -0.555536 -1.13792e-05
    outer loop
      vertex 3.97 -11.7815 4
      vertex 4.04061 -11.8872 4.75
      vertex 3.81532 -11.55 4.75
    endloop
  endfacet
  facet normal -0.83153 -0.555481 -0
    outer loop
      vertex 4.04061 -11.8872 4.75
      vertex 3.97 -11.7815 4
      vertex 4.04061 -11.8872 2.2
    endloop
  endfacet
  facet normal -0.195068 -0.98079 0
    outer loop
      vertex 5.69766 -12.9944 2.2
      vertex 6.09537 -13.0735 4.75
      vertex 5.69766 -12.9944 4.75
    endloop
  endfacet
  facet normal -0.195068 -0.98079 -0
    outer loop
      vertex 6.09537 -13.0735 4.75
      vertex 5.69766 -12.9944 2.2
      vertex 6.09537 -13.0735 2.2
    endloop
  endfacet
  facet normal -0.442195 -0.896919 0
    outer loop
      vertex 4.95 -12.6847 2.2
      vertex 5.31368 -12.864 4.75
      vertex 4.95 -12.6847 4.75
    endloop
  endfacet
  facet normal -0.442195 -0.896919 -0
    outer loop
      vertex 5.31368 -12.864 4.75
      vertex 4.95 -12.6847 2.2
      vertex 5.31368 -12.864 2.2
    endloop
  endfacet
  facet normal -0.997859 -0.0653969 0
    outer loop
      vertex 8.25 -10 2.2
      vertex 8.23503 -9.77158 4.75
      vertex 8.23503 -9.77158 2.2
    endloop
  endfacet
  facet normal -0.997859 -0.0653969 0
    outer loop
      vertex 8.23503 -9.77158 4.75
      vertex 8.25 -10 2.2
      vertex 8.25 -10 4.75
    endloop
  endfacet
  facet normal 0.997859 -0.0653969 0
    outer loop
      vertex 4.75 -10 4.75
      vertex 4.76497 -9.77158 2.2
      vertex 4.76497 -9.77158 4.75
    endloop
  endfacet
  facet normal 0.997859 -0.0653969 0
    outer loop
      vertex 4.76497 -9.77158 2.2
      vertex 4.75 -10 4.75
      vertex 4.75 -10 2.2
    endloop
  endfacet
  facet normal -0.0653969 -0.997859 0
    outer loop
      vertex 6.5 -8.25 2.2
      vertex 6.72842 -8.26497 4.75
      vertex 6.5 -8.25 4.75
    endloop
  endfacet
  facet normal -0.0653969 -0.997859 -0
    outer loop
      vertex 6.72842 -8.26497 4.75
      vertex 6.5 -8.25 2.2
      vertex 6.72842 -8.26497 2.2
    endloop
  endfacet
  facet normal -0.65933 -0.751854 0
    outer loop
      vertex 7.56533 -8.61163 2.2
      vertex 7.73744 -8.76256 4.75
      vertex 7.56533 -8.61163 4.75
    endloop
  endfacet
  facet normal -0.65933 -0.751854 -0
    outer loop
      vertex 7.73744 -8.76256 4.75
      vertex 7.56533 -8.61163 2.2
      vertex 7.73744 -8.76256 2.2
    endloop
  endfacet
  facet normal 0.65933 -0.751854 0
    outer loop
      vertex 5.26256 -8.76256 2.2
      vertex 5.43467 -8.61163 4.75
      vertex 5.26256 -8.76256 4.75
    endloop
  endfacet
  facet normal 0.65933 -0.751854 0
    outer loop
      vertex 5.43467 -8.61163 4.75
      vertex 5.26256 -8.76256 2.2
      vertex 5.43467 -8.61163 2.2
    endloop
  endfacet
  facet normal 0.321426 -0.946935 0
    outer loop
      vertex 5.8303 -8.38321 2.2
      vertex 6.04707 -8.30963 4.75
      vertex 5.8303 -8.38321 4.75
    endloop
  endfacet
  facet normal 0.321426 -0.946935 0
    outer loop
      vertex 6.04707 -8.30963 4.75
      vertex 5.8303 -8.38321 2.2
      vertex 6.04707 -8.30963 2.2
    endloop
  endfacet
  facet normal 0.980782 0.195108 0
    outer loop
      vertex 4.80963 -10.4529 4.75
      vertex 4.76497 -10.2284 2.2
      vertex 4.76497 -10.2284 4.75
    endloop
  endfacet
  facet normal 0.980782 0.195108 0
    outer loop
      vertex 4.76497 -10.2284 2.2
      vertex 4.80963 -10.4529 4.75
      vertex 4.80963 -10.4529 2.2
    endloop
  endfacet
  facet normal -0.89686 -0.442314 0
    outer loop
      vertex 8.11679 -9.3303 2.2
      vertex 8.01554 -9.125 4.75
      vertex 8.01554 -9.125 2.2
    endloop
  endfacet
  facet normal -0.89686 -0.442314 0
    outer loop
      vertex 8.01554 -9.125 4.75
      vertex 8.11679 -9.3303 2.2
      vertex 8.11679 -9.3303 4.75
    endloop
  endfacet
  facet normal -0.831479 -0.555557 0
    outer loop
      vertex 8.01554 -9.125 2.2
      vertex 7.88837 -8.93467 4.75
      vertex 7.88837 -8.93467 2.2
    endloop
  endfacet
  facet normal -0.831479 -0.555557 0
    outer loop
      vertex 7.88837 -8.93467 4.75
      vertex 8.01554 -9.125 2.2
      vertex 8.01554 -9.125 4.75
    endloop
  endfacet
  facet normal -0.442314 -0.89686 0
    outer loop
      vertex 7.1697 -8.38321 2.2
      vertex 7.375 -8.48446 4.75
      vertex 7.1697 -8.38321 4.75
    endloop
  endfacet
  facet normal -0.442314 -0.89686 -0
    outer loop
      vertex 7.375 -8.48446 4.75
      vertex 7.1697 -8.38321 2.2
      vertex 7.375 -8.48446 2.2
    endloop
  endfacet
  facet normal -0.555557 -0.831479 0
    outer loop
      vertex 7.375 -8.48446 2.2
      vertex 7.56533 -8.61163 4.75
      vertex 7.375 -8.48446 4.75
    endloop
  endfacet
  facet normal -0.555557 -0.831479 -0
    outer loop
      vertex 7.56533 -8.61163 4.75
      vertex 7.375 -8.48446 2.2
      vertex 7.56533 -8.61163 2.2
    endloop
  endfacet
  facet normal 0.89686 -0.442314 0
    outer loop
      vertex 4.88321 -9.3303 4.75
      vertex 4.98446 -9.125 2.2
      vertex 4.98446 -9.125 4.75
    endloop
  endfacet
  facet normal 0.89686 -0.442314 0
    outer loop
      vertex 4.98446 -9.125 2.2
      vertex 4.88321 -9.3303 4.75
      vertex 4.88321 -9.3303 2.2
    endloop
  endfacet
  facet normal 0.831479 -0.555557 0
    outer loop
      vertex 4.98446 -9.125 4.75
      vertex 5.11163 -8.93467 2.2
      vertex 5.11163 -8.93467 4.75
    endloop
  endfacet
  facet normal 0.831479 -0.555557 0
    outer loop
      vertex 5.11163 -8.93467 2.2
      vertex 4.98446 -9.125 4.75
      vertex 4.98446 -9.125 2.2
    endloop
  endfacet
  facet normal 0.442314 -0.89686 0
    outer loop
      vertex 5.625 -8.48446 2.2
      vertex 5.8303 -8.38321 4.75
      vertex 5.625 -8.48446 4.75
    endloop
  endfacet
  facet normal 0.442314 -0.89686 0
    outer loop
      vertex 5.8303 -8.38321 4.75
      vertex 5.625 -8.48446 2.2
      vertex 5.8303 -8.38321 2.2
    endloop
  endfacet
  facet normal 0.0653969 -0.997859 0
    outer loop
      vertex 6.27158 -8.26497 2.2
      vertex 6.5 -8.25 4.75
      vertex 6.27158 -8.26497 4.75
    endloop
  endfacet
  facet normal 0.0653969 -0.997859 0
    outer loop
      vertex 6.5 -8.25 4.75
      vertex 6.27158 -8.26497 2.2
      vertex 6.5 -8.25 2.2
    endloop
  endfacet
  facet normal -0.946948 0.321386 0
    outer loop
      vertex 8.11679 -10.6697 2.2
      vertex 8.19037 -10.4529 4.75
      vertex 8.19037 -10.4529 2.2
    endloop
  endfacet
  facet normal -0.946948 0.321386 0
    outer loop
      vertex 8.19037 -10.4529 4.75
      vertex 8.11679 -10.6697 2.2
      vertex 8.11679 -10.6697 4.75
    endloop
  endfacet
  facet normal -0.194847 0.980834 0
    outer loop
      vertex 6.95293 -11.6904 2.2
      vertex 6.72842 -11.735 4.75
      vertex 6.95293 -11.6904 4.75
    endloop
  endfacet
  facet normal -0.194847 0.980834 0
    outer loop
      vertex 6.72842 -11.735 4.75
      vertex 6.95293 -11.6904 2.2
      vertex 6.72842 -11.735 2.2
    endloop
  endfacet
  facet normal -0.0655274 0.997851 0
    outer loop
      vertex 6.72842 -11.735 2.2
      vertex 6.5 -11.75 4.75
      vertex 6.72842 -11.735 4.75
    endloop
  endfacet
  facet normal -0.0655274 0.997851 0
    outer loop
      vertex 6.5 -11.75 4.75
      vertex 6.72842 -11.735 2.2
      vertex 6.5 -11.75 2.2
    endloop
  endfacet
  facet normal -0.751835 0.659352 0
    outer loop
      vertex 7.73744 -11.2374 2.2
      vertex 7.88837 -11.0653 4.75
      vertex 7.88837 -11.0653 2.2
    endloop
  endfacet
  facet normal -0.751835 0.659352 0
    outer loop
      vertex 7.88837 -11.0653 4.75
      vertex 7.73744 -11.2374 2.2
      vertex 7.73744 -11.2374 4.75
    endloop
  endfacet
  facet normal -0.89686 0.442314 0
    outer loop
      vertex 8.01554 -10.875 2.2
      vertex 8.11679 -10.6697 4.75
      vertex 8.11679 -10.6697 2.2
    endloop
  endfacet
  facet normal -0.89686 0.442314 0
    outer loop
      vertex 8.11679 -10.6697 4.75
      vertex 8.01554 -10.875 2.2
      vertex 8.01554 -10.875 4.75
    endloop
  endfacet
  facet normal 0.321504 0.946908 -0
    outer loop
      vertex 6.04707 -11.6904 2.2
      vertex 5.8303 -11.6168 4.75
      vertex 6.04707 -11.6904 4.75
    endloop
  endfacet
  facet normal 0.321504 0.946908 0
    outer loop
      vertex 5.8303 -11.6168 4.75
      vertex 6.04707 -11.6904 2.2
      vertex 5.8303 -11.6168 2.2
    endloop
  endfacet
  facet normal 0.89686 0.442314 0
    outer loop
      vertex 4.98446 -10.875 4.75
      vertex 4.88321 -10.6697 2.2
      vertex 4.88321 -10.6697 4.75
    endloop
  endfacet
  facet normal 0.89686 0.442314 0
    outer loop
      vertex 4.88321 -10.6697 2.2
      vertex 4.98446 -10.875 4.75
      vertex 4.98446 -10.875 2.2
    endloop
  endfacet
  facet normal 0.831438 0.555617 0
    outer loop
      vertex 5.11163 -11.0653 4.75
      vertex 4.98446 -10.875 2.2
      vertex 4.98446 -10.875 4.75
    endloop
  endfacet
  facet normal 0.831438 0.555617 0
    outer loop
      vertex 4.98446 -10.875 2.2
      vertex 5.11163 -11.0653 4.75
      vertex 5.11163 -11.0653 2.2
    endloop
  endfacet
  facet normal 0.997859 0.0654026 0
    outer loop
      vertex 4.76497 -10.2284 4.75
      vertex 4.75 -10 2.2
      vertex 4.75 -10 4.75
    endloop
  endfacet
  facet normal 0.997859 0.0654026 0
    outer loop
      vertex 4.75 -10 2.2
      vertex 4.76497 -10.2284 4.75
      vertex 4.76497 -10.2284 2.2
    endloop
  endfacet
  facet normal -0.946935 -0.321426 0
    outer loop
      vertex 8.19037 -9.54707 2.2
      vertex 8.11679 -9.3303 4.75
      vertex 8.11679 -9.3303 2.2
    endloop
  endfacet
  facet normal -0.946935 -0.321426 0
    outer loop
      vertex 8.11679 -9.3303 4.75
      vertex 8.19037 -9.54707 2.2
      vertex 8.19037 -9.54707 4.75
    endloop
  endfacet
  facet normal -0.980783 -0.1951 0
    outer loop
      vertex 8.23503 -9.77158 2.2
      vertex 8.19037 -9.54707 4.75
      vertex 8.19037 -9.54707 2.2
    endloop
  endfacet
  facet normal -0.980783 -0.1951 0
    outer loop
      vertex 8.19037 -9.54707 4.75
      vertex 8.23503 -9.77158 2.2
      vertex 8.23503 -9.77158 4.75
    endloop
  endfacet
  facet normal -0.321426 -0.946935 0
    outer loop
      vertex 6.95293 -8.30963 2.2
      vertex 7.1697 -8.38321 4.75
      vertex 6.95293 -8.30963 4.75
    endloop
  endfacet
  facet normal -0.321426 -0.946935 -0
    outer loop
      vertex 7.1697 -8.38321 4.75
      vertex 6.95293 -8.30963 2.2
      vertex 7.1697 -8.38321 2.2
    endloop
  endfacet
  facet normal -0.1951 -0.980783 0
    outer loop
      vertex 6.72842 -8.26497 2.2
      vertex 6.95293 -8.30963 4.75
      vertex 6.72842 -8.26497 4.75
    endloop
  endfacet
  facet normal -0.1951 -0.980783 -0
    outer loop
      vertex 6.95293 -8.30963 4.75
      vertex 6.72842 -8.26497 2.2
      vertex 6.95293 -8.30963 2.2
    endloop
  endfacet
  facet normal 0.980783 -0.1951 0
    outer loop
      vertex 4.76497 -9.77158 4.75
      vertex 4.80963 -9.54707 2.2
      vertex 4.80963 -9.54707 4.75
    endloop
  endfacet
  facet normal 0.980783 -0.1951 0
    outer loop
      vertex 4.80963 -9.54707 2.2
      vertex 4.76497 -9.77158 4.75
      vertex 4.76497 -9.77158 2.2
    endloop
  endfacet
  facet normal 0.555557 -0.831479 0
    outer loop
      vertex 5.43467 -8.61163 2.2
      vertex 5.625 -8.48446 4.75
      vertex 5.43467 -8.61163 4.75
    endloop
  endfacet
  facet normal 0.555557 -0.831479 0
    outer loop
      vertex 5.625 -8.48446 4.75
      vertex 5.43467 -8.61163 2.2
      vertex 5.625 -8.48446 2.2
    endloop
  endfacet
  facet normal 0.1951 -0.980783 0
    outer loop
      vertex 6.04707 -8.30963 2.2
      vertex 6.27158 -8.26497 4.75
      vertex 6.04707 -8.30963 4.75
    endloop
  endfacet
  facet normal 0.1951 -0.980783 0
    outer loop
      vertex 6.27158 -8.26497 4.75
      vertex 6.04707 -8.30963 2.2
      vertex 6.27158 -8.26497 2.2
    endloop
  endfacet
  facet normal -0.44249 0.896774 0
    outer loop
      vertex 7.375 -11.5155 2.2
      vertex 7.1697 -11.6168 4.75
      vertex 7.375 -11.5155 4.75
    endloop
  endfacet
  facet normal -0.44249 0.896774 0
    outer loop
      vertex 7.1697 -11.6168 4.75
      vertex 7.375 -11.5155 2.2
      vertex 7.1697 -11.6168 2.2
    endloop
  endfacet
  facet normal -0.659503 0.751702 0
    outer loop
      vertex 7.73744 -11.2374 2.2
      vertex 7.56533 -11.3884 4.75
      vertex 7.73744 -11.2374 4.75
    endloop
  endfacet
  facet normal -0.659503 0.751702 0
    outer loop
      vertex 7.56533 -11.3884 4.75
      vertex 7.73744 -11.2374 2.2
      vertex 7.56533 -11.3884 2.2
    endloop
  endfacet
  facet normal -0.555345 0.83162 0
    outer loop
      vertex 7.56533 -11.3884 2.2
      vertex 7.375 -11.5155 4.75
      vertex 7.56533 -11.3884 4.75
    endloop
  endfacet
  facet normal -0.555345 0.83162 0
    outer loop
      vertex 7.375 -11.5155 4.75
      vertex 7.56533 -11.3884 2.2
      vertex 7.375 -11.5155 2.2
    endloop
  endfacet
  facet normal -0.831438 0.555617 0
    outer loop
      vertex 7.88837 -11.0653 2.2
      vertex 8.01554 -10.875 4.75
      vertex 8.01554 -10.875 2.2
    endloop
  endfacet
  facet normal -0.831438 0.555617 0
    outer loop
      vertex 8.01554 -10.875 4.75
      vertex 7.88837 -11.0653 2.2
      vertex 7.88837 -11.0653 4.75
    endloop
  endfacet
  facet normal 0.555345 0.83162 -0
    outer loop
      vertex 5.625 -11.5155 2.2
      vertex 5.43467 -11.3884 4.75
      vertex 5.625 -11.5155 4.75
    endloop
  endfacet
  facet normal 0.555345 0.83162 0
    outer loop
      vertex 5.43467 -11.3884 4.75
      vertex 5.625 -11.5155 2.2
      vertex 5.43467 -11.3884 2.2
    endloop
  endfacet
  facet normal 0.659503 0.751702 -0
    outer loop
      vertex 5.43467 -11.3884 2.2
      vertex 5.26256 -11.2374 4.75
      vertex 5.43467 -11.3884 4.75
    endloop
  endfacet
  facet normal 0.659503 0.751702 0
    outer loop
      vertex 5.26256 -11.2374 4.75
      vertex 5.43467 -11.3884 2.2
      vertex 5.26256 -11.2374 2.2
    endloop
  endfacet
  facet normal 0.44249 0.896774 -0
    outer loop
      vertex 5.8303 -11.6168 2.2
      vertex 5.625 -11.5155 4.75
      vertex 5.8303 -11.6168 4.75
    endloop
  endfacet
  facet normal 0.44249 0.896774 0
    outer loop
      vertex 5.625 -11.5155 4.75
      vertex 5.8303 -11.6168 2.2
      vertex 5.625 -11.5155 2.2
    endloop
  endfacet
  facet normal 0.0655274 0.997851 -0
    outer loop
      vertex 6.5 -11.75 2.2
      vertex 6.27158 -11.735 4.75
      vertex 6.5 -11.75 4.75
    endloop
  endfacet
  facet normal 0.0655274 0.997851 0
    outer loop
      vertex 6.27158 -11.735 4.75
      vertex 6.5 -11.75 2.2
      vertex 6.27158 -11.735 2.2
    endloop
  endfacet
  facet normal 0.751835 0.659352 0
    outer loop
      vertex 5.26256 -11.2374 4.75
      vertex 5.11163 -11.0653 2.2
      vertex 5.11163 -11.0653 4.75
    endloop
  endfacet
  facet normal 0.751835 0.659352 0
    outer loop
      vertex 5.11163 -11.0653 2.2
      vertex 5.26256 -11.2374 4.75
      vertex 5.26256 -11.2374 2.2
    endloop
  endfacet
  facet normal -0.751854 -0.65933 0
    outer loop
      vertex 7.88837 -8.93467 2.2
      vertex 7.73744 -8.76256 4.75
      vertex 7.73744 -8.76256 2.2
    endloop
  endfacet
  facet normal -0.751854 -0.65933 0
    outer loop
      vertex 7.73744 -8.76256 4.75
      vertex 7.88837 -8.93467 2.2
      vertex 7.88837 -8.93467 4.75
    endloop
  endfacet
  facet normal 0.751854 -0.65933 0
    outer loop
      vertex 5.11163 -8.93467 4.75
      vertex 5.26256 -8.76256 2.2
      vertex 5.26256 -8.76256 4.75
    endloop
  endfacet
  facet normal 0.751854 -0.65933 0
    outer loop
      vertex 5.26256 -8.76256 2.2
      vertex 5.11163 -8.93467 4.75
      vertex 5.11163 -8.93467 2.2
    endloop
  endfacet
  facet normal 0.946935 -0.321426 0
    outer loop
      vertex 4.80963 -9.54707 4.75
      vertex 4.88321 -9.3303 2.2
      vertex 4.88321 -9.3303 4.75
    endloop
  endfacet
  facet normal 0.946935 -0.321426 0
    outer loop
      vertex 4.88321 -9.3303 2.2
      vertex 4.80963 -9.54707 4.75
      vertex 4.80963 -9.54707 2.2
    endloop
  endfacet
  facet normal -0.321504 0.946908 0
    outer loop
      vertex 7.1697 -11.6168 2.2
      vertex 6.95293 -11.6904 4.75
      vertex 7.1697 -11.6168 4.75
    endloop
  endfacet
  facet normal -0.321504 0.946908 0
    outer loop
      vertex 6.95293 -11.6904 4.75
      vertex 7.1697 -11.6168 2.2
      vertex 6.95293 -11.6904 2.2
    endloop
  endfacet
  facet normal -0.980782 0.195108 0
    outer loop
      vertex 8.19037 -10.4529 2.2
      vertex 8.23503 -10.2284 4.75
      vertex 8.23503 -10.2284 2.2
    endloop
  endfacet
  facet normal -0.980782 0.195108 0
    outer loop
      vertex 8.23503 -10.2284 4.75
      vertex 8.19037 -10.4529 2.2
      vertex 8.19037 -10.4529 4.75
    endloop
  endfacet
  facet normal 0.194847 0.980834 -0
    outer loop
      vertex 6.27158 -11.735 2.2
      vertex 6.04707 -11.6904 4.75
      vertex 6.27158 -11.735 4.75
    endloop
  endfacet
  facet normal 0.194847 0.980834 0
    outer loop
      vertex 6.04707 -11.6904 4.75
      vertex 6.27158 -11.735 2.2
      vertex 6.04707 -11.6904 2.2
    endloop
  endfacet
  facet normal 0.946948 0.321386 0
    outer loop
      vertex 4.88321 -10.6697 4.75
      vertex 4.80963 -10.4529 2.2
      vertex 4.80963 -10.4529 4.75
    endloop
  endfacet
  facet normal 0.946948 0.321386 0
    outer loop
      vertex 4.80963 -10.4529 2.2
      vertex 4.88321 -10.6697 4.75
      vertex 4.88321 -10.6697 2.2
    endloop
  endfacet
  facet normal -0.997859 0.0654026 0
    outer loop
      vertex 8.23503 -10.2284 2.2
      vertex 8.25 -10 4.75
      vertex 8.25 -10 2.2
    endloop
  endfacet
  facet normal -0.997859 0.0654026 0
    outer loop
      vertex 8.25 -10 4.75
      vertex 8.23503 -10.2284 2.2
      vertex 8.23503 -10.2284 4.75
    endloop
  endfacet
  facet normal 0.997862 0.0653568 0
    outer loop
      vertex 96.6 -97 4.75
      vertex 96.5735 -96.5954 4
      vertex 96.5735 -96.5954 4.75
    endloop
  endfacet
  facet normal 0.997862 0.0653568 0
    outer loop
      vertex 96.5735 -96.5954 4
      vertex 96.6 -97 4.75
      vertex 96.6 -97 4
    endloop
  endfacet
  facet normal -0.997862 0.0653568 0
    outer loop
      vertex 90.4 -97 2.2
      vertex 90.4265 -96.5954 4.75
      vertex 90.4265 -96.5954 2.2
    endloop
  endfacet
  facet normal -0.997862 0.0653568 0
    outer loop
      vertex 90.4265 -96.5954 4.75
      vertex 90.4 -97 2.2
      vertex 90.4 -97 4.75
    endloop
  endfacet
  facet normal -0.0653568 0.997862 0
    outer loop
      vertex 93.5 -93.9 2.2
      vertex 93.0954 -93.9265 4.75
      vertex 93.5 -93.9 4.75
    endloop
  endfacet
  facet normal -0.0653568 0.997862 0
    outer loop
      vertex 93.0954 -93.9265 4.75
      vertex 93.5 -93.9 2.2
      vertex 93.0954 -93.9265 2.2
    endloop
  endfacet
  facet normal 0.0665845 -0.997781 0
    outer loop
      vertex 93.5 -100.1 4
      vertex 93.9046 -100.073 4.75
      vertex 93.5 -100.1 4.75
    endloop
  endfacet
  facet normal 0.0665845 -0.997781 0
    outer loop
      vertex 93.9046 -100.073 4.75
      vertex 93.5 -100.1 4
      vertex 93.9046 -100.073 4
    endloop
  endfacet
  facet normal 0.659482 0.751721 -0
    outer loop
      vertex 95.692 -94.808 2.2
      vertex 95.3872 -94.5406 4.75
      vertex 95.692 -94.808 4.75
    endloop
  endfacet
  facet normal 0.659482 0.751721 0
    outer loop
      vertex 95.3872 -94.5406 4.75
      vertex 95.692 -94.808 2.2
      vertex 95.3872 -94.5406 2.2
    endloop
  endfacet
  facet normal -0.659482 0.751721 0
    outer loop
      vertex 91.6128 -94.5406 2.2
      vertex 91.308 -94.808 4.75
      vertex 91.6128 -94.5406 4.75
    endloop
  endfacet
  facet normal -0.659482 0.751721 0
    outer loop
      vertex 91.308 -94.808 4.75
      vertex 91.6128 -94.5406 2.2
      vertex 91.308 -94.808 2.2
    endloop
  endfacet
  facet normal -0.321549 0.946893 0
    outer loop
      vertex 92.6977 -94.0056 2.2
      vertex 92.3137 -94.136 4.75
      vertex 92.6977 -94.0056 4.75
    endloop
  endfacet
  facet normal -0.321549 0.946893 0
    outer loop
      vertex 92.3137 -94.136 4.75
      vertex 92.6977 -94.0056 2.2
      vertex 92.3137 -94.136 2.2
    endloop
  endfacet
  facet normal 0.896928 0.442176 0
    outer loop
      vertex 96.364 -95.8137 4.75
      vertex 96.1847 -95.45 4
      vertex 96.1847 -95.45 4.75
    endloop
  endfacet
  facet normal 0.896928 0.442176 0
    outer loop
      vertex 96.1847 -95.45 4
      vertex 96.364 -95.8137 4.75
      vertex 96.364 -95.8137 4
    endloop
  endfacet
  facet normal 0.321549 0.946893 -0
    outer loop
      vertex 94.6863 -94.136 2.2
      vertex 94.3023 -94.0056 4.75
      vertex 94.6863 -94.136 4.75
    endloop
  endfacet
  facet normal 0.321549 0.946893 0
    outer loop
      vertex 94.3023 -94.0056 4.75
      vertex 94.6863 -94.136 2.2
      vertex 94.3023 -94.0056 2.2
    endloop
  endfacet
  facet normal 0.195073 0.980789 -0
    outer loop
      vertex 94.3023 -94.0056 2.2
      vertex 93.9046 -93.9265 4.75
      vertex 94.3023 -94.0056 4.75
    endloop
  endfacet
  facet normal 0.195073 0.980789 0
    outer loop
      vertex 93.9046 -93.9265 4.75
      vertex 94.3023 -94.0056 2.2
      vertex 93.9046 -93.9265 2.2
    endloop
  endfacet
  facet normal 0.442176 0.896928 -0
    outer loop
      vertex 95.05 -94.3153 2.2
      vertex 94.6863 -94.136 4.75
      vertex 95.05 -94.3153 4.75
    endloop
  endfacet
  facet normal 0.442176 0.896928 0
    outer loop
      vertex 94.6863 -94.136 4.75
      vertex 95.05 -94.3153 2.2
      vertex 94.6863 -94.136 2.2
    endloop
  endfacet
  facet normal -0.896928 0.442176 0
    outer loop
      vertex 90.636 -95.8137 2.2
      vertex 90.8153 -95.45 4.75
      vertex 90.8153 -95.45 2.2
    endloop
  endfacet
  facet normal -0.896928 0.442176 0
    outer loop
      vertex 90.8153 -95.45 4.75
      vertex 90.636 -95.8137 2.2
      vertex 90.636 -95.8137 4.75
    endloop
  endfacet
  facet normal -0.751721 0.659482 0
    outer loop
      vertex 91.0406 -95.1128 2.2
      vertex 91.308 -94.808 4.75
      vertex 91.308 -94.808 2.2
    endloop
  endfacet
  facet normal -0.751721 0.659482 0
    outer loop
      vertex 91.308 -94.808 4.75
      vertex 91.0406 -95.1128 2.2
      vertex 91.0406 -95.1128 4.75
    endloop
  endfacet
  facet normal 0 0 1
    outer loop
      vertex 95.25 -97 4.75
      vertex 96.6 -97 4.75
      vertex 96.5735 -96.5954 4.75
    endloop
  endfacet
  facet normal 0 0 1
    outer loop
      vertex 95.235 -96.7716 4.75
      vertex 96.5735 -96.5954 4.75
      vertex 96.4944 -96.1977 4.75
    endloop
  endfacet
  facet normal 0 0 1
    outer loop
      vertex 96.6 -97 4.75
      vertex 95.25 -97 4.75
      vertex 96.5735 -97.4046 4.75
    endloop
  endfacet
  facet normal 0 0 1
    outer loop
      vertex 95.1904 -96.5471 4.75
      vertex 96.4944 -96.1977 4.75
      vertex 96.364 -95.8137 4.75
    endloop
  endfacet
  facet normal -0 0 1
    outer loop
      vertex 95.235 -97.2284 4.75
      vertex 96.5735 -97.4046 4.75
      vertex 95.25 -97 4.75
    endloop
  endfacet
  facet normal 0 0 1
    outer loop
      vertex 95.1168 -96.3303 4.75
      vertex 96.364 -95.8137 4.75
      vertex 96.1847 -95.45 4.75
    endloop
  endfacet
  facet normal 0 0 1
    outer loop
      vertex 96.5735 -97.4046 4.75
      vertex 95.235 -97.2284 4.75
      vertex 96.4944 -97.8023 4.75
    endloop
  endfacet
  facet normal 0 0 1
    outer loop
      vertex 95.0155 -96.125 4.75
      vertex 96.1847 -95.45 4.75
      vertex 95.9594 -95.1128 4.75
    endloop
  endfacet
  facet normal -0 0 1
    outer loop
      vertex 95.1904 -97.4529 4.75
      vertex 96.4944 -97.8023 4.75
      vertex 95.235 -97.2284 4.75
    endloop
  endfacet
  facet normal 0 0 1
    outer loop
      vertex 94.8884 -95.9347 4.75
      vertex 95.9594 -95.1128 4.75
      vertex 95.692 -94.808 4.75
    endloop
  endfacet
  facet normal 0 0 1
    outer loop
      vertex 96.4944 -97.8023 4.75
      vertex 95.1904 -97.4529 4.75
      vertex 96.364 -98.1863 4.75
    endloop
  endfacet
  facet normal 0 0 1
    outer loop
      vertex 94.7374 -95.7626 4.75
      vertex 95.692 -94.808 4.75
      vertex 95.3872 -94.5406 4.75
    endloop
  endfacet
  facet normal -0 0 1
    outer loop
      vertex 95.1168 -97.6697 4.75
      vertex 96.364 -98.1863 4.75
      vertex 95.1904 -97.4529 4.75
    endloop
  endfacet
  facet normal 0 0 1
    outer loop
      vertex 96.364 -98.1863 4.75
      vertex 95.1168 -97.6697 4.75
      vertex 96.1847 -98.55 4.75
    endloop
  endfacet
  facet normal 0 0 1
    outer loop
      vertex 96.5735 -96.5954 4.75
      vertex 95.235 -96.7716 4.75
      vertex 95.25 -97 4.75
    endloop
  endfacet
  facet normal 0 0 1
    outer loop
      vertex 96.4944 -96.1977 4.75
      vertex 95.1904 -96.5471 4.75
      vertex 95.235 -96.7716 4.75
    endloop
  endfacet
  facet normal 0 0 1
    outer loop
      vertex 96.364 -95.8137 4.75
      vertex 95.1168 -96.3303 4.75
      vertex 95.1904 -96.5471 4.75
    endloop
  endfacet
  facet normal 0 0 1
    outer loop
      vertex 94.5653 -95.6116 4.75
      vertex 95.3872 -94.5406 4.75
      vertex 95.05 -94.3153 4.75
    endloop
  endfacet
  facet normal 0 0 1
    outer loop
      vertex 96.1847 -95.45 4.75
      vertex 95.0155 -96.125 4.75
      vertex 95.1168 -96.3303 4.75
    endloop
  endfacet
  facet normal 0 0 1
    outer loop
      vertex 95.9594 -95.1128 4.75
      vertex 94.8884 -95.9347 4.75
      vertex 95.0155 -96.125 4.75
    endloop
  endfacet
  facet normal 0 0 1
    outer loop
      vertex 95.692 -94.808 4.75
      vertex 94.7374 -95.7626 4.75
      vertex 94.8884 -95.9347 4.75
    endloop
  endfacet
  facet normal 0 0 1
    outer loop
      vertex 94.375 -95.4845 4.75
      vertex 95.05 -94.3153 4.75
      vertex 94.6863 -94.136 4.75
    endloop
  endfacet
  facet normal 0 0 1
    outer loop
      vertex 95.3872 -94.5406 4.75
      vertex 94.5653 -95.6116 4.75
      vertex 94.7374 -95.7626 4.75
    endloop
  endfacet
  facet normal 0 0 1
    outer loop
      vertex 95.05 -94.3153 4.75
      vertex 94.375 -95.4845 4.75
      vertex 94.5653 -95.6116 4.75
    endloop
  endfacet
  facet normal 0 0 1
    outer loop
      vertex 94.1697 -95.3832 4.75
      vertex 94.6863 -94.136 4.75
      vertex 94.3023 -94.0056 4.75
    endloop
  endfacet
  facet normal 0 0 1
    outer loop
      vertex 94.6863 -94.136 4.75
      vertex 94.1697 -95.3832 4.75
      vertex 94.375 -95.4845 4.75
    endloop
  endfacet
  facet normal 0 0 1
    outer loop
      vertex 94.3023 -94.0056 4.75
      vertex 93.9529 -95.3096 4.75
      vertex 94.1697 -95.3832 4.75
    endloop
  endfacet
  facet normal 0 0 1
    outer loop
      vertex 93.9046 -93.9265 4.75
      vertex 93.9529 -95.3096 4.75
      vertex 94.3023 -94.0056 4.75
    endloop
  endfacet
  facet normal 0 0 1
    outer loop
      vertex 93.9046 -93.9265 4.75
      vertex 93.7284 -95.265 4.75
      vertex 93.9529 -95.3096 4.75
    endloop
  endfacet
  facet normal 0 0 1
    outer loop
      vertex 93.5 -93.9 4.75
      vertex 93.7284 -95.265 4.75
      vertex 93.9046 -93.9265 4.75
    endloop
  endfacet
  facet normal 0 0 1
    outer loop
      vertex 93.5 -93.9 4.75
      vertex 93.5 -95.25 4.75
      vertex 93.7284 -95.265 4.75
    endloop
  endfacet
  facet normal 0 0 1
    outer loop
      vertex 93.5 -93.9 4.75
      vertex 93.2716 -95.265 4.75
      vertex 93.5 -95.25 4.75
    endloop
  endfacet
  facet normal -0 0 1
    outer loop
      vertex 93.0954 -93.9265 4.75
      vertex 93.2716 -95.265 4.75
      vertex 93.5 -93.9 4.75
    endloop
  endfacet
  facet normal 0 0 1
    outer loop
      vertex 93.0954 -93.9265 4.75
      vertex 93.0471 -95.3096 4.75
      vertex 93.2716 -95.265 4.75
    endloop
  endfacet
  facet normal -0 0 1
    outer loop
      vertex 92.6977 -94.0056 4.75
      vertex 93.0471 -95.3096 4.75
      vertex 93.0954 -93.9265 4.75
    endloop
  endfacet
  facet normal 0 0 1
    outer loop
      vertex 93.0471 -95.3096 4.75
      vertex 92.6977 -94.0056 4.75
      vertex 92.8303 -95.3832 4.75
    endloop
  endfacet
  facet normal -0 0 1
    outer loop
      vertex 92.3137 -94.136 4.75
      vertex 92.8303 -95.3832 4.75
      vertex 92.6977 -94.0056 4.75
    endloop
  endfacet
  facet normal 0 0 1
    outer loop
      vertex 92.8303 -95.3832 4.75
      vertex 92.3137 -94.136 4.75
      vertex 92.625 -95.4845 4.75
    endloop
  endfacet
  facet normal -0 0 1
    outer loop
      vertex 91.95 -94.3153 4.75
      vertex 92.625 -95.4845 4.75
      vertex 92.3137 -94.136 4.75
    endloop
  endfacet
  facet normal 0 0 1
    outer loop
      vertex 92.625 -95.4845 4.75
      vertex 91.95 -94.3153 4.75
      vertex 92.4347 -95.6116 4.75
    endloop
  endfacet
  facet normal -0 0 1
    outer loop
      vertex 91.6128 -94.5406 4.75
      vertex 92.4347 -95.6116 4.75
      vertex 91.95 -94.3153 4.75
    endloop
  endfacet
  facet normal 0 0 1
    outer loop
      vertex 92.4347 -95.6116 4.75
      vertex 91.6128 -94.5406 4.75
      vertex 92.2626 -95.7626 4.75
    endloop
  endfacet
  facet normal -0 0 1
    outer loop
      vertex 91.308 -94.808 4.75
      vertex 92.2626 -95.7626 4.75
      vertex 91.6128 -94.5406 4.75
    endloop
  endfacet
  facet normal 0 0 1
    outer loop
      vertex 92.2626 -95.7626 4.75
      vertex 91.308 -94.808 4.75
      vertex 92.1116 -95.9347 4.75
    endloop
  endfacet
  facet normal -0 0 1
    outer loop
      vertex 91.0406 -95.1128 4.75
      vertex 92.1116 -95.9347 4.75
      vertex 91.308 -94.808 4.75
    endloop
  endfacet
  facet normal 0 0 1
    outer loop
      vertex 92.1116 -95.9347 4.75
      vertex 91.0406 -95.1128 4.75
      vertex 91.9845 -96.125 4.75
    endloop
  endfacet
  facet normal 0 0 1
    outer loop
      vertex 91.9845 -96.125 4.75
      vertex 90.8153 -95.45 4.75
      vertex 91.8832 -96.3303 4.75
    endloop
  endfacet
  facet normal -0 0 1
    outer loop
      vertex 90.8153 -95.45 4.75
      vertex 91.9845 -96.125 4.75
      vertex 91.0406 -95.1128 4.75
    endloop
  endfacet
  facet normal -0 0 1
    outer loop
      vertex 95.0155 -97.875 4.75
      vertex 96.1847 -98.55 4.75
      vertex 95.1168 -97.6697 4.75
    endloop
  endfacet
  facet normal 0 0 1
    outer loop
      vertex 96.1847 -98.55 4.75
      vertex 95.0155 -97.875 4.75
      vertex 95.9594 -98.8872 4.75
    endloop
  endfacet
  facet normal -0 0 1
    outer loop
      vertex 94.8884 -98.0653 4.75
      vertex 95.9594 -98.8872 4.75
      vertex 95.0155 -97.875 4.75
    endloop
  endfacet
  facet normal 0 0 1
    outer loop
      vertex 95.9594 -98.8872 4.75
      vertex 94.8884 -98.0653 4.75
      vertex 95.692 -99.192 4.75
    endloop
  endfacet
  facet normal -0 0 1
    outer loop
      vertex 94.7374 -98.2374 4.75
      vertex 95.692 -99.192 4.75
      vertex 94.8884 -98.0653 4.75
    endloop
  endfacet
  facet normal 0 0 1
    outer loop
      vertex 95.692 -99.192 4.75
      vertex 94.7374 -98.2374 4.75
      vertex 95.3872 -99.4594 4.75
    endloop
  endfacet
  facet normal -0 0 1
    outer loop
      vertex 94.5653 -98.3884 4.75
      vertex 95.3872 -99.4594 4.75
      vertex 94.7374 -98.2374 4.75
    endloop
  endfacet
  facet normal 0 0 1
    outer loop
      vertex 95.3872 -99.4594 4.75
      vertex 94.5653 -98.3884 4.75
      vertex 95.05 -99.6847 4.75
    endloop
  endfacet
  facet normal -0 0 1
    outer loop
      vertex 94.375 -98.5155 4.75
      vertex 95.05 -99.6847 4.75
      vertex 94.5653 -98.3884 4.75
    endloop
  endfacet
  facet normal 0 0 1
    outer loop
      vertex 95.05 -99.6847 4.75
      vertex 94.375 -98.5155 4.75
      vertex 94.6863 -99.864 4.75
    endloop
  endfacet
  facet normal -0 0 1
    outer loop
      vertex 94.1697 -98.6168 4.75
      vertex 94.6863 -99.864 4.75
      vertex 94.375 -98.5155 4.75
    endloop
  endfacet
  facet normal 0 0 1
    outer loop
      vertex 94.6863 -99.864 4.75
      vertex 94.1697 -98.6168 4.75
      vertex 94.3023 -99.9944 4.75
    endloop
  endfacet
  facet normal -0 0 1
    outer loop
      vertex 93.9529 -98.6904 4.75
      vertex 94.3023 -99.9944 4.75
      vertex 94.1697 -98.6168 4.75
    endloop
  endfacet
  facet normal 0 0 1
    outer loop
      vertex 93.9529 -98.6904 4.75
      vertex 93.9046 -100.073 4.75
      vertex 94.3023 -99.9944 4.75
    endloop
  endfacet
  facet normal -0 0 1
    outer loop
      vertex 93.7284 -98.735 4.75
      vertex 93.9046 -100.073 4.75
      vertex 93.9529 -98.6904 4.75
    endloop
  endfacet
  facet normal -0 0 1
    outer loop
      vertex 93.5 -98.75 4.75
      vertex 93.9046 -100.073 4.75
      vertex 93.7284 -98.735 4.75
    endloop
  endfacet
  facet normal 0 0 1
    outer loop
      vertex 93.5 -98.75 4.75
      vertex 93.5 -100.1 4.75
      vertex 93.9046 -100.073 4.75
    endloop
  endfacet
  facet normal 0 0 1
    outer loop
      vertex 93.2716 -98.735 4.75
      vertex 93.5 -100.1 4.75
      vertex 93.5 -98.75 4.75
    endloop
  endfacet
  facet normal 0 0 1
    outer loop
      vertex 93.2716 -98.735 4.75
      vertex 93.0954 -100.073 4.75
      vertex 93.5 -100.1 4.75
    endloop
  endfacet
  facet normal 0 0 1
    outer loop
      vertex 93.0471 -98.6904 4.75
      vertex 93.0954 -100.073 4.75
      vertex 93.2716 -98.735 4.75
    endloop
  endfacet
  facet normal 0 0 1
    outer loop
      vertex 92.6977 -99.9944 4.75
      vertex 93.0471 -98.6904 4.75
      vertex 92.8303 -98.6168 4.75
    endloop
  endfacet
  facet normal 0 0 1
    outer loop
      vertex 93.0471 -98.6904 4.75
      vertex 92.6977 -99.9944 4.75
      vertex 93.0954 -100.073 4.75
    endloop
  endfacet
  facet normal 0 0 1
    outer loop
      vertex 92.3137 -99.864 4.75
      vertex 92.8303 -98.6168 4.75
      vertex 92.625 -98.5155 4.75
    endloop
  endfacet
  facet normal 0 0 1
    outer loop
      vertex 91.95 -99.6847 4.75
      vertex 92.625 -98.5155 4.75
      vertex 92.4347 -98.3884 4.75
    endloop
  endfacet
  facet normal 0 0 1
    outer loop
      vertex 92.8303 -98.6168 4.75
      vertex 92.3137 -99.864 4.75
      vertex 92.6977 -99.9944 4.75
    endloop
  endfacet
  facet normal 0 0 1
    outer loop
      vertex 91.6128 -99.4594 4.75
      vertex 92.4347 -98.3884 4.75
      vertex 92.2626 -98.2374 4.75
    endloop
  endfacet
  facet normal 0 0 1
    outer loop
      vertex 91.308 -99.192 4.75
      vertex 92.2626 -98.2374 4.75
      vertex 92.1116 -98.0653 4.75
    endloop
  endfacet
  facet normal 0 0 1
    outer loop
      vertex 91.0406 -98.8872 4.75
      vertex 92.1116 -98.0653 4.75
      vertex 91.9845 -97.875 4.75
    endloop
  endfacet
  facet normal 0 0 1
    outer loop
      vertex 92.625 -98.5155 4.75
      vertex 91.95 -99.6847 4.75
      vertex 92.3137 -99.864 4.75
    endloop
  endfacet
  facet normal 0 0 1
    outer loop
      vertex 90.8153 -98.55 4.75
      vertex 91.9845 -97.875 4.75
      vertex 91.8832 -97.6697 4.75
    endloop
  endfacet
  facet normal 0 0 1
    outer loop
      vertex 90.636 -98.1863 4.75
      vertex 91.8832 -97.6697 4.75
      vertex 91.8096 -97.4529 4.75
    endloop
  endfacet
  facet normal 0 0 1
    outer loop
      vertex 90.5056 -97.8023 4.75
      vertex 91.8096 -97.4529 4.75
      vertex 91.765 -97.2284 4.75
    endloop
  endfacet
  facet normal 0 0 1
    outer loop
      vertex 92.4347 -98.3884 4.75
      vertex 91.6128 -99.4594 4.75
      vertex 91.95 -99.6847 4.75
    endloop
  endfacet
  facet normal 0 0 1
    outer loop
      vertex 90.4265 -97.4046 4.75
      vertex 91.765 -97.2284 4.75
      vertex 91.75 -97 4.75
    endloop
  endfacet
  facet normal -0 0 1
    outer loop
      vertex 90.636 -95.8137 4.75
      vertex 91.8832 -96.3303 4.75
      vertex 90.8153 -95.45 4.75
    endloop
  endfacet
  facet normal 0 0 1
    outer loop
      vertex 91.8832 -96.3303 4.75
      vertex 90.636 -95.8137 4.75
      vertex 91.8096 -96.5471 4.75
    endloop
  endfacet
  facet normal 0 0 1
    outer loop
      vertex 92.2626 -98.2374 4.75
      vertex 91.308 -99.192 4.75
      vertex 91.6128 -99.4594 4.75
    endloop
  endfacet
  facet normal -0 0 1
    outer loop
      vertex 90.5056 -96.1977 4.75
      vertex 91.8096 -96.5471 4.75
      vertex 90.636 -95.8137 4.75
    endloop
  endfacet
  facet normal 0 0 1
    outer loop
      vertex 92.1116 -98.0653 4.75
      vertex 91.0406 -98.8872 4.75
      vertex 91.308 -99.192 4.75
    endloop
  endfacet
  facet normal 0 0 1
    outer loop
      vertex 91.8096 -96.5471 4.75
      vertex 90.5056 -96.1977 4.75
      vertex 91.765 -96.7716 4.75
    endloop
  endfacet
  facet normal 0 0 1
    outer loop
      vertex 91.9845 -97.875 4.75
      vertex 90.8153 -98.55 4.75
      vertex 91.0406 -98.8872 4.75
    endloop
  endfacet
  facet normal -0 0 1
    outer loop
      vertex 90.4265 -96.5954 4.75
      vertex 91.765 -96.7716 4.75
      vertex 90.5056 -96.1977 4.75
    endloop
  endfacet
  facet normal 0 0 1
    outer loop
      vertex 91.8832 -97.6697 4.75
      vertex 90.636 -98.1863 4.75
      vertex 90.8153 -98.55 4.75
    endloop
  endfacet
  facet normal 0 0 1
    outer loop
      vertex 91.765 -96.7716 4.75
      vertex 90.4265 -96.5954 4.75
      vertex 91.75 -97 4.75
    endloop
  endfacet
  facet normal 0 0 1
    outer loop
      vertex 91.8096 -97.4529 4.75
      vertex 90.5056 -97.8023 4.75
      vertex 90.636 -98.1863 4.75
    endloop
  endfacet
  facet normal 0 0 1
    outer loop
      vertex 90.4 -97 4.75
      vertex 91.75 -97 4.75
      vertex 90.4265 -96.5954 4.75
    endloop
  endfacet
  facet normal 0 0 1
    outer loop
      vertex 91.765 -97.2284 4.75
      vertex 90.4265 -97.4046 4.75
      vertex 90.5056 -97.8023 4.75
    endloop
  endfacet
  facet normal 0 0 1
    outer loop
      vertex 91.75 -97 4.75
      vertex 90.4 -97 4.75
      vertex 90.4265 -97.4046 4.75
    endloop
  endfacet
  facet normal -0.195073 0.980789 0
    outer loop
      vertex 93.0954 -93.9265 2.2
      vertex 92.6977 -94.0056 4.75
      vertex 93.0954 -93.9265 4.75
    endloop
  endfacet
  facet normal -0.195073 0.980789 0
    outer loop
      vertex 92.6977 -94.0056 4.75
      vertex 93.0954 -93.9265 2.2
      vertex 92.6977 -94.0056 2.2
    endloop
  endfacet
  facet normal 0.896928 -0.442176 0
    outer loop
      vertex 96.1847 -98.55 4.75
      vertex 96.364 -98.1863 4
      vertex 96.364 -98.1863 4.75
    endloop
  endfacet
  facet normal 0.896928 -0.442176 0
    outer loop
      vertex 96.364 -98.1863 4
      vertex 96.1847 -98.55 4.75
      vertex 96.1847 -98.55 4
    endloop
  endfacet
  facet normal 0.193886 -0.981024 0
    outer loop
      vertex 93.9046 -100.073 4
      vertex 94.3023 -99.9944 4.75
      vertex 93.9046 -100.073 4.75
    endloop
  endfacet
  facet normal 0.193886 -0.981024 0
    outer loop
      vertex 94.3023 -99.9944 4.75
      vertex 93.9046 -100.073 4
      vertex 94.3023 -99.9944 4
    endloop
  endfacet
  facet normal 0.946893 0.321549 0
    outer loop
      vertex 96.4944 -96.1977 4.75
      vertex 96.364 -95.8137 4
      vertex 96.364 -95.8137 4.75
    endloop
  endfacet
  facet normal 0.946893 0.321549 0
    outer loop
      vertex 96.364 -95.8137 4
      vertex 96.4944 -96.1977 4.75
      vertex 96.4944 -96.1977 4
    endloop
  endfacet
  facet normal 0.980789 0.195073 0
    outer loop
      vertex 96.5735 -96.5954 4.75
      vertex 96.4944 -96.1977 4
      vertex 96.4944 -96.1977 4.75
    endloop
  endfacet
  facet normal 0.980789 0.195073 0
    outer loop
      vertex 96.4944 -96.1977 4
      vertex 96.5735 -96.5954 4.75
      vertex 96.5735 -96.5954 4
    endloop
  endfacet
  facet normal 0.751721 0.659482 0
    outer loop
      vertex 95.9594 -95.1128 4.75
      vertex 95.692 -94.808 2.2
      vertex 95.692 -94.808 4.75
    endloop
  endfacet
  facet normal 0.751721 0.659482 0
    outer loop
      vertex 95.692 -94.808 2.2
      vertex 95.9594 -95.1128 4.75
      vertex 95.9594 -95.1128 2.2
    endloop
  endfacet
  facet normal 0.831566 0.555426 0
    outer loop
      vertex 95.9594 -95.1128 4.75
      vertex 96.03 -95.2185 4
      vertex 95.9594 -95.1128 2.2
    endloop
  endfacet
  facet normal 0.831481 0.555553 -2.59406e-05
    outer loop
      vertex 96.1847 -95.45 4.75
      vertex 96.03 -95.2185 4
      vertex 95.9594 -95.1128 4.75
    endloop
  endfacet
  facet normal 0.831442 0.555612 0
    outer loop
      vertex 96.03 -95.2185 4
      vertex 96.1847 -95.45 4.75
      vertex 96.1847 -95.45 4
    endloop
  endfacet
  facet normal 0.831566 0.555426 0
    outer loop
      vertex 95.9594 -95.1128 2.2
      vertex 96.03 -95.2185 4
      vertex 96.03 -95.2185 2.2
    endloop
  endfacet
  facet normal 0.0653568 0.997862 -0
    outer loop
      vertex 93.9046 -93.9265 2.2
      vertex 93.5 -93.9 4.75
      vertex 93.9046 -93.9265 4.75
    endloop
  endfacet
  facet normal 0.0653568 0.997862 0
    outer loop
      vertex 93.5 -93.9 4.75
      vertex 93.9046 -93.9265 2.2
      vertex 93.5 -93.9 2.2
    endloop
  endfacet
  facet normal 0.555553 0.831481 -0
    outer loop
      vertex 95.3872 -94.5406 2.2
      vertex 95.05 -94.3153 4.75
      vertex 95.3872 -94.5406 4.75
    endloop
  endfacet
  facet normal 0.555553 0.831481 0
    outer loop
      vertex 95.05 -94.3153 4.75
      vertex 95.3872 -94.5406 2.2
      vertex 95.05 -94.3153 2.2
    endloop
  endfacet
  facet normal -0.831481 0.555553 0
    outer loop
      vertex 90.8153 -95.45 2.2
      vertex 91.0406 -95.1128 4.75
      vertex 91.0406 -95.1128 2.2
    endloop
  endfacet
  facet normal -0.831481 0.555553 0
    outer loop
      vertex 91.0406 -95.1128 4.75
      vertex 90.8153 -95.45 2.2
      vertex 90.8153 -95.45 4.75
    endloop
  endfacet
  facet normal -0.946893 0.321549 0
    outer loop
      vertex 90.5056 -96.1977 2.2
      vertex 90.636 -95.8137 4.75
      vertex 90.636 -95.8137 2.2
    endloop
  endfacet
  facet normal -0.946893 0.321549 0
    outer loop
      vertex 90.636 -95.8137 4.75
      vertex 90.5056 -96.1977 2.2
      vertex 90.5056 -96.1977 4.75
    endloop
  endfacet
  facet normal -0.980789 0.195073 0
    outer loop
      vertex 90.4265 -96.5954 2.2
      vertex 90.5056 -96.1977 4.75
      vertex 90.5056 -96.1977 2.2
    endloop
  endfacet
  facet normal -0.980789 0.195073 0
    outer loop
      vertex 90.5056 -96.1977 4.75
      vertex 90.4265 -96.5954 2.2
      vertex 90.4265 -96.5954 4.75
    endloop
  endfacet
  facet normal -0.442176 0.896928 0
    outer loop
      vertex 92.3137 -94.136 2.2
      vertex 91.95 -94.3153 4.75
      vertex 92.3137 -94.136 4.75
    endloop
  endfacet
  facet normal -0.442176 0.896928 0
    outer loop
      vertex 91.95 -94.3153 4.75
      vertex 92.3137 -94.136 2.2
      vertex 91.95 -94.3153 2.2
    endloop
  endfacet
  facet normal -0.555553 0.831481 0
    outer loop
      vertex 91.95 -94.3153 2.2
      vertex 91.6128 -94.5406 4.75
      vertex 91.95 -94.3153 4.75
    endloop
  endfacet
  facet normal -0.555553 0.831481 0
    outer loop
      vertex 91.6128 -94.5406 4.75
      vertex 91.95 -94.3153 2.2
      vertex 91.6128 -94.5406 2.2
    endloop
  endfacet
  facet normal 0.555529 -0.831497 0
    outer loop
      vertex 95.3046 -99.5146 4
      vertex 95.05 -99.6847 4.75
      vertex 95.05 -99.6847 4
    endloop
  endfacet
  facet normal 0.555553 -0.831481 1.20333e-05
    outer loop
      vertex 95.05 -99.6847 4.75
      vertex 95.3046 -99.5146 4
      vertex 95.3872 -99.4594 4.75
    endloop
  endfacet
  facet normal 0.555629 -0.83143 0
    outer loop
      vertex 95.3872 -99.4594 2.2
      vertex 95.3046 -99.5146 4
      vertex 95.3046 -99.5146 2.2
    endloop
  endfacet
  facet normal 0.555629 -0.83143 0
    outer loop
      vertex 95.3046 -99.5146 4
      vertex 95.3872 -99.4594 2.2
      vertex 95.3872 -99.4594 4.75
    endloop
  endfacet
  facet normal 0.751721 -0.659482 0
    outer loop
      vertex 95.692 -99.192 4.75
      vertex 95.9594 -98.8872 2.2
      vertex 95.9594 -98.8872 4.75
    endloop
  endfacet
  facet normal 0.751721 -0.659482 0
    outer loop
      vertex 95.9594 -98.8872 2.2
      vertex 95.692 -99.192 4.75
      vertex 95.692 -99.192 2.2
    endloop
  endfacet
  facet normal 0.946893 -0.321549 0
    outer loop
      vertex 96.364 -98.1863 4.75
      vertex 96.4944 -97.8023 4
      vertex 96.4944 -97.8023 4.75
    endloop
  endfacet
  facet normal 0.946893 -0.321549 0
    outer loop
      vertex 96.4944 -97.8023 4
      vertex 96.364 -98.1863 4.75
      vertex 96.364 -98.1863 4
    endloop
  endfacet
  facet normal 0.980789 -0.195073 0
    outer loop
      vertex 96.4944 -97.8023 4.75
      vertex 96.5735 -97.4046 4
      vertex 96.5735 -97.4046 4.75
    endloop
  endfacet
  facet normal 0.980789 -0.195073 0
    outer loop
      vertex 96.5735 -97.4046 4
      vertex 96.4944 -97.8023 4.75
      vertex 96.4944 -97.8023 4
    endloop
  endfacet
  facet normal -0.659482 -0.751721 0
    outer loop
      vertex 91.308 -99.192 2.2
      vertex 91.6128 -99.4594 4.75
      vertex 91.308 -99.192 4.75
    endloop
  endfacet
  facet normal -0.659482 -0.751721 -0
    outer loop
      vertex 91.6128 -99.4594 4.75
      vertex 91.308 -99.192 2.2
      vertex 91.6128 -99.4594 2.2
    endloop
  endfacet
  facet normal -0.896928 -0.442176 0
    outer loop
      vertex 90.8153 -98.55 2.2
      vertex 90.636 -98.1863 4.75
      vertex 90.636 -98.1863 2.2
    endloop
  endfacet
  facet normal -0.896928 -0.442176 0
    outer loop
      vertex 90.636 -98.1863 4.75
      vertex 90.8153 -98.55 2.2
      vertex 90.8153 -98.55 4.75
    endloop
  endfacet
  facet normal -0.751721 -0.659482 0
    outer loop
      vertex 91.308 -99.192 2.2
      vertex 91.0406 -98.8872 4.75
      vertex 91.0406 -98.8872 2.2
    endloop
  endfacet
  facet normal -0.751721 -0.659482 0
    outer loop
      vertex 91.0406 -98.8872 4.75
      vertex 91.308 -99.192 2.2
      vertex 91.308 -99.192 4.75
    endloop
  endfacet
  facet normal -0.997862 -0.0653568 0
    outer loop
      vertex 90.4265 -97.4046 2.2
      vertex 90.4 -97 4.75
      vertex 90.4 -97 2.2
    endloop
  endfacet
  facet normal -0.997862 -0.0653568 0
    outer loop
      vertex 90.4 -97 4.75
      vertex 90.4265 -97.4046 2.2
      vertex 90.4265 -97.4046 4.75
    endloop
  endfacet
  facet normal 0.831497 -0.555529 0
    outer loop
      vertex 96.1847 -98.55 4.75
      vertex 96.0146 -98.8046 4
      vertex 96.1847 -98.55 4
    endloop
  endfacet
  facet normal 0.831481 -0.555553 1.20333e-05
    outer loop
      vertex 95.9594 -98.8872 4.75
      vertex 96.0146 -98.8046 4
      vertex 96.1847 -98.55 4.75
    endloop
  endfacet
  facet normal 0.83143 -0.555629 0
    outer loop
      vertex 95.9594 -98.8872 2.2
      vertex 96.0146 -98.8046 4
      vertex 95.9594 -98.8872 4.75
    endloop
  endfacet
  facet normal 0.83143 -0.555629 0
    outer loop
      vertex 96.0146 -98.8046 4
      vertex 95.9594 -98.8872 2.2
      vertex 96.0146 -98.8046 2.2
    endloop
  endfacet
  facet normal 0.997862 -0.0653568 0
    outer loop
      vertex 96.5735 -97.4046 4.75
      vertex 96.6 -97 4
      vertex 96.6 -97 4.75
    endloop
  endfacet
  facet normal 0.997862 -0.0653568 0
    outer loop
      vertex 96.6 -97 4
      vertex 96.5735 -97.4046 4.75
      vertex 96.5735 -97.4046 4
    endloop
  endfacet
  facet normal -0.980789 -0.195073 0
    outer loop
      vertex 90.5056 -97.8023 2.2
      vertex 90.4265 -97.4046 4.75
      vertex 90.4265 -97.4046 2.2
    endloop
  endfacet
  facet normal -0.980789 -0.195073 0
    outer loop
      vertex 90.4265 -97.4046 4.75
      vertex 90.5056 -97.8023 2.2
      vertex 90.5056 -97.8023 4.75
    endloop
  endfacet
  facet normal -0.946893 -0.321549 0
    outer loop
      vertex 90.636 -98.1863 2.2
      vertex 90.5056 -97.8023 4.75
      vertex 90.5056 -97.8023 2.2
    endloop
  endfacet
  facet normal -0.946893 -0.321549 0
    outer loop
      vertex 90.5056 -97.8023 4.75
      vertex 90.636 -98.1863 2.2
      vertex 90.636 -98.1863 4.75
    endloop
  endfacet
  facet normal 0.442176 -0.896928 0
    outer loop
      vertex 94.6863 -99.864 4
      vertex 95.05 -99.6847 4.75
      vertex 94.6863 -99.864 4.75
    endloop
  endfacet
  facet normal 0.442176 -0.896928 0
    outer loop
      vertex 95.05 -99.6847 4.75
      vertex 94.6863 -99.864 4
      vertex 95.05 -99.6847 4
    endloop
  endfacet
  facet normal 0.321549 -0.946893 0
    outer loop
      vertex 94.3023 -99.9944 4
      vertex 94.6863 -99.864 4.75
      vertex 94.3023 -99.9944 4.75
    endloop
  endfacet
  facet normal 0.321549 -0.946893 0
    outer loop
      vertex 94.6863 -99.864 4.75
      vertex 94.3023 -99.9944 4
      vertex 94.6863 -99.864 4
    endloop
  endfacet
  facet normal 0.659482 -0.751721 0
    outer loop
      vertex 95.3872 -99.4594 2.2
      vertex 95.692 -99.192 4.75
      vertex 95.3872 -99.4594 4.75
    endloop
  endfacet
  facet normal 0.659482 -0.751721 0
    outer loop
      vertex 95.692 -99.192 4.75
      vertex 95.3872 -99.4594 2.2
      vertex 95.692 -99.192 2.2
    endloop
  endfacet
  facet normal -0.321549 -0.946893 0
    outer loop
      vertex 92.3137 -99.864 4
      vertex 92.6977 -99.9944 4.75
      vertex 92.3137 -99.864 4.75
    endloop
  endfacet
  facet normal -0.321549 -0.946893 -0
    outer loop
      vertex 92.6977 -99.9944 4.75
      vertex 92.3137 -99.864 4
      vertex 92.6977 -99.9944 4
    endloop
  endfacet
  facet normal -0.0665845 -0.997781 0
    outer loop
      vertex 93.0954 -100.073 4
      vertex 93.5 -100.1 4.75
      vertex 93.0954 -100.073 4.75
    endloop
  endfacet
  facet normal -0.0665845 -0.997781 -0
    outer loop
      vertex 93.5 -100.1 4.75
      vertex 93.0954 -100.073 4
      vertex 93.5 -100.1 4
    endloop
  endfacet
  facet normal -0.555553 -0.831481 -2.59406e-05
    outer loop
      vertex 91.6128 -99.4594 4.75
      vertex 91.7185 -99.53 4
      vertex 91.95 -99.6847 4.75
    endloop
  endfacet
  facet normal -0.555426 -0.831566 0
    outer loop
      vertex 91.6128 -99.4594 2.2
      vertex 91.7185 -99.53 4
      vertex 91.6128 -99.4594 4.75
    endloop
  endfacet
  facet normal -0.555426 -0.831566 -0
    outer loop
      vertex 91.7185 -99.53 4
      vertex 91.6128 -99.4594 2.2
      vertex 91.7185 -99.53 2.2
    endloop
  endfacet
  facet normal -0.555612 -0.831442 -0
    outer loop
      vertex 91.95 -99.6847 4.75
      vertex 91.7185 -99.53 4
      vertex 91.95 -99.6847 4
    endloop
  endfacet
  facet normal -0.831481 -0.555553 0
    outer loop
      vertex 91.0406 -98.8872 2.2
      vertex 90.8153 -98.55 4.75
      vertex 90.8153 -98.55 2.2
    endloop
  endfacet
  facet normal -0.831481 -0.555553 0
    outer loop
      vertex 90.8153 -98.55 4.75
      vertex 91.0406 -98.8872 2.2
      vertex 91.0406 -98.8872 4.75
    endloop
  endfacet
  facet normal -0.193886 -0.981024 0
    outer loop
      vertex 92.6977 -99.9944 4
      vertex 93.0954 -100.073 4.75
      vertex 92.6977 -99.9944 4.75
    endloop
  endfacet
  facet normal -0.193886 -0.981024 -0
    outer loop
      vertex 93.0954 -100.073 4.75
      vertex 92.6977 -99.9944 4
      vertex 93.0954 -100.073 4
    endloop
  endfacet
  facet normal -0.442176 -0.896928 0
    outer loop
      vertex 91.95 -99.6847 4
      vertex 92.3137 -99.864 4.75
      vertex 91.95 -99.6847 4.75
    endloop
  endfacet
  facet normal -0.442176 -0.896928 -0
    outer loop
      vertex 92.3137 -99.864 4.75
      vertex 91.95 -99.6847 4
      vertex 92.3137 -99.864 4
    endloop
  endfacet
  facet normal -0.99785 -0.0655331 0
    outer loop
      vertex 95.25 -97 2.2
      vertex 95.235 -96.7716 4.75
      vertex 95.235 -96.7716 2.2
    endloop
  endfacet
  facet normal -0.99785 -0.0655331 0
    outer loop
      vertex 95.235 -96.7716 4.75
      vertex 95.25 -97 2.2
      vertex 95.25 -97 4.75
    endloop
  endfacet
  facet normal 0.99785 -0.0655331 0
    outer loop
      vertex 91.75 -97 4.75
      vertex 91.765 -96.7716 2.2
      vertex 91.765 -96.7716 4.75
    endloop
  endfacet
  facet normal 0.99785 -0.0655331 0
    outer loop
      vertex 91.765 -96.7716 2.2
      vertex 91.75 -97 4.75
      vertex 91.75 -97 2.2
    endloop
  endfacet
  facet normal -0.0655331 -0.99785 0
    outer loop
      vertex 93.5 -95.25 2.2
      vertex 93.7284 -95.265 4.75
      vertex 93.5 -95.25 4.75
    endloop
  endfacet
  facet normal -0.0655331 -0.99785 -0
    outer loop
      vertex 93.7284 -95.265 4.75
      vertex 93.5 -95.25 2.2
      vertex 93.7284 -95.265 2.2
    endloop
  endfacet
  facet normal -0.659524 -0.751683 0
    outer loop
      vertex 94.5653 -95.6116 2.2
      vertex 94.7374 -95.7626 4.75
      vertex 94.5653 -95.6116 4.75
    endloop
  endfacet
  facet normal -0.659524 -0.751683 -0
    outer loop
      vertex 94.7374 -95.7626 4.75
      vertex 94.5653 -95.6116 2.2
      vertex 94.7374 -95.7626 2.2
    endloop
  endfacet
  facet normal 0.659524 -0.751683 0
    outer loop
      vertex 92.2626 -95.7626 2.2
      vertex 92.4347 -95.6116 4.75
      vertex 92.2626 -95.7626 4.75
    endloop
  endfacet
  facet normal 0.659524 -0.751683 0
    outer loop
      vertex 92.4347 -95.6116 4.75
      vertex 92.2626 -95.7626 2.2
      vertex 92.4347 -95.6116 2.2
    endloop
  endfacet
  facet normal 0.321464 -0.946922 0
    outer loop
      vertex 92.8303 -95.3832 2.2
      vertex 93.0471 -95.3096 4.75
      vertex 92.8303 -95.3832 4.75
    endloop
  endfacet
  facet normal 0.321464 -0.946922 0
    outer loop
      vertex 93.0471 -95.3096 4.75
      vertex 92.8303 -95.3832 2.2
      vertex 93.0471 -95.3096 2.2
    endloop
  endfacet
  facet normal 0.980832 0.194856 0
    outer loop
      vertex 91.8096 -97.4529 4.75
      vertex 91.765 -97.2284 2.2
      vertex 91.765 -97.2284 4.75
    endloop
  endfacet
  facet normal 0.980832 0.194856 0
    outer loop
      vertex 91.765 -97.2284 2.2
      vertex 91.8096 -97.4529 4.75
      vertex 91.8096 -97.4529 2.2
    endloop
  endfacet
  facet normal -0.896774 -0.44249 0
    outer loop
      vertex 95.1168 -96.3303 2.2
      vertex 95.0155 -96.125 4.75
      vertex 95.0155 -96.125 2.2
    endloop
  endfacet
  facet normal -0.896774 -0.44249 0
    outer loop
      vertex 95.0155 -96.125 4.75
      vertex 95.1168 -96.3303 2.2
      vertex 95.1168 -96.3303 4.75
    endloop
  endfacet
  facet normal -0.831579 -0.555406 0
    outer loop
      vertex 95.0155 -96.125 2.2
      vertex 94.8884 -95.9347 4.75
      vertex 94.8884 -95.9347 2.2
    endloop
  endfacet
  facet normal -0.831579 -0.555406 0
    outer loop
      vertex 94.8884 -95.9347 4.75
      vertex 95.0155 -96.125 2.2
      vertex 95.0155 -96.125 4.75
    endloop
  endfacet
  facet normal -0.44249 -0.896774 0
    outer loop
      vertex 94.1697 -95.3832 2.2
      vertex 94.375 -95.4845 4.75
      vertex 94.1697 -95.3832 4.75
    endloop
  endfacet
  facet normal -0.44249 -0.896774 -0
    outer loop
      vertex 94.375 -95.4845 4.75
      vertex 94.1697 -95.3832 2.2
      vertex 94.375 -95.4845 2.2
    endloop
  endfacet
  facet normal -0.555406 -0.831579 0
    outer loop
      vertex 94.375 -95.4845 2.2
      vertex 94.5653 -95.6116 4.75
      vertex 94.375 -95.4845 4.75
    endloop
  endfacet
  facet normal -0.555406 -0.831579 -0
    outer loop
      vertex 94.5653 -95.6116 4.75
      vertex 94.375 -95.4845 2.2
      vertex 94.5653 -95.6116 2.2
    endloop
  endfacet
  facet normal 0.896774 -0.44249 0
    outer loop
      vertex 91.8832 -96.3303 4.75
      vertex 91.9845 -96.125 2.2
      vertex 91.9845 -96.125 4.75
    endloop
  endfacet
  facet normal 0.896774 -0.44249 0
    outer loop
      vertex 91.9845 -96.125 2.2
      vertex 91.8832 -96.3303 4.75
      vertex 91.8832 -96.3303 2.2
    endloop
  endfacet
  facet normal 0.831579 -0.555406 0
    outer loop
      vertex 91.9845 -96.125 4.75
      vertex 92.1116 -95.9347 2.2
      vertex 92.1116 -95.9347 4.75
    endloop
  endfacet
  facet normal 0.831579 -0.555406 0
    outer loop
      vertex 92.1116 -95.9347 2.2
      vertex 91.9845 -96.125 4.75
      vertex 91.9845 -96.125 2.2
    endloop
  endfacet
  facet normal 0.44249 -0.896774 0
    outer loop
      vertex 92.625 -95.4845 2.2
      vertex 92.8303 -95.3832 4.75
      vertex 92.625 -95.4845 4.75
    endloop
  endfacet
  facet normal 0.44249 -0.896774 0
    outer loop
      vertex 92.8303 -95.3832 4.75
      vertex 92.625 -95.4845 2.2
      vertex 92.8303 -95.3832 2.2
    endloop
  endfacet
  facet normal 0.0655331 -0.99785 0
    outer loop
      vertex 93.2716 -95.265 2.2
      vertex 93.5 -95.25 4.75
      vertex 93.2716 -95.265 4.75
    endloop
  endfacet
  facet normal 0.0655331 -0.99785 0
    outer loop
      vertex 93.5 -95.25 4.75
      vertex 93.2716 -95.265 2.2
      vertex 93.5 -95.25 2.2
    endloop
  endfacet
  facet normal -0.946922 0.321464 0
    outer loop
      vertex 95.1168 -97.6697 2.2
      vertex 95.1904 -97.4529 4.75
      vertex 95.1904 -97.4529 2.2
    endloop
  endfacet
  facet normal -0.946922 0.321464 0
    outer loop
      vertex 95.1904 -97.4529 4.75
      vertex 95.1168 -97.6697 2.2
      vertex 95.1168 -97.6697 4.75
    endloop
  endfacet
  facet normal -0.194856 0.980832 0
    outer loop
      vertex 93.9529 -98.6904 2.2
      vertex 93.7284 -98.735 4.75
      vertex 93.9529 -98.6904 4.75
    endloop
  endfacet
  facet normal -0.194856 0.980832 0
    outer loop
      vertex 93.7284 -98.735 4.75
      vertex 93.9529 -98.6904 2.2
      vertex 93.7284 -98.735 2.2
    endloop
  endfacet
  facet normal -0.0655331 0.99785 0
    outer loop
      vertex 93.7284 -98.735 2.2
      vertex 93.5 -98.75 4.75
      vertex 93.7284 -98.735 4.75
    endloop
  endfacet
  facet normal -0.0655331 0.99785 0
    outer loop
      vertex 93.5 -98.75 4.75
      vertex 93.7284 -98.735 2.2
      vertex 93.5 -98.75 2.2
    endloop
  endfacet
  facet normal -0.751683 0.659524 0
    outer loop
      vertex 94.7374 -98.2374 2.2
      vertex 94.8884 -98.0653 4.75
      vertex 94.8884 -98.0653 2.2
    endloop
  endfacet
  facet normal -0.751683 0.659524 0
    outer loop
      vertex 94.8884 -98.0653 4.75
      vertex 94.7374 -98.2374 2.2
      vertex 94.7374 -98.2374 4.75
    endloop
  endfacet
  facet normal -0.896774 0.44249 0
    outer loop
      vertex 95.0155 -97.875 2.2
      vertex 95.1168 -97.6697 4.75
      vertex 95.1168 -97.6697 2.2
    endloop
  endfacet
  facet normal -0.896774 0.44249 0
    outer loop
      vertex 95.1168 -97.6697 4.75
      vertex 95.0155 -97.875 2.2
      vertex 95.0155 -97.875 4.75
    endloop
  endfacet
  facet normal 0.321464 0.946922 -0
    outer loop
      vertex 93.0471 -98.6904 2.2
      vertex 92.8303 -98.6168 4.75
      vertex 93.0471 -98.6904 4.75
    endloop
  endfacet
  facet normal 0.321464 0.946922 0
    outer loop
      vertex 92.8303 -98.6168 4.75
      vertex 93.0471 -98.6904 2.2
      vertex 92.8303 -98.6168 2.2
    endloop
  endfacet
  facet normal 0.896774 0.44249 0
    outer loop
      vertex 91.9845 -97.875 4.75
      vertex 91.8832 -97.6697 2.2
      vertex 91.8832 -97.6697 4.75
    endloop
  endfacet
  facet normal 0.896774 0.44249 0
    outer loop
      vertex 91.8832 -97.6697 2.2
      vertex 91.9845 -97.875 4.75
      vertex 91.9845 -97.875 2.2
    endloop
  endfacet
  facet normal 0.831579 0.555406 0
    outer loop
      vertex 92.1116 -98.0653 4.75
      vertex 91.9845 -97.875 2.2
      vertex 91.9845 -97.875 4.75
    endloop
  endfacet
  facet normal 0.831579 0.555406 0
    outer loop
      vertex 91.9845 -97.875 2.2
      vertex 92.1116 -98.0653 4.75
      vertex 92.1116 -98.0653 2.2
    endloop
  endfacet
  facet normal 0.99785 0.0655331 0
    outer loop
      vertex 91.765 -97.2284 4.75
      vertex 91.75 -97 2.2
      vertex 91.75 -97 4.75
    endloop
  endfacet
  facet normal 0.99785 0.0655331 0
    outer loop
      vertex 91.75 -97 2.2
      vertex 91.765 -97.2284 4.75
      vertex 91.765 -97.2284 2.2
    endloop
  endfacet
  facet normal -0.946922 -0.321464 0
    outer loop
      vertex 95.1904 -96.5471 2.2
      vertex 95.1168 -96.3303 4.75
      vertex 95.1168 -96.3303 2.2
    endloop
  endfacet
  facet normal -0.946922 -0.321464 0
    outer loop
      vertex 95.1168 -96.3303 4.75
      vertex 95.1904 -96.5471 2.2
      vertex 95.1904 -96.5471 4.75
    endloop
  endfacet
  facet normal -0.980832 -0.194856 0
    outer loop
      vertex 95.235 -96.7716 2.2
      vertex 95.1904 -96.5471 4.75
      vertex 95.1904 -96.5471 2.2
    endloop
  endfacet
  facet normal -0.980832 -0.194856 0
    outer loop
      vertex 95.1904 -96.5471 4.75
      vertex 95.235 -96.7716 2.2
      vertex 95.235 -96.7716 4.75
    endloop
  endfacet
  facet normal -0.321464 -0.946922 0
    outer loop
      vertex 93.9529 -95.3096 2.2
      vertex 94.1697 -95.3832 4.75
      vertex 93.9529 -95.3096 4.75
    endloop
  endfacet
  facet normal -0.321464 -0.946922 -0
    outer loop
      vertex 94.1697 -95.3832 4.75
      vertex 93.9529 -95.3096 2.2
      vertex 94.1697 -95.3832 2.2
    endloop
  endfacet
  facet normal -0.194856 -0.980832 0
    outer loop
      vertex 93.7284 -95.265 2.2
      vertex 93.9529 -95.3096 4.75
      vertex 93.7284 -95.265 4.75
    endloop
  endfacet
  facet normal -0.194856 -0.980832 -0
    outer loop
      vertex 93.9529 -95.3096 4.75
      vertex 93.7284 -95.265 2.2
      vertex 93.9529 -95.3096 2.2
    endloop
  endfacet
  facet normal 0.980832 -0.194856 0
    outer loop
      vertex 91.765 -96.7716 4.75
      vertex 91.8096 -96.5471 2.2
      vertex 91.8096 -96.5471 4.75
    endloop
  endfacet
  facet normal 0.980832 -0.194856 0
    outer loop
      vertex 91.8096 -96.5471 2.2
      vertex 91.765 -96.7716 4.75
      vertex 91.765 -96.7716 2.2
    endloop
  endfacet
  facet normal 0.555406 -0.831579 0
    outer loop
      vertex 92.4347 -95.6116 2.2
      vertex 92.625 -95.4845 4.75
      vertex 92.4347 -95.6116 4.75
    endloop
  endfacet
  facet normal 0.555406 -0.831579 0
    outer loop
      vertex 92.625 -95.4845 4.75
      vertex 92.4347 -95.6116 2.2
      vertex 92.625 -95.4845 2.2
    endloop
  endfacet
  facet normal 0.194856 -0.980832 0
    outer loop
      vertex 93.0471 -95.3096 2.2
      vertex 93.2716 -95.265 4.75
      vertex 93.0471 -95.3096 4.75
    endloop
  endfacet
  facet normal 0.194856 -0.980832 0
    outer loop
      vertex 93.2716 -95.265 4.75
      vertex 93.0471 -95.3096 2.2
      vertex 93.2716 -95.265 2.2
    endloop
  endfacet
  facet normal -0.44249 0.896774 0
    outer loop
      vertex 94.375 -98.5155 2.2
      vertex 94.1697 -98.6168 4.75
      vertex 94.375 -98.5155 4.75
    endloop
  endfacet
  facet normal -0.44249 0.896774 0
    outer loop
      vertex 94.1697 -98.6168 4.75
      vertex 94.375 -98.5155 2.2
      vertex 94.1697 -98.6168 2.2
    endloop
  endfacet
  facet normal -0.659524 0.751683 0
    outer loop
      vertex 94.7374 -98.2374 2.2
      vertex 94.5653 -98.3884 4.75
      vertex 94.7374 -98.2374 4.75
    endloop
  endfacet
  facet normal -0.659524 0.751683 0
    outer loop
      vertex 94.5653 -98.3884 4.75
      vertex 94.7374 -98.2374 2.2
      vertex 94.5653 -98.3884 2.2
    endloop
  endfacet
  facet normal -0.555406 0.831579 0
    outer loop
      vertex 94.5653 -98.3884 2.2
      vertex 94.375 -98.5155 4.75
      vertex 94.5653 -98.3884 4.75
    endloop
  endfacet
  facet normal -0.555406 0.831579 0
    outer loop
      vertex 94.375 -98.5155 4.75
      vertex 94.5653 -98.3884 2.2
      vertex 94.375 -98.5155 2.2
    endloop
  endfacet
  facet normal -0.831579 0.555406 0
    outer loop
      vertex 94.8884 -98.0653 2.2
      vertex 95.0155 -97.875 4.75
      vertex 95.0155 -97.875 2.2
    endloop
  endfacet
  facet normal -0.831579 0.555406 0
    outer loop
      vertex 95.0155 -97.875 4.75
      vertex 94.8884 -98.0653 2.2
      vertex 94.8884 -98.0653 4.75
    endloop
  endfacet
  facet normal 0.555406 0.831579 -0
    outer loop
      vertex 92.625 -98.5155 2.2
      vertex 92.4347 -98.3884 4.75
      vertex 92.625 -98.5155 4.75
    endloop
  endfacet
  facet normal 0.555406 0.831579 0
    outer loop
      vertex 92.4347 -98.3884 4.75
      vertex 92.625 -98.5155 2.2
      vertex 92.4347 -98.3884 2.2
    endloop
  endfacet
  facet normal 0.659524 0.751683 -0
    outer loop
      vertex 92.4347 -98.3884 2.2
      vertex 92.2626 -98.2374 4.75
      vertex 92.4347 -98.3884 4.75
    endloop
  endfacet
  facet normal 0.659524 0.751683 0
    outer loop
      vertex 92.2626 -98.2374 4.75
      vertex 92.4347 -98.3884 2.2
      vertex 92.2626 -98.2374 2.2
    endloop
  endfacet
  facet normal 0.44249 0.896774 -0
    outer loop
      vertex 92.8303 -98.6168 2.2
      vertex 92.625 -98.5155 4.75
      vertex 92.8303 -98.6168 4.75
    endloop
  endfacet
  facet normal 0.44249 0.896774 0
    outer loop
      vertex 92.625 -98.5155 4.75
      vertex 92.8303 -98.6168 2.2
      vertex 92.625 -98.5155 2.2
    endloop
  endfacet
  facet normal 0.0655331 0.99785 -0
    outer loop
      vertex 93.5 -98.75 2.2
      vertex 93.2716 -98.735 4.75
      vertex 93.5 -98.75 4.75
    endloop
  endfacet
  facet normal 0.0655331 0.99785 0
    outer loop
      vertex 93.2716 -98.735 4.75
      vertex 93.5 -98.75 2.2
      vertex 93.2716 -98.735 2.2
    endloop
  endfacet
  facet normal 0.751683 0.659524 0
    outer loop
      vertex 92.2626 -98.2374 4.75
      vertex 92.1116 -98.0653 2.2
      vertex 92.1116 -98.0653 4.75
    endloop
  endfacet
  facet normal 0.751683 0.659524 0
    outer loop
      vertex 92.1116 -98.0653 2.2
      vertex 92.2626 -98.2374 4.75
      vertex 92.2626 -98.2374 2.2
    endloop
  endfacet
  facet normal -0.751683 -0.659524 0
    outer loop
      vertex 94.8884 -95.9347 2.2
      vertex 94.7374 -95.7626 4.75
      vertex 94.7374 -95.7626 2.2
    endloop
  endfacet
  facet normal -0.751683 -0.659524 0
    outer loop
      vertex 94.7374 -95.7626 4.75
      vertex 94.8884 -95.9347 2.2
      vertex 94.8884 -95.9347 4.75
    endloop
  endfacet
  facet normal 0.751683 -0.659524 0
    outer loop
      vertex 92.1116 -95.9347 4.75
      vertex 92.2626 -95.7626 2.2
      vertex 92.2626 -95.7626 4.75
    endloop
  endfacet
  facet normal 0.751683 -0.659524 0
    outer loop
      vertex 92.2626 -95.7626 2.2
      vertex 92.1116 -95.9347 4.75
      vertex 92.1116 -95.9347 2.2
    endloop
  endfacet
  facet normal 0.946922 -0.321464 0
    outer loop
      vertex 91.8096 -96.5471 4.75
      vertex 91.8832 -96.3303 2.2
      vertex 91.8832 -96.3303 4.75
    endloop
  endfacet
  facet normal 0.946922 -0.321464 0
    outer loop
      vertex 91.8832 -96.3303 2.2
      vertex 91.8096 -96.5471 4.75
      vertex 91.8096 -96.5471 2.2
    endloop
  endfacet
  facet normal -0.321464 0.946922 0
    outer loop
      vertex 94.1697 -98.6168 2.2
      vertex 93.9529 -98.6904 4.75
      vertex 94.1697 -98.6168 4.75
    endloop
  endfacet
  facet normal -0.321464 0.946922 0
    outer loop
      vertex 93.9529 -98.6904 4.75
      vertex 94.1697 -98.6168 2.2
      vertex 93.9529 -98.6904 2.2
    endloop
  endfacet
  facet normal -0.980832 0.194856 0
    outer loop
      vertex 95.1904 -97.4529 2.2
      vertex 95.235 -97.2284 4.75
      vertex 95.235 -97.2284 2.2
    endloop
  endfacet
  facet normal -0.980832 0.194856 0
    outer loop
      vertex 95.235 -97.2284 4.75
      vertex 95.1904 -97.4529 2.2
      vertex 95.1904 -97.4529 4.75
    endloop
  endfacet
  facet normal 0.194856 0.980832 -0
    outer loop
      vertex 93.2716 -98.735 2.2
      vertex 93.0471 -98.6904 4.75
      vertex 93.2716 -98.735 4.75
    endloop
  endfacet
  facet normal 0.194856 0.980832 0
    outer loop
      vertex 93.0471 -98.6904 4.75
      vertex 93.2716 -98.735 2.2
      vertex 93.0471 -98.6904 2.2
    endloop
  endfacet
  facet normal 0.946922 0.321464 0
    outer loop
      vertex 91.8832 -97.6697 4.75
      vertex 91.8096 -97.4529 2.2
      vertex 91.8096 -97.4529 4.75
    endloop
  endfacet
  facet normal 0.946922 0.321464 0
    outer loop
      vertex 91.8096 -97.4529 2.2
      vertex 91.8832 -97.6697 4.75
      vertex 91.8832 -97.6697 2.2
    endloop
  endfacet
  facet normal -0.99785 0.0655331 0
    outer loop
      vertex 95.235 -97.2284 2.2
      vertex 95.25 -97 4.75
      vertex 95.25 -97 2.2
    endloop
  endfacet
  facet normal -0.99785 0.0655331 0
    outer loop
      vertex 95.25 -97 4.75
      vertex 95.235 -97.2284 2.2
      vertex 95.235 -97.2284 4.75
    endloop
  endfacet
  facet normal 0.997862 0.0653519 0
    outer loop
      vertex 96.6 -10 4.75
      vertex 96.5735 -9.59537 4
      vertex 96.5735 -9.59537 4.75
    endloop
  endfacet
  facet normal 0.997862 0.0653519 0
    outer loop
      vertex 96.5735 -9.59537 4
      vertex 96.6 -10 4.75
      vertex 96.6 -10 4
    endloop
  endfacet
  facet normal -0.997862 0.0653519 0
    outer loop
      vertex 90.4 -10 2.2
      vertex 90.4265 -9.59537 4.75
      vertex 90.4265 -9.59537 2.2
    endloop
  endfacet
  facet normal -0.997862 0.0653519 0
    outer loop
      vertex 90.4265 -9.59537 4.75
      vertex 90.4 -10 2.2
      vertex 90.4 -10 4.75
    endloop
  endfacet
  facet normal -0.0654059 0.997859 0
    outer loop
      vertex 93.5 -6.9 4
      vertex 93.0954 -6.92652 4.75
      vertex 93.5 -6.9 4.75
    endloop
  endfacet
  facet normal -0.0654059 0.997859 0
    outer loop
      vertex 93.0954 -6.92652 4.75
      vertex 93.5 -6.9 4
      vertex 93.0954 -6.92652 4
    endloop
  endfacet
  facet normal 0.0653568 -0.997862 0
    outer loop
      vertex 93.5 -13.1 2.2
      vertex 93.9046 -13.0735 4.75
      vertex 93.5 -13.1 4.75
    endloop
  endfacet
  facet normal 0.0653568 -0.997862 0
    outer loop
      vertex 93.9046 -13.0735 4.75
      vertex 93.5 -13.1 2.2
      vertex 93.9046 -13.0735 2.2
    endloop
  endfacet
  facet normal 0.659426 0.751769 -0
    outer loop
      vertex 95.692 -7.80797 2.2
      vertex 95.3872 -7.54061 4.75
      vertex 95.692 -7.80797 4.75
    endloop
  endfacet
  facet normal 0.659426 0.751769 0
    outer loop
      vertex 95.3872 -7.54061 4.75
      vertex 95.692 -7.80797 2.2
      vertex 95.3872 -7.54061 2.2
    endloop
  endfacet
  facet normal -0.659426 0.751769 0
    outer loop
      vertex 91.6128 -7.54061 2.2
      vertex 91.308 -7.80797 4.75
      vertex 91.6128 -7.54061 4.75
    endloop
  endfacet
  facet normal -0.659426 0.751769 0
    outer loop
      vertex 91.308 -7.80797 4.75
      vertex 91.6128 -7.54061 2.2
      vertex 91.308 -7.80797 2.2
    endloop
  endfacet
  facet normal -0.321416 0.946938 0
    outer loop
      vertex 92.6977 -7.00563 4
      vertex 92.3137 -7.13597 4.75
      vertex 92.6977 -7.00563 4.75
    endloop
  endfacet
  facet normal -0.321416 0.946938 0
    outer loop
      vertex 92.3137 -7.13597 4.75
      vertex 92.6977 -7.00563 4
      vertex 92.3137 -7.13597 4
    endloop
  endfacet
  facet normal 0.896919 0.442195 0
    outer loop
      vertex 96.364 -8.81368 4.75
      vertex 96.1847 -8.45 4
      vertex 96.1847 -8.45 4.75
    endloop
  endfacet
  facet normal 0.896919 0.442195 0
    outer loop
      vertex 96.1847 -8.45 4
      vertex 96.364 -8.81368 4.75
      vertex 96.364 -8.81368 4
    endloop
  endfacet
  facet normal 0.321416 0.946938 -0
    outer loop
      vertex 94.6863 -7.13597 4
      vertex 94.3023 -7.00563 4.75
      vertex 94.6863 -7.13597 4.75
    endloop
  endfacet
  facet normal 0.321416 0.946938 0
    outer loop
      vertex 94.3023 -7.00563 4.75
      vertex 94.6863 -7.13597 4
      vertex 94.3023 -7.00563 4
    endloop
  endfacet
  facet normal 0.195096 0.980784 -0
    outer loop
      vertex 94.3023 -7.00563 4
      vertex 93.9046 -6.92652 4.75
      vertex 94.3023 -7.00563 4.75
    endloop
  endfacet
  facet normal 0.195096 0.980784 0
    outer loop
      vertex 93.9046 -6.92652 4.75
      vertex 94.3023 -7.00563 4
      vertex 93.9046 -6.92652 4
    endloop
  endfacet
  facet normal 0.442275 0.89688 -0
    outer loop
      vertex 95.05 -7.31532 4
      vertex 94.6863 -7.13597 4.75
      vertex 95.05 -7.31532 4.75
    endloop
  endfacet
  facet normal 0.442275 0.89688 0
    outer loop
      vertex 94.6863 -7.13597 4.75
      vertex 95.05 -7.31532 4
      vertex 94.6863 -7.13597 4
    endloop
  endfacet
  facet normal -0.896919 0.442195 0
    outer loop
      vertex 90.636 -8.81368 2.2
      vertex 90.8153 -8.45 4.75
      vertex 90.8153 -8.45 2.2
    endloop
  endfacet
  facet normal -0.896919 0.442195 0
    outer loop
      vertex 90.8153 -8.45 4.75
      vertex 90.636 -8.81368 2.2
      vertex 90.636 -8.81368 4.75
    endloop
  endfacet
  facet normal -0.751796 0.659396 0
    outer loop
      vertex 91.0406 -8.11284 2.2
      vertex 91.308 -7.80797 4.75
      vertex 91.308 -7.80797 2.2
    endloop
  endfacet
  facet normal -0.751796 0.659396 0
    outer loop
      vertex 91.308 -7.80797 4.75
      vertex 91.0406 -8.11284 2.2
      vertex 91.0406 -8.11284 4.75
    endloop
  endfacet
  facet normal 0 0 1
    outer loop
      vertex 95.25 -10 4.75
      vertex 96.6 -10 4.75
      vertex 96.5735 -9.59537 4.75
    endloop
  endfacet
  facet normal 0 0 1
    outer loop
      vertex 95.235 -9.77158 4.75
      vertex 96.5735 -9.59537 4.75
      vertex 96.4944 -9.19766 4.75
    endloop
  endfacet
  facet normal 0 0 1
    outer loop
      vertex 96.6 -10 4.75
      vertex 95.25 -10 4.75
      vertex 96.5735 -10.4046 4.75
    endloop
  endfacet
  facet normal 0 0 1
    outer loop
      vertex 95.1904 -9.54707 4.75
      vertex 96.4944 -9.19766 4.75
      vertex 96.364 -8.81368 4.75
    endloop
  endfacet
  facet normal -0 0 1
    outer loop
      vertex 95.235 -10.2284 4.75
      vertex 96.5735 -10.4046 4.75
      vertex 95.25 -10 4.75
    endloop
  endfacet
  facet normal 0 0 1
    outer loop
      vertex 95.1168 -9.3303 4.75
      vertex 96.364 -8.81368 4.75
      vertex 96.1847 -8.45 4.75
    endloop
  endfacet
  facet normal 0 0 1
    outer loop
      vertex 96.5735 -10.4046 4.75
      vertex 95.235 -10.2284 4.75
      vertex 96.4944 -10.8023 4.75
    endloop
  endfacet
  facet normal 0 0 1
    outer loop
      vertex 95.0155 -9.125 4.75
      vertex 96.1847 -8.45 4.75
      vertex 95.9594 -8.11284 4.75
    endloop
  endfacet
  facet normal -0 0 1
    outer loop
      vertex 95.1904 -10.4529 4.75
      vertex 96.4944 -10.8023 4.75
      vertex 95.235 -10.2284 4.75
    endloop
  endfacet
  facet normal 0 0 1
    outer loop
      vertex 94.8884 -8.93467 4.75
      vertex 95.9594 -8.11284 4.75
      vertex 95.692 -7.80797 4.75
    endloop
  endfacet
  facet normal 0 0 1
    outer loop
      vertex 96.4944 -10.8023 4.75
      vertex 95.1904 -10.4529 4.75
      vertex 96.364 -11.1863 4.75
    endloop
  endfacet
  facet normal 0 0 1
    outer loop
      vertex 94.7374 -8.76256 4.75
      vertex 95.692 -7.80797 4.75
      vertex 95.3872 -7.54061 4.75
    endloop
  endfacet
  facet normal -0 0 1
    outer loop
      vertex 95.1168 -10.6697 4.75
      vertex 96.364 -11.1863 4.75
      vertex 95.1904 -10.4529 4.75
    endloop
  endfacet
  facet normal 0 0 1
    outer loop
      vertex 96.364 -11.1863 4.75
      vertex 95.1168 -10.6697 4.75
      vertex 96.1847 -11.55 4.75
    endloop
  endfacet
  facet normal 0 0 1
    outer loop
      vertex 96.5735 -9.59537 4.75
      vertex 95.235 -9.77158 4.75
      vertex 95.25 -10 4.75
    endloop
  endfacet
  facet normal 0 0 1
    outer loop
      vertex 96.4944 -9.19766 4.75
      vertex 95.1904 -9.54707 4.75
      vertex 95.235 -9.77158 4.75
    endloop
  endfacet
  facet normal 0 0 1
    outer loop
      vertex 96.364 -8.81368 4.75
      vertex 95.1168 -9.3303 4.75
      vertex 95.1904 -9.54707 4.75
    endloop
  endfacet
  facet normal 0 0 1
    outer loop
      vertex 94.5653 -8.61163 4.75
      vertex 95.3872 -7.54061 4.75
      vertex 95.05 -7.31532 4.75
    endloop
  endfacet
  facet normal 0 0 1
    outer loop
      vertex 96.1847 -8.45 4.75
      vertex 95.0155 -9.125 4.75
      vertex 95.1168 -9.3303 4.75
    endloop
  endfacet
  facet normal 0 0 1
    outer loop
      vertex 95.9594 -8.11284 4.75
      vertex 94.8884 -8.93467 4.75
      vertex 95.0155 -9.125 4.75
    endloop
  endfacet
  facet normal 0 0 1
    outer loop
      vertex 95.692 -7.80797 4.75
      vertex 94.7374 -8.76256 4.75
      vertex 94.8884 -8.93467 4.75
    endloop
  endfacet
  facet normal 0 0 1
    outer loop
      vertex 94.375 -8.48446 4.75
      vertex 95.05 -7.31532 4.75
      vertex 94.6863 -7.13597 4.75
    endloop
  endfacet
  facet normal 0 0 1
    outer loop
      vertex 95.3872 -7.54061 4.75
      vertex 94.5653 -8.61163 4.75
      vertex 94.7374 -8.76256 4.75
    endloop
  endfacet
  facet normal 0 0 1
    outer loop
      vertex 95.05 -7.31532 4.75
      vertex 94.375 -8.48446 4.75
      vertex 94.5653 -8.61163 4.75
    endloop
  endfacet
  facet normal 0 0 1
    outer loop
      vertex 94.1697 -8.38321 4.75
      vertex 94.6863 -7.13597 4.75
      vertex 94.3023 -7.00563 4.75
    endloop
  endfacet
  facet normal 0 0 1
    outer loop
      vertex 94.6863 -7.13597 4.75
      vertex 94.1697 -8.38321 4.75
      vertex 94.375 -8.48446 4.75
    endloop
  endfacet
  facet normal 0 0 1
    outer loop
      vertex 94.3023 -7.00563 4.75
      vertex 93.9529 -8.30963 4.75
      vertex 94.1697 -8.38321 4.75
    endloop
  endfacet
  facet normal 0 0 1
    outer loop
      vertex 93.9046 -6.92652 4.75
      vertex 93.9529 -8.30963 4.75
      vertex 94.3023 -7.00563 4.75
    endloop
  endfacet
  facet normal 0 0 1
    outer loop
      vertex 93.9046 -6.92652 4.75
      vertex 93.7284 -8.26497 4.75
      vertex 93.9529 -8.30963 4.75
    endloop
  endfacet
  facet normal 0 0 1
    outer loop
      vertex 93.5 -6.9 4.75
      vertex 93.7284 -8.26497 4.75
      vertex 93.9046 -6.92652 4.75
    endloop
  endfacet
  facet normal 0 0 1
    outer loop
      vertex 93.5 -6.9 4.75
      vertex 93.5 -8.25 4.75
      vertex 93.7284 -8.26497 4.75
    endloop
  endfacet
  facet normal 0 0 1
    outer loop
      vertex 93.5 -6.9 4.75
      vertex 93.2716 -8.26497 4.75
      vertex 93.5 -8.25 4.75
    endloop
  endfacet
  facet normal -0 0 1
    outer loop
      vertex 93.0954 -6.92652 4.75
      vertex 93.2716 -8.26497 4.75
      vertex 93.5 -6.9 4.75
    endloop
  endfacet
  facet normal 0 0 1
    outer loop
      vertex 93.0954 -6.92652 4.75
      vertex 93.0471 -8.30963 4.75
      vertex 93.2716 -8.26497 4.75
    endloop
  endfacet
  facet normal -0 0 1
    outer loop
      vertex 92.6977 -7.00563 4.75
      vertex 93.0471 -8.30963 4.75
      vertex 93.0954 -6.92652 4.75
    endloop
  endfacet
  facet normal 0 0 1
    outer loop
      vertex 93.0471 -8.30963 4.75
      vertex 92.6977 -7.00563 4.75
      vertex 92.8303 -8.38321 4.75
    endloop
  endfacet
  facet normal -0 0 1
    outer loop
      vertex 92.3137 -7.13597 4.75
      vertex 92.8303 -8.38321 4.75
      vertex 92.6977 -7.00563 4.75
    endloop
  endfacet
  facet normal 0 0 1
    outer loop
      vertex 92.8303 -8.38321 4.75
      vertex 92.3137 -7.13597 4.75
      vertex 92.625 -8.48446 4.75
    endloop
  endfacet
  facet normal -0 0 1
    outer loop
      vertex 91.95 -7.31532 4.75
      vertex 92.625 -8.48446 4.75
      vertex 92.3137 -7.13597 4.75
    endloop
  endfacet
  facet normal 0 0 1
    outer loop
      vertex 92.625 -8.48446 4.75
      vertex 91.95 -7.31532 4.75
      vertex 92.4347 -8.61163 4.75
    endloop
  endfacet
  facet normal -0 0 1
    outer loop
      vertex 91.6128 -7.54061 4.75
      vertex 92.4347 -8.61163 4.75
      vertex 91.95 -7.31532 4.75
    endloop
  endfacet
  facet normal 0 0 1
    outer loop
      vertex 92.4347 -8.61163 4.75
      vertex 91.6128 -7.54061 4.75
      vertex 92.2626 -8.76256 4.75
    endloop
  endfacet
  facet normal -0 0 1
    outer loop
      vertex 91.308 -7.80797 4.75
      vertex 92.2626 -8.76256 4.75
      vertex 91.6128 -7.54061 4.75
    endloop
  endfacet
  facet normal 0 0 1
    outer loop
      vertex 92.2626 -8.76256 4.75
      vertex 91.308 -7.80797 4.75
      vertex 92.1116 -8.93467 4.75
    endloop
  endfacet
  facet normal -0 0 1
    outer loop
      vertex 91.0406 -8.11284 4.75
      vertex 92.1116 -8.93467 4.75
      vertex 91.308 -7.80797 4.75
    endloop
  endfacet
  facet normal 0 0 1
    outer loop
      vertex 92.1116 -8.93467 4.75
      vertex 91.0406 -8.11284 4.75
      vertex 91.9845 -9.125 4.75
    endloop
  endfacet
  facet normal 0 0 1
    outer loop
      vertex 91.9845 -9.125 4.75
      vertex 90.8153 -8.45 4.75
      vertex 91.8832 -9.3303 4.75
    endloop
  endfacet
  facet normal -0 0 1
    outer loop
      vertex 90.8153 -8.45 4.75
      vertex 91.9845 -9.125 4.75
      vertex 91.0406 -8.11284 4.75
    endloop
  endfacet
  facet normal -0 0 1
    outer loop
      vertex 95.0155 -10.875 4.75
      vertex 96.1847 -11.55 4.75
      vertex 95.1168 -10.6697 4.75
    endloop
  endfacet
  facet normal 0 0 1
    outer loop
      vertex 96.1847 -11.55 4.75
      vertex 95.0155 -10.875 4.75
      vertex 95.9594 -11.8872 4.75
    endloop
  endfacet
  facet normal -0 0 1
    outer loop
      vertex 94.8884 -11.0653 4.75
      vertex 95.9594 -11.8872 4.75
      vertex 95.0155 -10.875 4.75
    endloop
  endfacet
  facet normal 0 0 1
    outer loop
      vertex 95.9594 -11.8872 4.75
      vertex 94.8884 -11.0653 4.75
      vertex 95.692 -12.192 4.75
    endloop
  endfacet
  facet normal -0 0 1
    outer loop
      vertex 94.7374 -11.2374 4.75
      vertex 95.692 -12.192 4.75
      vertex 94.8884 -11.0653 4.75
    endloop
  endfacet
  facet normal 0 0 1
    outer loop
      vertex 95.692 -12.192 4.75
      vertex 94.7374 -11.2374 4.75
      vertex 95.3872 -12.4594 4.75
    endloop
  endfacet
  facet normal -0 0 1
    outer loop
      vertex 94.5653 -11.3884 4.75
      vertex 95.3872 -12.4594 4.75
      vertex 94.7374 -11.2374 4.75
    endloop
  endfacet
  facet normal 0 0 1
    outer loop
      vertex 95.3872 -12.4594 4.75
      vertex 94.5653 -11.3884 4.75
      vertex 95.05 -12.6847 4.75
    endloop
  endfacet
  facet normal -0 0 1
    outer loop
      vertex 94.375 -11.5155 4.75
      vertex 95.05 -12.6847 4.75
      vertex 94.5653 -11.3884 4.75
    endloop
  endfacet
  facet normal 0 0 1
    outer loop
      vertex 95.05 -12.6847 4.75
      vertex 94.375 -11.5155 4.75
      vertex 94.6863 -12.864 4.75
    endloop
  endfacet
  facet normal -0 0 1
    outer loop
      vertex 94.1697 -11.6168 4.75
      vertex 94.6863 -12.864 4.75
      vertex 94.375 -11.5155 4.75
    endloop
  endfacet
  facet normal 0 0 1
    outer loop
      vertex 94.6863 -12.864 4.75
      vertex 94.1697 -11.6168 4.75
      vertex 94.3023 -12.9944 4.75
    endloop
  endfacet
  facet normal -0 0 1
    outer loop
      vertex 93.9529 -11.6904 4.75
      vertex 94.3023 -12.9944 4.75
      vertex 94.1697 -11.6168 4.75
    endloop
  endfacet
  facet normal 0 0 1
    outer loop
      vertex 93.9529 -11.6904 4.75
      vertex 93.9046 -13.0735 4.75
      vertex 94.3023 -12.9944 4.75
    endloop
  endfacet
  facet normal -0 0 1
    outer loop
      vertex 93.7284 -11.735 4.75
      vertex 93.9046 -13.0735 4.75
      vertex 93.9529 -11.6904 4.75
    endloop
  endfacet
  facet normal -0 0 1
    outer loop
      vertex 93.5 -11.75 4.75
      vertex 93.9046 -13.0735 4.75
      vertex 93.7284 -11.735 4.75
    endloop
  endfacet
  facet normal 0 0 1
    outer loop
      vertex 93.5 -11.75 4.75
      vertex 93.5 -13.1 4.75
      vertex 93.9046 -13.0735 4.75
    endloop
  endfacet
  facet normal 0 0 1
    outer loop
      vertex 93.2716 -11.735 4.75
      vertex 93.5 -13.1 4.75
      vertex 93.5 -11.75 4.75
    endloop
  endfacet
  facet normal 0 0 1
    outer loop
      vertex 93.2716 -11.735 4.75
      vertex 93.0954 -13.0735 4.75
      vertex 93.5 -13.1 4.75
    endloop
  endfacet
  facet normal 0 0 1
    outer loop
      vertex 93.0471 -11.6904 4.75
      vertex 93.0954 -13.0735 4.75
      vertex 93.2716 -11.735 4.75
    endloop
  endfacet
  facet normal 0 0 1
    outer loop
      vertex 92.6977 -12.9944 4.75
      vertex 93.0471 -11.6904 4.75
      vertex 92.8303 -11.6168 4.75
    endloop
  endfacet
  facet normal 0 0 1
    outer loop
      vertex 93.0471 -11.6904 4.75
      vertex 92.6977 -12.9944 4.75
      vertex 93.0954 -13.0735 4.75
    endloop
  endfacet
  facet normal 0 0 1
    outer loop
      vertex 92.3137 -12.864 4.75
      vertex 92.8303 -11.6168 4.75
      vertex 92.625 -11.5155 4.75
    endloop
  endfacet
  facet normal 0 0 1
    outer loop
      vertex 91.95 -12.6847 4.75
      vertex 92.625 -11.5155 4.75
      vertex 92.4347 -11.3884 4.75
    endloop
  endfacet
  facet normal 0 0 1
    outer loop
      vertex 92.8303 -11.6168 4.75
      vertex 92.3137 -12.864 4.75
      vertex 92.6977 -12.9944 4.75
    endloop
  endfacet
  facet normal 0 0 1
    outer loop
      vertex 91.6128 -12.4594 4.75
      vertex 92.4347 -11.3884 4.75
      vertex 92.2626 -11.2374 4.75
    endloop
  endfacet
  facet normal 0 0 1
    outer loop
      vertex 91.308 -12.192 4.75
      vertex 92.2626 -11.2374 4.75
      vertex 92.1116 -11.0653 4.75
    endloop
  endfacet
  facet normal 0 0 1
    outer loop
      vertex 91.0406 -11.8872 4.75
      vertex 92.1116 -11.0653 4.75
      vertex 91.9845 -10.875 4.75
    endloop
  endfacet
  facet normal 0 0 1
    outer loop
      vertex 92.625 -11.5155 4.75
      vertex 91.95 -12.6847 4.75
      vertex 92.3137 -12.864 4.75
    endloop
  endfacet
  facet normal 0 0 1
    outer loop
      vertex 90.8153 -11.55 4.75
      vertex 91.9845 -10.875 4.75
      vertex 91.8832 -10.6697 4.75
    endloop
  endfacet
  facet normal 0 0 1
    outer loop
      vertex 90.636 -11.1863 4.75
      vertex 91.8832 -10.6697 4.75
      vertex 91.8096 -10.4529 4.75
    endloop
  endfacet
  facet normal 0 0 1
    outer loop
      vertex 90.5056 -10.8023 4.75
      vertex 91.8096 -10.4529 4.75
      vertex 91.765 -10.2284 4.75
    endloop
  endfacet
  facet normal 0 0 1
    outer loop
      vertex 92.4347 -11.3884 4.75
      vertex 91.6128 -12.4594 4.75
      vertex 91.95 -12.6847 4.75
    endloop
  endfacet
  facet normal 0 0 1
    outer loop
      vertex 90.4265 -10.4046 4.75
      vertex 91.765 -10.2284 4.75
      vertex 91.75 -10 4.75
    endloop
  endfacet
  facet normal -0 0 1
    outer loop
      vertex 90.636 -8.81368 4.75
      vertex 91.8832 -9.3303 4.75
      vertex 90.8153 -8.45 4.75
    endloop
  endfacet
  facet normal 0 0 1
    outer loop
      vertex 91.8832 -9.3303 4.75
      vertex 90.636 -8.81368 4.75
      vertex 91.8096 -9.54707 4.75
    endloop
  endfacet
  facet normal 0 0 1
    outer loop
      vertex 92.2626 -11.2374 4.75
      vertex 91.308 -12.192 4.75
      vertex 91.6128 -12.4594 4.75
    endloop
  endfacet
  facet normal -0 0 1
    outer loop
      vertex 90.5056 -9.19766 4.75
      vertex 91.8096 -9.54707 4.75
      vertex 90.636 -8.81368 4.75
    endloop
  endfacet
  facet normal 0 0 1
    outer loop
      vertex 92.1116 -11.0653 4.75
      vertex 91.0406 -11.8872 4.75
      vertex 91.308 -12.192 4.75
    endloop
  endfacet
  facet normal 0 0 1
    outer loop
      vertex 91.8096 -9.54707 4.75
      vertex 90.5056 -9.19766 4.75
      vertex 91.765 -9.77158 4.75
    endloop
  endfacet
  facet normal 0 0 1
    outer loop
      vertex 91.9845 -10.875 4.75
      vertex 90.8153 -11.55 4.75
      vertex 91.0406 -11.8872 4.75
    endloop
  endfacet
  facet normal -0 0 1
    outer loop
      vertex 90.4265 -9.59537 4.75
      vertex 91.765 -9.77158 4.75
      vertex 90.5056 -9.19766 4.75
    endloop
  endfacet
  facet normal 0 0 1
    outer loop
      vertex 91.8832 -10.6697 4.75
      vertex 90.636 -11.1863 4.75
      vertex 90.8153 -11.55 4.75
    endloop
  endfacet
  facet normal 0 0 1
    outer loop
      vertex 91.765 -9.77158 4.75
      vertex 90.4265 -9.59537 4.75
      vertex 91.75 -10 4.75
    endloop
  endfacet
  facet normal 0 0 1
    outer loop
      vertex 91.8096 -10.4529 4.75
      vertex 90.5056 -10.8023 4.75
      vertex 90.636 -11.1863 4.75
    endloop
  endfacet
  facet normal 0 0 1
    outer loop
      vertex 90.4 -10 4.75
      vertex 91.75 -10 4.75
      vertex 90.4265 -9.59537 4.75
    endloop
  endfacet
  facet normal 0 0 1
    outer loop
      vertex 91.765 -10.2284 4.75
      vertex 90.4265 -10.4046 4.75
      vertex 90.5056 -10.8023 4.75
    endloop
  endfacet
  facet normal 0 0 1
    outer loop
      vertex 91.75 -10 4.75
      vertex 90.4 -10 4.75
      vertex 90.4265 -10.4046 4.75
    endloop
  endfacet
  facet normal -0.195096 0.980784 0
    outer loop
      vertex 93.0954 -6.92652 4
      vertex 92.6977 -7.00563 4.75
      vertex 93.0954 -6.92652 4.75
    endloop
  endfacet
  facet normal -0.195096 0.980784 0
    outer loop
      vertex 92.6977 -7.00563 4.75
      vertex 93.0954 -6.92652 4
      vertex 92.6977 -7.00563 4
    endloop
  endfacet
  facet normal 0.896928 -0.442176 0
    outer loop
      vertex 96.1847 -11.55 4.75
      vertex 96.364 -11.1863 4
      vertex 96.364 -11.1863 4.75
    endloop
  endfacet
  facet normal 0.896928 -0.442176 0
    outer loop
      vertex 96.364 -11.1863 4
      vertex 96.1847 -11.55 4.75
      vertex 96.1847 -11.55 4
    endloop
  endfacet
  facet normal 0.195073 -0.980789 0
    outer loop
      vertex 93.9046 -13.0735 2.2
      vertex 94.3023 -12.9944 4.75
      vertex 93.9046 -13.0735 4.75
    endloop
  endfacet
  facet normal 0.195073 -0.980789 0
    outer loop
      vertex 94.3023 -12.9944 4.75
      vertex 93.9046 -13.0735 2.2
      vertex 94.3023 -12.9944 2.2
    endloop
  endfacet
  facet normal 0.946888 0.321564 0
    outer loop
      vertex 96.4944 -9.19766 4.75
      vertex 96.364 -8.81368 4
      vertex 96.364 -8.81368 4.75
    endloop
  endfacet
  facet normal 0.946888 0.321564 0
    outer loop
      vertex 96.364 -8.81368 4
      vertex 96.4944 -9.19766 4.75
      vertex 96.4944 -9.19766 4
    endloop
  endfacet
  facet normal 0.98079 0.195068 0
    outer loop
      vertex 96.5735 -9.59537 4.75
      vertex 96.4944 -9.19766 4
      vertex 96.4944 -9.19766 4.75
    endloop
  endfacet
  facet normal 0.98079 0.195068 0
    outer loop
      vertex 96.4944 -9.19766 4
      vertex 96.5735 -9.59537 4.75
      vertex 96.5735 -9.59537 4
    endloop
  endfacet
  facet normal 0.751796 0.659396 0
    outer loop
      vertex 95.9594 -8.11284 4.75
      vertex 95.692 -7.80797 2.2
      vertex 95.692 -7.80797 4.75
    endloop
  endfacet
  facet normal 0.751796 0.659396 0
    outer loop
      vertex 95.692 -7.80797 2.2
      vertex 95.9594 -8.11284 4.75
      vertex 95.9594 -8.11284 2.2
    endloop
  endfacet
  facet normal 0.831306 0.555815 0
    outer loop
      vertex 95.9594 -8.11284 4.75
      vertex 96.0146 -8.1954 4
      vertex 95.9594 -8.11284 2.2
    endloop
  endfacet
  facet normal 0.83145 0.555599 3.44062e-05
    outer loop
      vertex 96.1847 -8.45 4.75
      vertex 96.0146 -8.1954 4
      vertex 95.9594 -8.11284 4.75
    endloop
  endfacet
  facet normal 0.831497 0.555529 0
    outer loop
      vertex 96.0146 -8.1954 4
      vertex 96.1847 -8.45 4.75
      vertex 96.1847 -8.45 4
    endloop
  endfacet
  facet normal 0.831306 0.555815 0
    outer loop
      vertex 95.9594 -8.11284 2.2
      vertex 96.0146 -8.1954 4
      vertex 96.0146 -8.1954 2.2
    endloop
  endfacet
  facet normal 0.0654059 0.997859 -0
    outer loop
      vertex 93.9046 -6.92652 4
      vertex 93.5 -6.9 4.75
      vertex 93.9046 -6.92652 4.75
    endloop
  endfacet
  facet normal 0.0654059 0.997859 0
    outer loop
      vertex 93.5 -6.9 4.75
      vertex 93.9046 -6.92652 4
      vertex 93.5 -6.9 4
    endloop
  endfacet
  facet normal 0.555536 0.831492 -1.85105e-05
    outer loop
      vertex 95.3872 -7.54061 4.75
      vertex 95.3046 -7.48544 4
      vertex 95.05 -7.31532 4.75
    endloop
  endfacet
  facet normal 0.55542 0.83157 -0
    outer loop
      vertex 95.3872 -7.54061 2.2
      vertex 95.3046 -7.48544 4
      vertex 95.3872 -7.54061 4.75
    endloop
  endfacet
  facet normal 0.55542 0.83157 0
    outer loop
      vertex 95.3046 -7.48544 4
      vertex 95.3872 -7.54061 2.2
      vertex 95.3046 -7.48544 2.2
    endloop
  endfacet
  facet normal 0.555574 0.831467 0
    outer loop
      vertex 95.05 -7.31532 4.75
      vertex 95.3046 -7.48544 4
      vertex 95.05 -7.31532 4
    endloop
  endfacet
  facet normal -0.83145 0.555599 0
    outer loop
      vertex 90.8153 -8.45 2.2
      vertex 91.0406 -8.11284 4.75
      vertex 91.0406 -8.11284 2.2
    endloop
  endfacet
  facet normal -0.83145 0.555599 0
    outer loop
      vertex 91.0406 -8.11284 4.75
      vertex 90.8153 -8.45 2.2
      vertex 90.8153 -8.45 4.75
    endloop
  endfacet
  facet normal -0.946888 0.321564 0
    outer loop
      vertex 90.5056 -9.19766 2.2
      vertex 90.636 -8.81368 4.75
      vertex 90.636 -8.81368 2.2
    endloop
  endfacet
  facet normal -0.946888 0.321564 0
    outer loop
      vertex 90.636 -8.81368 4.75
      vertex 90.5056 -9.19766 2.2
      vertex 90.5056 -9.19766 4.75
    endloop
  endfacet
  facet normal -0.98079 0.195068 0
    outer loop
      vertex 90.4265 -9.59537 2.2
      vertex 90.5056 -9.19766 4.75
      vertex 90.5056 -9.19766 2.2
    endloop
  endfacet
  facet normal -0.98079 0.195068 0
    outer loop
      vertex 90.5056 -9.19766 4.75
      vertex 90.4265 -9.59537 2.2
      vertex 90.4265 -9.59537 4.75
    endloop
  endfacet
  facet normal -0.442275 0.89688 0
    outer loop
      vertex 92.3137 -7.13597 4
      vertex 91.95 -7.31532 4.75
      vertex 92.3137 -7.13597 4.75
    endloop
  endfacet
  facet normal -0.442275 0.89688 0
    outer loop
      vertex 91.95 -7.31532 4.75
      vertex 92.3137 -7.13597 4
      vertex 91.95 -7.31532 4
    endloop
  endfacet
  facet normal -0.555562 0.831475 0
    outer loop
      vertex 91.7185 -7.47 4
      vertex 91.95 -7.31532 4.75
      vertex 91.95 -7.31532 4
    endloop
  endfacet
  facet normal -0.555536 0.831492 -1.13792e-05
    outer loop
      vertex 91.95 -7.31532 4.75
      vertex 91.7185 -7.47 4
      vertex 91.6128 -7.54061 4.75
    endloop
  endfacet
  facet normal -0.555481 0.83153 0
    outer loop
      vertex 91.6128 -7.54061 2.2
      vertex 91.7185 -7.47 4
      vertex 91.7185 -7.47 2.2
    endloop
  endfacet
  facet normal -0.555481 0.83153 0
    outer loop
      vertex 91.7185 -7.47 4
      vertex 91.6128 -7.54061 2.2
      vertex 91.6128 -7.54061 4.75
    endloop
  endfacet
  facet normal 0.555553 -0.831481 0
    outer loop
      vertex 95.05 -12.6847 2.2
      vertex 95.3872 -12.4594 4.75
      vertex 95.05 -12.6847 4.75
    endloop
  endfacet
  facet normal 0.555553 -0.831481 0
    outer loop
      vertex 95.3872 -12.4594 4.75
      vertex 95.05 -12.6847 2.2
      vertex 95.3872 -12.4594 2.2
    endloop
  endfacet
  facet normal 0.751721 -0.659482 0
    outer loop
      vertex 95.692 -12.192 4.75
      vertex 95.9594 -11.8872 2.2
      vertex 95.9594 -11.8872 4.75
    endloop
  endfacet
  facet normal 0.751721 -0.659482 0
    outer loop
      vertex 95.9594 -11.8872 2.2
      vertex 95.692 -12.192 4.75
      vertex 95.692 -12.192 2.2
    endloop
  endfacet
  facet normal 0.946893 -0.321549 0
    outer loop
      vertex 96.364 -11.1863 4.75
      vertex 96.4944 -10.8023 4
      vertex 96.4944 -10.8023 4.75
    endloop
  endfacet
  facet normal 0.946893 -0.321549 0
    outer loop
      vertex 96.4944 -10.8023 4
      vertex 96.364 -11.1863 4.75
      vertex 96.364 -11.1863 4
    endloop
  endfacet
  facet normal 0.980789 -0.195073 0
    outer loop
      vertex 96.4944 -10.8023 4.75
      vertex 96.5735 -10.4046 4
      vertex 96.5735 -10.4046 4.75
    endloop
  endfacet
  facet normal 0.980789 -0.195073 0
    outer loop
      vertex 96.5735 -10.4046 4
      vertex 96.4944 -10.8023 4.75
      vertex 96.4944 -10.8023 4
    endloop
  endfacet
  facet normal -0.659482 -0.751721 0
    outer loop
      vertex 91.308 -12.192 2.2
      vertex 91.6128 -12.4594 4.75
      vertex 91.308 -12.192 4.75
    endloop
  endfacet
  facet normal -0.659482 -0.751721 -0
    outer loop
      vertex 91.6128 -12.4594 4.75
      vertex 91.308 -12.192 2.2
      vertex 91.6128 -12.4594 2.2
    endloop
  endfacet
  facet normal -0.896928 -0.442176 0
    outer loop
      vertex 90.8153 -11.55 2.2
      vertex 90.636 -11.1863 4.75
      vertex 90.636 -11.1863 2.2
    endloop
  endfacet
  facet normal -0.896928 -0.442176 0
    outer loop
      vertex 90.636 -11.1863 4.75
      vertex 90.8153 -11.55 2.2
      vertex 90.8153 -11.55 4.75
    endloop
  endfacet
  facet normal -0.751721 -0.659482 0
    outer loop
      vertex 91.308 -12.192 2.2
      vertex 91.0406 -11.8872 4.75
      vertex 91.0406 -11.8872 2.2
    endloop
  endfacet
  facet normal -0.751721 -0.659482 0
    outer loop
      vertex 91.0406 -11.8872 4.75
      vertex 91.308 -12.192 2.2
      vertex 91.308 -12.192 4.75
    endloop
  endfacet
  facet normal -0.997862 -0.0653568 0
    outer loop
      vertex 90.4265 -10.4046 2.2
      vertex 90.4 -10 4.75
      vertex 90.4 -10 2.2
    endloop
  endfacet
  facet normal -0.997862 -0.0653568 0
    outer loop
      vertex 90.4 -10 4.75
      vertex 90.4265 -10.4046 2.2
      vertex 90.4265 -10.4046 4.75
    endloop
  endfacet
  facet normal 0.831442 -0.555612 0
    outer loop
      vertex 96.1847 -11.55 4.75
      vertex 96.03 -11.7815 4
      vertex 96.1847 -11.55 4
    endloop
  endfacet
  facet normal 0.831481 -0.555553 -2.59406e-05
    outer loop
      vertex 95.9594 -11.8872 4.75
      vertex 96.03 -11.7815 4
      vertex 96.1847 -11.55 4.75
    endloop
  endfacet
  facet normal 0.831566 -0.555426 0
    outer loop
      vertex 95.9594 -11.8872 2.2
      vertex 96.03 -11.7815 4
      vertex 95.9594 -11.8872 4.75
    endloop
  endfacet
  facet normal 0.831566 -0.555426 0
    outer loop
      vertex 96.03 -11.7815 4
      vertex 95.9594 -11.8872 2.2
      vertex 96.03 -11.7815 2.2
    endloop
  endfacet
  facet normal 0.997862 -0.0653568 0
    outer loop
      vertex 96.5735 -10.4046 4.75
      vertex 96.6 -10 4
      vertex 96.6 -10 4.75
    endloop
  endfacet
  facet normal 0.997862 -0.0653568 0
    outer loop
      vertex 96.6 -10 4
      vertex 96.5735 -10.4046 4.75
      vertex 96.5735 -10.4046 4
    endloop
  endfacet
  facet normal -0.980789 -0.195073 0
    outer loop
      vertex 90.5056 -10.8023 2.2
      vertex 90.4265 -10.4046 4.75
      vertex 90.4265 -10.4046 2.2
    endloop
  endfacet
  facet normal -0.980789 -0.195073 0
    outer loop
      vertex 90.4265 -10.4046 4.75
      vertex 90.5056 -10.8023 2.2
      vertex 90.5056 -10.8023 4.75
    endloop
  endfacet
  facet normal -0.946893 -0.321549 0
    outer loop
      vertex 90.636 -11.1863 2.2
      vertex 90.5056 -10.8023 4.75
      vertex 90.5056 -10.8023 2.2
    endloop
  endfacet
  facet normal -0.946893 -0.321549 0
    outer loop
      vertex 90.5056 -10.8023 4.75
      vertex 90.636 -11.1863 2.2
      vertex 90.636 -11.1863 4.75
    endloop
  endfacet
  facet normal 0.442176 -0.896928 0
    outer loop
      vertex 94.6863 -12.864 2.2
      vertex 95.05 -12.6847 4.75
      vertex 94.6863 -12.864 4.75
    endloop
  endfacet
  facet normal 0.442176 -0.896928 0
    outer loop
      vertex 95.05 -12.6847 4.75
      vertex 94.6863 -12.864 2.2
      vertex 95.05 -12.6847 2.2
    endloop
  endfacet
  facet normal 0.321549 -0.946893 0
    outer loop
      vertex 94.3023 -12.9944 2.2
      vertex 94.6863 -12.864 4.75
      vertex 94.3023 -12.9944 4.75
    endloop
  endfacet
  facet normal 0.321549 -0.946893 0
    outer loop
      vertex 94.6863 -12.864 4.75
      vertex 94.3023 -12.9944 2.2
      vertex 94.6863 -12.864 2.2
    endloop
  endfacet
  facet normal 0.659482 -0.751721 0
    outer loop
      vertex 95.3872 -12.4594 2.2
      vertex 95.692 -12.192 4.75
      vertex 95.3872 -12.4594 4.75
    endloop
  endfacet
  facet normal 0.659482 -0.751721 0
    outer loop
      vertex 95.692 -12.192 4.75
      vertex 95.3872 -12.4594 2.2
      vertex 95.692 -12.192 2.2
    endloop
  endfacet
  facet normal -0.321549 -0.946893 0
    outer loop
      vertex 92.3137 -12.864 2.2
      vertex 92.6977 -12.9944 4.75
      vertex 92.3137 -12.864 4.75
    endloop
  endfacet
  facet normal -0.321549 -0.946893 -0
    outer loop
      vertex 92.6977 -12.9944 4.75
      vertex 92.3137 -12.864 2.2
      vertex 92.6977 -12.9944 2.2
    endloop
  endfacet
  facet normal -0.0653568 -0.997862 0
    outer loop
      vertex 93.0954 -13.0735 2.2
      vertex 93.5 -13.1 4.75
      vertex 93.0954 -13.0735 4.75
    endloop
  endfacet
  facet normal -0.0653568 -0.997862 -0
    outer loop
      vertex 93.5 -13.1 4.75
      vertex 93.0954 -13.0735 2.2
      vertex 93.5 -13.1 2.2
    endloop
  endfacet
  facet normal -0.555553 -0.831481 0
    outer loop
      vertex 91.6128 -12.4594 2.2
      vertex 91.95 -12.6847 4.75
      vertex 91.6128 -12.4594 4.75
    endloop
  endfacet
  facet normal -0.555553 -0.831481 -0
    outer loop
      vertex 91.95 -12.6847 4.75
      vertex 91.6128 -12.4594 2.2
      vertex 91.95 -12.6847 2.2
    endloop
  endfacet
  facet normal -0.831481 -0.555553 0
    outer loop
      vertex 91.0406 -11.8872 2.2
      vertex 90.8153 -11.55 4.75
      vertex 90.8153 -11.55 2.2
    endloop
  endfacet
  facet normal -0.831481 -0.555553 0
    outer loop
      vertex 90.8153 -11.55 4.75
      vertex 91.0406 -11.8872 2.2
      vertex 91.0406 -11.8872 4.75
    endloop
  endfacet
  facet normal -0.195073 -0.980789 0
    outer loop
      vertex 92.6977 -12.9944 2.2
      vertex 93.0954 -13.0735 4.75
      vertex 92.6977 -12.9944 4.75
    endloop
  endfacet
  facet normal -0.195073 -0.980789 -0
    outer loop
      vertex 93.0954 -13.0735 4.75
      vertex 92.6977 -12.9944 2.2
      vertex 93.0954 -13.0735 2.2
    endloop
  endfacet
  facet normal -0.442176 -0.896928 0
    outer loop
      vertex 91.95 -12.6847 2.2
      vertex 92.3137 -12.864 4.75
      vertex 91.95 -12.6847 4.75
    endloop
  endfacet
  facet normal -0.442176 -0.896928 -0
    outer loop
      vertex 92.3137 -12.864 4.75
      vertex 91.95 -12.6847 2.2
      vertex 92.3137 -12.864 2.2
    endloop
  endfacet
  facet normal -0.997851 -0.0655274 0
    outer loop
      vertex 95.25 -10 2.2
      vertex 95.235 -9.77158 4.75
      vertex 95.235 -9.77158 2.2
    endloop
  endfacet
  facet normal -0.997851 -0.0655274 0
    outer loop
      vertex 95.235 -9.77158 4.75
      vertex 95.25 -10 2.2
      vertex 95.25 -10 4.75
    endloop
  endfacet
  facet normal 0.997851 -0.0655274 0
    outer loop
      vertex 91.75 -10 4.75
      vertex 91.765 -9.77158 2.2
      vertex 91.765 -9.77158 4.75
    endloop
  endfacet
  facet normal 0.997851 -0.0655274 0
    outer loop
      vertex 91.765 -9.77158 2.2
      vertex 91.75 -10 4.75
      vertex 91.75 -10 2.2
    endloop
  endfacet
  facet normal -0.0654026 -0.997859 0
    outer loop
      vertex 93.5 -8.25 2.2
      vertex 93.7284 -8.26497 4.75
      vertex 93.5 -8.25 4.75
    endloop
  endfacet
  facet normal -0.0654026 -0.997859 -0
    outer loop
      vertex 93.7284 -8.26497 4.75
      vertex 93.5 -8.25 2.2
      vertex 93.7284 -8.26497 2.2
    endloop
  endfacet
  facet normal -0.659352 -0.751835 0
    outer loop
      vertex 94.5653 -8.61163 2.2
      vertex 94.7374 -8.76256 4.75
      vertex 94.5653 -8.61163 4.75
    endloop
  endfacet
  facet normal -0.659352 -0.751835 -0
    outer loop
      vertex 94.7374 -8.76256 4.75
      vertex 94.5653 -8.61163 2.2
      vertex 94.7374 -8.76256 2.2
    endloop
  endfacet
  facet normal 0.659352 -0.751835 0
    outer loop
      vertex 92.2626 -8.76256 2.2
      vertex 92.4347 -8.61163 4.75
      vertex 92.2626 -8.76256 4.75
    endloop
  endfacet
  facet normal 0.659352 -0.751835 0
    outer loop
      vertex 92.4347 -8.61163 4.75
      vertex 92.2626 -8.76256 2.2
      vertex 92.4347 -8.61163 2.2
    endloop
  endfacet
  facet normal 0.321386 -0.946948 0
    outer loop
      vertex 92.8303 -8.38321 2.2
      vertex 93.0471 -8.30963 4.75
      vertex 92.8303 -8.38321 4.75
    endloop
  endfacet
  facet normal 0.321386 -0.946948 0
    outer loop
      vertex 93.0471 -8.30963 4.75
      vertex 92.8303 -8.38321 2.2
      vertex 93.0471 -8.30963 2.2
    endloop
  endfacet
  facet normal 0.980832 0.194856 0
    outer loop
      vertex 91.8096 -10.4529 4.75
      vertex 91.765 -10.2284 2.2
      vertex 91.765 -10.2284 4.75
    endloop
  endfacet
  facet normal 0.980832 0.194856 0
    outer loop
      vertex 91.765 -10.2284 2.2
      vertex 91.8096 -10.4529 4.75
      vertex 91.8096 -10.4529 2.2
    endloop
  endfacet
  facet normal -0.896774 -0.44249 0
    outer loop
      vertex 95.1168 -9.3303 2.2
      vertex 95.0155 -9.125 4.75
      vertex 95.0155 -9.125 2.2
    endloop
  endfacet
  facet normal -0.896774 -0.44249 0
    outer loop
      vertex 95.0155 -9.125 4.75
      vertex 95.1168 -9.3303 2.2
      vertex 95.1168 -9.3303 4.75
    endloop
  endfacet
  facet normal -0.83162 -0.555345 0
    outer loop
      vertex 95.0155 -9.125 2.2
      vertex 94.8884 -8.93467 4.75
      vertex 94.8884 -8.93467 2.2
    endloop
  endfacet
  facet normal -0.83162 -0.555345 0
    outer loop
      vertex 94.8884 -8.93467 4.75
      vertex 95.0155 -9.125 2.2
      vertex 95.0155 -9.125 4.75
    endloop
  endfacet
  facet normal -0.442314 -0.89686 0
    outer loop
      vertex 94.1697 -8.38321 2.2
      vertex 94.375 -8.48446 4.75
      vertex 94.1697 -8.38321 4.75
    endloop
  endfacet
  facet normal -0.442314 -0.89686 -0
    outer loop
      vertex 94.375 -8.48446 4.75
      vertex 94.1697 -8.38321 2.2
      vertex 94.375 -8.48446 2.2
    endloop
  endfacet
  facet normal -0.555617 -0.831438 0
    outer loop
      vertex 94.375 -8.48446 2.2
      vertex 94.5653 -8.61163 4.75
      vertex 94.375 -8.48446 4.75
    endloop
  endfacet
  facet normal -0.555617 -0.831438 -0
    outer loop
      vertex 94.5653 -8.61163 4.75
      vertex 94.375 -8.48446 2.2
      vertex 94.5653 -8.61163 2.2
    endloop
  endfacet
  facet normal 0.896774 -0.44249 0
    outer loop
      vertex 91.8832 -9.3303 4.75
      vertex 91.9845 -9.125 2.2
      vertex 91.9845 -9.125 4.75
    endloop
  endfacet
  facet normal 0.896774 -0.44249 0
    outer loop
      vertex 91.9845 -9.125 2.2
      vertex 91.8832 -9.3303 4.75
      vertex 91.8832 -9.3303 2.2
    endloop
  endfacet
  facet normal 0.83162 -0.555345 0
    outer loop
      vertex 91.9845 -9.125 4.75
      vertex 92.1116 -8.93467 2.2
      vertex 92.1116 -8.93467 4.75
    endloop
  endfacet
  facet normal 0.83162 -0.555345 0
    outer loop
      vertex 92.1116 -8.93467 2.2
      vertex 91.9845 -9.125 4.75
      vertex 91.9845 -9.125 2.2
    endloop
  endfacet
  facet normal 0.442314 -0.89686 0
    outer loop
      vertex 92.625 -8.48446 2.2
      vertex 92.8303 -8.38321 4.75
      vertex 92.625 -8.48446 4.75
    endloop
  endfacet
  facet normal 0.442314 -0.89686 0
    outer loop
      vertex 92.8303 -8.38321 4.75
      vertex 92.625 -8.48446 2.2
      vertex 92.8303 -8.38321 2.2
    endloop
  endfacet
  facet normal 0.0654026 -0.997859 0
    outer loop
      vertex 93.2716 -8.26497 2.2
      vertex 93.5 -8.25 4.75
      vertex 93.2716 -8.26497 4.75
    endloop
  endfacet
  facet normal 0.0654026 -0.997859 0
    outer loop
      vertex 93.5 -8.25 4.75
      vertex 93.2716 -8.26497 2.2
      vertex 93.5 -8.25 2.2
    endloop
  endfacet
  facet normal -0.946922 0.321464 0
    outer loop
      vertex 95.1168 -10.6697 2.2
      vertex 95.1904 -10.4529 4.75
      vertex 95.1904 -10.4529 2.2
    endloop
  endfacet
  facet normal -0.946922 0.321464 0
    outer loop
      vertex 95.1904 -10.4529 4.75
      vertex 95.1168 -10.6697 2.2
      vertex 95.1168 -10.6697 4.75
    endloop
  endfacet
  facet normal -0.194856 0.980832 0
    outer loop
      vertex 93.9529 -11.6904 2.2
      vertex 93.7284 -11.735 4.75
      vertex 93.9529 -11.6904 4.75
    endloop
  endfacet
  facet normal -0.194856 0.980832 0
    outer loop
      vertex 93.7284 -11.735 4.75
      vertex 93.9529 -11.6904 2.2
      vertex 93.7284 -11.735 2.2
    endloop
  endfacet
  facet normal -0.0655331 0.99785 0
    outer loop
      vertex 93.7284 -11.735 2.2
      vertex 93.5 -11.75 4.75
      vertex 93.7284 -11.735 4.75
    endloop
  endfacet
  facet normal -0.0655331 0.99785 0
    outer loop
      vertex 93.5 -11.75 4.75
      vertex 93.7284 -11.735 2.2
      vertex 93.5 -11.75 2.2
    endloop
  endfacet
  facet normal -0.751683 0.659524 0
    outer loop
      vertex 94.7374 -11.2374 2.2
      vertex 94.8884 -11.0653 4.75
      vertex 94.8884 -11.0653 2.2
    endloop
  endfacet
  facet normal -0.751683 0.659524 0
    outer loop
      vertex 94.8884 -11.0653 4.75
      vertex 94.7374 -11.2374 2.2
      vertex 94.7374 -11.2374 4.75
    endloop
  endfacet
  facet normal -0.896774 0.44249 0
    outer loop
      vertex 95.0155 -10.875 2.2
      vertex 95.1168 -10.6697 4.75
      vertex 95.1168 -10.6697 2.2
    endloop
  endfacet
  facet normal -0.896774 0.44249 0
    outer loop
      vertex 95.1168 -10.6697 4.75
      vertex 95.0155 -10.875 2.2
      vertex 95.0155 -10.875 4.75
    endloop
  endfacet
  facet normal 0.321464 0.946922 -0
    outer loop
      vertex 93.0471 -11.6904 2.2
      vertex 92.8303 -11.6168 4.75
      vertex 93.0471 -11.6904 4.75
    endloop
  endfacet
  facet normal 0.321464 0.946922 0
    outer loop
      vertex 92.8303 -11.6168 4.75
      vertex 93.0471 -11.6904 2.2
      vertex 92.8303 -11.6168 2.2
    endloop
  endfacet
  facet normal 0.896774 0.44249 0
    outer loop
      vertex 91.9845 -10.875 4.75
      vertex 91.8832 -10.6697 2.2
      vertex 91.8832 -10.6697 4.75
    endloop
  endfacet
  facet normal 0.896774 0.44249 0
    outer loop
      vertex 91.8832 -10.6697 2.2
      vertex 91.9845 -10.875 4.75
      vertex 91.9845 -10.875 2.2
    endloop
  endfacet
  facet normal 0.831579 0.555406 0
    outer loop
      vertex 92.1116 -11.0653 4.75
      vertex 91.9845 -10.875 2.2
      vertex 91.9845 -10.875 4.75
    endloop
  endfacet
  facet normal 0.831579 0.555406 0
    outer loop
      vertex 91.9845 -10.875 2.2
      vertex 92.1116 -11.0653 4.75
      vertex 92.1116 -11.0653 2.2
    endloop
  endfacet
  facet normal 0.99785 0.0655331 0
    outer loop
      vertex 91.765 -10.2284 4.75
      vertex 91.75 -10 2.2
      vertex 91.75 -10 4.75
    endloop
  endfacet
  facet normal 0.99785 0.0655331 0
    outer loop
      vertex 91.75 -10 2.2
      vertex 91.765 -10.2284 4.75
      vertex 91.765 -10.2284 2.2
    endloop
  endfacet
  facet normal -0.946908 -0.321504 0
    outer loop
      vertex 95.1904 -9.54707 2.2
      vertex 95.1168 -9.3303 4.75
      vertex 95.1168 -9.3303 2.2
    endloop
  endfacet
  facet normal -0.946908 -0.321504 0
    outer loop
      vertex 95.1168 -9.3303 4.75
      vertex 95.1904 -9.54707 2.2
      vertex 95.1904 -9.54707 4.75
    endloop
  endfacet
  facet normal -0.980834 -0.194847 0
    outer loop
      vertex 95.235 -9.77158 2.2
      vertex 95.1904 -9.54707 4.75
      vertex 95.1904 -9.54707 2.2
    endloop
  endfacet
  facet normal -0.980834 -0.194847 0
    outer loop
      vertex 95.1904 -9.54707 4.75
      vertex 95.235 -9.77158 2.2
      vertex 95.235 -9.77158 4.75
    endloop
  endfacet
  facet normal -0.321386 -0.946948 0
    outer loop
      vertex 93.9529 -8.30963 2.2
      vertex 94.1697 -8.38321 4.75
      vertex 93.9529 -8.30963 4.75
    endloop
  endfacet
  facet normal -0.321386 -0.946948 -0
    outer loop
      vertex 94.1697 -8.38321 4.75
      vertex 93.9529 -8.30963 2.2
      vertex 94.1697 -8.38321 2.2
    endloop
  endfacet
  facet normal -0.195108 -0.980782 0
    outer loop
      vertex 93.7284 -8.26497 2.2
      vertex 93.9529 -8.30963 4.75
      vertex 93.7284 -8.26497 4.75
    endloop
  endfacet
  facet normal -0.195108 -0.980782 -0
    outer loop
      vertex 93.9529 -8.30963 4.75
      vertex 93.7284 -8.26497 2.2
      vertex 93.9529 -8.30963 2.2
    endloop
  endfacet
  facet normal 0.980834 -0.194847 0
    outer loop
      vertex 91.765 -9.77158 4.75
      vertex 91.8096 -9.54707 2.2
      vertex 91.8096 -9.54707 4.75
    endloop
  endfacet
  facet normal 0.980834 -0.194847 0
    outer loop
      vertex 91.8096 -9.54707 2.2
      vertex 91.765 -9.77158 4.75
      vertex 91.765 -9.77158 2.2
    endloop
  endfacet
  facet normal 0.555617 -0.831438 0
    outer loop
      vertex 92.4347 -8.61163 2.2
      vertex 92.625 -8.48446 4.75
      vertex 92.4347 -8.61163 4.75
    endloop
  endfacet
  facet normal 0.555617 -0.831438 0
    outer loop
      vertex 92.625 -8.48446 4.75
      vertex 92.4347 -8.61163 2.2
      vertex 92.625 -8.48446 2.2
    endloop
  endfacet
  facet normal 0.195108 -0.980782 0
    outer loop
      vertex 93.0471 -8.30963 2.2
      vertex 93.2716 -8.26497 4.75
      vertex 93.0471 -8.30963 4.75
    endloop
  endfacet
  facet normal 0.195108 -0.980782 0
    outer loop
      vertex 93.2716 -8.26497 4.75
      vertex 93.0471 -8.30963 2.2
      vertex 93.2716 -8.26497 2.2
    endloop
  endfacet
  facet normal -0.44249 0.896774 0
    outer loop
      vertex 94.375 -11.5155 2.2
      vertex 94.1697 -11.6168 4.75
      vertex 94.375 -11.5155 4.75
    endloop
  endfacet
  facet normal -0.44249 0.896774 0
    outer loop
      vertex 94.1697 -11.6168 4.75
      vertex 94.375 -11.5155 2.2
      vertex 94.1697 -11.6168 2.2
    endloop
  endfacet
  facet normal -0.659524 0.751683 0
    outer loop
      vertex 94.7374 -11.2374 2.2
      vertex 94.5653 -11.3884 4.75
      vertex 94.7374 -11.2374 4.75
    endloop
  endfacet
  facet normal -0.659524 0.751683 0
    outer loop
      vertex 94.5653 -11.3884 4.75
      vertex 94.7374 -11.2374 2.2
      vertex 94.5653 -11.3884 2.2
    endloop
  endfacet
  facet normal -0.555406 0.831579 0
    outer loop
      vertex 94.5653 -11.3884 2.2
      vertex 94.375 -11.5155 4.75
      vertex 94.5653 -11.3884 4.75
    endloop
  endfacet
  facet normal -0.555406 0.831579 0
    outer loop
      vertex 94.375 -11.5155 4.75
      vertex 94.5653 -11.3884 2.2
      vertex 94.375 -11.5155 2.2
    endloop
  endfacet
  facet normal -0.831579 0.555406 0
    outer loop
      vertex 94.8884 -11.0653 2.2
      vertex 95.0155 -10.875 4.75
      vertex 95.0155 -10.875 2.2
    endloop
  endfacet
  facet normal -0.831579 0.555406 0
    outer loop
      vertex 95.0155 -10.875 4.75
      vertex 94.8884 -11.0653 2.2
      vertex 94.8884 -11.0653 4.75
    endloop
  endfacet
  facet normal 0.555406 0.831579 -0
    outer loop
      vertex 92.625 -11.5155 2.2
      vertex 92.4347 -11.3884 4.75
      vertex 92.625 -11.5155 4.75
    endloop
  endfacet
  facet normal 0.555406 0.831579 0
    outer loop
      vertex 92.4347 -11.3884 4.75
      vertex 92.625 -11.5155 2.2
      vertex 92.4347 -11.3884 2.2
    endloop
  endfacet
  facet normal 0.659524 0.751683 -0
    outer loop
      vertex 92.4347 -11.3884 2.2
      vertex 92.2626 -11.2374 4.75
      vertex 92.4347 -11.3884 4.75
    endloop
  endfacet
  facet normal 0.659524 0.751683 0
    outer loop
      vertex 92.2626 -11.2374 4.75
      vertex 92.4347 -11.3884 2.2
      vertex 92.2626 -11.2374 2.2
    endloop
  endfacet
  facet normal 0.44249 0.896774 -0
    outer loop
      vertex 92.8303 -11.6168 2.2
      vertex 92.625 -11.5155 4.75
      vertex 92.8303 -11.6168 4.75
    endloop
  endfacet
  facet normal 0.44249 0.896774 0
    outer loop
      vertex 92.625 -11.5155 4.75
      vertex 92.8303 -11.6168 2.2
      vertex 92.625 -11.5155 2.2
    endloop
  endfacet
  facet normal 0.0655331 0.99785 -0
    outer loop
      vertex 93.5 -11.75 2.2
      vertex 93.2716 -11.735 4.75
      vertex 93.5 -11.75 4.75
    endloop
  endfacet
  facet normal 0.0655331 0.99785 0
    outer loop
      vertex 93.2716 -11.735 4.75
      vertex 93.5 -11.75 2.2
      vertex 93.2716 -11.735 2.2
    endloop
  endfacet
  facet normal 0.751683 0.659524 0
    outer loop
      vertex 92.2626 -11.2374 4.75
      vertex 92.1116 -11.0653 2.2
      vertex 92.1116 -11.0653 4.75
    endloop
  endfacet
  facet normal 0.751683 0.659524 0
    outer loop
      vertex 92.1116 -11.0653 2.2
      vertex 92.2626 -11.2374 4.75
      vertex 92.2626 -11.2374 2.2
    endloop
  endfacet
  facet normal -0.751702 -0.659503 0
    outer loop
      vertex 94.8884 -8.93467 2.2
      vertex 94.7374 -8.76256 4.75
      vertex 94.7374 -8.76256 2.2
    endloop
  endfacet
  facet normal -0.751702 -0.659503 0
    outer loop
      vertex 94.7374 -8.76256 4.75
      vertex 94.8884 -8.93467 2.2
      vertex 94.8884 -8.93467 4.75
    endloop
  endfacet
  facet normal 0.751702 -0.659503 0
    outer loop
      vertex 92.1116 -8.93467 4.75
      vertex 92.2626 -8.76256 2.2
      vertex 92.2626 -8.76256 4.75
    endloop
  endfacet
  facet normal 0.751702 -0.659503 0
    outer loop
      vertex 92.2626 -8.76256 2.2
      vertex 92.1116 -8.93467 4.75
      vertex 92.1116 -8.93467 2.2
    endloop
  endfacet
  facet normal 0.946908 -0.321504 0
    outer loop
      vertex 91.8096 -9.54707 4.75
      vertex 91.8832 -9.3303 2.2
      vertex 91.8832 -9.3303 4.75
    endloop
  endfacet
  facet normal 0.946908 -0.321504 0
    outer loop
      vertex 91.8832 -9.3303 2.2
      vertex 91.8096 -9.54707 4.75
      vertex 91.8096 -9.54707 2.2
    endloop
  endfacet
  facet normal -0.321464 0.946922 0
    outer loop
      vertex 94.1697 -11.6168 2.2
      vertex 93.9529 -11.6904 4.75
      vertex 94.1697 -11.6168 4.75
    endloop
  endfacet
  facet normal -0.321464 0.946922 0
    outer loop
      vertex 93.9529 -11.6904 4.75
      vertex 94.1697 -11.6168 2.2
      vertex 93.9529 -11.6904 2.2
    endloop
  endfacet
  facet normal -0.980832 0.194856 0
    outer loop
      vertex 95.1904 -10.4529 2.2
      vertex 95.235 -10.2284 4.75
      vertex 95.235 -10.2284 2.2
    endloop
  endfacet
  facet normal -0.980832 0.194856 0
    outer loop
      vertex 95.235 -10.2284 4.75
      vertex 95.1904 -10.4529 2.2
      vertex 95.1904 -10.4529 4.75
    endloop
  endfacet
  facet normal 0.194856 0.980832 -0
    outer loop
      vertex 93.2716 -11.735 2.2
      vertex 93.0471 -11.6904 4.75
      vertex 93.2716 -11.735 4.75
    endloop
  endfacet
  facet normal 0.194856 0.980832 0
    outer loop
      vertex 93.0471 -11.6904 4.75
      vertex 93.2716 -11.735 2.2
      vertex 93.0471 -11.6904 2.2
    endloop
  endfacet
  facet normal 0.946922 0.321464 0
    outer loop
      vertex 91.8832 -10.6697 4.75
      vertex 91.8096 -10.4529 2.2
      vertex 91.8096 -10.4529 4.75
    endloop
  endfacet
  facet normal 0.946922 0.321464 0
    outer loop
      vertex 91.8096 -10.4529 2.2
      vertex 91.8832 -10.6697 4.75
      vertex 91.8832 -10.6697 2.2
    endloop
  endfacet
  facet normal -0.99785 0.0655331 0
    outer loop
      vertex 95.235 -10.2284 2.2
      vertex 95.25 -10 4.75
      vertex 95.25 -10 2.2
    endloop
  endfacet
  facet normal -0.99785 0.0655331 0
    outer loop
      vertex 95.25 -10 4.75
      vertex 95.235 -10.2284 2.2
      vertex 95.235 -10.2284 4.75
    endloop
  endfacet
  facet normal 0 0 1
    outer loop
      vertex 4.61284 -99.4594 2.2
      vertex 4.62224 -99.5 2.2
      vertex 4.6954 -99.5146 2.2
    endloop
  endfacet
  facet normal 0 0 1
    outer loop
      vertex 4.61284 -99.4594 2.2
      vertex 4.51324 -99.463 2.2
      vertex 4.62224 -99.5 2.2
    endloop
  endfacet
  facet normal 0 0 1
    outer loop
      vertex 4.61284 -99.4594 2.2
      vertex 4.41 -99.4121 2.2
      vertex 4.51324 -99.463 2.2
    endloop
  endfacet
  facet normal 0 0 1
    outer loop
      vertex 4.30797 -99.192 2.2
      vertex 4.41 -99.4121 2.2
      vertex 4.61284 -99.4594 2.2
    endloop
  endfacet
  facet normal 0 0 1
    outer loop
      vertex 4.41 -99.4121 2.2
      vertex 4.30797 -99.192 2.2
      vertex 4.3143 -99.3481 2.2
    endloop
  endfacet
  facet normal 0 0 1
    outer loop
      vertex 4.30797 -99.192 2.2
      vertex 4.22775 -99.2722 2.2
      vertex 4.3143 -99.3481 2.2
    endloop
  endfacet
  facet normal 0 0 1
    outer loop
      vertex 4.30797 -99.192 2.2
      vertex 4.15186 -99.1857 2.2
      vertex 4.22775 -99.2722 2.2
    endloop
  endfacet
  facet normal 0 0 1
    outer loop
      vertex 4.30797 -99.192 2.2
      vertex 4.08791 -99.09 2.2
      vertex 4.15186 -99.1857 2.2
    endloop
  endfacet
  facet normal 0 0 1
    outer loop
      vertex 4.04061 -98.8872 2.2
      vertex 4.08791 -99.09 2.2
      vertex 4.30797 -99.192 2.2
    endloop
  endfacet
  facet normal 0 0 1
    outer loop
      vertex 4.04061 -98.8872 2.2
      vertex 4.03699 -98.9868 2.2
      vertex 4.08791 -99.09 2.2
    endloop
  endfacet
  facet normal 0 0 1
    outer loop
      vertex 4.04061 -98.8872 2.2
      vertex 3.99998 -98.8778 2.2
      vertex 4.03699 -98.9868 2.2
    endloop
  endfacet
  facet normal -0 -0 1
    outer loop
      vertex 3.99998 -98.8778 2.2
      vertex 4.04061 -98.8872 2.2
      vertex 3.98544 -98.8046 2.2
    endloop
  endfacet
  facet normal -0 0 1
    outer loop
      vertex 4.62224 -7.49998 2.2
      vertex 4.61284 -7.54061 2.2
      vertex 4.6954 -7.48544 2.2
    endloop
  endfacet
  facet normal -0 0 1
    outer loop
      vertex 4.51324 -7.53699 2.2
      vertex 4.61284 -7.54061 2.2
      vertex 4.62224 -7.49998 2.2
    endloop
  endfacet
  facet normal 0 0 1
    outer loop
      vertex 4.41 -7.58791 2.2
      vertex 4.61284 -7.54061 2.2
      vertex 4.51324 -7.53699 2.2
    endloop
  endfacet
  facet normal 0 0 1
    outer loop
      vertex 4.30797 -7.80797 2.2
      vertex 4.41 -7.58791 2.2
      vertex 4.3143 -7.65186 2.2
    endloop
  endfacet
  facet normal -0 0 1
    outer loop
      vertex 4.41 -7.58791 2.2
      vertex 4.30797 -7.80797 2.2
      vertex 4.61284 -7.54061 2.2
    endloop
  endfacet
  facet normal -0 0 1
    outer loop
      vertex 4.22775 -7.72775 2.2
      vertex 4.30797 -7.80797 2.2
      vertex 4.3143 -7.65186 2.2
    endloop
  endfacet
  facet normal 0 0 1
    outer loop
      vertex 4.15186 -7.8143 2.2
      vertex 4.30797 -7.80797 2.2
      vertex 4.22775 -7.72775 2.2
    endloop
  endfacet
  facet normal 0 0 1
    outer loop
      vertex 4.08791 -7.91 2.2
      vertex 4.30797 -7.80797 2.2
      vertex 4.15186 -7.8143 2.2
    endloop
  endfacet
  facet normal -0 0 1
    outer loop
      vertex 4.08791 -7.91 2.2
      vertex 4.04061 -8.11284 2.2
      vertex 4.30797 -7.80797 2.2
    endloop
  endfacet
  facet normal -0 0 1
    outer loop
      vertex 4.03699 -8.01324 2.2
      vertex 4.04061 -8.11284 2.2
      vertex 4.08791 -7.91 2.2
    endloop
  endfacet
  facet normal 0 0 1
    outer loop
      vertex 3.99998 -8.12224 2.2
      vertex 4.04061 -8.11284 2.2
      vertex 4.03699 -8.01324 2.2
    endloop
  endfacet
  facet normal 0 0 1
    outer loop
      vertex 4.04061 -8.11284 2.2
      vertex 3.99998 -8.12224 2.2
      vertex 3.98544 -8.1954 2.2
    endloop
  endfacet
  facet normal 0 0 1
    outer loop
      vertex 95.9594 -98.8872 2.2
      vertex 96 -98.8778 2.2
      vertex 96.0146 -98.8046 2.2
    endloop
  endfacet
  facet normal 0 0 1
    outer loop
      vertex 96 -98.8778 2.2
      vertex 95.9594 -98.8872 2.2
      vertex 95.963 -98.9868 2.2
    endloop
  endfacet
  facet normal 0 0 1
    outer loop
      vertex 95.9594 -98.8872 2.2
      vertex 95.9121 -99.09 2.2
      vertex 95.963 -98.9868 2.2
    endloop
  endfacet
  facet normal 0 0 1
    outer loop
      vertex 95.692 -99.192 2.2
      vertex 95.9121 -99.09 2.2
      vertex 95.9594 -98.8872 2.2
    endloop
  endfacet
  facet normal 0 0 1
    outer loop
      vertex 95.9121 -99.09 2.2
      vertex 95.692 -99.192 2.2
      vertex 95.8481 -99.1857 2.2
    endloop
  endfacet
  facet normal 0 0 1
    outer loop
      vertex 95.8481 -99.1857 2.2
      vertex 95.692 -99.192 2.2
      vertex 95.7722 -99.2722 2.2
    endloop
  endfacet
  facet normal 0 0 1
    outer loop
      vertex 95.692 -99.192 2.2
      vertex 95.6857 -99.3481 2.2
      vertex 95.7722 -99.2722 2.2
    endloop
  endfacet
  facet normal 0 0 1
    outer loop
      vertex 95.692 -99.192 2.2
      vertex 95.59 -99.4121 2.2
      vertex 95.6857 -99.3481 2.2
    endloop
  endfacet
  facet normal 0 0 1
    outer loop
      vertex 95.3872 -99.4594 2.2
      vertex 95.59 -99.4121 2.2
      vertex 95.692 -99.192 2.2
    endloop
  endfacet
  facet normal 0 0 1
    outer loop
      vertex 95.59 -99.4121 2.2
      vertex 95.3872 -99.4594 2.2
      vertex 95.4868 -99.463 2.2
    endloop
  endfacet
  facet normal 0 0 1
    outer loop
      vertex 95.3872 -99.4594 2.2
      vertex 95.3778 -99.5 2.2
      vertex 95.4868 -99.463 2.2
    endloop
  endfacet
  facet normal 0 -0 1
    outer loop
      vertex 95.3778 -99.5 2.2
      vertex 95.3872 -99.4594 2.2
      vertex 95.3046 -99.5146 2.2
    endloop
  endfacet
  facet normal -0 0 1
    outer loop
      vertex 95.9594 -8.11284 2.2
      vertex 96 -8.12224 2.2
      vertex 95.963 -8.01324 2.2
    endloop
  endfacet
  facet normal 0 0 1
    outer loop
      vertex 96 -8.12224 2.2
      vertex 95.9594 -8.11284 2.2
      vertex 96.0146 -8.1954 2.2
    endloop
  endfacet
  facet normal 0 0 1
    outer loop
      vertex 95.9121 -7.91 2.2
      vertex 95.9594 -8.11284 2.2
      vertex 95.963 -8.01324 2.2
    endloop
  endfacet
  facet normal 0 0 1
    outer loop
      vertex 95.692 -7.80797 2.2
      vertex 95.9121 -7.91 2.2
      vertex 95.8481 -7.8143 2.2
    endloop
  endfacet
  facet normal -0 0 1
    outer loop
      vertex 95.692 -7.80797 2.2
      vertex 95.8481 -7.8143 2.2
      vertex 95.7722 -7.72775 2.2
    endloop
  endfacet
  facet normal 0 0 1
    outer loop
      vertex 95.9121 -7.91 2.2
      vertex 95.692 -7.80797 2.2
      vertex 95.9594 -8.11284 2.2
    endloop
  endfacet
  facet normal 0 0 1
    outer loop
      vertex 95.6857 -7.65186 2.2
      vertex 95.692 -7.80797 2.2
      vertex 95.7722 -7.72775 2.2
    endloop
  endfacet
  facet normal 0 0 1
    outer loop
      vertex 95.59 -7.58791 2.2
      vertex 95.692 -7.80797 2.2
      vertex 95.6857 -7.65186 2.2
    endloop
  endfacet
  facet normal -0 0 1
    outer loop
      vertex 95.3872 -7.54061 2.2
      vertex 95.59 -7.58791 2.2
      vertex 95.4868 -7.53699 2.2
    endloop
  endfacet
  facet normal 0 0 1
    outer loop
      vertex 95.59 -7.58791 2.2
      vertex 95.3872 -7.54061 2.2
      vertex 95.692 -7.80797 2.2
    endloop
  endfacet
  facet normal 0 0 1
    outer loop
      vertex 95.3778 -7.49998 2.2
      vertex 95.3872 -7.54061 2.2
      vertex 95.4868 -7.53699 2.2
    endloop
  endfacet
  facet normal 0 0 1
    outer loop
      vertex 95.3872 -7.54061 2.2
      vertex 95.3778 -7.49998 2.2
      vertex 95.3046 -7.48544 2.2
    endloop
  endfacet
  facet normal 0 0 1
    outer loop
      vertex 31.7912 -74.4863 2.2
      vertex 9.57348 -96.5954 2.2
      vertex 9.6 -97 2.2
    endloop
  endfacet
  facet normal 0 0 1
    outer loop
      vertex 21.4 -72.9 2.2
      vertex 9.49437 -96.1977 2.2
      vertex 9.57348 -96.5954 2.2
    endloop
  endfacet
  facet normal 0 0 1
    outer loop
      vertex 21.4 -72.9 2.2
      vertex 9.36403 -95.8137 2.2
      vertex 9.49437 -96.1977 2.2
    endloop
  endfacet
  facet normal 0 0 1
    outer loop
      vertex 21.4 -72.9 2.2
      vertex 9.18468 -95.45 2.2
      vertex 9.36403 -95.8137 2.2
    endloop
  endfacet
  facet normal 0 0 1
    outer loop
      vertex 21.4 -72.9 2.2
      vertex 8.95939 -95.1128 2.2
      vertex 9.18468 -95.45 2.2
    endloop
  endfacet
  facet normal 0 0 1
    outer loop
      vertex 21.4 -72.9 2.2
      vertex 8.69203 -94.808 2.2
      vertex 8.95939 -95.1128 2.2
    endloop
  endfacet
  facet normal 0 0 1
    outer loop
      vertex 21.4 -72.9 2.2
      vertex 8.38716 -94.5406 2.2
      vertex 8.69203 -94.808 2.2
    endloop
  endfacet
  facet normal 0 0 1
    outer loop
      vertex 21.4 -72.9 2.2
      vertex 8.05 -94.3153 2.2
      vertex 8.38716 -94.5406 2.2
    endloop
  endfacet
  facet normal 0 0 1
    outer loop
      vertex 21.4 -72.9 2.2
      vertex 7.68632 -94.136 2.2
      vertex 8.05 -94.3153 2.2
    endloop
  endfacet
  facet normal 0 0 1
    outer loop
      vertex 21.4 -72.9 2.2
      vertex 7.30234 -94.0056 2.2
      vertex 7.68632 -94.136 2.2
    endloop
  endfacet
  facet normal 0 0 1
    outer loop
      vertex 21.4 -72.9 2.2
      vertex 6.90463 -93.9265 2.2
      vertex 7.30234 -94.0056 2.2
    endloop
  endfacet
  facet normal 0 -0 1
    outer loop
      vertex 5.31368 -94.136 2.2
      vertex 21.4 -72.9 2.2
      vertex 3.97 -43.72 2.2
    endloop
  endfacet
  facet normal 0 0 1
    outer loop
      vertex 21.4 -72.9 2.2
      vertex 6.5 -93.9 2.2
      vertex 6.90463 -93.9265 2.2
    endloop
  endfacet
  facet normal 0 0 1
    outer loop
      vertex 21.4 -72.9 2.2
      vertex 6.09537 -93.9265 2.2
      vertex 6.5 -93.9 2.2
    endloop
  endfacet
  facet normal 0 0 1
    outer loop
      vertex 21.4 -72.9 2.2
      vertex 5.69766 -94.0056 2.2
      vertex 6.09537 -93.9265 2.2
    endloop
  endfacet
  facet normal 0 0 1
    outer loop
      vertex 21.4 -72.9 2.2
      vertex 5.31368 -94.136 2.2
      vertex 5.69766 -94.0056 2.2
    endloop
  endfacet
  facet normal 0 0 1
    outer loop
      vertex 5.31368 -94.136 2.2
      vertex 3.97 -43.72 2.2
      vertex 4.95 -94.3153 2.2
    endloop
  endfacet
  facet normal 0 0 1
    outer loop
      vertex 4.95 -94.3153 2.2
      vertex 3.97 -43.72 2.2
      vertex 4.61284 -94.5406 2.2
    endloop
  endfacet
  facet normal 0 0 1
    outer loop
      vertex 4.61284 -94.5406 2.2
      vertex 3.97 -43.72 2.2
      vertex 4.30797 -94.808 2.2
    endloop
  endfacet
  facet normal 0 0 1
    outer loop
      vertex 4.30797 -94.808 2.2
      vertex 3.97 -43.72 2.2
      vertex 4.04061 -95.1128 2.2
    endloop
  endfacet
  facet normal 0 0 1
    outer loop
      vertex 4.04061 -95.1128 2.2
      vertex 3.97 -43.72 2.2
      vertex 3.97 -95.2185 2.2
    endloop
  endfacet
  facet normal -0 0 1
    outer loop
      vertex 3.97 -29.33 2.2
      vertex 15.545 -32.72 2.2
      vertex 15.545 -29.33 2.2
    endloop
  endfacet
  facet normal 0 0 1
    outer loop
      vertex 15.545 -32.72 2.2
      vertex 3.97 -29.33 2.2
      vertex 3.97 -32.72 2.2
    endloop
  endfacet
  facet normal -0 0 1
    outer loop
      vertex 77.974 -74.1694 2.2
      vertex 91.95 -94.3153 2.2
      vertex 78.1314 -74.0314 2.2
    endloop
  endfacet
  facet normal 0 0 1
    outer loop
      vertex 68 -32.5 2.2
      vertex 90.4 -10 2.2
      vertex 90.4265 -9.59537 2.2
    endloop
  endfacet
  facet normal 0 0 1
    outer loop
      vertex 59.2088 -32.5137 2.2
      vertex 90.4265 -9.59537 2.2
      vertex 90.5056 -9.19766 2.2
    endloop
  endfacet
  facet normal 0 0 1
    outer loop
      vertex 59 -32.5 2.2
      vertex 90.5056 -9.19766 2.2
      vertex 90.636 -8.81368 2.2
    endloop
  endfacet
  facet normal 0 0 1
    outer loop
      vertex 90.4265 -10.4046 2.2
      vertex 78.5863 -33.8912 2.2
      vertex 78.6 -34.1 2.2
    endloop
  endfacet
  facet normal 0 0 1
    outer loop
      vertex 90.4265 -10.4046 2.2
      vertex 78.5455 -33.6859 2.2
      vertex 78.5863 -33.8912 2.2
    endloop
  endfacet
  facet normal 0 0 1
    outer loop
      vertex 90.4265 -10.4046 2.2
      vertex 78.4782 -33.4877 2.2
      vertex 78.5455 -33.6859 2.2
    endloop
  endfacet
  facet normal 0 0 1
    outer loop
      vertex 90.4265 -10.4046 2.2
      vertex 78.3856 -33.3 2.2
      vertex 78.4782 -33.4877 2.2
    endloop
  endfacet
  facet normal 0 0 1
    outer loop
      vertex 50 -32.5 2.2
      vertex 90.636 -8.81368 2.2
      vertex 90.8153 -8.45 2.2
    endloop
  endfacet
  facet normal 0 0 1
    outer loop
      vertex 90.4265 -10.4046 2.2
      vertex 78.2694 -33.126 2.2
      vertex 78.3856 -33.3 2.2
    endloop
  endfacet
  facet normal 0 0 1
    outer loop
      vertex 90.4265 -10.4046 2.2
      vertex 78.1314 -32.9686 2.2
      vertex 78.2694 -33.126 2.2
    endloop
  endfacet
  facet normal 0 0 1
    outer loop
      vertex 90.4265 -10.4046 2.2
      vertex 77.974 -32.8306 2.2
      vertex 78.1314 -32.9686 2.2
    endloop
  endfacet
  facet normal 0 0 1
    outer loop
      vertex 90.4265 -10.4046 2.2
      vertex 77.8 -32.7144 2.2
      vertex 77.974 -32.8306 2.2
    endloop
  endfacet
  facet normal 0 0 1
    outer loop
      vertex 90.4265 -10.4046 2.2
      vertex 77.6123 -32.6218 2.2
      vertex 77.8 -32.7144 2.2
    endloop
  endfacet
  facet normal 0 0 1
    outer loop
      vertex 90.4265 -10.4046 2.2
      vertex 77.4141 -32.5545 2.2
      vertex 77.6123 -32.6218 2.2
    endloop
  endfacet
  facet normal 0 0 1
    outer loop
      vertex 90.4265 -10.4046 2.2
      vertex 77.2088 -32.5137 2.2
      vertex 77.4141 -32.5545 2.2
    endloop
  endfacet
  facet normal 0 0 1
    outer loop
      vertex 90.4265 -10.4046 2.2
      vertex 77 -32.5 2.2
      vertex 77.2088 -32.5137 2.2
    endloop
  endfacet
  facet normal 0 0 1
    outer loop
      vertex 90.4265 -10.4046 2.2
      vertex 76.7912 -32.5137 2.2
      vertex 77 -32.5 2.2
    endloop
  endfacet
  facet normal 0 0 1
    outer loop
      vertex 90.4265 -10.4046 2.2
      vertex 76.5859 -32.5545 2.2
      vertex 76.7912 -32.5137 2.2
    endloop
  endfacet
  facet normal 0 0 1
    outer loop
      vertex 90.4265 -10.4046 2.2
      vertex 68.4141 -32.5545 2.2
      vertex 76.5859 -32.5545 2.2
    endloop
  endfacet
  facet normal 0 0 1
    outer loop
      vertex 76.5859 -32.5545 2.2
      vertex 68.4141 -32.5545 2.2
      vertex 76.3877 -32.6218 2.2
    endloop
  endfacet
  facet normal 0 -0 1
    outer loop
      vertex 68.6123 -32.6218 2.2
      vertex 76.3877 -32.6218 2.2
      vertex 68.4141 -32.5545 2.2
    endloop
  endfacet
  facet normal 0 0 1
    outer loop
      vertex 76.3877 -32.6218 2.2
      vertex 68.6123 -32.6218 2.2
      vertex 76.2 -32.7144 2.2
    endloop
  endfacet
  facet normal 0 -0 1
    outer loop
      vertex 68.8 -32.7144 2.2
      vertex 76.2 -32.7144 2.2
      vertex 68.6123 -32.6218 2.2
    endloop
  endfacet
  facet normal 0 0 1
    outer loop
      vertex 76.2 -32.7144 2.2
      vertex 68.8 -32.7144 2.2
      vertex 76.026 -32.8306 2.2
    endloop
  endfacet
  facet normal 0 0 1
    outer loop
      vertex 75.4 -34.1 2.2
      vertex 69.6 -34.1 2.2
      vertex 75.4 -72.9 2.2
    endloop
  endfacet
  facet normal 0 0 1
    outer loop
      vertex 75.4137 -33.8912 2.2
      vertex 69.6 -34.1 2.2
      vertex 75.4 -34.1 2.2
    endloop
  endfacet
  facet normal 0 0 1
    outer loop
      vertex 69.5863 -33.8912 2.2
      vertex 75.4137 -33.8912 2.2
      vertex 75.4545 -33.6859 2.2
    endloop
  endfacet
  facet normal 0 0 1
    outer loop
      vertex 69.5455 -33.6859 2.2
      vertex 75.4545 -33.6859 2.2
      vertex 75.5218 -33.4877 2.2
    endloop
  endfacet
  facet normal 0 0 1
    outer loop
      vertex 69.4782 -33.4877 2.2
      vertex 75.5218 -33.4877 2.2
      vertex 75.6144 -33.3 2.2
    endloop
  endfacet
  facet normal 0 -0 1
    outer loop
      vertex 68.974 -32.8306 2.2
      vertex 76.026 -32.8306 2.2
      vertex 68.8 -32.7144 2.2
    endloop
  endfacet
  facet normal 0 0 1
    outer loop
      vertex 9.18468 -8.45 2.2
      vertex 90.8153 -8.45 2.2
      vertex 91.0406 -8.11284 2.2
    endloop
  endfacet
  facet normal 0 0 1
    outer loop
      vertex 75.4137 -33.8912 2.2
      vertex 69.5863 -33.8912 2.2
      vertex 69.6 -34.1 2.2
    endloop
  endfacet
  facet normal 0 0 1
    outer loop
      vertex 75.4545 -33.6859 2.2
      vertex 69.5455 -33.6859 2.2
      vertex 69.5863 -33.8912 2.2
    endloop
  endfacet
  facet normal 0 0 1
    outer loop
      vertex 75.5218 -33.4877 2.2
      vertex 69.4782 -33.4877 2.2
      vertex 69.5455 -33.6859 2.2
    endloop
  endfacet
  facet normal 0 0 1
    outer loop
      vertex 75.6144 -33.3 2.2
      vertex 69.3856 -33.3 2.2
      vertex 69.4782 -33.4877 2.2
    endloop
  endfacet
  facet normal 0 0 1
    outer loop
      vertex 75.6144 -33.3 2.2
      vertex 69.2694 -33.126 2.2
      vertex 69.3856 -33.3 2.2
    endloop
  endfacet
  facet normal 0 0 1
    outer loop
      vertex 75.7306 -33.126 2.2
      vertex 69.2694 -33.126 2.2
      vertex 75.6144 -33.3 2.2
    endloop
  endfacet
  facet normal 0 0 1
    outer loop
      vertex 8.95939 -8.11284 2.2
      vertex 91.0406 -8.11284 2.2
      vertex 91.308 -7.80797 2.2
    endloop
  endfacet
  facet normal 0 -0 1
    outer loop
      vertex 69.2694 -33.126 2.2
      vertex 75.7306 -33.126 2.2
      vertex 69.1314 -32.9686 2.2
    endloop
  endfacet
  facet normal 0 0 1
    outer loop
      vertex 75.8686 -32.9686 2.2
      vertex 69.1314 -32.9686 2.2
      vertex 75.7306 -33.126 2.2
    endloop
  endfacet
  facet normal 0 -0 1
    outer loop
      vertex 69.1314 -32.9686 2.2
      vertex 75.8686 -32.9686 2.2
      vertex 68.974 -32.8306 2.2
    endloop
  endfacet
  facet normal 0 0 1
    outer loop
      vertex 76.026 -32.8306 2.2
      vertex 68.974 -32.8306 2.2
      vertex 75.8686 -32.9686 2.2
    endloop
  endfacet
  facet normal 0 0 1
    outer loop
      vertex 90.4265 -10.4046 2.2
      vertex 68.2088 -32.5137 2.2
      vertex 68.4141 -32.5545 2.2
    endloop
  endfacet
  facet normal 0 0 1
    outer loop
      vertex 90.4 -10 2.2
      vertex 68 -32.5 2.2
      vertex 68.2088 -32.5137 2.2
    endloop
  endfacet
  facet normal 0 0 1
    outer loop
      vertex 90.4265 -9.59537 2.2
      vertex 67.7912 -32.5137 2.2
      vertex 68 -32.5 2.2
    endloop
  endfacet
  facet normal 0 0 1
    outer loop
      vertex 90.4265 -9.59537 2.2
      vertex 59.2088 -32.5137 2.2
      vertex 67.7912 -32.5137 2.2
    endloop
  endfacet
  facet normal 0 0 1
    outer loop
      vertex 67.7912 -32.5137 2.2
      vertex 59.2088 -32.5137 2.2
      vertex 67.5859 -32.5545 2.2
    endloop
  endfacet
  facet normal 0 -0 1
    outer loop
      vertex 59.4141 -32.5545 2.2
      vertex 67.5859 -32.5545 2.2
      vertex 59.2088 -32.5137 2.2
    endloop
  endfacet
  facet normal 0 0 1
    outer loop
      vertex 67.5859 -32.5545 2.2
      vertex 59.4141 -32.5545 2.2
      vertex 67.3877 -32.6218 2.2
    endloop
  endfacet
  facet normal 0 -0 1
    outer loop
      vertex 59.6123 -32.6218 2.2
      vertex 67.3877 -32.6218 2.2
      vertex 59.4141 -32.5545 2.2
    endloop
  endfacet
  facet normal 0 0 1
    outer loop
      vertex 66.4 -34.1 2.2
      vertex 60.6 -34.1 2.2
      vertex 66.4 -72.9 2.2
    endloop
  endfacet
  facet normal 0 0 1
    outer loop
      vertex 66.4137 -33.8912 2.2
      vertex 60.6 -34.1 2.2
      vertex 66.4 -34.1 2.2
    endloop
  endfacet
  facet normal 0 0 1
    outer loop
      vertex 60.5863 -33.8912 2.2
      vertex 66.4137 -33.8912 2.2
      vertex 66.4545 -33.6859 2.2
    endloop
  endfacet
  facet normal 0 0 1
    outer loop
      vertex 60.5455 -33.6859 2.2
      vertex 66.4545 -33.6859 2.2
      vertex 66.5218 -33.4877 2.2
    endloop
  endfacet
  facet normal 0 0 1
    outer loop
      vertex 60.4782 -33.4877 2.2
      vertex 66.5218 -33.4877 2.2
      vertex 66.6144 -33.3 2.2
    endloop
  endfacet
  facet normal 0 0 1
    outer loop
      vertex 60.3856 -33.3 2.2
      vertex 66.6144 -33.3 2.2
      vertex 66.7306 -33.126 2.2
    endloop
  endfacet
  facet normal 0 0 1
    outer loop
      vertex 60.2694 -33.126 2.2
      vertex 66.7306 -33.126 2.2
      vertex 66.8686 -32.9686 2.2
    endloop
  endfacet
  facet normal 0 -0 1
    outer loop
      vertex 59.8 -32.7144 2.2
      vertex 67.2 -32.7144 2.2
      vertex 59.6123 -32.6218 2.2
    endloop
  endfacet
  facet normal 0 0 1
    outer loop
      vertex 8.69203 -7.80797 2.2
      vertex 91.308 -7.80797 2.2
      vertex 91.6128 -7.54061 2.2
    endloop
  endfacet
  facet normal 0 0 1
    outer loop
      vertex 66.4137 -33.8912 2.2
      vertex 60.5863 -33.8912 2.2
      vertex 60.6 -34.1 2.2
    endloop
  endfacet
  facet normal 0 0 1
    outer loop
      vertex 66.4545 -33.6859 2.2
      vertex 60.5455 -33.6859 2.2
      vertex 60.5863 -33.8912 2.2
    endloop
  endfacet
  facet normal 0 0 1
    outer loop
      vertex 66.5218 -33.4877 2.2
      vertex 60.4782 -33.4877 2.2
      vertex 60.5455 -33.6859 2.2
    endloop
  endfacet
  facet normal 0 0 1
    outer loop
      vertex 66.6144 -33.3 2.2
      vertex 60.3856 -33.3 2.2
      vertex 60.4782 -33.4877 2.2
    endloop
  endfacet
  facet normal 0 0 1
    outer loop
      vertex 66.7306 -33.126 2.2
      vertex 60.2694 -33.126 2.2
      vertex 60.3856 -33.3 2.2
    endloop
  endfacet
  facet normal 0 0 1
    outer loop
      vertex 66.8686 -32.9686 2.2
      vertex 60.1314 -32.9686 2.2
      vertex 60.2694 -33.126 2.2
    endloop
  endfacet
  facet normal 0 0 1
    outer loop
      vertex 66.8686 -32.9686 2.2
      vertex 59.974 -32.8306 2.2
      vertex 60.1314 -32.9686 2.2
    endloop
  endfacet
  facet normal 0 0 1
    outer loop
      vertex 67.026 -32.8306 2.2
      vertex 59.974 -32.8306 2.2
      vertex 66.8686 -32.9686 2.2
    endloop
  endfacet
  facet normal 0 -0 1
    outer loop
      vertex 59.974 -32.8306 2.2
      vertex 67.026 -32.8306 2.2
      vertex 59.8 -32.7144 2.2
    endloop
  endfacet
  facet normal 0 0 1
    outer loop
      vertex 67.2 -32.7144 2.2
      vertex 59.8 -32.7144 2.2
      vertex 67.026 -32.8306 2.2
    endloop
  endfacet
  facet normal 0 0 1
    outer loop
      vertex 67.3877 -32.6218 2.2
      vertex 59.6123 -32.6218 2.2
      vertex 67.2 -32.7144 2.2
    endloop
  endfacet
  facet normal 0 0 1
    outer loop
      vertex 90.5056 -9.19766 2.2
      vertex 59 -32.5 2.2
      vertex 59.2088 -32.5137 2.2
    endloop
  endfacet
  facet normal 0 0 1
    outer loop
      vertex 90.636 -8.81368 2.2
      vertex 58.7912 -32.5137 2.2
      vertex 59 -32.5 2.2
    endloop
  endfacet
  facet normal 0 0 1
    outer loop
      vertex 90.636 -8.81368 2.2
      vertex 50.2088 -32.5137 2.2
      vertex 58.7912 -32.5137 2.2
    endloop
  endfacet
  facet normal 0 0 1
    outer loop
      vertex 58.7912 -32.5137 2.2
      vertex 50.2088 -32.5137 2.2
      vertex 58.5859 -32.5545 2.2
    endloop
  endfacet
  facet normal 0 -0 1
    outer loop
      vertex 50.4141 -32.5545 2.2
      vertex 58.5859 -32.5545 2.2
      vertex 50.2088 -32.5137 2.2
    endloop
  endfacet
  facet normal 0 0 1
    outer loop
      vertex 58.5859 -32.5545 2.2
      vertex 50.4141 -32.5545 2.2
      vertex 58.3877 -32.6218 2.2
    endloop
  endfacet
  facet normal 0 0 1
    outer loop
      vertex 57.4 -34.1 2.2
      vertex 51.6 -34.1 2.2
      vertex 57.4 -72.9 2.2
    endloop
  endfacet
  facet normal 0 0 1
    outer loop
      vertex 57.4137 -33.8912 2.2
      vertex 51.6 -34.1 2.2
      vertex 57.4 -34.1 2.2
    endloop
  endfacet
  facet normal 0 0 1
    outer loop
      vertex 51.5863 -33.8912 2.2
      vertex 57.4137 -33.8912 2.2
      vertex 57.4545 -33.6859 2.2
    endloop
  endfacet
  facet normal 0 0 1
    outer loop
      vertex 51.5455 -33.6859 2.2
      vertex 57.4545 -33.6859 2.2
      vertex 57.5218 -33.4877 2.2
    endloop
  endfacet
  facet normal 0 0 1
    outer loop
      vertex 51.4782 -33.4877 2.2
      vertex 57.5218 -33.4877 2.2
      vertex 57.6144 -33.3 2.2
    endloop
  endfacet
  facet normal 0 0 1
    outer loop
      vertex 51.3856 -33.3 2.2
      vertex 57.6144 -33.3 2.2
      vertex 57.7306 -33.126 2.2
    endloop
  endfacet
  facet normal 0 0 1
    outer loop
      vertex 51.2694 -33.126 2.2
      vertex 57.7306 -33.126 2.2
      vertex 57.8686 -32.9686 2.2
    endloop
  endfacet
  facet normal 0 0 1
    outer loop
      vertex 51.1314 -32.9686 2.2
      vertex 57.8686 -32.9686 2.2
      vertex 58.026 -32.8306 2.2
    endloop
  endfacet
  facet normal 0 -0 1
    outer loop
      vertex 50.6123 -32.6218 2.2
      vertex 58.3877 -32.6218 2.2
      vertex 50.4141 -32.5545 2.2
    endloop
  endfacet
  facet normal 0 0 1
    outer loop
      vertex 8.38716 -7.54061 2.2
      vertex 91.6128 -7.54061 2.2
      vertex 91.7185 -7.47 2.2
    endloop
  endfacet
  facet normal 0 0 1
    outer loop
      vertex 57.4137 -33.8912 2.2
      vertex 51.5863 -33.8912 2.2
      vertex 51.6 -34.1 2.2
    endloop
  endfacet
  facet normal 0 0 1
    outer loop
      vertex 57.4545 -33.6859 2.2
      vertex 51.5455 -33.6859 2.2
      vertex 51.5863 -33.8912 2.2
    endloop
  endfacet
  facet normal 0 0 1
    outer loop
      vertex 57.5218 -33.4877 2.2
      vertex 51.4782 -33.4877 2.2
      vertex 51.5455 -33.6859 2.2
    endloop
  endfacet
  facet normal 0 0 1
    outer loop
      vertex 57.6144 -33.3 2.2
      vertex 51.3856 -33.3 2.2
      vertex 51.4782 -33.4877 2.2
    endloop
  endfacet
  facet normal 0 0 1
    outer loop
      vertex 57.7306 -33.126 2.2
      vertex 51.2694 -33.126 2.2
      vertex 51.3856 -33.3 2.2
    endloop
  endfacet
  facet normal 0 0 1
    outer loop
      vertex 57.8686 -32.9686 2.2
      vertex 51.1314 -32.9686 2.2
      vertex 51.2694 -33.126 2.2
    endloop
  endfacet
  facet normal 0 0 1
    outer loop
      vertex 58.026 -32.8306 2.2
      vertex 50.974 -32.8306 2.2
      vertex 51.1314 -32.9686 2.2
    endloop
  endfacet
  facet normal 0 0 1
    outer loop
      vertex 58.026 -32.8306 2.2
      vertex 50.8 -32.7144 2.2
      vertex 50.974 -32.8306 2.2
    endloop
  endfacet
  facet normal 0 0 1
    outer loop
      vertex 58.2 -32.7144 2.2
      vertex 50.8 -32.7144 2.2
      vertex 58.026 -32.8306 2.2
    endloop
  endfacet
  facet normal 0 -0 1
    outer loop
      vertex 50.8 -32.7144 2.2
      vertex 58.2 -32.7144 2.2
      vertex 50.6123 -32.6218 2.2
    endloop
  endfacet
  facet normal 0 0 1
    outer loop
      vertex 58.3877 -32.6218 2.2
      vertex 50.6123 -32.6218 2.2
      vertex 58.2 -32.7144 2.2
    endloop
  endfacet
  facet normal 0 0 1
    outer loop
      vertex 90.636 -8.81368 2.2
      vertex 50 -32.5 2.2
      vertex 50.2088 -32.5137 2.2
    endloop
  endfacet
  facet normal 0 0 1
    outer loop
      vertex 90.8153 -8.45 2.2
      vertex 9.18468 -8.45 2.2
      vertex 50 -32.5 2.2
    endloop
  endfacet
  facet normal -0 -0 1
    outer loop
      vertex 9.36403 -8.81368 2.2
      vertex 50 -32.5 2.2
      vertex 9.18468 -8.45 2.2
    endloop
  endfacet
  facet normal 0 0 1
    outer loop
      vertex 50 -32.5 2.2
      vertex 9.36403 -8.81368 2.2
      vertex 49.7912 -32.5137 2.2
    endloop
  endfacet
  facet normal -0 -0 1
    outer loop
      vertex 15.545 -18.33 2.2
      vertex 49.7912 -32.5137 2.2
      vertex 9.36403 -8.81368 2.2
    endloop
  endfacet
  facet normal 0 0 1
    outer loop
      vertex 48.4 -34.1 2.2
      vertex 42.6 -34.1 2.2
      vertex 48.4 -72.9 2.2
    endloop
  endfacet
  facet normal 0 0 1
    outer loop
      vertex 48.4137 -33.8912 2.2
      vertex 42.6 -34.1 2.2
      vertex 48.4 -34.1 2.2
    endloop
  endfacet
  facet normal 0 0 1
    outer loop
      vertex 42.5863 -33.8912 2.2
      vertex 48.4137 -33.8912 2.2
      vertex 48.4545 -33.6859 2.2
    endloop
  endfacet
  facet normal 0 0 1
    outer loop
      vertex 42.5455 -33.6859 2.2
      vertex 48.4545 -33.6859 2.2
      vertex 48.5218 -33.4877 2.2
    endloop
  endfacet
  facet normal 0 0 1
    outer loop
      vertex 42.4782 -33.4877 2.2
      vertex 48.5218 -33.4877 2.2
      vertex 48.6144 -33.3 2.2
    endloop
  endfacet
  facet normal 0 0 1
    outer loop
      vertex 42.3856 -33.3 2.2
      vertex 48.6144 -33.3 2.2
      vertex 48.7306 -33.126 2.2
    endloop
  endfacet
  facet normal 0 0 1
    outer loop
      vertex 42.2694 -33.126 2.2
      vertex 48.7306 -33.126 2.2
      vertex 48.8686 -32.9686 2.2
    endloop
  endfacet
  facet normal 0 0 1
    outer loop
      vertex 42.1314 -32.9686 2.2
      vertex 48.8686 -32.9686 2.2
      vertex 49.026 -32.8306 2.2
    endloop
  endfacet
  facet normal 0 0 1
    outer loop
      vertex 41.974 -32.8306 2.2
      vertex 49.026 -32.8306 2.2
      vertex 49.2 -32.7144 2.2
    endloop
  endfacet
  facet normal 0 -0 1
    outer loop
      vertex 41.2088 -32.5137 2.2
      vertex 49.7912 -32.5137 2.2
      vertex 15.545 -18.33 2.2
    endloop
  endfacet
  facet normal 0 0 1
    outer loop
      vertex 48.4137 -33.8912 2.2
      vertex 42.5863 -33.8912 2.2
      vertex 42.6 -34.1 2.2
    endloop
  endfacet
  facet normal 0 0 1
    outer loop
      vertex 48.4545 -33.6859 2.2
      vertex 42.5455 -33.6859 2.2
      vertex 42.5863 -33.8912 2.2
    endloop
  endfacet
  facet normal 0 0 1
    outer loop
      vertex 48.5218 -33.4877 2.2
      vertex 42.4782 -33.4877 2.2
      vertex 42.5455 -33.6859 2.2
    endloop
  endfacet
  facet normal 0 0 1
    outer loop
      vertex 48.6144 -33.3 2.2
      vertex 42.3856 -33.3 2.2
      vertex 42.4782 -33.4877 2.2
    endloop
  endfacet
  facet normal 0 0 1
    outer loop
      vertex 48.7306 -33.126 2.2
      vertex 42.2694 -33.126 2.2
      vertex 42.3856 -33.3 2.2
    endloop
  endfacet
  facet normal 0 0 1
    outer loop
      vertex 48.8686 -32.9686 2.2
      vertex 42.1314 -32.9686 2.2
      vertex 42.2694 -33.126 2.2
    endloop
  endfacet
  facet normal 0 0 1
    outer loop
      vertex 49.026 -32.8306 2.2
      vertex 41.974 -32.8306 2.2
      vertex 42.1314 -32.9686 2.2
    endloop
  endfacet
  facet normal 0 0 1
    outer loop
      vertex 49.2 -32.7144 2.2
      vertex 41.8 -32.7144 2.2
      vertex 41.974 -32.8306 2.2
    endloop
  endfacet
  facet normal 0 0 1
    outer loop
      vertex 49.2 -32.7144 2.2
      vertex 41.6123 -32.6218 2.2
      vertex 41.8 -32.7144 2.2
    endloop
  endfacet
  facet normal 0 0 1
    outer loop
      vertex 49.3877 -32.6218 2.2
      vertex 41.6123 -32.6218 2.2
      vertex 49.2 -32.7144 2.2
    endloop
  endfacet
  facet normal 0 -0 1
    outer loop
      vertex 41.6123 -32.6218 2.2
      vertex 49.3877 -32.6218 2.2
      vertex 41.4141 -32.5545 2.2
    endloop
  endfacet
  facet normal 0 0 1
    outer loop
      vertex 49.7912 -32.5137 2.2
      vertex 41.2088 -32.5137 2.2
      vertex 49.5859 -32.5545 2.2
    endloop
  endfacet
  facet normal 0 -0 1
    outer loop
      vertex 41.4141 -32.5545 2.2
      vertex 49.5859 -32.5545 2.2
      vertex 41.2088 -32.5137 2.2
    endloop
  endfacet
  facet normal 0 0 1
    outer loop
      vertex 49.5859 -32.5545 2.2
      vertex 41.4141 -32.5545 2.2
      vertex 49.3877 -32.6218 2.2
    endloop
  endfacet
  facet normal 0 0 1
    outer loop
      vertex 41.2088 -32.5137 2.2
      vertex 15.545 -18.33 2.2
      vertex 41 -32.5 2.2
    endloop
  endfacet
  facet normal 0 0 1
    outer loop
      vertex 39.4 -34.1 2.2
      vertex 33.6 -34.1 2.2
      vertex 39.4 -72.9 2.2
    endloop
  endfacet
  facet normal 0 0 1
    outer loop
      vertex 39.4137 -33.8912 2.2
      vertex 33.6 -34.1 2.2
      vertex 39.4 -34.1 2.2
    endloop
  endfacet
  facet normal 0 0 1
    outer loop
      vertex 33.5863 -33.8912 2.2
      vertex 39.4137 -33.8912 2.2
      vertex 39.4545 -33.6859 2.2
    endloop
  endfacet
  facet normal 0 0 1
    outer loop
      vertex 33.5455 -33.6859 2.2
      vertex 39.4545 -33.6859 2.2
      vertex 39.5218 -33.4877 2.2
    endloop
  endfacet
  facet normal 0 0 1
    outer loop
      vertex 33.4782 -33.4877 2.2
      vertex 39.5218 -33.4877 2.2
      vertex 39.6144 -33.3 2.2
    endloop
  endfacet
  facet normal 0 0 1
    outer loop
      vertex 33.3856 -33.3 2.2
      vertex 39.6144 -33.3 2.2
      vertex 39.7306 -33.126 2.2
    endloop
  endfacet
  facet normal 0 0 1
    outer loop
      vertex 33.2694 -33.126 2.2
      vertex 39.7306 -33.126 2.2
      vertex 39.8686 -32.9686 2.2
    endloop
  endfacet
  facet normal 0 0 1
    outer loop
      vertex 33.1314 -32.9686 2.2
      vertex 39.8686 -32.9686 2.2
      vertex 40.026 -32.8306 2.2
    endloop
  endfacet
  facet normal 0 0 1
    outer loop
      vertex 32.974 -32.8306 2.2
      vertex 40.026 -32.8306 2.2
      vertex 40.2 -32.7144 2.2
    endloop
  endfacet
  facet normal 0 0 1
    outer loop
      vertex 32.8 -32.7144 2.2
      vertex 40.2 -32.7144 2.2
      vertex 40.3877 -32.6218 2.2
    endloop
  endfacet
  facet normal 0 0 1
    outer loop
      vertex 41 -32.5 2.2
      vertex 15.545 -18.33 2.2
      vertex 40.7912 -32.5137 2.2
    endloop
  endfacet
  facet normal 0 0 1
    outer loop
      vertex 39.4137 -33.8912 2.2
      vertex 33.5863 -33.8912 2.2
      vertex 33.6 -34.1 2.2
    endloop
  endfacet
  facet normal 0 0 1
    outer loop
      vertex 39.4545 -33.6859 2.2
      vertex 33.5455 -33.6859 2.2
      vertex 33.5863 -33.8912 2.2
    endloop
  endfacet
  facet normal 0 0 1
    outer loop
      vertex 39.5218 -33.4877 2.2
      vertex 33.4782 -33.4877 2.2
      vertex 33.5455 -33.6859 2.2
    endloop
  endfacet
  facet normal 0 0 1
    outer loop
      vertex 39.6144 -33.3 2.2
      vertex 33.3856 -33.3 2.2
      vertex 33.4782 -33.4877 2.2
    endloop
  endfacet
  facet normal 0 0 1
    outer loop
      vertex 39.7306 -33.126 2.2
      vertex 33.2694 -33.126 2.2
      vertex 33.3856 -33.3 2.2
    endloop
  endfacet
  facet normal 0 0 1
    outer loop
      vertex 39.8686 -32.9686 2.2
      vertex 33.1314 -32.9686 2.2
      vertex 33.2694 -33.126 2.2
    endloop
  endfacet
  facet normal 0 0 1
    outer loop
      vertex 40.026 -32.8306 2.2
      vertex 32.974 -32.8306 2.2
      vertex 33.1314 -32.9686 2.2
    endloop
  endfacet
  facet normal 0 0 1
    outer loop
      vertex 40.2 -32.7144 2.2
      vertex 32.8 -32.7144 2.2
      vertex 32.974 -32.8306 2.2
    endloop
  endfacet
  facet normal 0 0 1
    outer loop
      vertex 40.3877 -32.6218 2.2
      vertex 32.6123 -32.6218 2.2
      vertex 32.8 -32.7144 2.2
    endloop
  endfacet
  facet normal 0 0 1
    outer loop
      vertex 40.5859 -32.5545 2.2
      vertex 32.4141 -32.5545 2.2
      vertex 40.3877 -32.6218 2.2
    endloop
  endfacet
  facet normal 0 0 1
    outer loop
      vertex 40.3877 -32.6218 2.2
      vertex 32.4141 -32.5545 2.2
      vertex 32.6123 -32.6218 2.2
    endloop
  endfacet
  facet normal 0 0 1
    outer loop
      vertex 32.4141 -32.5545 2.2
      vertex 15.545 -18.33 2.2
      vertex 32.2088 -32.5137 2.2
    endloop
  endfacet
  facet normal 0 0 1
    outer loop
      vertex 32.2088 -32.5137 2.2
      vertex 15.545 -18.33 2.2
      vertex 32 -32.5 2.2
    endloop
  endfacet
  facet normal 0 0 1
    outer loop
      vertex 32 -32.5 2.2
      vertex 15.545 -18.33 2.2
      vertex 31.7912 -32.5137 2.2
    endloop
  endfacet
  facet normal 0 0 1
    outer loop
      vertex 31.7912 -32.5137 2.2
      vertex 15.545 -18.33 2.2
      vertex 31.5859 -32.5545 2.2
    endloop
  endfacet
  facet normal 0 0 1
    outer loop
      vertex 30.4 -34.1 2.2
      vertex 24.6 -34.1 2.2
      vertex 30.4 -72.9 2.2
    endloop
  endfacet
  facet normal 0 0 1
    outer loop
      vertex 30.4137 -33.8912 2.2
      vertex 24.6 -34.1 2.2
      vertex 30.4 -34.1 2.2
    endloop
  endfacet
  facet normal 0 0 1
    outer loop
      vertex 24.5863 -33.8912 2.2
      vertex 30.4137 -33.8912 2.2
      vertex 30.4545 -33.6859 2.2
    endloop
  endfacet
  facet normal 0 0 1
    outer loop
      vertex 24.5455 -33.6859 2.2
      vertex 30.4545 -33.6859 2.2
      vertex 30.5218 -33.4877 2.2
    endloop
  endfacet
  facet normal 0 0 1
    outer loop
      vertex 24.4782 -33.4877 2.2
      vertex 30.5218 -33.4877 2.2
      vertex 30.6144 -33.3 2.2
    endloop
  endfacet
  facet normal 0 0 1
    outer loop
      vertex 24.3856 -33.3 2.2
      vertex 30.6144 -33.3 2.2
      vertex 30.7306 -33.126 2.2
    endloop
  endfacet
  facet normal 0 0 1
    outer loop
      vertex 24.2694 -33.126 2.2
      vertex 30.7306 -33.126 2.2
      vertex 30.8686 -32.9686 2.2
    endloop
  endfacet
  facet normal 0 0 1
    outer loop
      vertex 24.1314 -32.9686 2.2
      vertex 30.8686 -32.9686 2.2
      vertex 31.026 -32.8306 2.2
    endloop
  endfacet
  facet normal 0 0 1
    outer loop
      vertex 23.974 -32.8306 2.2
      vertex 31.026 -32.8306 2.2
      vertex 31.2 -32.7144 2.2
    endloop
  endfacet
  facet normal 0 0 1
    outer loop
      vertex 23.8 -32.7144 2.2
      vertex 31.2 -32.7144 2.2
      vertex 31.3877 -32.6218 2.2
    endloop
  endfacet
  facet normal 0 0 1
    outer loop
      vertex 31.5859 -32.5545 2.2
      vertex 15.545 -18.33 2.2
      vertex 31.3877 -32.6218 2.2
    endloop
  endfacet
  facet normal 0 0 1
    outer loop
      vertex 30.4137 -33.8912 2.2
      vertex 24.5863 -33.8912 2.2
      vertex 24.6 -34.1 2.2
    endloop
  endfacet
  facet normal 0 0 1
    outer loop
      vertex 30.4545 -33.6859 2.2
      vertex 24.5455 -33.6859 2.2
      vertex 24.5863 -33.8912 2.2
    endloop
  endfacet
  facet normal 0 0 1
    outer loop
      vertex 30.5218 -33.4877 2.2
      vertex 24.4782 -33.4877 2.2
      vertex 24.5455 -33.6859 2.2
    endloop
  endfacet
  facet normal 0 0 1
    outer loop
      vertex 30.6144 -33.3 2.2
      vertex 24.3856 -33.3 2.2
      vertex 24.4782 -33.4877 2.2
    endloop
  endfacet
  facet normal 0 0 1
    outer loop
      vertex 30.7306 -33.126 2.2
      vertex 24.2694 -33.126 2.2
      vertex 24.3856 -33.3 2.2
    endloop
  endfacet
  facet normal 0 0 1
    outer loop
      vertex 30.8686 -32.9686 2.2
      vertex 24.1314 -32.9686 2.2
      vertex 24.2694 -33.126 2.2
    endloop
  endfacet
  facet normal 0 -0 1
    outer loop
      vertex 23.6123 -32.6218 2.2
      vertex 31.3877 -32.6218 2.2
      vertex 15.545 -18.33 2.2
    endloop
  endfacet
  facet normal 0 0 1
    outer loop
      vertex 31.026 -32.8306 2.2
      vertex 23.974 -32.8306 2.2
      vertex 24.1314 -32.9686 2.2
    endloop
  endfacet
  facet normal 0 0 1
    outer loop
      vertex 31.2 -32.7144 2.2
      vertex 23.8 -32.7144 2.2
      vertex 23.974 -32.8306 2.2
    endloop
  endfacet
  facet normal 0 0 1
    outer loop
      vertex 31.3877 -32.6218 2.2
      vertex 23.6123 -32.6218 2.2
      vertex 23.8 -32.7144 2.2
    endloop
  endfacet
  facet normal 0 0 1
    outer loop
      vertex 23.6123 -32.6218 2.2
      vertex 15.545 -18.33 2.2
      vertex 23.4141 -32.5545 2.2
    endloop
  endfacet
  facet normal 0 0 1
    outer loop
      vertex 23.4141 -32.5545 2.2
      vertex 15.545 -18.33 2.2
      vertex 23.2088 -32.5137 2.2
    endloop
  endfacet
  facet normal 0 0 1
    outer loop
      vertex 23.2088 -32.5137 2.2
      vertex 15.545 -18.33 2.2
      vertex 23 -32.5 2.2
    endloop
  endfacet
  facet normal 0 0 1
    outer loop
      vertex 23 -32.5 2.2
      vertex 15.545 -18.33 2.2
      vertex 22.7912 -32.5137 2.2
    endloop
  endfacet
  facet normal -0 0 1
    outer loop
      vertex 15.545 -29.33 2.2
      vertex 22.7912 -32.5137 2.2
      vertex 15.545 -18.33 2.2
    endloop
  endfacet
  facet normal 0 0 1
    outer loop
      vertex 21.4545 -33.6859 2.2
      vertex 15.545 -32.72 2.2
      vertex 21.4137 -33.8912 2.2
    endloop
  endfacet
  facet normal 0 0 1
    outer loop
      vertex 21.5218 -33.4877 2.2
      vertex 15.545 -32.72 2.2
      vertex 21.4545 -33.6859 2.2
    endloop
  endfacet
  facet normal 0 0 1
    outer loop
      vertex 21.6144 -33.3 2.2
      vertex 15.545 -32.72 2.2
      vertex 21.5218 -33.4877 2.2
    endloop
  endfacet
  facet normal 0 0 1
    outer loop
      vertex 21.7306 -33.126 2.2
      vertex 15.545 -32.72 2.2
      vertex 21.6144 -33.3 2.2
    endloop
  endfacet
  facet normal -0 0 1
    outer loop
      vertex 15.545 -32.72 2.2
      vertex 21.7306 -33.126 2.2
      vertex 15.545 -29.33 2.2
    endloop
  endfacet
  facet normal 0 0 1
    outer loop
      vertex 21.8686 -32.9686 2.2
      vertex 15.545 -29.33 2.2
      vertex 21.7306 -33.126 2.2
    endloop
  endfacet
  facet normal 0 0 1
    outer loop
      vertex 22.026 -32.8306 2.2
      vertex 15.545 -29.33 2.2
      vertex 21.8686 -32.9686 2.2
    endloop
  endfacet
  facet normal 0 0 1
    outer loop
      vertex 22.2 -32.7144 2.2
      vertex 15.545 -29.33 2.2
      vertex 22.026 -32.8306 2.2
    endloop
  endfacet
  facet normal 0 0 1
    outer loop
      vertex 22.3877 -32.6218 2.2
      vertex 15.545 -29.33 2.2
      vertex 22.2 -32.7144 2.2
    endloop
  endfacet
  facet normal 0 0 1
    outer loop
      vertex 22.5859 -32.5545 2.2
      vertex 15.545 -29.33 2.2
      vertex 22.3877 -32.6218 2.2
    endloop
  endfacet
  facet normal 0 0 1
    outer loop
      vertex 22.7912 -32.5137 2.2
      vertex 15.545 -29.33 2.2
      vertex 22.5859 -32.5545 2.2
    endloop
  endfacet
  facet normal 0 -0 1
    outer loop
      vertex 32.4141 -32.5545 2.2
      vertex 40.5859 -32.5545 2.2
      vertex 15.545 -18.33 2.2
    endloop
  endfacet
  facet normal 0 0 1
    outer loop
      vertex 15.545 -18.33 2.2
      vertex 9.57348 -9.59537 2.2
      vertex 9.6 -10 2.2
    endloop
  endfacet
  facet normal 0 0 1
    outer loop
      vertex 15.545 -18.33 2.2
      vertex 9.49437 -9.19766 2.2
      vertex 9.57348 -9.59537 2.2
    endloop
  endfacet
  facet normal 0 0 1
    outer loop
      vertex 15.545 -18.33 2.2
      vertex 9.36403 -8.81368 2.2
      vertex 9.49437 -9.19766 2.2
    endloop
  endfacet
  facet normal 0 0 1
    outer loop
      vertex 40.7912 -32.5137 2.2
      vertex 15.545 -18.33 2.2
      vertex 40.5859 -32.5545 2.2
    endloop
  endfacet
  facet normal 0 0 1
    outer loop
      vertex 91.0406 -8.11284 2.2
      vertex 8.95939 -8.11284 2.2
      vertex 9.18468 -8.45 2.2
    endloop
  endfacet
  facet normal 0 0 1
    outer loop
      vertex 91.308 -7.80797 2.2
      vertex 8.69203 -7.80797 2.2
      vertex 8.95939 -8.11284 2.2
    endloop
  endfacet
  facet normal 0 0 1
    outer loop
      vertex 91.6128 -7.54061 2.2
      vertex 8.38716 -7.54061 2.2
      vertex 8.69203 -7.80797 2.2
    endloop
  endfacet
  facet normal 0 -0 1
    outer loop
      vertex 8.38716 -7.54061 2.2
      vertex 91.7185 -7.47 2.2
      vertex 8.28149 -7.47 2.2
    endloop
  endfacet
  facet normal -0 0 1
    outer loop
      vertex 95.9594 -11.8872 2.2
      vertex 96.03 -95.2185 2.2
      vertex 96.03 -11.7815 2.2
    endloop
  endfacet
  facet normal 0 0 1
    outer loop
      vertex 95.9594 -11.8872 2.2
      vertex 95.9594 -95.1128 2.2
      vertex 96.03 -95.2185 2.2
    endloop
  endfacet
  facet normal -0 0 1
    outer loop
      vertex 95.692 -12.192 2.2
      vertex 95.9594 -95.1128 2.2
      vertex 95.9594 -11.8872 2.2
    endloop
  endfacet
  facet normal 0 0 1
    outer loop
      vertex 95.692 -12.192 2.2
      vertex 95.692 -94.808 2.2
      vertex 95.9594 -95.1128 2.2
    endloop
  endfacet
  facet normal -0 0 1
    outer loop
      vertex 95.3872 -12.4594 2.2
      vertex 95.692 -94.808 2.2
      vertex 95.692 -12.192 2.2
    endloop
  endfacet
  facet normal 0 0 1
    outer loop
      vertex 95.3872 -12.4594 2.2
      vertex 95.3872 -94.5406 2.2
      vertex 95.692 -94.808 2.2
    endloop
  endfacet
  facet normal 0 0 1
    outer loop
      vertex 78.6 -34.1 2.2
      vertex 95.3872 -12.4594 2.2
      vertex 95.05 -12.6847 2.2
    endloop
  endfacet
  facet normal 0 0 1
    outer loop
      vertex 95.3872 -12.4594 2.2
      vertex 78.6 -34.1 2.2
      vertex 95.3872 -94.5406 2.2
    endloop
  endfacet
  facet normal 0 0 1
    outer loop
      vertex 78.6 -34.1 2.2
      vertex 95.05 -12.6847 2.2
      vertex 94.6863 -12.864 2.2
    endloop
  endfacet
  facet normal -0 0 1
    outer loop
      vertex 78.6 -72.9 2.2
      vertex 95.3872 -94.5406 2.2
      vertex 78.6 -34.1 2.2
    endloop
  endfacet
  facet normal 0 0 1
    outer loop
      vertex 78.6 -34.1 2.2
      vertex 94.6863 -12.864 2.2
      vertex 94.3023 -12.9944 2.2
    endloop
  endfacet
  facet normal 0 0 1
    outer loop
      vertex 95.3872 -94.5406 2.2
      vertex 78.6 -72.9 2.2
      vertex 95.05 -94.3153 2.2
    endloop
  endfacet
  facet normal 0 0 1
    outer loop
      vertex 78.6 -34.1 2.2
      vertex 94.3023 -12.9944 2.2
      vertex 93.9046 -13.0735 2.2
    endloop
  endfacet
  facet normal 0 0 1
    outer loop
      vertex 95.05 -94.3153 2.2
      vertex 78.6 -72.9 2.2
      vertex 94.6863 -94.136 2.2
    endloop
  endfacet
  facet normal 0 0 1
    outer loop
      vertex 78.6 -34.1 2.2
      vertex 93.9046 -13.0735 2.2
      vertex 93.5 -13.1 2.2
    endloop
  endfacet
  facet normal 0 0 1
    outer loop
      vertex 94.6863 -94.136 2.2
      vertex 78.6 -72.9 2.2
      vertex 94.3023 -94.0056 2.2
    endloop
  endfacet
  facet normal 0 0 1
    outer loop
      vertex 78.6 -34.1 2.2
      vertex 93.5 -13.1 2.2
      vertex 93.0954 -13.0735 2.2
    endloop
  endfacet
  facet normal -0 0 1
    outer loop
      vertex 78.5863 -73.1088 2.2
      vertex 94.3023 -94.0056 2.2
      vertex 78.6 -72.9 2.2
    endloop
  endfacet
  facet normal 0 0 1
    outer loop
      vertex 78.6 -34.1 2.2
      vertex 93.0954 -13.0735 2.2
      vertex 92.6977 -12.9944 2.2
    endloop
  endfacet
  facet normal 0 0 1
    outer loop
      vertex 94.3023 -94.0056 2.2
      vertex 78.5863 -73.1088 2.2
      vertex 93.9046 -93.9265 2.2
    endloop
  endfacet
  facet normal 0 0 1
    outer loop
      vertex 78.6 -34.1 2.2
      vertex 92.6977 -12.9944 2.2
      vertex 92.3137 -12.864 2.2
    endloop
  endfacet
  facet normal -0 0 1
    outer loop
      vertex 78.5455 -73.3141 2.2
      vertex 93.9046 -93.9265 2.2
      vertex 78.5863 -73.1088 2.2
    endloop
  endfacet
  facet normal 0 0 1
    outer loop
      vertex 78.6 -34.1 2.2
      vertex 92.3137 -12.864 2.2
      vertex 91.95 -12.6847 2.2
    endloop
  endfacet
  facet normal 0 0 1
    outer loop
      vertex 93.9046 -93.9265 2.2
      vertex 78.5455 -73.3141 2.2
      vertex 93.5 -93.9 2.2
    endloop
  endfacet
  facet normal 0 0 1
    outer loop
      vertex 78.6 -34.1 2.2
      vertex 91.95 -12.6847 2.2
      vertex 91.6128 -12.4594 2.2
    endloop
  endfacet
  facet normal -0 0 1
    outer loop
      vertex 78.4782 -73.5123 2.2
      vertex 93.5 -93.9 2.2
      vertex 78.5455 -73.3141 2.2
    endloop
  endfacet
  facet normal 0 0 1
    outer loop
      vertex 78.6 -34.1 2.2
      vertex 91.6128 -12.4594 2.2
      vertex 91.308 -12.192 2.2
    endloop
  endfacet
  facet normal 0 0 1
    outer loop
      vertex 93.5 -93.9 2.2
      vertex 78.4782 -73.5123 2.2
      vertex 93.0954 -93.9265 2.2
    endloop
  endfacet
  facet normal 0 0 1
    outer loop
      vertex 78.6 -34.1 2.2
      vertex 91.308 -12.192 2.2
      vertex 91.0406 -11.8872 2.2
    endloop
  endfacet
  facet normal -0 0 1
    outer loop
      vertex 78.3856 -73.7 2.2
      vertex 93.0954 -93.9265 2.2
      vertex 78.4782 -73.5123 2.2
    endloop
  endfacet
  facet normal 0 0 1
    outer loop
      vertex 78.6 -34.1 2.2
      vertex 91.0406 -11.8872 2.2
      vertex 90.8153 -11.55 2.2
    endloop
  endfacet
  facet normal 0 0 1
    outer loop
      vertex 93.0954 -93.9265 2.2
      vertex 78.3856 -73.7 2.2
      vertex 92.6977 -94.0056 2.2
    endloop
  endfacet
  facet normal 0 0 1
    outer loop
      vertex 78.6 -34.1 2.2
      vertex 90.8153 -11.55 2.2
      vertex 90.636 -11.1863 2.2
    endloop
  endfacet
  facet normal -0 0 1
    outer loop
      vertex 78.2694 -73.874 2.2
      vertex 92.6977 -94.0056 2.2
      vertex 78.3856 -73.7 2.2
    endloop
  endfacet
  facet normal 0 0 1
    outer loop
      vertex 78.6 -34.1 2.2
      vertex 90.636 -11.1863 2.2
      vertex 90.5056 -10.8023 2.2
    endloop
  endfacet
  facet normal 0 0 1
    outer loop
      vertex 92.6977 -94.0056 2.2
      vertex 78.2694 -73.874 2.2
      vertex 92.3137 -94.136 2.2
    endloop
  endfacet
  facet normal 0 0 1
    outer loop
      vertex 78.6 -34.1 2.2
      vertex 90.5056 -10.8023 2.2
      vertex 90.4265 -10.4046 2.2
    endloop
  endfacet
  facet normal -0 0 1
    outer loop
      vertex 78.1314 -74.0314 2.2
      vertex 92.3137 -94.136 2.2
      vertex 78.2694 -73.874 2.2
    endloop
  endfacet
  facet normal 0 0 1
    outer loop
      vertex 68.2088 -32.5137 2.2
      vertex 90.4265 -10.4046 2.2
      vertex 90.4 -10 2.2
    endloop
  endfacet
  facet normal 0 0 1
    outer loop
      vertex 92.3137 -94.136 2.2
      vertex 78.1314 -74.0314 2.2
      vertex 91.95 -94.3153 2.2
    endloop
  endfacet
  facet normal 0 0 1
    outer loop
      vertex 91.95 -94.3153 2.2
      vertex 77.974 -74.1694 2.2
      vertex 91.6128 -94.5406 2.2
    endloop
  endfacet
  facet normal -0 0 1
    outer loop
      vertex 77.8 -74.2856 2.2
      vertex 91.6128 -94.5406 2.2
      vertex 77.974 -74.1694 2.2
    endloop
  endfacet
  facet normal 0 0 1
    outer loop
      vertex 91.6128 -94.5406 2.2
      vertex 77.8 -74.2856 2.2
      vertex 91.308 -94.808 2.2
    endloop
  endfacet
  facet normal -0 0 1
    outer loop
      vertex 77.6123 -74.3782 2.2
      vertex 91.308 -94.808 2.2
      vertex 77.8 -74.2856 2.2
    endloop
  endfacet
  facet normal 0 0 1
    outer loop
      vertex 91.308 -94.808 2.2
      vertex 77.6123 -74.3782 2.2
      vertex 91.0406 -95.1128 2.2
    endloop
  endfacet
  facet normal -0 0 1
    outer loop
      vertex 77.4141 -74.4455 2.2
      vertex 91.0406 -95.1128 2.2
      vertex 77.6123 -74.3782 2.2
    endloop
  endfacet
  facet normal -0 0 1
    outer loop
      vertex 77.2088 -74.4863 2.2
      vertex 91.0406 -95.1128 2.2
      vertex 77.4141 -74.4455 2.2
    endloop
  endfacet
  facet normal 0 0 1
    outer loop
      vertex 91.0406 -95.1128 2.2
      vertex 77.2088 -74.4863 2.2
      vertex 90.8153 -95.45 2.2
    endloop
  endfacet
  facet normal -0 0 1
    outer loop
      vertex 77 -74.5 2.2
      vertex 90.8153 -95.45 2.2
      vertex 77.2088 -74.4863 2.2
    endloop
  endfacet
  facet normal 0 0 1
    outer loop
      vertex 90.8153 -95.45 2.2
      vertex 77 -74.5 2.2
      vertex 90.636 -95.8137 2.2
    endloop
  endfacet
  facet normal 0 0 1
    outer loop
      vertex 76.7912 -74.4863 2.2
      vertex 90.636 -95.8137 2.2
      vertex 77 -74.5 2.2
    endloop
  endfacet
  facet normal 0 0 1
    outer loop
      vertex 90.636 -95.8137 2.2
      vertex 76.7912 -74.4863 2.2
      vertex 90.5056 -96.1977 2.2
    endloop
  endfacet
  facet normal 0 0 1
    outer loop
      vertex 76.5859 -74.4455 2.2
      vertex 90.5056 -96.1977 2.2
      vertex 76.7912 -74.4863 2.2
    endloop
  endfacet
  facet normal -0 0 1
    outer loop
      vertex 68.4141 -74.4455 2.2
      vertex 90.5056 -96.1977 2.2
      vertex 76.5859 -74.4455 2.2
    endloop
  endfacet
  facet normal 0 0 1
    outer loop
      vertex 90.5056 -96.1977 2.2
      vertex 68.4141 -74.4455 2.2
      vertex 90.4265 -96.5954 2.2
    endloop
  endfacet
  facet normal -0 0 1
    outer loop
      vertex 68.2088 -74.4863 2.2
      vertex 90.4265 -96.5954 2.2
      vertex 68.4141 -74.4455 2.2
    endloop
  endfacet
  facet normal 0 0 1
    outer loop
      vertex 90.4265 -96.5954 2.2
      vertex 68.2088 -74.4863 2.2
      vertex 90.4 -97 2.2
    endloop
  endfacet
  facet normal -0 0 1
    outer loop
      vertex 68 -74.5 2.2
      vertex 90.4 -97 2.2
      vertex 68.2088 -74.4863 2.2
    endloop
  endfacet
  facet normal 0 0 1
    outer loop
      vertex 90.4 -97 2.2
      vertex 68 -74.5 2.2
      vertex 90.4265 -97.4046 2.2
    endloop
  endfacet
  facet normal 0 0 1
    outer loop
      vertex 68.4141 -74.4455 2.2
      vertex 76.5859 -74.4455 2.2
      vertex 76.3877 -74.3782 2.2
    endloop
  endfacet
  facet normal 0 0 1
    outer loop
      vertex 68.6123 -74.3782 2.2
      vertex 76.3877 -74.3782 2.2
      vertex 76.2 -74.2856 2.2
    endloop
  endfacet
  facet normal 0 0 1
    outer loop
      vertex 68.8 -74.2856 2.2
      vertex 76.2 -74.2856 2.2
      vertex 76.026 -74.1694 2.2
    endloop
  endfacet
  facet normal 0 0 1
    outer loop
      vertex 68.974 -74.1694 2.2
      vertex 76.026 -74.1694 2.2
      vertex 75.8686 -74.0314 2.2
    endloop
  endfacet
  facet normal 0 0 1
    outer loop
      vertex 69.1314 -74.0314 2.2
      vertex 75.8686 -74.0314 2.2
      vertex 75.7306 -73.874 2.2
    endloop
  endfacet
  facet normal 0 0 1
    outer loop
      vertex 69.2694 -73.874 2.2
      vertex 75.7306 -73.874 2.2
      vertex 75.6144 -73.7 2.2
    endloop
  endfacet
  facet normal 0 0 1
    outer loop
      vertex 69.6 -72.9 2.2
      vertex 75.4 -72.9 2.2
      vertex 69.6 -34.1 2.2
    endloop
  endfacet
  facet normal 0 0 1
    outer loop
      vertex 75.4 -72.9 2.2
      vertex 69.6 -72.9 2.2
      vertex 75.4137 -73.1088 2.2
    endloop
  endfacet
  facet normal 0 0 1
    outer loop
      vertex 69.5863 -73.1088 2.2
      vertex 75.4137 -73.1088 2.2
      vertex 69.6 -72.9 2.2
    endloop
  endfacet
  facet normal 0 0 1
    outer loop
      vertex 75.4137 -73.1088 2.2
      vertex 69.5863 -73.1088 2.2
      vertex 75.4545 -73.3141 2.2
    endloop
  endfacet
  facet normal 0 0 1
    outer loop
      vertex 69.5455 -73.3141 2.2
      vertex 75.4545 -73.3141 2.2
      vertex 69.5863 -73.1088 2.2
    endloop
  endfacet
  facet normal 0 0 1
    outer loop
      vertex 75.4545 -73.3141 2.2
      vertex 69.5455 -73.3141 2.2
      vertex 75.5218 -73.5123 2.2
    endloop
  endfacet
  facet normal 0 0 1
    outer loop
      vertex 69.4782 -73.5123 2.2
      vertex 75.5218 -73.5123 2.2
      vertex 69.5455 -73.3141 2.2
    endloop
  endfacet
  facet normal 0 0 1
    outer loop
      vertex 75.5218 -73.5123 2.2
      vertex 69.4782 -73.5123 2.2
      vertex 75.6144 -73.7 2.2
    endloop
  endfacet
  facet normal 0 0 1
    outer loop
      vertex 69.3856 -73.7 2.2
      vertex 75.6144 -73.7 2.2
      vertex 69.4782 -73.5123 2.2
    endloop
  endfacet
  facet normal 0 0 1
    outer loop
      vertex 69.2694 -73.874 2.2
      vertex 75.6144 -73.7 2.2
      vertex 69.3856 -73.7 2.2
    endloop
  endfacet
  facet normal 0 0 1
    outer loop
      vertex 75.7306 -73.874 2.2
      vertex 69.2694 -73.874 2.2
      vertex 69.1314 -74.0314 2.2
    endloop
  endfacet
  facet normal 0 0 1
    outer loop
      vertex 75.8686 -74.0314 2.2
      vertex 69.1314 -74.0314 2.2
      vertex 68.974 -74.1694 2.2
    endloop
  endfacet
  facet normal 0 0 1
    outer loop
      vertex 76.026 -74.1694 2.2
      vertex 68.974 -74.1694 2.2
      vertex 68.8 -74.2856 2.2
    endloop
  endfacet
  facet normal 0 0 1
    outer loop
      vertex 76.2 -74.2856 2.2
      vertex 68.8 -74.2856 2.2
      vertex 68.6123 -74.3782 2.2
    endloop
  endfacet
  facet normal 0 0 1
    outer loop
      vertex 76.3877 -74.3782 2.2
      vertex 68.6123 -74.3782 2.2
      vertex 68.4141 -74.4455 2.2
    endloop
  endfacet
  facet normal 0 0 1
    outer loop
      vertex 67.7912 -74.4863 2.2
      vertex 90.4265 -97.4046 2.2
      vertex 68 -74.5 2.2
    endloop
  endfacet
  facet normal -0 0 1
    outer loop
      vertex 59.2088 -74.4863 2.2
      vertex 90.4265 -97.4046 2.2
      vertex 67.7912 -74.4863 2.2
    endloop
  endfacet
  facet normal 0 0 1
    outer loop
      vertex 90.4265 -97.4046 2.2
      vertex 59.2088 -74.4863 2.2
      vertex 90.5056 -97.8023 2.2
    endloop
  endfacet
  facet normal -0 0 1
    outer loop
      vertex 59 -74.5 2.2
      vertex 90.5056 -97.8023 2.2
      vertex 59.2088 -74.4863 2.2
    endloop
  endfacet
  facet normal 0 0 1
    outer loop
      vertex 90.5056 -97.8023 2.2
      vertex 59 -74.5 2.2
      vertex 90.636 -98.1863 2.2
    endloop
  endfacet
  facet normal 0 0 1
    outer loop
      vertex 58.7912 -74.4863 2.2
      vertex 90.636 -98.1863 2.2
      vertex 59 -74.5 2.2
    endloop
  endfacet
  facet normal 0 0 1
    outer loop
      vertex 59.2088 -74.4863 2.2
      vertex 67.7912 -74.4863 2.2
      vertex 67.5859 -74.4455 2.2
    endloop
  endfacet
  facet normal 0 0 1
    outer loop
      vertex 59.4141 -74.4455 2.2
      vertex 67.5859 -74.4455 2.2
      vertex 67.3877 -74.3782 2.2
    endloop
  endfacet
  facet normal 0 0 1
    outer loop
      vertex 59.6123 -74.3782 2.2
      vertex 67.3877 -74.3782 2.2
      vertex 67.2 -74.2856 2.2
    endloop
  endfacet
  facet normal 0 0 1
    outer loop
      vertex 59.8 -74.2856 2.2
      vertex 67.2 -74.2856 2.2
      vertex 67.026 -74.1694 2.2
    endloop
  endfacet
  facet normal 0 0 1
    outer loop
      vertex 59.974 -74.1694 2.2
      vertex 67.026 -74.1694 2.2
      vertex 66.8686 -74.0314 2.2
    endloop
  endfacet
  facet normal 0 0 1
    outer loop
      vertex 60.6 -72.9 2.2
      vertex 66.4 -72.9 2.2
      vertex 60.6 -34.1 2.2
    endloop
  endfacet
  facet normal 0 0 1
    outer loop
      vertex 66.4 -72.9 2.2
      vertex 60.6 -72.9 2.2
      vertex 66.4137 -73.1088 2.2
    endloop
  endfacet
  facet normal 0 0 1
    outer loop
      vertex 60.5863 -73.1088 2.2
      vertex 66.4137 -73.1088 2.2
      vertex 60.6 -72.9 2.2
    endloop
  endfacet
  facet normal 0 0 1
    outer loop
      vertex 66.4137 -73.1088 2.2
      vertex 60.5863 -73.1088 2.2
      vertex 66.4545 -73.3141 2.2
    endloop
  endfacet
  facet normal 0 0 1
    outer loop
      vertex 60.5455 -73.3141 2.2
      vertex 66.4545 -73.3141 2.2
      vertex 60.5863 -73.1088 2.2
    endloop
  endfacet
  facet normal 0 0 1
    outer loop
      vertex 66.4545 -73.3141 2.2
      vertex 60.5455 -73.3141 2.2
      vertex 66.5218 -73.5123 2.2
    endloop
  endfacet
  facet normal 0 0 1
    outer loop
      vertex 60.4782 -73.5123 2.2
      vertex 66.5218 -73.5123 2.2
      vertex 60.5455 -73.3141 2.2
    endloop
  endfacet
  facet normal 0 0 1
    outer loop
      vertex 66.5218 -73.5123 2.2
      vertex 60.4782 -73.5123 2.2
      vertex 66.6144 -73.7 2.2
    endloop
  endfacet
  facet normal 0 0 1
    outer loop
      vertex 60.3856 -73.7 2.2
      vertex 66.6144 -73.7 2.2
      vertex 60.4782 -73.5123 2.2
    endloop
  endfacet
  facet normal 0 0 1
    outer loop
      vertex 66.6144 -73.7 2.2
      vertex 60.3856 -73.7 2.2
      vertex 66.7306 -73.874 2.2
    endloop
  endfacet
  facet normal 0 0 1
    outer loop
      vertex 60.2694 -73.874 2.2
      vertex 66.7306 -73.874 2.2
      vertex 60.3856 -73.7 2.2
    endloop
  endfacet
  facet normal 0 0 1
    outer loop
      vertex 66.7306 -73.874 2.2
      vertex 60.2694 -73.874 2.2
      vertex 66.8686 -74.0314 2.2
    endloop
  endfacet
  facet normal 0 0 1
    outer loop
      vertex 60.1314 -74.0314 2.2
      vertex 66.8686 -74.0314 2.2
      vertex 60.2694 -73.874 2.2
    endloop
  endfacet
  facet normal 0 0 1
    outer loop
      vertex 59.974 -74.1694 2.2
      vertex 66.8686 -74.0314 2.2
      vertex 60.1314 -74.0314 2.2
    endloop
  endfacet
  facet normal 0 0 1
    outer loop
      vertex 67.026 -74.1694 2.2
      vertex 59.974 -74.1694 2.2
      vertex 59.8 -74.2856 2.2
    endloop
  endfacet
  facet normal 0 0 1
    outer loop
      vertex 67.2 -74.2856 2.2
      vertex 59.8 -74.2856 2.2
      vertex 59.6123 -74.3782 2.2
    endloop
  endfacet
  facet normal 0 0 1
    outer loop
      vertex 67.3877 -74.3782 2.2
      vertex 59.6123 -74.3782 2.2
      vertex 59.4141 -74.4455 2.2
    endloop
  endfacet
  facet normal 0 0 1
    outer loop
      vertex 67.5859 -74.4455 2.2
      vertex 59.4141 -74.4455 2.2
      vertex 59.2088 -74.4863 2.2
    endloop
  endfacet
  facet normal -0 0 1
    outer loop
      vertex 50.2088 -74.4863 2.2
      vertex 90.636 -98.1863 2.2
      vertex 58.7912 -74.4863 2.2
    endloop
  endfacet
  facet normal -0 0 1
    outer loop
      vertex 50 -74.5 2.2
      vertex 90.636 -98.1863 2.2
      vertex 50.2088 -74.4863 2.2
    endloop
  endfacet
  facet normal 0 0 1
    outer loop
      vertex 90.636 -98.1863 2.2
      vertex 50 -74.5 2.2
      vertex 90.8153 -98.55 2.2
    endloop
  endfacet
  facet normal 0 0 1
    outer loop
      vertex 9.18468 -98.55 2.2
      vertex 90.8153 -98.55 2.2
      vertex 50 -74.5 2.2
    endloop
  endfacet
  facet normal 0 0 1
    outer loop
      vertex 50.2088 -74.4863 2.2
      vertex 58.7912 -74.4863 2.2
      vertex 58.5859 -74.4455 2.2
    endloop
  endfacet
  facet normal 0 0 1
    outer loop
      vertex 50.4141 -74.4455 2.2
      vertex 58.5859 -74.4455 2.2
      vertex 58.3877 -74.3782 2.2
    endloop
  endfacet
  facet normal 0 0 1
    outer loop
      vertex 50.6123 -74.3782 2.2
      vertex 58.3877 -74.3782 2.2
      vertex 58.2 -74.2856 2.2
    endloop
  endfacet
  facet normal 0 0 1
    outer loop
      vertex 50.8 -74.2856 2.2
      vertex 58.2 -74.2856 2.2
      vertex 58.026 -74.1694 2.2
    endloop
  endfacet
  facet normal 0 0 1
    outer loop
      vertex 51.6 -72.9 2.2
      vertex 57.4 -72.9 2.2
      vertex 51.6 -34.1 2.2
    endloop
  endfacet
  facet normal 0 0 1
    outer loop
      vertex 57.4 -72.9 2.2
      vertex 51.6 -72.9 2.2
      vertex 57.4137 -73.1088 2.2
    endloop
  endfacet
  facet normal 0 0 1
    outer loop
      vertex 51.5863 -73.1088 2.2
      vertex 57.4137 -73.1088 2.2
      vertex 51.6 -72.9 2.2
    endloop
  endfacet
  facet normal 0 0 1
    outer loop
      vertex 57.4137 -73.1088 2.2
      vertex 51.5863 -73.1088 2.2
      vertex 57.4545 -73.3141 2.2
    endloop
  endfacet
  facet normal 0 0 1
    outer loop
      vertex 51.5455 -73.3141 2.2
      vertex 57.4545 -73.3141 2.2
      vertex 51.5863 -73.1088 2.2
    endloop
  endfacet
  facet normal 0 0 1
    outer loop
      vertex 57.4545 -73.3141 2.2
      vertex 51.5455 -73.3141 2.2
      vertex 57.5218 -73.5123 2.2
    endloop
  endfacet
  facet normal 0 0 1
    outer loop
      vertex 51.4782 -73.5123 2.2
      vertex 57.5218 -73.5123 2.2
      vertex 51.5455 -73.3141 2.2
    endloop
  endfacet
  facet normal 0 0 1
    outer loop
      vertex 57.5218 -73.5123 2.2
      vertex 51.4782 -73.5123 2.2
      vertex 57.6144 -73.7 2.2
    endloop
  endfacet
  facet normal 0 0 1
    outer loop
      vertex 51.3856 -73.7 2.2
      vertex 57.6144 -73.7 2.2
      vertex 51.4782 -73.5123 2.2
    endloop
  endfacet
  facet normal 0 0 1
    outer loop
      vertex 57.6144 -73.7 2.2
      vertex 51.3856 -73.7 2.2
      vertex 57.7306 -73.874 2.2
    endloop
  endfacet
  facet normal 0 0 1
    outer loop
      vertex 51.2694 -73.874 2.2
      vertex 57.7306 -73.874 2.2
      vertex 51.3856 -73.7 2.2
    endloop
  endfacet
  facet normal 0 0 1
    outer loop
      vertex 57.7306 -73.874 2.2
      vertex 51.2694 -73.874 2.2
      vertex 57.8686 -74.0314 2.2
    endloop
  endfacet
  facet normal 0 0 1
    outer loop
      vertex 51.1314 -74.0314 2.2
      vertex 57.8686 -74.0314 2.2
      vertex 51.2694 -73.874 2.2
    endloop
  endfacet
  facet normal 0 0 1
    outer loop
      vertex 57.8686 -74.0314 2.2
      vertex 51.1314 -74.0314 2.2
      vertex 58.026 -74.1694 2.2
    endloop
  endfacet
  facet normal 0 0 1
    outer loop
      vertex 50.974 -74.1694 2.2
      vertex 58.026 -74.1694 2.2
      vertex 51.1314 -74.0314 2.2
    endloop
  endfacet
  facet normal 0 0 1
    outer loop
      vertex 50.8 -74.2856 2.2
      vertex 58.026 -74.1694 2.2
      vertex 50.974 -74.1694 2.2
    endloop
  endfacet
  facet normal 0 0 1
    outer loop
      vertex 58.2 -74.2856 2.2
      vertex 50.8 -74.2856 2.2
      vertex 50.6123 -74.3782 2.2
    endloop
  endfacet
  facet normal 0 0 1
    outer loop
      vertex 58.3877 -74.3782 2.2
      vertex 50.6123 -74.3782 2.2
      vertex 50.4141 -74.4455 2.2
    endloop
  endfacet
  facet normal 0 0 1
    outer loop
      vertex 58.5859 -74.4455 2.2
      vertex 50.4141 -74.4455 2.2
      vertex 50.2088 -74.4863 2.2
    endloop
  endfacet
  facet normal 0 0 1
    outer loop
      vertex 90.8153 -98.55 2.2
      vertex 9.18468 -98.55 2.2
      vertex 91.0406 -98.8872 2.2
    endloop
  endfacet
  facet normal 0 0 1
    outer loop
      vertex 8.95939 -98.8872 2.2
      vertex 91.0406 -98.8872 2.2
      vertex 9.18468 -98.55 2.2
    endloop
  endfacet
  facet normal 0 0 1
    outer loop
      vertex 91.0406 -98.8872 2.2
      vertex 8.95939 -98.8872 2.2
      vertex 91.308 -99.192 2.2
    endloop
  endfacet
  facet normal 0 0 1
    outer loop
      vertex 9.36403 -98.1863 2.2
      vertex 50 -74.5 2.2
      vertex 49.7912 -74.4863 2.2
    endloop
  endfacet
  facet normal 0 0 1
    outer loop
      vertex 41.2088 -74.4863 2.2
      vertex 49.7912 -74.4863 2.2
      vertex 49.5859 -74.4455 2.2
    endloop
  endfacet
  facet normal 0 0 1
    outer loop
      vertex 41.4141 -74.4455 2.2
      vertex 49.5859 -74.4455 2.2
      vertex 49.3877 -74.3782 2.2
    endloop
  endfacet
  facet normal 0 0 1
    outer loop
      vertex 41.6123 -74.3782 2.2
      vertex 49.3877 -74.3782 2.2
      vertex 49.2 -74.2856 2.2
    endloop
  endfacet
  facet normal 0 0 1
    outer loop
      vertex 42.6 -72.9 2.2
      vertex 48.4 -72.9 2.2
      vertex 42.6 -34.1 2.2
    endloop
  endfacet
  facet normal 0 0 1
    outer loop
      vertex 48.4 -72.9 2.2
      vertex 42.6 -72.9 2.2
      vertex 48.4137 -73.1088 2.2
    endloop
  endfacet
  facet normal 0 0 1
    outer loop
      vertex 42.5863 -73.1088 2.2
      vertex 48.4137 -73.1088 2.2
      vertex 42.6 -72.9 2.2
    endloop
  endfacet
  facet normal 0 0 1
    outer loop
      vertex 48.4137 -73.1088 2.2
      vertex 42.5863 -73.1088 2.2
      vertex 48.4545 -73.3141 2.2
    endloop
  endfacet
  facet normal 0 0 1
    outer loop
      vertex 42.5455 -73.3141 2.2
      vertex 48.4545 -73.3141 2.2
      vertex 42.5863 -73.1088 2.2
    endloop
  endfacet
  facet normal 0 0 1
    outer loop
      vertex 48.4545 -73.3141 2.2
      vertex 42.5455 -73.3141 2.2
      vertex 48.5218 -73.5123 2.2
    endloop
  endfacet
  facet normal 0 0 1
    outer loop
      vertex 42.4782 -73.5123 2.2
      vertex 48.5218 -73.5123 2.2
      vertex 42.5455 -73.3141 2.2
    endloop
  endfacet
  facet normal 0 0 1
    outer loop
      vertex 48.5218 -73.5123 2.2
      vertex 42.4782 -73.5123 2.2
      vertex 48.6144 -73.7 2.2
    endloop
  endfacet
  facet normal 0 0 1
    outer loop
      vertex 42.3856 -73.7 2.2
      vertex 48.6144 -73.7 2.2
      vertex 42.4782 -73.5123 2.2
    endloop
  endfacet
  facet normal 0 0 1
    outer loop
      vertex 48.6144 -73.7 2.2
      vertex 42.3856 -73.7 2.2
      vertex 48.7306 -73.874 2.2
    endloop
  endfacet
  facet normal 0 0 1
    outer loop
      vertex 42.2694 -73.874 2.2
      vertex 48.7306 -73.874 2.2
      vertex 42.3856 -73.7 2.2
    endloop
  endfacet
  facet normal 0 0 1
    outer loop
      vertex 48.7306 -73.874 2.2
      vertex 42.2694 -73.874 2.2
      vertex 48.8686 -74.0314 2.2
    endloop
  endfacet
  facet normal 0 0 1
    outer loop
      vertex 42.1314 -74.0314 2.2
      vertex 48.8686 -74.0314 2.2
      vertex 42.2694 -73.874 2.2
    endloop
  endfacet
  facet normal 0 0 1
    outer loop
      vertex 48.8686 -74.0314 2.2
      vertex 42.1314 -74.0314 2.2
      vertex 49.026 -74.1694 2.2
    endloop
  endfacet
  facet normal 0 0 1
    outer loop
      vertex 41.974 -74.1694 2.2
      vertex 49.026 -74.1694 2.2
      vertex 42.1314 -74.0314 2.2
    endloop
  endfacet
  facet normal 0 0 1
    outer loop
      vertex 49.026 -74.1694 2.2
      vertex 41.974 -74.1694 2.2
      vertex 49.2 -74.2856 2.2
    endloop
  endfacet
  facet normal 0 0 1
    outer loop
      vertex 41.8 -74.2856 2.2
      vertex 49.2 -74.2856 2.2
      vertex 41.974 -74.1694 2.2
    endloop
  endfacet
  facet normal 0 0 1
    outer loop
      vertex 41.6123 -74.3782 2.2
      vertex 49.2 -74.2856 2.2
      vertex 41.8 -74.2856 2.2
    endloop
  endfacet
  facet normal 0 0 1
    outer loop
      vertex 49.3877 -74.3782 2.2
      vertex 41.6123 -74.3782 2.2
      vertex 41.4141 -74.4455 2.2
    endloop
  endfacet
  facet normal 0 0 1
    outer loop
      vertex 49.5859 -74.4455 2.2
      vertex 41.4141 -74.4455 2.2
      vertex 41.2088 -74.4863 2.2
    endloop
  endfacet
  facet normal 0 0 1
    outer loop
      vertex 49.7912 -74.4863 2.2
      vertex 41.2088 -74.4863 2.2
      vertex 9.36403 -98.1863 2.2
    endloop
  endfacet
  facet normal 0 0 1
    outer loop
      vertex 9.36403 -98.1863 2.2
      vertex 41.2088 -74.4863 2.2
      vertex 41 -74.5 2.2
    endloop
  endfacet
  facet normal 0 0 1
    outer loop
      vertex 9.49437 -97.8023 2.2
      vertex 41 -74.5 2.2
      vertex 40.7912 -74.4863 2.2
    endloop
  endfacet
  facet normal 0 0 1
    outer loop
      vertex 32.2088 -74.4863 2.2
      vertex 40.7912 -74.4863 2.2
      vertex 40.5859 -74.4455 2.2
    endloop
  endfacet
  facet normal 0 0 1
    outer loop
      vertex 32.4141 -74.4455 2.2
      vertex 40.5859 -74.4455 2.2
      vertex 40.3877 -74.3782 2.2
    endloop
  endfacet
  facet normal 0 0 1
    outer loop
      vertex 33.6 -72.9 2.2
      vertex 39.4 -72.9 2.2
      vertex 33.6 -34.1 2.2
    endloop
  endfacet
  facet normal 0 0 1
    outer loop
      vertex 39.4 -72.9 2.2
      vertex 33.6 -72.9 2.2
      vertex 39.4137 -73.1088 2.2
    endloop
  endfacet
  facet normal 0 0 1
    outer loop
      vertex 33.5863 -73.1088 2.2
      vertex 39.4137 -73.1088 2.2
      vertex 33.6 -72.9 2.2
    endloop
  endfacet
  facet normal 0 0 1
    outer loop
      vertex 39.4137 -73.1088 2.2
      vertex 33.5863 -73.1088 2.2
      vertex 39.4545 -73.3141 2.2
    endloop
  endfacet
  facet normal 0 0 1
    outer loop
      vertex 33.5455 -73.3141 2.2
      vertex 39.4545 -73.3141 2.2
      vertex 33.5863 -73.1088 2.2
    endloop
  endfacet
  facet normal 0 0 1
    outer loop
      vertex 39.4545 -73.3141 2.2
      vertex 33.5455 -73.3141 2.2
      vertex 39.5218 -73.5123 2.2
    endloop
  endfacet
  facet normal 0 0 1
    outer loop
      vertex 33.4782 -73.5123 2.2
      vertex 39.5218 -73.5123 2.2
      vertex 33.5455 -73.3141 2.2
    endloop
  endfacet
  facet normal 0 0 1
    outer loop
      vertex 39.5218 -73.5123 2.2
      vertex 33.4782 -73.5123 2.2
      vertex 39.6144 -73.7 2.2
    endloop
  endfacet
  facet normal 0 0 1
    outer loop
      vertex 33.3856 -73.7 2.2
      vertex 39.6144 -73.7 2.2
      vertex 33.4782 -73.5123 2.2
    endloop
  endfacet
  facet normal 0 0 1
    outer loop
      vertex 39.6144 -73.7 2.2
      vertex 33.3856 -73.7 2.2
      vertex 39.7306 -73.874 2.2
    endloop
  endfacet
  facet normal 0 0 1
    outer loop
      vertex 33.2694 -73.874 2.2
      vertex 39.7306 -73.874 2.2
      vertex 33.3856 -73.7 2.2
    endloop
  endfacet
  facet normal 0 0 1
    outer loop
      vertex 39.7306 -73.874 2.2
      vertex 33.2694 -73.874 2.2
      vertex 39.8686 -74.0314 2.2
    endloop
  endfacet
  facet normal 0 0 1
    outer loop
      vertex 33.1314 -74.0314 2.2
      vertex 39.8686 -74.0314 2.2
      vertex 33.2694 -73.874 2.2
    endloop
  endfacet
  facet normal 0 0 1
    outer loop
      vertex 39.8686 -74.0314 2.2
      vertex 33.1314 -74.0314 2.2
      vertex 40.026 -74.1694 2.2
    endloop
  endfacet
  facet normal 0 0 1
    outer loop
      vertex 32.974 -74.1694 2.2
      vertex 40.026 -74.1694 2.2
      vertex 33.1314 -74.0314 2.2
    endloop
  endfacet
  facet normal 0 0 1
    outer loop
      vertex 40.026 -74.1694 2.2
      vertex 32.974 -74.1694 2.2
      vertex 40.2 -74.2856 2.2
    endloop
  endfacet
  facet normal 0 0 1
    outer loop
      vertex 32.8 -74.2856 2.2
      vertex 40.2 -74.2856 2.2
      vertex 32.974 -74.1694 2.2
    endloop
  endfacet
  facet normal 0 0 1
    outer loop
      vertex 40.2 -74.2856 2.2
      vertex 32.8 -74.2856 2.2
      vertex 40.3877 -74.3782 2.2
    endloop
  endfacet
  facet normal 0 0 1
    outer loop
      vertex 32.6123 -74.3782 2.2
      vertex 40.3877 -74.3782 2.2
      vertex 32.8 -74.2856 2.2
    endloop
  endfacet
  facet normal 0 0 1
    outer loop
      vertex 32.4141 -74.4455 2.2
      vertex 40.3877 -74.3782 2.2
      vertex 32.6123 -74.3782 2.2
    endloop
  endfacet
  facet normal 0 0 1
    outer loop
      vertex 40.5859 -74.4455 2.2
      vertex 32.4141 -74.4455 2.2
      vertex 32.2088 -74.4863 2.2
    endloop
  endfacet
  facet normal 0 0 1
    outer loop
      vertex 40.7912 -74.4863 2.2
      vertex 32.2088 -74.4863 2.2
      vertex 9.57348 -97.4046 2.2
    endloop
  endfacet
  facet normal 0 0 1
    outer loop
      vertex 9.57348 -97.4046 2.2
      vertex 32.2088 -74.4863 2.2
      vertex 32 -74.5 2.2
    endloop
  endfacet
  facet normal 0 0 1
    outer loop
      vertex 9.6 -97 2.2
      vertex 32 -74.5 2.2
      vertex 31.7912 -74.4863 2.2
    endloop
  endfacet
  facet normal 0 0 1
    outer loop
      vertex 9.57348 -96.5954 2.2
      vertex 31.7912 -74.4863 2.2
      vertex 31.5859 -74.4455 2.2
    endloop
  endfacet
  facet normal 0 0 1
    outer loop
      vertex 23.4141 -74.4455 2.2
      vertex 31.5859 -74.4455 2.2
      vertex 31.3877 -74.3782 2.2
    endloop
  endfacet
  facet normal 0 0 1
    outer loop
      vertex 24.6 -72.9 2.2
      vertex 30.4 -72.9 2.2
      vertex 24.6 -34.1 2.2
    endloop
  endfacet
  facet normal 0 0 1
    outer loop
      vertex 30.4 -72.9 2.2
      vertex 24.6 -72.9 2.2
      vertex 30.4137 -73.1088 2.2
    endloop
  endfacet
  facet normal 0 0 1
    outer loop
      vertex 24.5863 -73.1088 2.2
      vertex 30.4137 -73.1088 2.2
      vertex 24.6 -72.9 2.2
    endloop
  endfacet
  facet normal 0 0 1
    outer loop
      vertex 30.4137 -73.1088 2.2
      vertex 24.5863 -73.1088 2.2
      vertex 30.4545 -73.3141 2.2
    endloop
  endfacet
  facet normal 0 0 1
    outer loop
      vertex 24.5455 -73.3141 2.2
      vertex 30.4545 -73.3141 2.2
      vertex 24.5863 -73.1088 2.2
    endloop
  endfacet
  facet normal 0 0 1
    outer loop
      vertex 30.4545 -73.3141 2.2
      vertex 24.5455 -73.3141 2.2
      vertex 30.5218 -73.5123 2.2
    endloop
  endfacet
  facet normal 0 0 1
    outer loop
      vertex 24.4782 -73.5123 2.2
      vertex 30.5218 -73.5123 2.2
      vertex 24.5455 -73.3141 2.2
    endloop
  endfacet
  facet normal 0 0 1
    outer loop
      vertex 30.5218 -73.5123 2.2
      vertex 24.4782 -73.5123 2.2
      vertex 30.6144 -73.7 2.2
    endloop
  endfacet
  facet normal 0 0 1
    outer loop
      vertex 24.3856 -73.7 2.2
      vertex 30.6144 -73.7 2.2
      vertex 24.4782 -73.5123 2.2
    endloop
  endfacet
  facet normal 0 0 1
    outer loop
      vertex 30.6144 -73.7 2.2
      vertex 24.3856 -73.7 2.2
      vertex 30.7306 -73.874 2.2
    endloop
  endfacet
  facet normal 0 0 1
    outer loop
      vertex 24.2694 -73.874 2.2
      vertex 30.7306 -73.874 2.2
      vertex 24.3856 -73.7 2.2
    endloop
  endfacet
  facet normal 0 0 1
    outer loop
      vertex 30.7306 -73.874 2.2
      vertex 24.2694 -73.874 2.2
      vertex 30.8686 -74.0314 2.2
    endloop
  endfacet
  facet normal 0 0 1
    outer loop
      vertex 24.1314 -74.0314 2.2
      vertex 30.8686 -74.0314 2.2
      vertex 24.2694 -73.874 2.2
    endloop
  endfacet
  facet normal 0 0 1
    outer loop
      vertex 30.8686 -74.0314 2.2
      vertex 24.1314 -74.0314 2.2
      vertex 31.026 -74.1694 2.2
    endloop
  endfacet
  facet normal 0 0 1
    outer loop
      vertex 23.974 -74.1694 2.2
      vertex 31.026 -74.1694 2.2
      vertex 24.1314 -74.0314 2.2
    endloop
  endfacet
  facet normal 0 0 1
    outer loop
      vertex 31.026 -74.1694 2.2
      vertex 23.974 -74.1694 2.2
      vertex 31.2 -74.2856 2.2
    endloop
  endfacet
  facet normal 0 0 1
    outer loop
      vertex 23.8 -74.2856 2.2
      vertex 31.2 -74.2856 2.2
      vertex 23.974 -74.1694 2.2
    endloop
  endfacet
  facet normal 0 0 1
    outer loop
      vertex 31.2 -74.2856 2.2
      vertex 23.8 -74.2856 2.2
      vertex 31.3877 -74.3782 2.2
    endloop
  endfacet
  facet normal 0 0 1
    outer loop
      vertex 23.6123 -74.3782 2.2
      vertex 31.3877 -74.3782 2.2
      vertex 23.8 -74.2856 2.2
    endloop
  endfacet
  facet normal 0 0 1
    outer loop
      vertex 23.4141 -74.4455 2.2
      vertex 31.3877 -74.3782 2.2
      vertex 23.6123 -74.3782 2.2
    endloop
  endfacet
  facet normal 0 0 1
    outer loop
      vertex 9.57348 -96.5954 2.2
      vertex 31.5859 -74.4455 2.2
      vertex 23.4141 -74.4455 2.2
    endloop
  endfacet
  facet normal 0 0 1
    outer loop
      vertex 9.57348 -96.5954 2.2
      vertex 23.4141 -74.4455 2.2
      vertex 23.2088 -74.4863 2.2
    endloop
  endfacet
  facet normal 0 0 1
    outer loop
      vertex 9.57348 -96.5954 2.2
      vertex 23.2088 -74.4863 2.2
      vertex 23 -74.5 2.2
    endloop
  endfacet
  facet normal 0 0 1
    outer loop
      vertex 9.57348 -96.5954 2.2
      vertex 23 -74.5 2.2
      vertex 22.7912 -74.4863 2.2
    endloop
  endfacet
  facet normal 0 0 1
    outer loop
      vertex 9.57348 -96.5954 2.2
      vertex 22.7912 -74.4863 2.2
      vertex 22.5859 -74.4455 2.2
    endloop
  endfacet
  facet normal 0 0 1
    outer loop
      vertex 9.57348 -96.5954 2.2
      vertex 22.5859 -74.4455 2.2
      vertex 22.3877 -74.3782 2.2
    endloop
  endfacet
  facet normal 0 0 1
    outer loop
      vertex 21.4137 -33.8912 2.2
      vertex 15.545 -32.72 2.2
      vertex 21.4 -34.1 2.2
    endloop
  endfacet
  facet normal 0 0 1
    outer loop
      vertex 15.545 -43.72 2.2
      vertex 21.4 -34.1 2.2
      vertex 15.545 -32.72 2.2
    endloop
  endfacet
  facet normal 0 0 1
    outer loop
      vertex 21.4 -34.1 2.2
      vertex 15.545 -43.72 2.2
      vertex 21.4 -72.9 2.2
    endloop
  endfacet
  facet normal -0 0 1
    outer loop
      vertex 3.97 -43.72 2.2
      vertex 21.4 -72.9 2.2
      vertex 15.545 -43.72 2.2
    endloop
  endfacet
  facet normal 0 0 1
    outer loop
      vertex 9.57348 -96.5954 2.2
      vertex 21.4137 -73.1088 2.2
      vertex 21.4 -72.9 2.2
    endloop
  endfacet
  facet normal 0 0 1
    outer loop
      vertex 9.57348 -96.5954 2.2
      vertex 21.4545 -73.3141 2.2
      vertex 21.4137 -73.1088 2.2
    endloop
  endfacet
  facet normal 0 0 1
    outer loop
      vertex 9.57348 -96.5954 2.2
      vertex 21.5218 -73.5123 2.2
      vertex 21.4545 -73.3141 2.2
    endloop
  endfacet
  facet normal 0 0 1
    outer loop
      vertex 9.57348 -96.5954 2.2
      vertex 21.6144 -73.7 2.2
      vertex 21.5218 -73.5123 2.2
    endloop
  endfacet
  facet normal 0 0 1
    outer loop
      vertex 9.57348 -96.5954 2.2
      vertex 21.7306 -73.874 2.2
      vertex 21.6144 -73.7 2.2
    endloop
  endfacet
  facet normal 0 0 1
    outer loop
      vertex 9.57348 -96.5954 2.2
      vertex 21.8686 -74.0314 2.2
      vertex 21.7306 -73.874 2.2
    endloop
  endfacet
  facet normal 0 0 1
    outer loop
      vertex 9.57348 -96.5954 2.2
      vertex 22.026 -74.1694 2.2
      vertex 21.8686 -74.0314 2.2
    endloop
  endfacet
  facet normal 0 0 1
    outer loop
      vertex 9.57348 -96.5954 2.2
      vertex 22.2 -74.2856 2.2
      vertex 22.026 -74.1694 2.2
    endloop
  endfacet
  facet normal 0 0 1
    outer loop
      vertex 9.57348 -96.5954 2.2
      vertex 22.3877 -74.3782 2.2
      vertex 22.2 -74.2856 2.2
    endloop
  endfacet
  facet normal 0 0 1
    outer loop
      vertex 32 -74.5 2.2
      vertex 9.6 -97 2.2
      vertex 9.57348 -97.4046 2.2
    endloop
  endfacet
  facet normal 0 0 1
    outer loop
      vertex 40.7912 -74.4863 2.2
      vertex 9.57348 -97.4046 2.2
      vertex 9.49437 -97.8023 2.2
    endloop
  endfacet
  facet normal 0 0 1
    outer loop
      vertex 41 -74.5 2.2
      vertex 9.49437 -97.8023 2.2
      vertex 9.36403 -98.1863 2.2
    endloop
  endfacet
  facet normal 0 0 1
    outer loop
      vertex 50 -74.5 2.2
      vertex 9.36403 -98.1863 2.2
      vertex 9.18468 -98.55 2.2
    endloop
  endfacet
  facet normal 0 0 1
    outer loop
      vertex 8.69203 -99.192 2.2
      vertex 91.308 -99.192 2.2
      vertex 8.95939 -98.8872 2.2
    endloop
  endfacet
  facet normal 0 0 1
    outer loop
      vertex 91.308 -99.192 2.2
      vertex 8.69203 -99.192 2.2
      vertex 91.6128 -99.4594 2.2
    endloop
  endfacet
  facet normal 0 0 1
    outer loop
      vertex 8.38716 -99.4594 2.2
      vertex 91.6128 -99.4594 2.2
      vertex 8.69203 -99.192 2.2
    endloop
  endfacet
  facet normal 0 0 1
    outer loop
      vertex 91.6128 -99.4594 2.2
      vertex 8.38716 -99.4594 2.2
      vertex 91.7185 -99.53 2.2
    endloop
  endfacet
  facet normal 0 0 1
    outer loop
      vertex 91.7185 -99.53 2.2
      vertex 8.38716 -99.4594 2.2
      vertex 8.28149 -99.53 2.2
    endloop
  endfacet
  facet normal -0 0 1
    outer loop
      vertex 9.57348 -10.4046 2.2
      vertex 15.545 -18.33 2.2
      vertex 9.6 -10 2.2
    endloop
  endfacet
  facet normal -0 0 1
    outer loop
      vertex 9.49437 -10.8023 2.2
      vertex 15.545 -18.33 2.2
      vertex 9.57348 -10.4046 2.2
    endloop
  endfacet
  facet normal -0 0 1
    outer loop
      vertex 9.36403 -11.1863 2.2
      vertex 15.545 -18.33 2.2
      vertex 9.49437 -10.8023 2.2
    endloop
  endfacet
  facet normal -0 0 1
    outer loop
      vertex 9.18468 -11.55 2.2
      vertex 15.545 -18.33 2.2
      vertex 9.36403 -11.1863 2.2
    endloop
  endfacet
  facet normal -0 0 1
    outer loop
      vertex 8.95939 -11.8872 2.2
      vertex 15.545 -18.33 2.2
      vertex 9.18468 -11.55 2.2
    endloop
  endfacet
  facet normal -0 0 1
    outer loop
      vertex 8.69203 -12.192 2.2
      vertex 15.545 -18.33 2.2
      vertex 8.95939 -11.8872 2.2
    endloop
  endfacet
  facet normal -0 0 1
    outer loop
      vertex 8.38716 -12.4594 2.2
      vertex 15.545 -18.33 2.2
      vertex 8.69203 -12.192 2.2
    endloop
  endfacet
  facet normal -0 0 1
    outer loop
      vertex 8.05 -12.6847 2.2
      vertex 15.545 -18.33 2.2
      vertex 8.38716 -12.4594 2.2
    endloop
  endfacet
  facet normal -0 0 1
    outer loop
      vertex 7.68632 -12.864 2.2
      vertex 15.545 -18.33 2.2
      vertex 8.05 -12.6847 2.2
    endloop
  endfacet
  facet normal 0 0 1
    outer loop
      vertex 3.97 -18.33 2.2
      vertex 7.68632 -12.864 2.2
      vertex 7.30234 -12.9944 2.2
    endloop
  endfacet
  facet normal 0 0 1
    outer loop
      vertex 3.97 -18.33 2.2
      vertex 7.30234 -12.9944 2.2
      vertex 6.90463 -13.0735 2.2
    endloop
  endfacet
  facet normal 0 0 1
    outer loop
      vertex 3.97 -18.33 2.2
      vertex 6.90463 -13.0735 2.2
      vertex 6.5 -13.1 2.2
    endloop
  endfacet
  facet normal 0 0 1
    outer loop
      vertex 3.97 -18.33 2.2
      vertex 6.5 -13.1 2.2
      vertex 6.09537 -13.0735 2.2
    endloop
  endfacet
  facet normal 0 0 1
    outer loop
      vertex 3.97 -18.33 2.2
      vertex 6.09537 -13.0735 2.2
      vertex 5.69766 -12.9944 2.2
    endloop
  endfacet
  facet normal 0 0 1
    outer loop
      vertex 3.97 -18.33 2.2
      vertex 5.69766 -12.9944 2.2
      vertex 5.31368 -12.864 2.2
    endloop
  endfacet
  facet normal 0 0 1
    outer loop
      vertex 3.97 -18.33 2.2
      vertex 5.31368 -12.864 2.2
      vertex 4.95 -12.6847 2.2
    endloop
  endfacet
  facet normal 0 0 1
    outer loop
      vertex 7.68632 -12.864 2.2
      vertex 3.97 -18.33 2.2
      vertex 15.545 -18.33 2.2
    endloop
  endfacet
  facet normal 0 0 1
    outer loop
      vertex 4.61284 -12.4594 2.2
      vertex 3.97 -18.33 2.2
      vertex 4.95 -12.6847 2.2
    endloop
  endfacet
  facet normal 0 0 1
    outer loop
      vertex 4.30797 -12.192 2.2
      vertex 3.97 -18.33 2.2
      vertex 4.61284 -12.4594 2.2
    endloop
  endfacet
  facet normal 0 0 1
    outer loop
      vertex 4.04061 -11.8872 2.2
      vertex 3.97 -18.33 2.2
      vertex 4.30797 -12.192 2.2
    endloop
  endfacet
  facet normal 0 0 1
    outer loop
      vertex 3.97 -18.33 2.2
      vertex 4.04061 -11.8872 2.2
      vertex 3.97 -11.7815 2.2
    endloop
  endfacet
  facet normal 0 0 1
    outer loop
      vertex 8.23503 -96.7716 2.2
      vertex 8.23503 -97.2284 2.2
      vertex 8.25 -97 2.2
    endloop
  endfacet
  facet normal 0 0 1
    outer loop
      vertex 8.19037 -96.5471 2.2
      vertex 8.23503 -97.2284 2.2
      vertex 8.23503 -96.7716 2.2
    endloop
  endfacet
  facet normal 0 0 1
    outer loop
      vertex 8.19037 -96.5471 2.2
      vertex 8.19037 -97.4529 2.2
      vertex 8.23503 -97.2284 2.2
    endloop
  endfacet
  facet normal 0 0 1
    outer loop
      vertex 8.11679 -96.3303 2.2
      vertex 8.19037 -97.4529 2.2
      vertex 8.19037 -96.5471 2.2
    endloop
  endfacet
  facet normal 0 0 1
    outer loop
      vertex 8.11679 -96.3303 2.2
      vertex 8.11679 -97.6697 2.2
      vertex 8.19037 -97.4529 2.2
    endloop
  endfacet
  facet normal 0 0 1
    outer loop
      vertex 8.01554 -96.125 2.2
      vertex 8.11679 -97.6697 2.2
      vertex 8.11679 -96.3303 2.2
    endloop
  endfacet
  facet normal 0 0 1
    outer loop
      vertex 8.01554 -96.125 2.2
      vertex 8.01554 -97.875 2.2
      vertex 8.11679 -97.6697 2.2
    endloop
  endfacet
  facet normal 0 0 1
    outer loop
      vertex 7.88837 -95.9347 2.2
      vertex 8.01554 -97.875 2.2
      vertex 8.01554 -96.125 2.2
    endloop
  endfacet
  facet normal 0 0 1
    outer loop
      vertex 7.88837 -95.9347 2.2
      vertex 7.88837 -98.0653 2.2
      vertex 8.01554 -97.875 2.2
    endloop
  endfacet
  facet normal 0 0 1
    outer loop
      vertex 7.73744 -95.7626 2.2
      vertex 7.88837 -98.0653 2.2
      vertex 7.88837 -95.9347 2.2
    endloop
  endfacet
  facet normal 0 0 1
    outer loop
      vertex 7.73744 -95.7626 2.2
      vertex 7.73744 -98.2374 2.2
      vertex 7.88837 -98.0653 2.2
    endloop
  endfacet
  facet normal 0 0 1
    outer loop
      vertex 7.56533 -95.6116 2.2
      vertex 7.73744 -98.2374 2.2
      vertex 7.73744 -95.7626 2.2
    endloop
  endfacet
  facet normal 0 0 1
    outer loop
      vertex 7.56533 -95.6116 2.2
      vertex 7.56533 -98.3884 2.2
      vertex 7.73744 -98.2374 2.2
    endloop
  endfacet
  facet normal 0 0 1
    outer loop
      vertex 7.375 -95.4845 2.2
      vertex 7.56533 -98.3884 2.2
      vertex 7.56533 -95.6116 2.2
    endloop
  endfacet
  facet normal 0 0 1
    outer loop
      vertex 7.375 -95.4845 2.2
      vertex 7.375 -98.5155 2.2
      vertex 7.56533 -98.3884 2.2
    endloop
  endfacet
  facet normal 0 0 1
    outer loop
      vertex 7.1697 -95.3832 2.2
      vertex 7.375 -98.5155 2.2
      vertex 7.375 -95.4845 2.2
    endloop
  endfacet
  facet normal 0 0 1
    outer loop
      vertex 7.1697 -95.3832 2.2
      vertex 7.1697 -98.6168 2.2
      vertex 7.375 -98.5155 2.2
    endloop
  endfacet
  facet normal 0 0 1
    outer loop
      vertex 6.95293 -95.3096 2.2
      vertex 7.1697 -98.6168 2.2
      vertex 7.1697 -95.3832 2.2
    endloop
  endfacet
  facet normal 0 0 1
    outer loop
      vertex 6.95293 -95.3096 2.2
      vertex 6.95293 -98.6904 2.2
      vertex 7.1697 -98.6168 2.2
    endloop
  endfacet
  facet normal 0 0 1
    outer loop
      vertex 6.72842 -95.265 2.2
      vertex 6.95293 -98.6904 2.2
      vertex 6.95293 -95.3096 2.2
    endloop
  endfacet
  facet normal 0 0 1
    outer loop
      vertex 6.72842 -95.265 2.2
      vertex 6.72842 -98.735 2.2
      vertex 6.95293 -98.6904 2.2
    endloop
  endfacet
  facet normal 0 0 1
    outer loop
      vertex 6.5 -95.25 2.2
      vertex 6.72842 -98.735 2.2
      vertex 6.72842 -95.265 2.2
    endloop
  endfacet
  facet normal 0 0 1
    outer loop
      vertex 6.5 -95.25 2.2
      vertex 6.5 -98.75 2.2
      vertex 6.72842 -98.735 2.2
    endloop
  endfacet
  facet normal -0 0 1
    outer loop
      vertex 6.27158 -95.265 2.2
      vertex 6.5 -98.75 2.2
      vertex 6.5 -95.25 2.2
    endloop
  endfacet
  facet normal 0 0 1
    outer loop
      vertex 6.27158 -95.265 2.2
      vertex 6.27158 -98.735 2.2
      vertex 6.5 -98.75 2.2
    endloop
  endfacet
  facet normal -0 0 1
    outer loop
      vertex 6.04707 -95.3096 2.2
      vertex 6.27158 -98.735 2.2
      vertex 6.27158 -95.265 2.2
    endloop
  endfacet
  facet normal 0 0 1
    outer loop
      vertex 6.04707 -95.3096 2.2
      vertex 6.04707 -98.6904 2.2
      vertex 6.27158 -98.735 2.2
    endloop
  endfacet
  facet normal -0 0 1
    outer loop
      vertex 5.8303 -95.3832 2.2
      vertex 6.04707 -98.6904 2.2
      vertex 6.04707 -95.3096 2.2
    endloop
  endfacet
  facet normal 0 0 1
    outer loop
      vertex 5.8303 -95.3832 2.2
      vertex 5.8303 -98.6168 2.2
      vertex 6.04707 -98.6904 2.2
    endloop
  endfacet
  facet normal -0 0 1
    outer loop
      vertex 5.625 -95.4845 2.2
      vertex 5.8303 -98.6168 2.2
      vertex 5.8303 -95.3832 2.2
    endloop
  endfacet
  facet normal 0 0 1
    outer loop
      vertex 5.625 -95.4845 2.2
      vertex 5.625 -98.5155 2.2
      vertex 5.8303 -98.6168 2.2
    endloop
  endfacet
  facet normal -0 0 1
    outer loop
      vertex 5.43467 -95.6116 2.2
      vertex 5.625 -98.5155 2.2
      vertex 5.625 -95.4845 2.2
    endloop
  endfacet
  facet normal 0 0 1
    outer loop
      vertex 5.43467 -95.6116 2.2
      vertex 5.43467 -98.3884 2.2
      vertex 5.625 -98.5155 2.2
    endloop
  endfacet
  facet normal -0 0 1
    outer loop
      vertex 5.26256 -95.7626 2.2
      vertex 5.43467 -98.3884 2.2
      vertex 5.43467 -95.6116 2.2
    endloop
  endfacet
  facet normal 0 0 1
    outer loop
      vertex 5.26256 -95.7626 2.2
      vertex 5.26256 -98.2374 2.2
      vertex 5.43467 -98.3884 2.2
    endloop
  endfacet
  facet normal -0 0 1
    outer loop
      vertex 5.11163 -95.9347 2.2
      vertex 5.26256 -98.2374 2.2
      vertex 5.26256 -95.7626 2.2
    endloop
  endfacet
  facet normal 0 0 1
    outer loop
      vertex 5.11163 -95.9347 2.2
      vertex 5.11163 -98.0653 2.2
      vertex 5.26256 -98.2374 2.2
    endloop
  endfacet
  facet normal -0 0 1
    outer loop
      vertex 4.98446 -96.125 2.2
      vertex 5.11163 -98.0653 2.2
      vertex 5.11163 -95.9347 2.2
    endloop
  endfacet
  facet normal 0 0 1
    outer loop
      vertex 4.98446 -96.125 2.2
      vertex 4.98446 -97.875 2.2
      vertex 5.11163 -98.0653 2.2
    endloop
  endfacet
  facet normal -0 0 1
    outer loop
      vertex 4.88321 -96.3303 2.2
      vertex 4.98446 -97.875 2.2
      vertex 4.98446 -96.125 2.2
    endloop
  endfacet
  facet normal 0 0 1
    outer loop
      vertex 4.88321 -96.3303 2.2
      vertex 4.88321 -97.6697 2.2
      vertex 4.98446 -97.875 2.2
    endloop
  endfacet
  facet normal -0 0 1
    outer loop
      vertex 4.80963 -96.5471 2.2
      vertex 4.88321 -97.6697 2.2
      vertex 4.88321 -96.3303 2.2
    endloop
  endfacet
  facet normal 0 0 1
    outer loop
      vertex 4.80963 -96.5471 2.2
      vertex 4.80963 -97.4529 2.2
      vertex 4.88321 -97.6697 2.2
    endloop
  endfacet
  facet normal -0 0 1
    outer loop
      vertex 4.76497 -96.7716 2.2
      vertex 4.80963 -97.4529 2.2
      vertex 4.80963 -96.5471 2.2
    endloop
  endfacet
  facet normal 0 0 1
    outer loop
      vertex 4.76497 -96.7716 2.2
      vertex 4.76497 -97.2284 2.2
      vertex 4.80963 -97.4529 2.2
    endloop
  endfacet
  facet normal 0 -0 1
    outer loop
      vertex 4.76497 -97.2284 2.2
      vertex 4.76497 -96.7716 2.2
      vertex 4.75 -97 2.2
    endloop
  endfacet
  facet normal 0 0 1
    outer loop
      vertex 8.23503 -9.77158 2.2
      vertex 8.23503 -10.2284 2.2
      vertex 8.25 -10 2.2
    endloop
  endfacet
  facet normal 0 0 1
    outer loop
      vertex 8.19037 -9.54707 2.2
      vertex 8.23503 -10.2284 2.2
      vertex 8.23503 -9.77158 2.2
    endloop
  endfacet
  facet normal 0 0 1
    outer loop
      vertex 8.19037 -9.54707 2.2
      vertex 8.19037 -10.4529 2.2
      vertex 8.23503 -10.2284 2.2
    endloop
  endfacet
  facet normal 0 0 1
    outer loop
      vertex 8.11679 -9.3303 2.2
      vertex 8.19037 -10.4529 2.2
      vertex 8.19037 -9.54707 2.2
    endloop
  endfacet
  facet normal 0 0 1
    outer loop
      vertex 8.11679 -9.3303 2.2
      vertex 8.11679 -10.6697 2.2
      vertex 8.19037 -10.4529 2.2
    endloop
  endfacet
  facet normal 0 0 1
    outer loop
      vertex 8.01554 -9.125 2.2
      vertex 8.11679 -10.6697 2.2
      vertex 8.11679 -9.3303 2.2
    endloop
  endfacet
  facet normal 0 0 1
    outer loop
      vertex 8.01554 -9.125 2.2
      vertex 8.01554 -10.875 2.2
      vertex 8.11679 -10.6697 2.2
    endloop
  endfacet
  facet normal 0 0 1
    outer loop
      vertex 7.88837 -8.93467 2.2
      vertex 8.01554 -10.875 2.2
      vertex 8.01554 -9.125 2.2
    endloop
  endfacet
  facet normal 0 0 1
    outer loop
      vertex 7.88837 -8.93467 2.2
      vertex 7.88837 -11.0653 2.2
      vertex 8.01554 -10.875 2.2
    endloop
  endfacet
  facet normal 0 0 1
    outer loop
      vertex 7.73744 -8.76256 2.2
      vertex 7.88837 -11.0653 2.2
      vertex 7.88837 -8.93467 2.2
    endloop
  endfacet
  facet normal 0 0 1
    outer loop
      vertex 7.73744 -8.76256 2.2
      vertex 7.73744 -11.2374 2.2
      vertex 7.88837 -11.0653 2.2
    endloop
  endfacet
  facet normal 0 0 1
    outer loop
      vertex 7.56533 -8.61163 2.2
      vertex 7.73744 -11.2374 2.2
      vertex 7.73744 -8.76256 2.2
    endloop
  endfacet
  facet normal 0 0 1
    outer loop
      vertex 7.56533 -8.61163 2.2
      vertex 7.56533 -11.3884 2.2
      vertex 7.73744 -11.2374 2.2
    endloop
  endfacet
  facet normal 0 0 1
    outer loop
      vertex 7.375 -8.48446 2.2
      vertex 7.56533 -11.3884 2.2
      vertex 7.56533 -8.61163 2.2
    endloop
  endfacet
  facet normal 0 0 1
    outer loop
      vertex 7.375 -8.48446 2.2
      vertex 7.375 -11.5155 2.2
      vertex 7.56533 -11.3884 2.2
    endloop
  endfacet
  facet normal 0 0 1
    outer loop
      vertex 7.1697 -8.38321 2.2
      vertex 7.375 -11.5155 2.2
      vertex 7.375 -8.48446 2.2
    endloop
  endfacet
  facet normal 0 0 1
    outer loop
      vertex 7.1697 -8.38321 2.2
      vertex 7.1697 -11.6168 2.2
      vertex 7.375 -11.5155 2.2
    endloop
  endfacet
  facet normal 0 0 1
    outer loop
      vertex 6.95293 -8.30963 2.2
      vertex 7.1697 -11.6168 2.2
      vertex 7.1697 -8.38321 2.2
    endloop
  endfacet
  facet normal 0 0 1
    outer loop
      vertex 6.95293 -8.30963 2.2
      vertex 6.95293 -11.6904 2.2
      vertex 7.1697 -11.6168 2.2
    endloop
  endfacet
  facet normal 0 0 1
    outer loop
      vertex 6.72842 -8.26497 2.2
      vertex 6.95293 -11.6904 2.2
      vertex 6.95293 -8.30963 2.2
    endloop
  endfacet
  facet normal 0 0 1
    outer loop
      vertex 6.72842 -8.26497 2.2
      vertex 6.72842 -11.735 2.2
      vertex 6.95293 -11.6904 2.2
    endloop
  endfacet
  facet normal 0 0 1
    outer loop
      vertex 6.5 -8.25 2.2
      vertex 6.72842 -11.735 2.2
      vertex 6.72842 -8.26497 2.2
    endloop
  endfacet
  facet normal 0 0 1
    outer loop
      vertex 6.5 -8.25 2.2
      vertex 6.5 -11.75 2.2
      vertex 6.72842 -11.735 2.2
    endloop
  endfacet
  facet normal -0 0 1
    outer loop
      vertex 6.27158 -8.26497 2.2
      vertex 6.5 -11.75 2.2
      vertex 6.5 -8.25 2.2
    endloop
  endfacet
  facet normal 0 0 1
    outer loop
      vertex 6.27158 -8.26497 2.2
      vertex 6.27158 -11.735 2.2
      vertex 6.5 -11.75 2.2
    endloop
  endfacet
  facet normal -0 0 1
    outer loop
      vertex 6.04707 -8.30963 2.2
      vertex 6.27158 -11.735 2.2
      vertex 6.27158 -8.26497 2.2
    endloop
  endfacet
  facet normal 0 0 1
    outer loop
      vertex 6.04707 -8.30963 2.2
      vertex 6.04707 -11.6904 2.2
      vertex 6.27158 -11.735 2.2
    endloop
  endfacet
  facet normal -0 0 1
    outer loop
      vertex 5.8303 -8.38321 2.2
      vertex 6.04707 -11.6904 2.2
      vertex 6.04707 -8.30963 2.2
    endloop
  endfacet
  facet normal 0 0 1
    outer loop
      vertex 5.8303 -8.38321 2.2
      vertex 5.8303 -11.6168 2.2
      vertex 6.04707 -11.6904 2.2
    endloop
  endfacet
  facet normal -0 0 1
    outer loop
      vertex 5.625 -8.48446 2.2
      vertex 5.8303 -11.6168 2.2
      vertex 5.8303 -8.38321 2.2
    endloop
  endfacet
  facet normal 0 0 1
    outer loop
      vertex 5.625 -8.48446 2.2
      vertex 5.625 -11.5155 2.2
      vertex 5.8303 -11.6168 2.2
    endloop
  endfacet
  facet normal -0 0 1
    outer loop
      vertex 5.43467 -8.61163 2.2
      vertex 5.625 -11.5155 2.2
      vertex 5.625 -8.48446 2.2
    endloop
  endfacet
  facet normal 0 0 1
    outer loop
      vertex 5.43467 -8.61163 2.2
      vertex 5.43467 -11.3884 2.2
      vertex 5.625 -11.5155 2.2
    endloop
  endfacet
  facet normal -0 0 1
    outer loop
      vertex 5.26256 -8.76256 2.2
      vertex 5.43467 -11.3884 2.2
      vertex 5.43467 -8.61163 2.2
    endloop
  endfacet
  facet normal 0 0 1
    outer loop
      vertex 5.26256 -8.76256 2.2
      vertex 5.26256 -11.2374 2.2
      vertex 5.43467 -11.3884 2.2
    endloop
  endfacet
  facet normal -0 0 1
    outer loop
      vertex 5.11163 -8.93467 2.2
      vertex 5.26256 -11.2374 2.2
      vertex 5.26256 -8.76256 2.2
    endloop
  endfacet
  facet normal 0 0 1
    outer loop
      vertex 5.11163 -8.93467 2.2
      vertex 5.11163 -11.0653 2.2
      vertex 5.26256 -11.2374 2.2
    endloop
  endfacet
  facet normal -0 0 1
    outer loop
      vertex 4.98446 -9.125 2.2
      vertex 5.11163 -11.0653 2.2
      vertex 5.11163 -8.93467 2.2
    endloop
  endfacet
  facet normal 0 0 1
    outer loop
      vertex 4.98446 -9.125 2.2
      vertex 4.98446 -10.875 2.2
      vertex 5.11163 -11.0653 2.2
    endloop
  endfacet
  facet normal -0 0 1
    outer loop
      vertex 4.88321 -9.3303 2.2
      vertex 4.98446 -10.875 2.2
      vertex 4.98446 -9.125 2.2
    endloop
  endfacet
  facet normal 0 0 1
    outer loop
      vertex 4.88321 -9.3303 2.2
      vertex 4.88321 -10.6697 2.2
      vertex 4.98446 -10.875 2.2
    endloop
  endfacet
  facet normal -0 0 1
    outer loop
      vertex 4.80963 -9.54707 2.2
      vertex 4.88321 -10.6697 2.2
      vertex 4.88321 -9.3303 2.2
    endloop
  endfacet
  facet normal 0 0 1
    outer loop
      vertex 4.80963 -9.54707 2.2
      vertex 4.80963 -10.4529 2.2
      vertex 4.88321 -10.6697 2.2
    endloop
  endfacet
  facet normal -0 0 1
    outer loop
      vertex 4.76497 -9.77158 2.2
      vertex 4.80963 -10.4529 2.2
      vertex 4.80963 -9.54707 2.2
    endloop
  endfacet
  facet normal 0 0 1
    outer loop
      vertex 4.76497 -9.77158 2.2
      vertex 4.76497 -10.2284 2.2
      vertex 4.80963 -10.4529 2.2
    endloop
  endfacet
  facet normal 0 -0 1
    outer loop
      vertex 4.76497 -10.2284 2.2
      vertex 4.76497 -9.77158 2.2
      vertex 4.75 -10 2.2
    endloop
  endfacet
  facet normal 0 0 1
    outer loop
      vertex 95.235 -96.7716 2.2
      vertex 95.235 -97.2284 2.2
      vertex 95.25 -97 2.2
    endloop
  endfacet
  facet normal 0 0 1
    outer loop
      vertex 95.1904 -96.5471 2.2
      vertex 95.235 -97.2284 2.2
      vertex 95.235 -96.7716 2.2
    endloop
  endfacet
  facet normal 0 0 1
    outer loop
      vertex 95.1904 -96.5471 2.2
      vertex 95.1904 -97.4529 2.2
      vertex 95.235 -97.2284 2.2
    endloop
  endfacet
  facet normal 0 0 1
    outer loop
      vertex 95.1168 -96.3303 2.2
      vertex 95.1904 -97.4529 2.2
      vertex 95.1904 -96.5471 2.2
    endloop
  endfacet
  facet normal 0 0 1
    outer loop
      vertex 95.1168 -96.3303 2.2
      vertex 95.1168 -97.6697 2.2
      vertex 95.1904 -97.4529 2.2
    endloop
  endfacet
  facet normal 0 0 1
    outer loop
      vertex 95.0155 -96.125 2.2
      vertex 95.1168 -97.6697 2.2
      vertex 95.1168 -96.3303 2.2
    endloop
  endfacet
  facet normal 0 0 1
    outer loop
      vertex 95.0155 -96.125 2.2
      vertex 95.0155 -97.875 2.2
      vertex 95.1168 -97.6697 2.2
    endloop
  endfacet
  facet normal 0 0 1
    outer loop
      vertex 94.8884 -95.9347 2.2
      vertex 95.0155 -97.875 2.2
      vertex 95.0155 -96.125 2.2
    endloop
  endfacet
  facet normal 0 0 1
    outer loop
      vertex 94.8884 -95.9347 2.2
      vertex 94.8884 -98.0653 2.2
      vertex 95.0155 -97.875 2.2
    endloop
  endfacet
  facet normal 0 0 1
    outer loop
      vertex 94.7374 -95.7626 2.2
      vertex 94.8884 -98.0653 2.2
      vertex 94.8884 -95.9347 2.2
    endloop
  endfacet
  facet normal 0 0 1
    outer loop
      vertex 94.7374 -95.7626 2.2
      vertex 94.7374 -98.2374 2.2
      vertex 94.8884 -98.0653 2.2
    endloop
  endfacet
  facet normal 0 0 1
    outer loop
      vertex 94.5653 -95.6116 2.2
      vertex 94.7374 -98.2374 2.2
      vertex 94.7374 -95.7626 2.2
    endloop
  endfacet
  facet normal 0 0 1
    outer loop
      vertex 94.5653 -95.6116 2.2
      vertex 94.5653 -98.3884 2.2
      vertex 94.7374 -98.2374 2.2
    endloop
  endfacet
  facet normal 0 0 1
    outer loop
      vertex 94.375 -95.4845 2.2
      vertex 94.5653 -98.3884 2.2
      vertex 94.5653 -95.6116 2.2
    endloop
  endfacet
  facet normal 0 0 1
    outer loop
      vertex 94.375 -95.4845 2.2
      vertex 94.375 -98.5155 2.2
      vertex 94.5653 -98.3884 2.2
    endloop
  endfacet
  facet normal 0 0 1
    outer loop
      vertex 94.1697 -95.3832 2.2
      vertex 94.375 -98.5155 2.2
      vertex 94.375 -95.4845 2.2
    endloop
  endfacet
  facet normal 0 0 1
    outer loop
      vertex 94.1697 -95.3832 2.2
      vertex 94.1697 -98.6168 2.2
      vertex 94.375 -98.5155 2.2
    endloop
  endfacet
  facet normal 0 0 1
    outer loop
      vertex 93.9529 -95.3096 2.2
      vertex 94.1697 -98.6168 2.2
      vertex 94.1697 -95.3832 2.2
    endloop
  endfacet
  facet normal 0 0 1
    outer loop
      vertex 93.9529 -95.3096 2.2
      vertex 93.9529 -98.6904 2.2
      vertex 94.1697 -98.6168 2.2
    endloop
  endfacet
  facet normal 0 0 1
    outer loop
      vertex 93.7284 -95.265 2.2
      vertex 93.9529 -98.6904 2.2
      vertex 93.9529 -95.3096 2.2
    endloop
  endfacet
  facet normal 0 0 1
    outer loop
      vertex 93.7284 -95.265 2.2
      vertex 93.7284 -98.735 2.2
      vertex 93.9529 -98.6904 2.2
    endloop
  endfacet
  facet normal 0 0 1
    outer loop
      vertex 93.5 -95.25 2.2
      vertex 93.7284 -98.735 2.2
      vertex 93.7284 -95.265 2.2
    endloop
  endfacet
  facet normal 0 0 1
    outer loop
      vertex 93.5 -95.25 2.2
      vertex 93.5 -98.75 2.2
      vertex 93.7284 -98.735 2.2
    endloop
  endfacet
  facet normal -0 0 1
    outer loop
      vertex 93.2716 -95.265 2.2
      vertex 93.5 -98.75 2.2
      vertex 93.5 -95.25 2.2
    endloop
  endfacet
  facet normal 0 0 1
    outer loop
      vertex 93.2716 -95.265 2.2
      vertex 93.2716 -98.735 2.2
      vertex 93.5 -98.75 2.2
    endloop
  endfacet
  facet normal -0 0 1
    outer loop
      vertex 93.0471 -95.3096 2.2
      vertex 93.2716 -98.735 2.2
      vertex 93.2716 -95.265 2.2
    endloop
  endfacet
  facet normal 0 0 1
    outer loop
      vertex 93.0471 -95.3096 2.2
      vertex 93.0471 -98.6904 2.2
      vertex 93.2716 -98.735 2.2
    endloop
  endfacet
  facet normal -0 0 1
    outer loop
      vertex 92.8303 -95.3832 2.2
      vertex 93.0471 -98.6904 2.2
      vertex 93.0471 -95.3096 2.2
    endloop
  endfacet
  facet normal 0 0 1
    outer loop
      vertex 92.8303 -95.3832 2.2
      vertex 92.8303 -98.6168 2.2
      vertex 93.0471 -98.6904 2.2
    endloop
  endfacet
  facet normal -0 0 1
    outer loop
      vertex 92.625 -95.4845 2.2
      vertex 92.8303 -98.6168 2.2
      vertex 92.8303 -95.3832 2.2
    endloop
  endfacet
  facet normal 0 0 1
    outer loop
      vertex 92.625 -95.4845 2.2
      vertex 92.625 -98.5155 2.2
      vertex 92.8303 -98.6168 2.2
    endloop
  endfacet
  facet normal -0 0 1
    outer loop
      vertex 92.4347 -95.6116 2.2
      vertex 92.625 -98.5155 2.2
      vertex 92.625 -95.4845 2.2
    endloop
  endfacet
  facet normal 0 0 1
    outer loop
      vertex 92.4347 -95.6116 2.2
      vertex 92.4347 -98.3884 2.2
      vertex 92.625 -98.5155 2.2
    endloop
  endfacet
  facet normal -0 0 1
    outer loop
      vertex 92.2626 -95.7626 2.2
      vertex 92.4347 -98.3884 2.2
      vertex 92.4347 -95.6116 2.2
    endloop
  endfacet
  facet normal 0 0 1
    outer loop
      vertex 92.2626 -95.7626 2.2
      vertex 92.2626 -98.2374 2.2
      vertex 92.4347 -98.3884 2.2
    endloop
  endfacet
  facet normal -0 0 1
    outer loop
      vertex 92.1116 -95.9347 2.2
      vertex 92.2626 -98.2374 2.2
      vertex 92.2626 -95.7626 2.2
    endloop
  endfacet
  facet normal 0 0 1
    outer loop
      vertex 92.1116 -95.9347 2.2
      vertex 92.1116 -98.0653 2.2
      vertex 92.2626 -98.2374 2.2
    endloop
  endfacet
  facet normal -0 0 1
    outer loop
      vertex 91.9845 -96.125 2.2
      vertex 92.1116 -98.0653 2.2
      vertex 92.1116 -95.9347 2.2
    endloop
  endfacet
  facet normal 0 0 1
    outer loop
      vertex 91.9845 -96.125 2.2
      vertex 91.9845 -97.875 2.2
      vertex 92.1116 -98.0653 2.2
    endloop
  endfacet
  facet normal -0 0 1
    outer loop
      vertex 91.8832 -96.3303 2.2
      vertex 91.9845 -97.875 2.2
      vertex 91.9845 -96.125 2.2
    endloop
  endfacet
  facet normal 0 0 1
    outer loop
      vertex 91.8832 -96.3303 2.2
      vertex 91.8832 -97.6697 2.2
      vertex 91.9845 -97.875 2.2
    endloop
  endfacet
  facet normal -0 0 1
    outer loop
      vertex 91.8096 -96.5471 2.2
      vertex 91.8832 -97.6697 2.2
      vertex 91.8832 -96.3303 2.2
    endloop
  endfacet
  facet normal 0 0 1
    outer loop
      vertex 91.8096 -96.5471 2.2
      vertex 91.8096 -97.4529 2.2
      vertex 91.8832 -97.6697 2.2
    endloop
  endfacet
  facet normal -0 0 1
    outer loop
      vertex 91.765 -96.7716 2.2
      vertex 91.8096 -97.4529 2.2
      vertex 91.8096 -96.5471 2.2
    endloop
  endfacet
  facet normal 0 0 1
    outer loop
      vertex 91.765 -96.7716 2.2
      vertex 91.765 -97.2284 2.2
      vertex 91.8096 -97.4529 2.2
    endloop
  endfacet
  facet normal 0 -0 1
    outer loop
      vertex 91.765 -97.2284 2.2
      vertex 91.765 -96.7716 2.2
      vertex 91.75 -97 2.2
    endloop
  endfacet
  facet normal 0 0 1
    outer loop
      vertex 95.235 -9.77158 2.2
      vertex 95.235 -10.2284 2.2
      vertex 95.25 -10 2.2
    endloop
  endfacet
  facet normal 0 0 1
    outer loop
      vertex 95.1904 -9.54707 2.2
      vertex 95.235 -10.2284 2.2
      vertex 95.235 -9.77158 2.2
    endloop
  endfacet
  facet normal 0 0 1
    outer loop
      vertex 95.1904 -9.54707 2.2
      vertex 95.1904 -10.4529 2.2
      vertex 95.235 -10.2284 2.2
    endloop
  endfacet
  facet normal 0 0 1
    outer loop
      vertex 95.1168 -9.3303 2.2
      vertex 95.1904 -10.4529 2.2
      vertex 95.1904 -9.54707 2.2
    endloop
  endfacet
  facet normal 0 0 1
    outer loop
      vertex 95.1168 -9.3303 2.2
      vertex 95.1168 -10.6697 2.2
      vertex 95.1904 -10.4529 2.2
    endloop
  endfacet
  facet normal 0 0 1
    outer loop
      vertex 95.0155 -9.125 2.2
      vertex 95.1168 -10.6697 2.2
      vertex 95.1168 -9.3303 2.2
    endloop
  endfacet
  facet normal 0 0 1
    outer loop
      vertex 95.0155 -9.125 2.2
      vertex 95.0155 -10.875 2.2
      vertex 95.1168 -10.6697 2.2
    endloop
  endfacet
  facet normal 0 0 1
    outer loop
      vertex 94.8884 -8.93467 2.2
      vertex 95.0155 -10.875 2.2
      vertex 95.0155 -9.125 2.2
    endloop
  endfacet
  facet normal 0 0 1
    outer loop
      vertex 94.8884 -8.93467 2.2
      vertex 94.8884 -11.0653 2.2
      vertex 95.0155 -10.875 2.2
    endloop
  endfacet
  facet normal 0 0 1
    outer loop
      vertex 94.7374 -8.76256 2.2
      vertex 94.8884 -11.0653 2.2
      vertex 94.8884 -8.93467 2.2
    endloop
  endfacet
  facet normal 0 0 1
    outer loop
      vertex 94.7374 -8.76256 2.2
      vertex 94.7374 -11.2374 2.2
      vertex 94.8884 -11.0653 2.2
    endloop
  endfacet
  facet normal 0 0 1
    outer loop
      vertex 94.5653 -8.61163 2.2
      vertex 94.7374 -11.2374 2.2
      vertex 94.7374 -8.76256 2.2
    endloop
  endfacet
  facet normal 0 0 1
    outer loop
      vertex 94.5653 -8.61163 2.2
      vertex 94.5653 -11.3884 2.2
      vertex 94.7374 -11.2374 2.2
    endloop
  endfacet
  facet normal 0 0 1
    outer loop
      vertex 94.375 -8.48446 2.2
      vertex 94.5653 -11.3884 2.2
      vertex 94.5653 -8.61163 2.2
    endloop
  endfacet
  facet normal 0 0 1
    outer loop
      vertex 94.375 -8.48446 2.2
      vertex 94.375 -11.5155 2.2
      vertex 94.5653 -11.3884 2.2
    endloop
  endfacet
  facet normal 0 0 1
    outer loop
      vertex 94.1697 -8.38321 2.2
      vertex 94.375 -11.5155 2.2
      vertex 94.375 -8.48446 2.2
    endloop
  endfacet
  facet normal 0 0 1
    outer loop
      vertex 94.1697 -8.38321 2.2
      vertex 94.1697 -11.6168 2.2
      vertex 94.375 -11.5155 2.2
    endloop
  endfacet
  facet normal 0 0 1
    outer loop
      vertex 93.9529 -8.30963 2.2
      vertex 94.1697 -11.6168 2.2
      vertex 94.1697 -8.38321 2.2
    endloop
  endfacet
  facet normal 0 0 1
    outer loop
      vertex 93.9529 -8.30963 2.2
      vertex 93.9529 -11.6904 2.2
      vertex 94.1697 -11.6168 2.2
    endloop
  endfacet
  facet normal 0 0 1
    outer loop
      vertex 93.7284 -8.26497 2.2
      vertex 93.9529 -11.6904 2.2
      vertex 93.9529 -8.30963 2.2
    endloop
  endfacet
  facet normal 0 0 1
    outer loop
      vertex 93.7284 -8.26497 2.2
      vertex 93.7284 -11.735 2.2
      vertex 93.9529 -11.6904 2.2
    endloop
  endfacet
  facet normal 0 0 1
    outer loop
      vertex 93.5 -8.25 2.2
      vertex 93.7284 -11.735 2.2
      vertex 93.7284 -8.26497 2.2
    endloop
  endfacet
  facet normal 0 0 1
    outer loop
      vertex 93.5 -8.25 2.2
      vertex 93.5 -11.75 2.2
      vertex 93.7284 -11.735 2.2
    endloop
  endfacet
  facet normal -0 0 1
    outer loop
      vertex 93.2716 -8.26497 2.2
      vertex 93.5 -11.75 2.2
      vertex 93.5 -8.25 2.2
    endloop
  endfacet
  facet normal 0 0 1
    outer loop
      vertex 93.2716 -8.26497 2.2
      vertex 93.2716 -11.735 2.2
      vertex 93.5 -11.75 2.2
    endloop
  endfacet
  facet normal -0 0 1
    outer loop
      vertex 93.0471 -8.30963 2.2
      vertex 93.2716 -11.735 2.2
      vertex 93.2716 -8.26497 2.2
    endloop
  endfacet
  facet normal 0 0 1
    outer loop
      vertex 93.0471 -8.30963 2.2
      vertex 93.0471 -11.6904 2.2
      vertex 93.2716 -11.735 2.2
    endloop
  endfacet
  facet normal -0 0 1
    outer loop
      vertex 92.8303 -8.38321 2.2
      vertex 93.0471 -11.6904 2.2
      vertex 93.0471 -8.30963 2.2
    endloop
  endfacet
  facet normal 0 0 1
    outer loop
      vertex 92.8303 -8.38321 2.2
      vertex 92.8303 -11.6168 2.2
      vertex 93.0471 -11.6904 2.2
    endloop
  endfacet
  facet normal -0 0 1
    outer loop
      vertex 92.625 -8.48446 2.2
      vertex 92.8303 -11.6168 2.2
      vertex 92.8303 -8.38321 2.2
    endloop
  endfacet
  facet normal 0 0 1
    outer loop
      vertex 92.625 -8.48446 2.2
      vertex 92.625 -11.5155 2.2
      vertex 92.8303 -11.6168 2.2
    endloop
  endfacet
  facet normal -0 0 1
    outer loop
      vertex 92.4347 -8.61163 2.2
      vertex 92.625 -11.5155 2.2
      vertex 92.625 -8.48446 2.2
    endloop
  endfacet
  facet normal 0 0 1
    outer loop
      vertex 92.4347 -8.61163 2.2
      vertex 92.4347 -11.3884 2.2
      vertex 92.625 -11.5155 2.2
    endloop
  endfacet
  facet normal -0 0 1
    outer loop
      vertex 92.2626 -8.76256 2.2
      vertex 92.4347 -11.3884 2.2
      vertex 92.4347 -8.61163 2.2
    endloop
  endfacet
  facet normal 0 0 1
    outer loop
      vertex 92.2626 -8.76256 2.2
      vertex 92.2626 -11.2374 2.2
      vertex 92.4347 -11.3884 2.2
    endloop
  endfacet
  facet normal -0 0 1
    outer loop
      vertex 92.1116 -8.93467 2.2
      vertex 92.2626 -11.2374 2.2
      vertex 92.2626 -8.76256 2.2
    endloop
  endfacet
  facet normal 0 0 1
    outer loop
      vertex 92.1116 -8.93467 2.2
      vertex 92.1116 -11.0653 2.2
      vertex 92.2626 -11.2374 2.2
    endloop
  endfacet
  facet normal -0 0 1
    outer loop
      vertex 91.9845 -9.125 2.2
      vertex 92.1116 -11.0653 2.2
      vertex 92.1116 -8.93467 2.2
    endloop
  endfacet
  facet normal 0 0 1
    outer loop
      vertex 91.9845 -9.125 2.2
      vertex 91.9845 -10.875 2.2
      vertex 92.1116 -11.0653 2.2
    endloop
  endfacet
  facet normal -0 0 1
    outer loop
      vertex 91.8832 -9.3303 2.2
      vertex 91.9845 -10.875 2.2
      vertex 91.9845 -9.125 2.2
    endloop
  endfacet
  facet normal 0 0 1
    outer loop
      vertex 91.8832 -9.3303 2.2
      vertex 91.8832 -10.6697 2.2
      vertex 91.9845 -10.875 2.2
    endloop
  endfacet
  facet normal -0 0 1
    outer loop
      vertex 91.8096 -9.54707 2.2
      vertex 91.8832 -10.6697 2.2
      vertex 91.8832 -9.3303 2.2
    endloop
  endfacet
  facet normal 0 0 1
    outer loop
      vertex 91.8096 -9.54707 2.2
      vertex 91.8096 -10.4529 2.2
      vertex 91.8832 -10.6697 2.2
    endloop
  endfacet
  facet normal -0 0 1
    outer loop
      vertex 91.765 -9.77158 2.2
      vertex 91.8096 -10.4529 2.2
      vertex 91.8096 -9.54707 2.2
    endloop
  endfacet
  facet normal 0 0 1
    outer loop
      vertex 91.765 -9.77158 2.2
      vertex 91.765 -10.2284 2.2
      vertex 91.8096 -10.4529 2.2
    endloop
  endfacet
  facet normal 0 -0 1
    outer loop
      vertex 91.765 -10.2284 2.2
      vertex 91.765 -9.77158 2.2
      vertex 91.75 -10 2.2
    endloop
  endfacet
  facet normal 0 0 -1
    outer loop
      vertex 2.87001 -32.72 0
      vertex 15.545 -29.33 0
      vertex 15.545 -32.72 0
    endloop
  endfacet
  facet normal -0 0 -1
    outer loop
      vertex 15.545 -29.33 0
      vertex 2.87001 -32.72 0
      vertex 2.87001 -29.33 0
    endloop
  endfacet
  facet normal 0 0 -1
    outer loop
      vertex 95.15 -100.63 0
      vertex 97.13 -98.65 0
      vertex 97.1131 -98.9084 0
    endloop
  endfacet
  facet normal 0 0 -1
    outer loop
      vertex 97.13 -98.65 0
      vertex 78.6 -72.9 0
      vertex 97.13 -8.35001 0
    endloop
  endfacet
  facet normal 0 0 -1
    outer loop
      vertex 95.15 -100.63 0
      vertex 97.1131 -98.9084 0
      vertex 97.0625 -99.1625 0
    endloop
  endfacet
  facet normal 0 0 -1
    outer loop
      vertex 78.6 -34.1 0
      vertex 97.13 -8.35001 0
      vertex 78.6 -72.9 0
    endloop
  endfacet
  facet normal 0 0 -1
    outer loop
      vertex 95.15 -100.63 0
      vertex 97.0625 -99.1625 0
      vertex 96.9793 -99.4077 0
    endloop
  endfacet
  facet normal 0 0 -1
    outer loop
      vertex 78.5863 -33.8912 0
      vertex 97.13 -8.35001 0
      vertex 78.6 -34.1 0
    endloop
  endfacet
  facet normal 0 0 -1
    outer loop
      vertex 95.15 -100.63 0
      vertex 96.9793 -99.4077 0
      vertex 96.8647 -99.64 0
    endloop
  endfacet
  facet normal 0 0 -1
    outer loop
      vertex 78.5455 -33.6859 0
      vertex 97.13 -8.35001 0
      vertex 78.5863 -33.8912 0
    endloop
  endfacet
  facet normal 0 0 -1
    outer loop
      vertex 95.15 -100.63 0
      vertex 96.8647 -99.64 0
      vertex 96.7208 -99.8553 0
    endloop
  endfacet
  facet normal 0 0 -1
    outer loop
      vertex 78.4782 -33.4877 0
      vertex 97.13 -8.35001 0
      vertex 78.5455 -33.6859 0
    endloop
  endfacet
  facet normal 0 0 -1
    outer loop
      vertex 95.15 -100.63 0
      vertex 96.7208 -99.8553 0
      vertex 96.5501 -100.05 0
    endloop
  endfacet
  facet normal 0 0 -1
    outer loop
      vertex 78.3856 -33.3 0
      vertex 97.13 -8.35001 0
      vertex 78.4782 -33.4877 0
    endloop
  endfacet
  facet normal 0 0 -1
    outer loop
      vertex 95.15 -100.63 0
      vertex 96.5501 -100.05 0
      vertex 96.3553 -100.221 0
    endloop
  endfacet
  facet normal 0 0 -1
    outer loop
      vertex 78.2694 -33.126 0
      vertex 97.13 -8.35001 0
      vertex 78.3856 -33.3 0
    endloop
  endfacet
  facet normal 0 0 -1
    outer loop
      vertex 95.15 -100.63 0
      vertex 96.3553 -100.221 0
      vertex 96.14 -100.365 0
    endloop
  endfacet
  facet normal 0 0 -1
    outer loop
      vertex 78.1314 -32.9686 0
      vertex 97.13 -8.35001 0
      vertex 78.2694 -33.126 0
    endloop
  endfacet
  facet normal 0 0 -1
    outer loop
      vertex 95.15 -100.63 0
      vertex 96.14 -100.365 0
      vertex 95.9077 -100.479 0
    endloop
  endfacet
  facet normal 0 0 -1
    outer loop
      vertex 77.974 -32.8306 0
      vertex 97.13 -8.35001 0
      vertex 78.1314 -32.9686 0
    endloop
  endfacet
  facet normal 0 0 -1
    outer loop
      vertex 95.15 -100.63 0
      vertex 95.9077 -100.479 0
      vertex 95.6625 -100.563 0
    endloop
  endfacet
  facet normal 0 0 -1
    outer loop
      vertex 77.8 -32.7144 0
      vertex 97.13 -8.35001 0
      vertex 77.974 -32.8306 0
    endloop
  endfacet
  facet normal 0 0 -1
    outer loop
      vertex 95.15 -100.63 0
      vertex 95.6625 -100.563 0
      vertex 95.4084 -100.613 0
    endloop
  endfacet
  facet normal 0 -0 -1
    outer loop
      vertex 95.15 -6.37001 0
      vertex 97.13 -8.35001 0
      vertex 77.8 -32.7144 0
    endloop
  endfacet
  facet normal -0 0 -1
    outer loop
      vertex 97.13 -98.65 0
      vertex 95.15 -100.63 0
      vertex 77.8 -74.2856 0
    endloop
  endfacet
  facet normal 0 0 -1
    outer loop
      vertex 97.1131 -8.09157 0
      vertex 95.15 -6.37001 0
      vertex 97.0625 -7.83754 0
    endloop
  endfacet
  facet normal 0 0 -1
    outer loop
      vertex 97.0625 -7.83754 0
      vertex 95.15 -6.37001 0
      vertex 96.9793 -7.5923 0
    endloop
  endfacet
  facet normal 0 0 -1
    outer loop
      vertex 97.13 -98.65 0
      vertex 78.5863 -73.1088 0
      vertex 78.6 -72.9 0
    endloop
  endfacet
  facet normal 0 0 -1
    outer loop
      vertex 97.13 -98.65 0
      vertex 78.5455 -73.3141 0
      vertex 78.5863 -73.1088 0
    endloop
  endfacet
  facet normal 0 0 -1
    outer loop
      vertex 97.13 -98.65 0
      vertex 78.4782 -73.5123 0
      vertex 78.5455 -73.3141 0
    endloop
  endfacet
  facet normal 0 0 -1
    outer loop
      vertex 97.13 -98.65 0
      vertex 78.3856 -73.7 0
      vertex 78.4782 -73.5123 0
    endloop
  endfacet
  facet normal 0 0 -1
    outer loop
      vertex 97.13 -98.65 0
      vertex 78.2694 -73.874 0
      vertex 78.3856 -73.7 0
    endloop
  endfacet
  facet normal 0 0 -1
    outer loop
      vertex 97.13 -98.65 0
      vertex 78.1314 -74.0314 0
      vertex 78.2694 -73.874 0
    endloop
  endfacet
  facet normal 0 0 -1
    outer loop
      vertex 97.13 -98.65 0
      vertex 77.974 -74.1694 0
      vertex 78.1314 -74.0314 0
    endloop
  endfacet
  facet normal 0 0 -1
    outer loop
      vertex 97.13 -98.65 0
      vertex 77.8 -74.2856 0
      vertex 77.974 -74.1694 0
    endloop
  endfacet
  facet normal 0 0 -1
    outer loop
      vertex 95.15 -100.63 0
      vertex 77.6123 -74.3782 0
      vertex 77.8 -74.2856 0
    endloop
  endfacet
  facet normal 0 0 -1
    outer loop
      vertex 95.15 -100.63 0
      vertex 77.4141 -74.4455 0
      vertex 77.6123 -74.3782 0
    endloop
  endfacet
  facet normal 0 0 -1
    outer loop
      vertex 95.15 -100.63 0
      vertex 77.2088 -74.4863 0
      vertex 77.4141 -74.4455 0
    endloop
  endfacet
  facet normal 0 0 -1
    outer loop
      vertex 95.15 -100.63 0
      vertex 77 -74.5 0
      vertex 77.2088 -74.4863 0
    endloop
  endfacet
  facet normal 0 0 -1
    outer loop
      vertex 95.15 -100.63 0
      vertex 76.7912 -74.4863 0
      vertex 77 -74.5 0
    endloop
  endfacet
  facet normal 0 0 -1
    outer loop
      vertex 68.2088 -74.4863 0
      vertex 76.7912 -74.4863 0
      vertex 95.15 -100.63 0
    endloop
  endfacet
  facet normal 0 0 -1
    outer loop
      vertex 76.7912 -74.4863 0
      vertex 68.2088 -74.4863 0
      vertex 76.5859 -74.4455 0
    endloop
  endfacet
  facet normal 0 0 -1
    outer loop
      vertex 76.5859 -74.4455 0
      vertex 68.4141 -74.4455 0
      vertex 76.3877 -74.3782 0
    endloop
  endfacet
  facet normal 0 -0 -1
    outer loop
      vertex 68.6123 -74.3782 0
      vertex 76.3877 -74.3782 0
      vertex 68.4141 -74.4455 0
    endloop
  endfacet
  facet normal 0 0 -1
    outer loop
      vertex 76.3877 -74.3782 0
      vertex 68.6123 -74.3782 0
      vertex 76.2 -74.2856 0
    endloop
  endfacet
  facet normal 0 -0 -1
    outer loop
      vertex 68.8 -74.2856 0
      vertex 76.2 -74.2856 0
      vertex 68.6123 -74.3782 0
    endloop
  endfacet
  facet normal 0 0 -1
    outer loop
      vertex 75.4 -72.9 0
      vertex 69.6 -72.9 0
      vertex 75.4 -34.1 0
    endloop
  endfacet
  facet normal 0 0 -1
    outer loop
      vertex 75.4137 -73.1088 0
      vertex 69.6 -72.9 0
      vertex 75.4 -72.9 0
    endloop
  endfacet
  facet normal 0 0 -1
    outer loop
      vertex 69.5863 -73.1088 0
      vertex 75.4137 -73.1088 0
      vertex 75.4545 -73.3141 0
    endloop
  endfacet
  facet normal 0 0 -1
    outer loop
      vertex 69.5455 -73.3141 0
      vertex 75.4545 -73.3141 0
      vertex 75.5218 -73.5123 0
    endloop
  endfacet
  facet normal 0 0 -1
    outer loop
      vertex 69.4782 -73.5123 0
      vertex 75.5218 -73.5123 0
      vertex 75.6144 -73.7 0
    endloop
  endfacet
  facet normal 0 0 -1
    outer loop
      vertex 69.3856 -73.7 0
      vertex 75.6144 -73.7 0
      vertex 75.7306 -73.874 0
    endloop
  endfacet
  facet normal 0 0 -1
    outer loop
      vertex 76.2 -74.2856 0
      vertex 68.8 -74.2856 0
      vertex 76.026 -74.1694 0
    endloop
  endfacet
  facet normal 0 0 -1
    outer loop
      vertex 75.4137 -73.1088 0
      vertex 69.5863 -73.1088 0
      vertex 69.6 -72.9 0
    endloop
  endfacet
  facet normal 0 0 -1
    outer loop
      vertex 75.4545 -73.3141 0
      vertex 69.5455 -73.3141 0
      vertex 69.5863 -73.1088 0
    endloop
  endfacet
  facet normal 0 0 -1
    outer loop
      vertex 75.5218 -73.5123 0
      vertex 69.4782 -73.5123 0
      vertex 69.5455 -73.3141 0
    endloop
  endfacet
  facet normal 0 0 -1
    outer loop
      vertex 75.6144 -73.7 0
      vertex 69.3856 -73.7 0
      vertex 69.4782 -73.5123 0
    endloop
  endfacet
  facet normal 0 0 -1
    outer loop
      vertex 75.7306 -73.874 0
      vertex 69.2694 -73.874 0
      vertex 69.3856 -73.7 0
    endloop
  endfacet
  facet normal -0 0 -1
    outer loop
      vertex 75.7306 -73.874 0
      vertex 69.1314 -74.0314 0
      vertex 69.2694 -73.874 0
    endloop
  endfacet
  facet normal 0 0 -1
    outer loop
      vertex 75.8686 -74.0314 0
      vertex 69.1314 -74.0314 0
      vertex 75.7306 -73.874 0
    endloop
  endfacet
  facet normal 0 -0 -1
    outer loop
      vertex 69.1314 -74.0314 0
      vertex 75.8686 -74.0314 0
      vertex 68.974 -74.1694 0
    endloop
  endfacet
  facet normal 0 0 -1
    outer loop
      vertex 76.026 -74.1694 0
      vertex 68.974 -74.1694 0
      vertex 75.8686 -74.0314 0
    endloop
  endfacet
  facet normal 0 -0 -1
    outer loop
      vertex 68.974 -74.1694 0
      vertex 76.026 -74.1694 0
      vertex 68.8 -74.2856 0
    endloop
  endfacet
  facet normal -0 0 -1
    outer loop
      vertex 76.5859 -74.4455 0
      vertex 68.2088 -74.4863 0
      vertex 68.4141 -74.4455 0
    endloop
  endfacet
  facet normal 0 0 -1
    outer loop
      vertex 95.15 -100.63 0
      vertex 68 -74.5 0
      vertex 68.2088 -74.4863 0
    endloop
  endfacet
  facet normal 0 0 -1
    outer loop
      vertex 95.15 -100.63 0
      vertex 67.7912 -74.4863 0
      vertex 68 -74.5 0
    endloop
  endfacet
  facet normal 0 0 -1
    outer loop
      vertex 59.2088 -74.4863 0
      vertex 67.7912 -74.4863 0
      vertex 95.15 -100.63 0
    endloop
  endfacet
  facet normal 0 0 -1
    outer loop
      vertex 67.7912 -74.4863 0
      vertex 59.2088 -74.4863 0
      vertex 67.5859 -74.4455 0
    endloop
  endfacet
  facet normal 0 -0 -1
    outer loop
      vertex 59.4141 -74.4455 0
      vertex 67.5859 -74.4455 0
      vertex 59.2088 -74.4863 0
    endloop
  endfacet
  facet normal 0 0 -1
    outer loop
      vertex 67.5859 -74.4455 0
      vertex 59.4141 -74.4455 0
      vertex 67.3877 -74.3782 0
    endloop
  endfacet
  facet normal 0 -0 -1
    outer loop
      vertex 59.6123 -74.3782 0
      vertex 67.3877 -74.3782 0
      vertex 59.4141 -74.4455 0
    endloop
  endfacet
  facet normal 0 0 -1
    outer loop
      vertex 66.4 -72.9 0
      vertex 60.6 -72.9 0
      vertex 66.4 -34.1 0
    endloop
  endfacet
  facet normal 0 0 -1
    outer loop
      vertex 66.4137 -73.1088 0
      vertex 60.6 -72.9 0
      vertex 66.4 -72.9 0
    endloop
  endfacet
  facet normal 0 0 -1
    outer loop
      vertex 60.5863 -73.1088 0
      vertex 66.4137 -73.1088 0
      vertex 66.4545 -73.3141 0
    endloop
  endfacet
  facet normal 0 0 -1
    outer loop
      vertex 60.5455 -73.3141 0
      vertex 66.4545 -73.3141 0
      vertex 66.5218 -73.5123 0
    endloop
  endfacet
  facet normal 0 0 -1
    outer loop
      vertex 60.4782 -73.5123 0
      vertex 66.5218 -73.5123 0
      vertex 66.6144 -73.7 0
    endloop
  endfacet
  facet normal 0 0 -1
    outer loop
      vertex 60.3856 -73.7 0
      vertex 66.6144 -73.7 0
      vertex 66.7306 -73.874 0
    endloop
  endfacet
  facet normal 0 0 -1
    outer loop
      vertex 60.2694 -73.874 0
      vertex 66.7306 -73.874 0
      vertex 66.8686 -74.0314 0
    endloop
  endfacet
  facet normal 0 0 -1
    outer loop
      vertex 67.3877 -74.3782 0
      vertex 59.6123 -74.3782 0
      vertex 67.2 -74.2856 0
    endloop
  endfacet
  facet normal 0 0 -1
    outer loop
      vertex 66.4137 -73.1088 0
      vertex 60.5863 -73.1088 0
      vertex 60.6 -72.9 0
    endloop
  endfacet
  facet normal 0 0 -1
    outer loop
      vertex 66.4545 -73.3141 0
      vertex 60.5455 -73.3141 0
      vertex 60.5863 -73.1088 0
    endloop
  endfacet
  facet normal 0 0 -1
    outer loop
      vertex 66.5218 -73.5123 0
      vertex 60.4782 -73.5123 0
      vertex 60.5455 -73.3141 0
    endloop
  endfacet
  facet normal 0 0 -1
    outer loop
      vertex 66.6144 -73.7 0
      vertex 60.3856 -73.7 0
      vertex 60.4782 -73.5123 0
    endloop
  endfacet
  facet normal 0 0 -1
    outer loop
      vertex 66.7306 -73.874 0
      vertex 60.2694 -73.874 0
      vertex 60.3856 -73.7 0
    endloop
  endfacet
  facet normal 0 0 -1
    outer loop
      vertex 66.8686 -74.0314 0
      vertex 60.1314 -74.0314 0
      vertex 60.2694 -73.874 0
    endloop
  endfacet
  facet normal -0 0 -1
    outer loop
      vertex 66.8686 -74.0314 0
      vertex 59.974 -74.1694 0
      vertex 60.1314 -74.0314 0
    endloop
  endfacet
  facet normal 0 0 -1
    outer loop
      vertex 67.026 -74.1694 0
      vertex 59.974 -74.1694 0
      vertex 66.8686 -74.0314 0
    endloop
  endfacet
  facet normal 0 -0 -1
    outer loop
      vertex 59.974 -74.1694 0
      vertex 67.026 -74.1694 0
      vertex 59.8 -74.2856 0
    endloop
  endfacet
  facet normal 0 0 -1
    outer loop
      vertex 67.2 -74.2856 0
      vertex 59.8 -74.2856 0
      vertex 67.026 -74.1694 0
    endloop
  endfacet
  facet normal 0 -0 -1
    outer loop
      vertex 59.8 -74.2856 0
      vertex 67.2 -74.2856 0
      vertex 59.6123 -74.3782 0
    endloop
  endfacet
  facet normal 0 0 -1
    outer loop
      vertex 95.15 -100.63 0
      vertex 59 -74.5 0
      vertex 59.2088 -74.4863 0
    endloop
  endfacet
  facet normal 0 0 -1
    outer loop
      vertex 95.15 -100.63 0
      vertex 58.7912 -74.4863 0
      vertex 59 -74.5 0
    endloop
  endfacet
  facet normal 0 0 -1
    outer loop
      vertex 50.2088 -74.4863 0
      vertex 58.7912 -74.4863 0
      vertex 95.15 -100.63 0
    endloop
  endfacet
  facet normal 0 0 -1
    outer loop
      vertex 58.7912 -74.4863 0
      vertex 50.2088 -74.4863 0
      vertex 58.5859 -74.4455 0
    endloop
  endfacet
  facet normal 0 -0 -1
    outer loop
      vertex 50.4141 -74.4455 0
      vertex 58.5859 -74.4455 0
      vertex 50.2088 -74.4863 0
    endloop
  endfacet
  facet normal 0 0 -1
    outer loop
      vertex 58.5859 -74.4455 0
      vertex 50.4141 -74.4455 0
      vertex 58.3877 -74.3782 0
    endloop
  endfacet
  facet normal 0 0 -1
    outer loop
      vertex 57.4 -72.9 0
      vertex 51.6 -72.9 0
      vertex 57.4 -34.1 0
    endloop
  endfacet
  facet normal 0 0 -1
    outer loop
      vertex 57.4137 -73.1088 0
      vertex 51.6 -72.9 0
      vertex 57.4 -72.9 0
    endloop
  endfacet
  facet normal 0 0 -1
    outer loop
      vertex 51.5863 -73.1088 0
      vertex 57.4137 -73.1088 0
      vertex 57.4545 -73.3141 0
    endloop
  endfacet
  facet normal 0 0 -1
    outer loop
      vertex 51.5455 -73.3141 0
      vertex 57.4545 -73.3141 0
      vertex 57.5218 -73.5123 0
    endloop
  endfacet
  facet normal 0 0 -1
    outer loop
      vertex 51.4782 -73.5123 0
      vertex 57.5218 -73.5123 0
      vertex 57.6144 -73.7 0
    endloop
  endfacet
  facet normal 0 0 -1
    outer loop
      vertex 51.3856 -73.7 0
      vertex 57.6144 -73.7 0
      vertex 57.7306 -73.874 0
    endloop
  endfacet
  facet normal 0 0 -1
    outer loop
      vertex 51.2694 -73.874 0
      vertex 57.7306 -73.874 0
      vertex 57.8686 -74.0314 0
    endloop
  endfacet
  facet normal 0 0 -1
    outer loop
      vertex 51.1314 -74.0314 0
      vertex 57.8686 -74.0314 0
      vertex 58.026 -74.1694 0
    endloop
  endfacet
  facet normal 0 -0 -1
    outer loop
      vertex 50.6123 -74.3782 0
      vertex 58.3877 -74.3782 0
      vertex 50.4141 -74.4455 0
    endloop
  endfacet
  facet normal 0 0 -1
    outer loop
      vertex 57.4137 -73.1088 0
      vertex 51.5863 -73.1088 0
      vertex 51.6 -72.9 0
    endloop
  endfacet
  facet normal 0 0 -1
    outer loop
      vertex 57.4545 -73.3141 0
      vertex 51.5455 -73.3141 0
      vertex 51.5863 -73.1088 0
    endloop
  endfacet
  facet normal 0 0 -1
    outer loop
      vertex 57.5218 -73.5123 0
      vertex 51.4782 -73.5123 0
      vertex 51.5455 -73.3141 0
    endloop
  endfacet
  facet normal 0 0 -1
    outer loop
      vertex 57.6144 -73.7 0
      vertex 51.3856 -73.7 0
      vertex 51.4782 -73.5123 0
    endloop
  endfacet
  facet normal 0 0 -1
    outer loop
      vertex 57.7306 -73.874 0
      vertex 51.2694 -73.874 0
      vertex 51.3856 -73.7 0
    endloop
  endfacet
  facet normal 0 0 -1
    outer loop
      vertex 57.8686 -74.0314 0
      vertex 51.1314 -74.0314 0
      vertex 51.2694 -73.874 0
    endloop
  endfacet
  facet normal 0 0 -1
    outer loop
      vertex 58.026 -74.1694 0
      vertex 50.974 -74.1694 0
      vertex 51.1314 -74.0314 0
    endloop
  endfacet
  facet normal -0 0 -1
    outer loop
      vertex 58.026 -74.1694 0
      vertex 50.8 -74.2856 0
      vertex 50.974 -74.1694 0
    endloop
  endfacet
  facet normal 0 0 -1
    outer loop
      vertex 58.2 -74.2856 0
      vertex 50.8 -74.2856 0
      vertex 58.026 -74.1694 0
    endloop
  endfacet
  facet normal 0 -0 -1
    outer loop
      vertex 50.8 -74.2856 0
      vertex 58.2 -74.2856 0
      vertex 50.6123 -74.3782 0
    endloop
  endfacet
  facet normal 0 0 -1
    outer loop
      vertex 58.3877 -74.3782 0
      vertex 50.6123 -74.3782 0
      vertex 58.2 -74.2856 0
    endloop
  endfacet
  facet normal 0 0 -1
    outer loop
      vertex 95.15 -100.63 0
      vertex 50 -74.5 0
      vertex 50.2088 -74.4863 0
    endloop
  endfacet
  facet normal 0 0 -1
    outer loop
      vertex 4.85001 -100.63 0
      vertex 50 -74.5 0
      vertex 95.15 -100.63 0
    endloop
  endfacet
  facet normal -0 0 -1
    outer loop
      vertex 50 -74.5 0
      vertex 4.85001 -100.63 0
      vertex 49.7912 -74.4863 0
    endloop
  endfacet
  facet normal 0 -0 -1
    outer loop
      vertex 41.2088 -74.4863 0
      vertex 49.7912 -74.4863 0
      vertex 4.85001 -100.63 0
    endloop
  endfacet
  facet normal 0 0 -1
    outer loop
      vertex 49.7912 -74.4863 0
      vertex 41.2088 -74.4863 0
      vertex 49.5859 -74.4455 0
    endloop
  endfacet
  facet normal 0 0 -1
    outer loop
      vertex 48.4 -72.9 0
      vertex 42.6 -72.9 0
      vertex 48.4 -34.1 0
    endloop
  endfacet
  facet normal 0 0 -1
    outer loop
      vertex 48.4137 -73.1088 0
      vertex 42.6 -72.9 0
      vertex 48.4 -72.9 0
    endloop
  endfacet
  facet normal 0 0 -1
    outer loop
      vertex 42.5863 -73.1088 0
      vertex 48.4137 -73.1088 0
      vertex 48.4545 -73.3141 0
    endloop
  endfacet
  facet normal 0 0 -1
    outer loop
      vertex 42.5455 -73.3141 0
      vertex 48.4545 -73.3141 0
      vertex 48.5218 -73.5123 0
    endloop
  endfacet
  facet normal 0 0 -1
    outer loop
      vertex 42.4782 -73.5123 0
      vertex 48.5218 -73.5123 0
      vertex 48.6144 -73.7 0
    endloop
  endfacet
  facet normal 0 0 -1
    outer loop
      vertex 42.3856 -73.7 0
      vertex 48.6144 -73.7 0
      vertex 48.7306 -73.874 0
    endloop
  endfacet
  facet normal 0 0 -1
    outer loop
      vertex 42.2694 -73.874 0
      vertex 48.7306 -73.874 0
      vertex 48.8686 -74.0314 0
    endloop
  endfacet
  facet normal 0 0 -1
    outer loop
      vertex 42.1314 -74.0314 0
      vertex 48.8686 -74.0314 0
      vertex 49.026 -74.1694 0
    endloop
  endfacet
  facet normal 0 0 -1
    outer loop
      vertex 41.974 -74.1694 0
      vertex 49.026 -74.1694 0
      vertex 49.2 -74.2856 0
    endloop
  endfacet
  facet normal 0 -0 -1
    outer loop
      vertex 41.4141 -74.4455 0
      vertex 49.5859 -74.4455 0
      vertex 41.2088 -74.4863 0
    endloop
  endfacet
  facet normal 0 0 -1
    outer loop
      vertex 48.4137 -73.1088 0
      vertex 42.5863 -73.1088 0
      vertex 42.6 -72.9 0
    endloop
  endfacet
  facet normal 0 0 -1
    outer loop
      vertex 48.4545 -73.3141 0
      vertex 42.5455 -73.3141 0
      vertex 42.5863 -73.1088 0
    endloop
  endfacet
  facet normal 0 0 -1
    outer loop
      vertex 48.5218 -73.5123 0
      vertex 42.4782 -73.5123 0
      vertex 42.5455 -73.3141 0
    endloop
  endfacet
  facet normal 0 0 -1
    outer loop
      vertex 48.6144 -73.7 0
      vertex 42.3856 -73.7 0
      vertex 42.4782 -73.5123 0
    endloop
  endfacet
  facet normal 0 0 -1
    outer loop
      vertex 48.7306 -73.874 0
      vertex 42.2694 -73.874 0
      vertex 42.3856 -73.7 0
    endloop
  endfacet
  facet normal 0 0 -1
    outer loop
      vertex 48.8686 -74.0314 0
      vertex 42.1314 -74.0314 0
      vertex 42.2694 -73.874 0
    endloop
  endfacet
  facet normal 0 0 -1
    outer loop
      vertex 49.026 -74.1694 0
      vertex 41.974 -74.1694 0
      vertex 42.1314 -74.0314 0
    endloop
  endfacet
  facet normal 0 0 -1
    outer loop
      vertex 49.2 -74.2856 0
      vertex 41.8 -74.2856 0
      vertex 41.974 -74.1694 0
    endloop
  endfacet
  facet normal -0 0 -1
    outer loop
      vertex 49.2 -74.2856 0
      vertex 41.6123 -74.3782 0
      vertex 41.8 -74.2856 0
    endloop
  endfacet
  facet normal 0 0 -1
    outer loop
      vertex 49.3877 -74.3782 0
      vertex 41.6123 -74.3782 0
      vertex 49.2 -74.2856 0
    endloop
  endfacet
  facet normal 0 -0 -1
    outer loop
      vertex 41.6123 -74.3782 0
      vertex 49.3877 -74.3782 0
      vertex 41.4141 -74.4455 0
    endloop
  endfacet
  facet normal 0 0 -1
    outer loop
      vertex 49.5859 -74.4455 0
      vertex 41.4141 -74.4455 0
      vertex 49.3877 -74.3782 0
    endloop
  endfacet
  facet normal 0 0 -1
    outer loop
      vertex 41.2088 -74.4863 0
      vertex 4.85001 -100.63 0
      vertex 41 -74.5 0
    endloop
  endfacet
  facet normal -0 0 -1
    outer loop
      vertex 41 -74.5 0
      vertex 4.85001 -100.63 0
      vertex 40.7912 -74.4863 0
    endloop
  endfacet
  facet normal 0 -0 -1
    outer loop
      vertex 32.2088 -74.4863 0
      vertex 40.7912 -74.4863 0
      vertex 4.85001 -100.63 0
    endloop
  endfacet
  facet normal 0 0 -1
    outer loop
      vertex 39.4 -72.9 0
      vertex 33.6 -72.9 0
      vertex 39.4 -34.1 0
    endloop
  endfacet
  facet normal 0 0 -1
    outer loop
      vertex 39.4137 -73.1088 0
      vertex 33.6 -72.9 0
      vertex 39.4 -72.9 0
    endloop
  endfacet
  facet normal 0 0 -1
    outer loop
      vertex 33.5863 -73.1088 0
      vertex 39.4137 -73.1088 0
      vertex 39.4545 -73.3141 0
    endloop
  endfacet
  facet normal 0 0 -1
    outer loop
      vertex 33.5455 -73.3141 0
      vertex 39.4545 -73.3141 0
      vertex 39.5218 -73.5123 0
    endloop
  endfacet
  facet normal 0 0 -1
    outer loop
      vertex 33.4782 -73.5123 0
      vertex 39.5218 -73.5123 0
      vertex 39.6144 -73.7 0
    endloop
  endfacet
  facet normal 0 0 -1
    outer loop
      vertex 33.3856 -73.7 0
      vertex 39.6144 -73.7 0
      vertex 39.7306 -73.874 0
    endloop
  endfacet
  facet normal 0 0 -1
    outer loop
      vertex 33.2694 -73.874 0
      vertex 39.7306 -73.874 0
      vertex 39.8686 -74.0314 0
    endloop
  endfacet
  facet normal 0 0 -1
    outer loop
      vertex 33.1314 -74.0314 0
      vertex 39.8686 -74.0314 0
      vertex 40.026 -74.1694 0
    endloop
  endfacet
  facet normal 0 0 -1
    outer loop
      vertex 32.974 -74.1694 0
      vertex 40.026 -74.1694 0
      vertex 40.2 -74.2856 0
    endloop
  endfacet
  facet normal 0 0 -1
    outer loop
      vertex 32.8 -74.2856 0
      vertex 40.2 -74.2856 0
      vertex 40.3877 -74.3782 0
    endloop
  endfacet
  facet normal 0 0 -1
    outer loop
      vertex 40.7912 -74.4863 0
      vertex 32.2088 -74.4863 0
      vertex 40.5859 -74.4455 0
    endloop
  endfacet
  facet normal 0 0 -1
    outer loop
      vertex 39.4137 -73.1088 0
      vertex 33.5863 -73.1088 0
      vertex 33.6 -72.9 0
    endloop
  endfacet
  facet normal 0 0 -1
    outer loop
      vertex 39.4545 -73.3141 0
      vertex 33.5455 -73.3141 0
      vertex 33.5863 -73.1088 0
    endloop
  endfacet
  facet normal 0 0 -1
    outer loop
      vertex 39.5218 -73.5123 0
      vertex 33.4782 -73.5123 0
      vertex 33.5455 -73.3141 0
    endloop
  endfacet
  facet normal 0 0 -1
    outer loop
      vertex 39.6144 -73.7 0
      vertex 33.3856 -73.7 0
      vertex 33.4782 -73.5123 0
    endloop
  endfacet
  facet normal 0 0 -1
    outer loop
      vertex 39.7306 -73.874 0
      vertex 33.2694 -73.874 0
      vertex 33.3856 -73.7 0
    endloop
  endfacet
  facet normal 0 0 -1
    outer loop
      vertex 39.8686 -74.0314 0
      vertex 33.1314 -74.0314 0
      vertex 33.2694 -73.874 0
    endloop
  endfacet
  facet normal 0 0 -1
    outer loop
      vertex 40.026 -74.1694 0
      vertex 32.974 -74.1694 0
      vertex 33.1314 -74.0314 0
    endloop
  endfacet
  facet normal 0 0 -1
    outer loop
      vertex 40.2 -74.2856 0
      vertex 32.8 -74.2856 0
      vertex 32.974 -74.1694 0
    endloop
  endfacet
  facet normal 0 0 -1
    outer loop
      vertex 40.3877 -74.3782 0
      vertex 32.6123 -74.3782 0
      vertex 32.8 -74.2856 0
    endloop
  endfacet
  facet normal 0 -0 -1
    outer loop
      vertex 32.4141 -74.4455 0
      vertex 40.5859 -74.4455 0
      vertex 32.2088 -74.4863 0
    endloop
  endfacet
  facet normal -0 0 -1
    outer loop
      vertex 40.3877 -74.3782 0
      vertex 32.4141 -74.4455 0
      vertex 32.6123 -74.3782 0
    endloop
  endfacet
  facet normal 0 0 -1
    outer loop
      vertex 40.5859 -74.4455 0
      vertex 32.4141 -74.4455 0
      vertex 40.3877 -74.3782 0
    endloop
  endfacet
  facet normal 0 0 -1
    outer loop
      vertex 32.2088 -74.4863 0
      vertex 4.85001 -100.63 0
      vertex 32 -74.5 0
    endloop
  endfacet
  facet normal -0 0 -1
    outer loop
      vertex 32 -74.5 0
      vertex 4.85001 -100.63 0
      vertex 31.7912 -74.4863 0
    endloop
  endfacet
  facet normal 0 -0 -1
    outer loop
      vertex 23.2088 -74.4863 0
      vertex 31.7912 -74.4863 0
      vertex 4.85001 -100.63 0
    endloop
  endfacet
  facet normal 0 0 -1
    outer loop
      vertex 30.4 -72.9 0
      vertex 24.6 -72.9 0
      vertex 30.4 -34.1 0
    endloop
  endfacet
  facet normal 0 0 -1
    outer loop
      vertex 30.4137 -73.1088 0
      vertex 24.6 -72.9 0
      vertex 30.4 -72.9 0
    endloop
  endfacet
  facet normal 0 0 -1
    outer loop
      vertex 24.5863 -73.1088 0
      vertex 30.4137 -73.1088 0
      vertex 30.4545 -73.3141 0
    endloop
  endfacet
  facet normal 0 0 -1
    outer loop
      vertex 24.5455 -73.3141 0
      vertex 30.4545 -73.3141 0
      vertex 30.5218 -73.5123 0
    endloop
  endfacet
  facet normal 0 0 -1
    outer loop
      vertex 24.4782 -73.5123 0
      vertex 30.5218 -73.5123 0
      vertex 30.6144 -73.7 0
    endloop
  endfacet
  facet normal 0 0 -1
    outer loop
      vertex 24.3856 -73.7 0
      vertex 30.6144 -73.7 0
      vertex 30.7306 -73.874 0
    endloop
  endfacet
  facet normal 0 0 -1
    outer loop
      vertex 24.2694 -73.874 0
      vertex 30.7306 -73.874 0
      vertex 30.8686 -74.0314 0
    endloop
  endfacet
  facet normal 0 0 -1
    outer loop
      vertex 24.1314 -74.0314 0
      vertex 30.8686 -74.0314 0
      vertex 31.026 -74.1694 0
    endloop
  endfacet
  facet normal 0 0 -1
    outer loop
      vertex 23.974 -74.1694 0
      vertex 31.026 -74.1694 0
      vertex 31.2 -74.2856 0
    endloop
  endfacet
  facet normal 0 0 -1
    outer loop
      vertex 23.8 -74.2856 0
      vertex 31.2 -74.2856 0
      vertex 31.3877 -74.3782 0
    endloop
  endfacet
  facet normal 0 0 -1
    outer loop
      vertex 31.7912 -74.4863 0
      vertex 23.2088 -74.4863 0
      vertex 31.5859 -74.4455 0
    endloop
  endfacet
  facet normal 0 0 -1
    outer loop
      vertex 30.4137 -73.1088 0
      vertex 24.5863 -73.1088 0
      vertex 24.6 -72.9 0
    endloop
  endfacet
  facet normal 0 0 -1
    outer loop
      vertex 30.4545 -73.3141 0
      vertex 24.5455 -73.3141 0
      vertex 24.5863 -73.1088 0
    endloop
  endfacet
  facet normal 0 0 -1
    outer loop
      vertex 30.5218 -73.5123 0
      vertex 24.4782 -73.5123 0
      vertex 24.5455 -73.3141 0
    endloop
  endfacet
  facet normal 0 0 -1
    outer loop
      vertex 30.6144 -73.7 0
      vertex 24.3856 -73.7 0
      vertex 24.4782 -73.5123 0
    endloop
  endfacet
  facet normal 0 0 -1
    outer loop
      vertex 30.7306 -73.874 0
      vertex 24.2694 -73.874 0
      vertex 24.3856 -73.7 0
    endloop
  endfacet
  facet normal 0 0 -1
    outer loop
      vertex 30.8686 -74.0314 0
      vertex 24.1314 -74.0314 0
      vertex 24.2694 -73.874 0
    endloop
  endfacet
  facet normal 0 0 -1
    outer loop
      vertex 31.026 -74.1694 0
      vertex 23.974 -74.1694 0
      vertex 24.1314 -74.0314 0
    endloop
  endfacet
  facet normal 0 0 -1
    outer loop
      vertex 31.2 -74.2856 0
      vertex 23.8 -74.2856 0
      vertex 23.974 -74.1694 0
    endloop
  endfacet
  facet normal 0 0 -1
    outer loop
      vertex 31.5859 -74.4455 0
      vertex 23.4141 -74.4455 0
      vertex 31.3877 -74.3782 0
    endloop
  endfacet
  facet normal 0 0 -1
    outer loop
      vertex 31.3877 -74.3782 0
      vertex 23.6123 -74.3782 0
      vertex 23.8 -74.2856 0
    endloop
  endfacet
  facet normal -0 0 -1
    outer loop
      vertex 31.3877 -74.3782 0
      vertex 23.4141 -74.4455 0
      vertex 23.6123 -74.3782 0
    endloop
  endfacet
  facet normal -0 0 -1
    outer loop
      vertex 31.5859 -74.4455 0
      vertex 23.2088 -74.4863 0
      vertex 23.4141 -74.4455 0
    endloop
  endfacet
  facet normal 0 0 -1
    outer loop
      vertex 23.2088 -74.4863 0
      vertex 4.85001 -100.63 0
      vertex 23 -74.5 0
    endloop
  endfacet
  facet normal -0 0 -1
    outer loop
      vertex 23 -74.5 0
      vertex 4.85001 -100.63 0
      vertex 22.7912 -74.4863 0
    endloop
  endfacet
  facet normal -0 0 -1
    outer loop
      vertex 22.7912 -74.4863 0
      vertex 4.85001 -100.63 0
      vertex 22.5859 -74.4455 0
    endloop
  endfacet
  facet normal 0 0 -1
    outer loop
      vertex 21.4 -72.9 0
      vertex 15.545 -43.72 0
      vertex 21.4 -34.1 0
    endloop
  endfacet
  facet normal 0 0 -1
    outer loop
      vertex 2.87001 -98.65 0
      vertex 21.4 -72.9 0
      vertex 21.4137 -73.1088 0
    endloop
  endfacet
  facet normal 0 0 -1
    outer loop
      vertex 2.87001 -98.65 0
      vertex 21.4137 -73.1088 0
      vertex 21.4545 -73.3141 0
    endloop
  endfacet
  facet normal -0 0 -1
    outer loop
      vertex 22.5859 -74.4455 0
      vertex 4.85001 -100.63 0
      vertex 22.3877 -74.3782 0
    endloop
  endfacet
  facet normal 0 0 -1
    outer loop
      vertex 4.85001 -100.63 0
      vertex 22.2 -74.2856 0
      vertex 22.3877 -74.3782 0
    endloop
  endfacet
  facet normal 0 0 -1
    outer loop
      vertex 2.87001 -98.65 0
      vertex 22.2 -74.2856 0
      vertex 4.85001 -100.63 0
    endloop
  endfacet
  facet normal -0 0 -1
    outer loop
      vertex 22.2 -74.2856 0
      vertex 2.87001 -98.65 0
      vertex 22.026 -74.1694 0
    endloop
  endfacet
  facet normal -0 0 -1
    outer loop
      vertex 22.026 -74.1694 0
      vertex 2.87001 -98.65 0
      vertex 21.8686 -74.0314 0
    endloop
  endfacet
  facet normal -0 0 -1
    outer loop
      vertex 21.8686 -74.0314 0
      vertex 2.87001 -98.65 0
      vertex 21.7306 -73.874 0
    endloop
  endfacet
  facet normal -0 0 -1
    outer loop
      vertex 21.7306 -73.874 0
      vertex 2.87001 -98.65 0
      vertex 21.6144 -73.7 0
    endloop
  endfacet
  facet normal -0 0 -1
    outer loop
      vertex 21.6144 -73.7 0
      vertex 2.87001 -98.65 0
      vertex 21.5218 -73.5123 0
    endloop
  endfacet
  facet normal -0 0 -1
    outer loop
      vertex 21.5218 -73.5123 0
      vertex 2.87001 -98.65 0
      vertex 21.4545 -73.3141 0
    endloop
  endfacet
  facet normal 0 0 -1
    outer loop
      vertex 2.87001 -98.65 0
      vertex 4.85001 -100.63 0
      vertex 4.59157 -100.613 0
    endloop
  endfacet
  facet normal 0 0 -1
    outer loop
      vertex 2.87001 -98.65 0
      vertex 4.59157 -100.613 0
      vertex 4.33754 -100.563 0
    endloop
  endfacet
  facet normal 0 0 -1
    outer loop
      vertex 2.87001 -98.65 0
      vertex 4.33754 -100.563 0
      vertex 4.0923 -100.479 0
    endloop
  endfacet
  facet normal 0 0 -1
    outer loop
      vertex 2.87001 -98.65 0
      vertex 4.0923 -100.479 0
      vertex 3.86 -100.365 0
    endloop
  endfacet
  facet normal 0 0 -1
    outer loop
      vertex 2.87001 -98.65 0
      vertex 3.86 -100.365 0
      vertex 3.64465 -100.221 0
    endloop
  endfacet
  facet normal 0 0 -1
    outer loop
      vertex 2.87001 -98.65 0
      vertex 3.64465 -100.221 0
      vertex 3.44994 -100.05 0
    endloop
  endfacet
  facet normal 0 0 -1
    outer loop
      vertex 2.87001 -98.65 0
      vertex 3.44994 -100.05 0
      vertex 3.27916 -99.8553 0
    endloop
  endfacet
  facet normal 0 0 -1
    outer loop
      vertex 2.87001 -98.65 0
      vertex 3.27916 -99.8553 0
      vertex 3.13527 -99.64 0
    endloop
  endfacet
  facet normal 0 0 -1
    outer loop
      vertex 2.87001 -98.65 0
      vertex 3.13527 -99.64 0
      vertex 3.02072 -99.4077 0
    endloop
  endfacet
  facet normal 0 0 -1
    outer loop
      vertex 2.87001 -98.65 0
      vertex 3.02072 -99.4077 0
      vertex 2.93747 -99.1625 0
    endloop
  endfacet
  facet normal 0 0 -1
    outer loop
      vertex 2.87001 -98.65 0
      vertex 2.93747 -99.1625 0
      vertex 2.88695 -98.9084 0
    endloop
  endfacet
  facet normal -0 0 -1
    outer loop
      vertex 21.4 -72.9 0
      vertex 2.87001 -98.65 0
      vertex 2.87001 -43.72 0
    endloop
  endfacet
  facet normal 0 0 -1
    outer loop
      vertex 21.4 -72.9 0
      vertex 2.87001 -43.72 0
      vertex 15.545 -43.72 0
    endloop
  endfacet
  facet normal 0 0 -1
    outer loop
      vertex 96.8647 -7.36 0
      vertex 95.15 -6.37001 0
      vertex 96.7208 -7.14465 0
    endloop
  endfacet
  facet normal 0 0 -1
    outer loop
      vertex 96.5501 -6.94994 0
      vertex 95.15 -6.37001 0
      vertex 96.3553 -6.77916 0
    endloop
  endfacet
  facet normal 0 0 -1
    outer loop
      vertex 96.3553 -6.77916 0
      vertex 95.15 -6.37001 0
      vertex 96.14 -6.63527 0
    endloop
  endfacet
  facet normal 0 0 -1
    outer loop
      vertex 95.9077 -6.52072 0
      vertex 95.15 -6.37001 0
      vertex 95.6625 -6.43747 0
    endloop
  endfacet
  facet normal 0 0 -1
    outer loop
      vertex 95.6625 -6.43747 0
      vertex 95.15 -6.37001 0
      vertex 95.4084 -6.38695 0
    endloop
  endfacet
  facet normal 0 0 -1
    outer loop
      vertex 96.14 -6.63527 0
      vertex 95.15 -6.37001 0
      vertex 95.9077 -6.52072 0
    endloop
  endfacet
  facet normal 0 0 -1
    outer loop
      vertex 96.7208 -7.14465 0
      vertex 95.15 -6.37001 0
      vertex 96.5501 -6.94994 0
    endloop
  endfacet
  facet normal 0 0 -1
    outer loop
      vertex 96.9793 -7.5923 0
      vertex 95.15 -6.37001 0
      vertex 96.8647 -7.36 0
    endloop
  endfacet
  facet normal 0 0 -1
    outer loop
      vertex 97.13 -8.35001 0
      vertex 95.15 -6.37001 0
      vertex 97.1131 -8.09157 0
    endloop
  endfacet
  facet normal 0 0 -1
    outer loop
      vertex 77.6123 -32.6218 0
      vertex 95.15 -6.37001 0
      vertex 77.8 -32.7144 0
    endloop
  endfacet
  facet normal 0 0 -1
    outer loop
      vertex 77.4141 -32.5545 0
      vertex 95.15 -6.37001 0
      vertex 77.6123 -32.6218 0
    endloop
  endfacet
  facet normal 0 0 -1
    outer loop
      vertex 77.2088 -32.5137 0
      vertex 95.15 -6.37001 0
      vertex 77.4141 -32.5545 0
    endloop
  endfacet
  facet normal 0 0 -1
    outer loop
      vertex 77 -32.5 0
      vertex 95.15 -6.37001 0
      vertex 77.2088 -32.5137 0
    endloop
  endfacet
  facet normal 0 0 -1
    outer loop
      vertex 76.7912 -32.5137 0
      vertex 95.15 -6.37001 0
      vertex 77 -32.5 0
    endloop
  endfacet
  facet normal 0 0 -1
    outer loop
      vertex 68.2088 -32.5137 0
      vertex 76.7912 -32.5137 0
      vertex 76.5859 -32.5545 0
    endloop
  endfacet
  facet normal 0 0 -1
    outer loop
      vertex 68.4141 -32.5545 0
      vertex 76.5859 -32.5545 0
      vertex 76.3877 -32.6218 0
    endloop
  endfacet
  facet normal 0 0 -1
    outer loop
      vertex 68.6123 -32.6218 0
      vertex 76.3877 -32.6218 0
      vertex 76.2 -32.7144 0
    endloop
  endfacet
  facet normal 0 0 -1
    outer loop
      vertex 68.8 -32.7144 0
      vertex 76.2 -32.7144 0
      vertex 76.026 -32.8306 0
    endloop
  endfacet
  facet normal 0 0 -1
    outer loop
      vertex 68.974 -32.8306 0
      vertex 76.026 -32.8306 0
      vertex 75.8686 -32.9686 0
    endloop
  endfacet
  facet normal 0 0 -1
    outer loop
      vertex 69.1314 -32.9686 0
      vertex 75.8686 -32.9686 0
      vertex 75.7306 -33.126 0
    endloop
  endfacet
  facet normal 0 0 -1
    outer loop
      vertex 69.6 -34.1 0
      vertex 75.4 -34.1 0
      vertex 69.6 -72.9 0
    endloop
  endfacet
  facet normal 0 0 -1
    outer loop
      vertex 75.4 -34.1 0
      vertex 69.6 -34.1 0
      vertex 75.4137 -33.8912 0
    endloop
  endfacet
  facet normal 0 0 -1
    outer loop
      vertex 69.5863 -33.8912 0
      vertex 75.4137 -33.8912 0
      vertex 69.6 -34.1 0
    endloop
  endfacet
  facet normal 0 0 -1
    outer loop
      vertex 75.4137 -33.8912 0
      vertex 69.5863 -33.8912 0
      vertex 75.4545 -33.6859 0
    endloop
  endfacet
  facet normal 0 0 -1
    outer loop
      vertex 69.5455 -33.6859 0
      vertex 75.4545 -33.6859 0
      vertex 69.5863 -33.8912 0
    endloop
  endfacet
  facet normal 0 0 -1
    outer loop
      vertex 75.4545 -33.6859 0
      vertex 69.5455 -33.6859 0
      vertex 75.5218 -33.4877 0
    endloop
  endfacet
  facet normal 0 0 -1
    outer loop
      vertex 69.4782 -33.4877 0
      vertex 75.5218 -33.4877 0
      vertex 69.5455 -33.6859 0
    endloop
  endfacet
  facet normal 0 0 -1
    outer loop
      vertex 75.5218 -33.4877 0
      vertex 69.4782 -33.4877 0
      vertex 75.6144 -33.3 0
    endloop
  endfacet
  facet normal 0 0 -1
    outer loop
      vertex 69.3856 -33.3 0
      vertex 75.6144 -33.3 0
      vertex 69.4782 -33.4877 0
    endloop
  endfacet
  facet normal 0 0 -1
    outer loop
      vertex 75.6144 -33.3 0
      vertex 69.3856 -33.3 0
      vertex 75.7306 -33.126 0
    endloop
  endfacet
  facet normal 0 0 -1
    outer loop
      vertex 69.2694 -33.126 0
      vertex 75.7306 -33.126 0
      vertex 69.3856 -33.3 0
    endloop
  endfacet
  facet normal 0 0 -1
    outer loop
      vertex 69.1314 -32.9686 0
      vertex 75.7306 -33.126 0
      vertex 69.2694 -33.126 0
    endloop
  endfacet
  facet normal 0 0 -1
    outer loop
      vertex 75.8686 -32.9686 0
      vertex 69.1314 -32.9686 0
      vertex 68.974 -32.8306 0
    endloop
  endfacet
  facet normal 0 0 -1
    outer loop
      vertex 76.026 -32.8306 0
      vertex 68.974 -32.8306 0
      vertex 68.8 -32.7144 0
    endloop
  endfacet
  facet normal 0 0 -1
    outer loop
      vertex 76.2 -32.7144 0
      vertex 68.8 -32.7144 0
      vertex 68.6123 -32.6218 0
    endloop
  endfacet
  facet normal 0 0 -1
    outer loop
      vertex 76.3877 -32.6218 0
      vertex 68.6123 -32.6218 0
      vertex 68.4141 -32.5545 0
    endloop
  endfacet
  facet normal 0 0 -1
    outer loop
      vertex 68.2088 -32.5137 0
      vertex 76.5859 -32.5545 0
      vertex 68.4141 -32.5545 0
    endloop
  endfacet
  facet normal 0 0 -1
    outer loop
      vertex 76.7912 -32.5137 0
      vertex 68.2088 -32.5137 0
      vertex 95.15 -6.37001 0
    endloop
  endfacet
  facet normal 0 0 -1
    outer loop
      vertex 68 -32.5 0
      vertex 95.15 -6.37001 0
      vertex 68.2088 -32.5137 0
    endloop
  endfacet
  facet normal 0 0 -1
    outer loop
      vertex 67.7912 -32.5137 0
      vertex 95.15 -6.37001 0
      vertex 68 -32.5 0
    endloop
  endfacet
  facet normal 0 0 -1
    outer loop
      vertex 59.2088 -32.5137 0
      vertex 67.7912 -32.5137 0
      vertex 67.5859 -32.5545 0
    endloop
  endfacet
  facet normal 0 0 -1
    outer loop
      vertex 59.4141 -32.5545 0
      vertex 67.5859 -32.5545 0
      vertex 67.3877 -32.6218 0
    endloop
  endfacet
  facet normal 0 0 -1
    outer loop
      vertex 59.6123 -32.6218 0
      vertex 67.3877 -32.6218 0
      vertex 67.2 -32.7144 0
    endloop
  endfacet
  facet normal 0 0 -1
    outer loop
      vertex 59.8 -32.7144 0
      vertex 67.2 -32.7144 0
      vertex 67.026 -32.8306 0
    endloop
  endfacet
  facet normal 0 0 -1
    outer loop
      vertex 59.974 -32.8306 0
      vertex 67.026 -32.8306 0
      vertex 66.8686 -32.9686 0
    endloop
  endfacet
  facet normal 0 0 -1
    outer loop
      vertex 60.6 -34.1 0
      vertex 66.4 -34.1 0
      vertex 60.6 -72.9 0
    endloop
  endfacet
  facet normal 0 0 -1
    outer loop
      vertex 66.4 -34.1 0
      vertex 60.6 -34.1 0
      vertex 66.4137 -33.8912 0
    endloop
  endfacet
  facet normal 0 0 -1
    outer loop
      vertex 60.5863 -33.8912 0
      vertex 66.4137 -33.8912 0
      vertex 60.6 -34.1 0
    endloop
  endfacet
  facet normal 0 0 -1
    outer loop
      vertex 66.4137 -33.8912 0
      vertex 60.5863 -33.8912 0
      vertex 66.4545 -33.6859 0
    endloop
  endfacet
  facet normal 0 0 -1
    outer loop
      vertex 60.5455 -33.6859 0
      vertex 66.4545 -33.6859 0
      vertex 60.5863 -33.8912 0
    endloop
  endfacet
  facet normal 0 0 -1
    outer loop
      vertex 66.4545 -33.6859 0
      vertex 60.5455 -33.6859 0
      vertex 66.5218 -33.4877 0
    endloop
  endfacet
  facet normal 0 0 -1
    outer loop
      vertex 60.4782 -33.4877 0
      vertex 66.5218 -33.4877 0
      vertex 60.5455 -33.6859 0
    endloop
  endfacet
  facet normal 0 0 -1
    outer loop
      vertex 66.5218 -33.4877 0
      vertex 60.4782 -33.4877 0
      vertex 66.6144 -33.3 0
    endloop
  endfacet
  facet normal 0 0 -1
    outer loop
      vertex 60.3856 -33.3 0
      vertex 66.6144 -33.3 0
      vertex 60.4782 -33.4877 0
    endloop
  endfacet
  facet normal 0 0 -1
    outer loop
      vertex 66.6144 -33.3 0
      vertex 60.3856 -33.3 0
      vertex 66.7306 -33.126 0
    endloop
  endfacet
  facet normal 0 0 -1
    outer loop
      vertex 60.2694 -33.126 0
      vertex 66.7306 -33.126 0
      vertex 60.3856 -33.3 0
    endloop
  endfacet
  facet normal 0 0 -1
    outer loop
      vertex 66.7306 -33.126 0
      vertex 60.2694 -33.126 0
      vertex 66.8686 -32.9686 0
    endloop
  endfacet
  facet normal 0 0 -1
    outer loop
      vertex 60.1314 -32.9686 0
      vertex 66.8686 -32.9686 0
      vertex 60.2694 -33.126 0
    endloop
  endfacet
  facet normal 0 0 -1
    outer loop
      vertex 59.974 -32.8306 0
      vertex 66.8686 -32.9686 0
      vertex 60.1314 -32.9686 0
    endloop
  endfacet
  facet normal 0 0 -1
    outer loop
      vertex 67.026 -32.8306 0
      vertex 59.974 -32.8306 0
      vertex 59.8 -32.7144 0
    endloop
  endfacet
  facet normal 0 0 -1
    outer loop
      vertex 67.2 -32.7144 0
      vertex 59.8 -32.7144 0
      vertex 59.6123 -32.6218 0
    endloop
  endfacet
  facet normal 0 0 -1
    outer loop
      vertex 67.3877 -32.6218 0
      vertex 59.6123 -32.6218 0
      vertex 59.4141 -32.5545 0
    endloop
  endfacet
  facet normal 0 0 -1
    outer loop
      vertex 67.5859 -32.5545 0
      vertex 59.4141 -32.5545 0
      vertex 59.2088 -32.5137 0
    endloop
  endfacet
  facet normal 0 0 -1
    outer loop
      vertex 67.7912 -32.5137 0
      vertex 59.2088 -32.5137 0
      vertex 95.15 -6.37001 0
    endloop
  endfacet
  facet normal 0 0 -1
    outer loop
      vertex 59 -32.5 0
      vertex 95.15 -6.37001 0
      vertex 59.2088 -32.5137 0
    endloop
  endfacet
  facet normal 0 0 -1
    outer loop
      vertex 58.7912 -32.5137 0
      vertex 95.15 -6.37001 0
      vertex 59 -32.5 0
    endloop
  endfacet
  facet normal 0 0 -1
    outer loop
      vertex 50.2088 -32.5137 0
      vertex 58.7912 -32.5137 0
      vertex 58.5859 -32.5545 0
    endloop
  endfacet
  facet normal 0 0 -1
    outer loop
      vertex 50.4141 -32.5545 0
      vertex 58.5859 -32.5545 0
      vertex 58.3877 -32.6218 0
    endloop
  endfacet
  facet normal 0 0 -1
    outer loop
      vertex 50.6123 -32.6218 0
      vertex 58.3877 -32.6218 0
      vertex 58.2 -32.7144 0
    endloop
  endfacet
  facet normal 0 0 -1
    outer loop
      vertex 50.8 -32.7144 0
      vertex 58.2 -32.7144 0
      vertex 58.026 -32.8306 0
    endloop
  endfacet
  facet normal 0 0 -1
    outer loop
      vertex 51.6 -34.1 0
      vertex 57.4 -34.1 0
      vertex 51.6 -72.9 0
    endloop
  endfacet
  facet normal 0 0 -1
    outer loop
      vertex 57.4 -34.1 0
      vertex 51.6 -34.1 0
      vertex 57.4137 -33.8912 0
    endloop
  endfacet
  facet normal 0 0 -1
    outer loop
      vertex 51.5863 -33.8912 0
      vertex 57.4137 -33.8912 0
      vertex 51.6 -34.1 0
    endloop
  endfacet
  facet normal 0 0 -1
    outer loop
      vertex 57.4137 -33.8912 0
      vertex 51.5863 -33.8912 0
      vertex 57.4545 -33.6859 0
    endloop
  endfacet
  facet normal 0 0 -1
    outer loop
      vertex 51.5455 -33.6859 0
      vertex 57.4545 -33.6859 0
      vertex 51.5863 -33.8912 0
    endloop
  endfacet
  facet normal 0 0 -1
    outer loop
      vertex 57.4545 -33.6859 0
      vertex 51.5455 -33.6859 0
      vertex 57.5218 -33.4877 0
    endloop
  endfacet
  facet normal 0 0 -1
    outer loop
      vertex 51.4782 -33.4877 0
      vertex 57.5218 -33.4877 0
      vertex 51.5455 -33.6859 0
    endloop
  endfacet
  facet normal 0 0 -1
    outer loop
      vertex 57.5218 -33.4877 0
      vertex 51.4782 -33.4877 0
      vertex 57.6144 -33.3 0
    endloop
  endfacet
  facet normal 0 0 -1
    outer loop
      vertex 51.3856 -33.3 0
      vertex 57.6144 -33.3 0
      vertex 51.4782 -33.4877 0
    endloop
  endfacet
  facet normal 0 0 -1
    outer loop
      vertex 57.6144 -33.3 0
      vertex 51.3856 -33.3 0
      vertex 57.7306 -33.126 0
    endloop
  endfacet
  facet normal 0 0 -1
    outer loop
      vertex 51.2694 -33.126 0
      vertex 57.7306 -33.126 0
      vertex 51.3856 -33.3 0
    endloop
  endfacet
  facet normal 0 0 -1
    outer loop
      vertex 57.7306 -33.126 0
      vertex 51.2694 -33.126 0
      vertex 57.8686 -32.9686 0
    endloop
  endfacet
  facet normal 0 0 -1
    outer loop
      vertex 51.1314 -32.9686 0
      vertex 57.8686 -32.9686 0
      vertex 51.2694 -33.126 0
    endloop
  endfacet
  facet normal 0 0 -1
    outer loop
      vertex 57.8686 -32.9686 0
      vertex 51.1314 -32.9686 0
      vertex 58.026 -32.8306 0
    endloop
  endfacet
  facet normal 0 0 -1
    outer loop
      vertex 50.974 -32.8306 0
      vertex 58.026 -32.8306 0
      vertex 51.1314 -32.9686 0
    endloop
  endfacet
  facet normal 0 0 -1
    outer loop
      vertex 50.8 -32.7144 0
      vertex 58.026 -32.8306 0
      vertex 50.974 -32.8306 0
    endloop
  endfacet
  facet normal 0 0 -1
    outer loop
      vertex 58.2 -32.7144 0
      vertex 50.8 -32.7144 0
      vertex 50.6123 -32.6218 0
    endloop
  endfacet
  facet normal 0 0 -1
    outer loop
      vertex 58.3877 -32.6218 0
      vertex 50.6123 -32.6218 0
      vertex 50.4141 -32.5545 0
    endloop
  endfacet
  facet normal 0 0 -1
    outer loop
      vertex 58.5859 -32.5545 0
      vertex 50.4141 -32.5545 0
      vertex 50.2088 -32.5137 0
    endloop
  endfacet
  facet normal 0 0 -1
    outer loop
      vertex 58.7912 -32.5137 0
      vertex 50.2088 -32.5137 0
      vertex 95.15 -6.37001 0
    endloop
  endfacet
  facet normal 0 0 -1
    outer loop
      vertex 50 -32.5 0
      vertex 95.15 -6.37001 0
      vertex 50.2088 -32.5137 0
    endloop
  endfacet
  facet normal 0 0 -1
    outer loop
      vertex 15.545 -18.33 0
      vertex 50 -32.5 0
      vertex 49.7912 -32.5137 0
    endloop
  endfacet
  facet normal 0 0 -1
    outer loop
      vertex 41.2088 -32.5137 0
      vertex 49.7912 -32.5137 0
      vertex 49.5859 -32.5545 0
    endloop
  endfacet
  facet normal 0 0 -1
    outer loop
      vertex 41.4141 -32.5545 0
      vertex 49.5859 -32.5545 0
      vertex 49.3877 -32.6218 0
    endloop
  endfacet
  facet normal 0 0 -1
    outer loop
      vertex 41.6123 -32.6218 0
      vertex 49.3877 -32.6218 0
      vertex 49.2 -32.7144 0
    endloop
  endfacet
  facet normal 0 0 -1
    outer loop
      vertex 42.6 -34.1 0
      vertex 48.4 -34.1 0
      vertex 42.6 -72.9 0
    endloop
  endfacet
  facet normal 0 0 -1
    outer loop
      vertex 48.4 -34.1 0
      vertex 42.6 -34.1 0
      vertex 48.4137 -33.8912 0
    endloop
  endfacet
  facet normal 0 0 -1
    outer loop
      vertex 42.5863 -33.8912 0
      vertex 48.4137 -33.8912 0
      vertex 42.6 -34.1 0
    endloop
  endfacet
  facet normal 0 0 -1
    outer loop
      vertex 48.4137 -33.8912 0
      vertex 42.5863 -33.8912 0
      vertex 48.4545 -33.6859 0
    endloop
  endfacet
  facet normal 0 0 -1
    outer loop
      vertex 42.5455 -33.6859 0
      vertex 48.4545 -33.6859 0
      vertex 42.5863 -33.8912 0
    endloop
  endfacet
  facet normal 0 0 -1
    outer loop
      vertex 48.4545 -33.6859 0
      vertex 42.5455 -33.6859 0
      vertex 48.5218 -33.4877 0
    endloop
  endfacet
  facet normal 0 0 -1
    outer loop
      vertex 42.4782 -33.4877 0
      vertex 48.5218 -33.4877 0
      vertex 42.5455 -33.6859 0
    endloop
  endfacet
  facet normal 0 0 -1
    outer loop
      vertex 48.5218 -33.4877 0
      vertex 42.4782 -33.4877 0
      vertex 48.6144 -33.3 0
    endloop
  endfacet
  facet normal 0 0 -1
    outer loop
      vertex 42.3856 -33.3 0
      vertex 48.6144 -33.3 0
      vertex 42.4782 -33.4877 0
    endloop
  endfacet
  facet normal 0 0 -1
    outer loop
      vertex 48.6144 -33.3 0
      vertex 42.3856 -33.3 0
      vertex 48.7306 -33.126 0
    endloop
  endfacet
  facet normal 0 0 -1
    outer loop
      vertex 42.2694 -33.126 0
      vertex 48.7306 -33.126 0
      vertex 42.3856 -33.3 0
    endloop
  endfacet
  facet normal 0 0 -1
    outer loop
      vertex 48.7306 -33.126 0
      vertex 42.2694 -33.126 0
      vertex 48.8686 -32.9686 0
    endloop
  endfacet
  facet normal 0 0 -1
    outer loop
      vertex 42.1314 -32.9686 0
      vertex 48.8686 -32.9686 0
      vertex 42.2694 -33.126 0
    endloop
  endfacet
  facet normal 0 0 -1
    outer loop
      vertex 48.8686 -32.9686 0
      vertex 42.1314 -32.9686 0
      vertex 49.026 -32.8306 0
    endloop
  endfacet
  facet normal 0 0 -1
    outer loop
      vertex 41.974 -32.8306 0
      vertex 49.026 -32.8306 0
      vertex 42.1314 -32.9686 0
    endloop
  endfacet
  facet normal 0 0 -1
    outer loop
      vertex 49.026 -32.8306 0
      vertex 41.974 -32.8306 0
      vertex 49.2 -32.7144 0
    endloop
  endfacet
  facet normal 0 0 -1
    outer loop
      vertex 41.8 -32.7144 0
      vertex 49.2 -32.7144 0
      vertex 41.974 -32.8306 0
    endloop
  endfacet
  facet normal 0 0 -1
    outer loop
      vertex 41.6123 -32.6218 0
      vertex 49.2 -32.7144 0
      vertex 41.8 -32.7144 0
    endloop
  endfacet
  facet normal 0 0 -1
    outer loop
      vertex 49.3877 -32.6218 0
      vertex 41.6123 -32.6218 0
      vertex 41.4141 -32.5545 0
    endloop
  endfacet
  facet normal 0 0 -1
    outer loop
      vertex 49.5859 -32.5545 0
      vertex 41.4141 -32.5545 0
      vertex 41.2088 -32.5137 0
    endloop
  endfacet
  facet normal 0 0 -1
    outer loop
      vertex 49.7912 -32.5137 0
      vertex 41.2088 -32.5137 0
      vertex 15.545 -18.33 0
    endloop
  endfacet
  facet normal 0 0 -1
    outer loop
      vertex 15.545 -18.33 0
      vertex 41.2088 -32.5137 0
      vertex 41 -32.5 0
    endloop
  endfacet
  facet normal 0 0 -1
    outer loop
      vertex 15.545 -18.33 0
      vertex 41 -32.5 0
      vertex 40.7912 -32.5137 0
    endloop
  endfacet
  facet normal 0 0 -1
    outer loop
      vertex 15.545 -18.33 0
      vertex 40.7912 -32.5137 0
      vertex 40.5859 -32.5545 0
    endloop
  endfacet
  facet normal 0 0 -1
    outer loop
      vertex 32.4141 -32.5545 0
      vertex 40.5859 -32.5545 0
      vertex 40.3877 -32.6218 0
    endloop
  endfacet
  facet normal 0 0 -1
    outer loop
      vertex 33.6 -34.1 0
      vertex 39.4 -34.1 0
      vertex 33.6 -72.9 0
    endloop
  endfacet
  facet normal 0 0 -1
    outer loop
      vertex 39.4 -34.1 0
      vertex 33.6 -34.1 0
      vertex 39.4137 -33.8912 0
    endloop
  endfacet
  facet normal 0 0 -1
    outer loop
      vertex 33.5863 -33.8912 0
      vertex 39.4137 -33.8912 0
      vertex 33.6 -34.1 0
    endloop
  endfacet
  facet normal 0 0 -1
    outer loop
      vertex 39.4137 -33.8912 0
      vertex 33.5863 -33.8912 0
      vertex 39.4545 -33.6859 0
    endloop
  endfacet
  facet normal 0 0 -1
    outer loop
      vertex 33.5455 -33.6859 0
      vertex 39.4545 -33.6859 0
      vertex 33.5863 -33.8912 0
    endloop
  endfacet
  facet normal 0 0 -1
    outer loop
      vertex 39.4545 -33.6859 0
      vertex 33.5455 -33.6859 0
      vertex 39.5218 -33.4877 0
    endloop
  endfacet
  facet normal 0 0 -1
    outer loop
      vertex 33.4782 -33.4877 0
      vertex 39.5218 -33.4877 0
      vertex 33.5455 -33.6859 0
    endloop
  endfacet
  facet normal 0 0 -1
    outer loop
      vertex 39.5218 -33.4877 0
      vertex 33.4782 -33.4877 0
      vertex 39.6144 -33.3 0
    endloop
  endfacet
  facet normal 0 0 -1
    outer loop
      vertex 33.3856 -33.3 0
      vertex 39.6144 -33.3 0
      vertex 33.4782 -33.4877 0
    endloop
  endfacet
  facet normal 0 0 -1
    outer loop
      vertex 39.6144 -33.3 0
      vertex 33.3856 -33.3 0
      vertex 39.7306 -33.126 0
    endloop
  endfacet
  facet normal 0 0 -1
    outer loop
      vertex 33.2694 -33.126 0
      vertex 39.7306 -33.126 0
      vertex 33.3856 -33.3 0
    endloop
  endfacet
  facet normal 0 0 -1
    outer loop
      vertex 39.7306 -33.126 0
      vertex 33.2694 -33.126 0
      vertex 39.8686 -32.9686 0
    endloop
  endfacet
  facet normal 0 0 -1
    outer loop
      vertex 33.1314 -32.9686 0
      vertex 39.8686 -32.9686 0
      vertex 33.2694 -33.126 0
    endloop
  endfacet
  facet normal 0 0 -1
    outer loop
      vertex 39.8686 -32.9686 0
      vertex 33.1314 -32.9686 0
      vertex 40.026 -32.8306 0
    endloop
  endfacet
  facet normal 0 0 -1
    outer loop
      vertex 32.974 -32.8306 0
      vertex 40.026 -32.8306 0
      vertex 33.1314 -32.9686 0
    endloop
  endfacet
  facet normal 0 0 -1
    outer loop
      vertex 40.026 -32.8306 0
      vertex 32.974 -32.8306 0
      vertex 40.2 -32.7144 0
    endloop
  endfacet
  facet normal 0 0 -1
    outer loop
      vertex 32.8 -32.7144 0
      vertex 40.2 -32.7144 0
      vertex 32.974 -32.8306 0
    endloop
  endfacet
  facet normal 0 0 -1
    outer loop
      vertex 40.2 -32.7144 0
      vertex 32.8 -32.7144 0
      vertex 40.3877 -32.6218 0
    endloop
  endfacet
  facet normal 0 0 -1
    outer loop
      vertex 32.6123 -32.6218 0
      vertex 40.3877 -32.6218 0
      vertex 32.8 -32.7144 0
    endloop
  endfacet
  facet normal 0 0 -1
    outer loop
      vertex 32.4141 -32.5545 0
      vertex 40.3877 -32.6218 0
      vertex 32.6123 -32.6218 0
    endloop
  endfacet
  facet normal 0 0 -1
    outer loop
      vertex 40.5859 -32.5545 0
      vertex 32.4141 -32.5545 0
      vertex 15.545 -18.33 0
    endloop
  endfacet
  facet normal 0 0 -1
    outer loop
      vertex 15.545 -18.33 0
      vertex 32.4141 -32.5545 0
      vertex 32.2088 -32.5137 0
    endloop
  endfacet
  facet normal 0 0 -1
    outer loop
      vertex 15.545 -18.33 0
      vertex 32.2088 -32.5137 0
      vertex 32 -32.5 0
    endloop
  endfacet
  facet normal 0 0 -1
    outer loop
      vertex 15.545 -18.33 0
      vertex 32 -32.5 0
      vertex 31.7912 -32.5137 0
    endloop
  endfacet
  facet normal 0 0 -1
    outer loop
      vertex 15.545 -18.33 0
      vertex 31.7912 -32.5137 0
      vertex 31.5859 -32.5545 0
    endloop
  endfacet
  facet normal 0 0 -1
    outer loop
      vertex 15.545 -18.33 0
      vertex 31.5859 -32.5545 0
      vertex 31.3877 -32.6218 0
    endloop
  endfacet
  facet normal 0 0 -1
    outer loop
      vertex 24.6 -34.1 0
      vertex 30.4 -34.1 0
      vertex 24.6 -72.9 0
    endloop
  endfacet
  facet normal 0 0 -1
    outer loop
      vertex 30.4 -34.1 0
      vertex 24.6 -34.1 0
      vertex 30.4137 -33.8912 0
    endloop
  endfacet
  facet normal 0 0 -1
    outer loop
      vertex 24.5863 -33.8912 0
      vertex 30.4137 -33.8912 0
      vertex 24.6 -34.1 0
    endloop
  endfacet
  facet normal 0 0 -1
    outer loop
      vertex 30.4137 -33.8912 0
      vertex 24.5863 -33.8912 0
      vertex 30.4545 -33.6859 0
    endloop
  endfacet
  facet normal 0 0 -1
    outer loop
      vertex 24.5455 -33.6859 0
      vertex 30.4545 -33.6859 0
      vertex 24.5863 -33.8912 0
    endloop
  endfacet
  facet normal 0 0 -1
    outer loop
      vertex 30.4545 -33.6859 0
      vertex 24.5455 -33.6859 0
      vertex 30.5218 -33.4877 0
    endloop
  endfacet
  facet normal 0 0 -1
    outer loop
      vertex 24.4782 -33.4877 0
      vertex 30.5218 -33.4877 0
      vertex 24.5455 -33.6859 0
    endloop
  endfacet
  facet normal 0 0 -1
    outer loop
      vertex 30.5218 -33.4877 0
      vertex 24.4782 -33.4877 0
      vertex 30.6144 -33.3 0
    endloop
  endfacet
  facet normal 0 0 -1
    outer loop
      vertex 24.3856 -33.3 0
      vertex 30.6144 -33.3 0
      vertex 24.4782 -33.4877 0
    endloop
  endfacet
  facet normal 0 0 -1
    outer loop
      vertex 30.6144 -33.3 0
      vertex 24.3856 -33.3 0
      vertex 30.7306 -33.126 0
    endloop
  endfacet
  facet normal 0 0 -1
    outer loop
      vertex 24.2694 -33.126 0
      vertex 30.7306 -33.126 0
      vertex 24.3856 -33.3 0
    endloop
  endfacet
  facet normal 0 0 -1
    outer loop
      vertex 30.7306 -33.126 0
      vertex 24.2694 -33.126 0
      vertex 30.8686 -32.9686 0
    endloop
  endfacet
  facet normal 0 0 -1
    outer loop
      vertex 24.1314 -32.9686 0
      vertex 30.8686 -32.9686 0
      vertex 24.2694 -33.126 0
    endloop
  endfacet
  facet normal 0 0 -1
    outer loop
      vertex 30.8686 -32.9686 0
      vertex 24.1314 -32.9686 0
      vertex 31.026 -32.8306 0
    endloop
  endfacet
  facet normal 0 0 -1
    outer loop
      vertex 23.974 -32.8306 0
      vertex 31.026 -32.8306 0
      vertex 24.1314 -32.9686 0
    endloop
  endfacet
  facet normal 0 0 -1
    outer loop
      vertex 31.026 -32.8306 0
      vertex 23.974 -32.8306 0
      vertex 31.2 -32.7144 0
    endloop
  endfacet
  facet normal 0 0 -1
    outer loop
      vertex 23.8 -32.7144 0
      vertex 31.2 -32.7144 0
      vertex 23.974 -32.8306 0
    endloop
  endfacet
  facet normal 0 0 -1
    outer loop
      vertex 31.2 -32.7144 0
      vertex 23.8 -32.7144 0
      vertex 31.3877 -32.6218 0
    endloop
  endfacet
  facet normal 0 0 -1
    outer loop
      vertex 23.6123 -32.6218 0
      vertex 31.3877 -32.6218 0
      vertex 23.8 -32.7144 0
    endloop
  endfacet
  facet normal 0 0 -1
    outer loop
      vertex 31.3877 -32.6218 0
      vertex 23.6123 -32.6218 0
      vertex 15.545 -18.33 0
    endloop
  endfacet
  facet normal 0 0 -1
    outer loop
      vertex 15.545 -18.33 0
      vertex 23.6123 -32.6218 0
      vertex 23.4141 -32.5545 0
    endloop
  endfacet
  facet normal 0 0 -1
    outer loop
      vertex 15.545 -18.33 0
      vertex 23.4141 -32.5545 0
      vertex 23.2088 -32.5137 0
    endloop
  endfacet
  facet normal 0 0 -1
    outer loop
      vertex 15.545 -18.33 0
      vertex 23.2088 -32.5137 0
      vertex 23 -32.5 0
    endloop
  endfacet
  facet normal 0 0 -1
    outer loop
      vertex 15.545 -18.33 0
      vertex 23 -32.5 0
      vertex 22.7912 -32.5137 0
    endloop
  endfacet
  facet normal 0 0 -1
    outer loop
      vertex 15.545 -29.33 0
      vertex 22.7912 -32.5137 0
      vertex 22.5859 -32.5545 0
    endloop
  endfacet
  facet normal 0 0 -1
    outer loop
      vertex 15.545 -29.33 0
      vertex 22.5859 -32.5545 0
      vertex 22.3877 -32.6218 0
    endloop
  endfacet
  facet normal 0 0 -1
    outer loop
      vertex 15.545 -32.72 0
      vertex 21.4 -34.1 0
      vertex 15.545 -43.72 0
    endloop
  endfacet
  facet normal 0 0 -1
    outer loop
      vertex 21.4 -34.1 0
      vertex 15.545 -32.72 0
      vertex 21.4137 -33.8912 0
    endloop
  endfacet
  facet normal 0 0 -1
    outer loop
      vertex 21.4137 -33.8912 0
      vertex 15.545 -32.72 0
      vertex 21.4545 -33.6859 0
    endloop
  endfacet
  facet normal 0 0 -1
    outer loop
      vertex 21.4545 -33.6859 0
      vertex 15.545 -32.72 0
      vertex 21.5218 -33.4877 0
    endloop
  endfacet
  facet normal 0 0 -1
    outer loop
      vertex 21.5218 -33.4877 0
      vertex 15.545 -32.72 0
      vertex 21.6144 -33.3 0
    endloop
  endfacet
  facet normal 0 0 -1
    outer loop
      vertex 15.545 -32.72 0
      vertex 21.7306 -33.126 0
      vertex 21.6144 -33.3 0
    endloop
  endfacet
  facet normal 0 0 -1
    outer loop
      vertex 15.545 -29.33 0
      vertex 21.7306 -33.126 0
      vertex 15.545 -32.72 0
    endloop
  endfacet
  facet normal 0 0 -1
    outer loop
      vertex 21.7306 -33.126 0
      vertex 15.545 -29.33 0
      vertex 21.8686 -32.9686 0
    endloop
  endfacet
  facet normal 0 0 -1
    outer loop
      vertex 21.8686 -32.9686 0
      vertex 15.545 -29.33 0
      vertex 22.026 -32.8306 0
    endloop
  endfacet
  facet normal 0 0 -1
    outer loop
      vertex 22.026 -32.8306 0
      vertex 15.545 -29.33 0
      vertex 22.2 -32.7144 0
    endloop
  endfacet
  facet normal 0 0 -1
    outer loop
      vertex 22.2 -32.7144 0
      vertex 15.545 -29.33 0
      vertex 22.3877 -32.6218 0
    endloop
  endfacet
  facet normal 0 0 -1
    outer loop
      vertex 22.7912 -32.5137 0
      vertex 15.545 -29.33 0
      vertex 15.545 -18.33 0
    endloop
  endfacet
  facet normal 0 0 -1
    outer loop
      vertex 50 -32.5 0
      vertex 15.545 -18.33 0
      vertex 95.15 -6.37001 0
    endloop
  endfacet
  facet normal 0 0 -1
    outer loop
      vertex 15.545 -18.33 0
      vertex 4.85001 -6.37001 0
      vertex 95.15 -6.37001 0
    endloop
  endfacet
  facet normal 0 0 -1
    outer loop
      vertex 2.87001 -8.35001 0
      vertex 4.85001 -6.37001 0
      vertex 15.545 -18.33 0
    endloop
  endfacet
  facet normal 0 0 -1
    outer loop
      vertex 4.85001 -6.37001 0
      vertex 2.87001 -8.35001 0
      vertex 4.59157 -6.38695 0
    endloop
  endfacet
  facet normal 0 0 -1
    outer loop
      vertex 4.59157 -6.38695 0
      vertex 2.87001 -8.35001 0
      vertex 4.33754 -6.43747 0
    endloop
  endfacet
  facet normal 0 0 -1
    outer loop
      vertex 4.33754 -6.43747 0
      vertex 2.87001 -8.35001 0
      vertex 4.0923 -6.52072 0
    endloop
  endfacet
  facet normal 0 0 -1
    outer loop
      vertex 4.0923 -6.52072 0
      vertex 2.87001 -8.35001 0
      vertex 3.86 -6.63527 0
    endloop
  endfacet
  facet normal 0 0 -1
    outer loop
      vertex 3.86 -6.63527 0
      vertex 2.87001 -8.35001 0
      vertex 3.64465 -6.77916 0
    endloop
  endfacet
  facet normal 0 0 -1
    outer loop
      vertex 3.64465 -6.77916 0
      vertex 2.87001 -8.35001 0
      vertex 3.44994 -6.94994 0
    endloop
  endfacet
  facet normal 0 0 -1
    outer loop
      vertex 3.44994 -6.94994 0
      vertex 2.87001 -8.35001 0
      vertex 3.27916 -7.14465 0
    endloop
  endfacet
  facet normal 0 0 -1
    outer loop
      vertex 3.27916 -7.14465 0
      vertex 2.87001 -8.35001 0
      vertex 3.13527 -7.36 0
    endloop
  endfacet
  facet normal 0 0 -1
    outer loop
      vertex 3.13527 -7.36 0
      vertex 2.87001 -8.35001 0
      vertex 3.02072 -7.5923 0
    endloop
  endfacet
  facet normal 0 0 -1
    outer loop
      vertex 3.02072 -7.5923 0
      vertex 2.87001 -8.35001 0
      vertex 2.93747 -7.83754 0
    endloop
  endfacet
  facet normal 0 0 -1
    outer loop
      vertex 2.87001 -8.35001 0
      vertex 15.545 -18.33 0
      vertex 2.87001 -18.33 0
    endloop
  endfacet
  facet normal 0 0 -1
    outer loop
      vertex 2.93747 -7.83754 0
      vertex 2.87001 -8.35001 0
      vertex 2.88695 -8.09157 0
    endloop
  endfacet
  facet normal -0.194922 0.980819 0
    outer loop
      vertex 23.4141 -74.4455 0
      vertex 23.2088 -74.4863 2.2
      vertex 23.4141 -74.4455 2.2
    endloop
  endfacet
  facet normal -0.194922 0.980819 0
    outer loop
      vertex 23.2088 -74.4863 2.2
      vertex 23.4141 -74.4455 0
      vertex 23.2088 -74.4863 0
    endloop
  endfacet
  facet normal -0.321526 0.946901 0
    outer loop
      vertex 23.6123 -74.3782 0
      vertex 23.4141 -74.4455 2.2
      vertex 23.6123 -74.3782 2.2
    endloop
  endfacet
  facet normal -0.321526 0.946901 0
    outer loop
      vertex 23.4141 -74.4455 2.2
      vertex 23.6123 -74.3782 0
      vertex 23.4141 -74.4455 0
    endloop
  endfacet
  facet normal -0.0654722 0.997854 0
    outer loop
      vertex 23.2088 -74.4863 0
      vertex 23 -74.5 2.2
      vertex 23.2088 -74.4863 2.2
    endloop
  endfacet
  facet normal -0.0654722 0.997854 0
    outer loop
      vertex 23 -74.5 2.2
      vertex 23.2088 -74.4863 0
      vertex 23 -74.5 0
    endloop
  endfacet
  facet normal 0.997854 0.0654722 0
    outer loop
      vertex 21.4137 -73.1088 2.2
      vertex 21.4 -72.9 0
      vertex 21.4 -72.9 2.2
    endloop
  endfacet
  facet normal 0.997854 0.0654722 0
    outer loop
      vertex 21.4 -72.9 0
      vertex 21.4137 -73.1088 2.2
      vertex 21.4137 -73.1088 0
    endloop
  endfacet
  facet normal -1 0 0
    outer loop
      vertex 24.6 -72.9 0
      vertex 24.6 -34.1 2.2
      vertex 24.6 -34.1 0
    endloop
  endfacet
  facet normal -1 -0 0
    outer loop
      vertex 24.6 -34.1 2.2
      vertex 24.6 -72.9 0
      vertex 24.6 -72.9 2.2
    endloop
  endfacet
  facet normal 0.555362 0.831609 -0
    outer loop
      vertex 22.2 -74.2856 0
      vertex 22.026 -74.1694 2.2
      vertex 22.2 -74.2856 2.2
    endloop
  endfacet
  facet normal 0.555362 0.831609 0
    outer loop
      vertex 22.026 -74.1694 2.2
      vertex 22.2 -74.2856 0
      vertex 22.026 -74.1694 0
    endloop
  endfacet
  facet normal 1 -0 0
    outer loop
      vertex 21.4 -72.9 2.2
      vertex 21.4 -34.1 0
      vertex 21.4 -34.1 2.2
    endloop
  endfacet
  facet normal 1 0 0
    outer loop
      vertex 21.4 -34.1 0
      vertex 21.4 -72.9 2.2
      vertex 21.4 -72.9 0
    endloop
  endfacet
  facet normal -0.321526 -0.946901 0
    outer loop
      vertex 23.4141 -32.5545 0
      vertex 23.6123 -32.6218 2.2
      vertex 23.4141 -32.5545 2.2
    endloop
  endfacet
  facet normal -0.321526 -0.946901 -0
    outer loop
      vertex 23.6123 -32.6218 2.2
      vertex 23.4141 -32.5545 0
      vertex 23.6123 -32.6218 0
    endloop
  endfacet
  facet normal 0.831609 0.555362 0
    outer loop
      vertex 21.7306 -73.874 2.2
      vertex 21.6144 -73.7 0
      vertex 21.6144 -73.7 2.2
    endloop
  endfacet
  facet normal 0.831609 0.555362 0
    outer loop
      vertex 21.6144 -73.7 0
      vertex 21.7306 -73.874 2.2
      vertex 21.7306 -73.874 0
    endloop
  endfacet
  facet normal 0.321526 -0.946901 0
    outer loop
      vertex 22.3877 -32.6218 0
      vertex 22.5859 -32.5545 2.2
      vertex 22.3877 -32.6218 2.2
    endloop
  endfacet
  facet normal 0.321526 -0.946901 0
    outer loop
      vertex 22.5859 -32.5545 2.2
      vertex 22.3877 -32.6218 0
      vertex 22.5859 -32.5545 0
    endloop
  endfacet
  facet normal -0.442429 -0.896803 0
    outer loop
      vertex 23.6123 -32.6218 0
      vertex 23.8 -32.7144 2.2
      vertex 23.6123 -32.6218 2.2
    endloop
  endfacet
  facet normal -0.442429 -0.896803 -0
    outer loop
      vertex 23.8 -32.7144 2.2
      vertex 23.6123 -32.6218 0
      vertex 23.8 -32.7144 0
    endloop
  endfacet
  facet normal -0.997854 0.0654722 0
    outer loop
      vertex 24.5863 -73.1088 0
      vertex 24.6 -72.9 2.2
      vertex 24.6 -72.9 0
    endloop
  endfacet
  facet normal -0.997854 0.0654722 0
    outer loop
      vertex 24.6 -72.9 2.2
      vertex 24.5863 -73.1088 0
      vertex 24.5863 -73.1088 2.2
    endloop
  endfacet
  facet normal 0.321526 0.946901 -0
    outer loop
      vertex 22.5859 -74.4455 0
      vertex 22.3877 -74.3782 2.2
      vertex 22.5859 -74.4455 2.2
    endloop
  endfacet
  facet normal 0.321526 0.946901 0
    outer loop
      vertex 22.3877 -74.3782 2.2
      vertex 22.5859 -74.4455 0
      vertex 22.3877 -74.3782 0
    endloop
  endfacet
  facet normal 0.442429 0.896803 -0
    outer loop
      vertex 22.3877 -74.3782 0
      vertex 22.2 -74.2856 2.2
      vertex 22.3877 -74.3782 2.2
    endloop
  endfacet
  facet normal 0.442429 0.896803 0
    outer loop
      vertex 22.2 -74.2856 2.2
      vertex 22.3877 -74.3782 0
      vertex 22.2 -74.2856 0
    endloop
  endfacet
  facet normal 0.946901 0.321526 0
    outer loop
      vertex 21.5218 -73.5123 2.2
      vertex 21.4545 -73.3141 0
      vertex 21.4545 -73.3141 2.2
    endloop
  endfacet
  facet normal 0.946901 0.321526 0
    outer loop
      vertex 21.4545 -73.3141 0
      vertex 21.5218 -73.5123 2.2
      vertex 21.5218 -73.5123 0
    endloop
  endfacet
  facet normal 0.659248 -0.751925 0
    outer loop
      vertex 21.8686 -32.9686 0
      vertex 22.026 -32.8306 2.2
      vertex 21.8686 -32.9686 2.2
    endloop
  endfacet
  facet normal 0.659248 -0.751925 0
    outer loop
      vertex 22.026 -32.8306 2.2
      vertex 21.8686 -32.9686 0
      vertex 22.026 -32.8306 0
    endloop
  endfacet
  facet normal 0.997854 -0.0654722 0
    outer loop
      vertex 21.4 -34.1 2.2
      vertex 21.4137 -33.8912 0
      vertex 21.4137 -33.8912 2.2
    endloop
  endfacet
  facet normal 0.997854 -0.0654722 0
    outer loop
      vertex 21.4137 -33.8912 0
      vertex 21.4 -34.1 2.2
      vertex 21.4 -34.1 0
    endloop
  endfacet
  facet normal 0.980819 -0.194922 0
    outer loop
      vertex 21.4137 -33.8912 2.2
      vertex 21.4545 -33.6859 0
      vertex 21.4545 -33.6859 2.2
    endloop
  endfacet
  facet normal 0.980819 -0.194922 0
    outer loop
      vertex 21.4545 -33.6859 0
      vertex 21.4137 -33.8912 2.2
      vertex 21.4137 -33.8912 0
    endloop
  endfacet
  facet normal 0.946901 -0.321526 0
    outer loop
      vertex 21.4545 -33.6859 2.2
      vertex 21.5218 -33.4877 0
      vertex 21.5218 -33.4877 2.2
    endloop
  endfacet
  facet normal 0.946901 -0.321526 0
    outer loop
      vertex 21.5218 -33.4877 0
      vertex 21.4545 -33.6859 2.2
      vertex 21.4545 -33.6859 0
    endloop
  endfacet
  facet normal 0.751925 -0.659248 0
    outer loop
      vertex 21.7306 -33.126 2.2
      vertex 21.8686 -32.9686 0
      vertex 21.8686 -32.9686 2.2
    endloop
  endfacet
  facet normal 0.751925 -0.659248 0
    outer loop
      vertex 21.8686 -32.9686 0
      vertex 21.7306 -33.126 2.2
      vertex 21.7306 -33.126 0
    endloop
  endfacet
  facet normal 0.194922 -0.980819 0
    outer loop
      vertex 22.5859 -32.5545 0
      vertex 22.7912 -32.5137 2.2
      vertex 22.5859 -32.5545 2.2
    endloop
  endfacet
  facet normal 0.194922 -0.980819 0
    outer loop
      vertex 22.7912 -32.5137 2.2
      vertex 22.5859 -32.5545 0
      vertex 22.7912 -32.5137 0
    endloop
  endfacet
  facet normal -0.194922 -0.980819 0
    outer loop
      vertex 23.2088 -32.5137 0
      vertex 23.4141 -32.5545 2.2
      vertex 23.2088 -32.5137 2.2
    endloop
  endfacet
  facet normal -0.194922 -0.980819 -0
    outer loop
      vertex 23.4141 -32.5545 2.2
      vertex 23.2088 -32.5137 0
      vertex 23.4141 -32.5545 0
    endloop
  endfacet
  facet normal -0.831609 -0.555362 0
    outer loop
      vertex 24.3856 -33.3 0
      vertex 24.2694 -33.126 2.2
      vertex 24.2694 -33.126 0
    endloop
  endfacet
  facet normal -0.831609 -0.555362 0
    outer loop
      vertex 24.2694 -33.126 2.2
      vertex 24.3856 -33.3 0
      vertex 24.3856 -33.3 2.2
    endloop
  endfacet
  facet normal -0.896803 -0.442429 0
    outer loop
      vertex 24.4782 -33.4877 0
      vertex 24.3856 -33.3 2.2
      vertex 24.3856 -33.3 0
    endloop
  endfacet
  facet normal -0.896803 -0.442429 0
    outer loop
      vertex 24.3856 -33.3 2.2
      vertex 24.4782 -33.4877 0
      vertex 24.4782 -33.4877 2.2
    endloop
  endfacet
  facet normal -0.980819 0.194922 0
    outer loop
      vertex 24.5455 -73.3141 0
      vertex 24.5863 -73.1088 2.2
      vertex 24.5863 -73.1088 0
    endloop
  endfacet
  facet normal -0.980819 0.194922 0
    outer loop
      vertex 24.5863 -73.1088 2.2
      vertex 24.5455 -73.3141 0
      vertex 24.5455 -73.3141 2.2
    endloop
  endfacet
  facet normal -0.751925 0.659248 0
    outer loop
      vertex 24.1314 -74.0314 0
      vertex 24.2694 -73.874 2.2
      vertex 24.2694 -73.874 0
    endloop
  endfacet
  facet normal -0.751925 0.659248 0
    outer loop
      vertex 24.2694 -73.874 2.2
      vertex 24.1314 -74.0314 0
      vertex 24.1314 -74.0314 2.2
    endloop
  endfacet
  facet normal -0.442429 0.896803 0
    outer loop
      vertex 23.8 -74.2856 0
      vertex 23.6123 -74.3782 2.2
      vertex 23.8 -74.2856 2.2
    endloop
  endfacet
  facet normal -0.442429 0.896803 0
    outer loop
      vertex 23.6123 -74.3782 2.2
      vertex 23.8 -74.2856 0
      vertex 23.6123 -74.3782 0
    endloop
  endfacet
  facet normal 0.0654722 0.997854 -0
    outer loop
      vertex 23 -74.5 0
      vertex 22.7912 -74.4863 2.2
      vertex 23 -74.5 2.2
    endloop
  endfacet
  facet normal 0.0654722 0.997854 0
    outer loop
      vertex 22.7912 -74.4863 2.2
      vertex 23 -74.5 0
      vertex 22.7912 -74.4863 0
    endloop
  endfacet
  facet normal 0.194922 0.980819 -0
    outer loop
      vertex 22.7912 -74.4863 0
      vertex 22.5859 -74.4455 2.2
      vertex 22.7912 -74.4863 2.2
    endloop
  endfacet
  facet normal 0.194922 0.980819 0
    outer loop
      vertex 22.5859 -74.4455 2.2
      vertex 22.7912 -74.4863 0
      vertex 22.5859 -74.4455 0
    endloop
  endfacet
  facet normal 0.980819 0.194922 0
    outer loop
      vertex 21.4545 -73.3141 2.2
      vertex 21.4137 -73.1088 0
      vertex 21.4137 -73.1088 2.2
    endloop
  endfacet
  facet normal 0.980819 0.194922 0
    outer loop
      vertex 21.4137 -73.1088 0
      vertex 21.4545 -73.3141 2.2
      vertex 21.4545 -73.3141 0
    endloop
  endfacet
  facet normal 0.896803 0.442429 0
    outer loop
      vertex 21.6144 -73.7 2.2
      vertex 21.5218 -73.5123 0
      vertex 21.5218 -73.5123 2.2
    endloop
  endfacet
  facet normal 0.896803 0.442429 0
    outer loop
      vertex 21.5218 -73.5123 0
      vertex 21.6144 -73.7 2.2
      vertex 21.6144 -73.7 0
    endloop
  endfacet
  facet normal 0.659248 0.751925 -0
    outer loop
      vertex 22.026 -74.1694 0
      vertex 21.8686 -74.0314 2.2
      vertex 22.026 -74.1694 2.2
    endloop
  endfacet
  facet normal 0.659248 0.751925 0
    outer loop
      vertex 21.8686 -74.0314 2.2
      vertex 22.026 -74.1694 0
      vertex 21.8686 -74.0314 0
    endloop
  endfacet
  facet normal 0.751925 0.659248 0
    outer loop
      vertex 21.8686 -74.0314 2.2
      vertex 21.7306 -73.874 0
      vertex 21.7306 -73.874 2.2
    endloop
  endfacet
  facet normal 0.751925 0.659248 0
    outer loop
      vertex 21.7306 -73.874 0
      vertex 21.8686 -74.0314 2.2
      vertex 21.8686 -74.0314 0
    endloop
  endfacet
  facet normal 0.831609 -0.555362 0
    outer loop
      vertex 21.6144 -33.3 2.2
      vertex 21.7306 -33.126 0
      vertex 21.7306 -33.126 2.2
    endloop
  endfacet
  facet normal 0.831609 -0.555362 0
    outer loop
      vertex 21.7306 -33.126 0
      vertex 21.6144 -33.3 2.2
      vertex 21.6144 -33.3 0
    endloop
  endfacet
  facet normal 0.555362 -0.831609 0
    outer loop
      vertex 22.026 -32.8306 0
      vertex 22.2 -32.7144 2.2
      vertex 22.026 -32.8306 2.2
    endloop
  endfacet
  facet normal 0.555362 -0.831609 0
    outer loop
      vertex 22.2 -32.7144 2.2
      vertex 22.026 -32.8306 0
      vertex 22.2 -32.7144 0
    endloop
  endfacet
  facet normal -0.555362 -0.831609 0
    outer loop
      vertex 23.8 -32.7144 0
      vertex 23.974 -32.8306 2.2
      vertex 23.8 -32.7144 2.2
    endloop
  endfacet
  facet normal -0.555362 -0.831609 -0
    outer loop
      vertex 23.974 -32.8306 2.2
      vertex 23.8 -32.7144 0
      vertex 23.974 -32.8306 0
    endloop
  endfacet
  facet normal -0.0654722 -0.997854 0
    outer loop
      vertex 23 -32.5 0
      vertex 23.2088 -32.5137 2.2
      vertex 23 -32.5 2.2
    endloop
  endfacet
  facet normal -0.0654722 -0.997854 -0
    outer loop
      vertex 23.2088 -32.5137 2.2
      vertex 23 -32.5 0
      vertex 23.2088 -32.5137 0
    endloop
  endfacet
  facet normal 0.0654722 -0.997854 0
    outer loop
      vertex 22.7912 -32.5137 0
      vertex 23 -32.5 2.2
      vertex 22.7912 -32.5137 2.2
    endloop
  endfacet
  facet normal 0.0654722 -0.997854 0
    outer loop
      vertex 23 -32.5 2.2
      vertex 22.7912 -32.5137 0
      vertex 23 -32.5 0
    endloop
  endfacet
  facet normal -0.751925 -0.659248 0
    outer loop
      vertex 24.2694 -33.126 0
      vertex 24.1314 -32.9686 2.2
      vertex 24.1314 -32.9686 0
    endloop
  endfacet
  facet normal -0.751925 -0.659248 0
    outer loop
      vertex 24.1314 -32.9686 2.2
      vertex 24.2694 -33.126 0
      vertex 24.2694 -33.126 2.2
    endloop
  endfacet
  facet normal -0.980819 -0.194922 0
    outer loop
      vertex 24.5863 -33.8912 0
      vertex 24.5455 -33.6859 2.2
      vertex 24.5455 -33.6859 0
    endloop
  endfacet
  facet normal -0.980819 -0.194922 0
    outer loop
      vertex 24.5455 -33.6859 2.2
      vertex 24.5863 -33.8912 0
      vertex 24.5863 -33.8912 2.2
    endloop
  endfacet
  facet normal -0.997854 -0.0654722 0
    outer loop
      vertex 24.6 -34.1 0
      vertex 24.5863 -33.8912 2.2
      vertex 24.5863 -33.8912 0
    endloop
  endfacet
  facet normal -0.997854 -0.0654722 0
    outer loop
      vertex 24.5863 -33.8912 2.2
      vertex 24.6 -34.1 0
      vertex 24.6 -34.1 2.2
    endloop
  endfacet
  facet normal -0.555362 0.831609 0
    outer loop
      vertex 23.974 -74.1694 0
      vertex 23.8 -74.2856 2.2
      vertex 23.974 -74.1694 2.2
    endloop
  endfacet
  facet normal -0.555362 0.831609 0
    outer loop
      vertex 23.8 -74.2856 2.2
      vertex 23.974 -74.1694 0
      vertex 23.8 -74.2856 0
    endloop
  endfacet
  facet normal 0.896803 -0.442429 0
    outer loop
      vertex 21.5218 -33.4877 2.2
      vertex 21.6144 -33.3 0
      vertex 21.6144 -33.3 2.2
    endloop
  endfacet
  facet normal 0.896803 -0.442429 0
    outer loop
      vertex 21.6144 -33.3 0
      vertex 21.5218 -33.4877 2.2
      vertex 21.5218 -33.4877 0
    endloop
  endfacet
  facet normal 0.442429 -0.896803 0
    outer loop
      vertex 22.2 -32.7144 0
      vertex 22.3877 -32.6218 2.2
      vertex 22.2 -32.7144 2.2
    endloop
  endfacet
  facet normal 0.442429 -0.896803 0
    outer loop
      vertex 22.3877 -32.6218 2.2
      vertex 22.2 -32.7144 0
      vertex 22.3877 -32.6218 0
    endloop
  endfacet
  facet normal -0.659248 -0.751925 0
    outer loop
      vertex 23.974 -32.8306 0
      vertex 24.1314 -32.9686 2.2
      vertex 23.974 -32.8306 2.2
    endloop
  endfacet
  facet normal -0.659248 -0.751925 -0
    outer loop
      vertex 24.1314 -32.9686 2.2
      vertex 23.974 -32.8306 0
      vertex 24.1314 -32.9686 0
    endloop
  endfacet
  facet normal -0.946901 -0.321526 0
    outer loop
      vertex 24.5455 -33.6859 0
      vertex 24.4782 -33.4877 2.2
      vertex 24.4782 -33.4877 0
    endloop
  endfacet
  facet normal -0.946901 -0.321526 0
    outer loop
      vertex 24.4782 -33.4877 2.2
      vertex 24.5455 -33.6859 0
      vertex 24.5455 -33.6859 2.2
    endloop
  endfacet
  facet normal -0.831609 0.555362 0
    outer loop
      vertex 24.2694 -73.874 0
      vertex 24.3856 -73.7 2.2
      vertex 24.3856 -73.7 0
    endloop
  endfacet
  facet normal -0.831609 0.555362 0
    outer loop
      vertex 24.3856 -73.7 2.2
      vertex 24.2694 -73.874 0
      vertex 24.2694 -73.874 2.2
    endloop
  endfacet
  facet normal -0.659248 0.751925 0
    outer loop
      vertex 24.1314 -74.0314 0
      vertex 23.974 -74.1694 2.2
      vertex 24.1314 -74.0314 2.2
    endloop
  endfacet
  facet normal -0.659248 0.751925 0
    outer loop
      vertex 23.974 -74.1694 2.2
      vertex 24.1314 -74.0314 0
      vertex 23.974 -74.1694 0
    endloop
  endfacet
  facet normal -0.946901 0.321526 0
    outer loop
      vertex 24.4782 -73.5123 0
      vertex 24.5455 -73.3141 2.2
      vertex 24.5455 -73.3141 0
    endloop
  endfacet
  facet normal -0.946901 0.321526 0
    outer loop
      vertex 24.5455 -73.3141 2.2
      vertex 24.4782 -73.5123 0
      vertex 24.4782 -73.5123 2.2
    endloop
  endfacet
  facet normal -0.896803 0.442429 0
    outer loop
      vertex 24.3856 -73.7 0
      vertex 24.4782 -73.5123 2.2
      vertex 24.4782 -73.5123 0
    endloop
  endfacet
  facet normal -0.896803 0.442429 0
    outer loop
      vertex 24.4782 -73.5123 2.2
      vertex 24.3856 -73.7 0
      vertex 24.3856 -73.7 2.2
    endloop
  endfacet
  facet normal -0.194922 0.980819 0
    outer loop
      vertex 32.4141 -74.4455 0
      vertex 32.2088 -74.4863 2.2
      vertex 32.4141 -74.4455 2.2
    endloop
  endfacet
  facet normal -0.194922 0.980819 0
    outer loop
      vertex 32.2088 -74.4863 2.2
      vertex 32.4141 -74.4455 0
      vertex 32.2088 -74.4863 0
    endloop
  endfacet
  facet normal -0.321526 0.946901 0
    outer loop
      vertex 32.6123 -74.3782 0
      vertex 32.4141 -74.4455 2.2
      vertex 32.6123 -74.3782 2.2
    endloop
  endfacet
  facet normal -0.321526 0.946901 0
    outer loop
      vertex 32.4141 -74.4455 2.2
      vertex 32.6123 -74.3782 0
      vertex 32.4141 -74.4455 0
    endloop
  endfacet
  facet normal -0.0654722 0.997854 0
    outer loop
      vertex 32.2088 -74.4863 0
      vertex 32 -74.5 2.2
      vertex 32.2088 -74.4863 2.2
    endloop
  endfacet
  facet normal -0.0654722 0.997854 0
    outer loop
      vertex 32 -74.5 2.2
      vertex 32.2088 -74.4863 0
      vertex 32 -74.5 0
    endloop
  endfacet
  facet normal 0.997854 0.0654722 0
    outer loop
      vertex 30.4137 -73.1088 2.2
      vertex 30.4 -72.9 0
      vertex 30.4 -72.9 2.2
    endloop
  endfacet
  facet normal 0.997854 0.0654722 0
    outer loop
      vertex 30.4 -72.9 0
      vertex 30.4137 -73.1088 2.2
      vertex 30.4137 -73.1088 0
    endloop
  endfacet
  facet normal -1 0 0
    outer loop
      vertex 33.6 -72.9 0
      vertex 33.6 -34.1 2.2
      vertex 33.6 -34.1 0
    endloop
  endfacet
  facet normal -1 -0 0
    outer loop
      vertex 33.6 -34.1 2.2
      vertex 33.6 -72.9 0
      vertex 33.6 -72.9 2.2
    endloop
  endfacet
  facet normal 0.555362 0.831609 -0
    outer loop
      vertex 31.2 -74.2856 0
      vertex 31.026 -74.1694 2.2
      vertex 31.2 -74.2856 2.2
    endloop
  endfacet
  facet normal 0.555362 0.831609 0
    outer loop
      vertex 31.026 -74.1694 2.2
      vertex 31.2 -74.2856 0
      vertex 31.026 -74.1694 0
    endloop
  endfacet
  facet normal -0.831609 0.555362 0
    outer loop
      vertex 33.2694 -73.874 0
      vertex 33.3856 -73.7 2.2
      vertex 33.3856 -73.7 0
    endloop
  endfacet
  facet normal -0.831609 0.555362 0
    outer loop
      vertex 33.3856 -73.7 2.2
      vertex 33.2694 -73.874 0
      vertex 33.2694 -73.874 2.2
    endloop
  endfacet
  facet normal 1 -0 0
    outer loop
      vertex 30.4 -72.9 2.2
      vertex 30.4 -34.1 0
      vertex 30.4 -34.1 2.2
    endloop
  endfacet
  facet normal 1 0 0
    outer loop
      vertex 30.4 -34.1 0
      vertex 30.4 -72.9 2.2
      vertex 30.4 -72.9 0
    endloop
  endfacet
  facet normal -0.321526 -0.946901 0
    outer loop
      vertex 32.4141 -32.5545 0
      vertex 32.6123 -32.6218 2.2
      vertex 32.4141 -32.5545 2.2
    endloop
  endfacet
  facet normal -0.321526 -0.946901 -0
    outer loop
      vertex 32.6123 -32.6218 2.2
      vertex 32.4141 -32.5545 0
      vertex 32.6123 -32.6218 0
    endloop
  endfacet
  facet normal 0.831609 0.555362 0
    outer loop
      vertex 30.7306 -73.874 2.2
      vertex 30.6144 -73.7 0
      vertex 30.6144 -73.7 2.2
    endloop
  endfacet
  facet normal 0.831609 0.555362 0
    outer loop
      vertex 30.6144 -73.7 0
      vertex 30.7306 -73.874 2.2
      vertex 30.7306 -73.874 0
    endloop
  endfacet
  facet normal 0.321526 -0.946901 0
    outer loop
      vertex 31.3877 -32.6218 0
      vertex 31.5859 -32.5545 2.2
      vertex 31.3877 -32.6218 2.2
    endloop
  endfacet
  facet normal 0.321526 -0.946901 0
    outer loop
      vertex 31.5859 -32.5545 2.2
      vertex 31.3877 -32.6218 0
      vertex 31.5859 -32.5545 0
    endloop
  endfacet
  facet normal -0.442429 -0.896803 0
    outer loop
      vertex 32.6123 -32.6218 0
      vertex 32.8 -32.7144 2.2
      vertex 32.6123 -32.6218 2.2
    endloop
  endfacet
  facet normal -0.442429 -0.896803 -0
    outer loop
      vertex 32.8 -32.7144 2.2
      vertex 32.6123 -32.6218 0
      vertex 32.8 -32.7144 0
    endloop
  endfacet
  facet normal -0.997854 0.0654722 0
    outer loop
      vertex 33.5863 -73.1088 0
      vertex 33.6 -72.9 2.2
      vertex 33.6 -72.9 0
    endloop
  endfacet
  facet normal -0.997854 0.0654722 0
    outer loop
      vertex 33.6 -72.9 2.2
      vertex 33.5863 -73.1088 0
      vertex 33.5863 -73.1088 2.2
    endloop
  endfacet
  facet normal 0.321526 0.946901 -0
    outer loop
      vertex 31.5859 -74.4455 0
      vertex 31.3877 -74.3782 2.2
      vertex 31.5859 -74.4455 2.2
    endloop
  endfacet
  facet normal 0.321526 0.946901 0
    outer loop
      vertex 31.3877 -74.3782 2.2
      vertex 31.5859 -74.4455 0
      vertex 31.3877 -74.3782 0
    endloop
  endfacet
  facet normal 0.442429 0.896803 -0
    outer loop
      vertex 31.3877 -74.3782 0
      vertex 31.2 -74.2856 2.2
      vertex 31.3877 -74.3782 2.2
    endloop
  endfacet
  facet normal 0.442429 0.896803 0
    outer loop
      vertex 31.2 -74.2856 2.2
      vertex 31.3877 -74.3782 0
      vertex 31.2 -74.2856 0
    endloop
  endfacet
  facet normal 0.946901 0.321526 0
    outer loop
      vertex 30.5218 -73.5123 2.2
      vertex 30.4545 -73.3141 0
      vertex 30.4545 -73.3141 2.2
    endloop
  endfacet
  facet normal 0.946901 0.321526 0
    outer loop
      vertex 30.4545 -73.3141 0
      vertex 30.5218 -73.5123 2.2
      vertex 30.5218 -73.5123 0
    endloop
  endfacet
  facet normal 0.751925 0.659248 0
    outer loop
      vertex 30.8686 -74.0314 2.2
      vertex 30.7306 -73.874 0
      vertex 30.7306 -73.874 2.2
    endloop
  endfacet
  facet normal 0.751925 0.659248 0
    outer loop
      vertex 30.7306 -73.874 0
      vertex 30.8686 -74.0314 2.2
      vertex 30.8686 -74.0314 0
    endloop
  endfacet
  facet normal 0.659248 -0.751925 0
    outer loop
      vertex 30.8686 -32.9686 0
      vertex 31.026 -32.8306 2.2
      vertex 30.8686 -32.9686 2.2
    endloop
  endfacet
  facet normal 0.659248 -0.751925 0
    outer loop
      vertex 31.026 -32.8306 2.2
      vertex 30.8686 -32.9686 0
      vertex 31.026 -32.8306 0
    endloop
  endfacet
  facet normal 0.980819 -0.194922 0
    outer loop
      vertex 30.4137 -33.8912 2.2
      vertex 30.4545 -33.6859 0
      vertex 30.4545 -33.6859 2.2
    endloop
  endfacet
  facet normal 0.980819 -0.194922 0
    outer loop
      vertex 30.4545 -33.6859 0
      vertex 30.4137 -33.8912 2.2
      vertex 30.4137 -33.8912 0
    endloop
  endfacet
  facet normal 0.946901 -0.321526 0
    outer loop
      vertex 30.4545 -33.6859 2.2
      vertex 30.5218 -33.4877 0
      vertex 30.5218 -33.4877 2.2
    endloop
  endfacet
  facet normal 0.946901 -0.321526 0
    outer loop
      vertex 30.5218 -33.4877 0
      vertex 30.4545 -33.6859 2.2
      vertex 30.4545 -33.6859 0
    endloop
  endfacet
  facet normal 0.194922 -0.980819 0
    outer loop
      vertex 31.5859 -32.5545 0
      vertex 31.7912 -32.5137 2.2
      vertex 31.5859 -32.5545 2.2
    endloop
  endfacet
  facet normal 0.194922 -0.980819 0
    outer loop
      vertex 31.7912 -32.5137 2.2
      vertex 31.5859 -32.5545 0
      vertex 31.7912 -32.5137 0
    endloop
  endfacet
  facet normal -0.194922 -0.980819 0
    outer loop
      vertex 32.2088 -32.5137 0
      vertex 32.4141 -32.5545 2.2
      vertex 32.2088 -32.5137 2.2
    endloop
  endfacet
  facet normal -0.194922 -0.980819 -0
    outer loop
      vertex 32.4141 -32.5545 2.2
      vertex 32.2088 -32.5137 0
      vertex 32.4141 -32.5545 0
    endloop
  endfacet
  facet normal -0.831609 -0.555362 0
    outer loop
      vertex 33.3856 -33.3 0
      vertex 33.2694 -33.126 2.2
      vertex 33.2694 -33.126 0
    endloop
  endfacet
  facet normal -0.831609 -0.555362 0
    outer loop
      vertex 33.2694 -33.126 2.2
      vertex 33.3856 -33.3 0
      vertex 33.3856 -33.3 2.2
    endloop
  endfacet
  facet normal -0.896803 -0.442429 0
    outer loop
      vertex 33.4782 -33.4877 0
      vertex 33.3856 -33.3 2.2
      vertex 33.3856 -33.3 0
    endloop
  endfacet
  facet normal -0.896803 -0.442429 0
    outer loop
      vertex 33.3856 -33.3 2.2
      vertex 33.4782 -33.4877 0
      vertex 33.4782 -33.4877 2.2
    endloop
  endfacet
  facet normal -0.980819 0.194922 0
    outer loop
      vertex 33.5455 -73.3141 0
      vertex 33.5863 -73.1088 2.2
      vertex 33.5863 -73.1088 0
    endloop
  endfacet
  facet normal -0.980819 0.194922 0
    outer loop
      vertex 33.5863 -73.1088 2.2
      vertex 33.5455 -73.3141 0
      vertex 33.5455 -73.3141 2.2
    endloop
  endfacet
  facet normal -0.751925 0.659248 0
    outer loop
      vertex 33.1314 -74.0314 0
      vertex 33.2694 -73.874 2.2
      vertex 33.2694 -73.874 0
    endloop
  endfacet
  facet normal -0.751925 0.659248 0
    outer loop
      vertex 33.2694 -73.874 2.2
      vertex 33.1314 -74.0314 0
      vertex 33.1314 -74.0314 2.2
    endloop
  endfacet
  facet normal -0.442429 0.896803 0
    outer loop
      vertex 32.8 -74.2856 0
      vertex 32.6123 -74.3782 2.2
      vertex 32.8 -74.2856 2.2
    endloop
  endfacet
  facet normal -0.442429 0.896803 0
    outer loop
      vertex 32.6123 -74.3782 2.2
      vertex 32.8 -74.2856 0
      vertex 32.6123 -74.3782 0
    endloop
  endfacet
  facet normal 0.0654722 0.997854 -0
    outer loop
      vertex 32 -74.5 0
      vertex 31.7912 -74.4863 2.2
      vertex 32 -74.5 2.2
    endloop
  endfacet
  facet normal 0.0654722 0.997854 0
    outer loop
      vertex 31.7912 -74.4863 2.2
      vertex 32 -74.5 0
      vertex 31.7912 -74.4863 0
    endloop
  endfacet
  facet normal 0.194922 0.980819 -0
    outer loop
      vertex 31.7912 -74.4863 0
      vertex 31.5859 -74.4455 2.2
      vertex 31.7912 -74.4863 2.2
    endloop
  endfacet
  facet normal 0.194922 0.980819 0
    outer loop
      vertex 31.5859 -74.4455 2.2
      vertex 31.7912 -74.4863 0
      vertex 31.5859 -74.4455 0
    endloop
  endfacet
  facet normal 0.980819 0.194922 0
    outer loop
      vertex 30.4545 -73.3141 2.2
      vertex 30.4137 -73.1088 0
      vertex 30.4137 -73.1088 2.2
    endloop
  endfacet
  facet normal 0.980819 0.194922 0
    outer loop
      vertex 30.4137 -73.1088 0
      vertex 30.4545 -73.3141 2.2
      vertex 30.4545 -73.3141 0
    endloop
  endfacet
  facet normal 0.896803 0.442429 0
    outer loop
      vertex 30.6144 -73.7 2.2
      vertex 30.5218 -73.5123 0
      vertex 30.5218 -73.5123 2.2
    endloop
  endfacet
  facet normal 0.896803 0.442429 0
    outer loop
      vertex 30.5218 -73.5123 0
      vertex 30.6144 -73.7 2.2
      vertex 30.6144 -73.7 0
    endloop
  endfacet
  facet normal 0.659248 0.751925 -0
    outer loop
      vertex 31.026 -74.1694 0
      vertex 30.8686 -74.0314 2.2
      vertex 31.026 -74.1694 2.2
    endloop
  endfacet
  facet normal 0.659248 0.751925 0
    outer loop
      vertex 30.8686 -74.0314 2.2
      vertex 31.026 -74.1694 0
      vertex 30.8686 -74.0314 0
    endloop
  endfacet
  facet normal 0.997854 -0.0654722 0
    outer loop
      vertex 30.4 -34.1 2.2
      vertex 30.4137 -33.8912 0
      vertex 30.4137 -33.8912 2.2
    endloop
  endfacet
  facet normal 0.997854 -0.0654722 0
    outer loop
      vertex 30.4137 -33.8912 0
      vertex 30.4 -34.1 2.2
      vertex 30.4 -34.1 0
    endloop
  endfacet
  facet normal 0.831609 -0.555362 0
    outer loop
      vertex 30.6144 -33.3 2.2
      vertex 30.7306 -33.126 0
      vertex 30.7306 -33.126 2.2
    endloop
  endfacet
  facet normal 0.831609 -0.555362 0
    outer loop
      vertex 30.7306 -33.126 0
      vertex 30.6144 -33.3 2.2
      vertex 30.6144 -33.3 0
    endloop
  endfacet
  facet normal 0.555362 -0.831609 0
    outer loop
      vertex 31.026 -32.8306 0
      vertex 31.2 -32.7144 2.2
      vertex 31.026 -32.8306 2.2
    endloop
  endfacet
  facet normal 0.555362 -0.831609 0
    outer loop
      vertex 31.2 -32.7144 2.2
      vertex 31.026 -32.8306 0
      vertex 31.2 -32.7144 0
    endloop
  endfacet
  facet normal 0.751925 -0.659248 0
    outer loop
      vertex 30.7306 -33.126 2.2
      vertex 30.8686 -32.9686 0
      vertex 30.8686 -32.9686 2.2
    endloop
  endfacet
  facet normal 0.751925 -0.659248 0
    outer loop
      vertex 30.8686 -32.9686 0
      vertex 30.7306 -33.126 2.2
      vertex 30.7306 -33.126 0
    endloop
  endfacet
  facet normal -0.659248 -0.751925 0
    outer loop
      vertex 32.974 -32.8306 0
      vertex 33.1314 -32.9686 2.2
      vertex 32.974 -32.8306 2.2
    endloop
  endfacet
  facet normal -0.659248 -0.751925 -0
    outer loop
      vertex 33.1314 -32.9686 2.2
      vertex 32.974 -32.8306 0
      vertex 33.1314 -32.9686 0
    endloop
  endfacet
  facet normal -0.555362 -0.831609 0
    outer loop
      vertex 32.8 -32.7144 0
      vertex 32.974 -32.8306 2.2
      vertex 32.8 -32.7144 2.2
    endloop
  endfacet
  facet normal -0.555362 -0.831609 -0
    outer loop
      vertex 32.974 -32.8306 2.2
      vertex 32.8 -32.7144 0
      vertex 32.974 -32.8306 0
    endloop
  endfacet
  facet normal -0.0654722 -0.997854 0
    outer loop
      vertex 32 -32.5 0
      vertex 32.2088 -32.5137 2.2
      vertex 32 -32.5 2.2
    endloop
  endfacet
  facet normal -0.0654722 -0.997854 -0
    outer loop
      vertex 32.2088 -32.5137 2.2
      vertex 32 -32.5 0
      vertex 32.2088 -32.5137 0
    endloop
  endfacet
  facet normal 0.0654722 -0.997854 0
    outer loop
      vertex 31.7912 -32.5137 0
      vertex 32 -32.5 2.2
      vertex 31.7912 -32.5137 2.2
    endloop
  endfacet
  facet normal 0.0654722 -0.997854 0
    outer loop
      vertex 32 -32.5 2.2
      vertex 31.7912 -32.5137 0
      vertex 32 -32.5 0
    endloop
  endfacet
  facet normal -0.751925 -0.659248 0
    outer loop
      vertex 33.2694 -33.126 0
      vertex 33.1314 -32.9686 2.2
      vertex 33.1314 -32.9686 0
    endloop
  endfacet
  facet normal -0.751925 -0.659248 0
    outer loop
      vertex 33.1314 -32.9686 2.2
      vertex 33.2694 -33.126 0
      vertex 33.2694 -33.126 2.2
    endloop
  endfacet
  facet normal -0.980819 -0.194922 0
    outer loop
      vertex 33.5863 -33.8912 0
      vertex 33.5455 -33.6859 2.2
      vertex 33.5455 -33.6859 0
    endloop
  endfacet
  facet normal -0.980819 -0.194922 0
    outer loop
      vertex 33.5455 -33.6859 2.2
      vertex 33.5863 -33.8912 0
      vertex 33.5863 -33.8912 2.2
    endloop
  endfacet
  facet normal -0.997854 -0.0654722 0
    outer loop
      vertex 33.6 -34.1 0
      vertex 33.5863 -33.8912 2.2
      vertex 33.5863 -33.8912 0
    endloop
  endfacet
  facet normal -0.997854 -0.0654722 0
    outer loop
      vertex 33.5863 -33.8912 2.2
      vertex 33.6 -34.1 0
      vertex 33.6 -34.1 2.2
    endloop
  endfacet
  facet normal 0.896803 -0.442429 0
    outer loop
      vertex 30.5218 -33.4877 2.2
      vertex 30.6144 -33.3 0
      vertex 30.6144 -33.3 2.2
    endloop
  endfacet
  facet normal 0.896803 -0.442429 0
    outer loop
      vertex 30.6144 -33.3 0
      vertex 30.5218 -33.4877 2.2
      vertex 30.5218 -33.4877 0
    endloop
  endfacet
  facet normal 0.442429 -0.896803 0
    outer loop
      vertex 31.2 -32.7144 0
      vertex 31.3877 -32.6218 2.2
      vertex 31.2 -32.7144 2.2
    endloop
  endfacet
  facet normal 0.442429 -0.896803 0
    outer loop
      vertex 31.3877 -32.6218 2.2
      vertex 31.2 -32.7144 0
      vertex 31.3877 -32.6218 0
    endloop
  endfacet
  facet normal -0.946901 -0.321526 0
    outer loop
      vertex 33.5455 -33.6859 0
      vertex 33.4782 -33.4877 2.2
      vertex 33.4782 -33.4877 0
    endloop
  endfacet
  facet normal -0.946901 -0.321526 0
    outer loop
      vertex 33.4782 -33.4877 2.2
      vertex 33.5455 -33.6859 0
      vertex 33.5455 -33.6859 2.2
    endloop
  endfacet
  facet normal -0.659248 0.751925 0
    outer loop
      vertex 33.1314 -74.0314 0
      vertex 32.974 -74.1694 2.2
      vertex 33.1314 -74.0314 2.2
    endloop
  endfacet
  facet normal -0.659248 0.751925 0
    outer loop
      vertex 32.974 -74.1694 2.2
      vertex 33.1314 -74.0314 0
      vertex 32.974 -74.1694 0
    endloop
  endfacet
  facet normal -0.946901 0.321526 0
    outer loop
      vertex 33.4782 -73.5123 0
      vertex 33.5455 -73.3141 2.2
      vertex 33.5455 -73.3141 0
    endloop
  endfacet
  facet normal -0.946901 0.321526 0
    outer loop
      vertex 33.5455 -73.3141 2.2
      vertex 33.4782 -73.5123 0
      vertex 33.4782 -73.5123 2.2
    endloop
  endfacet
  facet normal -0.896803 0.442429 0
    outer loop
      vertex 33.3856 -73.7 0
      vertex 33.4782 -73.5123 2.2
      vertex 33.4782 -73.5123 0
    endloop
  endfacet
  facet normal -0.896803 0.442429 0
    outer loop
      vertex 33.4782 -73.5123 2.2
      vertex 33.3856 -73.7 0
      vertex 33.3856 -73.7 2.2
    endloop
  endfacet
  facet normal -0.555362 0.831609 0
    outer loop
      vertex 32.974 -74.1694 0
      vertex 32.8 -74.2856 2.2
      vertex 32.974 -74.1694 2.2
    endloop
  endfacet
  facet normal -0.555362 0.831609 0
    outer loop
      vertex 32.8 -74.2856 2.2
      vertex 32.974 -74.1694 0
      vertex 32.8 -74.2856 0
    endloop
  endfacet
  facet normal -0.321526 0.946901 0
    outer loop
      vertex 41.6123 -74.3782 0
      vertex 41.4141 -74.4455 2.2
      vertex 41.6123 -74.3782 2.2
    endloop
  endfacet
  facet normal -0.321526 0.946901 0
    outer loop
      vertex 41.4141 -74.4455 2.2
      vertex 41.6123 -74.3782 0
      vertex 41.4141 -74.4455 0
    endloop
  endfacet
  facet normal 0.659248 0.751925 -0
    outer loop
      vertex 40.026 -74.1694 0
      vertex 39.8686 -74.0314 2.2
      vertex 40.026 -74.1694 2.2
    endloop
  endfacet
  facet normal 0.659248 0.751925 0
    outer loop
      vertex 39.8686 -74.0314 2.2
      vertex 40.026 -74.1694 0
      vertex 39.8686 -74.0314 0
    endloop
  endfacet
  facet normal 1 -0 0
    outer loop
      vertex 39.4 -72.9 2.2
      vertex 39.4 -34.1 0
      vertex 39.4 -34.1 2.2
    endloop
  endfacet
  facet normal 1 0 0
    outer loop
      vertex 39.4 -34.1 0
      vertex 39.4 -72.9 2.2
      vertex 39.4 -72.9 0
    endloop
  endfacet
  facet normal -0.321526 -0.946901 0
    outer loop
      vertex 41.4141 -32.5545 0
      vertex 41.6123 -32.6218 2.2
      vertex 41.4141 -32.5545 2.2
    endloop
  endfacet
  facet normal -0.321526 -0.946901 -0
    outer loop
      vertex 41.6123 -32.6218 2.2
      vertex 41.4141 -32.5545 0
      vertex 41.6123 -32.6218 0
    endloop
  endfacet
  facet normal -1 0 0
    outer loop
      vertex 42.6 -72.9 0
      vertex 42.6 -34.1 2.2
      vertex 42.6 -34.1 0
    endloop
  endfacet
  facet normal -1 -0 0
    outer loop
      vertex 42.6 -34.1 2.2
      vertex 42.6 -72.9 0
      vertex 42.6 -72.9 2.2
    endloop
  endfacet
  facet normal 0.194922 0.980819 -0
    outer loop
      vertex 40.7912 -74.4863 0
      vertex 40.5859 -74.4455 2.2
      vertex 40.7912 -74.4863 2.2
    endloop
  endfacet
  facet normal 0.194922 0.980819 0
    outer loop
      vertex 40.5859 -74.4455 2.2
      vertex 40.7912 -74.4863 0
      vertex 40.5859 -74.4455 0
    endloop
  endfacet
  facet normal 0.831609 0.555362 0
    outer loop
      vertex 39.7306 -73.874 2.2
      vertex 39.6144 -73.7 0
      vertex 39.6144 -73.7 2.2
    endloop
  endfacet
  facet normal 0.831609 0.555362 0
    outer loop
      vertex 39.6144 -73.7 0
      vertex 39.7306 -73.874 2.2
      vertex 39.7306 -73.874 0
    endloop
  endfacet
  facet normal 0.0654722 -0.997854 0
    outer loop
      vertex 40.7912 -32.5137 0
      vertex 41 -32.5 2.2
      vertex 40.7912 -32.5137 2.2
    endloop
  endfacet
  facet normal 0.0654722 -0.997854 0
    outer loop
      vertex 41 -32.5 2.2
      vertex 40.7912 -32.5137 0
      vertex 41 -32.5 0
    endloop
  endfacet
  facet normal -0.555362 -0.831609 0
    outer loop
      vertex 41.8 -32.7144 0
      vertex 41.974 -32.8306 2.2
      vertex 41.8 -32.7144 2.2
    endloop
  endfacet
  facet normal -0.555362 -0.831609 -0
    outer loop
      vertex 41.974 -32.8306 2.2
      vertex 41.8 -32.7144 0
      vertex 41.974 -32.8306 0
    endloop
  endfacet
  facet normal -0.194922 0.980819 0
    outer loop
      vertex 41.4141 -74.4455 0
      vertex 41.2088 -74.4863 2.2
      vertex 41.4141 -74.4455 2.2
    endloop
  endfacet
  facet normal -0.194922 0.980819 0
    outer loop
      vertex 41.2088 -74.4863 2.2
      vertex 41.4141 -74.4455 0
      vertex 41.2088 -74.4863 0
    endloop
  endfacet
  facet normal -0.0654722 0.997854 0
    outer loop
      vertex 41.2088 -74.4863 0
      vertex 41 -74.5 2.2
      vertex 41.2088 -74.4863 2.2
    endloop
  endfacet
  facet normal -0.0654722 0.997854 0
    outer loop
      vertex 41 -74.5 2.2
      vertex 41.2088 -74.4863 0
      vertex 41 -74.5 0
    endloop
  endfacet
  facet normal 0.321526 0.946901 -0
    outer loop
      vertex 40.5859 -74.4455 0
      vertex 40.3877 -74.3782 2.2
      vertex 40.5859 -74.4455 2.2
    endloop
  endfacet
  facet normal 0.321526 0.946901 0
    outer loop
      vertex 40.3877 -74.3782 2.2
      vertex 40.5859 -74.4455 0
      vertex 40.3877 -74.3782 0
    endloop
  endfacet
  facet normal 0.555362 0.831609 -0
    outer loop
      vertex 40.2 -74.2856 0
      vertex 40.026 -74.1694 2.2
      vertex 40.2 -74.2856 2.2
    endloop
  endfacet
  facet normal 0.555362 0.831609 0
    outer loop
      vertex 40.026 -74.1694 2.2
      vertex 40.2 -74.2856 0
      vertex 40.026 -74.1694 0
    endloop
  endfacet
  facet normal 0.751925 0.659248 0
    outer loop
      vertex 39.8686 -74.0314 2.2
      vertex 39.7306 -73.874 0
      vertex 39.7306 -73.874 2.2
    endloop
  endfacet
  facet normal 0.751925 0.659248 0
    outer loop
      vertex 39.7306 -73.874 0
      vertex 39.8686 -74.0314 2.2
      vertex 39.8686 -74.0314 0
    endloop
  endfacet
  facet normal 0.997854 0.0654722 0
    outer loop
      vertex 39.4137 -73.1088 2.2
      vertex 39.4 -72.9 0
      vertex 39.4 -72.9 2.2
    endloop
  endfacet
  facet normal 0.997854 0.0654722 0
    outer loop
      vertex 39.4 -72.9 0
      vertex 39.4137 -73.1088 2.2
      vertex 39.4137 -73.1088 0
    endloop
  endfacet
  facet normal 0.896803 0.442429 0
    outer loop
      vertex 39.6144 -73.7 2.2
      vertex 39.5218 -73.5123 0
      vertex 39.5218 -73.5123 2.2
    endloop
  endfacet
  facet normal 0.896803 0.442429 0
    outer loop
      vertex 39.5218 -73.5123 0
      vertex 39.6144 -73.7 2.2
      vertex 39.6144 -73.7 0
    endloop
  endfacet
  facet normal 0.946901 0.321526 0
    outer loop
      vertex 39.5218 -73.5123 2.2
      vertex 39.4545 -73.3141 0
      vertex 39.4545 -73.3141 2.2
    endloop
  endfacet
  facet normal 0.946901 0.321526 0
    outer loop
      vertex 39.4545 -73.3141 0
      vertex 39.5218 -73.5123 2.2
      vertex 39.5218 -73.5123 0
    endloop
  endfacet
  facet normal 0.751925 -0.659248 0
    outer loop
      vertex 39.7306 -33.126 2.2
      vertex 39.8686 -32.9686 0
      vertex 39.8686 -32.9686 2.2
    endloop
  endfacet
  facet normal 0.751925 -0.659248 0
    outer loop
      vertex 39.8686 -32.9686 0
      vertex 39.7306 -33.126 2.2
      vertex 39.7306 -33.126 0
    endloop
  endfacet
  facet normal 0.997854 -0.0654722 0
    outer loop
      vertex 39.4 -34.1 2.2
      vertex 39.4137 -33.8912 0
      vertex 39.4137 -33.8912 2.2
    endloop
  endfacet
  facet normal 0.997854 -0.0654722 0
    outer loop
      vertex 39.4137 -33.8912 0
      vertex 39.4 -34.1 2.2
      vertex 39.4 -34.1 0
    endloop
  endfacet
  facet normal 0.194922 -0.980819 0
    outer loop
      vertex 40.5859 -32.5545 0
      vertex 40.7912 -32.5137 2.2
      vertex 40.5859 -32.5545 2.2
    endloop
  endfacet
  facet normal 0.194922 -0.980819 0
    outer loop
      vertex 40.7912 -32.5137 2.2
      vertex 40.5859 -32.5545 0
      vertex 40.7912 -32.5137 0
    endloop
  endfacet
  facet normal -0.442429 -0.896803 0
    outer loop
      vertex 41.6123 -32.6218 0
      vertex 41.8 -32.7144 2.2
      vertex 41.6123 -32.6218 2.2
    endloop
  endfacet
  facet normal -0.442429 -0.896803 -0
    outer loop
      vertex 41.8 -32.7144 2.2
      vertex 41.6123 -32.6218 0
      vertex 41.8 -32.7144 0
    endloop
  endfacet
  facet normal -0.751925 0.659248 0
    outer loop
      vertex 42.1314 -74.0314 0
      vertex 42.2694 -73.874 2.2
      vertex 42.2694 -73.874 0
    endloop
  endfacet
  facet normal -0.751925 0.659248 0
    outer loop
      vertex 42.2694 -73.874 2.2
      vertex 42.1314 -74.0314 0
      vertex 42.1314 -74.0314 2.2
    endloop
  endfacet
  facet normal -0.659248 -0.751925 0
    outer loop
      vertex 41.974 -32.8306 0
      vertex 42.1314 -32.9686 2.2
      vertex 41.974 -32.8306 2.2
    endloop
  endfacet
  facet normal -0.659248 -0.751925 -0
    outer loop
      vertex 42.1314 -32.9686 2.2
      vertex 41.974 -32.8306 0
      vertex 42.1314 -32.9686 0
    endloop
  endfacet
  facet normal -0.980819 0.194922 0
    outer loop
      vertex 42.5455 -73.3141 0
      vertex 42.5863 -73.1088 2.2
      vertex 42.5863 -73.1088 0
    endloop
  endfacet
  facet normal -0.980819 0.194922 0
    outer loop
      vertex 42.5863 -73.1088 2.2
      vertex 42.5455 -73.3141 0
      vertex 42.5455 -73.3141 2.2
    endloop
  endfacet
  facet normal -0.997854 0.0654722 0
    outer loop
      vertex 42.5863 -73.1088 0
      vertex 42.6 -72.9 2.2
      vertex 42.6 -72.9 0
    endloop
  endfacet
  facet normal -0.997854 0.0654722 0
    outer loop
      vertex 42.6 -72.9 2.2
      vertex 42.5863 -73.1088 0
      vertex 42.5863 -73.1088 2.2
    endloop
  endfacet
  facet normal -0.442429 0.896803 0
    outer loop
      vertex 41.8 -74.2856 0
      vertex 41.6123 -74.3782 2.2
      vertex 41.8 -74.2856 2.2
    endloop
  endfacet
  facet normal -0.442429 0.896803 0
    outer loop
      vertex 41.6123 -74.3782 2.2
      vertex 41.8 -74.2856 0
      vertex 41.6123 -74.3782 0
    endloop
  endfacet
  facet normal 0.0654722 0.997854 -0
    outer loop
      vertex 41 -74.5 0
      vertex 40.7912 -74.4863 2.2
      vertex 41 -74.5 2.2
    endloop
  endfacet
  facet normal 0.0654722 0.997854 0
    outer loop
      vertex 40.7912 -74.4863 2.2
      vertex 41 -74.5 0
      vertex 40.7912 -74.4863 0
    endloop
  endfacet
  facet normal 0.442429 0.896803 -0
    outer loop
      vertex 40.3877 -74.3782 0
      vertex 40.2 -74.2856 2.2
      vertex 40.3877 -74.3782 2.2
    endloop
  endfacet
  facet normal 0.442429 0.896803 0
    outer loop
      vertex 40.2 -74.2856 2.2
      vertex 40.3877 -74.3782 0
      vertex 40.2 -74.2856 0
    endloop
  endfacet
  facet normal 0.980819 0.194922 0
    outer loop
      vertex 39.4545 -73.3141 2.2
      vertex 39.4137 -73.1088 0
      vertex 39.4137 -73.1088 2.2
    endloop
  endfacet
  facet normal 0.980819 0.194922 0
    outer loop
      vertex 39.4137 -73.1088 0
      vertex 39.4545 -73.3141 2.2
      vertex 39.4545 -73.3141 0
    endloop
  endfacet
  facet normal 0.555362 -0.831609 0
    outer loop
      vertex 40.026 -32.8306 0
      vertex 40.2 -32.7144 2.2
      vertex 40.026 -32.8306 2.2
    endloop
  endfacet
  facet normal 0.555362 -0.831609 0
    outer loop
      vertex 40.2 -32.7144 2.2
      vertex 40.026 -32.8306 0
      vertex 40.2 -32.7144 0
    endloop
  endfacet
  facet normal 0.321526 -0.946901 0
    outer loop
      vertex 40.3877 -32.6218 0
      vertex 40.5859 -32.5545 2.2
      vertex 40.3877 -32.6218 2.2
    endloop
  endfacet
  facet normal 0.321526 -0.946901 0
    outer loop
      vertex 40.5859 -32.5545 2.2
      vertex 40.3877 -32.6218 0
      vertex 40.5859 -32.5545 0
    endloop
  endfacet
  facet normal 0.659248 -0.751925 0
    outer loop
      vertex 39.8686 -32.9686 0
      vertex 40.026 -32.8306 2.2
      vertex 39.8686 -32.9686 2.2
    endloop
  endfacet
  facet normal 0.659248 -0.751925 0
    outer loop
      vertex 40.026 -32.8306 2.2
      vertex 39.8686 -32.9686 0
      vertex 40.026 -32.8306 0
    endloop
  endfacet
  facet normal 0.946901 -0.321526 0
    outer loop
      vertex 39.4545 -33.6859 2.2
      vertex 39.5218 -33.4877 0
      vertex 39.5218 -33.4877 2.2
    endloop
  endfacet
  facet normal 0.946901 -0.321526 0
    outer loop
      vertex 39.5218 -33.4877 0
      vertex 39.4545 -33.6859 2.2
      vertex 39.4545 -33.6859 0
    endloop
  endfacet
  facet normal 0.831609 -0.555362 0
    outer loop
      vertex 39.6144 -33.3 2.2
      vertex 39.7306 -33.126 0
      vertex 39.7306 -33.126 2.2
    endloop
  endfacet
  facet normal 0.831609 -0.555362 0
    outer loop
      vertex 39.7306 -33.126 0
      vertex 39.6144 -33.3 2.2
      vertex 39.6144 -33.3 0
    endloop
  endfacet
  facet normal 0.980819 -0.194922 0
    outer loop
      vertex 39.4137 -33.8912 2.2
      vertex 39.4545 -33.6859 0
      vertex 39.4545 -33.6859 2.2
    endloop
  endfacet
  facet normal 0.980819 -0.194922 0
    outer loop
      vertex 39.4545 -33.6859 0
      vertex 39.4137 -33.8912 2.2
      vertex 39.4137 -33.8912 0
    endloop
  endfacet
  facet normal -0.0654722 -0.997854 0
    outer loop
      vertex 41 -32.5 0
      vertex 41.2088 -32.5137 2.2
      vertex 41 -32.5 2.2
    endloop
  endfacet
  facet normal -0.0654722 -0.997854 -0
    outer loop
      vertex 41.2088 -32.5137 2.2
      vertex 41 -32.5 0
      vertex 41.2088 -32.5137 0
    endloop
  endfacet
  facet normal -0.194922 -0.980819 0
    outer loop
      vertex 41.2088 -32.5137 0
      vertex 41.4141 -32.5545 2.2
      vertex 41.2088 -32.5137 2.2
    endloop
  endfacet
  facet normal -0.194922 -0.980819 -0
    outer loop
      vertex 41.4141 -32.5545 2.2
      vertex 41.2088 -32.5137 0
      vertex 41.4141 -32.5545 0
    endloop
  endfacet
  facet normal -0.659248 0.751925 0
    outer loop
      vertex 42.1314 -74.0314 0
      vertex 41.974 -74.1694 2.2
      vertex 42.1314 -74.0314 2.2
    endloop
  endfacet
  facet normal -0.659248 0.751925 0
    outer loop
      vertex 41.974 -74.1694 2.2
      vertex 42.1314 -74.0314 0
      vertex 41.974 -74.1694 0
    endloop
  endfacet
  facet normal -0.831609 -0.555362 0
    outer loop
      vertex 42.3856 -33.3 0
      vertex 42.2694 -33.126 2.2
      vertex 42.2694 -33.126 0
    endloop
  endfacet
  facet normal -0.831609 -0.555362 0
    outer loop
      vertex 42.2694 -33.126 2.2
      vertex 42.3856 -33.3 0
      vertex 42.3856 -33.3 2.2
    endloop
  endfacet
  facet normal -0.896803 -0.442429 0
    outer loop
      vertex 42.4782 -33.4877 0
      vertex 42.3856 -33.3 2.2
      vertex 42.3856 -33.3 0
    endloop
  endfacet
  facet normal -0.896803 -0.442429 0
    outer loop
      vertex 42.3856 -33.3 2.2
      vertex 42.4782 -33.4877 0
      vertex 42.4782 -33.4877 2.2
    endloop
  endfacet
  facet normal -0.831609 0.555362 0
    outer loop
      vertex 42.2694 -73.874 0
      vertex 42.3856 -73.7 2.2
      vertex 42.3856 -73.7 0
    endloop
  endfacet
  facet normal -0.831609 0.555362 0
    outer loop
      vertex 42.3856 -73.7 2.2
      vertex 42.2694 -73.874 0
      vertex 42.2694 -73.874 2.2
    endloop
  endfacet
  facet normal 0.442429 -0.896803 0
    outer loop
      vertex 40.2 -32.7144 0
      vertex 40.3877 -32.6218 2.2
      vertex 40.2 -32.7144 2.2
    endloop
  endfacet
  facet normal 0.442429 -0.896803 0
    outer loop
      vertex 40.3877 -32.6218 2.2
      vertex 40.2 -32.7144 0
      vertex 40.3877 -32.6218 0
    endloop
  endfacet
  facet normal 0.896803 -0.442429 0
    outer loop
      vertex 39.5218 -33.4877 2.2
      vertex 39.6144 -33.3 0
      vertex 39.6144 -33.3 2.2
    endloop
  endfacet
  facet normal 0.896803 -0.442429 0
    outer loop
      vertex 39.6144 -33.3 0
      vertex 39.5218 -33.4877 2.2
      vertex 39.5218 -33.4877 0
    endloop
  endfacet
  facet normal -0.555362 0.831609 0
    outer loop
      vertex 41.974 -74.1694 0
      vertex 41.8 -74.2856 2.2
      vertex 41.974 -74.1694 2.2
    endloop
  endfacet
  facet normal -0.555362 0.831609 0
    outer loop
      vertex 41.8 -74.2856 2.2
      vertex 41.974 -74.1694 0
      vertex 41.8 -74.2856 0
    endloop
  endfacet
  facet normal -0.751925 -0.659248 0
    outer loop
      vertex 42.2694 -33.126 0
      vertex 42.1314 -32.9686 2.2
      vertex 42.1314 -32.9686 0
    endloop
  endfacet
  facet normal -0.751925 -0.659248 0
    outer loop
      vertex 42.1314 -32.9686 2.2
      vertex 42.2694 -33.126 0
      vertex 42.2694 -33.126 2.2
    endloop
  endfacet
  facet normal -0.980819 -0.194922 0
    outer loop
      vertex 42.5863 -33.8912 0
      vertex 42.5455 -33.6859 2.2
      vertex 42.5455 -33.6859 0
    endloop
  endfacet
  facet normal -0.980819 -0.194922 0
    outer loop
      vertex 42.5455 -33.6859 2.2
      vertex 42.5863 -33.8912 0
      vertex 42.5863 -33.8912 2.2
    endloop
  endfacet
  facet normal -0.997854 -0.0654722 0
    outer loop
      vertex 42.6 -34.1 0
      vertex 42.5863 -33.8912 2.2
      vertex 42.5863 -33.8912 0
    endloop
  endfacet
  facet normal -0.997854 -0.0654722 0
    outer loop
      vertex 42.5863 -33.8912 2.2
      vertex 42.6 -34.1 0
      vertex 42.6 -34.1 2.2
    endloop
  endfacet
  facet normal -0.946901 -0.321526 0
    outer loop
      vertex 42.5455 -33.6859 0
      vertex 42.4782 -33.4877 2.2
      vertex 42.4782 -33.4877 0
    endloop
  endfacet
  facet normal -0.946901 -0.321526 0
    outer loop
      vertex 42.4782 -33.4877 2.2
      vertex 42.5455 -33.6859 0
      vertex 42.5455 -33.6859 2.2
    endloop
  endfacet
  facet normal -0.946901 0.321526 0
    outer loop
      vertex 42.4782 -73.5123 0
      vertex 42.5455 -73.3141 2.2
      vertex 42.5455 -73.3141 0
    endloop
  endfacet
  facet normal -0.946901 0.321526 0
    outer loop
      vertex 42.5455 -73.3141 2.2
      vertex 42.4782 -73.5123 0
      vertex 42.4782 -73.5123 2.2
    endloop
  endfacet
  facet normal -0.896803 0.442429 0
    outer loop
      vertex 42.3856 -73.7 0
      vertex 42.4782 -73.5123 2.2
      vertex 42.4782 -73.5123 0
    endloop
  endfacet
  facet normal -0.896803 0.442429 0
    outer loop
      vertex 42.4782 -73.5123 2.2
      vertex 42.3856 -73.7 0
      vertex 42.3856 -73.7 2.2
    endloop
  endfacet
  facet normal -0.194922 0.980819 0
    outer loop
      vertex 50.4141 -74.4455 0
      vertex 50.2088 -74.4863 2.2
      vertex 50.4141 -74.4455 2.2
    endloop
  endfacet
  facet normal -0.194922 0.980819 0
    outer loop
      vertex 50.2088 -74.4863 2.2
      vertex 50.4141 -74.4455 0
      vertex 50.2088 -74.4863 0
    endloop
  endfacet
  facet normal -0.321526 0.946901 0
    outer loop
      vertex 50.6123 -74.3782 0
      vertex 50.4141 -74.4455 2.2
      vertex 50.6123 -74.3782 2.2
    endloop
  endfacet
  facet normal -0.321526 0.946901 0
    outer loop
      vertex 50.4141 -74.4455 2.2
      vertex 50.6123 -74.3782 0
      vertex 50.4141 -74.4455 0
    endloop
  endfacet
  facet normal -0.0654722 0.997854 0
    outer loop
      vertex 50.2088 -74.4863 0
      vertex 50 -74.5 2.2
      vertex 50.2088 -74.4863 2.2
    endloop
  endfacet
  facet normal -0.0654722 0.997854 0
    outer loop
      vertex 50 -74.5 2.2
      vertex 50.2088 -74.4863 0
      vertex 50 -74.5 0
    endloop
  endfacet
  facet normal 0.997854 0.0654722 0
    outer loop
      vertex 48.4137 -73.1088 2.2
      vertex 48.4 -72.9 0
      vertex 48.4 -72.9 2.2
    endloop
  endfacet
  facet normal 0.997854 0.0654722 0
    outer loop
      vertex 48.4 -72.9 0
      vertex 48.4137 -73.1088 2.2
      vertex 48.4137 -73.1088 0
    endloop
  endfacet
  facet normal -1 0 0
    outer loop
      vertex 51.6 -72.9 0
      vertex 51.6 -34.1 2.2
      vertex 51.6 -34.1 0
    endloop
  endfacet
  facet normal -1 -0 0
    outer loop
      vertex 51.6 -34.1 2.2
      vertex 51.6 -72.9 0
      vertex 51.6 -72.9 2.2
    endloop
  endfacet
  facet normal 0.555362 0.831609 -0
    outer loop
      vertex 49.2 -74.2856 0
      vertex 49.026 -74.1694 2.2
      vertex 49.2 -74.2856 2.2
    endloop
  endfacet
  facet normal 0.555362 0.831609 0
    outer loop
      vertex 49.026 -74.1694 2.2
      vertex 49.2 -74.2856 0
      vertex 49.026 -74.1694 0
    endloop
  endfacet
  facet normal -0.831609 0.555362 0
    outer loop
      vertex 51.2694 -73.874 0
      vertex 51.3856 -73.7 2.2
      vertex 51.3856 -73.7 0
    endloop
  endfacet
  facet normal -0.831609 0.555362 0
    outer loop
      vertex 51.3856 -73.7 2.2
      vertex 51.2694 -73.874 0
      vertex 51.2694 -73.874 2.2
    endloop
  endfacet
  facet normal 1 -0 0
    outer loop
      vertex 48.4 -72.9 2.2
      vertex 48.4 -34.1 0
      vertex 48.4 -34.1 2.2
    endloop
  endfacet
  facet normal 1 0 0
    outer loop
      vertex 48.4 -34.1 0
      vertex 48.4 -72.9 2.2
      vertex 48.4 -72.9 0
    endloop
  endfacet
  facet normal -0.321526 -0.946901 0
    outer loop
      vertex 50.4141 -32.5545 0
      vertex 50.6123 -32.6218 2.2
      vertex 50.4141 -32.5545 2.2
    endloop
  endfacet
  facet normal -0.321526 -0.946901 -0
    outer loop
      vertex 50.6123 -32.6218 2.2
      vertex 50.4141 -32.5545 0
      vertex 50.6123 -32.6218 0
    endloop
  endfacet
  facet normal -0.659248 0.751925 0
    outer loop
      vertex 51.1314 -74.0314 0
      vertex 50.974 -74.1694 2.2
      vertex 51.1314 -74.0314 2.2
    endloop
  endfacet
  facet normal -0.659248 0.751925 0
    outer loop
      vertex 50.974 -74.1694 2.2
      vertex 51.1314 -74.0314 0
      vertex 50.974 -74.1694 0
    endloop
  endfacet
  facet normal 0.831609 0.555362 0
    outer loop
      vertex 48.7306 -73.874 2.2
      vertex 48.6144 -73.7 0
      vertex 48.6144 -73.7 2.2
    endloop
  endfacet
  facet normal 0.831609 0.555362 0
    outer loop
      vertex 48.6144 -73.7 0
      vertex 48.7306 -73.874 2.2
      vertex 48.7306 -73.874 0
    endloop
  endfacet
  facet normal -0.442429 -0.896803 0
    outer loop
      vertex 50.6123 -32.6218 0
      vertex 50.8 -32.7144 2.2
      vertex 50.6123 -32.6218 2.2
    endloop
  endfacet
  facet normal -0.442429 -0.896803 -0
    outer loop
      vertex 50.8 -32.7144 2.2
      vertex 50.6123 -32.6218 0
      vertex 50.8 -32.7144 0
    endloop
  endfacet
  facet normal -0.659248 -0.751925 0
    outer loop
      vertex 50.974 -32.8306 0
      vertex 51.1314 -32.9686 2.2
      vertex 50.974 -32.8306 2.2
    endloop
  endfacet
  facet normal -0.659248 -0.751925 -0
    outer loop
      vertex 51.1314 -32.9686 2.2
      vertex 50.974 -32.8306 0
      vertex 51.1314 -32.9686 0
    endloop
  endfacet
  facet normal 0.321526 0.946901 -0
    outer loop
      vertex 49.5859 -74.4455 0
      vertex 49.3877 -74.3782 2.2
      vertex 49.5859 -74.4455 2.2
    endloop
  endfacet
  facet normal 0.321526 0.946901 0
    outer loop
      vertex 49.3877 -74.3782 2.2
      vertex 49.5859 -74.4455 0
      vertex 49.3877 -74.3782 0
    endloop
  endfacet
  facet normal 0.442429 0.896803 -0
    outer loop
      vertex 49.3877 -74.3782 0
      vertex 49.2 -74.2856 2.2
      vertex 49.3877 -74.3782 2.2
    endloop
  endfacet
  facet normal 0.442429 0.896803 0
    outer loop
      vertex 49.2 -74.2856 2.2
      vertex 49.3877 -74.3782 0
      vertex 49.2 -74.2856 0
    endloop
  endfacet
  facet normal 0.946901 0.321526 0
    outer loop
      vertex 48.5218 -73.5123 2.2
      vertex 48.4545 -73.3141 0
      vertex 48.4545 -73.3141 2.2
    endloop
  endfacet
  facet normal 0.946901 0.321526 0
    outer loop
      vertex 48.4545 -73.3141 0
      vertex 48.5218 -73.5123 2.2
      vertex 48.5218 -73.5123 0
    endloop
  endfacet
  facet normal 0.997854 -0.0654722 0
    outer loop
      vertex 48.4 -34.1 2.2
      vertex 48.4137 -33.8912 0
      vertex 48.4137 -33.8912 2.2
    endloop
  endfacet
  facet normal 0.997854 -0.0654722 0
    outer loop
      vertex 48.4137 -33.8912 0
      vertex 48.4 -34.1 2.2
      vertex 48.4 -34.1 0
    endloop
  endfacet
  facet normal 0.980819 -0.194922 0
    outer loop
      vertex 48.4137 -33.8912 2.2
      vertex 48.4545 -33.6859 0
      vertex 48.4545 -33.6859 2.2
    endloop
  endfacet
  facet normal 0.980819 -0.194922 0
    outer loop
      vertex 48.4545 -33.6859 0
      vertex 48.4137 -33.8912 2.2
      vertex 48.4137 -33.8912 0
    endloop
  endfacet
  facet normal 0.946901 -0.321526 0
    outer loop
      vertex 48.4545 -33.6859 2.2
      vertex 48.5218 -33.4877 0
      vertex 48.5218 -33.4877 2.2
    endloop
  endfacet
  facet normal 0.946901 -0.321526 0
    outer loop
      vertex 48.5218 -33.4877 0
      vertex 48.4545 -33.6859 2.2
      vertex 48.4545 -33.6859 0
    endloop
  endfacet
  facet normal 0.659248 -0.751925 0
    outer loop
      vertex 48.8686 -32.9686 0
      vertex 49.026 -32.8306 2.2
      vertex 48.8686 -32.9686 2.2
    endloop
  endfacet
  facet normal 0.659248 -0.751925 0
    outer loop
      vertex 49.026 -32.8306 2.2
      vertex 48.8686 -32.9686 0
      vertex 49.026 -32.8306 0
    endloop
  endfacet
  facet normal 0.751925 -0.659248 0
    outer loop
      vertex 48.7306 -33.126 2.2
      vertex 48.8686 -32.9686 0
      vertex 48.8686 -32.9686 2.2
    endloop
  endfacet
  facet normal 0.751925 -0.659248 0
    outer loop
      vertex 48.8686 -32.9686 0
      vertex 48.7306 -33.126 2.2
      vertex 48.7306 -33.126 0
    endloop
  endfacet
  facet normal 0.555362 -0.831609 0
    outer loop
      vertex 49.026 -32.8306 0
      vertex 49.2 -32.7144 2.2
      vertex 49.026 -32.8306 2.2
    endloop
  endfacet
  facet normal 0.555362 -0.831609 0
    outer loop
      vertex 49.2 -32.7144 2.2
      vertex 49.026 -32.8306 0
      vertex 49.2 -32.7144 0
    endloop
  endfacet
  facet normal 0.194922 -0.980819 0
    outer loop
      vertex 49.5859 -32.5545 0
      vertex 49.7912 -32.5137 2.2
      vertex 49.5859 -32.5545 2.2
    endloop
  endfacet
  facet normal 0.194922 -0.980819 0
    outer loop
      vertex 49.7912 -32.5137 2.2
      vertex 49.5859 -32.5545 0
      vertex 49.7912 -32.5137 0
    endloop
  endfacet
  facet normal -0.194922 -0.980819 0
    outer loop
      vertex 50.2088 -32.5137 0
      vertex 50.4141 -32.5545 2.2
      vertex 50.2088 -32.5137 2.2
    endloop
  endfacet
  facet normal -0.194922 -0.980819 -0
    outer loop
      vertex 50.4141 -32.5545 2.2
      vertex 50.2088 -32.5137 0
      vertex 50.4141 -32.5545 0
    endloop
  endfacet
  facet normal -0.980819 0.194922 0
    outer loop
      vertex 51.5455 -73.3141 0
      vertex 51.5863 -73.1088 2.2
      vertex 51.5863 -73.1088 0
    endloop
  endfacet
  facet normal -0.980819 0.194922 0
    outer loop
      vertex 51.5863 -73.1088 2.2
      vertex 51.5455 -73.3141 0
      vertex 51.5455 -73.3141 2.2
    endloop
  endfacet
  facet normal -0.751925 0.659248 0
    outer loop
      vertex 51.1314 -74.0314 0
      vertex 51.2694 -73.874 2.2
      vertex 51.2694 -73.874 0
    endloop
  endfacet
  facet normal -0.751925 0.659248 0
    outer loop
      vertex 51.2694 -73.874 2.2
      vertex 51.1314 -74.0314 0
      vertex 51.1314 -74.0314 2.2
    endloop
  endfacet
  facet normal -0.442429 0.896803 0
    outer loop
      vertex 50.8 -74.2856 0
      vertex 50.6123 -74.3782 2.2
      vertex 50.8 -74.2856 2.2
    endloop
  endfacet
  facet normal -0.442429 0.896803 0
    outer loop
      vertex 50.6123 -74.3782 2.2
      vertex 50.8 -74.2856 0
      vertex 50.6123 -74.3782 0
    endloop
  endfacet
  facet normal 0.0654722 0.997854 -0
    outer loop
      vertex 50 -74.5 0
      vertex 49.7912 -74.4863 2.2
      vertex 50 -74.5 2.2
    endloop
  endfacet
  facet normal 0.0654722 0.997854 0
    outer loop
      vertex 49.7912 -74.4863 2.2
      vertex 50 -74.5 0
      vertex 49.7912 -74.4863 0
    endloop
  endfacet
  facet normal 0.194922 0.980819 -0
    outer loop
      vertex 49.7912 -74.4863 0
      vertex 49.5859 -74.4455 2.2
      vertex 49.7912 -74.4863 2.2
    endloop
  endfacet
  facet normal 0.194922 0.980819 0
    outer loop
      vertex 49.5859 -74.4455 2.2
      vertex 49.7912 -74.4863 0
      vertex 49.5859 -74.4455 0
    endloop
  endfacet
  facet normal 0.896803 0.442429 0
    outer loop
      vertex 48.6144 -73.7 2.2
      vertex 48.5218 -73.5123 0
      vertex 48.5218 -73.5123 2.2
    endloop
  endfacet
  facet normal 0.896803 0.442429 0
    outer loop
      vertex 48.5218 -73.5123 0
      vertex 48.6144 -73.7 2.2
      vertex 48.6144 -73.7 0
    endloop
  endfacet
  facet normal 0.980819 0.194922 0
    outer loop
      vertex 48.4545 -73.3141 2.2
      vertex 48.4137 -73.1088 0
      vertex 48.4137 -73.1088 2.2
    endloop
  endfacet
  facet normal 0.980819 0.194922 0
    outer loop
      vertex 48.4137 -73.1088 0
      vertex 48.4545 -73.3141 2.2
      vertex 48.4545 -73.3141 0
    endloop
  endfacet
  facet normal 0.659248 0.751925 -0
    outer loop
      vertex 49.026 -74.1694 0
      vertex 48.8686 -74.0314 2.2
      vertex 49.026 -74.1694 2.2
    endloop
  endfacet
  facet normal 0.659248 0.751925 0
    outer loop
      vertex 48.8686 -74.0314 2.2
      vertex 49.026 -74.1694 0
      vertex 48.8686 -74.0314 0
    endloop
  endfacet
  facet normal 0.751925 0.659248 0
    outer loop
      vertex 48.8686 -74.0314 2.2
      vertex 48.7306 -73.874 0
      vertex 48.7306 -73.874 2.2
    endloop
  endfacet
  facet normal 0.751925 0.659248 0
    outer loop
      vertex 48.7306 -73.874 0
      vertex 48.8686 -74.0314 2.2
      vertex 48.8686 -74.0314 0
    endloop
  endfacet
  facet normal 0.831609 -0.555362 0
    outer loop
      vertex 48.6144 -33.3 2.2
      vertex 48.7306 -33.126 0
      vertex 48.7306 -33.126 2.2
    endloop
  endfacet
  facet normal 0.831609 -0.555362 0
    outer loop
      vertex 48.7306 -33.126 0
      vertex 48.6144 -33.3 2.2
      vertex 48.6144 -33.3 0
    endloop
  endfacet
  facet normal 0.321526 -0.946901 0
    outer loop
      vertex 49.3877 -32.6218 0
      vertex 49.5859 -32.5545 2.2
      vertex 49.3877 -32.6218 2.2
    endloop
  endfacet
  facet normal 0.321526 -0.946901 0
    outer loop
      vertex 49.5859 -32.5545 2.2
      vertex 49.3877 -32.6218 0
      vertex 49.5859 -32.5545 0
    endloop
  endfacet
  facet normal -0.555362 -0.831609 0
    outer loop
      vertex 50.8 -32.7144 0
      vertex 50.974 -32.8306 2.2
      vertex 50.8 -32.7144 2.2
    endloop
  endfacet
  facet normal -0.555362 -0.831609 -0
    outer loop
      vertex 50.974 -32.8306 2.2
      vertex 50.8 -32.7144 0
      vertex 50.974 -32.8306 0
    endloop
  endfacet
  facet normal -0.0654722 -0.997854 0
    outer loop
      vertex 50 -32.5 0
      vertex 50.2088 -32.5137 2.2
      vertex 50 -32.5 2.2
    endloop
  endfacet
  facet normal -0.0654722 -0.997854 -0
    outer loop
      vertex 50.2088 -32.5137 2.2
      vertex 50 -32.5 0
      vertex 50.2088 -32.5137 0
    endloop
  endfacet
  facet normal 0.0654722 -0.997854 0
    outer loop
      vertex 49.7912 -32.5137 0
      vertex 50 -32.5 2.2
      vertex 49.7912 -32.5137 2.2
    endloop
  endfacet
  facet normal 0.0654722 -0.997854 0
    outer loop
      vertex 50 -32.5 2.2
      vertex 49.7912 -32.5137 0
      vertex 50 -32.5 0
    endloop
  endfacet
  facet normal -0.831609 -0.555362 0
    outer loop
      vertex 51.3856 -33.3 0
      vertex 51.2694 -33.126 2.2
      vertex 51.2694 -33.126 0
    endloop
  endfacet
  facet normal -0.831609 -0.555362 0
    outer loop
      vertex 51.2694 -33.126 2.2
      vertex 51.3856 -33.3 0
      vertex 51.3856 -33.3 2.2
    endloop
  endfacet
  facet normal -0.980819 -0.194922 0
    outer loop
      vertex 51.5863 -33.8912 0
      vertex 51.5455 -33.6859 2.2
      vertex 51.5455 -33.6859 0
    endloop
  endfacet
  facet normal -0.980819 -0.194922 0
    outer loop
      vertex 51.5455 -33.6859 2.2
      vertex 51.5863 -33.8912 0
      vertex 51.5863 -33.8912 2.2
    endloop
  endfacet
  facet normal -0.997854 -0.0654722 0
    outer loop
      vertex 51.6 -34.1 0
      vertex 51.5863 -33.8912 2.2
      vertex 51.5863 -33.8912 0
    endloop
  endfacet
  facet normal -0.997854 -0.0654722 0
    outer loop
      vertex 51.5863 -33.8912 2.2
      vertex 51.6 -34.1 0
      vertex 51.6 -34.1 2.2
    endloop
  endfacet
  facet normal -0.896803 -0.442429 0
    outer loop
      vertex 51.4782 -33.4877 0
      vertex 51.3856 -33.3 2.2
      vertex 51.3856 -33.3 0
    endloop
  endfacet
  facet normal -0.896803 -0.442429 0
    outer loop
      vertex 51.3856 -33.3 2.2
      vertex 51.4782 -33.4877 0
      vertex 51.4782 -33.4877 2.2
    endloop
  endfacet
  facet normal -0.997854 0.0654722 0
    outer loop
      vertex 51.5863 -73.1088 0
      vertex 51.6 -72.9 2.2
      vertex 51.6 -72.9 0
    endloop
  endfacet
  facet normal -0.997854 0.0654722 0
    outer loop
      vertex 51.6 -72.9 2.2
      vertex 51.5863 -73.1088 0
      vertex 51.5863 -73.1088 2.2
    endloop
  endfacet
  facet normal 0.896803 -0.442429 0
    outer loop
      vertex 48.5218 -33.4877 2.2
      vertex 48.6144 -33.3 0
      vertex 48.6144 -33.3 2.2
    endloop
  endfacet
  facet normal 0.896803 -0.442429 0
    outer loop
      vertex 48.6144 -33.3 0
      vertex 48.5218 -33.4877 2.2
      vertex 48.5218 -33.4877 0
    endloop
  endfacet
  facet normal 0.442429 -0.896803 0
    outer loop
      vertex 49.2 -32.7144 0
      vertex 49.3877 -32.6218 2.2
      vertex 49.2 -32.7144 2.2
    endloop
  endfacet
  facet normal 0.442429 -0.896803 0
    outer loop
      vertex 49.3877 -32.6218 2.2
      vertex 49.2 -32.7144 0
      vertex 49.3877 -32.6218 0
    endloop
  endfacet
  facet normal -0.751925 -0.659248 0
    outer loop
      vertex 51.2694 -33.126 0
      vertex 51.1314 -32.9686 2.2
      vertex 51.1314 -32.9686 0
    endloop
  endfacet
  facet normal -0.751925 -0.659248 0
    outer loop
      vertex 51.1314 -32.9686 2.2
      vertex 51.2694 -33.126 0
      vertex 51.2694 -33.126 2.2
    endloop
  endfacet
  facet normal -0.946901 -0.321526 0
    outer loop
      vertex 51.5455 -33.6859 0
      vertex 51.4782 -33.4877 2.2
      vertex 51.4782 -33.4877 0
    endloop
  endfacet
  facet normal -0.946901 -0.321526 0
    outer loop
      vertex 51.4782 -33.4877 2.2
      vertex 51.5455 -33.6859 0
      vertex 51.5455 -33.6859 2.2
    endloop
  endfacet
  facet normal -0.946901 0.321526 0
    outer loop
      vertex 51.4782 -73.5123 0
      vertex 51.5455 -73.3141 2.2
      vertex 51.5455 -73.3141 0
    endloop
  endfacet
  facet normal -0.946901 0.321526 0
    outer loop
      vertex 51.5455 -73.3141 2.2
      vertex 51.4782 -73.5123 0
      vertex 51.4782 -73.5123 2.2
    endloop
  endfacet
  facet normal -0.896803 0.442429 0
    outer loop
      vertex 51.3856 -73.7 0
      vertex 51.4782 -73.5123 2.2
      vertex 51.4782 -73.5123 0
    endloop
  endfacet
  facet normal -0.896803 0.442429 0
    outer loop
      vertex 51.4782 -73.5123 2.2
      vertex 51.3856 -73.7 0
      vertex 51.3856 -73.7 2.2
    endloop
  endfacet
  facet normal -0.555362 0.831609 0
    outer loop
      vertex 50.974 -74.1694 0
      vertex 50.8 -74.2856 2.2
      vertex 50.974 -74.1694 2.2
    endloop
  endfacet
  facet normal -0.555362 0.831609 0
    outer loop
      vertex 50.8 -74.2856 2.2
      vertex 50.974 -74.1694 0
      vertex 50.8 -74.2856 0
    endloop
  endfacet
  facet normal -0.194922 0.980819 0
    outer loop
      vertex 59.4141 -74.4455 0
      vertex 59.2088 -74.4863 2.2
      vertex 59.4141 -74.4455 2.2
    endloop
  endfacet
  facet normal -0.194922 0.980819 0
    outer loop
      vertex 59.2088 -74.4863 2.2
      vertex 59.4141 -74.4455 0
      vertex 59.2088 -74.4863 0
    endloop
  endfacet
  facet normal -0.321526 0.946901 0
    outer loop
      vertex 59.6123 -74.3782 0
      vertex 59.4141 -74.4455 2.2
      vertex 59.6123 -74.3782 2.2
    endloop
  endfacet
  facet normal -0.321526 0.946901 0
    outer loop
      vertex 59.4141 -74.4455 2.2
      vertex 59.6123 -74.3782 0
      vertex 59.4141 -74.4455 0
    endloop
  endfacet
  facet normal -0.0654722 0.997854 0
    outer loop
      vertex 59.2088 -74.4863 0
      vertex 59 -74.5 2.2
      vertex 59.2088 -74.4863 2.2
    endloop
  endfacet
  facet normal -0.0654722 0.997854 0
    outer loop
      vertex 59 -74.5 2.2
      vertex 59.2088 -74.4863 0
      vertex 59 -74.5 0
    endloop
  endfacet
  facet normal 0.997854 0.0654722 0
    outer loop
      vertex 57.4137 -73.1088 2.2
      vertex 57.4 -72.9 0
      vertex 57.4 -72.9 2.2
    endloop
  endfacet
  facet normal 0.997854 0.0654722 0
    outer loop
      vertex 57.4 -72.9 0
      vertex 57.4137 -73.1088 2.2
      vertex 57.4137 -73.1088 0
    endloop
  endfacet
  facet normal -1 0 0
    outer loop
      vertex 60.6 -72.9 0
      vertex 60.6 -34.1 2.2
      vertex 60.6 -34.1 0
    endloop
  endfacet
  facet normal -1 -0 0
    outer loop
      vertex 60.6 -34.1 2.2
      vertex 60.6 -72.9 0
      vertex 60.6 -72.9 2.2
    endloop
  endfacet
  facet normal 0.555362 0.831609 -0
    outer loop
      vertex 58.2 -74.2856 0
      vertex 58.026 -74.1694 2.2
      vertex 58.2 -74.2856 2.2
    endloop
  endfacet
  facet normal 0.555362 0.831609 0
    outer loop
      vertex 58.026 -74.1694 2.2
      vertex 58.2 -74.2856 0
      vertex 58.026 -74.1694 0
    endloop
  endfacet
  facet normal 1 -0 0
    outer loop
      vertex 57.4 -72.9 2.2
      vertex 57.4 -34.1 0
      vertex 57.4 -34.1 2.2
    endloop
  endfacet
  facet normal 1 0 0
    outer loop
      vertex 57.4 -34.1 0
      vertex 57.4 -72.9 2.2
      vertex 57.4 -72.9 0
    endloop
  endfacet
  facet normal -0.321526 -0.946901 0
    outer loop
      vertex 59.4141 -32.5545 0
      vertex 59.6123 -32.6218 2.2
      vertex 59.4141 -32.5545 2.2
    endloop
  endfacet
  facet normal -0.321526 -0.946901 -0
    outer loop
      vertex 59.6123 -32.6218 2.2
      vertex 59.4141 -32.5545 0
      vertex 59.6123 -32.6218 0
    endloop
  endfacet
  facet normal -0.831609 0.555362 0
    outer loop
      vertex 60.2694 -73.874 0
      vertex 60.3856 -73.7 2.2
      vertex 60.3856 -73.7 0
    endloop
  endfacet
  facet normal -0.831609 0.555362 0
    outer loop
      vertex 60.3856 -73.7 2.2
      vertex 60.2694 -73.874 0
      vertex 60.2694 -73.874 2.2
    endloop
  endfacet
  facet normal 0.194922 0.980819 -0
    outer loop
      vertex 58.7912 -74.4863 0
      vertex 58.5859 -74.4455 2.2
      vertex 58.7912 -74.4863 2.2
    endloop
  endfacet
  facet normal 0.194922 0.980819 0
    outer loop
      vertex 58.5859 -74.4455 2.2
      vertex 58.7912 -74.4863 0
      vertex 58.5859 -74.4455 0
    endloop
  endfacet
  facet normal -0.659248 0.751925 0
    outer loop
      vertex 60.1314 -74.0314 0
      vertex 59.974 -74.1694 2.2
      vertex 60.1314 -74.0314 2.2
    endloop
  endfacet
  facet normal -0.659248 0.751925 0
    outer loop
      vertex 59.974 -74.1694 2.2
      vertex 60.1314 -74.0314 0
      vertex 59.974 -74.1694 0
    endloop
  endfacet
  facet normal 0.831609 0.555362 0
    outer loop
      vertex 57.7306 -73.874 2.2
      vertex 57.6144 -73.7 0
      vertex 57.6144 -73.7 2.2
    endloop
  endfacet
  facet normal 0.831609 0.555362 0
    outer loop
      vertex 57.6144 -73.7 0
      vertex 57.7306 -73.874 2.2
      vertex 57.7306 -73.874 0
    endloop
  endfacet
  facet normal 0.751925 0.659248 0
    outer loop
      vertex 57.8686 -74.0314 2.2
      vertex 57.7306 -73.874 0
      vertex 57.7306 -73.874 2.2
    endloop
  endfacet
  facet normal 0.751925 0.659248 0
    outer loop
      vertex 57.7306 -73.874 0
      vertex 57.8686 -74.0314 2.2
      vertex 57.8686 -74.0314 0
    endloop
  endfacet
  facet normal 0.997854 -0.0654722 0
    outer loop
      vertex 57.4 -34.1 2.2
      vertex 57.4137 -33.8912 0
      vertex 57.4137 -33.8912 2.2
    endloop
  endfacet
  facet normal 0.997854 -0.0654722 0
    outer loop
      vertex 57.4137 -33.8912 0
      vertex 57.4 -34.1 2.2
      vertex 57.4 -34.1 0
    endloop
  endfacet
  facet normal -0.659248 -0.751925 0
    outer loop
      vertex 59.974 -32.8306 0
      vertex 60.1314 -32.9686 2.2
      vertex 59.974 -32.8306 2.2
    endloop
  endfacet
  facet normal -0.659248 -0.751925 -0
    outer loop
      vertex 60.1314 -32.9686 2.2
      vertex 59.974 -32.8306 0
      vertex 60.1314 -32.9686 0
    endloop
  endfacet
  facet normal 0.321526 0.946901 -0
    outer loop
      vertex 58.5859 -74.4455 0
      vertex 58.3877 -74.3782 2.2
      vertex 58.5859 -74.4455 2.2
    endloop
  endfacet
  facet normal 0.321526 0.946901 0
    outer loop
      vertex 58.3877 -74.3782 2.2
      vertex 58.5859 -74.4455 0
      vertex 58.3877 -74.3782 0
    endloop
  endfacet
  facet normal 0.946901 0.321526 0
    outer loop
      vertex 57.5218 -73.5123 2.2
      vertex 57.4545 -73.3141 0
      vertex 57.4545 -73.3141 2.2
    endloop
  endfacet
  facet normal 0.946901 0.321526 0
    outer loop
      vertex 57.4545 -73.3141 0
      vertex 57.5218 -73.5123 2.2
      vertex 57.5218 -73.5123 0
    endloop
  endfacet
  facet normal 0.896803 0.442429 0
    outer loop
      vertex 57.6144 -73.7 2.2
      vertex 57.5218 -73.5123 0
      vertex 57.5218 -73.5123 2.2
    endloop
  endfacet
  facet normal 0.896803 0.442429 0
    outer loop
      vertex 57.5218 -73.5123 0
      vertex 57.6144 -73.7 2.2
      vertex 57.6144 -73.7 0
    endloop
  endfacet
  facet normal 0.659248 0.751925 -0
    outer loop
      vertex 58.026 -74.1694 0
      vertex 57.8686 -74.0314 2.2
      vertex 58.026 -74.1694 2.2
    endloop
  endfacet
  facet normal 0.659248 0.751925 0
    outer loop
      vertex 57.8686 -74.0314 2.2
      vertex 58.026 -74.1694 0
      vertex 57.8686 -74.0314 0
    endloop
  endfacet
  facet normal 0.751925 -0.659248 0
    outer loop
      vertex 57.7306 -33.126 2.2
      vertex 57.8686 -32.9686 0
      vertex 57.8686 -32.9686 2.2
    endloop
  endfacet
  facet normal 0.751925 -0.659248 0
    outer loop
      vertex 57.8686 -32.9686 0
      vertex 57.7306 -33.126 2.2
      vertex 57.7306 -33.126 0
    endloop
  endfacet
  facet normal 0.194922 -0.980819 0
    outer loop
      vertex 58.5859 -32.5545 0
      vertex 58.7912 -32.5137 2.2
      vertex 58.5859 -32.5545 2.2
    endloop
  endfacet
  facet normal 0.194922 -0.980819 0
    outer loop
      vertex 58.7912 -32.5137 2.2
      vertex 58.5859 -32.5545 0
      vertex 58.7912 -32.5137 0
    endloop
  endfacet
  facet normal -0.442429 -0.896803 0
    outer loop
      vertex 59.6123 -32.6218 0
      vertex 59.8 -32.7144 2.2
      vertex 59.6123 -32.6218 2.2
    endloop
  endfacet
  facet normal -0.442429 -0.896803 -0
    outer loop
      vertex 59.8 -32.7144 2.2
      vertex 59.6123 -32.6218 0
      vertex 59.8 -32.7144 0
    endloop
  endfacet
  facet normal -0.555362 -0.831609 0
    outer loop
      vertex 59.8 -32.7144 0
      vertex 59.974 -32.8306 2.2
      vertex 59.8 -32.7144 2.2
    endloop
  endfacet
  facet normal -0.555362 -0.831609 -0
    outer loop
      vertex 59.974 -32.8306 2.2
      vertex 59.8 -32.7144 0
      vertex 59.974 -32.8306 0
    endloop
  endfacet
  facet normal -0.980819 0.194922 0
    outer loop
      vertex 60.5455 -73.3141 0
      vertex 60.5863 -73.1088 2.2
      vertex 60.5863 -73.1088 0
    endloop
  endfacet
  facet normal -0.980819 0.194922 0
    outer loop
      vertex 60.5863 -73.1088 2.2
      vertex 60.5455 -73.3141 0
      vertex 60.5455 -73.3141 2.2
    endloop
  endfacet
  facet normal -0.751925 0.659248 0
    outer loop
      vertex 60.1314 -74.0314 0
      vertex 60.2694 -73.874 2.2
      vertex 60.2694 -73.874 0
    endloop
  endfacet
  facet normal -0.751925 0.659248 0
    outer loop
      vertex 60.2694 -73.874 2.2
      vertex 60.1314 -74.0314 0
      vertex 60.1314 -74.0314 2.2
    endloop
  endfacet
  facet normal -0.442429 0.896803 0
    outer loop
      vertex 59.8 -74.2856 0
      vertex 59.6123 -74.3782 2.2
      vertex 59.8 -74.2856 2.2
    endloop
  endfacet
  facet normal -0.442429 0.896803 0
    outer loop
      vertex 59.6123 -74.3782 2.2
      vertex 59.8 -74.2856 0
      vertex 59.6123 -74.3782 0
    endloop
  endfacet
  facet normal 0.0654722 0.997854 -0
    outer loop
      vertex 59 -74.5 0
      vertex 58.7912 -74.4863 2.2
      vertex 59 -74.5 2.2
    endloop
  endfacet
  facet normal 0.0654722 0.997854 0
    outer loop
      vertex 58.7912 -74.4863 2.2
      vertex 59 -74.5 0
      vertex 58.7912 -74.4863 0
    endloop
  endfacet
  facet normal 0.442429 0.896803 -0
    outer loop
      vertex 58.3877 -74.3782 0
      vertex 58.2 -74.2856 2.2
      vertex 58.3877 -74.3782 2.2
    endloop
  endfacet
  facet normal 0.442429 0.896803 0
    outer loop
      vertex 58.2 -74.2856 2.2
      vertex 58.3877 -74.3782 0
      vertex 58.2 -74.2856 0
    endloop
  endfacet
  facet normal 0.980819 0.194922 0
    outer loop
      vertex 57.4545 -73.3141 2.2
      vertex 57.4137 -73.1088 0
      vertex 57.4137 -73.1088 2.2
    endloop
  endfacet
  facet normal 0.980819 0.194922 0
    outer loop
      vertex 57.4137 -73.1088 0
      vertex 57.4545 -73.3141 2.2
      vertex 57.4545 -73.3141 0
    endloop
  endfacet
  facet normal 0.980819 -0.194922 0
    outer loop
      vertex 57.4137 -33.8912 2.2
      vertex 57.4545 -33.6859 0
      vertex 57.4545 -33.6859 2.2
    endloop
  endfacet
  facet normal 0.980819 -0.194922 0
    outer loop
      vertex 57.4545 -33.6859 0
      vertex 57.4137 -33.8912 2.2
      vertex 57.4137 -33.8912 0
    endloop
  endfacet
  facet normal 0.831609 -0.555362 0
    outer loop
      vertex 57.6144 -33.3 2.2
      vertex 57.7306 -33.126 0
      vertex 57.7306 -33.126 2.2
    endloop
  endfacet
  facet normal 0.831609 -0.555362 0
    outer loop
      vertex 57.7306 -33.126 0
      vertex 57.6144 -33.3 2.2
      vertex 57.6144 -33.3 0
    endloop
  endfacet
  facet normal 0.946901 -0.321526 0
    outer loop
      vertex 57.4545 -33.6859 2.2
      vertex 57.5218 -33.4877 0
      vertex 57.5218 -33.4877 2.2
    endloop
  endfacet
  facet normal 0.946901 -0.321526 0
    outer loop
      vertex 57.5218 -33.4877 0
      vertex 57.4545 -33.6859 2.2
      vertex 57.4545 -33.6859 0
    endloop
  endfacet
  facet normal 0.659248 -0.751925 0
    outer loop
      vertex 57.8686 -32.9686 0
      vertex 58.026 -32.8306 2.2
      vertex 57.8686 -32.9686 2.2
    endloop
  endfacet
  facet normal 0.659248 -0.751925 0
    outer loop
      vertex 58.026 -32.8306 2.2
      vertex 57.8686 -32.9686 0
      vertex 58.026 -32.8306 0
    endloop
  endfacet
  facet normal 0.555362 -0.831609 0
    outer loop
      vertex 58.026 -32.8306 0
      vertex 58.2 -32.7144 2.2
      vertex 58.026 -32.8306 2.2
    endloop
  endfacet
  facet normal 0.555362 -0.831609 0
    outer loop
      vertex 58.2 -32.7144 2.2
      vertex 58.026 -32.8306 0
      vertex 58.2 -32.7144 0
    endloop
  endfacet
  facet normal 0.321526 -0.946901 0
    outer loop
      vertex 58.3877 -32.6218 0
      vertex 58.5859 -32.5545 2.2
      vertex 58.3877 -32.6218 2.2
    endloop
  endfacet
  facet normal 0.321526 -0.946901 0
    outer loop
      vertex 58.5859 -32.5545 2.2
      vertex 58.3877 -32.6218 0
      vertex 58.5859 -32.5545 0
    endloop
  endfacet
  facet normal -0.0654722 -0.997854 0
    outer loop
      vertex 59 -32.5 0
      vertex 59.2088 -32.5137 2.2
      vertex 59 -32.5 2.2
    endloop
  endfacet
  facet normal -0.0654722 -0.997854 -0
    outer loop
      vertex 59.2088 -32.5137 2.2
      vertex 59 -32.5 0
      vertex 59.2088 -32.5137 0
    endloop
  endfacet
  facet normal -0.194922 -0.980819 0
    outer loop
      vertex 59.2088 -32.5137 0
      vertex 59.4141 -32.5545 2.2
      vertex 59.2088 -32.5137 2.2
    endloop
  endfacet
  facet normal -0.194922 -0.980819 -0
    outer loop
      vertex 59.4141 -32.5545 2.2
      vertex 59.2088 -32.5137 0
      vertex 59.4141 -32.5545 0
    endloop
  endfacet
  facet normal 0.0654722 -0.997854 0
    outer loop
      vertex 58.7912 -32.5137 0
      vertex 59 -32.5 2.2
      vertex 58.7912 -32.5137 2.2
    endloop
  endfacet
  facet normal 0.0654722 -0.997854 0
    outer loop
      vertex 59 -32.5 2.2
      vertex 58.7912 -32.5137 0
      vertex 59 -32.5 0
    endloop
  endfacet
  facet normal -0.831609 -0.555362 0
    outer loop
      vertex 60.3856 -33.3 0
      vertex 60.2694 -33.126 2.2
      vertex 60.2694 -33.126 0
    endloop
  endfacet
  facet normal -0.831609 -0.555362 0
    outer loop
      vertex 60.2694 -33.126 2.2
      vertex 60.3856 -33.3 0
      vertex 60.3856 -33.3 2.2
    endloop
  endfacet
  facet normal -0.896803 -0.442429 0
    outer loop
      vertex 60.4782 -33.4877 0
      vertex 60.3856 -33.3 2.2
      vertex 60.3856 -33.3 0
    endloop
  endfacet
  facet normal -0.896803 -0.442429 0
    outer loop
      vertex 60.3856 -33.3 2.2
      vertex 60.4782 -33.4877 0
      vertex 60.4782 -33.4877 2.2
    endloop
  endfacet
  facet normal -0.997854 0.0654722 0
    outer loop
      vertex 60.5863 -73.1088 0
      vertex 60.6 -72.9 2.2
      vertex 60.6 -72.9 0
    endloop
  endfacet
  facet normal -0.997854 0.0654722 0
    outer loop
      vertex 60.6 -72.9 2.2
      vertex 60.5863 -73.1088 0
      vertex 60.5863 -73.1088 2.2
    endloop
  endfacet
  facet normal 0.896803 -0.442429 0
    outer loop
      vertex 57.5218 -33.4877 2.2
      vertex 57.6144 -33.3 0
      vertex 57.6144 -33.3 2.2
    endloop
  endfacet
  facet normal 0.896803 -0.442429 0
    outer loop
      vertex 57.6144 -33.3 0
      vertex 57.5218 -33.4877 2.2
      vertex 57.5218 -33.4877 0
    endloop
  endfacet
  facet normal 0.442429 -0.896803 0
    outer loop
      vertex 58.2 -32.7144 0
      vertex 58.3877 -32.6218 2.2
      vertex 58.2 -32.7144 2.2
    endloop
  endfacet
  facet normal 0.442429 -0.896803 0
    outer loop
      vertex 58.3877 -32.6218 2.2
      vertex 58.2 -32.7144 0
      vertex 58.3877 -32.6218 0
    endloop
  endfacet
  facet normal -0.751925 -0.659248 0
    outer loop
      vertex 60.2694 -33.126 0
      vertex 60.1314 -32.9686 2.2
      vertex 60.1314 -32.9686 0
    endloop
  endfacet
  facet normal -0.751925 -0.659248 0
    outer loop
      vertex 60.1314 -32.9686 2.2
      vertex 60.2694 -33.126 0
      vertex 60.2694 -33.126 2.2
    endloop
  endfacet
  facet normal -0.980819 -0.194922 0
    outer loop
      vertex 60.5863 -33.8912 0
      vertex 60.5455 -33.6859 2.2
      vertex 60.5455 -33.6859 0
    endloop
  endfacet
  facet normal -0.980819 -0.194922 0
    outer loop
      vertex 60.5455 -33.6859 2.2
      vertex 60.5863 -33.8912 0
      vertex 60.5863 -33.8912 2.2
    endloop
  endfacet
  facet normal -0.997854 -0.0654722 0
    outer loop
      vertex 60.6 -34.1 0
      vertex 60.5863 -33.8912 2.2
      vertex 60.5863 -33.8912 0
    endloop
  endfacet
  facet normal -0.997854 -0.0654722 0
    outer loop
      vertex 60.5863 -33.8912 2.2
      vertex 60.6 -34.1 0
      vertex 60.6 -34.1 2.2
    endloop
  endfacet
  facet normal -0.946901 -0.321526 0
    outer loop
      vertex 60.5455 -33.6859 0
      vertex 60.4782 -33.4877 2.2
      vertex 60.4782 -33.4877 0
    endloop
  endfacet
  facet normal -0.946901 -0.321526 0
    outer loop
      vertex 60.4782 -33.4877 2.2
      vertex 60.5455 -33.6859 0
      vertex 60.5455 -33.6859 2.2
    endloop
  endfacet
  facet normal -0.946901 0.321526 0
    outer loop
      vertex 60.4782 -73.5123 0
      vertex 60.5455 -73.3141 2.2
      vertex 60.5455 -73.3141 0
    endloop
  endfacet
  facet normal -0.946901 0.321526 0
    outer loop
      vertex 60.5455 -73.3141 2.2
      vertex 60.4782 -73.5123 0
      vertex 60.4782 -73.5123 2.2
    endloop
  endfacet
  facet normal -0.896803 0.442429 0
    outer loop
      vertex 60.3856 -73.7 0
      vertex 60.4782 -73.5123 2.2
      vertex 60.4782 -73.5123 0
    endloop
  endfacet
  facet normal -0.896803 0.442429 0
    outer loop
      vertex 60.4782 -73.5123 2.2
      vertex 60.3856 -73.7 0
      vertex 60.3856 -73.7 2.2
    endloop
  endfacet
  facet normal -0.555362 0.831609 0
    outer loop
      vertex 59.974 -74.1694 0
      vertex 59.8 -74.2856 2.2
      vertex 59.974 -74.1694 2.2
    endloop
  endfacet
  facet normal -0.555362 0.831609 0
    outer loop
      vertex 59.8 -74.2856 2.2
      vertex 59.974 -74.1694 0
      vertex 59.8 -74.2856 0
    endloop
  endfacet
  facet normal -0.321526 0.946901 0
    outer loop
      vertex 68.6123 -74.3782 0
      vertex 68.4141 -74.4455 2.2
      vertex 68.6123 -74.3782 2.2
    endloop
  endfacet
  facet normal -0.321526 0.946901 0
    outer loop
      vertex 68.4141 -74.4455 2.2
      vertex 68.6123 -74.3782 0
      vertex 68.4141 -74.4455 0
    endloop
  endfacet
  facet normal -0.194922 -0.980819 0
    outer loop
      vertex 68.2088 -32.5137 0
      vertex 68.4141 -32.5545 2.2
      vertex 68.2088 -32.5137 2.2
    endloop
  endfacet
  facet normal -0.194922 -0.980819 -0
    outer loop
      vertex 68.4141 -32.5545 2.2
      vertex 68.2088 -32.5137 0
      vertex 68.4141 -32.5545 0
    endloop
  endfacet
  facet normal -0.751925 0.659248 0
    outer loop
      vertex 69.1314 -74.0314 0
      vertex 69.2694 -73.874 2.2
      vertex 69.2694 -73.874 0
    endloop
  endfacet
  facet normal -0.751925 0.659248 0
    outer loop
      vertex 69.2694 -73.874 2.2
      vertex 69.1314 -74.0314 0
      vertex 69.1314 -74.0314 2.2
    endloop
  endfacet
  facet normal 0.751925 0.659248 0
    outer loop
      vertex 66.8686 -74.0314 2.2
      vertex 66.7306 -73.874 0
      vertex 66.7306 -73.874 2.2
    endloop
  endfacet
  facet normal 0.751925 0.659248 0
    outer loop
      vertex 66.7306 -73.874 0
      vertex 66.8686 -74.0314 2.2
      vertex 66.8686 -74.0314 0
    endloop
  endfacet
  facet normal 1 -0 0
    outer loop
      vertex 66.4 -72.9 2.2
      vertex 66.4 -34.1 0
      vertex 66.4 -34.1 2.2
    endloop
  endfacet
  facet normal 1 0 0
    outer loop
      vertex 66.4 -34.1 0
      vertex 66.4 -72.9 2.2
      vertex 66.4 -72.9 0
    endloop
  endfacet
  facet normal -0.321526 -0.946901 0
    outer loop
      vertex 68.4141 -32.5545 0
      vertex 68.6123 -32.6218 2.2
      vertex 68.4141 -32.5545 2.2
    endloop
  endfacet
  facet normal -0.321526 -0.946901 -0
    outer loop
      vertex 68.6123 -32.6218 2.2
      vertex 68.4141 -32.5545 0
      vertex 68.6123 -32.6218 0
    endloop
  endfacet
  facet normal -1 0 0
    outer loop
      vertex 69.6 -72.9 0
      vertex 69.6 -34.1 2.2
      vertex 69.6 -34.1 0
    endloop
  endfacet
  facet normal -1 -0 0
    outer loop
      vertex 69.6 -34.1 2.2
      vertex 69.6 -72.9 0
      vertex 69.6 -72.9 2.2
    endloop
  endfacet
  facet normal -0.831609 0.555362 0
    outer loop
      vertex 69.2694 -73.874 0
      vertex 69.3856 -73.7 2.2
      vertex 69.3856 -73.7 0
    endloop
  endfacet
  facet normal -0.831609 0.555362 0
    outer loop
      vertex 69.3856 -73.7 2.2
      vertex 69.2694 -73.874 0
      vertex 69.2694 -73.874 2.2
    endloop
  endfacet
  facet normal 0.194922 0.980819 -0
    outer loop
      vertex 67.7912 -74.4863 0
      vertex 67.5859 -74.4455 2.2
      vertex 67.7912 -74.4863 2.2
    endloop
  endfacet
  facet normal 0.194922 0.980819 0
    outer loop
      vertex 67.5859 -74.4455 2.2
      vertex 67.7912 -74.4863 0
      vertex 67.5859 -74.4455 0
    endloop
  endfacet
  facet normal -0.659248 0.751925 0
    outer loop
      vertex 69.1314 -74.0314 0
      vertex 68.974 -74.1694 2.2
      vertex 69.1314 -74.0314 2.2
    endloop
  endfacet
  facet normal -0.659248 0.751925 0
    outer loop
      vertex 68.974 -74.1694 2.2
      vertex 69.1314 -74.0314 0
      vertex 68.974 -74.1694 0
    endloop
  endfacet
  facet normal 0.831609 0.555362 0
    outer loop
      vertex 66.7306 -73.874 2.2
      vertex 66.6144 -73.7 0
      vertex 66.6144 -73.7 2.2
    endloop
  endfacet
  facet normal 0.831609 0.555362 0
    outer loop
      vertex 66.6144 -73.7 0
      vertex 66.7306 -73.874 2.2
      vertex 66.7306 -73.874 0
    endloop
  endfacet
  facet normal 0.321526 -0.946901 0
    outer loop
      vertex 67.3877 -32.6218 0
      vertex 67.5859 -32.5545 2.2
      vertex 67.3877 -32.6218 2.2
    endloop
  endfacet
  facet normal 0.321526 -0.946901 0
    outer loop
      vertex 67.5859 -32.5545 2.2
      vertex 67.3877 -32.6218 0
      vertex 67.5859 -32.5545 0
    endloop
  endfacet
  facet normal 0.831609 -0.555362 0
    outer loop
      vertex 66.6144 -33.3 2.2
      vertex 66.7306 -33.126 0
      vertex 66.7306 -33.126 2.2
    endloop
  endfacet
  facet normal 0.831609 -0.555362 0
    outer loop
      vertex 66.7306 -33.126 0
      vertex 66.6144 -33.3 2.2
      vertex 66.6144 -33.3 0
    endloop
  endfacet
  facet normal -0.555362 -0.831609 0
    outer loop
      vertex 68.8 -32.7144 0
      vertex 68.974 -32.8306 2.2
      vertex 68.8 -32.7144 2.2
    endloop
  endfacet
  facet normal -0.555362 -0.831609 -0
    outer loop
      vertex 68.974 -32.8306 2.2
      vertex 68.8 -32.7144 0
      vertex 68.974 -32.8306 0
    endloop
  endfacet
  facet normal -0.194922 0.980819 0
    outer loop
      vertex 68.4141 -74.4455 0
      vertex 68.2088 -74.4863 2.2
      vertex 68.4141 -74.4455 2.2
    endloop
  endfacet
  facet normal -0.194922 0.980819 0
    outer loop
      vertex 68.2088 -74.4863 2.2
      vertex 68.4141 -74.4455 0
      vertex 68.2088 -74.4863 0
    endloop
  endfacet
  facet normal -0.0654722 0.997854 0
    outer loop
      vertex 68.2088 -74.4863 0
      vertex 68 -74.5 2.2
      vertex 68.2088 -74.4863 2.2
    endloop
  endfacet
  facet normal -0.0654722 0.997854 0
    outer loop
      vertex 68 -74.5 2.2
      vertex 68.2088 -74.4863 0
      vertex 68 -74.5 0
    endloop
  endfacet
  facet normal 0.321526 0.946901 -0
    outer loop
      vertex 67.5859 -74.4455 0
      vertex 67.3877 -74.3782 2.2
      vertex 67.5859 -74.4455 2.2
    endloop
  endfacet
  facet normal 0.321526 0.946901 0
    outer loop
      vertex 67.3877 -74.3782 2.2
      vertex 67.5859 -74.4455 0
      vertex 67.3877 -74.3782 0
    endloop
  endfacet
  facet normal 0.555362 0.831609 -0
    outer loop
      vertex 67.2 -74.2856 0
      vertex 67.026 -74.1694 2.2
      vertex 67.2 -74.2856 2.2
    endloop
  endfacet
  facet normal 0.555362 0.831609 0
    outer loop
      vertex 67.026 -74.1694 2.2
      vertex 67.2 -74.2856 0
      vertex 67.026 -74.1694 0
    endloop
  endfacet
  facet normal 0.997854 0.0654722 0
    outer loop
      vertex 66.4137 -73.1088 2.2
      vertex 66.4 -72.9 0
      vertex 66.4 -72.9 2.2
    endloop
  endfacet
  facet normal 0.997854 0.0654722 0
    outer loop
      vertex 66.4 -72.9 0
      vertex 66.4137 -73.1088 2.2
      vertex 66.4137 -73.1088 0
    endloop
  endfacet
  facet normal 0.946901 0.321526 0
    outer loop
      vertex 66.5218 -73.5123 2.2
      vertex 66.4545 -73.3141 0
      vertex 66.4545 -73.3141 2.2
    endloop
  endfacet
  facet normal 0.946901 0.321526 0
    outer loop
      vertex 66.4545 -73.3141 0
      vertex 66.5218 -73.5123 2.2
      vertex 66.5218 -73.5123 0
    endloop
  endfacet
  facet normal 0.659248 -0.751925 0
    outer loop
      vertex 66.8686 -32.9686 0
      vertex 67.026 -32.8306 2.2
      vertex 66.8686 -32.9686 2.2
    endloop
  endfacet
  facet normal 0.659248 -0.751925 0
    outer loop
      vertex 67.026 -32.8306 2.2
      vertex 66.8686 -32.9686 0
      vertex 67.026 -32.8306 0
    endloop
  endfacet
  facet normal 0.751925 -0.659248 0
    outer loop
      vertex 66.7306 -33.126 2.2
      vertex 66.8686 -32.9686 0
      vertex 66.8686 -32.9686 2.2
    endloop
  endfacet
  facet normal 0.751925 -0.659248 0
    outer loop
      vertex 66.8686 -32.9686 0
      vertex 66.7306 -33.126 2.2
      vertex 66.7306 -33.126 0
    endloop
  endfacet
  facet normal 0.194922 -0.980819 0
    outer loop
      vertex 67.5859 -32.5545 0
      vertex 67.7912 -32.5137 2.2
      vertex 67.5859 -32.5545 2.2
    endloop
  endfacet
  facet normal 0.194922 -0.980819 0
    outer loop
      vertex 67.7912 -32.5137 2.2
      vertex 67.5859 -32.5545 0
      vertex 67.7912 -32.5137 0
    endloop
  endfacet
  facet normal -0.442429 -0.896803 0
    outer loop
      vertex 68.6123 -32.6218 0
      vertex 68.8 -32.7144 2.2
      vertex 68.6123 -32.6218 2.2
    endloop
  endfacet
  facet normal -0.442429 -0.896803 -0
    outer loop
      vertex 68.8 -32.7144 2.2
      vertex 68.6123 -32.6218 0
      vertex 68.8 -32.7144 0
    endloop
  endfacet
  facet normal -0.831609 -0.555362 0
    outer loop
      vertex 69.3856 -33.3 0
      vertex 69.2694 -33.126 2.2
      vertex 69.2694 -33.126 0
    endloop
  endfacet
  facet normal -0.831609 -0.555362 0
    outer loop
      vertex 69.2694 -33.126 2.2
      vertex 69.3856 -33.3 0
      vertex 69.3856 -33.3 2.2
    endloop
  endfacet
  facet normal -0.896803 -0.442429 0
    outer loop
      vertex 69.4782 -33.4877 0
      vertex 69.3856 -33.3 2.2
      vertex 69.3856 -33.3 0
    endloop
  endfacet
  facet normal -0.896803 -0.442429 0
    outer loop
      vertex 69.3856 -33.3 2.2
      vertex 69.4782 -33.4877 0
      vertex 69.4782 -33.4877 2.2
    endloop
  endfacet
  facet normal -0.896803 0.442429 0
    outer loop
      vertex 69.3856 -73.7 0
      vertex 69.4782 -73.5123 2.2
      vertex 69.4782 -73.5123 0
    endloop
  endfacet
  facet normal -0.896803 0.442429 0
    outer loop
      vertex 69.4782 -73.5123 2.2
      vertex 69.3856 -73.7 0
      vertex 69.3856 -73.7 2.2
    endloop
  endfacet
  facet normal -0.980819 0.194922 0
    outer loop
      vertex 69.5455 -73.3141 0
      vertex 69.5863 -73.1088 2.2
      vertex 69.5863 -73.1088 0
    endloop
  endfacet
  facet normal -0.980819 0.194922 0
    outer loop
      vertex 69.5863 -73.1088 2.2
      vertex 69.5455 -73.3141 0
      vertex 69.5455 -73.3141 2.2
    endloop
  endfacet
  facet normal -0.442429 0.896803 0
    outer loop
      vertex 68.8 -74.2856 0
      vertex 68.6123 -74.3782 2.2
      vertex 68.8 -74.2856 2.2
    endloop
  endfacet
  facet normal -0.442429 0.896803 0
    outer loop
      vertex 68.6123 -74.3782 2.2
      vertex 68.8 -74.2856 0
      vertex 68.6123 -74.3782 0
    endloop
  endfacet
  facet normal 0.0654722 0.997854 -0
    outer loop
      vertex 68 -74.5 0
      vertex 67.7912 -74.4863 2.2
      vertex 68 -74.5 2.2
    endloop
  endfacet
  facet normal 0.0654722 0.997854 0
    outer loop
      vertex 67.7912 -74.4863 2.2
      vertex 68 -74.5 0
      vertex 67.7912 -74.4863 0
    endloop
  endfacet
  facet normal 0.442429 0.896803 -0
    outer loop
      vertex 67.3877 -74.3782 0
      vertex 67.2 -74.2856 2.2
      vertex 67.3877 -74.3782 2.2
    endloop
  endfacet
  facet normal 0.442429 0.896803 0
    outer loop
      vertex 67.2 -74.2856 2.2
      vertex 67.3877 -74.3782 0
      vertex 67.2 -74.2856 0
    endloop
  endfacet
  facet normal 0.659248 0.751925 -0
    outer loop
      vertex 67.026 -74.1694 0
      vertex 66.8686 -74.0314 2.2
      vertex 67.026 -74.1694 2.2
    endloop
  endfacet
  facet normal 0.659248 0.751925 0
    outer loop
      vertex 66.8686 -74.0314 2.2
      vertex 67.026 -74.1694 0
      vertex 66.8686 -74.0314 0
    endloop
  endfacet
  facet normal 0.980819 0.194922 0
    outer loop
      vertex 66.4545 -73.3141 2.2
      vertex 66.4137 -73.1088 0
      vertex 66.4137 -73.1088 2.2
    endloop
  endfacet
  facet normal 0.980819 0.194922 0
    outer loop
      vertex 66.4137 -73.1088 0
      vertex 66.4545 -73.3141 2.2
      vertex 66.4545 -73.3141 0
    endloop
  endfacet
  facet normal 0.896803 0.442429 0
    outer loop
      vertex 66.6144 -73.7 2.2
      vertex 66.5218 -73.5123 0
      vertex 66.5218 -73.5123 2.2
    endloop
  endfacet
  facet normal 0.896803 0.442429 0
    outer loop
      vertex 66.5218 -73.5123 0
      vertex 66.6144 -73.7 2.2
      vertex 66.6144 -73.7 0
    endloop
  endfacet
  facet normal 0.555362 -0.831609 0
    outer loop
      vertex 67.026 -32.8306 0
      vertex 67.2 -32.7144 2.2
      vertex 67.026 -32.8306 2.2
    endloop
  endfacet
  facet normal 0.555362 -0.831609 0
    outer loop
      vertex 67.2 -32.7144 2.2
      vertex 67.026 -32.8306 0
      vertex 67.2 -32.7144 0
    endloop
  endfacet
  facet normal 0.946901 -0.321526 0
    outer loop
      vertex 66.4545 -33.6859 2.2
      vertex 66.5218 -33.4877 0
      vertex 66.5218 -33.4877 2.2
    endloop
  endfacet
  facet normal 0.946901 -0.321526 0
    outer loop
      vertex 66.5218 -33.4877 0
      vertex 66.4545 -33.6859 2.2
      vertex 66.4545 -33.6859 0
    endloop
  endfacet
  facet normal 0.997854 -0.0654722 0
    outer loop
      vertex 66.4 -34.1 2.2
      vertex 66.4137 -33.8912 0
      vertex 66.4137 -33.8912 2.2
    endloop
  endfacet
  facet normal 0.997854 -0.0654722 0
    outer loop
      vertex 66.4137 -33.8912 0
      vertex 66.4 -34.1 2.2
      vertex 66.4 -34.1 0
    endloop
  endfacet
  facet normal 0.980819 -0.194922 0
    outer loop
      vertex 66.4137 -33.8912 2.2
      vertex 66.4545 -33.6859 0
      vertex 66.4545 -33.6859 2.2
    endloop
  endfacet
  facet normal 0.980819 -0.194922 0
    outer loop
      vertex 66.4545 -33.6859 0
      vertex 66.4137 -33.8912 2.2
      vertex 66.4137 -33.8912 0
    endloop
  endfacet
  facet normal -0.0654722 -0.997854 0
    outer loop
      vertex 68 -32.5 0
      vertex 68.2088 -32.5137 2.2
      vertex 68 -32.5 2.2
    endloop
  endfacet
  facet normal -0.0654722 -0.997854 -0
    outer loop
      vertex 68.2088 -32.5137 2.2
      vertex 68 -32.5 0
      vertex 68.2088 -32.5137 0
    endloop
  endfacet
  facet normal 0.0654722 -0.997854 0
    outer loop
      vertex 67.7912 -32.5137 0
      vertex 68 -32.5 2.2
      vertex 67.7912 -32.5137 2.2
    endloop
  endfacet
  facet normal 0.0654722 -0.997854 0
    outer loop
      vertex 68 -32.5 2.2
      vertex 67.7912 -32.5137 0
      vertex 68 -32.5 0
    endloop
  endfacet
  facet normal -0.751925 -0.659248 0
    outer loop
      vertex 69.2694 -33.126 0
      vertex 69.1314 -32.9686 2.2
      vertex 69.1314 -32.9686 0
    endloop
  endfacet
  facet normal -0.751925 -0.659248 0
    outer loop
      vertex 69.1314 -32.9686 2.2
      vertex 69.2694 -33.126 0
      vertex 69.2694 -33.126 2.2
    endloop
  endfacet
  facet normal -0.980819 -0.194922 0
    outer loop
      vertex 69.5863 -33.8912 0
      vertex 69.5455 -33.6859 2.2
      vertex 69.5455 -33.6859 0
    endloop
  endfacet
  facet normal -0.980819 -0.194922 0
    outer loop
      vertex 69.5455 -33.6859 2.2
      vertex 69.5863 -33.8912 0
      vertex 69.5863 -33.8912 2.2
    endloop
  endfacet
  facet normal -0.997854 -0.0654722 0
    outer loop
      vertex 69.6 -34.1 0
      vertex 69.5863 -33.8912 2.2
      vertex 69.5863 -33.8912 0
    endloop
  endfacet
  facet normal -0.997854 -0.0654722 0
    outer loop
      vertex 69.5863 -33.8912 2.2
      vertex 69.6 -34.1 0
      vertex 69.6 -34.1 2.2
    endloop
  endfacet
  facet normal -0.997854 0.0654722 0
    outer loop
      vertex 69.5863 -73.1088 0
      vertex 69.6 -72.9 2.2
      vertex 69.6 -72.9 0
    endloop
  endfacet
  facet normal -0.997854 0.0654722 0
    outer loop
      vertex 69.6 -72.9 2.2
      vertex 69.5863 -73.1088 0
      vertex 69.5863 -73.1088 2.2
    endloop
  endfacet
  facet normal 0.442429 -0.896803 0
    outer loop
      vertex 67.2 -32.7144 0
      vertex 67.3877 -32.6218 2.2
      vertex 67.2 -32.7144 2.2
    endloop
  endfacet
  facet normal 0.442429 -0.896803 0
    outer loop
      vertex 67.3877 -32.6218 2.2
      vertex 67.2 -32.7144 0
      vertex 67.3877 -32.6218 0
    endloop
  endfacet
  facet normal 0.896803 -0.442429 0
    outer loop
      vertex 66.5218 -33.4877 2.2
      vertex 66.6144 -33.3 0
      vertex 66.6144 -33.3 2.2
    endloop
  endfacet
  facet normal 0.896803 -0.442429 0
    outer loop
      vertex 66.6144 -33.3 0
      vertex 66.5218 -33.4877 2.2
      vertex 66.5218 -33.4877 0
    endloop
  endfacet
  facet normal -0.555362 0.831609 0
    outer loop
      vertex 68.974 -74.1694 0
      vertex 68.8 -74.2856 2.2
      vertex 68.974 -74.1694 2.2
    endloop
  endfacet
  facet normal -0.555362 0.831609 0
    outer loop
      vertex 68.8 -74.2856 2.2
      vertex 68.974 -74.1694 0
      vertex 68.8 -74.2856 0
    endloop
  endfacet
  facet normal -0.659248 -0.751925 0
    outer loop
      vertex 68.974 -32.8306 0
      vertex 69.1314 -32.9686 2.2
      vertex 68.974 -32.8306 2.2
    endloop
  endfacet
  facet normal -0.659248 -0.751925 -0
    outer loop
      vertex 69.1314 -32.9686 2.2
      vertex 68.974 -32.8306 0
      vertex 69.1314 -32.9686 0
    endloop
  endfacet
  facet normal -0.946901 -0.321526 0
    outer loop
      vertex 69.5455 -33.6859 0
      vertex 69.4782 -33.4877 2.2
      vertex 69.4782 -33.4877 0
    endloop
  endfacet
  facet normal -0.946901 -0.321526 0
    outer loop
      vertex 69.4782 -33.4877 2.2
      vertex 69.5455 -33.6859 0
      vertex 69.5455 -33.6859 2.2
    endloop
  endfacet
  facet normal -0.946901 0.321526 0
    outer loop
      vertex 69.4782 -73.5123 0
      vertex 69.5455 -73.3141 2.2
      vertex 69.5455 -73.3141 0
    endloop
  endfacet
  facet normal -0.946901 0.321526 0
    outer loop
      vertex 69.5455 -73.3141 2.2
      vertex 69.4782 -73.5123 0
      vertex 69.4782 -73.5123 2.2
    endloop
  endfacet
  facet normal -0.321526 0.946901 0
    outer loop
      vertex 77.6123 -74.3782 0
      vertex 77.4141 -74.4455 2.2
      vertex 77.6123 -74.3782 2.2
    endloop
  endfacet
  facet normal -0.321526 0.946901 0
    outer loop
      vertex 77.4141 -74.4455 2.2
      vertex 77.6123 -74.3782 0
      vertex 77.4141 -74.4455 0
    endloop
  endfacet
  facet normal -0.194922 -0.980819 0
    outer loop
      vertex 77.2088 -32.5137 0
      vertex 77.4141 -32.5545 2.2
      vertex 77.2088 -32.5137 2.2
    endloop
  endfacet
  facet normal -0.194922 -0.980819 -0
    outer loop
      vertex 77.4141 -32.5545 2.2
      vertex 77.2088 -32.5137 0
      vertex 77.4141 -32.5545 0
    endloop
  endfacet
  facet normal -0.751925 0.659248 0
    outer loop
      vertex 78.1314 -74.0314 0
      vertex 78.2694 -73.874 2.2
      vertex 78.2694 -73.874 0
    endloop
  endfacet
  facet normal -0.751925 0.659248 0
    outer loop
      vertex 78.2694 -73.874 2.2
      vertex 78.1314 -74.0314 0
      vertex 78.1314 -74.0314 2.2
    endloop
  endfacet
  facet normal 0.751925 0.659248 0
    outer loop
      vertex 75.8686 -74.0314 2.2
      vertex 75.7306 -73.874 0
      vertex 75.7306 -73.874 2.2
    endloop
  endfacet
  facet normal 0.751925 0.659248 0
    outer loop
      vertex 75.7306 -73.874 0
      vertex 75.8686 -74.0314 2.2
      vertex 75.8686 -74.0314 0
    endloop
  endfacet
  facet normal 1 -0 0
    outer loop
      vertex 75.4 -72.9 2.2
      vertex 75.4 -34.1 0
      vertex 75.4 -34.1 2.2
    endloop
  endfacet
  facet normal 1 0 0
    outer loop
      vertex 75.4 -34.1 0
      vertex 75.4 -72.9 2.2
      vertex 75.4 -72.9 0
    endloop
  endfacet
  facet normal -0.321526 -0.946901 0
    outer loop
      vertex 77.4141 -32.5545 0
      vertex 77.6123 -32.6218 2.2
      vertex 77.4141 -32.5545 2.2
    endloop
  endfacet
  facet normal -0.321526 -0.946901 -0
    outer loop
      vertex 77.6123 -32.6218 2.2
      vertex 77.4141 -32.5545 0
      vertex 77.6123 -32.6218 0
    endloop
  endfacet
  facet normal -1 0 0
    outer loop
      vertex 78.6 -72.9 0
      vertex 78.6 -34.1 2.2
      vertex 78.6 -34.1 0
    endloop
  endfacet
  facet normal -1 -0 0
    outer loop
      vertex 78.6 -34.1 2.2
      vertex 78.6 -72.9 0
      vertex 78.6 -72.9 2.2
    endloop
  endfacet
  facet normal -0.831609 0.555362 0
    outer loop
      vertex 78.2694 -73.874 0
      vertex 78.3856 -73.7 2.2
      vertex 78.3856 -73.7 0
    endloop
  endfacet
  facet normal -0.831609 0.555362 0
    outer loop
      vertex 78.3856 -73.7 2.2
      vertex 78.2694 -73.874 0
      vertex 78.2694 -73.874 2.2
    endloop
  endfacet
  facet normal -0.659248 0.751925 0
    outer loop
      vertex 78.1314 -74.0314 0
      vertex 77.974 -74.1694 2.2
      vertex 78.1314 -74.0314 2.2
    endloop
  endfacet
  facet normal -0.659248 0.751925 0
    outer loop
      vertex 77.974 -74.1694 2.2
      vertex 78.1314 -74.0314 0
      vertex 77.974 -74.1694 0
    endloop
  endfacet
  facet normal 0.831609 0.555362 0
    outer loop
      vertex 75.7306 -73.874 2.2
      vertex 75.6144 -73.7 0
      vertex 75.6144 -73.7 2.2
    endloop
  endfacet
  facet normal 0.831609 0.555362 0
    outer loop
      vertex 75.6144 -73.7 0
      vertex 75.7306 -73.874 2.2
      vertex 75.7306 -73.874 0
    endloop
  endfacet
  facet normal 0.321526 -0.946901 0
    outer loop
      vertex 76.3877 -32.6218 0
      vertex 76.5859 -32.5545 2.2
      vertex 76.3877 -32.6218 2.2
    endloop
  endfacet
  facet normal 0.321526 -0.946901 0
    outer loop
      vertex 76.5859 -32.5545 2.2
      vertex 76.3877 -32.6218 0
      vertex 76.5859 -32.5545 0
    endloop
  endfacet
  facet normal 0.831609 -0.555362 0
    outer loop
      vertex 75.6144 -33.3 2.2
      vertex 75.7306 -33.126 0
      vertex 75.7306 -33.126 2.2
    endloop
  endfacet
  facet normal 0.831609 -0.555362 0
    outer loop
      vertex 75.7306 -33.126 0
      vertex 75.6144 -33.3 2.2
      vertex 75.6144 -33.3 0
    endloop
  endfacet
  facet normal -0.555362 -0.831609 0
    outer loop
      vertex 77.8 -32.7144 0
      vertex 77.974 -32.8306 2.2
      vertex 77.8 -32.7144 2.2
    endloop
  endfacet
  facet normal -0.555362 -0.831609 -0
    outer loop
      vertex 77.974 -32.8306 2.2
      vertex 77.8 -32.7144 0
      vertex 77.974 -32.8306 0
    endloop
  endfacet
  facet normal -0.194922 0.980819 0
    outer loop
      vertex 77.4141 -74.4455 0
      vertex 77.2088 -74.4863 2.2
      vertex 77.4141 -74.4455 2.2
    endloop
  endfacet
  facet normal -0.194922 0.980819 0
    outer loop
      vertex 77.2088 -74.4863 2.2
      vertex 77.4141 -74.4455 0
      vertex 77.2088 -74.4863 0
    endloop
  endfacet
  facet normal -0.0654722 0.997854 0
    outer loop
      vertex 77.2088 -74.4863 0
      vertex 77 -74.5 2.2
      vertex 77.2088 -74.4863 2.2
    endloop
  endfacet
  facet normal -0.0654722 0.997854 0
    outer loop
      vertex 77 -74.5 2.2
      vertex 77.2088 -74.4863 0
      vertex 77 -74.5 0
    endloop
  endfacet
  facet normal 0.321526 0.946901 -0
    outer loop
      vertex 76.5859 -74.4455 0
      vertex 76.3877 -74.3782 2.2
      vertex 76.5859 -74.4455 2.2
    endloop
  endfacet
  facet normal 0.321526 0.946901 0
    outer loop
      vertex 76.3877 -74.3782 2.2
      vertex 76.5859 -74.4455 0
      vertex 76.3877 -74.3782 0
    endloop
  endfacet
  facet normal 0.555362 0.831609 -0
    outer loop
      vertex 76.2 -74.2856 0
      vertex 76.026 -74.1694 2.2
      vertex 76.2 -74.2856 2.2
    endloop
  endfacet
  facet normal 0.555362 0.831609 0
    outer loop
      vertex 76.026 -74.1694 2.2
      vertex 76.2 -74.2856 0
      vertex 76.026 -74.1694 0
    endloop
  endfacet
  facet normal 0.997854 0.0654722 0
    outer loop
      vertex 75.4137 -73.1088 2.2
      vertex 75.4 -72.9 0
      vertex 75.4 -72.9 2.2
    endloop
  endfacet
  facet normal 0.997854 0.0654722 0
    outer loop
      vertex 75.4 -72.9 0
      vertex 75.4137 -73.1088 2.2
      vertex 75.4137 -73.1088 0
    endloop
  endfacet
  facet normal 0.946901 0.321526 0
    outer loop
      vertex 75.5218 -73.5123 2.2
      vertex 75.4545 -73.3141 0
      vertex 75.4545 -73.3141 2.2
    endloop
  endfacet
  facet normal 0.946901 0.321526 0
    outer loop
      vertex 75.4545 -73.3141 0
      vertex 75.5218 -73.5123 2.2
      vertex 75.5218 -73.5123 0
    endloop
  endfacet
  facet normal 0.659248 -0.751925 0
    outer loop
      vertex 75.8686 -32.9686 0
      vertex 76.026 -32.8306 2.2
      vertex 75.8686 -32.9686 2.2
    endloop
  endfacet
  facet normal 0.659248 -0.751925 0
    outer loop
      vertex 76.026 -32.8306 2.2
      vertex 75.8686 -32.9686 0
      vertex 76.026 -32.8306 0
    endloop
  endfacet
  facet normal 0.751925 -0.659248 0
    outer loop
      vertex 75.7306 -33.126 2.2
      vertex 75.8686 -32.9686 0
      vertex 75.8686 -32.9686 2.2
    endloop
  endfacet
  facet normal 0.751925 -0.659248 0
    outer loop
      vertex 75.8686 -32.9686 0
      vertex 75.7306 -33.126 2.2
      vertex 75.7306 -33.126 0
    endloop
  endfacet
  facet normal 0.194922 -0.980819 0
    outer loop
      vertex 76.5859 -32.5545 0
      vertex 76.7912 -32.5137 2.2
      vertex 76.5859 -32.5545 2.2
    endloop
  endfacet
  facet normal 0.194922 -0.980819 0
    outer loop
      vertex 76.7912 -32.5137 2.2
      vertex 76.5859 -32.5545 0
      vertex 76.7912 -32.5137 0
    endloop
  endfacet
  facet normal -0.442429 -0.896803 0
    outer loop
      vertex 77.6123 -32.6218 0
      vertex 77.8 -32.7144 2.2
      vertex 77.6123 -32.6218 2.2
    endloop
  endfacet
  facet normal -0.442429 -0.896803 -0
    outer loop
      vertex 77.8 -32.7144 2.2
      vertex 77.6123 -32.6218 0
      vertex 77.8 -32.7144 0
    endloop
  endfacet
  facet normal -0.831609 -0.555362 0
    outer loop
      vertex 78.3856 -33.3 0
      vertex 78.2694 -33.126 2.2
      vertex 78.2694 -33.126 0
    endloop
  endfacet
  facet normal -0.831609 -0.555362 0
    outer loop
      vertex 78.2694 -33.126 2.2
      vertex 78.3856 -33.3 0
      vertex 78.3856 -33.3 2.2
    endloop
  endfacet
  facet normal -0.896803 -0.442429 0
    outer loop
      vertex 78.4782 -33.4877 0
      vertex 78.3856 -33.3 2.2
      vertex 78.3856 -33.3 0
    endloop
  endfacet
  facet normal -0.896803 -0.442429 0
    outer loop
      vertex 78.3856 -33.3 2.2
      vertex 78.4782 -33.4877 0
      vertex 78.4782 -33.4877 2.2
    endloop
  endfacet
  facet normal -0.896803 0.442429 0
    outer loop
      vertex 78.3856 -73.7 0
      vertex 78.4782 -73.5123 2.2
      vertex 78.4782 -73.5123 0
    endloop
  endfacet
  facet normal -0.896803 0.442429 0
    outer loop
      vertex 78.4782 -73.5123 2.2
      vertex 78.3856 -73.7 0
      vertex 78.3856 -73.7 2.2
    endloop
  endfacet
  facet normal -0.980819 0.194922 0
    outer loop
      vertex 78.5455 -73.3141 0
      vertex 78.5863 -73.1088 2.2
      vertex 78.5863 -73.1088 0
    endloop
  endfacet
  facet normal -0.980819 0.194922 0
    outer loop
      vertex 78.5863 -73.1088 2.2
      vertex 78.5455 -73.3141 0
      vertex 78.5455 -73.3141 2.2
    endloop
  endfacet
  facet normal -0.442429 0.896803 0
    outer loop
      vertex 77.8 -74.2856 0
      vertex 77.6123 -74.3782 2.2
      vertex 77.8 -74.2856 2.2
    endloop
  endfacet
  facet normal -0.442429 0.896803 0
    outer loop
      vertex 77.6123 -74.3782 2.2
      vertex 77.8 -74.2856 0
      vertex 77.6123 -74.3782 0
    endloop
  endfacet
  facet normal 0.0654722 0.997854 -0
    outer loop
      vertex 77 -74.5 0
      vertex 76.7912 -74.4863 2.2
      vertex 77 -74.5 2.2
    endloop
  endfacet
  facet normal 0.0654722 0.997854 0
    outer loop
      vertex 76.7912 -74.4863 2.2
      vertex 77 -74.5 0
      vertex 76.7912 -74.4863 0
    endloop
  endfacet
  facet normal 0.194922 0.980819 -0
    outer loop
      vertex 76.7912 -74.4863 0
      vertex 76.5859 -74.4455 2.2
      vertex 76.7912 -74.4863 2.2
    endloop
  endfacet
  facet normal 0.194922 0.980819 0
    outer loop
      vertex 76.5859 -74.4455 2.2
      vertex 76.7912 -74.4863 0
      vertex 76.5859 -74.4455 0
    endloop
  endfacet
  facet normal 0.442429 0.896803 -0
    outer loop
      vertex 76.3877 -74.3782 0
      vertex 76.2 -74.2856 2.2
      vertex 76.3877 -74.3782 2.2
    endloop
  endfacet
  facet normal 0.442429 0.896803 0
    outer loop
      vertex 76.2 -74.2856 2.2
      vertex 76.3877 -74.3782 0
      vertex 76.2 -74.2856 0
    endloop
  endfacet
  facet normal 0.659248 0.751925 -0
    outer loop
      vertex 76.026 -74.1694 0
      vertex 75.8686 -74.0314 2.2
      vertex 76.026 -74.1694 2.2
    endloop
  endfacet
  facet normal 0.659248 0.751925 0
    outer loop
      vertex 75.8686 -74.0314 2.2
      vertex 76.026 -74.1694 0
      vertex 75.8686 -74.0314 0
    endloop
  endfacet
  facet normal 0.980819 0.194922 0
    outer loop
      vertex 75.4545 -73.3141 2.2
      vertex 75.4137 -73.1088 0
      vertex 75.4137 -73.1088 2.2
    endloop
  endfacet
  facet normal 0.980819 0.194922 0
    outer loop
      vertex 75.4137 -73.1088 0
      vertex 75.4545 -73.3141 2.2
      vertex 75.4545 -73.3141 0
    endloop
  endfacet
  facet normal 0.896803 0.442429 0
    outer loop
      vertex 75.6144 -73.7 2.2
      vertex 75.5218 -73.5123 0
      vertex 75.5218 -73.5123 2.2
    endloop
  endfacet
  facet normal 0.896803 0.442429 0
    outer loop
      vertex 75.5218 -73.5123 0
      vertex 75.6144 -73.7 2.2
      vertex 75.6144 -73.7 0
    endloop
  endfacet
  facet normal 0.555362 -0.831609 0
    outer loop
      vertex 76.026 -32.8306 0
      vertex 76.2 -32.7144 2.2
      vertex 76.026 -32.8306 2.2
    endloop
  endfacet
  facet normal 0.555362 -0.831609 0
    outer loop
      vertex 76.2 -32.7144 2.2
      vertex 76.026 -32.8306 0
      vertex 76.2 -32.7144 0
    endloop
  endfacet
  facet normal 0.946901 -0.321526 0
    outer loop
      vertex 75.4545 -33.6859 2.2
      vertex 75.5218 -33.4877 0
      vertex 75.5218 -33.4877 2.2
    endloop
  endfacet
  facet normal 0.946901 -0.321526 0
    outer loop
      vertex 75.5218 -33.4877 0
      vertex 75.4545 -33.6859 2.2
      vertex 75.4545 -33.6859 0
    endloop
  endfacet
  facet normal 0.997854 -0.0654722 0
    outer loop
      vertex 75.4 -34.1 2.2
      vertex 75.4137 -33.8912 0
      vertex 75.4137 -33.8912 2.2
    endloop
  endfacet
  facet normal 0.997854 -0.0654722 0
    outer loop
      vertex 75.4137 -33.8912 0
      vertex 75.4 -34.1 2.2
      vertex 75.4 -34.1 0
    endloop
  endfacet
  facet normal 0.980819 -0.194922 0
    outer loop
      vertex 75.4137 -33.8912 2.2
      vertex 75.4545 -33.6859 0
      vertex 75.4545 -33.6859 2.2
    endloop
  endfacet
  facet normal 0.980819 -0.194922 0
    outer loop
      vertex 75.4545 -33.6859 0
      vertex 75.4137 -33.8912 2.2
      vertex 75.4137 -33.8912 0
    endloop
  endfacet
  facet normal -0.0654722 -0.997854 0
    outer loop
      vertex 77 -32.5 0
      vertex 77.2088 -32.5137 2.2
      vertex 77 -32.5 2.2
    endloop
  endfacet
  facet normal -0.0654722 -0.997854 -0
    outer loop
      vertex 77.2088 -32.5137 2.2
      vertex 77 -32.5 0
      vertex 77.2088 -32.5137 0
    endloop
  endfacet
  facet normal 0.0654722 -0.997854 0
    outer loop
      vertex 76.7912 -32.5137 0
      vertex 77 -32.5 2.2
      vertex 76.7912 -32.5137 2.2
    endloop
  endfacet
  facet normal 0.0654722 -0.997854 0
    outer loop
      vertex 77 -32.5 2.2
      vertex 76.7912 -32.5137 0
      vertex 77 -32.5 0
    endloop
  endfacet
  facet normal -0.659248 -0.751925 0
    outer loop
      vertex 77.974 -32.8306 0
      vertex 78.1314 -32.9686 2.2
      vertex 77.974 -32.8306 2.2
    endloop
  endfacet
  facet normal -0.659248 -0.751925 -0
    outer loop
      vertex 78.1314 -32.9686 2.2
      vertex 77.974 -32.8306 0
      vertex 78.1314 -32.9686 0
    endloop
  endfacet
  facet normal -0.751925 -0.659248 0
    outer loop
      vertex 78.2694 -33.126 0
      vertex 78.1314 -32.9686 2.2
      vertex 78.1314 -32.9686 0
    endloop
  endfacet
  facet normal -0.751925 -0.659248 0
    outer loop
      vertex 78.1314 -32.9686 2.2
      vertex 78.2694 -33.126 0
      vertex 78.2694 -33.126 2.2
    endloop
  endfacet
  facet normal -0.980819 -0.194922 0
    outer loop
      vertex 78.5863 -33.8912 0
      vertex 78.5455 -33.6859 2.2
      vertex 78.5455 -33.6859 0
    endloop
  endfacet
  facet normal -0.980819 -0.194922 0
    outer loop
      vertex 78.5455 -33.6859 2.2
      vertex 78.5863 -33.8912 0
      vertex 78.5863 -33.8912 2.2
    endloop
  endfacet
  facet normal -0.997854 -0.0654722 0
    outer loop
      vertex 78.6 -34.1 0
      vertex 78.5863 -33.8912 2.2
      vertex 78.5863 -33.8912 0
    endloop
  endfacet
  facet normal -0.997854 -0.0654722 0
    outer loop
      vertex 78.5863 -33.8912 2.2
      vertex 78.6 -34.1 0
      vertex 78.6 -34.1 2.2
    endloop
  endfacet
  facet normal -0.946901 0.321526 0
    outer loop
      vertex 78.4782 -73.5123 0
      vertex 78.5455 -73.3141 2.2
      vertex 78.5455 -73.3141 0
    endloop
  endfacet
  facet normal -0.946901 0.321526 0
    outer loop
      vertex 78.5455 -73.3141 2.2
      vertex 78.4782 -73.5123 0
      vertex 78.4782 -73.5123 2.2
    endloop
  endfacet
  facet normal -0.997854 0.0654722 0
    outer loop
      vertex 78.5863 -73.1088 0
      vertex 78.6 -72.9 2.2
      vertex 78.6 -72.9 0
    endloop
  endfacet
  facet normal -0.997854 0.0654722 0
    outer loop
      vertex 78.6 -72.9 2.2
      vertex 78.5863 -73.1088 0
      vertex 78.5863 -73.1088 2.2
    endloop
  endfacet
  facet normal 0.442429 -0.896803 0
    outer loop
      vertex 76.2 -32.7144 0
      vertex 76.3877 -32.6218 2.2
      vertex 76.2 -32.7144 2.2
    endloop
  endfacet
  facet normal 0.442429 -0.896803 0
    outer loop
      vertex 76.3877 -32.6218 2.2
      vertex 76.2 -32.7144 0
      vertex 76.3877 -32.6218 0
    endloop
  endfacet
  facet normal 0.896803 -0.442429 0
    outer loop
      vertex 75.5218 -33.4877 2.2
      vertex 75.6144 -33.3 0
      vertex 75.6144 -33.3 2.2
    endloop
  endfacet
  facet normal 0.896803 -0.442429 0
    outer loop
      vertex 75.6144 -33.3 0
      vertex 75.5218 -33.4877 2.2
      vertex 75.5218 -33.4877 0
    endloop
  endfacet
  facet normal -0.555362 0.831609 0
    outer loop
      vertex 77.974 -74.1694 0
      vertex 77.8 -74.2856 2.2
      vertex 77.974 -74.1694 2.2
    endloop
  endfacet
  facet normal -0.555362 0.831609 0
    outer loop
      vertex 77.8 -74.2856 2.2
      vertex 77.974 -74.1694 0
      vertex 77.8 -74.2856 0
    endloop
  endfacet
  facet normal -0.946901 -0.321526 0
    outer loop
      vertex 78.5455 -33.6859 0
      vertex 78.4782 -33.4877 2.2
      vertex 78.4782 -33.4877 0
    endloop
  endfacet
  facet normal -0.946901 -0.321526 0
    outer loop
      vertex 78.4782 -33.4877 2.2
      vertex 78.5455 -33.6859 0
      vertex 78.5455 -33.6859 2.2
    endloop
  endfacet
  facet normal -1 0 0
    outer loop
      vertex 15.545 -29.33 0
      vertex 15.545 -18.33 2.2
      vertex 15.545 -18.33 0
    endloop
  endfacet
  facet normal -1 -0 0
    outer loop
      vertex 15.545 -18.33 2.2
      vertex 15.545 -29.33 0
      vertex 15.545 -29.33 2.2
    endloop
  endfacet
  facet normal 0 1 0
    outer loop
      vertex 15.545 -29.33 2.2
      vertex 15.545 -29.33 0
      vertex 3.97 -29.33 2.2
    endloop
  endfacet
  facet normal 0 1 -0
    outer loop
      vertex 3.97 -29.33 2.2
      vertex 2.87001 -29.33 4
      vertex 3.97 -29.33 4
    endloop
  endfacet
  facet normal 0 1 0
    outer loop
      vertex 3.97 -29.33 2.2
      vertex 2.87001 -29.33 0
      vertex 2.87001 -29.33 4
    endloop
  endfacet
  facet normal 0 1 0
    outer loop
      vertex 2.87001 -29.33 0
      vertex 3.97 -29.33 2.2
      vertex 15.545 -29.33 0
    endloop
  endfacet
  facet normal 0 -1 0
    outer loop
      vertex 2.87001 -18.33 4
      vertex 3.97 -18.33 2.2
      vertex 3.97 -18.33 4
    endloop
  endfacet
  facet normal 0 -1 0
    outer loop
      vertex 2.87001 -18.33 0
      vertex 3.97 -18.33 2.2
      vertex 2.87001 -18.33 4
    endloop
  endfacet
  facet normal 0 -1 0
    outer loop
      vertex 15.545 -18.33 0
      vertex 3.97 -18.33 2.2
      vertex 2.87001 -18.33 0
    endloop
  endfacet
  facet normal 0 -1 0
    outer loop
      vertex 3.97 -18.33 2.2
      vertex 15.545 -18.33 0
      vertex 15.545 -18.33 2.2
    endloop
  endfacet
  facet normal -1 0 0
    outer loop
      vertex 15.545 -43.72 0
      vertex 15.545 -32.72 2.2
      vertex 15.545 -32.72 0
    endloop
  endfacet
  facet normal -1 -0 0
    outer loop
      vertex 15.545 -32.72 2.2
      vertex 15.545 -43.72 0
      vertex 15.545 -43.72 2.2
    endloop
  endfacet
  facet normal 0 1 0
    outer loop
      vertex 15.545 -43.72 2.2
      vertex 15.545 -43.72 0
      vertex 3.97 -43.72 2.2
    endloop
  endfacet
  facet normal 0 1 -0
    outer loop
      vertex 3.97 -43.72 2.2
      vertex 2.87001 -43.72 4
      vertex 3.97 -43.72 4
    endloop
  endfacet
  facet normal 0 1 0
    outer loop
      vertex 3.97 -43.72 2.2
      vertex 2.87001 -43.72 0
      vertex 2.87001 -43.72 4
    endloop
  endfacet
  facet normal 0 1 0
    outer loop
      vertex 2.87001 -43.72 0
      vertex 3.97 -43.72 2.2
      vertex 15.545 -43.72 0
    endloop
  endfacet
  facet normal 0 -1 0
    outer loop
      vertex 2.87001 -32.72 4
      vertex 3.97 -32.72 2.2
      vertex 3.97 -32.72 4
    endloop
  endfacet
  facet normal 0 -1 0
    outer loop
      vertex 2.87001 -32.72 0
      vertex 3.97 -32.72 2.2
      vertex 2.87001 -32.72 4
    endloop
  endfacet
  facet normal 0 -1 0
    outer loop
      vertex 15.545 -32.72 0
      vertex 3.97 -32.72 2.2
      vertex 2.87001 -32.72 0
    endloop
  endfacet
  facet normal 0 -1 0
    outer loop
      vertex 3.97 -32.72 2.2
      vertex 15.545 -32.72 0
      vertex 15.545 -32.72 2.2
    endloop
  endfacet
  facet normal -1 0 0
    outer loop
      vertex -80 51.015 4
      vertex -80 62.4548 13.0631
      vertex -80 66.9751 4
    endloop
  endfacet
  facet normal -1 -0 0
    outer loop
      vertex -80 62.4548 13.0631
      vertex -80 51.015 4
      vertex -80 56.6631 22.8743
    endloop
  endfacet
  facet normal -1 0 0
    outer loop
      vertex -80 56.6631 22.8743
      vertex -80 49.7001 85.3988
      vertex -80 62.4548 13.0631
    endloop
  endfacet
  facet normal -1 0 -0
    outer loop
      vertex -80 49.7001 85.3988
      vertex -80 56.6631 22.8743
      vertex -80 45.7608 84.7042
    endloop
  endfacet
  facet normal 0 0.894871 0.446325
    outer loop
      vertex -74 66.9751 4
      vertex -80 62.4548 13.0631
      vertex -74 62.4548 13.0631
    endloop
  endfacet
  facet normal 0 0.894871 0.446325
    outer loop
      vertex -80 62.4548 13.0631
      vertex -74 66.9751 4
      vertex -80 66.9751 4
    endloop
  endfacet
  facet normal 1 0 0
    outer loop
      vertex -74 56.6631 22.8743
      vertex -74 51.015 4
      vertex -74 59.9912 4
    endloop
  endfacet
  facet normal 1 0 0
    outer loop
      vertex -74 66.9751 4
      vertex -74 62.4548 13.0631
      vertex -74 63.9392 4.64459
    endloop
  endfacet
  facet normal 1 0 0
    outer loop
      vertex -74 66.9751 4
      vertex -74 63.9392 4.64459
      vertex -74 60.2836 4
    endloop
  endfacet
  facet normal 0 -0.958024 0.286687
    outer loop
      vertex -80 51.015 4
      vertex -74 56.6631 22.8743
      vertex -80 56.6631 22.8743
    endloop
  endfacet
  facet normal 0 -0.958024 0.286687
    outer loop
      vertex -74 56.6631 22.8743
      vertex -80 51.015 4
      vertex -74 51.015 4
    endloop
  endfacet
  facet normal -1 0 0
    outer loop
      vertex -16 59.9912 4
      vertex -16 51.015 4
      vertex -16 56.6631 22.8743
    endloop
  endfacet
  facet normal -1 0 0
    outer loop
      vertex -16 66.9751 4
      vertex -16 60.2836 4
      vertex -16 63.9392 4.64459
    endloop
  endfacet
  facet normal -1 0 0
    outer loop
      vertex -16 66.9751 4
      vertex -16 63.9392 4.64459
      vertex -16 62.4548 13.0631
    endloop
  endfacet
  facet normal 0 0.894871 0.446325
    outer loop
      vertex -10 66.9751 4
      vertex -16 62.4548 13.0631
      vertex -10 62.4548 13.0631
    endloop
  endfacet
  facet normal 0 0.894871 0.446325
    outer loop
      vertex -16 62.4548 13.0631
      vertex -10 66.9751 4
      vertex -16 66.9751 4
    endloop
  endfacet
  facet normal 0 -0.958024 0.286687
    outer loop
      vertex -16 51.015 4
      vertex -10 56.6631 22.8743
      vertex -16 56.6631 22.8743
    endloop
  endfacet
  facet normal 0 -0.958024 0.286687
    outer loop
      vertex -10 56.6631 22.8743
      vertex -16 51.015 4
      vertex -10 51.015 4
    endloop
  endfacet
  facet normal 1 0 0
    outer loop
      vertex -10 49.7001 85.3988
      vertex -10 56.6631 22.8743
      vertex -10 62.4548 13.0631
    endloop
  endfacet
  facet normal 1 0 0
    outer loop
      vertex -10 56.6631 22.8743
      vertex -10 49.7001 85.3988
      vertex -10 45.7608 84.7042
    endloop
  endfacet
  facet normal 1 0 0
    outer loop
      vertex -10 51.015 4
      vertex -10 62.4548 13.0631
      vertex -10 56.6631 22.8743
    endloop
  endfacet
  facet normal 1 0 0
    outer loop
      vertex -10 62.4548 13.0631
      vertex -10 51.015 4
      vertex -10 66.9751 4
    endloop
  endfacet
  facet normal 0.321469 -0.94692 0
    outer loop
      vertex -9.96472 42.1363 0
      vertex -9.46927 42.3045 4
      vertex -9.96472 42.1363 4
    endloop
  endfacet
  facet normal 0.321469 -0.94692 0
    outer loop
      vertex -9.46927 42.3045 4
      vertex -9.96472 42.1363 0
      vertex -9.46927 42.3045 0
    endloop
  endfacet
  facet normal 0.195131 -0.980777 0
    outer loop
      vertex -10.4779 42.0342 0
      vertex -9.96472 42.1363 4
      vertex -10.4779 42.0342 4
    endloop
  endfacet
  facet normal 0.195131 -0.980777 0
    outer loop
      vertex -9.96472 42.1363 4
      vertex -10.4779 42.0342 0
      vertex -9.96472 42.1363 0
    endloop
  endfacet
  facet normal -1 0 0
    outer loop
      vertex -83 46 0
      vertex -83 98 4
      vertex -83 98 0
    endloop
  endfacet
  facet normal -1 -0 0
    outer loop
      vertex -83 98 4
      vertex -83 46 0
      vertex -83 46 4
    endloop
  endfacet
  facet normal 0.0653646 -0.997861 0
    outer loop
      vertex -11 42 0
      vertex -10.4779 42.0342 4
      vertex -11 42 4
    endloop
  endfacet
  facet normal 0.0653646 -0.997861 0
    outer loop
      vertex -10.4779 42.0342 4
      vertex -11 42 0
      vertex -10.4779 42.0342 0
    endloop
  endfacet
  facet normal 0.555987 0.831191 0
    outer loop
      vertex -8.56496 101.173 4
      vertex -9 101.464 3.95
      vertex -9 101.464 4
    endloop
  endfacet
  facet normal 0.555987 0.831191 -0
    outer loop
      vertex -8.56496 101.173 0
      vertex -9 101.464 3.95
      vertex -8.56496 101.173 4
    endloop
  endfacet
  facet normal 0.555987 0.831191 0
    outer loop
      vertex -9 101.464 3.95
      vertex -8.56496 101.173 0
      vertex -9 101.464 0
    endloop
  endfacet
  facet normal 0 -1 0
    outer loop
      vertex -79 42 0
      vertex -11 42 4
      vertex -79 42 4
    endloop
  endfacet
  facet normal 0 -1 -0
    outer loop
      vertex -11 42 4
      vertex -79 42 0
      vertex -11 42 0
    endloop
  endfacet
  facet normal -0.064984 0.997886 0
    outer loop
      vertex -79 102 0
      vertex -79.5221 101.966 3.95
      vertex -79 102 3.95
    endloop
  endfacet
  facet normal -0.064984 0.997886 0
    outer loop
      vertex -79.5221 101.966 3.95
      vertex -79 102 0
      vertex -79.5221 101.966 0
    endloop
  endfacet
  facet normal 1 -0 0
    outer loop
      vertex -7 46 4
      vertex -7 98 0
      vertex -7 98 4
    endloop
  endfacet
  facet normal 1 0 0
    outer loop
      vertex -7 98 0
      vertex -7 46 4
      vertex -7 46 0
    endloop
  endfacet
  facet normal -0 0 1
    outer loop
      vertex -83 98 4
      vertex -81 92 4
      vertex -81 101.464 4
    endloop
  endfacet
  facet normal 0 0 1
    outer loop
      vertex -83 98 4
      vertex -81 101.464 4
      vertex -81.435 101.173 4
    endloop
  endfacet
  facet normal 0 0 1
    outer loop
      vertex -83 46 4
      vertex -81 92 4
      vertex -83 98 4
    endloop
  endfacet
  facet normal 0 0 1
    outer loop
      vertex -83 98 4
      vertex -81.435 101.173 4
      vertex -81.8284 100.828 4
    endloop
  endfacet
  facet normal 0 0 1
    outer loop
      vertex -81 92 4
      vertex -83 46 4
      vertex -81 42.5359 4
    endloop
  endfacet
  facet normal 0 0 1
    outer loop
      vertex -83 98 4
      vertex -81.8284 100.828 4
      vertex -82.1734 100.435 4
    endloop
  endfacet
  facet normal 0 0 1
    outer loop
      vertex -81 42.5359 4
      vertex -83 46 4
      vertex -81.435 42.8266 4
    endloop
  endfacet
  facet normal 0 0 1
    outer loop
      vertex -83 98 4
      vertex -82.1734 100.435 4
      vertex -82.4641 100 4
    endloop
  endfacet
  facet normal 0 0 1
    outer loop
      vertex -81.435 42.8266 4
      vertex -83 46 4
      vertex -81.8284 43.1716 4
    endloop
  endfacet
  facet normal 0 0 1
    outer loop
      vertex -83 98 4
      vertex -82.4641 100 4
      vertex -82.6955 99.5307 4
    endloop
  endfacet
  facet normal 0 0 1
    outer loop
      vertex -81.8284 43.1716 4
      vertex -83 46 4
      vertex -82.1734 43.565 4
    endloop
  endfacet
  facet normal 0 0 1
    outer loop
      vertex -83 98 4
      vertex -82.6955 99.5307 4
      vertex -82.8637 99.0353 4
    endloop
  endfacet
  facet normal 0 0 1
    outer loop
      vertex -82.1734 43.565 4
      vertex -83 46 4
      vertex -82.4641 44 4
    endloop
  endfacet
  facet normal 0 0 1
    outer loop
      vertex -83 98 4
      vertex -82.8637 99.0353 4
      vertex -82.9658 98.5221 4
    endloop
  endfacet
  facet normal 0 0 1
    outer loop
      vertex -82.4641 44 4
      vertex -83 46 4
      vertex -82.6955 44.4693 4
    endloop
  endfacet
  facet normal 0 0 1
    outer loop
      vertex -82.6955 44.4693 4
      vertex -83 46 4
      vertex -82.8637 44.9647 4
    endloop
  endfacet
  facet normal 0 0 1
    outer loop
      vertex -82.8637 44.9647 4
      vertex -83 46 4
      vertex -82.9658 45.4779 4
    endloop
  endfacet
  facet normal 0 0 1
    outer loop
      vertex -16 60.2836 4
      vertex -74 66.9751 4
      vertex -74 60.2836 4
    endloop
  endfacet
  facet normal 0 0 1
    outer loop
      vertex -16 59.9912 4
      vertex -74 59.9912 4
      vertex -16 51.015 4
    endloop
  endfacet
  facet normal 0 0 1
    outer loop
      vertex -9 101.464 4
      vertex -7 98 4
      vertex -7.03423 98.5221 4
    endloop
  endfacet
  facet normal 0 0 1
    outer loop
      vertex -7 98 4
      vertex -10 66.9751 4
      vertex -7 46 4
    endloop
  endfacet
  facet normal 0 0 1
    outer loop
      vertex -9 101.464 4
      vertex -7.03423 98.5221 4
      vertex -7.13629 99.0353 4
    endloop
  endfacet
  facet normal -0 0 1
    outer loop
      vertex -10 51.015 4
      vertex -7 46 4
      vertex -10 66.9751 4
    endloop
  endfacet
  facet normal 0 0 1
    outer loop
      vertex -9 101.464 4
      vertex -7.13629 99.0353 4
      vertex -7.30449 99.5307 4
    endloop
  endfacet
  facet normal 0 0 1
    outer loop
      vertex -11 42 4
      vertex -7 46 4
      vertex -10 51.015 4
    endloop
  endfacet
  facet normal 0 0 1
    outer loop
      vertex -9 101.464 4
      vertex -7.30449 99.5307 4
      vertex -7.5359 100 4
    endloop
  endfacet
  facet normal 0 0 1
    outer loop
      vertex -7 46 4
      vertex -11 42 4
      vertex -7.03423 45.4779 4
    endloop
  endfacet
  facet normal 0 0 1
    outer loop
      vertex -9 101.464 4
      vertex -7.5359 100 4
      vertex -7.82658 100.435 4
    endloop
  endfacet
  facet normal 0 0 1
    outer loop
      vertex -7 98 4
      vertex -9 92 4
      vertex -10 66.9751 4
    endloop
  endfacet
  facet normal 0 0 1
    outer loop
      vertex -9 101.464 4
      vertex -7.82658 100.435 4
      vertex -8.17157 100.828 4
    endloop
  endfacet
  facet normal 0 0 1
    outer loop
      vertex -7.03423 45.4779 4
      vertex -11 42 4
      vertex -7.13629 44.9647 4
    endloop
  endfacet
  facet normal 0 0 1
    outer loop
      vertex -9 101.464 4
      vertex -8.17157 100.828 4
      vertex -8.56496 101.173 4
    endloop
  endfacet
  facet normal 0 0 1
    outer loop
      vertex -7.13629 44.9647 4
      vertex -11 42 4
      vertex -7.30449 44.4693 4
    endloop
  endfacet
  facet normal 0 0 1
    outer loop
      vertex -7 98 4
      vertex -9 101.464 4
      vertex -9 92 4
    endloop
  endfacet
  facet normal 0 0 1
    outer loop
      vertex -7.30449 44.4693 4
      vertex -11 42 4
      vertex -7.5359 44 4
    endloop
  endfacet
  facet normal 0 0 1
    outer loop
      vertex -7.5359 44 4
      vertex -11 42 4
      vertex -7.82658 43.565 4
    endloop
  endfacet
  facet normal 0 0 1
    outer loop
      vertex -7.82658 43.565 4
      vertex -11 42 4
      vertex -8.17157 43.1716 4
    endloop
  endfacet
  facet normal 0 0 1
    outer loop
      vertex -8.17157 43.1716 4
      vertex -11 42 4
      vertex -8.56496 42.8266 4
    endloop
  endfacet
  facet normal 0 0 1
    outer loop
      vertex -8.56496 42.8266 4
      vertex -11 42 4
      vertex -9 42.5359 4
    endloop
  endfacet
  facet normal 0 0 1
    outer loop
      vertex -9 92 4
      vertex -16 66.9751 4
      vertex -10 66.9751 4
    endloop
  endfacet
  facet normal 0 0 1
    outer loop
      vertex -16 66.9751 4
      vertex -74 66.9751 4
      vertex -16 60.2836 4
    endloop
  endfacet
  facet normal 0 0 1
    outer loop
      vertex -9 92 4
      vertex -74 66.9751 4
      vertex -16 66.9751 4
    endloop
  endfacet
  facet normal -0 0 1
    outer loop
      vertex -81 92 4
      vertex -74 66.9751 4
      vertex -9 92 4
    endloop
  endfacet
  facet normal 0 0 1
    outer loop
      vertex -81 42.5359 4
      vertex -80 51.015 4
      vertex -80 66.9751 4
    endloop
  endfacet
  facet normal 0 0 1
    outer loop
      vertex -80 51.015 4
      vertex -81 42.5359 4
      vertex -80.0353 42.1363 4
    endloop
  endfacet
  facet normal 0 0 1
    outer loop
      vertex -74 66.9751 4
      vertex -81 92 4
      vertex -80 66.9751 4
    endloop
  endfacet
  facet normal 0 0 1
    outer loop
      vertex -81 42.5359 4
      vertex -80 66.9751 4
      vertex -81 92 4
    endloop
  endfacet
  facet normal 0 0 1
    outer loop
      vertex -80.0353 42.1363 4
      vertex -81 42.5359 4
      vertex -80.5307 42.3045 4
    endloop
  endfacet
  facet normal 0 0 1
    outer loop
      vertex -9 42.5359 4
      vertex -11 42 4
      vertex -9.46927 42.3045 4
    endloop
  endfacet
  facet normal 0 0 1
    outer loop
      vertex -9.46927 42.3045 4
      vertex -11 42 4
      vertex -9.96472 42.1363 4
    endloop
  endfacet
  facet normal 0 0 1
    outer loop
      vertex -9.96472 42.1363 4
      vertex -11 42 4
      vertex -10.4779 42.0342 4
    endloop
  endfacet
  facet normal -0 0 1
    outer loop
      vertex -16 51.015 4
      vertex -11 42 4
      vertex -10 51.015 4
    endloop
  endfacet
  facet normal 0 0 1
    outer loop
      vertex -74 51.015 4
      vertex -16 51.015 4
      vertex -74 59.9912 4
    endloop
  endfacet
  facet normal 0 0 1
    outer loop
      vertex -16 51.015 4
      vertex -74 51.015 4
      vertex -11 42 4
    endloop
  endfacet
  facet normal 0 0 1
    outer loop
      vertex -74 51.015 4
      vertex -79 42 4
      vertex -11 42 4
    endloop
  endfacet
  facet normal -0 0 1
    outer loop
      vertex -80 51.015 4
      vertex -79 42 4
      vertex -74 51.015 4
    endloop
  endfacet
  facet normal -0 0 1
    outer loop
      vertex -80.0353 42.1363 4
      vertex -79 42 4
      vertex -80 51.015 4
    endloop
  endfacet
  facet normal 0 0 1
    outer loop
      vertex -79 42 4
      vertex -80.0353 42.1363 4
      vertex -79.5221 42.0342 4
    endloop
  endfacet
  facet normal -0.555626 -0.831432 0
    outer loop
      vertex -81.435 42.8266 0
      vertex -81 42.5359 4
      vertex -81.435 42.8266 4
    endloop
  endfacet
  facet normal -0.555626 -0.831432 -0
    outer loop
      vertex -81 42.5359 4
      vertex -81.435 42.8266 0
      vertex -81 42.5359 0
    endloop
  endfacet
  facet normal -0.321498 -0.94691 0
    outer loop
      vertex -80.5307 42.3045 0
      vertex -80.0353 42.1363 4
      vertex -80.5307 42.3045 4
    endloop
  endfacet
  facet normal -0.321498 -0.94691 -0
    outer loop
      vertex -80.0353 42.1363 4
      vertex -80.5307 42.3045 0
      vertex -80.0353 42.1363 0
    endloop
  endfacet
  facet normal -0.195124 -0.980779 0
    outer loop
      vertex -80.0353 42.1363 0
      vertex -79.5221 42.0342 4
      vertex -80.0353 42.1363 4
    endloop
  endfacet
  facet normal -0.195124 -0.980779 -0
    outer loop
      vertex -79.5221 42.0342 4
      vertex -80.0353 42.1363 0
      vertex -79.5221 42.0342 0
    endloop
  endfacet
  facet normal -0.19494 0.980815 0
    outer loop
      vertex -79.5221 101.966 0
      vertex -80.0353 101.864 3.95
      vertex -79.5221 101.966 3.95
    endloop
  endfacet
  facet normal -0.19494 0.980815 0
    outer loop
      vertex -80.0353 101.864 3.95
      vertex -79.5221 101.966 0
      vertex -80.0353 101.864 0
    endloop
  endfacet
  facet normal 0.321126 0.947036 -0
    outer loop
      vertex -9.46927 101.696 0
      vertex -9.96472 101.864 3.95
      vertex -9.46927 101.696 3.95
    endloop
  endfacet
  facet normal 0.321126 0.947036 0
    outer loop
      vertex -9.96472 101.864 3.95
      vertex -9.46927 101.696 0
      vertex -9.96472 101.864 0
    endloop
  endfacet
  facet normal 0.064984 0.997886 -0
    outer loop
      vertex -10.4779 101.966 0
      vertex -11 102 3.95
      vertex -10.4779 101.966 3.95
    endloop
  endfacet
  facet normal 0.064984 0.997886 0
    outer loop
      vertex -11 102 3.95
      vertex -10.4779 101.966 0
      vertex -11 102 0
    endloop
  endfacet
  facet normal 0.194947 0.980814 -0
    outer loop
      vertex -9.96472 101.864 0
      vertex -10.4779 101.966 3.95
      vertex -9.96472 101.864 3.95
    endloop
  endfacet
  facet normal 0.194947 0.980814 0
    outer loop
      vertex -10.4779 101.966 3.95
      vertex -9.96472 101.864 0
      vertex -10.4779 101.966 0
    endloop
  endfacet
  facet normal 0 1 -0
    outer loop
      vertex -11 102 0
      vertex -79 102 3.95
      vertex -11 102 3.95
    endloop
  endfacet
  facet normal 0 1 0
    outer loop
      vertex -79 102 3.95
      vertex -11 102 0
      vertex -79 102 0
    endloop
  endfacet
  facet normal 0 1 0
    outer loop
      vertex -11 102 3.95
      vertex -9 102 8
      vertex -9 102 3.95
    endloop
  endfacet
  facet normal 0 1 0
    outer loop
      vertex -9 102 8
      vertex -11 102 3.95
      vertex -81 102 8
    endloop
  endfacet
  facet normal 0 1 -0
    outer loop
      vertex -79 102 3.95
      vertex -81 102 8
      vertex -11 102 3.95
    endloop
  endfacet
  facet normal 0 1 0
    outer loop
      vertex -81 102 8
      vertex -79 102 3.95
      vertex -81 102 3.95
    endloop
  endfacet
  facet normal 0.555591 -0.831456 0
    outer loop
      vertex -9 42.5359 0
      vertex -8.56496 42.8266 4
      vertex -9 42.5359 4
    endloop
  endfacet
  facet normal 0.555591 -0.831456 0
    outer loop
      vertex -8.56496 42.8266 4
      vertex -9 42.5359 0
      vertex -8.56496 42.8266 0
    endloop
  endfacet
  facet normal -0.659343 0.751842 0
    outer loop
      vertex -81.435 101.173 0
      vertex -81.8284 100.828 4
      vertex -81.435 101.173 4
    endloop
  endfacet
  facet normal -0.659343 0.751842 0
    outer loop
      vertex -81.8284 100.828 4
      vertex -81.435 101.173 0
      vertex -81.8284 100.828 0
    endloop
  endfacet
  facet normal -0.659343 -0.751842 0
    outer loop
      vertex -81.8284 43.1716 0
      vertex -81.435 42.8266 4
      vertex -81.8284 43.1716 4
    endloop
  endfacet
  facet normal -0.659343 -0.751842 -0
    outer loop
      vertex -81.435 42.8266 4
      vertex -81.8284 43.1716 0
      vertex -81.435 42.8266 0
    endloop
  endfacet
  facet normal 0 0 -1
    outer loop
      vertex -11 42 0
      vertex -7 46 0
      vertex -7.03423 45.4779 0
    endloop
  endfacet
  facet normal -0 0 -1
    outer loop
      vertex -7 46 0
      vertex -11 42 0
      vertex -7 98 0
    endloop
  endfacet
  facet normal 0 0 -1
    outer loop
      vertex -11 42 0
      vertex -7.03423 45.4779 0
      vertex -7.13629 44.9647 0
    endloop
  endfacet
  facet normal 0 0 -1
    outer loop
      vertex -11 102 0
      vertex -7 98 0
      vertex -11 42 0
    endloop
  endfacet
  facet normal 0 0 -1
    outer loop
      vertex -11 42 0
      vertex -7.13629 44.9647 0
      vertex -7.30449 44.4693 0
    endloop
  endfacet
  facet normal 0 0 -1
    outer loop
      vertex -7 98 0
      vertex -11 102 0
      vertex -7.03423 98.5221 0
    endloop
  endfacet
  facet normal 0 0 -1
    outer loop
      vertex -11 42 0
      vertex -7.30449 44.4693 0
      vertex -7.5359 44 0
    endloop
  endfacet
  facet normal 0 0 -1
    outer loop
      vertex -7.03423 98.5221 0
      vertex -11 102 0
      vertex -7.13629 99.0353 0
    endloop
  endfacet
  facet normal 0 0 -1
    outer loop
      vertex -11 42 0
      vertex -7.5359 44 0
      vertex -7.82658 43.565 0
    endloop
  endfacet
  facet normal 0 0 -1
    outer loop
      vertex -7.13629 99.0353 0
      vertex -11 102 0
      vertex -7.30449 99.5307 0
    endloop
  endfacet
  facet normal 0 0 -1
    outer loop
      vertex -11 42 0
      vertex -7.82658 43.565 0
      vertex -8.17157 43.1716 0
    endloop
  endfacet
  facet normal 0 0 -1
    outer loop
      vertex -7.30449 99.5307 0
      vertex -11 102 0
      vertex -7.5359 100 0
    endloop
  endfacet
  facet normal 0 0 -1
    outer loop
      vertex -11 42 0
      vertex -8.17157 43.1716 0
      vertex -8.56496 42.8266 0
    endloop
  endfacet
  facet normal 0 0 -1
    outer loop
      vertex -7.5359 100 0
      vertex -11 102 0
      vertex -7.82658 100.435 0
    endloop
  endfacet
  facet normal 0 0 -1
    outer loop
      vertex -11 42 0
      vertex -8.56496 42.8266 0
      vertex -9 42.5359 0
    endloop
  endfacet
  facet normal 0 0 -1
    outer loop
      vertex -7.82658 100.435 0
      vertex -11 102 0
      vertex -8.17157 100.828 0
    endloop
  endfacet
  facet normal 0 0 -1
    outer loop
      vertex -11 42 0
      vertex -9 42.5359 0
      vertex -9.46927 42.3045 0
    endloop
  endfacet
  facet normal 0 0 -1
    outer loop
      vertex -8.17157 100.828 0
      vertex -11 102 0
      vertex -8.56496 101.173 0
    endloop
  endfacet
  facet normal 0 0 -1
    outer loop
      vertex -11 42 0
      vertex -9.46927 42.3045 0
      vertex -9.96472 42.1363 0
    endloop
  endfacet
  facet normal 0 0 -1
    outer loop
      vertex -8.56496 101.173 0
      vertex -11 102 0
      vertex -9 101.464 0
    endloop
  endfacet
  facet normal 0 0 -1
    outer loop
      vertex -11 42 0
      vertex -9.96472 42.1363 0
      vertex -10.4779 42.0342 0
    endloop
  endfacet
  facet normal 0 0 -1
    outer loop
      vertex -9 101.464 0
      vertex -11 102 0
      vertex -9.46927 101.696 0
    endloop
  endfacet
  facet normal 0 0 -1
    outer loop
      vertex -9.46927 101.696 0
      vertex -11 102 0
      vertex -9.96472 101.864 0
    endloop
  endfacet
  facet normal 0 0 -1
    outer loop
      vertex -9.96472 101.864 0
      vertex -11 102 0
      vertex -10.4779 101.966 0
    endloop
  endfacet
  facet normal 0 0 -1
    outer loop
      vertex -79 42 0
      vertex -11 102 0
      vertex -11 42 0
    endloop
  endfacet
  facet normal 0 0 -1
    outer loop
      vertex -79 42 0
      vertex -79 102 0
      vertex -11 102 0
    endloop
  endfacet
  facet normal 0 0 -1
    outer loop
      vertex -83 46 0
      vertex -79 42 0
      vertex -79.5221 42.0342 0
    endloop
  endfacet
  facet normal 0 0 -1
    outer loop
      vertex -79 42 0
      vertex -83 46 0
      vertex -79 102 0
    endloop
  endfacet
  facet normal 0 0 -1
    outer loop
      vertex -83 46 0
      vertex -79.5221 42.0342 0
      vertex -80.0353 42.1363 0
    endloop
  endfacet
  facet normal 0 0 -1
    outer loop
      vertex -83 98 0
      vertex -79 102 0
      vertex -83 46 0
    endloop
  endfacet
  facet normal 0 0 -1
    outer loop
      vertex -83 46 0
      vertex -80.0353 42.1363 0
      vertex -80.5307 42.3045 0
    endloop
  endfacet
  facet normal 0 0 -1
    outer loop
      vertex -79 102 0
      vertex -83 98 0
      vertex -79.5221 101.966 0
    endloop
  endfacet
  facet normal 0 0 -1
    outer loop
      vertex -83 46 0
      vertex -80.5307 42.3045 0
      vertex -81 42.5359 0
    endloop
  endfacet
  facet normal 0 0 -1
    outer loop
      vertex -79.5221 101.966 0
      vertex -83 98 0
      vertex -80.0353 101.864 0
    endloop
  endfacet
  facet normal 0 0 -1
    outer loop
      vertex -83 46 0
      vertex -81 42.5359 0
      vertex -81.435 42.8266 0
    endloop
  endfacet
  facet normal 0 0 -1
    outer loop
      vertex -80.0353 101.864 0
      vertex -83 98 0
      vertex -80.5307 101.696 0
    endloop
  endfacet
  facet normal 0 0 -1
    outer loop
      vertex -83 46 0
      vertex -81.435 42.8266 0
      vertex -81.8284 43.1716 0
    endloop
  endfacet
  facet normal 0 0 -1
    outer loop
      vertex -80.5307 101.696 0
      vertex -83 98 0
      vertex -81 101.464 0
    endloop
  endfacet
  facet normal 0 0 -1
    outer loop
      vertex -83 46 0
      vertex -81.8284 43.1716 0
      vertex -82.1734 43.565 0
    endloop
  endfacet
  facet normal 0 0 -1
    outer loop
      vertex -81 101.464 0
      vertex -83 98 0
      vertex -81.435 101.173 0
    endloop
  endfacet
  facet normal 0 0 -1
    outer loop
      vertex -83 46 0
      vertex -82.1734 43.565 0
      vertex -82.4641 44 0
    endloop
  endfacet
  facet normal 0 0 -1
    outer loop
      vertex -81.435 101.173 0
      vertex -83 98 0
      vertex -81.8284 100.828 0
    endloop
  endfacet
  facet normal 0 0 -1
    outer loop
      vertex -83 46 0
      vertex -82.4641 44 0
      vertex -82.6955 44.4693 0
    endloop
  endfacet
  facet normal 0 0 -1
    outer loop
      vertex -81.8284 100.828 0
      vertex -83 98 0
      vertex -82.1734 100.435 0
    endloop
  endfacet
  facet normal 0 0 -1
    outer loop
      vertex -83 46 0
      vertex -82.6955 44.4693 0
      vertex -82.8637 44.9647 0
    endloop
  endfacet
  facet normal 0 0 -1
    outer loop
      vertex -82.1734 100.435 0
      vertex -83 98 0
      vertex -82.4641 100 0
    endloop
  endfacet
  facet normal 0 0 -1
    outer loop
      vertex -83 46 0
      vertex -82.8637 44.9647 0
      vertex -82.9658 45.4779 0
    endloop
  endfacet
  facet normal 0 0 -1
    outer loop
      vertex -82.4641 100 0
      vertex -83 98 0
      vertex -82.6955 99.5307 0
    endloop
  endfacet
  facet normal 0 0 -1
    outer loop
      vertex -82.6955 99.5307 0
      vertex -83 98 0
      vertex -82.8637 99.0353 0
    endloop
  endfacet
  facet normal 0 0 -1
    outer loop
      vertex -82.8637 99.0353 0
      vertex -83 98 0
      vertex -82.9658 98.5221 0
    endloop
  endfacet
  facet normal -0.442238 -0.896898 0
    outer loop
      vertex -81 42.5359 0
      vertex -80.5307 42.3045 4
      vertex -81 42.5359 4
    endloop
  endfacet
  facet normal -0.442238 -0.896898 -0
    outer loop
      vertex -80.5307 42.3045 4
      vertex -81 42.5359 0
      vertex -80.5307 42.3045 0
    endloop
  endfacet
  facet normal -0.0653646 -0.997861 0
    outer loop
      vertex -79.5221 42.0342 0
      vertex -79 42 4
      vertex -79.5221 42.0342 4
    endloop
  endfacet
  facet normal -0.0653646 -0.997861 -0
    outer loop
      vertex -79 42 4
      vertex -79.5221 42.0342 0
      vertex -79 42 0
    endloop
  endfacet
  facet normal 0.443182 0.896432 -0
    outer loop
      vertex -9 101.464 0
      vertex -9.46927 101.696 3.95
      vertex -9 101.464 3.95
    endloop
  endfacet
  facet normal 0.443182 0.896432 0
    outer loop
      vertex -9.46927 101.696 3.95
      vertex -9 101.464 0
      vertex -9.46927 101.696 0
    endloop
  endfacet
  facet normal 0.83145 -0.5556 0
    outer loop
      vertex -7.82658 43.565 4
      vertex -7.5359 44 0
      vertex -7.5359 44 4
    endloop
  endfacet
  facet normal 0.83145 -0.5556 0
    outer loop
      vertex -7.5359 44 0
      vertex -7.82658 43.565 4
      vertex -7.82658 43.565 0
    endloop
  endfacet
  facet normal 0.980793 -0.19505 0
    outer loop
      vertex -7.13629 44.9647 4
      vertex -7.03423 45.4779 0
      vertex -7.03423 45.4779 4
    endloop
  endfacet
  facet normal 0.980793 -0.19505 0
    outer loop
      vertex -7.03423 45.4779 0
      vertex -7.13629 44.9647 4
      vertex -7.13629 44.9647 0
    endloop
  endfacet
  facet normal 0.659353 -0.751834 0
    outer loop
      vertex -8.56496 42.8266 0
      vertex -8.17157 43.1716 4
      vertex -8.56496 42.8266 4
    endloop
  endfacet
  facet normal 0.659353 -0.751834 0
    outer loop
      vertex -8.17157 43.1716 4
      vertex -8.56496 42.8266 0
      vertex -8.17157 43.1716 0
    endloop
  endfacet
  facet normal 0.44226 -0.896887 0
    outer loop
      vertex -9.46927 42.3045 0
      vertex -9 42.5359 4
      vertex -9.46927 42.3045 4
    endloop
  endfacet
  facet normal 0.44226 -0.896887 0
    outer loop
      vertex -9 42.5359 4
      vertex -9.46927 42.3045 0
      vertex -9 42.5359 0
    endloop
  endfacet
  facet normal 0.89689 0.442253 0
    outer loop
      vertex -7.30449 99.5307 4
      vertex -7.5359 100 0
      vertex -7.5359 100 4
    endloop
  endfacet
  facet normal 0.89689 0.442253 0
    outer loop
      vertex -7.5359 100 0
      vertex -7.30449 99.5307 4
      vertex -7.30449 99.5307 0
    endloop
  endfacet
  facet normal 0.980793 0.19505 0
    outer loop
      vertex -7.03423 98.5221 4
      vertex -7.13629 99.0353 0
      vertex -7.13629 99.0353 4
    endloop
  endfacet
  facet normal 0.980793 0.19505 0
    outer loop
      vertex -7.13629 99.0353 0
      vertex -7.03423 98.5221 4
      vertex -7.03423 98.5221 0
    endloop
  endfacet
  facet normal 0.659353 0.751834 -0
    outer loop
      vertex -8.17157 100.828 0
      vertex -8.56496 101.173 4
      vertex -8.17157 100.828 4
    endloop
  endfacet
  facet normal 0.659353 0.751834 0
    outer loop
      vertex -8.56496 101.173 4
      vertex -8.17157 100.828 0
      vertex -8.56496 101.173 0
    endloop
  endfacet
  facet normal -0.75151 0.659722 0
    outer loop
      vertex -82.1734 100.435 0
      vertex -81.8284 100.828 4
      vertex -81.8284 100.828 0
    endloop
  endfacet
  facet normal -0.75151 0.659722 0
    outer loop
      vertex -81.8284 100.828 4
      vertex -82.1734 100.435 0
      vertex -82.1734 100.435 4
    endloop
  endfacet
  facet normal -0.321156 0.947026 0
    outer loop
      vertex -80.0353 101.864 0
      vertex -80.5307 101.696 3.95
      vertex -80.0353 101.864 3.95
    endloop
  endfacet
  facet normal -0.321156 0.947026 0
    outer loop
      vertex -80.5307 101.696 3.95
      vertex -80.0353 101.864 0
      vertex -80.5307 101.696 0
    endloop
  endfacet
  facet normal -0.831432 0.555626 0
    outer loop
      vertex -82.4641 100 0
      vertex -82.1734 100.435 4
      vertex -82.1734 100.435 0
    endloop
  endfacet
  facet normal -0.831432 0.555626 0
    outer loop
      vertex -82.1734 100.435 4
      vertex -82.4641 100 0
      vertex -82.4641 100 4
    endloop
  endfacet
  facet normal -0.997861 0.0653646 0
    outer loop
      vertex -83 98 0
      vertex -82.9658 98.5221 4
      vertex -82.9658 98.5221 0
    endloop
  endfacet
  facet normal -0.997861 0.0653646 0
    outer loop
      vertex -82.9658 98.5221 4
      vertex -83 98 0
      vertex -83 98 4
    endloop
  endfacet
  facet normal -0.980779 0.195124 0
    outer loop
      vertex -82.9658 98.5221 0
      vertex -82.8637 99.0353 4
      vertex -82.8637 99.0353 0
    endloop
  endfacet
  facet normal -0.980779 0.195124 0
    outer loop
      vertex -82.8637 99.0353 4
      vertex -82.9658 98.5221 0
      vertex -82.9658 98.5221 4
    endloop
  endfacet
  facet normal -0.997861 -0.0653646 0
    outer loop
      vertex -82.9658 45.4779 0
      vertex -83 46 4
      vertex -83 46 0
    endloop
  endfacet
  facet normal -0.997861 -0.0653646 0
    outer loop
      vertex -83 46 4
      vertex -82.9658 45.4779 0
      vertex -82.9658 45.4779 4
    endloop
  endfacet
  facet normal -0.831432 -0.555626 0
    outer loop
      vertex -82.1734 43.565 0
      vertex -82.4641 44 4
      vertex -82.4641 44 0
    endloop
  endfacet
  facet normal -0.831432 -0.555626 0
    outer loop
      vertex -82.4641 44 4
      vertex -82.1734 43.565 0
      vertex -82.1734 43.565 4
    endloop
  endfacet
  facet normal -0.94691 -0.321498 0
    outer loop
      vertex -82.6955 44.4693 0
      vertex -82.8637 44.9647 4
      vertex -82.8637 44.9647 0
    endloop
  endfacet
  facet normal -0.94691 -0.321498 0
    outer loop
      vertex -82.8637 44.9647 4
      vertex -82.6955 44.4693 0
      vertex -82.6955 44.4693 4
    endloop
  endfacet
  facet normal 0.89689 -0.442253 0
    outer loop
      vertex -7.5359 44 4
      vertex -7.30449 44.4693 0
      vertex -7.30449 44.4693 4
    endloop
  endfacet
  facet normal 0.89689 -0.442253 0
    outer loop
      vertex -7.30449 44.4693 0
      vertex -7.5359 44 4
      vertex -7.5359 44 0
    endloop
  endfacet
  facet normal 0.997858 -0.0654217 0
    outer loop
      vertex -7.03423 45.4779 4
      vertex -7 46 0
      vertex -7 46 4
    endloop
  endfacet
  facet normal 0.997858 -0.0654217 0
    outer loop
      vertex -7 46 0
      vertex -7.03423 45.4779 4
      vertex -7.03423 45.4779 0
    endloop
  endfacet
  facet normal 0.751852 -0.659332 0
    outer loop
      vertex -8.17157 43.1716 4
      vertex -7.82658 43.565 0
      vertex -7.82658 43.565 4
    endloop
  endfacet
  facet normal 0.751852 -0.659332 0
    outer loop
      vertex -7.82658 43.565 0
      vertex -8.17157 43.1716 4
      vertex -8.17157 43.1716 0
    endloop
  endfacet
  facet normal 0.94691 0.321498 0
    outer loop
      vertex -7.13629 99.0353 4
      vertex -7.30449 99.5307 0
      vertex -7.30449 99.5307 4
    endloop
  endfacet
  facet normal 0.94691 0.321498 0
    outer loop
      vertex -7.30449 99.5307 0
      vertex -7.13629 99.0353 4
      vertex -7.13629 99.0353 0
    endloop
  endfacet
  facet normal 0.997858 0.0654217 0
    outer loop
      vertex -7 98 4
      vertex -7.03423 98.5221 0
      vertex -7.03423 98.5221 4
    endloop
  endfacet
  facet normal 0.997858 0.0654217 0
    outer loop
      vertex -7.03423 98.5221 0
      vertex -7 98 4
      vertex -7 98 0
    endloop
  endfacet
  facet normal 0.751519 0.659711 0
    outer loop
      vertex -7.82658 100.435 4
      vertex -8.17157 100.828 0
      vertex -8.17157 100.828 4
    endloop
  endfacet
  facet normal 0.751519 0.659711 0
    outer loop
      vertex -8.17157 100.828 0
      vertex -7.82658 100.435 4
      vertex -7.82658 100.435 0
    endloop
  endfacet
  facet normal 0.83145 0.5556 0
    outer loop
      vertex -7.5359 100 4
      vertex -7.82658 100.435 0
      vertex -7.82658 100.435 4
    endloop
  endfacet
  facet normal 0.83145 0.5556 0
    outer loop
      vertex -7.82658 100.435 0
      vertex -7.5359 100 4
      vertex -7.5359 100 0
    endloop
  endfacet
  facet normal -0.556022 0.831167 0
    outer loop
      vertex -81 101.464 3.95
      vertex -81.435 101.173 4
      vertex -81 101.464 4
    endloop
  endfacet
  facet normal -0.556022 0.831167 0
    outer loop
      vertex -81.435 101.173 0
      vertex -81 101.464 3.95
      vertex -81 101.464 0
    endloop
  endfacet
  facet normal -0.556022 0.831167 0
    outer loop
      vertex -81 101.464 3.95
      vertex -81.435 101.173 0
      vertex -81.435 101.173 4
    endloop
  endfacet
  facet normal -0.94691 0.321498 0
    outer loop
      vertex -82.8637 99.0353 0
      vertex -82.6955 99.5307 4
      vertex -82.6955 99.5307 0
    endloop
  endfacet
  facet normal -0.94691 0.321498 0
    outer loop
      vertex -82.6955 99.5307 4
      vertex -82.8637 99.0353 0
      vertex -82.8637 99.0353 4
    endloop
  endfacet
  facet normal -0.896898 0.442238 0
    outer loop
      vertex -82.6955 99.5307 0
      vertex -82.4641 100 4
      vertex -82.4641 100 0
    endloop
  endfacet
  facet normal -0.896898 0.442238 0
    outer loop
      vertex -82.4641 100 4
      vertex -82.6955 99.5307 0
      vertex -82.6955 99.5307 4
    endloop
  endfacet
  facet normal -0.751842 -0.659343 0
    outer loop
      vertex -81.8284 43.1716 0
      vertex -82.1734 43.565 4
      vertex -82.1734 43.565 0
    endloop
  endfacet
  facet normal -0.751842 -0.659343 0
    outer loop
      vertex -82.1734 43.565 4
      vertex -81.8284 43.1716 0
      vertex -81.8284 43.1716 4
    endloop
  endfacet
  facet normal -0.980779 -0.195124 0
    outer loop
      vertex -82.8637 44.9647 0
      vertex -82.9658 45.4779 4
      vertex -82.9658 45.4779 0
    endloop
  endfacet
  facet normal -0.980779 -0.195124 0
    outer loop
      vertex -82.9658 45.4779 4
      vertex -82.8637 44.9647 0
      vertex -82.8637 44.9647 4
    endloop
  endfacet
  facet normal -0.896898 -0.442238 0
    outer loop
      vertex -82.4641 44 0
      vertex -82.6955 44.4693 4
      vertex -82.6955 44.4693 0
    endloop
  endfacet
  facet normal -0.896898 -0.442238 0
    outer loop
      vertex -82.6955 44.4693 4
      vertex -82.4641 44 0
      vertex -82.4641 44 4
    endloop
  endfacet
  facet normal 0.94691 -0.321498 0
    outer loop
      vertex -7.30449 44.4693 4
      vertex -7.13629 44.9647 0
      vertex -7.13629 44.9647 4
    endloop
  endfacet
  facet normal 0.94691 -0.321498 0
    outer loop
      vertex -7.13629 44.9647 0
      vertex -7.30449 44.4693 4
      vertex -7.30449 44.4693 0
    endloop
  endfacet
  facet normal -0.443159 0.896443 0
    outer loop
      vertex -80.5307 101.696 0
      vertex -81 101.464 3.95
      vertex -80.5307 101.696 3.95
    endloop
  endfacet
  facet normal -0.443159 0.896443 0
    outer loop
      vertex -81 101.464 3.95
      vertex -80.5307 101.696 0
      vertex -81 101.464 0
    endloop
  endfacet
  facet normal 0 -0.173647 0.984808
    outer loop
      vertex -80 49.7001 85.3988
      vertex -10 45.7608 84.7042
      vertex -10 49.7001 85.3988
    endloop
  endfacet
  facet normal 0 -0.173647 0.984808
    outer loop
      vertex -10 45.7608 84.7042
      vertex -80 49.7001 85.3988
      vertex -80 45.7608 84.7042
    endloop
  endfacet
  facet normal 0 -0.984807 -0.173651
    outer loop
      vertex -74 59.9912 4
      vertex -16 56.6631 22.8743
      vertex -74 56.6631 22.8743
    endloop
  endfacet
  facet normal 0 -0.984807 -0.173651
    outer loop
      vertex -16 56.6631 22.8743
      vertex -74 59.9912 4
      vertex -16 59.9912 4
    endloop
  endfacet
  facet normal -0 -0.984808 -0.173648
    outer loop
      vertex -74 56.6631 22.8743
      vertex -80 45.7608 84.7042
      vertex -80 56.6631 22.8743
    endloop
  endfacet
  facet normal 0 -0.984808 -0.173648
    outer loop
      vertex -80 45.7608 84.7042
      vertex -74 56.6631 22.8743
      vertex -10 45.7608 84.7042
    endloop
  endfacet
  facet normal -0 -0.984808 -0.173648
    outer loop
      vertex -16 56.6631 22.8743
      vertex -10 45.7608 84.7042
      vertex -74 56.6631 22.8743
    endloop
  endfacet
  facet normal 0 -0.984808 -0.173648
    outer loop
      vertex -10 45.7608 84.7042
      vertex -16 56.6631 22.8743
      vertex -10 56.6631 22.8743
    endloop
  endfacet
  facet normal 0 0.984808 0.173647
    outer loop
      vertex -16 63.9392 4.64459
      vertex -74 62.4548 13.0631
      vertex -16 62.4548 13.0631
    endloop
  endfacet
  facet normal 0 0.984808 0.173647
    outer loop
      vertex -74 62.4548 13.0631
      vertex -16 63.9392 4.64459
      vertex -74 63.9392 4.64459
    endloop
  endfacet
  facet normal -0 0.984808 0.173648
    outer loop
      vertex -16 62.4548 13.0631
      vertex -10 49.7001 85.3988
      vertex -10 62.4548 13.0631
    endloop
  endfacet
  facet normal 0 0.984808 0.173648
    outer loop
      vertex -10 49.7001 85.3988
      vertex -16 62.4548 13.0631
      vertex -80 49.7001 85.3988
    endloop
  endfacet
  facet normal -0 0.984808 0.173648
    outer loop
      vertex -74 62.4548 13.0631
      vertex -80 49.7001 85.3988
      vertex -16 62.4548 13.0631
    endloop
  endfacet
  facet normal 0 0.984808 0.173648
    outer loop
      vertex -80 49.7001 85.3988
      vertex -74 62.4548 13.0631
      vertex -80 62.4548 13.0631
    endloop
  endfacet
  facet normal 0 0.173651 -0.984807
    outer loop
      vertex -74 60.2836 4
      vertex -16 63.9392 4.64459
      vertex -16 60.2836 4
    endloop
  endfacet
  facet normal 0 0.173651 -0.984807
    outer loop
      vertex -16 63.9392 4.64459
      vertex -74 60.2836 4
      vertex -74 63.9392 4.64459
    endloop
  endfacet
  facet normal 0 -1 0
    outer loop
      vertex -81 92 4
      vertex -9 92 10
      vertex -81 92 10
    endloop
  endfacet
  facet normal 0 -1 -0
    outer loop
      vertex -9 92 10
      vertex -81 92 4
      vertex -9 92 4
    endloop
  endfacet
  facet normal 0 -0.316228 0.948683
    outer loop
      vertex -81 98 12
      vertex -9 92 10
      vertex -9 98 12
    endloop
  endfacet
  facet normal 0 -0.316228 0.948683
    outer loop
      vertex -9 92 10
      vertex -81 98 12
      vertex -81 92 10
    endloop
  endfacet
  facet normal 0 0 -1
    outer loop
      vertex -9.46927 101.696 3.95
      vertex -9 102 3.95
      vertex -9 101.464 3.95
    endloop
  endfacet
  facet normal 0 0 -1
    outer loop
      vertex -9.96472 101.864 3.95
      vertex -9 102 3.95
      vertex -9.46927 101.696 3.95
    endloop
  endfacet
  facet normal 0 0 -1
    outer loop
      vertex -10.4779 101.966 3.95
      vertex -9 102 3.95
      vertex -9.96472 101.864 3.95
    endloop
  endfacet
  facet normal -0 0 -1
    outer loop
      vertex -9 102 3.95
      vertex -10.4779 101.966 3.95
      vertex -11 102 3.95
    endloop
  endfacet
  facet normal 0 0 -1
    outer loop
      vertex -79.5221 101.966 3.95
      vertex -81 102 3.95
      vertex -79 102 3.95
    endloop
  endfacet
  facet normal 0 0 -1
    outer loop
      vertex -80.0353 101.864 3.95
      vertex -81 102 3.95
      vertex -79.5221 101.966 3.95
    endloop
  endfacet
  facet normal 0 0 -1
    outer loop
      vertex -80.5307 101.696 3.95
      vertex -81 102 3.95
      vertex -80.0353 101.864 3.95
    endloop
  endfacet
  facet normal 0 0 -1
    outer loop
      vertex -81 102 3.95
      vertex -80.5307 101.696 3.95
      vertex -81 101.464 3.95
    endloop
  endfacet
  facet normal 1 0 0
    outer loop
      vertex -9 102 8
      vertex -9 101.464 4
      vertex -9 102 3.95
    endloop
  endfacet
  facet normal 1 0 0
    outer loop
      vertex -9 98 12
      vertex -9 101.464 4
      vertex -9 102 8
    endloop
  endfacet
  facet normal 1 0 0
    outer loop
      vertex -9 92 4
      vertex -9 98 12
      vertex -9 92 10
    endloop
  endfacet
  facet normal 1 0 0
    outer loop
      vertex -9 98 12
      vertex -9 92 4
      vertex -9 101.464 4
    endloop
  endfacet
  facet normal 1 0 0
    outer loop
      vertex -9 102 3.95
      vertex -9 101.464 4
      vertex -9 101.464 3.95
    endloop
  endfacet
  facet normal -1 0 0
    outer loop
      vertex -81 101.464 4
      vertex -81 102 3.95
      vertex -81 101.464 3.95
    endloop
  endfacet
  facet normal -1 0 0
    outer loop
      vertex -81 102 3.95
      vertex -81 101.464 4
      vertex -81 102 8
    endloop
  endfacet
  facet normal -1 0 0
    outer loop
      vertex -81 101.464 4
      vertex -81 98 12
      vertex -81 102 8
    endloop
  endfacet
  facet normal -1 0 0
    outer loop
      vertex -81 92 4
      vertex -81 98 12
      vertex -81 101.464 4
    endloop
  endfacet
  facet normal -1 0 0
    outer loop
      vertex -81 98 12
      vertex -81 92 4
      vertex -81 92 10
    endloop
  endfacet
  facet normal 0 0.707107 0.707107
    outer loop
      vertex -9 102 8
      vertex -81 98 12
      vertex -9 98 12
    endloop
  endfacet
  facet normal 0 0.707107 0.707107
    outer loop
      vertex -81 98 12
      vertex -9 102 8
      vertex -81 102 8
    endloop
  endfacet
  facet normal 0 0 -1
    outer loop
      vertex 87 7 0
      vertex 32 13 0
      vertex 80 13 0
    endloop
  endfacet
  facet normal 0 0 -1
    outer loop
      vertex 7 7 0
      vertex 32 13 0
      vertex 87 7 0
    endloop
  endfacet
  facet normal -0 0 -1
    outer loop
      vertex 32 13 0
      vertex 7 7 0
      vertex 27.6077 13 0
    endloop
  endfacet
  facet normal -0 0 -1
    outer loop
      vertex 27.6077 13 0
      vertex 7 7 0
      vertex 12 13 0
    endloop
  endfacet
  facet normal 0 0 -1
    outer loop
      vertex 7 18 0
      vertex 12 13 0
      vertex 7 7 0
    endloop
  endfacet
  facet normal 0 0 -1
    outer loop
      vertex 12 13 0
      vertex 7 18 0
      vertex 12 18 0
    endloop
  endfacet
  facet normal 0 0 -1
    outer loop
      vertex 54.759 93 0
      vertex 87 7 0
      vertex 80 13 0
    endloop
  endfacet
  facet normal 0 0 -1
    outer loop
      vertex 54.759 93 0
      vertex 52.259 105 0
      vertex 87 7 0
    endloop
  endfacet
  facet normal 0 0 -1
    outer loop
      vertex 27.6077 13 0
      vertex 54.759 93 0
      vertex 32 13 0
    endloop
  endfacet
  facet normal -0 0 -1
    outer loop
      vertex 54.759 93 0
      vertex 27.6077 13 0
      vertex 52.259 105 0
    endloop
  endfacet
  facet normal 0 0 1
    outer loop
      vertex 12 18 60
      vertex 7 18 60
      vertex 12 13 60
    endloop
  endfacet
  facet normal 0 0 1
    outer loop
      vertex 87 7 60
      vertex 54.759 93 60
      vertex 80 13 60
    endloop
  endfacet
  facet normal 0 0 1
    outer loop
      vertex 52.259 105 60
      vertex 54.759 93 60
      vertex 87 7 60
    endloop
  endfacet
  facet normal 0 0 1
    outer loop
      vertex 27.6077 13 60
      vertex 54.759 93 60
      vertex 52.259 105 60
    endloop
  endfacet
  facet normal 0 0 1
    outer loop
      vertex 54.759 93 60
      vertex 27.6077 13 60
      vertex 32 13 60
    endloop
  endfacet
  facet normal -0 0 1
    outer loop
      vertex 32 13 60
      vertex 87 7 60
      vertex 80 13 60
    endloop
  endfacet
  facet normal 0 0 1
    outer loop
      vertex 7 7 60
      vertex 32 13 60
      vertex 27.6077 13 60
    endloop
  endfacet
  facet normal 0 0 1
    outer loop
      vertex 7 7 60
      vertex 27.6077 13 60
      vertex 12 13 60
    endloop
  endfacet
  facet normal 0 0 1
    outer loop
      vertex 32 13 60
      vertex 7 7 60
      vertex 87 7 60
    endloop
  endfacet
  facet normal 0 0 1
    outer loop
      vertex 7 7 60
      vertex 12 13 60
      vertex 7 18 60
    endloop
  endfacet
  facet normal -0.965926 0.258819 0
    outer loop
      vertex 27.6077 13 0
      vertex 52.259 105 60
      vertex 52.259 105 0
    endloop
  endfacet
  facet normal -0.965926 0.258819 0
    outer loop
      vertex 52.259 105 60
      vertex 27.6077 13 0
      vertex 27.6077 13 60
    endloop
  endfacet
  facet normal 0 1 -0
    outer loop
      vertex 27.6077 13 0
      vertex 12 13 60
      vertex 27.6077 13 60
    endloop
  endfacet
  facet normal 0 1 0
    outer loop
      vertex 12 13 60
      vertex 27.6077 13 0
      vertex 12 13 0
    endloop
  endfacet
  facet normal 1 -0 0
    outer loop
      vertex 12 13 60
      vertex 12 18 0
      vertex 12 18 60
    endloop
  endfacet
  facet normal 1 0 0
    outer loop
      vertex 12 18 0
      vertex 12 13 60
      vertex 12 13 0
    endloop
  endfacet
  facet normal 0 1 -0
    outer loop
      vertex 12 18 0
      vertex 7 18 60
      vertex 12 18 60
    endloop
  endfacet
  facet normal 0 1 0
    outer loop
      vertex 7 18 60
      vertex 12 18 0
      vertex 7 18 0
    endloop
  endfacet
  facet normal -1 0 0
    outer loop
      vertex 7 7 0
      vertex 7 18 60
      vertex 7 18 0
    endloop
  endfacet
  facet normal -1 -0 0
    outer loop
      vertex 7 18 60
      vertex 7 7 0
      vertex 7 7 60
    endloop
  endfacet
  facet normal 0 -1 0
    outer loop
      vertex 7 7 0
      vertex 87 7 60
      vertex 7 7 60
    endloop
  endfacet
  facet normal 0 -1 -0
    outer loop
      vertex 87 7 60
      vertex 7 7 0
      vertex 87 7 0
    endloop
  endfacet
  facet normal 0.942528 0.334126 0
    outer loop
      vertex 87 7 60
      vertex 52.259 105 0
      vertex 52.259 105 60
    endloop
  endfacet
  facet normal 0.942528 0.334126 0
    outer loop
      vertex 52.259 105 0
      vertex 87 7 60
      vertex 87 7 0
    endloop
  endfacet
  facet normal 0.961835 -0.27363 0
    outer loop
      vertex 32 13 60
      vertex 54.759 93 0
      vertex 54.759 93 60
    endloop
  endfacet
  facet normal 0.961835 -0.27363 0
    outer loop
      vertex 54.759 93 0
      vertex 32 13 60
      vertex 32 13 0
    endloop
  endfacet
  facet normal -0.953658 -0.300891 0
    outer loop
      vertex 80 13 0
      vertex 54.759 93 60
      vertex 54.759 93 0
    endloop
  endfacet
  facet normal -0.953658 -0.300891 0
    outer loop
      vertex 54.759 93 60
      vertex 80 13 0
      vertex 80 13 60
    endloop
  endfacet
  facet normal 0 1 -0
    outer loop
      vertex 80 13 0
      vertex 32 13 60
      vertex 80 13 60
    endloop
  endfacet
  facet normal 0 1 0
    outer loop
      vertex 32 13 60
      vertex 80 13 0
      vertex 32 13 0
    endloop
  endfacet
endsolid OpenSCAD_Model
