solid OpenSCAD_Model
  facet normal 0.321321 -0.94697 0
    outer loop
      vertex 45.6625 -47.0625 0
      vertex 45.9077 -46.9793 4
      vertex 45.6625 -47.0625 4
    endloop
  endfacet
  facet normal 0.321321 -0.94697 0
    outer loop
      vertex 45.9077 -46.9793 4
      vertex 45.6625 -47.0625 0
      vertex 45.9077 -46.9793 0
    endloop
  endfacet
  facet normal 0.1953 -0.980744 0
    outer loop
      vertex 45.4084 -47.1131 0
      vertex 45.6625 -47.0625 4
      vertex 45.4084 -47.1131 4
    endloop
  endfacet
  facet normal 0.1953 -0.980744 0
    outer loop
      vertex 45.6625 -47.0625 4
      vertex 45.4084 -47.1131 0
      vertex 45.6625 -47.0625 0
    endloop
  endfacet
  facet normal -1 0 0
    outer loop
      vertex -47.13 35.17 0
      vertex -47.13 45.15 4
      vertex -47.13 45.15 0
    endloop
  endfacet
  facet normal -1 -0 0
    outer loop
      vertex -47.13 45.15 4
      vertex -47.13 35.17 0
      vertex -47.13 35.17 4
    endloop
  endfacet
  facet normal -1 0 0
    outer loop
      vertex -47.13 9.78 0
      vertex -47.13 9 2.15
      vertex -47.13 9.78 4
    endloop
  endfacet
  facet normal -1 0 0
    outer loop
      vertex -47.13 9.78 0
      vertex -47.13 -9 2.15
      vertex -47.13 9 2.15
    endloop
  endfacet
  facet normal -1 0 0
    outer loop
      vertex -47.13 -45.15 0
      vertex -47.13 -9 2.15
      vertex -47.13 9.78 0
    endloop
  endfacet
  facet normal -1 0 0
    outer loop
      vertex -47.13 -45.15 4
      vertex -47.13 -9 2.15
      vertex -47.13 -45.15 0
    endloop
  endfacet
  facet normal -1 0 0
    outer loop
      vertex -47.13 -9 2.15
      vertex -47.13 -45.15 4
      vertex -47.13 -9 4
    endloop
  endfacet
  facet normal -1 -0 0
    outer loop
      vertex -47.13 9.78 4
      vertex -47.13 9 2.15
      vertex -47.13 9 4
    endloop
  endfacet
  facet normal -1 0 0
    outer loop
      vertex -47.13 20.78 0
      vertex -47.13 24.17 4
      vertex -47.13 24.17 0
    endloop
  endfacet
  facet normal -1 -0 0
    outer loop
      vertex -47.13 24.17 4
      vertex -47.13 20.78 0
      vertex -47.13 20.78 4
    endloop
  endfacet
  facet normal 0.065263 -0.997868 0
    outer loop
      vertex 45.15 -47.13 0
      vertex 45.4084 -47.1131 4
      vertex 45.15 -47.13 4
    endloop
  endfacet
  facet normal 0.065263 -0.997868 0
    outer loop
      vertex 45.4084 -47.1131 4
      vertex 45.15 -47.13 0
      vertex 45.4084 -47.1131 0
    endloop
  endfacet
  facet normal 0.659051 0.752098 -0
    outer loop
      vertex 46.5501 46.5501 0
      vertex 46.3553 46.7208 4
      vertex 46.5501 46.5501 4
    endloop
  endfacet
  facet normal 0.659051 0.752098 0
    outer loop
      vertex 46.3553 46.7208 4
      vertex 46.5501 46.5501 0
      vertex 46.3553 46.7208 0
    endloop
  endfacet
  facet normal 0 -1 0
    outer loop
      vertex -45.15 -47.13 4
      vertex -9 -47.13 2.15
      vertex -9 -47.13 4
    endloop
  endfacet
  facet normal 0 -1 -0
    outer loop
      vertex -9 -47.13 2.15
      vertex -45.15 -47.13 0
      vertex 9 -47.13 2.15
    endloop
  endfacet
  facet normal 0 -1 0
    outer loop
      vertex -45.15 -47.13 0
      vertex -9 -47.13 2.15
      vertex -45.15 -47.13 4
    endloop
  endfacet
  facet normal 0 -1 0
    outer loop
      vertex 9 -47.13 2.15
      vertex 45.15 -47.13 4
      vertex 9 -47.13 4
    endloop
  endfacet
  facet normal 0 -1 0
    outer loop
      vertex 9 -47.13 2.15
      vertex 45.15 -47.13 0
      vertex 45.15 -47.13 4
    endloop
  endfacet
  facet normal 0 -1 0
    outer loop
      vertex 45.15 -47.13 0
      vertex 9 -47.13 2.15
      vertex -45.15 -47.13 0
    endloop
  endfacet
  facet normal -0.065263 0.997868 0
    outer loop
      vertex -45.15 47.13 0
      vertex -45.4084 47.1131 4
      vertex -45.15 47.13 4
    endloop
  endfacet
  facet normal -0.065263 0.997868 0
    outer loop
      vertex -45.4084 47.1131 4
      vertex -45.15 47.13 0
      vertex -45.4084 47.1131 0
    endloop
  endfacet
  facet normal 1 0 0
    outer loop
      vertex 47.13 -9 4
      vertex 47.13 -45.15 4
      vertex 47.13 -9 2.15
    endloop
  endfacet
  facet normal 1 0 0
    outer loop
      vertex 47.13 9 2.15
      vertex 47.13 45.15 4
      vertex 47.13 9 4
    endloop
  endfacet
  facet normal 1 0 0
    outer loop
      vertex 47.13 45.15 4
      vertex 47.13 9 2.15
      vertex 47.13 45.15 0
    endloop
  endfacet
  facet normal 1 -0 0
    outer loop
      vertex 47.13 -9 2.15
      vertex 47.13 45.15 0
      vertex 47.13 9 2.15
    endloop
  endfacet
  facet normal 1 0 0
    outer loop
      vertex 47.13 -9 2.15
      vertex 47.13 -45.15 0
      vertex 47.13 45.15 0
    endloop
  endfacet
  facet normal 1 0 0
    outer loop
      vertex 47.13 -45.15 0
      vertex 47.13 -9 2.15
      vertex 47.13 -45.15 4
    endloop
  endfacet
  facet normal 0 0 1
    outer loop
      vertex -9 47.13 4
      vertex -41.7185 46.03 4
      vertex -9 47.08 4
    endloop
  endfacet
  facet normal 0 0 1
    outer loop
      vertex -9 47.13 4
      vertex -41.95 46.1847 4
      vertex -41.7185 46.03 4
    endloop
  endfacet
  facet normal 0 0 1
    outer loop
      vertex -9 47.13 4
      vertex -42.3137 46.364 4
      vertex -41.95 46.1847 4
    endloop
  endfacet
  facet normal 0 0 1
    outer loop
      vertex -9 47.13 4
      vertex -42.6977 46.4944 4
      vertex -42.3137 46.364 4
    endloop
  endfacet
  facet normal -0 0 1
    outer loop
      vertex -45.15 47.13 4
      vertex -42.6977 46.4944 4
      vertex -9 47.13 4
    endloop
  endfacet
  facet normal 0 0 1
    outer loop
      vertex -42.6977 46.4944 4
      vertex -45.15 47.13 4
      vertex -43.0954 46.5735 4
    endloop
  endfacet
  facet normal 0 0 1
    outer loop
      vertex -43.0954 46.5735 4
      vertex -45.15 47.13 4
      vertex -43.5 46.6 4
    endloop
  endfacet
  facet normal 0 0 1
    outer loop
      vertex -45.15 47.13 4
      vertex -43.9046 46.5735 4
      vertex -43.5 46.6 4
    endloop
  endfacet
  facet normal 0 0 1
    outer loop
      vertex -45.15 47.13 4
      vertex -44.3023 46.4944 4
      vertex -43.9046 46.5735 4
    endloop
  endfacet
  facet normal 0 0 1
    outer loop
      vertex -45.15 47.13 4
      vertex -44.6863 46.364 4
      vertex -44.3023 46.4944 4
    endloop
  endfacet
  facet normal 0 0 1
    outer loop
      vertex -45.15 47.13 4
      vertex -45.05 46.1847 4
      vertex -44.6863 46.364 4
    endloop
  endfacet
  facet normal -0 0 1
    outer loop
      vertex -45.4084 47.1131 4
      vertex -45.05 46.1847 4
      vertex -45.15 47.13 4
    endloop
  endfacet
  facet normal -0 0 1
    outer loop
      vertex -45.6625 47.0625 4
      vertex -45.05 46.1847 4
      vertex -45.4084 47.1131 4
    endloop
  endfacet
  facet normal 0 -0 1
    outer loop
      vertex -45.3778 46 4
      vertex -45.05 46.1847 4
      vertex -45.6625 47.0625 4
    endloop
  endfacet
  facet normal 0 0 1
    outer loop
      vertex -45.05 46.1847 4
      vertex -45.3778 46 4
      vertex -45.3046 46.0146 4
    endloop
  endfacet
  facet normal 0 0 1
    outer loop
      vertex -45.3778 46 4
      vertex -45.6625 47.0625 4
      vertex -45.4868 45.963 4
    endloop
  endfacet
  facet normal -0 0 1
    outer loop
      vertex -45.9077 46.9793 4
      vertex -45.4868 45.963 4
      vertex -45.6625 47.0625 4
    endloop
  endfacet
  facet normal 0 0 1
    outer loop
      vertex -45.4868 45.963 4
      vertex -45.9077 46.9793 4
      vertex -45.59 45.9121 4
    endloop
  endfacet
  facet normal -0 0 1
    outer loop
      vertex -46.14 46.8647 4
      vertex -45.59 45.9121 4
      vertex -45.9077 46.9793 4
    endloop
  endfacet
  facet normal 0 0 1
    outer loop
      vertex -45.59 45.9121 4
      vertex -46.14 46.8647 4
      vertex -45.6857 45.8481 4
    endloop
  endfacet
  facet normal -0 0 1
    outer loop
      vertex -46.3553 46.7208 4
      vertex -45.6857 45.8481 4
      vertex -46.14 46.8647 4
    endloop
  endfacet
  facet normal 0 0 1
    outer loop
      vertex -45.6857 45.8481 4
      vertex -46.3553 46.7208 4
      vertex -45.7722 45.7722 4
    endloop
  endfacet
  facet normal -0 0 1
    outer loop
      vertex -46.5501 46.5501 4
      vertex -45.7722 45.7722 4
      vertex -46.3553 46.7208 4
    endloop
  endfacet
  facet normal 0 0 1
    outer loop
      vertex -45.7722 45.7722 4
      vertex -46.5501 46.5501 4
      vertex -45.8481 45.6857 4
    endloop
  endfacet
  facet normal -0 0 1
    outer loop
      vertex -46.7208 46.3553 4
      vertex -45.8481 45.6857 4
      vertex -46.5501 46.5501 4
    endloop
  endfacet
  facet normal 0 0 1
    outer loop
      vertex -45.8481 45.6857 4
      vertex -46.7208 46.3553 4
      vertex -45.9121 45.59 4
    endloop
  endfacet
  facet normal -0 0 1
    outer loop
      vertex -46.8647 46.14 4
      vertex -45.9121 45.59 4
      vertex -46.7208 46.3553 4
    endloop
  endfacet
  facet normal 0 0 1
    outer loop
      vertex -45.9121 45.59 4
      vertex -46.8647 46.14 4
      vertex -45.963 45.4868 4
    endloop
  endfacet
  facet normal -0 0 1
    outer loop
      vertex -46.9793 45.9077 4
      vertex -45.963 45.4868 4
      vertex -46.8647 46.14 4
    endloop
  endfacet
  facet normal 0 0 1
    outer loop
      vertex -45.963 45.4868 4
      vertex -46.9793 45.9077 4
      vertex -46 45.3778 4
    endloop
  endfacet
  facet normal -0 0 1
    outer loop
      vertex -47.0625 45.6625 4
      vertex -46 45.3778 4
      vertex -46.9793 45.9077 4
    endloop
  endfacet
  facet normal 0 -0 1
    outer loop
      vertex -46.1847 45.05 4
      vertex -46 45.3778 4
      vertex -47.0625 45.6625 4
    endloop
  endfacet
  facet normal 0 0 1
    outer loop
      vertex -46 45.3778 4
      vertex -46.1847 45.05 4
      vertex -46.0146 45.3046 4
    endloop
  endfacet
  facet normal -0 0 1
    outer loop
      vertex -47.1131 45.4084 4
      vertex -46.1847 45.05 4
      vertex -47.0625 45.6625 4
    endloop
  endfacet
  facet normal 0 0 1
    outer loop
      vertex 41.7185 -46.03 4
      vertex -9 -47.08 4
      vertex 9 -47.08 4
    endloop
  endfacet
  facet normal -0 0 1
    outer loop
      vertex -41.7185 -46.03 4
      vertex -9 -47.08 4
      vertex 41.7185 -46.03 4
    endloop
  endfacet
  facet normal 0 0 1
    outer loop
      vertex -41.7185 -46.03 4
      vertex -9 -47.13 4
      vertex -9 -47.08 4
    endloop
  endfacet
  facet normal -0 0 1
    outer loop
      vertex -41.95 -46.1847 4
      vertex -9 -47.13 4
      vertex -41.7185 -46.03 4
    endloop
  endfacet
  facet normal -0 0 1
    outer loop
      vertex -42.3137 -46.364 4
      vertex -9 -47.13 4
      vertex -41.95 -46.1847 4
    endloop
  endfacet
  facet normal -0 0 1
    outer loop
      vertex -42.6977 -46.4944 4
      vertex -9 -47.13 4
      vertex -42.3137 -46.364 4
    endloop
  endfacet
  facet normal 0 0 1
    outer loop
      vertex -45.15 -47.13 4
      vertex -42.6977 -46.4944 4
      vertex -43.0954 -46.5735 4
    endloop
  endfacet
  facet normal 0 0 1
    outer loop
      vertex -45.15 -47.13 4
      vertex -43.0954 -46.5735 4
      vertex -43.5 -46.6 4
    endloop
  endfacet
  facet normal 0 0 1
    outer loop
      vertex -42.6977 -46.4944 4
      vertex -45.15 -47.13 4
      vertex -9 -47.13 4
    endloop
  endfacet
  facet normal 0 0 1
    outer loop
      vertex -43.9046 -46.5735 4
      vertex -45.15 -47.13 4
      vertex -43.5 -46.6 4
    endloop
  endfacet
  facet normal 0 0 1
    outer loop
      vertex -44.3023 -46.4944 4
      vertex -45.15 -47.13 4
      vertex -43.9046 -46.5735 4
    endloop
  endfacet
  facet normal 0 0 1
    outer loop
      vertex -44.6863 -46.364 4
      vertex -45.15 -47.13 4
      vertex -44.3023 -46.4944 4
    endloop
  endfacet
  facet normal 0 0 1
    outer loop
      vertex -45.05 -46.1847 4
      vertex -45.15 -47.13 4
      vertex -44.6863 -46.364 4
    endloop
  endfacet
  facet normal 0 0 1
    outer loop
      vertex -45.3778 -46 4
      vertex -45.05 -46.1847 4
      vertex -45.3046 -46.0146 4
    endloop
  endfacet
  facet normal 0 0 1
    outer loop
      vertex -45.05 -46.1847 4
      vertex -45.3778 -46 4
      vertex -45.6625 -47.0625 4
    endloop
  endfacet
  facet normal 0 0 1
    outer loop
      vertex -45.05 -46.1847 4
      vertex -45.4084 -47.1131 4
      vertex -45.15 -47.13 4
    endloop
  endfacet
  facet normal 0 0 1
    outer loop
      vertex -45.6625 -47.0625 4
      vertex -45.3778 -46 4
      vertex -45.4868 -45.963 4
    endloop
  endfacet
  facet normal 0 0 1
    outer loop
      vertex -45.9077 -46.9793 4
      vertex -45.4868 -45.963 4
      vertex -45.59 -45.9121 4
    endloop
  endfacet
  facet normal 0 0 1
    outer loop
      vertex -45.05 -46.1847 4
      vertex -45.6625 -47.0625 4
      vertex -45.4084 -47.1131 4
    endloop
  endfacet
  facet normal 0 0 1
    outer loop
      vertex -46.14 -46.8647 4
      vertex -45.59 -45.9121 4
      vertex -45.6857 -45.8481 4
    endloop
  endfacet
  facet normal 0 0 1
    outer loop
      vertex -46.3553 -46.7208 4
      vertex -45.6857 -45.8481 4
      vertex -45.7722 -45.7722 4
    endloop
  endfacet
  facet normal 0 0 1
    outer loop
      vertex -46.5501 -46.5501 4
      vertex -45.7722 -45.7722 4
      vertex -45.8481 -45.6857 4
    endloop
  endfacet
  facet normal 0 0 1
    outer loop
      vertex -45.4868 -45.963 4
      vertex -45.9077 -46.9793 4
      vertex -45.6625 -47.0625 4
    endloop
  endfacet
  facet normal 0 0 1
    outer loop
      vertex -46.7208 -46.3553 4
      vertex -45.8481 -45.6857 4
      vertex -45.9121 -45.59 4
    endloop
  endfacet
  facet normal 0 0 1
    outer loop
      vertex -46.8647 -46.14 4
      vertex -45.9121 -45.59 4
      vertex -45.963 -45.4868 4
    endloop
  endfacet
  facet normal 0 0 1
    outer loop
      vertex -46.9793 -45.9077 4
      vertex -45.963 -45.4868 4
      vertex -46 -45.3778 4
    endloop
  endfacet
  facet normal 0 0 1
    outer loop
      vertex -46.1847 -45.05 4
      vertex -46 -45.3778 4
      vertex -46.0146 -45.3046 4
    endloop
  endfacet
  facet normal 0 0 1
    outer loop
      vertex -45.59 -45.9121 4
      vertex -46.14 -46.8647 4
      vertex -45.9077 -46.9793 4
    endloop
  endfacet
  facet normal 0 0 1
    outer loop
      vertex -46 -45.3778 4
      vertex -46.1847 -45.05 4
      vertex -47.0625 -45.6625 4
    endloop
  endfacet
  facet normal 0 0 1
    outer loop
      vertex -45.6857 -45.8481 4
      vertex -46.3553 -46.7208 4
      vertex -46.14 -46.8647 4
    endloop
  endfacet
  facet normal 0 0 1
    outer loop
      vertex -47.13 -45.15 4
      vertex -46.1847 -45.05 4
      vertex -46.364 -44.6863 4
    endloop
  endfacet
  facet normal 0 0 1
    outer loop
      vertex -47.13 -45.15 4
      vertex -46.364 -44.6863 4
      vertex -46.4944 -44.3023 4
    endloop
  endfacet
  facet normal 0 0 1
    outer loop
      vertex -45.7722 -45.7722 4
      vertex -46.5501 -46.5501 4
      vertex -46.3553 -46.7208 4
    endloop
  endfacet
  facet normal 0 0 1
    outer loop
      vertex -47.13 -45.15 4
      vertex -46.4944 -44.3023 4
      vertex -46.5735 -43.9046 4
    endloop
  endfacet
  facet normal 0 0 1
    outer loop
      vertex -47.13 -45.15 4
      vertex -46.5735 -43.9046 4
      vertex -46.6 -43.5 4
    endloop
  endfacet
  facet normal 0 0 1
    outer loop
      vertex -46.1847 -45.05 4
      vertex -47.13 -45.15 4
      vertex -47.1131 -45.4084 4
    endloop
  endfacet
  facet normal -0 0 1
    outer loop
      vertex 46.1847 41.95 4
      vertex 47.13 9 4
      vertex 46.364 42.3137 4
    endloop
  endfacet
  facet normal 0 0 1
    outer loop
      vertex 47.08 -9 4
      vertex 46.5735 -43.0954 4
      vertex 46.6 -43.5 4
    endloop
  endfacet
  facet normal -0 0 1
    outer loop
      vertex 46.03 41.7185 4
      vertex 47.13 9 4
      vertex 46.1847 41.95 4
    endloop
  endfacet
  facet normal 0 0 1
    outer loop
      vertex 47.08 -9 4
      vertex 46.4944 -42.6977 4
      vertex 46.5735 -43.0954 4
    endloop
  endfacet
  facet normal 0 0 1
    outer loop
      vertex 47.13 9 4
      vertex 46.03 41.7185 4
      vertex 47.08 9 4
    endloop
  endfacet
  facet normal 0 0 1
    outer loop
      vertex 47.08 -9 4
      vertex 46.364 -42.3137 4
      vertex 46.4944 -42.6977 4
    endloop
  endfacet
  facet normal 0 0 1
    outer loop
      vertex 47.08 9 4
      vertex 46.03 41.7185 4
      vertex 47.08 -9 4
    endloop
  endfacet
  facet normal 0 0 1
    outer loop
      vertex 47.08 -9 4
      vertex 46.1847 -41.95 4
      vertex 46.364 -42.3137 4
    endloop
  endfacet
  facet normal 0 0 1
    outer loop
      vertex 46.03 -41.7185 4
      vertex 47.08 -9 4
      vertex 46.03 41.7185 4
    endloop
  endfacet
  facet normal 0 0 1
    outer loop
      vertex 47.08 -9 4
      vertex 46.03 -41.7185 4
      vertex 46.1847 -41.95 4
    endloop
  endfacet
  facet normal -0 0 1
    outer loop
      vertex 46.5735 -43.9046 4
      vertex 47.13 -45.15 4
      vertex 46.6 -43.5 4
    endloop
  endfacet
  facet normal -0 0 1
    outer loop
      vertex 46.4944 -44.3023 4
      vertex 47.13 -45.15 4
      vertex 46.5735 -43.9046 4
    endloop
  endfacet
  facet normal -0 0 1
    outer loop
      vertex 46.364 -44.6863 4
      vertex 47.13 -45.15 4
      vertex 46.4944 -44.3023 4
    endloop
  endfacet
  facet normal -0 0 1
    outer loop
      vertex 46.1847 -45.05 4
      vertex 47.13 -45.15 4
      vertex 46.364 -44.6863 4
    endloop
  endfacet
  facet normal 0 0 1
    outer loop
      vertex 46 -45.3778 4
      vertex 47.13 -45.15 4
      vertex 46.1847 -45.05 4
    endloop
  endfacet
  facet normal 0 0 1
    outer loop
      vertex 47.13 -45.15 4
      vertex 46 -45.3778 4
      vertex 46.7208 -46.3553 4
    endloop
  endfacet
  facet normal -0 0 1
    outer loop
      vertex 45.963 -45.4868 4
      vertex 46.7208 -46.3553 4
      vertex 46 -45.3778 4
    endloop
  endfacet
  facet normal -0 0 1
    outer loop
      vertex 45.9121 -45.59 4
      vertex 46.7208 -46.3553 4
      vertex 45.963 -45.4868 4
    endloop
  endfacet
  facet normal 0 0 1
    outer loop
      vertex 46 -45.3778 4
      vertex 46.1847 -45.05 4
      vertex 46.0146 -45.3046 4
    endloop
  endfacet
  facet normal -0 0 1
    outer loop
      vertex 45.8481 -45.6857 4
      vertex 46.7208 -46.3553 4
      vertex 45.9121 -45.59 4
    endloop
  endfacet
  facet normal 0 0 1
    outer loop
      vertex 46.7208 -46.3553 4
      vertex 45.8481 -45.6857 4
      vertex 46.5501 -46.5501 4
    endloop
  endfacet
  facet normal -0 0 1
    outer loop
      vertex 45.7722 -45.7722 4
      vertex 46.5501 -46.5501 4
      vertex 45.8481 -45.6857 4
    endloop
  endfacet
  facet normal 0 0 1
    outer loop
      vertex 46.5501 -46.5501 4
      vertex 45.7722 -45.7722 4
      vertex 46.3553 -46.7208 4
    endloop
  endfacet
  facet normal -0 0 1
    outer loop
      vertex 45.6857 -45.8481 4
      vertex 46.3553 -46.7208 4
      vertex 45.7722 -45.7722 4
    endloop
  endfacet
  facet normal 0 0 1
    outer loop
      vertex 46.3553 -46.7208 4
      vertex 45.6857 -45.8481 4
      vertex 46.14 -46.8647 4
    endloop
  endfacet
  facet normal -0 0 1
    outer loop
      vertex 45.59 -45.9121 4
      vertex 46.14 -46.8647 4
      vertex 45.6857 -45.8481 4
    endloop
  endfacet
  facet normal 0 0 1
    outer loop
      vertex 46.14 -46.8647 4
      vertex 45.59 -45.9121 4
      vertex 45.9077 -46.9793 4
    endloop
  endfacet
  facet normal -0 0 1
    outer loop
      vertex 45.4868 -45.963 4
      vertex 45.9077 -46.9793 4
      vertex 45.59 -45.9121 4
    endloop
  endfacet
  facet normal 0 0 1
    outer loop
      vertex 45.9077 -46.9793 4
      vertex 45.4868 -45.963 4
      vertex 45.6625 -47.0625 4
    endloop
  endfacet
  facet normal -0 0 1
    outer loop
      vertex 45.3778 -46 4
      vertex 45.6625 -47.0625 4
      vertex 45.4868 -45.963 4
    endloop
  endfacet
  facet normal -0 0 1
    outer loop
      vertex 45.05 -46.1847 4
      vertex 45.6625 -47.0625 4
      vertex 45.3778 -46 4
    endloop
  endfacet
  facet normal 0 0 1
    outer loop
      vertex 45.05 -46.1847 4
      vertex 45.3778 -46 4
      vertex 45.3046 -46.0146 4
    endloop
  endfacet
  facet normal 0 0 1
    outer loop
      vertex 45.6625 -47.0625 4
      vertex 45.05 -46.1847 4
      vertex 45.4084 -47.1131 4
    endloop
  endfacet
  facet normal 0 0 1
    outer loop
      vertex 45.4084 -47.1131 4
      vertex 45.05 -46.1847 4
      vertex 45.15 -47.13 4
    endloop
  endfacet
  facet normal -0 0 1
    outer loop
      vertex 44.6863 -46.364 4
      vertex 45.15 -47.13 4
      vertex 45.05 -46.1847 4
    endloop
  endfacet
  facet normal -0 0 1
    outer loop
      vertex 44.3023 -46.4944 4
      vertex 45.15 -47.13 4
      vertex 44.6863 -46.364 4
    endloop
  endfacet
  facet normal -0 0 1
    outer loop
      vertex 43.9046 -46.5735 4
      vertex 45.15 -47.13 4
      vertex 44.3023 -46.4944 4
    endloop
  endfacet
  facet normal -0 0 1
    outer loop
      vertex 43.5 -46.6 4
      vertex 45.15 -47.13 4
      vertex 43.9046 -46.5735 4
    endloop
  endfacet
  facet normal 0 0 1
    outer loop
      vertex 43.0954 -46.5735 4
      vertex 45.15 -47.13 4
      vertex 43.5 -46.6 4
    endloop
  endfacet
  facet normal 0 0 1
    outer loop
      vertex 42.6977 -46.4944 4
      vertex 45.15 -47.13 4
      vertex 43.0954 -46.5735 4
    endloop
  endfacet
  facet normal 0 0 1
    outer loop
      vertex 9 -47.13 4
      vertex 41.7185 -46.03 4
      vertex 9 -47.08 4
    endloop
  endfacet
  facet normal 0 0 1
    outer loop
      vertex 41.7185 -46.03 4
      vertex 9 -47.13 4
      vertex 41.95 -46.1847 4
    endloop
  endfacet
  facet normal 0 0 1
    outer loop
      vertex 41.95 -46.1847 4
      vertex 9 -47.13 4
      vertex 42.3137 -46.364 4
    endloop
  endfacet
  facet normal 0 0 1
    outer loop
      vertex 42.3137 -46.364 4
      vertex 9 -47.13 4
      vertex 42.6977 -46.4944 4
    endloop
  endfacet
  facet normal 0 0 1
    outer loop
      vertex 42.6977 -46.4944 4
      vertex 9 -47.13 4
      vertex 45.15 -47.13 4
    endloop
  endfacet
  facet normal 0 0 1
    outer loop
      vertex 46.1847 45.05 4
      vertex 47.1131 45.4084 4
      vertex 47.0625 45.6625 4
    endloop
  endfacet
  facet normal 0 0 1
    outer loop
      vertex 46.5735 43.0954 4
      vertex 47.13 45.15 4
      vertex 46.6 43.5 4
    endloop
  endfacet
  facet normal 0 0 1
    outer loop
      vertex 46.4944 42.6977 4
      vertex 47.13 45.15 4
      vertex 46.5735 43.0954 4
    endloop
  endfacet
  facet normal 0 0 1
    outer loop
      vertex 47.1131 45.4084 4
      vertex 46.1847 45.05 4
      vertex 47.13 45.15 4
    endloop
  endfacet
  facet normal 0 0 1
    outer loop
      vertex 46.6 -43.5 4
      vertex 47.13 -9 4
      vertex 47.08 -9 4
    endloop
  endfacet
  facet normal 0 0 1
    outer loop
      vertex 47.13 -9 4
      vertex 46.6 -43.5 4
      vertex 47.13 -45.15 4
    endloop
  endfacet
  facet normal 0 0 1
    outer loop
      vertex 47.13 -45.15 4
      vertex 46.7208 -46.3553 4
      vertex 47.1131 -45.4084 4
    endloop
  endfacet
  facet normal 0 0 1
    outer loop
      vertex 47.13 45.15 4
      vertex 46.4944 42.6977 4
      vertex 47.13 9 4
    endloop
  endfacet
  facet normal 0 0 1
    outer loop
      vertex 46 45.3778 4
      vertex 47.0625 45.6625 4
      vertex 46.9793 45.9077 4
    endloop
  endfacet
  facet normal -0 0 1
    outer loop
      vertex 46.364 42.3137 4
      vertex 47.13 9 4
      vertex 46.4944 42.6977 4
    endloop
  endfacet
  facet normal 0 0 1
    outer loop
      vertex 45.963 45.4868 4
      vertex 46.9793 45.9077 4
      vertex 46.8647 46.14 4
    endloop
  endfacet
  facet normal 0 0 1
    outer loop
      vertex 47.1131 -45.4084 4
      vertex 46.7208 -46.3553 4
      vertex 47.0625 -45.6625 4
    endloop
  endfacet
  facet normal 0 0 1
    outer loop
      vertex 45.9121 45.59 4
      vertex 46.8647 46.14 4
      vertex 46.7208 46.3553 4
    endloop
  endfacet
  facet normal 0 0 1
    outer loop
      vertex 47.0625 -45.6625 4
      vertex 46.7208 -46.3553 4
      vertex 46.9793 -45.9077 4
    endloop
  endfacet
  facet normal 0 0 1
    outer loop
      vertex 46.9793 -45.9077 4
      vertex 46.7208 -46.3553 4
      vertex 46.8647 -46.14 4
    endloop
  endfacet
  facet normal 0 0 1
    outer loop
      vertex 47.13 45.15 4
      vertex 46.5735 43.9046 4
      vertex 46.6 43.5 4
    endloop
  endfacet
  facet normal 0 0 1
    outer loop
      vertex 45.8481 45.6857 4
      vertex 46.7208 46.3553 4
      vertex 46.5501 46.5501 4
    endloop
  endfacet
  facet normal 0 0 1
    outer loop
      vertex 47.13 45.15 4
      vertex 46.4944 44.3023 4
      vertex 46.5735 43.9046 4
    endloop
  endfacet
  facet normal 0 0 1
    outer loop
      vertex 47.13 45.15 4
      vertex 46.364 44.6863 4
      vertex 46.4944 44.3023 4
    endloop
  endfacet
  facet normal 0 0 1
    outer loop
      vertex 45.7722 45.7722 4
      vertex 46.5501 46.5501 4
      vertex 46.3553 46.7208 4
    endloop
  endfacet
  facet normal 0 0 1
    outer loop
      vertex 47.13 45.15 4
      vertex 46.1847 45.05 4
      vertex 46.364 44.6863 4
    endloop
  endfacet
  facet normal 0 0 1
    outer loop
      vertex 45.6857 45.8481 4
      vertex 46.3553 46.7208 4
      vertex 46.14 46.8647 4
    endloop
  endfacet
  facet normal 0 0 1
    outer loop
      vertex 46.9793 45.9077 4
      vertex 45.963 45.4868 4
      vertex 46 45.3778 4
    endloop
  endfacet
  facet normal 0 0 1
    outer loop
      vertex 46.1847 45.05 4
      vertex 46 45.3778 4
      vertex 46.0146 45.3046 4
    endloop
  endfacet
  facet normal 0 0 1
    outer loop
      vertex 47.0625 45.6625 4
      vertex 46 45.3778 4
      vertex 46.1847 45.05 4
    endloop
  endfacet
  facet normal 0 0 1
    outer loop
      vertex 46.8647 46.14 4
      vertex 45.9121 45.59 4
      vertex 45.963 45.4868 4
    endloop
  endfacet
  facet normal 0 0 1
    outer loop
      vertex 45.59 45.9121 4
      vertex 46.14 46.8647 4
      vertex 45.9077 46.9793 4
    endloop
  endfacet
  facet normal 0 0 1
    outer loop
      vertex 46.7208 46.3553 4
      vertex 45.8481 45.6857 4
      vertex 45.9121 45.59 4
    endloop
  endfacet
  facet normal 0 0 1
    outer loop
      vertex 46.5501 46.5501 4
      vertex 45.7722 45.7722 4
      vertex 45.8481 45.6857 4
    endloop
  endfacet
  facet normal 0 0 1
    outer loop
      vertex 46.3553 46.7208 4
      vertex 45.6857 45.8481 4
      vertex 45.7722 45.7722 4
    endloop
  endfacet
  facet normal 0 0 1
    outer loop
      vertex 45.4868 45.963 4
      vertex 45.9077 46.9793 4
      vertex 45.6625 47.0625 4
    endloop
  endfacet
  facet normal 0 0 1
    outer loop
      vertex 46.14 46.8647 4
      vertex 45.59 45.9121 4
      vertex 45.6857 45.8481 4
    endloop
  endfacet
  facet normal 0 0 1
    outer loop
      vertex 45.9077 46.9793 4
      vertex 45.4868 45.963 4
      vertex 45.59 45.9121 4
    endloop
  endfacet
  facet normal 0 0 1
    outer loop
      vertex 45.05 46.1847 4
      vertex 45.6625 47.0625 4
      vertex 45.4084 47.1131 4
    endloop
  endfacet
  facet normal 0 0 1
    outer loop
      vertex 45.6625 47.0625 4
      vertex 45.3778 46 4
      vertex 45.4868 45.963 4
    endloop
  endfacet
  facet normal 0 0 1
    outer loop
      vertex 45.6625 47.0625 4
      vertex 45.05 46.1847 4
      vertex 45.3778 46 4
    endloop
  endfacet
  facet normal 0 0 1
    outer loop
      vertex 45.05 46.1847 4
      vertex 45.4084 47.1131 4
      vertex 45.15 47.13 4
    endloop
  endfacet
  facet normal 0 0 1
    outer loop
      vertex 45.3778 46 4
      vertex 45.05 46.1847 4
      vertex 45.3046 46.0146 4
    endloop
  endfacet
  facet normal 0 0 1
    outer loop
      vertex 45.15 47.13 4
      vertex 44.6863 46.364 4
      vertex 45.05 46.1847 4
    endloop
  endfacet
  facet normal 0 0 1
    outer loop
      vertex 45.15 47.13 4
      vertex 44.3023 46.4944 4
      vertex 44.6863 46.364 4
    endloop
  endfacet
  facet normal 0 0 1
    outer loop
      vertex 45.15 47.13 4
      vertex 43.9046 46.5735 4
      vertex 44.3023 46.4944 4
    endloop
  endfacet
  facet normal 0 0 1
    outer loop
      vertex 45.15 47.13 4
      vertex 43.5 46.6 4
      vertex 43.9046 46.5735 4
    endloop
  endfacet
  facet normal 0 0 1
    outer loop
      vertex 45.15 47.13 4
      vertex 43.0954 46.5735 4
      vertex 43.5 46.6 4
    endloop
  endfacet
  facet normal 0 0 1
    outer loop
      vertex 45.15 47.13 4
      vertex 42.6977 46.4944 4
      vertex 43.0954 46.5735 4
    endloop
  endfacet
  facet normal -0 0 1
    outer loop
      vertex 9 47.13 4
      vertex 42.6977 46.4944 4
      vertex 45.15 47.13 4
    endloop
  endfacet
  facet normal 0 0 1
    outer loop
      vertex 9 47.13 4
      vertex 42.3137 46.364 4
      vertex 42.6977 46.4944 4
    endloop
  endfacet
  facet normal 0 0 1
    outer loop
      vertex 9 47.13 4
      vertex 41.95 46.1847 4
      vertex 42.3137 46.364 4
    endloop
  endfacet
  facet normal 0 0 1
    outer loop
      vertex 9 47.13 4
      vertex 41.7185 46.03 4
      vertex 41.95 46.1847 4
    endloop
  endfacet
  facet normal -0 0 1
    outer loop
      vertex 9 47.08 4
      vertex 41.7185 46.03 4
      vertex 9 47.13 4
    endloop
  endfacet
  facet normal -0 0 1
    outer loop
      vertex -9 47.08 4
      vertex 41.7185 46.03 4
      vertex 9 47.08 4
    endloop
  endfacet
  facet normal 0 0 1
    outer loop
      vertex 41.7185 46.03 4
      vertex -9 47.08 4
      vertex -41.7185 46.03 4
    endloop
  endfacet
  facet normal 0 0 1
    outer loop
      vertex -47.13 35.17 4
      vertex -46.03 41.7185 4
      vertex -46.1847 41.95 4
    endloop
  endfacet
  facet normal 0 0 1
    outer loop
      vertex -47.13 35.17 4
      vertex -46.1847 41.95 4
      vertex -46.364 42.3137 4
    endloop
  endfacet
  facet normal 0 0 1
    outer loop
      vertex -47.13 35.17 4
      vertex -46.364 42.3137 4
      vertex -46.4944 42.6977 4
    endloop
  endfacet
  facet normal 0 0 1
    outer loop
      vertex -47.13 35.17 4
      vertex -46.4944 42.6977 4
      vertex -46.5735 43.0954 4
    endloop
  endfacet
  facet normal -0 0 1
    outer loop
      vertex -47.13 45.15 4
      vertex -46.1847 45.05 4
      vertex -47.1131 45.4084 4
    endloop
  endfacet
  facet normal 0 0 1
    outer loop
      vertex -46.5735 43.9046 4
      vertex -47.13 45.15 4
      vertex -46.6 43.5 4
    endloop
  endfacet
  facet normal 0 0 1
    outer loop
      vertex -46.6 43.5 4
      vertex -47.13 45.15 4
      vertex -46.5735 43.0954 4
    endloop
  endfacet
  facet normal 0 0 1
    outer loop
      vertex -46.1847 45.05 4
      vertex -47.13 45.15 4
      vertex -46.364 44.6863 4
    endloop
  endfacet
  facet normal 0 0 1
    outer loop
      vertex -46.364 44.6863 4
      vertex -47.13 45.15 4
      vertex -46.4944 44.3023 4
    endloop
  endfacet
  facet normal 0 0 1
    outer loop
      vertex -46.4944 44.3023 4
      vertex -47.13 45.15 4
      vertex -46.5735 43.9046 4
    endloop
  endfacet
  facet normal 0 0 1
    outer loop
      vertex -47.13 35.17 4
      vertex -46.5735 43.0954 4
      vertex -47.13 45.15 4
    endloop
  endfacet
  facet normal 0 0 1
    outer loop
      vertex -46.03 41.7185 4
      vertex -47.13 35.17 4
      vertex -46.03 35.17 4
    endloop
  endfacet
  facet normal -0 0 1
    outer loop
      vertex -47.08 -9 4
      vertex -46.03 -41.7185 4
      vertex -46.03 9.78 4
    endloop
  endfacet
  facet normal -0 0 1
    outer loop
      vertex -47.13 -9 4
      vertex -46.03 -41.7185 4
      vertex -47.08 -9 4
    endloop
  endfacet
  facet normal 0 0 1
    outer loop
      vertex -46.03 -41.7185 4
      vertex -47.13 -9 4
      vertex -46.1847 -41.95 4
    endloop
  endfacet
  facet normal 0 0 1
    outer loop
      vertex -46.1847 -41.95 4
      vertex -47.13 -9 4
      vertex -46.364 -42.3137 4
    endloop
  endfacet
  facet normal 0 0 1
    outer loop
      vertex -46.364 -42.3137 4
      vertex -47.13 -9 4
      vertex -46.4944 -42.6977 4
    endloop
  endfacet
  facet normal 0 0 1
    outer loop
      vertex -47.13 -45.15 4
      vertex -46.4944 -42.6977 4
      vertex -47.13 -9 4
    endloop
  endfacet
  facet normal 0 0 1
    outer loop
      vertex -46.4944 -42.6977 4
      vertex -47.13 -45.15 4
      vertex -46.5735 -43.0954 4
    endloop
  endfacet
  facet normal 0 0 1
    outer loop
      vertex -45.8481 -45.6857 4
      vertex -46.7208 -46.3553 4
      vertex -46.5501 -46.5501 4
    endloop
  endfacet
  facet normal 0 0 1
    outer loop
      vertex -45.9121 -45.59 4
      vertex -46.8647 -46.14 4
      vertex -46.7208 -46.3553 4
    endloop
  endfacet
  facet normal 0 0 1
    outer loop
      vertex -47.08 -9 4
      vertex -46.03 9.78 4
      vertex -47.08 9 4
    endloop
  endfacet
  facet normal -0 0 1
    outer loop
      vertex -47.13 9.78 4
      vertex -47.08 9 4
      vertex -46.03 9.78 4
    endloop
  endfacet
  facet normal 0 0 1
    outer loop
      vertex -47.08 9 4
      vertex -47.13 9.78 4
      vertex -47.13 9 4
    endloop
  endfacet
  facet normal 0 0 1
    outer loop
      vertex -45.963 -45.4868 4
      vertex -46.9793 -45.9077 4
      vertex -46.8647 -46.14 4
    endloop
  endfacet
  facet normal 0 0 1
    outer loop
      vertex -46 -45.3778 4
      vertex -47.0625 -45.6625 4
      vertex -46.9793 -45.9077 4
    endloop
  endfacet
  facet normal 0 0 1
    outer loop
      vertex -46.5735 -43.0954 4
      vertex -47.13 -45.15 4
      vertex -46.6 -43.5 4
    endloop
  endfacet
  facet normal 0 0 1
    outer loop
      vertex -46.1847 -45.05 4
      vertex -47.1131 -45.4084 4
      vertex -47.0625 -45.6625 4
    endloop
  endfacet
  facet normal -0 0 1
    outer loop
      vertex -47.13 24.17 4
      vertex -46.03 20.78 4
      vertex -46.03 24.17 4
    endloop
  endfacet
  facet normal 0 0 1
    outer loop
      vertex -46.03 20.78 4
      vertex -47.13 24.17 4
      vertex -47.13 20.78 4
    endloop
  endfacet
  facet normal -0.659051 -0.752098 0
    outer loop
      vertex -46.5501 -46.5501 0
      vertex -46.3553 -46.7208 4
      vertex -46.5501 -46.5501 4
    endloop
  endfacet
  facet normal -0.659051 -0.752098 -0
    outer loop
      vertex -46.3553 -46.7208 4
      vertex -46.5501 -46.5501 0
      vertex -46.3553 -46.7208 0
    endloop
  endfacet
  facet normal -0.44242 -0.896808 0
    outer loop
      vertex -46.14 -46.8647 0
      vertex -45.9077 -46.9793 4
      vertex -46.14 -46.8647 4
    endloop
  endfacet
  facet normal -0.44242 -0.896808 -0
    outer loop
      vertex -45.9077 -46.9793 4
      vertex -46.14 -46.8647 0
      vertex -45.9077 -46.9793 0
    endloop
  endfacet
  facet normal -0.321321 -0.94697 0
    outer loop
      vertex -45.9077 -46.9793 0
      vertex -45.6625 -47.0625 4
      vertex -45.9077 -46.9793 4
    endloop
  endfacet
  facet normal -0.321321 -0.94697 -0
    outer loop
      vertex -45.6625 -47.0625 4
      vertex -45.9077 -46.9793 0
      vertex -45.6625 -47.0625 0
    endloop
  endfacet
  facet normal -0.1953 0.980744 0
    outer loop
      vertex -45.4084 47.1131 0
      vertex -45.6625 47.0625 4
      vertex -45.4084 47.1131 4
    endloop
  endfacet
  facet normal -0.1953 0.980744 0
    outer loop
      vertex -45.6625 47.0625 4
      vertex -45.4084 47.1131 0
      vertex -45.6625 47.0625 0
    endloop
  endfacet
  facet normal 0.44242 0.896808 -0
    outer loop
      vertex 46.14 46.8647 0
      vertex 45.9077 46.9793 4
      vertex 46.14 46.8647 4
    endloop
  endfacet
  facet normal 0.44242 0.896808 0
    outer loop
      vertex 45.9077 46.9793 4
      vertex 46.14 46.8647 0
      vertex 45.9077 46.9793 0
    endloop
  endfacet
  facet normal 0.321321 0.94697 -0
    outer loop
      vertex 45.9077 46.9793 0
      vertex 45.6625 47.0625 4
      vertex 45.9077 46.9793 4
    endloop
  endfacet
  facet normal 0.321321 0.94697 0
    outer loop
      vertex 45.6625 47.0625 4
      vertex 45.9077 46.9793 0
      vertex 45.6625 47.0625 0
    endloop
  endfacet
  facet normal 0 1 0
    outer loop
      vertex 45.15 47.13 4
      vertex 9 47.13 2.15
      vertex 9 47.13 4
    endloop
  endfacet
  facet normal 0 1 0
    outer loop
      vertex 9 47.13 2.15
      vertex 45.15 47.13 0
      vertex -9 47.13 2.15
    endloop
  endfacet
  facet normal 0 1 -0
    outer loop
      vertex 45.15 47.13 0
      vertex 9 47.13 2.15
      vertex 45.15 47.13 4
    endloop
  endfacet
  facet normal 0 1 -0
    outer loop
      vertex -9 47.13 2.15
      vertex -45.15 47.13 4
      vertex -9 47.13 4
    endloop
  endfacet
  facet normal 0 1 0
    outer loop
      vertex -9 47.13 2.15
      vertex -45.15 47.13 0
      vertex -45.15 47.13 4
    endloop
  endfacet
  facet normal 0 1 0
    outer loop
      vertex -45.15 47.13 0
      vertex -9 47.13 2.15
      vertex 45.15 47.13 0
    endloop
  endfacet
  facet normal -0.55568 0.831396 0
    outer loop
      vertex -46.14 46.8647 0
      vertex -46.3553 46.7208 4
      vertex -46.14 46.8647 4
    endloop
  endfacet
  facet normal -0.55568 0.831396 0
    outer loop
      vertex -46.3553 46.7208 4
      vertex -46.14 46.8647 0
      vertex -46.3553 46.7208 0
    endloop
  endfacet
  facet normal -0.321321 0.94697 0
    outer loop
      vertex -45.6625 47.0625 0
      vertex -45.9077 46.9793 4
      vertex -45.6625 47.0625 4
    endloop
  endfacet
  facet normal -0.321321 0.94697 0
    outer loop
      vertex -45.9077 46.9793 4
      vertex -45.6625 47.0625 0
      vertex -45.9077 46.9793 0
    endloop
  endfacet
  facet normal -0.997868 0.065263 0
    outer loop
      vertex -47.13 45.15 0
      vertex -47.1131 45.4084 4
      vertex -47.1131 45.4084 0
    endloop
  endfacet
  facet normal -0.997868 0.065263 0
    outer loop
      vertex -47.1131 45.4084 4
      vertex -47.13 45.15 0
      vertex -47.13 45.15 4
    endloop
  endfacet
  facet normal -0.752098 0.659051 0
    outer loop
      vertex -46.7208 46.3553 0
      vertex -46.5501 46.5501 4
      vertex -46.5501 46.5501 0
    endloop
  endfacet
  facet normal -0.752098 0.659051 0
    outer loop
      vertex -46.5501 46.5501 4
      vertex -46.7208 46.3553 0
      vertex -46.7208 46.3553 4
    endloop
  endfacet
  facet normal -0.55568 -0.831396 0
    outer loop
      vertex -46.3553 -46.7208 0
      vertex -46.14 -46.8647 4
      vertex -46.3553 -46.7208 4
    endloop
  endfacet
  facet normal -0.55568 -0.831396 -0
    outer loop
      vertex -46.14 -46.8647 4
      vertex -46.3553 -46.7208 0
      vertex -46.14 -46.8647 0
    endloop
  endfacet
  facet normal -0.065263 -0.997868 0
    outer loop
      vertex -45.4084 -47.1131 0
      vertex -45.15 -47.13 4
      vertex -45.4084 -47.1131 4
    endloop
  endfacet
  facet normal -0.065263 -0.997868 -0
    outer loop
      vertex -45.15 -47.13 4
      vertex -45.4084 -47.1131 0
      vertex -45.15 -47.13 0
    endloop
  endfacet
  facet normal -0.1953 -0.980744 0
    outer loop
      vertex -45.6625 -47.0625 0
      vertex -45.4084 -47.1131 4
      vertex -45.6625 -47.0625 4
    endloop
  endfacet
  facet normal -0.1953 -0.980744 -0
    outer loop
      vertex -45.4084 -47.1131 4
      vertex -45.6625 -47.0625 0
      vertex -45.4084 -47.1131 0
    endloop
  endfacet
  facet normal 0.55568 0.831396 -0
    outer loop
      vertex 46.3553 46.7208 0
      vertex 46.14 46.8647 4
      vertex 46.3553 46.7208 4
    endloop
  endfacet
  facet normal 0.55568 0.831396 0
    outer loop
      vertex 46.14 46.8647 4
      vertex 46.3553 46.7208 0
      vertex 46.14 46.8647 0
    endloop
  endfacet
  facet normal 0.065263 0.997868 -0
    outer loop
      vertex 45.4084 47.1131 0
      vertex 45.15 47.13 4
      vertex 45.4084 47.1131 4
    endloop
  endfacet
  facet normal 0.065263 0.997868 0
    outer loop
      vertex 45.15 47.13 4
      vertex 45.4084 47.1131 0
      vertex 45.15 47.13 0
    endloop
  endfacet
  facet normal 0.1953 0.980744 -0
    outer loop
      vertex 45.6625 47.0625 0
      vertex 45.4084 47.1131 4
      vertex 45.6625 47.0625 4
    endloop
  endfacet
  facet normal 0.1953 0.980744 0
    outer loop
      vertex 45.4084 47.1131 4
      vertex 45.6625 47.0625 0
      vertex 45.4084 47.1131 0
    endloop
  endfacet
  facet normal 0.831396 -0.55568 0
    outer loop
      vertex 46.7208 -46.3553 4
      vertex 46.8647 -46.14 0
      vertex 46.8647 -46.14 4
    endloop
  endfacet
  facet normal 0.831396 -0.55568 0
    outer loop
      vertex 46.8647 -46.14 0
      vertex 46.7208 -46.3553 4
      vertex 46.7208 -46.3553 0
    endloop
  endfacet
  facet normal 0.980744 -0.1953 0
    outer loop
      vertex 47.0625 -45.6625 4
      vertex 47.1131 -45.4084 0
      vertex 47.1131 -45.4084 4
    endloop
  endfacet
  facet normal 0.980744 -0.1953 0
    outer loop
      vertex 47.1131 -45.4084 0
      vertex 47.0625 -45.6625 4
      vertex 47.0625 -45.6625 0
    endloop
  endfacet
  facet normal 0.659051 -0.752098 0
    outer loop
      vertex 46.3553 -46.7208 0
      vertex 46.5501 -46.5501 4
      vertex 46.3553 -46.7208 4
    endloop
  endfacet
  facet normal 0.659051 -0.752098 0
    outer loop
      vertex 46.5501 -46.5501 4
      vertex 46.3553 -46.7208 0
      vertex 46.5501 -46.5501 0
    endloop
  endfacet
  facet normal 0.44242 -0.896808 0
    outer loop
      vertex 45.9077 -46.9793 0
      vertex 46.14 -46.8647 4
      vertex 45.9077 -46.9793 4
    endloop
  endfacet
  facet normal 0.44242 -0.896808 0
    outer loop
      vertex 46.14 -46.8647 4
      vertex 45.9077 -46.9793 0
      vertex 46.14 -46.8647 0
    endloop
  endfacet
  facet normal 0.94697 0.321321 0
    outer loop
      vertex 47.0625 45.6625 4
      vertex 46.9793 45.9077 0
      vertex 46.9793 45.9077 4
    endloop
  endfacet
  facet normal 0.94697 0.321321 0
    outer loop
      vertex 46.9793 45.9077 0
      vertex 47.0625 45.6625 4
      vertex 47.0625 45.6625 0
    endloop
  endfacet
  facet normal 0.980744 0.1953 0
    outer loop
      vertex 47.1131 45.4084 4
      vertex 47.0625 45.6625 0
      vertex 47.0625 45.6625 4
    endloop
  endfacet
  facet normal 0.980744 0.1953 0
    outer loop
      vertex 47.0625 45.6625 0
      vertex 47.1131 45.4084 4
      vertex 47.1131 45.4084 0
    endloop
  endfacet
  facet normal 0.752098 0.659051 0
    outer loop
      vertex 46.7208 46.3553 4
      vertex 46.5501 46.5501 0
      vertex 46.5501 46.5501 4
    endloop
  endfacet
  facet normal 0.752098 0.659051 0
    outer loop
      vertex 46.5501 46.5501 0
      vertex 46.7208 46.3553 4
      vertex 46.7208 46.3553 0
    endloop
  endfacet
  facet normal -0.831396 0.55568 0
    outer loop
      vertex -46.8647 46.14 0
      vertex -46.7208 46.3553 4
      vertex -46.7208 46.3553 0
    endloop
  endfacet
  facet normal -0.831396 0.55568 0
    outer loop
      vertex -46.7208 46.3553 4
      vertex -46.8647 46.14 0
      vertex -46.8647 46.14 4
    endloop
  endfacet
  facet normal -0.896808 0.44242 0
    outer loop
      vertex -46.9793 45.9077 0
      vertex -46.8647 46.14 4
      vertex -46.8647 46.14 0
    endloop
  endfacet
  facet normal -0.896808 0.44242 0
    outer loop
      vertex -46.8647 46.14 4
      vertex -46.9793 45.9077 0
      vertex -46.9793 45.9077 4
    endloop
  endfacet
  facet normal -0.980744 0.1953 0
    outer loop
      vertex -47.1131 45.4084 0
      vertex -47.0625 45.6625 4
      vertex -47.0625 45.6625 0
    endloop
  endfacet
  facet normal -0.980744 0.1953 0
    outer loop
      vertex -47.0625 45.6625 4
      vertex -47.1131 45.4084 0
      vertex -47.1131 45.4084 4
    endloop
  endfacet
  facet normal -0.44242 0.896808 0
    outer loop
      vertex -45.9077 46.9793 0
      vertex -46.14 46.8647 4
      vertex -45.9077 46.9793 4
    endloop
  endfacet
  facet normal -0.44242 0.896808 0
    outer loop
      vertex -46.14 46.8647 4
      vertex -45.9077 46.9793 0
      vertex -46.14 46.8647 0
    endloop
  endfacet
  facet normal -0.659051 0.752098 0
    outer loop
      vertex -46.3553 46.7208 0
      vertex -46.5501 46.5501 4
      vertex -46.3553 46.7208 4
    endloop
  endfacet
  facet normal -0.659051 0.752098 0
    outer loop
      vertex -46.5501 46.5501 4
      vertex -46.3553 46.7208 0
      vertex -46.5501 46.5501 0
    endloop
  endfacet
  facet normal -0.997868 -0.065263 0
    outer loop
      vertex -47.1131 -45.4084 0
      vertex -47.13 -45.15 4
      vertex -47.13 -45.15 0
    endloop
  endfacet
  facet normal -0.997868 -0.065263 0
    outer loop
      vertex -47.13 -45.15 4
      vertex -47.1131 -45.4084 0
      vertex -47.1131 -45.4084 4
    endloop
  endfacet
  facet normal -0.896808 -0.44242 0
    outer loop
      vertex -46.8647 -46.14 0
      vertex -46.9793 -45.9077 4
      vertex -46.9793 -45.9077 0
    endloop
  endfacet
  facet normal -0.896808 -0.44242 0
    outer loop
      vertex -46.9793 -45.9077 4
      vertex -46.8647 -46.14 0
      vertex -46.8647 -46.14 4
    endloop
  endfacet
  facet normal -0.752098 -0.659051 0
    outer loop
      vertex -46.5501 -46.5501 0
      vertex -46.7208 -46.3553 4
      vertex -46.7208 -46.3553 0
    endloop
  endfacet
  facet normal -0.752098 -0.659051 0
    outer loop
      vertex -46.7208 -46.3553 4
      vertex -46.5501 -46.5501 0
      vertex -46.5501 -46.5501 4
    endloop
  endfacet
  facet normal -0.94697 -0.321321 0
    outer loop
      vertex -46.9793 -45.9077 0
      vertex -47.0625 -45.6625 4
      vertex -47.0625 -45.6625 0
    endloop
  endfacet
  facet normal -0.94697 -0.321321 0
    outer loop
      vertex -47.0625 -45.6625 4
      vertex -46.9793 -45.9077 0
      vertex -46.9793 -45.9077 4
    endloop
  endfacet
  facet normal 0.896808 -0.44242 0
    outer loop
      vertex 46.8647 -46.14 4
      vertex 46.9793 -45.9077 0
      vertex 46.9793 -45.9077 4
    endloop
  endfacet
  facet normal 0.896808 -0.44242 0
    outer loop
      vertex 46.9793 -45.9077 0
      vertex 46.8647 -46.14 4
      vertex 46.8647 -46.14 0
    endloop
  endfacet
  facet normal 0.997868 -0.065263 0
    outer loop
      vertex 47.1131 -45.4084 4
      vertex 47.13 -45.15 0
      vertex 47.13 -45.15 4
    endloop
  endfacet
  facet normal 0.997868 -0.065263 0
    outer loop
      vertex 47.13 -45.15 0
      vertex 47.1131 -45.4084 4
      vertex 47.1131 -45.4084 0
    endloop
  endfacet
  facet normal 0.752098 -0.659051 0
    outer loop
      vertex 46.5501 -46.5501 4
      vertex 46.7208 -46.3553 0
      vertex 46.7208 -46.3553 4
    endloop
  endfacet
  facet normal 0.752098 -0.659051 0
    outer loop
      vertex 46.7208 -46.3553 0
      vertex 46.5501 -46.5501 4
      vertex 46.5501 -46.5501 0
    endloop
  endfacet
  facet normal 0.55568 -0.831396 0
    outer loop
      vertex 46.14 -46.8647 0
      vertex 46.3553 -46.7208 4
      vertex 46.14 -46.8647 4
    endloop
  endfacet
  facet normal 0.55568 -0.831396 0
    outer loop
      vertex 46.3553 -46.7208 4
      vertex 46.14 -46.8647 0
      vertex 46.3553 -46.7208 0
    endloop
  endfacet
  facet normal 0.896808 0.44242 0
    outer loop
      vertex 46.9793 45.9077 4
      vertex 46.8647 46.14 0
      vertex 46.8647 46.14 4
    endloop
  endfacet
  facet normal 0.896808 0.44242 0
    outer loop
      vertex 46.8647 46.14 0
      vertex 46.9793 45.9077 4
      vertex 46.9793 45.9077 0
    endloop
  endfacet
  facet normal 0.831396 0.55568 0
    outer loop
      vertex 46.8647 46.14 4
      vertex 46.7208 46.3553 0
      vertex 46.7208 46.3553 4
    endloop
  endfacet
  facet normal 0.831396 0.55568 0
    outer loop
      vertex 46.7208 46.3553 0
      vertex 46.8647 46.14 4
      vertex 46.8647 46.14 0
    endloop
  endfacet
  facet normal -0.94697 0.321321 0
    outer loop
      vertex -47.0625 45.6625 0
      vertex -46.9793 45.9077 4
      vertex -46.9793 45.9077 0
    endloop
  endfacet
  facet normal -0.94697 0.321321 0
    outer loop
      vertex -46.9793 45.9077 4
      vertex -47.0625 45.6625 0
      vertex -47.0625 45.6625 4
    endloop
  endfacet
  facet normal -0.831396 -0.55568 0
    outer loop
      vertex -46.7208 -46.3553 0
      vertex -46.8647 -46.14 4
      vertex -46.8647 -46.14 0
    endloop
  endfacet
  facet normal -0.831396 -0.55568 0
    outer loop
      vertex -46.8647 -46.14 4
      vertex -46.7208 -46.3553 0
      vertex -46.7208 -46.3553 4
    endloop
  endfacet
  facet normal -0.980744 -0.1953 0
    outer loop
      vertex -47.0625 -45.6625 0
      vertex -47.1131 -45.4084 4
      vertex -47.1131 -45.4084 0
    endloop
  endfacet
  facet normal -0.980744 -0.1953 0
    outer loop
      vertex -47.1131 -45.4084 4
      vertex -47.0625 -45.6625 0
      vertex -47.0625 -45.6625 4
    endloop
  endfacet
  facet normal 0.94697 -0.321321 0
    outer loop
      vertex 46.9793 -45.9077 4
      vertex 47.0625 -45.6625 0
      vertex 47.0625 -45.6625 4
    endloop
  endfacet
  facet normal 0.94697 -0.321321 0
    outer loop
      vertex 47.0625 -45.6625 0
      vertex 46.9793 -45.9077 4
      vertex 46.9793 -45.9077 0
    endloop
  endfacet
  facet normal 0.997868 0.065263 0
    outer loop
      vertex 47.13 45.15 4
      vertex 47.1131 45.4084 0
      vertex 47.1131 45.4084 4
    endloop
  endfacet
  facet normal 0.997868 0.065263 0
    outer loop
      vertex 47.1131 45.4084 0
      vertex 47.13 45.15 4
      vertex 47.13 45.15 0
    endloop
  endfacet
  facet normal -0.321435 0.946931 0
    outer loop
      vertex 45.4868 -45.963 2.2
      vertex 45.3778 -46 4
      vertex 45.4868 -45.963 4
    endloop
  endfacet
  facet normal -0.321435 0.946931 0
    outer loop
      vertex 45.3778 -46 4
      vertex 45.4868 -45.963 2.2
      vertex 45.3778 -46 2.2
    endloop
  endfacet
  facet normal 0.195601 -0.980684 0
    outer loop
      vertex -45.3778 46 2.2
      vertex -45.3046 46.0146 4
      vertex -45.3778 46 4
    endloop
  endfacet
  facet normal 0.195601 -0.980684 0
    outer loop
      vertex -45.3046 46.0146 4
      vertex -45.3778 46 2.2
      vertex -45.3046 46.0146 2.2
    endloop
  endfacet
  facet normal -0.195601 0.980684 0
    outer loop
      vertex 45.3778 -46 2.2
      vertex 45.3046 -46.0146 4
      vertex 45.3778 -46 4
    endloop
  endfacet
  facet normal -0.195601 0.980684 0
    outer loop
      vertex 45.3046 -46.0146 4
      vertex 45.3778 -46 2.2
      vertex 45.3046 -46.0146 2.2
    endloop
  endfacet
  facet normal -0.751661 -0.65955 0
    outer loop
      vertex 45.8481 45.6857 2.2
      vertex 45.7722 45.7722 4
      vertex 45.7722 45.7722 2.2
    endloop
  endfacet
  facet normal -0.751661 -0.65955 0
    outer loop
      vertex 45.7722 45.7722 4
      vertex 45.8481 45.6857 2.2
      vertex 45.8481 45.6857 4
    endloop
  endfacet
  facet normal 0.751661 0.65955 0
    outer loop
      vertex -45.7722 -45.7722 4
      vertex -45.8481 -45.6857 2.2
      vertex -45.8481 -45.6857 4
    endloop
  endfacet
  facet normal 0.751661 0.65955 0
    outer loop
      vertex -45.8481 -45.6857 2.2
      vertex -45.7722 -45.7722 4
      vertex -45.7722 -45.7722 2.2
    endloop
  endfacet
  facet normal 1 -0 0
    outer loop
      vertex -46.03 -41.7185 4
      vertex -46.03 9.78 2.2
      vertex -46.03 9.78 4
    endloop
  endfacet
  facet normal 1 0 0
    outer loop
      vertex -46.03 9.78 2.2
      vertex -46.03 -41.7185 4
      vertex -46.03 -41.7185 2.2
    endloop
  endfacet
  facet normal 1 -0 0
    outer loop
      vertex -46.03 35.17 4
      vertex -46.03 41.7185 2.2
      vertex -46.03 41.7185 4
    endloop
  endfacet
  facet normal 1 0 0
    outer loop
      vertex -46.03 41.7185 2.2
      vertex -46.03 35.17 4
      vertex -46.03 35.17 2.2
    endloop
  endfacet
  facet normal 1 -0 0
    outer loop
      vertex -46.03 20.78 4
      vertex -46.03 24.17 2.2
      vertex -46.03 24.17 4
    endloop
  endfacet
  facet normal 1 0 0
    outer loop
      vertex -46.03 24.17 2.2
      vertex -46.03 20.78 4
      vertex -46.03 20.78 2.2
    endloop
  endfacet
  facet normal 0 1 -0
    outer loop
      vertex 41.7185 -46.03 2.2
      vertex -41.7185 -46.03 4
      vertex 41.7185 -46.03 4
    endloop
  endfacet
  facet normal 0 1 0
    outer loop
      vertex -41.7185 -46.03 4
      vertex 41.7185 -46.03 2.2
      vertex -41.7185 -46.03 2.2
    endloop
  endfacet
  facet normal 0 -1 0
    outer loop
      vertex -41.7185 46.03 2.2
      vertex 41.7185 46.03 4
      vertex -41.7185 46.03 4
    endloop
  endfacet
  facet normal 0 -1 -0
    outer loop
      vertex 41.7185 46.03 4
      vertex -41.7185 46.03 2.2
      vertex 41.7185 46.03 2.2
    endloop
  endfacet
  facet normal -1 0 0
    outer loop
      vertex 46.03 -41.7185 2.2
      vertex 46.03 41.7185 4
      vertex 46.03 41.7185 2.2
    endloop
  endfacet
  facet normal -1 -0 0
    outer loop
      vertex 46.03 41.7185 4
      vertex 46.03 -41.7185 2.2
      vertex 46.03 -41.7185 4
    endloop
  endfacet
  facet normal 0.751661 -0.65955 0
    outer loop
      vertex -45.8481 45.6857 4
      vertex -45.7722 45.7722 2.2
      vertex -45.7722 45.7722 4
    endloop
  endfacet
  facet normal 0.751661 -0.65955 0
    outer loop
      vertex -45.7722 45.7722 2.2
      vertex -45.8481 45.6857 4
      vertex -45.8481 45.6857 2.2
    endloop
  endfacet
  facet normal 0.321435 0.946931 -0
    outer loop
      vertex -45.3778 -46 2.2
      vertex -45.4868 -45.963 4
      vertex -45.3778 -46 4
    endloop
  endfacet
  facet normal 0.321435 0.946931 0
    outer loop
      vertex -45.4868 -45.963 4
      vertex -45.3778 -46 2.2
      vertex -45.4868 -45.963 2.2
    endloop
  endfacet
  facet normal -0.44234 -0.896847 0
    outer loop
      vertex 45.4868 45.963 2.2
      vertex 45.59 45.9121 4
      vertex 45.4868 45.963 4
    endloop
  endfacet
  facet normal -0.44234 -0.896847 -0
    outer loop
      vertex 45.59 45.9121 4
      vertex 45.4868 45.963 2.2
      vertex 45.59 45.9121 2.2
    endloop
  endfacet
  facet normal -0.321435 -0.946931 0
    outer loop
      vertex 45.3778 46 2.2
      vertex 45.4868 45.963 4
      vertex 45.3778 46 4
    endloop
  endfacet
  facet normal -0.321435 -0.946931 -0
    outer loop
      vertex 45.4868 45.963 4
      vertex 45.3778 46 2.2
      vertex 45.4868 45.963 2.2
    endloop
  endfacet
  facet normal 0.555902 -0.831248 0
    outer loop
      vertex -45.6857 45.8481 2.2
      vertex -45.59 45.9121 4
      vertex -45.6857 45.8481 4
    endloop
  endfacet
  facet normal 0.555902 -0.831248 0
    outer loop
      vertex -45.59 45.9121 4
      vertex -45.6857 45.8481 2.2
      vertex -45.59 45.9121 2.2
    endloop
  endfacet
  facet normal 0.321435 -0.946931 0
    outer loop
      vertex -45.4868 45.963 2.2
      vertex -45.3778 46 4
      vertex -45.4868 45.963 4
    endloop
  endfacet
  facet normal 0.321435 -0.946931 0
    outer loop
      vertex -45.3778 46 4
      vertex -45.4868 45.963 2.2
      vertex -45.3778 46 2.2
    endloop
  endfacet
  facet normal 0.65955 -0.751661 0
    outer loop
      vertex -45.7722 45.7722 2.2
      vertex -45.6857 45.8481 4
      vertex -45.7722 45.7722 4
    endloop
  endfacet
  facet normal 0.65955 -0.751661 0
    outer loop
      vertex -45.6857 45.8481 4
      vertex -45.7722 45.7722 2.2
      vertex -45.6857 45.8481 2.2
    endloop
  endfacet
  facet normal 0.946931 -0.321435 0
    outer loop
      vertex -46 45.3778 4
      vertex -45.963 45.4868 2.2
      vertex -45.963 45.4868 4
    endloop
  endfacet
  facet normal 0.946931 -0.321435 0
    outer loop
      vertex -45.963 45.4868 2.2
      vertex -46 45.3778 4
      vertex -46 45.3778 2.2
    endloop
  endfacet
  facet normal 0.980684 -0.195601 0
    outer loop
      vertex -46.0146 45.3046 4
      vertex -46 45.3778 2.2
      vertex -46 45.3778 4
    endloop
  endfacet
  facet normal 0.980684 -0.195601 0
    outer loop
      vertex -46 45.3778 2.2
      vertex -46.0146 45.3046 4
      vertex -46.0146 45.3046 2.2
    endloop
  endfacet
  facet normal 0.896847 -0.44234 0
    outer loop
      vertex -45.963 45.4868 4
      vertex -45.9121 45.59 2.2
      vertex -45.9121 45.59 4
    endloop
  endfacet
  facet normal 0.896847 -0.44234 0
    outer loop
      vertex -45.9121 45.59 2.2
      vertex -45.963 45.4868 4
      vertex -45.963 45.4868 2.2
    endloop
  endfacet
  facet normal 0.896847 0.44234 0
    outer loop
      vertex -45.9121 -45.59 4
      vertex -45.963 -45.4868 2.2
      vertex -45.963 -45.4868 4
    endloop
  endfacet
  facet normal 0.896847 0.44234 0
    outer loop
      vertex -45.963 -45.4868 2.2
      vertex -45.9121 -45.59 4
      vertex -45.9121 -45.59 2.2
    endloop
  endfacet
  facet normal 0.65955 0.751661 -0
    outer loop
      vertex -45.6857 -45.8481 2.2
      vertex -45.7722 -45.7722 4
      vertex -45.6857 -45.8481 4
    endloop
  endfacet
  facet normal 0.65955 0.751661 0
    outer loop
      vertex -45.7722 -45.7722 4
      vertex -45.6857 -45.8481 2.2
      vertex -45.7722 -45.7722 2.2
    endloop
  endfacet
  facet normal 0.44234 0.896847 -0
    outer loop
      vertex -45.4868 -45.963 2.2
      vertex -45.59 -45.9121 4
      vertex -45.4868 -45.963 4
    endloop
  endfacet
  facet normal 0.44234 0.896847 0
    outer loop
      vertex -45.59 -45.9121 4
      vertex -45.4868 -45.963 2.2
      vertex -45.59 -45.9121 2.2
    endloop
  endfacet
  facet normal 0.195601 0.980684 -0
    outer loop
      vertex -45.3046 -46.0146 2.2
      vertex -45.3778 -46 4
      vertex -45.3046 -46.0146 4
    endloop
  endfacet
  facet normal 0.195601 0.980684 0
    outer loop
      vertex -45.3778 -46 4
      vertex -45.3046 -46.0146 2.2
      vertex -45.3778 -46 2.2
    endloop
  endfacet
  facet normal -0.555902 -0.831248 0
    outer loop
      vertex 45.59 45.9121 2.2
      vertex 45.6857 45.8481 4
      vertex 45.59 45.9121 4
    endloop
  endfacet
  facet normal -0.555902 -0.831248 -0
    outer loop
      vertex 45.6857 45.8481 4
      vertex 45.59 45.9121 2.2
      vertex 45.6857 45.8481 2.2
    endloop
  endfacet
  facet normal -0.65955 -0.751661 0
    outer loop
      vertex 45.6857 45.8481 2.2
      vertex 45.7722 45.7722 4
      vertex 45.6857 45.8481 4
    endloop
  endfacet
  facet normal -0.65955 -0.751661 -0
    outer loop
      vertex 45.7722 45.7722 4
      vertex 45.6857 45.8481 2.2
      vertex 45.7722 45.7722 2.2
    endloop
  endfacet
  facet normal -0.195601 -0.980684 0
    outer loop
      vertex 45.3046 46.0146 2.2
      vertex 45.3778 46 4
      vertex 45.3046 46.0146 4
    endloop
  endfacet
  facet normal -0.195601 -0.980684 -0
    outer loop
      vertex 45.3778 46 4
      vertex 45.3046 46.0146 2.2
      vertex 45.3778 46 2.2
    endloop
  endfacet
  facet normal -0.946931 -0.321435 0
    outer loop
      vertex 46 45.3778 2.2
      vertex 45.963 45.4868 4
      vertex 45.963 45.4868 2.2
    endloop
  endfacet
  facet normal -0.946931 -0.321435 0
    outer loop
      vertex 45.963 45.4868 4
      vertex 46 45.3778 2.2
      vertex 46 45.3778 4
    endloop
  endfacet
  facet normal -0.896847 -0.44234 0
    outer loop
      vertex 45.963 45.4868 2.2
      vertex 45.9121 45.59 4
      vertex 45.9121 45.59 2.2
    endloop
  endfacet
  facet normal -0.896847 -0.44234 0
    outer loop
      vertex 45.9121 45.59 4
      vertex 45.963 45.4868 2.2
      vertex 45.963 45.4868 4
    endloop
  endfacet
  facet normal -0.896847 0.44234 0
    outer loop
      vertex 45.9121 -45.59 2.2
      vertex 45.963 -45.4868 4
      vertex 45.963 -45.4868 2.2
    endloop
  endfacet
  facet normal -0.896847 0.44234 0
    outer loop
      vertex 45.963 -45.4868 4
      vertex 45.9121 -45.59 2.2
      vertex 45.9121 -45.59 4
    endloop
  endfacet
  facet normal -0.980684 0.195601 0
    outer loop
      vertex 46 -45.3778 2.2
      vertex 46.0146 -45.3046 4
      vertex 46.0146 -45.3046 2.2
    endloop
  endfacet
  facet normal -0.980684 0.195601 0
    outer loop
      vertex 46.0146 -45.3046 4
      vertex 46 -45.3778 2.2
      vertex 46 -45.3778 4
    endloop
  endfacet
  facet normal -0.751661 0.65955 0
    outer loop
      vertex 45.7722 -45.7722 2.2
      vertex 45.8481 -45.6857 4
      vertex 45.8481 -45.6857 2.2
    endloop
  endfacet
  facet normal -0.751661 0.65955 0
    outer loop
      vertex 45.8481 -45.6857 4
      vertex 45.7722 -45.7722 2.2
      vertex 45.7722 -45.7722 4
    endloop
  endfacet
  facet normal -0.44234 0.896847 0
    outer loop
      vertex 45.59 -45.9121 2.2
      vertex 45.4868 -45.963 4
      vertex 45.59 -45.9121 4
    endloop
  endfacet
  facet normal -0.44234 0.896847 0
    outer loop
      vertex 45.4868 -45.963 4
      vertex 45.59 -45.9121 2.2
      vertex 45.4868 -45.963 2.2
    endloop
  endfacet
  facet normal 0.44234 -0.896847 0
    outer loop
      vertex -45.59 45.9121 2.2
      vertex -45.4868 45.963 4
      vertex -45.59 45.9121 4
    endloop
  endfacet
  facet normal 0.44234 -0.896847 0
    outer loop
      vertex -45.4868 45.963 4
      vertex -45.59 45.9121 2.2
      vertex -45.4868 45.963 2.2
    endloop
  endfacet
  facet normal 0.831248 -0.555902 0
    outer loop
      vertex -45.9121 45.59 4
      vertex -45.8481 45.6857 2.2
      vertex -45.8481 45.6857 4
    endloop
  endfacet
  facet normal 0.831248 -0.555902 0
    outer loop
      vertex -45.8481 45.6857 2.2
      vertex -45.9121 45.59 4
      vertex -45.9121 45.59 2.2
    endloop
  endfacet
  facet normal 0.946931 0.321435 0
    outer loop
      vertex -45.963 -45.4868 4
      vertex -46 -45.3778 2.2
      vertex -46 -45.3778 4
    endloop
  endfacet
  facet normal 0.946931 0.321435 0
    outer loop
      vertex -46 -45.3778 2.2
      vertex -45.963 -45.4868 4
      vertex -45.963 -45.4868 2.2
    endloop
  endfacet
  facet normal 0.831248 0.555902 0
    outer loop
      vertex -45.8481 -45.6857 4
      vertex -45.9121 -45.59 2.2
      vertex -45.9121 -45.59 4
    endloop
  endfacet
  facet normal 0.831248 0.555902 0
    outer loop
      vertex -45.9121 -45.59 2.2
      vertex -45.8481 -45.6857 4
      vertex -45.8481 -45.6857 2.2
    endloop
  endfacet
  facet normal 0.555902 0.831248 -0
    outer loop
      vertex -45.59 -45.9121 2.2
      vertex -45.6857 -45.8481 4
      vertex -45.59 -45.9121 4
    endloop
  endfacet
  facet normal 0.555902 0.831248 0
    outer loop
      vertex -45.6857 -45.8481 4
      vertex -45.59 -45.9121 2.2
      vertex -45.6857 -45.8481 2.2
    endloop
  endfacet
  facet normal -0.980684 -0.195601 0
    outer loop
      vertex 46.0146 45.3046 2.2
      vertex 46 45.3778 4
      vertex 46 45.3778 2.2
    endloop
  endfacet
  facet normal -0.980684 -0.195601 0
    outer loop
      vertex 46 45.3778 4
      vertex 46.0146 45.3046 2.2
      vertex 46.0146 45.3046 4
    endloop
  endfacet
  facet normal -0.831248 -0.555902 0
    outer loop
      vertex 45.9121 45.59 2.2
      vertex 45.8481 45.6857 4
      vertex 45.8481 45.6857 2.2
    endloop
  endfacet
  facet normal -0.831248 -0.555902 0
    outer loop
      vertex 45.8481 45.6857 4
      vertex 45.9121 45.59 2.2
      vertex 45.9121 45.59 4
    endloop
  endfacet
  facet normal -0.946931 0.321435 0
    outer loop
      vertex 45.963 -45.4868 2.2
      vertex 46 -45.3778 4
      vertex 46 -45.3778 2.2
    endloop
  endfacet
  facet normal -0.946931 0.321435 0
    outer loop
      vertex 46 -45.3778 4
      vertex 45.963 -45.4868 2.2
      vertex 45.963 -45.4868 4
    endloop
  endfacet
  facet normal -0.831248 0.555902 0
    outer loop
      vertex 45.8481 -45.6857 2.2
      vertex 45.9121 -45.59 4
      vertex 45.9121 -45.59 2.2
    endloop
  endfacet
  facet normal -0.831248 0.555902 0
    outer loop
      vertex 45.9121 -45.59 4
      vertex 45.8481 -45.6857 2.2
      vertex 45.8481 -45.6857 4
    endloop
  endfacet
  facet normal -0.555902 0.831248 0
    outer loop
      vertex 45.6857 -45.8481 2.2
      vertex 45.59 -45.9121 4
      vertex 45.6857 -45.8481 4
    endloop
  endfacet
  facet normal -0.555902 0.831248 0
    outer loop
      vertex 45.59 -45.9121 4
      vertex 45.6857 -45.8481 2.2
      vertex 45.59 -45.9121 2.2
    endloop
  endfacet
  facet normal 0.980684 0.195601 0
    outer loop
      vertex -46 -45.3778 4
      vertex -46.0146 -45.3046 2.2
      vertex -46.0146 -45.3046 4
    endloop
  endfacet
  facet normal 0.980684 0.195601 0
    outer loop
      vertex -46.0146 -45.3046 2.2
      vertex -46 -45.3778 4
      vertex -46 -45.3778 2.2
    endloop
  endfacet
  facet normal -0.65955 0.751661 0
    outer loop
      vertex 45.7722 -45.7722 2.2
      vertex 45.6857 -45.8481 4
      vertex 45.7722 -45.7722 4
    endloop
  endfacet
  facet normal -0.65955 0.751661 0
    outer loop
      vertex 45.6857 -45.8481 4
      vertex 45.7722 -45.7722 2.2
      vertex 45.6857 -45.8481 2.2
    endloop
  endfacet
  facet normal -1 0 0
    outer loop
      vertex -47.43 -9 2.15
      vertex -47.43 9 4
      vertex -47.43 9 2.15
    endloop
  endfacet
  facet normal -1 -0 0
    outer loop
      vertex -47.43 9 4
      vertex -47.43 -9 2.15
      vertex -47.43 -9 4
    endloop
  endfacet
  facet normal -0 0 1
    outer loop
      vertex -47.43 9 4
      vertex -47.08 -9 4
      vertex -47.08 9 4
    endloop
  endfacet
  facet normal 0 0 1
    outer loop
      vertex -47.08 -9 4
      vertex -47.43 9 4
      vertex -47.43 -9 4
    endloop
  endfacet
  facet normal 0 0 0
    outer loop
      vertex -47.08 9 4
      vertex -47.13 9 4
      vertex -47.43 9 4
    endloop
  endfacet
  facet normal 0 1 -0
    outer loop
      vertex -47.13 9 2.15
      vertex -47.43 9 4
      vertex -47.13 9 4
    endloop
  endfacet
  facet normal 0 1 0
    outer loop
      vertex -47.43 9 4
      vertex -47.13 9 2.15
      vertex -47.43 9 2.15
    endloop
  endfacet
  facet normal 0 0 -1
    outer loop
      vertex -47.43 -9 2.15
      vertex -47.13 9 2.15
      vertex -47.13 -9 2.15
    endloop
  endfacet
  facet normal -0 0 -1
    outer loop
      vertex -47.13 9 2.15
      vertex -47.43 -9 2.15
      vertex -47.43 9 2.15
    endloop
  endfacet
  facet normal 0 0 0
    outer loop
      vertex -47.43 -9 4
      vertex -47.13 -9 4
      vertex -47.08 -9 4
    endloop
  endfacet
  facet normal 0 -1 0
    outer loop
      vertex -47.43 -9 2.15
      vertex -47.13 -9 4
      vertex -47.43 -9 4
    endloop
  endfacet
  facet normal 0 -1 -0
    outer loop
      vertex -47.13 -9 4
      vertex -47.43 -9 2.15
      vertex -47.13 -9 2.15
    endloop
  endfacet
  facet normal -0 0 1
    outer loop
      vertex 47.08 9 4
      vertex 47.43 -9 4
      vertex 47.43 9 4
    endloop
  endfacet
  facet normal 0 0 1
    outer loop
      vertex 47.43 -9 4
      vertex 47.08 9 4
      vertex 47.08 -9 4
    endloop
  endfacet
  facet normal 1 -0 0
    outer loop
      vertex 47.43 -9 4
      vertex 47.43 9 2.15
      vertex 47.43 9 4
    endloop
  endfacet
  facet normal 1 0 0
    outer loop
      vertex 47.43 9 2.15
      vertex 47.43 -9 4
      vertex 47.43 -9 2.15
    endloop
  endfacet
  facet normal 0 0 -1
    outer loop
      vertex 47.13 -9 2.15
      vertex 47.43 9 2.15
      vertex 47.43 -9 2.15
    endloop
  endfacet
  facet normal -0 0 -1
    outer loop
      vertex 47.43 9 2.15
      vertex 47.13 -9 2.15
      vertex 47.13 9 2.15
    endloop
  endfacet
  facet normal 0 0 0
    outer loop
      vertex 47.08 -9 4
      vertex 47.13 -9 4
      vertex 47.43 -9 4
    endloop
  endfacet
  facet normal 0 -1 0
    outer loop
      vertex 47.13 -9 2.15
      vertex 47.43 -9 4
      vertex 47.13 -9 4
    endloop
  endfacet
  facet normal 0 -1 -0
    outer loop
      vertex 47.43 -9 4
      vertex 47.13 -9 2.15
      vertex 47.43 -9 2.15
    endloop
  endfacet
  facet normal 0 0 0
    outer loop
      vertex 47.43 9 4
      vertex 47.13 9 4
      vertex 47.08 9 4
    endloop
  endfacet
  facet normal 0 1 -0
    outer loop
      vertex 47.43 9 2.15
      vertex 47.13 9 4
      vertex 47.43 9 4
    endloop
  endfacet
  facet normal 0 1 0
    outer loop
      vertex 47.13 9 4
      vertex 47.43 9 2.15
      vertex 47.13 9 2.15
    endloop
  endfacet
  facet normal 0 -1 0
    outer loop
      vertex -9 -47.43 2.15
      vertex 9 -47.43 4
      vertex -9 -47.43 4
    endloop
  endfacet
  facet normal 0 -1 -0
    outer loop
      vertex 9 -47.43 4
      vertex -9 -47.43 2.15
      vertex 9 -47.43 2.15
    endloop
  endfacet
  facet normal -0 0 1
    outer loop
      vertex -9 -47.08 4
      vertex 9 -47.43 4
      vertex 9 -47.08 4
    endloop
  endfacet
  facet normal 0 0 1
    outer loop
      vertex 9 -47.43 4
      vertex -9 -47.08 4
      vertex -9 -47.43 4
    endloop
  endfacet
  facet normal -1 0 0
    outer loop
      vertex -9 -47.13 2.15
      vertex -9 -47.43 2.15
      vertex -9 -47.13 4
    endloop
  endfacet
  facet normal 0 0 0
    outer loop
      vertex -9 -47.13 4
      vertex -9 -47.43 4
      vertex -9 -47.08 4
    endloop
  endfacet
  facet normal -1 0 0
    outer loop
      vertex -9 -47.43 4
      vertex -9 -47.13 4
      vertex -9 -47.43 2.15
    endloop
  endfacet
  facet normal 0 0 -1
    outer loop
      vertex -9 -47.43 2.15
      vertex 9 -47.13 2.15
      vertex 9 -47.43 2.15
    endloop
  endfacet
  facet normal -0 0 -1
    outer loop
      vertex 9 -47.13 2.15
      vertex -9 -47.43 2.15
      vertex -9 -47.13 2.15
    endloop
  endfacet
  facet normal 0 0 0
    outer loop
      vertex 9 -47.43 4
      vertex 9 -47.13 4
      vertex 9 -47.08 4
    endloop
  endfacet
  facet normal 1 -0 0
    outer loop
      vertex 9 -47.43 4
      vertex 9 -47.13 2.15
      vertex 9 -47.13 4
    endloop
  endfacet
  facet normal 1 0 0
    outer loop
      vertex 9 -47.13 2.15
      vertex 9 -47.43 4
      vertex 9 -47.43 2.15
    endloop
  endfacet
  facet normal -0 0 1
    outer loop
      vertex -9 47.43 4
      vertex 9 47.08 4
      vertex 9 47.43 4
    endloop
  endfacet
  facet normal 0 0 1
    outer loop
      vertex 9 47.08 4
      vertex -9 47.43 4
      vertex -9 47.08 4
    endloop
  endfacet
  facet normal 0 1 -0
    outer loop
      vertex 9 47.43 2.15
      vertex -9 47.43 4
      vertex 9 47.43 4
    endloop
  endfacet
  facet normal 0 1 0
    outer loop
      vertex -9 47.43 4
      vertex 9 47.43 2.15
      vertex -9 47.43 2.15
    endloop
  endfacet
  facet normal 0 0 -1
    outer loop
      vertex -9 47.13 2.15
      vertex 9 47.43 2.15
      vertex 9 47.13 2.15
    endloop
  endfacet
  facet normal -0 0 -1
    outer loop
      vertex 9 47.43 2.15
      vertex -9 47.13 2.15
      vertex -9 47.43 2.15
    endloop
  endfacet
  facet normal 1 0 0
    outer loop
      vertex 9 47.43 4
      vertex 9 47.13 4
      vertex 9 47.43 2.15
    endloop
  endfacet
  facet normal 0 0 0
    outer loop
      vertex 9 47.08 4
      vertex 9 47.13 4
      vertex 9 47.43 4
    endloop
  endfacet
  facet normal 1 0 0
    outer loop
      vertex 9 47.43 2.15
      vertex 9 47.13 4
      vertex 9 47.13 2.15
    endloop
  endfacet
  facet normal -1 0 0
    outer loop
      vertex -9 47.13 2.15
      vertex -9 47.43 4
      vertex -9 47.43 2.15
    endloop
  endfacet
  facet normal -1 0 0
    outer loop
      vertex -9 47.13 4
      vertex -9 47.43 4
      vertex -9 47.13 2.15
    endloop
  endfacet
  facet normal 0 0 0
    outer loop
      vertex -9 47.13 4
      vertex -9 47.08 4
      vertex -9 47.43 4
    endloop
  endfacet
  facet normal 0.997862 0.0653568 0
    outer loop
      vertex -40.4 -43.5 4.75
      vertex -40.4265 -43.0954 2.2
      vertex -40.4265 -43.0954 4.75
    endloop
  endfacet
  facet normal 0.997862 0.0653568 0
    outer loop
      vertex -40.4265 -43.0954 2.2
      vertex -40.4 -43.5 4.75
      vertex -40.4 -43.5 2.2
    endloop
  endfacet
  facet normal -0.997862 0.0653568 0
    outer loop
      vertex -46.6 -43.5 4
      vertex -46.5735 -43.0954 4.75
      vertex -46.5735 -43.0954 4
    endloop
  endfacet
  facet normal -0.997862 0.0653568 0
    outer loop
      vertex -46.5735 -43.0954 4.75
      vertex -46.6 -43.5 4
      vertex -46.6 -43.5 4.75
    endloop
  endfacet
  facet normal -0.0653568 0.997862 0
    outer loop
      vertex -43.5 -40.4 2.2
      vertex -43.9046 -40.4265 4.75
      vertex -43.5 -40.4 4.75
    endloop
  endfacet
  facet normal -0.0653568 0.997862 0
    outer loop
      vertex -43.9046 -40.4265 4.75
      vertex -43.5 -40.4 2.2
      vertex -43.9046 -40.4265 2.2
    endloop
  endfacet
  facet normal 0.0653568 -0.997862 0
    outer loop
      vertex -43.5 -46.6 4
      vertex -43.0954 -46.5735 4.75
      vertex -43.5 -46.6 4.75
    endloop
  endfacet
  facet normal 0.0653568 -0.997862 0
    outer loop
      vertex -43.0954 -46.5735 4.75
      vertex -43.5 -46.6 4
      vertex -43.0954 -46.5735 4
    endloop
  endfacet
  facet normal 0.659482 0.751721 -0
    outer loop
      vertex -41.308 -41.308 2.2
      vertex -41.6128 -41.0406 4.75
      vertex -41.308 -41.308 4.75
    endloop
  endfacet
  facet normal 0.659482 0.751721 0
    outer loop
      vertex -41.6128 -41.0406 4.75
      vertex -41.308 -41.308 2.2
      vertex -41.6128 -41.0406 2.2
    endloop
  endfacet
  facet normal -0.659482 0.751721 0
    outer loop
      vertex -45.3872 -41.0406 2.2
      vertex -45.692 -41.308 4.75
      vertex -45.3872 -41.0406 4.75
    endloop
  endfacet
  facet normal -0.659482 0.751721 0
    outer loop
      vertex -45.692 -41.308 4.75
      vertex -45.3872 -41.0406 2.2
      vertex -45.692 -41.308 2.2
    endloop
  endfacet
  facet normal -0.321549 0.946893 0
    outer loop
      vertex -44.3023 -40.5056 2.2
      vertex -44.6863 -40.636 4.75
      vertex -44.3023 -40.5056 4.75
    endloop
  endfacet
  facet normal -0.321549 0.946893 0
    outer loop
      vertex -44.6863 -40.636 4.75
      vertex -44.3023 -40.5056 2.2
      vertex -44.6863 -40.636 2.2
    endloop
  endfacet
  facet normal 0.896928 0.442176 0
    outer loop
      vertex -40.636 -42.3137 4.75
      vertex -40.8153 -41.95 2.2
      vertex -40.8153 -41.95 4.75
    endloop
  endfacet
  facet normal 0.896928 0.442176 0
    outer loop
      vertex -40.8153 -41.95 2.2
      vertex -40.636 -42.3137 4.75
      vertex -40.636 -42.3137 2.2
    endloop
  endfacet
  facet normal 0.321549 0.946893 -0
    outer loop
      vertex -42.3137 -40.636 2.2
      vertex -42.6977 -40.5056 4.75
      vertex -42.3137 -40.636 4.75
    endloop
  endfacet
  facet normal 0.321549 0.946893 0
    outer loop
      vertex -42.6977 -40.5056 4.75
      vertex -42.3137 -40.636 2.2
      vertex -42.6977 -40.5056 2.2
    endloop
  endfacet
  facet normal 0.195073 0.980789 -0
    outer loop
      vertex -42.6977 -40.5056 2.2
      vertex -43.0954 -40.4265 4.75
      vertex -42.6977 -40.5056 4.75
    endloop
  endfacet
  facet normal 0.195073 0.980789 0
    outer loop
      vertex -43.0954 -40.4265 4.75
      vertex -42.6977 -40.5056 2.2
      vertex -43.0954 -40.4265 2.2
    endloop
  endfacet
  facet normal 0.442176 0.896928 -0
    outer loop
      vertex -41.95 -40.8153 2.2
      vertex -42.3137 -40.636 4.75
      vertex -41.95 -40.8153 4.75
    endloop
  endfacet
  facet normal 0.442176 0.896928 0
    outer loop
      vertex -42.3137 -40.636 4.75
      vertex -41.95 -40.8153 2.2
      vertex -42.3137 -40.636 2.2
    endloop
  endfacet
  facet normal -0.831566 0.555426 0
    outer loop
      vertex -46.03 -41.7185 4
      vertex -45.9594 -41.6128 2.2
      vertex -46.03 -41.7185 2.2
    endloop
  endfacet
  facet normal -0.831566 0.555426 0
    outer loop
      vertex -45.9594 -41.6128 2.2
      vertex -46.03 -41.7185 4
      vertex -45.9594 -41.6128 4.75
    endloop
  endfacet
  facet normal -0.831442 0.555612 0
    outer loop
      vertex -46.1847 -41.95 4.75
      vertex -46.03 -41.7185 4
      vertex -46.1847 -41.95 4
    endloop
  endfacet
  facet normal -0.831481 0.555553 -2.59406e-05
    outer loop
      vertex -46.03 -41.7185 4
      vertex -46.1847 -41.95 4.75
      vertex -45.9594 -41.6128 4.75
    endloop
  endfacet
  facet normal -0.751721 0.659482 0
    outer loop
      vertex -45.9594 -41.6128 2.2
      vertex -45.692 -41.308 4.75
      vertex -45.692 -41.308 2.2
    endloop
  endfacet
  facet normal -0.751721 0.659482 0
    outer loop
      vertex -45.692 -41.308 4.75
      vertex -45.9594 -41.6128 2.2
      vertex -45.9594 -41.6128 4.75
    endloop
  endfacet
  facet normal 0 0 1
    outer loop
      vertex -41.75 -43.5 4.75
      vertex -40.4 -43.5 4.75
      vertex -40.4265 -43.0954 4.75
    endloop
  endfacet
  facet normal 0 0 1
    outer loop
      vertex -41.765 -43.2716 4.75
      vertex -40.4265 -43.0954 4.75
      vertex -40.5056 -42.6977 4.75
    endloop
  endfacet
  facet normal 0 0 1
    outer loop
      vertex -40.4 -43.5 4.75
      vertex -41.75 -43.5 4.75
      vertex -40.4265 -43.9046 4.75
    endloop
  endfacet
  facet normal 0 0 1
    outer loop
      vertex -41.8096 -43.0471 4.75
      vertex -40.5056 -42.6977 4.75
      vertex -40.636 -42.3137 4.75
    endloop
  endfacet
  facet normal -0 0 1
    outer loop
      vertex -41.765 -43.7284 4.75
      vertex -40.4265 -43.9046 4.75
      vertex -41.75 -43.5 4.75
    endloop
  endfacet
  facet normal 0 0 1
    outer loop
      vertex -41.8832 -42.8303 4.75
      vertex -40.636 -42.3137 4.75
      vertex -40.8153 -41.95 4.75
    endloop
  endfacet
  facet normal 0 0 1
    outer loop
      vertex -40.4265 -43.9046 4.75
      vertex -41.765 -43.7284 4.75
      vertex -40.5056 -44.3023 4.75
    endloop
  endfacet
  facet normal 0 0 1
    outer loop
      vertex -41.9845 -42.625 4.75
      vertex -40.8153 -41.95 4.75
      vertex -41.0406 -41.6128 4.75
    endloop
  endfacet
  facet normal -0 0 1
    outer loop
      vertex -41.8096 -43.9529 4.75
      vertex -40.5056 -44.3023 4.75
      vertex -41.765 -43.7284 4.75
    endloop
  endfacet
  facet normal 0 0 1
    outer loop
      vertex -42.1116 -42.4347 4.75
      vertex -41.0406 -41.6128 4.75
      vertex -41.308 -41.308 4.75
    endloop
  endfacet
  facet normal 0 0 1
    outer loop
      vertex -40.5056 -44.3023 4.75
      vertex -41.8096 -43.9529 4.75
      vertex -40.636 -44.6863 4.75
    endloop
  endfacet
  facet normal 0 0 1
    outer loop
      vertex -42.2626 -42.2626 4.75
      vertex -41.308 -41.308 4.75
      vertex -41.6128 -41.0406 4.75
    endloop
  endfacet
  facet normal -0 0 1
    outer loop
      vertex -41.8832 -44.1697 4.75
      vertex -40.636 -44.6863 4.75
      vertex -41.8096 -43.9529 4.75
    endloop
  endfacet
  facet normal 0 0 1
    outer loop
      vertex -40.636 -44.6863 4.75
      vertex -41.8832 -44.1697 4.75
      vertex -40.8153 -45.05 4.75
    endloop
  endfacet
  facet normal 0 0 1
    outer loop
      vertex -40.4265 -43.0954 4.75
      vertex -41.765 -43.2716 4.75
      vertex -41.75 -43.5 4.75
    endloop
  endfacet
  facet normal 0 0 1
    outer loop
      vertex -40.5056 -42.6977 4.75
      vertex -41.8096 -43.0471 4.75
      vertex -41.765 -43.2716 4.75
    endloop
  endfacet
  facet normal 0 0 1
    outer loop
      vertex -40.636 -42.3137 4.75
      vertex -41.8832 -42.8303 4.75
      vertex -41.8096 -43.0471 4.75
    endloop
  endfacet
  facet normal 0 0 1
    outer loop
      vertex -42.4347 -42.1116 4.75
      vertex -41.6128 -41.0406 4.75
      vertex -41.95 -40.8153 4.75
    endloop
  endfacet
  facet normal 0 0 1
    outer loop
      vertex -40.8153 -41.95 4.75
      vertex -41.9845 -42.625 4.75
      vertex -41.8832 -42.8303 4.75
    endloop
  endfacet
  facet normal 0 0 1
    outer loop
      vertex -41.0406 -41.6128 4.75
      vertex -42.1116 -42.4347 4.75
      vertex -41.9845 -42.625 4.75
    endloop
  endfacet
  facet normal 0 0 1
    outer loop
      vertex -41.308 -41.308 4.75
      vertex -42.2626 -42.2626 4.75
      vertex -42.1116 -42.4347 4.75
    endloop
  endfacet
  facet normal 0 0 1
    outer loop
      vertex -42.625 -41.9845 4.75
      vertex -41.95 -40.8153 4.75
      vertex -42.3137 -40.636 4.75
    endloop
  endfacet
  facet normal 0 0 1
    outer loop
      vertex -41.6128 -41.0406 4.75
      vertex -42.4347 -42.1116 4.75
      vertex -42.2626 -42.2626 4.75
    endloop
  endfacet
  facet normal 0 0 1
    outer loop
      vertex -41.95 -40.8153 4.75
      vertex -42.625 -41.9845 4.75
      vertex -42.4347 -42.1116 4.75
    endloop
  endfacet
  facet normal 0 0 1
    outer loop
      vertex -42.8303 -41.8832 4.75
      vertex -42.3137 -40.636 4.75
      vertex -42.6977 -40.5056 4.75
    endloop
  endfacet
  facet normal 0 0 1
    outer loop
      vertex -42.3137 -40.636 4.75
      vertex -42.8303 -41.8832 4.75
      vertex -42.625 -41.9845 4.75
    endloop
  endfacet
  facet normal 0 0 1
    outer loop
      vertex -42.6977 -40.5056 4.75
      vertex -43.0471 -41.8096 4.75
      vertex -42.8303 -41.8832 4.75
    endloop
  endfacet
  facet normal 0 0 1
    outer loop
      vertex -43.0954 -40.4265 4.75
      vertex -43.0471 -41.8096 4.75
      vertex -42.6977 -40.5056 4.75
    endloop
  endfacet
  facet normal 0 0 1
    outer loop
      vertex -43.0954 -40.4265 4.75
      vertex -43.2716 -41.765 4.75
      vertex -43.0471 -41.8096 4.75
    endloop
  endfacet
  facet normal 0 0 1
    outer loop
      vertex -43.5 -40.4 4.75
      vertex -43.2716 -41.765 4.75
      vertex -43.0954 -40.4265 4.75
    endloop
  endfacet
  facet normal 0 0 1
    outer loop
      vertex -43.5 -40.4 4.75
      vertex -43.5 -41.75 4.75
      vertex -43.2716 -41.765 4.75
    endloop
  endfacet
  facet normal 0 0 1
    outer loop
      vertex -43.5 -40.4 4.75
      vertex -43.7284 -41.765 4.75
      vertex -43.5 -41.75 4.75
    endloop
  endfacet
  facet normal -0 0 1
    outer loop
      vertex -43.9046 -40.4265 4.75
      vertex -43.7284 -41.765 4.75
      vertex -43.5 -40.4 4.75
    endloop
  endfacet
  facet normal 0 0 1
    outer loop
      vertex -43.9046 -40.4265 4.75
      vertex -43.9529 -41.8096 4.75
      vertex -43.7284 -41.765 4.75
    endloop
  endfacet
  facet normal -0 0 1
    outer loop
      vertex -44.3023 -40.5056 4.75
      vertex -43.9529 -41.8096 4.75
      vertex -43.9046 -40.4265 4.75
    endloop
  endfacet
  facet normal 0 0 1
    outer loop
      vertex -43.9529 -41.8096 4.75
      vertex -44.3023 -40.5056 4.75
      vertex -44.1697 -41.8832 4.75
    endloop
  endfacet
  facet normal -0 0 1
    outer loop
      vertex -44.6863 -40.636 4.75
      vertex -44.1697 -41.8832 4.75
      vertex -44.3023 -40.5056 4.75
    endloop
  endfacet
  facet normal 0 0 1
    outer loop
      vertex -44.1697 -41.8832 4.75
      vertex -44.6863 -40.636 4.75
      vertex -44.375 -41.9845 4.75
    endloop
  endfacet
  facet normal -0 0 1
    outer loop
      vertex -45.05 -40.8153 4.75
      vertex -44.375 -41.9845 4.75
      vertex -44.6863 -40.636 4.75
    endloop
  endfacet
  facet normal 0 0 1
    outer loop
      vertex -44.375 -41.9845 4.75
      vertex -45.05 -40.8153 4.75
      vertex -44.5653 -42.1116 4.75
    endloop
  endfacet
  facet normal -0 0 1
    outer loop
      vertex -45.3872 -41.0406 4.75
      vertex -44.5653 -42.1116 4.75
      vertex -45.05 -40.8153 4.75
    endloop
  endfacet
  facet normal 0 0 1
    outer loop
      vertex -44.5653 -42.1116 4.75
      vertex -45.3872 -41.0406 4.75
      vertex -44.7374 -42.2626 4.75
    endloop
  endfacet
  facet normal -0 0 1
    outer loop
      vertex -45.692 -41.308 4.75
      vertex -44.7374 -42.2626 4.75
      vertex -45.3872 -41.0406 4.75
    endloop
  endfacet
  facet normal 0 0 1
    outer loop
      vertex -44.7374 -42.2626 4.75
      vertex -45.692 -41.308 4.75
      vertex -44.8884 -42.4347 4.75
    endloop
  endfacet
  facet normal -0 0 1
    outer loop
      vertex -45.9594 -41.6128 4.75
      vertex -44.8884 -42.4347 4.75
      vertex -45.692 -41.308 4.75
    endloop
  endfacet
  facet normal 0 0 1
    outer loop
      vertex -44.8884 -42.4347 4.75
      vertex -45.9594 -41.6128 4.75
      vertex -45.0155 -42.625 4.75
    endloop
  endfacet
  facet normal 0 0 1
    outer loop
      vertex -45.0155 -42.625 4.75
      vertex -46.1847 -41.95 4.75
      vertex -45.1168 -42.8303 4.75
    endloop
  endfacet
  facet normal -0 0 1
    outer loop
      vertex -46.1847 -41.95 4.75
      vertex -45.0155 -42.625 4.75
      vertex -45.9594 -41.6128 4.75
    endloop
  endfacet
  facet normal -0 0 1
    outer loop
      vertex -41.9845 -44.375 4.75
      vertex -40.8153 -45.05 4.75
      vertex -41.8832 -44.1697 4.75
    endloop
  endfacet
  facet normal 0 0 1
    outer loop
      vertex -40.8153 -45.05 4.75
      vertex -41.9845 -44.375 4.75
      vertex -41.0406 -45.3872 4.75
    endloop
  endfacet
  facet normal -0 0 1
    outer loop
      vertex -42.1116 -44.5653 4.75
      vertex -41.0406 -45.3872 4.75
      vertex -41.9845 -44.375 4.75
    endloop
  endfacet
  facet normal 0 0 1
    outer loop
      vertex -41.0406 -45.3872 4.75
      vertex -42.1116 -44.5653 4.75
      vertex -41.308 -45.692 4.75
    endloop
  endfacet
  facet normal -0 0 1
    outer loop
      vertex -42.2626 -44.7374 4.75
      vertex -41.308 -45.692 4.75
      vertex -42.1116 -44.5653 4.75
    endloop
  endfacet
  facet normal 0 0 1
    outer loop
      vertex -41.308 -45.692 4.75
      vertex -42.2626 -44.7374 4.75
      vertex -41.6128 -45.9594 4.75
    endloop
  endfacet
  facet normal -0 0 1
    outer loop
      vertex -42.4347 -44.8884 4.75
      vertex -41.6128 -45.9594 4.75
      vertex -42.2626 -44.7374 4.75
    endloop
  endfacet
  facet normal 0 0 1
    outer loop
      vertex -41.6128 -45.9594 4.75
      vertex -42.4347 -44.8884 4.75
      vertex -41.95 -46.1847 4.75
    endloop
  endfacet
  facet normal -0 0 1
    outer loop
      vertex -42.625 -45.0155 4.75
      vertex -41.95 -46.1847 4.75
      vertex -42.4347 -44.8884 4.75
    endloop
  endfacet
  facet normal 0 0 1
    outer loop
      vertex -41.95 -46.1847 4.75
      vertex -42.625 -45.0155 4.75
      vertex -42.3137 -46.364 4.75
    endloop
  endfacet
  facet normal -0 0 1
    outer loop
      vertex -42.8303 -45.1168 4.75
      vertex -42.3137 -46.364 4.75
      vertex -42.625 -45.0155 4.75
    endloop
  endfacet
  facet normal 0 0 1
    outer loop
      vertex -42.3137 -46.364 4.75
      vertex -42.8303 -45.1168 4.75
      vertex -42.6977 -46.4944 4.75
    endloop
  endfacet
  facet normal -0 0 1
    outer loop
      vertex -43.0471 -45.1904 4.75
      vertex -42.6977 -46.4944 4.75
      vertex -42.8303 -45.1168 4.75
    endloop
  endfacet
  facet normal 0 0 1
    outer loop
      vertex -43.0471 -45.1904 4.75
      vertex -43.0954 -46.5735 4.75
      vertex -42.6977 -46.4944 4.75
    endloop
  endfacet
  facet normal -0 0 1
    outer loop
      vertex -43.2716 -45.235 4.75
      vertex -43.0954 -46.5735 4.75
      vertex -43.0471 -45.1904 4.75
    endloop
  endfacet
  facet normal -0 0 1
    outer loop
      vertex -43.5 -45.25 4.75
      vertex -43.0954 -46.5735 4.75
      vertex -43.2716 -45.235 4.75
    endloop
  endfacet
  facet normal 0 0 1
    outer loop
      vertex -43.5 -45.25 4.75
      vertex -43.5 -46.6 4.75
      vertex -43.0954 -46.5735 4.75
    endloop
  endfacet
  facet normal 0 0 1
    outer loop
      vertex -43.7284 -45.235 4.75
      vertex -43.5 -46.6 4.75
      vertex -43.5 -45.25 4.75
    endloop
  endfacet
  facet normal 0 0 1
    outer loop
      vertex -43.7284 -45.235 4.75
      vertex -43.9046 -46.5735 4.75
      vertex -43.5 -46.6 4.75
    endloop
  endfacet
  facet normal 0 0 1
    outer loop
      vertex -43.9529 -45.1904 4.75
      vertex -43.9046 -46.5735 4.75
      vertex -43.7284 -45.235 4.75
    endloop
  endfacet
  facet normal 0 0 1
    outer loop
      vertex -44.3023 -46.4944 4.75
      vertex -43.9529 -45.1904 4.75
      vertex -44.1697 -45.1168 4.75
    endloop
  endfacet
  facet normal 0 0 1
    outer loop
      vertex -43.9529 -45.1904 4.75
      vertex -44.3023 -46.4944 4.75
      vertex -43.9046 -46.5735 4.75
    endloop
  endfacet
  facet normal 0 0 1
    outer loop
      vertex -44.6863 -46.364 4.75
      vertex -44.1697 -45.1168 4.75
      vertex -44.375 -45.0155 4.75
    endloop
  endfacet
  facet normal 0 0 1
    outer loop
      vertex -45.05 -46.1847 4.75
      vertex -44.375 -45.0155 4.75
      vertex -44.5653 -44.8884 4.75
    endloop
  endfacet
  facet normal 0 0 1
    outer loop
      vertex -44.1697 -45.1168 4.75
      vertex -44.6863 -46.364 4.75
      vertex -44.3023 -46.4944 4.75
    endloop
  endfacet
  facet normal 0 0 1
    outer loop
      vertex -45.3872 -45.9594 4.75
      vertex -44.5653 -44.8884 4.75
      vertex -44.7374 -44.7374 4.75
    endloop
  endfacet
  facet normal 0 0 1
    outer loop
      vertex -45.692 -45.692 4.75
      vertex -44.7374 -44.7374 4.75
      vertex -44.8884 -44.5653 4.75
    endloop
  endfacet
  facet normal 0 0 1
    outer loop
      vertex -45.9594 -45.3872 4.75
      vertex -44.8884 -44.5653 4.75
      vertex -45.0155 -44.375 4.75
    endloop
  endfacet
  facet normal 0 0 1
    outer loop
      vertex -44.375 -45.0155 4.75
      vertex -45.05 -46.1847 4.75
      vertex -44.6863 -46.364 4.75
    endloop
  endfacet
  facet normal 0 0 1
    outer loop
      vertex -46.1847 -45.05 4.75
      vertex -45.0155 -44.375 4.75
      vertex -45.1168 -44.1697 4.75
    endloop
  endfacet
  facet normal 0 0 1
    outer loop
      vertex -46.364 -44.6863 4.75
      vertex -45.1168 -44.1697 4.75
      vertex -45.1904 -43.9529 4.75
    endloop
  endfacet
  facet normal 0 0 1
    outer loop
      vertex -46.4944 -44.3023 4.75
      vertex -45.1904 -43.9529 4.75
      vertex -45.235 -43.7284 4.75
    endloop
  endfacet
  facet normal 0 0 1
    outer loop
      vertex -44.5653 -44.8884 4.75
      vertex -45.3872 -45.9594 4.75
      vertex -45.05 -46.1847 4.75
    endloop
  endfacet
  facet normal 0 0 1
    outer loop
      vertex -46.5735 -43.9046 4.75
      vertex -45.235 -43.7284 4.75
      vertex -45.25 -43.5 4.75
    endloop
  endfacet
  facet normal -0 0 1
    outer loop
      vertex -46.364 -42.3137 4.75
      vertex -45.1168 -42.8303 4.75
      vertex -46.1847 -41.95 4.75
    endloop
  endfacet
  facet normal 0 0 1
    outer loop
      vertex -45.1168 -42.8303 4.75
      vertex -46.364 -42.3137 4.75
      vertex -45.1904 -43.0471 4.75
    endloop
  endfacet
  facet normal 0 0 1
    outer loop
      vertex -44.7374 -44.7374 4.75
      vertex -45.692 -45.692 4.75
      vertex -45.3872 -45.9594 4.75
    endloop
  endfacet
  facet normal -0 0 1
    outer loop
      vertex -46.4944 -42.6977 4.75
      vertex -45.1904 -43.0471 4.75
      vertex -46.364 -42.3137 4.75
    endloop
  endfacet
  facet normal 0 0 1
    outer loop
      vertex -44.8884 -44.5653 4.75
      vertex -45.9594 -45.3872 4.75
      vertex -45.692 -45.692 4.75
    endloop
  endfacet
  facet normal 0 0 1
    outer loop
      vertex -45.1904 -43.0471 4.75
      vertex -46.4944 -42.6977 4.75
      vertex -45.235 -43.2716 4.75
    endloop
  endfacet
  facet normal 0 0 1
    outer loop
      vertex -45.0155 -44.375 4.75
      vertex -46.1847 -45.05 4.75
      vertex -45.9594 -45.3872 4.75
    endloop
  endfacet
  facet normal -0 0 1
    outer loop
      vertex -46.5735 -43.0954 4.75
      vertex -45.235 -43.2716 4.75
      vertex -46.4944 -42.6977 4.75
    endloop
  endfacet
  facet normal 0 0 1
    outer loop
      vertex -45.1168 -44.1697 4.75
      vertex -46.364 -44.6863 4.75
      vertex -46.1847 -45.05 4.75
    endloop
  endfacet
  facet normal 0 0 1
    outer loop
      vertex -45.235 -43.2716 4.75
      vertex -46.5735 -43.0954 4.75
      vertex -45.25 -43.5 4.75
    endloop
  endfacet
  facet normal 0 0 1
    outer loop
      vertex -45.1904 -43.9529 4.75
      vertex -46.4944 -44.3023 4.75
      vertex -46.364 -44.6863 4.75
    endloop
  endfacet
  facet normal 0 0 1
    outer loop
      vertex -46.6 -43.5 4.75
      vertex -45.25 -43.5 4.75
      vertex -46.5735 -43.0954 4.75
    endloop
  endfacet
  facet normal 0 0 1
    outer loop
      vertex -45.235 -43.7284 4.75
      vertex -46.5735 -43.9046 4.75
      vertex -46.4944 -44.3023 4.75
    endloop
  endfacet
  facet normal 0 0 1
    outer loop
      vertex -45.25 -43.5 4.75
      vertex -46.6 -43.5 4.75
      vertex -46.5735 -43.9046 4.75
    endloop
  endfacet
  facet normal -0.555553 0.831481 0
    outer loop
      vertex -45.05 -40.8153 2.2
      vertex -45.3872 -41.0406 4.75
      vertex -45.05 -40.8153 4.75
    endloop
  endfacet
  facet normal -0.555553 0.831481 0
    outer loop
      vertex -45.3872 -41.0406 4.75
      vertex -45.05 -40.8153 2.2
      vertex -45.3872 -41.0406 2.2
    endloop
  endfacet
  facet normal -0.195073 0.980789 0
    outer loop
      vertex -43.9046 -40.4265 2.2
      vertex -44.3023 -40.5056 4.75
      vertex -43.9046 -40.4265 4.75
    endloop
  endfacet
  facet normal -0.195073 0.980789 0
    outer loop
      vertex -44.3023 -40.5056 4.75
      vertex -43.9046 -40.4265 2.2
      vertex -44.3023 -40.5056 2.2
    endloop
  endfacet
  facet normal 0.195073 -0.980789 0
    outer loop
      vertex -43.0954 -46.5735 4
      vertex -42.6977 -46.4944 4.75
      vertex -43.0954 -46.5735 4.75
    endloop
  endfacet
  facet normal 0.195073 -0.980789 0
    outer loop
      vertex -42.6977 -46.4944 4.75
      vertex -43.0954 -46.5735 4
      vertex -42.6977 -46.4944 4
    endloop
  endfacet
  facet normal 0.946893 0.321549 0
    outer loop
      vertex -40.5056 -42.6977 4.75
      vertex -40.636 -42.3137 2.2
      vertex -40.636 -42.3137 4.75
    endloop
  endfacet
  facet normal 0.946893 0.321549 0
    outer loop
      vertex -40.636 -42.3137 2.2
      vertex -40.5056 -42.6977 4.75
      vertex -40.5056 -42.6977 2.2
    endloop
  endfacet
  facet normal 0.980789 0.195073 0
    outer loop
      vertex -40.4265 -43.0954 4.75
      vertex -40.5056 -42.6977 2.2
      vertex -40.5056 -42.6977 4.75
    endloop
  endfacet
  facet normal 0.980789 0.195073 0
    outer loop
      vertex -40.5056 -42.6977 2.2
      vertex -40.4265 -43.0954 4.75
      vertex -40.4265 -43.0954 2.2
    endloop
  endfacet
  facet normal 0.751721 0.659482 0
    outer loop
      vertex -41.0406 -41.6128 4.75
      vertex -41.308 -41.308 2.2
      vertex -41.308 -41.308 4.75
    endloop
  endfacet
  facet normal 0.751721 0.659482 0
    outer loop
      vertex -41.308 -41.308 2.2
      vertex -41.0406 -41.6128 4.75
      vertex -41.0406 -41.6128 2.2
    endloop
  endfacet
  facet normal 0.831481 0.555553 0
    outer loop
      vertex -40.8153 -41.95 4.75
      vertex -41.0406 -41.6128 2.2
      vertex -41.0406 -41.6128 4.75
    endloop
  endfacet
  facet normal 0.831481 0.555553 0
    outer loop
      vertex -41.0406 -41.6128 2.2
      vertex -40.8153 -41.95 4.75
      vertex -40.8153 -41.95 2.2
    endloop
  endfacet
  facet normal 0.0653568 0.997862 -0
    outer loop
      vertex -43.0954 -40.4265 2.2
      vertex -43.5 -40.4 4.75
      vertex -43.0954 -40.4265 4.75
    endloop
  endfacet
  facet normal 0.0653568 0.997862 0
    outer loop
      vertex -43.5 -40.4 4.75
      vertex -43.0954 -40.4265 2.2
      vertex -43.5 -40.4 2.2
    endloop
  endfacet
  facet normal 0.555553 0.831481 -0
    outer loop
      vertex -41.6128 -41.0406 2.2
      vertex -41.95 -40.8153 4.75
      vertex -41.6128 -41.0406 4.75
    endloop
  endfacet
  facet normal 0.555553 0.831481 0
    outer loop
      vertex -41.95 -40.8153 4.75
      vertex -41.6128 -41.0406 2.2
      vertex -41.95 -40.8153 2.2
    endloop
  endfacet
  facet normal -0.896928 0.442176 0
    outer loop
      vertex -46.364 -42.3137 4
      vertex -46.1847 -41.95 4.75
      vertex -46.1847 -41.95 4
    endloop
  endfacet
  facet normal -0.896928 0.442176 0
    outer loop
      vertex -46.1847 -41.95 4.75
      vertex -46.364 -42.3137 4
      vertex -46.364 -42.3137 4.75
    endloop
  endfacet
  facet normal -0.980789 0.195073 0
    outer loop
      vertex -46.5735 -43.0954 4
      vertex -46.4944 -42.6977 4.75
      vertex -46.4944 -42.6977 4
    endloop
  endfacet
  facet normal -0.980789 0.195073 0
    outer loop
      vertex -46.4944 -42.6977 4.75
      vertex -46.5735 -43.0954 4
      vertex -46.5735 -43.0954 4.75
    endloop
  endfacet
  facet normal -0.442176 0.896928 0
    outer loop
      vertex -44.6863 -40.636 2.2
      vertex -45.05 -40.8153 4.75
      vertex -44.6863 -40.636 4.75
    endloop
  endfacet
  facet normal -0.442176 0.896928 0
    outer loop
      vertex -45.05 -40.8153 4.75
      vertex -44.6863 -40.636 2.2
      vertex -45.05 -40.8153 2.2
    endloop
  endfacet
  facet normal 0.751721 -0.659482 0
    outer loop
      vertex -41.308 -45.692 4.75
      vertex -41.0406 -45.3872 2.2
      vertex -41.0406 -45.3872 4.75
    endloop
  endfacet
  facet normal 0.751721 -0.659482 0
    outer loop
      vertex -41.0406 -45.3872 2.2
      vertex -41.308 -45.692 4.75
      vertex -41.308 -45.692 2.2
    endloop
  endfacet
  facet normal 0.946893 -0.321549 0
    outer loop
      vertex -40.636 -44.6863 4.75
      vertex -40.5056 -44.3023 2.2
      vertex -40.5056 -44.3023 4.75
    endloop
  endfacet
  facet normal 0.946893 -0.321549 0
    outer loop
      vertex -40.5056 -44.3023 2.2
      vertex -40.636 -44.6863 4.75
      vertex -40.636 -44.6863 2.2
    endloop
  endfacet
  facet normal 0.980789 -0.195073 0
    outer loop
      vertex -40.5056 -44.3023 4.75
      vertex -40.4265 -43.9046 2.2
      vertex -40.4265 -43.9046 4.75
    endloop
  endfacet
  facet normal 0.980789 -0.195073 0
    outer loop
      vertex -40.4265 -43.9046 2.2
      vertex -40.5056 -44.3023 4.75
      vertex -40.5056 -44.3023 2.2
    endloop
  endfacet
  facet normal -0.997862 -0.0653568 0
    outer loop
      vertex -46.5735 -43.9046 4
      vertex -46.6 -43.5 4.75
      vertex -46.6 -43.5 4
    endloop
  endfacet
  facet normal -0.997862 -0.0653568 0
    outer loop
      vertex -46.6 -43.5 4.75
      vertex -46.5735 -43.9046 4
      vertex -46.5735 -43.9046 4.75
    endloop
  endfacet
  facet normal 0.442176 -0.896928 0
    outer loop
      vertex -42.3137 -46.364 4
      vertex -41.95 -46.1847 4.75
      vertex -42.3137 -46.364 4.75
    endloop
  endfacet
  facet normal 0.442176 -0.896928 0
    outer loop
      vertex -41.95 -46.1847 4.75
      vertex -42.3137 -46.364 4
      vertex -41.95 -46.1847 4
    endloop
  endfacet
  facet normal -0.946893 0.321549 0
    outer loop
      vertex -46.4944 -42.6977 4
      vertex -46.364 -42.3137 4.75
      vertex -46.364 -42.3137 4
    endloop
  endfacet
  facet normal -0.946893 0.321549 0
    outer loop
      vertex -46.364 -42.3137 4.75
      vertex -46.4944 -42.6977 4
      vertex -46.4944 -42.6977 4.75
    endloop
  endfacet
  facet normal 0.555612 -0.831442 0
    outer loop
      vertex -41.7185 -46.03 4
      vertex -41.95 -46.1847 4.75
      vertex -41.95 -46.1847 4
    endloop
  endfacet
  facet normal 0.555553 -0.831481 -2.59406e-05
    outer loop
      vertex -41.95 -46.1847 4.75
      vertex -41.7185 -46.03 4
      vertex -41.6128 -45.9594 4.75
    endloop
  endfacet
  facet normal 0.555426 -0.831566 0
    outer loop
      vertex -41.6128 -45.9594 2.2
      vertex -41.7185 -46.03 4
      vertex -41.7185 -46.03 2.2
    endloop
  endfacet
  facet normal 0.555426 -0.831566 0
    outer loop
      vertex -41.7185 -46.03 4
      vertex -41.6128 -45.9594 2.2
      vertex -41.6128 -45.9594 4.75
    endloop
  endfacet
  facet normal 0.831481 -0.555553 0
    outer loop
      vertex -41.0406 -45.3872 4.75
      vertex -40.8153 -45.05 2.2
      vertex -40.8153 -45.05 4.75
    endloop
  endfacet
  facet normal 0.831481 -0.555553 0
    outer loop
      vertex -40.8153 -45.05 2.2
      vertex -41.0406 -45.3872 4.75
      vertex -41.0406 -45.3872 2.2
    endloop
  endfacet
  facet normal 0.997862 -0.0653568 0
    outer loop
      vertex -40.4265 -43.9046 4.75
      vertex -40.4 -43.5 2.2
      vertex -40.4 -43.5 4.75
    endloop
  endfacet
  facet normal 0.997862 -0.0653568 0
    outer loop
      vertex -40.4 -43.5 2.2
      vertex -40.4265 -43.9046 4.75
      vertex -40.4265 -43.9046 2.2
    endloop
  endfacet
  facet normal -0.659482 -0.751721 0
    outer loop
      vertex -45.692 -45.692 2.2
      vertex -45.3872 -45.9594 4.75
      vertex -45.692 -45.692 4.75
    endloop
  endfacet
  facet normal -0.659482 -0.751721 -0
    outer loop
      vertex -45.3872 -45.9594 4.75
      vertex -45.692 -45.692 2.2
      vertex -45.3872 -45.9594 2.2
    endloop
  endfacet
  facet normal -0.751721 -0.659482 0
    outer loop
      vertex -45.692 -45.692 2.2
      vertex -45.9594 -45.3872 4.75
      vertex -45.9594 -45.3872 2.2
    endloop
  endfacet
  facet normal -0.751721 -0.659482 0
    outer loop
      vertex -45.9594 -45.3872 4.75
      vertex -45.692 -45.692 2.2
      vertex -45.692 -45.692 4.75
    endloop
  endfacet
  facet normal -0.896928 -0.442176 0
    outer loop
      vertex -46.1847 -45.05 4
      vertex -46.364 -44.6863 4.75
      vertex -46.364 -44.6863 4
    endloop
  endfacet
  facet normal -0.896928 -0.442176 0
    outer loop
      vertex -46.364 -44.6863 4.75
      vertex -46.1847 -45.05 4
      vertex -46.1847 -45.05 4.75
    endloop
  endfacet
  facet normal -0.980789 -0.195073 0
    outer loop
      vertex -46.4944 -44.3023 4
      vertex -46.5735 -43.9046 4.75
      vertex -46.5735 -43.9046 4
    endloop
  endfacet
  facet normal -0.980789 -0.195073 0
    outer loop
      vertex -46.5735 -43.9046 4.75
      vertex -46.4944 -44.3023 4
      vertex -46.4944 -44.3023 4.75
    endloop
  endfacet
  facet normal -0.946893 -0.321549 0
    outer loop
      vertex -46.364 -44.6863 4
      vertex -46.4944 -44.3023 4.75
      vertex -46.4944 -44.3023 4
    endloop
  endfacet
  facet normal -0.946893 -0.321549 0
    outer loop
      vertex -46.4944 -44.3023 4.75
      vertex -46.364 -44.6863 4
      vertex -46.364 -44.6863 4.75
    endloop
  endfacet
  facet normal 0.321549 -0.946893 0
    outer loop
      vertex -42.6977 -46.4944 4
      vertex -42.3137 -46.364 4.75
      vertex -42.6977 -46.4944 4.75
    endloop
  endfacet
  facet normal 0.321549 -0.946893 0
    outer loop
      vertex -42.3137 -46.364 4.75
      vertex -42.6977 -46.4944 4
      vertex -42.3137 -46.364 4
    endloop
  endfacet
  facet normal 0.659482 -0.751721 0
    outer loop
      vertex -41.6128 -45.9594 2.2
      vertex -41.308 -45.692 4.75
      vertex -41.6128 -45.9594 4.75
    endloop
  endfacet
  facet normal 0.659482 -0.751721 0
    outer loop
      vertex -41.308 -45.692 4.75
      vertex -41.6128 -45.9594 2.2
      vertex -41.308 -45.692 2.2
    endloop
  endfacet
  facet normal 0.896928 -0.442176 0
    outer loop
      vertex -40.8153 -45.05 4.75
      vertex -40.636 -44.6863 2.2
      vertex -40.636 -44.6863 4.75
    endloop
  endfacet
  facet normal 0.896928 -0.442176 0
    outer loop
      vertex -40.636 -44.6863 2.2
      vertex -40.8153 -45.05 4.75
      vertex -40.8153 -45.05 2.2
    endloop
  endfacet
  facet normal -0.321549 -0.946893 0
    outer loop
      vertex -44.6863 -46.364 4
      vertex -44.3023 -46.4944 4.75
      vertex -44.6863 -46.364 4.75
    endloop
  endfacet
  facet normal -0.321549 -0.946893 -0
    outer loop
      vertex -44.3023 -46.4944 4.75
      vertex -44.6863 -46.364 4
      vertex -44.3023 -46.4944 4
    endloop
  endfacet
  facet normal -0.0653568 -0.997862 0
    outer loop
      vertex -43.9046 -46.5735 4
      vertex -43.5 -46.6 4.75
      vertex -43.9046 -46.5735 4.75
    endloop
  endfacet
  facet normal -0.0653568 -0.997862 -0
    outer loop
      vertex -43.5 -46.6 4.75
      vertex -43.9046 -46.5735 4
      vertex -43.5 -46.6 4
    endloop
  endfacet
  facet normal -0.555553 -0.831481 1.20333e-05
    outer loop
      vertex -45.3872 -45.9594 4.75
      vertex -45.3046 -46.0146 4
      vertex -45.05 -46.1847 4.75
    endloop
  endfacet
  facet normal -0.555629 -0.83143 0
    outer loop
      vertex -45.3872 -45.9594 2.2
      vertex -45.3046 -46.0146 4
      vertex -45.3872 -45.9594 4.75
    endloop
  endfacet
  facet normal -0.555629 -0.83143 -0
    outer loop
      vertex -45.3046 -46.0146 4
      vertex -45.3872 -45.9594 2.2
      vertex -45.3046 -46.0146 2.2
    endloop
  endfacet
  facet normal -0.555529 -0.831497 -0
    outer loop
      vertex -45.05 -46.1847 4.75
      vertex -45.3046 -46.0146 4
      vertex -45.05 -46.1847 4
    endloop
  endfacet
  facet normal -0.83143 -0.555629 0
    outer loop
      vertex -46.0146 -45.3046 2.2
      vertex -45.9594 -45.3872 2.2
      vertex -46.0146 -45.3046 4
    endloop
  endfacet
  facet normal -0.831497 -0.555529 0
    outer loop
      vertex -46.0146 -45.3046 4
      vertex -46.1847 -45.05 4.75
      vertex -46.1847 -45.05 4
    endloop
  endfacet
  facet normal -0.831481 -0.555553 1.20333e-05
    outer loop
      vertex -46.0146 -45.3046 4
      vertex -45.9594 -45.3872 4.75
      vertex -46.1847 -45.05 4.75
    endloop
  endfacet
  facet normal -0.83143 -0.555629 -0
    outer loop
      vertex -45.9594 -45.3872 4.75
      vertex -46.0146 -45.3046 4
      vertex -45.9594 -45.3872 2.2
    endloop
  endfacet
  facet normal -0.195073 -0.980789 0
    outer loop
      vertex -44.3023 -46.4944 4
      vertex -43.9046 -46.5735 4.75
      vertex -44.3023 -46.4944 4.75
    endloop
  endfacet
  facet normal -0.195073 -0.980789 -0
    outer loop
      vertex -43.9046 -46.5735 4.75
      vertex -44.3023 -46.4944 4
      vertex -43.9046 -46.5735 4
    endloop
  endfacet
  facet normal -0.442176 -0.896928 0
    outer loop
      vertex -45.05 -46.1847 4
      vertex -44.6863 -46.364 4.75
      vertex -45.05 -46.1847 4.75
    endloop
  endfacet
  facet normal -0.442176 -0.896928 -0
    outer loop
      vertex -44.6863 -46.364 4.75
      vertex -45.05 -46.1847 4
      vertex -44.6863 -46.364 4
    endloop
  endfacet
  facet normal -0.99785 -0.0655331 0
    outer loop
      vertex -41.75 -43.5 2.2
      vertex -41.765 -43.2716 4.75
      vertex -41.765 -43.2716 2.2
    endloop
  endfacet
  facet normal -0.99785 -0.0655331 0
    outer loop
      vertex -41.765 -43.2716 4.75
      vertex -41.75 -43.5 2.2
      vertex -41.75 -43.5 4.75
    endloop
  endfacet
  facet normal 0.99785 -0.0655331 0
    outer loop
      vertex -45.25 -43.5 4.75
      vertex -45.235 -43.2716 2.2
      vertex -45.235 -43.2716 4.75
    endloop
  endfacet
  facet normal 0.99785 -0.0655331 0
    outer loop
      vertex -45.235 -43.2716 2.2
      vertex -45.25 -43.5 4.75
      vertex -45.25 -43.5 2.2
    endloop
  endfacet
  facet normal -0.0655331 -0.99785 0
    outer loop
      vertex -43.5 -41.75 2.2
      vertex -43.2716 -41.765 4.75
      vertex -43.5 -41.75 4.75
    endloop
  endfacet
  facet normal -0.0655331 -0.99785 -0
    outer loop
      vertex -43.2716 -41.765 4.75
      vertex -43.5 -41.75 2.2
      vertex -43.2716 -41.765 2.2
    endloop
  endfacet
  facet normal -0.659524 -0.751683 0
    outer loop
      vertex -42.4347 -42.1116 2.2
      vertex -42.2626 -42.2626 4.75
      vertex -42.4347 -42.1116 4.75
    endloop
  endfacet
  facet normal -0.659524 -0.751683 -0
    outer loop
      vertex -42.2626 -42.2626 4.75
      vertex -42.4347 -42.1116 2.2
      vertex -42.2626 -42.2626 2.2
    endloop
  endfacet
  facet normal 0.659524 -0.751683 0
    outer loop
      vertex -44.7374 -42.2626 2.2
      vertex -44.5653 -42.1116 4.75
      vertex -44.7374 -42.2626 4.75
    endloop
  endfacet
  facet normal 0.659524 -0.751683 0
    outer loop
      vertex -44.5653 -42.1116 4.75
      vertex -44.7374 -42.2626 2.2
      vertex -44.5653 -42.1116 2.2
    endloop
  endfacet
  facet normal 0.321464 -0.946922 0
    outer loop
      vertex -44.1697 -41.8832 2.2
      vertex -43.9529 -41.8096 4.75
      vertex -44.1697 -41.8832 4.75
    endloop
  endfacet
  facet normal 0.321464 -0.946922 0
    outer loop
      vertex -43.9529 -41.8096 4.75
      vertex -44.1697 -41.8832 2.2
      vertex -43.9529 -41.8096 2.2
    endloop
  endfacet
  facet normal 0.980832 0.194856 0
    outer loop
      vertex -45.1904 -43.9529 4.75
      vertex -45.235 -43.7284 2.2
      vertex -45.235 -43.7284 4.75
    endloop
  endfacet
  facet normal 0.980832 0.194856 0
    outer loop
      vertex -45.235 -43.7284 2.2
      vertex -45.1904 -43.9529 4.75
      vertex -45.1904 -43.9529 2.2
    endloop
  endfacet
  facet normal -0.896774 -0.44249 0
    outer loop
      vertex -41.8832 -42.8303 2.2
      vertex -41.9845 -42.625 4.75
      vertex -41.9845 -42.625 2.2
    endloop
  endfacet
  facet normal -0.896774 -0.44249 0
    outer loop
      vertex -41.9845 -42.625 4.75
      vertex -41.8832 -42.8303 2.2
      vertex -41.8832 -42.8303 4.75
    endloop
  endfacet
  facet normal -0.831579 -0.555406 0
    outer loop
      vertex -41.9845 -42.625 2.2
      vertex -42.1116 -42.4347 4.75
      vertex -42.1116 -42.4347 2.2
    endloop
  endfacet
  facet normal -0.831579 -0.555406 0
    outer loop
      vertex -42.1116 -42.4347 4.75
      vertex -41.9845 -42.625 2.2
      vertex -41.9845 -42.625 4.75
    endloop
  endfacet
  facet normal -0.44249 -0.896774 0
    outer loop
      vertex -42.8303 -41.8832 2.2
      vertex -42.625 -41.9845 4.75
      vertex -42.8303 -41.8832 4.75
    endloop
  endfacet
  facet normal -0.44249 -0.896774 -0
    outer loop
      vertex -42.625 -41.9845 4.75
      vertex -42.8303 -41.8832 2.2
      vertex -42.625 -41.9845 2.2
    endloop
  endfacet
  facet normal -0.555406 -0.831579 0
    outer loop
      vertex -42.625 -41.9845 2.2
      vertex -42.4347 -42.1116 4.75
      vertex -42.625 -41.9845 4.75
    endloop
  endfacet
  facet normal -0.555406 -0.831579 -0
    outer loop
      vertex -42.4347 -42.1116 4.75
      vertex -42.625 -41.9845 2.2
      vertex -42.4347 -42.1116 2.2
    endloop
  endfacet
  facet normal 0.896774 -0.44249 0
    outer loop
      vertex -45.1168 -42.8303 4.75
      vertex -45.0155 -42.625 2.2
      vertex -45.0155 -42.625 4.75
    endloop
  endfacet
  facet normal 0.896774 -0.44249 0
    outer loop
      vertex -45.0155 -42.625 2.2
      vertex -45.1168 -42.8303 4.75
      vertex -45.1168 -42.8303 2.2
    endloop
  endfacet
  facet normal 0.831579 -0.555406 0
    outer loop
      vertex -45.0155 -42.625 4.75
      vertex -44.8884 -42.4347 2.2
      vertex -44.8884 -42.4347 4.75
    endloop
  endfacet
  facet normal 0.831579 -0.555406 0
    outer loop
      vertex -44.8884 -42.4347 2.2
      vertex -45.0155 -42.625 4.75
      vertex -45.0155 -42.625 2.2
    endloop
  endfacet
  facet normal 0.44249 -0.896774 0
    outer loop
      vertex -44.375 -41.9845 2.2
      vertex -44.1697 -41.8832 4.75
      vertex -44.375 -41.9845 4.75
    endloop
  endfacet
  facet normal 0.44249 -0.896774 0
    outer loop
      vertex -44.1697 -41.8832 4.75
      vertex -44.375 -41.9845 2.2
      vertex -44.1697 -41.8832 2.2
    endloop
  endfacet
  facet normal 0.0655331 -0.99785 0
    outer loop
      vertex -43.7284 -41.765 2.2
      vertex -43.5 -41.75 4.75
      vertex -43.7284 -41.765 4.75
    endloop
  endfacet
  facet normal 0.0655331 -0.99785 0
    outer loop
      vertex -43.5 -41.75 4.75
      vertex -43.7284 -41.765 2.2
      vertex -43.5 -41.75 2.2
    endloop
  endfacet
  facet normal -0.946922 0.321464 0
    outer loop
      vertex -41.8832 -44.1697 2.2
      vertex -41.8096 -43.9529 4.75
      vertex -41.8096 -43.9529 2.2
    endloop
  endfacet
  facet normal -0.946922 0.321464 0
    outer loop
      vertex -41.8096 -43.9529 4.75
      vertex -41.8832 -44.1697 2.2
      vertex -41.8832 -44.1697 4.75
    endloop
  endfacet
  facet normal -0.194856 0.980832 0
    outer loop
      vertex -43.0471 -45.1904 2.2
      vertex -43.2716 -45.235 4.75
      vertex -43.0471 -45.1904 4.75
    endloop
  endfacet
  facet normal -0.194856 0.980832 0
    outer loop
      vertex -43.2716 -45.235 4.75
      vertex -43.0471 -45.1904 2.2
      vertex -43.2716 -45.235 2.2
    endloop
  endfacet
  facet normal -0.0655331 0.99785 0
    outer loop
      vertex -43.2716 -45.235 2.2
      vertex -43.5 -45.25 4.75
      vertex -43.2716 -45.235 4.75
    endloop
  endfacet
  facet normal -0.0655331 0.99785 0
    outer loop
      vertex -43.5 -45.25 4.75
      vertex -43.2716 -45.235 2.2
      vertex -43.5 -45.25 2.2
    endloop
  endfacet
  facet normal -0.751683 0.659524 0
    outer loop
      vertex -42.2626 -44.7374 2.2
      vertex -42.1116 -44.5653 4.75
      vertex -42.1116 -44.5653 2.2
    endloop
  endfacet
  facet normal -0.751683 0.659524 0
    outer loop
      vertex -42.1116 -44.5653 4.75
      vertex -42.2626 -44.7374 2.2
      vertex -42.2626 -44.7374 4.75
    endloop
  endfacet
  facet normal -0.896774 0.44249 0
    outer loop
      vertex -41.9845 -44.375 2.2
      vertex -41.8832 -44.1697 4.75
      vertex -41.8832 -44.1697 2.2
    endloop
  endfacet
  facet normal -0.896774 0.44249 0
    outer loop
      vertex -41.8832 -44.1697 4.75
      vertex -41.9845 -44.375 2.2
      vertex -41.9845 -44.375 4.75
    endloop
  endfacet
  facet normal 0.321464 0.946922 -0
    outer loop
      vertex -43.9529 -45.1904 2.2
      vertex -44.1697 -45.1168 4.75
      vertex -43.9529 -45.1904 4.75
    endloop
  endfacet
  facet normal 0.321464 0.946922 0
    outer loop
      vertex -44.1697 -45.1168 4.75
      vertex -43.9529 -45.1904 2.2
      vertex -44.1697 -45.1168 2.2
    endloop
  endfacet
  facet normal 0.896774 0.44249 0
    outer loop
      vertex -45.0155 -44.375 4.75
      vertex -45.1168 -44.1697 2.2
      vertex -45.1168 -44.1697 4.75
    endloop
  endfacet
  facet normal 0.896774 0.44249 0
    outer loop
      vertex -45.1168 -44.1697 2.2
      vertex -45.0155 -44.375 4.75
      vertex -45.0155 -44.375 2.2
    endloop
  endfacet
  facet normal 0.831579 0.555406 0
    outer loop
      vertex -44.8884 -44.5653 4.75
      vertex -45.0155 -44.375 2.2
      vertex -45.0155 -44.375 4.75
    endloop
  endfacet
  facet normal 0.831579 0.555406 0
    outer loop
      vertex -45.0155 -44.375 2.2
      vertex -44.8884 -44.5653 4.75
      vertex -44.8884 -44.5653 2.2
    endloop
  endfacet
  facet normal 0.99785 0.0655331 0
    outer loop
      vertex -45.235 -43.7284 4.75
      vertex -45.25 -43.5 2.2
      vertex -45.25 -43.5 4.75
    endloop
  endfacet
  facet normal 0.99785 0.0655331 0
    outer loop
      vertex -45.25 -43.5 2.2
      vertex -45.235 -43.7284 4.75
      vertex -45.235 -43.7284 2.2
    endloop
  endfacet
  facet normal -0.946922 -0.321464 0
    outer loop
      vertex -41.8096 -43.0471 2.2
      vertex -41.8832 -42.8303 4.75
      vertex -41.8832 -42.8303 2.2
    endloop
  endfacet
  facet normal -0.946922 -0.321464 0
    outer loop
      vertex -41.8832 -42.8303 4.75
      vertex -41.8096 -43.0471 2.2
      vertex -41.8096 -43.0471 4.75
    endloop
  endfacet
  facet normal -0.980832 -0.194856 0
    outer loop
      vertex -41.765 -43.2716 2.2
      vertex -41.8096 -43.0471 4.75
      vertex -41.8096 -43.0471 2.2
    endloop
  endfacet
  facet normal -0.980832 -0.194856 0
    outer loop
      vertex -41.8096 -43.0471 4.75
      vertex -41.765 -43.2716 2.2
      vertex -41.765 -43.2716 4.75
    endloop
  endfacet
  facet normal -0.751683 -0.659524 0
    outer loop
      vertex -42.1116 -42.4347 2.2
      vertex -42.2626 -42.2626 4.75
      vertex -42.2626 -42.2626 2.2
    endloop
  endfacet
  facet normal -0.751683 -0.659524 0
    outer loop
      vertex -42.2626 -42.2626 4.75
      vertex -42.1116 -42.4347 2.2
      vertex -42.1116 -42.4347 4.75
    endloop
  endfacet
  facet normal -0.321464 -0.946922 0
    outer loop
      vertex -43.0471 -41.8096 2.2
      vertex -42.8303 -41.8832 4.75
      vertex -43.0471 -41.8096 4.75
    endloop
  endfacet
  facet normal -0.321464 -0.946922 -0
    outer loop
      vertex -42.8303 -41.8832 4.75
      vertex -43.0471 -41.8096 2.2
      vertex -42.8303 -41.8832 2.2
    endloop
  endfacet
  facet normal -0.194856 -0.980832 0
    outer loop
      vertex -43.2716 -41.765 2.2
      vertex -43.0471 -41.8096 4.75
      vertex -43.2716 -41.765 4.75
    endloop
  endfacet
  facet normal -0.194856 -0.980832 -0
    outer loop
      vertex -43.0471 -41.8096 4.75
      vertex -43.2716 -41.765 2.2
      vertex -43.0471 -41.8096 2.2
    endloop
  endfacet
  facet normal 0.751683 -0.659524 0
    outer loop
      vertex -44.8884 -42.4347 4.75
      vertex -44.7374 -42.2626 2.2
      vertex -44.7374 -42.2626 4.75
    endloop
  endfacet
  facet normal 0.751683 -0.659524 0
    outer loop
      vertex -44.7374 -42.2626 2.2
      vertex -44.8884 -42.4347 4.75
      vertex -44.8884 -42.4347 2.2
    endloop
  endfacet
  facet normal 0.980832 -0.194856 0
    outer loop
      vertex -45.235 -43.2716 4.75
      vertex -45.1904 -43.0471 2.2
      vertex -45.1904 -43.0471 4.75
    endloop
  endfacet
  facet normal 0.980832 -0.194856 0
    outer loop
      vertex -45.1904 -43.0471 2.2
      vertex -45.235 -43.2716 4.75
      vertex -45.235 -43.2716 2.2
    endloop
  endfacet
  facet normal -0.44249 0.896774 0
    outer loop
      vertex -42.625 -45.0155 2.2
      vertex -42.8303 -45.1168 4.75
      vertex -42.625 -45.0155 4.75
    endloop
  endfacet
  facet normal -0.44249 0.896774 0
    outer loop
      vertex -42.8303 -45.1168 4.75
      vertex -42.625 -45.0155 2.2
      vertex -42.8303 -45.1168 2.2
    endloop
  endfacet
  facet normal -0.659524 0.751683 0
    outer loop
      vertex -42.2626 -44.7374 2.2
      vertex -42.4347 -44.8884 4.75
      vertex -42.2626 -44.7374 4.75
    endloop
  endfacet
  facet normal -0.659524 0.751683 0
    outer loop
      vertex -42.4347 -44.8884 4.75
      vertex -42.2626 -44.7374 2.2
      vertex -42.4347 -44.8884 2.2
    endloop
  endfacet
  facet normal -0.555406 0.831579 0
    outer loop
      vertex -42.4347 -44.8884 2.2
      vertex -42.625 -45.0155 4.75
      vertex -42.4347 -44.8884 4.75
    endloop
  endfacet
  facet normal -0.555406 0.831579 0
    outer loop
      vertex -42.625 -45.0155 4.75
      vertex -42.4347 -44.8884 2.2
      vertex -42.625 -45.0155 2.2
    endloop
  endfacet
  facet normal -0.831579 0.555406 0
    outer loop
      vertex -42.1116 -44.5653 2.2
      vertex -41.9845 -44.375 4.75
      vertex -41.9845 -44.375 2.2
    endloop
  endfacet
  facet normal -0.831579 0.555406 0
    outer loop
      vertex -41.9845 -44.375 4.75
      vertex -42.1116 -44.5653 2.2
      vertex -42.1116 -44.5653 4.75
    endloop
  endfacet
  facet normal 0.555406 0.831579 -0
    outer loop
      vertex -44.375 -45.0155 2.2
      vertex -44.5653 -44.8884 4.75
      vertex -44.375 -45.0155 4.75
    endloop
  endfacet
  facet normal 0.555406 0.831579 0
    outer loop
      vertex -44.5653 -44.8884 4.75
      vertex -44.375 -45.0155 2.2
      vertex -44.5653 -44.8884 2.2
    endloop
  endfacet
  facet normal 0.659524 0.751683 -0
    outer loop
      vertex -44.5653 -44.8884 2.2
      vertex -44.7374 -44.7374 4.75
      vertex -44.5653 -44.8884 4.75
    endloop
  endfacet
  facet normal 0.659524 0.751683 0
    outer loop
      vertex -44.7374 -44.7374 4.75
      vertex -44.5653 -44.8884 2.2
      vertex -44.7374 -44.7374 2.2
    endloop
  endfacet
  facet normal 0.44249 0.896774 -0
    outer loop
      vertex -44.1697 -45.1168 2.2
      vertex -44.375 -45.0155 4.75
      vertex -44.1697 -45.1168 4.75
    endloop
  endfacet
  facet normal 0.44249 0.896774 0
    outer loop
      vertex -44.375 -45.0155 4.75
      vertex -44.1697 -45.1168 2.2
      vertex -44.375 -45.0155 2.2
    endloop
  endfacet
  facet normal 0.0655331 0.99785 -0
    outer loop
      vertex -43.5 -45.25 2.2
      vertex -43.7284 -45.235 4.75
      vertex -43.5 -45.25 4.75
    endloop
  endfacet
  facet normal 0.0655331 0.99785 0
    outer loop
      vertex -43.7284 -45.235 4.75
      vertex -43.5 -45.25 2.2
      vertex -43.7284 -45.235 2.2
    endloop
  endfacet
  facet normal 0.751683 0.659524 0
    outer loop
      vertex -44.7374 -44.7374 4.75
      vertex -44.8884 -44.5653 2.2
      vertex -44.8884 -44.5653 4.75
    endloop
  endfacet
  facet normal 0.751683 0.659524 0
    outer loop
      vertex -44.8884 -44.5653 2.2
      vertex -44.7374 -44.7374 4.75
      vertex -44.7374 -44.7374 2.2
    endloop
  endfacet
  facet normal 0.946922 -0.321464 0
    outer loop
      vertex -45.1904 -43.0471 4.75
      vertex -45.1168 -42.8303 2.2
      vertex -45.1168 -42.8303 4.75
    endloop
  endfacet
  facet normal 0.946922 -0.321464 0
    outer loop
      vertex -45.1168 -42.8303 2.2
      vertex -45.1904 -43.0471 4.75
      vertex -45.1904 -43.0471 2.2
    endloop
  endfacet
  facet normal 0.555406 -0.831579 0
    outer loop
      vertex -44.5653 -42.1116 2.2
      vertex -44.375 -41.9845 4.75
      vertex -44.5653 -42.1116 4.75
    endloop
  endfacet
  facet normal 0.555406 -0.831579 0
    outer loop
      vertex -44.375 -41.9845 4.75
      vertex -44.5653 -42.1116 2.2
      vertex -44.375 -41.9845 2.2
    endloop
  endfacet
  facet normal 0.194856 -0.980832 0
    outer loop
      vertex -43.9529 -41.8096 2.2
      vertex -43.7284 -41.765 4.75
      vertex -43.9529 -41.8096 4.75
    endloop
  endfacet
  facet normal 0.194856 -0.980832 0
    outer loop
      vertex -43.7284 -41.765 4.75
      vertex -43.9529 -41.8096 2.2
      vertex -43.7284 -41.765 2.2
    endloop
  endfacet
  facet normal -0.321464 0.946922 0
    outer loop
      vertex -42.8303 -45.1168 2.2
      vertex -43.0471 -45.1904 4.75
      vertex -42.8303 -45.1168 4.75
    endloop
  endfacet
  facet normal -0.321464 0.946922 0
    outer loop
      vertex -43.0471 -45.1904 4.75
      vertex -42.8303 -45.1168 2.2
      vertex -43.0471 -45.1904 2.2
    endloop
  endfacet
  facet normal -0.980832 0.194856 0
    outer loop
      vertex -41.8096 -43.9529 2.2
      vertex -41.765 -43.7284 4.75
      vertex -41.765 -43.7284 2.2
    endloop
  endfacet
  facet normal -0.980832 0.194856 0
    outer loop
      vertex -41.765 -43.7284 4.75
      vertex -41.8096 -43.9529 2.2
      vertex -41.8096 -43.9529 4.75
    endloop
  endfacet
  facet normal 0.194856 0.980832 -0
    outer loop
      vertex -43.7284 -45.235 2.2
      vertex -43.9529 -45.1904 4.75
      vertex -43.7284 -45.235 4.75
    endloop
  endfacet
  facet normal 0.194856 0.980832 0
    outer loop
      vertex -43.9529 -45.1904 4.75
      vertex -43.7284 -45.235 2.2
      vertex -43.9529 -45.1904 2.2
    endloop
  endfacet
  facet normal 0.946922 0.321464 0
    outer loop
      vertex -45.1168 -44.1697 4.75
      vertex -45.1904 -43.9529 2.2
      vertex -45.1904 -43.9529 4.75
    endloop
  endfacet
  facet normal 0.946922 0.321464 0
    outer loop
      vertex -45.1904 -43.9529 2.2
      vertex -45.1168 -44.1697 4.75
      vertex -45.1168 -44.1697 2.2
    endloop
  endfacet
  facet normal -0.99785 0.0655331 0
    outer loop
      vertex -41.765 -43.7284 2.2
      vertex -41.75 -43.5 4.75
      vertex -41.75 -43.5 2.2
    endloop
  endfacet
  facet normal -0.99785 0.0655331 0
    outer loop
      vertex -41.75 -43.5 4.75
      vertex -41.765 -43.7284 2.2
      vertex -41.765 -43.7284 4.75
    endloop
  endfacet
  facet normal 0.997862 0.0653568 0
    outer loop
      vertex -40.4 43.5 4.75
      vertex -40.4265 43.9046 2.2
      vertex -40.4265 43.9046 4.75
    endloop
  endfacet
  facet normal 0.997862 0.0653568 0
    outer loop
      vertex -40.4265 43.9046 2.2
      vertex -40.4 43.5 4.75
      vertex -40.4 43.5 2.2
    endloop
  endfacet
  facet normal -0.997862 0.0653568 0
    outer loop
      vertex -46.6 43.5 4
      vertex -46.5735 43.9046 4.75
      vertex -46.5735 43.9046 4
    endloop
  endfacet
  facet normal -0.997862 0.0653568 0
    outer loop
      vertex -46.5735 43.9046 4.75
      vertex -46.6 43.5 4
      vertex -46.6 43.5 4.75
    endloop
  endfacet
  facet normal -0.0653568 0.997862 0
    outer loop
      vertex -43.5 46.6 4
      vertex -43.9046 46.5735 4.75
      vertex -43.5 46.6 4.75
    endloop
  endfacet
  facet normal -0.0653568 0.997862 0
    outer loop
      vertex -43.9046 46.5735 4.75
      vertex -43.5 46.6 4
      vertex -43.9046 46.5735 4
    endloop
  endfacet
  facet normal 0.0653568 -0.997862 0
    outer loop
      vertex -43.5 40.4 2.2
      vertex -43.0954 40.4265 4.75
      vertex -43.5 40.4 4.75
    endloop
  endfacet
  facet normal 0.0653568 -0.997862 0
    outer loop
      vertex -43.0954 40.4265 4.75
      vertex -43.5 40.4 2.2
      vertex -43.0954 40.4265 2.2
    endloop
  endfacet
  facet normal 0.659482 0.751721 -0
    outer loop
      vertex -41.308 45.692 2.2
      vertex -41.6128 45.9594 4.75
      vertex -41.308 45.692 4.75
    endloop
  endfacet
  facet normal 0.659482 0.751721 0
    outer loop
      vertex -41.6128 45.9594 4.75
      vertex -41.308 45.692 2.2
      vertex -41.6128 45.9594 2.2
    endloop
  endfacet
  facet normal -0.659482 0.751721 0
    outer loop
      vertex -45.3872 45.9594 2.2
      vertex -45.692 45.692 4.75
      vertex -45.3872 45.9594 4.75
    endloop
  endfacet
  facet normal -0.659482 0.751721 0
    outer loop
      vertex -45.692 45.692 4.75
      vertex -45.3872 45.9594 2.2
      vertex -45.692 45.692 2.2
    endloop
  endfacet
  facet normal -0.321549 0.946893 0
    outer loop
      vertex -44.3023 46.4944 4
      vertex -44.6863 46.364 4.75
      vertex -44.3023 46.4944 4.75
    endloop
  endfacet
  facet normal -0.321549 0.946893 0
    outer loop
      vertex -44.6863 46.364 4.75
      vertex -44.3023 46.4944 4
      vertex -44.6863 46.364 4
    endloop
  endfacet
  facet normal 0.896928 0.442176 0
    outer loop
      vertex -40.636 44.6863 4.75
      vertex -40.8153 45.05 2.2
      vertex -40.8153 45.05 4.75
    endloop
  endfacet
  facet normal 0.896928 0.442176 0
    outer loop
      vertex -40.8153 45.05 2.2
      vertex -40.636 44.6863 4.75
      vertex -40.636 44.6863 2.2
    endloop
  endfacet
  facet normal 0.321549 0.946893 -0
    outer loop
      vertex -42.3137 46.364 4
      vertex -42.6977 46.4944 4.75
      vertex -42.3137 46.364 4.75
    endloop
  endfacet
  facet normal 0.321549 0.946893 0
    outer loop
      vertex -42.6977 46.4944 4.75
      vertex -42.3137 46.364 4
      vertex -42.6977 46.4944 4
    endloop
  endfacet
  facet normal 0.195073 0.980789 -0
    outer loop
      vertex -42.6977 46.4944 4
      vertex -43.0954 46.5735 4.75
      vertex -42.6977 46.4944 4.75
    endloop
  endfacet
  facet normal 0.195073 0.980789 0
    outer loop
      vertex -43.0954 46.5735 4.75
      vertex -42.6977 46.4944 4
      vertex -43.0954 46.5735 4
    endloop
  endfacet
  facet normal 0.442176 0.896928 -0
    outer loop
      vertex -41.95 46.1847 4
      vertex -42.3137 46.364 4.75
      vertex -41.95 46.1847 4.75
    endloop
  endfacet
  facet normal 0.442176 0.896928 0
    outer loop
      vertex -42.3137 46.364 4.75
      vertex -41.95 46.1847 4
      vertex -42.3137 46.364 4
    endloop
  endfacet
  facet normal -0.83143 0.555629 0
    outer loop
      vertex -46.0146 45.3046 4
      vertex -45.9594 45.3872 2.2
      vertex -46.0146 45.3046 2.2
    endloop
  endfacet
  facet normal -0.83143 0.555629 0
    outer loop
      vertex -45.9594 45.3872 2.2
      vertex -46.0146 45.3046 4
      vertex -45.9594 45.3872 4.75
    endloop
  endfacet
  facet normal -0.831497 0.555529 0
    outer loop
      vertex -46.1847 45.05 4.75
      vertex -46.0146 45.3046 4
      vertex -46.1847 45.05 4
    endloop
  endfacet
  facet normal -0.831481 0.555553 1.20333e-05
    outer loop
      vertex -46.0146 45.3046 4
      vertex -46.1847 45.05 4.75
      vertex -45.9594 45.3872 4.75
    endloop
  endfacet
  facet normal -0.751721 0.659482 0
    outer loop
      vertex -45.9594 45.3872 2.2
      vertex -45.692 45.692 4.75
      vertex -45.692 45.692 2.2
    endloop
  endfacet
  facet normal -0.751721 0.659482 0
    outer loop
      vertex -45.692 45.692 4.75
      vertex -45.9594 45.3872 2.2
      vertex -45.9594 45.3872 4.75
    endloop
  endfacet
  facet normal 0 0 1
    outer loop
      vertex -41.75 43.5 4.75
      vertex -40.4 43.5 4.75
      vertex -40.4265 43.9046 4.75
    endloop
  endfacet
  facet normal 0 0 1
    outer loop
      vertex -41.765 43.7284 4.75
      vertex -40.4265 43.9046 4.75
      vertex -40.5056 44.3023 4.75
    endloop
  endfacet
  facet normal 0 0 1
    outer loop
      vertex -40.4 43.5 4.75
      vertex -41.75 43.5 4.75
      vertex -40.4265 43.0954 4.75
    endloop
  endfacet
  facet normal 0 0 1
    outer loop
      vertex -41.8096 43.9529 4.75
      vertex -40.5056 44.3023 4.75
      vertex -40.636 44.6863 4.75
    endloop
  endfacet
  facet normal -0 0 1
    outer loop
      vertex -41.765 43.2716 4.75
      vertex -40.4265 43.0954 4.75
      vertex -41.75 43.5 4.75
    endloop
  endfacet
  facet normal 0 0 1
    outer loop
      vertex -41.8832 44.1697 4.75
      vertex -40.636 44.6863 4.75
      vertex -40.8153 45.05 4.75
    endloop
  endfacet
  facet normal 0 0 1
    outer loop
      vertex -40.4265 43.0954 4.75
      vertex -41.765 43.2716 4.75
      vertex -40.5056 42.6977 4.75
    endloop
  endfacet
  facet normal 0 0 1
    outer loop
      vertex -41.9845 44.375 4.75
      vertex -40.8153 45.05 4.75
      vertex -41.0406 45.3872 4.75
    endloop
  endfacet
  facet normal -0 0 1
    outer loop
      vertex -41.8096 43.0471 4.75
      vertex -40.5056 42.6977 4.75
      vertex -41.765 43.2716 4.75
    endloop
  endfacet
  facet normal 0 0 1
    outer loop
      vertex -42.1116 44.5653 4.75
      vertex -41.0406 45.3872 4.75
      vertex -41.308 45.692 4.75
    endloop
  endfacet
  facet normal 0 0 1
    outer loop
      vertex -40.5056 42.6977 4.75
      vertex -41.8096 43.0471 4.75
      vertex -40.636 42.3137 4.75
    endloop
  endfacet
  facet normal 0 0 1
    outer loop
      vertex -42.2626 44.7374 4.75
      vertex -41.308 45.692 4.75
      vertex -41.6128 45.9594 4.75
    endloop
  endfacet
  facet normal -0 0 1
    outer loop
      vertex -41.8832 42.8303 4.75
      vertex -40.636 42.3137 4.75
      vertex -41.8096 43.0471 4.75
    endloop
  endfacet
  facet normal 0 0 1
    outer loop
      vertex -40.636 42.3137 4.75
      vertex -41.8832 42.8303 4.75
      vertex -40.8153 41.95 4.75
    endloop
  endfacet
  facet normal 0 0 1
    outer loop
      vertex -40.4265 43.9046 4.75
      vertex -41.765 43.7284 4.75
      vertex -41.75 43.5 4.75
    endloop
  endfacet
  facet normal 0 0 1
    outer loop
      vertex -40.5056 44.3023 4.75
      vertex -41.8096 43.9529 4.75
      vertex -41.765 43.7284 4.75
    endloop
  endfacet
  facet normal 0 0 1
    outer loop
      vertex -40.636 44.6863 4.75
      vertex -41.8832 44.1697 4.75
      vertex -41.8096 43.9529 4.75
    endloop
  endfacet
  facet normal 0 0 1
    outer loop
      vertex -42.4347 44.8884 4.75
      vertex -41.6128 45.9594 4.75
      vertex -41.95 46.1847 4.75
    endloop
  endfacet
  facet normal 0 0 1
    outer loop
      vertex -40.8153 45.05 4.75
      vertex -41.9845 44.375 4.75
      vertex -41.8832 44.1697 4.75
    endloop
  endfacet
  facet normal 0 0 1
    outer loop
      vertex -41.0406 45.3872 4.75
      vertex -42.1116 44.5653 4.75
      vertex -41.9845 44.375 4.75
    endloop
  endfacet
  facet normal 0 0 1
    outer loop
      vertex -41.308 45.692 4.75
      vertex -42.2626 44.7374 4.75
      vertex -42.1116 44.5653 4.75
    endloop
  endfacet
  facet normal 0 0 1
    outer loop
      vertex -42.625 45.0155 4.75
      vertex -41.95 46.1847 4.75
      vertex -42.3137 46.364 4.75
    endloop
  endfacet
  facet normal 0 0 1
    outer loop
      vertex -41.6128 45.9594 4.75
      vertex -42.4347 44.8884 4.75
      vertex -42.2626 44.7374 4.75
    endloop
  endfacet
  facet normal 0 0 1
    outer loop
      vertex -41.95 46.1847 4.75
      vertex -42.625 45.0155 4.75
      vertex -42.4347 44.8884 4.75
    endloop
  endfacet
  facet normal 0 0 1
    outer loop
      vertex -42.8303 45.1168 4.75
      vertex -42.3137 46.364 4.75
      vertex -42.6977 46.4944 4.75
    endloop
  endfacet
  facet normal 0 0 1
    outer loop
      vertex -42.3137 46.364 4.75
      vertex -42.8303 45.1168 4.75
      vertex -42.625 45.0155 4.75
    endloop
  endfacet
  facet normal 0 0 1
    outer loop
      vertex -42.6977 46.4944 4.75
      vertex -43.0471 45.1904 4.75
      vertex -42.8303 45.1168 4.75
    endloop
  endfacet
  facet normal 0 0 1
    outer loop
      vertex -43.0954 46.5735 4.75
      vertex -43.0471 45.1904 4.75
      vertex -42.6977 46.4944 4.75
    endloop
  endfacet
  facet normal 0 0 1
    outer loop
      vertex -43.0954 46.5735 4.75
      vertex -43.2716 45.235 4.75
      vertex -43.0471 45.1904 4.75
    endloop
  endfacet
  facet normal 0 0 1
    outer loop
      vertex -43.5 46.6 4.75
      vertex -43.2716 45.235 4.75
      vertex -43.0954 46.5735 4.75
    endloop
  endfacet
  facet normal 0 0 1
    outer loop
      vertex -43.5 46.6 4.75
      vertex -43.5 45.25 4.75
      vertex -43.2716 45.235 4.75
    endloop
  endfacet
  facet normal 0 0 1
    outer loop
      vertex -43.5 46.6 4.75
      vertex -43.7284 45.235 4.75
      vertex -43.5 45.25 4.75
    endloop
  endfacet
  facet normal -0 0 1
    outer loop
      vertex -43.9046 46.5735 4.75
      vertex -43.7284 45.235 4.75
      vertex -43.5 46.6 4.75
    endloop
  endfacet
  facet normal 0 0 1
    outer loop
      vertex -43.9046 46.5735 4.75
      vertex -43.9529 45.1904 4.75
      vertex -43.7284 45.235 4.75
    endloop
  endfacet
  facet normal -0 0 1
    outer loop
      vertex -44.3023 46.4944 4.75
      vertex -43.9529 45.1904 4.75
      vertex -43.9046 46.5735 4.75
    endloop
  endfacet
  facet normal 0 0 1
    outer loop
      vertex -43.9529 45.1904 4.75
      vertex -44.3023 46.4944 4.75
      vertex -44.1697 45.1168 4.75
    endloop
  endfacet
  facet normal -0 0 1
    outer loop
      vertex -44.6863 46.364 4.75
      vertex -44.1697 45.1168 4.75
      vertex -44.3023 46.4944 4.75
    endloop
  endfacet
  facet normal 0 0 1
    outer loop
      vertex -44.1697 45.1168 4.75
      vertex -44.6863 46.364 4.75
      vertex -44.375 45.0155 4.75
    endloop
  endfacet
  facet normal -0 0 1
    outer loop
      vertex -45.05 46.1847 4.75
      vertex -44.375 45.0155 4.75
      vertex -44.6863 46.364 4.75
    endloop
  endfacet
  facet normal 0 0 1
    outer loop
      vertex -44.375 45.0155 4.75
      vertex -45.05 46.1847 4.75
      vertex -44.5653 44.8884 4.75
    endloop
  endfacet
  facet normal -0 0 1
    outer loop
      vertex -45.3872 45.9594 4.75
      vertex -44.5653 44.8884 4.75
      vertex -45.05 46.1847 4.75
    endloop
  endfacet
  facet normal 0 0 1
    outer loop
      vertex -44.5653 44.8884 4.75
      vertex -45.3872 45.9594 4.75
      vertex -44.7374 44.7374 4.75
    endloop
  endfacet
  facet normal -0 0 1
    outer loop
      vertex -45.692 45.692 4.75
      vertex -44.7374 44.7374 4.75
      vertex -45.3872 45.9594 4.75
    endloop
  endfacet
  facet normal 0 0 1
    outer loop
      vertex -44.7374 44.7374 4.75
      vertex -45.692 45.692 4.75
      vertex -44.8884 44.5653 4.75
    endloop
  endfacet
  facet normal -0 0 1
    outer loop
      vertex -45.9594 45.3872 4.75
      vertex -44.8884 44.5653 4.75
      vertex -45.692 45.692 4.75
    endloop
  endfacet
  facet normal 0 0 1
    outer loop
      vertex -44.8884 44.5653 4.75
      vertex -45.9594 45.3872 4.75
      vertex -45.0155 44.375 4.75
    endloop
  endfacet
  facet normal 0 0 1
    outer loop
      vertex -45.0155 44.375 4.75
      vertex -46.1847 45.05 4.75
      vertex -45.1168 44.1697 4.75
    endloop
  endfacet
  facet normal -0 0 1
    outer loop
      vertex -46.1847 45.05 4.75
      vertex -45.0155 44.375 4.75
      vertex -45.9594 45.3872 4.75
    endloop
  endfacet
  facet normal -0 0 1
    outer loop
      vertex -41.9845 42.625 4.75
      vertex -40.8153 41.95 4.75
      vertex -41.8832 42.8303 4.75
    endloop
  endfacet
  facet normal 0 0 1
    outer loop
      vertex -40.8153 41.95 4.75
      vertex -41.9845 42.625 4.75
      vertex -41.0406 41.6128 4.75
    endloop
  endfacet
  facet normal -0 0 1
    outer loop
      vertex -42.1116 42.4347 4.75
      vertex -41.0406 41.6128 4.75
      vertex -41.9845 42.625 4.75
    endloop
  endfacet
  facet normal 0 0 1
    outer loop
      vertex -41.0406 41.6128 4.75
      vertex -42.1116 42.4347 4.75
      vertex -41.308 41.308 4.75
    endloop
  endfacet
  facet normal -0 0 1
    outer loop
      vertex -42.2626 42.2626 4.75
      vertex -41.308 41.308 4.75
      vertex -42.1116 42.4347 4.75
    endloop
  endfacet
  facet normal 0 0 1
    outer loop
      vertex -41.308 41.308 4.75
      vertex -42.2626 42.2626 4.75
      vertex -41.6128 41.0406 4.75
    endloop
  endfacet
  facet normal -0 0 1
    outer loop
      vertex -42.4347 42.1116 4.75
      vertex -41.6128 41.0406 4.75
      vertex -42.2626 42.2626 4.75
    endloop
  endfacet
  facet normal 0 0 1
    outer loop
      vertex -41.6128 41.0406 4.75
      vertex -42.4347 42.1116 4.75
      vertex -41.95 40.8153 4.75
    endloop
  endfacet
  facet normal -0 0 1
    outer loop
      vertex -42.625 41.9845 4.75
      vertex -41.95 40.8153 4.75
      vertex -42.4347 42.1116 4.75
    endloop
  endfacet
  facet normal 0 0 1
    outer loop
      vertex -41.95 40.8153 4.75
      vertex -42.625 41.9845 4.75
      vertex -42.3137 40.636 4.75
    endloop
  endfacet
  facet normal -0 0 1
    outer loop
      vertex -42.8303 41.8832 4.75
      vertex -42.3137 40.636 4.75
      vertex -42.625 41.9845 4.75
    endloop
  endfacet
  facet normal 0 0 1
    outer loop
      vertex -42.3137 40.636 4.75
      vertex -42.8303 41.8832 4.75
      vertex -42.6977 40.5056 4.75
    endloop
  endfacet
  facet normal -0 0 1
    outer loop
      vertex -43.0471 41.8096 4.75
      vertex -42.6977 40.5056 4.75
      vertex -42.8303 41.8832 4.75
    endloop
  endfacet
  facet normal 0 0 1
    outer loop
      vertex -43.0471 41.8096 4.75
      vertex -43.0954 40.4265 4.75
      vertex -42.6977 40.5056 4.75
    endloop
  endfacet
  facet normal -0 0 1
    outer loop
      vertex -43.2716 41.765 4.75
      vertex -43.0954 40.4265 4.75
      vertex -43.0471 41.8096 4.75
    endloop
  endfacet
  facet normal -0 0 1
    outer loop
      vertex -43.5 41.75 4.75
      vertex -43.0954 40.4265 4.75
      vertex -43.2716 41.765 4.75
    endloop
  endfacet
  facet normal 0 0 1
    outer loop
      vertex -43.5 41.75 4.75
      vertex -43.5 40.4 4.75
      vertex -43.0954 40.4265 4.75
    endloop
  endfacet
  facet normal 0 0 1
    outer loop
      vertex -43.7284 41.765 4.75
      vertex -43.5 40.4 4.75
      vertex -43.5 41.75 4.75
    endloop
  endfacet
  facet normal 0 0 1
    outer loop
      vertex -43.7284 41.765 4.75
      vertex -43.9046 40.4265 4.75
      vertex -43.5 40.4 4.75
    endloop
  endfacet
  facet normal 0 0 1
    outer loop
      vertex -43.9529 41.8096 4.75
      vertex -43.9046 40.4265 4.75
      vertex -43.7284 41.765 4.75
    endloop
  endfacet
  facet normal 0 0 1
    outer loop
      vertex -44.3023 40.5056 4.75
      vertex -43.9529 41.8096 4.75
      vertex -44.1697 41.8832 4.75
    endloop
  endfacet
  facet normal 0 0 1
    outer loop
      vertex -43.9529 41.8096 4.75
      vertex -44.3023 40.5056 4.75
      vertex -43.9046 40.4265 4.75
    endloop
  endfacet
  facet normal 0 0 1
    outer loop
      vertex -44.6863 40.636 4.75
      vertex -44.1697 41.8832 4.75
      vertex -44.375 41.9845 4.75
    endloop
  endfacet
  facet normal 0 0 1
    outer loop
      vertex -45.05 40.8153 4.75
      vertex -44.375 41.9845 4.75
      vertex -44.5653 42.1116 4.75
    endloop
  endfacet
  facet normal 0 0 1
    outer loop
      vertex -44.1697 41.8832 4.75
      vertex -44.6863 40.636 4.75
      vertex -44.3023 40.5056 4.75
    endloop
  endfacet
  facet normal 0 0 1
    outer loop
      vertex -45.3872 41.0406 4.75
      vertex -44.5653 42.1116 4.75
      vertex -44.7374 42.2626 4.75
    endloop
  endfacet
  facet normal 0 0 1
    outer loop
      vertex -45.692 41.308 4.75
      vertex -44.7374 42.2626 4.75
      vertex -44.8884 42.4347 4.75
    endloop
  endfacet
  facet normal 0 0 1
    outer loop
      vertex -45.9594 41.6128 4.75
      vertex -44.8884 42.4347 4.75
      vertex -45.0155 42.625 4.75
    endloop
  endfacet
  facet normal 0 0 1
    outer loop
      vertex -44.375 41.9845 4.75
      vertex -45.05 40.8153 4.75
      vertex -44.6863 40.636 4.75
    endloop
  endfacet
  facet normal 0 0 1
    outer loop
      vertex -46.1847 41.95 4.75
      vertex -45.0155 42.625 4.75
      vertex -45.1168 42.8303 4.75
    endloop
  endfacet
  facet normal 0 0 1
    outer loop
      vertex -46.364 42.3137 4.75
      vertex -45.1168 42.8303 4.75
      vertex -45.1904 43.0471 4.75
    endloop
  endfacet
  facet normal 0 0 1
    outer loop
      vertex -46.4944 42.6977 4.75
      vertex -45.1904 43.0471 4.75
      vertex -45.235 43.2716 4.75
    endloop
  endfacet
  facet normal 0 0 1
    outer loop
      vertex -44.5653 42.1116 4.75
      vertex -45.3872 41.0406 4.75
      vertex -45.05 40.8153 4.75
    endloop
  endfacet
  facet normal 0 0 1
    outer loop
      vertex -46.5735 43.0954 4.75
      vertex -45.235 43.2716 4.75
      vertex -45.25 43.5 4.75
    endloop
  endfacet
  facet normal -0 0 1
    outer loop
      vertex -46.364 44.6863 4.75
      vertex -45.1168 44.1697 4.75
      vertex -46.1847 45.05 4.75
    endloop
  endfacet
  facet normal 0 0 1
    outer loop
      vertex -45.1168 44.1697 4.75
      vertex -46.364 44.6863 4.75
      vertex -45.1904 43.9529 4.75
    endloop
  endfacet
  facet normal 0 0 1
    outer loop
      vertex -44.7374 42.2626 4.75
      vertex -45.692 41.308 4.75
      vertex -45.3872 41.0406 4.75
    endloop
  endfacet
  facet normal -0 0 1
    outer loop
      vertex -46.4944 44.3023 4.75
      vertex -45.1904 43.9529 4.75
      vertex -46.364 44.6863 4.75
    endloop
  endfacet
  facet normal 0 0 1
    outer loop
      vertex -44.8884 42.4347 4.75
      vertex -45.9594 41.6128 4.75
      vertex -45.692 41.308 4.75
    endloop
  endfacet
  facet normal 0 0 1
    outer loop
      vertex -45.1904 43.9529 4.75
      vertex -46.4944 44.3023 4.75
      vertex -45.235 43.7284 4.75
    endloop
  endfacet
  facet normal 0 0 1
    outer loop
      vertex -45.0155 42.625 4.75
      vertex -46.1847 41.95 4.75
      vertex -45.9594 41.6128 4.75
    endloop
  endfacet
  facet normal -0 0 1
    outer loop
      vertex -46.5735 43.9046 4.75
      vertex -45.235 43.7284 4.75
      vertex -46.4944 44.3023 4.75
    endloop
  endfacet
  facet normal 0 0 1
    outer loop
      vertex -45.1168 42.8303 4.75
      vertex -46.364 42.3137 4.75
      vertex -46.1847 41.95 4.75
    endloop
  endfacet
  facet normal 0 0 1
    outer loop
      vertex -45.235 43.7284 4.75
      vertex -46.5735 43.9046 4.75
      vertex -45.25 43.5 4.75
    endloop
  endfacet
  facet normal 0 0 1
    outer loop
      vertex -45.1904 43.0471 4.75
      vertex -46.4944 42.6977 4.75
      vertex -46.364 42.3137 4.75
    endloop
  endfacet
  facet normal 0 0 1
    outer loop
      vertex -46.6 43.5 4.75
      vertex -45.25 43.5 4.75
      vertex -46.5735 43.9046 4.75
    endloop
  endfacet
  facet normal 0 0 1
    outer loop
      vertex -45.235 43.2716 4.75
      vertex -46.5735 43.0954 4.75
      vertex -46.4944 42.6977 4.75
    endloop
  endfacet
  facet normal 0 0 1
    outer loop
      vertex -45.25 43.5 4.75
      vertex -46.6 43.5 4.75
      vertex -46.5735 43.0954 4.75
    endloop
  endfacet
  facet normal -0.555529 0.831497 0
    outer loop
      vertex -45.3046 46.0146 4
      vertex -45.05 46.1847 4.75
      vertex -45.05 46.1847 4
    endloop
  endfacet
  facet normal -0.555553 0.831481 1.20333e-05
    outer loop
      vertex -45.05 46.1847 4.75
      vertex -45.3046 46.0146 4
      vertex -45.3872 45.9594 4.75
    endloop
  endfacet
  facet normal -0.555629 0.83143 0
    outer loop
      vertex -45.3872 45.9594 2.2
      vertex -45.3046 46.0146 4
      vertex -45.3046 46.0146 2.2
    endloop
  endfacet
  facet normal -0.555629 0.83143 0
    outer loop
      vertex -45.3046 46.0146 4
      vertex -45.3872 45.9594 2.2
      vertex -45.3872 45.9594 4.75
    endloop
  endfacet
  facet normal -0.195073 0.980789 0
    outer loop
      vertex -43.9046 46.5735 4
      vertex -44.3023 46.4944 4.75
      vertex -43.9046 46.5735 4.75
    endloop
  endfacet
  facet normal -0.195073 0.980789 0
    outer loop
      vertex -44.3023 46.4944 4.75
      vertex -43.9046 46.5735 4
      vertex -44.3023 46.4944 4
    endloop
  endfacet
  facet normal 0.195073 -0.980789 0
    outer loop
      vertex -43.0954 40.4265 2.2
      vertex -42.6977 40.5056 4.75
      vertex -43.0954 40.4265 4.75
    endloop
  endfacet
  facet normal 0.195073 -0.980789 0
    outer loop
      vertex -42.6977 40.5056 4.75
      vertex -43.0954 40.4265 2.2
      vertex -42.6977 40.5056 2.2
    endloop
  endfacet
  facet normal 0.946893 0.321549 0
    outer loop
      vertex -40.5056 44.3023 4.75
      vertex -40.636 44.6863 2.2
      vertex -40.636 44.6863 4.75
    endloop
  endfacet
  facet normal 0.946893 0.321549 0
    outer loop
      vertex -40.636 44.6863 2.2
      vertex -40.5056 44.3023 4.75
      vertex -40.5056 44.3023 2.2
    endloop
  endfacet
  facet normal 0.980789 0.195073 0
    outer loop
      vertex -40.4265 43.9046 4.75
      vertex -40.5056 44.3023 2.2
      vertex -40.5056 44.3023 4.75
    endloop
  endfacet
  facet normal 0.980789 0.195073 0
    outer loop
      vertex -40.5056 44.3023 2.2
      vertex -40.4265 43.9046 4.75
      vertex -40.4265 43.9046 2.2
    endloop
  endfacet
  facet normal 0.751721 0.659482 0
    outer loop
      vertex -41.0406 45.3872 4.75
      vertex -41.308 45.692 2.2
      vertex -41.308 45.692 4.75
    endloop
  endfacet
  facet normal 0.751721 0.659482 0
    outer loop
      vertex -41.308 45.692 2.2
      vertex -41.0406 45.3872 4.75
      vertex -41.0406 45.3872 2.2
    endloop
  endfacet
  facet normal 0.831481 0.555553 0
    outer loop
      vertex -40.8153 45.05 4.75
      vertex -41.0406 45.3872 2.2
      vertex -41.0406 45.3872 4.75
    endloop
  endfacet
  facet normal 0.831481 0.555553 0
    outer loop
      vertex -41.0406 45.3872 2.2
      vertex -40.8153 45.05 4.75
      vertex -40.8153 45.05 2.2
    endloop
  endfacet
  facet normal 0.0653568 0.997862 -0
    outer loop
      vertex -43.0954 46.5735 4
      vertex -43.5 46.6 4.75
      vertex -43.0954 46.5735 4.75
    endloop
  endfacet
  facet normal 0.0653568 0.997862 0
    outer loop
      vertex -43.5 46.6 4.75
      vertex -43.0954 46.5735 4
      vertex -43.5 46.6 4
    endloop
  endfacet
  facet normal 0.555553 0.831481 -2.59406e-05
    outer loop
      vertex -41.6128 45.9594 4.75
      vertex -41.7185 46.03 4
      vertex -41.95 46.1847 4.75
    endloop
  endfacet
  facet normal 0.555426 0.831566 -0
    outer loop
      vertex -41.6128 45.9594 2.2
      vertex -41.7185 46.03 4
      vertex -41.6128 45.9594 4.75
    endloop
  endfacet
  facet normal 0.555426 0.831566 0
    outer loop
      vertex -41.7185 46.03 4
      vertex -41.6128 45.9594 2.2
      vertex -41.7185 46.03 2.2
    endloop
  endfacet
  facet normal 0.555612 0.831442 0
    outer loop
      vertex -41.95 46.1847 4.75
      vertex -41.7185 46.03 4
      vertex -41.95 46.1847 4
    endloop
  endfacet
  facet normal -0.896928 0.442176 0
    outer loop
      vertex -46.364 44.6863 4
      vertex -46.1847 45.05 4.75
      vertex -46.1847 45.05 4
    endloop
  endfacet
  facet normal -0.896928 0.442176 0
    outer loop
      vertex -46.1847 45.05 4.75
      vertex -46.364 44.6863 4
      vertex -46.364 44.6863 4.75
    endloop
  endfacet
  facet normal -0.980789 0.195073 0
    outer loop
      vertex -46.5735 43.9046 4
      vertex -46.4944 44.3023 4.75
      vertex -46.4944 44.3023 4
    endloop
  endfacet
  facet normal -0.980789 0.195073 0
    outer loop
      vertex -46.4944 44.3023 4.75
      vertex -46.5735 43.9046 4
      vertex -46.5735 43.9046 4.75
    endloop
  endfacet
  facet normal -0.442176 0.896928 0
    outer loop
      vertex -44.6863 46.364 4
      vertex -45.05 46.1847 4.75
      vertex -44.6863 46.364 4.75
    endloop
  endfacet
  facet normal -0.442176 0.896928 0
    outer loop
      vertex -45.05 46.1847 4.75
      vertex -44.6863 46.364 4
      vertex -45.05 46.1847 4
    endloop
  endfacet
  facet normal 0.751721 -0.659482 0
    outer loop
      vertex -41.308 41.308 4.75
      vertex -41.0406 41.6128 2.2
      vertex -41.0406 41.6128 4.75
    endloop
  endfacet
  facet normal 0.751721 -0.659482 0
    outer loop
      vertex -41.0406 41.6128 2.2
      vertex -41.308 41.308 4.75
      vertex -41.308 41.308 2.2
    endloop
  endfacet
  facet normal 0.946893 -0.321549 0
    outer loop
      vertex -40.636 42.3137 4.75
      vertex -40.5056 42.6977 2.2
      vertex -40.5056 42.6977 4.75
    endloop
  endfacet
  facet normal 0.946893 -0.321549 0
    outer loop
      vertex -40.5056 42.6977 2.2
      vertex -40.636 42.3137 4.75
      vertex -40.636 42.3137 2.2
    endloop
  endfacet
  facet normal 0.980789 -0.195073 0
    outer loop
      vertex -40.5056 42.6977 4.75
      vertex -40.4265 43.0954 2.2
      vertex -40.4265 43.0954 4.75
    endloop
  endfacet
  facet normal 0.980789 -0.195073 0
    outer loop
      vertex -40.4265 43.0954 2.2
      vertex -40.5056 42.6977 4.75
      vertex -40.5056 42.6977 2.2
    endloop
  endfacet
  facet normal -0.997862 -0.0653568 0
    outer loop
      vertex -46.5735 43.0954 4
      vertex -46.6 43.5 4.75
      vertex -46.6 43.5 4
    endloop
  endfacet
  facet normal -0.997862 -0.0653568 0
    outer loop
      vertex -46.6 43.5 4.75
      vertex -46.5735 43.0954 4
      vertex -46.5735 43.0954 4.75
    endloop
  endfacet
  facet normal 0.442176 -0.896928 0
    outer loop
      vertex -42.3137 40.636 2.2
      vertex -41.95 40.8153 4.75
      vertex -42.3137 40.636 4.75
    endloop
  endfacet
  facet normal 0.442176 -0.896928 0
    outer loop
      vertex -41.95 40.8153 4.75
      vertex -42.3137 40.636 2.2
      vertex -41.95 40.8153 2.2
    endloop
  endfacet
  facet normal -0.946893 0.321549 0
    outer loop
      vertex -46.4944 44.3023 4
      vertex -46.364 44.6863 4.75
      vertex -46.364 44.6863 4
    endloop
  endfacet
  facet normal -0.946893 0.321549 0
    outer loop
      vertex -46.364 44.6863 4.75
      vertex -46.4944 44.3023 4
      vertex -46.4944 44.3023 4.75
    endloop
  endfacet
  facet normal 0.555553 -0.831481 0
    outer loop
      vertex -41.95 40.8153 2.2
      vertex -41.6128 41.0406 4.75
      vertex -41.95 40.8153 4.75
    endloop
  endfacet
  facet normal 0.555553 -0.831481 0
    outer loop
      vertex -41.6128 41.0406 4.75
      vertex -41.95 40.8153 2.2
      vertex -41.6128 41.0406 2.2
    endloop
  endfacet
  facet normal 0.831481 -0.555553 0
    outer loop
      vertex -41.0406 41.6128 4.75
      vertex -40.8153 41.95 2.2
      vertex -40.8153 41.95 4.75
    endloop
  endfacet
  facet normal 0.831481 -0.555553 0
    outer loop
      vertex -40.8153 41.95 2.2
      vertex -41.0406 41.6128 4.75
      vertex -41.0406 41.6128 2.2
    endloop
  endfacet
  facet normal 0.997862 -0.0653568 0
    outer loop
      vertex -40.4265 43.0954 4.75
      vertex -40.4 43.5 2.2
      vertex -40.4 43.5 4.75
    endloop
  endfacet
  facet normal 0.997862 -0.0653568 0
    outer loop
      vertex -40.4 43.5 2.2
      vertex -40.4265 43.0954 4.75
      vertex -40.4265 43.0954 2.2
    endloop
  endfacet
  facet normal -0.659482 -0.751721 0
    outer loop
      vertex -45.692 41.308 2.2
      vertex -45.3872 41.0406 4.75
      vertex -45.692 41.308 4.75
    endloop
  endfacet
  facet normal -0.659482 -0.751721 -0
    outer loop
      vertex -45.3872 41.0406 4.75
      vertex -45.692 41.308 2.2
      vertex -45.3872 41.0406 2.2
    endloop
  endfacet
  facet normal -0.751721 -0.659482 0
    outer loop
      vertex -45.692 41.308 2.2
      vertex -45.9594 41.6128 4.75
      vertex -45.9594 41.6128 2.2
    endloop
  endfacet
  facet normal -0.751721 -0.659482 0
    outer loop
      vertex -45.9594 41.6128 4.75
      vertex -45.692 41.308 2.2
      vertex -45.692 41.308 4.75
    endloop
  endfacet
  facet normal -0.896928 -0.442176 0
    outer loop
      vertex -46.1847 41.95 4
      vertex -46.364 42.3137 4.75
      vertex -46.364 42.3137 4
    endloop
  endfacet
  facet normal -0.896928 -0.442176 0
    outer loop
      vertex -46.364 42.3137 4.75
      vertex -46.1847 41.95 4
      vertex -46.1847 41.95 4.75
    endloop
  endfacet
  facet normal -0.980789 -0.195073 0
    outer loop
      vertex -46.4944 42.6977 4
      vertex -46.5735 43.0954 4.75
      vertex -46.5735 43.0954 4
    endloop
  endfacet
  facet normal -0.980789 -0.195073 0
    outer loop
      vertex -46.5735 43.0954 4.75
      vertex -46.4944 42.6977 4
      vertex -46.4944 42.6977 4.75
    endloop
  endfacet
  facet normal -0.946893 -0.321549 0
    outer loop
      vertex -46.364 42.3137 4
      vertex -46.4944 42.6977 4.75
      vertex -46.4944 42.6977 4
    endloop
  endfacet
  facet normal -0.946893 -0.321549 0
    outer loop
      vertex -46.4944 42.6977 4.75
      vertex -46.364 42.3137 4
      vertex -46.364 42.3137 4.75
    endloop
  endfacet
  facet normal 0.321549 -0.946893 0
    outer loop
      vertex -42.6977 40.5056 2.2
      vertex -42.3137 40.636 4.75
      vertex -42.6977 40.5056 4.75
    endloop
  endfacet
  facet normal 0.321549 -0.946893 0
    outer loop
      vertex -42.3137 40.636 4.75
      vertex -42.6977 40.5056 2.2
      vertex -42.3137 40.636 2.2
    endloop
  endfacet
  facet normal 0.659482 -0.751721 0
    outer loop
      vertex -41.6128 41.0406 2.2
      vertex -41.308 41.308 4.75
      vertex -41.6128 41.0406 4.75
    endloop
  endfacet
  facet normal 0.659482 -0.751721 0
    outer loop
      vertex -41.308 41.308 4.75
      vertex -41.6128 41.0406 2.2
      vertex -41.308 41.308 2.2
    endloop
  endfacet
  facet normal 0.896928 -0.442176 0
    outer loop
      vertex -40.8153 41.95 4.75
      vertex -40.636 42.3137 2.2
      vertex -40.636 42.3137 4.75
    endloop
  endfacet
  facet normal 0.896928 -0.442176 0
    outer loop
      vertex -40.636 42.3137 2.2
      vertex -40.8153 41.95 4.75
      vertex -40.8153 41.95 2.2
    endloop
  endfacet
  facet normal -0.321549 -0.946893 0
    outer loop
      vertex -44.6863 40.636 2.2
      vertex -44.3023 40.5056 4.75
      vertex -44.6863 40.636 4.75
    endloop
  endfacet
  facet normal -0.321549 -0.946893 -0
    outer loop
      vertex -44.3023 40.5056 4.75
      vertex -44.6863 40.636 2.2
      vertex -44.3023 40.5056 2.2
    endloop
  endfacet
  facet normal -0.0653568 -0.997862 0
    outer loop
      vertex -43.9046 40.4265 2.2
      vertex -43.5 40.4 4.75
      vertex -43.9046 40.4265 4.75
    endloop
  endfacet
  facet normal -0.0653568 -0.997862 -0
    outer loop
      vertex -43.5 40.4 4.75
      vertex -43.9046 40.4265 2.2
      vertex -43.5 40.4 2.2
    endloop
  endfacet
  facet normal -0.555553 -0.831481 0
    outer loop
      vertex -45.3872 41.0406 2.2
      vertex -45.05 40.8153 4.75
      vertex -45.3872 41.0406 4.75
    endloop
  endfacet
  facet normal -0.555553 -0.831481 -0
    outer loop
      vertex -45.05 40.8153 4.75
      vertex -45.3872 41.0406 2.2
      vertex -45.05 40.8153 2.2
    endloop
  endfacet
  facet normal -0.831566 -0.555426 0
    outer loop
      vertex -46.03 41.7185 2.2
      vertex -45.9594 41.6128 2.2
      vertex -46.03 41.7185 4
    endloop
  endfacet
  facet normal -0.831442 -0.555612 0
    outer loop
      vertex -46.03 41.7185 4
      vertex -46.1847 41.95 4.75
      vertex -46.1847 41.95 4
    endloop
  endfacet
  facet normal -0.831481 -0.555553 -2.59406e-05
    outer loop
      vertex -46.03 41.7185 4
      vertex -45.9594 41.6128 4.75
      vertex -46.1847 41.95 4.75
    endloop
  endfacet
  facet normal -0.831566 -0.555426 -0
    outer loop
      vertex -45.9594 41.6128 4.75
      vertex -46.03 41.7185 4
      vertex -45.9594 41.6128 2.2
    endloop
  endfacet
  facet normal -0.195073 -0.980789 0
    outer loop
      vertex -44.3023 40.5056 2.2
      vertex -43.9046 40.4265 4.75
      vertex -44.3023 40.5056 4.75
    endloop
  endfacet
  facet normal -0.195073 -0.980789 -0
    outer loop
      vertex -43.9046 40.4265 4.75
      vertex -44.3023 40.5056 2.2
      vertex -43.9046 40.4265 2.2
    endloop
  endfacet
  facet normal -0.442176 -0.896928 0
    outer loop
      vertex -45.05 40.8153 2.2
      vertex -44.6863 40.636 4.75
      vertex -45.05 40.8153 4.75
    endloop
  endfacet
  facet normal -0.442176 -0.896928 -0
    outer loop
      vertex -44.6863 40.636 4.75
      vertex -45.05 40.8153 2.2
      vertex -44.6863 40.636 2.2
    endloop
  endfacet
  facet normal -0.99785 -0.0655331 0
    outer loop
      vertex -41.75 43.5 2.2
      vertex -41.765 43.7284 4.75
      vertex -41.765 43.7284 2.2
    endloop
  endfacet
  facet normal -0.99785 -0.0655331 0
    outer loop
      vertex -41.765 43.7284 4.75
      vertex -41.75 43.5 2.2
      vertex -41.75 43.5 4.75
    endloop
  endfacet
  facet normal 0.99785 -0.0655331 0
    outer loop
      vertex -45.25 43.5 4.75
      vertex -45.235 43.7284 2.2
      vertex -45.235 43.7284 4.75
    endloop
  endfacet
  facet normal 0.99785 -0.0655331 0
    outer loop
      vertex -45.235 43.7284 2.2
      vertex -45.25 43.5 4.75
      vertex -45.25 43.5 2.2
    endloop
  endfacet
  facet normal -0.0655331 -0.99785 0
    outer loop
      vertex -43.5 45.25 2.2
      vertex -43.2716 45.235 4.75
      vertex -43.5 45.25 4.75
    endloop
  endfacet
  facet normal -0.0655331 -0.99785 -0
    outer loop
      vertex -43.2716 45.235 4.75
      vertex -43.5 45.25 2.2
      vertex -43.2716 45.235 2.2
    endloop
  endfacet
  facet normal -0.659524 -0.751683 0
    outer loop
      vertex -42.4347 44.8884 2.2
      vertex -42.2626 44.7374 4.75
      vertex -42.4347 44.8884 4.75
    endloop
  endfacet
  facet normal -0.659524 -0.751683 -0
    outer loop
      vertex -42.2626 44.7374 4.75
      vertex -42.4347 44.8884 2.2
      vertex -42.2626 44.7374 2.2
    endloop
  endfacet
  facet normal 0.659524 -0.751683 0
    outer loop
      vertex -44.7374 44.7374 2.2
      vertex -44.5653 44.8884 4.75
      vertex -44.7374 44.7374 4.75
    endloop
  endfacet
  facet normal 0.659524 -0.751683 0
    outer loop
      vertex -44.5653 44.8884 4.75
      vertex -44.7374 44.7374 2.2
      vertex -44.5653 44.8884 2.2
    endloop
  endfacet
  facet normal 0.321464 -0.946922 0
    outer loop
      vertex -44.1697 45.1168 2.2
      vertex -43.9529 45.1904 4.75
      vertex -44.1697 45.1168 4.75
    endloop
  endfacet
  facet normal 0.321464 -0.946922 0
    outer loop
      vertex -43.9529 45.1904 4.75
      vertex -44.1697 45.1168 2.2
      vertex -43.9529 45.1904 2.2
    endloop
  endfacet
  facet normal 0.980832 0.194856 0
    outer loop
      vertex -45.1904 43.0471 4.75
      vertex -45.235 43.2716 2.2
      vertex -45.235 43.2716 4.75
    endloop
  endfacet
  facet normal 0.980832 0.194856 0
    outer loop
      vertex -45.235 43.2716 2.2
      vertex -45.1904 43.0471 4.75
      vertex -45.1904 43.0471 2.2
    endloop
  endfacet
  facet normal -0.896774 -0.44249 0
    outer loop
      vertex -41.8832 44.1697 2.2
      vertex -41.9845 44.375 4.75
      vertex -41.9845 44.375 2.2
    endloop
  endfacet
  facet normal -0.896774 -0.44249 0
    outer loop
      vertex -41.9845 44.375 4.75
      vertex -41.8832 44.1697 2.2
      vertex -41.8832 44.1697 4.75
    endloop
  endfacet
  facet normal -0.831579 -0.555406 0
    outer loop
      vertex -41.9845 44.375 2.2
      vertex -42.1116 44.5653 4.75
      vertex -42.1116 44.5653 2.2
    endloop
  endfacet
  facet normal -0.831579 -0.555406 0
    outer loop
      vertex -42.1116 44.5653 4.75
      vertex -41.9845 44.375 2.2
      vertex -41.9845 44.375 4.75
    endloop
  endfacet
  facet normal -0.44249 -0.896774 0
    outer loop
      vertex -42.8303 45.1168 2.2
      vertex -42.625 45.0155 4.75
      vertex -42.8303 45.1168 4.75
    endloop
  endfacet
  facet normal -0.44249 -0.896774 -0
    outer loop
      vertex -42.625 45.0155 4.75
      vertex -42.8303 45.1168 2.2
      vertex -42.625 45.0155 2.2
    endloop
  endfacet
  facet normal -0.555406 -0.831579 0
    outer loop
      vertex -42.625 45.0155 2.2
      vertex -42.4347 44.8884 4.75
      vertex -42.625 45.0155 4.75
    endloop
  endfacet
  facet normal -0.555406 -0.831579 -0
    outer loop
      vertex -42.4347 44.8884 4.75
      vertex -42.625 45.0155 2.2
      vertex -42.4347 44.8884 2.2
    endloop
  endfacet
  facet normal 0.896774 -0.44249 0
    outer loop
      vertex -45.1168 44.1697 4.75
      vertex -45.0155 44.375 2.2
      vertex -45.0155 44.375 4.75
    endloop
  endfacet
  facet normal 0.896774 -0.44249 0
    outer loop
      vertex -45.0155 44.375 2.2
      vertex -45.1168 44.1697 4.75
      vertex -45.1168 44.1697 2.2
    endloop
  endfacet
  facet normal 0.831579 -0.555406 0
    outer loop
      vertex -45.0155 44.375 4.75
      vertex -44.8884 44.5653 2.2
      vertex -44.8884 44.5653 4.75
    endloop
  endfacet
  facet normal 0.831579 -0.555406 0
    outer loop
      vertex -44.8884 44.5653 2.2
      vertex -45.0155 44.375 4.75
      vertex -45.0155 44.375 2.2
    endloop
  endfacet
  facet normal 0.44249 -0.896774 0
    outer loop
      vertex -44.375 45.0155 2.2
      vertex -44.1697 45.1168 4.75
      vertex -44.375 45.0155 4.75
    endloop
  endfacet
  facet normal 0.44249 -0.896774 0
    outer loop
      vertex -44.1697 45.1168 4.75
      vertex -44.375 45.0155 2.2
      vertex -44.1697 45.1168 2.2
    endloop
  endfacet
  facet normal 0.0655331 -0.99785 0
    outer loop
      vertex -43.7284 45.235 2.2
      vertex -43.5 45.25 4.75
      vertex -43.7284 45.235 4.75
    endloop
  endfacet
  facet normal 0.0655331 -0.99785 0
    outer loop
      vertex -43.5 45.25 4.75
      vertex -43.7284 45.235 2.2
      vertex -43.5 45.25 2.2
    endloop
  endfacet
  facet normal -0.946922 0.321464 0
    outer loop
      vertex -41.8832 42.8303 2.2
      vertex -41.8096 43.0471 4.75
      vertex -41.8096 43.0471 2.2
    endloop
  endfacet
  facet normal -0.946922 0.321464 0
    outer loop
      vertex -41.8096 43.0471 4.75
      vertex -41.8832 42.8303 2.2
      vertex -41.8832 42.8303 4.75
    endloop
  endfacet
  facet normal -0.194856 0.980832 0
    outer loop
      vertex -43.0471 41.8096 2.2
      vertex -43.2716 41.765 4.75
      vertex -43.0471 41.8096 4.75
    endloop
  endfacet
  facet normal -0.194856 0.980832 0
    outer loop
      vertex -43.2716 41.765 4.75
      vertex -43.0471 41.8096 2.2
      vertex -43.2716 41.765 2.2
    endloop
  endfacet
  facet normal -0.0655331 0.99785 0
    outer loop
      vertex -43.2716 41.765 2.2
      vertex -43.5 41.75 4.75
      vertex -43.2716 41.765 4.75
    endloop
  endfacet
  facet normal -0.0655331 0.99785 0
    outer loop
      vertex -43.5 41.75 4.75
      vertex -43.2716 41.765 2.2
      vertex -43.5 41.75 2.2
    endloop
  endfacet
  facet normal -0.751683 0.659524 0
    outer loop
      vertex -42.2626 42.2626 2.2
      vertex -42.1116 42.4347 4.75
      vertex -42.1116 42.4347 2.2
    endloop
  endfacet
  facet normal -0.751683 0.659524 0
    outer loop
      vertex -42.1116 42.4347 4.75
      vertex -42.2626 42.2626 2.2
      vertex -42.2626 42.2626 4.75
    endloop
  endfacet
  facet normal -0.896774 0.44249 0
    outer loop
      vertex -41.9845 42.625 2.2
      vertex -41.8832 42.8303 4.75
      vertex -41.8832 42.8303 2.2
    endloop
  endfacet
  facet normal -0.896774 0.44249 0
    outer loop
      vertex -41.8832 42.8303 4.75
      vertex -41.9845 42.625 2.2
      vertex -41.9845 42.625 4.75
    endloop
  endfacet
  facet normal 0.321464 0.946922 -0
    outer loop
      vertex -43.9529 41.8096 2.2
      vertex -44.1697 41.8832 4.75
      vertex -43.9529 41.8096 4.75
    endloop
  endfacet
  facet normal 0.321464 0.946922 0
    outer loop
      vertex -44.1697 41.8832 4.75
      vertex -43.9529 41.8096 2.2
      vertex -44.1697 41.8832 2.2
    endloop
  endfacet
  facet normal 0.896774 0.44249 0
    outer loop
      vertex -45.0155 42.625 4.75
      vertex -45.1168 42.8303 2.2
      vertex -45.1168 42.8303 4.75
    endloop
  endfacet
  facet normal 0.896774 0.44249 0
    outer loop
      vertex -45.1168 42.8303 2.2
      vertex -45.0155 42.625 4.75
      vertex -45.0155 42.625 2.2
    endloop
  endfacet
  facet normal 0.831579 0.555406 0
    outer loop
      vertex -44.8884 42.4347 4.75
      vertex -45.0155 42.625 2.2
      vertex -45.0155 42.625 4.75
    endloop
  endfacet
  facet normal 0.831579 0.555406 0
    outer loop
      vertex -45.0155 42.625 2.2
      vertex -44.8884 42.4347 4.75
      vertex -44.8884 42.4347 2.2
    endloop
  endfacet
  facet normal 0.99785 0.0655331 0
    outer loop
      vertex -45.235 43.2716 4.75
      vertex -45.25 43.5 2.2
      vertex -45.25 43.5 4.75
    endloop
  endfacet
  facet normal 0.99785 0.0655331 0
    outer loop
      vertex -45.25 43.5 2.2
      vertex -45.235 43.2716 4.75
      vertex -45.235 43.2716 2.2
    endloop
  endfacet
  facet normal -0.946922 -0.321464 0
    outer loop
      vertex -41.8096 43.9529 2.2
      vertex -41.8832 44.1697 4.75
      vertex -41.8832 44.1697 2.2
    endloop
  endfacet
  facet normal -0.946922 -0.321464 0
    outer loop
      vertex -41.8832 44.1697 4.75
      vertex -41.8096 43.9529 2.2
      vertex -41.8096 43.9529 4.75
    endloop
  endfacet
  facet normal -0.980832 -0.194856 0
    outer loop
      vertex -41.765 43.7284 2.2
      vertex -41.8096 43.9529 4.75
      vertex -41.8096 43.9529 2.2
    endloop
  endfacet
  facet normal -0.980832 -0.194856 0
    outer loop
      vertex -41.8096 43.9529 4.75
      vertex -41.765 43.7284 2.2
      vertex -41.765 43.7284 4.75
    endloop
  endfacet
  facet normal -0.751683 -0.659524 0
    outer loop
      vertex -42.1116 44.5653 2.2
      vertex -42.2626 44.7374 4.75
      vertex -42.2626 44.7374 2.2
    endloop
  endfacet
  facet normal -0.751683 -0.659524 0
    outer loop
      vertex -42.2626 44.7374 4.75
      vertex -42.1116 44.5653 2.2
      vertex -42.1116 44.5653 4.75
    endloop
  endfacet
  facet normal -0.321464 -0.946922 0
    outer loop
      vertex -43.0471 45.1904 2.2
      vertex -42.8303 45.1168 4.75
      vertex -43.0471 45.1904 4.75
    endloop
  endfacet
  facet normal -0.321464 -0.946922 -0
    outer loop
      vertex -42.8303 45.1168 4.75
      vertex -43.0471 45.1904 2.2
      vertex -42.8303 45.1168 2.2
    endloop
  endfacet
  facet normal -0.194856 -0.980832 0
    outer loop
      vertex -43.2716 45.235 2.2
      vertex -43.0471 45.1904 4.75
      vertex -43.2716 45.235 4.75
    endloop
  endfacet
  facet normal -0.194856 -0.980832 -0
    outer loop
      vertex -43.0471 45.1904 4.75
      vertex -43.2716 45.235 2.2
      vertex -43.0471 45.1904 2.2
    endloop
  endfacet
  facet normal 0.751683 -0.659524 0
    outer loop
      vertex -44.8884 44.5653 4.75
      vertex -44.7374 44.7374 2.2
      vertex -44.7374 44.7374 4.75
    endloop
  endfacet
  facet normal 0.751683 -0.659524 0
    outer loop
      vertex -44.7374 44.7374 2.2
      vertex -44.8884 44.5653 4.75
      vertex -44.8884 44.5653 2.2
    endloop
  endfacet
  facet normal 0.980832 -0.194856 0
    outer loop
      vertex -45.235 43.7284 4.75
      vertex -45.1904 43.9529 2.2
      vertex -45.1904 43.9529 4.75
    endloop
  endfacet
  facet normal 0.980832 -0.194856 0
    outer loop
      vertex -45.1904 43.9529 2.2
      vertex -45.235 43.7284 4.75
      vertex -45.235 43.7284 2.2
    endloop
  endfacet
  facet normal -0.44249 0.896774 0
    outer loop
      vertex -42.625 41.9845 2.2
      vertex -42.8303 41.8832 4.75
      vertex -42.625 41.9845 4.75
    endloop
  endfacet
  facet normal -0.44249 0.896774 0
    outer loop
      vertex -42.8303 41.8832 4.75
      vertex -42.625 41.9845 2.2
      vertex -42.8303 41.8832 2.2
    endloop
  endfacet
  facet normal -0.659524 0.751683 0
    outer loop
      vertex -42.2626 42.2626 2.2
      vertex -42.4347 42.1116 4.75
      vertex -42.2626 42.2626 4.75
    endloop
  endfacet
  facet normal -0.659524 0.751683 0
    outer loop
      vertex -42.4347 42.1116 4.75
      vertex -42.2626 42.2626 2.2
      vertex -42.4347 42.1116 2.2
    endloop
  endfacet
  facet normal -0.555406 0.831579 0
    outer loop
      vertex -42.4347 42.1116 2.2
      vertex -42.625 41.9845 4.75
      vertex -42.4347 42.1116 4.75
    endloop
  endfacet
  facet normal -0.555406 0.831579 0
    outer loop
      vertex -42.625 41.9845 4.75
      vertex -42.4347 42.1116 2.2
      vertex -42.625 41.9845 2.2
    endloop
  endfacet
  facet normal -0.831579 0.555406 0
    outer loop
      vertex -42.1116 42.4347 2.2
      vertex -41.9845 42.625 4.75
      vertex -41.9845 42.625 2.2
    endloop
  endfacet
  facet normal -0.831579 0.555406 0
    outer loop
      vertex -41.9845 42.625 4.75
      vertex -42.1116 42.4347 2.2
      vertex -42.1116 42.4347 4.75
    endloop
  endfacet
  facet normal 0.555406 0.831579 -0
    outer loop
      vertex -44.375 41.9845 2.2
      vertex -44.5653 42.1116 4.75
      vertex -44.375 41.9845 4.75
    endloop
  endfacet
  facet normal 0.555406 0.831579 0
    outer loop
      vertex -44.5653 42.1116 4.75
      vertex -44.375 41.9845 2.2
      vertex -44.5653 42.1116 2.2
    endloop
  endfacet
  facet normal 0.659524 0.751683 -0
    outer loop
      vertex -44.5653 42.1116 2.2
      vertex -44.7374 42.2626 4.75
      vertex -44.5653 42.1116 4.75
    endloop
  endfacet
  facet normal 0.659524 0.751683 0
    outer loop
      vertex -44.7374 42.2626 4.75
      vertex -44.5653 42.1116 2.2
      vertex -44.7374 42.2626 2.2
    endloop
  endfacet
  facet normal 0.44249 0.896774 -0
    outer loop
      vertex -44.1697 41.8832 2.2
      vertex -44.375 41.9845 4.75
      vertex -44.1697 41.8832 4.75
    endloop
  endfacet
  facet normal 0.44249 0.896774 0
    outer loop
      vertex -44.375 41.9845 4.75
      vertex -44.1697 41.8832 2.2
      vertex -44.375 41.9845 2.2
    endloop
  endfacet
  facet normal 0.0655331 0.99785 -0
    outer loop
      vertex -43.5 41.75 2.2
      vertex -43.7284 41.765 4.75
      vertex -43.5 41.75 4.75
    endloop
  endfacet
  facet normal 0.0655331 0.99785 0
    outer loop
      vertex -43.7284 41.765 4.75
      vertex -43.5 41.75 2.2
      vertex -43.7284 41.765 2.2
    endloop
  endfacet
  facet normal 0.751683 0.659524 0
    outer loop
      vertex -44.7374 42.2626 4.75
      vertex -44.8884 42.4347 2.2
      vertex -44.8884 42.4347 4.75
    endloop
  endfacet
  facet normal 0.751683 0.659524 0
    outer loop
      vertex -44.8884 42.4347 2.2
      vertex -44.7374 42.2626 4.75
      vertex -44.7374 42.2626 2.2
    endloop
  endfacet
  facet normal 0.946922 -0.321464 0
    outer loop
      vertex -45.1904 43.9529 4.75
      vertex -45.1168 44.1697 2.2
      vertex -45.1168 44.1697 4.75
    endloop
  endfacet
  facet normal 0.946922 -0.321464 0
    outer loop
      vertex -45.1168 44.1697 2.2
      vertex -45.1904 43.9529 4.75
      vertex -45.1904 43.9529 2.2
    endloop
  endfacet
  facet normal 0.555406 -0.831579 0
    outer loop
      vertex -44.5653 44.8884 2.2
      vertex -44.375 45.0155 4.75
      vertex -44.5653 44.8884 4.75
    endloop
  endfacet
  facet normal 0.555406 -0.831579 0
    outer loop
      vertex -44.375 45.0155 4.75
      vertex -44.5653 44.8884 2.2
      vertex -44.375 45.0155 2.2
    endloop
  endfacet
  facet normal 0.194856 -0.980832 0
    outer loop
      vertex -43.9529 45.1904 2.2
      vertex -43.7284 45.235 4.75
      vertex -43.9529 45.1904 4.75
    endloop
  endfacet
  facet normal 0.194856 -0.980832 0
    outer loop
      vertex -43.7284 45.235 4.75
      vertex -43.9529 45.1904 2.2
      vertex -43.7284 45.235 2.2
    endloop
  endfacet
  facet normal -0.321464 0.946922 0
    outer loop
      vertex -42.8303 41.8832 2.2
      vertex -43.0471 41.8096 4.75
      vertex -42.8303 41.8832 4.75
    endloop
  endfacet
  facet normal -0.321464 0.946922 0
    outer loop
      vertex -43.0471 41.8096 4.75
      vertex -42.8303 41.8832 2.2
      vertex -43.0471 41.8096 2.2
    endloop
  endfacet
  facet normal -0.980832 0.194856 0
    outer loop
      vertex -41.8096 43.0471 2.2
      vertex -41.765 43.2716 4.75
      vertex -41.765 43.2716 2.2
    endloop
  endfacet
  facet normal -0.980832 0.194856 0
    outer loop
      vertex -41.765 43.2716 4.75
      vertex -41.8096 43.0471 2.2
      vertex -41.8096 43.0471 4.75
    endloop
  endfacet
  facet normal 0.194856 0.980832 -0
    outer loop
      vertex -43.7284 41.765 2.2
      vertex -43.9529 41.8096 4.75
      vertex -43.7284 41.765 4.75
    endloop
  endfacet
  facet normal 0.194856 0.980832 0
    outer loop
      vertex -43.9529 41.8096 4.75
      vertex -43.7284 41.765 2.2
      vertex -43.9529 41.8096 2.2
    endloop
  endfacet
  facet normal 0.946922 0.321464 0
    outer loop
      vertex -45.1168 42.8303 4.75
      vertex -45.1904 43.0471 2.2
      vertex -45.1904 43.0471 4.75
    endloop
  endfacet
  facet normal 0.946922 0.321464 0
    outer loop
      vertex -45.1904 43.0471 2.2
      vertex -45.1168 42.8303 4.75
      vertex -45.1168 42.8303 2.2
    endloop
  endfacet
  facet normal -0.99785 0.0655331 0
    outer loop
      vertex -41.765 43.2716 2.2
      vertex -41.75 43.5 4.75
      vertex -41.75 43.5 2.2
    endloop
  endfacet
  facet normal -0.99785 0.0655331 0
    outer loop
      vertex -41.75 43.5 4.75
      vertex -41.765 43.2716 2.2
      vertex -41.765 43.2716 4.75
    endloop
  endfacet
  facet normal 0.997862 0.0653568 0
    outer loop
      vertex 46.6 -43.5 4.75
      vertex 46.5735 -43.0954 4
      vertex 46.5735 -43.0954 4.75
    endloop
  endfacet
  facet normal 0.997862 0.0653568 0
    outer loop
      vertex 46.5735 -43.0954 4
      vertex 46.6 -43.5 4.75
      vertex 46.6 -43.5 4
    endloop
  endfacet
  facet normal -0.997862 0.0653568 0
    outer loop
      vertex 40.4 -43.5 2.2
      vertex 40.4265 -43.0954 4.75
      vertex 40.4265 -43.0954 2.2
    endloop
  endfacet
  facet normal -0.997862 0.0653568 0
    outer loop
      vertex 40.4265 -43.0954 4.75
      vertex 40.4 -43.5 2.2
      vertex 40.4 -43.5 4.75
    endloop
  endfacet
  facet normal -0.0653568 0.997862 0
    outer loop
      vertex 43.5 -40.4 2.2
      vertex 43.0954 -40.4265 4.75
      vertex 43.5 -40.4 4.75
    endloop
  endfacet
  facet normal -0.0653568 0.997862 0
    outer loop
      vertex 43.0954 -40.4265 4.75
      vertex 43.5 -40.4 2.2
      vertex 43.0954 -40.4265 2.2
    endloop
  endfacet
  facet normal 0.0653568 -0.997862 0
    outer loop
      vertex 43.5 -46.6 4
      vertex 43.9046 -46.5735 4.75
      vertex 43.5 -46.6 4.75
    endloop
  endfacet
  facet normal 0.0653568 -0.997862 0
    outer loop
      vertex 43.9046 -46.5735 4.75
      vertex 43.5 -46.6 4
      vertex 43.9046 -46.5735 4
    endloop
  endfacet
  facet normal 0.659482 0.751721 -0
    outer loop
      vertex 45.692 -41.308 2.2
      vertex 45.3872 -41.0406 4.75
      vertex 45.692 -41.308 4.75
    endloop
  endfacet
  facet normal 0.659482 0.751721 0
    outer loop
      vertex 45.3872 -41.0406 4.75
      vertex 45.692 -41.308 2.2
      vertex 45.3872 -41.0406 2.2
    endloop
  endfacet
  facet normal -0.659482 0.751721 0
    outer loop
      vertex 41.6128 -41.0406 2.2
      vertex 41.308 -41.308 4.75
      vertex 41.6128 -41.0406 4.75
    endloop
  endfacet
  facet normal -0.659482 0.751721 0
    outer loop
      vertex 41.308 -41.308 4.75
      vertex 41.6128 -41.0406 2.2
      vertex 41.308 -41.308 2.2
    endloop
  endfacet
  facet normal -0.321549 0.946893 0
    outer loop
      vertex 42.6977 -40.5056 2.2
      vertex 42.3137 -40.636 4.75
      vertex 42.6977 -40.5056 4.75
    endloop
  endfacet
  facet normal -0.321549 0.946893 0
    outer loop
      vertex 42.3137 -40.636 4.75
      vertex 42.6977 -40.5056 2.2
      vertex 42.3137 -40.636 2.2
    endloop
  endfacet
  facet normal 0.896928 0.442176 0
    outer loop
      vertex 46.364 -42.3137 4.75
      vertex 46.1847 -41.95 4
      vertex 46.1847 -41.95 4.75
    endloop
  endfacet
  facet normal 0.896928 0.442176 0
    outer loop
      vertex 46.1847 -41.95 4
      vertex 46.364 -42.3137 4.75
      vertex 46.364 -42.3137 4
    endloop
  endfacet
  facet normal 0.321549 0.946893 -0
    outer loop
      vertex 44.6863 -40.636 2.2
      vertex 44.3023 -40.5056 4.75
      vertex 44.6863 -40.636 4.75
    endloop
  endfacet
  facet normal 0.321549 0.946893 0
    outer loop
      vertex 44.3023 -40.5056 4.75
      vertex 44.6863 -40.636 2.2
      vertex 44.3023 -40.5056 2.2
    endloop
  endfacet
  facet normal 0.195073 0.980789 -0
    outer loop
      vertex 44.3023 -40.5056 2.2
      vertex 43.9046 -40.4265 4.75
      vertex 44.3023 -40.5056 4.75
    endloop
  endfacet
  facet normal 0.195073 0.980789 0
    outer loop
      vertex 43.9046 -40.4265 4.75
      vertex 44.3023 -40.5056 2.2
      vertex 43.9046 -40.4265 2.2
    endloop
  endfacet
  facet normal 0.442176 0.896928 -0
    outer loop
      vertex 45.05 -40.8153 2.2
      vertex 44.6863 -40.636 4.75
      vertex 45.05 -40.8153 4.75
    endloop
  endfacet
  facet normal 0.442176 0.896928 0
    outer loop
      vertex 44.6863 -40.636 4.75
      vertex 45.05 -40.8153 2.2
      vertex 44.6863 -40.636 2.2
    endloop
  endfacet
  facet normal -0.831481 0.555553 0
    outer loop
      vertex 40.8153 -41.95 2.2
      vertex 41.0406 -41.6128 4.75
      vertex 41.0406 -41.6128 2.2
    endloop
  endfacet
  facet normal -0.831481 0.555553 0
    outer loop
      vertex 41.0406 -41.6128 4.75
      vertex 40.8153 -41.95 2.2
      vertex 40.8153 -41.95 4.75
    endloop
  endfacet
  facet normal -0.751721 0.659482 0
    outer loop
      vertex 41.0406 -41.6128 2.2
      vertex 41.308 -41.308 4.75
      vertex 41.308 -41.308 2.2
    endloop
  endfacet
  facet normal -0.751721 0.659482 0
    outer loop
      vertex 41.308 -41.308 4.75
      vertex 41.0406 -41.6128 2.2
      vertex 41.0406 -41.6128 4.75
    endloop
  endfacet
  facet normal 0 0 1
    outer loop
      vertex 45.25 -43.5 4.75
      vertex 46.6 -43.5 4.75
      vertex 46.5735 -43.0954 4.75
    endloop
  endfacet
  facet normal 0 0 1
    outer loop
      vertex 45.235 -43.2716 4.75
      vertex 46.5735 -43.0954 4.75
      vertex 46.4944 -42.6977 4.75
    endloop
  endfacet
  facet normal 0 0 1
    outer loop
      vertex 46.6 -43.5 4.75
      vertex 45.25 -43.5 4.75
      vertex 46.5735 -43.9046 4.75
    endloop
  endfacet
  facet normal 0 0 1
    outer loop
      vertex 45.1904 -43.0471 4.75
      vertex 46.4944 -42.6977 4.75
      vertex 46.364 -42.3137 4.75
    endloop
  endfacet
  facet normal -0 0 1
    outer loop
      vertex 45.235 -43.7284 4.75
      vertex 46.5735 -43.9046 4.75
      vertex 45.25 -43.5 4.75
    endloop
  endfacet
  facet normal 0 0 1
    outer loop
      vertex 45.1168 -42.8303 4.75
      vertex 46.364 -42.3137 4.75
      vertex 46.1847 -41.95 4.75
    endloop
  endfacet
  facet normal 0 0 1
    outer loop
      vertex 46.5735 -43.9046 4.75
      vertex 45.235 -43.7284 4.75
      vertex 46.4944 -44.3023 4.75
    endloop
  endfacet
  facet normal 0 0 1
    outer loop
      vertex 45.0155 -42.625 4.75
      vertex 46.1847 -41.95 4.75
      vertex 45.9594 -41.6128 4.75
    endloop
  endfacet
  facet normal -0 0 1
    outer loop
      vertex 45.1904 -43.9529 4.75
      vertex 46.4944 -44.3023 4.75
      vertex 45.235 -43.7284 4.75
    endloop
  endfacet
  facet normal 0 0 1
    outer loop
      vertex 44.8884 -42.4347 4.75
      vertex 45.9594 -41.6128 4.75
      vertex 45.692 -41.308 4.75
    endloop
  endfacet
  facet normal 0 0 1
    outer loop
      vertex 46.4944 -44.3023 4.75
      vertex 45.1904 -43.9529 4.75
      vertex 46.364 -44.6863 4.75
    endloop
  endfacet
  facet normal 0 0 1
    outer loop
      vertex 44.7374 -42.2626 4.75
      vertex 45.692 -41.308 4.75
      vertex 45.3872 -41.0406 4.75
    endloop
  endfacet
  facet normal -0 0 1
    outer loop
      vertex 45.1168 -44.1697 4.75
      vertex 46.364 -44.6863 4.75
      vertex 45.1904 -43.9529 4.75
    endloop
  endfacet
  facet normal 0 0 1
    outer loop
      vertex 46.364 -44.6863 4.75
      vertex 45.1168 -44.1697 4.75
      vertex 46.1847 -45.05 4.75
    endloop
  endfacet
  facet normal 0 0 1
    outer loop
      vertex 46.5735 -43.0954 4.75
      vertex 45.235 -43.2716 4.75
      vertex 45.25 -43.5 4.75
    endloop
  endfacet
  facet normal 0 0 1
    outer loop
      vertex 46.4944 -42.6977 4.75
      vertex 45.1904 -43.0471 4.75
      vertex 45.235 -43.2716 4.75
    endloop
  endfacet
  facet normal 0 0 1
    outer loop
      vertex 46.364 -42.3137 4.75
      vertex 45.1168 -42.8303 4.75
      vertex 45.1904 -43.0471 4.75
    endloop
  endfacet
  facet normal 0 0 1
    outer loop
      vertex 44.5653 -42.1116 4.75
      vertex 45.3872 -41.0406 4.75
      vertex 45.05 -40.8153 4.75
    endloop
  endfacet
  facet normal 0 0 1
    outer loop
      vertex 46.1847 -41.95 4.75
      vertex 45.0155 -42.625 4.75
      vertex 45.1168 -42.8303 4.75
    endloop
  endfacet
  facet normal 0 0 1
    outer loop
      vertex 45.9594 -41.6128 4.75
      vertex 44.8884 -42.4347 4.75
      vertex 45.0155 -42.625 4.75
    endloop
  endfacet
  facet normal 0 0 1
    outer loop
      vertex 45.692 -41.308 4.75
      vertex 44.7374 -42.2626 4.75
      vertex 44.8884 -42.4347 4.75
    endloop
  endfacet
  facet normal 0 0 1
    outer loop
      vertex 44.375 -41.9845 4.75
      vertex 45.05 -40.8153 4.75
      vertex 44.6863 -40.636 4.75
    endloop
  endfacet
  facet normal 0 0 1
    outer loop
      vertex 45.3872 -41.0406 4.75
      vertex 44.5653 -42.1116 4.75
      vertex 44.7374 -42.2626 4.75
    endloop
  endfacet
  facet normal 0 0 1
    outer loop
      vertex 45.05 -40.8153 4.75
      vertex 44.375 -41.9845 4.75
      vertex 44.5653 -42.1116 4.75
    endloop
  endfacet
  facet normal 0 0 1
    outer loop
      vertex 44.1697 -41.8832 4.75
      vertex 44.6863 -40.636 4.75
      vertex 44.3023 -40.5056 4.75
    endloop
  endfacet
  facet normal 0 0 1
    outer loop
      vertex 44.6863 -40.636 4.75
      vertex 44.1697 -41.8832 4.75
      vertex 44.375 -41.9845 4.75
    endloop
  endfacet
  facet normal 0 0 1
    outer loop
      vertex 44.3023 -40.5056 4.75
      vertex 43.9529 -41.8096 4.75
      vertex 44.1697 -41.8832 4.75
    endloop
  endfacet
  facet normal 0 0 1
    outer loop
      vertex 43.9046 -40.4265 4.75
      vertex 43.9529 -41.8096 4.75
      vertex 44.3023 -40.5056 4.75
    endloop
  endfacet
  facet normal 0 0 1
    outer loop
      vertex 43.9046 -40.4265 4.75
      vertex 43.7284 -41.765 4.75
      vertex 43.9529 -41.8096 4.75
    endloop
  endfacet
  facet normal 0 0 1
    outer loop
      vertex 43.5 -40.4 4.75
      vertex 43.7284 -41.765 4.75
      vertex 43.9046 -40.4265 4.75
    endloop
  endfacet
  facet normal 0 0 1
    outer loop
      vertex 43.5 -40.4 4.75
      vertex 43.5 -41.75 4.75
      vertex 43.7284 -41.765 4.75
    endloop
  endfacet
  facet normal 0 0 1
    outer loop
      vertex 43.5 -40.4 4.75
      vertex 43.2716 -41.765 4.75
      vertex 43.5 -41.75 4.75
    endloop
  endfacet
  facet normal -0 0 1
    outer loop
      vertex 43.0954 -40.4265 4.75
      vertex 43.2716 -41.765 4.75
      vertex 43.5 -40.4 4.75
    endloop
  endfacet
  facet normal 0 0 1
    outer loop
      vertex 43.0954 -40.4265 4.75
      vertex 43.0471 -41.8096 4.75
      vertex 43.2716 -41.765 4.75
    endloop
  endfacet
  facet normal -0 0 1
    outer loop
      vertex 42.6977 -40.5056 4.75
      vertex 43.0471 -41.8096 4.75
      vertex 43.0954 -40.4265 4.75
    endloop
  endfacet
  facet normal 0 0 1
    outer loop
      vertex 43.0471 -41.8096 4.75
      vertex 42.6977 -40.5056 4.75
      vertex 42.8303 -41.8832 4.75
    endloop
  endfacet
  facet normal -0 0 1
    outer loop
      vertex 42.3137 -40.636 4.75
      vertex 42.8303 -41.8832 4.75
      vertex 42.6977 -40.5056 4.75
    endloop
  endfacet
  facet normal 0 0 1
    outer loop
      vertex 42.8303 -41.8832 4.75
      vertex 42.3137 -40.636 4.75
      vertex 42.625 -41.9845 4.75
    endloop
  endfacet
  facet normal -0 0 1
    outer loop
      vertex 41.95 -40.8153 4.75
      vertex 42.625 -41.9845 4.75
      vertex 42.3137 -40.636 4.75
    endloop
  endfacet
  facet normal 0 0 1
    outer loop
      vertex 42.625 -41.9845 4.75
      vertex 41.95 -40.8153 4.75
      vertex 42.4347 -42.1116 4.75
    endloop
  endfacet
  facet normal -0 0 1
    outer loop
      vertex 41.6128 -41.0406 4.75
      vertex 42.4347 -42.1116 4.75
      vertex 41.95 -40.8153 4.75
    endloop
  endfacet
  facet normal 0 0 1
    outer loop
      vertex 42.4347 -42.1116 4.75
      vertex 41.6128 -41.0406 4.75
      vertex 42.2626 -42.2626 4.75
    endloop
  endfacet
  facet normal -0 0 1
    outer loop
      vertex 41.308 -41.308 4.75
      vertex 42.2626 -42.2626 4.75
      vertex 41.6128 -41.0406 4.75
    endloop
  endfacet
  facet normal 0 0 1
    outer loop
      vertex 42.2626 -42.2626 4.75
      vertex 41.308 -41.308 4.75
      vertex 42.1116 -42.4347 4.75
    endloop
  endfacet
  facet normal -0 0 1
    outer loop
      vertex 41.0406 -41.6128 4.75
      vertex 42.1116 -42.4347 4.75
      vertex 41.308 -41.308 4.75
    endloop
  endfacet
  facet normal 0 0 1
    outer loop
      vertex 42.1116 -42.4347 4.75
      vertex 41.0406 -41.6128 4.75
      vertex 41.9845 -42.625 4.75
    endloop
  endfacet
  facet normal 0 0 1
    outer loop
      vertex 41.9845 -42.625 4.75
      vertex 40.8153 -41.95 4.75
      vertex 41.8832 -42.8303 4.75
    endloop
  endfacet
  facet normal -0 0 1
    outer loop
      vertex 40.8153 -41.95 4.75
      vertex 41.9845 -42.625 4.75
      vertex 41.0406 -41.6128 4.75
    endloop
  endfacet
  facet normal -0 0 1
    outer loop
      vertex 45.0155 -44.375 4.75
      vertex 46.1847 -45.05 4.75
      vertex 45.1168 -44.1697 4.75
    endloop
  endfacet
  facet normal 0 0 1
    outer loop
      vertex 46.1847 -45.05 4.75
      vertex 45.0155 -44.375 4.75
      vertex 45.9594 -45.3872 4.75
    endloop
  endfacet
  facet normal -0 0 1
    outer loop
      vertex 44.8884 -44.5653 4.75
      vertex 45.9594 -45.3872 4.75
      vertex 45.0155 -44.375 4.75
    endloop
  endfacet
  facet normal 0 0 1
    outer loop
      vertex 45.9594 -45.3872 4.75
      vertex 44.8884 -44.5653 4.75
      vertex 45.692 -45.692 4.75
    endloop
  endfacet
  facet normal -0 0 1
    outer loop
      vertex 44.7374 -44.7374 4.75
      vertex 45.692 -45.692 4.75
      vertex 44.8884 -44.5653 4.75
    endloop
  endfacet
  facet normal 0 0 1
    outer loop
      vertex 45.692 -45.692 4.75
      vertex 44.7374 -44.7374 4.75
      vertex 45.3872 -45.9594 4.75
    endloop
  endfacet
  facet normal -0 0 1
    outer loop
      vertex 44.5653 -44.8884 4.75
      vertex 45.3872 -45.9594 4.75
      vertex 44.7374 -44.7374 4.75
    endloop
  endfacet
  facet normal 0 0 1
    outer loop
      vertex 45.3872 -45.9594 4.75
      vertex 44.5653 -44.8884 4.75
      vertex 45.05 -46.1847 4.75
    endloop
  endfacet
  facet normal -0 0 1
    outer loop
      vertex 44.375 -45.0155 4.75
      vertex 45.05 -46.1847 4.75
      vertex 44.5653 -44.8884 4.75
    endloop
  endfacet
  facet normal 0 0 1
    outer loop
      vertex 45.05 -46.1847 4.75
      vertex 44.375 -45.0155 4.75
      vertex 44.6863 -46.364 4.75
    endloop
  endfacet
  facet normal -0 0 1
    outer loop
      vertex 44.1697 -45.1168 4.75
      vertex 44.6863 -46.364 4.75
      vertex 44.375 -45.0155 4.75
    endloop
  endfacet
  facet normal 0 0 1
    outer loop
      vertex 44.6863 -46.364 4.75
      vertex 44.1697 -45.1168 4.75
      vertex 44.3023 -46.4944 4.75
    endloop
  endfacet
  facet normal -0 0 1
    outer loop
      vertex 43.9529 -45.1904 4.75
      vertex 44.3023 -46.4944 4.75
      vertex 44.1697 -45.1168 4.75
    endloop
  endfacet
  facet normal 0 0 1
    outer loop
      vertex 43.9529 -45.1904 4.75
      vertex 43.9046 -46.5735 4.75
      vertex 44.3023 -46.4944 4.75
    endloop
  endfacet
  facet normal -0 0 1
    outer loop
      vertex 43.7284 -45.235 4.75
      vertex 43.9046 -46.5735 4.75
      vertex 43.9529 -45.1904 4.75
    endloop
  endfacet
  facet normal -0 0 1
    outer loop
      vertex 43.5 -45.25 4.75
      vertex 43.9046 -46.5735 4.75
      vertex 43.7284 -45.235 4.75
    endloop
  endfacet
  facet normal 0 0 1
    outer loop
      vertex 43.5 -45.25 4.75
      vertex 43.5 -46.6 4.75
      vertex 43.9046 -46.5735 4.75
    endloop
  endfacet
  facet normal 0 0 1
    outer loop
      vertex 43.2716 -45.235 4.75
      vertex 43.5 -46.6 4.75
      vertex 43.5 -45.25 4.75
    endloop
  endfacet
  facet normal 0 0 1
    outer loop
      vertex 43.2716 -45.235 4.75
      vertex 43.0954 -46.5735 4.75
      vertex 43.5 -46.6 4.75
    endloop
  endfacet
  facet normal 0 0 1
    outer loop
      vertex 43.0471 -45.1904 4.75
      vertex 43.0954 -46.5735 4.75
      vertex 43.2716 -45.235 4.75
    endloop
  endfacet
  facet normal 0 0 1
    outer loop
      vertex 42.6977 -46.4944 4.75
      vertex 43.0471 -45.1904 4.75
      vertex 42.8303 -45.1168 4.75
    endloop
  endfacet
  facet normal 0 0 1
    outer loop
      vertex 43.0471 -45.1904 4.75
      vertex 42.6977 -46.4944 4.75
      vertex 43.0954 -46.5735 4.75
    endloop
  endfacet
  facet normal 0 0 1
    outer loop
      vertex 42.3137 -46.364 4.75
      vertex 42.8303 -45.1168 4.75
      vertex 42.625 -45.0155 4.75
    endloop
  endfacet
  facet normal 0 0 1
    outer loop
      vertex 41.95 -46.1847 4.75
      vertex 42.625 -45.0155 4.75
      vertex 42.4347 -44.8884 4.75
    endloop
  endfacet
  facet normal 0 0 1
    outer loop
      vertex 42.8303 -45.1168 4.75
      vertex 42.3137 -46.364 4.75
      vertex 42.6977 -46.4944 4.75
    endloop
  endfacet
  facet normal 0 0 1
    outer loop
      vertex 41.6128 -45.9594 4.75
      vertex 42.4347 -44.8884 4.75
      vertex 42.2626 -44.7374 4.75
    endloop
  endfacet
  facet normal 0 0 1
    outer loop
      vertex 41.308 -45.692 4.75
      vertex 42.2626 -44.7374 4.75
      vertex 42.1116 -44.5653 4.75
    endloop
  endfacet
  facet normal 0 0 1
    outer loop
      vertex 41.0406 -45.3872 4.75
      vertex 42.1116 -44.5653 4.75
      vertex 41.9845 -44.375 4.75
    endloop
  endfacet
  facet normal 0 0 1
    outer loop
      vertex 42.625 -45.0155 4.75
      vertex 41.95 -46.1847 4.75
      vertex 42.3137 -46.364 4.75
    endloop
  endfacet
  facet normal 0 0 1
    outer loop
      vertex 40.8153 -45.05 4.75
      vertex 41.9845 -44.375 4.75
      vertex 41.8832 -44.1697 4.75
    endloop
  endfacet
  facet normal 0 0 1
    outer loop
      vertex 40.636 -44.6863 4.75
      vertex 41.8832 -44.1697 4.75
      vertex 41.8096 -43.9529 4.75
    endloop
  endfacet
  facet normal 0 0 1
    outer loop
      vertex 40.5056 -44.3023 4.75
      vertex 41.8096 -43.9529 4.75
      vertex 41.765 -43.7284 4.75
    endloop
  endfacet
  facet normal 0 0 1
    outer loop
      vertex 42.4347 -44.8884 4.75
      vertex 41.6128 -45.9594 4.75
      vertex 41.95 -46.1847 4.75
    endloop
  endfacet
  facet normal 0 0 1
    outer loop
      vertex 40.4265 -43.9046 4.75
      vertex 41.765 -43.7284 4.75
      vertex 41.75 -43.5 4.75
    endloop
  endfacet
  facet normal -0 0 1
    outer loop
      vertex 40.636 -42.3137 4.75
      vertex 41.8832 -42.8303 4.75
      vertex 40.8153 -41.95 4.75
    endloop
  endfacet
  facet normal 0 0 1
    outer loop
      vertex 41.8832 -42.8303 4.75
      vertex 40.636 -42.3137 4.75
      vertex 41.8096 -43.0471 4.75
    endloop
  endfacet
  facet normal 0 0 1
    outer loop
      vertex 42.2626 -44.7374 4.75
      vertex 41.308 -45.692 4.75
      vertex 41.6128 -45.9594 4.75
    endloop
  endfacet
  facet normal -0 0 1
    outer loop
      vertex 40.5056 -42.6977 4.75
      vertex 41.8096 -43.0471 4.75
      vertex 40.636 -42.3137 4.75
    endloop
  endfacet
  facet normal 0 0 1
    outer loop
      vertex 42.1116 -44.5653 4.75
      vertex 41.0406 -45.3872 4.75
      vertex 41.308 -45.692 4.75
    endloop
  endfacet
  facet normal 0 0 1
    outer loop
      vertex 41.8096 -43.0471 4.75
      vertex 40.5056 -42.6977 4.75
      vertex 41.765 -43.2716 4.75
    endloop
  endfacet
  facet normal 0 0 1
    outer loop
      vertex 41.9845 -44.375 4.75
      vertex 40.8153 -45.05 4.75
      vertex 41.0406 -45.3872 4.75
    endloop
  endfacet
  facet normal -0 0 1
    outer loop
      vertex 40.4265 -43.0954 4.75
      vertex 41.765 -43.2716 4.75
      vertex 40.5056 -42.6977 4.75
    endloop
  endfacet
  facet normal 0 0 1
    outer loop
      vertex 41.8832 -44.1697 4.75
      vertex 40.636 -44.6863 4.75
      vertex 40.8153 -45.05 4.75
    endloop
  endfacet
  facet normal 0 0 1
    outer loop
      vertex 41.765 -43.2716 4.75
      vertex 40.4265 -43.0954 4.75
      vertex 41.75 -43.5 4.75
    endloop
  endfacet
  facet normal 0 0 1
    outer loop
      vertex 41.8096 -43.9529 4.75
      vertex 40.5056 -44.3023 4.75
      vertex 40.636 -44.6863 4.75
    endloop
  endfacet
  facet normal 0 0 1
    outer loop
      vertex 40.4 -43.5 4.75
      vertex 41.75 -43.5 4.75
      vertex 40.4265 -43.0954 4.75
    endloop
  endfacet
  facet normal 0 0 1
    outer loop
      vertex 41.765 -43.7284 4.75
      vertex 40.4265 -43.9046 4.75
      vertex 40.5056 -44.3023 4.75
    endloop
  endfacet
  facet normal 0 0 1
    outer loop
      vertex 41.75 -43.5 4.75
      vertex 40.4 -43.5 4.75
      vertex 40.4265 -43.9046 4.75
    endloop
  endfacet
  facet normal -0.555553 0.831481 0
    outer loop
      vertex 41.95 -40.8153 2.2
      vertex 41.6128 -41.0406 4.75
      vertex 41.95 -40.8153 4.75
    endloop
  endfacet
  facet normal -0.555553 0.831481 0
    outer loop
      vertex 41.6128 -41.0406 4.75
      vertex 41.95 -40.8153 2.2
      vertex 41.6128 -41.0406 2.2
    endloop
  endfacet
  facet normal -0.195073 0.980789 0
    outer loop
      vertex 43.0954 -40.4265 2.2
      vertex 42.6977 -40.5056 4.75
      vertex 43.0954 -40.4265 4.75
    endloop
  endfacet
  facet normal -0.195073 0.980789 0
    outer loop
      vertex 42.6977 -40.5056 4.75
      vertex 43.0954 -40.4265 2.2
      vertex 42.6977 -40.5056 2.2
    endloop
  endfacet
  facet normal 0.195073 -0.980789 0
    outer loop
      vertex 43.9046 -46.5735 4
      vertex 44.3023 -46.4944 4.75
      vertex 43.9046 -46.5735 4.75
    endloop
  endfacet
  facet normal 0.195073 -0.980789 0
    outer loop
      vertex 44.3023 -46.4944 4.75
      vertex 43.9046 -46.5735 4
      vertex 44.3023 -46.4944 4
    endloop
  endfacet
  facet normal 0.946893 0.321549 0
    outer loop
      vertex 46.4944 -42.6977 4.75
      vertex 46.364 -42.3137 4
      vertex 46.364 -42.3137 4.75
    endloop
  endfacet
  facet normal 0.946893 0.321549 0
    outer loop
      vertex 46.364 -42.3137 4
      vertex 46.4944 -42.6977 4.75
      vertex 46.4944 -42.6977 4
    endloop
  endfacet
  facet normal 0.980789 0.195073 0
    outer loop
      vertex 46.5735 -43.0954 4.75
      vertex 46.4944 -42.6977 4
      vertex 46.4944 -42.6977 4.75
    endloop
  endfacet
  facet normal 0.980789 0.195073 0
    outer loop
      vertex 46.4944 -42.6977 4
      vertex 46.5735 -43.0954 4.75
      vertex 46.5735 -43.0954 4
    endloop
  endfacet
  facet normal 0.751721 0.659482 0
    outer loop
      vertex 45.9594 -41.6128 4.75
      vertex 45.692 -41.308 2.2
      vertex 45.692 -41.308 4.75
    endloop
  endfacet
  facet normal 0.751721 0.659482 0
    outer loop
      vertex 45.692 -41.308 2.2
      vertex 45.9594 -41.6128 4.75
      vertex 45.9594 -41.6128 2.2
    endloop
  endfacet
  facet normal 0.831566 0.555426 0
    outer loop
      vertex 45.9594 -41.6128 4.75
      vertex 46.03 -41.7185 4
      vertex 45.9594 -41.6128 2.2
    endloop
  endfacet
  facet normal 0.831481 0.555553 -2.59406e-05
    outer loop
      vertex 46.1847 -41.95 4.75
      vertex 46.03 -41.7185 4
      vertex 45.9594 -41.6128 4.75
    endloop
  endfacet
  facet normal 0.831442 0.555612 0
    outer loop
      vertex 46.03 -41.7185 4
      vertex 46.1847 -41.95 4.75
      vertex 46.1847 -41.95 4
    endloop
  endfacet
  facet normal 0.831566 0.555426 0
    outer loop
      vertex 45.9594 -41.6128 2.2
      vertex 46.03 -41.7185 4
      vertex 46.03 -41.7185 2.2
    endloop
  endfacet
  facet normal 0.0653568 0.997862 -0
    outer loop
      vertex 43.9046 -40.4265 2.2
      vertex 43.5 -40.4 4.75
      vertex 43.9046 -40.4265 4.75
    endloop
  endfacet
  facet normal 0.0653568 0.997862 0
    outer loop
      vertex 43.5 -40.4 4.75
      vertex 43.9046 -40.4265 2.2
      vertex 43.5 -40.4 2.2
    endloop
  endfacet
  facet normal 0.555553 0.831481 -0
    outer loop
      vertex 45.3872 -41.0406 2.2
      vertex 45.05 -40.8153 4.75
      vertex 45.3872 -41.0406 4.75
    endloop
  endfacet
  facet normal 0.555553 0.831481 0
    outer loop
      vertex 45.05 -40.8153 4.75
      vertex 45.3872 -41.0406 2.2
      vertex 45.05 -40.8153 2.2
    endloop
  endfacet
  facet normal -0.896928 0.442176 0
    outer loop
      vertex 40.636 -42.3137 2.2
      vertex 40.8153 -41.95 4.75
      vertex 40.8153 -41.95 2.2
    endloop
  endfacet
  facet normal -0.896928 0.442176 0
    outer loop
      vertex 40.8153 -41.95 4.75
      vertex 40.636 -42.3137 2.2
      vertex 40.636 -42.3137 4.75
    endloop
  endfacet
  facet normal -0.980789 0.195073 0
    outer loop
      vertex 40.4265 -43.0954 2.2
      vertex 40.5056 -42.6977 4.75
      vertex 40.5056 -42.6977 2.2
    endloop
  endfacet
  facet normal -0.980789 0.195073 0
    outer loop
      vertex 40.5056 -42.6977 4.75
      vertex 40.4265 -43.0954 2.2
      vertex 40.4265 -43.0954 4.75
    endloop
  endfacet
  facet normal -0.442176 0.896928 0
    outer loop
      vertex 42.3137 -40.636 2.2
      vertex 41.95 -40.8153 4.75
      vertex 42.3137 -40.636 4.75
    endloop
  endfacet
  facet normal -0.442176 0.896928 0
    outer loop
      vertex 41.95 -40.8153 4.75
      vertex 42.3137 -40.636 2.2
      vertex 41.95 -40.8153 2.2
    endloop
  endfacet
  facet normal 0.751721 -0.659482 0
    outer loop
      vertex 45.692 -45.692 4.75
      vertex 45.9594 -45.3872 2.2
      vertex 45.9594 -45.3872 4.75
    endloop
  endfacet
  facet normal 0.751721 -0.659482 0
    outer loop
      vertex 45.9594 -45.3872 2.2
      vertex 45.692 -45.692 4.75
      vertex 45.692 -45.692 2.2
    endloop
  endfacet
  facet normal 0.946893 -0.321549 0
    outer loop
      vertex 46.364 -44.6863 4.75
      vertex 46.4944 -44.3023 4
      vertex 46.4944 -44.3023 4.75
    endloop
  endfacet
  facet normal 0.946893 -0.321549 0
    outer loop
      vertex 46.4944 -44.3023 4
      vertex 46.364 -44.6863 4.75
      vertex 46.364 -44.6863 4
    endloop
  endfacet
  facet normal 0.980789 -0.195073 0
    outer loop
      vertex 46.4944 -44.3023 4.75
      vertex 46.5735 -43.9046 4
      vertex 46.5735 -43.9046 4.75
    endloop
  endfacet
  facet normal 0.980789 -0.195073 0
    outer loop
      vertex 46.5735 -43.9046 4
      vertex 46.4944 -44.3023 4.75
      vertex 46.4944 -44.3023 4
    endloop
  endfacet
  facet normal -0.997862 -0.0653568 0
    outer loop
      vertex 40.4265 -43.9046 2.2
      vertex 40.4 -43.5 4.75
      vertex 40.4 -43.5 2.2
    endloop
  endfacet
  facet normal -0.997862 -0.0653568 0
    outer loop
      vertex 40.4 -43.5 4.75
      vertex 40.4265 -43.9046 2.2
      vertex 40.4265 -43.9046 4.75
    endloop
  endfacet
  facet normal 0.442176 -0.896928 0
    outer loop
      vertex 44.6863 -46.364 4
      vertex 45.05 -46.1847 4.75
      vertex 44.6863 -46.364 4.75
    endloop
  endfacet
  facet normal 0.442176 -0.896928 0
    outer loop
      vertex 45.05 -46.1847 4.75
      vertex 44.6863 -46.364 4
      vertex 45.05 -46.1847 4
    endloop
  endfacet
  facet normal -0.946893 0.321549 0
    outer loop
      vertex 40.5056 -42.6977 2.2
      vertex 40.636 -42.3137 4.75
      vertex 40.636 -42.3137 2.2
    endloop
  endfacet
  facet normal -0.946893 0.321549 0
    outer loop
      vertex 40.636 -42.3137 4.75
      vertex 40.5056 -42.6977 2.2
      vertex 40.5056 -42.6977 4.75
    endloop
  endfacet
  facet normal 0.555529 -0.831497 0
    outer loop
      vertex 45.3046 -46.0146 4
      vertex 45.05 -46.1847 4.75
      vertex 45.05 -46.1847 4
    endloop
  endfacet
  facet normal 0.555553 -0.831481 1.20333e-05
    outer loop
      vertex 45.05 -46.1847 4.75
      vertex 45.3046 -46.0146 4
      vertex 45.3872 -45.9594 4.75
    endloop
  endfacet
  facet normal 0.555629 -0.83143 0
    outer loop
      vertex 45.3872 -45.9594 2.2
      vertex 45.3046 -46.0146 4
      vertex 45.3046 -46.0146 2.2
    endloop
  endfacet
  facet normal 0.555629 -0.83143 0
    outer loop
      vertex 45.3046 -46.0146 4
      vertex 45.3872 -45.9594 2.2
      vertex 45.3872 -45.9594 4.75
    endloop
  endfacet
  facet normal 0.831497 -0.555529 0
    outer loop
      vertex 46.1847 -45.05 4.75
      vertex 46.0146 -45.3046 4
      vertex 46.1847 -45.05 4
    endloop
  endfacet
  facet normal 0.831481 -0.555553 1.20333e-05
    outer loop
      vertex 45.9594 -45.3872 4.75
      vertex 46.0146 -45.3046 4
      vertex 46.1847 -45.05 4.75
    endloop
  endfacet
  facet normal 0.83143 -0.555629 0
    outer loop
      vertex 45.9594 -45.3872 2.2
      vertex 46.0146 -45.3046 4
      vertex 45.9594 -45.3872 4.75
    endloop
  endfacet
  facet normal 0.83143 -0.555629 0
    outer loop
      vertex 46.0146 -45.3046 4
      vertex 45.9594 -45.3872 2.2
      vertex 46.0146 -45.3046 2.2
    endloop
  endfacet
  facet normal 0.997862 -0.0653568 0
    outer loop
      vertex 46.5735 -43.9046 4.75
      vertex 46.6 -43.5 4
      vertex 46.6 -43.5 4.75
    endloop
  endfacet
  facet normal 0.997862 -0.0653568 0
    outer loop
      vertex 46.6 -43.5 4
      vertex 46.5735 -43.9046 4.75
      vertex 46.5735 -43.9046 4
    endloop
  endfacet
  facet normal -0.659482 -0.751721 0
    outer loop
      vertex 41.308 -45.692 2.2
      vertex 41.6128 -45.9594 4.75
      vertex 41.308 -45.692 4.75
    endloop
  endfacet
  facet normal -0.659482 -0.751721 -0
    outer loop
      vertex 41.6128 -45.9594 4.75
      vertex 41.308 -45.692 2.2
      vertex 41.6128 -45.9594 2.2
    endloop
  endfacet
  facet normal -0.751721 -0.659482 0
    outer loop
      vertex 41.308 -45.692 2.2
      vertex 41.0406 -45.3872 4.75
      vertex 41.0406 -45.3872 2.2
    endloop
  endfacet
  facet normal -0.751721 -0.659482 0
    outer loop
      vertex 41.0406 -45.3872 4.75
      vertex 41.308 -45.692 2.2
      vertex 41.308 -45.692 4.75
    endloop
  endfacet
  facet normal -0.896928 -0.442176 0
    outer loop
      vertex 40.8153 -45.05 2.2
      vertex 40.636 -44.6863 4.75
      vertex 40.636 -44.6863 2.2
    endloop
  endfacet
  facet normal -0.896928 -0.442176 0
    outer loop
      vertex 40.636 -44.6863 4.75
      vertex 40.8153 -45.05 2.2
      vertex 40.8153 -45.05 4.75
    endloop
  endfacet
  facet normal -0.980789 -0.195073 0
    outer loop
      vertex 40.5056 -44.3023 2.2
      vertex 40.4265 -43.9046 4.75
      vertex 40.4265 -43.9046 2.2
    endloop
  endfacet
  facet normal -0.980789 -0.195073 0
    outer loop
      vertex 40.4265 -43.9046 4.75
      vertex 40.5056 -44.3023 2.2
      vertex 40.5056 -44.3023 4.75
    endloop
  endfacet
  facet normal -0.946893 -0.321549 0
    outer loop
      vertex 40.636 -44.6863 2.2
      vertex 40.5056 -44.3023 4.75
      vertex 40.5056 -44.3023 2.2
    endloop
  endfacet
  facet normal -0.946893 -0.321549 0
    outer loop
      vertex 40.5056 -44.3023 4.75
      vertex 40.636 -44.6863 2.2
      vertex 40.636 -44.6863 4.75
    endloop
  endfacet
  facet normal 0.321549 -0.946893 0
    outer loop
      vertex 44.3023 -46.4944 4
      vertex 44.6863 -46.364 4.75
      vertex 44.3023 -46.4944 4.75
    endloop
  endfacet
  facet normal 0.321549 -0.946893 0
    outer loop
      vertex 44.6863 -46.364 4.75
      vertex 44.3023 -46.4944 4
      vertex 44.6863 -46.364 4
    endloop
  endfacet
  facet normal 0.659482 -0.751721 0
    outer loop
      vertex 45.3872 -45.9594 2.2
      vertex 45.692 -45.692 4.75
      vertex 45.3872 -45.9594 4.75
    endloop
  endfacet
  facet normal 0.659482 -0.751721 0
    outer loop
      vertex 45.692 -45.692 4.75
      vertex 45.3872 -45.9594 2.2
      vertex 45.692 -45.692 2.2
    endloop
  endfacet
  facet normal 0.896928 -0.442176 0
    outer loop
      vertex 46.1847 -45.05 4.75
      vertex 46.364 -44.6863 4
      vertex 46.364 -44.6863 4.75
    endloop
  endfacet
  facet normal 0.896928 -0.442176 0
    outer loop
      vertex 46.364 -44.6863 4
      vertex 46.1847 -45.05 4.75
      vertex 46.1847 -45.05 4
    endloop
  endfacet
  facet normal -0.321549 -0.946893 0
    outer loop
      vertex 42.3137 -46.364 4
      vertex 42.6977 -46.4944 4.75
      vertex 42.3137 -46.364 4.75
    endloop
  endfacet
  facet normal -0.321549 -0.946893 -0
    outer loop
      vertex 42.6977 -46.4944 4.75
      vertex 42.3137 -46.364 4
      vertex 42.6977 -46.4944 4
    endloop
  endfacet
  facet normal -0.0653568 -0.997862 0
    outer loop
      vertex 43.0954 -46.5735 4
      vertex 43.5 -46.6 4.75
      vertex 43.0954 -46.5735 4.75
    endloop
  endfacet
  facet normal -0.0653568 -0.997862 -0
    outer loop
      vertex 43.5 -46.6 4.75
      vertex 43.0954 -46.5735 4
      vertex 43.5 -46.6 4
    endloop
  endfacet
  facet normal -0.555553 -0.831481 -2.59406e-05
    outer loop
      vertex 41.6128 -45.9594 4.75
      vertex 41.7185 -46.03 4
      vertex 41.95 -46.1847 4.75
    endloop
  endfacet
  facet normal -0.555426 -0.831566 0
    outer loop
      vertex 41.6128 -45.9594 2.2
      vertex 41.7185 -46.03 4
      vertex 41.6128 -45.9594 4.75
    endloop
  endfacet
  facet normal -0.555426 -0.831566 -0
    outer loop
      vertex 41.7185 -46.03 4
      vertex 41.6128 -45.9594 2.2
      vertex 41.7185 -46.03 2.2
    endloop
  endfacet
  facet normal -0.555612 -0.831442 -0
    outer loop
      vertex 41.95 -46.1847 4.75
      vertex 41.7185 -46.03 4
      vertex 41.95 -46.1847 4
    endloop
  endfacet
  facet normal -0.831481 -0.555553 0
    outer loop
      vertex 41.0406 -45.3872 2.2
      vertex 40.8153 -45.05 4.75
      vertex 40.8153 -45.05 2.2
    endloop
  endfacet
  facet normal -0.831481 -0.555553 0
    outer loop
      vertex 40.8153 -45.05 4.75
      vertex 41.0406 -45.3872 2.2
      vertex 41.0406 -45.3872 4.75
    endloop
  endfacet
  facet normal -0.195073 -0.980789 0
    outer loop
      vertex 42.6977 -46.4944 4
      vertex 43.0954 -46.5735 4.75
      vertex 42.6977 -46.4944 4.75
    endloop
  endfacet
  facet normal -0.195073 -0.980789 -0
    outer loop
      vertex 43.0954 -46.5735 4.75
      vertex 42.6977 -46.4944 4
      vertex 43.0954 -46.5735 4
    endloop
  endfacet
  facet normal -0.442176 -0.896928 0
    outer loop
      vertex 41.95 -46.1847 4
      vertex 42.3137 -46.364 4.75
      vertex 41.95 -46.1847 4.75
    endloop
  endfacet
  facet normal -0.442176 -0.896928 -0
    outer loop
      vertex 42.3137 -46.364 4.75
      vertex 41.95 -46.1847 4
      vertex 42.3137 -46.364 4
    endloop
  endfacet
  facet normal -0.99785 -0.0655331 0
    outer loop
      vertex 45.25 -43.5 2.2
      vertex 45.235 -43.2716 4.75
      vertex 45.235 -43.2716 2.2
    endloop
  endfacet
  facet normal -0.99785 -0.0655331 0
    outer loop
      vertex 45.235 -43.2716 4.75
      vertex 45.25 -43.5 2.2
      vertex 45.25 -43.5 4.75
    endloop
  endfacet
  facet normal 0.99785 -0.0655331 0
    outer loop
      vertex 41.75 -43.5 4.75
      vertex 41.765 -43.2716 2.2
      vertex 41.765 -43.2716 4.75
    endloop
  endfacet
  facet normal 0.99785 -0.0655331 0
    outer loop
      vertex 41.765 -43.2716 2.2
      vertex 41.75 -43.5 4.75
      vertex 41.75 -43.5 2.2
    endloop
  endfacet
  facet normal -0.0655331 -0.99785 0
    outer loop
      vertex 43.5 -41.75 2.2
      vertex 43.7284 -41.765 4.75
      vertex 43.5 -41.75 4.75
    endloop
  endfacet
  facet normal -0.0655331 -0.99785 -0
    outer loop
      vertex 43.7284 -41.765 4.75
      vertex 43.5 -41.75 2.2
      vertex 43.7284 -41.765 2.2
    endloop
  endfacet
  facet normal -0.659524 -0.751683 0
    outer loop
      vertex 44.5653 -42.1116 2.2
      vertex 44.7374 -42.2626 4.75
      vertex 44.5653 -42.1116 4.75
    endloop
  endfacet
  facet normal -0.659524 -0.751683 -0
    outer loop
      vertex 44.7374 -42.2626 4.75
      vertex 44.5653 -42.1116 2.2
      vertex 44.7374 -42.2626 2.2
    endloop
  endfacet
  facet normal 0.659524 -0.751683 0
    outer loop
      vertex 42.2626 -42.2626 2.2
      vertex 42.4347 -42.1116 4.75
      vertex 42.2626 -42.2626 4.75
    endloop
  endfacet
  facet normal 0.659524 -0.751683 0
    outer loop
      vertex 42.4347 -42.1116 4.75
      vertex 42.2626 -42.2626 2.2
      vertex 42.4347 -42.1116 2.2
    endloop
  endfacet
  facet normal 0.321464 -0.946922 0
    outer loop
      vertex 42.8303 -41.8832 2.2
      vertex 43.0471 -41.8096 4.75
      vertex 42.8303 -41.8832 4.75
    endloop
  endfacet
  facet normal 0.321464 -0.946922 0
    outer loop
      vertex 43.0471 -41.8096 4.75
      vertex 42.8303 -41.8832 2.2
      vertex 43.0471 -41.8096 2.2
    endloop
  endfacet
  facet normal 0.980832 0.194856 0
    outer loop
      vertex 41.8096 -43.9529 4.75
      vertex 41.765 -43.7284 2.2
      vertex 41.765 -43.7284 4.75
    endloop
  endfacet
  facet normal 0.980832 0.194856 0
    outer loop
      vertex 41.765 -43.7284 2.2
      vertex 41.8096 -43.9529 4.75
      vertex 41.8096 -43.9529 2.2
    endloop
  endfacet
  facet normal -0.896774 -0.44249 0
    outer loop
      vertex 45.1168 -42.8303 2.2
      vertex 45.0155 -42.625 4.75
      vertex 45.0155 -42.625 2.2
    endloop
  endfacet
  facet normal -0.896774 -0.44249 0
    outer loop
      vertex 45.0155 -42.625 4.75
      vertex 45.1168 -42.8303 2.2
      vertex 45.1168 -42.8303 4.75
    endloop
  endfacet
  facet normal -0.831579 -0.555406 0
    outer loop
      vertex 45.0155 -42.625 2.2
      vertex 44.8884 -42.4347 4.75
      vertex 44.8884 -42.4347 2.2
    endloop
  endfacet
  facet normal -0.831579 -0.555406 0
    outer loop
      vertex 44.8884 -42.4347 4.75
      vertex 45.0155 -42.625 2.2
      vertex 45.0155 -42.625 4.75
    endloop
  endfacet
  facet normal -0.44249 -0.896774 0
    outer loop
      vertex 44.1697 -41.8832 2.2
      vertex 44.375 -41.9845 4.75
      vertex 44.1697 -41.8832 4.75
    endloop
  endfacet
  facet normal -0.44249 -0.896774 -0
    outer loop
      vertex 44.375 -41.9845 4.75
      vertex 44.1697 -41.8832 2.2
      vertex 44.375 -41.9845 2.2
    endloop
  endfacet
  facet normal -0.555406 -0.831579 0
    outer loop
      vertex 44.375 -41.9845 2.2
      vertex 44.5653 -42.1116 4.75
      vertex 44.375 -41.9845 4.75
    endloop
  endfacet
  facet normal -0.555406 -0.831579 -0
    outer loop
      vertex 44.5653 -42.1116 4.75
      vertex 44.375 -41.9845 2.2
      vertex 44.5653 -42.1116 2.2
    endloop
  endfacet
  facet normal 0.896774 -0.44249 0
    outer loop
      vertex 41.8832 -42.8303 4.75
      vertex 41.9845 -42.625 2.2
      vertex 41.9845 -42.625 4.75
    endloop
  endfacet
  facet normal 0.896774 -0.44249 0
    outer loop
      vertex 41.9845 -42.625 2.2
      vertex 41.8832 -42.8303 4.75
      vertex 41.8832 -42.8303 2.2
    endloop
  endfacet
  facet normal 0.831579 -0.555406 0
    outer loop
      vertex 41.9845 -42.625 4.75
      vertex 42.1116 -42.4347 2.2
      vertex 42.1116 -42.4347 4.75
    endloop
  endfacet
  facet normal 0.831579 -0.555406 0
    outer loop
      vertex 42.1116 -42.4347 2.2
      vertex 41.9845 -42.625 4.75
      vertex 41.9845 -42.625 2.2
    endloop
  endfacet
  facet normal 0.44249 -0.896774 0
    outer loop
      vertex 42.625 -41.9845 2.2
      vertex 42.8303 -41.8832 4.75
      vertex 42.625 -41.9845 4.75
    endloop
  endfacet
  facet normal 0.44249 -0.896774 0
    outer loop
      vertex 42.8303 -41.8832 4.75
      vertex 42.625 -41.9845 2.2
      vertex 42.8303 -41.8832 2.2
    endloop
  endfacet
  facet normal 0.0655331 -0.99785 0
    outer loop
      vertex 43.2716 -41.765 2.2
      vertex 43.5 -41.75 4.75
      vertex 43.2716 -41.765 4.75
    endloop
  endfacet
  facet normal 0.0655331 -0.99785 0
    outer loop
      vertex 43.5 -41.75 4.75
      vertex 43.2716 -41.765 2.2
      vertex 43.5 -41.75 2.2
    endloop
  endfacet
  facet normal -0.946922 0.321464 0
    outer loop
      vertex 45.1168 -44.1697 2.2
      vertex 45.1904 -43.9529 4.75
      vertex 45.1904 -43.9529 2.2
    endloop
  endfacet
  facet normal -0.946922 0.321464 0
    outer loop
      vertex 45.1904 -43.9529 4.75
      vertex 45.1168 -44.1697 2.2
      vertex 45.1168 -44.1697 4.75
    endloop
  endfacet
  facet normal -0.194856 0.980832 0
    outer loop
      vertex 43.9529 -45.1904 2.2
      vertex 43.7284 -45.235 4.75
      vertex 43.9529 -45.1904 4.75
    endloop
  endfacet
  facet normal -0.194856 0.980832 0
    outer loop
      vertex 43.7284 -45.235 4.75
      vertex 43.9529 -45.1904 2.2
      vertex 43.7284 -45.235 2.2
    endloop
  endfacet
  facet normal -0.0655331 0.99785 0
    outer loop
      vertex 43.7284 -45.235 2.2
      vertex 43.5 -45.25 4.75
      vertex 43.7284 -45.235 4.75
    endloop
  endfacet
  facet normal -0.0655331 0.99785 0
    outer loop
      vertex 43.5 -45.25 4.75
      vertex 43.7284 -45.235 2.2
      vertex 43.5 -45.25 2.2
    endloop
  endfacet
  facet normal -0.751683 0.659524 0
    outer loop
      vertex 44.7374 -44.7374 2.2
      vertex 44.8884 -44.5653 4.75
      vertex 44.8884 -44.5653 2.2
    endloop
  endfacet
  facet normal -0.751683 0.659524 0
    outer loop
      vertex 44.8884 -44.5653 4.75
      vertex 44.7374 -44.7374 2.2
      vertex 44.7374 -44.7374 4.75
    endloop
  endfacet
  facet normal -0.896774 0.44249 0
    outer loop
      vertex 45.0155 -44.375 2.2
      vertex 45.1168 -44.1697 4.75
      vertex 45.1168 -44.1697 2.2
    endloop
  endfacet
  facet normal -0.896774 0.44249 0
    outer loop
      vertex 45.1168 -44.1697 4.75
      vertex 45.0155 -44.375 2.2
      vertex 45.0155 -44.375 4.75
    endloop
  endfacet
  facet normal 0.321464 0.946922 -0
    outer loop
      vertex 43.0471 -45.1904 2.2
      vertex 42.8303 -45.1168 4.75
      vertex 43.0471 -45.1904 4.75
    endloop
  endfacet
  facet normal 0.321464 0.946922 0
    outer loop
      vertex 42.8303 -45.1168 4.75
      vertex 43.0471 -45.1904 2.2
      vertex 42.8303 -45.1168 2.2
    endloop
  endfacet
  facet normal 0.896774 0.44249 0
    outer loop
      vertex 41.9845 -44.375 4.75
      vertex 41.8832 -44.1697 2.2
      vertex 41.8832 -44.1697 4.75
    endloop
  endfacet
  facet normal 0.896774 0.44249 0
    outer loop
      vertex 41.8832 -44.1697 2.2
      vertex 41.9845 -44.375 4.75
      vertex 41.9845 -44.375 2.2
    endloop
  endfacet
  facet normal 0.831579 0.555406 0
    outer loop
      vertex 42.1116 -44.5653 4.75
      vertex 41.9845 -44.375 2.2
      vertex 41.9845 -44.375 4.75
    endloop
  endfacet
  facet normal 0.831579 0.555406 0
    outer loop
      vertex 41.9845 -44.375 2.2
      vertex 42.1116 -44.5653 4.75
      vertex 42.1116 -44.5653 2.2
    endloop
  endfacet
  facet normal 0.99785 0.0655331 0
    outer loop
      vertex 41.765 -43.7284 4.75
      vertex 41.75 -43.5 2.2
      vertex 41.75 -43.5 4.75
    endloop
  endfacet
  facet normal 0.99785 0.0655331 0
    outer loop
      vertex 41.75 -43.5 2.2
      vertex 41.765 -43.7284 4.75
      vertex 41.765 -43.7284 2.2
    endloop
  endfacet
  facet normal -0.946922 -0.321464 0
    outer loop
      vertex 45.1904 -43.0471 2.2
      vertex 45.1168 -42.8303 4.75
      vertex 45.1168 -42.8303 2.2
    endloop
  endfacet
  facet normal -0.946922 -0.321464 0
    outer loop
      vertex 45.1168 -42.8303 4.75
      vertex 45.1904 -43.0471 2.2
      vertex 45.1904 -43.0471 4.75
    endloop
  endfacet
  facet normal -0.980832 -0.194856 0
    outer loop
      vertex 45.235 -43.2716 2.2
      vertex 45.1904 -43.0471 4.75
      vertex 45.1904 -43.0471 2.2
    endloop
  endfacet
  facet normal -0.980832 -0.194856 0
    outer loop
      vertex 45.1904 -43.0471 4.75
      vertex 45.235 -43.2716 2.2
      vertex 45.235 -43.2716 4.75
    endloop
  endfacet
  facet normal -0.751683 -0.659524 0
    outer loop
      vertex 44.8884 -42.4347 2.2
      vertex 44.7374 -42.2626 4.75
      vertex 44.7374 -42.2626 2.2
    endloop
  endfacet
  facet normal -0.751683 -0.659524 0
    outer loop
      vertex 44.7374 -42.2626 4.75
      vertex 44.8884 -42.4347 2.2
      vertex 44.8884 -42.4347 4.75
    endloop
  endfacet
  facet normal -0.321464 -0.946922 0
    outer loop
      vertex 43.9529 -41.8096 2.2
      vertex 44.1697 -41.8832 4.75
      vertex 43.9529 -41.8096 4.75
    endloop
  endfacet
  facet normal -0.321464 -0.946922 -0
    outer loop
      vertex 44.1697 -41.8832 4.75
      vertex 43.9529 -41.8096 2.2
      vertex 44.1697 -41.8832 2.2
    endloop
  endfacet
  facet normal -0.194856 -0.980832 0
    outer loop
      vertex 43.7284 -41.765 2.2
      vertex 43.9529 -41.8096 4.75
      vertex 43.7284 -41.765 4.75
    endloop
  endfacet
  facet normal -0.194856 -0.980832 -0
    outer loop
      vertex 43.9529 -41.8096 4.75
      vertex 43.7284 -41.765 2.2
      vertex 43.9529 -41.8096 2.2
    endloop
  endfacet
  facet normal 0.751683 -0.659524 0
    outer loop
      vertex 42.1116 -42.4347 4.75
      vertex 42.2626 -42.2626 2.2
      vertex 42.2626 -42.2626 4.75
    endloop
  endfacet
  facet normal 0.751683 -0.659524 0
    outer loop
      vertex 42.2626 -42.2626 2.2
      vertex 42.1116 -42.4347 4.75
      vertex 42.1116 -42.4347 2.2
    endloop
  endfacet
  facet normal 0.980832 -0.194856 0
    outer loop
      vertex 41.765 -43.2716 4.75
      vertex 41.8096 -43.0471 2.2
      vertex 41.8096 -43.0471 4.75
    endloop
  endfacet
  facet normal 0.980832 -0.194856 0
    outer loop
      vertex 41.8096 -43.0471 2.2
      vertex 41.765 -43.2716 4.75
      vertex 41.765 -43.2716 2.2
    endloop
  endfacet
  facet normal -0.44249 0.896774 0
    outer loop
      vertex 44.375 -45.0155 2.2
      vertex 44.1697 -45.1168 4.75
      vertex 44.375 -45.0155 4.75
    endloop
  endfacet
  facet normal -0.44249 0.896774 0
    outer loop
      vertex 44.1697 -45.1168 4.75
      vertex 44.375 -45.0155 2.2
      vertex 44.1697 -45.1168 2.2
    endloop
  endfacet
  facet normal -0.659524 0.751683 0
    outer loop
      vertex 44.7374 -44.7374 2.2
      vertex 44.5653 -44.8884 4.75
      vertex 44.7374 -44.7374 4.75
    endloop
  endfacet
  facet normal -0.659524 0.751683 0
    outer loop
      vertex 44.5653 -44.8884 4.75
      vertex 44.7374 -44.7374 2.2
      vertex 44.5653 -44.8884 2.2
    endloop
  endfacet
  facet normal -0.555406 0.831579 0
    outer loop
      vertex 44.5653 -44.8884 2.2
      vertex 44.375 -45.0155 4.75
      vertex 44.5653 -44.8884 4.75
    endloop
  endfacet
  facet normal -0.555406 0.831579 0
    outer loop
      vertex 44.375 -45.0155 4.75
      vertex 44.5653 -44.8884 2.2
      vertex 44.375 -45.0155 2.2
    endloop
  endfacet
  facet normal -0.831579 0.555406 0
    outer loop
      vertex 44.8884 -44.5653 2.2
      vertex 45.0155 -44.375 4.75
      vertex 45.0155 -44.375 2.2
    endloop
  endfacet
  facet normal -0.831579 0.555406 0
    outer loop
      vertex 45.0155 -44.375 4.75
      vertex 44.8884 -44.5653 2.2
      vertex 44.8884 -44.5653 4.75
    endloop
  endfacet
  facet normal 0.555406 0.831579 -0
    outer loop
      vertex 42.625 -45.0155 2.2
      vertex 42.4347 -44.8884 4.75
      vertex 42.625 -45.0155 4.75
    endloop
  endfacet
  facet normal 0.555406 0.831579 0
    outer loop
      vertex 42.4347 -44.8884 4.75
      vertex 42.625 -45.0155 2.2
      vertex 42.4347 -44.8884 2.2
    endloop
  endfacet
  facet normal 0.659524 0.751683 -0
    outer loop
      vertex 42.4347 -44.8884 2.2
      vertex 42.2626 -44.7374 4.75
      vertex 42.4347 -44.8884 4.75
    endloop
  endfacet
  facet normal 0.659524 0.751683 0
    outer loop
      vertex 42.2626 -44.7374 4.75
      vertex 42.4347 -44.8884 2.2
      vertex 42.2626 -44.7374 2.2
    endloop
  endfacet
  facet normal 0.44249 0.896774 -0
    outer loop
      vertex 42.8303 -45.1168 2.2
      vertex 42.625 -45.0155 4.75
      vertex 42.8303 -45.1168 4.75
    endloop
  endfacet
  facet normal 0.44249 0.896774 0
    outer loop
      vertex 42.625 -45.0155 4.75
      vertex 42.8303 -45.1168 2.2
      vertex 42.625 -45.0155 2.2
    endloop
  endfacet
  facet normal 0.0655331 0.99785 -0
    outer loop
      vertex 43.5 -45.25 2.2
      vertex 43.2716 -45.235 4.75
      vertex 43.5 -45.25 4.75
    endloop
  endfacet
  facet normal 0.0655331 0.99785 0
    outer loop
      vertex 43.2716 -45.235 4.75
      vertex 43.5 -45.25 2.2
      vertex 43.2716 -45.235 2.2
    endloop
  endfacet
  facet normal 0.751683 0.659524 0
    outer loop
      vertex 42.2626 -44.7374 4.75
      vertex 42.1116 -44.5653 2.2
      vertex 42.1116 -44.5653 4.75
    endloop
  endfacet
  facet normal 0.751683 0.659524 0
    outer loop
      vertex 42.1116 -44.5653 2.2
      vertex 42.2626 -44.7374 4.75
      vertex 42.2626 -44.7374 2.2
    endloop
  endfacet
  facet normal 0.946922 -0.321464 0
    outer loop
      vertex 41.8096 -43.0471 4.75
      vertex 41.8832 -42.8303 2.2
      vertex 41.8832 -42.8303 4.75
    endloop
  endfacet
  facet normal 0.946922 -0.321464 0
    outer loop
      vertex 41.8832 -42.8303 2.2
      vertex 41.8096 -43.0471 4.75
      vertex 41.8096 -43.0471 2.2
    endloop
  endfacet
  facet normal 0.555406 -0.831579 0
    outer loop
      vertex 42.4347 -42.1116 2.2
      vertex 42.625 -41.9845 4.75
      vertex 42.4347 -42.1116 4.75
    endloop
  endfacet
  facet normal 0.555406 -0.831579 0
    outer loop
      vertex 42.625 -41.9845 4.75
      vertex 42.4347 -42.1116 2.2
      vertex 42.625 -41.9845 2.2
    endloop
  endfacet
  facet normal 0.194856 -0.980832 0
    outer loop
      vertex 43.0471 -41.8096 2.2
      vertex 43.2716 -41.765 4.75
      vertex 43.0471 -41.8096 4.75
    endloop
  endfacet
  facet normal 0.194856 -0.980832 0
    outer loop
      vertex 43.2716 -41.765 4.75
      vertex 43.0471 -41.8096 2.2
      vertex 43.2716 -41.765 2.2
    endloop
  endfacet
  facet normal -0.321464 0.946922 0
    outer loop
      vertex 44.1697 -45.1168 2.2
      vertex 43.9529 -45.1904 4.75
      vertex 44.1697 -45.1168 4.75
    endloop
  endfacet
  facet normal -0.321464 0.946922 0
    outer loop
      vertex 43.9529 -45.1904 4.75
      vertex 44.1697 -45.1168 2.2
      vertex 43.9529 -45.1904 2.2
    endloop
  endfacet
  facet normal -0.980832 0.194856 0
    outer loop
      vertex 45.1904 -43.9529 2.2
      vertex 45.235 -43.7284 4.75
      vertex 45.235 -43.7284 2.2
    endloop
  endfacet
  facet normal -0.980832 0.194856 0
    outer loop
      vertex 45.235 -43.7284 4.75
      vertex 45.1904 -43.9529 2.2
      vertex 45.1904 -43.9529 4.75
    endloop
  endfacet
  facet normal 0.194856 0.980832 -0
    outer loop
      vertex 43.2716 -45.235 2.2
      vertex 43.0471 -45.1904 4.75
      vertex 43.2716 -45.235 4.75
    endloop
  endfacet
  facet normal 0.194856 0.980832 0
    outer loop
      vertex 43.0471 -45.1904 4.75
      vertex 43.2716 -45.235 2.2
      vertex 43.0471 -45.1904 2.2
    endloop
  endfacet
  facet normal 0.946922 0.321464 0
    outer loop
      vertex 41.8832 -44.1697 4.75
      vertex 41.8096 -43.9529 2.2
      vertex 41.8096 -43.9529 4.75
    endloop
  endfacet
  facet normal 0.946922 0.321464 0
    outer loop
      vertex 41.8096 -43.9529 2.2
      vertex 41.8832 -44.1697 4.75
      vertex 41.8832 -44.1697 2.2
    endloop
  endfacet
  facet normal -0.99785 0.0655331 0
    outer loop
      vertex 45.235 -43.7284 2.2
      vertex 45.25 -43.5 4.75
      vertex 45.25 -43.5 2.2
    endloop
  endfacet
  facet normal -0.99785 0.0655331 0
    outer loop
      vertex 45.25 -43.5 4.75
      vertex 45.235 -43.7284 2.2
      vertex 45.235 -43.7284 4.75
    endloop
  endfacet
  facet normal 0.997862 0.0653568 0
    outer loop
      vertex 46.6 43.5 4.75
      vertex 46.5735 43.9046 4
      vertex 46.5735 43.9046 4.75
    endloop
  endfacet
  facet normal 0.997862 0.0653568 0
    outer loop
      vertex 46.5735 43.9046 4
      vertex 46.6 43.5 4.75
      vertex 46.6 43.5 4
    endloop
  endfacet
  facet normal -0.997862 0.0653568 0
    outer loop
      vertex 40.4 43.5 2.2
      vertex 40.4265 43.9046 4.75
      vertex 40.4265 43.9046 2.2
    endloop
  endfacet
  facet normal -0.997862 0.0653568 0
    outer loop
      vertex 40.4265 43.9046 4.75
      vertex 40.4 43.5 2.2
      vertex 40.4 43.5 4.75
    endloop
  endfacet
  facet normal -0.0653568 0.997862 0
    outer loop
      vertex 43.5 46.6 4
      vertex 43.0954 46.5735 4.75
      vertex 43.5 46.6 4.75
    endloop
  endfacet
  facet normal -0.0653568 0.997862 0
    outer loop
      vertex 43.0954 46.5735 4.75
      vertex 43.5 46.6 4
      vertex 43.0954 46.5735 4
    endloop
  endfacet
  facet normal 0.0653568 -0.997862 0
    outer loop
      vertex 43.5 40.4 2.2
      vertex 43.9046 40.4265 4.75
      vertex 43.5 40.4 4.75
    endloop
  endfacet
  facet normal 0.0653568 -0.997862 0
    outer loop
      vertex 43.9046 40.4265 4.75
      vertex 43.5 40.4 2.2
      vertex 43.9046 40.4265 2.2
    endloop
  endfacet
  facet normal 0.659482 0.751721 -0
    outer loop
      vertex 45.692 45.692 2.2
      vertex 45.3872 45.9594 4.75
      vertex 45.692 45.692 4.75
    endloop
  endfacet
  facet normal 0.659482 0.751721 0
    outer loop
      vertex 45.3872 45.9594 4.75
      vertex 45.692 45.692 2.2
      vertex 45.3872 45.9594 2.2
    endloop
  endfacet
  facet normal -0.659482 0.751721 0
    outer loop
      vertex 41.6128 45.9594 2.2
      vertex 41.308 45.692 4.75
      vertex 41.6128 45.9594 4.75
    endloop
  endfacet
  facet normal -0.659482 0.751721 0
    outer loop
      vertex 41.308 45.692 4.75
      vertex 41.6128 45.9594 2.2
      vertex 41.308 45.692 2.2
    endloop
  endfacet
  facet normal -0.321549 0.946893 0
    outer loop
      vertex 42.6977 46.4944 4
      vertex 42.3137 46.364 4.75
      vertex 42.6977 46.4944 4.75
    endloop
  endfacet
  facet normal -0.321549 0.946893 0
    outer loop
      vertex 42.3137 46.364 4.75
      vertex 42.6977 46.4944 4
      vertex 42.3137 46.364 4
    endloop
  endfacet
  facet normal 0.896928 0.442176 0
    outer loop
      vertex 46.364 44.6863 4.75
      vertex 46.1847 45.05 4
      vertex 46.1847 45.05 4.75
    endloop
  endfacet
  facet normal 0.896928 0.442176 0
    outer loop
      vertex 46.1847 45.05 4
      vertex 46.364 44.6863 4.75
      vertex 46.364 44.6863 4
    endloop
  endfacet
  facet normal 0.321549 0.946893 -0
    outer loop
      vertex 44.6863 46.364 4
      vertex 44.3023 46.4944 4.75
      vertex 44.6863 46.364 4.75
    endloop
  endfacet
  facet normal 0.321549 0.946893 0
    outer loop
      vertex 44.3023 46.4944 4.75
      vertex 44.6863 46.364 4
      vertex 44.3023 46.4944 4
    endloop
  endfacet
  facet normal 0.195073 0.980789 -0
    outer loop
      vertex 44.3023 46.4944 4
      vertex 43.9046 46.5735 4.75
      vertex 44.3023 46.4944 4.75
    endloop
  endfacet
  facet normal 0.195073 0.980789 0
    outer loop
      vertex 43.9046 46.5735 4.75
      vertex 44.3023 46.4944 4
      vertex 43.9046 46.5735 4
    endloop
  endfacet
  facet normal 0.442176 0.896928 -0
    outer loop
      vertex 45.05 46.1847 4
      vertex 44.6863 46.364 4.75
      vertex 45.05 46.1847 4.75
    endloop
  endfacet
  facet normal 0.442176 0.896928 0
    outer loop
      vertex 44.6863 46.364 4.75
      vertex 45.05 46.1847 4
      vertex 44.6863 46.364 4
    endloop
  endfacet
  facet normal -0.831481 0.555553 0
    outer loop
      vertex 40.8153 45.05 2.2
      vertex 41.0406 45.3872 4.75
      vertex 41.0406 45.3872 2.2
    endloop
  endfacet
  facet normal -0.831481 0.555553 0
    outer loop
      vertex 41.0406 45.3872 4.75
      vertex 40.8153 45.05 2.2
      vertex 40.8153 45.05 4.75
    endloop
  endfacet
  facet normal -0.751721 0.659482 0
    outer loop
      vertex 41.0406 45.3872 2.2
      vertex 41.308 45.692 4.75
      vertex 41.308 45.692 2.2
    endloop
  endfacet
  facet normal -0.751721 0.659482 0
    outer loop
      vertex 41.308 45.692 4.75
      vertex 41.0406 45.3872 2.2
      vertex 41.0406 45.3872 4.75
    endloop
  endfacet
  facet normal 0 0 1
    outer loop
      vertex 45.25 43.5 4.75
      vertex 46.6 43.5 4.75
      vertex 46.5735 43.9046 4.75
    endloop
  endfacet
  facet normal 0 0 1
    outer loop
      vertex 45.235 43.7284 4.75
      vertex 46.5735 43.9046 4.75
      vertex 46.4944 44.3023 4.75
    endloop
  endfacet
  facet normal 0 0 1
    outer loop
      vertex 46.6 43.5 4.75
      vertex 45.25 43.5 4.75
      vertex 46.5735 43.0954 4.75
    endloop
  endfacet
  facet normal 0 0 1
    outer loop
      vertex 45.1904 43.9529 4.75
      vertex 46.4944 44.3023 4.75
      vertex 46.364 44.6863 4.75
    endloop
  endfacet
  facet normal -0 0 1
    outer loop
      vertex 45.235 43.2716 4.75
      vertex 46.5735 43.0954 4.75
      vertex 45.25 43.5 4.75
    endloop
  endfacet
  facet normal 0 0 1
    outer loop
      vertex 45.1168 44.1697 4.75
      vertex 46.364 44.6863 4.75
      vertex 46.1847 45.05 4.75
    endloop
  endfacet
  facet normal 0 0 1
    outer loop
      vertex 46.5735 43.0954 4.75
      vertex 45.235 43.2716 4.75
      vertex 46.4944 42.6977 4.75
    endloop
  endfacet
  facet normal 0 0 1
    outer loop
      vertex 45.0155 44.375 4.75
      vertex 46.1847 45.05 4.75
      vertex 45.9594 45.3872 4.75
    endloop
  endfacet
  facet normal -0 0 1
    outer loop
      vertex 45.1904 43.0471 4.75
      vertex 46.4944 42.6977 4.75
      vertex 45.235 43.2716 4.75
    endloop
  endfacet
  facet normal 0 0 1
    outer loop
      vertex 44.8884 44.5653 4.75
      vertex 45.9594 45.3872 4.75
      vertex 45.692 45.692 4.75
    endloop
  endfacet
  facet normal 0 0 1
    outer loop
      vertex 46.4944 42.6977 4.75
      vertex 45.1904 43.0471 4.75
      vertex 46.364 42.3137 4.75
    endloop
  endfacet
  facet normal 0 0 1
    outer loop
      vertex 44.7374 44.7374 4.75
      vertex 45.692 45.692 4.75
      vertex 45.3872 45.9594 4.75
    endloop
  endfacet
  facet normal -0 0 1
    outer loop
      vertex 45.1168 42.8303 4.75
      vertex 46.364 42.3137 4.75
      vertex 45.1904 43.0471 4.75
    endloop
  endfacet
  facet normal 0 0 1
    outer loop
      vertex 46.364 42.3137 4.75
      vertex 45.1168 42.8303 4.75
      vertex 46.1847 41.95 4.75
    endloop
  endfacet
  facet normal 0 0 1
    outer loop
      vertex 46.5735 43.9046 4.75
      vertex 45.235 43.7284 4.75
      vertex 45.25 43.5 4.75
    endloop
  endfacet
  facet normal 0 0 1
    outer loop
      vertex 46.4944 44.3023 4.75
      vertex 45.1904 43.9529 4.75
      vertex 45.235 43.7284 4.75
    endloop
  endfacet
  facet normal 0 0 1
    outer loop
      vertex 46.364 44.6863 4.75
      vertex 45.1168 44.1697 4.75
      vertex 45.1904 43.9529 4.75
    endloop
  endfacet
  facet normal 0 0 1
    outer loop
      vertex 44.5653 44.8884 4.75
      vertex 45.3872 45.9594 4.75
      vertex 45.05 46.1847 4.75
    endloop
  endfacet
  facet normal 0 0 1
    outer loop
      vertex 46.1847 45.05 4.75
      vertex 45.0155 44.375 4.75
      vertex 45.1168 44.1697 4.75
    endloop
  endfacet
  facet normal 0 0 1
    outer loop
      vertex 45.9594 45.3872 4.75
      vertex 44.8884 44.5653 4.75
      vertex 45.0155 44.375 4.75
    endloop
  endfacet
  facet normal 0 0 1
    outer loop
      vertex 45.692 45.692 4.75
      vertex 44.7374 44.7374 4.75
      vertex 44.8884 44.5653 4.75
    endloop
  endfacet
  facet normal 0 0 1
    outer loop
      vertex 44.375 45.0155 4.75
      vertex 45.05 46.1847 4.75
      vertex 44.6863 46.364 4.75
    endloop
  endfacet
  facet normal 0 0 1
    outer loop
      vertex 45.3872 45.9594 4.75
      vertex 44.5653 44.8884 4.75
      vertex 44.7374 44.7374 4.75
    endloop
  endfacet
  facet normal 0 0 1
    outer loop
      vertex 45.05 46.1847 4.75
      vertex 44.375 45.0155 4.75
      vertex 44.5653 44.8884 4.75
    endloop
  endfacet
  facet normal 0 0 1
    outer loop
      vertex 44.1697 45.1168 4.75
      vertex 44.6863 46.364 4.75
      vertex 44.3023 46.4944 4.75
    endloop
  endfacet
  facet normal 0 0 1
    outer loop
      vertex 44.6863 46.364 4.75
      vertex 44.1697 45.1168 4.75
      vertex 44.375 45.0155 4.75
    endloop
  endfacet
  facet normal 0 0 1
    outer loop
      vertex 44.3023 46.4944 4.75
      vertex 43.9529 45.1904 4.75
      vertex 44.1697 45.1168 4.75
    endloop
  endfacet
  facet normal 0 0 1
    outer loop
      vertex 43.9046 46.5735 4.75
      vertex 43.9529 45.1904 4.75
      vertex 44.3023 46.4944 4.75
    endloop
  endfacet
  facet normal 0 0 1
    outer loop
      vertex 43.9046 46.5735 4.75
      vertex 43.7284 45.235 4.75
      vertex 43.9529 45.1904 4.75
    endloop
  endfacet
  facet normal 0 0 1
    outer loop
      vertex 43.5 46.6 4.75
      vertex 43.7284 45.235 4.75
      vertex 43.9046 46.5735 4.75
    endloop
  endfacet
  facet normal 0 0 1
    outer loop
      vertex 43.5 46.6 4.75
      vertex 43.5 45.25 4.75
      vertex 43.7284 45.235 4.75
    endloop
  endfacet
  facet normal 0 0 1
    outer loop
      vertex 43.5 46.6 4.75
      vertex 43.2716 45.235 4.75
      vertex 43.5 45.25 4.75
    endloop
  endfacet
  facet normal -0 0 1
    outer loop
      vertex 43.0954 46.5735 4.75
      vertex 43.2716 45.235 4.75
      vertex 43.5 46.6 4.75
    endloop
  endfacet
  facet normal 0 0 1
    outer loop
      vertex 43.0954 46.5735 4.75
      vertex 43.0471 45.1904 4.75
      vertex 43.2716 45.235 4.75
    endloop
  endfacet
  facet normal -0 0 1
    outer loop
      vertex 42.6977 46.4944 4.75
      vertex 43.0471 45.1904 4.75
      vertex 43.0954 46.5735 4.75
    endloop
  endfacet
  facet normal 0 0 1
    outer loop
      vertex 43.0471 45.1904 4.75
      vertex 42.6977 46.4944 4.75
      vertex 42.8303 45.1168 4.75
    endloop
  endfacet
  facet normal -0 0 1
    outer loop
      vertex 42.3137 46.364 4.75
      vertex 42.8303 45.1168 4.75
      vertex 42.6977 46.4944 4.75
    endloop
  endfacet
  facet normal 0 0 1
    outer loop
      vertex 42.8303 45.1168 4.75
      vertex 42.3137 46.364 4.75
      vertex 42.625 45.0155 4.75
    endloop
  endfacet
  facet normal -0 0 1
    outer loop
      vertex 41.95 46.1847 4.75
      vertex 42.625 45.0155 4.75
      vertex 42.3137 46.364 4.75
    endloop
  endfacet
  facet normal 0 0 1
    outer loop
      vertex 42.625 45.0155 4.75
      vertex 41.95 46.1847 4.75
      vertex 42.4347 44.8884 4.75
    endloop
  endfacet
  facet normal -0 0 1
    outer loop
      vertex 41.6128 45.9594 4.75
      vertex 42.4347 44.8884 4.75
      vertex 41.95 46.1847 4.75
    endloop
  endfacet
  facet normal 0 0 1
    outer loop
      vertex 42.4347 44.8884 4.75
      vertex 41.6128 45.9594 4.75
      vertex 42.2626 44.7374 4.75
    endloop
  endfacet
  facet normal -0 0 1
    outer loop
      vertex 41.308 45.692 4.75
      vertex 42.2626 44.7374 4.75
      vertex 41.6128 45.9594 4.75
    endloop
  endfacet
  facet normal 0 0 1
    outer loop
      vertex 42.2626 44.7374 4.75
      vertex 41.308 45.692 4.75
      vertex 42.1116 44.5653 4.75
    endloop
  endfacet
  facet normal -0 0 1
    outer loop
      vertex 41.0406 45.3872 4.75
      vertex 42.1116 44.5653 4.75
      vertex 41.308 45.692 4.75
    endloop
  endfacet
  facet normal 0 0 1
    outer loop
      vertex 42.1116 44.5653 4.75
      vertex 41.0406 45.3872 4.75
      vertex 41.9845 44.375 4.75
    endloop
  endfacet
  facet normal 0 0 1
    outer loop
      vertex 41.9845 44.375 4.75
      vertex 40.8153 45.05 4.75
      vertex 41.8832 44.1697 4.75
    endloop
  endfacet
  facet normal -0 0 1
    outer loop
      vertex 40.8153 45.05 4.75
      vertex 41.9845 44.375 4.75
      vertex 41.0406 45.3872 4.75
    endloop
  endfacet
  facet normal -0 0 1
    outer loop
      vertex 45.0155 42.625 4.75
      vertex 46.1847 41.95 4.75
      vertex 45.1168 42.8303 4.75
    endloop
  endfacet
  facet normal 0 0 1
    outer loop
      vertex 46.1847 41.95 4.75
      vertex 45.0155 42.625 4.75
      vertex 45.9594 41.6128 4.75
    endloop
  endfacet
  facet normal -0 0 1
    outer loop
      vertex 44.8884 42.4347 4.75
      vertex 45.9594 41.6128 4.75
      vertex 45.0155 42.625 4.75
    endloop
  endfacet
  facet normal 0 0 1
    outer loop
      vertex 45.9594 41.6128 4.75
      vertex 44.8884 42.4347 4.75
      vertex 45.692 41.308 4.75
    endloop
  endfacet
  facet normal -0 0 1
    outer loop
      vertex 44.7374 42.2626 4.75
      vertex 45.692 41.308 4.75
      vertex 44.8884 42.4347 4.75
    endloop
  endfacet
  facet normal 0 0 1
    outer loop
      vertex 45.692 41.308 4.75
      vertex 44.7374 42.2626 4.75
      vertex 45.3872 41.0406 4.75
    endloop
  endfacet
  facet normal -0 0 1
    outer loop
      vertex 44.5653 42.1116 4.75
      vertex 45.3872 41.0406 4.75
      vertex 44.7374 42.2626 4.75
    endloop
  endfacet
  facet normal 0 0 1
    outer loop
      vertex 45.3872 41.0406 4.75
      vertex 44.5653 42.1116 4.75
      vertex 45.05 40.8153 4.75
    endloop
  endfacet
  facet normal -0 0 1
    outer loop
      vertex 44.375 41.9845 4.75
      vertex 45.05 40.8153 4.75
      vertex 44.5653 42.1116 4.75
    endloop
  endfacet
  facet normal 0 0 1
    outer loop
      vertex 45.05 40.8153 4.75
      vertex 44.375 41.9845 4.75
      vertex 44.6863 40.636 4.75
    endloop
  endfacet
  facet normal -0 0 1
    outer loop
      vertex 44.1697 41.8832 4.75
      vertex 44.6863 40.636 4.75
      vertex 44.375 41.9845 4.75
    endloop
  endfacet
  facet normal 0 0 1
    outer loop
      vertex 44.6863 40.636 4.75
      vertex 44.1697 41.8832 4.75
      vertex 44.3023 40.5056 4.75
    endloop
  endfacet
  facet normal -0 0 1
    outer loop
      vertex 43.9529 41.8096 4.75
      vertex 44.3023 40.5056 4.75
      vertex 44.1697 41.8832 4.75
    endloop
  endfacet
  facet normal 0 0 1
    outer loop
      vertex 43.9529 41.8096 4.75
      vertex 43.9046 40.4265 4.75
      vertex 44.3023 40.5056 4.75
    endloop
  endfacet
  facet normal -0 0 1
    outer loop
      vertex 43.7284 41.765 4.75
      vertex 43.9046 40.4265 4.75
      vertex 43.9529 41.8096 4.75
    endloop
  endfacet
  facet normal -0 0 1
    outer loop
      vertex 43.5 41.75 4.75
      vertex 43.9046 40.4265 4.75
      vertex 43.7284 41.765 4.75
    endloop
  endfacet
  facet normal 0 0 1
    outer loop
      vertex 43.5 41.75 4.75
      vertex 43.5 40.4 4.75
      vertex 43.9046 40.4265 4.75
    endloop
  endfacet
  facet normal 0 0 1
    outer loop
      vertex 43.2716 41.765 4.75
      vertex 43.5 40.4 4.75
      vertex 43.5 41.75 4.75
    endloop
  endfacet
  facet normal 0 0 1
    outer loop
      vertex 43.2716 41.765 4.75
      vertex 43.0954 40.4265 4.75
      vertex 43.5 40.4 4.75
    endloop
  endfacet
  facet normal 0 0 1
    outer loop
      vertex 43.0471 41.8096 4.75
      vertex 43.0954 40.4265 4.75
      vertex 43.2716 41.765 4.75
    endloop
  endfacet
  facet normal 0 0 1
    outer loop
      vertex 42.6977 40.5056 4.75
      vertex 43.0471 41.8096 4.75
      vertex 42.8303 41.8832 4.75
    endloop
  endfacet
  facet normal 0 0 1
    outer loop
      vertex 43.0471 41.8096 4.75
      vertex 42.6977 40.5056 4.75
      vertex 43.0954 40.4265 4.75
    endloop
  endfacet
  facet normal 0 0 1
    outer loop
      vertex 42.3137 40.636 4.75
      vertex 42.8303 41.8832 4.75
      vertex 42.625 41.9845 4.75
    endloop
  endfacet
  facet normal 0 0 1
    outer loop
      vertex 41.95 40.8153 4.75
      vertex 42.625 41.9845 4.75
      vertex 42.4347 42.1116 4.75
    endloop
  endfacet
  facet normal 0 0 1
    outer loop
      vertex 42.8303 41.8832 4.75
      vertex 42.3137 40.636 4.75
      vertex 42.6977 40.5056 4.75
    endloop
  endfacet
  facet normal 0 0 1
    outer loop
      vertex 41.6128 41.0406 4.75
      vertex 42.4347 42.1116 4.75
      vertex 42.2626 42.2626 4.75
    endloop
  endfacet
  facet normal 0 0 1
    outer loop
      vertex 41.308 41.308 4.75
      vertex 42.2626 42.2626 4.75
      vertex 42.1116 42.4347 4.75
    endloop
  endfacet
  facet normal 0 0 1
    outer loop
      vertex 41.0406 41.6128 4.75
      vertex 42.1116 42.4347 4.75
      vertex 41.9845 42.625 4.75
    endloop
  endfacet
  facet normal 0 0 1
    outer loop
      vertex 42.625 41.9845 4.75
      vertex 41.95 40.8153 4.75
      vertex 42.3137 40.636 4.75
    endloop
  endfacet
  facet normal 0 0 1
    outer loop
      vertex 40.8153 41.95 4.75
      vertex 41.9845 42.625 4.75
      vertex 41.8832 42.8303 4.75
    endloop
  endfacet
  facet normal 0 0 1
    outer loop
      vertex 40.636 42.3137 4.75
      vertex 41.8832 42.8303 4.75
      vertex 41.8096 43.0471 4.75
    endloop
  endfacet
  facet normal 0 0 1
    outer loop
      vertex 40.5056 42.6977 4.75
      vertex 41.8096 43.0471 4.75
      vertex 41.765 43.2716 4.75
    endloop
  endfacet
  facet normal 0 0 1
    outer loop
      vertex 42.4347 42.1116 4.75
      vertex 41.6128 41.0406 4.75
      vertex 41.95 40.8153 4.75
    endloop
  endfacet
  facet normal 0 0 1
    outer loop
      vertex 40.4265 43.0954 4.75
      vertex 41.765 43.2716 4.75
      vertex 41.75 43.5 4.75
    endloop
  endfacet
  facet normal -0 0 1
    outer loop
      vertex 40.636 44.6863 4.75
      vertex 41.8832 44.1697 4.75
      vertex 40.8153 45.05 4.75
    endloop
  endfacet
  facet normal 0 0 1
    outer loop
      vertex 41.8832 44.1697 4.75
      vertex 40.636 44.6863 4.75
      vertex 41.8096 43.9529 4.75
    endloop
  endfacet
  facet normal 0 0 1
    outer loop
      vertex 42.2626 42.2626 4.75
      vertex 41.308 41.308 4.75
      vertex 41.6128 41.0406 4.75
    endloop
  endfacet
  facet normal -0 0 1
    outer loop
      vertex 40.5056 44.3023 4.75
      vertex 41.8096 43.9529 4.75
      vertex 40.636 44.6863 4.75
    endloop
  endfacet
  facet normal 0 0 1
    outer loop
      vertex 42.1116 42.4347 4.75
      vertex 41.0406 41.6128 4.75
      vertex 41.308 41.308 4.75
    endloop
  endfacet
  facet normal 0 0 1
    outer loop
      vertex 41.8096 43.9529 4.75
      vertex 40.5056 44.3023 4.75
      vertex 41.765 43.7284 4.75
    endloop
  endfacet
  facet normal 0 0 1
    outer loop
      vertex 41.9845 42.625 4.75
      vertex 40.8153 41.95 4.75
      vertex 41.0406 41.6128 4.75
    endloop
  endfacet
  facet normal -0 0 1
    outer loop
      vertex 40.4265 43.9046 4.75
      vertex 41.765 43.7284 4.75
      vertex 40.5056 44.3023 4.75
    endloop
  endfacet
  facet normal 0 0 1
    outer loop
      vertex 41.8832 42.8303 4.75
      vertex 40.636 42.3137 4.75
      vertex 40.8153 41.95 4.75
    endloop
  endfacet
  facet normal 0 0 1
    outer loop
      vertex 41.765 43.7284 4.75
      vertex 40.4265 43.9046 4.75
      vertex 41.75 43.5 4.75
    endloop
  endfacet
  facet normal 0 0 1
    outer loop
      vertex 41.8096 43.0471 4.75
      vertex 40.5056 42.6977 4.75
      vertex 40.636 42.3137 4.75
    endloop
  endfacet
  facet normal 0 0 1
    outer loop
      vertex 40.4 43.5 4.75
      vertex 41.75 43.5 4.75
      vertex 40.4265 43.9046 4.75
    endloop
  endfacet
  facet normal 0 0 1
    outer loop
      vertex 41.765 43.2716 4.75
      vertex 40.4265 43.0954 4.75
      vertex 40.5056 42.6977 4.75
    endloop
  endfacet
  facet normal 0 0 1
    outer loop
      vertex 41.75 43.5 4.75
      vertex 40.4 43.5 4.75
      vertex 40.4265 43.0954 4.75
    endloop
  endfacet
  facet normal -0.555612 0.831442 0
    outer loop
      vertex 41.7185 46.03 4
      vertex 41.95 46.1847 4.75
      vertex 41.95 46.1847 4
    endloop
  endfacet
  facet normal -0.555553 0.831481 -2.59406e-05
    outer loop
      vertex 41.95 46.1847 4.75
      vertex 41.7185 46.03 4
      vertex 41.6128 45.9594 4.75
    endloop
  endfacet
  facet normal -0.555426 0.831566 0
    outer loop
      vertex 41.6128 45.9594 2.2
      vertex 41.7185 46.03 4
      vertex 41.7185 46.03 2.2
    endloop
  endfacet
  facet normal -0.555426 0.831566 0
    outer loop
      vertex 41.7185 46.03 4
      vertex 41.6128 45.9594 2.2
      vertex 41.6128 45.9594 4.75
    endloop
  endfacet
  facet normal -0.195073 0.980789 0
    outer loop
      vertex 43.0954 46.5735 4
      vertex 42.6977 46.4944 4.75
      vertex 43.0954 46.5735 4.75
    endloop
  endfacet
  facet normal -0.195073 0.980789 0
    outer loop
      vertex 42.6977 46.4944 4.75
      vertex 43.0954 46.5735 4
      vertex 42.6977 46.4944 4
    endloop
  endfacet
  facet normal 0.195073 -0.980789 0
    outer loop
      vertex 43.9046 40.4265 2.2
      vertex 44.3023 40.5056 4.75
      vertex 43.9046 40.4265 4.75
    endloop
  endfacet
  facet normal 0.195073 -0.980789 0
    outer loop
      vertex 44.3023 40.5056 4.75
      vertex 43.9046 40.4265 2.2
      vertex 44.3023 40.5056 2.2
    endloop
  endfacet
  facet normal 0.946893 0.321549 0
    outer loop
      vertex 46.4944 44.3023 4.75
      vertex 46.364 44.6863 4
      vertex 46.364 44.6863 4.75
    endloop
  endfacet
  facet normal 0.946893 0.321549 0
    outer loop
      vertex 46.364 44.6863 4
      vertex 46.4944 44.3023 4.75
      vertex 46.4944 44.3023 4
    endloop
  endfacet
  facet normal 0.980789 0.195073 0
    outer loop
      vertex 46.5735 43.9046 4.75
      vertex 46.4944 44.3023 4
      vertex 46.4944 44.3023 4.75
    endloop
  endfacet
  facet normal 0.980789 0.195073 0
    outer loop
      vertex 46.4944 44.3023 4
      vertex 46.5735 43.9046 4.75
      vertex 46.5735 43.9046 4
    endloop
  endfacet
  facet normal 0.751721 0.659482 0
    outer loop
      vertex 45.9594 45.3872 4.75
      vertex 45.692 45.692 2.2
      vertex 45.692 45.692 4.75
    endloop
  endfacet
  facet normal 0.751721 0.659482 0
    outer loop
      vertex 45.692 45.692 2.2
      vertex 45.9594 45.3872 4.75
      vertex 45.9594 45.3872 2.2
    endloop
  endfacet
  facet normal 0.83143 0.555629 0
    outer loop
      vertex 45.9594 45.3872 4.75
      vertex 46.0146 45.3046 4
      vertex 45.9594 45.3872 2.2
    endloop
  endfacet
  facet normal 0.831481 0.555553 1.20333e-05
    outer loop
      vertex 46.1847 45.05 4.75
      vertex 46.0146 45.3046 4
      vertex 45.9594 45.3872 4.75
    endloop
  endfacet
  facet normal 0.831497 0.555529 0
    outer loop
      vertex 46.0146 45.3046 4
      vertex 46.1847 45.05 4.75
      vertex 46.1847 45.05 4
    endloop
  endfacet
  facet normal 0.83143 0.555629 0
    outer loop
      vertex 45.9594 45.3872 2.2
      vertex 46.0146 45.3046 4
      vertex 46.0146 45.3046 2.2
    endloop
  endfacet
  facet normal 0.0653568 0.997862 -0
    outer loop
      vertex 43.9046 46.5735 4
      vertex 43.5 46.6 4.75
      vertex 43.9046 46.5735 4.75
    endloop
  endfacet
  facet normal 0.0653568 0.997862 0
    outer loop
      vertex 43.5 46.6 4.75
      vertex 43.9046 46.5735 4
      vertex 43.5 46.6 4
    endloop
  endfacet
  facet normal 0.555553 0.831481 1.20333e-05
    outer loop
      vertex 45.3872 45.9594 4.75
      vertex 45.3046 46.0146 4
      vertex 45.05 46.1847 4.75
    endloop
  endfacet
  facet normal 0.555629 0.83143 -0
    outer loop
      vertex 45.3872 45.9594 2.2
      vertex 45.3046 46.0146 4
      vertex 45.3872 45.9594 4.75
    endloop
  endfacet
  facet normal 0.555629 0.83143 0
    outer loop
      vertex 45.3046 46.0146 4
      vertex 45.3872 45.9594 2.2
      vertex 45.3046 46.0146 2.2
    endloop
  endfacet
  facet normal 0.555529 0.831497 0
    outer loop
      vertex 45.05 46.1847 4.75
      vertex 45.3046 46.0146 4
      vertex 45.05 46.1847 4
    endloop
  endfacet
  facet normal -0.896928 0.442176 0
    outer loop
      vertex 40.636 44.6863 2.2
      vertex 40.8153 45.05 4.75
      vertex 40.8153 45.05 2.2
    endloop
  endfacet
  facet normal -0.896928 0.442176 0
    outer loop
      vertex 40.8153 45.05 4.75
      vertex 40.636 44.6863 2.2
      vertex 40.636 44.6863 4.75
    endloop
  endfacet
  facet normal -0.980789 0.195073 0
    outer loop
      vertex 40.4265 43.9046 2.2
      vertex 40.5056 44.3023 4.75
      vertex 40.5056 44.3023 2.2
    endloop
  endfacet
  facet normal -0.980789 0.195073 0
    outer loop
      vertex 40.5056 44.3023 4.75
      vertex 40.4265 43.9046 2.2
      vertex 40.4265 43.9046 4.75
    endloop
  endfacet
  facet normal -0.442176 0.896928 0
    outer loop
      vertex 42.3137 46.364 4
      vertex 41.95 46.1847 4.75
      vertex 42.3137 46.364 4.75
    endloop
  endfacet
  facet normal -0.442176 0.896928 0
    outer loop
      vertex 41.95 46.1847 4.75
      vertex 42.3137 46.364 4
      vertex 41.95 46.1847 4
    endloop
  endfacet
  facet normal 0.751721 -0.659482 0
    outer loop
      vertex 45.692 41.308 4.75
      vertex 45.9594 41.6128 2.2
      vertex 45.9594 41.6128 4.75
    endloop
  endfacet
  facet normal 0.751721 -0.659482 0
    outer loop
      vertex 45.9594 41.6128 2.2
      vertex 45.692 41.308 4.75
      vertex 45.692 41.308 2.2
    endloop
  endfacet
  facet normal 0.946893 -0.321549 0
    outer loop
      vertex 46.364 42.3137 4.75
      vertex 46.4944 42.6977 4
      vertex 46.4944 42.6977 4.75
    endloop
  endfacet
  facet normal 0.946893 -0.321549 0
    outer loop
      vertex 46.4944 42.6977 4
      vertex 46.364 42.3137 4.75
      vertex 46.364 42.3137 4
    endloop
  endfacet
  facet normal 0.980789 -0.195073 0
    outer loop
      vertex 46.4944 42.6977 4.75
      vertex 46.5735 43.0954 4
      vertex 46.5735 43.0954 4.75
    endloop
  endfacet
  facet normal 0.980789 -0.195073 0
    outer loop
      vertex 46.5735 43.0954 4
      vertex 46.4944 42.6977 4.75
      vertex 46.4944 42.6977 4
    endloop
  endfacet
  facet normal -0.997862 -0.0653568 0
    outer loop
      vertex 40.4265 43.0954 2.2
      vertex 40.4 43.5 4.75
      vertex 40.4 43.5 2.2
    endloop
  endfacet
  facet normal -0.997862 -0.0653568 0
    outer loop
      vertex 40.4 43.5 4.75
      vertex 40.4265 43.0954 2.2
      vertex 40.4265 43.0954 4.75
    endloop
  endfacet
  facet normal 0.442176 -0.896928 0
    outer loop
      vertex 44.6863 40.636 2.2
      vertex 45.05 40.8153 4.75
      vertex 44.6863 40.636 4.75
    endloop
  endfacet
  facet normal 0.442176 -0.896928 0
    outer loop
      vertex 45.05 40.8153 4.75
      vertex 44.6863 40.636 2.2
      vertex 45.05 40.8153 2.2
    endloop
  endfacet
  facet normal -0.946893 0.321549 0
    outer loop
      vertex 40.5056 44.3023 2.2
      vertex 40.636 44.6863 4.75
      vertex 40.636 44.6863 2.2
    endloop
  endfacet
  facet normal -0.946893 0.321549 0
    outer loop
      vertex 40.636 44.6863 4.75
      vertex 40.5056 44.3023 2.2
      vertex 40.5056 44.3023 4.75
    endloop
  endfacet
  facet normal 0.555553 -0.831481 0
    outer loop
      vertex 45.05 40.8153 2.2
      vertex 45.3872 41.0406 4.75
      vertex 45.05 40.8153 4.75
    endloop
  endfacet
  facet normal 0.555553 -0.831481 0
    outer loop
      vertex 45.3872 41.0406 4.75
      vertex 45.05 40.8153 2.2
      vertex 45.3872 41.0406 2.2
    endloop
  endfacet
  facet normal 0.831442 -0.555612 0
    outer loop
      vertex 46.1847 41.95 4.75
      vertex 46.03 41.7185 4
      vertex 46.1847 41.95 4
    endloop
  endfacet
  facet normal 0.831481 -0.555553 -2.59406e-05
    outer loop
      vertex 45.9594 41.6128 4.75
      vertex 46.03 41.7185 4
      vertex 46.1847 41.95 4.75
    endloop
  endfacet
  facet normal 0.831566 -0.555426 0
    outer loop
      vertex 45.9594 41.6128 2.2
      vertex 46.03 41.7185 4
      vertex 45.9594 41.6128 4.75
    endloop
  endfacet
  facet normal 0.831566 -0.555426 0
    outer loop
      vertex 46.03 41.7185 4
      vertex 45.9594 41.6128 2.2
      vertex 46.03 41.7185 2.2
    endloop
  endfacet
  facet normal 0.997862 -0.0653568 0
    outer loop
      vertex 46.5735 43.0954 4.75
      vertex 46.6 43.5 4
      vertex 46.6 43.5 4.75
    endloop
  endfacet
  facet normal 0.997862 -0.0653568 0
    outer loop
      vertex 46.6 43.5 4
      vertex 46.5735 43.0954 4.75
      vertex 46.5735 43.0954 4
    endloop
  endfacet
  facet normal -0.659482 -0.751721 0
    outer loop
      vertex 41.308 41.308 2.2
      vertex 41.6128 41.0406 4.75
      vertex 41.308 41.308 4.75
    endloop
  endfacet
  facet normal -0.659482 -0.751721 -0
    outer loop
      vertex 41.6128 41.0406 4.75
      vertex 41.308 41.308 2.2
      vertex 41.6128 41.0406 2.2
    endloop
  endfacet
  facet normal -0.751721 -0.659482 0
    outer loop
      vertex 41.308 41.308 2.2
      vertex 41.0406 41.6128 4.75
      vertex 41.0406 41.6128 2.2
    endloop
  endfacet
  facet normal -0.751721 -0.659482 0
    outer loop
      vertex 41.0406 41.6128 4.75
      vertex 41.308 41.308 2.2
      vertex 41.308 41.308 4.75
    endloop
  endfacet
  facet normal -0.896928 -0.442176 0
    outer loop
      vertex 40.8153 41.95 2.2
      vertex 40.636 42.3137 4.75
      vertex 40.636 42.3137 2.2
    endloop
  endfacet
  facet normal -0.896928 -0.442176 0
    outer loop
      vertex 40.636 42.3137 4.75
      vertex 40.8153 41.95 2.2
      vertex 40.8153 41.95 4.75
    endloop
  endfacet
  facet normal -0.980789 -0.195073 0
    outer loop
      vertex 40.5056 42.6977 2.2
      vertex 40.4265 43.0954 4.75
      vertex 40.4265 43.0954 2.2
    endloop
  endfacet
  facet normal -0.980789 -0.195073 0
    outer loop
      vertex 40.4265 43.0954 4.75
      vertex 40.5056 42.6977 2.2
      vertex 40.5056 42.6977 4.75
    endloop
  endfacet
  facet normal -0.946893 -0.321549 0
    outer loop
      vertex 40.636 42.3137 2.2
      vertex 40.5056 42.6977 4.75
      vertex 40.5056 42.6977 2.2
    endloop
  endfacet
  facet normal -0.946893 -0.321549 0
    outer loop
      vertex 40.5056 42.6977 4.75
      vertex 40.636 42.3137 2.2
      vertex 40.636 42.3137 4.75
    endloop
  endfacet
  facet normal 0.321549 -0.946893 0
    outer loop
      vertex 44.3023 40.5056 2.2
      vertex 44.6863 40.636 4.75
      vertex 44.3023 40.5056 4.75
    endloop
  endfacet
  facet normal 0.321549 -0.946893 0
    outer loop
      vertex 44.6863 40.636 4.75
      vertex 44.3023 40.5056 2.2
      vertex 44.6863 40.636 2.2
    endloop
  endfacet
  facet normal 0.659482 -0.751721 0
    outer loop
      vertex 45.3872 41.0406 2.2
      vertex 45.692 41.308 4.75
      vertex 45.3872 41.0406 4.75
    endloop
  endfacet
  facet normal 0.659482 -0.751721 0
    outer loop
      vertex 45.692 41.308 4.75
      vertex 45.3872 41.0406 2.2
      vertex 45.692 41.308 2.2
    endloop
  endfacet
  facet normal 0.896928 -0.442176 0
    outer loop
      vertex 46.1847 41.95 4.75
      vertex 46.364 42.3137 4
      vertex 46.364 42.3137 4.75
    endloop
  endfacet
  facet normal 0.896928 -0.442176 0
    outer loop
      vertex 46.364 42.3137 4
      vertex 46.1847 41.95 4.75
      vertex 46.1847 41.95 4
    endloop
  endfacet
  facet normal -0.321549 -0.946893 0
    outer loop
      vertex 42.3137 40.636 2.2
      vertex 42.6977 40.5056 4.75
      vertex 42.3137 40.636 4.75
    endloop
  endfacet
  facet normal -0.321549 -0.946893 -0
    outer loop
      vertex 42.6977 40.5056 4.75
      vertex 42.3137 40.636 2.2
      vertex 42.6977 40.5056 2.2
    endloop
  endfacet
  facet normal -0.0653568 -0.997862 0
    outer loop
      vertex 43.0954 40.4265 2.2
      vertex 43.5 40.4 4.75
      vertex 43.0954 40.4265 4.75
    endloop
  endfacet
  facet normal -0.0653568 -0.997862 -0
    outer loop
      vertex 43.5 40.4 4.75
      vertex 43.0954 40.4265 2.2
      vertex 43.5 40.4 2.2
    endloop
  endfacet
  facet normal -0.555553 -0.831481 0
    outer loop
      vertex 41.6128 41.0406 2.2
      vertex 41.95 40.8153 4.75
      vertex 41.6128 41.0406 4.75
    endloop
  endfacet
  facet normal -0.555553 -0.831481 -0
    outer loop
      vertex 41.95 40.8153 4.75
      vertex 41.6128 41.0406 2.2
      vertex 41.95 40.8153 2.2
    endloop
  endfacet
  facet normal -0.831481 -0.555553 0
    outer loop
      vertex 41.0406 41.6128 2.2
      vertex 40.8153 41.95 4.75
      vertex 40.8153 41.95 2.2
    endloop
  endfacet
  facet normal -0.831481 -0.555553 0
    outer loop
      vertex 40.8153 41.95 4.75
      vertex 41.0406 41.6128 2.2
      vertex 41.0406 41.6128 4.75
    endloop
  endfacet
  facet normal -0.195073 -0.980789 0
    outer loop
      vertex 42.6977 40.5056 2.2
      vertex 43.0954 40.4265 4.75
      vertex 42.6977 40.5056 4.75
    endloop
  endfacet
  facet normal -0.195073 -0.980789 -0
    outer loop
      vertex 43.0954 40.4265 4.75
      vertex 42.6977 40.5056 2.2
      vertex 43.0954 40.4265 2.2
    endloop
  endfacet
  facet normal -0.442176 -0.896928 0
    outer loop
      vertex 41.95 40.8153 2.2
      vertex 42.3137 40.636 4.75
      vertex 41.95 40.8153 4.75
    endloop
  endfacet
  facet normal -0.442176 -0.896928 -0
    outer loop
      vertex 42.3137 40.636 4.75
      vertex 41.95 40.8153 2.2
      vertex 42.3137 40.636 2.2
    endloop
  endfacet
  facet normal -0.99785 -0.0655331 0
    outer loop
      vertex 45.25 43.5 2.2
      vertex 45.235 43.7284 4.75
      vertex 45.235 43.7284 2.2
    endloop
  endfacet
  facet normal -0.99785 -0.0655331 0
    outer loop
      vertex 45.235 43.7284 4.75
      vertex 45.25 43.5 2.2
      vertex 45.25 43.5 4.75
    endloop
  endfacet
  facet normal 0.99785 -0.0655331 0
    outer loop
      vertex 41.75 43.5 4.75
      vertex 41.765 43.7284 2.2
      vertex 41.765 43.7284 4.75
    endloop
  endfacet
  facet normal 0.99785 -0.0655331 0
    outer loop
      vertex 41.765 43.7284 2.2
      vertex 41.75 43.5 4.75
      vertex 41.75 43.5 2.2
    endloop
  endfacet
  facet normal -0.0655331 -0.99785 0
    outer loop
      vertex 43.5 45.25 2.2
      vertex 43.7284 45.235 4.75
      vertex 43.5 45.25 4.75
    endloop
  endfacet
  facet normal -0.0655331 -0.99785 -0
    outer loop
      vertex 43.7284 45.235 4.75
      vertex 43.5 45.25 2.2
      vertex 43.7284 45.235 2.2
    endloop
  endfacet
  facet normal -0.659524 -0.751683 0
    outer loop
      vertex 44.5653 44.8884 2.2
      vertex 44.7374 44.7374 4.75
      vertex 44.5653 44.8884 4.75
    endloop
  endfacet
  facet normal -0.659524 -0.751683 -0
    outer loop
      vertex 44.7374 44.7374 4.75
      vertex 44.5653 44.8884 2.2
      vertex 44.7374 44.7374 2.2
    endloop
  endfacet
  facet normal 0.659524 -0.751683 0
    outer loop
      vertex 42.2626 44.7374 2.2
      vertex 42.4347 44.8884 4.75
      vertex 42.2626 44.7374 4.75
    endloop
  endfacet
  facet normal 0.659524 -0.751683 0
    outer loop
      vertex 42.4347 44.8884 4.75
      vertex 42.2626 44.7374 2.2
      vertex 42.4347 44.8884 2.2
    endloop
  endfacet
  facet normal 0.321464 -0.946922 0
    outer loop
      vertex 42.8303 45.1168 2.2
      vertex 43.0471 45.1904 4.75
      vertex 42.8303 45.1168 4.75
    endloop
  endfacet
  facet normal 0.321464 -0.946922 0
    outer loop
      vertex 43.0471 45.1904 4.75
      vertex 42.8303 45.1168 2.2
      vertex 43.0471 45.1904 2.2
    endloop
  endfacet
  facet normal 0.980832 0.194856 0
    outer loop
      vertex 41.8096 43.0471 4.75
      vertex 41.765 43.2716 2.2
      vertex 41.765 43.2716 4.75
    endloop
  endfacet
  facet normal 0.980832 0.194856 0
    outer loop
      vertex 41.765 43.2716 2.2
      vertex 41.8096 43.0471 4.75
      vertex 41.8096 43.0471 2.2
    endloop
  endfacet
  facet normal -0.896774 -0.44249 0
    outer loop
      vertex 45.1168 44.1697 2.2
      vertex 45.0155 44.375 4.75
      vertex 45.0155 44.375 2.2
    endloop
  endfacet
  facet normal -0.896774 -0.44249 0
    outer loop
      vertex 45.0155 44.375 4.75
      vertex 45.1168 44.1697 2.2
      vertex 45.1168 44.1697 4.75
    endloop
  endfacet
  facet normal -0.831579 -0.555406 0
    outer loop
      vertex 45.0155 44.375 2.2
      vertex 44.8884 44.5653 4.75
      vertex 44.8884 44.5653 2.2
    endloop
  endfacet
  facet normal -0.831579 -0.555406 0
    outer loop
      vertex 44.8884 44.5653 4.75
      vertex 45.0155 44.375 2.2
      vertex 45.0155 44.375 4.75
    endloop
  endfacet
  facet normal -0.44249 -0.896774 0
    outer loop
      vertex 44.1697 45.1168 2.2
      vertex 44.375 45.0155 4.75
      vertex 44.1697 45.1168 4.75
    endloop
  endfacet
  facet normal -0.44249 -0.896774 -0
    outer loop
      vertex 44.375 45.0155 4.75
      vertex 44.1697 45.1168 2.2
      vertex 44.375 45.0155 2.2
    endloop
  endfacet
  facet normal -0.555406 -0.831579 0
    outer loop
      vertex 44.375 45.0155 2.2
      vertex 44.5653 44.8884 4.75
      vertex 44.375 45.0155 4.75
    endloop
  endfacet
  facet normal -0.555406 -0.831579 -0
    outer loop
      vertex 44.5653 44.8884 4.75
      vertex 44.375 45.0155 2.2
      vertex 44.5653 44.8884 2.2
    endloop
  endfacet
  facet normal 0.896774 -0.44249 0
    outer loop
      vertex 41.8832 44.1697 4.75
      vertex 41.9845 44.375 2.2
      vertex 41.9845 44.375 4.75
    endloop
  endfacet
  facet normal 0.896774 -0.44249 0
    outer loop
      vertex 41.9845 44.375 2.2
      vertex 41.8832 44.1697 4.75
      vertex 41.8832 44.1697 2.2
    endloop
  endfacet
  facet normal 0.831579 -0.555406 0
    outer loop
      vertex 41.9845 44.375 4.75
      vertex 42.1116 44.5653 2.2
      vertex 42.1116 44.5653 4.75
    endloop
  endfacet
  facet normal 0.831579 -0.555406 0
    outer loop
      vertex 42.1116 44.5653 2.2
      vertex 41.9845 44.375 4.75
      vertex 41.9845 44.375 2.2
    endloop
  endfacet
  facet normal 0.44249 -0.896774 0
    outer loop
      vertex 42.625 45.0155 2.2
      vertex 42.8303 45.1168 4.75
      vertex 42.625 45.0155 4.75
    endloop
  endfacet
  facet normal 0.44249 -0.896774 0
    outer loop
      vertex 42.8303 45.1168 4.75
      vertex 42.625 45.0155 2.2
      vertex 42.8303 45.1168 2.2
    endloop
  endfacet
  facet normal 0.0655331 -0.99785 0
    outer loop
      vertex 43.2716 45.235 2.2
      vertex 43.5 45.25 4.75
      vertex 43.2716 45.235 4.75
    endloop
  endfacet
  facet normal 0.0655331 -0.99785 0
    outer loop
      vertex 43.5 45.25 4.75
      vertex 43.2716 45.235 2.2
      vertex 43.5 45.25 2.2
    endloop
  endfacet
  facet normal -0.946922 0.321464 0
    outer loop
      vertex 45.1168 42.8303 2.2
      vertex 45.1904 43.0471 4.75
      vertex 45.1904 43.0471 2.2
    endloop
  endfacet
  facet normal -0.946922 0.321464 0
    outer loop
      vertex 45.1904 43.0471 4.75
      vertex 45.1168 42.8303 2.2
      vertex 45.1168 42.8303 4.75
    endloop
  endfacet
  facet normal -0.194856 0.980832 0
    outer loop
      vertex 43.9529 41.8096 2.2
      vertex 43.7284 41.765 4.75
      vertex 43.9529 41.8096 4.75
    endloop
  endfacet
  facet normal -0.194856 0.980832 0
    outer loop
      vertex 43.7284 41.765 4.75
      vertex 43.9529 41.8096 2.2
      vertex 43.7284 41.765 2.2
    endloop
  endfacet
  facet normal -0.0655331 0.99785 0
    outer loop
      vertex 43.7284 41.765 2.2
      vertex 43.5 41.75 4.75
      vertex 43.7284 41.765 4.75
    endloop
  endfacet
  facet normal -0.0655331 0.99785 0
    outer loop
      vertex 43.5 41.75 4.75
      vertex 43.7284 41.765 2.2
      vertex 43.5 41.75 2.2
    endloop
  endfacet
  facet normal -0.751683 0.659524 0
    outer loop
      vertex 44.7374 42.2626 2.2
      vertex 44.8884 42.4347 4.75
      vertex 44.8884 42.4347 2.2
    endloop
  endfacet
  facet normal -0.751683 0.659524 0
    outer loop
      vertex 44.8884 42.4347 4.75
      vertex 44.7374 42.2626 2.2
      vertex 44.7374 42.2626 4.75
    endloop
  endfacet
  facet normal -0.896774 0.44249 0
    outer loop
      vertex 45.0155 42.625 2.2
      vertex 45.1168 42.8303 4.75
      vertex 45.1168 42.8303 2.2
    endloop
  endfacet
  facet normal -0.896774 0.44249 0
    outer loop
      vertex 45.1168 42.8303 4.75
      vertex 45.0155 42.625 2.2
      vertex 45.0155 42.625 4.75
    endloop
  endfacet
  facet normal 0.321464 0.946922 -0
    outer loop
      vertex 43.0471 41.8096 2.2
      vertex 42.8303 41.8832 4.75
      vertex 43.0471 41.8096 4.75
    endloop
  endfacet
  facet normal 0.321464 0.946922 0
    outer loop
      vertex 42.8303 41.8832 4.75
      vertex 43.0471 41.8096 2.2
      vertex 42.8303 41.8832 2.2
    endloop
  endfacet
  facet normal 0.896774 0.44249 0
    outer loop
      vertex 41.9845 42.625 4.75
      vertex 41.8832 42.8303 2.2
      vertex 41.8832 42.8303 4.75
    endloop
  endfacet
  facet normal 0.896774 0.44249 0
    outer loop
      vertex 41.8832 42.8303 2.2
      vertex 41.9845 42.625 4.75
      vertex 41.9845 42.625 2.2
    endloop
  endfacet
  facet normal 0.831579 0.555406 0
    outer loop
      vertex 42.1116 42.4347 4.75
      vertex 41.9845 42.625 2.2
      vertex 41.9845 42.625 4.75
    endloop
  endfacet
  facet normal 0.831579 0.555406 0
    outer loop
      vertex 41.9845 42.625 2.2
      vertex 42.1116 42.4347 4.75
      vertex 42.1116 42.4347 2.2
    endloop
  endfacet
  facet normal 0.99785 0.0655331 0
    outer loop
      vertex 41.765 43.2716 4.75
      vertex 41.75 43.5 2.2
      vertex 41.75 43.5 4.75
    endloop
  endfacet
  facet normal 0.99785 0.0655331 0
    outer loop
      vertex 41.75 43.5 2.2
      vertex 41.765 43.2716 4.75
      vertex 41.765 43.2716 2.2
    endloop
  endfacet
  facet normal -0.946922 -0.321464 0
    outer loop
      vertex 45.1904 43.9529 2.2
      vertex 45.1168 44.1697 4.75
      vertex 45.1168 44.1697 2.2
    endloop
  endfacet
  facet normal -0.946922 -0.321464 0
    outer loop
      vertex 45.1168 44.1697 4.75
      vertex 45.1904 43.9529 2.2
      vertex 45.1904 43.9529 4.75
    endloop
  endfacet
  facet normal -0.980832 -0.194856 0
    outer loop
      vertex 45.235 43.7284 2.2
      vertex 45.1904 43.9529 4.75
      vertex 45.1904 43.9529 2.2
    endloop
  endfacet
  facet normal -0.980832 -0.194856 0
    outer loop
      vertex 45.1904 43.9529 4.75
      vertex 45.235 43.7284 2.2
      vertex 45.235 43.7284 4.75
    endloop
  endfacet
  facet normal -0.751683 -0.659524 0
    outer loop
      vertex 44.8884 44.5653 2.2
      vertex 44.7374 44.7374 4.75
      vertex 44.7374 44.7374 2.2
    endloop
  endfacet
  facet normal -0.751683 -0.659524 0
    outer loop
      vertex 44.7374 44.7374 4.75
      vertex 44.8884 44.5653 2.2
      vertex 44.8884 44.5653 4.75
    endloop
  endfacet
  facet normal -0.321464 -0.946922 0
    outer loop
      vertex 43.9529 45.1904 2.2
      vertex 44.1697 45.1168 4.75
      vertex 43.9529 45.1904 4.75
    endloop
  endfacet
  facet normal -0.321464 -0.946922 -0
    outer loop
      vertex 44.1697 45.1168 4.75
      vertex 43.9529 45.1904 2.2
      vertex 44.1697 45.1168 2.2
    endloop
  endfacet
  facet normal -0.194856 -0.980832 0
    outer loop
      vertex 43.7284 45.235 2.2
      vertex 43.9529 45.1904 4.75
      vertex 43.7284 45.235 4.75
    endloop
  endfacet
  facet normal -0.194856 -0.980832 -0
    outer loop
      vertex 43.9529 45.1904 4.75
      vertex 43.7284 45.235 2.2
      vertex 43.9529 45.1904 2.2
    endloop
  endfacet
  facet normal 0.751683 -0.659524 0
    outer loop
      vertex 42.1116 44.5653 4.75
      vertex 42.2626 44.7374 2.2
      vertex 42.2626 44.7374 4.75
    endloop
  endfacet
  facet normal 0.751683 -0.659524 0
    outer loop
      vertex 42.2626 44.7374 2.2
      vertex 42.1116 44.5653 4.75
      vertex 42.1116 44.5653 2.2
    endloop
  endfacet
  facet normal 0.980832 -0.194856 0
    outer loop
      vertex 41.765 43.7284 4.75
      vertex 41.8096 43.9529 2.2
      vertex 41.8096 43.9529 4.75
    endloop
  endfacet
  facet normal 0.980832 -0.194856 0
    outer loop
      vertex 41.8096 43.9529 2.2
      vertex 41.765 43.7284 4.75
      vertex 41.765 43.7284 2.2
    endloop
  endfacet
  facet normal -0.44249 0.896774 0
    outer loop
      vertex 44.375 41.9845 2.2
      vertex 44.1697 41.8832 4.75
      vertex 44.375 41.9845 4.75
    endloop
  endfacet
  facet normal -0.44249 0.896774 0
    outer loop
      vertex 44.1697 41.8832 4.75
      vertex 44.375 41.9845 2.2
      vertex 44.1697 41.8832 2.2
    endloop
  endfacet
  facet normal -0.659524 0.751683 0
    outer loop
      vertex 44.7374 42.2626 2.2
      vertex 44.5653 42.1116 4.75
      vertex 44.7374 42.2626 4.75
    endloop
  endfacet
  facet normal -0.659524 0.751683 0
    outer loop
      vertex 44.5653 42.1116 4.75
      vertex 44.7374 42.2626 2.2
      vertex 44.5653 42.1116 2.2
    endloop
  endfacet
  facet normal -0.555406 0.831579 0
    outer loop
      vertex 44.5653 42.1116 2.2
      vertex 44.375 41.9845 4.75
      vertex 44.5653 42.1116 4.75
    endloop
  endfacet
  facet normal -0.555406 0.831579 0
    outer loop
      vertex 44.375 41.9845 4.75
      vertex 44.5653 42.1116 2.2
      vertex 44.375 41.9845 2.2
    endloop
  endfacet
  facet normal -0.831579 0.555406 0
    outer loop
      vertex 44.8884 42.4347 2.2
      vertex 45.0155 42.625 4.75
      vertex 45.0155 42.625 2.2
    endloop
  endfacet
  facet normal -0.831579 0.555406 0
    outer loop
      vertex 45.0155 42.625 4.75
      vertex 44.8884 42.4347 2.2
      vertex 44.8884 42.4347 4.75
    endloop
  endfacet
  facet normal 0.555406 0.831579 -0
    outer loop
      vertex 42.625 41.9845 2.2
      vertex 42.4347 42.1116 4.75
      vertex 42.625 41.9845 4.75
    endloop
  endfacet
  facet normal 0.555406 0.831579 0
    outer loop
      vertex 42.4347 42.1116 4.75
      vertex 42.625 41.9845 2.2
      vertex 42.4347 42.1116 2.2
    endloop
  endfacet
  facet normal 0.659524 0.751683 -0
    outer loop
      vertex 42.4347 42.1116 2.2
      vertex 42.2626 42.2626 4.75
      vertex 42.4347 42.1116 4.75
    endloop
  endfacet
  facet normal 0.659524 0.751683 0
    outer loop
      vertex 42.2626 42.2626 4.75
      vertex 42.4347 42.1116 2.2
      vertex 42.2626 42.2626 2.2
    endloop
  endfacet
  facet normal 0.44249 0.896774 -0
    outer loop
      vertex 42.8303 41.8832 2.2
      vertex 42.625 41.9845 4.75
      vertex 42.8303 41.8832 4.75
    endloop
  endfacet
  facet normal 0.44249 0.896774 0
    outer loop
      vertex 42.625 41.9845 4.75
      vertex 42.8303 41.8832 2.2
      vertex 42.625 41.9845 2.2
    endloop
  endfacet
  facet normal 0.0655331 0.99785 -0
    outer loop
      vertex 43.5 41.75 2.2
      vertex 43.2716 41.765 4.75
      vertex 43.5 41.75 4.75
    endloop
  endfacet
  facet normal 0.0655331 0.99785 0
    outer loop
      vertex 43.2716 41.765 4.75
      vertex 43.5 41.75 2.2
      vertex 43.2716 41.765 2.2
    endloop
  endfacet
  facet normal 0.751683 0.659524 0
    outer loop
      vertex 42.2626 42.2626 4.75
      vertex 42.1116 42.4347 2.2
      vertex 42.1116 42.4347 4.75
    endloop
  endfacet
  facet normal 0.751683 0.659524 0
    outer loop
      vertex 42.1116 42.4347 2.2
      vertex 42.2626 42.2626 4.75
      vertex 42.2626 42.2626 2.2
    endloop
  endfacet
  facet normal 0.946922 -0.321464 0
    outer loop
      vertex 41.8096 43.9529 4.75
      vertex 41.8832 44.1697 2.2
      vertex 41.8832 44.1697 4.75
    endloop
  endfacet
  facet normal 0.946922 -0.321464 0
    outer loop
      vertex 41.8832 44.1697 2.2
      vertex 41.8096 43.9529 4.75
      vertex 41.8096 43.9529 2.2
    endloop
  endfacet
  facet normal 0.555406 -0.831579 0
    outer loop
      vertex 42.4347 44.8884 2.2
      vertex 42.625 45.0155 4.75
      vertex 42.4347 44.8884 4.75
    endloop
  endfacet
  facet normal 0.555406 -0.831579 0
    outer loop
      vertex 42.625 45.0155 4.75
      vertex 42.4347 44.8884 2.2
      vertex 42.625 45.0155 2.2
    endloop
  endfacet
  facet normal 0.194856 -0.980832 0
    outer loop
      vertex 43.0471 45.1904 2.2
      vertex 43.2716 45.235 4.75
      vertex 43.0471 45.1904 4.75
    endloop
  endfacet
  facet normal 0.194856 -0.980832 0
    outer loop
      vertex 43.2716 45.235 4.75
      vertex 43.0471 45.1904 2.2
      vertex 43.2716 45.235 2.2
    endloop
  endfacet
  facet normal -0.321464 0.946922 0
    outer loop
      vertex 44.1697 41.8832 2.2
      vertex 43.9529 41.8096 4.75
      vertex 44.1697 41.8832 4.75
    endloop
  endfacet
  facet normal -0.321464 0.946922 0
    outer loop
      vertex 43.9529 41.8096 4.75
      vertex 44.1697 41.8832 2.2
      vertex 43.9529 41.8096 2.2
    endloop
  endfacet
  facet normal -0.980832 0.194856 0
    outer loop
      vertex 45.1904 43.0471 2.2
      vertex 45.235 43.2716 4.75
      vertex 45.235 43.2716 2.2
    endloop
  endfacet
  facet normal -0.980832 0.194856 0
    outer loop
      vertex 45.235 43.2716 4.75
      vertex 45.1904 43.0471 2.2
      vertex 45.1904 43.0471 4.75
    endloop
  endfacet
  facet normal 0.194856 0.980832 -0
    outer loop
      vertex 43.2716 41.765 2.2
      vertex 43.0471 41.8096 4.75
      vertex 43.2716 41.765 4.75
    endloop
  endfacet
  facet normal 0.194856 0.980832 0
    outer loop
      vertex 43.0471 41.8096 4.75
      vertex 43.2716 41.765 2.2
      vertex 43.0471 41.8096 2.2
    endloop
  endfacet
  facet normal 0.946922 0.321464 0
    outer loop
      vertex 41.8832 42.8303 4.75
      vertex 41.8096 43.0471 2.2
      vertex 41.8096 43.0471 4.75
    endloop
  endfacet
  facet normal 0.946922 0.321464 0
    outer loop
      vertex 41.8096 43.0471 2.2
      vertex 41.8832 42.8303 4.75
      vertex 41.8832 42.8303 2.2
    endloop
  endfacet
  facet normal -0.99785 0.0655331 0
    outer loop
      vertex 45.235 43.2716 2.2
      vertex 45.25 43.5 4.75
      vertex 45.25 43.5 2.2
    endloop
  endfacet
  facet normal -0.99785 0.0655331 0
    outer loop
      vertex 45.25 43.5 4.75
      vertex 45.235 43.2716 2.2
      vertex 45.235 43.2716 4.75
    endloop
  endfacet
  facet normal -0 0 1
    outer loop
      vertex -45.3778 46 2.2
      vertex -45.3872 45.9594 2.2
      vertex -45.3046 46.0146 2.2
    endloop
  endfacet
  facet normal -0 0 1
    outer loop
      vertex -45.4868 45.963 2.2
      vertex -45.3872 45.9594 2.2
      vertex -45.3778 46 2.2
    endloop
  endfacet
  facet normal 0 0 1
    outer loop
      vertex -45.59 45.9121 2.2
      vertex -45.3872 45.9594 2.2
      vertex -45.4868 45.963 2.2
    endloop
  endfacet
  facet normal 0 0 1
    outer loop
      vertex -45.692 45.692 2.2
      vertex -45.59 45.9121 2.2
      vertex -45.6857 45.8481 2.2
    endloop
  endfacet
  facet normal -0 0 1
    outer loop
      vertex -45.59 45.9121 2.2
      vertex -45.692 45.692 2.2
      vertex -45.3872 45.9594 2.2
    endloop
  endfacet
  facet normal -0 0 1
    outer loop
      vertex -45.7722 45.7722 2.2
      vertex -45.692 45.692 2.2
      vertex -45.6857 45.8481 2.2
    endloop
  endfacet
  facet normal 0 0 1
    outer loop
      vertex -45.8481 45.6857 2.2
      vertex -45.692 45.692 2.2
      vertex -45.7722 45.7722 2.2
    endloop
  endfacet
  facet normal 0 0 1
    outer loop
      vertex -45.9121 45.59 2.2
      vertex -45.692 45.692 2.2
      vertex -45.8481 45.6857 2.2
    endloop
  endfacet
  facet normal -0 0 1
    outer loop
      vertex -45.9121 45.59 2.2
      vertex -45.9594 45.3872 2.2
      vertex -45.692 45.692 2.2
    endloop
  endfacet
  facet normal -0 0 1
    outer loop
      vertex -45.963 45.4868 2.2
      vertex -45.9594 45.3872 2.2
      vertex -45.9121 45.59 2.2
    endloop
  endfacet
  facet normal 0 0 1
    outer loop
      vertex -46 45.3778 2.2
      vertex -45.9594 45.3872 2.2
      vertex -45.963 45.4868 2.2
    endloop
  endfacet
  facet normal 0 0 1
    outer loop
      vertex -45.9594 45.3872 2.2
      vertex -46 45.3778 2.2
      vertex -46.0146 45.3046 2.2
    endloop
  endfacet
  facet normal 0 0 1
    outer loop
      vertex -45.3872 -45.9594 2.2
      vertex -45.3778 -46 2.2
      vertex -45.3046 -46.0146 2.2
    endloop
  endfacet
  facet normal 0 0 1
    outer loop
      vertex -45.3872 -45.9594 2.2
      vertex -45.4868 -45.963 2.2
      vertex -45.3778 -46 2.2
    endloop
  endfacet
  facet normal 0 0 1
    outer loop
      vertex -45.3872 -45.9594 2.2
      vertex -45.59 -45.9121 2.2
      vertex -45.4868 -45.963 2.2
    endloop
  endfacet
  facet normal 0 0 1
    outer loop
      vertex -45.692 -45.692 2.2
      vertex -45.59 -45.9121 2.2
      vertex -45.3872 -45.9594 2.2
    endloop
  endfacet
  facet normal 0 0 1
    outer loop
      vertex -45.59 -45.9121 2.2
      vertex -45.692 -45.692 2.2
      vertex -45.6857 -45.8481 2.2
    endloop
  endfacet
  facet normal 0 0 1
    outer loop
      vertex -45.692 -45.692 2.2
      vertex -45.7722 -45.7722 2.2
      vertex -45.6857 -45.8481 2.2
    endloop
  endfacet
  facet normal 0 0 1
    outer loop
      vertex -45.692 -45.692 2.2
      vertex -45.8481 -45.6857 2.2
      vertex -45.7722 -45.7722 2.2
    endloop
  endfacet
  facet normal 0 0 1
    outer loop
      vertex -45.692 -45.692 2.2
      vertex -45.9121 -45.59 2.2
      vertex -45.8481 -45.6857 2.2
    endloop
  endfacet
  facet normal 0 0 1
    outer loop
      vertex -45.9594 -45.3872 2.2
      vertex -45.9121 -45.59 2.2
      vertex -45.692 -45.692 2.2
    endloop
  endfacet
  facet normal 0 0 1
    outer loop
      vertex -45.9594 -45.3872 2.2
      vertex -45.963 -45.4868 2.2
      vertex -45.9121 -45.59 2.2
    endloop
  endfacet
  facet normal 0 0 1
    outer loop
      vertex -45.9594 -45.3872 2.2
      vertex -46 -45.3778 2.2
      vertex -45.963 -45.4868 2.2
    endloop
  endfacet
  facet normal -0 -0 1
    outer loop
      vertex -46 -45.3778 2.2
      vertex -45.9594 -45.3872 2.2
      vertex -46.0146 -45.3046 2.2
    endloop
  endfacet
  facet normal 0 0 1
    outer loop
      vertex 45.9594 -45.3872 2.2
      vertex 46 -45.3778 2.2
      vertex 46.0146 -45.3046 2.2
    endloop
  endfacet
  facet normal 0 0 1
    outer loop
      vertex 46 -45.3778 2.2
      vertex 45.9594 -45.3872 2.2
      vertex 45.963 -45.4868 2.2
    endloop
  endfacet
  facet normal 0 0 1
    outer loop
      vertex 45.9594 -45.3872 2.2
      vertex 45.9121 -45.59 2.2
      vertex 45.963 -45.4868 2.2
    endloop
  endfacet
  facet normal 0 0 1
    outer loop
      vertex 45.692 -45.692 2.2
      vertex 45.9121 -45.59 2.2
      vertex 45.9594 -45.3872 2.2
    endloop
  endfacet
  facet normal 0 0 1
    outer loop
      vertex 45.9121 -45.59 2.2
      vertex 45.692 -45.692 2.2
      vertex 45.8481 -45.6857 2.2
    endloop
  endfacet
  facet normal 0 0 1
    outer loop
      vertex 45.8481 -45.6857 2.2
      vertex 45.692 -45.692 2.2
      vertex 45.7722 -45.7722 2.2
    endloop
  endfacet
  facet normal 0 0 1
    outer loop
      vertex 45.692 -45.692 2.2
      vertex 45.6857 -45.8481 2.2
      vertex 45.7722 -45.7722 2.2
    endloop
  endfacet
  facet normal 0 0 1
    outer loop
      vertex 45.692 -45.692 2.2
      vertex 45.59 -45.9121 2.2
      vertex 45.6857 -45.8481 2.2
    endloop
  endfacet
  facet normal 0 0 1
    outer loop
      vertex 45.3872 -45.9594 2.2
      vertex 45.59 -45.9121 2.2
      vertex 45.692 -45.692 2.2
    endloop
  endfacet
  facet normal 0 0 1
    outer loop
      vertex 45.59 -45.9121 2.2
      vertex 45.3872 -45.9594 2.2
      vertex 45.4868 -45.963 2.2
    endloop
  endfacet
  facet normal 0 0 1
    outer loop
      vertex 45.3872 -45.9594 2.2
      vertex 45.3778 -46 2.2
      vertex 45.4868 -45.963 2.2
    endloop
  endfacet
  facet normal 0 -0 1
    outer loop
      vertex 45.3778 -46 2.2
      vertex 45.3872 -45.9594 2.2
      vertex 45.3046 -46.0146 2.2
    endloop
  endfacet
  facet normal -0 0 1
    outer loop
      vertex 45.9594 45.3872 2.2
      vertex 46 45.3778 2.2
      vertex 45.963 45.4868 2.2
    endloop
  endfacet
  facet normal 0 0 1
    outer loop
      vertex 46 45.3778 2.2
      vertex 45.9594 45.3872 2.2
      vertex 46.0146 45.3046 2.2
    endloop
  endfacet
  facet normal 0 0 1
    outer loop
      vertex 45.9121 45.59 2.2
      vertex 45.9594 45.3872 2.2
      vertex 45.963 45.4868 2.2
    endloop
  endfacet
  facet normal 0 0 1
    outer loop
      vertex 45.692 45.692 2.2
      vertex 45.9121 45.59 2.2
      vertex 45.8481 45.6857 2.2
    endloop
  endfacet
  facet normal -0 0 1
    outer loop
      vertex 45.692 45.692 2.2
      vertex 45.8481 45.6857 2.2
      vertex 45.7722 45.7722 2.2
    endloop
  endfacet
  facet normal 0 0 1
    outer loop
      vertex 45.9121 45.59 2.2
      vertex 45.692 45.692 2.2
      vertex 45.9594 45.3872 2.2
    endloop
  endfacet
  facet normal 0 0 1
    outer loop
      vertex 45.6857 45.8481 2.2
      vertex 45.692 45.692 2.2
      vertex 45.7722 45.7722 2.2
    endloop
  endfacet
  facet normal 0 0 1
    outer loop
      vertex 45.59 45.9121 2.2
      vertex 45.692 45.692 2.2
      vertex 45.6857 45.8481 2.2
    endloop
  endfacet
  facet normal -0 0 1
    outer loop
      vertex 45.3872 45.9594 2.2
      vertex 45.59 45.9121 2.2
      vertex 45.4868 45.963 2.2
    endloop
  endfacet
  facet normal 0 0 1
    outer loop
      vertex 45.59 45.9121 2.2
      vertex 45.3872 45.9594 2.2
      vertex 45.692 45.692 2.2
    endloop
  endfacet
  facet normal 0 0 1
    outer loop
      vertex 45.3778 46 2.2
      vertex 45.3872 45.9594 2.2
      vertex 45.4868 45.963 2.2
    endloop
  endfacet
  facet normal 0 0 1
    outer loop
      vertex 45.3872 45.9594 2.2
      vertex 45.3778 46 2.2
      vertex 45.3046 46.0146 2.2
    endloop
  endfacet
  facet normal 0 0 1
    outer loop
      vertex -18.2088 -20.9863 2.2
      vertex -40.4265 -43.0954 2.2
      vertex -40.4 -43.5 2.2
    endloop
  endfacet
  facet normal 0 0 1
    outer loop
      vertex -28.6 -19.4 2.2
      vertex -40.5056 -42.6977 2.2
      vertex -40.4265 -43.0954 2.2
    endloop
  endfacet
  facet normal 0 0 1
    outer loop
      vertex -28.6 -19.4 2.2
      vertex -40.636 -42.3137 2.2
      vertex -40.5056 -42.6977 2.2
    endloop
  endfacet
  facet normal 0 0 1
    outer loop
      vertex -28.6 -19.4 2.2
      vertex -40.8153 -41.95 2.2
      vertex -40.636 -42.3137 2.2
    endloop
  endfacet
  facet normal 0 0 1
    outer loop
      vertex -28.6 -19.4 2.2
      vertex -41.0406 -41.6128 2.2
      vertex -40.8153 -41.95 2.2
    endloop
  endfacet
  facet normal 0 0 1
    outer loop
      vertex -28.6 -19.4 2.2
      vertex -41.308 -41.308 2.2
      vertex -41.0406 -41.6128 2.2
    endloop
  endfacet
  facet normal 0 0 1
    outer loop
      vertex -28.6 -19.4 2.2
      vertex -41.6128 -41.0406 2.2
      vertex -41.308 -41.308 2.2
    endloop
  endfacet
  facet normal 0 0 1
    outer loop
      vertex -28.6 -19.4 2.2
      vertex -41.95 -40.8153 2.2
      vertex -41.6128 -41.0406 2.2
    endloop
  endfacet
  facet normal 0 0 1
    outer loop
      vertex -28.6 -19.4 2.2
      vertex -42.3137 -40.636 2.2
      vertex -41.95 -40.8153 2.2
    endloop
  endfacet
  facet normal 0 0 1
    outer loop
      vertex -28.6 -19.4 2.2
      vertex -42.6977 -40.5056 2.2
      vertex -42.3137 -40.636 2.2
    endloop
  endfacet
  facet normal 0 0 1
    outer loop
      vertex -28.6 -19.4 2.2
      vertex -43.0954 -40.4265 2.2
      vertex -42.6977 -40.5056 2.2
    endloop
  endfacet
  facet normal 0 -0 1
    outer loop
      vertex -44.6863 -40.636 2.2
      vertex -28.6 -19.4 2.2
      vertex -46.03 9.78 2.2
    endloop
  endfacet
  facet normal 0 0 1
    outer loop
      vertex -28.6 -19.4 2.2
      vertex -43.5 -40.4 2.2
      vertex -43.0954 -40.4265 2.2
    endloop
  endfacet
  facet normal 0 0 1
    outer loop
      vertex -28.6 -19.4 2.2
      vertex -43.9046 -40.4265 2.2
      vertex -43.5 -40.4 2.2
    endloop
  endfacet
  facet normal 0 0 1
    outer loop
      vertex -28.6 -19.4 2.2
      vertex -44.3023 -40.5056 2.2
      vertex -43.9046 -40.4265 2.2
    endloop
  endfacet
  facet normal 0 0 1
    outer loop
      vertex -28.6 -19.4 2.2
      vertex -44.6863 -40.636 2.2
      vertex -44.3023 -40.5056 2.2
    endloop
  endfacet
  facet normal 0 0 1
    outer loop
      vertex -44.6863 -40.636 2.2
      vertex -46.03 9.78 2.2
      vertex -45.05 -40.8153 2.2
    endloop
  endfacet
  facet normal 0 0 1
    outer loop
      vertex -45.05 -40.8153 2.2
      vertex -46.03 9.78 2.2
      vertex -45.3872 -41.0406 2.2
    endloop
  endfacet
  facet normal 0 0 1
    outer loop
      vertex -45.3872 -41.0406 2.2
      vertex -46.03 9.78 2.2
      vertex -45.692 -41.308 2.2
    endloop
  endfacet
  facet normal 0 0 1
    outer loop
      vertex -45.692 -41.308 2.2
      vertex -46.03 9.78 2.2
      vertex -45.9594 -41.6128 2.2
    endloop
  endfacet
  facet normal 0 0 1
    outer loop
      vertex -45.9594 -41.6128 2.2
      vertex -46.03 9.78 2.2
      vertex -46.03 -41.7185 2.2
    endloop
  endfacet
  facet normal -0 0 1
    outer loop
      vertex -46.03 24.17 2.2
      vertex -34.455 20.78 2.2
      vertex -34.455 24.17 2.2
    endloop
  endfacet
  facet normal 0 0 1
    outer loop
      vertex -34.455 20.78 2.2
      vertex -46.03 24.17 2.2
      vertex -46.03 20.78 2.2
    endloop
  endfacet
  facet normal -0 0 1
    outer loop
      vertex 27.974 -20.6694 2.2
      vertex 41.95 -40.8153 2.2
      vertex 28.1314 -20.5314 2.2
    endloop
  endfacet
  facet normal 0 0 1
    outer loop
      vertex 18 21 2.2
      vertex 40.4 43.5 2.2
      vertex 40.4265 43.9046 2.2
    endloop
  endfacet
  facet normal 0 0 1
    outer loop
      vertex 9.20884 20.9863 2.2
      vertex 40.4265 43.9046 2.2
      vertex 40.5056 44.3023 2.2
    endloop
  endfacet
  facet normal 0 0 1
    outer loop
      vertex 9 21 2.2
      vertex 40.5056 44.3023 2.2
      vertex 40.636 44.6863 2.2
    endloop
  endfacet
  facet normal 0 0 1
    outer loop
      vertex 40.4265 43.0954 2.2
      vertex 28.5863 19.6088 2.2
      vertex 28.6 19.4 2.2
    endloop
  endfacet
  facet normal 0 0 1
    outer loop
      vertex 40.4265 43.0954 2.2
      vertex 28.5455 19.8141 2.2
      vertex 28.5863 19.6088 2.2
    endloop
  endfacet
  facet normal 0 0 1
    outer loop
      vertex 40.4265 43.0954 2.2
      vertex 28.4782 20.0123 2.2
      vertex 28.5455 19.8141 2.2
    endloop
  endfacet
  facet normal 0 0 1
    outer loop
      vertex 40.4265 43.0954 2.2
      vertex 28.3856 20.2 2.2
      vertex 28.4782 20.0123 2.2
    endloop
  endfacet
  facet normal 0 0 1
    outer loop
      vertex 0 21 2.2
      vertex 40.636 44.6863 2.2
      vertex 40.8153 45.05 2.2
    endloop
  endfacet
  facet normal 0 0 1
    outer loop
      vertex 40.4265 43.0954 2.2
      vertex 28.2694 20.374 2.2
      vertex 28.3856 20.2 2.2
    endloop
  endfacet
  facet normal 0 0 1
    outer loop
      vertex 40.4265 43.0954 2.2
      vertex 28.1314 20.5314 2.2
      vertex 28.2694 20.374 2.2
    endloop
  endfacet
  facet normal 0 0 1
    outer loop
      vertex 40.4265 43.0954 2.2
      vertex 27.974 20.6694 2.2
      vertex 28.1314 20.5314 2.2
    endloop
  endfacet
  facet normal 0 0 1
    outer loop
      vertex 40.4265 43.0954 2.2
      vertex 27.8 20.7856 2.2
      vertex 27.974 20.6694 2.2
    endloop
  endfacet
  facet normal 0 0 1
    outer loop
      vertex 40.4265 43.0954 2.2
      vertex 27.6123 20.8782 2.2
      vertex 27.8 20.7856 2.2
    endloop
  endfacet
  facet normal 0 0 1
    outer loop
      vertex 40.4265 43.0954 2.2
      vertex 27.4141 20.9455 2.2
      vertex 27.6123 20.8782 2.2
    endloop
  endfacet
  facet normal 0 0 1
    outer loop
      vertex 40.4265 43.0954 2.2
      vertex 27.2088 20.9863 2.2
      vertex 27.4141 20.9455 2.2
    endloop
  endfacet
  facet normal 0 0 1
    outer loop
      vertex 40.4265 43.0954 2.2
      vertex 27 21 2.2
      vertex 27.2088 20.9863 2.2
    endloop
  endfacet
  facet normal 0 0 1
    outer loop
      vertex 40.4265 43.0954 2.2
      vertex 26.7912 20.9863 2.2
      vertex 27 21 2.2
    endloop
  endfacet
  facet normal 0 0 1
    outer loop
      vertex 40.4265 43.0954 2.2
      vertex 26.5859 20.9455 2.2
      vertex 26.7912 20.9863 2.2
    endloop
  endfacet
  facet normal 0 0 1
    outer loop
      vertex 40.4265 43.0954 2.2
      vertex 18.4141 20.9455 2.2
      vertex 26.5859 20.9455 2.2
    endloop
  endfacet
  facet normal 0 0 1
    outer loop
      vertex 26.5859 20.9455 2.2
      vertex 18.4141 20.9455 2.2
      vertex 26.3877 20.8782 2.2
    endloop
  endfacet
  facet normal 0 -0 1
    outer loop
      vertex 18.6123 20.8782 2.2
      vertex 26.3877 20.8782 2.2
      vertex 18.4141 20.9455 2.2
    endloop
  endfacet
  facet normal 0 0 1
    outer loop
      vertex 26.3877 20.8782 2.2
      vertex 18.6123 20.8782 2.2
      vertex 26.2 20.7856 2.2
    endloop
  endfacet
  facet normal 0 -0 1
    outer loop
      vertex 18.8 20.7856 2.2
      vertex 26.2 20.7856 2.2
      vertex 18.6123 20.8782 2.2
    endloop
  endfacet
  facet normal 0 0 1
    outer loop
      vertex 26.2 20.7856 2.2
      vertex 18.8 20.7856 2.2
      vertex 26.026 20.6694 2.2
    endloop
  endfacet
  facet normal 0 0 1
    outer loop
      vertex 25.4 19.4 2.2
      vertex 19.6 19.4 2.2
      vertex 25.4 -19.4 2.2
    endloop
  endfacet
  facet normal 0 0 1
    outer loop
      vertex 25.4137 19.6088 2.2
      vertex 19.6 19.4 2.2
      vertex 25.4 19.4 2.2
    endloop
  endfacet
  facet normal 0 0 1
    outer loop
      vertex 19.5863 19.6088 2.2
      vertex 25.4137 19.6088 2.2
      vertex 25.4545 19.8141 2.2
    endloop
  endfacet
  facet normal 0 0 1
    outer loop
      vertex 19.5455 19.8141 2.2
      vertex 25.4545 19.8141 2.2
      vertex 25.5218 20.0123 2.2
    endloop
  endfacet
  facet normal 0 0 1
    outer loop
      vertex 19.4782 20.0123 2.2
      vertex 25.5218 20.0123 2.2
      vertex 25.6144 20.2 2.2
    endloop
  endfacet
  facet normal 0 -0 1
    outer loop
      vertex 18.974 20.6694 2.2
      vertex 26.026 20.6694 2.2
      vertex 18.8 20.7856 2.2
    endloop
  endfacet
  facet normal 0 0 1
    outer loop
      vertex -40.8153 45.05 2.2
      vertex 40.8153 45.05 2.2
      vertex 41.0406 45.3872 2.2
    endloop
  endfacet
  facet normal 0 0 1
    outer loop
      vertex 25.4137 19.6088 2.2
      vertex 19.5863 19.6088 2.2
      vertex 19.6 19.4 2.2
    endloop
  endfacet
  facet normal 0 0 1
    outer loop
      vertex 25.4545 19.8141 2.2
      vertex 19.5455 19.8141 2.2
      vertex 19.5863 19.6088 2.2
    endloop
  endfacet
  facet normal 0 0 1
    outer loop
      vertex 25.5218 20.0123 2.2
      vertex 19.4782 20.0123 2.2
      vertex 19.5455 19.8141 2.2
    endloop
  endfacet
  facet normal 0 0 1
    outer loop
      vertex 25.6144 20.2 2.2
      vertex 19.3856 20.2 2.2
      vertex 19.4782 20.0123 2.2
    endloop
  endfacet
  facet normal 0 0 1
    outer loop
      vertex 25.6144 20.2 2.2
      vertex 19.2694 20.374 2.2
      vertex 19.3856 20.2 2.2
    endloop
  endfacet
  facet normal 0 0 1
    outer loop
      vertex 25.7306 20.374 2.2
      vertex 19.2694 20.374 2.2
      vertex 25.6144 20.2 2.2
    endloop
  endfacet
  facet normal 0 0 1
    outer loop
      vertex -41.0406 45.3872 2.2
      vertex 41.0406 45.3872 2.2
      vertex 41.308 45.692 2.2
    endloop
  endfacet
  facet normal 0 -0 1
    outer loop
      vertex 19.2694 20.374 2.2
      vertex 25.7306 20.374 2.2
      vertex 19.1314 20.5314 2.2
    endloop
  endfacet
  facet normal 0 0 1
    outer loop
      vertex 25.8686 20.5314 2.2
      vertex 19.1314 20.5314 2.2
      vertex 25.7306 20.374 2.2
    endloop
  endfacet
  facet normal 0 -0 1
    outer loop
      vertex 19.1314 20.5314 2.2
      vertex 25.8686 20.5314 2.2
      vertex 18.974 20.6694 2.2
    endloop
  endfacet
  facet normal 0 0 1
    outer loop
      vertex 26.026 20.6694 2.2
      vertex 18.974 20.6694 2.2
      vertex 25.8686 20.5314 2.2
    endloop
  endfacet
  facet normal 0 0 1
    outer loop
      vertex 40.4265 43.0954 2.2
      vertex 18.2088 20.9863 2.2
      vertex 18.4141 20.9455 2.2
    endloop
  endfacet
  facet normal 0 0 1
    outer loop
      vertex 40.4 43.5 2.2
      vertex 18 21 2.2
      vertex 18.2088 20.9863 2.2
    endloop
  endfacet
  facet normal 0 0 1
    outer loop
      vertex 40.4265 43.9046 2.2
      vertex 17.7912 20.9863 2.2
      vertex 18 21 2.2
    endloop
  endfacet
  facet normal 0 0 1
    outer loop
      vertex 40.4265 43.9046 2.2
      vertex 9.20884 20.9863 2.2
      vertex 17.7912 20.9863 2.2
    endloop
  endfacet
  facet normal 0 0 1
    outer loop
      vertex 17.7912 20.9863 2.2
      vertex 9.20884 20.9863 2.2
      vertex 17.5859 20.9455 2.2
    endloop
  endfacet
  facet normal 0 -0 1
    outer loop
      vertex 9.41411 20.9455 2.2
      vertex 17.5859 20.9455 2.2
      vertex 9.20884 20.9863 2.2
    endloop
  endfacet
  facet normal 0 0 1
    outer loop
      vertex 17.5859 20.9455 2.2
      vertex 9.41411 20.9455 2.2
      vertex 17.3877 20.8782 2.2
    endloop
  endfacet
  facet normal 0 -0 1
    outer loop
      vertex 9.61229 20.8782 2.2
      vertex 17.3877 20.8782 2.2
      vertex 9.41411 20.9455 2.2
    endloop
  endfacet
  facet normal 0 0 1
    outer loop
      vertex 16.4 19.4 2.2
      vertex 10.6 19.4 2.2
      vertex 16.4 -19.4 2.2
    endloop
  endfacet
  facet normal 0 0 1
    outer loop
      vertex 16.4137 19.6088 2.2
      vertex 10.6 19.4 2.2
      vertex 16.4 19.4 2.2
    endloop
  endfacet
  facet normal 0 0 1
    outer loop
      vertex 10.5863 19.6088 2.2
      vertex 16.4137 19.6088 2.2
      vertex 16.4545 19.8141 2.2
    endloop
  endfacet
  facet normal 0 0 1
    outer loop
      vertex 10.5455 19.8141 2.2
      vertex 16.4545 19.8141 2.2
      vertex 16.5218 20.0123 2.2
    endloop
  endfacet
  facet normal 0 0 1
    outer loop
      vertex 10.4782 20.0123 2.2
      vertex 16.5218 20.0123 2.2
      vertex 16.6144 20.2 2.2
    endloop
  endfacet
  facet normal 0 0 1
    outer loop
      vertex 10.3856 20.2 2.2
      vertex 16.6144 20.2 2.2
      vertex 16.7306 20.374 2.2
    endloop
  endfacet
  facet normal 0 0 1
    outer loop
      vertex 10.2694 20.374 2.2
      vertex 16.7306 20.374 2.2
      vertex 16.8686 20.5314 2.2
    endloop
  endfacet
  facet normal 0 -0 1
    outer loop
      vertex 9.8 20.7856 2.2
      vertex 17.2 20.7856 2.2
      vertex 9.61229 20.8782 2.2
    endloop
  endfacet
  facet normal 0 0 1
    outer loop
      vertex -41.308 45.692 2.2
      vertex 41.308 45.692 2.2
      vertex 41.6128 45.9594 2.2
    endloop
  endfacet
  facet normal 0 0 1
    outer loop
      vertex 16.4137 19.6088 2.2
      vertex 10.5863 19.6088 2.2
      vertex 10.6 19.4 2.2
    endloop
  endfacet
  facet normal 0 0 1
    outer loop
      vertex 16.4545 19.8141 2.2
      vertex 10.5455 19.8141 2.2
      vertex 10.5863 19.6088 2.2
    endloop
  endfacet
  facet normal 0 0 1
    outer loop
      vertex 16.5218 20.0123 2.2
      vertex 10.4782 20.0123 2.2
      vertex 10.5455 19.8141 2.2
    endloop
  endfacet
  facet normal 0 0 1
    outer loop
      vertex 16.6144 20.2 2.2
      vertex 10.3856 20.2 2.2
      vertex 10.4782 20.0123 2.2
    endloop
  endfacet
  facet normal 0 0 1
    outer loop
      vertex 16.7306 20.374 2.2
      vertex 10.2694 20.374 2.2
      vertex 10.3856 20.2 2.2
    endloop
  endfacet
  facet normal 0 0 1
    outer loop
      vertex 16.8686 20.5314 2.2
      vertex 10.1314 20.5314 2.2
      vertex 10.2694 20.374 2.2
    endloop
  endfacet
  facet normal 0 0 1
    outer loop
      vertex 16.8686 20.5314 2.2
      vertex 9.97402 20.6694 2.2
      vertex 10.1314 20.5314 2.2
    endloop
  endfacet
  facet normal 0 0 1
    outer loop
      vertex 17.026 20.6694 2.2
      vertex 9.97402 20.6694 2.2
      vertex 16.8686 20.5314 2.2
    endloop
  endfacet
  facet normal 0 -0 1
    outer loop
      vertex 9.97402 20.6694 2.2
      vertex 17.026 20.6694 2.2
      vertex 9.8 20.7856 2.2
    endloop
  endfacet
  facet normal 0 0 1
    outer loop
      vertex 17.2 20.7856 2.2
      vertex 9.8 20.7856 2.2
      vertex 17.026 20.6694 2.2
    endloop
  endfacet
  facet normal 0 0 1
    outer loop
      vertex 17.3877 20.8782 2.2
      vertex 9.61229 20.8782 2.2
      vertex 17.2 20.7856 2.2
    endloop
  endfacet
  facet normal 0 0 1
    outer loop
      vertex 40.5056 44.3023 2.2
      vertex 9 21 2.2
      vertex 9.20884 20.9863 2.2
    endloop
  endfacet
  facet normal 0 0 1
    outer loop
      vertex 40.636 44.6863 2.2
      vertex 8.79116 20.9863 2.2
      vertex 9 21 2.2
    endloop
  endfacet
  facet normal 0 0 1
    outer loop
      vertex 40.636 44.6863 2.2
      vertex 0.208841 20.9863 2.2
      vertex 8.79116 20.9863 2.2
    endloop
  endfacet
  facet normal 0 0 1
    outer loop
      vertex 8.79116 20.9863 2.2
      vertex 0.208841 20.9863 2.2
      vertex 8.58589 20.9455 2.2
    endloop
  endfacet
  facet normal 0 -0 1
    outer loop
      vertex 0.41411 20.9455 2.2
      vertex 8.58589 20.9455 2.2
      vertex 0.208841 20.9863 2.2
    endloop
  endfacet
  facet normal 0 0 1
    outer loop
      vertex 8.58589 20.9455 2.2
      vertex 0.41411 20.9455 2.2
      vertex 8.38771 20.8782 2.2
    endloop
  endfacet
  facet normal 0 0 1
    outer loop
      vertex 7.4 19.4 2.2
      vertex 1.6 19.4 2.2
      vertex 7.4 -19.4 2.2
    endloop
  endfacet
  facet normal 0 0 1
    outer loop
      vertex 7.41369 19.6088 2.2
      vertex 1.6 19.4 2.2
      vertex 7.4 19.4 2.2
    endloop
  endfacet
  facet normal 0 0 1
    outer loop
      vertex 1.58631 19.6088 2.2
      vertex 7.41369 19.6088 2.2
      vertex 7.45452 19.8141 2.2
    endloop
  endfacet
  facet normal 0 0 1
    outer loop
      vertex 1.54548 19.8141 2.2
      vertex 7.45452 19.8141 2.2
      vertex 7.52179 20.0123 2.2
    endloop
  endfacet
  facet normal 0 0 1
    outer loop
      vertex 1.47821 20.0123 2.2
      vertex 7.52179 20.0123 2.2
      vertex 7.61436 20.2 2.2
    endloop
  endfacet
  facet normal 0 0 1
    outer loop
      vertex 1.38564 20.2 2.2
      vertex 7.61436 20.2 2.2
      vertex 7.73063 20.374 2.2
    endloop
  endfacet
  facet normal 0 0 1
    outer loop
      vertex 1.26937 20.374 2.2
      vertex 7.73063 20.374 2.2
      vertex 7.86863 20.5314 2.2
    endloop
  endfacet
  facet normal 0 0 1
    outer loop
      vertex 1.13137 20.5314 2.2
      vertex 7.86863 20.5314 2.2
      vertex 8.02598 20.6694 2.2
    endloop
  endfacet
  facet normal 0 -0 1
    outer loop
      vertex 0.612293 20.8782 2.2
      vertex 8.38771 20.8782 2.2
      vertex 0.41411 20.9455 2.2
    endloop
  endfacet
  facet normal 0 0 1
    outer loop
      vertex -41.6128 45.9594 2.2
      vertex 41.6128 45.9594 2.2
      vertex 41.7185 46.03 2.2
    endloop
  endfacet
  facet normal 0 0 1
    outer loop
      vertex 7.41369 19.6088 2.2
      vertex 1.58631 19.6088 2.2
      vertex 1.6 19.4 2.2
    endloop
  endfacet
  facet normal 0 0 1
    outer loop
      vertex 7.45452 19.8141 2.2
      vertex 1.54548 19.8141 2.2
      vertex 1.58631 19.6088 2.2
    endloop
  endfacet
  facet normal 0 0 1
    outer loop
      vertex 7.52179 20.0123 2.2
      vertex 1.47821 20.0123 2.2
      vertex 1.54548 19.8141 2.2
    endloop
  endfacet
  facet normal 0 0 1
    outer loop
      vertex 7.61436 20.2 2.2
      vertex 1.38564 20.2 2.2
      vertex 1.47821 20.0123 2.2
    endloop
  endfacet
  facet normal 0 0 1
    outer loop
      vertex 7.73063 20.374 2.2
      vertex 1.26937 20.374 2.2
      vertex 1.38564 20.2 2.2
    endloop
  endfacet
  facet normal 0 0 1
    outer loop
      vertex 7.86863 20.5314 2.2
      vertex 1.13137 20.5314 2.2
      vertex 1.26937 20.374 2.2
    endloop
  endfacet
  facet normal 0 0 1
    outer loop
      vertex 8.02598 20.6694 2.2
      vertex 0.974018 20.6694 2.2
      vertex 1.13137 20.5314 2.2
    endloop
  endfacet
  facet normal 0 0 1
    outer loop
      vertex 8.02598 20.6694 2.2
      vertex 0.799999 20.7856 2.2
      vertex 0.974018 20.6694 2.2
    endloop
  endfacet
  facet normal 0 0 1
    outer loop
      vertex 8.2 20.7856 2.2
      vertex 0.799999 20.7856 2.2
      vertex 8.02598 20.6694 2.2
    endloop
  endfacet
  facet normal 0 -0 1
    outer loop
      vertex 0.799999 20.7856 2.2
      vertex 8.2 20.7856 2.2
      vertex 0.612293 20.8782 2.2
    endloop
  endfacet
  facet normal 0 0 1
    outer loop
      vertex 8.38771 20.8782 2.2
      vertex 0.612293 20.8782 2.2
      vertex 8.2 20.7856 2.2
    endloop
  endfacet
  facet normal 0 0 1
    outer loop
      vertex 40.636 44.6863 2.2
      vertex 0 21 2.2
      vertex 0.208841 20.9863 2.2
    endloop
  endfacet
  facet normal 0 0 1
    outer loop
      vertex 40.8153 45.05 2.2
      vertex -40.8153 45.05 2.2
      vertex 0 21 2.2
    endloop
  endfacet
  facet normal -0 -0 1
    outer loop
      vertex -40.636 44.6863 2.2
      vertex 0 21 2.2
      vertex -40.8153 45.05 2.2
    endloop
  endfacet
  facet normal 0 0 1
    outer loop
      vertex 0 21 2.2
      vertex -40.636 44.6863 2.2
      vertex -0.208841 20.9863 2.2
    endloop
  endfacet
  facet normal -0 -0 1
    outer loop
      vertex -34.455 35.17 2.2
      vertex -0.208841 20.9863 2.2
      vertex -40.636 44.6863 2.2
    endloop
  endfacet
  facet normal 0 0 1
    outer loop
      vertex -1.6 19.4 2.2
      vertex -7.4 19.4 2.2
      vertex -1.6 -19.4 2.2
    endloop
  endfacet
  facet normal 0 0 1
    outer loop
      vertex -1.58631 19.6088 2.2
      vertex -7.4 19.4 2.2
      vertex -1.6 19.4 2.2
    endloop
  endfacet
  facet normal 0 0 1
    outer loop
      vertex -7.41369 19.6088 2.2
      vertex -1.58631 19.6088 2.2
      vertex -1.54548 19.8141 2.2
    endloop
  endfacet
  facet normal 0 0 1
    outer loop
      vertex -7.45452 19.8141 2.2
      vertex -1.54548 19.8141 2.2
      vertex -1.47821 20.0123 2.2
    endloop
  endfacet
  facet normal 0 0 1
    outer loop
      vertex -7.52179 20.0123 2.2
      vertex -1.47821 20.0123 2.2
      vertex -1.38564 20.2 2.2
    endloop
  endfacet
  facet normal 0 0 1
    outer loop
      vertex -7.61436 20.2 2.2
      vertex -1.38564 20.2 2.2
      vertex -1.26937 20.374 2.2
    endloop
  endfacet
  facet normal 0 0 1
    outer loop
      vertex -7.73063 20.374 2.2
      vertex -1.26937 20.374 2.2
      vertex -1.13137 20.5314 2.2
    endloop
  endfacet
  facet normal 0 0 1
    outer loop
      vertex -7.86863 20.5314 2.2
      vertex -1.13137 20.5314 2.2
      vertex -0.974018 20.6694 2.2
    endloop
  endfacet
  facet normal 0 0 1
    outer loop
      vertex -8.02598 20.6694 2.2
      vertex -0.974018 20.6694 2.2
      vertex -0.799999 20.7856 2.2
    endloop
  endfacet
  facet normal 0 -0 1
    outer loop
      vertex -8.79116 20.9863 2.2
      vertex -0.208841 20.9863 2.2
      vertex -34.455 35.17 2.2
    endloop
  endfacet
  facet normal 0 0 1
    outer loop
      vertex -1.58631 19.6088 2.2
      vertex -7.41369 19.6088 2.2
      vertex -7.4 19.4 2.2
    endloop
  endfacet
  facet normal 0 0 1
    outer loop
      vertex -1.54548 19.8141 2.2
      vertex -7.45452 19.8141 2.2
      vertex -7.41369 19.6088 2.2
    endloop
  endfacet
  facet normal 0 0 1
    outer loop
      vertex -1.47821 20.0123 2.2
      vertex -7.52179 20.0123 2.2
      vertex -7.45452 19.8141 2.2
    endloop
  endfacet
  facet normal 0 0 1
    outer loop
      vertex -1.38564 20.2 2.2
      vertex -7.61436 20.2 2.2
      vertex -7.52179 20.0123 2.2
    endloop
  endfacet
  facet normal 0 0 1
    outer loop
      vertex -1.26937 20.374 2.2
      vertex -7.73063 20.374 2.2
      vertex -7.61436 20.2 2.2
    endloop
  endfacet
  facet normal 0 0 1
    outer loop
      vertex -1.13137 20.5314 2.2
      vertex -7.86863 20.5314 2.2
      vertex -7.73063 20.374 2.2
    endloop
  endfacet
  facet normal 0 0 1
    outer loop
      vertex -0.974018 20.6694 2.2
      vertex -8.02598 20.6694 2.2
      vertex -7.86863 20.5314 2.2
    endloop
  endfacet
  facet normal 0 0 1
    outer loop
      vertex -0.799999 20.7856 2.2
      vertex -8.2 20.7856 2.2
      vertex -8.02598 20.6694 2.2
    endloop
  endfacet
  facet normal 0 0 1
    outer loop
      vertex -0.799999 20.7856 2.2
      vertex -8.38771 20.8782 2.2
      vertex -8.2 20.7856 2.2
    endloop
  endfacet
  facet normal 0 0 1
    outer loop
      vertex -0.612293 20.8782 2.2
      vertex -8.38771 20.8782 2.2
      vertex -0.799999 20.7856 2.2
    endloop
  endfacet
  facet normal 0 -0 1
    outer loop
      vertex -8.38771 20.8782 2.2
      vertex -0.612293 20.8782 2.2
      vertex -8.58589 20.9455 2.2
    endloop
  endfacet
  facet normal 0 0 1
    outer loop
      vertex -0.208841 20.9863 2.2
      vertex -8.79116 20.9863 2.2
      vertex -0.41411 20.9455 2.2
    endloop
  endfacet
  facet normal 0 -0 1
    outer loop
      vertex -8.58589 20.9455 2.2
      vertex -0.41411 20.9455 2.2
      vertex -8.79116 20.9863 2.2
    endloop
  endfacet
  facet normal 0 0 1
    outer loop
      vertex -0.41411 20.9455 2.2
      vertex -8.58589 20.9455 2.2
      vertex -0.612293 20.8782 2.2
    endloop
  endfacet
  facet normal 0 0 1
    outer loop
      vertex -8.79116 20.9863 2.2
      vertex -34.455 35.17 2.2
      vertex -9 21 2.2
    endloop
  endfacet
  facet normal 0 0 1
    outer loop
      vertex -10.6 19.4 2.2
      vertex -16.4 19.4 2.2
      vertex -10.6 -19.4 2.2
    endloop
  endfacet
  facet normal 0 0 1
    outer loop
      vertex -10.5863 19.6088 2.2
      vertex -16.4 19.4 2.2
      vertex -10.6 19.4 2.2
    endloop
  endfacet
  facet normal 0 0 1
    outer loop
      vertex -16.4137 19.6088 2.2
      vertex -10.5863 19.6088 2.2
      vertex -10.5455 19.8141 2.2
    endloop
  endfacet
  facet normal 0 0 1
    outer loop
      vertex -16.4545 19.8141 2.2
      vertex -10.5455 19.8141 2.2
      vertex -10.4782 20.0123 2.2
    endloop
  endfacet
  facet normal 0 0 1
    outer loop
      vertex -16.5218 20.0123 2.2
      vertex -10.4782 20.0123 2.2
      vertex -10.3856 20.2 2.2
    endloop
  endfacet
  facet normal 0 0 1
    outer loop
      vertex -16.6144 20.2 2.2
      vertex -10.3856 20.2 2.2
      vertex -10.2694 20.374 2.2
    endloop
  endfacet
  facet normal 0 0 1
    outer loop
      vertex -16.7306 20.374 2.2
      vertex -10.2694 20.374 2.2
      vertex -10.1314 20.5314 2.2
    endloop
  endfacet
  facet normal 0 0 1
    outer loop
      vertex -16.8686 20.5314 2.2
      vertex -10.1314 20.5314 2.2
      vertex -9.97402 20.6694 2.2
    endloop
  endfacet
  facet normal 0 0 1
    outer loop
      vertex -17.026 20.6694 2.2
      vertex -9.97402 20.6694 2.2
      vertex -9.8 20.7856 2.2
    endloop
  endfacet
  facet normal 0 0 1
    outer loop
      vertex -17.2 20.7856 2.2
      vertex -9.8 20.7856 2.2
      vertex -9.61229 20.8782 2.2
    endloop
  endfacet
  facet normal 0 0 1
    outer loop
      vertex -9 21 2.2
      vertex -34.455 35.17 2.2
      vertex -9.20884 20.9863 2.2
    endloop
  endfacet
  facet normal 0 0 1
    outer loop
      vertex -10.5863 19.6088 2.2
      vertex -16.4137 19.6088 2.2
      vertex -16.4 19.4 2.2
    endloop
  endfacet
  facet normal 0 0 1
    outer loop
      vertex -10.5455 19.8141 2.2
      vertex -16.4545 19.8141 2.2
      vertex -16.4137 19.6088 2.2
    endloop
  endfacet
  facet normal 0 0 1
    outer loop
      vertex -10.4782 20.0123 2.2
      vertex -16.5218 20.0123 2.2
      vertex -16.4545 19.8141 2.2
    endloop
  endfacet
  facet normal 0 0 1
    outer loop
      vertex -10.3856 20.2 2.2
      vertex -16.6144 20.2 2.2
      vertex -16.5218 20.0123 2.2
    endloop
  endfacet
  facet normal 0 0 1
    outer loop
      vertex -10.2694 20.374 2.2
      vertex -16.7306 20.374 2.2
      vertex -16.6144 20.2 2.2
    endloop
  endfacet
  facet normal 0 0 1
    outer loop
      vertex -10.1314 20.5314 2.2
      vertex -16.8686 20.5314 2.2
      vertex -16.7306 20.374 2.2
    endloop
  endfacet
  facet normal 0 0 1
    outer loop
      vertex -9.97402 20.6694 2.2
      vertex -17.026 20.6694 2.2
      vertex -16.8686 20.5314 2.2
    endloop
  endfacet
  facet normal 0 0 1
    outer loop
      vertex -9.8 20.7856 2.2
      vertex -17.2 20.7856 2.2
      vertex -17.026 20.6694 2.2
    endloop
  endfacet
  facet normal 0 0 1
    outer loop
      vertex -9.61229 20.8782 2.2
      vertex -17.3877 20.8782 2.2
      vertex -17.2 20.7856 2.2
    endloop
  endfacet
  facet normal 0 0 1
    outer loop
      vertex -9.41411 20.9455 2.2
      vertex -17.5859 20.9455 2.2
      vertex -9.61229 20.8782 2.2
    endloop
  endfacet
  facet normal 0 0 1
    outer loop
      vertex -9.61229 20.8782 2.2
      vertex -17.5859 20.9455 2.2
      vertex -17.3877 20.8782 2.2
    endloop
  endfacet
  facet normal 0 0 1
    outer loop
      vertex -17.5859 20.9455 2.2
      vertex -34.455 35.17 2.2
      vertex -17.7912 20.9863 2.2
    endloop
  endfacet
  facet normal 0 0 1
    outer loop
      vertex -17.7912 20.9863 2.2
      vertex -34.455 35.17 2.2
      vertex -18 21 2.2
    endloop
  endfacet
  facet normal 0 0 1
    outer loop
      vertex -18 21 2.2
      vertex -34.455 35.17 2.2
      vertex -18.2088 20.9863 2.2
    endloop
  endfacet
  facet normal 0 0 1
    outer loop
      vertex -18.2088 20.9863 2.2
      vertex -34.455 35.17 2.2
      vertex -18.4141 20.9455 2.2
    endloop
  endfacet
  facet normal 0 0 1
    outer loop
      vertex -19.6 19.4 2.2
      vertex -25.4 19.4 2.2
      vertex -19.6 -19.4 2.2
    endloop
  endfacet
  facet normal 0 0 1
    outer loop
      vertex -19.5863 19.6088 2.2
      vertex -25.4 19.4 2.2
      vertex -19.6 19.4 2.2
    endloop
  endfacet
  facet normal 0 0 1
    outer loop
      vertex -25.4137 19.6088 2.2
      vertex -19.5863 19.6088 2.2
      vertex -19.5455 19.8141 2.2
    endloop
  endfacet
  facet normal 0 0 1
    outer loop
      vertex -25.4545 19.8141 2.2
      vertex -19.5455 19.8141 2.2
      vertex -19.4782 20.0123 2.2
    endloop
  endfacet
  facet normal 0 0 1
    outer loop
      vertex -25.5218 20.0123 2.2
      vertex -19.4782 20.0123 2.2
      vertex -19.3856 20.2 2.2
    endloop
  endfacet
  facet normal 0 0 1
    outer loop
      vertex -25.6144 20.2 2.2
      vertex -19.3856 20.2 2.2
      vertex -19.2694 20.374 2.2
    endloop
  endfacet
  facet normal 0 0 1
    outer loop
      vertex -25.7306 20.374 2.2
      vertex -19.2694 20.374 2.2
      vertex -19.1314 20.5314 2.2
    endloop
  endfacet
  facet normal 0 0 1
    outer loop
      vertex -25.8686 20.5314 2.2
      vertex -19.1314 20.5314 2.2
      vertex -18.974 20.6694 2.2
    endloop
  endfacet
  facet normal 0 0 1
    outer loop
      vertex -26.026 20.6694 2.2
      vertex -18.974 20.6694 2.2
      vertex -18.8 20.7856 2.2
    endloop
  endfacet
  facet normal 0 0 1
    outer loop
      vertex -26.2 20.7856 2.2
      vertex -18.8 20.7856 2.2
      vertex -18.6123 20.8782 2.2
    endloop
  endfacet
  facet normal 0 0 1
    outer loop
      vertex -18.4141 20.9455 2.2
      vertex -34.455 35.17 2.2
      vertex -18.6123 20.8782 2.2
    endloop
  endfacet
  facet normal 0 0 1
    outer loop
      vertex -19.5863 19.6088 2.2
      vertex -25.4137 19.6088 2.2
      vertex -25.4 19.4 2.2
    endloop
  endfacet
  facet normal 0 0 1
    outer loop
      vertex -19.5455 19.8141 2.2
      vertex -25.4545 19.8141 2.2
      vertex -25.4137 19.6088 2.2
    endloop
  endfacet
  facet normal 0 0 1
    outer loop
      vertex -19.4782 20.0123 2.2
      vertex -25.5218 20.0123 2.2
      vertex -25.4545 19.8141 2.2
    endloop
  endfacet
  facet normal 0 0 1
    outer loop
      vertex -19.3856 20.2 2.2
      vertex -25.6144 20.2 2.2
      vertex -25.5218 20.0123 2.2
    endloop
  endfacet
  facet normal 0 0 1
    outer loop
      vertex -19.2694 20.374 2.2
      vertex -25.7306 20.374 2.2
      vertex -25.6144 20.2 2.2
    endloop
  endfacet
  facet normal 0 0 1
    outer loop
      vertex -19.1314 20.5314 2.2
      vertex -25.8686 20.5314 2.2
      vertex -25.7306 20.374 2.2
    endloop
  endfacet
  facet normal 0 -0 1
    outer loop
      vertex -26.3877 20.8782 2.2
      vertex -18.6123 20.8782 2.2
      vertex -34.455 35.17 2.2
    endloop
  endfacet
  facet normal 0 0 1
    outer loop
      vertex -18.974 20.6694 2.2
      vertex -26.026 20.6694 2.2
      vertex -25.8686 20.5314 2.2
    endloop
  endfacet
  facet normal 0 0 1
    outer loop
      vertex -18.8 20.7856 2.2
      vertex -26.2 20.7856 2.2
      vertex -26.026 20.6694 2.2
    endloop
  endfacet
  facet normal 0 0 1
    outer loop
      vertex -18.6123 20.8782 2.2
      vertex -26.3877 20.8782 2.2
      vertex -26.2 20.7856 2.2
    endloop
  endfacet
  facet normal 0 0 1
    outer loop
      vertex -26.3877 20.8782 2.2
      vertex -34.455 35.17 2.2
      vertex -26.5859 20.9455 2.2
    endloop
  endfacet
  facet normal 0 0 1
    outer loop
      vertex -26.5859 20.9455 2.2
      vertex -34.455 35.17 2.2
      vertex -26.7912 20.9863 2.2
    endloop
  endfacet
  facet normal 0 0 1
    outer loop
      vertex -26.7912 20.9863 2.2
      vertex -34.455 35.17 2.2
      vertex -27 21 2.2
    endloop
  endfacet
  facet normal 0 0 1
    outer loop
      vertex -27 21 2.2
      vertex -34.455 35.17 2.2
      vertex -27.2088 20.9863 2.2
    endloop
  endfacet
  facet normal -0 0 1
    outer loop
      vertex -34.455 24.17 2.2
      vertex -27.2088 20.9863 2.2
      vertex -34.455 35.17 2.2
    endloop
  endfacet
  facet normal 0 0 1
    outer loop
      vertex -28.5455 19.8141 2.2
      vertex -34.455 20.78 2.2
      vertex -28.5863 19.6088 2.2
    endloop
  endfacet
  facet normal 0 0 1
    outer loop
      vertex -28.4782 20.0123 2.2
      vertex -34.455 20.78 2.2
      vertex -28.5455 19.8141 2.2
    endloop
  endfacet
  facet normal 0 0 1
    outer loop
      vertex -28.3856 20.2 2.2
      vertex -34.455 20.78 2.2
      vertex -28.4782 20.0123 2.2
    endloop
  endfacet
  facet normal 0 0 1
    outer loop
      vertex -28.2694 20.374 2.2
      vertex -34.455 20.78 2.2
      vertex -28.3856 20.2 2.2
    endloop
  endfacet
  facet normal -0 0 1
    outer loop
      vertex -34.455 20.78 2.2
      vertex -28.2694 20.374 2.2
      vertex -34.455 24.17 2.2
    endloop
  endfacet
  facet normal 0 0 1
    outer loop
      vertex -28.1314 20.5314 2.2
      vertex -34.455 24.17 2.2
      vertex -28.2694 20.374 2.2
    endloop
  endfacet
  facet normal 0 0 1
    outer loop
      vertex -27.974 20.6694 2.2
      vertex -34.455 24.17 2.2
      vertex -28.1314 20.5314 2.2
    endloop
  endfacet
  facet normal 0 0 1
    outer loop
      vertex -27.8 20.7856 2.2
      vertex -34.455 24.17 2.2
      vertex -27.974 20.6694 2.2
    endloop
  endfacet
  facet normal 0 0 1
    outer loop
      vertex -27.6123 20.8782 2.2
      vertex -34.455 24.17 2.2
      vertex -27.8 20.7856 2.2
    endloop
  endfacet
  facet normal 0 0 1
    outer loop
      vertex -27.4141 20.9455 2.2
      vertex -34.455 24.17 2.2
      vertex -27.6123 20.8782 2.2
    endloop
  endfacet
  facet normal 0 0 1
    outer loop
      vertex -27.2088 20.9863 2.2
      vertex -34.455 24.17 2.2
      vertex -27.4141 20.9455 2.2
    endloop
  endfacet
  facet normal 0 -0 1
    outer loop
      vertex -17.5859 20.9455 2.2
      vertex -9.41411 20.9455 2.2
      vertex -34.455 35.17 2.2
    endloop
  endfacet
  facet normal 0 0 1
    outer loop
      vertex -34.455 35.17 2.2
      vertex -40.4265 43.9046 2.2
      vertex -40.4 43.5 2.2
    endloop
  endfacet
  facet normal 0 0 1
    outer loop
      vertex -34.455 35.17 2.2
      vertex -40.5056 44.3023 2.2
      vertex -40.4265 43.9046 2.2
    endloop
  endfacet
  facet normal 0 0 1
    outer loop
      vertex -34.455 35.17 2.2
      vertex -40.636 44.6863 2.2
      vertex -40.5056 44.3023 2.2
    endloop
  endfacet
  facet normal 0 0 1
    outer loop
      vertex -9.20884 20.9863 2.2
      vertex -34.455 35.17 2.2
      vertex -9.41411 20.9455 2.2
    endloop
  endfacet
  facet normal 0 0 1
    outer loop
      vertex 41.0406 45.3872 2.2
      vertex -41.0406 45.3872 2.2
      vertex -40.8153 45.05 2.2
    endloop
  endfacet
  facet normal 0 0 1
    outer loop
      vertex 41.308 45.692 2.2
      vertex -41.308 45.692 2.2
      vertex -41.0406 45.3872 2.2
    endloop
  endfacet
  facet normal 0 0 1
    outer loop
      vertex 41.6128 45.9594 2.2
      vertex -41.6128 45.9594 2.2
      vertex -41.308 45.692 2.2
    endloop
  endfacet
  facet normal 0 -0 1
    outer loop
      vertex -41.6128 45.9594 2.2
      vertex 41.7185 46.03 2.2
      vertex -41.7185 46.03 2.2
    endloop
  endfacet
  facet normal -0 0 1
    outer loop
      vertex 45.9594 41.6128 2.2
      vertex 46.03 -41.7185 2.2
      vertex 46.03 41.7185 2.2
    endloop
  endfacet
  facet normal 0 0 1
    outer loop
      vertex 45.9594 41.6128 2.2
      vertex 45.9594 -41.6128 2.2
      vertex 46.03 -41.7185 2.2
    endloop
  endfacet
  facet normal -0 0 1
    outer loop
      vertex 45.692 41.308 2.2
      vertex 45.9594 -41.6128 2.2
      vertex 45.9594 41.6128 2.2
    endloop
  endfacet
  facet normal 0 0 1
    outer loop
      vertex 45.692 41.308 2.2
      vertex 45.692 -41.308 2.2
      vertex 45.9594 -41.6128 2.2
    endloop
  endfacet
  facet normal -0 0 1
    outer loop
      vertex 45.3872 41.0406 2.2
      vertex 45.692 -41.308 2.2
      vertex 45.692 41.308 2.2
    endloop
  endfacet
  facet normal 0 0 1
    outer loop
      vertex 45.3872 41.0406 2.2
      vertex 45.3872 -41.0406 2.2
      vertex 45.692 -41.308 2.2
    endloop
  endfacet
  facet normal 0 0 1
    outer loop
      vertex 28.6 19.4 2.2
      vertex 45.3872 41.0406 2.2
      vertex 45.05 40.8153 2.2
    endloop
  endfacet
  facet normal 0 0 1
    outer loop
      vertex 45.3872 41.0406 2.2
      vertex 28.6 19.4 2.2
      vertex 45.3872 -41.0406 2.2
    endloop
  endfacet
  facet normal 0 0 1
    outer loop
      vertex 28.6 19.4 2.2
      vertex 45.05 40.8153 2.2
      vertex 44.6863 40.636 2.2
    endloop
  endfacet
  facet normal -0 0 1
    outer loop
      vertex 28.6 -19.4 2.2
      vertex 45.3872 -41.0406 2.2
      vertex 28.6 19.4 2.2
    endloop
  endfacet
  facet normal 0 0 1
    outer loop
      vertex 28.6 19.4 2.2
      vertex 44.6863 40.636 2.2
      vertex 44.3023 40.5056 2.2
    endloop
  endfacet
  facet normal 0 0 1
    outer loop
      vertex 45.3872 -41.0406 2.2
      vertex 28.6 -19.4 2.2
      vertex 45.05 -40.8153 2.2
    endloop
  endfacet
  facet normal 0 0 1
    outer loop
      vertex 28.6 19.4 2.2
      vertex 44.3023 40.5056 2.2
      vertex 43.9046 40.4265 2.2
    endloop
  endfacet
  facet normal 0 0 1
    outer loop
      vertex 45.05 -40.8153 2.2
      vertex 28.6 -19.4 2.2
      vertex 44.6863 -40.636 2.2
    endloop
  endfacet
  facet normal 0 0 1
    outer loop
      vertex 28.6 19.4 2.2
      vertex 43.9046 40.4265 2.2
      vertex 43.5 40.4 2.2
    endloop
  endfacet
  facet normal 0 0 1
    outer loop
      vertex 44.6863 -40.636 2.2
      vertex 28.6 -19.4 2.2
      vertex 44.3023 -40.5056 2.2
    endloop
  endfacet
  facet normal 0 0 1
    outer loop
      vertex 28.6 19.4 2.2
      vertex 43.5 40.4 2.2
      vertex 43.0954 40.4265 2.2
    endloop
  endfacet
  facet normal -0 0 1
    outer loop
      vertex 28.5863 -19.6088 2.2
      vertex 44.3023 -40.5056 2.2
      vertex 28.6 -19.4 2.2
    endloop
  endfacet
  facet normal 0 0 1
    outer loop
      vertex 28.6 19.4 2.2
      vertex 43.0954 40.4265 2.2
      vertex 42.6977 40.5056 2.2
    endloop
  endfacet
  facet normal 0 0 1
    outer loop
      vertex 44.3023 -40.5056 2.2
      vertex 28.5863 -19.6088 2.2
      vertex 43.9046 -40.4265 2.2
    endloop
  endfacet
  facet normal 0 0 1
    outer loop
      vertex 28.6 19.4 2.2
      vertex 42.6977 40.5056 2.2
      vertex 42.3137 40.636 2.2
    endloop
  endfacet
  facet normal -0 0 1
    outer loop
      vertex 28.5455 -19.8141 2.2
      vertex 43.9046 -40.4265 2.2
      vertex 28.5863 -19.6088 2.2
    endloop
  endfacet
  facet normal 0 0 1
    outer loop
      vertex 28.6 19.4 2.2
      vertex 42.3137 40.636 2.2
      vertex 41.95 40.8153 2.2
    endloop
  endfacet
  facet normal 0 0 1
    outer loop
      vertex 43.9046 -40.4265 2.2
      vertex 28.5455 -19.8141 2.2
      vertex 43.5 -40.4 2.2
    endloop
  endfacet
  facet normal 0 0 1
    outer loop
      vertex 28.6 19.4 2.2
      vertex 41.95 40.8153 2.2
      vertex 41.6128 41.0406 2.2
    endloop
  endfacet
  facet normal -0 0 1
    outer loop
      vertex 28.4782 -20.0123 2.2
      vertex 43.5 -40.4 2.2
      vertex 28.5455 -19.8141 2.2
    endloop
  endfacet
  facet normal 0 0 1
    outer loop
      vertex 28.6 19.4 2.2
      vertex 41.6128 41.0406 2.2
      vertex 41.308 41.308 2.2
    endloop
  endfacet
  facet normal 0 0 1
    outer loop
      vertex 43.5 -40.4 2.2
      vertex 28.4782 -20.0123 2.2
      vertex 43.0954 -40.4265 2.2
    endloop
  endfacet
  facet normal 0 0 1
    outer loop
      vertex 28.6 19.4 2.2
      vertex 41.308 41.308 2.2
      vertex 41.0406 41.6128 2.2
    endloop
  endfacet
  facet normal -0 0 1
    outer loop
      vertex 28.3856 -20.2 2.2
      vertex 43.0954 -40.4265 2.2
      vertex 28.4782 -20.0123 2.2
    endloop
  endfacet
  facet normal 0 0 1
    outer loop
      vertex 28.6 19.4 2.2
      vertex 41.0406 41.6128 2.2
      vertex 40.8153 41.95 2.2
    endloop
  endfacet
  facet normal 0 0 1
    outer loop
      vertex 43.0954 -40.4265 2.2
      vertex 28.3856 -20.2 2.2
      vertex 42.6977 -40.5056 2.2
    endloop
  endfacet
  facet normal 0 0 1
    outer loop
      vertex 28.6 19.4 2.2
      vertex 40.8153 41.95 2.2
      vertex 40.636 42.3137 2.2
    endloop
  endfacet
  facet normal -0 0 1
    outer loop
      vertex 28.2694 -20.374 2.2
      vertex 42.6977 -40.5056 2.2
      vertex 28.3856 -20.2 2.2
    endloop
  endfacet
  facet normal 0 0 1
    outer loop
      vertex 28.6 19.4 2.2
      vertex 40.636 42.3137 2.2
      vertex 40.5056 42.6977 2.2
    endloop
  endfacet
  facet normal 0 0 1
    outer loop
      vertex 42.6977 -40.5056 2.2
      vertex 28.2694 -20.374 2.2
      vertex 42.3137 -40.636 2.2
    endloop
  endfacet
  facet normal 0 0 1
    outer loop
      vertex 28.6 19.4 2.2
      vertex 40.5056 42.6977 2.2
      vertex 40.4265 43.0954 2.2
    endloop
  endfacet
  facet normal -0 0 1
    outer loop
      vertex 28.1314 -20.5314 2.2
      vertex 42.3137 -40.636 2.2
      vertex 28.2694 -20.374 2.2
    endloop
  endfacet
  facet normal 0 0 1
    outer loop
      vertex 18.2088 20.9863 2.2
      vertex 40.4265 43.0954 2.2
      vertex 40.4 43.5 2.2
    endloop
  endfacet
  facet normal 0 0 1
    outer loop
      vertex 42.3137 -40.636 2.2
      vertex 28.1314 -20.5314 2.2
      vertex 41.95 -40.8153 2.2
    endloop
  endfacet
  facet normal 0 0 1
    outer loop
      vertex 41.95 -40.8153 2.2
      vertex 27.974 -20.6694 2.2
      vertex 41.6128 -41.0406 2.2
    endloop
  endfacet
  facet normal -0 0 1
    outer loop
      vertex 27.8 -20.7856 2.2
      vertex 41.6128 -41.0406 2.2
      vertex 27.974 -20.6694 2.2
    endloop
  endfacet
  facet normal 0 0 1
    outer loop
      vertex 41.6128 -41.0406 2.2
      vertex 27.8 -20.7856 2.2
      vertex 41.308 -41.308 2.2
    endloop
  endfacet
  facet normal -0 0 1
    outer loop
      vertex 27.6123 -20.8782 2.2
      vertex 41.308 -41.308 2.2
      vertex 27.8 -20.7856 2.2
    endloop
  endfacet
  facet normal 0 0 1
    outer loop
      vertex 41.308 -41.308 2.2
      vertex 27.6123 -20.8782 2.2
      vertex 41.0406 -41.6128 2.2
    endloop
  endfacet
  facet normal -0 0 1
    outer loop
      vertex 27.4141 -20.9455 2.2
      vertex 41.0406 -41.6128 2.2
      vertex 27.6123 -20.8782 2.2
    endloop
  endfacet
  facet normal -0 0 1
    outer loop
      vertex 27.2088 -20.9863 2.2
      vertex 41.0406 -41.6128 2.2
      vertex 27.4141 -20.9455 2.2
    endloop
  endfacet
  facet normal 0 0 1
    outer loop
      vertex 41.0406 -41.6128 2.2
      vertex 27.2088 -20.9863 2.2
      vertex 40.8153 -41.95 2.2
    endloop
  endfacet
  facet normal -0 0 1
    outer loop
      vertex 27 -21 2.2
      vertex 40.8153 -41.95 2.2
      vertex 27.2088 -20.9863 2.2
    endloop
  endfacet
  facet normal 0 0 1
    outer loop
      vertex 40.8153 -41.95 2.2
      vertex 27 -21 2.2
      vertex 40.636 -42.3137 2.2
    endloop
  endfacet
  facet normal 0 0 1
    outer loop
      vertex 26.7912 -20.9863 2.2
      vertex 40.636 -42.3137 2.2
      vertex 27 -21 2.2
    endloop
  endfacet
  facet normal 0 0 1
    outer loop
      vertex 40.636 -42.3137 2.2
      vertex 26.7912 -20.9863 2.2
      vertex 40.5056 -42.6977 2.2
    endloop
  endfacet
  facet normal 0 0 1
    outer loop
      vertex 26.5859 -20.9455 2.2
      vertex 40.5056 -42.6977 2.2
      vertex 26.7912 -20.9863 2.2
    endloop
  endfacet
  facet normal -0 0 1
    outer loop
      vertex 18.4141 -20.9455 2.2
      vertex 40.5056 -42.6977 2.2
      vertex 26.5859 -20.9455 2.2
    endloop
  endfacet
  facet normal 0 0 1
    outer loop
      vertex 40.5056 -42.6977 2.2
      vertex 18.4141 -20.9455 2.2
      vertex 40.4265 -43.0954 2.2
    endloop
  endfacet
  facet normal -0 0 1
    outer loop
      vertex 18.2088 -20.9863 2.2
      vertex 40.4265 -43.0954 2.2
      vertex 18.4141 -20.9455 2.2
    endloop
  endfacet
  facet normal 0 0 1
    outer loop
      vertex 40.4265 -43.0954 2.2
      vertex 18.2088 -20.9863 2.2
      vertex 40.4 -43.5 2.2
    endloop
  endfacet
  facet normal -0 0 1
    outer loop
      vertex 18 -21 2.2
      vertex 40.4 -43.5 2.2
      vertex 18.2088 -20.9863 2.2
    endloop
  endfacet
  facet normal 0 0 1
    outer loop
      vertex 40.4 -43.5 2.2
      vertex 18 -21 2.2
      vertex 40.4265 -43.9046 2.2
    endloop
  endfacet
  facet normal 0 0 1
    outer loop
      vertex 18.4141 -20.9455 2.2
      vertex 26.5859 -20.9455 2.2
      vertex 26.3877 -20.8782 2.2
    endloop
  endfacet
  facet normal 0 0 1
    outer loop
      vertex 18.6123 -20.8782 2.2
      vertex 26.3877 -20.8782 2.2
      vertex 26.2 -20.7856 2.2
    endloop
  endfacet
  facet normal 0 0 1
    outer loop
      vertex 18.8 -20.7856 2.2
      vertex 26.2 -20.7856 2.2
      vertex 26.026 -20.6694 2.2
    endloop
  endfacet
  facet normal 0 0 1
    outer loop
      vertex 18.974 -20.6694 2.2
      vertex 26.026 -20.6694 2.2
      vertex 25.8686 -20.5314 2.2
    endloop
  endfacet
  facet normal 0 0 1
    outer loop
      vertex 19.1314 -20.5314 2.2
      vertex 25.8686 -20.5314 2.2
      vertex 25.7306 -20.374 2.2
    endloop
  endfacet
  facet normal 0 0 1
    outer loop
      vertex 19.2694 -20.374 2.2
      vertex 25.7306 -20.374 2.2
      vertex 25.6144 -20.2 2.2
    endloop
  endfacet
  facet normal 0 0 1
    outer loop
      vertex 19.6 -19.4 2.2
      vertex 25.4 -19.4 2.2
      vertex 19.6 19.4 2.2
    endloop
  endfacet
  facet normal 0 0 1
    outer loop
      vertex 25.4 -19.4 2.2
      vertex 19.6 -19.4 2.2
      vertex 25.4137 -19.6088 2.2
    endloop
  endfacet
  facet normal 0 0 1
    outer loop
      vertex 19.5863 -19.6088 2.2
      vertex 25.4137 -19.6088 2.2
      vertex 19.6 -19.4 2.2
    endloop
  endfacet
  facet normal 0 0 1
    outer loop
      vertex 25.4137 -19.6088 2.2
      vertex 19.5863 -19.6088 2.2
      vertex 25.4545 -19.8141 2.2
    endloop
  endfacet
  facet normal 0 0 1
    outer loop
      vertex 19.5455 -19.8141 2.2
      vertex 25.4545 -19.8141 2.2
      vertex 19.5863 -19.6088 2.2
    endloop
  endfacet
  facet normal 0 0 1
    outer loop
      vertex 25.4545 -19.8141 2.2
      vertex 19.5455 -19.8141 2.2
      vertex 25.5218 -20.0123 2.2
    endloop
  endfacet
  facet normal 0 0 1
    outer loop
      vertex 19.4782 -20.0123 2.2
      vertex 25.5218 -20.0123 2.2
      vertex 19.5455 -19.8141 2.2
    endloop
  endfacet
  facet normal 0 0 1
    outer loop
      vertex 25.5218 -20.0123 2.2
      vertex 19.4782 -20.0123 2.2
      vertex 25.6144 -20.2 2.2
    endloop
  endfacet
  facet normal 0 0 1
    outer loop
      vertex 19.3856 -20.2 2.2
      vertex 25.6144 -20.2 2.2
      vertex 19.4782 -20.0123 2.2
    endloop
  endfacet
  facet normal 0 0 1
    outer loop
      vertex 19.2694 -20.374 2.2
      vertex 25.6144 -20.2 2.2
      vertex 19.3856 -20.2 2.2
    endloop
  endfacet
  facet normal 0 0 1
    outer loop
      vertex 25.7306 -20.374 2.2
      vertex 19.2694 -20.374 2.2
      vertex 19.1314 -20.5314 2.2
    endloop
  endfacet
  facet normal 0 0 1
    outer loop
      vertex 25.8686 -20.5314 2.2
      vertex 19.1314 -20.5314 2.2
      vertex 18.974 -20.6694 2.2
    endloop
  endfacet
  facet normal 0 0 1
    outer loop
      vertex 26.026 -20.6694 2.2
      vertex 18.974 -20.6694 2.2
      vertex 18.8 -20.7856 2.2
    endloop
  endfacet
  facet normal 0 0 1
    outer loop
      vertex 26.2 -20.7856 2.2
      vertex 18.8 -20.7856 2.2
      vertex 18.6123 -20.8782 2.2
    endloop
  endfacet
  facet normal 0 0 1
    outer loop
      vertex 26.3877 -20.8782 2.2
      vertex 18.6123 -20.8782 2.2
      vertex 18.4141 -20.9455 2.2
    endloop
  endfacet
  facet normal 0 0 1
    outer loop
      vertex 17.7912 -20.9863 2.2
      vertex 40.4265 -43.9046 2.2
      vertex 18 -21 2.2
    endloop
  endfacet
  facet normal -0 0 1
    outer loop
      vertex 9.20884 -20.9863 2.2
      vertex 40.4265 -43.9046 2.2
      vertex 17.7912 -20.9863 2.2
    endloop
  endfacet
  facet normal 0 0 1
    outer loop
      vertex 40.4265 -43.9046 2.2
      vertex 9.20884 -20.9863 2.2
      vertex 40.5056 -44.3023 2.2
    endloop
  endfacet
  facet normal -0 0 1
    outer loop
      vertex 9 -21 2.2
      vertex 40.5056 -44.3023 2.2
      vertex 9.20884 -20.9863 2.2
    endloop
  endfacet
  facet normal 0 0 1
    outer loop
      vertex 40.5056 -44.3023 2.2
      vertex 9 -21 2.2
      vertex 40.636 -44.6863 2.2
    endloop
  endfacet
  facet normal 0 0 1
    outer loop
      vertex 8.79116 -20.9863 2.2
      vertex 40.636 -44.6863 2.2
      vertex 9 -21 2.2
    endloop
  endfacet
  facet normal 0 0 1
    outer loop
      vertex 9.20884 -20.9863 2.2
      vertex 17.7912 -20.9863 2.2
      vertex 17.5859 -20.9455 2.2
    endloop
  endfacet
  facet normal 0 0 1
    outer loop
      vertex 9.41411 -20.9455 2.2
      vertex 17.5859 -20.9455 2.2
      vertex 17.3877 -20.8782 2.2
    endloop
  endfacet
  facet normal 0 0 1
    outer loop
      vertex 9.61229 -20.8782 2.2
      vertex 17.3877 -20.8782 2.2
      vertex 17.2 -20.7856 2.2
    endloop
  endfacet
  facet normal 0 0 1
    outer loop
      vertex 9.8 -20.7856 2.2
      vertex 17.2 -20.7856 2.2
      vertex 17.026 -20.6694 2.2
    endloop
  endfacet
  facet normal 0 0 1
    outer loop
      vertex 9.97402 -20.6694 2.2
      vertex 17.026 -20.6694 2.2
      vertex 16.8686 -20.5314 2.2
    endloop
  endfacet
  facet normal 0 0 1
    outer loop
      vertex 10.6 -19.4 2.2
      vertex 16.4 -19.4 2.2
      vertex 10.6 19.4 2.2
    endloop
  endfacet
  facet normal 0 0 1
    outer loop
      vertex 16.4 -19.4 2.2
      vertex 10.6 -19.4 2.2
      vertex 16.4137 -19.6088 2.2
    endloop
  endfacet
  facet normal 0 0 1
    outer loop
      vertex 10.5863 -19.6088 2.2
      vertex 16.4137 -19.6088 2.2
      vertex 10.6 -19.4 2.2
    endloop
  endfacet
  facet normal 0 0 1
    outer loop
      vertex 16.4137 -19.6088 2.2
      vertex 10.5863 -19.6088 2.2
      vertex 16.4545 -19.8141 2.2
    endloop
  endfacet
  facet normal 0 0 1
    outer loop
      vertex 10.5455 -19.8141 2.2
      vertex 16.4545 -19.8141 2.2
      vertex 10.5863 -19.6088 2.2
    endloop
  endfacet
  facet normal 0 0 1
    outer loop
      vertex 16.4545 -19.8141 2.2
      vertex 10.5455 -19.8141 2.2
      vertex 16.5218 -20.0123 2.2
    endloop
  endfacet
  facet normal 0 0 1
    outer loop
      vertex 10.4782 -20.0123 2.2
      vertex 16.5218 -20.0123 2.2
      vertex 10.5455 -19.8141 2.2
    endloop
  endfacet
  facet normal 0 0 1
    outer loop
      vertex 16.5218 -20.0123 2.2
      vertex 10.4782 -20.0123 2.2
      vertex 16.6144 -20.2 2.2
    endloop
  endfacet
  facet normal 0 0 1
    outer loop
      vertex 10.3856 -20.2 2.2
      vertex 16.6144 -20.2 2.2
      vertex 10.4782 -20.0123 2.2
    endloop
  endfacet
  facet normal 0 0 1
    outer loop
      vertex 16.6144 -20.2 2.2
      vertex 10.3856 -20.2 2.2
      vertex 16.7306 -20.374 2.2
    endloop
  endfacet
  facet normal 0 0 1
    outer loop
      vertex 10.2694 -20.374 2.2
      vertex 16.7306 -20.374 2.2
      vertex 10.3856 -20.2 2.2
    endloop
  endfacet
  facet normal 0 0 1
    outer loop
      vertex 16.7306 -20.374 2.2
      vertex 10.2694 -20.374 2.2
      vertex 16.8686 -20.5314 2.2
    endloop
  endfacet
  facet normal 0 0 1
    outer loop
      vertex 10.1314 -20.5314 2.2
      vertex 16.8686 -20.5314 2.2
      vertex 10.2694 -20.374 2.2
    endloop
  endfacet
  facet normal 0 0 1
    outer loop
      vertex 9.97402 -20.6694 2.2
      vertex 16.8686 -20.5314 2.2
      vertex 10.1314 -20.5314 2.2
    endloop
  endfacet
  facet normal 0 0 1
    outer loop
      vertex 17.026 -20.6694 2.2
      vertex 9.97402 -20.6694 2.2
      vertex 9.8 -20.7856 2.2
    endloop
  endfacet
  facet normal 0 0 1
    outer loop
      vertex 17.2 -20.7856 2.2
      vertex 9.8 -20.7856 2.2
      vertex 9.61229 -20.8782 2.2
    endloop
  endfacet
  facet normal 0 0 1
    outer loop
      vertex 17.3877 -20.8782 2.2
      vertex 9.61229 -20.8782 2.2
      vertex 9.41411 -20.9455 2.2
    endloop
  endfacet
  facet normal 0 0 1
    outer loop
      vertex 17.5859 -20.9455 2.2
      vertex 9.41411 -20.9455 2.2
      vertex 9.20884 -20.9863 2.2
    endloop
  endfacet
  facet normal -0 0 1
    outer loop
      vertex 0.208841 -20.9863 2.2
      vertex 40.636 -44.6863 2.2
      vertex 8.79116 -20.9863 2.2
    endloop
  endfacet
  facet normal -0 0 1
    outer loop
      vertex 0 -21 2.2
      vertex 40.636 -44.6863 2.2
      vertex 0.208841 -20.9863 2.2
    endloop
  endfacet
  facet normal 0 0 1
    outer loop
      vertex 40.636 -44.6863 2.2
      vertex 0 -21 2.2
      vertex 40.8153 -45.05 2.2
    endloop
  endfacet
  facet normal 0 0 1
    outer loop
      vertex -40.8153 -45.05 2.2
      vertex 40.8153 -45.05 2.2
      vertex 0 -21 2.2
    endloop
  endfacet
  facet normal 0 0 1
    outer loop
      vertex 0.208841 -20.9863 2.2
      vertex 8.79116 -20.9863 2.2
      vertex 8.58589 -20.9455 2.2
    endloop
  endfacet
  facet normal 0 0 1
    outer loop
      vertex 0.41411 -20.9455 2.2
      vertex 8.58589 -20.9455 2.2
      vertex 8.38771 -20.8782 2.2
    endloop
  endfacet
  facet normal 0 0 1
    outer loop
      vertex 0.612293 -20.8782 2.2
      vertex 8.38771 -20.8782 2.2
      vertex 8.2 -20.7856 2.2
    endloop
  endfacet
  facet normal 0 0 1
    outer loop
      vertex 0.799999 -20.7856 2.2
      vertex 8.2 -20.7856 2.2
      vertex 8.02598 -20.6694 2.2
    endloop
  endfacet
  facet normal 0 0 1
    outer loop
      vertex 1.6 -19.4 2.2
      vertex 7.4 -19.4 2.2
      vertex 1.6 19.4 2.2
    endloop
  endfacet
  facet normal 0 0 1
    outer loop
      vertex 7.4 -19.4 2.2
      vertex 1.6 -19.4 2.2
      vertex 7.41369 -19.6088 2.2
    endloop
  endfacet
  facet normal 0 0 1
    outer loop
      vertex 1.58631 -19.6088 2.2
      vertex 7.41369 -19.6088 2.2
      vertex 1.6 -19.4 2.2
    endloop
  endfacet
  facet normal 0 0 1
    outer loop
      vertex 7.41369 -19.6088 2.2
      vertex 1.58631 -19.6088 2.2
      vertex 7.45452 -19.8141 2.2
    endloop
  endfacet
  facet normal 0 0 1
    outer loop
      vertex 1.54548 -19.8141 2.2
      vertex 7.45452 -19.8141 2.2
      vertex 1.58631 -19.6088 2.2
    endloop
  endfacet
  facet normal 0 0 1
    outer loop
      vertex 7.45452 -19.8141 2.2
      vertex 1.54548 -19.8141 2.2
      vertex 7.52179 -20.0123 2.2
    endloop
  endfacet
  facet normal 0 0 1
    outer loop
      vertex 1.47821 -20.0123 2.2
      vertex 7.52179 -20.0123 2.2
      vertex 1.54548 -19.8141 2.2
    endloop
  endfacet
  facet normal 0 0 1
    outer loop
      vertex 7.52179 -20.0123 2.2
      vertex 1.47821 -20.0123 2.2
      vertex 7.61436 -20.2 2.2
    endloop
  endfacet
  facet normal 0 0 1
    outer loop
      vertex 1.38564 -20.2 2.2
      vertex 7.61436 -20.2 2.2
      vertex 1.47821 -20.0123 2.2
    endloop
  endfacet
  facet normal 0 0 1
    outer loop
      vertex 7.61436 -20.2 2.2
      vertex 1.38564 -20.2 2.2
      vertex 7.73063 -20.374 2.2
    endloop
  endfacet
  facet normal 0 0 1
    outer loop
      vertex 1.26937 -20.374 2.2
      vertex 7.73063 -20.374 2.2
      vertex 1.38564 -20.2 2.2
    endloop
  endfacet
  facet normal 0 0 1
    outer loop
      vertex 7.73063 -20.374 2.2
      vertex 1.26937 -20.374 2.2
      vertex 7.86863 -20.5314 2.2
    endloop
  endfacet
  facet normal 0 0 1
    outer loop
      vertex 1.13137 -20.5314 2.2
      vertex 7.86863 -20.5314 2.2
      vertex 1.26937 -20.374 2.2
    endloop
  endfacet
  facet normal 0 0 1
    outer loop
      vertex 7.86863 -20.5314 2.2
      vertex 1.13137 -20.5314 2.2
      vertex 8.02598 -20.6694 2.2
    endloop
  endfacet
  facet normal 0 0 1
    outer loop
      vertex 0.974018 -20.6694 2.2
      vertex 8.02598 -20.6694 2.2
      vertex 1.13137 -20.5314 2.2
    endloop
  endfacet
  facet normal 0 0 1
    outer loop
      vertex 0.799999 -20.7856 2.2
      vertex 8.02598 -20.6694 2.2
      vertex 0.974018 -20.6694 2.2
    endloop
  endfacet
  facet normal 0 0 1
    outer loop
      vertex 8.2 -20.7856 2.2
      vertex 0.799999 -20.7856 2.2
      vertex 0.612293 -20.8782 2.2
    endloop
  endfacet
  facet normal 0 0 1
    outer loop
      vertex 8.38771 -20.8782 2.2
      vertex 0.612293 -20.8782 2.2
      vertex 0.41411 -20.9455 2.2
    endloop
  endfacet
  facet normal 0 0 1
    outer loop
      vertex 8.58589 -20.9455 2.2
      vertex 0.41411 -20.9455 2.2
      vertex 0.208841 -20.9863 2.2
    endloop
  endfacet
  facet normal 0 0 1
    outer loop
      vertex 40.8153 -45.05 2.2
      vertex -40.8153 -45.05 2.2
      vertex 41.0406 -45.3872 2.2
    endloop
  endfacet
  facet normal 0 0 1
    outer loop
      vertex -41.0406 -45.3872 2.2
      vertex 41.0406 -45.3872 2.2
      vertex -40.8153 -45.05 2.2
    endloop
  endfacet
  facet normal 0 0 1
    outer loop
      vertex 41.0406 -45.3872 2.2
      vertex -41.0406 -45.3872 2.2
      vertex 41.308 -45.692 2.2
    endloop
  endfacet
  facet normal 0 0 1
    outer loop
      vertex -40.636 -44.6863 2.2
      vertex 0 -21 2.2
      vertex -0.208841 -20.9863 2.2
    endloop
  endfacet
  facet normal 0 0 1
    outer loop
      vertex -8.79116 -20.9863 2.2
      vertex -0.208841 -20.9863 2.2
      vertex -0.41411 -20.9455 2.2
    endloop
  endfacet
  facet normal 0 0 1
    outer loop
      vertex -8.58589 -20.9455 2.2
      vertex -0.41411 -20.9455 2.2
      vertex -0.612293 -20.8782 2.2
    endloop
  endfacet
  facet normal 0 0 1
    outer loop
      vertex -8.38771 -20.8782 2.2
      vertex -0.612293 -20.8782 2.2
      vertex -0.799999 -20.7856 2.2
    endloop
  endfacet
  facet normal 0 0 1
    outer loop
      vertex -7.4 -19.4 2.2
      vertex -1.6 -19.4 2.2
      vertex -7.4 19.4 2.2
    endloop
  endfacet
  facet normal 0 0 1
    outer loop
      vertex -1.6 -19.4 2.2
      vertex -7.4 -19.4 2.2
      vertex -1.58631 -19.6088 2.2
    endloop
  endfacet
  facet normal 0 0 1
    outer loop
      vertex -7.41369 -19.6088 2.2
      vertex -1.58631 -19.6088 2.2
      vertex -7.4 -19.4 2.2
    endloop
  endfacet
  facet normal 0 0 1
    outer loop
      vertex -1.58631 -19.6088 2.2
      vertex -7.41369 -19.6088 2.2
      vertex -1.54548 -19.8141 2.2
    endloop
  endfacet
  facet normal 0 0 1
    outer loop
      vertex -7.45452 -19.8141 2.2
      vertex -1.54548 -19.8141 2.2
      vertex -7.41369 -19.6088 2.2
    endloop
  endfacet
  facet normal 0 0 1
    outer loop
      vertex -1.54548 -19.8141 2.2
      vertex -7.45452 -19.8141 2.2
      vertex -1.47821 -20.0123 2.2
    endloop
  endfacet
  facet normal 0 0 1
    outer loop
      vertex -7.52179 -20.0123 2.2
      vertex -1.47821 -20.0123 2.2
      vertex -7.45452 -19.8141 2.2
    endloop
  endfacet
  facet normal 0 0 1
    outer loop
      vertex -1.47821 -20.0123 2.2
      vertex -7.52179 -20.0123 2.2
      vertex -1.38564 -20.2 2.2
    endloop
  endfacet
  facet normal 0 0 1
    outer loop
      vertex -7.61436 -20.2 2.2
      vertex -1.38564 -20.2 2.2
      vertex -7.52179 -20.0123 2.2
    endloop
  endfacet
  facet normal 0 0 1
    outer loop
      vertex -1.38564 -20.2 2.2
      vertex -7.61436 -20.2 2.2
      vertex -1.26937 -20.374 2.2
    endloop
  endfacet
  facet normal 0 0 1
    outer loop
      vertex -7.73063 -20.374 2.2
      vertex -1.26937 -20.374 2.2
      vertex -7.61436 -20.2 2.2
    endloop
  endfacet
  facet normal 0 0 1
    outer loop
      vertex -1.26937 -20.374 2.2
      vertex -7.73063 -20.374 2.2
      vertex -1.13137 -20.5314 2.2
    endloop
  endfacet
  facet normal 0 0 1
    outer loop
      vertex -7.86863 -20.5314 2.2
      vertex -1.13137 -20.5314 2.2
      vertex -7.73063 -20.374 2.2
    endloop
  endfacet
  facet normal 0 0 1
    outer loop
      vertex -1.13137 -20.5314 2.2
      vertex -7.86863 -20.5314 2.2
      vertex -0.974018 -20.6694 2.2
    endloop
  endfacet
  facet normal 0 0 1
    outer loop
      vertex -8.02598 -20.6694 2.2
      vertex -0.974018 -20.6694 2.2
      vertex -7.86863 -20.5314 2.2
    endloop
  endfacet
  facet normal 0 0 1
    outer loop
      vertex -0.974018 -20.6694 2.2
      vertex -8.02598 -20.6694 2.2
      vertex -0.799999 -20.7856 2.2
    endloop
  endfacet
  facet normal 0 0 1
    outer loop
      vertex -8.2 -20.7856 2.2
      vertex -0.799999 -20.7856 2.2
      vertex -8.02598 -20.6694 2.2
    endloop
  endfacet
  facet normal 0 0 1
    outer loop
      vertex -8.38771 -20.8782 2.2
      vertex -0.799999 -20.7856 2.2
      vertex -8.2 -20.7856 2.2
    endloop
  endfacet
  facet normal 0 0 1
    outer loop
      vertex -0.612293 -20.8782 2.2
      vertex -8.38771 -20.8782 2.2
      vertex -8.58589 -20.9455 2.2
    endloop
  endfacet
  facet normal 0 0 1
    outer loop
      vertex -0.41411 -20.9455 2.2
      vertex -8.58589 -20.9455 2.2
      vertex -8.79116 -20.9863 2.2
    endloop
  endfacet
  facet normal 0 0 1
    outer loop
      vertex -0.208841 -20.9863 2.2
      vertex -8.79116 -20.9863 2.2
      vertex -40.636 -44.6863 2.2
    endloop
  endfacet
  facet normal 0 0 1
    outer loop
      vertex -40.636 -44.6863 2.2
      vertex -8.79116 -20.9863 2.2
      vertex -9 -21 2.2
    endloop
  endfacet
  facet normal 0 0 1
    outer loop
      vertex -40.5056 -44.3023 2.2
      vertex -9 -21 2.2
      vertex -9.20884 -20.9863 2.2
    endloop
  endfacet
  facet normal 0 0 1
    outer loop
      vertex -17.7912 -20.9863 2.2
      vertex -9.20884 -20.9863 2.2
      vertex -9.41411 -20.9455 2.2
    endloop
  endfacet
  facet normal 0 0 1
    outer loop
      vertex -17.5859 -20.9455 2.2
      vertex -9.41411 -20.9455 2.2
      vertex -9.61229 -20.8782 2.2
    endloop
  endfacet
  facet normal 0 0 1
    outer loop
      vertex -16.4 -19.4 2.2
      vertex -10.6 -19.4 2.2
      vertex -16.4 19.4 2.2
    endloop
  endfacet
  facet normal 0 0 1
    outer loop
      vertex -10.6 -19.4 2.2
      vertex -16.4 -19.4 2.2
      vertex -10.5863 -19.6088 2.2
    endloop
  endfacet
  facet normal 0 0 1
    outer loop
      vertex -16.4137 -19.6088 2.2
      vertex -10.5863 -19.6088 2.2
      vertex -16.4 -19.4 2.2
    endloop
  endfacet
  facet normal 0 0 1
    outer loop
      vertex -10.5863 -19.6088 2.2
      vertex -16.4137 -19.6088 2.2
      vertex -10.5455 -19.8141 2.2
    endloop
  endfacet
  facet normal 0 0 1
    outer loop
      vertex -16.4545 -19.8141 2.2
      vertex -10.5455 -19.8141 2.2
      vertex -16.4137 -19.6088 2.2
    endloop
  endfacet
  facet normal 0 0 1
    outer loop
      vertex -10.5455 -19.8141 2.2
      vertex -16.4545 -19.8141 2.2
      vertex -10.4782 -20.0123 2.2
    endloop
  endfacet
  facet normal 0 0 1
    outer loop
      vertex -16.5218 -20.0123 2.2
      vertex -10.4782 -20.0123 2.2
      vertex -16.4545 -19.8141 2.2
    endloop
  endfacet
  facet normal 0 0 1
    outer loop
      vertex -10.4782 -20.0123 2.2
      vertex -16.5218 -20.0123 2.2
      vertex -10.3856 -20.2 2.2
    endloop
  endfacet
  facet normal 0 0 1
    outer loop
      vertex -16.6144 -20.2 2.2
      vertex -10.3856 -20.2 2.2
      vertex -16.5218 -20.0123 2.2
    endloop
  endfacet
  facet normal 0 0 1
    outer loop
      vertex -10.3856 -20.2 2.2
      vertex -16.6144 -20.2 2.2
      vertex -10.2694 -20.374 2.2
    endloop
  endfacet
  facet normal 0 0 1
    outer loop
      vertex -16.7306 -20.374 2.2
      vertex -10.2694 -20.374 2.2
      vertex -16.6144 -20.2 2.2
    endloop
  endfacet
  facet normal 0 0 1
    outer loop
      vertex -10.2694 -20.374 2.2
      vertex -16.7306 -20.374 2.2
      vertex -10.1314 -20.5314 2.2
    endloop
  endfacet
  facet normal 0 0 1
    outer loop
      vertex -16.8686 -20.5314 2.2
      vertex -10.1314 -20.5314 2.2
      vertex -16.7306 -20.374 2.2
    endloop
  endfacet
  facet normal 0 0 1
    outer loop
      vertex -10.1314 -20.5314 2.2
      vertex -16.8686 -20.5314 2.2
      vertex -9.97402 -20.6694 2.2
    endloop
  endfacet
  facet normal 0 0 1
    outer loop
      vertex -17.026 -20.6694 2.2
      vertex -9.97402 -20.6694 2.2
      vertex -16.8686 -20.5314 2.2
    endloop
  endfacet
  facet normal 0 0 1
    outer loop
      vertex -9.97402 -20.6694 2.2
      vertex -17.026 -20.6694 2.2
      vertex -9.8 -20.7856 2.2
    endloop
  endfacet
  facet normal 0 0 1
    outer loop
      vertex -17.2 -20.7856 2.2
      vertex -9.8 -20.7856 2.2
      vertex -17.026 -20.6694 2.2
    endloop
  endfacet
  facet normal 0 0 1
    outer loop
      vertex -9.8 -20.7856 2.2
      vertex -17.2 -20.7856 2.2
      vertex -9.61229 -20.8782 2.2
    endloop
  endfacet
  facet normal 0 0 1
    outer loop
      vertex -17.3877 -20.8782 2.2
      vertex -9.61229 -20.8782 2.2
      vertex -17.2 -20.7856 2.2
    endloop
  endfacet
  facet normal 0 0 1
    outer loop
      vertex -17.5859 -20.9455 2.2
      vertex -9.61229 -20.8782 2.2
      vertex -17.3877 -20.8782 2.2
    endloop
  endfacet
  facet normal 0 0 1
    outer loop
      vertex -9.41411 -20.9455 2.2
      vertex -17.5859 -20.9455 2.2
      vertex -17.7912 -20.9863 2.2
    endloop
  endfacet
  facet normal 0 0 1
    outer loop
      vertex -9.20884 -20.9863 2.2
      vertex -17.7912 -20.9863 2.2
      vertex -40.4265 -43.9046 2.2
    endloop
  endfacet
  facet normal 0 0 1
    outer loop
      vertex -40.4265 -43.9046 2.2
      vertex -17.7912 -20.9863 2.2
      vertex -18 -21 2.2
    endloop
  endfacet
  facet normal 0 0 1
    outer loop
      vertex -40.4 -43.5 2.2
      vertex -18 -21 2.2
      vertex -18.2088 -20.9863 2.2
    endloop
  endfacet
  facet normal 0 0 1
    outer loop
      vertex -40.4265 -43.0954 2.2
      vertex -18.2088 -20.9863 2.2
      vertex -18.4141 -20.9455 2.2
    endloop
  endfacet
  facet normal 0 0 1
    outer loop
      vertex -26.5859 -20.9455 2.2
      vertex -18.4141 -20.9455 2.2
      vertex -18.6123 -20.8782 2.2
    endloop
  endfacet
  facet normal 0 0 1
    outer loop
      vertex -25.4 -19.4 2.2
      vertex -19.6 -19.4 2.2
      vertex -25.4 19.4 2.2
    endloop
  endfacet
  facet normal 0 0 1
    outer loop
      vertex -19.6 -19.4 2.2
      vertex -25.4 -19.4 2.2
      vertex -19.5863 -19.6088 2.2
    endloop
  endfacet
  facet normal 0 0 1
    outer loop
      vertex -25.4137 -19.6088 2.2
      vertex -19.5863 -19.6088 2.2
      vertex -25.4 -19.4 2.2
    endloop
  endfacet
  facet normal 0 0 1
    outer loop
      vertex -19.5863 -19.6088 2.2
      vertex -25.4137 -19.6088 2.2
      vertex -19.5455 -19.8141 2.2
    endloop
  endfacet
  facet normal 0 0 1
    outer loop
      vertex -25.4545 -19.8141 2.2
      vertex -19.5455 -19.8141 2.2
      vertex -25.4137 -19.6088 2.2
    endloop
  endfacet
  facet normal 0 0 1
    outer loop
      vertex -19.5455 -19.8141 2.2
      vertex -25.4545 -19.8141 2.2
      vertex -19.4782 -20.0123 2.2
    endloop
  endfacet
  facet normal 0 0 1
    outer loop
      vertex -25.5218 -20.0123 2.2
      vertex -19.4782 -20.0123 2.2
      vertex -25.4545 -19.8141 2.2
    endloop
  endfacet
  facet normal 0 0 1
    outer loop
      vertex -19.4782 -20.0123 2.2
      vertex -25.5218 -20.0123 2.2
      vertex -19.3856 -20.2 2.2
    endloop
  endfacet
  facet normal 0 0 1
    outer loop
      vertex -25.6144 -20.2 2.2
      vertex -19.3856 -20.2 2.2
      vertex -25.5218 -20.0123 2.2
    endloop
  endfacet
  facet normal 0 0 1
    outer loop
      vertex -19.3856 -20.2 2.2
      vertex -25.6144 -20.2 2.2
      vertex -19.2694 -20.374 2.2
    endloop
  endfacet
  facet normal 0 0 1
    outer loop
      vertex -25.7306 -20.374 2.2
      vertex -19.2694 -20.374 2.2
      vertex -25.6144 -20.2 2.2
    endloop
  endfacet
  facet normal 0 0 1
    outer loop
      vertex -19.2694 -20.374 2.2
      vertex -25.7306 -20.374 2.2
      vertex -19.1314 -20.5314 2.2
    endloop
  endfacet
  facet normal 0 0 1
    outer loop
      vertex -25.8686 -20.5314 2.2
      vertex -19.1314 -20.5314 2.2
      vertex -25.7306 -20.374 2.2
    endloop
  endfacet
  facet normal 0 0 1
    outer loop
      vertex -19.1314 -20.5314 2.2
      vertex -25.8686 -20.5314 2.2
      vertex -18.974 -20.6694 2.2
    endloop
  endfacet
  facet normal 0 0 1
    outer loop
      vertex -26.026 -20.6694 2.2
      vertex -18.974 -20.6694 2.2
      vertex -25.8686 -20.5314 2.2
    endloop
  endfacet
  facet normal 0 0 1
    outer loop
      vertex -18.974 -20.6694 2.2
      vertex -26.026 -20.6694 2.2
      vertex -18.8 -20.7856 2.2
    endloop
  endfacet
  facet normal 0 0 1
    outer loop
      vertex -26.2 -20.7856 2.2
      vertex -18.8 -20.7856 2.2
      vertex -26.026 -20.6694 2.2
    endloop
  endfacet
  facet normal 0 0 1
    outer loop
      vertex -18.8 -20.7856 2.2
      vertex -26.2 -20.7856 2.2
      vertex -18.6123 -20.8782 2.2
    endloop
  endfacet
  facet normal 0 0 1
    outer loop
      vertex -26.3877 -20.8782 2.2
      vertex -18.6123 -20.8782 2.2
      vertex -26.2 -20.7856 2.2
    endloop
  endfacet
  facet normal 0 0 1
    outer loop
      vertex -26.5859 -20.9455 2.2
      vertex -18.6123 -20.8782 2.2
      vertex -26.3877 -20.8782 2.2
    endloop
  endfacet
  facet normal 0 0 1
    outer loop
      vertex -40.4265 -43.0954 2.2
      vertex -18.4141 -20.9455 2.2
      vertex -26.5859 -20.9455 2.2
    endloop
  endfacet
  facet normal 0 0 1
    outer loop
      vertex -40.4265 -43.0954 2.2
      vertex -26.5859 -20.9455 2.2
      vertex -26.7912 -20.9863 2.2
    endloop
  endfacet
  facet normal 0 0 1
    outer loop
      vertex -40.4265 -43.0954 2.2
      vertex -26.7912 -20.9863 2.2
      vertex -27 -21 2.2
    endloop
  endfacet
  facet normal 0 0 1
    outer loop
      vertex -40.4265 -43.0954 2.2
      vertex -27 -21 2.2
      vertex -27.2088 -20.9863 2.2
    endloop
  endfacet
  facet normal 0 0 1
    outer loop
      vertex -40.4265 -43.0954 2.2
      vertex -27.2088 -20.9863 2.2
      vertex -27.4141 -20.9455 2.2
    endloop
  endfacet
  facet normal 0 0 1
    outer loop
      vertex -40.4265 -43.0954 2.2
      vertex -27.4141 -20.9455 2.2
      vertex -27.6123 -20.8782 2.2
    endloop
  endfacet
  facet normal 0 0 1
    outer loop
      vertex -28.5863 19.6088 2.2
      vertex -34.455 20.78 2.2
      vertex -28.6 19.4 2.2
    endloop
  endfacet
  facet normal 0 0 1
    outer loop
      vertex -34.455 9.78 2.2
      vertex -28.6 19.4 2.2
      vertex -34.455 20.78 2.2
    endloop
  endfacet
  facet normal 0 0 1
    outer loop
      vertex -28.6 19.4 2.2
      vertex -34.455 9.78 2.2
      vertex -28.6 -19.4 2.2
    endloop
  endfacet
  facet normal -0 0 1
    outer loop
      vertex -46.03 9.78 2.2
      vertex -28.6 -19.4 2.2
      vertex -34.455 9.78 2.2
    endloop
  endfacet
  facet normal 0 0 1
    outer loop
      vertex -40.4265 -43.0954 2.2
      vertex -28.5863 -19.6088 2.2
      vertex -28.6 -19.4 2.2
    endloop
  endfacet
  facet normal 0 0 1
    outer loop
      vertex -40.4265 -43.0954 2.2
      vertex -28.5455 -19.8141 2.2
      vertex -28.5863 -19.6088 2.2
    endloop
  endfacet
  facet normal 0 0 1
    outer loop
      vertex -40.4265 -43.0954 2.2
      vertex -28.4782 -20.0123 2.2
      vertex -28.5455 -19.8141 2.2
    endloop
  endfacet
  facet normal 0 0 1
    outer loop
      vertex -40.4265 -43.0954 2.2
      vertex -28.3856 -20.2 2.2
      vertex -28.4782 -20.0123 2.2
    endloop
  endfacet
  facet normal 0 0 1
    outer loop
      vertex -40.4265 -43.0954 2.2
      vertex -28.2694 -20.374 2.2
      vertex -28.3856 -20.2 2.2
    endloop
  endfacet
  facet normal 0 0 1
    outer loop
      vertex -40.4265 -43.0954 2.2
      vertex -28.1314 -20.5314 2.2
      vertex -28.2694 -20.374 2.2
    endloop
  endfacet
  facet normal 0 0 1
    outer loop
      vertex -40.4265 -43.0954 2.2
      vertex -27.974 -20.6694 2.2
      vertex -28.1314 -20.5314 2.2
    endloop
  endfacet
  facet normal 0 0 1
    outer loop
      vertex -40.4265 -43.0954 2.2
      vertex -27.8 -20.7856 2.2
      vertex -27.974 -20.6694 2.2
    endloop
  endfacet
  facet normal 0 0 1
    outer loop
      vertex -40.4265 -43.0954 2.2
      vertex -27.6123 -20.8782 2.2
      vertex -27.8 -20.7856 2.2
    endloop
  endfacet
  facet normal 0 0 1
    outer loop
      vertex -18 -21 2.2
      vertex -40.4 -43.5 2.2
      vertex -40.4265 -43.9046 2.2
    endloop
  endfacet
  facet normal 0 0 1
    outer loop
      vertex -9.20884 -20.9863 2.2
      vertex -40.4265 -43.9046 2.2
      vertex -40.5056 -44.3023 2.2
    endloop
  endfacet
  facet normal 0 0 1
    outer loop
      vertex -9 -21 2.2
      vertex -40.5056 -44.3023 2.2
      vertex -40.636 -44.6863 2.2
    endloop
  endfacet
  facet normal 0 0 1
    outer loop
      vertex 0 -21 2.2
      vertex -40.636 -44.6863 2.2
      vertex -40.8153 -45.05 2.2
    endloop
  endfacet
  facet normal 0 0 1
    outer loop
      vertex -41.308 -45.692 2.2
      vertex 41.308 -45.692 2.2
      vertex -41.0406 -45.3872 2.2
    endloop
  endfacet
  facet normal 0 0 1
    outer loop
      vertex 41.308 -45.692 2.2
      vertex -41.308 -45.692 2.2
      vertex 41.6128 -45.9594 2.2
    endloop
  endfacet
  facet normal 0 0 1
    outer loop
      vertex -41.6128 -45.9594 2.2
      vertex 41.6128 -45.9594 2.2
      vertex -41.308 -45.692 2.2
    endloop
  endfacet
  facet normal 0 0 1
    outer loop
      vertex 41.6128 -45.9594 2.2
      vertex -41.6128 -45.9594 2.2
      vertex 41.7185 -46.03 2.2
    endloop
  endfacet
  facet normal 0 0 1
    outer loop
      vertex 41.7185 -46.03 2.2
      vertex -41.6128 -45.9594 2.2
      vertex -41.7185 -46.03 2.2
    endloop
  endfacet
  facet normal -0 0 1
    outer loop
      vertex -40.4265 43.0954 2.2
      vertex -34.455 35.17 2.2
      vertex -40.4 43.5 2.2
    endloop
  endfacet
  facet normal -0 0 1
    outer loop
      vertex -40.5056 42.6977 2.2
      vertex -34.455 35.17 2.2
      vertex -40.4265 43.0954 2.2
    endloop
  endfacet
  facet normal -0 0 1
    outer loop
      vertex -40.636 42.3137 2.2
      vertex -34.455 35.17 2.2
      vertex -40.5056 42.6977 2.2
    endloop
  endfacet
  facet normal -0 0 1
    outer loop
      vertex -40.8153 41.95 2.2
      vertex -34.455 35.17 2.2
      vertex -40.636 42.3137 2.2
    endloop
  endfacet
  facet normal -0 0 1
    outer loop
      vertex -41.0406 41.6128 2.2
      vertex -34.455 35.17 2.2
      vertex -40.8153 41.95 2.2
    endloop
  endfacet
  facet normal -0 0 1
    outer loop
      vertex -41.308 41.308 2.2
      vertex -34.455 35.17 2.2
      vertex -41.0406 41.6128 2.2
    endloop
  endfacet
  facet normal -0 0 1
    outer loop
      vertex -41.6128 41.0406 2.2
      vertex -34.455 35.17 2.2
      vertex -41.308 41.308 2.2
    endloop
  endfacet
  facet normal -0 0 1
    outer loop
      vertex -41.95 40.8153 2.2
      vertex -34.455 35.17 2.2
      vertex -41.6128 41.0406 2.2
    endloop
  endfacet
  facet normal -0 0 1
    outer loop
      vertex -42.3137 40.636 2.2
      vertex -34.455 35.17 2.2
      vertex -41.95 40.8153 2.2
    endloop
  endfacet
  facet normal 0 0 1
    outer loop
      vertex -46.03 35.17 2.2
      vertex -42.3137 40.636 2.2
      vertex -42.6977 40.5056 2.2
    endloop
  endfacet
  facet normal 0 0 1
    outer loop
      vertex -46.03 35.17 2.2
      vertex -42.6977 40.5056 2.2
      vertex -43.0954 40.4265 2.2
    endloop
  endfacet
  facet normal 0 0 1
    outer loop
      vertex -46.03 35.17 2.2
      vertex -43.0954 40.4265 2.2
      vertex -43.5 40.4 2.2
    endloop
  endfacet
  facet normal 0 0 1
    outer loop
      vertex -46.03 35.17 2.2
      vertex -43.5 40.4 2.2
      vertex -43.9046 40.4265 2.2
    endloop
  endfacet
  facet normal 0 0 1
    outer loop
      vertex -46.03 35.17 2.2
      vertex -43.9046 40.4265 2.2
      vertex -44.3023 40.5056 2.2
    endloop
  endfacet
  facet normal 0 0 1
    outer loop
      vertex -46.03 35.17 2.2
      vertex -44.3023 40.5056 2.2
      vertex -44.6863 40.636 2.2
    endloop
  endfacet
  facet normal 0 0 1
    outer loop
      vertex -46.03 35.17 2.2
      vertex -44.6863 40.636 2.2
      vertex -45.05 40.8153 2.2
    endloop
  endfacet
  facet normal 0 0 1
    outer loop
      vertex -42.3137 40.636 2.2
      vertex -46.03 35.17 2.2
      vertex -34.455 35.17 2.2
    endloop
  endfacet
  facet normal 0 0 1
    outer loop
      vertex -45.3872 41.0406 2.2
      vertex -46.03 35.17 2.2
      vertex -45.05 40.8153 2.2
    endloop
  endfacet
  facet normal 0 0 1
    outer loop
      vertex -45.692 41.308 2.2
      vertex -46.03 35.17 2.2
      vertex -45.3872 41.0406 2.2
    endloop
  endfacet
  facet normal 0 0 1
    outer loop
      vertex -45.9594 41.6128 2.2
      vertex -46.03 35.17 2.2
      vertex -45.692 41.308 2.2
    endloop
  endfacet
  facet normal 0 0 1
    outer loop
      vertex -46.03 35.17 2.2
      vertex -45.9594 41.6128 2.2
      vertex -46.03 41.7185 2.2
    endloop
  endfacet
  facet normal 0 0 1
    outer loop
      vertex -41.765 -43.2716 2.2
      vertex -41.765 -43.7284 2.2
      vertex -41.75 -43.5 2.2
    endloop
  endfacet
  facet normal 0 0 1
    outer loop
      vertex -41.8096 -43.0471 2.2
      vertex -41.765 -43.7284 2.2
      vertex -41.765 -43.2716 2.2
    endloop
  endfacet
  facet normal 0 0 1
    outer loop
      vertex -41.8096 -43.0471 2.2
      vertex -41.8096 -43.9529 2.2
      vertex -41.765 -43.7284 2.2
    endloop
  endfacet
  facet normal 0 0 1
    outer loop
      vertex -41.8832 -42.8303 2.2
      vertex -41.8096 -43.9529 2.2
      vertex -41.8096 -43.0471 2.2
    endloop
  endfacet
  facet normal 0 0 1
    outer loop
      vertex -41.8832 -42.8303 2.2
      vertex -41.8832 -44.1697 2.2
      vertex -41.8096 -43.9529 2.2
    endloop
  endfacet
  facet normal 0 0 1
    outer loop
      vertex -41.9845 -42.625 2.2
      vertex -41.8832 -44.1697 2.2
      vertex -41.8832 -42.8303 2.2
    endloop
  endfacet
  facet normal 0 0 1
    outer loop
      vertex -41.9845 -42.625 2.2
      vertex -41.9845 -44.375 2.2
      vertex -41.8832 -44.1697 2.2
    endloop
  endfacet
  facet normal 0 0 1
    outer loop
      vertex -42.1116 -42.4347 2.2
      vertex -41.9845 -44.375 2.2
      vertex -41.9845 -42.625 2.2
    endloop
  endfacet
  facet normal 0 0 1
    outer loop
      vertex -42.1116 -42.4347 2.2
      vertex -42.1116 -44.5653 2.2
      vertex -41.9845 -44.375 2.2
    endloop
  endfacet
  facet normal 0 0 1
    outer loop
      vertex -42.2626 -42.2626 2.2
      vertex -42.1116 -44.5653 2.2
      vertex -42.1116 -42.4347 2.2
    endloop
  endfacet
  facet normal 0 0 1
    outer loop
      vertex -42.2626 -42.2626 2.2
      vertex -42.2626 -44.7374 2.2
      vertex -42.1116 -44.5653 2.2
    endloop
  endfacet
  facet normal 0 0 1
    outer loop
      vertex -42.4347 -42.1116 2.2
      vertex -42.2626 -44.7374 2.2
      vertex -42.2626 -42.2626 2.2
    endloop
  endfacet
  facet normal 0 0 1
    outer loop
      vertex -42.4347 -42.1116 2.2
      vertex -42.4347 -44.8884 2.2
      vertex -42.2626 -44.7374 2.2
    endloop
  endfacet
  facet normal 0 0 1
    outer loop
      vertex -42.625 -41.9845 2.2
      vertex -42.4347 -44.8884 2.2
      vertex -42.4347 -42.1116 2.2
    endloop
  endfacet
  facet normal 0 0 1
    outer loop
      vertex -42.625 -41.9845 2.2
      vertex -42.625 -45.0155 2.2
      vertex -42.4347 -44.8884 2.2
    endloop
  endfacet
  facet normal 0 0 1
    outer loop
      vertex -42.8303 -41.8832 2.2
      vertex -42.625 -45.0155 2.2
      vertex -42.625 -41.9845 2.2
    endloop
  endfacet
  facet normal 0 0 1
    outer loop
      vertex -42.8303 -41.8832 2.2
      vertex -42.8303 -45.1168 2.2
      vertex -42.625 -45.0155 2.2
    endloop
  endfacet
  facet normal 0 0 1
    outer loop
      vertex -43.0471 -41.8096 2.2
      vertex -42.8303 -45.1168 2.2
      vertex -42.8303 -41.8832 2.2
    endloop
  endfacet
  facet normal 0 0 1
    outer loop
      vertex -43.0471 -41.8096 2.2
      vertex -43.0471 -45.1904 2.2
      vertex -42.8303 -45.1168 2.2
    endloop
  endfacet
  facet normal 0 0 1
    outer loop
      vertex -43.2716 -41.765 2.2
      vertex -43.0471 -45.1904 2.2
      vertex -43.0471 -41.8096 2.2
    endloop
  endfacet
  facet normal 0 0 1
    outer loop
      vertex -43.2716 -41.765 2.2
      vertex -43.2716 -45.235 2.2
      vertex -43.0471 -45.1904 2.2
    endloop
  endfacet
  facet normal 0 0 1
    outer loop
      vertex -43.5 -41.75 2.2
      vertex -43.2716 -45.235 2.2
      vertex -43.2716 -41.765 2.2
    endloop
  endfacet
  facet normal 0 0 1
    outer loop
      vertex -43.5 -41.75 2.2
      vertex -43.5 -45.25 2.2
      vertex -43.2716 -45.235 2.2
    endloop
  endfacet
  facet normal -0 0 1
    outer loop
      vertex -43.7284 -41.765 2.2
      vertex -43.5 -45.25 2.2
      vertex -43.5 -41.75 2.2
    endloop
  endfacet
  facet normal 0 0 1
    outer loop
      vertex -43.7284 -41.765 2.2
      vertex -43.7284 -45.235 2.2
      vertex -43.5 -45.25 2.2
    endloop
  endfacet
  facet normal -0 0 1
    outer loop
      vertex -43.9529 -41.8096 2.2
      vertex -43.7284 -45.235 2.2
      vertex -43.7284 -41.765 2.2
    endloop
  endfacet
  facet normal 0 0 1
    outer loop
      vertex -43.9529 -41.8096 2.2
      vertex -43.9529 -45.1904 2.2
      vertex -43.7284 -45.235 2.2
    endloop
  endfacet
  facet normal -0 0 1
    outer loop
      vertex -44.1697 -41.8832 2.2
      vertex -43.9529 -45.1904 2.2
      vertex -43.9529 -41.8096 2.2
    endloop
  endfacet
  facet normal 0 0 1
    outer loop
      vertex -44.1697 -41.8832 2.2
      vertex -44.1697 -45.1168 2.2
      vertex -43.9529 -45.1904 2.2
    endloop
  endfacet
  facet normal -0 0 1
    outer loop
      vertex -44.375 -41.9845 2.2
      vertex -44.1697 -45.1168 2.2
      vertex -44.1697 -41.8832 2.2
    endloop
  endfacet
  facet normal 0 0 1
    outer loop
      vertex -44.375 -41.9845 2.2
      vertex -44.375 -45.0155 2.2
      vertex -44.1697 -45.1168 2.2
    endloop
  endfacet
  facet normal -0 0 1
    outer loop
      vertex -44.5653 -42.1116 2.2
      vertex -44.375 -45.0155 2.2
      vertex -44.375 -41.9845 2.2
    endloop
  endfacet
  facet normal 0 0 1
    outer loop
      vertex -44.5653 -42.1116 2.2
      vertex -44.5653 -44.8884 2.2
      vertex -44.375 -45.0155 2.2
    endloop
  endfacet
  facet normal -0 0 1
    outer loop
      vertex -44.7374 -42.2626 2.2
      vertex -44.5653 -44.8884 2.2
      vertex -44.5653 -42.1116 2.2
    endloop
  endfacet
  facet normal 0 0 1
    outer loop
      vertex -44.7374 -42.2626 2.2
      vertex -44.7374 -44.7374 2.2
      vertex -44.5653 -44.8884 2.2
    endloop
  endfacet
  facet normal -0 0 1
    outer loop
      vertex -44.8884 -42.4347 2.2
      vertex -44.7374 -44.7374 2.2
      vertex -44.7374 -42.2626 2.2
    endloop
  endfacet
  facet normal 0 0 1
    outer loop
      vertex -44.8884 -42.4347 2.2
      vertex -44.8884 -44.5653 2.2
      vertex -44.7374 -44.7374 2.2
    endloop
  endfacet
  facet normal -0 0 1
    outer loop
      vertex -45.0155 -42.625 2.2
      vertex -44.8884 -44.5653 2.2
      vertex -44.8884 -42.4347 2.2
    endloop
  endfacet
  facet normal 0 0 1
    outer loop
      vertex -45.0155 -42.625 2.2
      vertex -45.0155 -44.375 2.2
      vertex -44.8884 -44.5653 2.2
    endloop
  endfacet
  facet normal -0 0 1
    outer loop
      vertex -45.1168 -42.8303 2.2
      vertex -45.0155 -44.375 2.2
      vertex -45.0155 -42.625 2.2
    endloop
  endfacet
  facet normal 0 0 1
    outer loop
      vertex -45.1168 -42.8303 2.2
      vertex -45.1168 -44.1697 2.2
      vertex -45.0155 -44.375 2.2
    endloop
  endfacet
  facet normal -0 0 1
    outer loop
      vertex -45.1904 -43.0471 2.2
      vertex -45.1168 -44.1697 2.2
      vertex -45.1168 -42.8303 2.2
    endloop
  endfacet
  facet normal 0 0 1
    outer loop
      vertex -45.1904 -43.0471 2.2
      vertex -45.1904 -43.9529 2.2
      vertex -45.1168 -44.1697 2.2
    endloop
  endfacet
  facet normal -0 0 1
    outer loop
      vertex -45.235 -43.2716 2.2
      vertex -45.1904 -43.9529 2.2
      vertex -45.1904 -43.0471 2.2
    endloop
  endfacet
  facet normal 0 0 1
    outer loop
      vertex -45.235 -43.2716 2.2
      vertex -45.235 -43.7284 2.2
      vertex -45.1904 -43.9529 2.2
    endloop
  endfacet
  facet normal 0 -0 1
    outer loop
      vertex -45.235 -43.7284 2.2
      vertex -45.235 -43.2716 2.2
      vertex -45.25 -43.5 2.2
    endloop
  endfacet
  facet normal 0 0 1
    outer loop
      vertex -41.765 43.7284 2.2
      vertex -41.765 43.2716 2.2
      vertex -41.75 43.5 2.2
    endloop
  endfacet
  facet normal 0 0 1
    outer loop
      vertex -41.8096 43.9529 2.2
      vertex -41.765 43.2716 2.2
      vertex -41.765 43.7284 2.2
    endloop
  endfacet
  facet normal 0 0 1
    outer loop
      vertex -41.8096 43.9529 2.2
      vertex -41.8096 43.0471 2.2
      vertex -41.765 43.2716 2.2
    endloop
  endfacet
  facet normal 0 0 1
    outer loop
      vertex -41.8832 44.1697 2.2
      vertex -41.8096 43.0471 2.2
      vertex -41.8096 43.9529 2.2
    endloop
  endfacet
  facet normal 0 0 1
    outer loop
      vertex -41.8832 44.1697 2.2
      vertex -41.8832 42.8303 2.2
      vertex -41.8096 43.0471 2.2
    endloop
  endfacet
  facet normal 0 0 1
    outer loop
      vertex -41.9845 44.375 2.2
      vertex -41.8832 42.8303 2.2
      vertex -41.8832 44.1697 2.2
    endloop
  endfacet
  facet normal 0 0 1
    outer loop
      vertex -41.9845 44.375 2.2
      vertex -41.9845 42.625 2.2
      vertex -41.8832 42.8303 2.2
    endloop
  endfacet
  facet normal 0 0 1
    outer loop
      vertex -42.1116 44.5653 2.2
      vertex -41.9845 42.625 2.2
      vertex -41.9845 44.375 2.2
    endloop
  endfacet
  facet normal 0 0 1
    outer loop
      vertex -42.1116 44.5653 2.2
      vertex -42.1116 42.4347 2.2
      vertex -41.9845 42.625 2.2
    endloop
  endfacet
  facet normal 0 0 1
    outer loop
      vertex -42.2626 44.7374 2.2
      vertex -42.1116 42.4347 2.2
      vertex -42.1116 44.5653 2.2
    endloop
  endfacet
  facet normal 0 0 1
    outer loop
      vertex -42.2626 44.7374 2.2
      vertex -42.2626 42.2626 2.2
      vertex -42.1116 42.4347 2.2
    endloop
  endfacet
  facet normal 0 0 1
    outer loop
      vertex -42.4347 44.8884 2.2
      vertex -42.2626 42.2626 2.2
      vertex -42.2626 44.7374 2.2
    endloop
  endfacet
  facet normal 0 0 1
    outer loop
      vertex -42.4347 44.8884 2.2
      vertex -42.4347 42.1116 2.2
      vertex -42.2626 42.2626 2.2
    endloop
  endfacet
  facet normal 0 0 1
    outer loop
      vertex -42.625 45.0155 2.2
      vertex -42.4347 42.1116 2.2
      vertex -42.4347 44.8884 2.2
    endloop
  endfacet
  facet normal 0 0 1
    outer loop
      vertex -42.625 45.0155 2.2
      vertex -42.625 41.9845 2.2
      vertex -42.4347 42.1116 2.2
    endloop
  endfacet
  facet normal 0 0 1
    outer loop
      vertex -42.8303 45.1168 2.2
      vertex -42.625 41.9845 2.2
      vertex -42.625 45.0155 2.2
    endloop
  endfacet
  facet normal 0 0 1
    outer loop
      vertex -42.8303 45.1168 2.2
      vertex -42.8303 41.8832 2.2
      vertex -42.625 41.9845 2.2
    endloop
  endfacet
  facet normal 0 0 1
    outer loop
      vertex -43.0471 45.1904 2.2
      vertex -42.8303 41.8832 2.2
      vertex -42.8303 45.1168 2.2
    endloop
  endfacet
  facet normal 0 0 1
    outer loop
      vertex -43.0471 45.1904 2.2
      vertex -43.0471 41.8096 2.2
      vertex -42.8303 41.8832 2.2
    endloop
  endfacet
  facet normal 0 0 1
    outer loop
      vertex -43.2716 45.235 2.2
      vertex -43.0471 41.8096 2.2
      vertex -43.0471 45.1904 2.2
    endloop
  endfacet
  facet normal 0 0 1
    outer loop
      vertex -43.2716 45.235 2.2
      vertex -43.2716 41.765 2.2
      vertex -43.0471 41.8096 2.2
    endloop
  endfacet
  facet normal 0 0 1
    outer loop
      vertex -43.5 45.25 2.2
      vertex -43.2716 41.765 2.2
      vertex -43.2716 45.235 2.2
    endloop
  endfacet
  facet normal 0 0 1
    outer loop
      vertex -43.5 45.25 2.2
      vertex -43.5 41.75 2.2
      vertex -43.2716 41.765 2.2
    endloop
  endfacet
  facet normal -0 0 1
    outer loop
      vertex -43.7284 45.235 2.2
      vertex -43.5 41.75 2.2
      vertex -43.5 45.25 2.2
    endloop
  endfacet
  facet normal 0 0 1
    outer loop
      vertex -43.7284 45.235 2.2
      vertex -43.7284 41.765 2.2
      vertex -43.5 41.75 2.2
    endloop
  endfacet
  facet normal -0 0 1
    outer loop
      vertex -43.9529 45.1904 2.2
      vertex -43.7284 41.765 2.2
      vertex -43.7284 45.235 2.2
    endloop
  endfacet
  facet normal 0 0 1
    outer loop
      vertex -43.9529 45.1904 2.2
      vertex -43.9529 41.8096 2.2
      vertex -43.7284 41.765 2.2
    endloop
  endfacet
  facet normal -0 0 1
    outer loop
      vertex -44.1697 45.1168 2.2
      vertex -43.9529 41.8096 2.2
      vertex -43.9529 45.1904 2.2
    endloop
  endfacet
  facet normal 0 0 1
    outer loop
      vertex -44.1697 45.1168 2.2
      vertex -44.1697 41.8832 2.2
      vertex -43.9529 41.8096 2.2
    endloop
  endfacet
  facet normal -0 0 1
    outer loop
      vertex -44.375 45.0155 2.2
      vertex -44.1697 41.8832 2.2
      vertex -44.1697 45.1168 2.2
    endloop
  endfacet
  facet normal 0 0 1
    outer loop
      vertex -44.375 45.0155 2.2
      vertex -44.375 41.9845 2.2
      vertex -44.1697 41.8832 2.2
    endloop
  endfacet
  facet normal -0 0 1
    outer loop
      vertex -44.5653 44.8884 2.2
      vertex -44.375 41.9845 2.2
      vertex -44.375 45.0155 2.2
    endloop
  endfacet
  facet normal 0 0 1
    outer loop
      vertex -44.5653 44.8884 2.2
      vertex -44.5653 42.1116 2.2
      vertex -44.375 41.9845 2.2
    endloop
  endfacet
  facet normal -0 0 1
    outer loop
      vertex -44.7374 44.7374 2.2
      vertex -44.5653 42.1116 2.2
      vertex -44.5653 44.8884 2.2
    endloop
  endfacet
  facet normal 0 0 1
    outer loop
      vertex -44.7374 44.7374 2.2
      vertex -44.7374 42.2626 2.2
      vertex -44.5653 42.1116 2.2
    endloop
  endfacet
  facet normal -0 0 1
    outer loop
      vertex -44.8884 44.5653 2.2
      vertex -44.7374 42.2626 2.2
      vertex -44.7374 44.7374 2.2
    endloop
  endfacet
  facet normal 0 0 1
    outer loop
      vertex -44.8884 44.5653 2.2
      vertex -44.8884 42.4347 2.2
      vertex -44.7374 42.2626 2.2
    endloop
  endfacet
  facet normal -0 0 1
    outer loop
      vertex -45.0155 44.375 2.2
      vertex -44.8884 42.4347 2.2
      vertex -44.8884 44.5653 2.2
    endloop
  endfacet
  facet normal 0 0 1
    outer loop
      vertex -45.0155 44.375 2.2
      vertex -45.0155 42.625 2.2
      vertex -44.8884 42.4347 2.2
    endloop
  endfacet
  facet normal -0 0 1
    outer loop
      vertex -45.1168 44.1697 2.2
      vertex -45.0155 42.625 2.2
      vertex -45.0155 44.375 2.2
    endloop
  endfacet
  facet normal 0 0 1
    outer loop
      vertex -45.1168 44.1697 2.2
      vertex -45.1168 42.8303 2.2
      vertex -45.0155 42.625 2.2
    endloop
  endfacet
  facet normal -0 0 1
    outer loop
      vertex -45.1904 43.9529 2.2
      vertex -45.1168 42.8303 2.2
      vertex -45.1168 44.1697 2.2
    endloop
  endfacet
  facet normal 0 0 1
    outer loop
      vertex -45.1904 43.9529 2.2
      vertex -45.1904 43.0471 2.2
      vertex -45.1168 42.8303 2.2
    endloop
  endfacet
  facet normal -0 0 1
    outer loop
      vertex -45.235 43.7284 2.2
      vertex -45.1904 43.0471 2.2
      vertex -45.1904 43.9529 2.2
    endloop
  endfacet
  facet normal 0 0 1
    outer loop
      vertex -45.235 43.7284 2.2
      vertex -45.235 43.2716 2.2
      vertex -45.1904 43.0471 2.2
    endloop
  endfacet
  facet normal 0 -0 1
    outer loop
      vertex -45.235 43.2716 2.2
      vertex -45.235 43.7284 2.2
      vertex -45.25 43.5 2.2
    endloop
  endfacet
  facet normal 0 0 1
    outer loop
      vertex 45.235 -43.2716 2.2
      vertex 45.235 -43.7284 2.2
      vertex 45.25 -43.5 2.2
    endloop
  endfacet
  facet normal 0 0 1
    outer loop
      vertex 45.1904 -43.0471 2.2
      vertex 45.235 -43.7284 2.2
      vertex 45.235 -43.2716 2.2
    endloop
  endfacet
  facet normal 0 0 1
    outer loop
      vertex 45.1904 -43.0471 2.2
      vertex 45.1904 -43.9529 2.2
      vertex 45.235 -43.7284 2.2
    endloop
  endfacet
  facet normal 0 0 1
    outer loop
      vertex 45.1168 -42.8303 2.2
      vertex 45.1904 -43.9529 2.2
      vertex 45.1904 -43.0471 2.2
    endloop
  endfacet
  facet normal 0 0 1
    outer loop
      vertex 45.1168 -42.8303 2.2
      vertex 45.1168 -44.1697 2.2
      vertex 45.1904 -43.9529 2.2
    endloop
  endfacet
  facet normal 0 0 1
    outer loop
      vertex 45.0155 -42.625 2.2
      vertex 45.1168 -44.1697 2.2
      vertex 45.1168 -42.8303 2.2
    endloop
  endfacet
  facet normal 0 0 1
    outer loop
      vertex 45.0155 -42.625 2.2
      vertex 45.0155 -44.375 2.2
      vertex 45.1168 -44.1697 2.2
    endloop
  endfacet
  facet normal 0 0 1
    outer loop
      vertex 44.8884 -42.4347 2.2
      vertex 45.0155 -44.375 2.2
      vertex 45.0155 -42.625 2.2
    endloop
  endfacet
  facet normal 0 0 1
    outer loop
      vertex 44.8884 -42.4347 2.2
      vertex 44.8884 -44.5653 2.2
      vertex 45.0155 -44.375 2.2
    endloop
  endfacet
  facet normal 0 0 1
    outer loop
      vertex 44.7374 -42.2626 2.2
      vertex 44.8884 -44.5653 2.2
      vertex 44.8884 -42.4347 2.2
    endloop
  endfacet
  facet normal 0 0 1
    outer loop
      vertex 44.7374 -42.2626 2.2
      vertex 44.7374 -44.7374 2.2
      vertex 44.8884 -44.5653 2.2
    endloop
  endfacet
  facet normal 0 0 1
    outer loop
      vertex 44.5653 -42.1116 2.2
      vertex 44.7374 -44.7374 2.2
      vertex 44.7374 -42.2626 2.2
    endloop
  endfacet
  facet normal 0 0 1
    outer loop
      vertex 44.5653 -42.1116 2.2
      vertex 44.5653 -44.8884 2.2
      vertex 44.7374 -44.7374 2.2
    endloop
  endfacet
  facet normal 0 0 1
    outer loop
      vertex 44.375 -41.9845 2.2
      vertex 44.5653 -44.8884 2.2
      vertex 44.5653 -42.1116 2.2
    endloop
  endfacet
  facet normal 0 0 1
    outer loop
      vertex 44.375 -41.9845 2.2
      vertex 44.375 -45.0155 2.2
      vertex 44.5653 -44.8884 2.2
    endloop
  endfacet
  facet normal 0 0 1
    outer loop
      vertex 44.1697 -41.8832 2.2
      vertex 44.375 -45.0155 2.2
      vertex 44.375 -41.9845 2.2
    endloop
  endfacet
  facet normal 0 0 1
    outer loop
      vertex 44.1697 -41.8832 2.2
      vertex 44.1697 -45.1168 2.2
      vertex 44.375 -45.0155 2.2
    endloop
  endfacet
  facet normal 0 0 1
    outer loop
      vertex 43.9529 -41.8096 2.2
      vertex 44.1697 -45.1168 2.2
      vertex 44.1697 -41.8832 2.2
    endloop
  endfacet
  facet normal 0 0 1
    outer loop
      vertex 43.9529 -41.8096 2.2
      vertex 43.9529 -45.1904 2.2
      vertex 44.1697 -45.1168 2.2
    endloop
  endfacet
  facet normal 0 0 1
    outer loop
      vertex 43.7284 -41.765 2.2
      vertex 43.9529 -45.1904 2.2
      vertex 43.9529 -41.8096 2.2
    endloop
  endfacet
  facet normal 0 0 1
    outer loop
      vertex 43.7284 -41.765 2.2
      vertex 43.7284 -45.235 2.2
      vertex 43.9529 -45.1904 2.2
    endloop
  endfacet
  facet normal 0 0 1
    outer loop
      vertex 43.5 -41.75 2.2
      vertex 43.7284 -45.235 2.2
      vertex 43.7284 -41.765 2.2
    endloop
  endfacet
  facet normal 0 0 1
    outer loop
      vertex 43.5 -41.75 2.2
      vertex 43.5 -45.25 2.2
      vertex 43.7284 -45.235 2.2
    endloop
  endfacet
  facet normal -0 0 1
    outer loop
      vertex 43.2716 -41.765 2.2
      vertex 43.5 -45.25 2.2
      vertex 43.5 -41.75 2.2
    endloop
  endfacet
  facet normal 0 0 1
    outer loop
      vertex 43.2716 -41.765 2.2
      vertex 43.2716 -45.235 2.2
      vertex 43.5 -45.25 2.2
    endloop
  endfacet
  facet normal -0 0 1
    outer loop
      vertex 43.0471 -41.8096 2.2
      vertex 43.2716 -45.235 2.2
      vertex 43.2716 -41.765 2.2
    endloop
  endfacet
  facet normal 0 0 1
    outer loop
      vertex 43.0471 -41.8096 2.2
      vertex 43.0471 -45.1904 2.2
      vertex 43.2716 -45.235 2.2
    endloop
  endfacet
  facet normal -0 0 1
    outer loop
      vertex 42.8303 -41.8832 2.2
      vertex 43.0471 -45.1904 2.2
      vertex 43.0471 -41.8096 2.2
    endloop
  endfacet
  facet normal 0 0 1
    outer loop
      vertex 42.8303 -41.8832 2.2
      vertex 42.8303 -45.1168 2.2
      vertex 43.0471 -45.1904 2.2
    endloop
  endfacet
  facet normal -0 0 1
    outer loop
      vertex 42.625 -41.9845 2.2
      vertex 42.8303 -45.1168 2.2
      vertex 42.8303 -41.8832 2.2
    endloop
  endfacet
  facet normal 0 0 1
    outer loop
      vertex 42.625 -41.9845 2.2
      vertex 42.625 -45.0155 2.2
      vertex 42.8303 -45.1168 2.2
    endloop
  endfacet
  facet normal -0 0 1
    outer loop
      vertex 42.4347 -42.1116 2.2
      vertex 42.625 -45.0155 2.2
      vertex 42.625 -41.9845 2.2
    endloop
  endfacet
  facet normal 0 0 1
    outer loop
      vertex 42.4347 -42.1116 2.2
      vertex 42.4347 -44.8884 2.2
      vertex 42.625 -45.0155 2.2
    endloop
  endfacet
  facet normal -0 0 1
    outer loop
      vertex 42.2626 -42.2626 2.2
      vertex 42.4347 -44.8884 2.2
      vertex 42.4347 -42.1116 2.2
    endloop
  endfacet
  facet normal 0 0 1
    outer loop
      vertex 42.2626 -42.2626 2.2
      vertex 42.2626 -44.7374 2.2
      vertex 42.4347 -44.8884 2.2
    endloop
  endfacet
  facet normal -0 0 1
    outer loop
      vertex 42.1116 -42.4347 2.2
      vertex 42.2626 -44.7374 2.2
      vertex 42.2626 -42.2626 2.2
    endloop
  endfacet
  facet normal 0 0 1
    outer loop
      vertex 42.1116 -42.4347 2.2
      vertex 42.1116 -44.5653 2.2
      vertex 42.2626 -44.7374 2.2
    endloop
  endfacet
  facet normal -0 0 1
    outer loop
      vertex 41.9845 -42.625 2.2
      vertex 42.1116 -44.5653 2.2
      vertex 42.1116 -42.4347 2.2
    endloop
  endfacet
  facet normal 0 0 1
    outer loop
      vertex 41.9845 -42.625 2.2
      vertex 41.9845 -44.375 2.2
      vertex 42.1116 -44.5653 2.2
    endloop
  endfacet
  facet normal -0 0 1
    outer loop
      vertex 41.8832 -42.8303 2.2
      vertex 41.9845 -44.375 2.2
      vertex 41.9845 -42.625 2.2
    endloop
  endfacet
  facet normal 0 0 1
    outer loop
      vertex 41.8832 -42.8303 2.2
      vertex 41.8832 -44.1697 2.2
      vertex 41.9845 -44.375 2.2
    endloop
  endfacet
  facet normal -0 0 1
    outer loop
      vertex 41.8096 -43.0471 2.2
      vertex 41.8832 -44.1697 2.2
      vertex 41.8832 -42.8303 2.2
    endloop
  endfacet
  facet normal 0 0 1
    outer loop
      vertex 41.8096 -43.0471 2.2
      vertex 41.8096 -43.9529 2.2
      vertex 41.8832 -44.1697 2.2
    endloop
  endfacet
  facet normal -0 0 1
    outer loop
      vertex 41.765 -43.2716 2.2
      vertex 41.8096 -43.9529 2.2
      vertex 41.8096 -43.0471 2.2
    endloop
  endfacet
  facet normal 0 0 1
    outer loop
      vertex 41.765 -43.2716 2.2
      vertex 41.765 -43.7284 2.2
      vertex 41.8096 -43.9529 2.2
    endloop
  endfacet
  facet normal 0 -0 1
    outer loop
      vertex 41.765 -43.7284 2.2
      vertex 41.765 -43.2716 2.2
      vertex 41.75 -43.5 2.2
    endloop
  endfacet
  facet normal 0 0 1
    outer loop
      vertex 45.235 43.7284 2.2
      vertex 45.235 43.2716 2.2
      vertex 45.25 43.5 2.2
    endloop
  endfacet
  facet normal 0 0 1
    outer loop
      vertex 45.1904 43.9529 2.2
      vertex 45.235 43.2716 2.2
      vertex 45.235 43.7284 2.2
    endloop
  endfacet
  facet normal 0 0 1
    outer loop
      vertex 45.1904 43.9529 2.2
      vertex 45.1904 43.0471 2.2
      vertex 45.235 43.2716 2.2
    endloop
  endfacet
  facet normal 0 0 1
    outer loop
      vertex 45.1168 44.1697 2.2
      vertex 45.1904 43.0471 2.2
      vertex 45.1904 43.9529 2.2
    endloop
  endfacet
  facet normal 0 0 1
    outer loop
      vertex 45.1168 44.1697 2.2
      vertex 45.1168 42.8303 2.2
      vertex 45.1904 43.0471 2.2
    endloop
  endfacet
  facet normal 0 0 1
    outer loop
      vertex 45.0155 44.375 2.2
      vertex 45.1168 42.8303 2.2
      vertex 45.1168 44.1697 2.2
    endloop
  endfacet
  facet normal 0 0 1
    outer loop
      vertex 45.0155 44.375 2.2
      vertex 45.0155 42.625 2.2
      vertex 45.1168 42.8303 2.2
    endloop
  endfacet
  facet normal 0 0 1
    outer loop
      vertex 44.8884 44.5653 2.2
      vertex 45.0155 42.625 2.2
      vertex 45.0155 44.375 2.2
    endloop
  endfacet
  facet normal 0 0 1
    outer loop
      vertex 44.8884 44.5653 2.2
      vertex 44.8884 42.4347 2.2
      vertex 45.0155 42.625 2.2
    endloop
  endfacet
  facet normal 0 0 1
    outer loop
      vertex 44.7374 44.7374 2.2
      vertex 44.8884 42.4347 2.2
      vertex 44.8884 44.5653 2.2
    endloop
  endfacet
  facet normal 0 0 1
    outer loop
      vertex 44.7374 44.7374 2.2
      vertex 44.7374 42.2626 2.2
      vertex 44.8884 42.4347 2.2
    endloop
  endfacet
  facet normal 0 0 1
    outer loop
      vertex 44.5653 44.8884 2.2
      vertex 44.7374 42.2626 2.2
      vertex 44.7374 44.7374 2.2
    endloop
  endfacet
  facet normal 0 0 1
    outer loop
      vertex 44.5653 44.8884 2.2
      vertex 44.5653 42.1116 2.2
      vertex 44.7374 42.2626 2.2
    endloop
  endfacet
  facet normal 0 0 1
    outer loop
      vertex 44.375 45.0155 2.2
      vertex 44.5653 42.1116 2.2
      vertex 44.5653 44.8884 2.2
    endloop
  endfacet
  facet normal 0 0 1
    outer loop
      vertex 44.375 45.0155 2.2
      vertex 44.375 41.9845 2.2
      vertex 44.5653 42.1116 2.2
    endloop
  endfacet
  facet normal 0 0 1
    outer loop
      vertex 44.1697 45.1168 2.2
      vertex 44.375 41.9845 2.2
      vertex 44.375 45.0155 2.2
    endloop
  endfacet
  facet normal 0 0 1
    outer loop
      vertex 44.1697 45.1168 2.2
      vertex 44.1697 41.8832 2.2
      vertex 44.375 41.9845 2.2
    endloop
  endfacet
  facet normal 0 0 1
    outer loop
      vertex 43.9529 45.1904 2.2
      vertex 44.1697 41.8832 2.2
      vertex 44.1697 45.1168 2.2
    endloop
  endfacet
  facet normal 0 0 1
    outer loop
      vertex 43.9529 45.1904 2.2
      vertex 43.9529 41.8096 2.2
      vertex 44.1697 41.8832 2.2
    endloop
  endfacet
  facet normal 0 0 1
    outer loop
      vertex 43.7284 45.235 2.2
      vertex 43.9529 41.8096 2.2
      vertex 43.9529 45.1904 2.2
    endloop
  endfacet
  facet normal 0 0 1
    outer loop
      vertex 43.7284 45.235 2.2
      vertex 43.7284 41.765 2.2
      vertex 43.9529 41.8096 2.2
    endloop
  endfacet
  facet normal 0 0 1
    outer loop
      vertex 43.5 45.25 2.2
      vertex 43.7284 41.765 2.2
      vertex 43.7284 45.235 2.2
    endloop
  endfacet
  facet normal 0 0 1
    outer loop
      vertex 43.5 45.25 2.2
      vertex 43.5 41.75 2.2
      vertex 43.7284 41.765 2.2
    endloop
  endfacet
  facet normal -0 0 1
    outer loop
      vertex 43.2716 45.235 2.2
      vertex 43.5 41.75 2.2
      vertex 43.5 45.25 2.2
    endloop
  endfacet
  facet normal 0 0 1
    outer loop
      vertex 43.2716 45.235 2.2
      vertex 43.2716 41.765 2.2
      vertex 43.5 41.75 2.2
    endloop
  endfacet
  facet normal -0 0 1
    outer loop
      vertex 43.0471 45.1904 2.2
      vertex 43.2716 41.765 2.2
      vertex 43.2716 45.235 2.2
    endloop
  endfacet
  facet normal 0 0 1
    outer loop
      vertex 43.0471 45.1904 2.2
      vertex 43.0471 41.8096 2.2
      vertex 43.2716 41.765 2.2
    endloop
  endfacet
  facet normal -0 0 1
    outer loop
      vertex 42.8303 45.1168 2.2
      vertex 43.0471 41.8096 2.2
      vertex 43.0471 45.1904 2.2
    endloop
  endfacet
  facet normal 0 0 1
    outer loop
      vertex 42.8303 45.1168 2.2
      vertex 42.8303 41.8832 2.2
      vertex 43.0471 41.8096 2.2
    endloop
  endfacet
  facet normal -0 0 1
    outer loop
      vertex 42.625 45.0155 2.2
      vertex 42.8303 41.8832 2.2
      vertex 42.8303 45.1168 2.2
    endloop
  endfacet
  facet normal 0 0 1
    outer loop
      vertex 42.625 45.0155 2.2
      vertex 42.625 41.9845 2.2
      vertex 42.8303 41.8832 2.2
    endloop
  endfacet
  facet normal -0 0 1
    outer loop
      vertex 42.4347 44.8884 2.2
      vertex 42.625 41.9845 2.2
      vertex 42.625 45.0155 2.2
    endloop
  endfacet
  facet normal 0 0 1
    outer loop
      vertex 42.4347 44.8884 2.2
      vertex 42.4347 42.1116 2.2
      vertex 42.625 41.9845 2.2
    endloop
  endfacet
  facet normal -0 0 1
    outer loop
      vertex 42.2626 44.7374 2.2
      vertex 42.4347 42.1116 2.2
      vertex 42.4347 44.8884 2.2
    endloop
  endfacet
  facet normal 0 0 1
    outer loop
      vertex 42.2626 44.7374 2.2
      vertex 42.2626 42.2626 2.2
      vertex 42.4347 42.1116 2.2
    endloop
  endfacet
  facet normal -0 0 1
    outer loop
      vertex 42.1116 44.5653 2.2
      vertex 42.2626 42.2626 2.2
      vertex 42.2626 44.7374 2.2
    endloop
  endfacet
  facet normal 0 0 1
    outer loop
      vertex 42.1116 44.5653 2.2
      vertex 42.1116 42.4347 2.2
      vertex 42.2626 42.2626 2.2
    endloop
  endfacet
  facet normal -0 0 1
    outer loop
      vertex 41.9845 44.375 2.2
      vertex 42.1116 42.4347 2.2
      vertex 42.1116 44.5653 2.2
    endloop
  endfacet
  facet normal 0 0 1
    outer loop
      vertex 41.9845 44.375 2.2
      vertex 41.9845 42.625 2.2
      vertex 42.1116 42.4347 2.2
    endloop
  endfacet
  facet normal -0 0 1
    outer loop
      vertex 41.8832 44.1697 2.2
      vertex 41.9845 42.625 2.2
      vertex 41.9845 44.375 2.2
    endloop
  endfacet
  facet normal 0 0 1
    outer loop
      vertex 41.8832 44.1697 2.2
      vertex 41.8832 42.8303 2.2
      vertex 41.9845 42.625 2.2
    endloop
  endfacet
  facet normal -0 0 1
    outer loop
      vertex 41.8096 43.9529 2.2
      vertex 41.8832 42.8303 2.2
      vertex 41.8832 44.1697 2.2
    endloop
  endfacet
  facet normal 0 0 1
    outer loop
      vertex 41.8096 43.9529 2.2
      vertex 41.8096 43.0471 2.2
      vertex 41.8832 42.8303 2.2
    endloop
  endfacet
  facet normal -0 0 1
    outer loop
      vertex 41.765 43.7284 2.2
      vertex 41.8096 43.0471 2.2
      vertex 41.8096 43.9529 2.2
    endloop
  endfacet
  facet normal 0 0 1
    outer loop
      vertex 41.765 43.7284 2.2
      vertex 41.765 43.2716 2.2
      vertex 41.8096 43.0471 2.2
    endloop
  endfacet
  facet normal 0 -0 1
    outer loop
      vertex 41.765 43.2716 2.2
      vertex 41.765 43.7284 2.2
      vertex 41.75 43.5 2.2
    endloop
  endfacet
  facet normal 0 0 -1
    outer loop
      vertex -47.13 20.78 0
      vertex -34.455 24.17 0
      vertex -34.455 20.78 0
    endloop
  endfacet
  facet normal -0 0 -1
    outer loop
      vertex -34.455 24.17 0
      vertex -47.13 20.78 0
      vertex -47.13 24.17 0
    endloop
  endfacet
  facet normal 0 0 -1
    outer loop
      vertex 45.15 -47.13 0
      vertex 47.13 -45.15 0
      vertex 47.1131 -45.4084 0
    endloop
  endfacet
  facet normal 0 0 -1
    outer loop
      vertex 47.13 -45.15 0
      vertex 28.6 -19.4 0
      vertex 47.13 45.15 0
    endloop
  endfacet
  facet normal 0 0 -1
    outer loop
      vertex 45.15 -47.13 0
      vertex 47.1131 -45.4084 0
      vertex 47.0625 -45.6625 0
    endloop
  endfacet
  facet normal 0 0 -1
    outer loop
      vertex 28.6 19.4 0
      vertex 47.13 45.15 0
      vertex 28.6 -19.4 0
    endloop
  endfacet
  facet normal 0 0 -1
    outer loop
      vertex 45.15 -47.13 0
      vertex 47.0625 -45.6625 0
      vertex 46.9793 -45.9077 0
    endloop
  endfacet
  facet normal 0 0 -1
    outer loop
      vertex 28.5863 19.6088 0
      vertex 47.13 45.15 0
      vertex 28.6 19.4 0
    endloop
  endfacet
  facet normal 0 0 -1
    outer loop
      vertex 45.15 -47.13 0
      vertex 46.9793 -45.9077 0
      vertex 46.8647 -46.14 0
    endloop
  endfacet
  facet normal 0 0 -1
    outer loop
      vertex 28.5455 19.8141 0
      vertex 47.13 45.15 0
      vertex 28.5863 19.6088 0
    endloop
  endfacet
  facet normal 0 0 -1
    outer loop
      vertex 45.15 -47.13 0
      vertex 46.8647 -46.14 0
      vertex 46.7208 -46.3553 0
    endloop
  endfacet
  facet normal 0 0 -1
    outer loop
      vertex 28.4782 20.0123 0
      vertex 47.13 45.15 0
      vertex 28.5455 19.8141 0
    endloop
  endfacet
  facet normal 0 0 -1
    outer loop
      vertex 45.15 -47.13 0
      vertex 46.7208 -46.3553 0
      vertex 46.5501 -46.5501 0
    endloop
  endfacet
  facet normal 0 0 -1
    outer loop
      vertex 28.3856 20.2 0
      vertex 47.13 45.15 0
      vertex 28.4782 20.0123 0
    endloop
  endfacet
  facet normal 0 0 -1
    outer loop
      vertex 45.15 -47.13 0
      vertex 46.5501 -46.5501 0
      vertex 46.3553 -46.7208 0
    endloop
  endfacet
  facet normal 0 0 -1
    outer loop
      vertex 28.2694 20.374 0
      vertex 47.13 45.15 0
      vertex 28.3856 20.2 0
    endloop
  endfacet
  facet normal 0 0 -1
    outer loop
      vertex 45.15 -47.13 0
      vertex 46.3553 -46.7208 0
      vertex 46.14 -46.8647 0
    endloop
  endfacet
  facet normal 0 0 -1
    outer loop
      vertex 28.1314 20.5314 0
      vertex 47.13 45.15 0
      vertex 28.2694 20.374 0
    endloop
  endfacet
  facet normal 0 0 -1
    outer loop
      vertex 45.15 -47.13 0
      vertex 46.14 -46.8647 0
      vertex 45.9077 -46.9793 0
    endloop
  endfacet
  facet normal 0 0 -1
    outer loop
      vertex 27.974 20.6694 0
      vertex 47.13 45.15 0
      vertex 28.1314 20.5314 0
    endloop
  endfacet
  facet normal 0 0 -1
    outer loop
      vertex 45.15 -47.13 0
      vertex 45.9077 -46.9793 0
      vertex 45.6625 -47.0625 0
    endloop
  endfacet
  facet normal 0 0 -1
    outer loop
      vertex 27.8 20.7856 0
      vertex 47.13 45.15 0
      vertex 27.974 20.6694 0
    endloop
  endfacet
  facet normal 0 0 -1
    outer loop
      vertex 45.15 -47.13 0
      vertex 45.6625 -47.0625 0
      vertex 45.4084 -47.1131 0
    endloop
  endfacet
  facet normal 0 -0 -1
    outer loop
      vertex 45.15 47.13 0
      vertex 47.13 45.15 0
      vertex 27.8 20.7856 0
    endloop
  endfacet
  facet normal -0 0 -1
    outer loop
      vertex 47.13 -45.15 0
      vertex 45.15 -47.13 0
      vertex 27.8 -20.7856 0
    endloop
  endfacet
  facet normal 0 0 -1
    outer loop
      vertex 47.1131 45.4084 0
      vertex 45.15 47.13 0
      vertex 47.0625 45.6625 0
    endloop
  endfacet
  facet normal 0 0 -1
    outer loop
      vertex 47.0625 45.6625 0
      vertex 45.15 47.13 0
      vertex 46.9793 45.9077 0
    endloop
  endfacet
  facet normal 0 0 -1
    outer loop
      vertex 47.13 -45.15 0
      vertex 28.5863 -19.6088 0
      vertex 28.6 -19.4 0
    endloop
  endfacet
  facet normal 0 0 -1
    outer loop
      vertex 47.13 -45.15 0
      vertex 28.5455 -19.8141 0
      vertex 28.5863 -19.6088 0
    endloop
  endfacet
  facet normal 0 0 -1
    outer loop
      vertex 47.13 -45.15 0
      vertex 28.4782 -20.0123 0
      vertex 28.5455 -19.8141 0
    endloop
  endfacet
  facet normal 0 0 -1
    outer loop
      vertex 47.13 -45.15 0
      vertex 28.3856 -20.2 0
      vertex 28.4782 -20.0123 0
    endloop
  endfacet
  facet normal 0 0 -1
    outer loop
      vertex 47.13 -45.15 0
      vertex 28.2694 -20.374 0
      vertex 28.3856 -20.2 0
    endloop
  endfacet
  facet normal 0 0 -1
    outer loop
      vertex 47.13 -45.15 0
      vertex 28.1314 -20.5314 0
      vertex 28.2694 -20.374 0
    endloop
  endfacet
  facet normal 0 0 -1
    outer loop
      vertex 47.13 -45.15 0
      vertex 27.974 -20.6694 0
      vertex 28.1314 -20.5314 0
    endloop
  endfacet
  facet normal 0 0 -1
    outer loop
      vertex 47.13 -45.15 0
      vertex 27.8 -20.7856 0
      vertex 27.974 -20.6694 0
    endloop
  endfacet
  facet normal 0 0 -1
    outer loop
      vertex 45.15 -47.13 0
      vertex 27.6123 -20.8782 0
      vertex 27.8 -20.7856 0
    endloop
  endfacet
  facet normal 0 0 -1
    outer loop
      vertex 45.15 -47.13 0
      vertex 27.4141 -20.9455 0
      vertex 27.6123 -20.8782 0
    endloop
  endfacet
  facet normal 0 0 -1
    outer loop
      vertex 45.15 -47.13 0
      vertex 27.2088 -20.9863 0
      vertex 27.4141 -20.9455 0
    endloop
  endfacet
  facet normal 0 0 -1
    outer loop
      vertex 45.15 -47.13 0
      vertex 27 -21 0
      vertex 27.2088 -20.9863 0
    endloop
  endfacet
  facet normal 0 0 -1
    outer loop
      vertex 45.15 -47.13 0
      vertex 26.7912 -20.9863 0
      vertex 27 -21 0
    endloop
  endfacet
  facet normal 0 0 -1
    outer loop
      vertex 18.2088 -20.9863 0
      vertex 26.7912 -20.9863 0
      vertex 45.15 -47.13 0
    endloop
  endfacet
  facet normal 0 0 -1
    outer loop
      vertex 26.7912 -20.9863 0
      vertex 18.2088 -20.9863 0
      vertex 26.5859 -20.9455 0
    endloop
  endfacet
  facet normal 0 0 -1
    outer loop
      vertex 26.5859 -20.9455 0
      vertex 18.4141 -20.9455 0
      vertex 26.3877 -20.8782 0
    endloop
  endfacet
  facet normal 0 -0 -1
    outer loop
      vertex 18.6123 -20.8782 0
      vertex 26.3877 -20.8782 0
      vertex 18.4141 -20.9455 0
    endloop
  endfacet
  facet normal 0 0 -1
    outer loop
      vertex 26.3877 -20.8782 0
      vertex 18.6123 -20.8782 0
      vertex 26.2 -20.7856 0
    endloop
  endfacet
  facet normal 0 -0 -1
    outer loop
      vertex 18.8 -20.7856 0
      vertex 26.2 -20.7856 0
      vertex 18.6123 -20.8782 0
    endloop
  endfacet
  facet normal 0 0 -1
    outer loop
      vertex 25.4 -19.4 0
      vertex 19.6 -19.4 0
      vertex 25.4 19.4 0
    endloop
  endfacet
  facet normal 0 0 -1
    outer loop
      vertex 25.4137 -19.6088 0
      vertex 19.6 -19.4 0
      vertex 25.4 -19.4 0
    endloop
  endfacet
  facet normal 0 0 -1
    outer loop
      vertex 19.5863 -19.6088 0
      vertex 25.4137 -19.6088 0
      vertex 25.4545 -19.8141 0
    endloop
  endfacet
  facet normal 0 0 -1
    outer loop
      vertex 19.5455 -19.8141 0
      vertex 25.4545 -19.8141 0
      vertex 25.5218 -20.0123 0
    endloop
  endfacet
  facet normal 0 0 -1
    outer loop
      vertex 19.4782 -20.0123 0
      vertex 25.5218 -20.0123 0
      vertex 25.6144 -20.2 0
    endloop
  endfacet
  facet normal 0 0 -1
    outer loop
      vertex 19.3856 -20.2 0
      vertex 25.6144 -20.2 0
      vertex 25.7306 -20.374 0
    endloop
  endfacet
  facet normal 0 0 -1
    outer loop
      vertex 26.2 -20.7856 0
      vertex 18.8 -20.7856 0
      vertex 26.026 -20.6694 0
    endloop
  endfacet
  facet normal 0 0 -1
    outer loop
      vertex 25.4137 -19.6088 0
      vertex 19.5863 -19.6088 0
      vertex 19.6 -19.4 0
    endloop
  endfacet
  facet normal 0 0 -1
    outer loop
      vertex 25.4545 -19.8141 0
      vertex 19.5455 -19.8141 0
      vertex 19.5863 -19.6088 0
    endloop
  endfacet
  facet normal 0 0 -1
    outer loop
      vertex 25.5218 -20.0123 0
      vertex 19.4782 -20.0123 0
      vertex 19.5455 -19.8141 0
    endloop
  endfacet
  facet normal 0 0 -1
    outer loop
      vertex 25.6144 -20.2 0
      vertex 19.3856 -20.2 0
      vertex 19.4782 -20.0123 0
    endloop
  endfacet
  facet normal 0 0 -1
    outer loop
      vertex 25.7306 -20.374 0
      vertex 19.2694 -20.374 0
      vertex 19.3856 -20.2 0
    endloop
  endfacet
  facet normal -0 0 -1
    outer loop
      vertex 25.7306 -20.374 0
      vertex 19.1314 -20.5314 0
      vertex 19.2694 -20.374 0
    endloop
  endfacet
  facet normal 0 0 -1
    outer loop
      vertex 25.8686 -20.5314 0
      vertex 19.1314 -20.5314 0
      vertex 25.7306 -20.374 0
    endloop
  endfacet
  facet normal 0 -0 -1
    outer loop
      vertex 19.1314 -20.5314 0
      vertex 25.8686 -20.5314 0
      vertex 18.974 -20.6694 0
    endloop
  endfacet
  facet normal 0 0 -1
    outer loop
      vertex 26.026 -20.6694 0
      vertex 18.974 -20.6694 0
      vertex 25.8686 -20.5314 0
    endloop
  endfacet
  facet normal 0 -0 -1
    outer loop
      vertex 18.974 -20.6694 0
      vertex 26.026 -20.6694 0
      vertex 18.8 -20.7856 0
    endloop
  endfacet
  facet normal -0 0 -1
    outer loop
      vertex 26.5859 -20.9455 0
      vertex 18.2088 -20.9863 0
      vertex 18.4141 -20.9455 0
    endloop
  endfacet
  facet normal 0 0 -1
    outer loop
      vertex 45.15 -47.13 0
      vertex 18 -21 0
      vertex 18.2088 -20.9863 0
    endloop
  endfacet
  facet normal 0 0 -1
    outer loop
      vertex 45.15 -47.13 0
      vertex 17.7912 -20.9863 0
      vertex 18 -21 0
    endloop
  endfacet
  facet normal 0 0 -1
    outer loop
      vertex 9.20884 -20.9863 0
      vertex 17.7912 -20.9863 0
      vertex 45.15 -47.13 0
    endloop
  endfacet
  facet normal 0 0 -1
    outer loop
      vertex 17.7912 -20.9863 0
      vertex 9.20884 -20.9863 0
      vertex 17.5859 -20.9455 0
    endloop
  endfacet
  facet normal 0 -0 -1
    outer loop
      vertex 9.41411 -20.9455 0
      vertex 17.5859 -20.9455 0
      vertex 9.20884 -20.9863 0
    endloop
  endfacet
  facet normal 0 0 -1
    outer loop
      vertex 17.5859 -20.9455 0
      vertex 9.41411 -20.9455 0
      vertex 17.3877 -20.8782 0
    endloop
  endfacet
  facet normal 0 -0 -1
    outer loop
      vertex 9.61229 -20.8782 0
      vertex 17.3877 -20.8782 0
      vertex 9.41411 -20.9455 0
    endloop
  endfacet
  facet normal 0 0 -1
    outer loop
      vertex 16.4 -19.4 0
      vertex 10.6 -19.4 0
      vertex 16.4 19.4 0
    endloop
  endfacet
  facet normal 0 0 -1
    outer loop
      vertex 16.4137 -19.6088 0
      vertex 10.6 -19.4 0
      vertex 16.4 -19.4 0
    endloop
  endfacet
  facet normal 0 0 -1
    outer loop
      vertex 10.5863 -19.6088 0
      vertex 16.4137 -19.6088 0
      vertex 16.4545 -19.8141 0
    endloop
  endfacet
  facet normal 0 0 -1
    outer loop
      vertex 10.5455 -19.8141 0
      vertex 16.4545 -19.8141 0
      vertex 16.5218 -20.0123 0
    endloop
  endfacet
  facet normal 0 0 -1
    outer loop
      vertex 10.4782 -20.0123 0
      vertex 16.5218 -20.0123 0
      vertex 16.6144 -20.2 0
    endloop
  endfacet
  facet normal 0 0 -1
    outer loop
      vertex 10.3856 -20.2 0
      vertex 16.6144 -20.2 0
      vertex 16.7306 -20.374 0
    endloop
  endfacet
  facet normal 0 0 -1
    outer loop
      vertex 10.2694 -20.374 0
      vertex 16.7306 -20.374 0
      vertex 16.8686 -20.5314 0
    endloop
  endfacet
  facet normal 0 0 -1
    outer loop
      vertex 17.3877 -20.8782 0
      vertex 9.61229 -20.8782 0
      vertex 17.2 -20.7856 0
    endloop
  endfacet
  facet normal 0 0 -1
    outer loop
      vertex 16.4137 -19.6088 0
      vertex 10.5863 -19.6088 0
      vertex 10.6 -19.4 0
    endloop
  endfacet
  facet normal 0 0 -1
    outer loop
      vertex 16.4545 -19.8141 0
      vertex 10.5455 -19.8141 0
      vertex 10.5863 -19.6088 0
    endloop
  endfacet
  facet normal 0 0 -1
    outer loop
      vertex 16.5218 -20.0123 0
      vertex 10.4782 -20.0123 0
      vertex 10.5455 -19.8141 0
    endloop
  endfacet
  facet normal 0 0 -1
    outer loop
      vertex 16.6144 -20.2 0
      vertex 10.3856 -20.2 0
      vertex 10.4782 -20.0123 0
    endloop
  endfacet
  facet normal 0 0 -1
    outer loop
      vertex 16.7306 -20.374 0
      vertex 10.2694 -20.374 0
      vertex 10.3856 -20.2 0
    endloop
  endfacet
  facet normal 0 0 -1
    outer loop
      vertex 16.8686 -20.5314 0
      vertex 10.1314 -20.5314 0
      vertex 10.2694 -20.374 0
    endloop
  endfacet
  facet normal -0 0 -1
    outer loop
      vertex 16.8686 -20.5314 0
      vertex 9.97402 -20.6694 0
      vertex 10.1314 -20.5314 0
    endloop
  endfacet
  facet normal 0 0 -1
    outer loop
      vertex 17.026 -20.6694 0
      vertex 9.97402 -20.6694 0
      vertex 16.8686 -20.5314 0
    endloop
  endfacet
  facet normal 0 -0 -1
    outer loop
      vertex 9.97402 -20.6694 0
      vertex 17.026 -20.6694 0
      vertex 9.8 -20.7856 0
    endloop
  endfacet
  facet normal 0 0 -1
    outer loop
      vertex 17.2 -20.7856 0
      vertex 9.8 -20.7856 0
      vertex 17.026 -20.6694 0
    endloop
  endfacet
  facet normal 0 -0 -1
    outer loop
      vertex 9.8 -20.7856 0
      vertex 17.2 -20.7856 0
      vertex 9.61229 -20.8782 0
    endloop
  endfacet
  facet normal 0 0 -1
    outer loop
      vertex 45.15 -47.13 0
      vertex 9 -21 0
      vertex 9.20884 -20.9863 0
    endloop
  endfacet
  facet normal 0 0 -1
    outer loop
      vertex 45.15 -47.13 0
      vertex 8.79116 -20.9863 0
      vertex 9 -21 0
    endloop
  endfacet
  facet normal 0 0 -1
    outer loop
      vertex 0.208841 -20.9863 0
      vertex 8.79116 -20.9863 0
      vertex 45.15 -47.13 0
    endloop
  endfacet
  facet normal 0 0 -1
    outer loop
      vertex 8.79116 -20.9863 0
      vertex 0.208841 -20.9863 0
      vertex 8.58589 -20.9455 0
    endloop
  endfacet
  facet normal 0 -0 -1
    outer loop
      vertex 0.41411 -20.9455 0
      vertex 8.58589 -20.9455 0
      vertex 0.208841 -20.9863 0
    endloop
  endfacet
  facet normal 0 0 -1
    outer loop
      vertex 8.58589 -20.9455 0
      vertex 0.41411 -20.9455 0
      vertex 8.38771 -20.8782 0
    endloop
  endfacet
  facet normal 0 0 -1
    outer loop
      vertex 7.4 -19.4 0
      vertex 1.6 -19.4 0
      vertex 7.4 19.4 0
    endloop
  endfacet
  facet normal 0 0 -1
    outer loop
      vertex 7.41369 -19.6088 0
      vertex 1.6 -19.4 0
      vertex 7.4 -19.4 0
    endloop
  endfacet
  facet normal 0 0 -1
    outer loop
      vertex 1.58631 -19.6088 0
      vertex 7.41369 -19.6088 0
      vertex 7.45452 -19.8141 0
    endloop
  endfacet
  facet normal 0 0 -1
    outer loop
      vertex 1.54548 -19.8141 0
      vertex 7.45452 -19.8141 0
      vertex 7.52179 -20.0123 0
    endloop
  endfacet
  facet normal 0 0 -1
    outer loop
      vertex 1.47821 -20.0123 0
      vertex 7.52179 -20.0123 0
      vertex 7.61436 -20.2 0
    endloop
  endfacet
  facet normal 0 0 -1
    outer loop
      vertex 1.38564 -20.2 0
      vertex 7.61436 -20.2 0
      vertex 7.73063 -20.374 0
    endloop
  endfacet
  facet normal 0 0 -1
    outer loop
      vertex 1.26937 -20.374 0
      vertex 7.73063 -20.374 0
      vertex 7.86863 -20.5314 0
    endloop
  endfacet
  facet normal 0 0 -1
    outer loop
      vertex 1.13137 -20.5314 0
      vertex 7.86863 -20.5314 0
      vertex 8.02598 -20.6694 0
    endloop
  endfacet
  facet normal 0 -0 -1
    outer loop
      vertex 0.612293 -20.8782 0
      vertex 8.38771 -20.8782 0
      vertex 0.41411 -20.9455 0
    endloop
  endfacet
  facet normal 0 0 -1
    outer loop
      vertex 7.41369 -19.6088 0
      vertex 1.58631 -19.6088 0
      vertex 1.6 -19.4 0
    endloop
  endfacet
  facet normal 0 0 -1
    outer loop
      vertex 7.45452 -19.8141 0
      vertex 1.54548 -19.8141 0
      vertex 1.58631 -19.6088 0
    endloop
  endfacet
  facet normal 0 0 -1
    outer loop
      vertex 7.52179 -20.0123 0
      vertex 1.47821 -20.0123 0
      vertex 1.54548 -19.8141 0
    endloop
  endfacet
  facet normal 0 0 -1
    outer loop
      vertex 7.61436 -20.2 0
      vertex 1.38564 -20.2 0
      vertex 1.47821 -20.0123 0
    endloop
  endfacet
  facet normal 0 0 -1
    outer loop
      vertex 7.73063 -20.374 0
      vertex 1.26937 -20.374 0
      vertex 1.38564 -20.2 0
    endloop
  endfacet
  facet normal 0 0 -1
    outer loop
      vertex 7.86863 -20.5314 0
      vertex 1.13137 -20.5314 0
      vertex 1.26937 -20.374 0
    endloop
  endfacet
  facet normal 0 0 -1
    outer loop
      vertex 8.02598 -20.6694 0
      vertex 0.974018 -20.6694 0
      vertex 1.13137 -20.5314 0
    endloop
  endfacet
  facet normal -0 0 -1
    outer loop
      vertex 8.02598 -20.6694 0
      vertex 0.799999 -20.7856 0
      vertex 0.974018 -20.6694 0
    endloop
  endfacet
  facet normal 0 0 -1
    outer loop
      vertex 8.2 -20.7856 0
      vertex 0.799999 -20.7856 0
      vertex 8.02598 -20.6694 0
    endloop
  endfacet
  facet normal 0 -0 -1
    outer loop
      vertex 0.799999 -20.7856 0
      vertex 8.2 -20.7856 0
      vertex 0.612293 -20.8782 0
    endloop
  endfacet
  facet normal 0 0 -1
    outer loop
      vertex 8.38771 -20.8782 0
      vertex 0.612293 -20.8782 0
      vertex 8.2 -20.7856 0
    endloop
  endfacet
  facet normal 0 0 -1
    outer loop
      vertex 45.15 -47.13 0
      vertex 0 -21 0
      vertex 0.208841 -20.9863 0
    endloop
  endfacet
  facet normal 0 0 -1
    outer loop
      vertex -45.15 -47.13 0
      vertex 0 -21 0
      vertex 45.15 -47.13 0
    endloop
  endfacet
  facet normal -0 0 -1
    outer loop
      vertex 0 -21 0
      vertex -45.15 -47.13 0
      vertex -0.208841 -20.9863 0
    endloop
  endfacet
  facet normal 0 -0 -1
    outer loop
      vertex -8.79116 -20.9863 0
      vertex -0.208841 -20.9863 0
      vertex -45.15 -47.13 0
    endloop
  endfacet
  facet normal 0 0 -1
    outer loop
      vertex -0.208841 -20.9863 0
      vertex -8.79116 -20.9863 0
      vertex -0.41411 -20.9455 0
    endloop
  endfacet
  facet normal 0 0 -1
    outer loop
      vertex -1.6 -19.4 0
      vertex -7.4 -19.4 0
      vertex -1.6 19.4 0
    endloop
  endfacet
  facet normal 0 0 -1
    outer loop
      vertex -1.58631 -19.6088 0
      vertex -7.4 -19.4 0
      vertex -1.6 -19.4 0
    endloop
  endfacet
  facet normal 0 0 -1
    outer loop
      vertex -7.41369 -19.6088 0
      vertex -1.58631 -19.6088 0
      vertex -1.54548 -19.8141 0
    endloop
  endfacet
  facet normal 0 0 -1
    outer loop
      vertex -7.45452 -19.8141 0
      vertex -1.54548 -19.8141 0
      vertex -1.47821 -20.0123 0
    endloop
  endfacet
  facet normal 0 0 -1
    outer loop
      vertex -7.52179 -20.0123 0
      vertex -1.47821 -20.0123 0
      vertex -1.38564 -20.2 0
    endloop
  endfacet
  facet normal 0 0 -1
    outer loop
      vertex -7.61436 -20.2 0
      vertex -1.38564 -20.2 0
      vertex -1.26937 -20.374 0
    endloop
  endfacet
  facet normal 0 0 -1
    outer loop
      vertex -7.73063 -20.374 0
      vertex -1.26937 -20.374 0
      vertex -1.13137 -20.5314 0
    endloop
  endfacet
  facet normal 0 0 -1
    outer loop
      vertex -7.86863 -20.5314 0
      vertex -1.13137 -20.5314 0
      vertex -0.974018 -20.6694 0
    endloop
  endfacet
  facet normal 0 0 -1
    outer loop
      vertex -8.02598 -20.6694 0
      vertex -0.974018 -20.6694 0
      vertex -0.799999 -20.7856 0
    endloop
  endfacet
  facet normal 0 -0 -1
    outer loop
      vertex -8.58589 -20.9455 0
      vertex -0.41411 -20.9455 0
      vertex -8.79116 -20.9863 0
    endloop
  endfacet
  facet normal 0 0 -1
    outer loop
      vertex -1.58631 -19.6088 0
      vertex -7.41369 -19.6088 0
      vertex -7.4 -19.4 0
    endloop
  endfacet
  facet normal 0 0 -1
    outer loop
      vertex -1.54548 -19.8141 0
      vertex -7.45452 -19.8141 0
      vertex -7.41369 -19.6088 0
    endloop
  endfacet
  facet normal 0 0 -1
    outer loop
      vertex -1.47821 -20.0123 0
      vertex -7.52179 -20.0123 0
      vertex -7.45452 -19.8141 0
    endloop
  endfacet
  facet normal 0 0 -1
    outer loop
      vertex -1.38564 -20.2 0
      vertex -7.61436 -20.2 0
      vertex -7.52179 -20.0123 0
    endloop
  endfacet
  facet normal 0 0 -1
    outer loop
      vertex -1.26937 -20.374 0
      vertex -7.73063 -20.374 0
      vertex -7.61436 -20.2 0
    endloop
  endfacet
  facet normal 0 0 -1
    outer loop
      vertex -1.13137 -20.5314 0
      vertex -7.86863 -20.5314 0
      vertex -7.73063 -20.374 0
    endloop
  endfacet
  facet normal 0 0 -1
    outer loop
      vertex -0.974018 -20.6694 0
      vertex -8.02598 -20.6694 0
      vertex -7.86863 -20.5314 0
    endloop
  endfacet
  facet normal 0 0 -1
    outer loop
      vertex -0.799999 -20.7856 0
      vertex -8.2 -20.7856 0
      vertex -8.02598 -20.6694 0
    endloop
  endfacet
  facet normal -0 0 -1
    outer loop
      vertex -0.799999 -20.7856 0
      vertex -8.38771 -20.8782 0
      vertex -8.2 -20.7856 0
    endloop
  endfacet
  facet normal 0 0 -1
    outer loop
      vertex -0.612293 -20.8782 0
      vertex -8.38771 -20.8782 0
      vertex -0.799999 -20.7856 0
    endloop
  endfacet
  facet normal 0 -0 -1
    outer loop
      vertex -8.38771 -20.8782 0
      vertex -0.612293 -20.8782 0
      vertex -8.58589 -20.9455 0
    endloop
  endfacet
  facet normal 0 0 -1
    outer loop
      vertex -0.41411 -20.9455 0
      vertex -8.58589 -20.9455 0
      vertex -0.612293 -20.8782 0
    endloop
  endfacet
  facet normal 0 0 -1
    outer loop
      vertex -8.79116 -20.9863 0
      vertex -45.15 -47.13 0
      vertex -9 -21 0
    endloop
  endfacet
  facet normal -0 0 -1
    outer loop
      vertex -9 -21 0
      vertex -45.15 -47.13 0
      vertex -9.20884 -20.9863 0
    endloop
  endfacet
  facet normal 0 -0 -1
    outer loop
      vertex -17.7912 -20.9863 0
      vertex -9.20884 -20.9863 0
      vertex -45.15 -47.13 0
    endloop
  endfacet
  facet normal 0 0 -1
    outer loop
      vertex -10.6 -19.4 0
      vertex -16.4 -19.4 0
      vertex -10.6 19.4 0
    endloop
  endfacet
  facet normal 0 0 -1
    outer loop
      vertex -10.5863 -19.6088 0
      vertex -16.4 -19.4 0
      vertex -10.6 -19.4 0
    endloop
  endfacet
  facet normal 0 0 -1
    outer loop
      vertex -16.4137 -19.6088 0
      vertex -10.5863 -19.6088 0
      vertex -10.5455 -19.8141 0
    endloop
  endfacet
  facet normal 0 0 -1
    outer loop
      vertex -16.4545 -19.8141 0
      vertex -10.5455 -19.8141 0
      vertex -10.4782 -20.0123 0
    endloop
  endfacet
  facet normal 0 0 -1
    outer loop
      vertex -16.5218 -20.0123 0
      vertex -10.4782 -20.0123 0
      vertex -10.3856 -20.2 0
    endloop
  endfacet
  facet normal 0 0 -1
    outer loop
      vertex -16.6144 -20.2 0
      vertex -10.3856 -20.2 0
      vertex -10.2694 -20.374 0
    endloop
  endfacet
  facet normal 0 0 -1
    outer loop
      vertex -16.7306 -20.374 0
      vertex -10.2694 -20.374 0
      vertex -10.1314 -20.5314 0
    endloop
  endfacet
  facet normal 0 0 -1
    outer loop
      vertex -16.8686 -20.5314 0
      vertex -10.1314 -20.5314 0
      vertex -9.97402 -20.6694 0
    endloop
  endfacet
  facet normal 0 0 -1
    outer loop
      vertex -17.026 -20.6694 0
      vertex -9.97402 -20.6694 0
      vertex -9.8 -20.7856 0
    endloop
  endfacet
  facet normal 0 0 -1
    outer loop
      vertex -17.2 -20.7856 0
      vertex -9.8 -20.7856 0
      vertex -9.61229 -20.8782 0
    endloop
  endfacet
  facet normal 0 0 -1
    outer loop
      vertex -9.20884 -20.9863 0
      vertex -17.7912 -20.9863 0
      vertex -9.41411 -20.9455 0
    endloop
  endfacet
  facet normal 0 0 -1
    outer loop
      vertex -10.5863 -19.6088 0
      vertex -16.4137 -19.6088 0
      vertex -16.4 -19.4 0
    endloop
  endfacet
  facet normal 0 0 -1
    outer loop
      vertex -10.5455 -19.8141 0
      vertex -16.4545 -19.8141 0
      vertex -16.4137 -19.6088 0
    endloop
  endfacet
  facet normal 0 0 -1
    outer loop
      vertex -10.4782 -20.0123 0
      vertex -16.5218 -20.0123 0
      vertex -16.4545 -19.8141 0
    endloop
  endfacet
  facet normal 0 0 -1
    outer loop
      vertex -10.3856 -20.2 0
      vertex -16.6144 -20.2 0
      vertex -16.5218 -20.0123 0
    endloop
  endfacet
  facet normal 0 0 -1
    outer loop
      vertex -10.2694 -20.374 0
      vertex -16.7306 -20.374 0
      vertex -16.6144 -20.2 0
    endloop
  endfacet
  facet normal 0 0 -1
    outer loop
      vertex -10.1314 -20.5314 0
      vertex -16.8686 -20.5314 0
      vertex -16.7306 -20.374 0
    endloop
  endfacet
  facet normal 0 0 -1
    outer loop
      vertex -9.97402 -20.6694 0
      vertex -17.026 -20.6694 0
      vertex -16.8686 -20.5314 0
    endloop
  endfacet
  facet normal 0 0 -1
    outer loop
      vertex -9.8 -20.7856 0
      vertex -17.2 -20.7856 0
      vertex -17.026 -20.6694 0
    endloop
  endfacet
  facet normal 0 0 -1
    outer loop
      vertex -9.61229 -20.8782 0
      vertex -17.3877 -20.8782 0
      vertex -17.2 -20.7856 0
    endloop
  endfacet
  facet normal 0 -0 -1
    outer loop
      vertex -17.5859 -20.9455 0
      vertex -9.41411 -20.9455 0
      vertex -17.7912 -20.9863 0
    endloop
  endfacet
  facet normal -0 0 -1
    outer loop
      vertex -9.61229 -20.8782 0
      vertex -17.5859 -20.9455 0
      vertex -17.3877 -20.8782 0
    endloop
  endfacet
  facet normal 0 0 -1
    outer loop
      vertex -9.41411 -20.9455 0
      vertex -17.5859 -20.9455 0
      vertex -9.61229 -20.8782 0
    endloop
  endfacet
  facet normal 0 0 -1
    outer loop
      vertex -17.7912 -20.9863 0
      vertex -45.15 -47.13 0
      vertex -18 -21 0
    endloop
  endfacet
  facet normal -0 0 -1
    outer loop
      vertex -18 -21 0
      vertex -45.15 -47.13 0
      vertex -18.2088 -20.9863 0
    endloop
  endfacet
  facet normal 0 -0 -1
    outer loop
      vertex -26.7912 -20.9863 0
      vertex -18.2088 -20.9863 0
      vertex -45.15 -47.13 0
    endloop
  endfacet
  facet normal 0 0 -1
    outer loop
      vertex -19.6 -19.4 0
      vertex -25.4 -19.4 0
      vertex -19.6 19.4 0
    endloop
  endfacet
  facet normal 0 0 -1
    outer loop
      vertex -19.5863 -19.6088 0
      vertex -25.4 -19.4 0
      vertex -19.6 -19.4 0
    endloop
  endfacet
  facet normal 0 0 -1
    outer loop
      vertex -25.4137 -19.6088 0
      vertex -19.5863 -19.6088 0
      vertex -19.5455 -19.8141 0
    endloop
  endfacet
  facet normal 0 0 -1
    outer loop
      vertex -25.4545 -19.8141 0
      vertex -19.5455 -19.8141 0
      vertex -19.4782 -20.0123 0
    endloop
  endfacet
  facet normal 0 0 -1
    outer loop
      vertex -25.5218 -20.0123 0
      vertex -19.4782 -20.0123 0
      vertex -19.3856 -20.2 0
    endloop
  endfacet
  facet normal 0 0 -1
    outer loop
      vertex -25.6144 -20.2 0
      vertex -19.3856 -20.2 0
      vertex -19.2694 -20.374 0
    endloop
  endfacet
  facet normal 0 0 -1
    outer loop
      vertex -25.7306 -20.374 0
      vertex -19.2694 -20.374 0
      vertex -19.1314 -20.5314 0
    endloop
  endfacet
  facet normal 0 0 -1
    outer loop
      vertex -25.8686 -20.5314 0
      vertex -19.1314 -20.5314 0
      vertex -18.974 -20.6694 0
    endloop
  endfacet
  facet normal 0 0 -1
    outer loop
      vertex -26.026 -20.6694 0
      vertex -18.974 -20.6694 0
      vertex -18.8 -20.7856 0
    endloop
  endfacet
  facet normal 0 0 -1
    outer loop
      vertex -26.2 -20.7856 0
      vertex -18.8 -20.7856 0
      vertex -18.6123 -20.8782 0
    endloop
  endfacet
  facet normal 0 0 -1
    outer loop
      vertex -18.2088 -20.9863 0
      vertex -26.7912 -20.9863 0
      vertex -18.4141 -20.9455 0
    endloop
  endfacet
  facet normal 0 0 -1
    outer loop
      vertex -19.5863 -19.6088 0
      vertex -25.4137 -19.6088 0
      vertex -25.4 -19.4 0
    endloop
  endfacet
  facet normal 0 0 -1
    outer loop
      vertex -19.5455 -19.8141 0
      vertex -25.4545 -19.8141 0
      vertex -25.4137 -19.6088 0
    endloop
  endfacet
  facet normal 0 0 -1
    outer loop
      vertex -19.4782 -20.0123 0
      vertex -25.5218 -20.0123 0
      vertex -25.4545 -19.8141 0
    endloop
  endfacet
  facet normal 0 0 -1
    outer loop
      vertex -19.3856 -20.2 0
      vertex -25.6144 -20.2 0
      vertex -25.5218 -20.0123 0
    endloop
  endfacet
  facet normal 0 0 -1
    outer loop
      vertex -19.2694 -20.374 0
      vertex -25.7306 -20.374 0
      vertex -25.6144 -20.2 0
    endloop
  endfacet
  facet normal 0 0 -1
    outer loop
      vertex -19.1314 -20.5314 0
      vertex -25.8686 -20.5314 0
      vertex -25.7306 -20.374 0
    endloop
  endfacet
  facet normal 0 0 -1
    outer loop
      vertex -18.974 -20.6694 0
      vertex -26.026 -20.6694 0
      vertex -25.8686 -20.5314 0
    endloop
  endfacet
  facet normal 0 0 -1
    outer loop
      vertex -18.8 -20.7856 0
      vertex -26.2 -20.7856 0
      vertex -26.026 -20.6694 0
    endloop
  endfacet
  facet normal 0 0 -1
    outer loop
      vertex -18.4141 -20.9455 0
      vertex -26.5859 -20.9455 0
      vertex -18.6123 -20.8782 0
    endloop
  endfacet
  facet normal 0 0 -1
    outer loop
      vertex -18.6123 -20.8782 0
      vertex -26.3877 -20.8782 0
      vertex -26.2 -20.7856 0
    endloop
  endfacet
  facet normal -0 0 -1
    outer loop
      vertex -18.6123 -20.8782 0
      vertex -26.5859 -20.9455 0
      vertex -26.3877 -20.8782 0
    endloop
  endfacet
  facet normal -0 0 -1
    outer loop
      vertex -18.4141 -20.9455 0
      vertex -26.7912 -20.9863 0
      vertex -26.5859 -20.9455 0
    endloop
  endfacet
  facet normal 0 0 -1
    outer loop
      vertex -26.7912 -20.9863 0
      vertex -45.15 -47.13 0
      vertex -27 -21 0
    endloop
  endfacet
  facet normal -0 0 -1
    outer loop
      vertex -27 -21 0
      vertex -45.15 -47.13 0
      vertex -27.2088 -20.9863 0
    endloop
  endfacet
  facet normal -0 0 -1
    outer loop
      vertex -27.2088 -20.9863 0
      vertex -45.15 -47.13 0
      vertex -27.4141 -20.9455 0
    endloop
  endfacet
  facet normal 0 0 -1
    outer loop
      vertex -28.6 -19.4 0
      vertex -34.455 9.78 0
      vertex -28.6 19.4 0
    endloop
  endfacet
  facet normal 0 0 -1
    outer loop
      vertex -47.13 -45.15 0
      vertex -28.6 -19.4 0
      vertex -28.5863 -19.6088 0
    endloop
  endfacet
  facet normal 0 0 -1
    outer loop
      vertex -47.13 -45.15 0
      vertex -28.5863 -19.6088 0
      vertex -28.5455 -19.8141 0
    endloop
  endfacet
  facet normal -0 0 -1
    outer loop
      vertex -27.4141 -20.9455 0
      vertex -45.15 -47.13 0
      vertex -27.6123 -20.8782 0
    endloop
  endfacet
  facet normal 0 0 -1
    outer loop
      vertex -45.15 -47.13 0
      vertex -27.8 -20.7856 0
      vertex -27.6123 -20.8782 0
    endloop
  endfacet
  facet normal 0 0 -1
    outer loop
      vertex -47.13 -45.15 0
      vertex -27.8 -20.7856 0
      vertex -45.15 -47.13 0
    endloop
  endfacet
  facet normal -0 0 -1
    outer loop
      vertex -27.8 -20.7856 0
      vertex -47.13 -45.15 0
      vertex -27.974 -20.6694 0
    endloop
  endfacet
  facet normal -0 0 -1
    outer loop
      vertex -27.974 -20.6694 0
      vertex -47.13 -45.15 0
      vertex -28.1314 -20.5314 0
    endloop
  endfacet
  facet normal -0 0 -1
    outer loop
      vertex -28.1314 -20.5314 0
      vertex -47.13 -45.15 0
      vertex -28.2694 -20.374 0
    endloop
  endfacet
  facet normal -0 0 -1
    outer loop
      vertex -28.2694 -20.374 0
      vertex -47.13 -45.15 0
      vertex -28.3856 -20.2 0
    endloop
  endfacet
  facet normal -0 0 -1
    outer loop
      vertex -28.3856 -20.2 0
      vertex -47.13 -45.15 0
      vertex -28.4782 -20.0123 0
    endloop
  endfacet
  facet normal -0 0 -1
    outer loop
      vertex -28.4782 -20.0123 0
      vertex -47.13 -45.15 0
      vertex -28.5455 -19.8141 0
    endloop
  endfacet
  facet normal 0 0 -1
    outer loop
      vertex -47.13 -45.15 0
      vertex -45.15 -47.13 0
      vertex -45.4084 -47.1131 0
    endloop
  endfacet
  facet normal 0 0 -1
    outer loop
      vertex -47.13 -45.15 0
      vertex -45.4084 -47.1131 0
      vertex -45.6625 -47.0625 0
    endloop
  endfacet
  facet normal 0 0 -1
    outer loop
      vertex -47.13 -45.15 0
      vertex -45.6625 -47.0625 0
      vertex -45.9077 -46.9793 0
    endloop
  endfacet
  facet normal 0 0 -1
    outer loop
      vertex -47.13 -45.15 0
      vertex -45.9077 -46.9793 0
      vertex -46.14 -46.8647 0
    endloop
  endfacet
  facet normal 0 0 -1
    outer loop
      vertex -47.13 -45.15 0
      vertex -46.14 -46.8647 0
      vertex -46.3553 -46.7208 0
    endloop
  endfacet
  facet normal 0 0 -1
    outer loop
      vertex -47.13 -45.15 0
      vertex -46.3553 -46.7208 0
      vertex -46.5501 -46.5501 0
    endloop
  endfacet
  facet normal 0 0 -1
    outer loop
      vertex -47.13 -45.15 0
      vertex -46.5501 -46.5501 0
      vertex -46.7208 -46.3553 0
    endloop
  endfacet
  facet normal 0 0 -1
    outer loop
      vertex -47.13 -45.15 0
      vertex -46.7208 -46.3553 0
      vertex -46.8647 -46.14 0
    endloop
  endfacet
  facet normal 0 0 -1
    outer loop
      vertex -47.13 -45.15 0
      vertex -46.8647 -46.14 0
      vertex -46.9793 -45.9077 0
    endloop
  endfacet
  facet normal 0 0 -1
    outer loop
      vertex -47.13 -45.15 0
      vertex -46.9793 -45.9077 0
      vertex -47.0625 -45.6625 0
    endloop
  endfacet
  facet normal 0 0 -1
    outer loop
      vertex -47.13 -45.15 0
      vertex -47.0625 -45.6625 0
      vertex -47.1131 -45.4084 0
    endloop
  endfacet
  facet normal -0 0 -1
    outer loop
      vertex -28.6 -19.4 0
      vertex -47.13 -45.15 0
      vertex -47.13 9.78 0
    endloop
  endfacet
  facet normal 0 0 -1
    outer loop
      vertex -28.6 -19.4 0
      vertex -47.13 9.78 0
      vertex -34.455 9.78 0
    endloop
  endfacet
  facet normal 0 0 -1
    outer loop
      vertex 46.8647 46.14 0
      vertex 45.15 47.13 0
      vertex 46.7208 46.3553 0
    endloop
  endfacet
  facet normal 0 0 -1
    outer loop
      vertex 46.5501 46.5501 0
      vertex 45.15 47.13 0
      vertex 46.3553 46.7208 0
    endloop
  endfacet
  facet normal 0 0 -1
    outer loop
      vertex 46.3553 46.7208 0
      vertex 45.15 47.13 0
      vertex 46.14 46.8647 0
    endloop
  endfacet
  facet normal 0 0 -1
    outer loop
      vertex 45.9077 46.9793 0
      vertex 45.15 47.13 0
      vertex 45.6625 47.0625 0
    endloop
  endfacet
  facet normal 0 0 -1
    outer loop
      vertex 45.6625 47.0625 0
      vertex 45.15 47.13 0
      vertex 45.4084 47.1131 0
    endloop
  endfacet
  facet normal 0 0 -1
    outer loop
      vertex 46.14 46.8647 0
      vertex 45.15 47.13 0
      vertex 45.9077 46.9793 0
    endloop
  endfacet
  facet normal 0 0 -1
    outer loop
      vertex 46.7208 46.3553 0
      vertex 45.15 47.13 0
      vertex 46.5501 46.5501 0
    endloop
  endfacet
  facet normal 0 0 -1
    outer loop
      vertex 46.9793 45.9077 0
      vertex 45.15 47.13 0
      vertex 46.8647 46.14 0
    endloop
  endfacet
  facet normal 0 0 -1
    outer loop
      vertex 47.13 45.15 0
      vertex 45.15 47.13 0
      vertex 47.1131 45.4084 0
    endloop
  endfacet
  facet normal 0 0 -1
    outer loop
      vertex 27.6123 20.8782 0
      vertex 45.15 47.13 0
      vertex 27.8 20.7856 0
    endloop
  endfacet
  facet normal 0 0 -1
    outer loop
      vertex 27.4141 20.9455 0
      vertex 45.15 47.13 0
      vertex 27.6123 20.8782 0
    endloop
  endfacet
  facet normal 0 0 -1
    outer loop
      vertex 27.2088 20.9863 0
      vertex 45.15 47.13 0
      vertex 27.4141 20.9455 0
    endloop
  endfacet
  facet normal 0 0 -1
    outer loop
      vertex 27 21 0
      vertex 45.15 47.13 0
      vertex 27.2088 20.9863 0
    endloop
  endfacet
  facet normal 0 0 -1
    outer loop
      vertex 26.7912 20.9863 0
      vertex 45.15 47.13 0
      vertex 27 21 0
    endloop
  endfacet
  facet normal 0 0 -1
    outer loop
      vertex 18.2088 20.9863 0
      vertex 26.7912 20.9863 0
      vertex 26.5859 20.9455 0
    endloop
  endfacet
  facet normal 0 0 -1
    outer loop
      vertex 18.4141 20.9455 0
      vertex 26.5859 20.9455 0
      vertex 26.3877 20.8782 0
    endloop
  endfacet
  facet normal 0 0 -1
    outer loop
      vertex 18.6123 20.8782 0
      vertex 26.3877 20.8782 0
      vertex 26.2 20.7856 0
    endloop
  endfacet
  facet normal 0 0 -1
    outer loop
      vertex 18.8 20.7856 0
      vertex 26.2 20.7856 0
      vertex 26.026 20.6694 0
    endloop
  endfacet
  facet normal 0 0 -1
    outer loop
      vertex 18.974 20.6694 0
      vertex 26.026 20.6694 0
      vertex 25.8686 20.5314 0
    endloop
  endfacet
  facet normal 0 0 -1
    outer loop
      vertex 19.1314 20.5314 0
      vertex 25.8686 20.5314 0
      vertex 25.7306 20.374 0
    endloop
  endfacet
  facet normal 0 0 -1
    outer loop
      vertex 19.6 19.4 0
      vertex 25.4 19.4 0
      vertex 19.6 -19.4 0
    endloop
  endfacet
  facet normal 0 0 -1
    outer loop
      vertex 25.4 19.4 0
      vertex 19.6 19.4 0
      vertex 25.4137 19.6088 0
    endloop
  endfacet
  facet normal 0 0 -1
    outer loop
      vertex 19.5863 19.6088 0
      vertex 25.4137 19.6088 0
      vertex 19.6 19.4 0
    endloop
  endfacet
  facet normal 0 0 -1
    outer loop
      vertex 25.4137 19.6088 0
      vertex 19.5863 19.6088 0
      vertex 25.4545 19.8141 0
    endloop
  endfacet
  facet normal 0 0 -1
    outer loop
      vertex 19.5455 19.8141 0
      vertex 25.4545 19.8141 0
      vertex 19.5863 19.6088 0
    endloop
  endfacet
  facet normal 0 0 -1
    outer loop
      vertex 25.4545 19.8141 0
      vertex 19.5455 19.8141 0
      vertex 25.5218 20.0123 0
    endloop
  endfacet
  facet normal 0 0 -1
    outer loop
      vertex 19.4782 20.0123 0
      vertex 25.5218 20.0123 0
      vertex 19.5455 19.8141 0
    endloop
  endfacet
  facet normal 0 0 -1
    outer loop
      vertex 25.5218 20.0123 0
      vertex 19.4782 20.0123 0
      vertex 25.6144 20.2 0
    endloop
  endfacet
  facet normal 0 0 -1
    outer loop
      vertex 19.3856 20.2 0
      vertex 25.6144 20.2 0
      vertex 19.4782 20.0123 0
    endloop
  endfacet
  facet normal 0 0 -1
    outer loop
      vertex 25.6144 20.2 0
      vertex 19.3856 20.2 0
      vertex 25.7306 20.374 0
    endloop
  endfacet
  facet normal 0 0 -1
    outer loop
      vertex 19.2694 20.374 0
      vertex 25.7306 20.374 0
      vertex 19.3856 20.2 0
    endloop
  endfacet
  facet normal 0 0 -1
    outer loop
      vertex 19.1314 20.5314 0
      vertex 25.7306 20.374 0
      vertex 19.2694 20.374 0
    endloop
  endfacet
  facet normal 0 0 -1
    outer loop
      vertex 25.8686 20.5314 0
      vertex 19.1314 20.5314 0
      vertex 18.974 20.6694 0
    endloop
  endfacet
  facet normal 0 0 -1
    outer loop
      vertex 26.026 20.6694 0
      vertex 18.974 20.6694 0
      vertex 18.8 20.7856 0
    endloop
  endfacet
  facet normal 0 0 -1
    outer loop
      vertex 26.2 20.7856 0
      vertex 18.8 20.7856 0
      vertex 18.6123 20.8782 0
    endloop
  endfacet
  facet normal 0 0 -1
    outer loop
      vertex 26.3877 20.8782 0
      vertex 18.6123 20.8782 0
      vertex 18.4141 20.9455 0
    endloop
  endfacet
  facet normal 0 0 -1
    outer loop
      vertex 18.2088 20.9863 0
      vertex 26.5859 20.9455 0
      vertex 18.4141 20.9455 0
    endloop
  endfacet
  facet normal 0 0 -1
    outer loop
      vertex 26.7912 20.9863 0
      vertex 18.2088 20.9863 0
      vertex 45.15 47.13 0
    endloop
  endfacet
  facet normal 0 0 -1
    outer loop
      vertex 18 21 0
      vertex 45.15 47.13 0
      vertex 18.2088 20.9863 0
    endloop
  endfacet
  facet normal 0 0 -1
    outer loop
      vertex 17.7912 20.9863 0
      vertex 45.15 47.13 0
      vertex 18 21 0
    endloop
  endfacet
  facet normal 0 0 -1
    outer loop
      vertex 9.20884 20.9863 0
      vertex 17.7912 20.9863 0
      vertex 17.5859 20.9455 0
    endloop
  endfacet
  facet normal 0 0 -1
    outer loop
      vertex 9.41411 20.9455 0
      vertex 17.5859 20.9455 0
      vertex 17.3877 20.8782 0
    endloop
  endfacet
  facet normal 0 0 -1
    outer loop
      vertex 9.61229 20.8782 0
      vertex 17.3877 20.8782 0
      vertex 17.2 20.7856 0
    endloop
  endfacet
  facet normal 0 0 -1
    outer loop
      vertex 9.8 20.7856 0
      vertex 17.2 20.7856 0
      vertex 17.026 20.6694 0
    endloop
  endfacet
  facet normal 0 0 -1
    outer loop
      vertex 9.97402 20.6694 0
      vertex 17.026 20.6694 0
      vertex 16.8686 20.5314 0
    endloop
  endfacet
  facet normal 0 0 -1
    outer loop
      vertex 10.6 19.4 0
      vertex 16.4 19.4 0
      vertex 10.6 -19.4 0
    endloop
  endfacet
  facet normal 0 0 -1
    outer loop
      vertex 16.4 19.4 0
      vertex 10.6 19.4 0
      vertex 16.4137 19.6088 0
    endloop
  endfacet
  facet normal 0 0 -1
    outer loop
      vertex 10.5863 19.6088 0
      vertex 16.4137 19.6088 0
      vertex 10.6 19.4 0
    endloop
  endfacet
  facet normal 0 0 -1
    outer loop
      vertex 16.4137 19.6088 0
      vertex 10.5863 19.6088 0
      vertex 16.4545 19.8141 0
    endloop
  endfacet
  facet normal 0 0 -1
    outer loop
      vertex 10.5455 19.8141 0
      vertex 16.4545 19.8141 0
      vertex 10.5863 19.6088 0
    endloop
  endfacet
  facet normal 0 0 -1
    outer loop
      vertex 16.4545 19.8141 0
      vertex 10.5455 19.8141 0
      vertex 16.5218 20.0123 0
    endloop
  endfacet
  facet normal 0 0 -1
    outer loop
      vertex 10.4782 20.0123 0
      vertex 16.5218 20.0123 0
      vertex 10.5455 19.8141 0
    endloop
  endfacet
  facet normal 0 0 -1
    outer loop
      vertex 16.5218 20.0123 0
      vertex 10.4782 20.0123 0
      vertex 16.6144 20.2 0
    endloop
  endfacet
  facet normal 0 0 -1
    outer loop
      vertex 10.3856 20.2 0
      vertex 16.6144 20.2 0
      vertex 10.4782 20.0123 0
    endloop
  endfacet
  facet normal 0 0 -1
    outer loop
      vertex 16.6144 20.2 0
      vertex 10.3856 20.2 0
      vertex 16.7306 20.374 0
    endloop
  endfacet
  facet normal 0 0 -1
    outer loop
      vertex 10.2694 20.374 0
      vertex 16.7306 20.374 0
      vertex 10.3856 20.2 0
    endloop
  endfacet
  facet normal 0 0 -1
    outer loop
      vertex 16.7306 20.374 0
      vertex 10.2694 20.374 0
      vertex 16.8686 20.5314 0
    endloop
  endfacet
  facet normal 0 0 -1
    outer loop
      vertex 10.1314 20.5314 0
      vertex 16.8686 20.5314 0
      vertex 10.2694 20.374 0
    endloop
  endfacet
  facet normal 0 0 -1
    outer loop
      vertex 9.97402 20.6694 0
      vertex 16.8686 20.5314 0
      vertex 10.1314 20.5314 0
    endloop
  endfacet
  facet normal 0 0 -1
    outer loop
      vertex 17.026 20.6694 0
      vertex 9.97402 20.6694 0
      vertex 9.8 20.7856 0
    endloop
  endfacet
  facet normal 0 0 -1
    outer loop
      vertex 17.2 20.7856 0
      vertex 9.8 20.7856 0
      vertex 9.61229 20.8782 0
    endloop
  endfacet
  facet normal 0 0 -1
    outer loop
      vertex 17.3877 20.8782 0
      vertex 9.61229 20.8782 0
      vertex 9.41411 20.9455 0
    endloop
  endfacet
  facet normal 0 0 -1
    outer loop
      vertex 17.5859 20.9455 0
      vertex 9.41411 20.9455 0
      vertex 9.20884 20.9863 0
    endloop
  endfacet
  facet normal 0 0 -1
    outer loop
      vertex 17.7912 20.9863 0
      vertex 9.20884 20.9863 0
      vertex 45.15 47.13 0
    endloop
  endfacet
  facet normal 0 0 -1
    outer loop
      vertex 9 21 0
      vertex 45.15 47.13 0
      vertex 9.20884 20.9863 0
    endloop
  endfacet
  facet normal 0 0 -1
    outer loop
      vertex 8.79116 20.9863 0
      vertex 45.15 47.13 0
      vertex 9 21 0
    endloop
  endfacet
  facet normal 0 0 -1
    outer loop
      vertex 0.208841 20.9863 0
      vertex 8.79116 20.9863 0
      vertex 8.58589 20.9455 0
    endloop
  endfacet
  facet normal 0 0 -1
    outer loop
      vertex 0.41411 20.9455 0
      vertex 8.58589 20.9455 0
      vertex 8.38771 20.8782 0
    endloop
  endfacet
  facet normal 0 0 -1
    outer loop
      vertex 0.612293 20.8782 0
      vertex 8.38771 20.8782 0
      vertex 8.2 20.7856 0
    endloop
  endfacet
  facet normal 0 0 -1
    outer loop
      vertex 0.799999 20.7856 0
      vertex 8.2 20.7856 0
      vertex 8.02598 20.6694 0
    endloop
  endfacet
  facet normal 0 0 -1
    outer loop
      vertex 1.6 19.4 0
      vertex 7.4 19.4 0
      vertex 1.6 -19.4 0
    endloop
  endfacet
  facet normal 0 0 -1
    outer loop
      vertex 7.4 19.4 0
      vertex 1.6 19.4 0
      vertex 7.41369 19.6088 0
    endloop
  endfacet
  facet normal 0 0 -1
    outer loop
      vertex 1.58631 19.6088 0
      vertex 7.41369 19.6088 0
      vertex 1.6 19.4 0
    endloop
  endfacet
  facet normal 0 0 -1
    outer loop
      vertex 7.41369 19.6088 0
      vertex 1.58631 19.6088 0
      vertex 7.45452 19.8141 0
    endloop
  endfacet
  facet normal 0 0 -1
    outer loop
      vertex 1.54548 19.8141 0
      vertex 7.45452 19.8141 0
      vertex 1.58631 19.6088 0
    endloop
  endfacet
  facet normal 0 0 -1
    outer loop
      vertex 7.45452 19.8141 0
      vertex 1.54548 19.8141 0
      vertex 7.52179 20.0123 0
    endloop
  endfacet
  facet normal 0 0 -1
    outer loop
      vertex 1.47821 20.0123 0
      vertex 7.52179 20.0123 0
      vertex 1.54548 19.8141 0
    endloop
  endfacet
  facet normal 0 0 -1
    outer loop
      vertex 7.52179 20.0123 0
      vertex 1.47821 20.0123 0
      vertex 7.61436 20.2 0
    endloop
  endfacet
  facet normal 0 0 -1
    outer loop
      vertex 1.38564 20.2 0
      vertex 7.61436 20.2 0
      vertex 1.47821 20.0123 0
    endloop
  endfacet
  facet normal 0 0 -1
    outer loop
      vertex 7.61436 20.2 0
      vertex 1.38564 20.2 0
      vertex 7.73063 20.374 0
    endloop
  endfacet
  facet normal 0 0 -1
    outer loop
      vertex 1.26937 20.374 0
      vertex 7.73063 20.374 0
      vertex 1.38564 20.2 0
    endloop
  endfacet
  facet normal 0 0 -1
    outer loop
      vertex 7.73063 20.374 0
      vertex 1.26937 20.374 0
      vertex 7.86863 20.5314 0
    endloop
  endfacet
  facet normal 0 0 -1
    outer loop
      vertex 1.13137 20.5314 0
      vertex 7.86863 20.5314 0
      vertex 1.26937 20.374 0
    endloop
  endfacet
  facet normal 0 0 -1
    outer loop
      vertex 7.86863 20.5314 0
      vertex 1.13137 20.5314 0
      vertex 8.02598 20.6694 0
    endloop
  endfacet
  facet normal 0 0 -1
    outer loop
      vertex 0.974018 20.6694 0
      vertex 8.02598 20.6694 0
      vertex 1.13137 20.5314 0
    endloop
  endfacet
  facet normal 0 0 -1
    outer loop
      vertex 0.799999 20.7856 0
      vertex 8.02598 20.6694 0
      vertex 0.974018 20.6694 0
    endloop
  endfacet
  facet normal 0 0 -1
    outer loop
      vertex 8.2 20.7856 0
      vertex 0.799999 20.7856 0
      vertex 0.612293 20.8782 0
    endloop
  endfacet
  facet normal 0 0 -1
    outer loop
      vertex 8.38771 20.8782 0
      vertex 0.612293 20.8782 0
      vertex 0.41411 20.9455 0
    endloop
  endfacet
  facet normal 0 0 -1
    outer loop
      vertex 8.58589 20.9455 0
      vertex 0.41411 20.9455 0
      vertex 0.208841 20.9863 0
    endloop
  endfacet
  facet normal 0 0 -1
    outer loop
      vertex 8.79116 20.9863 0
      vertex 0.208841 20.9863 0
      vertex 45.15 47.13 0
    endloop
  endfacet
  facet normal 0 0 -1
    outer loop
      vertex 0 21 0
      vertex 45.15 47.13 0
      vertex 0.208841 20.9863 0
    endloop
  endfacet
  facet normal 0 0 -1
    outer loop
      vertex -34.455 35.17 0
      vertex 0 21 0
      vertex -0.208841 20.9863 0
    endloop
  endfacet
  facet normal 0 0 -1
    outer loop
      vertex -8.79116 20.9863 0
      vertex -0.208841 20.9863 0
      vertex -0.41411 20.9455 0
    endloop
  endfacet
  facet normal 0 0 -1
    outer loop
      vertex -8.58589 20.9455 0
      vertex -0.41411 20.9455 0
      vertex -0.612293 20.8782 0
    endloop
  endfacet
  facet normal 0 0 -1
    outer loop
      vertex -8.38771 20.8782 0
      vertex -0.612293 20.8782 0
      vertex -0.799999 20.7856 0
    endloop
  endfacet
  facet normal 0 0 -1
    outer loop
      vertex -7.4 19.4 0
      vertex -1.6 19.4 0
      vertex -7.4 -19.4 0
    endloop
  endfacet
  facet normal 0 0 -1
    outer loop
      vertex -1.6 19.4 0
      vertex -7.4 19.4 0
      vertex -1.58631 19.6088 0
    endloop
  endfacet
  facet normal 0 0 -1
    outer loop
      vertex -7.41369 19.6088 0
      vertex -1.58631 19.6088 0
      vertex -7.4 19.4 0
    endloop
  endfacet
  facet normal 0 0 -1
    outer loop
      vertex -1.58631 19.6088 0
      vertex -7.41369 19.6088 0
      vertex -1.54548 19.8141 0
    endloop
  endfacet
  facet normal 0 0 -1
    outer loop
      vertex -7.45452 19.8141 0
      vertex -1.54548 19.8141 0
      vertex -7.41369 19.6088 0
    endloop
  endfacet
  facet normal 0 0 -1
    outer loop
      vertex -1.54548 19.8141 0
      vertex -7.45452 19.8141 0
      vertex -1.47821 20.0123 0
    endloop
  endfacet
  facet normal 0 0 -1
    outer loop
      vertex -7.52179 20.0123 0
      vertex -1.47821 20.0123 0
      vertex -7.45452 19.8141 0
    endloop
  endfacet
  facet normal 0 0 -1
    outer loop
      vertex -1.47821 20.0123 0
      vertex -7.52179 20.0123 0
      vertex -1.38564 20.2 0
    endloop
  endfacet
  facet normal 0 0 -1
    outer loop
      vertex -7.61436 20.2 0
      vertex -1.38564 20.2 0
      vertex -7.52179 20.0123 0
    endloop
  endfacet
  facet normal 0 0 -1
    outer loop
      vertex -1.38564 20.2 0
      vertex -7.61436 20.2 0
      vertex -1.26937 20.374 0
    endloop
  endfacet
  facet normal 0 0 -1
    outer loop
      vertex -7.73063 20.374 0
      vertex -1.26937 20.374 0
      vertex -7.61436 20.2 0
    endloop
  endfacet
  facet normal 0 0 -1
    outer loop
      vertex -1.26937 20.374 0
      vertex -7.73063 20.374 0
      vertex -1.13137 20.5314 0
    endloop
  endfacet
  facet normal 0 0 -1
    outer loop
      vertex -7.86863 20.5314 0
      vertex -1.13137 20.5314 0
      vertex -7.73063 20.374 0
    endloop
  endfacet
  facet normal 0 0 -1
    outer loop
      vertex -1.13137 20.5314 0
      vertex -7.86863 20.5314 0
      vertex -0.974018 20.6694 0
    endloop
  endfacet
  facet normal 0 0 -1
    outer loop
      vertex -8.02598 20.6694 0
      vertex -0.974018 20.6694 0
      vertex -7.86863 20.5314 0
    endloop
  endfacet
  facet normal 0 0 -1
    outer loop
      vertex -0.974018 20.6694 0
      vertex -8.02598 20.6694 0
      vertex -0.799999 20.7856 0
    endloop
  endfacet
  facet normal 0 0 -1
    outer loop
      vertex -8.2 20.7856 0
      vertex -0.799999 20.7856 0
      vertex -8.02598 20.6694 0
    endloop
  endfacet
  facet normal 0 0 -1
    outer loop
      vertex -8.38771 20.8782 0
      vertex -0.799999 20.7856 0
      vertex -8.2 20.7856 0
    endloop
  endfacet
  facet normal 0 0 -1
    outer loop
      vertex -0.612293 20.8782 0
      vertex -8.38771 20.8782 0
      vertex -8.58589 20.9455 0
    endloop
  endfacet
  facet normal 0 0 -1
    outer loop
      vertex -0.41411 20.9455 0
      vertex -8.58589 20.9455 0
      vertex -8.79116 20.9863 0
    endloop
  endfacet
  facet normal 0 0 -1
    outer loop
      vertex -0.208841 20.9863 0
      vertex -8.79116 20.9863 0
      vertex -34.455 35.17 0
    endloop
  endfacet
  facet normal 0 0 -1
    outer loop
      vertex -34.455 35.17 0
      vertex -8.79116 20.9863 0
      vertex -9 21 0
    endloop
  endfacet
  facet normal 0 0 -1
    outer loop
      vertex -34.455 35.17 0
      vertex -9 21 0
      vertex -9.20884 20.9863 0
    endloop
  endfacet
  facet normal 0 0 -1
    outer loop
      vertex -34.455 35.17 0
      vertex -9.20884 20.9863 0
      vertex -9.41411 20.9455 0
    endloop
  endfacet
  facet normal 0 0 -1
    outer loop
      vertex -17.5859 20.9455 0
      vertex -9.41411 20.9455 0
      vertex -9.61229 20.8782 0
    endloop
  endfacet
  facet normal 0 0 -1
    outer loop
      vertex -16.4 19.4 0
      vertex -10.6 19.4 0
      vertex -16.4 -19.4 0
    endloop
  endfacet
  facet normal 0 0 -1
    outer loop
      vertex -10.6 19.4 0
      vertex -16.4 19.4 0
      vertex -10.5863 19.6088 0
    endloop
  endfacet
  facet normal 0 0 -1
    outer loop
      vertex -16.4137 19.6088 0
      vertex -10.5863 19.6088 0
      vertex -16.4 19.4 0
    endloop
  endfacet
  facet normal 0 0 -1
    outer loop
      vertex -10.5863 19.6088 0
      vertex -16.4137 19.6088 0
      vertex -10.5455 19.8141 0
    endloop
  endfacet
  facet normal 0 0 -1
    outer loop
      vertex -16.4545 19.8141 0
      vertex -10.5455 19.8141 0
      vertex -16.4137 19.6088 0
    endloop
  endfacet
  facet normal 0 0 -1
    outer loop
      vertex -10.5455 19.8141 0
      vertex -16.4545 19.8141 0
      vertex -10.4782 20.0123 0
    endloop
  endfacet
  facet normal 0 0 -1
    outer loop
      vertex -16.5218 20.0123 0
      vertex -10.4782 20.0123 0
      vertex -16.4545 19.8141 0
    endloop
  endfacet
  facet normal 0 0 -1
    outer loop
      vertex -10.4782 20.0123 0
      vertex -16.5218 20.0123 0
      vertex -10.3856 20.2 0
    endloop
  endfacet
  facet normal 0 0 -1
    outer loop
      vertex -16.6144 20.2 0
      vertex -10.3856 20.2 0
      vertex -16.5218 20.0123 0
    endloop
  endfacet
  facet normal 0 0 -1
    outer loop
      vertex -10.3856 20.2 0
      vertex -16.6144 20.2 0
      vertex -10.2694 20.374 0
    endloop
  endfacet
  facet normal 0 0 -1
    outer loop
      vertex -16.7306 20.374 0
      vertex -10.2694 20.374 0
      vertex -16.6144 20.2 0
    endloop
  endfacet
  facet normal 0 0 -1
    outer loop
      vertex -10.2694 20.374 0
      vertex -16.7306 20.374 0
      vertex -10.1314 20.5314 0
    endloop
  endfacet
  facet normal 0 0 -1
    outer loop
      vertex -16.8686 20.5314 0
      vertex -10.1314 20.5314 0
      vertex -16.7306 20.374 0
    endloop
  endfacet
  facet normal 0 0 -1
    outer loop
      vertex -10.1314 20.5314 0
      vertex -16.8686 20.5314 0
      vertex -9.97402 20.6694 0
    endloop
  endfacet
  facet normal 0 0 -1
    outer loop
      vertex -17.026 20.6694 0
      vertex -9.97402 20.6694 0
      vertex -16.8686 20.5314 0
    endloop
  endfacet
  facet normal 0 0 -1
    outer loop
      vertex -9.97402 20.6694 0
      vertex -17.026 20.6694 0
      vertex -9.8 20.7856 0
    endloop
  endfacet
  facet normal 0 0 -1
    outer loop
      vertex -17.2 20.7856 0
      vertex -9.8 20.7856 0
      vertex -17.026 20.6694 0
    endloop
  endfacet
  facet normal 0 0 -1
    outer loop
      vertex -9.8 20.7856 0
      vertex -17.2 20.7856 0
      vertex -9.61229 20.8782 0
    endloop
  endfacet
  facet normal 0 0 -1
    outer loop
      vertex -17.3877 20.8782 0
      vertex -9.61229 20.8782 0
      vertex -17.2 20.7856 0
    endloop
  endfacet
  facet normal 0 0 -1
    outer loop
      vertex -17.5859 20.9455 0
      vertex -9.61229 20.8782 0
      vertex -17.3877 20.8782 0
    endloop
  endfacet
  facet normal 0 0 -1
    outer loop
      vertex -9.41411 20.9455 0
      vertex -17.5859 20.9455 0
      vertex -34.455 35.17 0
    endloop
  endfacet
  facet normal 0 0 -1
    outer loop
      vertex -34.455 35.17 0
      vertex -17.5859 20.9455 0
      vertex -17.7912 20.9863 0
    endloop
  endfacet
  facet normal 0 0 -1
    outer loop
      vertex -34.455 35.17 0
      vertex -17.7912 20.9863 0
      vertex -18 21 0
    endloop
  endfacet
  facet normal 0 0 -1
    outer loop
      vertex -34.455 35.17 0
      vertex -18 21 0
      vertex -18.2088 20.9863 0
    endloop
  endfacet
  facet normal 0 0 -1
    outer loop
      vertex -34.455 35.17 0
      vertex -18.2088 20.9863 0
      vertex -18.4141 20.9455 0
    endloop
  endfacet
  facet normal 0 0 -1
    outer loop
      vertex -34.455 35.17 0
      vertex -18.4141 20.9455 0
      vertex -18.6123 20.8782 0
    endloop
  endfacet
  facet normal 0 0 -1
    outer loop
      vertex -25.4 19.4 0
      vertex -19.6 19.4 0
      vertex -25.4 -19.4 0
    endloop
  endfacet
  facet normal 0 0 -1
    outer loop
      vertex -19.6 19.4 0
      vertex -25.4 19.4 0
      vertex -19.5863 19.6088 0
    endloop
  endfacet
  facet normal 0 0 -1
    outer loop
      vertex -25.4137 19.6088 0
      vertex -19.5863 19.6088 0
      vertex -25.4 19.4 0
    endloop
  endfacet
  facet normal 0 0 -1
    outer loop
      vertex -19.5863 19.6088 0
      vertex -25.4137 19.6088 0
      vertex -19.5455 19.8141 0
    endloop
  endfacet
  facet normal 0 0 -1
    outer loop
      vertex -25.4545 19.8141 0
      vertex -19.5455 19.8141 0
      vertex -25.4137 19.6088 0
    endloop
  endfacet
  facet normal 0 0 -1
    outer loop
      vertex -19.5455 19.8141 0
      vertex -25.4545 19.8141 0
      vertex -19.4782 20.0123 0
    endloop
  endfacet
  facet normal 0 0 -1
    outer loop
      vertex -25.5218 20.0123 0
      vertex -19.4782 20.0123 0
      vertex -25.4545 19.8141 0
    endloop
  endfacet
  facet normal 0 0 -1
    outer loop
      vertex -19.4782 20.0123 0
      vertex -25.5218 20.0123 0
      vertex -19.3856 20.2 0
    endloop
  endfacet
  facet normal 0 0 -1
    outer loop
      vertex -25.6144 20.2 0
      vertex -19.3856 20.2 0
      vertex -25.5218 20.0123 0
    endloop
  endfacet
  facet normal 0 0 -1
    outer loop
      vertex -19.3856 20.2 0
      vertex -25.6144 20.2 0
      vertex -19.2694 20.374 0
    endloop
  endfacet
  facet normal 0 0 -1
    outer loop
      vertex -25.7306 20.374 0
      vertex -19.2694 20.374 0
      vertex -25.6144 20.2 0
    endloop
  endfacet
  facet normal 0 0 -1
    outer loop
      vertex -19.2694 20.374 0
      vertex -25.7306 20.374 0
      vertex -19.1314 20.5314 0
    endloop
  endfacet
  facet normal 0 0 -1
    outer loop
      vertex -25.8686 20.5314 0
      vertex -19.1314 20.5314 0
      vertex -25.7306 20.374 0
    endloop
  endfacet
  facet normal 0 0 -1
    outer loop
      vertex -19.1314 20.5314 0
      vertex -25.8686 20.5314 0
      vertex -18.974 20.6694 0
    endloop
  endfacet
  facet normal 0 0 -1
    outer loop
      vertex -26.026 20.6694 0
      vertex -18.974 20.6694 0
      vertex -25.8686 20.5314 0
    endloop
  endfacet
  facet normal 0 0 -1
    outer loop
      vertex -18.974 20.6694 0
      vertex -26.026 20.6694 0
      vertex -18.8 20.7856 0
    endloop
  endfacet
  facet normal 0 0 -1
    outer loop
      vertex -26.2 20.7856 0
      vertex -18.8 20.7856 0
      vertex -26.026 20.6694 0
    endloop
  endfacet
  facet normal 0 0 -1
    outer loop
      vertex -18.8 20.7856 0
      vertex -26.2 20.7856 0
      vertex -18.6123 20.8782 0
    endloop
  endfacet
  facet normal 0 0 -1
    outer loop
      vertex -26.3877 20.8782 0
      vertex -18.6123 20.8782 0
      vertex -26.2 20.7856 0
    endloop
  endfacet
  facet normal 0 0 -1
    outer loop
      vertex -18.6123 20.8782 0
      vertex -26.3877 20.8782 0
      vertex -34.455 35.17 0
    endloop
  endfacet
  facet normal 0 0 -1
    outer loop
      vertex -34.455 35.17 0
      vertex -26.3877 20.8782 0
      vertex -26.5859 20.9455 0
    endloop
  endfacet
  facet normal 0 0 -1
    outer loop
      vertex -34.455 35.17 0
      vertex -26.5859 20.9455 0
      vertex -26.7912 20.9863 0
    endloop
  endfacet
  facet normal 0 0 -1
    outer loop
      vertex -34.455 35.17 0
      vertex -26.7912 20.9863 0
      vertex -27 21 0
    endloop
  endfacet
  facet normal 0 0 -1
    outer loop
      vertex -34.455 35.17 0
      vertex -27 21 0
      vertex -27.2088 20.9863 0
    endloop
  endfacet
  facet normal 0 0 -1
    outer loop
      vertex -34.455 24.17 0
      vertex -27.2088 20.9863 0
      vertex -27.4141 20.9455 0
    endloop
  endfacet
  facet normal 0 0 -1
    outer loop
      vertex -34.455 24.17 0
      vertex -27.4141 20.9455 0
      vertex -27.6123 20.8782 0
    endloop
  endfacet
  facet normal 0 0 -1
    outer loop
      vertex -34.455 20.78 0
      vertex -28.6 19.4 0
      vertex -34.455 9.78 0
    endloop
  endfacet
  facet normal 0 0 -1
    outer loop
      vertex -28.6 19.4 0
      vertex -34.455 20.78 0
      vertex -28.5863 19.6088 0
    endloop
  endfacet
  facet normal 0 0 -1
    outer loop
      vertex -28.5863 19.6088 0
      vertex -34.455 20.78 0
      vertex -28.5455 19.8141 0
    endloop
  endfacet
  facet normal 0 0 -1
    outer loop
      vertex -28.5455 19.8141 0
      vertex -34.455 20.78 0
      vertex -28.4782 20.0123 0
    endloop
  endfacet
  facet normal 0 0 -1
    outer loop
      vertex -28.4782 20.0123 0
      vertex -34.455 20.78 0
      vertex -28.3856 20.2 0
    endloop
  endfacet
  facet normal 0 0 -1
    outer loop
      vertex -34.455 20.78 0
      vertex -28.2694 20.374 0
      vertex -28.3856 20.2 0
    endloop
  endfacet
  facet normal 0 0 -1
    outer loop
      vertex -34.455 24.17 0
      vertex -28.2694 20.374 0
      vertex -34.455 20.78 0
    endloop
  endfacet
  facet normal 0 0 -1
    outer loop
      vertex -28.2694 20.374 0
      vertex -34.455 24.17 0
      vertex -28.1314 20.5314 0
    endloop
  endfacet
  facet normal 0 0 -1
    outer loop
      vertex -28.1314 20.5314 0
      vertex -34.455 24.17 0
      vertex -27.974 20.6694 0
    endloop
  endfacet
  facet normal 0 0 -1
    outer loop
      vertex -27.974 20.6694 0
      vertex -34.455 24.17 0
      vertex -27.8 20.7856 0
    endloop
  endfacet
  facet normal 0 0 -1
    outer loop
      vertex -27.8 20.7856 0
      vertex -34.455 24.17 0
      vertex -27.6123 20.8782 0
    endloop
  endfacet
  facet normal 0 0 -1
    outer loop
      vertex -27.2088 20.9863 0
      vertex -34.455 24.17 0
      vertex -34.455 35.17 0
    endloop
  endfacet
  facet normal 0 0 -1
    outer loop
      vertex 0 21 0
      vertex -34.455 35.17 0
      vertex 45.15 47.13 0
    endloop
  endfacet
  facet normal 0 0 -1
    outer loop
      vertex -34.455 35.17 0
      vertex -45.15 47.13 0
      vertex 45.15 47.13 0
    endloop
  endfacet
  facet normal 0 0 -1
    outer loop
      vertex -47.13 45.15 0
      vertex -45.15 47.13 0
      vertex -34.455 35.17 0
    endloop
  endfacet
  facet normal 0 0 -1
    outer loop
      vertex -45.15 47.13 0
      vertex -47.13 45.15 0
      vertex -45.4084 47.1131 0
    endloop
  endfacet
  facet normal 0 0 -1
    outer loop
      vertex -45.4084 47.1131 0
      vertex -47.13 45.15 0
      vertex -45.6625 47.0625 0
    endloop
  endfacet
  facet normal 0 0 -1
    outer loop
      vertex -45.6625 47.0625 0
      vertex -47.13 45.15 0
      vertex -45.9077 46.9793 0
    endloop
  endfacet
  facet normal 0 0 -1
    outer loop
      vertex -45.9077 46.9793 0
      vertex -47.13 45.15 0
      vertex -46.14 46.8647 0
    endloop
  endfacet
  facet normal 0 0 -1
    outer loop
      vertex -46.14 46.8647 0
      vertex -47.13 45.15 0
      vertex -46.3553 46.7208 0
    endloop
  endfacet
  facet normal 0 0 -1
    outer loop
      vertex -46.3553 46.7208 0
      vertex -47.13 45.15 0
      vertex -46.5501 46.5501 0
    endloop
  endfacet
  facet normal 0 0 -1
    outer loop
      vertex -46.5501 46.5501 0
      vertex -47.13 45.15 0
      vertex -46.7208 46.3553 0
    endloop
  endfacet
  facet normal 0 0 -1
    outer loop
      vertex -46.7208 46.3553 0
      vertex -47.13 45.15 0
      vertex -46.8647 46.14 0
    endloop
  endfacet
  facet normal 0 0 -1
    outer loop
      vertex -46.8647 46.14 0
      vertex -47.13 45.15 0
      vertex -46.9793 45.9077 0
    endloop
  endfacet
  facet normal 0 0 -1
    outer loop
      vertex -46.9793 45.9077 0
      vertex -47.13 45.15 0
      vertex -47.0625 45.6625 0
    endloop
  endfacet
  facet normal 0 0 -1
    outer loop
      vertex -47.13 45.15 0
      vertex -34.455 35.17 0
      vertex -47.13 35.17 0
    endloop
  endfacet
  facet normal 0 0 -1
    outer loop
      vertex -47.0625 45.6625 0
      vertex -47.13 45.15 0
      vertex -47.1131 45.4084 0
    endloop
  endfacet
  facet normal -0.194922 0.980819 0
    outer loop
      vertex -26.5859 -20.9455 0
      vertex -26.7912 -20.9863 2.2
      vertex -26.5859 -20.9455 2.2
    endloop
  endfacet
  facet normal -0.194922 0.980819 0
    outer loop
      vertex -26.7912 -20.9863 2.2
      vertex -26.5859 -20.9455 0
      vertex -26.7912 -20.9863 0
    endloop
  endfacet
  facet normal -0.321526 0.946901 0
    outer loop
      vertex -26.3877 -20.8782 0
      vertex -26.5859 -20.9455 2.2
      vertex -26.3877 -20.8782 2.2
    endloop
  endfacet
  facet normal -0.321526 0.946901 0
    outer loop
      vertex -26.5859 -20.9455 2.2
      vertex -26.3877 -20.8782 0
      vertex -26.5859 -20.9455 0
    endloop
  endfacet
  facet normal -0.0654722 0.997854 0
    outer loop
      vertex -26.7912 -20.9863 0
      vertex -27 -21 2.2
      vertex -26.7912 -20.9863 2.2
    endloop
  endfacet
  facet normal -0.0654722 0.997854 0
    outer loop
      vertex -27 -21 2.2
      vertex -26.7912 -20.9863 0
      vertex -27 -21 0
    endloop
  endfacet
  facet normal -1 0 0
    outer loop
      vertex -25.4 -19.4 0
      vertex -25.4 19.4 2.2
      vertex -25.4 19.4 0
    endloop
  endfacet
  facet normal -1 -0 0
    outer loop
      vertex -25.4 19.4 2.2
      vertex -25.4 -19.4 0
      vertex -25.4 -19.4 2.2
    endloop
  endfacet
  facet normal 0.555362 0.831609 -0
    outer loop
      vertex -27.8 -20.7856 0
      vertex -27.974 -20.6694 2.2
      vertex -27.8 -20.7856 2.2
    endloop
  endfacet
  facet normal 0.555362 0.831609 0
    outer loop
      vertex -27.974 -20.6694 2.2
      vertex -27.8 -20.7856 0
      vertex -27.974 -20.6694 0
    endloop
  endfacet
  facet normal -0.831609 0.555362 0
    outer loop
      vertex -25.7306 -20.374 0
      vertex -25.6144 -20.2 2.2
      vertex -25.6144 -20.2 0
    endloop
  endfacet
  facet normal -0.831609 0.555362 0
    outer loop
      vertex -25.6144 -20.2 2.2
      vertex -25.7306 -20.374 0
      vertex -25.7306 -20.374 2.2
    endloop
  endfacet
  facet normal 1 -0 0
    outer loop
      vertex -28.6 -19.4 2.2
      vertex -28.6 19.4 0
      vertex -28.6 19.4 2.2
    endloop
  endfacet
  facet normal 1 0 0
    outer loop
      vertex -28.6 19.4 0
      vertex -28.6 -19.4 2.2
      vertex -28.6 -19.4 0
    endloop
  endfacet
  facet normal -0.321526 -0.946901 0
    outer loop
      vertex -26.5859 20.9455 0
      vertex -26.3877 20.8782 2.2
      vertex -26.5859 20.9455 2.2
    endloop
  endfacet
  facet normal -0.321526 -0.946901 -0
    outer loop
      vertex -26.3877 20.8782 2.2
      vertex -26.5859 20.9455 0
      vertex -26.3877 20.8782 0
    endloop
  endfacet
  facet normal -0.659248 0.751925 0
    outer loop
      vertex -25.8686 -20.5314 0
      vertex -26.026 -20.6694 2.2
      vertex -25.8686 -20.5314 2.2
    endloop
  endfacet
  facet normal -0.659248 0.751925 0
    outer loop
      vertex -26.026 -20.6694 2.2
      vertex -25.8686 -20.5314 0
      vertex -26.026 -20.6694 0
    endloop
  endfacet
  facet normal 0.831609 0.555362 0
    outer loop
      vertex -28.2694 -20.374 2.2
      vertex -28.3856 -20.2 0
      vertex -28.3856 -20.2 2.2
    endloop
  endfacet
  facet normal 0.831609 0.555362 0
    outer loop
      vertex -28.3856 -20.2 0
      vertex -28.2694 -20.374 2.2
      vertex -28.2694 -20.374 0
    endloop
  endfacet
  facet normal 0.751925 0.659248 0
    outer loop
      vertex -28.1314 -20.5314 2.2
      vertex -28.2694 -20.374 0
      vertex -28.2694 -20.374 2.2
    endloop
  endfacet
  facet normal 0.751925 0.659248 0
    outer loop
      vertex -28.2694 -20.374 0
      vertex -28.1314 -20.5314 2.2
      vertex -28.1314 -20.5314 0
    endloop
  endfacet
  facet normal -0.0654722 -0.997854 0
    outer loop
      vertex -27 21 0
      vertex -26.7912 20.9863 2.2
      vertex -27 21 2.2
    endloop
  endfacet
  facet normal -0.0654722 -0.997854 -0
    outer loop
      vertex -26.7912 20.9863 2.2
      vertex -27 21 0
      vertex -26.7912 20.9863 0
    endloop
  endfacet
  facet normal -0.442429 -0.896803 0
    outer loop
      vertex -26.3877 20.8782 0
      vertex -26.2 20.7856 2.2
      vertex -26.3877 20.8782 2.2
    endloop
  endfacet
  facet normal -0.442429 -0.896803 -0
    outer loop
      vertex -26.2 20.7856 2.2
      vertex -26.3877 20.8782 0
      vertex -26.2 20.7856 0
    endloop
  endfacet
  facet normal -0.659248 -0.751925 0
    outer loop
      vertex -26.026 20.6694 0
      vertex -25.8686 20.5314 2.2
      vertex -26.026 20.6694 2.2
    endloop
  endfacet
  facet normal -0.659248 -0.751925 -0
    outer loop
      vertex -25.8686 20.5314 2.2
      vertex -26.026 20.6694 0
      vertex -25.8686 20.5314 0
    endloop
  endfacet
  facet normal 0.321526 0.946901 -0
    outer loop
      vertex -27.4141 -20.9455 0
      vertex -27.6123 -20.8782 2.2
      vertex -27.4141 -20.9455 2.2
    endloop
  endfacet
  facet normal 0.321526 0.946901 0
    outer loop
      vertex -27.6123 -20.8782 2.2
      vertex -27.4141 -20.9455 0
      vertex -27.6123 -20.8782 0
    endloop
  endfacet
  facet normal 0.442429 0.896803 -0
    outer loop
      vertex -27.6123 -20.8782 0
      vertex -27.8 -20.7856 2.2
      vertex -27.6123 -20.8782 2.2
    endloop
  endfacet
  facet normal 0.442429 0.896803 0
    outer loop
      vertex -27.8 -20.7856 2.2
      vertex -27.6123 -20.8782 0
      vertex -27.8 -20.7856 0
    endloop
  endfacet
  facet normal 0.946901 0.321526 0
    outer loop
      vertex -28.4782 -20.0123 2.2
      vertex -28.5455 -19.8141 0
      vertex -28.5455 -19.8141 2.2
    endloop
  endfacet
  facet normal 0.946901 0.321526 0
    outer loop
      vertex -28.5455 -19.8141 0
      vertex -28.4782 -20.0123 2.2
      vertex -28.4782 -20.0123 0
    endloop
  endfacet
  facet normal 0.997854 -0.0654722 0
    outer loop
      vertex -28.6 19.4 2.2
      vertex -28.5863 19.6088 0
      vertex -28.5863 19.6088 2.2
    endloop
  endfacet
  facet normal 0.997854 -0.0654722 0
    outer loop
      vertex -28.5863 19.6088 0
      vertex -28.6 19.4 2.2
      vertex -28.6 19.4 0
    endloop
  endfacet
  facet normal 0.980819 -0.194922 0
    outer loop
      vertex -28.5863 19.6088 2.2
      vertex -28.5455 19.8141 0
      vertex -28.5455 19.8141 2.2
    endloop
  endfacet
  facet normal 0.980819 -0.194922 0
    outer loop
      vertex -28.5455 19.8141 0
      vertex -28.5863 19.6088 2.2
      vertex -28.5863 19.6088 0
    endloop
  endfacet
  facet normal 0.946901 -0.321526 0
    outer loop
      vertex -28.5455 19.8141 2.2
      vertex -28.4782 20.0123 0
      vertex -28.4782 20.0123 2.2
    endloop
  endfacet
  facet normal 0.946901 -0.321526 0
    outer loop
      vertex -28.4782 20.0123 0
      vertex -28.5455 19.8141 2.2
      vertex -28.5455 19.8141 0
    endloop
  endfacet
  facet normal 0.659248 -0.751925 0
    outer loop
      vertex -28.1314 20.5314 0
      vertex -27.974 20.6694 2.2
      vertex -28.1314 20.5314 2.2
    endloop
  endfacet
  facet normal 0.659248 -0.751925 0
    outer loop
      vertex -27.974 20.6694 2.2
      vertex -28.1314 20.5314 0
      vertex -27.974 20.6694 0
    endloop
  endfacet
  facet normal 0.751925 -0.659248 0
    outer loop
      vertex -28.2694 20.374 2.2
      vertex -28.1314 20.5314 0
      vertex -28.1314 20.5314 2.2
    endloop
  endfacet
  facet normal 0.751925 -0.659248 0
    outer loop
      vertex -28.1314 20.5314 0
      vertex -28.2694 20.374 2.2
      vertex -28.2694 20.374 0
    endloop
  endfacet
  facet normal 0.555362 -0.831609 0
    outer loop
      vertex -27.974 20.6694 0
      vertex -27.8 20.7856 2.2
      vertex -27.974 20.6694 2.2
    endloop
  endfacet
  facet normal 0.555362 -0.831609 0
    outer loop
      vertex -27.8 20.7856 2.2
      vertex -27.974 20.6694 0
      vertex -27.8 20.7856 0
    endloop
  endfacet
  facet normal 0.194922 -0.980819 0
    outer loop
      vertex -27.4141 20.9455 0
      vertex -27.2088 20.9863 2.2
      vertex -27.4141 20.9455 2.2
    endloop
  endfacet
  facet normal 0.194922 -0.980819 0
    outer loop
      vertex -27.2088 20.9863 2.2
      vertex -27.4141 20.9455 0
      vertex -27.2088 20.9863 0
    endloop
  endfacet
  facet normal -0.194922 -0.980819 0
    outer loop
      vertex -26.7912 20.9863 0
      vertex -26.5859 20.9455 2.2
      vertex -26.7912 20.9863 2.2
    endloop
  endfacet
  facet normal -0.194922 -0.980819 -0
    outer loop
      vertex -26.5859 20.9455 2.2
      vertex -26.7912 20.9863 0
      vertex -26.5859 20.9455 0
    endloop
  endfacet
  facet normal -0.997854 0.0654722 0
    outer loop
      vertex -25.4137 -19.6088 0
      vertex -25.4 -19.4 2.2
      vertex -25.4 -19.4 0
    endloop
  endfacet
  facet normal -0.997854 0.0654722 0
    outer loop
      vertex -25.4 -19.4 2.2
      vertex -25.4137 -19.6088 0
      vertex -25.4137 -19.6088 2.2
    endloop
  endfacet
  facet normal -0.980819 0.194922 0
    outer loop
      vertex -25.4545 -19.8141 0
      vertex -25.4137 -19.6088 2.2
      vertex -25.4137 -19.6088 0
    endloop
  endfacet
  facet normal -0.980819 0.194922 0
    outer loop
      vertex -25.4137 -19.6088 2.2
      vertex -25.4545 -19.8141 0
      vertex -25.4545 -19.8141 2.2
    endloop
  endfacet
  facet normal -0.751925 0.659248 0
    outer loop
      vertex -25.8686 -20.5314 0
      vertex -25.7306 -20.374 2.2
      vertex -25.7306 -20.374 0
    endloop
  endfacet
  facet normal -0.751925 0.659248 0
    outer loop
      vertex -25.7306 -20.374 2.2
      vertex -25.8686 -20.5314 0
      vertex -25.8686 -20.5314 2.2
    endloop
  endfacet
  facet normal 0.0654722 0.997854 -0
    outer loop
      vertex -27 -21 0
      vertex -27.2088 -20.9863 2.2
      vertex -27 -21 2.2
    endloop
  endfacet
  facet normal 0.0654722 0.997854 0
    outer loop
      vertex -27.2088 -20.9863 2.2
      vertex -27 -21 0
      vertex -27.2088 -20.9863 0
    endloop
  endfacet
  facet normal 0.194922 0.980819 -0
    outer loop
      vertex -27.2088 -20.9863 0
      vertex -27.4141 -20.9455 2.2
      vertex -27.2088 -20.9863 2.2
    endloop
  endfacet
  facet normal 0.194922 0.980819 0
    outer loop
      vertex -27.4141 -20.9455 2.2
      vertex -27.2088 -20.9863 0
      vertex -27.4141 -20.9455 0
    endloop
  endfacet
  facet normal 0.896803 0.442429 0
    outer loop
      vertex -28.3856 -20.2 2.2
      vertex -28.4782 -20.0123 0
      vertex -28.4782 -20.0123 2.2
    endloop
  endfacet
  facet normal 0.896803 0.442429 0
    outer loop
      vertex -28.4782 -20.0123 0
      vertex -28.3856 -20.2 2.2
      vertex -28.3856 -20.2 0
    endloop
  endfacet
  facet normal 0.980819 0.194922 0
    outer loop
      vertex -28.5455 -19.8141 2.2
      vertex -28.5863 -19.6088 0
      vertex -28.5863 -19.6088 2.2
    endloop
  endfacet
  facet normal 0.980819 0.194922 0
    outer loop
      vertex -28.5863 -19.6088 0
      vertex -28.5455 -19.8141 2.2
      vertex -28.5455 -19.8141 0
    endloop
  endfacet
  facet normal 0.997854 0.0654722 0
    outer loop
      vertex -28.5863 -19.6088 2.2
      vertex -28.6 -19.4 0
      vertex -28.6 -19.4 2.2
    endloop
  endfacet
  facet normal 0.997854 0.0654722 0
    outer loop
      vertex -28.6 -19.4 0
      vertex -28.5863 -19.6088 2.2
      vertex -28.5863 -19.6088 0
    endloop
  endfacet
  facet normal 0.659248 0.751925 -0
    outer loop
      vertex -27.974 -20.6694 0
      vertex -28.1314 -20.5314 2.2
      vertex -27.974 -20.6694 2.2
    endloop
  endfacet
  facet normal 0.659248 0.751925 0
    outer loop
      vertex -28.1314 -20.5314 2.2
      vertex -27.974 -20.6694 0
      vertex -28.1314 -20.5314 0
    endloop
  endfacet
  facet normal 0.831609 -0.555362 0
    outer loop
      vertex -28.3856 20.2 2.2
      vertex -28.2694 20.374 0
      vertex -28.2694 20.374 2.2
    endloop
  endfacet
  facet normal 0.831609 -0.555362 0
    outer loop
      vertex -28.2694 20.374 0
      vertex -28.3856 20.2 2.2
      vertex -28.3856 20.2 0
    endloop
  endfacet
  facet normal 0.321526 -0.946901 0
    outer loop
      vertex -27.6123 20.8782 0
      vertex -27.4141 20.9455 2.2
      vertex -27.6123 20.8782 2.2
    endloop
  endfacet
  facet normal 0.321526 -0.946901 0
    outer loop
      vertex -27.4141 20.9455 2.2
      vertex -27.6123 20.8782 0
      vertex -27.4141 20.9455 0
    endloop
  endfacet
  facet normal -0.555362 -0.831609 0
    outer loop
      vertex -26.2 20.7856 0
      vertex -26.026 20.6694 2.2
      vertex -26.2 20.7856 2.2
    endloop
  endfacet
  facet normal -0.555362 -0.831609 -0
    outer loop
      vertex -26.026 20.6694 2.2
      vertex -26.2 20.7856 0
      vertex -26.026 20.6694 0
    endloop
  endfacet
  facet normal 0.0654722 -0.997854 0
    outer loop
      vertex -27.2088 20.9863 0
      vertex -27 21 2.2
      vertex -27.2088 20.9863 2.2
    endloop
  endfacet
  facet normal 0.0654722 -0.997854 0
    outer loop
      vertex -27 21 2.2
      vertex -27.2088 20.9863 0
      vertex -27 21 0
    endloop
  endfacet
  facet normal -0.831609 -0.555362 0
    outer loop
      vertex -25.6144 20.2 0
      vertex -25.7306 20.374 2.2
      vertex -25.7306 20.374 0
    endloop
  endfacet
  facet normal -0.831609 -0.555362 0
    outer loop
      vertex -25.7306 20.374 2.2
      vertex -25.6144 20.2 0
      vertex -25.6144 20.2 2.2
    endloop
  endfacet
  facet normal -0.980819 -0.194922 0
    outer loop
      vertex -25.4137 19.6088 0
      vertex -25.4545 19.8141 2.2
      vertex -25.4545 19.8141 0
    endloop
  endfacet
  facet normal -0.980819 -0.194922 0
    outer loop
      vertex -25.4545 19.8141 2.2
      vertex -25.4137 19.6088 0
      vertex -25.4137 19.6088 2.2
    endloop
  endfacet
  facet normal -0.997854 -0.0654722 0
    outer loop
      vertex -25.4 19.4 0
      vertex -25.4137 19.6088 2.2
      vertex -25.4137 19.6088 0
    endloop
  endfacet
  facet normal -0.997854 -0.0654722 0
    outer loop
      vertex -25.4137 19.6088 2.2
      vertex -25.4 19.4 0
      vertex -25.4 19.4 2.2
    endloop
  endfacet
  facet normal -0.896803 -0.442429 0
    outer loop
      vertex -25.5218 20.0123 0
      vertex -25.6144 20.2 2.2
      vertex -25.6144 20.2 0
    endloop
  endfacet
  facet normal -0.896803 -0.442429 0
    outer loop
      vertex -25.6144 20.2 2.2
      vertex -25.5218 20.0123 0
      vertex -25.5218 20.0123 2.2
    endloop
  endfacet
  facet normal 0.896803 -0.442429 0
    outer loop
      vertex -28.4782 20.0123 2.2
      vertex -28.3856 20.2 0
      vertex -28.3856 20.2 2.2
    endloop
  endfacet
  facet normal 0.896803 -0.442429 0
    outer loop
      vertex -28.3856 20.2 0
      vertex -28.4782 20.0123 2.2
      vertex -28.4782 20.0123 0
    endloop
  endfacet
  facet normal 0.442429 -0.896803 0
    outer loop
      vertex -27.8 20.7856 0
      vertex -27.6123 20.8782 2.2
      vertex -27.8 20.7856 2.2
    endloop
  endfacet
  facet normal 0.442429 -0.896803 0
    outer loop
      vertex -27.6123 20.8782 2.2
      vertex -27.8 20.7856 0
      vertex -27.6123 20.8782 0
    endloop
  endfacet
  facet normal -0.751925 -0.659248 0
    outer loop
      vertex -25.7306 20.374 0
      vertex -25.8686 20.5314 2.2
      vertex -25.8686 20.5314 0
    endloop
  endfacet
  facet normal -0.751925 -0.659248 0
    outer loop
      vertex -25.8686 20.5314 2.2
      vertex -25.7306 20.374 0
      vertex -25.7306 20.374 2.2
    endloop
  endfacet
  facet normal -0.946901 -0.321526 0
    outer loop
      vertex -25.4545 19.8141 0
      vertex -25.5218 20.0123 2.2
      vertex -25.5218 20.0123 0
    endloop
  endfacet
  facet normal -0.946901 -0.321526 0
    outer loop
      vertex -25.5218 20.0123 2.2
      vertex -25.4545 19.8141 0
      vertex -25.4545 19.8141 2.2
    endloop
  endfacet
  facet normal -0.896803 0.442429 0
    outer loop
      vertex -25.6144 -20.2 0
      vertex -25.5218 -20.0123 2.2
      vertex -25.5218 -20.0123 0
    endloop
  endfacet
  facet normal -0.896803 0.442429 0
    outer loop
      vertex -25.5218 -20.0123 2.2
      vertex -25.6144 -20.2 0
      vertex -25.6144 -20.2 2.2
    endloop
  endfacet
  facet normal -0.946901 0.321526 0
    outer loop
      vertex -25.5218 -20.0123 0
      vertex -25.4545 -19.8141 2.2
      vertex -25.4545 -19.8141 0
    endloop
  endfacet
  facet normal -0.946901 0.321526 0
    outer loop
      vertex -25.4545 -19.8141 2.2
      vertex -25.5218 -20.0123 0
      vertex -25.5218 -20.0123 2.2
    endloop
  endfacet
  facet normal -0.555362 0.831609 0
    outer loop
      vertex -26.026 -20.6694 0
      vertex -26.2 -20.7856 2.2
      vertex -26.026 -20.6694 2.2
    endloop
  endfacet
  facet normal -0.555362 0.831609 0
    outer loop
      vertex -26.2 -20.7856 2.2
      vertex -26.026 -20.6694 0
      vertex -26.2 -20.7856 0
    endloop
  endfacet
  facet normal -0.442429 0.896803 0
    outer loop
      vertex -26.2 -20.7856 0
      vertex -26.3877 -20.8782 2.2
      vertex -26.2 -20.7856 2.2
    endloop
  endfacet
  facet normal -0.442429 0.896803 0
    outer loop
      vertex -26.3877 -20.8782 2.2
      vertex -26.2 -20.7856 0
      vertex -26.3877 -20.8782 0
    endloop
  endfacet
  facet normal -0.194922 0.980819 0
    outer loop
      vertex -17.5859 -20.9455 0
      vertex -17.7912 -20.9863 2.2
      vertex -17.5859 -20.9455 2.2
    endloop
  endfacet
  facet normal -0.194922 0.980819 0
    outer loop
      vertex -17.7912 -20.9863 2.2
      vertex -17.5859 -20.9455 0
      vertex -17.7912 -20.9863 0
    endloop
  endfacet
  facet normal -0.321526 0.946901 0
    outer loop
      vertex -17.3877 -20.8782 0
      vertex -17.5859 -20.9455 2.2
      vertex -17.3877 -20.8782 2.2
    endloop
  endfacet
  facet normal -0.321526 0.946901 0
    outer loop
      vertex -17.5859 -20.9455 2.2
      vertex -17.3877 -20.8782 0
      vertex -17.5859 -20.9455 0
    endloop
  endfacet
  facet normal -0.0654722 0.997854 0
    outer loop
      vertex -17.7912 -20.9863 0
      vertex -18 -21 2.2
      vertex -17.7912 -20.9863 2.2
    endloop
  endfacet
  facet normal -0.0654722 0.997854 0
    outer loop
      vertex -18 -21 2.2
      vertex -17.7912 -20.9863 0
      vertex -18 -21 0
    endloop
  endfacet
  facet normal 0.997854 0.0654722 0
    outer loop
      vertex -19.5863 -19.6088 2.2
      vertex -19.6 -19.4 0
      vertex -19.6 -19.4 2.2
    endloop
  endfacet
  facet normal 0.997854 0.0654722 0
    outer loop
      vertex -19.6 -19.4 0
      vertex -19.5863 -19.6088 2.2
      vertex -19.5863 -19.6088 0
    endloop
  endfacet
  facet normal -1 0 0
    outer loop
      vertex -16.4 -19.4 0
      vertex -16.4 19.4 2.2
      vertex -16.4 19.4 0
    endloop
  endfacet
  facet normal -1 -0 0
    outer loop
      vertex -16.4 19.4 2.2
      vertex -16.4 -19.4 0
      vertex -16.4 -19.4 2.2
    endloop
  endfacet
  facet normal 0.555362 0.831609 -0
    outer loop
      vertex -18.8 -20.7856 0
      vertex -18.974 -20.6694 2.2
      vertex -18.8 -20.7856 2.2
    endloop
  endfacet
  facet normal 0.555362 0.831609 0
    outer loop
      vertex -18.974 -20.6694 2.2
      vertex -18.8 -20.7856 0
      vertex -18.974 -20.6694 0
    endloop
  endfacet
  facet normal 1 -0 0
    outer loop
      vertex -19.6 -19.4 2.2
      vertex -19.6 19.4 0
      vertex -19.6 19.4 2.2
    endloop
  endfacet
  facet normal 1 0 0
    outer loop
      vertex -19.6 19.4 0
      vertex -19.6 -19.4 2.2
      vertex -19.6 -19.4 0
    endloop
  endfacet
  facet normal -0.321526 -0.946901 0
    outer loop
      vertex -17.5859 20.9455 0
      vertex -17.3877 20.8782 2.2
      vertex -17.5859 20.9455 2.2
    endloop
  endfacet
  facet normal -0.321526 -0.946901 -0
    outer loop
      vertex -17.3877 20.8782 2.2
      vertex -17.5859 20.9455 0
      vertex -17.3877 20.8782 0
    endloop
  endfacet
  facet normal -0.831609 0.555362 0
    outer loop
      vertex -16.7306 -20.374 0
      vertex -16.6144 -20.2 2.2
      vertex -16.6144 -20.2 0
    endloop
  endfacet
  facet normal -0.831609 0.555362 0
    outer loop
      vertex -16.6144 -20.2 2.2
      vertex -16.7306 -20.374 0
      vertex -16.7306 -20.374 2.2
    endloop
  endfacet
  facet normal -0.659248 0.751925 0
    outer loop
      vertex -16.8686 -20.5314 0
      vertex -17.026 -20.6694 2.2
      vertex -16.8686 -20.5314 2.2
    endloop
  endfacet
  facet normal -0.659248 0.751925 0
    outer loop
      vertex -17.026 -20.6694 2.2
      vertex -16.8686 -20.5314 0
      vertex -17.026 -20.6694 0
    endloop
  endfacet
  facet normal 0.831609 0.555362 0
    outer loop
      vertex -19.2694 -20.374 2.2
      vertex -19.3856 -20.2 0
      vertex -19.3856 -20.2 2.2
    endloop
  endfacet
  facet normal 0.831609 0.555362 0
    outer loop
      vertex -19.3856 -20.2 0
      vertex -19.2694 -20.374 2.2
      vertex -19.2694 -20.374 0
    endloop
  endfacet
  facet normal 0.751925 0.659248 0
    outer loop
      vertex -19.1314 -20.5314 2.2
      vertex -19.2694 -20.374 0
      vertex -19.2694 -20.374 2.2
    endloop
  endfacet
  facet normal 0.751925 0.659248 0
    outer loop
      vertex -19.2694 -20.374 0
      vertex -19.1314 -20.5314 2.2
      vertex -19.1314 -20.5314 0
    endloop
  endfacet
  facet normal 0.997854 -0.0654722 0
    outer loop
      vertex -19.6 19.4 2.2
      vertex -19.5863 19.6088 0
      vertex -19.5863 19.6088 2.2
    endloop
  endfacet
  facet normal 0.997854 -0.0654722 0
    outer loop
      vertex -19.5863 19.6088 0
      vertex -19.6 19.4 2.2
      vertex -19.6 19.4 0
    endloop
  endfacet
  facet normal -0.659248 -0.751925 0
    outer loop
      vertex -17.026 20.6694 0
      vertex -16.8686 20.5314 2.2
      vertex -17.026 20.6694 2.2
    endloop
  endfacet
  facet normal -0.659248 -0.751925 -0
    outer loop
      vertex -16.8686 20.5314 2.2
      vertex -17.026 20.6694 0
      vertex -16.8686 20.5314 0
    endloop
  endfacet
  facet normal 0.321526 0.946901 -0
    outer loop
      vertex -18.4141 -20.9455 0
      vertex -18.6123 -20.8782 2.2
      vertex -18.4141 -20.9455 2.2
    endloop
  endfacet
  facet normal 0.321526 0.946901 0
    outer loop
      vertex -18.6123 -20.8782 2.2
      vertex -18.4141 -20.9455 0
      vertex -18.6123 -20.8782 0
    endloop
  endfacet
  facet normal 0.946901 0.321526 0
    outer loop
      vertex -19.4782 -20.0123 2.2
      vertex -19.5455 -19.8141 0
      vertex -19.5455 -19.8141 2.2
    endloop
  endfacet
  facet normal 0.946901 0.321526 0
    outer loop
      vertex -19.5455 -19.8141 0
      vertex -19.4782 -20.0123 2.2
      vertex -19.4782 -20.0123 0
    endloop
  endfacet
  facet normal 0.896803 0.442429 0
    outer loop
      vertex -19.3856 -20.2 2.2
      vertex -19.4782 -20.0123 0
      vertex -19.4782 -20.0123 2.2
    endloop
  endfacet
  facet normal 0.896803 0.442429 0
    outer loop
      vertex -19.4782 -20.0123 0
      vertex -19.3856 -20.2 2.2
      vertex -19.3856 -20.2 0
    endloop
  endfacet
  facet normal 0.659248 0.751925 -0
    outer loop
      vertex -18.974 -20.6694 0
      vertex -19.1314 -20.5314 2.2
      vertex -18.974 -20.6694 2.2
    endloop
  endfacet
  facet normal 0.659248 0.751925 0
    outer loop
      vertex -19.1314 -20.5314 2.2
      vertex -18.974 -20.6694 0
      vertex -19.1314 -20.5314 0
    endloop
  endfacet
  facet normal 0.751925 -0.659248 0
    outer loop
      vertex -19.2694 20.374 2.2
      vertex -19.1314 20.5314 0
      vertex -19.1314 20.5314 2.2
    endloop
  endfacet
  facet normal 0.751925 -0.659248 0
    outer loop
      vertex -19.1314 20.5314 0
      vertex -19.2694 20.374 2.2
      vertex -19.2694 20.374 0
    endloop
  endfacet
  facet normal 0.194922 -0.980819 0
    outer loop
      vertex -18.4141 20.9455 0
      vertex -18.2088 20.9863 2.2
      vertex -18.4141 20.9455 2.2
    endloop
  endfacet
  facet normal 0.194922 -0.980819 0
    outer loop
      vertex -18.2088 20.9863 2.2
      vertex -18.4141 20.9455 0
      vertex -18.2088 20.9863 0
    endloop
  endfacet
  facet normal -0.442429 -0.896803 0
    outer loop
      vertex -17.3877 20.8782 0
      vertex -17.2 20.7856 2.2
      vertex -17.3877 20.8782 2.2
    endloop
  endfacet
  facet normal -0.442429 -0.896803 -0
    outer loop
      vertex -17.2 20.7856 2.2
      vertex -17.3877 20.8782 0
      vertex -17.2 20.7856 0
    endloop
  endfacet
  facet normal -0.555362 -0.831609 0
    outer loop
      vertex -17.2 20.7856 0
      vertex -17.026 20.6694 2.2
      vertex -17.2 20.7856 2.2
    endloop
  endfacet
  facet normal -0.555362 -0.831609 -0
    outer loop
      vertex -17.026 20.6694 2.2
      vertex -17.2 20.7856 0
      vertex -17.026 20.6694 0
    endloop
  endfacet
  facet normal -0.997854 0.0654722 0
    outer loop
      vertex -16.4137 -19.6088 0
      vertex -16.4 -19.4 2.2
      vertex -16.4 -19.4 0
    endloop
  endfacet
  facet normal -0.997854 0.0654722 0
    outer loop
      vertex -16.4 -19.4 2.2
      vertex -16.4137 -19.6088 0
      vertex -16.4137 -19.6088 2.2
    endloop
  endfacet
  facet normal -0.980819 0.194922 0
    outer loop
      vertex -16.4545 -19.8141 0
      vertex -16.4137 -19.6088 2.2
      vertex -16.4137 -19.6088 0
    endloop
  endfacet
  facet normal -0.980819 0.194922 0
    outer loop
      vertex -16.4137 -19.6088 2.2
      vertex -16.4545 -19.8141 0
      vertex -16.4545 -19.8141 2.2
    endloop
  endfacet
  facet normal -0.751925 0.659248 0
    outer loop
      vertex -16.8686 -20.5314 0
      vertex -16.7306 -20.374 2.2
      vertex -16.7306 -20.374 0
    endloop
  endfacet
  facet normal -0.751925 0.659248 0
    outer loop
      vertex -16.7306 -20.374 2.2
      vertex -16.8686 -20.5314 0
      vertex -16.8686 -20.5314 2.2
    endloop
  endfacet
  facet normal -0.442429 0.896803 0
    outer loop
      vertex -17.2 -20.7856 0
      vertex -17.3877 -20.8782 2.2
      vertex -17.2 -20.7856 2.2
    endloop
  endfacet
  facet normal -0.442429 0.896803 0
    outer loop
      vertex -17.3877 -20.8782 2.2
      vertex -17.2 -20.7856 0
      vertex -17.3877 -20.8782 0
    endloop
  endfacet
  facet normal 0.0654722 0.997854 -0
    outer loop
      vertex -18 -21 0
      vertex -18.2088 -20.9863 2.2
      vertex -18 -21 2.2
    endloop
  endfacet
  facet normal 0.0654722 0.997854 0
    outer loop
      vertex -18.2088 -20.9863 2.2
      vertex -18 -21 0
      vertex -18.2088 -20.9863 0
    endloop
  endfacet
  facet normal 0.194922 0.980819 -0
    outer loop
      vertex -18.2088 -20.9863 0
      vertex -18.4141 -20.9455 2.2
      vertex -18.2088 -20.9863 2.2
    endloop
  endfacet
  facet normal 0.194922 0.980819 0
    outer loop
      vertex -18.4141 -20.9455 2.2
      vertex -18.2088 -20.9863 0
      vertex -18.4141 -20.9455 0
    endloop
  endfacet
  facet normal 0.442429 0.896803 -0
    outer loop
      vertex -18.6123 -20.8782 0
      vertex -18.8 -20.7856 2.2
      vertex -18.6123 -20.8782 2.2
    endloop
  endfacet
  facet normal 0.442429 0.896803 0
    outer loop
      vertex -18.8 -20.7856 2.2
      vertex -18.6123 -20.8782 0
      vertex -18.8 -20.7856 0
    endloop
  endfacet
  facet normal 0.980819 0.194922 0
    outer loop
      vertex -19.5455 -19.8141 2.2
      vertex -19.5863 -19.6088 0
      vertex -19.5863 -19.6088 2.2
    endloop
  endfacet
  facet normal 0.980819 0.194922 0
    outer loop
      vertex -19.5863 -19.6088 0
      vertex -19.5455 -19.8141 2.2
      vertex -19.5455 -19.8141 0
    endloop
  endfacet
  facet normal 0.980819 -0.194922 0
    outer loop
      vertex -19.5863 19.6088 2.2
      vertex -19.5455 19.8141 0
      vertex -19.5455 19.8141 2.2
    endloop
  endfacet
  facet normal 0.980819 -0.194922 0
    outer loop
      vertex -19.5455 19.8141 0
      vertex -19.5863 19.6088 2.2
      vertex -19.5863 19.6088 0
    endloop
  endfacet
  facet normal 0.831609 -0.555362 0
    outer loop
      vertex -19.3856 20.2 2.2
      vertex -19.2694 20.374 0
      vertex -19.2694 20.374 2.2
    endloop
  endfacet
  facet normal 0.831609 -0.555362 0
    outer loop
      vertex -19.2694 20.374 0
      vertex -19.3856 20.2 2.2
      vertex -19.3856 20.2 0
    endloop
  endfacet
  facet normal 0.946901 -0.321526 0
    outer loop
      vertex -19.5455 19.8141 2.2
      vertex -19.4782 20.0123 0
      vertex -19.4782 20.0123 2.2
    endloop
  endfacet
  facet normal 0.946901 -0.321526 0
    outer loop
      vertex -19.4782 20.0123 0
      vertex -19.5455 19.8141 2.2
      vertex -19.5455 19.8141 0
    endloop
  endfacet
  facet normal 0.659248 -0.751925 0
    outer loop
      vertex -19.1314 20.5314 0
      vertex -18.974 20.6694 2.2
      vertex -19.1314 20.5314 2.2
    endloop
  endfacet
  facet normal 0.659248 -0.751925 0
    outer loop
      vertex -18.974 20.6694 2.2
      vertex -19.1314 20.5314 0
      vertex -18.974 20.6694 0
    endloop
  endfacet
  facet normal 0.555362 -0.831609 0
    outer loop
      vertex -18.974 20.6694 0
      vertex -18.8 20.7856 2.2
      vertex -18.974 20.6694 2.2
    endloop
  endfacet
  facet normal 0.555362 -0.831609 0
    outer loop
      vertex -18.8 20.7856 2.2
      vertex -18.974 20.6694 0
      vertex -18.8 20.7856 0
    endloop
  endfacet
  facet normal 0.321526 -0.946901 0
    outer loop
      vertex -18.6123 20.8782 0
      vertex -18.4141 20.9455 2.2
      vertex -18.6123 20.8782 2.2
    endloop
  endfacet
  facet normal 0.321526 -0.946901 0
    outer loop
      vertex -18.4141 20.9455 2.2
      vertex -18.6123 20.8782 0
      vertex -18.4141 20.9455 0
    endloop
  endfacet
  facet normal -0.0654722 -0.997854 0
    outer loop
      vertex -18 21 0
      vertex -17.7912 20.9863 2.2
      vertex -18 21 2.2
    endloop
  endfacet
  facet normal -0.0654722 -0.997854 -0
    outer loop
      vertex -17.7912 20.9863 2.2
      vertex -18 21 0
      vertex -17.7912 20.9863 0
    endloop
  endfacet
  facet normal -0.194922 -0.980819 0
    outer loop
      vertex -17.7912 20.9863 0
      vertex -17.5859 20.9455 2.2
      vertex -17.7912 20.9863 2.2
    endloop
  endfacet
  facet normal -0.194922 -0.980819 -0
    outer loop
      vertex -17.5859 20.9455 2.2
      vertex -17.7912 20.9863 0
      vertex -17.5859 20.9455 0
    endloop
  endfacet
  facet normal 0.0654722 -0.997854 0
    outer loop
      vertex -18.2088 20.9863 0
      vertex -18 21 2.2
      vertex -18.2088 20.9863 2.2
    endloop
  endfacet
  facet normal 0.0654722 -0.997854 0
    outer loop
      vertex -18 21 2.2
      vertex -18.2088 20.9863 0
      vertex -18 21 0
    endloop
  endfacet
  facet normal -0.831609 -0.555362 0
    outer loop
      vertex -16.6144 20.2 0
      vertex -16.7306 20.374 2.2
      vertex -16.7306 20.374 0
    endloop
  endfacet
  facet normal -0.831609 -0.555362 0
    outer loop
      vertex -16.7306 20.374 2.2
      vertex -16.6144 20.2 0
      vertex -16.6144 20.2 2.2
    endloop
  endfacet
  facet normal -0.896803 -0.442429 0
    outer loop
      vertex -16.5218 20.0123 0
      vertex -16.6144 20.2 2.2
      vertex -16.6144 20.2 0
    endloop
  endfacet
  facet normal -0.896803 -0.442429 0
    outer loop
      vertex -16.6144 20.2 2.2
      vertex -16.5218 20.0123 0
      vertex -16.5218 20.0123 2.2
    endloop
  endfacet
  facet normal 0.896803 -0.442429 0
    outer loop
      vertex -19.4782 20.0123 2.2
      vertex -19.3856 20.2 0
      vertex -19.3856 20.2 2.2
    endloop
  endfacet
  facet normal 0.896803 -0.442429 0
    outer loop
      vertex -19.3856 20.2 0
      vertex -19.4782 20.0123 2.2
      vertex -19.4782 20.0123 0
    endloop
  endfacet
  facet normal 0.442429 -0.896803 0
    outer loop
      vertex -18.8 20.7856 0
      vertex -18.6123 20.8782 2.2
      vertex -18.8 20.7856 2.2
    endloop
  endfacet
  facet normal 0.442429 -0.896803 0
    outer loop
      vertex -18.6123 20.8782 2.2
      vertex -18.8 20.7856 0
      vertex -18.6123 20.8782 0
    endloop
  endfacet
  facet normal -0.751925 -0.659248 0
    outer loop
      vertex -16.7306 20.374 0
      vertex -16.8686 20.5314 2.2
      vertex -16.8686 20.5314 0
    endloop
  endfacet
  facet normal -0.751925 -0.659248 0
    outer loop
      vertex -16.8686 20.5314 2.2
      vertex -16.7306 20.374 0
      vertex -16.7306 20.374 2.2
    endloop
  endfacet
  facet normal -0.980819 -0.194922 0
    outer loop
      vertex -16.4137 19.6088 0
      vertex -16.4545 19.8141 2.2
      vertex -16.4545 19.8141 0
    endloop
  endfacet
  facet normal -0.980819 -0.194922 0
    outer loop
      vertex -16.4545 19.8141 2.2
      vertex -16.4137 19.6088 0
      vertex -16.4137 19.6088 2.2
    endloop
  endfacet
  facet normal -0.997854 -0.0654722 0
    outer loop
      vertex -16.4 19.4 0
      vertex -16.4137 19.6088 2.2
      vertex -16.4137 19.6088 0
    endloop
  endfacet
  facet normal -0.997854 -0.0654722 0
    outer loop
      vertex -16.4137 19.6088 2.2
      vertex -16.4 19.4 0
      vertex -16.4 19.4 2.2
    endloop
  endfacet
  facet normal -0.946901 -0.321526 0
    outer loop
      vertex -16.4545 19.8141 0
      vertex -16.5218 20.0123 2.2
      vertex -16.5218 20.0123 0
    endloop
  endfacet
  facet normal -0.946901 -0.321526 0
    outer loop
      vertex -16.5218 20.0123 2.2
      vertex -16.4545 19.8141 0
      vertex -16.4545 19.8141 2.2
    endloop
  endfacet
  facet normal -0.896803 0.442429 0
    outer loop
      vertex -16.6144 -20.2 0
      vertex -16.5218 -20.0123 2.2
      vertex -16.5218 -20.0123 0
    endloop
  endfacet
  facet normal -0.896803 0.442429 0
    outer loop
      vertex -16.5218 -20.0123 2.2
      vertex -16.6144 -20.2 0
      vertex -16.6144 -20.2 2.2
    endloop
  endfacet
  facet normal -0.946901 0.321526 0
    outer loop
      vertex -16.5218 -20.0123 0
      vertex -16.4545 -19.8141 2.2
      vertex -16.4545 -19.8141 0
    endloop
  endfacet
  facet normal -0.946901 0.321526 0
    outer loop
      vertex -16.4545 -19.8141 2.2
      vertex -16.5218 -20.0123 0
      vertex -16.5218 -20.0123 2.2
    endloop
  endfacet
  facet normal -0.555362 0.831609 0
    outer loop
      vertex -17.026 -20.6694 0
      vertex -17.2 -20.7856 2.2
      vertex -17.026 -20.6694 2.2
    endloop
  endfacet
  facet normal -0.555362 0.831609 0
    outer loop
      vertex -17.2 -20.7856 2.2
      vertex -17.026 -20.6694 0
      vertex -17.2 -20.7856 0
    endloop
  endfacet
  facet normal -0.194949 0.980813 0
    outer loop
      vertex -8.58589 -20.9455 0
      vertex -8.79116 -20.9863 2.2
      vertex -8.58589 -20.9455 2.2
    endloop
  endfacet
  facet normal -0.194949 0.980813 0
    outer loop
      vertex -8.79116 -20.9863 2.2
      vertex -8.58589 -20.9455 0
      vertex -8.79116 -20.9863 0
    endloop
  endfacet
  facet normal -0.321555 0.946891 0
    outer loop
      vertex -8.38771 -20.8782 0
      vertex -8.58589 -20.9455 2.2
      vertex -8.38771 -20.8782 2.2
    endloop
  endfacet
  facet normal -0.321555 0.946891 0
    outer loop
      vertex -8.58589 -20.9455 2.2
      vertex -8.38771 -20.8782 0
      vertex -8.58589 -20.9455 0
    endloop
  endfacet
  facet normal -0.0654598 0.997855 0
    outer loop
      vertex -8.79116 -20.9863 0
      vertex -9 -21 2.2
      vertex -8.79116 -20.9863 2.2
    endloop
  endfacet
  facet normal -0.0654598 0.997855 0
    outer loop
      vertex -9 -21 2.2
      vertex -8.79116 -20.9863 0
      vertex -9 -21 0
    endloop
  endfacet
  facet normal 0.997854 0.0654722 0
    outer loop
      vertex -10.5863 -19.6088 2.2
      vertex -10.6 -19.4 0
      vertex -10.6 -19.4 2.2
    endloop
  endfacet
  facet normal 0.997854 0.0654722 0
    outer loop
      vertex -10.6 -19.4 0
      vertex -10.5863 -19.6088 2.2
      vertex -10.5863 -19.6088 0
    endloop
  endfacet
  facet normal -1 0 0
    outer loop
      vertex -7.4 -19.4 0
      vertex -7.4 19.4 2.2
      vertex -7.4 19.4 0
    endloop
  endfacet
  facet normal -1 -0 0
    outer loop
      vertex -7.4 19.4 2.2
      vertex -7.4 -19.4 0
      vertex -7.4 -19.4 2.2
    endloop
  endfacet
  facet normal 0.555318 0.831638 -0
    outer loop
      vertex -9.8 -20.7856 0
      vertex -9.97402 -20.6694 2.2
      vertex -9.8 -20.7856 2.2
    endloop
  endfacet
  facet normal 0.555318 0.831638 0
    outer loop
      vertex -9.97402 -20.6694 2.2
      vertex -9.8 -20.7856 0
      vertex -9.97402 -20.6694 0
    endloop
  endfacet
  facet normal 1 -0 0
    outer loop
      vertex -10.6 -19.4 2.2
      vertex -10.6 19.4 0
      vertex -10.6 19.4 2.2
    endloop
  endfacet
  facet normal 1 0 0
    outer loop
      vertex -10.6 19.4 0
      vertex -10.6 -19.4 2.2
      vertex -10.6 -19.4 0
    endloop
  endfacet
  facet normal -0.321555 -0.946891 0
    outer loop
      vertex -8.58589 20.9455 0
      vertex -8.38771 20.8782 2.2
      vertex -8.58589 20.9455 2.2
    endloop
  endfacet
  facet normal -0.321555 -0.946891 -0
    outer loop
      vertex -8.38771 20.8782 2.2
      vertex -8.58589 20.9455 0
      vertex -8.38771 20.8782 0
    endloop
  endfacet
  facet normal -0.831454 0.555593 0
    outer loop
      vertex -7.73063 -20.374 0
      vertex -7.61436 -20.2 2.2
      vertex -7.61436 -20.2 0
    endloop
  endfacet
  facet normal -0.831454 0.555593 0
    outer loop
      vertex -7.61436 -20.2 2.2
      vertex -7.73063 -20.374 0
      vertex -7.73063 -20.374 2.2
    endloop
  endfacet
  facet normal 0.194949 0.980813 -0
    outer loop
      vertex -9.20884 -20.9863 0
      vertex -9.41411 -20.9455 2.2
      vertex -9.20884 -20.9863 2.2
    endloop
  endfacet
  facet normal 0.194949 0.980813 0
    outer loop
      vertex -9.41411 -20.9455 2.2
      vertex -9.20884 -20.9863 0
      vertex -9.41411 -20.9455 0
    endloop
  endfacet
  facet normal -0.659367 0.751821 0
    outer loop
      vertex -7.86863 -20.5314 0
      vertex -8.02598 -20.6694 2.2
      vertex -7.86863 -20.5314 2.2
    endloop
  endfacet
  facet normal -0.659367 0.751821 0
    outer loop
      vertex -8.02598 -20.6694 2.2
      vertex -7.86863 -20.5314 0
      vertex -8.02598 -20.6694 0
    endloop
  endfacet
  facet normal 0.831609 0.555362 0
    outer loop
      vertex -10.2694 -20.374 2.2
      vertex -10.3856 -20.2 0
      vertex -10.3856 -20.2 2.2
    endloop
  endfacet
  facet normal 0.831609 0.555362 0
    outer loop
      vertex -10.3856 -20.2 0
      vertex -10.2694 -20.374 2.2
      vertex -10.2694 -20.374 0
    endloop
  endfacet
  facet normal 0.751925 0.659248 0
    outer loop
      vertex -10.1314 -20.5314 2.2
      vertex -10.2694 -20.374 0
      vertex -10.2694 -20.374 2.2
    endloop
  endfacet
  facet normal 0.751925 0.659248 0
    outer loop
      vertex -10.2694 -20.374 0
      vertex -10.1314 -20.5314 2.2
      vertex -10.1314 -20.5314 0
    endloop
  endfacet
  facet normal 0.997854 -0.0654722 0
    outer loop
      vertex -10.6 19.4 2.2
      vertex -10.5863 19.6088 0
      vertex -10.5863 19.6088 2.2
    endloop
  endfacet
  facet normal 0.997854 -0.0654722 0
    outer loop
      vertex -10.5863 19.6088 0
      vertex -10.6 19.4 2.2
      vertex -10.6 19.4 0
    endloop
  endfacet
  facet normal -0.659367 -0.751821 0
    outer loop
      vertex -8.02598 20.6694 0
      vertex -7.86863 20.5314 2.2
      vertex -8.02598 20.6694 2.2
    endloop
  endfacet
  facet normal -0.659367 -0.751821 -0
    outer loop
      vertex -7.86863 20.5314 2.2
      vertex -8.02598 20.6694 0
      vertex -7.86863 20.5314 0
    endloop
  endfacet
  facet normal 0.321555 0.946891 -0
    outer loop
      vertex -9.41411 -20.9455 0
      vertex -9.61229 -20.8782 2.2
      vertex -9.41411 -20.9455 2.2
    endloop
  endfacet
  facet normal 0.321555 0.946891 0
    outer loop
      vertex -9.61229 -20.8782 2.2
      vertex -9.41411 -20.9455 0
      vertex -9.61229 -20.8782 0
    endloop
  endfacet
  facet normal 0.946901 0.321526 0
    outer loop
      vertex -10.4782 -20.0123 2.2
      vertex -10.5455 -19.8141 0
      vertex -10.5455 -19.8141 2.2
    endloop
  endfacet
  facet normal 0.946901 0.321526 0
    outer loop
      vertex -10.5455 -19.8141 0
      vertex -10.4782 -20.0123 2.2
      vertex -10.4782 -20.0123 0
    endloop
  endfacet
  facet normal 0.896803 0.442429 0
    outer loop
      vertex -10.3856 -20.2 2.2
      vertex -10.4782 -20.0123 0
      vertex -10.4782 -20.0123 2.2
    endloop
  endfacet
  facet normal 0.896803 0.442429 0
    outer loop
      vertex -10.4782 -20.0123 0
      vertex -10.3856 -20.2 2.2
      vertex -10.3856 -20.2 0
    endloop
  endfacet
  facet normal 0.659296 0.751884 -0
    outer loop
      vertex -9.97402 -20.6694 0
      vertex -10.1314 -20.5314 2.2
      vertex -9.97402 -20.6694 2.2
    endloop
  endfacet
  facet normal 0.659296 0.751884 0
    outer loop
      vertex -10.1314 -20.5314 2.2
      vertex -9.97402 -20.6694 0
      vertex -10.1314 -20.5314 0
    endloop
  endfacet
  facet normal 0.751925 -0.659248 0
    outer loop
      vertex -10.2694 20.374 2.2
      vertex -10.1314 20.5314 0
      vertex -10.1314 20.5314 2.2
    endloop
  endfacet
  facet normal 0.751925 -0.659248 0
    outer loop
      vertex -10.1314 20.5314 0
      vertex -10.2694 20.374 2.2
      vertex -10.2694 20.374 0
    endloop
  endfacet
  facet normal 0.194949 -0.980813 0
    outer loop
      vertex -9.41411 20.9455 0
      vertex -9.20884 20.9863 2.2
      vertex -9.41411 20.9455 2.2
    endloop
  endfacet
  facet normal 0.194949 -0.980813 0
    outer loop
      vertex -9.20884 20.9863 2.2
      vertex -9.41411 20.9455 0
      vertex -9.20884 20.9863 0
    endloop
  endfacet
  facet normal -0.44241 -0.896813 0
    outer loop
      vertex -8.38771 20.8782 0
      vertex -8.2 20.7856 2.2
      vertex -8.38771 20.8782 2.2
    endloop
  endfacet
  facet normal -0.44241 -0.896813 -0
    outer loop
      vertex -8.2 20.7856 2.2
      vertex -8.38771 20.8782 0
      vertex -8.2 20.7856 0
    endloop
  endfacet
  facet normal -0.555318 -0.831638 0
    outer loop
      vertex -8.2 20.7856 0
      vertex -8.02598 20.6694 2.2
      vertex -8.2 20.7856 2.2
    endloop
  endfacet
  facet normal -0.555318 -0.831638 -0
    outer loop
      vertex -8.02598 20.6694 2.2
      vertex -8.2 20.7856 0
      vertex -8.02598 20.6694 0
    endloop
  endfacet
  facet normal -0.980791 0.195059 0
    outer loop
      vertex -7.45452 -19.8141 0
      vertex -7.41369 -19.6088 2.2
      vertex -7.41369 -19.6088 0
    endloop
  endfacet
  facet normal -0.980791 0.195059 0
    outer loop
      vertex -7.41369 -19.6088 2.2
      vertex -7.45452 -19.8141 0
      vertex -7.45452 -19.8141 2.2
    endloop
  endfacet
  facet normal -0.751925 0.659248 0
    outer loop
      vertex -7.86863 -20.5314 0
      vertex -7.73063 -20.374 2.2
      vertex -7.73063 -20.374 0
    endloop
  endfacet
  facet normal -0.751925 0.659248 0
    outer loop
      vertex -7.73063 -20.374 2.2
      vertex -7.86863 -20.5314 0
      vertex -7.86863 -20.5314 2.2
    endloop
  endfacet
  facet normal 0.0654598 0.997855 -0
    outer loop
      vertex -9 -21 0
      vertex -9.20884 -20.9863 2.2
      vertex -9 -21 2.2
    endloop
  endfacet
  facet normal 0.0654598 0.997855 0
    outer loop
      vertex -9.20884 -20.9863 2.2
      vertex -9 -21 0
      vertex -9.20884 -20.9863 0
    endloop
  endfacet
  facet normal 0.44241 0.896813 -0
    outer loop
      vertex -9.61229 -20.8782 0
      vertex -9.8 -20.7856 2.2
      vertex -9.61229 -20.8782 2.2
    endloop
  endfacet
  facet normal 0.44241 0.896813 0
    outer loop
      vertex -9.8 -20.7856 2.2
      vertex -9.61229 -20.8782 0
      vertex -9.8 -20.7856 0
    endloop
  endfacet
  facet normal 0.980819 0.194922 0
    outer loop
      vertex -10.5455 -19.8141 2.2
      vertex -10.5863 -19.6088 0
      vertex -10.5863 -19.6088 2.2
    endloop
  endfacet
  facet normal 0.980819 0.194922 0
    outer loop
      vertex -10.5863 -19.6088 0
      vertex -10.5455 -19.8141 2.2
      vertex -10.5455 -19.8141 0
    endloop
  endfacet
  facet normal 0.980819 -0.194922 0
    outer loop
      vertex -10.5863 19.6088 2.2
      vertex -10.5455 19.8141 0
      vertex -10.5455 19.8141 2.2
    endloop
  endfacet
  facet normal 0.980819 -0.194922 0
    outer loop
      vertex -10.5455 19.8141 0
      vertex -10.5863 19.6088 2.2
      vertex -10.5863 19.6088 0
    endloop
  endfacet
  facet normal 0.831609 -0.555362 0
    outer loop
      vertex -10.3856 20.2 2.2
      vertex -10.2694 20.374 0
      vertex -10.2694 20.374 2.2
    endloop
  endfacet
  facet normal 0.831609 -0.555362 0
    outer loop
      vertex -10.2694 20.374 0
      vertex -10.3856 20.2 2.2
      vertex -10.3856 20.2 0
    endloop
  endfacet
  facet normal 0.946901 -0.321526 0
    outer loop
      vertex -10.5455 19.8141 2.2
      vertex -10.4782 20.0123 0
      vertex -10.4782 20.0123 2.2
    endloop
  endfacet
  facet normal 0.946901 -0.321526 0
    outer loop
      vertex -10.4782 20.0123 0
      vertex -10.5455 19.8141 2.2
      vertex -10.5455 19.8141 0
    endloop
  endfacet
  facet normal 0.659296 -0.751884 0
    outer loop
      vertex -10.1314 20.5314 0
      vertex -9.97402 20.6694 2.2
      vertex -10.1314 20.5314 2.2
    endloop
  endfacet
  facet normal 0.659296 -0.751884 0
    outer loop
      vertex -9.97402 20.6694 2.2
      vertex -10.1314 20.5314 0
      vertex -9.97402 20.6694 0
    endloop
  endfacet
  facet normal 0.555318 -0.831638 0
    outer loop
      vertex -9.97402 20.6694 0
      vertex -9.8 20.7856 2.2
      vertex -9.97402 20.6694 2.2
    endloop
  endfacet
  facet normal 0.555318 -0.831638 0
    outer loop
      vertex -9.8 20.7856 2.2
      vertex -9.97402 20.6694 0
      vertex -9.8 20.7856 0
    endloop
  endfacet
  facet normal 0.321555 -0.946891 0
    outer loop
      vertex -9.61229 20.8782 0
      vertex -9.41411 20.9455 2.2
      vertex -9.61229 20.8782 2.2
    endloop
  endfacet
  facet normal 0.321555 -0.946891 0
    outer loop
      vertex -9.41411 20.9455 2.2
      vertex -9.61229 20.8782 0
      vertex -9.41411 20.9455 0
    endloop
  endfacet
  facet normal -0.0654598 -0.997855 0
    outer loop
      vertex -9 21 0
      vertex -8.79116 20.9863 2.2
      vertex -9 21 2.2
    endloop
  endfacet
  facet normal -0.0654598 -0.997855 -0
    outer loop
      vertex -8.79116 20.9863 2.2
      vertex -9 21 0
      vertex -8.79116 20.9863 0
    endloop
  endfacet
  facet normal -0.194949 -0.980813 0
    outer loop
      vertex -8.79116 20.9863 0
      vertex -8.58589 20.9455 2.2
      vertex -8.79116 20.9863 2.2
    endloop
  endfacet
  facet normal -0.194949 -0.980813 -0
    outer loop
      vertex -8.58589 20.9455 2.2
      vertex -8.79116 20.9863 0
      vertex -8.58589 20.9455 0
    endloop
  endfacet
  facet normal 0.0654598 -0.997855 0
    outer loop
      vertex -9.20884 20.9863 0
      vertex -9 21 2.2
      vertex -9.20884 20.9863 2.2
    endloop
  endfacet
  facet normal 0.0654598 -0.997855 0
    outer loop
      vertex -9 21 2.2
      vertex -9.20884 20.9863 0
      vertex -9 21 0
    endloop
  endfacet
  facet normal -0.831454 -0.555593 0
    outer loop
      vertex -7.61436 20.2 0
      vertex -7.73063 20.374 2.2
      vertex -7.73063 20.374 0
    endloop
  endfacet
  facet normal -0.831454 -0.555593 0
    outer loop
      vertex -7.73063 20.374 2.2
      vertex -7.61436 20.2 0
      vertex -7.61436 20.2 2.2
    endloop
  endfacet
  facet normal -0.89686 -0.442314 0
    outer loop
      vertex -7.52179 20.0123 0
      vertex -7.61436 20.2 2.2
      vertex -7.61436 20.2 0
    endloop
  endfacet
  facet normal -0.89686 -0.442314 0
    outer loop
      vertex -7.61436 20.2 2.2
      vertex -7.52179 20.0123 0
      vertex -7.52179 20.0123 2.2
    endloop
  endfacet
  facet normal -0.997858 0.0654247 0
    outer loop
      vertex -7.41369 -19.6088 0
      vertex -7.4 -19.4 2.2
      vertex -7.4 -19.4 0
    endloop
  endfacet
  facet normal -0.997858 0.0654247 0
    outer loop
      vertex -7.4 -19.4 2.2
      vertex -7.41369 -19.6088 0
      vertex -7.41369 -19.6088 2.2
    endloop
  endfacet
  facet normal 0.896803 -0.442429 0
    outer loop
      vertex -10.4782 20.0123 2.2
      vertex -10.3856 20.2 0
      vertex -10.3856 20.2 2.2
    endloop
  endfacet
  facet normal 0.896803 -0.442429 0
    outer loop
      vertex -10.3856 20.2 0
      vertex -10.4782 20.0123 2.2
      vertex -10.4782 20.0123 0
    endloop
  endfacet
  facet normal 0.44241 -0.896813 0
    outer loop
      vertex -9.8 20.7856 0
      vertex -9.61229 20.8782 2.2
      vertex -9.8 20.7856 2.2
    endloop
  endfacet
  facet normal 0.44241 -0.896813 0
    outer loop
      vertex -9.61229 20.8782 2.2
      vertex -9.8 20.7856 0
      vertex -9.61229 20.8782 0
    endloop
  endfacet
  facet normal -0.751925 -0.659248 0
    outer loop
      vertex -7.73063 20.374 0
      vertex -7.86863 20.5314 2.2
      vertex -7.86863 20.5314 0
    endloop
  endfacet
  facet normal -0.751925 -0.659248 0
    outer loop
      vertex -7.86863 20.5314 2.2
      vertex -7.73063 20.374 0
      vertex -7.73063 20.374 2.2
    endloop
  endfacet
  facet normal -0.980791 -0.195059 0
    outer loop
      vertex -7.41369 19.6088 0
      vertex -7.45452 19.8141 2.2
      vertex -7.45452 19.8141 0
    endloop
  endfacet
  facet normal -0.980791 -0.195059 0
    outer loop
      vertex -7.45452 19.8141 2.2
      vertex -7.41369 19.6088 0
      vertex -7.41369 19.6088 2.2
    endloop
  endfacet
  facet normal -0.997858 -0.0654247 0
    outer loop
      vertex -7.4 19.4 0
      vertex -7.41369 19.6088 2.2
      vertex -7.41369 19.6088 0
    endloop
  endfacet
  facet normal -0.997858 -0.0654247 0
    outer loop
      vertex -7.41369 19.6088 2.2
      vertex -7.4 19.4 0
      vertex -7.4 19.4 2.2
    endloop
  endfacet
  facet normal -0.946944 -0.321397 0
    outer loop
      vertex -7.45452 19.8141 0
      vertex -7.52179 20.0123 2.2
      vertex -7.52179 20.0123 0
    endloop
  endfacet
  facet normal -0.946944 -0.321397 0
    outer loop
      vertex -7.52179 20.0123 2.2
      vertex -7.45452 19.8141 0
      vertex -7.45452 19.8141 2.2
    endloop
  endfacet
  facet normal -0.89686 0.442314 0
    outer loop
      vertex -7.61436 -20.2 0
      vertex -7.52179 -20.0123 2.2
      vertex -7.52179 -20.0123 0
    endloop
  endfacet
  facet normal -0.89686 0.442314 0
    outer loop
      vertex -7.52179 -20.0123 2.2
      vertex -7.61436 -20.2 0
      vertex -7.61436 -20.2 2.2
    endloop
  endfacet
  facet normal -0.946944 0.321397 0
    outer loop
      vertex -7.52179 -20.0123 0
      vertex -7.45452 -19.8141 2.2
      vertex -7.45452 -19.8141 0
    endloop
  endfacet
  facet normal -0.946944 0.321397 0
    outer loop
      vertex -7.45452 -19.8141 2.2
      vertex -7.52179 -20.0123 0
      vertex -7.52179 -20.0123 2.2
    endloop
  endfacet
  facet normal -0.555318 0.831638 0
    outer loop
      vertex -8.02598 -20.6694 0
      vertex -8.2 -20.7856 2.2
      vertex -8.02598 -20.6694 2.2
    endloop
  endfacet
  facet normal -0.555318 0.831638 0
    outer loop
      vertex -8.2 -20.7856 2.2
      vertex -8.02598 -20.6694 0
      vertex -8.2 -20.7856 0
    endloop
  endfacet
  facet normal -0.44241 0.896813 0
    outer loop
      vertex -8.2 -20.7856 0
      vertex -8.38771 -20.8782 2.2
      vertex -8.2 -20.7856 2.2
    endloop
  endfacet
  facet normal -0.44241 0.896813 0
    outer loop
      vertex -8.38771 -20.8782 2.2
      vertex -8.2 -20.7856 0
      vertex -8.38771 -20.8782 0
    endloop
  endfacet
  facet normal -0.19495 0.980813 0
    outer loop
      vertex 0.41411 -20.9455 0
      vertex 0.208841 -20.9863 2.2
      vertex 0.41411 -20.9455 2.2
    endloop
  endfacet
  facet normal -0.19495 0.980813 0
    outer loop
      vertex 0.208841 -20.9863 2.2
      vertex 0.41411 -20.9455 0
      vertex 0.208841 -20.9863 0
    endloop
  endfacet
  facet normal -0.321551 0.946892 0
    outer loop
      vertex 0.612293 -20.8782 0
      vertex 0.41411 -20.9455 2.2
      vertex 0.612293 -20.8782 2.2
    endloop
  endfacet
  facet normal -0.321551 0.946892 0
    outer loop
      vertex 0.41411 -20.9455 2.2
      vertex 0.612293 -20.8782 0
      vertex 0.41411 -20.9455 0
    endloop
  endfacet
  facet normal -0.0654594 0.997855 0
    outer loop
      vertex 0.208841 -20.9863 0
      vertex 0 -21 2.2
      vertex 0.208841 -20.9863 2.2
    endloop
  endfacet
  facet normal -0.0654594 0.997855 0
    outer loop
      vertex 0 -21 2.2
      vertex 0.208841 -20.9863 0
      vertex 0 -21 0
    endloop
  endfacet
  facet normal -1 0 0
    outer loop
      vertex 1.6 -19.4 0
      vertex 1.6 19.4 2.2
      vertex 1.6 19.4 0
    endloop
  endfacet
  facet normal -1 -0 0
    outer loop
      vertex 1.6 19.4 2.2
      vertex 1.6 -19.4 0
      vertex 1.6 -19.4 2.2
    endloop
  endfacet
  facet normal 0.55532 0.831637 -0
    outer loop
      vertex -0.799999 -20.7856 0
      vertex -0.974018 -20.6694 2.2
      vertex -0.799999 -20.7856 2.2
    endloop
  endfacet
  facet normal 0.55532 0.831637 0
    outer loop
      vertex -0.974018 -20.6694 2.2
      vertex -0.799999 -20.7856 0
      vertex -0.974018 -20.6694 0
    endloop
  endfacet
  facet normal 1 -0 0
    outer loop
      vertex -1.6 -19.4 2.2
      vertex -1.6 19.4 0
      vertex -1.6 19.4 2.2
    endloop
  endfacet
  facet normal 1 0 0
    outer loop
      vertex -1.6 19.4 0
      vertex -1.6 -19.4 2.2
      vertex -1.6 -19.4 0
    endloop
  endfacet
  facet normal -0.321551 -0.946892 0
    outer loop
      vertex 0.41411 20.9455 0
      vertex 0.612293 20.8782 2.2
      vertex 0.41411 20.9455 2.2
    endloop
  endfacet
  facet normal -0.321551 -0.946892 -0
    outer loop
      vertex 0.612293 20.8782 2.2
      vertex 0.41411 20.9455 0
      vertex 0.612293 20.8782 0
    endloop
  endfacet
  facet normal 0.19495 0.980813 -0
    outer loop
      vertex -0.208841 -20.9863 0
      vertex -0.41411 -20.9455 2.2
      vertex -0.208841 -20.9863 2.2
    endloop
  endfacet
  facet normal 0.19495 0.980813 0
    outer loop
      vertex -0.41411 -20.9455 2.2
      vertex -0.208841 -20.9863 0
      vertex -0.41411 -20.9455 0
    endloop
  endfacet
  facet normal -0.659362 0.751826 0
    outer loop
      vertex 1.13137 -20.5314 0
      vertex 0.974018 -20.6694 2.2
      vertex 1.13137 -20.5314 2.2
    endloop
  endfacet
  facet normal -0.659362 0.751826 0
    outer loop
      vertex 0.974018 -20.6694 2.2
      vertex 1.13137 -20.5314 0
      vertex 0.974018 -20.6694 0
    endloop
  endfacet
  facet normal 0.831454 0.555593 0
    outer loop
      vertex -1.26937 -20.374 2.2
      vertex -1.38564 -20.2 0
      vertex -1.38564 -20.2 2.2
    endloop
  endfacet
  facet normal 0.831454 0.555593 0
    outer loop
      vertex -1.38564 -20.2 0
      vertex -1.26937 -20.374 2.2
      vertex -1.26937 -20.374 0
    endloop
  endfacet
  facet normal 0.751925 0.659248 0
    outer loop
      vertex -1.13137 -20.5314 2.2
      vertex -1.26937 -20.374 0
      vertex -1.26937 -20.374 2.2
    endloop
  endfacet
  facet normal 0.751925 0.659248 0
    outer loop
      vertex -1.26937 -20.374 0
      vertex -1.13137 -20.5314 2.2
      vertex -1.13137 -20.5314 0
    endloop
  endfacet
  facet normal -0.0654594 -0.997855 0
    outer loop
      vertex 0 21 0
      vertex 0.208841 20.9863 2.2
      vertex 0 21 2.2
    endloop
  endfacet
  facet normal -0.0654594 -0.997855 -0
    outer loop
      vertex 0.208841 20.9863 2.2
      vertex 0 21 0
      vertex 0.208841 20.9863 0
    endloop
  endfacet
  facet normal -0.442418 -0.896809 0
    outer loop
      vertex 0.612293 20.8782 0
      vertex 0.799999 20.7856 2.2
      vertex 0.612293 20.8782 2.2
    endloop
  endfacet
  facet normal -0.442418 -0.896809 -0
    outer loop
      vertex 0.799999 20.7856 2.2
      vertex 0.612293 20.8782 0
      vertex 0.799999 20.7856 0
    endloop
  endfacet
  facet normal -0.659362 -0.751826 0
    outer loop
      vertex 0.974018 20.6694 0
      vertex 1.13137 20.5314 2.2
      vertex 0.974018 20.6694 2.2
    endloop
  endfacet
  facet normal -0.659362 -0.751826 -0
    outer loop
      vertex 1.13137 20.5314 2.2
      vertex 0.974018 20.6694 0
      vertex 1.13137 20.5314 0
    endloop
  endfacet
  facet normal 0.321551 0.946892 -0
    outer loop
      vertex -0.41411 -20.9455 0
      vertex -0.612293 -20.8782 2.2
      vertex -0.41411 -20.9455 2.2
    endloop
  endfacet
  facet normal 0.321551 0.946892 0
    outer loop
      vertex -0.612293 -20.8782 2.2
      vertex -0.41411 -20.9455 0
      vertex -0.612293 -20.8782 0
    endloop
  endfacet
  facet normal 0.442418 0.896809 -0
    outer loop
      vertex -0.612293 -20.8782 0
      vertex -0.799999 -20.7856 2.2
      vertex -0.612293 -20.8782 2.2
    endloop
  endfacet
  facet normal 0.442418 0.896809 0
    outer loop
      vertex -0.799999 -20.7856 2.2
      vertex -0.612293 -20.8782 0
      vertex -0.799999 -20.7856 0
    endloop
  endfacet
  facet normal 0.946944 0.321397 0
    outer loop
      vertex -1.47821 -20.0123 2.2
      vertex -1.54548 -19.8141 0
      vertex -1.54548 -19.8141 2.2
    endloop
  endfacet
  facet normal 0.946944 0.321397 0
    outer loop
      vertex -1.54548 -19.8141 0
      vertex -1.47821 -20.0123 2.2
      vertex -1.47821 -20.0123 0
    endloop
  endfacet
  facet normal 0.980791 -0.195059 0
    outer loop
      vertex -1.58631 19.6088 2.2
      vertex -1.54548 19.8141 0
      vertex -1.54548 19.8141 2.2
    endloop
  endfacet
  facet normal 0.980791 -0.195059 0
    outer loop
      vertex -1.54548 19.8141 0
      vertex -1.58631 19.6088 2.2
      vertex -1.58631 19.6088 0
    endloop
  endfacet
  facet normal 0.946944 -0.321397 0
    outer loop
      vertex -1.54548 19.8141 2.2
      vertex -1.47821 20.0123 0
      vertex -1.47821 20.0123 2.2
    endloop
  endfacet
  facet normal 0.946944 -0.321397 0
    outer loop
      vertex -1.47821 20.0123 0
      vertex -1.54548 19.8141 2.2
      vertex -1.54548 19.8141 0
    endloop
  endfacet
  facet normal 0.659362 -0.751826 0
    outer loop
      vertex -1.13137 20.5314 0
      vertex -0.974018 20.6694 2.2
      vertex -1.13137 20.5314 2.2
    endloop
  endfacet
  facet normal 0.659362 -0.751826 0
    outer loop
      vertex -0.974018 20.6694 2.2
      vertex -1.13137 20.5314 0
      vertex -0.974018 20.6694 0
    endloop
  endfacet
  facet normal 0.751925 -0.659248 0
    outer loop
      vertex -1.26937 20.374 2.2
      vertex -1.13137 20.5314 0
      vertex -1.13137 20.5314 2.2
    endloop
  endfacet
  facet normal 0.751925 -0.659248 0
    outer loop
      vertex -1.13137 20.5314 0
      vertex -1.26937 20.374 2.2
      vertex -1.26937 20.374 0
    endloop
  endfacet
  facet normal 0.55532 -0.831637 0
    outer loop
      vertex -0.974018 20.6694 0
      vertex -0.799999 20.7856 2.2
      vertex -0.974018 20.6694 2.2
    endloop
  endfacet
  facet normal 0.55532 -0.831637 0
    outer loop
      vertex -0.799999 20.7856 2.2
      vertex -0.974018 20.6694 0
      vertex -0.799999 20.7856 0
    endloop
  endfacet
  facet normal 0.19495 -0.980813 0
    outer loop
      vertex -0.41411 20.9455 0
      vertex -0.208841 20.9863 2.2
      vertex -0.41411 20.9455 2.2
    endloop
  endfacet
  facet normal 0.19495 -0.980813 0
    outer loop
      vertex -0.208841 20.9863 2.2
      vertex -0.41411 20.9455 0
      vertex -0.208841 20.9863 0
    endloop
  endfacet
  facet normal -0.19495 -0.980813 0
    outer loop
      vertex 0.208841 20.9863 0
      vertex 0.41411 20.9455 2.2
      vertex 0.208841 20.9863 2.2
    endloop
  endfacet
  facet normal -0.19495 -0.980813 -0
    outer loop
      vertex 0.41411 20.9455 2.2
      vertex 0.208841 20.9863 0
      vertex 0.41411 20.9455 0
    endloop
  endfacet
  facet normal -0.980791 0.195059 0
    outer loop
      vertex 1.54548 -19.8141 0
      vertex 1.58631 -19.6088 2.2
      vertex 1.58631 -19.6088 0
    endloop
  endfacet
  facet normal -0.980791 0.195059 0
    outer loop
      vertex 1.58631 -19.6088 2.2
      vertex 1.54548 -19.8141 0
      vertex 1.54548 -19.8141 2.2
    endloop
  endfacet
  facet normal -0.751925 0.659248 0
    outer loop
      vertex 1.13137 -20.5314 0
      vertex 1.26937 -20.374 2.2
      vertex 1.26937 -20.374 0
    endloop
  endfacet
  facet normal -0.751925 0.659248 0
    outer loop
      vertex 1.26937 -20.374 2.2
      vertex 1.13137 -20.5314 0
      vertex 1.13137 -20.5314 2.2
    endloop
  endfacet
  facet normal -0.442418 0.896809 0
    outer loop
      vertex 0.799999 -20.7856 0
      vertex 0.612293 -20.8782 2.2
      vertex 0.799999 -20.7856 2.2
    endloop
  endfacet
  facet normal -0.442418 0.896809 0
    outer loop
      vertex 0.612293 -20.8782 2.2
      vertex 0.799999 -20.7856 0
      vertex 0.612293 -20.8782 0
    endloop
  endfacet
  facet normal 0.0654594 0.997855 -0
    outer loop
      vertex 0 -21 0
      vertex -0.208841 -20.9863 2.2
      vertex 0 -21 2.2
    endloop
  endfacet
  facet normal 0.0654594 0.997855 0
    outer loop
      vertex -0.208841 -20.9863 2.2
      vertex 0 -21 0
      vertex -0.208841 -20.9863 0
    endloop
  endfacet
  facet normal 0.89686 0.442314 0
    outer loop
      vertex -1.38564 -20.2 2.2
      vertex -1.47821 -20.0123 0
      vertex -1.47821 -20.0123 2.2
    endloop
  endfacet
  facet normal 0.89686 0.442314 0
    outer loop
      vertex -1.47821 -20.0123 0
      vertex -1.38564 -20.2 2.2
      vertex -1.38564 -20.2 0
    endloop
  endfacet
  facet normal 0.980791 0.195059 0
    outer loop
      vertex -1.54548 -19.8141 2.2
      vertex -1.58631 -19.6088 0
      vertex -1.58631 -19.6088 2.2
    endloop
  endfacet
  facet normal 0.980791 0.195059 0
    outer loop
      vertex -1.58631 -19.6088 0
      vertex -1.54548 -19.8141 2.2
      vertex -1.54548 -19.8141 0
    endloop
  endfacet
  facet normal 0.997858 0.0654247 0
    outer loop
      vertex -1.58631 -19.6088 2.2
      vertex -1.6 -19.4 0
      vertex -1.6 -19.4 2.2
    endloop
  endfacet
  facet normal 0.997858 0.0654247 0
    outer loop
      vertex -1.6 -19.4 0
      vertex -1.58631 -19.6088 2.2
      vertex -1.58631 -19.6088 0
    endloop
  endfacet
  facet normal 0.659362 0.751826 -0
    outer loop
      vertex -0.974018 -20.6694 0
      vertex -1.13137 -20.5314 2.2
      vertex -0.974018 -20.6694 2.2
    endloop
  endfacet
  facet normal 0.659362 0.751826 0
    outer loop
      vertex -1.13137 -20.5314 2.2
      vertex -0.974018 -20.6694 0
      vertex -1.13137 -20.5314 0
    endloop
  endfacet
  facet normal 0.997858 -0.0654247 0
    outer loop
      vertex -1.6 19.4 2.2
      vertex -1.58631 19.6088 0
      vertex -1.58631 19.6088 2.2
    endloop
  endfacet
  facet normal 0.997858 -0.0654247 0
    outer loop
      vertex -1.58631 19.6088 0
      vertex -1.6 19.4 2.2
      vertex -1.6 19.4 0
    endloop
  endfacet
  facet normal 0.831454 -0.555593 0
    outer loop
      vertex -1.38564 20.2 2.2
      vertex -1.26937 20.374 0
      vertex -1.26937 20.374 2.2
    endloop
  endfacet
  facet normal 0.831454 -0.555593 0
    outer loop
      vertex -1.26937 20.374 0
      vertex -1.38564 20.2 2.2
      vertex -1.38564 20.2 0
    endloop
  endfacet
  facet normal 0.321551 -0.946892 0
    outer loop
      vertex -0.612293 20.8782 0
      vertex -0.41411 20.9455 2.2
      vertex -0.612293 20.8782 2.2
    endloop
  endfacet
  facet normal 0.321551 -0.946892 0
    outer loop
      vertex -0.41411 20.9455 2.2
      vertex -0.612293 20.8782 0
      vertex -0.41411 20.9455 0
    endloop
  endfacet
  facet normal -0.55532 -0.831637 0
    outer loop
      vertex 0.799999 20.7856 0
      vertex 0.974018 20.6694 2.2
      vertex 0.799999 20.7856 2.2
    endloop
  endfacet
  facet normal -0.55532 -0.831637 -0
    outer loop
      vertex 0.974018 20.6694 2.2
      vertex 0.799999 20.7856 0
      vertex 0.974018 20.6694 0
    endloop
  endfacet
  facet normal 0.0654594 -0.997855 0
    outer loop
      vertex -0.208841 20.9863 0
      vertex 0 21 2.2
      vertex -0.208841 20.9863 2.2
    endloop
  endfacet
  facet normal 0.0654594 -0.997855 0
    outer loop
      vertex 0 21 2.2
      vertex -0.208841 20.9863 0
      vertex 0 21 0
    endloop
  endfacet
  facet normal -0.831454 -0.555593 0
    outer loop
      vertex 1.38564 20.2 0
      vertex 1.26937 20.374 2.2
      vertex 1.26937 20.374 0
    endloop
  endfacet
  facet normal -0.831454 -0.555593 0
    outer loop
      vertex 1.26937 20.374 2.2
      vertex 1.38564 20.2 0
      vertex 1.38564 20.2 2.2
    endloop
  endfacet
  facet normal -0.980791 -0.195059 0
    outer loop
      vertex 1.58631 19.6088 0
      vertex 1.54548 19.8141 2.2
      vertex 1.54548 19.8141 0
    endloop
  endfacet
  facet normal -0.980791 -0.195059 0
    outer loop
      vertex 1.54548 19.8141 2.2
      vertex 1.58631 19.6088 0
      vertex 1.58631 19.6088 2.2
    endloop
  endfacet
  facet normal -0.997858 -0.0654247 0
    outer loop
      vertex 1.6 19.4 0
      vertex 1.58631 19.6088 2.2
      vertex 1.58631 19.6088 0
    endloop
  endfacet
  facet normal -0.997858 -0.0654247 0
    outer loop
      vertex 1.58631 19.6088 2.2
      vertex 1.6 19.4 0
      vertex 1.6 19.4 2.2
    endloop
  endfacet
  facet normal -0.89686 -0.442314 0
    outer loop
      vertex 1.47821 20.0123 0
      vertex 1.38564 20.2 2.2
      vertex 1.38564 20.2 0
    endloop
  endfacet
  facet normal -0.89686 -0.442314 0
    outer loop
      vertex 1.38564 20.2 2.2
      vertex 1.47821 20.0123 0
      vertex 1.47821 20.0123 2.2
    endloop
  endfacet
  facet normal -0.997858 0.0654247 0
    outer loop
      vertex 1.58631 -19.6088 0
      vertex 1.6 -19.4 2.2
      vertex 1.6 -19.4 0
    endloop
  endfacet
  facet normal -0.997858 0.0654247 0
    outer loop
      vertex 1.6 -19.4 2.2
      vertex 1.58631 -19.6088 0
      vertex 1.58631 -19.6088 2.2
    endloop
  endfacet
  facet normal 0.89686 -0.442314 0
    outer loop
      vertex -1.47821 20.0123 2.2
      vertex -1.38564 20.2 0
      vertex -1.38564 20.2 2.2
    endloop
  endfacet
  facet normal 0.89686 -0.442314 0
    outer loop
      vertex -1.38564 20.2 0
      vertex -1.47821 20.0123 2.2
      vertex -1.47821 20.0123 0
    endloop
  endfacet
  facet normal 0.442418 -0.896809 0
    outer loop
      vertex -0.799999 20.7856 0
      vertex -0.612293 20.8782 2.2
      vertex -0.799999 20.7856 2.2
    endloop
  endfacet
  facet normal 0.442418 -0.896809 0
    outer loop
      vertex -0.612293 20.8782 2.2
      vertex -0.799999 20.7856 0
      vertex -0.612293 20.8782 0
    endloop
  endfacet
  facet normal -0.751925 -0.659248 0
    outer loop
      vertex 1.26937 20.374 0
      vertex 1.13137 20.5314 2.2
      vertex 1.13137 20.5314 0
    endloop
  endfacet
  facet normal -0.751925 -0.659248 0
    outer loop
      vertex 1.13137 20.5314 2.2
      vertex 1.26937 20.374 0
      vertex 1.26937 20.374 2.2
    endloop
  endfacet
  facet normal -0.946944 -0.321397 0
    outer loop
      vertex 1.54548 19.8141 0
      vertex 1.47821 20.0123 2.2
      vertex 1.47821 20.0123 0
    endloop
  endfacet
  facet normal -0.946944 -0.321397 0
    outer loop
      vertex 1.47821 20.0123 2.2
      vertex 1.54548 19.8141 0
      vertex 1.54548 19.8141 2.2
    endloop
  endfacet
  facet normal -0.89686 0.442314 0
    outer loop
      vertex 1.38564 -20.2 0
      vertex 1.47821 -20.0123 2.2
      vertex 1.47821 -20.0123 0
    endloop
  endfacet
  facet normal -0.89686 0.442314 0
    outer loop
      vertex 1.47821 -20.0123 2.2
      vertex 1.38564 -20.2 0
      vertex 1.38564 -20.2 2.2
    endloop
  endfacet
  facet normal -0.831454 0.555593 0
    outer loop
      vertex 1.26937 -20.374 0
      vertex 1.38564 -20.2 2.2
      vertex 1.38564 -20.2 0
    endloop
  endfacet
  facet normal -0.831454 0.555593 0
    outer loop
      vertex 1.38564 -20.2 2.2
      vertex 1.26937 -20.374 0
      vertex 1.26937 -20.374 2.2
    endloop
  endfacet
  facet normal -0.946944 0.321397 0
    outer loop
      vertex 1.47821 -20.0123 0
      vertex 1.54548 -19.8141 2.2
      vertex 1.54548 -19.8141 0
    endloop
  endfacet
  facet normal -0.946944 0.321397 0
    outer loop
      vertex 1.54548 -19.8141 2.2
      vertex 1.47821 -20.0123 0
      vertex 1.47821 -20.0123 2.2
    endloop
  endfacet
  facet normal -0.55532 0.831637 0
    outer loop
      vertex 0.974018 -20.6694 0
      vertex 0.799999 -20.7856 2.2
      vertex 0.974018 -20.6694 2.2
    endloop
  endfacet
  facet normal -0.55532 0.831637 0
    outer loop
      vertex 0.799999 -20.7856 2.2
      vertex 0.974018 -20.6694 0
      vertex 0.799999 -20.7856 0
    endloop
  endfacet
  facet normal -0.194949 0.980813 0
    outer loop
      vertex 9.41411 -20.9455 0
      vertex 9.20884 -20.9863 2.2
      vertex 9.41411 -20.9455 2.2
    endloop
  endfacet
  facet normal -0.194949 0.980813 0
    outer loop
      vertex 9.20884 -20.9863 2.2
      vertex 9.41411 -20.9455 0
      vertex 9.20884 -20.9863 0
    endloop
  endfacet
  facet normal -0.321555 0.946891 0
    outer loop
      vertex 9.61229 -20.8782 0
      vertex 9.41411 -20.9455 2.2
      vertex 9.61229 -20.8782 2.2
    endloop
  endfacet
  facet normal -0.321555 0.946891 0
    outer loop
      vertex 9.41411 -20.9455 2.2
      vertex 9.61229 -20.8782 0
      vertex 9.41411 -20.9455 0
    endloop
  endfacet
  facet normal -0.0654598 0.997855 0
    outer loop
      vertex 9.20884 -20.9863 0
      vertex 9 -21 2.2
      vertex 9.20884 -20.9863 2.2
    endloop
  endfacet
  facet normal -0.0654598 0.997855 0
    outer loop
      vertex 9 -21 2.2
      vertex 9.20884 -20.9863 0
      vertex 9 -21 0
    endloop
  endfacet
  facet normal 0.997858 0.0654247 0
    outer loop
      vertex 7.41369 -19.6088 2.2
      vertex 7.4 -19.4 0
      vertex 7.4 -19.4 2.2
    endloop
  endfacet
  facet normal 0.997858 0.0654247 0
    outer loop
      vertex 7.4 -19.4 0
      vertex 7.41369 -19.6088 2.2
      vertex 7.41369 -19.6088 0
    endloop
  endfacet
  facet normal -1 0 0
    outer loop
      vertex 10.6 -19.4 0
      vertex 10.6 19.4 2.2
      vertex 10.6 19.4 0
    endloop
  endfacet
  facet normal -1 -0 0
    outer loop
      vertex 10.6 19.4 2.2
      vertex 10.6 -19.4 0
      vertex 10.6 -19.4 2.2
    endloop
  endfacet
  facet normal 0.555318 0.831638 -0
    outer loop
      vertex 8.2 -20.7856 0
      vertex 8.02598 -20.6694 2.2
      vertex 8.2 -20.7856 2.2
    endloop
  endfacet
  facet normal 0.555318 0.831638 0
    outer loop
      vertex 8.02598 -20.6694 2.2
      vertex 8.2 -20.7856 0
      vertex 8.02598 -20.6694 0
    endloop
  endfacet
  facet normal -0.831609 0.555362 0
    outer loop
      vertex 10.2694 -20.374 0
      vertex 10.3856 -20.2 2.2
      vertex 10.3856 -20.2 0
    endloop
  endfacet
  facet normal -0.831609 0.555362 0
    outer loop
      vertex 10.3856 -20.2 2.2
      vertex 10.2694 -20.374 0
      vertex 10.2694 -20.374 2.2
    endloop
  endfacet
  facet normal 1 -0 0
    outer loop
      vertex 7.4 -19.4 2.2
      vertex 7.4 19.4 0
      vertex 7.4 19.4 2.2
    endloop
  endfacet
  facet normal 1 0 0
    outer loop
      vertex 7.4 19.4 0
      vertex 7.4 -19.4 2.2
      vertex 7.4 -19.4 0
    endloop
  endfacet
  facet normal -0.321555 -0.946891 0
    outer loop
      vertex 9.41411 20.9455 0
      vertex 9.61229 20.8782 2.2
      vertex 9.41411 20.9455 2.2
    endloop
  endfacet
  facet normal -0.321555 -0.946891 -0
    outer loop
      vertex 9.61229 20.8782 2.2
      vertex 9.41411 20.9455 0
      vertex 9.61229 20.8782 0
    endloop
  endfacet
  facet normal 0.194949 0.980813 -0
    outer loop
      vertex 8.79116 -20.9863 0
      vertex 8.58589 -20.9455 2.2
      vertex 8.79116 -20.9863 2.2
    endloop
  endfacet
  facet normal 0.194949 0.980813 0
    outer loop
      vertex 8.58589 -20.9455 2.2
      vertex 8.79116 -20.9863 0
      vertex 8.58589 -20.9455 0
    endloop
  endfacet
  facet normal -0.659296 0.751884 0
    outer loop
      vertex 10.1314 -20.5314 0
      vertex 9.97402 -20.6694 2.2
      vertex 10.1314 -20.5314 2.2
    endloop
  endfacet
  facet normal -0.659296 0.751884 0
    outer loop
      vertex 9.97402 -20.6694 2.2
      vertex 10.1314 -20.5314 0
      vertex 9.97402 -20.6694 0
    endloop
  endfacet
  facet normal 0.831454 0.555593 0
    outer loop
      vertex 7.73063 -20.374 2.2
      vertex 7.61436 -20.2 0
      vertex 7.61436 -20.2 2.2
    endloop
  endfacet
  facet normal 0.831454 0.555593 0
    outer loop
      vertex 7.61436 -20.2 0
      vertex 7.73063 -20.374 2.2
      vertex 7.73063 -20.374 0
    endloop
  endfacet
  facet normal -0.44241 -0.896813 0
    outer loop
      vertex 9.61229 20.8782 0
      vertex 9.8 20.7856 2.2
      vertex 9.61229 20.8782 2.2
    endloop
  endfacet
  facet normal -0.44241 -0.896813 -0
    outer loop
      vertex 9.8 20.7856 2.2
      vertex 9.61229 20.8782 0
      vertex 9.8 20.7856 0
    endloop
  endfacet
  facet normal -0.659296 -0.751884 0
    outer loop
      vertex 9.97402 20.6694 0
      vertex 10.1314 20.5314 2.2
      vertex 9.97402 20.6694 2.2
    endloop
  endfacet
  facet normal -0.659296 -0.751884 -0
    outer loop
      vertex 10.1314 20.5314 2.2
      vertex 9.97402 20.6694 0
      vertex 10.1314 20.5314 0
    endloop
  endfacet
  facet normal 0.321555 0.946891 -0
    outer loop
      vertex 8.58589 -20.9455 0
      vertex 8.38771 -20.8782 2.2
      vertex 8.58589 -20.9455 2.2
    endloop
  endfacet
  facet normal 0.321555 0.946891 0
    outer loop
      vertex 8.38771 -20.8782 2.2
      vertex 8.58589 -20.9455 0
      vertex 8.38771 -20.8782 0
    endloop
  endfacet
  facet normal 0.44241 0.896813 -0
    outer loop
      vertex 8.38771 -20.8782 0
      vertex 8.2 -20.7856 2.2
      vertex 8.38771 -20.8782 2.2
    endloop
  endfacet
  facet normal 0.44241 0.896813 0
    outer loop
      vertex 8.2 -20.7856 2.2
      vertex 8.38771 -20.8782 0
      vertex 8.2 -20.7856 0
    endloop
  endfacet
  facet normal 0.946944 0.321397 0
    outer loop
      vertex 7.52179 -20.0123 2.2
      vertex 7.45452 -19.8141 0
      vertex 7.45452 -19.8141 2.2
    endloop
  endfacet
  facet normal 0.946944 0.321397 0
    outer loop
      vertex 7.45452 -19.8141 0
      vertex 7.52179 -20.0123 2.2
      vertex 7.52179 -20.0123 0
    endloop
  endfacet
  facet normal 0.980791 -0.195059 0
    outer loop
      vertex 7.41369 19.6088 2.2
      vertex 7.45452 19.8141 0
      vertex 7.45452 19.8141 2.2
    endloop
  endfacet
  facet normal 0.980791 -0.195059 0
    outer loop
      vertex 7.45452 19.8141 0
      vertex 7.41369 19.6088 2.2
      vertex 7.41369 19.6088 0
    endloop
  endfacet
  facet normal 0.946944 -0.321397 0
    outer loop
      vertex 7.45452 19.8141 2.2
      vertex 7.52179 20.0123 0
      vertex 7.52179 20.0123 2.2
    endloop
  endfacet
  facet normal 0.946944 -0.321397 0
    outer loop
      vertex 7.52179 20.0123 0
      vertex 7.45452 19.8141 2.2
      vertex 7.45452 19.8141 0
    endloop
  endfacet
  facet normal 0.659367 -0.751821 0
    outer loop
      vertex 7.86863 20.5314 0
      vertex 8.02598 20.6694 2.2
      vertex 7.86863 20.5314 2.2
    endloop
  endfacet
  facet normal 0.659367 -0.751821 0
    outer loop
      vertex 8.02598 20.6694 2.2
      vertex 7.86863 20.5314 0
      vertex 8.02598 20.6694 0
    endloop
  endfacet
  facet normal 0.751925 -0.659248 0
    outer loop
      vertex 7.73063 20.374 2.2
      vertex 7.86863 20.5314 0
      vertex 7.86863 20.5314 2.2
    endloop
  endfacet
  facet normal 0.751925 -0.659248 0
    outer loop
      vertex 7.86863 20.5314 0
      vertex 7.73063 20.374 2.2
      vertex 7.73063 20.374 0
    endloop
  endfacet
  facet normal 0.555318 -0.831638 0
    outer loop
      vertex 8.02598 20.6694 0
      vertex 8.2 20.7856 2.2
      vertex 8.02598 20.6694 2.2
    endloop
  endfacet
  facet normal 0.555318 -0.831638 0
    outer loop
      vertex 8.2 20.7856 2.2
      vertex 8.02598 20.6694 0
      vertex 8.2 20.7856 0
    endloop
  endfacet
  facet normal 0.194949 -0.980813 0
    outer loop
      vertex 8.58589 20.9455 0
      vertex 8.79116 20.9863 2.2
      vertex 8.58589 20.9455 2.2
    endloop
  endfacet
  facet normal 0.194949 -0.980813 0
    outer loop
      vertex 8.79116 20.9863 2.2
      vertex 8.58589 20.9455 0
      vertex 8.79116 20.9863 0
    endloop
  endfacet
  facet normal -0.555318 -0.831638 0
    outer loop
      vertex 9.8 20.7856 0
      vertex 9.97402 20.6694 2.2
      vertex 9.8 20.7856 2.2
    endloop
  endfacet
  facet normal -0.555318 -0.831638 -0
    outer loop
      vertex 9.97402 20.6694 2.2
      vertex 9.8 20.7856 0
      vertex 9.97402 20.6694 0
    endloop
  endfacet
  facet normal -0.194949 -0.980813 0
    outer loop
      vertex 9.20884 20.9863 0
      vertex 9.41411 20.9455 2.2
      vertex 9.20884 20.9863 2.2
    endloop
  endfacet
  facet normal -0.194949 -0.980813 -0
    outer loop
      vertex 9.41411 20.9455 2.2
      vertex 9.20884 20.9863 0
      vertex 9.41411 20.9455 0
    endloop
  endfacet
  facet normal -0.997854 0.0654722 0
    outer loop
      vertex 10.5863 -19.6088 0
      vertex 10.6 -19.4 2.2
      vertex 10.6 -19.4 0
    endloop
  endfacet
  facet normal -0.997854 0.0654722 0
    outer loop
      vertex 10.6 -19.4 2.2
      vertex 10.5863 -19.6088 0
      vertex 10.5863 -19.6088 2.2
    endloop
  endfacet
  facet normal -0.980819 0.194922 0
    outer loop
      vertex 10.5455 -19.8141 0
      vertex 10.5863 -19.6088 2.2
      vertex 10.5863 -19.6088 0
    endloop
  endfacet
  facet normal -0.980819 0.194922 0
    outer loop
      vertex 10.5863 -19.6088 2.2
      vertex 10.5455 -19.8141 0
      vertex 10.5455 -19.8141 2.2
    endloop
  endfacet
  facet normal -0.751925 0.659248 0
    outer loop
      vertex 10.1314 -20.5314 0
      vertex 10.2694 -20.374 2.2
      vertex 10.2694 -20.374 0
    endloop
  endfacet
  facet normal -0.751925 0.659248 0
    outer loop
      vertex 10.2694 -20.374 2.2
      vertex 10.1314 -20.5314 0
      vertex 10.1314 -20.5314 2.2
    endloop
  endfacet
  facet normal 0.0654598 0.997855 -0
    outer loop
      vertex 9 -21 0
      vertex 8.79116 -20.9863 2.2
      vertex 9 -21 2.2
    endloop
  endfacet
  facet normal 0.0654598 0.997855 0
    outer loop
      vertex 8.79116 -20.9863 2.2
      vertex 9 -21 0
      vertex 8.79116 -20.9863 0
    endloop
  endfacet
  facet normal 0.89686 0.442314 0
    outer loop
      vertex 7.61436 -20.2 2.2
      vertex 7.52179 -20.0123 0
      vertex 7.52179 -20.0123 2.2
    endloop
  endfacet
  facet normal 0.89686 0.442314 0
    outer loop
      vertex 7.52179 -20.0123 0
      vertex 7.61436 -20.2 2.2
      vertex 7.61436 -20.2 0
    endloop
  endfacet
  facet normal 0.980791 0.195059 0
    outer loop
      vertex 7.45452 -19.8141 2.2
      vertex 7.41369 -19.6088 0
      vertex 7.41369 -19.6088 2.2
    endloop
  endfacet
  facet normal 0.980791 0.195059 0
    outer loop
      vertex 7.41369 -19.6088 0
      vertex 7.45452 -19.8141 2.2
      vertex 7.45452 -19.8141 0
    endloop
  endfacet
  facet normal 0.659367 0.751821 -0
    outer loop
      vertex 8.02598 -20.6694 0
      vertex 7.86863 -20.5314 2.2
      vertex 8.02598 -20.6694 2.2
    endloop
  endfacet
  facet normal 0.659367 0.751821 0
    outer loop
      vertex 7.86863 -20.5314 2.2
      vertex 8.02598 -20.6694 0
      vertex 7.86863 -20.5314 0
    endloop
  endfacet
  facet normal 0.751925 0.659248 0
    outer loop
      vertex 7.86863 -20.5314 2.2
      vertex 7.73063 -20.374 0
      vertex 7.73063 -20.374 2.2
    endloop
  endfacet
  facet normal 0.751925 0.659248 0
    outer loop
      vertex 7.73063 -20.374 0
      vertex 7.86863 -20.5314 2.2
      vertex 7.86863 -20.5314 0
    endloop
  endfacet
  facet normal 0.997858 -0.0654247 0
    outer loop
      vertex 7.4 19.4 2.2
      vertex 7.41369 19.6088 0
      vertex 7.41369 19.6088 2.2
    endloop
  endfacet
  facet normal 0.997858 -0.0654247 0
    outer loop
      vertex 7.41369 19.6088 0
      vertex 7.4 19.4 2.2
      vertex 7.4 19.4 0
    endloop
  endfacet
  facet normal 0.831454 -0.555593 0
    outer loop
      vertex 7.61436 20.2 2.2
      vertex 7.73063 20.374 0
      vertex 7.73063 20.374 2.2
    endloop
  endfacet
  facet normal 0.831454 -0.555593 0
    outer loop
      vertex 7.73063 20.374 0
      vertex 7.61436 20.2 2.2
      vertex 7.61436 20.2 0
    endloop
  endfacet
  facet normal 0.321555 -0.946891 0
    outer loop
      vertex 8.38771 20.8782 0
      vertex 8.58589 20.9455 2.2
      vertex 8.38771 20.8782 2.2
    endloop
  endfacet
  facet normal 0.321555 -0.946891 0
    outer loop
      vertex 8.58589 20.9455 2.2
      vertex 8.38771 20.8782 0
      vertex 8.58589 20.9455 0
    endloop
  endfacet
  facet normal -0.0654598 -0.997855 0
    outer loop
      vertex 9 21 0
      vertex 9.20884 20.9863 2.2
      vertex 9 21 2.2
    endloop
  endfacet
  facet normal -0.0654598 -0.997855 -0
    outer loop
      vertex 9.20884 20.9863 2.2
      vertex 9 21 0
      vertex 9.20884 20.9863 0
    endloop
  endfacet
  facet normal 0.0654598 -0.997855 0
    outer loop
      vertex 8.79116 20.9863 0
      vertex 9 21 2.2
      vertex 8.79116 20.9863 2.2
    endloop
  endfacet
  facet normal 0.0654598 -0.997855 0
    outer loop
      vertex 9 21 2.2
      vertex 8.79116 20.9863 0
      vertex 9 21 0
    endloop
  endfacet
  facet normal -0.831609 -0.555362 0
    outer loop
      vertex 10.3856 20.2 0
      vertex 10.2694 20.374 2.2
      vertex 10.2694 20.374 0
    endloop
  endfacet
  facet normal -0.831609 -0.555362 0
    outer loop
      vertex 10.2694 20.374 2.2
      vertex 10.3856 20.2 0
      vertex 10.3856 20.2 2.2
    endloop
  endfacet
  facet normal -0.997854 -0.0654722 0
    outer loop
      vertex 10.6 19.4 0
      vertex 10.5863 19.6088 2.2
      vertex 10.5863 19.6088 0
    endloop
  endfacet
  facet normal -0.997854 -0.0654722 0
    outer loop
      vertex 10.5863 19.6088 2.2
      vertex 10.6 19.4 0
      vertex 10.6 19.4 2.2
    endloop
  endfacet
  facet normal -0.896803 -0.442429 0
    outer loop
      vertex 10.4782 20.0123 0
      vertex 10.3856 20.2 2.2
      vertex 10.3856 20.2 0
    endloop
  endfacet
  facet normal -0.896803 -0.442429 0
    outer loop
      vertex 10.3856 20.2 2.2
      vertex 10.4782 20.0123 0
      vertex 10.4782 20.0123 2.2
    endloop
  endfacet
  facet normal 0.89686 -0.442314 0
    outer loop
      vertex 7.52179 20.0123 2.2
      vertex 7.61436 20.2 0
      vertex 7.61436 20.2 2.2
    endloop
  endfacet
  facet normal 0.89686 -0.442314 0
    outer loop
      vertex 7.61436 20.2 0
      vertex 7.52179 20.0123 2.2
      vertex 7.52179 20.0123 0
    endloop
  endfacet
  facet normal 0.44241 -0.896813 0
    outer loop
      vertex 8.2 20.7856 0
      vertex 8.38771 20.8782 2.2
      vertex 8.2 20.7856 2.2
    endloop
  endfacet
  facet normal 0.44241 -0.896813 0
    outer loop
      vertex 8.38771 20.8782 2.2
      vertex 8.2 20.7856 0
      vertex 8.38771 20.8782 0
    endloop
  endfacet
  facet normal -0.751925 -0.659248 0
    outer loop
      vertex 10.2694 20.374 0
      vertex 10.1314 20.5314 2.2
      vertex 10.1314 20.5314 0
    endloop
  endfacet
  facet normal -0.751925 -0.659248 0
    outer loop
      vertex 10.1314 20.5314 2.2
      vertex 10.2694 20.374 0
      vertex 10.2694 20.374 2.2
    endloop
  endfacet
  facet normal -0.980819 -0.194922 0
    outer loop
      vertex 10.5863 19.6088 0
      vertex 10.5455 19.8141 2.2
      vertex 10.5455 19.8141 0
    endloop
  endfacet
  facet normal -0.980819 -0.194922 0
    outer loop
      vertex 10.5455 19.8141 2.2
      vertex 10.5863 19.6088 0
      vertex 10.5863 19.6088 2.2
    endloop
  endfacet
  facet normal -0.946901 -0.321526 0
    outer loop
      vertex 10.5455 19.8141 0
      vertex 10.4782 20.0123 2.2
      vertex 10.4782 20.0123 0
    endloop
  endfacet
  facet normal -0.946901 -0.321526 0
    outer loop
      vertex 10.4782 20.0123 2.2
      vertex 10.5455 19.8141 0
      vertex 10.5455 19.8141 2.2
    endloop
  endfacet
  facet normal -0.946901 0.321526 0
    outer loop
      vertex 10.4782 -20.0123 0
      vertex 10.5455 -19.8141 2.2
      vertex 10.5455 -19.8141 0
    endloop
  endfacet
  facet normal -0.946901 0.321526 0
    outer loop
      vertex 10.5455 -19.8141 2.2
      vertex 10.4782 -20.0123 0
      vertex 10.4782 -20.0123 2.2
    endloop
  endfacet
  facet normal -0.896803 0.442429 0
    outer loop
      vertex 10.3856 -20.2 0
      vertex 10.4782 -20.0123 2.2
      vertex 10.4782 -20.0123 0
    endloop
  endfacet
  facet normal -0.896803 0.442429 0
    outer loop
      vertex 10.4782 -20.0123 2.2
      vertex 10.3856 -20.2 0
      vertex 10.3856 -20.2 2.2
    endloop
  endfacet
  facet normal -0.555318 0.831638 0
    outer loop
      vertex 9.97402 -20.6694 0
      vertex 9.8 -20.7856 2.2
      vertex 9.97402 -20.6694 2.2
    endloop
  endfacet
  facet normal -0.555318 0.831638 0
    outer loop
      vertex 9.8 -20.7856 2.2
      vertex 9.97402 -20.6694 0
      vertex 9.8 -20.7856 0
    endloop
  endfacet
  facet normal -0.44241 0.896813 0
    outer loop
      vertex 9.8 -20.7856 0
      vertex 9.61229 -20.8782 2.2
      vertex 9.8 -20.7856 2.2
    endloop
  endfacet
  facet normal -0.44241 0.896813 0
    outer loop
      vertex 9.61229 -20.8782 2.2
      vertex 9.8 -20.7856 0
      vertex 9.61229 -20.8782 0
    endloop
  endfacet
  facet normal -0.194922 0.980819 0
    outer loop
      vertex 18.4141 -20.9455 0
      vertex 18.2088 -20.9863 2.2
      vertex 18.4141 -20.9455 2.2
    endloop
  endfacet
  facet normal -0.194922 0.980819 0
    outer loop
      vertex 18.2088 -20.9863 2.2
      vertex 18.4141 -20.9455 0
      vertex 18.2088 -20.9863 0
    endloop
  endfacet
  facet normal -0.321526 0.946901 0
    outer loop
      vertex 18.6123 -20.8782 0
      vertex 18.4141 -20.9455 2.2
      vertex 18.6123 -20.8782 2.2
    endloop
  endfacet
  facet normal -0.321526 0.946901 0
    outer loop
      vertex 18.4141 -20.9455 2.2
      vertex 18.6123 -20.8782 0
      vertex 18.4141 -20.9455 0
    endloop
  endfacet
  facet normal -0.0654722 0.997854 0
    outer loop
      vertex 18.2088 -20.9863 0
      vertex 18 -21 2.2
      vertex 18.2088 -20.9863 2.2
    endloop
  endfacet
  facet normal -0.0654722 0.997854 0
    outer loop
      vertex 18 -21 2.2
      vertex 18.2088 -20.9863 0
      vertex 18 -21 0
    endloop
  endfacet
  facet normal -1 0 0
    outer loop
      vertex 19.6 -19.4 0
      vertex 19.6 19.4 2.2
      vertex 19.6 19.4 0
    endloop
  endfacet
  facet normal -1 -0 0
    outer loop
      vertex 19.6 19.4 2.2
      vertex 19.6 -19.4 0
      vertex 19.6 -19.4 2.2
    endloop
  endfacet
  facet normal 0.555362 0.831609 -0
    outer loop
      vertex 17.2 -20.7856 0
      vertex 17.026 -20.6694 2.2
      vertex 17.2 -20.7856 2.2
    endloop
  endfacet
  facet normal 0.555362 0.831609 0
    outer loop
      vertex 17.026 -20.6694 2.2
      vertex 17.2 -20.7856 0
      vertex 17.026 -20.6694 0
    endloop
  endfacet
  facet normal 1 -0 0
    outer loop
      vertex 16.4 -19.4 2.2
      vertex 16.4 19.4 0
      vertex 16.4 19.4 2.2
    endloop
  endfacet
  facet normal 1 0 0
    outer loop
      vertex 16.4 19.4 0
      vertex 16.4 -19.4 2.2
      vertex 16.4 -19.4 0
    endloop
  endfacet
  facet normal -0.321526 -0.946901 0
    outer loop
      vertex 18.4141 20.9455 0
      vertex 18.6123 20.8782 2.2
      vertex 18.4141 20.9455 2.2
    endloop
  endfacet
  facet normal -0.321526 -0.946901 -0
    outer loop
      vertex 18.6123 20.8782 2.2
      vertex 18.4141 20.9455 0
      vertex 18.6123 20.8782 0
    endloop
  endfacet
  facet normal -0.831609 0.555362 0
    outer loop
      vertex 19.2694 -20.374 0
      vertex 19.3856 -20.2 2.2
      vertex 19.3856 -20.2 0
    endloop
  endfacet
  facet normal -0.831609 0.555362 0
    outer loop
      vertex 19.3856 -20.2 2.2
      vertex 19.2694 -20.374 0
      vertex 19.2694 -20.374 2.2
    endloop
  endfacet
  facet normal 0.194922 0.980819 -0
    outer loop
      vertex 17.7912 -20.9863 0
      vertex 17.5859 -20.9455 2.2
      vertex 17.7912 -20.9863 2.2
    endloop
  endfacet
  facet normal 0.194922 0.980819 0
    outer loop
      vertex 17.5859 -20.9455 2.2
      vertex 17.7912 -20.9863 0
      vertex 17.5859 -20.9455 0
    endloop
  endfacet
  facet normal -0.659248 0.751925 0
    outer loop
      vertex 19.1314 -20.5314 0
      vertex 18.974 -20.6694 2.2
      vertex 19.1314 -20.5314 2.2
    endloop
  endfacet
  facet normal -0.659248 0.751925 0
    outer loop
      vertex 18.974 -20.6694 2.2
      vertex 19.1314 -20.5314 0
      vertex 18.974 -20.6694 0
    endloop
  endfacet
  facet normal 0.831609 0.555362 0
    outer loop
      vertex 16.7306 -20.374 2.2
      vertex 16.6144 -20.2 0
      vertex 16.6144 -20.2 2.2
    endloop
  endfacet
  facet normal 0.831609 0.555362 0
    outer loop
      vertex 16.6144 -20.2 0
      vertex 16.7306 -20.374 2.2
      vertex 16.7306 -20.374 0
    endloop
  endfacet
  facet normal 0.751925 0.659248 0
    outer loop
      vertex 16.8686 -20.5314 2.2
      vertex 16.7306 -20.374 0
      vertex 16.7306 -20.374 2.2
    endloop
  endfacet
  facet normal 0.751925 0.659248 0
    outer loop
      vertex 16.7306 -20.374 0
      vertex 16.8686 -20.5314 2.2
      vertex 16.8686 -20.5314 0
    endloop
  endfacet
  facet normal 0.997854 -0.0654722 0
    outer loop
      vertex 16.4 19.4 2.2
      vertex 16.4137 19.6088 0
      vertex 16.4137 19.6088 2.2
    endloop
  endfacet
  facet normal 0.997854 -0.0654722 0
    outer loop
      vertex 16.4137 19.6088 0
      vertex 16.4 19.4 2.2
      vertex 16.4 19.4 0
    endloop
  endfacet
  facet normal -0.659248 -0.751925 0
    outer loop
      vertex 18.974 20.6694 0
      vertex 19.1314 20.5314 2.2
      vertex 18.974 20.6694 2.2
    endloop
  endfacet
  facet normal -0.659248 -0.751925 -0
    outer loop
      vertex 19.1314 20.5314 2.2
      vertex 18.974 20.6694 0
      vertex 19.1314 20.5314 0
    endloop
  endfacet
  facet normal 0.321526 0.946901 -0
    outer loop
      vertex 17.5859 -20.9455 0
      vertex 17.3877 -20.8782 2.2
      vertex 17.5859 -20.9455 2.2
    endloop
  endfacet
  facet normal 0.321526 0.946901 0
    outer loop
      vertex 17.3877 -20.8782 2.2
      vertex 17.5859 -20.9455 0
      vertex 17.3877 -20.8782 0
    endloop
  endfacet
  facet normal 0.946901 0.321526 0
    outer loop
      vertex 16.5218 -20.0123 2.2
      vertex 16.4545 -19.8141 0
      vertex 16.4545 -19.8141 2.2
    endloop
  endfacet
  facet normal 0.946901 0.321526 0
    outer loop
      vertex 16.4545 -19.8141 0
      vertex 16.5218 -20.0123 2.2
      vertex 16.5218 -20.0123 0
    endloop
  endfacet
  facet normal 0.896803 0.442429 0
    outer loop
      vertex 16.6144 -20.2 2.2
      vertex 16.5218 -20.0123 0
      vertex 16.5218 -20.0123 2.2
    endloop
  endfacet
  facet normal 0.896803 0.442429 0
    outer loop
      vertex 16.5218 -20.0123 0
      vertex 16.6144 -20.2 2.2
      vertex 16.6144 -20.2 0
    endloop
  endfacet
  facet normal 0.659248 0.751925 -0
    outer loop
      vertex 17.026 -20.6694 0
      vertex 16.8686 -20.5314 2.2
      vertex 17.026 -20.6694 2.2
    endloop
  endfacet
  facet normal 0.659248 0.751925 0
    outer loop
      vertex 16.8686 -20.5314 2.2
      vertex 17.026 -20.6694 0
      vertex 16.8686 -20.5314 0
    endloop
  endfacet
  facet normal 0.751925 -0.659248 0
    outer loop
      vertex 16.7306 20.374 2.2
      vertex 16.8686 20.5314 0
      vertex 16.8686 20.5314 2.2
    endloop
  endfacet
  facet normal 0.751925 -0.659248 0
    outer loop
      vertex 16.8686 20.5314 0
      vertex 16.7306 20.374 2.2
      vertex 16.7306 20.374 0
    endloop
  endfacet
  facet normal 0.194922 -0.980819 0
    outer loop
      vertex 17.5859 20.9455 0
      vertex 17.7912 20.9863 2.2
      vertex 17.5859 20.9455 2.2
    endloop
  endfacet
  facet normal 0.194922 -0.980819 0
    outer loop
      vertex 17.7912 20.9863 2.2
      vertex 17.5859 20.9455 0
      vertex 17.7912 20.9863 0
    endloop
  endfacet
  facet normal -0.442429 -0.896803 0
    outer loop
      vertex 18.6123 20.8782 0
      vertex 18.8 20.7856 2.2
      vertex 18.6123 20.8782 2.2
    endloop
  endfacet
  facet normal -0.442429 -0.896803 -0
    outer loop
      vertex 18.8 20.7856 2.2
      vertex 18.6123 20.8782 0
      vertex 18.8 20.7856 0
    endloop
  endfacet
  facet normal -0.555362 -0.831609 0
    outer loop
      vertex 18.8 20.7856 0
      vertex 18.974 20.6694 2.2
      vertex 18.8 20.7856 2.2
    endloop
  endfacet
  facet normal -0.555362 -0.831609 -0
    outer loop
      vertex 18.974 20.6694 2.2
      vertex 18.8 20.7856 0
      vertex 18.974 20.6694 0
    endloop
  endfacet
  facet normal -0.997854 0.0654722 0
    outer loop
      vertex 19.5863 -19.6088 0
      vertex 19.6 -19.4 2.2
      vertex 19.6 -19.4 0
    endloop
  endfacet
  facet normal -0.997854 0.0654722 0
    outer loop
      vertex 19.6 -19.4 2.2
      vertex 19.5863 -19.6088 0
      vertex 19.5863 -19.6088 2.2
    endloop
  endfacet
  facet normal -0.980819 0.194922 0
    outer loop
      vertex 19.5455 -19.8141 0
      vertex 19.5863 -19.6088 2.2
      vertex 19.5863 -19.6088 0
    endloop
  endfacet
  facet normal -0.980819 0.194922 0
    outer loop
      vertex 19.5863 -19.6088 2.2
      vertex 19.5455 -19.8141 0
      vertex 19.5455 -19.8141 2.2
    endloop
  endfacet
  facet normal -0.751925 0.659248 0
    outer loop
      vertex 19.1314 -20.5314 0
      vertex 19.2694 -20.374 2.2
      vertex 19.2694 -20.374 0
    endloop
  endfacet
  facet normal -0.751925 0.659248 0
    outer loop
      vertex 19.2694 -20.374 2.2
      vertex 19.1314 -20.5314 0
      vertex 19.1314 -20.5314 2.2
    endloop
  endfacet
  facet normal 0.0654722 0.997854 -0
    outer loop
      vertex 18 -21 0
      vertex 17.7912 -20.9863 2.2
      vertex 18 -21 2.2
    endloop
  endfacet
  facet normal 0.0654722 0.997854 0
    outer loop
      vertex 17.7912 -20.9863 2.2
      vertex 18 -21 0
      vertex 17.7912 -20.9863 0
    endloop
  endfacet
  facet normal 0.442429 0.896803 -0
    outer loop
      vertex 17.3877 -20.8782 0
      vertex 17.2 -20.7856 2.2
      vertex 17.3877 -20.8782 2.2
    endloop
  endfacet
  facet normal 0.442429 0.896803 0
    outer loop
      vertex 17.2 -20.7856 2.2
      vertex 17.3877 -20.8782 0
      vertex 17.2 -20.7856 0
    endloop
  endfacet
  facet normal 0.980819 0.194922 0
    outer loop
      vertex 16.4545 -19.8141 2.2
      vertex 16.4137 -19.6088 0
      vertex 16.4137 -19.6088 2.2
    endloop
  endfacet
  facet normal 0.980819 0.194922 0
    outer loop
      vertex 16.4137 -19.6088 0
      vertex 16.4545 -19.8141 2.2
      vertex 16.4545 -19.8141 0
    endloop
  endfacet
  facet normal 0.997854 0.0654722 0
    outer loop
      vertex 16.4137 -19.6088 2.2
      vertex 16.4 -19.4 0
      vertex 16.4 -19.4 2.2
    endloop
  endfacet
  facet normal 0.997854 0.0654722 0
    outer loop
      vertex 16.4 -19.4 0
      vertex 16.4137 -19.6088 2.2
      vertex 16.4137 -19.6088 0
    endloop
  endfacet
  facet normal 0.980819 -0.194922 0
    outer loop
      vertex 16.4137 19.6088 2.2
      vertex 16.4545 19.8141 0
      vertex 16.4545 19.8141 2.2
    endloop
  endfacet
  facet normal 0.980819 -0.194922 0
    outer loop
      vertex 16.4545 19.8141 0
      vertex 16.4137 19.6088 2.2
      vertex 16.4137 19.6088 0
    endloop
  endfacet
  facet normal 0.831609 -0.555362 0
    outer loop
      vertex 16.6144 20.2 2.2
      vertex 16.7306 20.374 0
      vertex 16.7306 20.374 2.2
    endloop
  endfacet
  facet normal 0.831609 -0.555362 0
    outer loop
      vertex 16.7306 20.374 0
      vertex 16.6144 20.2 2.2
      vertex 16.6144 20.2 0
    endloop
  endfacet
  facet normal 0.946901 -0.321526 0
    outer loop
      vertex 16.4545 19.8141 2.2
      vertex 16.5218 20.0123 0
      vertex 16.5218 20.0123 2.2
    endloop
  endfacet
  facet normal 0.946901 -0.321526 0
    outer loop
      vertex 16.5218 20.0123 0
      vertex 16.4545 19.8141 2.2
      vertex 16.4545 19.8141 0
    endloop
  endfacet
  facet normal 0.659248 -0.751925 0
    outer loop
      vertex 16.8686 20.5314 0
      vertex 17.026 20.6694 2.2
      vertex 16.8686 20.5314 2.2
    endloop
  endfacet
  facet normal 0.659248 -0.751925 0
    outer loop
      vertex 17.026 20.6694 2.2
      vertex 16.8686 20.5314 0
      vertex 17.026 20.6694 0
    endloop
  endfacet
  facet normal 0.555362 -0.831609 0
    outer loop
      vertex 17.026 20.6694 0
      vertex 17.2 20.7856 2.2
      vertex 17.026 20.6694 2.2
    endloop
  endfacet
  facet normal 0.555362 -0.831609 0
    outer loop
      vertex 17.2 20.7856 2.2
      vertex 17.026 20.6694 0
      vertex 17.2 20.7856 0
    endloop
  endfacet
  facet normal 0.321526 -0.946901 0
    outer loop
      vertex 17.3877 20.8782 0
      vertex 17.5859 20.9455 2.2
      vertex 17.3877 20.8782 2.2
    endloop
  endfacet
  facet normal 0.321526 -0.946901 0
    outer loop
      vertex 17.5859 20.9455 2.2
      vertex 17.3877 20.8782 0
      vertex 17.5859 20.9455 0
    endloop
  endfacet
  facet normal -0.0654722 -0.997854 0
    outer loop
      vertex 18 21 0
      vertex 18.2088 20.9863 2.2
      vertex 18 21 2.2
    endloop
  endfacet
  facet normal -0.0654722 -0.997854 -0
    outer loop
      vertex 18.2088 20.9863 2.2
      vertex 18 21 0
      vertex 18.2088 20.9863 0
    endloop
  endfacet
  facet normal -0.194922 -0.980819 0
    outer loop
      vertex 18.2088 20.9863 0
      vertex 18.4141 20.9455 2.2
      vertex 18.2088 20.9863 2.2
    endloop
  endfacet
  facet normal -0.194922 -0.980819 -0
    outer loop
      vertex 18.4141 20.9455 2.2
      vertex 18.2088 20.9863 0
      vertex 18.4141 20.9455 0
    endloop
  endfacet
  facet normal 0.0654722 -0.997854 0
    outer loop
      vertex 17.7912 20.9863 0
      vertex 18 21 2.2
      vertex 17.7912 20.9863 2.2
    endloop
  endfacet
  facet normal 0.0654722 -0.997854 0
    outer loop
      vertex 18 21 2.2
      vertex 17.7912 20.9863 0
      vertex 18 21 0
    endloop
  endfacet
  facet normal -0.831609 -0.555362 0
    outer loop
      vertex 19.3856 20.2 0
      vertex 19.2694 20.374 2.2
      vertex 19.2694 20.374 0
    endloop
  endfacet
  facet normal -0.831609 -0.555362 0
    outer loop
      vertex 19.2694 20.374 2.2
      vertex 19.3856 20.2 0
      vertex 19.3856 20.2 2.2
    endloop
  endfacet
  facet normal -0.896803 -0.442429 0
    outer loop
      vertex 19.4782 20.0123 0
      vertex 19.3856 20.2 2.2
      vertex 19.3856 20.2 0
    endloop
  endfacet
  facet normal -0.896803 -0.442429 0
    outer loop
      vertex 19.3856 20.2 2.2
      vertex 19.4782 20.0123 0
      vertex 19.4782 20.0123 2.2
    endloop
  endfacet
  facet normal 0.896803 -0.442429 0
    outer loop
      vertex 16.5218 20.0123 2.2
      vertex 16.6144 20.2 0
      vertex 16.6144 20.2 2.2
    endloop
  endfacet
  facet normal 0.896803 -0.442429 0
    outer loop
      vertex 16.6144 20.2 0
      vertex 16.5218 20.0123 2.2
      vertex 16.5218 20.0123 0
    endloop
  endfacet
  facet normal 0.442429 -0.896803 0
    outer loop
      vertex 17.2 20.7856 0
      vertex 17.3877 20.8782 2.2
      vertex 17.2 20.7856 2.2
    endloop
  endfacet
  facet normal 0.442429 -0.896803 0
    outer loop
      vertex 17.3877 20.8782 2.2
      vertex 17.2 20.7856 0
      vertex 17.3877 20.8782 0
    endloop
  endfacet
  facet normal -0.751925 -0.659248 0
    outer loop
      vertex 19.2694 20.374 0
      vertex 19.1314 20.5314 2.2
      vertex 19.1314 20.5314 0
    endloop
  endfacet
  facet normal -0.751925 -0.659248 0
    outer loop
      vertex 19.1314 20.5314 2.2
      vertex 19.2694 20.374 0
      vertex 19.2694 20.374 2.2
    endloop
  endfacet
  facet normal -0.980819 -0.194922 0
    outer loop
      vertex 19.5863 19.6088 0
      vertex 19.5455 19.8141 2.2
      vertex 19.5455 19.8141 0
    endloop
  endfacet
  facet normal -0.980819 -0.194922 0
    outer loop
      vertex 19.5455 19.8141 2.2
      vertex 19.5863 19.6088 0
      vertex 19.5863 19.6088 2.2
    endloop
  endfacet
  facet normal -0.997854 -0.0654722 0
    outer loop
      vertex 19.6 19.4 0
      vertex 19.5863 19.6088 2.2
      vertex 19.5863 19.6088 0
    endloop
  endfacet
  facet normal -0.997854 -0.0654722 0
    outer loop
      vertex 19.5863 19.6088 2.2
      vertex 19.6 19.4 0
      vertex 19.6 19.4 2.2
    endloop
  endfacet
  facet normal -0.946901 -0.321526 0
    outer loop
      vertex 19.5455 19.8141 0
      vertex 19.4782 20.0123 2.2
      vertex 19.4782 20.0123 0
    endloop
  endfacet
  facet normal -0.946901 -0.321526 0
    outer loop
      vertex 19.4782 20.0123 2.2
      vertex 19.5455 19.8141 0
      vertex 19.5455 19.8141 2.2
    endloop
  endfacet
  facet normal -0.946901 0.321526 0
    outer loop
      vertex 19.4782 -20.0123 0
      vertex 19.5455 -19.8141 2.2
      vertex 19.5455 -19.8141 0
    endloop
  endfacet
  facet normal -0.946901 0.321526 0
    outer loop
      vertex 19.5455 -19.8141 2.2
      vertex 19.4782 -20.0123 0
      vertex 19.4782 -20.0123 2.2
    endloop
  endfacet
  facet normal -0.896803 0.442429 0
    outer loop
      vertex 19.3856 -20.2 0
      vertex 19.4782 -20.0123 2.2
      vertex 19.4782 -20.0123 0
    endloop
  endfacet
  facet normal -0.896803 0.442429 0
    outer loop
      vertex 19.4782 -20.0123 2.2
      vertex 19.3856 -20.2 0
      vertex 19.3856 -20.2 2.2
    endloop
  endfacet
  facet normal -0.555362 0.831609 0
    outer loop
      vertex 18.974 -20.6694 0
      vertex 18.8 -20.7856 2.2
      vertex 18.974 -20.6694 2.2
    endloop
  endfacet
  facet normal -0.555362 0.831609 0
    outer loop
      vertex 18.8 -20.7856 2.2
      vertex 18.974 -20.6694 0
      vertex 18.8 -20.7856 0
    endloop
  endfacet
  facet normal -0.442429 0.896803 0
    outer loop
      vertex 18.8 -20.7856 0
      vertex 18.6123 -20.8782 2.2
      vertex 18.8 -20.7856 2.2
    endloop
  endfacet
  facet normal -0.442429 0.896803 0
    outer loop
      vertex 18.6123 -20.8782 2.2
      vertex 18.8 -20.7856 0
      vertex 18.6123 -20.8782 0
    endloop
  endfacet
  facet normal -0.194922 0.980819 0
    outer loop
      vertex 27.4141 -20.9455 0
      vertex 27.2088 -20.9863 2.2
      vertex 27.4141 -20.9455 2.2
    endloop
  endfacet
  facet normal -0.194922 0.980819 0
    outer loop
      vertex 27.2088 -20.9863 2.2
      vertex 27.4141 -20.9455 0
      vertex 27.2088 -20.9863 0
    endloop
  endfacet
  facet normal -0.321526 0.946901 0
    outer loop
      vertex 27.6123 -20.8782 0
      vertex 27.4141 -20.9455 2.2
      vertex 27.6123 -20.8782 2.2
    endloop
  endfacet
  facet normal -0.321526 0.946901 0
    outer loop
      vertex 27.4141 -20.9455 2.2
      vertex 27.6123 -20.8782 0
      vertex 27.4141 -20.9455 0
    endloop
  endfacet
  facet normal -0.0654722 0.997854 0
    outer loop
      vertex 27.2088 -20.9863 0
      vertex 27 -21 2.2
      vertex 27.2088 -20.9863 2.2
    endloop
  endfacet
  facet normal -0.0654722 0.997854 0
    outer loop
      vertex 27 -21 2.2
      vertex 27.2088 -20.9863 0
      vertex 27 -21 0
    endloop
  endfacet
  facet normal -1 0 0
    outer loop
      vertex 28.6 -19.4 0
      vertex 28.6 19.4 2.2
      vertex 28.6 19.4 0
    endloop
  endfacet
  facet normal -1 -0 0
    outer loop
      vertex 28.6 19.4 2.2
      vertex 28.6 -19.4 0
      vertex 28.6 -19.4 2.2
    endloop
  endfacet
  facet normal 0.555362 0.831609 -0
    outer loop
      vertex 26.2 -20.7856 0
      vertex 26.026 -20.6694 2.2
      vertex 26.2 -20.7856 2.2
    endloop
  endfacet
  facet normal 0.555362 0.831609 0
    outer loop
      vertex 26.026 -20.6694 2.2
      vertex 26.2 -20.7856 0
      vertex 26.026 -20.6694 0
    endloop
  endfacet
  facet normal 1 -0 0
    outer loop
      vertex 25.4 -19.4 2.2
      vertex 25.4 19.4 0
      vertex 25.4 19.4 2.2
    endloop
  endfacet
  facet normal 1 0 0
    outer loop
      vertex 25.4 19.4 0
      vertex 25.4 -19.4 2.2
      vertex 25.4 -19.4 0
    endloop
  endfacet
  facet normal -0.321526 -0.946901 0
    outer loop
      vertex 27.4141 20.9455 0
      vertex 27.6123 20.8782 2.2
      vertex 27.4141 20.9455 2.2
    endloop
  endfacet
  facet normal -0.321526 -0.946901 -0
    outer loop
      vertex 27.6123 20.8782 2.2
      vertex 27.4141 20.9455 0
      vertex 27.6123 20.8782 0
    endloop
  endfacet
  facet normal -0.831609 0.555362 0
    outer loop
      vertex 28.2694 -20.374 0
      vertex 28.3856 -20.2 2.2
      vertex 28.3856 -20.2 0
    endloop
  endfacet
  facet normal -0.831609 0.555362 0
    outer loop
      vertex 28.3856 -20.2 2.2
      vertex 28.2694 -20.374 0
      vertex 28.2694 -20.374 2.2
    endloop
  endfacet
  facet normal -0.659248 0.751925 0
    outer loop
      vertex 28.1314 -20.5314 0
      vertex 27.974 -20.6694 2.2
      vertex 28.1314 -20.5314 2.2
    endloop
  endfacet
  facet normal -0.659248 0.751925 0
    outer loop
      vertex 27.974 -20.6694 2.2
      vertex 28.1314 -20.5314 0
      vertex 27.974 -20.6694 0
    endloop
  endfacet
  facet normal 0.831609 0.555362 0
    outer loop
      vertex 25.7306 -20.374 2.2
      vertex 25.6144 -20.2 0
      vertex 25.6144 -20.2 2.2
    endloop
  endfacet
  facet normal 0.831609 0.555362 0
    outer loop
      vertex 25.6144 -20.2 0
      vertex 25.7306 -20.374 2.2
      vertex 25.7306 -20.374 0
    endloop
  endfacet
  facet normal 0.751925 0.659248 0
    outer loop
      vertex 25.8686 -20.5314 2.2
      vertex 25.7306 -20.374 0
      vertex 25.7306 -20.374 2.2
    endloop
  endfacet
  facet normal 0.751925 0.659248 0
    outer loop
      vertex 25.7306 -20.374 0
      vertex 25.8686 -20.5314 2.2
      vertex 25.8686 -20.5314 0
    endloop
  endfacet
  facet normal 0.997854 -0.0654722 0
    outer loop
      vertex 25.4 19.4 2.2
      vertex 25.4137 19.6088 0
      vertex 25.4137 19.6088 2.2
    endloop
  endfacet
  facet normal 0.997854 -0.0654722 0
    outer loop
      vertex 25.4137 19.6088 0
      vertex 25.4 19.4 2.2
      vertex 25.4 19.4 0
    endloop
  endfacet
  facet normal -0.659248 -0.751925 0
    outer loop
      vertex 27.974 20.6694 0
      vertex 28.1314 20.5314 2.2
      vertex 27.974 20.6694 2.2
    endloop
  endfacet
  facet normal -0.659248 -0.751925 -0
    outer loop
      vertex 28.1314 20.5314 2.2
      vertex 27.974 20.6694 0
      vertex 28.1314 20.5314 0
    endloop
  endfacet
  facet normal 0.321526 0.946901 -0
    outer loop
      vertex 26.5859 -20.9455 0
      vertex 26.3877 -20.8782 2.2
      vertex 26.5859 -20.9455 2.2
    endloop
  endfacet
  facet normal 0.321526 0.946901 0
    outer loop
      vertex 26.3877 -20.8782 2.2
      vertex 26.5859 -20.9455 0
      vertex 26.3877 -20.8782 0
    endloop
  endfacet
  facet normal 0.946901 0.321526 0
    outer loop
      vertex 25.5218 -20.0123 2.2
      vertex 25.4545 -19.8141 0
      vertex 25.4545 -19.8141 2.2
    endloop
  endfacet
  facet normal 0.946901 0.321526 0
    outer loop
      vertex 25.4545 -19.8141 0
      vertex 25.5218 -20.0123 2.2
      vertex 25.5218 -20.0123 0
    endloop
  endfacet
  facet normal 0.896803 0.442429 0
    outer loop
      vertex 25.6144 -20.2 2.2
      vertex 25.5218 -20.0123 0
      vertex 25.5218 -20.0123 2.2
    endloop
  endfacet
  facet normal 0.896803 0.442429 0
    outer loop
      vertex 25.5218 -20.0123 0
      vertex 25.6144 -20.2 2.2
      vertex 25.6144 -20.2 0
    endloop
  endfacet
  facet normal 0.659248 0.751925 -0
    outer loop
      vertex 26.026 -20.6694 0
      vertex 25.8686 -20.5314 2.2
      vertex 26.026 -20.6694 2.2
    endloop
  endfacet
  facet normal 0.659248 0.751925 0
    outer loop
      vertex 25.8686 -20.5314 2.2
      vertex 26.026 -20.6694 0
      vertex 25.8686 -20.5314 0
    endloop
  endfacet
  facet normal 0.751925 -0.659248 0
    outer loop
      vertex 25.7306 20.374 2.2
      vertex 25.8686 20.5314 0
      vertex 25.8686 20.5314 2.2
    endloop
  endfacet
  facet normal 0.751925 -0.659248 0
    outer loop
      vertex 25.8686 20.5314 0
      vertex 25.7306 20.374 2.2
      vertex 25.7306 20.374 0
    endloop
  endfacet
  facet normal 0.194922 -0.980819 0
    outer loop
      vertex 26.5859 20.9455 0
      vertex 26.7912 20.9863 2.2
      vertex 26.5859 20.9455 2.2
    endloop
  endfacet
  facet normal 0.194922 -0.980819 0
    outer loop
      vertex 26.7912 20.9863 2.2
      vertex 26.5859 20.9455 0
      vertex 26.7912 20.9863 0
    endloop
  endfacet
  facet normal -0.442429 -0.896803 0
    outer loop
      vertex 27.6123 20.8782 0
      vertex 27.8 20.7856 2.2
      vertex 27.6123 20.8782 2.2
    endloop
  endfacet
  facet normal -0.442429 -0.896803 -0
    outer loop
      vertex 27.8 20.7856 2.2
      vertex 27.6123 20.8782 0
      vertex 27.8 20.7856 0
    endloop
  endfacet
  facet normal -0.555362 -0.831609 0
    outer loop
      vertex 27.8 20.7856 0
      vertex 27.974 20.6694 2.2
      vertex 27.8 20.7856 2.2
    endloop
  endfacet
  facet normal -0.555362 -0.831609 -0
    outer loop
      vertex 27.974 20.6694 2.2
      vertex 27.8 20.7856 0
      vertex 27.974 20.6694 0
    endloop
  endfacet
  facet normal -0.997854 0.0654722 0
    outer loop
      vertex 28.5863 -19.6088 0
      vertex 28.6 -19.4 2.2
      vertex 28.6 -19.4 0
    endloop
  endfacet
  facet normal -0.997854 0.0654722 0
    outer loop
      vertex 28.6 -19.4 2.2
      vertex 28.5863 -19.6088 0
      vertex 28.5863 -19.6088 2.2
    endloop
  endfacet
  facet normal -0.980819 0.194922 0
    outer loop
      vertex 28.5455 -19.8141 0
      vertex 28.5863 -19.6088 2.2
      vertex 28.5863 -19.6088 0
    endloop
  endfacet
  facet normal -0.980819 0.194922 0
    outer loop
      vertex 28.5863 -19.6088 2.2
      vertex 28.5455 -19.8141 0
      vertex 28.5455 -19.8141 2.2
    endloop
  endfacet
  facet normal -0.751925 0.659248 0
    outer loop
      vertex 28.1314 -20.5314 0
      vertex 28.2694 -20.374 2.2
      vertex 28.2694 -20.374 0
    endloop
  endfacet
  facet normal -0.751925 0.659248 0
    outer loop
      vertex 28.2694 -20.374 2.2
      vertex 28.1314 -20.5314 0
      vertex 28.1314 -20.5314 2.2
    endloop
  endfacet
  facet normal 0.0654722 0.997854 -0
    outer loop
      vertex 27 -21 0
      vertex 26.7912 -20.9863 2.2
      vertex 27 -21 2.2
    endloop
  endfacet
  facet normal 0.0654722 0.997854 0
    outer loop
      vertex 26.7912 -20.9863 2.2
      vertex 27 -21 0
      vertex 26.7912 -20.9863 0
    endloop
  endfacet
  facet normal 0.194922 0.980819 -0
    outer loop
      vertex 26.7912 -20.9863 0
      vertex 26.5859 -20.9455 2.2
      vertex 26.7912 -20.9863 2.2
    endloop
  endfacet
  facet normal 0.194922 0.980819 0
    outer loop
      vertex 26.5859 -20.9455 2.2
      vertex 26.7912 -20.9863 0
      vertex 26.5859 -20.9455 0
    endloop
  endfacet
  facet normal 0.442429 0.896803 -0
    outer loop
      vertex 26.3877 -20.8782 0
      vertex 26.2 -20.7856 2.2
      vertex 26.3877 -20.8782 2.2
    endloop
  endfacet
  facet normal 0.442429 0.896803 0
    outer loop
      vertex 26.2 -20.7856 2.2
      vertex 26.3877 -20.8782 0
      vertex 26.2 -20.7856 0
    endloop
  endfacet
  facet normal 0.980819 0.194922 0
    outer loop
      vertex 25.4545 -19.8141 2.2
      vertex 25.4137 -19.6088 0
      vertex 25.4137 -19.6088 2.2
    endloop
  endfacet
  facet normal 0.980819 0.194922 0
    outer loop
      vertex 25.4137 -19.6088 0
      vertex 25.4545 -19.8141 2.2
      vertex 25.4545 -19.8141 0
    endloop
  endfacet
  facet normal 0.997854 0.0654722 0
    outer loop
      vertex 25.4137 -19.6088 2.2
      vertex 25.4 -19.4 0
      vertex 25.4 -19.4 2.2
    endloop
  endfacet
  facet normal 0.997854 0.0654722 0
    outer loop
      vertex 25.4 -19.4 0
      vertex 25.4137 -19.6088 2.2
      vertex 25.4137 -19.6088 0
    endloop
  endfacet
  facet normal 0.980819 -0.194922 0
    outer loop
      vertex 25.4137 19.6088 2.2
      vertex 25.4545 19.8141 0
      vertex 25.4545 19.8141 2.2
    endloop
  endfacet
  facet normal 0.980819 -0.194922 0
    outer loop
      vertex 25.4545 19.8141 0
      vertex 25.4137 19.6088 2.2
      vertex 25.4137 19.6088 0
    endloop
  endfacet
  facet normal 0.831609 -0.555362 0
    outer loop
      vertex 25.6144 20.2 2.2
      vertex 25.7306 20.374 0
      vertex 25.7306 20.374 2.2
    endloop
  endfacet
  facet normal 0.831609 -0.555362 0
    outer loop
      vertex 25.7306 20.374 0
      vertex 25.6144 20.2 2.2
      vertex 25.6144 20.2 0
    endloop
  endfacet
  facet normal 0.946901 -0.321526 0
    outer loop
      vertex 25.4545 19.8141 2.2
      vertex 25.5218 20.0123 0
      vertex 25.5218 20.0123 2.2
    endloop
  endfacet
  facet normal 0.946901 -0.321526 0
    outer loop
      vertex 25.5218 20.0123 0
      vertex 25.4545 19.8141 2.2
      vertex 25.4545 19.8141 0
    endloop
  endfacet
  facet normal 0.659248 -0.751925 0
    outer loop
      vertex 25.8686 20.5314 0
      vertex 26.026 20.6694 2.2
      vertex 25.8686 20.5314 2.2
    endloop
  endfacet
  facet normal 0.659248 -0.751925 0
    outer loop
      vertex 26.026 20.6694 2.2
      vertex 25.8686 20.5314 0
      vertex 26.026 20.6694 0
    endloop
  endfacet
  facet normal 0.555362 -0.831609 0
    outer loop
      vertex 26.026 20.6694 0
      vertex 26.2 20.7856 2.2
      vertex 26.026 20.6694 2.2
    endloop
  endfacet
  facet normal 0.555362 -0.831609 0
    outer loop
      vertex 26.2 20.7856 2.2
      vertex 26.026 20.6694 0
      vertex 26.2 20.7856 0
    endloop
  endfacet
  facet normal 0.321526 -0.946901 0
    outer loop
      vertex 26.3877 20.8782 0
      vertex 26.5859 20.9455 2.2
      vertex 26.3877 20.8782 2.2
    endloop
  endfacet
  facet normal 0.321526 -0.946901 0
    outer loop
      vertex 26.5859 20.9455 2.2
      vertex 26.3877 20.8782 0
      vertex 26.5859 20.9455 0
    endloop
  endfacet
  facet normal -0.0654722 -0.997854 0
    outer loop
      vertex 27 21 0
      vertex 27.2088 20.9863 2.2
      vertex 27 21 2.2
    endloop
  endfacet
  facet normal -0.0654722 -0.997854 -0
    outer loop
      vertex 27.2088 20.9863 2.2
      vertex 27 21 0
      vertex 27.2088 20.9863 0
    endloop
  endfacet
  facet normal -0.194922 -0.980819 0
    outer loop
      vertex 27.2088 20.9863 0
      vertex 27.4141 20.9455 2.2
      vertex 27.2088 20.9863 2.2
    endloop
  endfacet
  facet normal -0.194922 -0.980819 -0
    outer loop
      vertex 27.4141 20.9455 2.2
      vertex 27.2088 20.9863 0
      vertex 27.4141 20.9455 0
    endloop
  endfacet
  facet normal 0.0654722 -0.997854 0
    outer loop
      vertex 26.7912 20.9863 0
      vertex 27 21 2.2
      vertex 26.7912 20.9863 2.2
    endloop
  endfacet
  facet normal 0.0654722 -0.997854 0
    outer loop
      vertex 27 21 2.2
      vertex 26.7912 20.9863 0
      vertex 27 21 0
    endloop
  endfacet
  facet normal -0.831609 -0.555362 0
    outer loop
      vertex 28.3856 20.2 0
      vertex 28.2694 20.374 2.2
      vertex 28.2694 20.374 0
    endloop
  endfacet
  facet normal -0.831609 -0.555362 0
    outer loop
      vertex 28.2694 20.374 2.2
      vertex 28.3856 20.2 0
      vertex 28.3856 20.2 2.2
    endloop
  endfacet
  facet normal -0.896803 -0.442429 0
    outer loop
      vertex 28.4782 20.0123 0
      vertex 28.3856 20.2 2.2
      vertex 28.3856 20.2 0
    endloop
  endfacet
  facet normal -0.896803 -0.442429 0
    outer loop
      vertex 28.3856 20.2 2.2
      vertex 28.4782 20.0123 0
      vertex 28.4782 20.0123 2.2
    endloop
  endfacet
  facet normal 0.896803 -0.442429 0
    outer loop
      vertex 25.5218 20.0123 2.2
      vertex 25.6144 20.2 0
      vertex 25.6144 20.2 2.2
    endloop
  endfacet
  facet normal 0.896803 -0.442429 0
    outer loop
      vertex 25.6144 20.2 0
      vertex 25.5218 20.0123 2.2
      vertex 25.5218 20.0123 0
    endloop
  endfacet
  facet normal 0.442429 -0.896803 0
    outer loop
      vertex 26.2 20.7856 0
      vertex 26.3877 20.8782 2.2
      vertex 26.2 20.7856 2.2
    endloop
  endfacet
  facet normal 0.442429 -0.896803 0
    outer loop
      vertex 26.3877 20.8782 2.2
      vertex 26.2 20.7856 0
      vertex 26.3877 20.8782 0
    endloop
  endfacet
  facet normal -0.751925 -0.659248 0
    outer loop
      vertex 28.2694 20.374 0
      vertex 28.1314 20.5314 2.2
      vertex 28.1314 20.5314 0
    endloop
  endfacet
  facet normal -0.751925 -0.659248 0
    outer loop
      vertex 28.1314 20.5314 2.2
      vertex 28.2694 20.374 0
      vertex 28.2694 20.374 2.2
    endloop
  endfacet
  facet normal -0.980819 -0.194922 0
    outer loop
      vertex 28.5863 19.6088 0
      vertex 28.5455 19.8141 2.2
      vertex 28.5455 19.8141 0
    endloop
  endfacet
  facet normal -0.980819 -0.194922 0
    outer loop
      vertex 28.5455 19.8141 2.2
      vertex 28.5863 19.6088 0
      vertex 28.5863 19.6088 2.2
    endloop
  endfacet
  facet normal -0.997854 -0.0654722 0
    outer loop
      vertex 28.6 19.4 0
      vertex 28.5863 19.6088 2.2
      vertex 28.5863 19.6088 0
    endloop
  endfacet
  facet normal -0.997854 -0.0654722 0
    outer loop
      vertex 28.5863 19.6088 2.2
      vertex 28.6 19.4 0
      vertex 28.6 19.4 2.2
    endloop
  endfacet
  facet normal -0.946901 -0.321526 0
    outer loop
      vertex 28.5455 19.8141 0
      vertex 28.4782 20.0123 2.2
      vertex 28.4782 20.0123 0
    endloop
  endfacet
  facet normal -0.946901 -0.321526 0
    outer loop
      vertex 28.4782 20.0123 2.2
      vertex 28.5455 19.8141 0
      vertex 28.5455 19.8141 2.2
    endloop
  endfacet
  facet normal -0.896803 0.442429 0
    outer loop
      vertex 28.3856 -20.2 0
      vertex 28.4782 -20.0123 2.2
      vertex 28.4782 -20.0123 0
    endloop
  endfacet
  facet normal -0.896803 0.442429 0
    outer loop
      vertex 28.4782 -20.0123 2.2
      vertex 28.3856 -20.2 0
      vertex 28.3856 -20.2 2.2
    endloop
  endfacet
  facet normal -0.946901 0.321526 0
    outer loop
      vertex 28.4782 -20.0123 0
      vertex 28.5455 -19.8141 2.2
      vertex 28.5455 -19.8141 0
    endloop
  endfacet
  facet normal -0.946901 0.321526 0
    outer loop
      vertex 28.5455 -19.8141 2.2
      vertex 28.4782 -20.0123 0
      vertex 28.4782 -20.0123 2.2
    endloop
  endfacet
  facet normal -0.555362 0.831609 0
    outer loop
      vertex 27.974 -20.6694 0
      vertex 27.8 -20.7856 2.2
      vertex 27.974 -20.6694 2.2
    endloop
  endfacet
  facet normal -0.555362 0.831609 0
    outer loop
      vertex 27.8 -20.7856 2.2
      vertex 27.974 -20.6694 0
      vertex 27.8 -20.7856 0
    endloop
  endfacet
  facet normal -0.442429 0.896803 0
    outer loop
      vertex 27.8 -20.7856 0
      vertex 27.6123 -20.8782 2.2
      vertex 27.8 -20.7856 2.2
    endloop
  endfacet
  facet normal -0.442429 0.896803 0
    outer loop
      vertex 27.6123 -20.8782 2.2
      vertex 27.8 -20.7856 0
      vertex 27.6123 -20.8782 0
    endloop
  endfacet
  facet normal -1 0 0
    outer loop
      vertex -34.455 24.17 0
      vertex -34.455 35.17 2.2
      vertex -34.455 35.17 0
    endloop
  endfacet
  facet normal -1 -0 0
    outer loop
      vertex -34.455 35.17 2.2
      vertex -34.455 24.17 0
      vertex -34.455 24.17 2.2
    endloop
  endfacet
  facet normal 0 1 0
    outer loop
      vertex -34.455 24.17 2.2
      vertex -34.455 24.17 0
      vertex -46.03 24.17 2.2
    endloop
  endfacet
  facet normal 0 1 -0
    outer loop
      vertex -46.03 24.17 2.2
      vertex -47.13 24.17 4
      vertex -46.03 24.17 4
    endloop
  endfacet
  facet normal 0 1 0
    outer loop
      vertex -46.03 24.17 2.2
      vertex -47.13 24.17 0
      vertex -47.13 24.17 4
    endloop
  endfacet
  facet normal 0 1 0
    outer loop
      vertex -47.13 24.17 0
      vertex -46.03 24.17 2.2
      vertex -34.455 24.17 0
    endloop
  endfacet
  facet normal 0 -1 0
    outer loop
      vertex -47.13 35.17 4
      vertex -46.03 35.17 2.2
      vertex -46.03 35.17 4
    endloop
  endfacet
  facet normal 0 -1 0
    outer loop
      vertex -47.13 35.17 0
      vertex -46.03 35.17 2.2
      vertex -47.13 35.17 4
    endloop
  endfacet
  facet normal 0 -1 0
    outer loop
      vertex -34.455 35.17 0
      vertex -46.03 35.17 2.2
      vertex -47.13 35.17 0
    endloop
  endfacet
  facet normal 0 -1 0
    outer loop
      vertex -46.03 35.17 2.2
      vertex -34.455 35.17 0
      vertex -34.455 35.17 2.2
    endloop
  endfacet
  facet normal -1 0 0
    outer loop
      vertex -34.455 9.78 0
      vertex -34.455 20.78 2.2
      vertex -34.455 20.78 0
    endloop
  endfacet
  facet normal -1 -0 0
    outer loop
      vertex -34.455 20.78 2.2
      vertex -34.455 9.78 0
      vertex -34.455 9.78 2.2
    endloop
  endfacet
  facet normal 0 -1 0
    outer loop
      vertex -47.13 20.78 4
      vertex -46.03 20.78 2.2
      vertex -46.03 20.78 4
    endloop
  endfacet
  facet normal 0 -1 0
    outer loop
      vertex -47.13 20.78 0
      vertex -46.03 20.78 2.2
      vertex -47.13 20.78 4
    endloop
  endfacet
  facet normal 0 -1 0
    outer loop
      vertex -34.455 20.78 0
      vertex -46.03 20.78 2.2
      vertex -47.13 20.78 0
    endloop
  endfacet
  facet normal 0 -1 0
    outer loop
      vertex -46.03 20.78 2.2
      vertex -34.455 20.78 0
      vertex -34.455 20.78 2.2
    endloop
  endfacet
  facet normal 0 1 0
    outer loop
      vertex -34.455 9.78 2.2
      vertex -34.455 9.78 0
      vertex -46.03 9.78 2.2
    endloop
  endfacet
  facet normal 0 1 -0
    outer loop
      vertex -46.03 9.78 2.2
      vertex -47.13 9.78 4
      vertex -46.03 9.78 4
    endloop
  endfacet
  facet normal 0 1 0
    outer loop
      vertex -46.03 9.78 2.2
      vertex -47.13 9.78 0
      vertex -47.13 9.78 4
    endloop
  endfacet
  facet normal 0 1 0
    outer loop
      vertex -47.13 9.78 0
      vertex -46.03 9.78 2.2
      vertex -34.455 9.78 0
    endloop
  endfacet
endsolid OpenSCAD_Model
