solid OpenSCAD_Model
  facet normal -1 0 0
    outer loop
      vertex -100.85 -36 2.35
      vertex -100.85 36 2.4
      vertex -100.85 36 2.35
    endloop
  endfacet
  facet normal -1 -0 0
    outer loop
      vertex -100.85 36 2.4
      vertex -100.85 -36 2.35
      vertex -100.85 -36 2.4
    endloop
  endfacet
  facet normal 0 -1 0
    outer loop
      vertex -103.3 36 15.5
      vertex -100.9 36 14.5
      vertex -101.264 36 15.5
    endloop
  endfacet
  facet normal 0 -1 0
    outer loop
      vertex -103.3 36 2.35
      vertex -100.9 36 14.5
      vertex -103.3 36 15.5
    endloop
  endfacet
  facet normal 0 -1 -0
    outer loop
      vertex -100.9 36 14.5
      vertex -103.3 36 2.35
      vertex -100.9 36 2.4
    endloop
  endfacet
  facet normal 0 -1 0
    outer loop
      vertex -100.85 36 2.35
      vertex -100.9 36 2.4
      vertex -103.3 36 2.35
    endloop
  endfacet
  facet normal 0 -1 0
    outer loop
      vertex -100.9 36 2.4
      vertex -100.85 36 2.35
      vertex -100.85 36 2.4
    endloop
  endfacet
  facet normal -0 0 1
    outer loop
      vertex -103.3 36 2.35
      vertex -100.85 -36 2.35
      vertex -100.85 36 2.35
    endloop
  endfacet
  facet normal 0 0 1
    outer loop
      vertex -100.85 -36 2.35
      vertex -103.3 36 2.35
      vertex -103.3 -36 2.35
    endloop
  endfacet
  facet normal 0 1 0
    outer loop
      vertex -100.85 -36 2.4
      vertex -100.85 -36 2.35
      vertex -100.9 -36 2.4
    endloop
  endfacet
  facet normal 0 1 0
    outer loop
      vertex -100.9 -36 14.5
      vertex -103.3 -36 15.5
      vertex -101.264 -36 15.5
    endloop
  endfacet
  facet normal 0 1 0
    outer loop
      vertex -103.3 -36 2.35
      vertex -100.9 -36 14.5
      vertex -100.9 -36 2.4
    endloop
  endfacet
  facet normal 0 1 0
    outer loop
      vertex -100.9 -36 14.5
      vertex -103.3 -36 2.35
      vertex -103.3 -36 15.5
    endloop
  endfacet
  facet normal 0 1 0
    outer loop
      vertex -103.3 -36 2.35
      vertex -100.9 -36 2.4
      vertex -100.85 -36 2.35
    endloop
  endfacet
  facet normal 1 -0 0
    outer loop
      vertex -6.45 -36 2.4
      vertex -6.45 36 2.35
      vertex -6.45 36 2.4
    endloop
  endfacet
  facet normal 1 0 0
    outer loop
      vertex -6.45 36 2.35
      vertex -6.45 -36 2.4
      vertex -6.45 -36 2.35
    endloop
  endfacet
  facet normal 0 -1 0
    outer loop
      vertex -6.45 36 2.4
      vertex -6.45 36 2.35
      vertex -6.4 36 2.4
    endloop
  endfacet
  facet normal 0 -1 0
    outer loop
      vertex -6.4 36 14.5
      vertex -4.00001 36 15.5
      vertex -6.03636 36 15.5
    endloop
  endfacet
  facet normal 0 -1 0
    outer loop
      vertex -4.00001 36 2.35
      vertex -6.4 36 14.5
      vertex -6.4 36 2.4
    endloop
  endfacet
  facet normal 0 -1 0
    outer loop
      vertex -6.4 36 14.5
      vertex -4.00001 36 2.35
      vertex -4.00001 36 15.5
    endloop
  endfacet
  facet normal 0 -1 0
    outer loop
      vertex -4.00001 36 2.35
      vertex -6.4 36 2.4
      vertex -6.45 36 2.35
    endloop
  endfacet
  facet normal -0 0 1
    outer loop
      vertex -6.45 36 2.35
      vertex -4.00001 -36 2.35
      vertex -4.00001 36 2.35
    endloop
  endfacet
  facet normal 0 0 1
    outer loop
      vertex -4.00001 -36 2.35
      vertex -6.45 36 2.35
      vertex -6.45 -36 2.35
    endloop
  endfacet
  facet normal 0 1 0
    outer loop
      vertex -4.00001 -36 15.5
      vertex -6.4 -36 14.5
      vertex -6.03636 -36 15.5
    endloop
  endfacet
  facet normal 0 1 -0
    outer loop
      vertex -4.00001 -36 2.35
      vertex -6.4 -36 14.5
      vertex -4.00001 -36 15.5
    endloop
  endfacet
  facet normal 0 1 0
    outer loop
      vertex -6.4 -36 14.5
      vertex -4.00001 -36 2.35
      vertex -6.4 -36 2.4
    endloop
  endfacet
  facet normal 0 1 0
    outer loop
      vertex -6.45 -36 2.35
      vertex -6.4 -36 2.4
      vertex -4.00001 -36 2.35
    endloop
  endfacet
  facet normal 0 1 0
    outer loop
      vertex -6.4 -36 2.4
      vertex -6.45 -36 2.35
      vertex -6.45 -36 2.4
    endloop
  endfacet
  facet normal 0 -1 0
    outer loop
      vertex -98.8 -49.65 0
      vertex -8.50001 -49.65 15.5
      vertex -98.8 -49.65 15.5
    endloop
  endfacet
  facet normal 0 -1 -0
    outer loop
      vertex -8.50001 -49.65 15.5
      vertex -98.8 -49.65 0
      vertex -8.50001 -49.65 0
    endloop
  endfacet
  facet normal 0.065405 -0.997859 0
    outer loop
      vertex -8.50001 -49.65 0
      vertex -7.91263 -49.6115 15.5
      vertex -8.50001 -49.65 15.5
    endloop
  endfacet
  facet normal 0.065405 -0.997859 0
    outer loop
      vertex -7.91263 -49.6115 15.5
      vertex -8.50001 -49.65 0
      vertex -7.91263 -49.6115 0
    endloop
  endfacet
  facet normal 0.195035 -0.980796 0
    outer loop
      vertex -7.91263 -49.6115 0
      vertex -7.33532 -49.4967 15.5
      vertex -7.91263 -49.6115 15.5
    endloop
  endfacet
  facet normal 0.195035 -0.980796 0
    outer loop
      vertex -7.33532 -49.4967 15.5
      vertex -7.91263 -49.6115 0
      vertex -7.33532 -49.4967 0
    endloop
  endfacet
  facet normal -0.0654027 0.997859 0
    outer loop
      vertex -98.8 49.65 0
      vertex -99.3874 49.6115 15.5
      vertex -98.8 49.65 15.5
    endloop
  endfacet
  facet normal -0.0654027 0.997859 0
    outer loop
      vertex -99.3874 49.6115 15.5
      vertex -98.8 49.65 0
      vertex -99.3874 49.6115 0
    endloop
  endfacet
  facet normal 1 0 0
    outer loop
      vertex -4.00001 -36 15.5
      vertex -4.00001 -45.15 15.5
      vertex -4.00001 -36 2.35
    endloop
  endfacet
  facet normal 1 0 0
    outer loop
      vertex -4.00001 36 2.35
      vertex -4.00001 45.15 15.5
      vertex -4.00001 36 15.5
    endloop
  endfacet
  facet normal 1 0 0
    outer loop
      vertex -4.00001 45.15 15.5
      vertex -4.00001 36 2.35
      vertex -4.00001 45.15 0
    endloop
  endfacet
  facet normal 1 -0 0
    outer loop
      vertex -4.00001 -36 2.35
      vertex -4.00001 45.15 0
      vertex -4.00001 36 2.35
    endloop
  endfacet
  facet normal 1 0 0
    outer loop
      vertex -4.00001 -36 2.35
      vertex -4.00001 -45.15 0
      vertex -4.00001 45.15 0
    endloop
  endfacet
  facet normal 1 0 0
    outer loop
      vertex -4.00001 -45.15 0
      vertex -4.00001 -36 2.35
      vertex -4.00001 -45.15 15.5
    endloop
  endfacet
  facet normal -0.997803 -0.0662484 0
    outer loop
      vertex -103.261 -45.7374 0
      vertex -103.3 -45.15 15.5
      vertex -103.3 -45.15 0
    endloop
  endfacet
  facet normal -0.997803 -0.0662484 0
    outer loop
      vertex -103.3 -45.15 15.5
      vertex -103.261 -45.7374 0
      vertex -103.261 -45.7374 15.5
    endloop
  endfacet
  facet normal -0 0 1
    outer loop
      vertex -103.3 -45.15 15.5
      vertex -101.264 -47.6136 15.5
      vertex -101.264 -36 15.5
    endloop
  endfacet
  facet normal -0 -0 1
    outer loop
      vertex -103.261 -45.7374 15.5
      vertex -101.264 -47.6136 15.5
      vertex -103.3 -45.15 15.5
    endloop
  endfacet
  facet normal 0 0 1
    outer loop
      vertex -101.264 -47.6136 15.5
      vertex -101.982 -48.332 15.5
      vertex -101.539 -48.7201 15.5
    endloop
  endfacet
  facet normal 0 0 1
    outer loop
      vertex -101.264 -47.6136 15.5
      vertex -102.37 -47.8894 15.5
      vertex -101.982 -48.332 15.5
    endloop
  endfacet
  facet normal 0 0 1
    outer loop
      vertex -101.264 -47.6136 15.5
      vertex -102.697 -47.4 15.5
      vertex -102.37 -47.8894 15.5
    endloop
  endfacet
  facet normal 0 0 1
    outer loop
      vertex -101.264 -47.6136 15.5
      vertex -102.957 -46.8721 15.5
      vertex -102.697 -47.4 15.5
    endloop
  endfacet
  facet normal 0 0 1
    outer loop
      vertex -101.264 -47.6136 15.5
      vertex -103.147 -46.3147 15.5
      vertex -102.957 -46.8721 15.5
    endloop
  endfacet
  facet normal 0 0 1
    outer loop
      vertex -103.3 -45.15 15.5
      vertex -101.264 -36 15.5
      vertex -103.3 -36 15.5
    endloop
  endfacet
  facet normal 0 0 1
    outer loop
      vertex -101.264 -47.6136 15.5
      vertex -103.261 -45.7374 15.5
      vertex -103.147 -46.3147 15.5
    endloop
  endfacet
  facet normal -0 0 1
    outer loop
      vertex -6.03636 -36 15.5
      vertex -4.00001 -45.15 15.5
      vertex -4.00001 -36 15.5
    endloop
  endfacet
  facet normal 0 0 1
    outer loop
      vertex -6.03636 -47.6136 15.5
      vertex -4.00001 -45.15 15.5
      vertex -6.03636 -36 15.5
    endloop
  endfacet
  facet normal 0 0 1
    outer loop
      vertex -4.00001 -45.15 15.5
      vertex -6.03636 -47.6136 15.5
      vertex -4.0385 -45.7374 15.5
    endloop
  endfacet
  facet normal 0 0 1
    outer loop
      vertex -4.0385 -45.7374 15.5
      vertex -6.03636 -47.6136 15.5
      vertex -4.15334 -46.3147 15.5
    endloop
  endfacet
  facet normal 0 0 1
    outer loop
      vertex -4.15334 -46.3147 15.5
      vertex -6.03636 -47.6136 15.5
      vertex -4.34255 -46.8721 15.5
    endloop
  endfacet
  facet normal 0 0 1
    outer loop
      vertex -4.6029 -47.4 15.5
      vertex -6.03636 -47.6136 15.5
      vertex -4.92992 -47.8894 15.5
    endloop
  endfacet
  facet normal 0 0 1
    outer loop
      vertex -4.92992 -47.8894 15.5
      vertex -6.03636 -47.6136 15.5
      vertex -5.31803 -48.332 15.5
    endloop
  endfacet
  facet normal 0 0 1
    outer loop
      vertex -4.34255 -46.8721 15.5
      vertex -6.03636 -47.6136 15.5
      vertex -4.6029 -47.4 15.5
    endloop
  endfacet
  facet normal 0 0 1
    outer loop
      vertex -5.31803 -48.332 15.5
      vertex -6.03636 -47.6136 15.5
      vertex -5.76058 -48.7201 15.5
    endloop
  endfacet
  facet normal 0 0 1
    outer loop
      vertex -6.03636 -47.6136 15.5
      vertex -6.25001 -49.0471 15.5
      vertex -5.76058 -48.7201 15.5
    endloop
  endfacet
  facet normal 0 0 1
    outer loop
      vertex -6.03636 -47.6136 15.5
      vertex -6.77793 -49.3074 15.5
      vertex -6.25001 -49.0471 15.5
    endloop
  endfacet
  facet normal 0 0 1
    outer loop
      vertex -6.03636 -47.6136 15.5
      vertex -7.33532 -49.4967 15.5
      vertex -6.77793 -49.3074 15.5
    endloop
  endfacet
  facet normal 0 0 1
    outer loop
      vertex -6.03636 -47.6136 15.5
      vertex -7.91263 -49.6115 15.5
      vertex -7.33532 -49.4967 15.5
    endloop
  endfacet
  facet normal 0 0 1
    outer loop
      vertex -6.03636 -47.6136 15.5
      vertex -8.50001 -49.65 15.5
      vertex -7.91263 -49.6115 15.5
    endloop
  endfacet
  facet normal 0 0 1
    outer loop
      vertex -6.03636 -47.6136 15.5
      vertex -98.8 -49.65 15.5
      vertex -8.50001 -49.65 15.5
    endloop
  endfacet
  facet normal -0 0 1
    outer loop
      vertex -101.264 -47.6136 15.5
      vertex -98.8 -49.65 15.5
      vertex -6.03636 -47.6136 15.5
    endloop
  endfacet
  facet normal 0 0 1
    outer loop
      vertex -98.8 -49.65 15.5
      vertex -101.264 -47.6136 15.5
      vertex -99.3874 -49.6115 15.5
    endloop
  endfacet
  facet normal 0 0 1
    outer loop
      vertex -99.3874 -49.6115 15.5
      vertex -101.264 -47.6136 15.5
      vertex -99.9647 -49.4967 15.5
    endloop
  endfacet
  facet normal 0 0 1
    outer loop
      vertex -99.9647 -49.4967 15.5
      vertex -101.264 -47.6136 15.5
      vertex -100.522 -49.3074 15.5
    endloop
  endfacet
  facet normal 0 0 1
    outer loop
      vertex -100.522 -49.3074 15.5
      vertex -101.264 -47.6136 15.5
      vertex -101.05 -49.0471 15.5
    endloop
  endfacet
  facet normal 0 0 1
    outer loop
      vertex -101.05 -49.0471 15.5
      vertex -101.264 -47.6136 15.5
      vertex -101.539 -48.7201 15.5
    endloop
  endfacet
  facet normal 0 0 1
    outer loop
      vertex -6.25001 49.0471 15.5
      vertex -6.03636 47.6136 15.5
      vertex -5.76058 48.7201 15.5
    endloop
  endfacet
  facet normal 0 0 1
    outer loop
      vertex -6.77793 49.3074 15.5
      vertex -6.03636 47.6136 15.5
      vertex -6.25001 49.0471 15.5
    endloop
  endfacet
  facet normal 0 0 1
    outer loop
      vertex -7.33532 49.4967 15.5
      vertex -6.03636 47.6136 15.5
      vertex -6.77793 49.3074 15.5
    endloop
  endfacet
  facet normal 0 0 1
    outer loop
      vertex -7.91263 49.6115 15.5
      vertex -6.03636 47.6136 15.5
      vertex -7.33532 49.4967 15.5
    endloop
  endfacet
  facet normal 0 0 1
    outer loop
      vertex -8.50001 49.65 15.5
      vertex -6.03636 47.6136 15.5
      vertex -7.91263 49.6115 15.5
    endloop
  endfacet
  facet normal -0 0 1
    outer loop
      vertex -98.8 49.65 15.5
      vertex -6.03636 47.6136 15.5
      vertex -8.50001 49.65 15.5
    endloop
  endfacet
  facet normal 0 0 1
    outer loop
      vertex -101.264 47.6136 15.5
      vertex -98.8 49.65 15.5
      vertex -99.3874 49.6115 15.5
    endloop
  endfacet
  facet normal 0 0 1
    outer loop
      vertex -101.264 47.6136 15.5
      vertex -99.3874 49.6115 15.5
      vertex -99.9647 49.4967 15.5
    endloop
  endfacet
  facet normal 0 0 1
    outer loop
      vertex -101.264 47.6136 15.5
      vertex -99.9647 49.4967 15.5
      vertex -100.522 49.3074 15.5
    endloop
  endfacet
  facet normal 0 0 1
    outer loop
      vertex -101.264 47.6136 15.5
      vertex -100.522 49.3074 15.5
      vertex -101.05 49.0471 15.5
    endloop
  endfacet
  facet normal 0 0 1
    outer loop
      vertex -98.8 49.65 15.5
      vertex -101.264 47.6136 15.5
      vertex -6.03636 47.6136 15.5
    endloop
  endfacet
  facet normal -0 0 1
    outer loop
      vertex -101.539 48.7201 15.5
      vertex -101.264 47.6136 15.5
      vertex -101.05 49.0471 15.5
    endloop
  endfacet
  facet normal -0 0 1
    outer loop
      vertex -101.982 48.332 15.5
      vertex -101.264 47.6136 15.5
      vertex -101.539 48.7201 15.5
    endloop
  endfacet
  facet normal -0 0 1
    outer loop
      vertex -102.37 47.8894 15.5
      vertex -101.264 47.6136 15.5
      vertex -101.982 48.332 15.5
    endloop
  endfacet
  facet normal 0 0 1
    outer loop
      vertex -102.697 47.4 15.5
      vertex -101.264 47.6136 15.5
      vertex -102.37 47.8894 15.5
    endloop
  endfacet
  facet normal 0 0 1
    outer loop
      vertex -102.957 46.8721 15.5
      vertex -101.264 47.6136 15.5
      vertex -102.697 47.4 15.5
    endloop
  endfacet
  facet normal 0 0 1
    outer loop
      vertex -103.147 46.3147 15.5
      vertex -101.264 47.6136 15.5
      vertex -102.957 46.8721 15.5
    endloop
  endfacet
  facet normal 0 0 1
    outer loop
      vertex -103.261 45.7374 15.5
      vertex -101.264 47.6136 15.5
      vertex -103.147 46.3147 15.5
    endloop
  endfacet
  facet normal 0 0 1
    outer loop
      vertex -101.264 47.6136 15.5
      vertex -103.261 45.7374 15.5
      vertex -103.3 45.15 15.5
    endloop
  endfacet
  facet normal 0 0 1
    outer loop
      vertex -101.264 47.6136 15.5
      vertex -103.3 45.15 15.5
      vertex -101.264 36 15.5
    endloop
  endfacet
  facet normal 0 0 1
    outer loop
      vertex -101.264 36 15.5
      vertex -103.3 45.15 15.5
      vertex -103.3 36 15.5
    endloop
  endfacet
  facet normal 0 0 1
    outer loop
      vertex -6.03636 47.6136 15.5
      vertex -4.00001 45.15 15.5
      vertex -4.0385 45.7374 15.5
    endloop
  endfacet
  facet normal 0 0 1
    outer loop
      vertex -6.03636 47.6136 15.5
      vertex -4.0385 45.7374 15.5
      vertex -4.15334 46.3147 15.5
    endloop
  endfacet
  facet normal 0 0 1
    outer loop
      vertex -6.03636 47.6136 15.5
      vertex -4.15334 46.3147 15.5
      vertex -4.34255 46.8721 15.5
    endloop
  endfacet
  facet normal 0 0 1
    outer loop
      vertex -6.03636 47.6136 15.5
      vertex -4.34255 46.8721 15.5
      vertex -4.6029 47.4 15.5
    endloop
  endfacet
  facet normal -0 0 1
    outer loop
      vertex -6.03636 47.6136 15.5
      vertex -4.6029 47.4 15.5
      vertex -4.92992 47.8894 15.5
    endloop
  endfacet
  facet normal 0 0 1
    outer loop
      vertex -6.03636 47.6136 15.5
      vertex -4.92992 47.8894 15.5
      vertex -5.31803 48.332 15.5
    endloop
  endfacet
  facet normal 0 0 1
    outer loop
      vertex -6.03636 47.6136 15.5
      vertex -5.31803 48.332 15.5
      vertex -5.76058 48.7201 15.5
    endloop
  endfacet
  facet normal 0 0 1
    outer loop
      vertex -4.00001 45.15 15.5
      vertex -6.03636 47.6136 15.5
      vertex -6.03636 36 15.5
    endloop
  endfacet
  facet normal 0 0 1
    outer loop
      vertex -4.00001 45.15 15.5
      vertex -6.03636 36 15.5
      vertex -4.00001 36 15.5
    endloop
  endfacet
  facet normal -0.0654027 -0.997859 0
    outer loop
      vertex -99.3874 -49.6115 0
      vertex -98.8 -49.65 15.5
      vertex -99.3874 -49.6115 15.5
    endloop
  endfacet
  facet normal -0.0654027 -0.997859 -0
    outer loop
      vertex -98.8 -49.65 15.5
      vertex -99.3874 -49.6115 0
      vertex -98.8 -49.65 0
    endloop
  endfacet
  facet normal 0 1 -0
    outer loop
      vertex -8.50001 49.65 0
      vertex -98.8 49.65 15.5
      vertex -8.50001 49.65 15.5
    endloop
  endfacet
  facet normal 0 1 0
    outer loop
      vertex -98.8 49.65 15.5
      vertex -8.50001 49.65 0
      vertex -98.8 49.65 0
    endloop
  endfacet
  facet normal -1 0 0
    outer loop
      vertex -103.3 45.15 0
      vertex -103.3 36 2.35
      vertex -103.3 45.15 15.5
    endloop
  endfacet
  facet normal -1 0 0
    outer loop
      vertex -103.3 45.15 0
      vertex -103.3 -36 2.35
      vertex -103.3 36 2.35
    endloop
  endfacet
  facet normal -1 0 0
    outer loop
      vertex -103.3 -45.15 0
      vertex -103.3 -36 2.35
      vertex -103.3 45.15 0
    endloop
  endfacet
  facet normal -1 0 0
    outer loop
      vertex -103.3 -45.15 15.5
      vertex -103.3 -36 2.35
      vertex -103.3 -45.15 0
    endloop
  endfacet
  facet normal -1 0 0
    outer loop
      vertex -103.3 -36 2.35
      vertex -103.3 -45.15 15.5
      vertex -103.3 -36 15.5
    endloop
  endfacet
  facet normal -1 -0 0
    outer loop
      vertex -103.3 45.15 15.5
      vertex -103.3 36 2.35
      vertex -103.3 36 15.5
    endloop
  endfacet
  facet normal -0.555877 -0.831265 0
    outer loop
      vertex -101.539 -48.7201 0
      vertex -101.05 -49.0471 15.5
      vertex -101.539 -48.7201 15.5
    endloop
  endfacet
  facet normal -0.555877 -0.831265 -0
    outer loop
      vertex -101.05 -49.0471 15.5
      vertex -101.539 -48.7201 0
      vertex -101.05 -49.0471 0
    endloop
  endfacet
  facet normal 0.831459 -0.555586 0
    outer loop
      vertex -4.92992 -47.8894 15.5
      vertex -4.6029 -47.4 0
      vertex -4.6029 -47.4 15.5
    endloop
  endfacet
  facet normal 0.831459 -0.555586 0
    outer loop
      vertex -4.6029 -47.4 0
      vertex -4.92992 -47.8894 15.5
      vertex -4.92992 -47.8894 0
    endloop
  endfacet
  facet normal 0.321579 0.946883 -0
    outer loop
      vertex -6.77793 49.3074 0
      vertex -7.33532 49.4967 15.5
      vertex -6.77793 49.3074 15.5
    endloop
  endfacet
  facet normal 0.321579 0.946883 0
    outer loop
      vertex -7.33532 49.4967 15.5
      vertex -6.77793 49.3074 0
      vertex -7.33532 49.4967 0
    endloop
  endfacet
  facet normal -0.997803 0.0662484 0
    outer loop
      vertex -103.3 45.15 0
      vertex -103.261 45.7374 15.5
      vertex -103.261 45.7374 0
    endloop
  endfacet
  facet normal -0.997803 0.0662484 0
    outer loop
      vertex -103.261 45.7374 15.5
      vertex -103.3 45.15 0
      vertex -103.3 45.15 15.5
    endloop
  endfacet
  facet normal -0.897096 -0.441836 0
    outer loop
      vertex -102.697 -47.4 0
      vertex -102.957 -46.8721 15.5
      vertex -102.957 -46.8721 0
    endloop
  endfacet
  facet normal -0.897096 -0.441836 0
    outer loop
      vertex -102.957 -46.8721 15.5
      vertex -102.697 -47.4 0
      vertex -102.697 -47.4 15.5
    endloop
  endfacet
  facet normal -0.442178 -0.896927 0
    outer loop
      vertex -101.05 -49.0471 0
      vertex -100.522 -49.3074 15.5
      vertex -101.05 -49.0471 15.5
    endloop
  endfacet
  facet normal -0.442178 -0.896927 -0
    outer loop
      vertex -100.522 -49.3074 15.5
      vertex -101.05 -49.0471 0
      vertex -100.522 -49.3074 0
    endloop
  endfacet
  facet normal -0.195038 -0.980796 0
    outer loop
      vertex -99.9647 -49.4967 0
      vertex -99.3874 -49.6115 15.5
      vertex -99.9647 -49.4967 15.5
    endloop
  endfacet
  facet normal -0.195038 -0.980796 -0
    outer loop
      vertex -99.3874 -49.6115 15.5
      vertex -99.9647 -49.4967 0
      vertex -99.3874 -49.6115 0
    endloop
  endfacet
  facet normal -0.321626 -0.946867 0
    outer loop
      vertex -100.522 -49.3074 0
      vertex -99.9647 -49.4967 15.5
      vertex -100.522 -49.3074 15.5
    endloop
  endfacet
  facet normal -0.321626 -0.946867 -0
    outer loop
      vertex -99.9647 -49.4967 15.5
      vertex -100.522 -49.3074 0
      vertex -99.9647 -49.4967 0
    endloop
  endfacet
  facet normal 0.946931 -0.321437 0
    outer loop
      vertex -4.34255 -46.8721 15.5
      vertex -4.15334 -46.3147 0
      vertex -4.15334 -46.3147 15.5
    endloop
  endfacet
  facet normal 0.946931 -0.321437 0
    outer loop
      vertex -4.15334 -46.3147 0
      vertex -4.34255 -46.8721 15.5
      vertex -4.34255 -46.8721 0
    endloop
  endfacet
  facet normal 0.65934 0.751845 -0
    outer loop
      vertex -5.31803 48.332 0
      vertex -5.76058 48.7201 15.5
      vertex -5.31803 48.332 15.5
    endloop
  endfacet
  facet normal 0.65934 0.751845 0
    outer loop
      vertex -5.76058 48.7201 15.5
      vertex -5.31803 48.332 0
      vertex -5.76058 48.7201 0
    endloop
  endfacet
  facet normal 0.442232 0.896901 -0
    outer loop
      vertex -6.25001 49.0471 0
      vertex -6.77793 49.3074 15.5
      vertex -6.25001 49.0471 15.5
    endloop
  endfacet
  facet normal 0.442232 0.896901 0
    outer loop
      vertex -6.77793 49.3074 15.5
      vertex -6.25001 49.0471 0
      vertex -6.77793 49.3074 0
    endloop
  endfacet
  facet normal 0.065405 0.997859 -0
    outer loop
      vertex -7.91263 49.6115 0
      vertex -8.50001 49.65 15.5
      vertex -7.91263 49.6115 15.5
    endloop
  endfacet
  facet normal 0.065405 0.997859 0
    outer loop
      vertex -8.50001 49.65 15.5
      vertex -7.91263 49.6115 0
      vertex -8.50001 49.65 0
    endloop
  endfacet
  facet normal -0.195038 0.980796 0
    outer loop
      vertex -99.3874 49.6115 0
      vertex -99.9647 49.4967 15.5
      vertex -99.3874 49.6115 15.5
    endloop
  endfacet
  facet normal -0.195038 0.980796 0
    outer loop
      vertex -99.9647 49.4967 15.5
      vertex -99.3874 49.6115 0
      vertex -99.9647 49.4967 0
    endloop
  endfacet
  facet normal -0.442178 0.896927 0
    outer loop
      vertex -100.522 49.3074 0
      vertex -101.05 49.0471 15.5
      vertex -100.522 49.3074 15.5
    endloop
  endfacet
  facet normal -0.442178 0.896927 0
    outer loop
      vertex -101.05 49.0471 15.5
      vertex -100.522 49.3074 0
      vertex -101.05 49.0471 0
    endloop
  endfacet
  facet normal -0.555877 0.831265 0
    outer loop
      vertex -101.05 49.0471 0
      vertex -101.539 48.7201 15.5
      vertex -101.05 49.0471 15.5
    endloop
  endfacet
  facet normal -0.555877 0.831265 0
    outer loop
      vertex -101.539 48.7201 15.5
      vertex -101.05 49.0471 0
      vertex -101.539 48.7201 0
    endloop
  endfacet
  facet normal -0.658961 0.752177 0
    outer loop
      vertex -101.539 48.7201 0
      vertex -101.982 48.332 15.5
      vertex -101.539 48.7201 15.5
    endloop
  endfacet
  facet normal -0.658961 0.752177 0
    outer loop
      vertex -101.982 48.332 15.5
      vertex -101.539 48.7201 0
      vertex -101.982 48.332 0
    endloop
  endfacet
  facet normal -0.946522 -0.322639 0
    outer loop
      vertex -102.957 -46.8721 0
      vertex -103.147 -46.3147 15.5
      vertex -103.147 -46.3147 0
    endloop
  endfacet
  facet normal -0.946522 -0.322639 0
    outer loop
      vertex -103.147 -46.3147 15.5
      vertex -102.957 -46.8721 0
      vertex -102.957 -46.8721 15.5
    endloop
  endfacet
  facet normal -0.658961 -0.752177 0
    outer loop
      vertex -101.982 -48.332 0
      vertex -101.539 -48.7201 15.5
      vertex -101.982 -48.332 15.5
    endloop
  endfacet
  facet normal -0.658961 -0.752177 -0
    outer loop
      vertex -101.539 -48.7201 15.5
      vertex -101.982 -48.332 0
      vertex -101.539 -48.7201 0
    endloop
  endfacet
  facet normal 0.555539 -0.831491 0
    outer loop
      vertex -6.25001 -49.0471 0
      vertex -5.76058 -48.7201 15.5
      vertex -6.25001 -49.0471 15.5
    endloop
  endfacet
  facet normal 0.555539 -0.831491 0
    outer loop
      vertex -5.76058 -48.7201 15.5
      vertex -6.25001 -49.0471 0
      vertex -5.76058 -48.7201 0
    endloop
  endfacet
  facet normal 0.555539 0.831491 -0
    outer loop
      vertex -5.76058 48.7201 0
      vertex -6.25001 49.0471 15.5
      vertex -5.76058 48.7201 15.5
    endloop
  endfacet
  facet normal 0.555539 0.831491 0
    outer loop
      vertex -6.25001 49.0471 15.5
      vertex -5.76058 48.7201 0
      vertex -6.25001 49.0471 0
    endloop
  endfacet
  facet normal 0.195035 0.980796 -0
    outer loop
      vertex -7.33532 49.4967 0
      vertex -7.91263 49.6115 15.5
      vertex -7.33532 49.4967 15.5
    endloop
  endfacet
  facet normal 0.195035 0.980796 0
    outer loop
      vertex -7.91263 49.6115 15.5
      vertex -7.33532 49.4967 0
      vertex -7.91263 49.6115 0
    endloop
  endfacet
  facet normal -0.321626 0.946867 0
    outer loop
      vertex -99.9647 49.4967 0
      vertex -100.522 49.3074 15.5
      vertex -99.9647 49.4967 15.5
    endloop
  endfacet
  facet normal -0.321626 0.946867 0
    outer loop
      vertex -100.522 49.3074 15.5
      vertex -99.9647 49.4967 0
      vertex -100.522 49.3074 0
    endloop
  endfacet
  facet normal -0.751966 0.659202 0
    outer loop
      vertex -102.37 47.8894 0
      vertex -101.982 48.332 15.5
      vertex -101.982 48.332 0
    endloop
  endfacet
  facet normal -0.751966 0.659202 0
    outer loop
      vertex -101.982 48.332 15.5
      vertex -102.37 47.8894 0
      vertex -102.37 47.8894 15.5
    endloop
  endfacet
  facet normal -0.897096 0.441836 0
    outer loop
      vertex -102.957 46.8721 0
      vertex -102.697 47.4 15.5
      vertex -102.697 47.4 0
    endloop
  endfacet
  facet normal -0.897096 0.441836 0
    outer loop
      vertex -102.697 47.4 15.5
      vertex -102.957 46.8721 0
      vertex -102.957 46.8721 15.5
    endloop
  endfacet
  facet normal -0.831475 0.555562 0
    outer loop
      vertex -102.697 47.4 0
      vertex -102.37 47.8894 15.5
      vertex -102.37 47.8894 0
    endloop
  endfacet
  facet normal -0.831475 0.555562 0
    outer loop
      vertex -102.37 47.8894 15.5
      vertex -102.697 47.4 0
      vertex -102.697 47.4 15.5
    endloop
  endfacet
  facet normal -0.831475 -0.555562 0
    outer loop
      vertex -102.37 -47.8894 0
      vertex -102.697 -47.4 15.5
      vertex -102.697 -47.4 0
    endloop
  endfacet
  facet normal -0.831475 -0.555562 0
    outer loop
      vertex -102.697 -47.4 15.5
      vertex -102.37 -47.8894 0
      vertex -102.37 -47.8894 15.5
    endloop
  endfacet
  facet normal 0 0 -1
    outer loop
      vertex -8.50001 -49.65 0
      vertex -4.00001 -45.15 0
      vertex -4.0385 -45.7374 0
    endloop
  endfacet
  facet normal 0 0 -1
    outer loop
      vertex -4.00001 -45.15 0
      vertex -12.65 -38 0
      vertex -4.00001 45.15 0
    endloop
  endfacet
  facet normal 0 0 -1
    outer loop
      vertex -8.50001 -49.65 0
      vertex -4.0385 -45.7374 0
      vertex -4.15334 -46.3147 0
    endloop
  endfacet
  facet normal 0 0 -1
    outer loop
      vertex -12.65 38 0
      vertex -4.00001 45.15 0
      vertex -12.65 -38 0
    endloop
  endfacet
  facet normal 0 0 -1
    outer loop
      vertex -8.50001 -49.65 0
      vertex -4.15334 -46.3147 0
      vertex -4.34255 -46.8721 0
    endloop
  endfacet
  facet normal 0 0 -1
    outer loop
      vertex -12.6757 38.3916 0
      vertex -4.00001 45.15 0
      vertex -12.65 38 0
    endloop
  endfacet
  facet normal 0 0 -1
    outer loop
      vertex -8.50001 -49.65 0
      vertex -4.34255 -46.8721 0
      vertex -4.6029 -47.4 0
    endloop
  endfacet
  facet normal 0 0 -1
    outer loop
      vertex -12.7522 38.7765 0
      vertex -4.00001 45.15 0
      vertex -12.6757 38.3916 0
    endloop
  endfacet
  facet normal 0 0 -1
    outer loop
      vertex -8.50001 -49.65 0
      vertex -4.6029 -47.4 0
      vertex -4.92992 -47.8894 0
    endloop
  endfacet
  facet normal 0 0 -1
    outer loop
      vertex -12.8784 39.1481 0
      vertex -4.00001 45.15 0
      vertex -12.7522 38.7765 0
    endloop
  endfacet
  facet normal 0 0 -1
    outer loop
      vertex -8.50001 -49.65 0
      vertex -4.92992 -47.8894 0
      vertex -5.31803 -48.332 0
    endloop
  endfacet
  facet normal 0 0 -1
    outer loop
      vertex -13.0519 39.5 0
      vertex -4.00001 45.15 0
      vertex -12.8784 39.1481 0
    endloop
  endfacet
  facet normal 0 0 -1
    outer loop
      vertex -8.50001 -49.65 0
      vertex -5.31803 -48.332 0
      vertex -5.76058 -48.7201 0
    endloop
  endfacet
  facet normal 0 0 -1
    outer loop
      vertex -13.2699 39.8263 0
      vertex -4.00001 45.15 0
      vertex -13.0519 39.5 0
    endloop
  endfacet
  facet normal 0 0 -1
    outer loop
      vertex -8.50001 -49.65 0
      vertex -5.76058 -48.7201 0
      vertex -6.25001 -49.0471 0
    endloop
  endfacet
  facet normal 0 0 -1
    outer loop
      vertex -13.5287 40.1213 0
      vertex -4.00001 45.15 0
      vertex -13.2699 39.8263 0
    endloop
  endfacet
  facet normal 0 0 -1
    outer loop
      vertex -8.50001 -49.65 0
      vertex -6.25001 -49.0471 0
      vertex -6.77793 -49.3074 0
    endloop
  endfacet
  facet normal 0 -0 -1
    outer loop
      vertex -8.50001 49.65 0
      vertex -4.00001 45.15 0
      vertex -13.5287 40.1213 0
    endloop
  endfacet
  facet normal 0 0 -1
    outer loop
      vertex -8.50001 -49.65 0
      vertex -6.77793 -49.3074 0
      vertex -7.33532 -49.4967 0
    endloop
  endfacet
  facet normal 0 0 -1
    outer loop
      vertex -4.00001 45.15 0
      vertex -8.50001 49.65 0
      vertex -4.0385 45.7374 0
    endloop
  endfacet
  facet normal 0 0 -1
    outer loop
      vertex -8.50001 -49.65 0
      vertex -7.33532 -49.4967 0
      vertex -7.91263 -49.6115 0
    endloop
  endfacet
  facet normal 0 0 -1
    outer loop
      vertex -4.0385 45.7374 0
      vertex -8.50001 49.65 0
      vertex -4.15334 46.3147 0
    endloop
  endfacet
  facet normal -0 0 -1
    outer loop
      vertex -4.00001 -45.15 0
      vertex -8.50001 -49.65 0
      vertex -13.5287 -40.1213 0
    endloop
  endfacet
  facet normal 0 0 -1
    outer loop
      vertex -4.15334 46.3147 0
      vertex -8.50001 49.65 0
      vertex -4.34255 46.8721 0
    endloop
  endfacet
  facet normal 0 0 -1
    outer loop
      vertex -4.34255 46.8721 0
      vertex -8.50001 49.65 0
      vertex -4.6029 47.4 0
    endloop
  endfacet
  facet normal 0 0 -1
    outer loop
      vertex -4.00001 -45.15 0
      vertex -12.6757 -38.3916 0
      vertex -12.65 -38 0
    endloop
  endfacet
  facet normal 0 0 -1
    outer loop
      vertex -4.00001 -45.15 0
      vertex -12.7522 -38.7765 0
      vertex -12.6757 -38.3916 0
    endloop
  endfacet
  facet normal 0 0 -1
    outer loop
      vertex -4.00001 -45.15 0
      vertex -12.8784 -39.1481 0
      vertex -12.7522 -38.7765 0
    endloop
  endfacet
  facet normal 0 0 -1
    outer loop
      vertex -4.00001 -45.15 0
      vertex -13.0519 -39.5 0
      vertex -12.8784 -39.1481 0
    endloop
  endfacet
  facet normal 0 0 -1
    outer loop
      vertex -4.00001 -45.15 0
      vertex -13.2699 -39.8263 0
      vertex -13.0519 -39.5 0
    endloop
  endfacet
  facet normal 0 0 -1
    outer loop
      vertex -4.00001 -45.15 0
      vertex -13.5287 -40.1213 0
      vertex -13.2699 -39.8263 0
    endloop
  endfacet
  facet normal 0 0 -1
    outer loop
      vertex -8.50001 -49.65 0
      vertex -13.8237 -40.3801 0
      vertex -13.5287 -40.1213 0
    endloop
  endfacet
  facet normal 0 0 -1
    outer loop
      vertex -8.50001 -49.65 0
      vertex -14.15 -40.5981 0
      vertex -13.8237 -40.3801 0
    endloop
  endfacet
  facet normal 0 0 -1
    outer loop
      vertex -8.50001 -49.65 0
      vertex -14.5019 -40.7716 0
      vertex -14.15 -40.5981 0
    endloop
  endfacet
  facet normal 0 0 -1
    outer loop
      vertex -8.50001 -49.65 0
      vertex -14.8735 -40.8978 0
      vertex -14.5019 -40.7716 0
    endloop
  endfacet
  facet normal 0 0 -1
    outer loop
      vertex -8.50001 -49.65 0
      vertex -15.2584 -40.9743 0
      vertex -14.8735 -40.8978 0
    endloop
  endfacet
  facet normal 0 0 -1
    outer loop
      vertex -8.50001 -49.65 0
      vertex -15.65 -41 0
      vertex -15.2584 -40.9743 0
    endloop
  endfacet
  facet normal 0 0 -1
    outer loop
      vertex -8.50001 -49.65 0
      vertex -91.65 -41 0
      vertex -15.65 -41 0
    endloop
  endfacet
  facet normal 0 0 -1
    outer loop
      vertex -98.8 -49.65 0
      vertex -91.65 -41 0
      vertex -8.50001 -49.65 0
    endloop
  endfacet
  facet normal -0 0 -1
    outer loop
      vertex -94.6243 -38.3916 0
      vertex -103.3 -45.15 0
      vertex -94.65 -38 0
    endloop
  endfacet
  facet normal -0 0 -1
    outer loop
      vertex -94.5478 -38.7765 0
      vertex -103.3 -45.15 0
      vertex -94.6243 -38.3916 0
    endloop
  endfacet
  facet normal -0 0 -1
    outer loop
      vertex -94.4216 -39.1481 0
      vertex -103.3 -45.15 0
      vertex -94.5478 -38.7765 0
    endloop
  endfacet
  facet normal -0 0 -1
    outer loop
      vertex -94.2481 -39.5 0
      vertex -103.3 -45.15 0
      vertex -94.4216 -39.1481 0
    endloop
  endfacet
  facet normal -0 0 -1
    outer loop
      vertex -94.0301 -39.8263 0
      vertex -103.3 -45.15 0
      vertex -94.2481 -39.5 0
    endloop
  endfacet
  facet normal -0 0 -1
    outer loop
      vertex -93.7713 -40.1213 0
      vertex -103.3 -45.15 0
      vertex -94.0301 -39.8263 0
    endloop
  endfacet
  facet normal 0 0 -1
    outer loop
      vertex -103.3 -45.15 0
      vertex -93.7713 -40.1213 0
      vertex -98.8 -49.65 0
    endloop
  endfacet
  facet normal -0 0 -1
    outer loop
      vertex -93.4763 -40.3801 0
      vertex -98.8 -49.65 0
      vertex -93.7713 -40.1213 0
    endloop
  endfacet
  facet normal -0 0 -1
    outer loop
      vertex -93.15 -40.5981 0
      vertex -98.8 -49.65 0
      vertex -93.4763 -40.3801 0
    endloop
  endfacet
  facet normal -0 0 -1
    outer loop
      vertex -92.7981 -40.7716 0
      vertex -98.8 -49.65 0
      vertex -93.15 -40.5981 0
    endloop
  endfacet
  facet normal -0 0 -1
    outer loop
      vertex -92.4265 -40.8978 0
      vertex -98.8 -49.65 0
      vertex -92.7981 -40.7716 0
    endloop
  endfacet
  facet normal -0 0 -1
    outer loop
      vertex -92.0416 -40.9743 0
      vertex -98.8 -49.65 0
      vertex -92.4265 -40.8978 0
    endloop
  endfacet
  facet normal -0 0 -1
    outer loop
      vertex -91.65 -41 0
      vertex -98.8 -49.65 0
      vertex -92.0416 -40.9743 0
    endloop
  endfacet
  facet normal 0 0 -1
    outer loop
      vertex -4.92992 47.8894 0
      vertex -8.50001 49.65 0
      vertex -5.31803 48.332 0
    endloop
  endfacet
  facet normal 0 0 -1
    outer loop
      vertex -5.31803 48.332 0
      vertex -8.50001 49.65 0
      vertex -5.76058 48.7201 0
    endloop
  endfacet
  facet normal 0 0 -1
    outer loop
      vertex -5.76058 48.7201 0
      vertex -8.50001 49.65 0
      vertex -6.25001 49.0471 0
    endloop
  endfacet
  facet normal 0 0 -1
    outer loop
      vertex -6.25001 49.0471 0
      vertex -8.50001 49.65 0
      vertex -6.77793 49.3074 0
    endloop
  endfacet
  facet normal 0 0 -1
    outer loop
      vertex -6.77793 49.3074 0
      vertex -8.50001 49.65 0
      vertex -7.33532 49.4967 0
    endloop
  endfacet
  facet normal 0 0 -1
    outer loop
      vertex -7.33532 49.4967 0
      vertex -8.50001 49.65 0
      vertex -7.91263 49.6115 0
    endloop
  endfacet
  facet normal 0 0 -1
    outer loop
      vertex -4.6029 47.4 0
      vertex -8.50001 49.65 0
      vertex -4.92992 47.8894 0
    endloop
  endfacet
  facet normal 0 0 -1
    outer loop
      vertex -13.8237 40.3801 0
      vertex -8.50001 49.65 0
      vertex -13.5287 40.1213 0
    endloop
  endfacet
  facet normal 0 0 -1
    outer loop
      vertex -14.15 40.5981 0
      vertex -8.50001 49.65 0
      vertex -13.8237 40.3801 0
    endloop
  endfacet
  facet normal 0 0 -1
    outer loop
      vertex -14.5019 40.7716 0
      vertex -8.50001 49.65 0
      vertex -14.15 40.5981 0
    endloop
  endfacet
  facet normal 0 0 -1
    outer loop
      vertex -14.8735 40.8978 0
      vertex -8.50001 49.65 0
      vertex -14.5019 40.7716 0
    endloop
  endfacet
  facet normal 0 0 -1
    outer loop
      vertex -15.2584 40.9743 0
      vertex -8.50001 49.65 0
      vertex -14.8735 40.8978 0
    endloop
  endfacet
  facet normal 0 0 -1
    outer loop
      vertex -15.65 41 0
      vertex -8.50001 49.65 0
      vertex -15.2584 40.9743 0
    endloop
  endfacet
  facet normal 0 0 -1
    outer loop
      vertex -91.65 41 0
      vertex -8.50001 49.65 0
      vertex -15.65 41 0
    endloop
  endfacet
  facet normal 0 0 -1
    outer loop
      vertex -98.8 49.65 0
      vertex -91.65 41 0
      vertex -92.0416 40.9743 0
    endloop
  endfacet
  facet normal 0 0 -1
    outer loop
      vertex -91.65 41 0
      vertex -98.8 49.65 0
      vertex -8.50001 49.65 0
    endloop
  endfacet
  facet normal 0 0 -1
    outer loop
      vertex -92.4265 40.8978 0
      vertex -98.8 49.65 0
      vertex -92.0416 40.9743 0
    endloop
  endfacet
  facet normal 0 0 -1
    outer loop
      vertex -92.7981 40.7716 0
      vertex -98.8 49.65 0
      vertex -92.4265 40.8978 0
    endloop
  endfacet
  facet normal 0 0 -1
    outer loop
      vertex -93.15 40.5981 0
      vertex -98.8 49.65 0
      vertex -92.7981 40.7716 0
    endloop
  endfacet
  facet normal 0 0 -1
    outer loop
      vertex -93.4763 40.3801 0
      vertex -98.8 49.65 0
      vertex -93.15 40.5981 0
    endloop
  endfacet
  facet normal 0 0 -1
    outer loop
      vertex -93.7713 40.1213 0
      vertex -98.8 49.65 0
      vertex -93.4763 40.3801 0
    endloop
  endfacet
  facet normal 0 0 -1
    outer loop
      vertex -103.3 45.15 0
      vertex -93.7713 40.1213 0
      vertex -94.0301 39.8263 0
    endloop
  endfacet
  facet normal 0 0 -1
    outer loop
      vertex -103.3 45.15 0
      vertex -94.0301 39.8263 0
      vertex -94.2481 39.5 0
    endloop
  endfacet
  facet normal 0 0 -1
    outer loop
      vertex -103.3 45.15 0
      vertex -94.2481 39.5 0
      vertex -94.4216 39.1481 0
    endloop
  endfacet
  facet normal 0 0 -1
    outer loop
      vertex -103.3 45.15 0
      vertex -94.4216 39.1481 0
      vertex -94.5478 38.7765 0
    endloop
  endfacet
  facet normal 0 0 -1
    outer loop
      vertex -103.3 45.15 0
      vertex -94.5478 38.7765 0
      vertex -94.6243 38.3916 0
    endloop
  endfacet
  facet normal 0 0 -1
    outer loop
      vertex -103.3 45.15 0
      vertex -94.6243 38.3916 0
      vertex -94.65 38 0
    endloop
  endfacet
  facet normal -0 0 -1
    outer loop
      vertex -94.65 -38 0
      vertex -103.3 -45.15 0
      vertex -94.65 38 0
    endloop
  endfacet
  facet normal 0 0 -1
    outer loop
      vertex -103.3 -45.15 0
      vertex -98.8 -49.65 0
      vertex -99.3874 -49.6115 0
    endloop
  endfacet
  facet normal 0 0 -1
    outer loop
      vertex -103.3 45.15 0
      vertex -94.65 38 0
      vertex -103.3 -45.15 0
    endloop
  endfacet
  facet normal 0 0 -1
    outer loop
      vertex -103.3 -45.15 0
      vertex -99.3874 -49.6115 0
      vertex -99.9647 -49.4967 0
    endloop
  endfacet
  facet normal 0 0 -1
    outer loop
      vertex -93.7713 40.1213 0
      vertex -103.3 45.15 0
      vertex -98.8 49.65 0
    endloop
  endfacet
  facet normal 0 0 -1
    outer loop
      vertex -103.3 -45.15 0
      vertex -99.9647 -49.4967 0
      vertex -100.522 -49.3074 0
    endloop
  endfacet
  facet normal 0 0 -1
    outer loop
      vertex -98.8 49.65 0
      vertex -103.3 45.15 0
      vertex -99.3874 49.6115 0
    endloop
  endfacet
  facet normal 0 0 -1
    outer loop
      vertex -103.3 -45.15 0
      vertex -100.522 -49.3074 0
      vertex -101.05 -49.0471 0
    endloop
  endfacet
  facet normal 0 0 -1
    outer loop
      vertex -99.3874 49.6115 0
      vertex -103.3 45.15 0
      vertex -99.9647 49.4967 0
    endloop
  endfacet
  facet normal 0 0 -1
    outer loop
      vertex -103.3 -45.15 0
      vertex -101.05 -49.0471 0
      vertex -101.539 -48.7201 0
    endloop
  endfacet
  facet normal 0 0 -1
    outer loop
      vertex -99.9647 49.4967 0
      vertex -103.3 45.15 0
      vertex -100.522 49.3074 0
    endloop
  endfacet
  facet normal 0 0 -1
    outer loop
      vertex -103.3 -45.15 0
      vertex -101.539 -48.7201 0
      vertex -101.982 -48.332 0
    endloop
  endfacet
  facet normal 0 0 -1
    outer loop
      vertex -100.522 49.3074 0
      vertex -103.3 45.15 0
      vertex -101.05 49.0471 0
    endloop
  endfacet
  facet normal 0 0 -1
    outer loop
      vertex -103.3 -45.15 0
      vertex -101.982 -48.332 0
      vertex -102.37 -47.8894 0
    endloop
  endfacet
  facet normal 0 0 -1
    outer loop
      vertex -101.05 49.0471 0
      vertex -103.3 45.15 0
      vertex -101.539 48.7201 0
    endloop
  endfacet
  facet normal 0 0 -1
    outer loop
      vertex -103.3 -45.15 0
      vertex -102.37 -47.8894 0
      vertex -102.697 -47.4 0
    endloop
  endfacet
  facet normal 0 0 -1
    outer loop
      vertex -101.539 48.7201 0
      vertex -103.3 45.15 0
      vertex -101.982 48.332 0
    endloop
  endfacet
  facet normal 0 0 -1
    outer loop
      vertex -103.3 -45.15 0
      vertex -102.697 -47.4 0
      vertex -102.957 -46.8721 0
    endloop
  endfacet
  facet normal 0 0 -1
    outer loop
      vertex -101.982 48.332 0
      vertex -103.3 45.15 0
      vertex -102.37 47.8894 0
    endloop
  endfacet
  facet normal 0 0 -1
    outer loop
      vertex -103.3 -45.15 0
      vertex -102.957 -46.8721 0
      vertex -103.147 -46.3147 0
    endloop
  endfacet
  facet normal 0 0 -1
    outer loop
      vertex -102.37 47.8894 0
      vertex -103.3 45.15 0
      vertex -102.697 47.4 0
    endloop
  endfacet
  facet normal 0 0 -1
    outer loop
      vertex -103.3 -45.15 0
      vertex -103.147 -46.3147 0
      vertex -103.261 -45.7374 0
    endloop
  endfacet
  facet normal 0 0 -1
    outer loop
      vertex -102.697 47.4 0
      vertex -103.3 45.15 0
      vertex -102.957 46.8721 0
    endloop
  endfacet
  facet normal 0 0 -1
    outer loop
      vertex -102.957 46.8721 0
      vertex -103.3 45.15 0
      vertex -103.147 46.3147 0
    endloop
  endfacet
  facet normal 0 0 -1
    outer loop
      vertex -103.147 46.3147 0
      vertex -103.3 45.15 0
      vertex -103.261 45.7374 0
    endloop
  endfacet
  facet normal 0.946931 0.321437 0
    outer loop
      vertex -4.15334 46.3147 15.5
      vertex -4.34255 46.8721 0
      vertex -4.34255 46.8721 15.5
    endloop
  endfacet
  facet normal 0.946931 0.321437 0
    outer loop
      vertex -4.34255 46.8721 0
      vertex -4.15334 46.3147 15.5
      vertex -4.15334 46.3147 0
    endloop
  endfacet
  facet normal 0.99786 0.0653858 0
    outer loop
      vertex -4.00001 45.15 15.5
      vertex -4.0385 45.7374 0
      vertex -4.0385 45.7374 15.5
    endloop
  endfacet
  facet normal 0.99786 0.0653858 0
    outer loop
      vertex -4.0385 45.7374 0
      vertex -4.00001 45.15 15.5
      vertex -4.00001 45.15 0
    endloop
  endfacet
  facet normal 0.89686 0.442314 0
    outer loop
      vertex -4.34255 46.8721 15.5
      vertex -4.6029 47.4 0
      vertex -4.6029 47.4 15.5
    endloop
  endfacet
  facet normal 0.89686 0.442314 0
    outer loop
      vertex -4.6029 47.4 0
      vertex -4.34255 46.8721 15.5
      vertex -4.34255 46.8721 0
    endloop
  endfacet
  facet normal 0.321579 -0.946883 0
    outer loop
      vertex -7.33532 -49.4967 0
      vertex -6.77793 -49.3074 15.5
      vertex -7.33532 -49.4967 15.5
    endloop
  endfacet
  facet normal 0.321579 -0.946883 0
    outer loop
      vertex -6.77793 -49.3074 15.5
      vertex -7.33532 -49.4967 0
      vertex -6.77793 -49.3074 0
    endloop
  endfacet
  facet normal 0.442232 -0.896901 0
    outer loop
      vertex -6.77793 -49.3074 0
      vertex -6.25001 -49.0471 15.5
      vertex -6.77793 -49.3074 15.5
    endloop
  endfacet
  facet normal 0.442232 -0.896901 0
    outer loop
      vertex -6.25001 -49.0471 15.5
      vertex -6.77793 -49.3074 0
      vertex -6.25001 -49.0471 0
    endloop
  endfacet
  facet normal 0.89686 -0.442314 0
    outer loop
      vertex -4.6029 -47.4 15.5
      vertex -4.34255 -46.8721 0
      vertex -4.34255 -46.8721 15.5
    endloop
  endfacet
  facet normal 0.89686 -0.442314 0
    outer loop
      vertex -4.34255 -46.8721 0
      vertex -4.6029 -47.4 15.5
      vertex -4.6029 -47.4 0
    endloop
  endfacet
  facet normal 0.99786 -0.0653858 0
    outer loop
      vertex -4.0385 -45.7374 15.5
      vertex -4.00001 -45.15 0
      vertex -4.00001 -45.15 15.5
    endloop
  endfacet
  facet normal 0.99786 -0.0653858 0
    outer loop
      vertex -4.00001 -45.15 0
      vertex -4.0385 -45.7374 15.5
      vertex -4.0385 -45.7374 0
    endloop
  endfacet
  facet normal -0.946522 0.322639 0
    outer loop
      vertex -103.147 46.3147 0
      vertex -102.957 46.8721 15.5
      vertex -102.957 46.8721 0
    endloop
  endfacet
  facet normal -0.946522 0.322639 0
    outer loop
      vertex -102.957 46.8721 15.5
      vertex -103.147 46.3147 0
      vertex -103.147 46.3147 15.5
    endloop
  endfacet
  facet normal -0.981055 0.19373 0
    outer loop
      vertex -103.261 45.7374 0
      vertex -103.147 46.3147 15.5
      vertex -103.147 46.3147 0
    endloop
  endfacet
  facet normal -0.981055 0.19373 0
    outer loop
      vertex -103.147 46.3147 15.5
      vertex -103.261 45.7374 0
      vertex -103.261 45.7374 15.5
    endloop
  endfacet
  facet normal -0.751966 -0.659202 0
    outer loop
      vertex -101.982 -48.332 0
      vertex -102.37 -47.8894 15.5
      vertex -102.37 -47.8894 0
    endloop
  endfacet
  facet normal -0.751966 -0.659202 0
    outer loop
      vertex -102.37 -47.8894 15.5
      vertex -101.982 -48.332 0
      vertex -101.982 -48.332 15.5
    endloop
  endfacet
  facet normal -0.981055 -0.19373 0
    outer loop
      vertex -103.147 -46.3147 0
      vertex -103.261 -45.7374 15.5
      vertex -103.261 -45.7374 0
    endloop
  endfacet
  facet normal -0.981055 -0.19373 0
    outer loop
      vertex -103.261 -45.7374 15.5
      vertex -103.147 -46.3147 0
      vertex -103.147 -46.3147 15.5
    endloop
  endfacet
  facet normal 0.980783 0.195103 0
    outer loop
      vertex -4.0385 45.7374 15.5
      vertex -4.15334 46.3147 0
      vertex -4.15334 46.3147 15.5
    endloop
  endfacet
  facet normal 0.980783 0.195103 0
    outer loop
      vertex -4.15334 46.3147 0
      vertex -4.0385 45.7374 15.5
      vertex -4.0385 45.7374 0
    endloop
  endfacet
  facet normal 0.751873 0.659308 0
    outer loop
      vertex -4.92992 47.8894 15.5
      vertex -5.31803 48.332 0
      vertex -5.31803 48.332 15.5
    endloop
  endfacet
  facet normal 0.751873 0.659308 0
    outer loop
      vertex -5.31803 48.332 0
      vertex -4.92992 47.8894 15.5
      vertex -4.92992 47.8894 0
    endloop
  endfacet
  facet normal 0.831459 0.555586 0
    outer loop
      vertex -4.6029 47.4 15.5
      vertex -4.92992 47.8894 0
      vertex -4.92992 47.8894 15.5
    endloop
  endfacet
  facet normal 0.831459 0.555586 0
    outer loop
      vertex -4.92992 47.8894 0
      vertex -4.6029 47.4 15.5
      vertex -4.6029 47.4 0
    endloop
  endfacet
  facet normal 0.751873 -0.659308 0
    outer loop
      vertex -5.31803 -48.332 15.5
      vertex -4.92992 -47.8894 0
      vertex -4.92992 -47.8894 15.5
    endloop
  endfacet
  facet normal 0.751873 -0.659308 0
    outer loop
      vertex -4.92992 -47.8894 0
      vertex -5.31803 -48.332 15.5
      vertex -5.31803 -48.332 0
    endloop
  endfacet
  facet normal 0.65934 -0.751845 0
    outer loop
      vertex -5.76058 -48.7201 0
      vertex -5.31803 -48.332 15.5
      vertex -5.76058 -48.7201 15.5
    endloop
  endfacet
  facet normal 0.65934 -0.751845 0
    outer loop
      vertex -5.31803 -48.332 15.5
      vertex -5.76058 -48.7201 0
      vertex -5.31803 -48.332 0
    endloop
  endfacet
  facet normal 0.980783 -0.195103 0
    outer loop
      vertex -4.15334 -46.3147 15.5
      vertex -4.0385 -45.7374 0
      vertex -4.0385 -45.7374 15.5
    endloop
  endfacet
  facet normal 0.980783 -0.195103 0
    outer loop
      vertex -4.0385 -45.7374 0
      vertex -4.15334 -46.3147 15.5
      vertex -4.15334 -46.3147 0
    endloop
  endfacet
  facet normal 0 0 1
    outer loop
      vertex -6.4 47.25 2.4
      vertex -6.45 36 2.4
      vertex -6.4 36 2.4
    endloop
  endfacet
  facet normal 0 0 1
    outer loop
      vertex -6.45 36 2.4
      vertex -12.65 38 2.4
      vertex -6.45 -36 2.4
    endloop
  endfacet
  facet normal -0 0 1
    outer loop
      vertex -12.8784 39.1481 2.4
      vertex -6.45 36 2.4
      vertex -6.4 47.25 2.4
    endloop
  endfacet
  facet normal 0 0 1
    outer loop
      vertex -6.45 36 2.4
      vertex -12.6757 38.3916 2.4
      vertex -12.65 38 2.4
    endloop
  endfacet
  facet normal 0 0 1
    outer loop
      vertex -6.45 36 2.4
      vertex -12.7522 38.7765 2.4
      vertex -12.6757 38.3916 2.4
    endloop
  endfacet
  facet normal 0 0 1
    outer loop
      vertex -6.45 36 2.4
      vertex -12.8784 39.1481 2.4
      vertex -12.7522 38.7765 2.4
    endloop
  endfacet
  facet normal 0 0 1
    outer loop
      vertex -6.4 47.25 2.4
      vertex -13.0519 39.5 2.4
      vertex -12.8784 39.1481 2.4
    endloop
  endfacet
  facet normal 0 0 1
    outer loop
      vertex -6.4 47.25 2.4
      vertex -13.2699 39.8263 2.4
      vertex -13.0519 39.5 2.4
    endloop
  endfacet
  facet normal 0 0 1
    outer loop
      vertex -6.4 47.25 2.4
      vertex -13.5287 40.1213 2.4
      vertex -13.2699 39.8263 2.4
    endloop
  endfacet
  facet normal 0 0 1
    outer loop
      vertex -6.4 47.25 2.4
      vertex -13.8237 40.3801 2.4
      vertex -13.5287 40.1213 2.4
    endloop
  endfacet
  facet normal 0 0 1
    outer loop
      vertex -6.4 47.25 2.4
      vertex -14.15 40.5981 2.4
      vertex -13.8237 40.3801 2.4
    endloop
  endfacet
  facet normal 0 0 1
    outer loop
      vertex -6.4 47.25 2.4
      vertex -14.5019 40.7716 2.4
      vertex -14.15 40.5981 2.4
    endloop
  endfacet
  facet normal 0 0 1
    outer loop
      vertex -6.4 47.25 2.4
      vertex -14.8735 40.8978 2.4
      vertex -14.5019 40.7716 2.4
    endloop
  endfacet
  facet normal 0 0 1
    outer loop
      vertex -6.4 47.25 2.4
      vertex -15.2584 40.9743 2.4
      vertex -14.8735 40.8978 2.4
    endloop
  endfacet
  facet normal 0 0 1
    outer loop
      vertex -6.4 47.25 2.4
      vertex -15.65 41 2.4
      vertex -15.2584 40.9743 2.4
    endloop
  endfacet
  facet normal 0 0 1
    outer loop
      vertex -6.4 47.25 2.4
      vertex -91.65 41 2.4
      vertex -15.65 41 2.4
    endloop
  endfacet
  facet normal -0 0 1
    outer loop
      vertex -100.9 47.25 2.4
      vertex -91.65 41 2.4
      vertex -6.4 47.25 2.4
    endloop
  endfacet
  facet normal 0 0 1
    outer loop
      vertex -94.65 38 2.4
      vertex -100.85 36 2.4
      vertex -94.65 -38 2.4
    endloop
  endfacet
  facet normal 0 0 1
    outer loop
      vertex -94.6243 38.3916 2.4
      vertex -100.85 36 2.4
      vertex -94.65 38 2.4
    endloop
  endfacet
  facet normal 0 0 1
    outer loop
      vertex -94.5478 38.7765 2.4
      vertex -100.85 36 2.4
      vertex -94.6243 38.3916 2.4
    endloop
  endfacet
  facet normal 0 0 1
    outer loop
      vertex -94.4216 39.1481 2.4
      vertex -100.85 36 2.4
      vertex -94.5478 38.7765 2.4
    endloop
  endfacet
  facet normal 0 0 1
    outer loop
      vertex -100.9 47.25 2.4
      vertex -94.4216 39.1481 2.4
      vertex -94.2481 39.5 2.4
    endloop
  endfacet
  facet normal 0 0 1
    outer loop
      vertex -100.9 47.25 2.4
      vertex -94.2481 39.5 2.4
      vertex -94.0301 39.8263 2.4
    endloop
  endfacet
  facet normal 0 0 1
    outer loop
      vertex -100.9 47.25 2.4
      vertex -94.0301 39.8263 2.4
      vertex -93.7713 40.1213 2.4
    endloop
  endfacet
  facet normal 0 0 1
    outer loop
      vertex -100.9 47.25 2.4
      vertex -93.7713 40.1213 2.4
      vertex -93.4763 40.3801 2.4
    endloop
  endfacet
  facet normal 0 0 1
    outer loop
      vertex -100.9 47.25 2.4
      vertex -93.4763 40.3801 2.4
      vertex -93.15 40.5981 2.4
    endloop
  endfacet
  facet normal 0 0 1
    outer loop
      vertex -91.65 41 2.4
      vertex -100.9 47.25 2.4
      vertex -92.0416 40.9743 2.4
    endloop
  endfacet
  facet normal 0 0 1
    outer loop
      vertex -100.9 47.25 2.4
      vertex -92.4265 40.8978 2.4
      vertex -92.0416 40.9743 2.4
    endloop
  endfacet
  facet normal 0 0 1
    outer loop
      vertex -100.9 47.25 2.4
      vertex -92.7981 40.7716 2.4
      vertex -92.4265 40.8978 2.4
    endloop
  endfacet
  facet normal 0 0 1
    outer loop
      vertex -100.9 47.25 2.4
      vertex -93.15 40.5981 2.4
      vertex -92.7981 40.7716 2.4
    endloop
  endfacet
  facet normal 0 0 1
    outer loop
      vertex -94.4216 39.1481 2.4
      vertex -100.9 47.25 2.4
      vertex -100.85 36 2.4
    endloop
  endfacet
  facet normal 0 0 1
    outer loop
      vertex -100.85 36 2.4
      vertex -100.9 47.25 2.4
      vertex -100.9 36 2.4
    endloop
  endfacet
  facet normal -0 0 1
    outer loop
      vertex -6.45 -36 2.4
      vertex -6.4 -47.25 2.4
      vertex -6.4 -36 2.4
    endloop
  endfacet
  facet normal 0 0 1
    outer loop
      vertex -12.65 -38 2.4
      vertex -6.45 -36 2.4
      vertex -12.65 38 2.4
    endloop
  endfacet
  facet normal 0 0 1
    outer loop
      vertex -12.6757 -38.3916 2.4
      vertex -6.45 -36 2.4
      vertex -12.65 -38 2.4
    endloop
  endfacet
  facet normal 0 0 1
    outer loop
      vertex -12.7522 -38.7765 2.4
      vertex -6.45 -36 2.4
      vertex -12.6757 -38.3916 2.4
    endloop
  endfacet
  facet normal 0 0 1
    outer loop
      vertex -12.8784 -39.1481 2.4
      vertex -6.45 -36 2.4
      vertex -12.7522 -38.7765 2.4
    endloop
  endfacet
  facet normal 0 0 1
    outer loop
      vertex -6.45 -36 2.4
      vertex -12.8784 -39.1481 2.4
      vertex -6.4 -47.25 2.4
    endloop
  endfacet
  facet normal -0 0 1
    outer loop
      vertex -13.0519 -39.5 2.4
      vertex -6.4 -47.25 2.4
      vertex -12.8784 -39.1481 2.4
    endloop
  endfacet
  facet normal -0 0 1
    outer loop
      vertex -13.2699 -39.8263 2.4
      vertex -6.4 -47.25 2.4
      vertex -13.0519 -39.5 2.4
    endloop
  endfacet
  facet normal -0 0 1
    outer loop
      vertex -13.5287 -40.1213 2.4
      vertex -6.4 -47.25 2.4
      vertex -13.2699 -39.8263 2.4
    endloop
  endfacet
  facet normal -0 0 1
    outer loop
      vertex -13.8237 -40.3801 2.4
      vertex -6.4 -47.25 2.4
      vertex -13.5287 -40.1213 2.4
    endloop
  endfacet
  facet normal -0 0 1
    outer loop
      vertex -14.15 -40.5981 2.4
      vertex -6.4 -47.25 2.4
      vertex -13.8237 -40.3801 2.4
    endloop
  endfacet
  facet normal -0 0 1
    outer loop
      vertex -14.5019 -40.7716 2.4
      vertex -6.4 -47.25 2.4
      vertex -14.15 -40.5981 2.4
    endloop
  endfacet
  facet normal -0 0 1
    outer loop
      vertex -14.8735 -40.8978 2.4
      vertex -6.4 -47.25 2.4
      vertex -14.5019 -40.7716 2.4
    endloop
  endfacet
  facet normal -0 0 1
    outer loop
      vertex -15.2584 -40.9743 2.4
      vertex -6.4 -47.25 2.4
      vertex -14.8735 -40.8978 2.4
    endloop
  endfacet
  facet normal -0 0 1
    outer loop
      vertex -15.65 -41 2.4
      vertex -6.4 -47.25 2.4
      vertex -15.2584 -40.9743 2.4
    endloop
  endfacet
  facet normal -0 0 1
    outer loop
      vertex -91.65 -41 2.4
      vertex -6.4 -47.25 2.4
      vertex -15.65 -41 2.4
    endloop
  endfacet
  facet normal 0 0 1
    outer loop
      vertex -100.9 -47.25 2.4
      vertex -91.65 -41 2.4
      vertex -92.0416 -40.9743 2.4
    endloop
  endfacet
  facet normal -0 0 1
    outer loop
      vertex -100.85 -36 2.4
      vertex -94.65 -38 2.4
      vertex -100.85 36 2.4
    endloop
  endfacet
  facet normal 0 0 1
    outer loop
      vertex -94.65 -38 2.4
      vertex -100.85 -36 2.4
      vertex -94.6243 -38.3916 2.4
    endloop
  endfacet
  facet normal 0 0 1
    outer loop
      vertex -100.85 -36 2.4
      vertex -94.5478 -38.7765 2.4
      vertex -94.6243 -38.3916 2.4
    endloop
  endfacet
  facet normal 0 0 1
    outer loop
      vertex -100.85 -36 2.4
      vertex -94.4216 -39.1481 2.4
      vertex -94.5478 -38.7765 2.4
    endloop
  endfacet
  facet normal 0 0 1
    outer loop
      vertex -100.9 -47.25 2.4
      vertex -94.4216 -39.1481 2.4
      vertex -100.85 -36 2.4
    endloop
  endfacet
  facet normal 0 0 1
    outer loop
      vertex -94.4216 -39.1481 2.4
      vertex -100.9 -47.25 2.4
      vertex -94.2481 -39.5 2.4
    endloop
  endfacet
  facet normal 0 0 1
    outer loop
      vertex -94.2481 -39.5 2.4
      vertex -100.9 -47.25 2.4
      vertex -94.0301 -39.8263 2.4
    endloop
  endfacet
  facet normal 0 0 1
    outer loop
      vertex -94.0301 -39.8263 2.4
      vertex -100.9 -47.25 2.4
      vertex -93.7713 -40.1213 2.4
    endloop
  endfacet
  facet normal 0 0 1
    outer loop
      vertex -93.7713 -40.1213 2.4
      vertex -100.9 -47.25 2.4
      vertex -93.4763 -40.3801 2.4
    endloop
  endfacet
  facet normal 0 0 1
    outer loop
      vertex -100.9 -47.25 2.4
      vertex -100.85 -36 2.4
      vertex -100.9 -36 2.4
    endloop
  endfacet
  facet normal 0 0 1
    outer loop
      vertex -91.65 -41 2.4
      vertex -100.9 -47.25 2.4
      vertex -6.4 -47.25 2.4
    endloop
  endfacet
  facet normal 0 0 1
    outer loop
      vertex -92.4265 -40.8978 2.4
      vertex -100.9 -47.25 2.4
      vertex -92.0416 -40.9743 2.4
    endloop
  endfacet
  facet normal 0 0 1
    outer loop
      vertex -92.7981 -40.7716 2.4
      vertex -100.9 -47.25 2.4
      vertex -92.4265 -40.8978 2.4
    endloop
  endfacet
  facet normal 0 0 1
    outer loop
      vertex -93.15 -40.5981 2.4
      vertex -100.9 -47.25 2.4
      vertex -92.7981 -40.7716 2.4
    endloop
  endfacet
  facet normal 0 0 1
    outer loop
      vertex -93.4763 -40.3801 2.4
      vertex -100.9 -47.25 2.4
      vertex -93.15 -40.5981 2.4
    endloop
  endfacet
  facet normal -1 0 0
    outer loop
      vertex -6.4 -47.25 2.4
      vertex -6.4 -36 14.5
      vertex -6.4 -36 2.4
    endloop
  endfacet
  facet normal -1 -0 0
    outer loop
      vertex -6.4 -36 14.5
      vertex -6.4 -47.25 2.4
      vertex -6.4 -47.25 14.5
    endloop
  endfacet
  facet normal -1 0 0
    outer loop
      vertex -6.4 36 2.4
      vertex -6.4 47.25 14.5
      vertex -6.4 47.25 2.4
    endloop
  endfacet
  facet normal -1 -0 0
    outer loop
      vertex -6.4 47.25 14.5
      vertex -6.4 36 2.4
      vertex -6.4 36 14.5
    endloop
  endfacet
  facet normal 1 -0 0
    outer loop
      vertex -100.9 -47.25 14.5
      vertex -100.9 -36 2.4
      vertex -100.9 -36 14.5
    endloop
  endfacet
  facet normal 1 0 0
    outer loop
      vertex -100.9 -36 2.4
      vertex -100.9 -47.25 14.5
      vertex -100.9 -47.25 2.4
    endloop
  endfacet
  facet normal 1 -0 0
    outer loop
      vertex -100.9 36 14.5
      vertex -100.9 47.25 2.4
      vertex -100.9 47.25 14.5
    endloop
  endfacet
  facet normal 1 0 0
    outer loop
      vertex -100.9 47.25 2.4
      vertex -100.9 36 14.5
      vertex -100.9 36 2.4
    endloop
  endfacet
  facet normal 0 1 -0
    outer loop
      vertex -6.4 -47.25 2.4
      vertex -100.9 -47.25 14.5
      vertex -6.4 -47.25 14.5
    endloop
  endfacet
  facet normal 0 1 0
    outer loop
      vertex -100.9 -47.25 14.5
      vertex -6.4 -47.25 2.4
      vertex -100.9 -47.25 2.4
    endloop
  endfacet
  facet normal 0 -1 0
    outer loop
      vertex -100.9 47.25 2.4
      vertex -6.4 47.25 14.5
      vertex -100.9 47.25 14.5
    endloop
  endfacet
  facet normal 0 -1 -0
    outer loop
      vertex -6.4 47.25 14.5
      vertex -100.9 47.25 2.4
      vertex -6.4 47.25 2.4
    endloop
  endfacet
  facet normal 0 -0.939804 0.341713
    outer loop
      vertex -100.9 47.25 14.5
      vertex -6.03636 47.6136 15.5
      vertex -101.264 47.6136 15.5
    endloop
  endfacet
  facet normal 0 -0.939804 0.341713
    outer loop
      vertex -6.03636 47.6136 15.5
      vertex -100.9 47.25 14.5
      vertex -6.4 47.25 14.5
    endloop
  endfacet
  facet normal 0.939684 0 0.342045
    outer loop
      vertex -101.264 -36 15.5
      vertex -100.9 -47.25 14.5
      vertex -100.9 -36 14.5
    endloop
  endfacet
  facet normal 0.939684 0 0.342045
    outer loop
      vertex -100.9 -47.25 14.5
      vertex -101.264 -36 15.5
      vertex -101.264 -47.6136 15.5
    endloop
  endfacet
  facet normal 0.939684 -0 0.342045
    outer loop
      vertex -101.264 36 15.5
      vertex -100.9 47.25 14.5
      vertex -101.264 47.6136 15.5
    endloop
  endfacet
  facet normal 0.939684 0 0.342045
    outer loop
      vertex -100.9 47.25 14.5
      vertex -101.264 36 15.5
      vertex -100.9 36 14.5
    endloop
  endfacet
  facet normal 0 0.939804 0.341713
    outer loop
      vertex -6.4 -47.25 14.5
      vertex -101.264 -47.6136 15.5
      vertex -6.03636 -47.6136 15.5
    endloop
  endfacet
  facet normal 0 0.939804 0.341713
    outer loop
      vertex -101.264 -47.6136 15.5
      vertex -6.4 -47.25 14.5
      vertex -100.9 -47.25 14.5
    endloop
  endfacet
  facet normal -0.939792 0 0.341746
    outer loop
      vertex -6.03636 36 15.5
      vertex -6.4 47.25 14.5
      vertex -6.4 36 14.5
    endloop
  endfacet
  facet normal -0.939792 0 0.341746
    outer loop
      vertex -6.4 47.25 14.5
      vertex -6.03636 36 15.5
      vertex -6.03636 47.6136 15.5
    endloop
  endfacet
  facet normal -0.939792 0 0.341746
    outer loop
      vertex -6.4 -47.25 14.5
      vertex -6.03636 -36 15.5
      vertex -6.4 -36 14.5
    endloop
  endfacet
  facet normal -0.939792 0 0.341746
    outer loop
      vertex -6.03636 -36 15.5
      vertex -6.4 -47.25 14.5
      vertex -6.03636 -47.6136 15.5
    endloop
  endfacet
  facet normal -0.321574 0.946885 0
    outer loop
      vertex -14.5019 -40.7716 0
      vertex -14.8735 -40.8978 2.4
      vertex -14.5019 -40.7716 2.4
    endloop
  endfacet
  facet normal -0.321574 0.946885 0
    outer loop
      vertex -14.8735 -40.8978 2.4
      vertex -14.5019 -40.7716 0
      vertex -14.8735 -40.8978 0
    endloop
  endfacet
  facet normal -0.0654873 0.997853 0
    outer loop
      vertex -15.2584 -40.9743 0
      vertex -15.65 -41 2.4
      vertex -15.2584 -40.9743 2.4
    endloop
  endfacet
  facet normal -0.0654873 0.997853 0
    outer loop
      vertex -15.65 -41 2.4
      vertex -15.2584 -40.9743 0
      vertex -15.65 -41 0
    endloop
  endfacet
  facet normal 0.19494 -0.980815 0
    outer loop
      vertex -92.4265 40.8978 0
      vertex -92.0416 40.9743 2.4
      vertex -92.4265 40.8978 2.4
    endloop
  endfacet
  facet normal 0.19494 -0.980815 0
    outer loop
      vertex -92.0416 40.9743 2.4
      vertex -92.4265 40.8978 0
      vertex -92.0416 40.9743 0
    endloop
  endfacet
  facet normal -0.19494 0.980815 0
    outer loop
      vertex -14.8735 -40.8978 0
      vertex -15.2584 -40.9743 2.4
      vertex -14.8735 -40.8978 2.4
    endloop
  endfacet
  facet normal -0.19494 0.980815 0
    outer loop
      vertex -15.2584 -40.9743 2.4
      vertex -14.8735 -40.8978 0
      vertex -15.2584 -40.9743 0
    endloop
  endfacet
  facet normal 0.442211 -0.896911 0
    outer loop
      vertex -93.15 40.5981 0
      vertex -92.7981 40.7716 2.4
      vertex -93.15 40.5981 2.4
    endloop
  endfacet
  facet normal 0.442211 -0.896911 0
    outer loop
      vertex -92.7981 40.7716 2.4
      vertex -93.15 40.5981 0
      vertex -92.7981 40.7716 0
    endloop
  endfacet
  facet normal 0.997853 -0.0654873 0
    outer loop
      vertex -94.65 38 2.4
      vertex -94.6243 38.3916 0
      vertex -94.6243 38.3916 2.4
    endloop
  endfacet
  facet normal 0.997853 -0.0654873 0
    outer loop
      vertex -94.6243 38.3916 0
      vertex -94.65 38 2.4
      vertex -94.65 38 0
    endloop
  endfacet
  facet normal 1 -0 0
    outer loop
      vertex -94.65 -38 2.4
      vertex -94.65 38 0
      vertex -94.65 38 2.4
    endloop
  endfacet
  facet normal 1 0 0
    outer loop
      vertex -94.65 38 0
      vertex -94.65 -38 2.4
      vertex -94.65 -38 0
    endloop
  endfacet
  facet normal 0 1 -0
    outer loop
      vertex -15.65 -41 0
      vertex -91.65 -41 2.4
      vertex -15.65 -41 2.4
    endloop
  endfacet
  facet normal 0 1 0
    outer loop
      vertex -91.65 -41 2.4
      vertex -15.65 -41 0
      vertex -91.65 -41 0
    endloop
  endfacet
  facet normal -0.0654873 -0.997853 0
    outer loop
      vertex -15.65 41 0
      vertex -15.2584 40.9743 2.4
      vertex -15.65 41 2.4
    endloop
  endfacet
  facet normal -0.0654873 -0.997853 -0
    outer loop
      vertex -15.2584 40.9743 2.4
      vertex -15.65 41 0
      vertex -15.2584 40.9743 0
    endloop
  endfacet
  facet normal -0.555523 -0.831501 0
    outer loop
      vertex -14.15 40.5981 0
      vertex -13.8237 40.3801 2.4
      vertex -14.15 40.5981 2.4
    endloop
  endfacet
  facet normal -0.555523 -0.831501 -0
    outer loop
      vertex -13.8237 40.3801 2.4
      vertex -14.15 40.5981 0
      vertex -13.8237 40.3801 0
    endloop
  endfacet
  facet normal 0 -1 0
    outer loop
      vertex -91.65 41 0
      vertex -15.65 41 2.4
      vertex -91.65 41 2.4
    endloop
  endfacet
  facet normal 0 -1 -0
    outer loop
      vertex -15.65 41 2.4
      vertex -91.65 41 0
      vertex -15.65 41 0
    endloop
  endfacet
  facet normal -1 0 0
    outer loop
      vertex -12.65 -38 0
      vertex -12.65 38 2.4
      vertex -12.65 38 0
    endloop
  endfacet
  facet normal -1 -0 0
    outer loop
      vertex -12.65 38 2.4
      vertex -12.65 -38 0
      vertex -12.65 -38 2.4
    endloop
  endfacet
  facet normal -0.980815 0.19494 0
    outer loop
      vertex -12.7522 -38.7765 0
      vertex -12.6757 -38.3916 2.4
      vertex -12.6757 -38.3916 0
    endloop
  endfacet
  facet normal -0.980815 0.19494 0
    outer loop
      vertex -12.6757 -38.3916 2.4
      vertex -12.7522 -38.7765 0
      vertex -12.7522 -38.7765 2.4
    endloop
  endfacet
  facet normal 0.555523 -0.831501 0
    outer loop
      vertex -93.4763 40.3801 0
      vertex -93.15 40.5981 2.4
      vertex -93.4763 40.3801 2.4
    endloop
  endfacet
  facet normal 0.555523 -0.831501 0
    outer loop
      vertex -93.15 40.5981 2.4
      vertex -93.4763 40.3801 0
      vertex -93.15 40.5981 0
    endloop
  endfacet
  facet normal 0.831501 0.555523 0
    outer loop
      vertex -94.0301 -39.8263 2.4
      vertex -94.2481 -39.5 0
      vertex -94.2481 -39.5 2.4
    endloop
  endfacet
  facet normal 0.831501 0.555523 0
    outer loop
      vertex -94.2481 -39.5 0
      vertex -94.0301 -39.8263 2.4
      vertex -94.0301 -39.8263 0
    endloop
  endfacet
  facet normal 0.0654873 0.997853 -0
    outer loop
      vertex -91.65 -41 0
      vertex -92.0416 -40.9743 2.4
      vertex -91.65 -41 2.4
    endloop
  endfacet
  facet normal 0.0654873 0.997853 0
    outer loop
      vertex -92.0416 -40.9743 2.4
      vertex -91.65 -41 0
      vertex -92.0416 -40.9743 0
    endloop
  endfacet
  facet normal 0.321574 0.946885 -0
    outer loop
      vertex -92.4265 -40.8978 0
      vertex -92.7981 -40.7716 2.4
      vertex -92.4265 -40.8978 2.4
    endloop
  endfacet
  facet normal 0.321574 0.946885 0
    outer loop
      vertex -92.7981 -40.7716 2.4
      vertex -92.4265 -40.8978 0
      vertex -92.7981 -40.7716 0
    endloop
  endfacet
  facet normal -0.442211 -0.896911 0
    outer loop
      vertex -14.5019 40.7716 0
      vertex -14.15 40.5981 2.4
      vertex -14.5019 40.7716 2.4
    endloop
  endfacet
  facet normal -0.442211 -0.896911 -0
    outer loop
      vertex -14.15 40.5981 2.4
      vertex -14.5019 40.7716 0
      vertex -14.15 40.5981 0
    endloop
  endfacet
  facet normal -0.321574 -0.946885 0
    outer loop
      vertex -14.8735 40.8978 0
      vertex -14.5019 40.7716 2.4
      vertex -14.8735 40.8978 2.4
    endloop
  endfacet
  facet normal -0.321574 -0.946885 -0
    outer loop
      vertex -14.5019 40.7716 2.4
      vertex -14.8735 40.8978 0
      vertex -14.5019 40.7716 0
    endloop
  endfacet
  facet normal 0.0654873 -0.997853 0
    outer loop
      vertex -92.0416 40.9743 0
      vertex -91.65 41 2.4
      vertex -92.0416 40.9743 2.4
    endloop
  endfacet
  facet normal 0.0654873 -0.997853 0
    outer loop
      vertex -91.65 41 2.4
      vertex -92.0416 40.9743 0
      vertex -91.65 41 0
    endloop
  endfacet
  facet normal -0.659478 0.751724 0
    outer loop
      vertex -13.5287 -40.1213 0
      vertex -13.8237 -40.3801 2.4
      vertex -13.5287 -40.1213 2.4
    endloop
  endfacet
  facet normal -0.659478 0.751724 0
    outer loop
      vertex -13.8237 -40.3801 2.4
      vertex -13.5287 -40.1213 0
      vertex -13.8237 -40.3801 0
    endloop
  endfacet
  facet normal 0.321574 -0.946885 0
    outer loop
      vertex -92.7981 40.7716 0
      vertex -92.4265 40.8978 2.4
      vertex -92.7981 40.7716 2.4
    endloop
  endfacet
  facet normal 0.321574 -0.946885 0
    outer loop
      vertex -92.4265 40.8978 2.4
      vertex -92.7981 40.7716 0
      vertex -92.4265 40.8978 0
    endloop
  endfacet
  facet normal 0.751724 -0.659478 0
    outer loop
      vertex -94.0301 39.8263 2.4
      vertex -93.7713 40.1213 0
      vertex -93.7713 40.1213 2.4
    endloop
  endfacet
  facet normal 0.751724 -0.659478 0
    outer loop
      vertex -93.7713 40.1213 0
      vertex -94.0301 39.8263 2.4
      vertex -94.0301 39.8263 0
    endloop
  endfacet
  facet normal 0.831501 -0.555523 0
    outer loop
      vertex -94.2481 39.5 2.4
      vertex -94.0301 39.8263 0
      vertex -94.0301 39.8263 2.4
    endloop
  endfacet
  facet normal 0.831501 -0.555523 0
    outer loop
      vertex -94.0301 39.8263 0
      vertex -94.2481 39.5 2.4
      vertex -94.2481 39.5 0
    endloop
  endfacet
  facet normal 0.946885 0.321574 0
    outer loop
      vertex -94.4216 -39.1481 2.4
      vertex -94.5478 -38.7765 0
      vertex -94.5478 -38.7765 2.4
    endloop
  endfacet
  facet normal 0.946885 0.321574 0
    outer loop
      vertex -94.5478 -38.7765 0
      vertex -94.4216 -39.1481 2.4
      vertex -94.4216 -39.1481 0
    endloop
  endfacet
  facet normal 0.896911 0.442211 0
    outer loop
      vertex -94.2481 -39.5 2.4
      vertex -94.4216 -39.1481 0
      vertex -94.4216 -39.1481 2.4
    endloop
  endfacet
  facet normal 0.896911 0.442211 0
    outer loop
      vertex -94.4216 -39.1481 0
      vertex -94.2481 -39.5 2.4
      vertex -94.2481 -39.5 0
    endloop
  endfacet
  facet normal 0.442211 0.896911 -0
    outer loop
      vertex -92.7981 -40.7716 0
      vertex -93.15 -40.5981 2.4
      vertex -92.7981 -40.7716 2.4
    endloop
  endfacet
  facet normal 0.442211 0.896911 0
    outer loop
      vertex -93.15 -40.5981 2.4
      vertex -92.7981 -40.7716 0
      vertex -93.15 -40.5981 0
    endloop
  endfacet
  facet normal 0.659478 0.751724 -0
    outer loop
      vertex -93.4763 -40.3801 0
      vertex -93.7713 -40.1213 2.4
      vertex -93.4763 -40.3801 2.4
    endloop
  endfacet
  facet normal 0.659478 0.751724 0
    outer loop
      vertex -93.7713 -40.1213 2.4
      vertex -93.4763 -40.3801 0
      vertex -93.7713 -40.1213 0
    endloop
  endfacet
  facet normal 0.555523 0.831501 -0
    outer loop
      vertex -93.15 -40.5981 0
      vertex -93.4763 -40.3801 2.4
      vertex -93.15 -40.5981 2.4
    endloop
  endfacet
  facet normal 0.555523 0.831501 0
    outer loop
      vertex -93.4763 -40.3801 2.4
      vertex -93.15 -40.5981 0
      vertex -93.4763 -40.3801 0
    endloop
  endfacet
  facet normal 0.19494 0.980815 -0
    outer loop
      vertex -92.0416 -40.9743 0
      vertex -92.4265 -40.8978 2.4
      vertex -92.0416 -40.9743 2.4
    endloop
  endfacet
  facet normal 0.19494 0.980815 0
    outer loop
      vertex -92.4265 -40.8978 2.4
      vertex -92.0416 -40.9743 0
      vertex -92.4265 -40.8978 0
    endloop
  endfacet
  facet normal -0.19494 -0.980815 0
    outer loop
      vertex -15.2584 40.9743 0
      vertex -14.8735 40.8978 2.4
      vertex -15.2584 40.9743 2.4
    endloop
  endfacet
  facet normal -0.19494 -0.980815 -0
    outer loop
      vertex -14.8735 40.8978 2.4
      vertex -15.2584 40.9743 0
      vertex -14.8735 40.8978 0
    endloop
  endfacet
  facet normal -0.946885 -0.321574 0
    outer loop
      vertex -12.7522 38.7765 0
      vertex -12.8784 39.1481 2.4
      vertex -12.8784 39.1481 0
    endloop
  endfacet
  facet normal -0.946885 -0.321574 0
    outer loop
      vertex -12.8784 39.1481 2.4
      vertex -12.7522 38.7765 0
      vertex -12.7522 38.7765 2.4
    endloop
  endfacet
  facet normal -0.997853 0.0654873 0
    outer loop
      vertex -12.6757 -38.3916 0
      vertex -12.65 -38 2.4
      vertex -12.65 -38 0
    endloop
  endfacet
  facet normal -0.997853 0.0654873 0
    outer loop
      vertex -12.65 -38 2.4
      vertex -12.6757 -38.3916 0
      vertex -12.6757 -38.3916 2.4
    endloop
  endfacet
  facet normal -0.896911 0.442211 0
    outer loop
      vertex -13.0519 -39.5 0
      vertex -12.8784 -39.1481 2.4
      vertex -12.8784 -39.1481 0
    endloop
  endfacet
  facet normal -0.896911 0.442211 0
    outer loop
      vertex -12.8784 -39.1481 2.4
      vertex -13.0519 -39.5 0
      vertex -13.0519 -39.5 2.4
    endloop
  endfacet
  facet normal -0.751724 0.659478 0
    outer loop
      vertex -13.5287 -40.1213 0
      vertex -13.2699 -39.8263 2.4
      vertex -13.2699 -39.8263 0
    endloop
  endfacet
  facet normal -0.751724 0.659478 0
    outer loop
      vertex -13.2699 -39.8263 2.4
      vertex -13.5287 -40.1213 0
      vertex -13.5287 -40.1213 2.4
    endloop
  endfacet
  facet normal -0.442211 0.896911 0
    outer loop
      vertex -14.15 -40.5981 0
      vertex -14.5019 -40.7716 2.4
      vertex -14.15 -40.5981 2.4
    endloop
  endfacet
  facet normal -0.442211 0.896911 0
    outer loop
      vertex -14.5019 -40.7716 2.4
      vertex -14.15 -40.5981 0
      vertex -14.5019 -40.7716 0
    endloop
  endfacet
  facet normal -0.831501 0.555523 0
    outer loop
      vertex -13.2699 -39.8263 0
      vertex -13.0519 -39.5 2.4
      vertex -13.0519 -39.5 0
    endloop
  endfacet
  facet normal -0.831501 0.555523 0
    outer loop
      vertex -13.0519 -39.5 2.4
      vertex -13.2699 -39.8263 0
      vertex -13.2699 -39.8263 2.4
    endloop
  endfacet
  facet normal 0.659478 -0.751724 0
    outer loop
      vertex -93.7713 40.1213 0
      vertex -93.4763 40.3801 2.4
      vertex -93.7713 40.1213 2.4
    endloop
  endfacet
  facet normal 0.659478 -0.751724 0
    outer loop
      vertex -93.4763 40.3801 2.4
      vertex -93.7713 40.1213 0
      vertex -93.4763 40.3801 0
    endloop
  endfacet
  facet normal 0.980815 -0.19494 0
    outer loop
      vertex -94.6243 38.3916 2.4
      vertex -94.5478 38.7765 0
      vertex -94.5478 38.7765 2.4
    endloop
  endfacet
  facet normal 0.980815 -0.19494 0
    outer loop
      vertex -94.5478 38.7765 0
      vertex -94.6243 38.3916 2.4
      vertex -94.6243 38.3916 0
    endloop
  endfacet
  facet normal 0.896911 -0.442211 0
    outer loop
      vertex -94.4216 39.1481 2.4
      vertex -94.2481 39.5 0
      vertex -94.2481 39.5 2.4
    endloop
  endfacet
  facet normal 0.896911 -0.442211 0
    outer loop
      vertex -94.2481 39.5 0
      vertex -94.4216 39.1481 2.4
      vertex -94.4216 39.1481 0
    endloop
  endfacet
  facet normal 0.946885 -0.321574 0
    outer loop
      vertex -94.5478 38.7765 2.4
      vertex -94.4216 39.1481 0
      vertex -94.4216 39.1481 2.4
    endloop
  endfacet
  facet normal 0.946885 -0.321574 0
    outer loop
      vertex -94.4216 39.1481 0
      vertex -94.5478 38.7765 2.4
      vertex -94.5478 38.7765 0
    endloop
  endfacet
  facet normal 0.751724 0.659478 0
    outer loop
      vertex -93.7713 -40.1213 2.4
      vertex -94.0301 -39.8263 0
      vertex -94.0301 -39.8263 2.4
    endloop
  endfacet
  facet normal 0.751724 0.659478 0
    outer loop
      vertex -94.0301 -39.8263 0
      vertex -93.7713 -40.1213 2.4
      vertex -93.7713 -40.1213 0
    endloop
  endfacet
  facet normal 0.997853 0.0654873 0
    outer loop
      vertex -94.6243 -38.3916 2.4
      vertex -94.65 -38 0
      vertex -94.65 -38 2.4
    endloop
  endfacet
  facet normal 0.997853 0.0654873 0
    outer loop
      vertex -94.65 -38 0
      vertex -94.6243 -38.3916 2.4
      vertex -94.6243 -38.3916 0
    endloop
  endfacet
  facet normal 0.980815 0.19494 0
    outer loop
      vertex -94.5478 -38.7765 2.4
      vertex -94.6243 -38.3916 0
      vertex -94.6243 -38.3916 2.4
    endloop
  endfacet
  facet normal 0.980815 0.19494 0
    outer loop
      vertex -94.6243 -38.3916 0
      vertex -94.5478 -38.7765 2.4
      vertex -94.5478 -38.7765 0
    endloop
  endfacet
  facet normal -0.659478 -0.751724 0
    outer loop
      vertex -13.8237 40.3801 0
      vertex -13.5287 40.1213 2.4
      vertex -13.8237 40.3801 2.4
    endloop
  endfacet
  facet normal -0.659478 -0.751724 -0
    outer loop
      vertex -13.5287 40.1213 2.4
      vertex -13.8237 40.3801 0
      vertex -13.5287 40.1213 0
    endloop
  endfacet
  facet normal -0.751724 -0.659478 0
    outer loop
      vertex -13.2699 39.8263 0
      vertex -13.5287 40.1213 2.4
      vertex -13.5287 40.1213 0
    endloop
  endfacet
  facet normal -0.751724 -0.659478 0
    outer loop
      vertex -13.5287 40.1213 2.4
      vertex -13.2699 39.8263 0
      vertex -13.2699 39.8263 2.4
    endloop
  endfacet
  facet normal -0.997853 -0.0654873 0
    outer loop
      vertex -12.65 38 0
      vertex -12.6757 38.3916 2.4
      vertex -12.6757 38.3916 0
    endloop
  endfacet
  facet normal -0.997853 -0.0654873 0
    outer loop
      vertex -12.6757 38.3916 2.4
      vertex -12.65 38 0
      vertex -12.65 38 2.4
    endloop
  endfacet
  facet normal -0.896911 -0.442211 0
    outer loop
      vertex -12.8784 39.1481 0
      vertex -13.0519 39.5 2.4
      vertex -13.0519 39.5 0
    endloop
  endfacet
  facet normal -0.896911 -0.442211 0
    outer loop
      vertex -13.0519 39.5 2.4
      vertex -12.8784 39.1481 0
      vertex -12.8784 39.1481 2.4
    endloop
  endfacet
  facet normal -0.980815 -0.19494 0
    outer loop
      vertex -12.6757 38.3916 0
      vertex -12.7522 38.7765 2.4
      vertex -12.7522 38.7765 0
    endloop
  endfacet
  facet normal -0.980815 -0.19494 0
    outer loop
      vertex -12.7522 38.7765 2.4
      vertex -12.6757 38.3916 0
      vertex -12.6757 38.3916 2.4
    endloop
  endfacet
  facet normal -0.946885 0.321574 0
    outer loop
      vertex -12.8784 -39.1481 0
      vertex -12.7522 -38.7765 2.4
      vertex -12.7522 -38.7765 0
    endloop
  endfacet
  facet normal -0.946885 0.321574 0
    outer loop
      vertex -12.7522 -38.7765 2.4
      vertex -12.8784 -39.1481 0
      vertex -12.8784 -39.1481 2.4
    endloop
  endfacet
  facet normal -0.555523 0.831501 0
    outer loop
      vertex -13.8237 -40.3801 0
      vertex -14.15 -40.5981 2.4
      vertex -13.8237 -40.3801 2.4
    endloop
  endfacet
  facet normal -0.555523 0.831501 0
    outer loop
      vertex -14.15 -40.5981 2.4
      vertex -13.8237 -40.3801 0
      vertex -14.15 -40.5981 0
    endloop
  endfacet
  facet normal -0.831501 -0.555523 0
    outer loop
      vertex -13.0519 39.5 0
      vertex -13.2699 39.8263 2.4
      vertex -13.2699 39.8263 0
    endloop
  endfacet
  facet normal -0.831501 -0.555523 0
    outer loop
      vertex -13.2699 39.8263 2.4
      vertex -13.0519 39.5 0
      vertex -13.0519 39.5 2.4
    endloop
  endfacet
  facet normal 0.321321 -0.94697 0
    outer loop
      vertex 99.3125 -47.0625 0
      vertex 99.5577 -46.9793 4
      vertex 99.3125 -47.0625 4
    endloop
  endfacet
  facet normal 0.321321 -0.94697 0
    outer loop
      vertex 99.5577 -46.9793 4
      vertex 99.3125 -47.0625 0
      vertex 99.5577 -46.9793 0
    endloop
  endfacet
  facet normal -0.195351 0.980733 0
    outer loop
      vertex 8.24157 47.1131 0
      vertex 7.98754 47.0625 4
      vertex 8.24157 47.1131 4
    endloop
  endfacet
  facet normal -0.195351 0.980733 0
    outer loop
      vertex 7.98754 47.0625 4
      vertex 8.24157 47.1131 0
      vertex 7.98754 47.0625 0
    endloop
  endfacet
  facet normal 0.1953 -0.980744 0
    outer loop
      vertex 99.0584 -47.1131 0
      vertex 99.3125 -47.0625 4
      vertex 99.0584 -47.1131 4
    endloop
  endfacet
  facet normal 0.1953 -0.980744 0
    outer loop
      vertex 99.3125 -47.0625 4
      vertex 99.0584 -47.1131 0
      vertex 99.3125 -47.0625 0
    endloop
  endfacet
  facet normal 0.751524 0.659706 0
    outer loop
      vertex 100.371 46.3553 4
      vertex 100.2 46.5501 0
      vertex 100.2 46.5501 4
    endloop
  endfacet
  facet normal 0.751524 0.659706 0
    outer loop
      vertex 100.2 46.5501 0
      vertex 100.371 46.3553 4
      vertex 100.371 46.3553 0
    endloop
  endfacet
  facet normal -0.997858 0.0654169 0
    outer loop
      vertex 6.52001 45.15 0
      vertex 6.53695 45.4084 4
      vertex 6.53695 45.4084 0
    endloop
  endfacet
  facet normal -0.997858 0.0654169 0
    outer loop
      vertex 6.53695 45.4084 4
      vertex 6.52001 45.15 0
      vertex 6.52001 45.15 4
    endloop
  endfacet
  facet normal 0 0 1
    outer loop
      vertex 44.65 47.13 4
      vertex 11.9315 46.03 4
      vertex 44.65 47.08 4
    endloop
  endfacet
  facet normal 0 0 1
    outer loop
      vertex 44.65 47.13 4
      vertex 11.7 46.1847 4
      vertex 11.9315 46.03 4
    endloop
  endfacet
  facet normal 0 0 1
    outer loop
      vertex 44.65 47.13 4
      vertex 11.3363 46.364 4
      vertex 11.7 46.1847 4
    endloop
  endfacet
  facet normal 0 0 1
    outer loop
      vertex 44.65 47.13 4
      vertex 10.9523 46.4944 4
      vertex 11.3363 46.364 4
    endloop
  endfacet
  facet normal -0 0 1
    outer loop
      vertex 8.50001 47.13 4
      vertex 10.9523 46.4944 4
      vertex 44.65 47.13 4
    endloop
  endfacet
  facet normal 0 0 1
    outer loop
      vertex 10.9523 46.4944 4
      vertex 8.50001 47.13 4
      vertex 10.5546 46.5735 4
    endloop
  endfacet
  facet normal 0 0 1
    outer loop
      vertex 10.5546 46.5735 4
      vertex 8.50001 47.13 4
      vertex 10.15 46.6 4
    endloop
  endfacet
  facet normal 0 0 1
    outer loop
      vertex 8.50001 47.13 4
      vertex 9.74537 46.5735 4
      vertex 10.15 46.6 4
    endloop
  endfacet
  facet normal 0 0 1
    outer loop
      vertex 8.50001 47.13 4
      vertex 9.34766 46.4944 4
      vertex 9.74537 46.5735 4
    endloop
  endfacet
  facet normal 0 0 1
    outer loop
      vertex 8.50001 47.13 4
      vertex 8.96368 46.364 4
      vertex 9.34766 46.4944 4
    endloop
  endfacet
  facet normal 0 0 1
    outer loop
      vertex 8.50001 47.13 4
      vertex 8.6 46.1847 4
      vertex 8.96368 46.364 4
    endloop
  endfacet
  facet normal -0 0 1
    outer loop
      vertex 8.24157 47.1131 4
      vertex 8.6 46.1847 4
      vertex 8.50001 47.13 4
    endloop
  endfacet
  facet normal -0 0 1
    outer loop
      vertex 7.98754 47.0625 4
      vertex 8.6 46.1847 4
      vertex 8.24157 47.1131 4
    endloop
  endfacet
  facet normal 0 -0 1
    outer loop
      vertex 8.27224 46 4
      vertex 8.6 46.1847 4
      vertex 7.98754 47.0625 4
    endloop
  endfacet
  facet normal 0 0 1
    outer loop
      vertex 8.6 46.1847 4
      vertex 8.27224 46 4
      vertex 8.3454 46.0146 4
    endloop
  endfacet
  facet normal 0 0 1
    outer loop
      vertex 8.27224 46 4
      vertex 7.98754 47.0625 4
      vertex 8.16324 45.963 4
    endloop
  endfacet
  facet normal -0 0 1
    outer loop
      vertex 7.7423 46.9793 4
      vertex 8.16324 45.963 4
      vertex 7.98754 47.0625 4
    endloop
  endfacet
  facet normal 0 0 1
    outer loop
      vertex 8.16324 45.963 4
      vertex 7.7423 46.9793 4
      vertex 8.06 45.9121 4
    endloop
  endfacet
  facet normal -0 0 1
    outer loop
      vertex 7.51 46.8647 4
      vertex 8.06 45.9121 4
      vertex 7.7423 46.9793 4
    endloop
  endfacet
  facet normal 0 0 1
    outer loop
      vertex 8.06 45.9121 4
      vertex 7.51 46.8647 4
      vertex 7.9643 45.8481 4
    endloop
  endfacet
  facet normal -0 0 1
    outer loop
      vertex 7.29465 46.7208 4
      vertex 7.9643 45.8481 4
      vertex 7.51 46.8647 4
    endloop
  endfacet
  facet normal 0 0 1
    outer loop
      vertex 7.9643 45.8481 4
      vertex 7.29465 46.7208 4
      vertex 7.87775 45.7722 4
    endloop
  endfacet
  facet normal -0 0 1
    outer loop
      vertex 7.09994 46.5501 4
      vertex 7.87775 45.7722 4
      vertex 7.29465 46.7208 4
    endloop
  endfacet
  facet normal 0 0 1
    outer loop
      vertex 7.87775 45.7722 4
      vertex 7.09994 46.5501 4
      vertex 7.80186 45.6857 4
    endloop
  endfacet
  facet normal -0 0 1
    outer loop
      vertex 6.92916 46.3553 4
      vertex 7.80186 45.6857 4
      vertex 7.09994 46.5501 4
    endloop
  endfacet
  facet normal 0 0 1
    outer loop
      vertex 7.80186 45.6857 4
      vertex 6.92916 46.3553 4
      vertex 7.73791 45.59 4
    endloop
  endfacet
  facet normal -0 0 1
    outer loop
      vertex 6.78527 46.14 4
      vertex 7.73791 45.59 4
      vertex 6.92916 46.3553 4
    endloop
  endfacet
  facet normal 0 0 1
    outer loop
      vertex 7.73791 45.59 4
      vertex 6.78527 46.14 4
      vertex 7.68699 45.4868 4
    endloop
  endfacet
  facet normal -0 0 1
    outer loop
      vertex 6.67072 45.9077 4
      vertex 7.68699 45.4868 4
      vertex 6.78527 46.14 4
    endloop
  endfacet
  facet normal 0 0 1
    outer loop
      vertex 7.68699 45.4868 4
      vertex 6.67072 45.9077 4
      vertex 7.64998 45.3778 4
    endloop
  endfacet
  facet normal -0 0 1
    outer loop
      vertex 6.58747 45.6625 4
      vertex 7.64998 45.3778 4
      vertex 6.67072 45.9077 4
    endloop
  endfacet
  facet normal 0 -0 1
    outer loop
      vertex 7.46532 45.05 4
      vertex 7.64998 45.3778 4
      vertex 6.58747 45.6625 4
    endloop
  endfacet
  facet normal 0 0 1
    outer loop
      vertex 7.64998 45.3778 4
      vertex 7.46532 45.05 4
      vertex 7.63544 45.3046 4
    endloop
  endfacet
  facet normal -0 0 1
    outer loop
      vertex 6.53695 45.4084 4
      vertex 7.46532 45.05 4
      vertex 6.58747 45.6625 4
    endloop
  endfacet
  facet normal 0 0 1
    outer loop
      vertex 95.3685 -46.03 4
      vertex 44.65 -47.08 4
      vertex 62.65 -47.08 4
    endloop
  endfacet
  facet normal -0 0 1
    outer loop
      vertex 11.9315 -46.03 4
      vertex 44.65 -47.08 4
      vertex 95.3685 -46.03 4
    endloop
  endfacet
  facet normal 0 0 1
    outer loop
      vertex 11.9315 -46.03 4
      vertex 44.65 -47.13 4
      vertex 44.65 -47.08 4
    endloop
  endfacet
  facet normal -0 0 1
    outer loop
      vertex 11.7 -46.1847 4
      vertex 44.65 -47.13 4
      vertex 11.9315 -46.03 4
    endloop
  endfacet
  facet normal -0 0 1
    outer loop
      vertex 11.3363 -46.364 4
      vertex 44.65 -47.13 4
      vertex 11.7 -46.1847 4
    endloop
  endfacet
  facet normal -0 0 1
    outer loop
      vertex 10.9523 -46.4944 4
      vertex 44.65 -47.13 4
      vertex 11.3363 -46.364 4
    endloop
  endfacet
  facet normal 0 0 1
    outer loop
      vertex 8.50001 -47.13 4
      vertex 10.9523 -46.4944 4
      vertex 10.5546 -46.5735 4
    endloop
  endfacet
  facet normal 0 0 1
    outer loop
      vertex 8.50001 -47.13 4
      vertex 10.5546 -46.5735 4
      vertex 10.15 -46.6 4
    endloop
  endfacet
  facet normal 0 0 1
    outer loop
      vertex 10.9523 -46.4944 4
      vertex 8.50001 -47.13 4
      vertex 44.65 -47.13 4
    endloop
  endfacet
  facet normal 0 0 1
    outer loop
      vertex 9.74537 -46.5735 4
      vertex 8.50001 -47.13 4
      vertex 10.15 -46.6 4
    endloop
  endfacet
  facet normal 0 0 1
    outer loop
      vertex 9.34766 -46.4944 4
      vertex 8.50001 -47.13 4
      vertex 9.74537 -46.5735 4
    endloop
  endfacet
  facet normal 0 0 1
    outer loop
      vertex 8.96368 -46.364 4
      vertex 8.50001 -47.13 4
      vertex 9.34766 -46.4944 4
    endloop
  endfacet
  facet normal 0 0 1
    outer loop
      vertex 8.6 -46.1847 4
      vertex 8.50001 -47.13 4
      vertex 8.96368 -46.364 4
    endloop
  endfacet
  facet normal 0 0 1
    outer loop
      vertex 8.27224 -46 4
      vertex 8.6 -46.1847 4
      vertex 8.3454 -46.0146 4
    endloop
  endfacet
  facet normal 0 0 1
    outer loop
      vertex 8.6 -46.1847 4
      vertex 8.27224 -46 4
      vertex 7.98754 -47.0625 4
    endloop
  endfacet
  facet normal 0 0 1
    outer loop
      vertex 8.6 -46.1847 4
      vertex 8.24157 -47.1131 4
      vertex 8.50001 -47.13 4
    endloop
  endfacet
  facet normal 0 0 1
    outer loop
      vertex 7.98754 -47.0625 4
      vertex 8.27224 -46 4
      vertex 8.16324 -45.963 4
    endloop
  endfacet
  facet normal 0 0 1
    outer loop
      vertex 7.7423 -46.9793 4
      vertex 8.16324 -45.963 4
      vertex 8.06 -45.9121 4
    endloop
  endfacet
  facet normal 0 0 1
    outer loop
      vertex 8.6 -46.1847 4
      vertex 7.98754 -47.0625 4
      vertex 8.24157 -47.1131 4
    endloop
  endfacet
  facet normal 0 0 1
    outer loop
      vertex 7.51 -46.8647 4
      vertex 8.06 -45.9121 4
      vertex 7.9643 -45.8481 4
    endloop
  endfacet
  facet normal 0 0 1
    outer loop
      vertex 7.29465 -46.7208 4
      vertex 7.9643 -45.8481 4
      vertex 7.87775 -45.7722 4
    endloop
  endfacet
  facet normal 0 0 1
    outer loop
      vertex 7.09994 -46.5501 4
      vertex 7.87775 -45.7722 4
      vertex 7.80186 -45.6857 4
    endloop
  endfacet
  facet normal 0 0 1
    outer loop
      vertex 8.16324 -45.963 4
      vertex 7.7423 -46.9793 4
      vertex 7.98754 -47.0625 4
    endloop
  endfacet
  facet normal 0 0 1
    outer loop
      vertex 6.92916 -46.3553 4
      vertex 7.80186 -45.6857 4
      vertex 7.73791 -45.59 4
    endloop
  endfacet
  facet normal 0 0 1
    outer loop
      vertex 6.78527 -46.14 4
      vertex 7.73791 -45.59 4
      vertex 7.68699 -45.4868 4
    endloop
  endfacet
  facet normal 0 0 1
    outer loop
      vertex 6.67072 -45.9077 4
      vertex 7.68699 -45.4868 4
      vertex 7.64998 -45.3778 4
    endloop
  endfacet
  facet normal 0 0 1
    outer loop
      vertex 7.46532 -45.05 4
      vertex 7.64998 -45.3778 4
      vertex 7.63544 -45.3046 4
    endloop
  endfacet
  facet normal 0 0 1
    outer loop
      vertex 8.06 -45.9121 4
      vertex 7.51 -46.8647 4
      vertex 7.7423 -46.9793 4
    endloop
  endfacet
  facet normal 0 0 1
    outer loop
      vertex 7.64998 -45.3778 4
      vertex 7.46532 -45.05 4
      vertex 6.58747 -45.6625 4
    endloop
  endfacet
  facet normal 0 0 1
    outer loop
      vertex 7.9643 -45.8481 4
      vertex 7.29465 -46.7208 4
      vertex 7.51 -46.8647 4
    endloop
  endfacet
  facet normal 0 0 1
    outer loop
      vertex 6.52001 -45.15 4
      vertex 7.46532 -45.05 4
      vertex 7.28597 -44.6863 4
    endloop
  endfacet
  facet normal 0 0 1
    outer loop
      vertex 6.52001 -45.15 4
      vertex 7.28597 -44.6863 4
      vertex 7.15563 -44.3023 4
    endloop
  endfacet
  facet normal 0 0 1
    outer loop
      vertex 7.87775 -45.7722 4
      vertex 7.09994 -46.5501 4
      vertex 7.29465 -46.7208 4
    endloop
  endfacet
  facet normal 0 0 1
    outer loop
      vertex 6.52001 -45.15 4
      vertex 7.15563 -44.3023 4
      vertex 7.07652 -43.9046 4
    endloop
  endfacet
  facet normal 0 0 1
    outer loop
      vertex 6.52001 -45.15 4
      vertex 7.07652 -43.9046 4
      vertex 7.05 -43.5 4
    endloop
  endfacet
  facet normal 0 0 1
    outer loop
      vertex 7.46532 -45.05 4
      vertex 6.52001 -45.15 4
      vertex 6.53695 -45.4084 4
    endloop
  endfacet
  facet normal -0 0 1
    outer loop
      vertex 99.8347 41.95 4
      vertex 100.78 9 4
      vertex 100.014 42.3137 4
    endloop
  endfacet
  facet normal 0 0 1
    outer loop
      vertex 100.73 -9 4
      vertex 100.223 -43.0954 4
      vertex 100.25 -43.5 4
    endloop
  endfacet
  facet normal -0 0 1
    outer loop
      vertex 99.68 41.7185 4
      vertex 100.78 9 4
      vertex 99.8347 41.95 4
    endloop
  endfacet
  facet normal 0 0 1
    outer loop
      vertex 100.73 -9 4
      vertex 100.144 -42.6977 4
      vertex 100.223 -43.0954 4
    endloop
  endfacet
  facet normal 0 0 1
    outer loop
      vertex 100.78 9 4
      vertex 99.68 41.7185 4
      vertex 100.73 9 4
    endloop
  endfacet
  facet normal 0 0 1
    outer loop
      vertex 100.73 -9 4
      vertex 100.014 -42.3137 4
      vertex 100.144 -42.6977 4
    endloop
  endfacet
  facet normal 0 0 1
    outer loop
      vertex 100.73 9 4
      vertex 99.68 41.7185 4
      vertex 100.73 -9 4
    endloop
  endfacet
  facet normal 0 0 1
    outer loop
      vertex 100.73 -9 4
      vertex 99.8347 -41.95 4
      vertex 100.014 -42.3137 4
    endloop
  endfacet
  facet normal 0 0 1
    outer loop
      vertex 99.68 -41.7185 4
      vertex 100.73 -9 4
      vertex 99.68 41.7185 4
    endloop
  endfacet
  facet normal 0 0 1
    outer loop
      vertex 100.73 -9 4
      vertex 99.68 -41.7185 4
      vertex 99.8347 -41.95 4
    endloop
  endfacet
  facet normal -0 0 1
    outer loop
      vertex 100.223 -43.9046 4
      vertex 100.78 -45.15 4
      vertex 100.25 -43.5 4
    endloop
  endfacet
  facet normal -0 0 1
    outer loop
      vertex 100.144 -44.3023 4
      vertex 100.78 -45.15 4
      vertex 100.223 -43.9046 4
    endloop
  endfacet
  facet normal -0 0 1
    outer loop
      vertex 100.014 -44.6863 4
      vertex 100.78 -45.15 4
      vertex 100.144 -44.3023 4
    endloop
  endfacet
  facet normal -0 0 1
    outer loop
      vertex 99.8347 -45.05 4
      vertex 100.78 -45.15 4
      vertex 100.014 -44.6863 4
    endloop
  endfacet
  facet normal 0 0 1
    outer loop
      vertex 99.65 -45.3778 4
      vertex 100.78 -45.15 4
      vertex 99.8347 -45.05 4
    endloop
  endfacet
  facet normal 0 0 1
    outer loop
      vertex 100.78 -45.15 4
      vertex 99.65 -45.3778 4
      vertex 100.371 -46.3553 4
    endloop
  endfacet
  facet normal -0 0 1
    outer loop
      vertex 99.613 -45.4868 4
      vertex 100.371 -46.3553 4
      vertex 99.65 -45.3778 4
    endloop
  endfacet
  facet normal -0 0 1
    outer loop
      vertex 99.5621 -45.59 4
      vertex 100.371 -46.3553 4
      vertex 99.613 -45.4868 4
    endloop
  endfacet
  facet normal 0 0 1
    outer loop
      vertex 99.65 -45.3778 4
      vertex 99.8347 -45.05 4
      vertex 99.6646 -45.3046 4
    endloop
  endfacet
  facet normal -0 0 1
    outer loop
      vertex 99.4981 -45.6857 4
      vertex 100.371 -46.3553 4
      vertex 99.5621 -45.59 4
    endloop
  endfacet
  facet normal 0 0 1
    outer loop
      vertex 100.371 -46.3553 4
      vertex 99.4981 -45.6857 4
      vertex 100.2 -46.5501 4
    endloop
  endfacet
  facet normal -0 0 1
    outer loop
      vertex 99.4222 -45.7722 4
      vertex 100.2 -46.5501 4
      vertex 99.4981 -45.6857 4
    endloop
  endfacet
  facet normal 0 0 1
    outer loop
      vertex 100.2 -46.5501 4
      vertex 99.4222 -45.7722 4
      vertex 100.005 -46.7208 4
    endloop
  endfacet
  facet normal -0 0 1
    outer loop
      vertex 99.3357 -45.8481 4
      vertex 100.005 -46.7208 4
      vertex 99.4222 -45.7722 4
    endloop
  endfacet
  facet normal 0 0 1
    outer loop
      vertex 100.005 -46.7208 4
      vertex 99.3357 -45.8481 4
      vertex 99.79 -46.8647 4
    endloop
  endfacet
  facet normal -0 0 1
    outer loop
      vertex 99.24 -45.9121 4
      vertex 99.79 -46.8647 4
      vertex 99.3357 -45.8481 4
    endloop
  endfacet
  facet normal 0 0 1
    outer loop
      vertex 99.79 -46.8647 4
      vertex 99.24 -45.9121 4
      vertex 99.5577 -46.9793 4
    endloop
  endfacet
  facet normal -0 0 1
    outer loop
      vertex 99.1368 -45.963 4
      vertex 99.5577 -46.9793 4
      vertex 99.24 -45.9121 4
    endloop
  endfacet
  facet normal 0 0 1
    outer loop
      vertex 99.5577 -46.9793 4
      vertex 99.1368 -45.963 4
      vertex 99.3125 -47.0625 4
    endloop
  endfacet
  facet normal -0 0 1
    outer loop
      vertex 99.0278 -46 4
      vertex 99.3125 -47.0625 4
      vertex 99.1368 -45.963 4
    endloop
  endfacet
  facet normal -0 0 1
    outer loop
      vertex 98.7 -46.1847 4
      vertex 99.3125 -47.0625 4
      vertex 99.0278 -46 4
    endloop
  endfacet
  facet normal 0 0 1
    outer loop
      vertex 98.7 -46.1847 4
      vertex 99.0278 -46 4
      vertex 98.9546 -46.0146 4
    endloop
  endfacet
  facet normal 0 0 1
    outer loop
      vertex 99.3125 -47.0625 4
      vertex 98.7 -46.1847 4
      vertex 99.0584 -47.1131 4
    endloop
  endfacet
  facet normal 0 0 1
    outer loop
      vertex 99.0584 -47.1131 4
      vertex 98.7 -46.1847 4
      vertex 98.8 -47.13 4
    endloop
  endfacet
  facet normal -0 0 1
    outer loop
      vertex 98.3363 -46.364 4
      vertex 98.8 -47.13 4
      vertex 98.7 -46.1847 4
    endloop
  endfacet
  facet normal -0 0 1
    outer loop
      vertex 97.9523 -46.4944 4
      vertex 98.8 -47.13 4
      vertex 98.3363 -46.364 4
    endloop
  endfacet
  facet normal -0 0 1
    outer loop
      vertex 97.5546 -46.5735 4
      vertex 98.8 -47.13 4
      vertex 97.9523 -46.4944 4
    endloop
  endfacet
  facet normal -0 0 1
    outer loop
      vertex 97.15 -46.6 4
      vertex 98.8 -47.13 4
      vertex 97.5546 -46.5735 4
    endloop
  endfacet
  facet normal 0 0 1
    outer loop
      vertex 96.7454 -46.5735 4
      vertex 98.8 -47.13 4
      vertex 97.15 -46.6 4
    endloop
  endfacet
  facet normal 0 0 1
    outer loop
      vertex 96.3477 -46.4944 4
      vertex 98.8 -47.13 4
      vertex 96.7454 -46.5735 4
    endloop
  endfacet
  facet normal 0 0 1
    outer loop
      vertex 62.65 -47.13 4
      vertex 95.3685 -46.03 4
      vertex 62.65 -47.08 4
    endloop
  endfacet
  facet normal 0 0 1
    outer loop
      vertex 95.3685 -46.03 4
      vertex 62.65 -47.13 4
      vertex 95.6 -46.1847 4
    endloop
  endfacet
  facet normal 0 0 1
    outer loop
      vertex 95.6 -46.1847 4
      vertex 62.65 -47.13 4
      vertex 95.9637 -46.364 4
    endloop
  endfacet
  facet normal 0 0 1
    outer loop
      vertex 95.9637 -46.364 4
      vertex 62.65 -47.13 4
      vertex 96.3477 -46.4944 4
    endloop
  endfacet
  facet normal 0 0 1
    outer loop
      vertex 96.3477 -46.4944 4
      vertex 62.65 -47.13 4
      vertex 98.8 -47.13 4
    endloop
  endfacet
  facet normal 0 0 1
    outer loop
      vertex 99.8347 45.05 4
      vertex 100.763 45.4084 4
      vertex 100.713 45.6625 4
    endloop
  endfacet
  facet normal 0 0 1
    outer loop
      vertex 100.223 43.0954 4
      vertex 100.78 45.15 4
      vertex 100.25 43.5 4
    endloop
  endfacet
  facet normal 0 0 1
    outer loop
      vertex 100.144 42.6977 4
      vertex 100.78 45.15 4
      vertex 100.223 43.0954 4
    endloop
  endfacet
  facet normal 0 0 1
    outer loop
      vertex 100.763 45.4084 4
      vertex 99.8347 45.05 4
      vertex 100.78 45.15 4
    endloop
  endfacet
  facet normal 0 0 1
    outer loop
      vertex 100.25 -43.5 4
      vertex 100.78 -9 4
      vertex 100.73 -9 4
    endloop
  endfacet
  facet normal 0 0 1
    outer loop
      vertex 100.78 -9 4
      vertex 100.25 -43.5 4
      vertex 100.78 -45.15 4
    endloop
  endfacet
  facet normal 0 0 1
    outer loop
      vertex 100.78 -45.15 4
      vertex 100.371 -46.3553 4
      vertex 100.763 -45.4084 4
    endloop
  endfacet
  facet normal 0 0 1
    outer loop
      vertex 100.78 45.15 4
      vertex 100.144 42.6977 4
      vertex 100.78 9 4
    endloop
  endfacet
  facet normal 0 0 1
    outer loop
      vertex 99.65 45.3778 4
      vertex 100.713 45.6625 4
      vertex 100.629 45.9077 4
    endloop
  endfacet
  facet normal -0 0 1
    outer loop
      vertex 100.014 42.3137 4
      vertex 100.78 9 4
      vertex 100.144 42.6977 4
    endloop
  endfacet
  facet normal 0 0 1
    outer loop
      vertex 99.613 45.4868 4
      vertex 100.629 45.9077 4
      vertex 100.515 46.14 4
    endloop
  endfacet
  facet normal 0 0 1
    outer loop
      vertex 100.763 -45.4084 4
      vertex 100.371 -46.3553 4
      vertex 100.713 -45.6625 4
    endloop
  endfacet
  facet normal 0 0 1
    outer loop
      vertex 99.5621 45.59 4
      vertex 100.515 46.14 4
      vertex 100.371 46.3553 4
    endloop
  endfacet
  facet normal 0 0 1
    outer loop
      vertex 100.713 -45.6625 4
      vertex 100.371 -46.3553 4
      vertex 100.629 -45.9077 4
    endloop
  endfacet
  facet normal 0 0 1
    outer loop
      vertex 100.629 -45.9077 4
      vertex 100.371 -46.3553 4
      vertex 100.515 -46.14 4
    endloop
  endfacet
  facet normal 0 0 1
    outer loop
      vertex 100.78 45.15 4
      vertex 100.223 43.9046 4
      vertex 100.25 43.5 4
    endloop
  endfacet
  facet normal 0 0 1
    outer loop
      vertex 99.4981 45.6857 4
      vertex 100.371 46.3553 4
      vertex 100.2 46.5501 4
    endloop
  endfacet
  facet normal 0 0 1
    outer loop
      vertex 100.78 45.15 4
      vertex 100.144 44.3023 4
      vertex 100.223 43.9046 4
    endloop
  endfacet
  facet normal 0 0 1
    outer loop
      vertex 100.78 45.15 4
      vertex 100.014 44.6863 4
      vertex 100.144 44.3023 4
    endloop
  endfacet
  facet normal 0 0 1
    outer loop
      vertex 99.4222 45.7722 4
      vertex 100.2 46.5501 4
      vertex 100.005 46.7208 4
    endloop
  endfacet
  facet normal 0 0 1
    outer loop
      vertex 100.78 45.15 4
      vertex 99.8347 45.05 4
      vertex 100.014 44.6863 4
    endloop
  endfacet
  facet normal 0 0 1
    outer loop
      vertex 99.3357 45.8481 4
      vertex 100.005 46.7208 4
      vertex 99.79 46.8647 4
    endloop
  endfacet
  facet normal 0 0 1
    outer loop
      vertex 100.629 45.9077 4
      vertex 99.613 45.4868 4
      vertex 99.65 45.3778 4
    endloop
  endfacet
  facet normal 0 0 1
    outer loop
      vertex 99.8347 45.05 4
      vertex 99.65 45.3778 4
      vertex 99.6646 45.3046 4
    endloop
  endfacet
  facet normal 0 0 1
    outer loop
      vertex 100.713 45.6625 4
      vertex 99.65 45.3778 4
      vertex 99.8347 45.05 4
    endloop
  endfacet
  facet normal 0 0 1
    outer loop
      vertex 100.515 46.14 4
      vertex 99.5621 45.59 4
      vertex 99.613 45.4868 4
    endloop
  endfacet
  facet normal 0 0 1
    outer loop
      vertex 99.24 45.9121 4
      vertex 99.79 46.8647 4
      vertex 99.5577 46.9793 4
    endloop
  endfacet
  facet normal 0 0 1
    outer loop
      vertex 100.371 46.3553 4
      vertex 99.4981 45.6857 4
      vertex 99.5621 45.59 4
    endloop
  endfacet
  facet normal 0 0 1
    outer loop
      vertex 100.2 46.5501 4
      vertex 99.4222 45.7722 4
      vertex 99.4981 45.6857 4
    endloop
  endfacet
  facet normal 0 0 1
    outer loop
      vertex 100.005 46.7208 4
      vertex 99.3357 45.8481 4
      vertex 99.4222 45.7722 4
    endloop
  endfacet
  facet normal 0 0 1
    outer loop
      vertex 99.1368 45.963 4
      vertex 99.5577 46.9793 4
      vertex 99.3125 47.0625 4
    endloop
  endfacet
  facet normal 0 0 1
    outer loop
      vertex 99.79 46.8647 4
      vertex 99.24 45.9121 4
      vertex 99.3357 45.8481 4
    endloop
  endfacet
  facet normal 0 0 1
    outer loop
      vertex 99.5577 46.9793 4
      vertex 99.1368 45.963 4
      vertex 99.24 45.9121 4
    endloop
  endfacet
  facet normal 0 0 1
    outer loop
      vertex 98.7 46.1847 4
      vertex 99.3125 47.0625 4
      vertex 99.0584 47.1131 4
    endloop
  endfacet
  facet normal 0 0 1
    outer loop
      vertex 99.3125 47.0625 4
      vertex 99.0278 46 4
      vertex 99.1368 45.963 4
    endloop
  endfacet
  facet normal 0 0 1
    outer loop
      vertex 99.3125 47.0625 4
      vertex 98.7 46.1847 4
      vertex 99.0278 46 4
    endloop
  endfacet
  facet normal 0 0 1
    outer loop
      vertex 98.7 46.1847 4
      vertex 99.0584 47.1131 4
      vertex 98.8 47.13 4
    endloop
  endfacet
  facet normal 0 0 1
    outer loop
      vertex 99.0278 46 4
      vertex 98.7 46.1847 4
      vertex 98.9546 46.0146 4
    endloop
  endfacet
  facet normal 0 0 1
    outer loop
      vertex 98.8 47.13 4
      vertex 98.3363 46.364 4
      vertex 98.7 46.1847 4
    endloop
  endfacet
  facet normal 0 0 1
    outer loop
      vertex 98.8 47.13 4
      vertex 97.9523 46.4944 4
      vertex 98.3363 46.364 4
    endloop
  endfacet
  facet normal 0 0 1
    outer loop
      vertex 98.8 47.13 4
      vertex 97.5546 46.5735 4
      vertex 97.9523 46.4944 4
    endloop
  endfacet
  facet normal 0 0 1
    outer loop
      vertex 98.8 47.13 4
      vertex 97.15 46.6 4
      vertex 97.5546 46.5735 4
    endloop
  endfacet
  facet normal 0 0 1
    outer loop
      vertex 98.8 47.13 4
      vertex 96.7454 46.5735 4
      vertex 97.15 46.6 4
    endloop
  endfacet
  facet normal 0 0 1
    outer loop
      vertex 98.8 47.13 4
      vertex 96.3477 46.4944 4
      vertex 96.7454 46.5735 4
    endloop
  endfacet
  facet normal -0 0 1
    outer loop
      vertex 62.65 47.13 4
      vertex 96.3477 46.4944 4
      vertex 98.8 47.13 4
    endloop
  endfacet
  facet normal 0 0 1
    outer loop
      vertex 62.65 47.13 4
      vertex 95.9637 46.364 4
      vertex 96.3477 46.4944 4
    endloop
  endfacet
  facet normal 0 0 1
    outer loop
      vertex 62.65 47.13 4
      vertex 95.6 46.1847 4
      vertex 95.9637 46.364 4
    endloop
  endfacet
  facet normal 0 0 1
    outer loop
      vertex 62.65 47.13 4
      vertex 95.3685 46.03 4
      vertex 95.6 46.1847 4
    endloop
  endfacet
  facet normal -0 0 1
    outer loop
      vertex 62.65 47.08 4
      vertex 95.3685 46.03 4
      vertex 62.65 47.13 4
    endloop
  endfacet
  facet normal -0 0 1
    outer loop
      vertex 44.65 47.08 4
      vertex 95.3685 46.03 4
      vertex 62.65 47.08 4
    endloop
  endfacet
  facet normal 0 0 1
    outer loop
      vertex 95.3685 46.03 4
      vertex 44.65 47.08 4
      vertex 11.9315 46.03 4
    endloop
  endfacet
  facet normal 0 0 1
    outer loop
      vertex 6.52001 35.17 4
      vertex 7.62 41.7185 4
      vertex 7.46532 41.95 4
    endloop
  endfacet
  facet normal 0 0 1
    outer loop
      vertex 6.52001 35.17 4
      vertex 7.46532 41.95 4
      vertex 7.28597 42.3137 4
    endloop
  endfacet
  facet normal 0 0 1
    outer loop
      vertex 6.52001 35.17 4
      vertex 7.28597 42.3137 4
      vertex 7.15563 42.6977 4
    endloop
  endfacet
  facet normal 0 0 1
    outer loop
      vertex 6.52001 35.17 4
      vertex 7.15563 42.6977 4
      vertex 7.07652 43.0954 4
    endloop
  endfacet
  facet normal -0 0 1
    outer loop
      vertex 6.52001 45.15 4
      vertex 7.46532 45.05 4
      vertex 6.53695 45.4084 4
    endloop
  endfacet
  facet normal 0 0 1
    outer loop
      vertex 7.07652 43.9046 4
      vertex 6.52001 45.15 4
      vertex 7.05 43.5 4
    endloop
  endfacet
  facet normal 0 0 1
    outer loop
      vertex 7.05 43.5 4
      vertex 6.52001 45.15 4
      vertex 7.07652 43.0954 4
    endloop
  endfacet
  facet normal 0 0 1
    outer loop
      vertex 7.46532 45.05 4
      vertex 6.52001 45.15 4
      vertex 7.28597 44.6863 4
    endloop
  endfacet
  facet normal 0 0 1
    outer loop
      vertex 7.28597 44.6863 4
      vertex 6.52001 45.15 4
      vertex 7.15563 44.3023 4
    endloop
  endfacet
  facet normal 0 0 1
    outer loop
      vertex 7.15563 44.3023 4
      vertex 6.52001 45.15 4
      vertex 7.07652 43.9046 4
    endloop
  endfacet
  facet normal 0 0 1
    outer loop
      vertex 6.52001 35.17 4
      vertex 7.07652 43.0954 4
      vertex 6.52001 45.15 4
    endloop
  endfacet
  facet normal 0 0 1
    outer loop
      vertex 7.62 41.7185 4
      vertex 6.52001 35.17 4
      vertex 7.62 35.17 4
    endloop
  endfacet
  facet normal -0 0 1
    outer loop
      vertex 6.57 -9 4
      vertex 7.62 -41.7185 4
      vertex 7.62 9.78 4
    endloop
  endfacet
  facet normal -0 0 1
    outer loop
      vertex 6.52001 -9 4
      vertex 7.62 -41.7185 4
      vertex 6.57 -9 4
    endloop
  endfacet
  facet normal 0 0 1
    outer loop
      vertex 7.62 -41.7185 4
      vertex 6.52001 -9 4
      vertex 7.46532 -41.95 4
    endloop
  endfacet
  facet normal 0 0 1
    outer loop
      vertex 7.46532 -41.95 4
      vertex 6.52001 -9 4
      vertex 7.28597 -42.3137 4
    endloop
  endfacet
  facet normal 0 0 1
    outer loop
      vertex 7.28597 -42.3137 4
      vertex 6.52001 -9 4
      vertex 7.15563 -42.6977 4
    endloop
  endfacet
  facet normal 0 0 1
    outer loop
      vertex 6.52001 -45.15 4
      vertex 7.15563 -42.6977 4
      vertex 6.52001 -9 4
    endloop
  endfacet
  facet normal 0 0 1
    outer loop
      vertex 7.15563 -42.6977 4
      vertex 6.52001 -45.15 4
      vertex 7.07652 -43.0954 4
    endloop
  endfacet
  facet normal 0 0 1
    outer loop
      vertex 7.80186 -45.6857 4
      vertex 6.92916 -46.3553 4
      vertex 7.09994 -46.5501 4
    endloop
  endfacet
  facet normal 0 0 1
    outer loop
      vertex 7.73791 -45.59 4
      vertex 6.78527 -46.14 4
      vertex 6.92916 -46.3553 4
    endloop
  endfacet
  facet normal 0 0 1
    outer loop
      vertex 6.57 -9 4
      vertex 7.62 9.78 4
      vertex 6.57 9 4
    endloop
  endfacet
  facet normal -0 0 1
    outer loop
      vertex 6.52001 9.78 4
      vertex 6.57 9 4
      vertex 7.62 9.78 4
    endloop
  endfacet
  facet normal 0 0 1
    outer loop
      vertex 6.57 9 4
      vertex 6.52001 9.78 4
      vertex 6.52001 9 4
    endloop
  endfacet
  facet normal 0 0 1
    outer loop
      vertex 7.68699 -45.4868 4
      vertex 6.67072 -45.9077 4
      vertex 6.78527 -46.14 4
    endloop
  endfacet
  facet normal 0 0 1
    outer loop
      vertex 7.64998 -45.3778 4
      vertex 6.58747 -45.6625 4
      vertex 6.67072 -45.9077 4
    endloop
  endfacet
  facet normal 0 0 1
    outer loop
      vertex 7.07652 -43.0954 4
      vertex 6.52001 -45.15 4
      vertex 7.05 -43.5 4
    endloop
  endfacet
  facet normal 0 0 1
    outer loop
      vertex 7.46532 -45.05 4
      vertex 6.53695 -45.4084 4
      vertex 6.58747 -45.6625 4
    endloop
  endfacet
  facet normal -0 0 1
    outer loop
      vertex 6.52001 24.17 4
      vertex 7.62 20.78 4
      vertex 7.62 24.17 4
    endloop
  endfacet
  facet normal 0 0 1
    outer loop
      vertex 7.62 20.78 4
      vertex 6.52001 24.17 4
      vertex 6.52001 20.78 4
    endloop
  endfacet
  facet normal -1 0 0
    outer loop
      vertex 6.52001 35.17 0
      vertex 6.52001 45.15 4
      vertex 6.52001 45.15 0
    endloop
  endfacet
  facet normal -1 -0 0
    outer loop
      vertex 6.52001 45.15 4
      vertex 6.52001 35.17 0
      vertex 6.52001 35.17 4
    endloop
  endfacet
  facet normal -1 0 0
    outer loop
      vertex 6.52001 9.78 0
      vertex 6.52001 9 2.15
      vertex 6.52001 9.78 4
    endloop
  endfacet
  facet normal -1 0 0
    outer loop
      vertex 6.52001 9.78 0
      vertex 6.52001 -9 2.15
      vertex 6.52001 9 2.15
    endloop
  endfacet
  facet normal -1 0 0
    outer loop
      vertex 6.52001 -45.15 0
      vertex 6.52001 -9 2.15
      vertex 6.52001 9.78 0
    endloop
  endfacet
  facet normal -1 0 0
    outer loop
      vertex 6.52001 -45.15 4
      vertex 6.52001 -9 2.15
      vertex 6.52001 -45.15 0
    endloop
  endfacet
  facet normal -1 0 0
    outer loop
      vertex 6.52001 -9 2.15
      vertex 6.52001 -45.15 4
      vertex 6.52001 -9 4
    endloop
  endfacet
  facet normal -1 -0 0
    outer loop
      vertex 6.52001 9.78 4
      vertex 6.52001 9 2.15
      vertex 6.52001 9 4
    endloop
  endfacet
  facet normal -1 0 0
    outer loop
      vertex 6.52001 20.78 0
      vertex 6.52001 24.17 4
      vertex 6.52001 24.17 0
    endloop
  endfacet
  facet normal -1 -0 0
    outer loop
      vertex 6.52001 24.17 4
      vertex 6.52001 20.78 0
      vertex 6.52001 20.78 4
    endloop
  endfacet
  facet normal 0 -1 0
    outer loop
      vertex 8.50001 -47.13 4
      vertex 44.65 -47.13 2.15
      vertex 44.65 -47.13 4
    endloop
  endfacet
  facet normal 0 -1 -0
    outer loop
      vertex 44.65 -47.13 2.15
      vertex 8.50001 -47.13 0
      vertex 62.65 -47.13 2.15
    endloop
  endfacet
  facet normal 0 -1 0
    outer loop
      vertex 8.50001 -47.13 0
      vertex 44.65 -47.13 2.15
      vertex 8.50001 -47.13 4
    endloop
  endfacet
  facet normal 0 -1 0
    outer loop
      vertex 62.65 -47.13 2.15
      vertex 98.8 -47.13 4
      vertex 62.65 -47.13 4
    endloop
  endfacet
  facet normal 0 -1 0
    outer loop
      vertex 62.65 -47.13 2.15
      vertex 98.8 -47.13 0
      vertex 98.8 -47.13 4
    endloop
  endfacet
  facet normal 0 -1 0
    outer loop
      vertex 98.8 -47.13 0
      vertex 62.65 -47.13 2.15
      vertex 8.50001 -47.13 0
    endloop
  endfacet
  facet normal 0.065263 0.997868 -0
    outer loop
      vertex 99.0584 47.1131 0
      vertex 98.8 47.13 4
      vertex 99.0584 47.1131 4
    endloop
  endfacet
  facet normal 0.065263 0.997868 0
    outer loop
      vertex 98.8 47.13 4
      vertex 99.0584 47.1131 0
      vertex 98.8 47.13 0
    endloop
  endfacet
  facet normal 0 1 0
    outer loop
      vertex 98.8 47.13 4
      vertex 62.65 47.13 2.15
      vertex 62.65 47.13 4
    endloop
  endfacet
  facet normal 0 1 0
    outer loop
      vertex 62.65 47.13 2.15
      vertex 98.8 47.13 0
      vertex 44.65 47.13 2.15
    endloop
  endfacet
  facet normal 0 1 -0
    outer loop
      vertex 98.8 47.13 0
      vertex 62.65 47.13 2.15
      vertex 98.8 47.13 4
    endloop
  endfacet
  facet normal 0 1 -0
    outer loop
      vertex 44.65 47.13 2.15
      vertex 8.50001 47.13 4
      vertex 44.65 47.13 4
    endloop
  endfacet
  facet normal 0 1 0
    outer loop
      vertex 44.65 47.13 2.15
      vertex 8.50001 47.13 0
      vertex 8.50001 47.13 4
    endloop
  endfacet
  facet normal 0 1 0
    outer loop
      vertex 8.50001 47.13 0
      vertex 44.65 47.13 2.15
      vertex 98.8 47.13 0
    endloop
  endfacet
  facet normal 1 0 0
    outer loop
      vertex 100.78 -9 4
      vertex 100.78 -45.15 4
      vertex 100.78 -9 2.15
    endloop
  endfacet
  facet normal 1 0 0
    outer loop
      vertex 100.78 9 2.15
      vertex 100.78 45.15 4
      vertex 100.78 9 4
    endloop
  endfacet
  facet normal 1 0 0
    outer loop
      vertex 100.78 45.15 4
      vertex 100.78 9 2.15
      vertex 100.78 45.15 0
    endloop
  endfacet
  facet normal 1 -0 0
    outer loop
      vertex 100.78 -9 2.15
      vertex 100.78 45.15 0
      vertex 100.78 9 2.15
    endloop
  endfacet
  facet normal 1 0 0
    outer loop
      vertex 100.78 -9 2.15
      vertex 100.78 -45.15 0
      vertex 100.78 45.15 0
    endloop
  endfacet
  facet normal 1 0 0
    outer loop
      vertex 100.78 -45.15 0
      vertex 100.78 -9 2.15
      vertex 100.78 -45.15 4
    endloop
  endfacet
  facet normal -0.751945 0.659226 0
    outer loop
      vertex 6.92916 46.3553 0
      vertex 7.09994 46.5501 4
      vertex 7.09994 46.5501 0
    endloop
  endfacet
  facet normal -0.751945 0.659226 0
    outer loop
      vertex 7.09994 46.5501 4
      vertex 6.92916 46.3553 0
      vertex 6.92916 46.3553 4
    endloop
  endfacet
  facet normal -0.659223 -0.751947 0
    outer loop
      vertex 7.09994 -46.5501 0
      vertex 7.29465 -46.7208 4
      vertex 7.09994 -46.5501 4
    endloop
  endfacet
  facet normal -0.659223 -0.751947 -0
    outer loop
      vertex 7.29465 -46.7208 4
      vertex 7.09994 -46.5501 0
      vertex 7.29465 -46.7208 0
    endloop
  endfacet
  facet normal -0.321274 -0.946986 0
    outer loop
      vertex 7.7423 -46.9793 0
      vertex 7.98754 -47.0625 4
      vertex 7.7423 -46.9793 4
    endloop
  endfacet
  facet normal -0.321274 -0.946986 -0
    outer loop
      vertex 7.98754 -47.0625 4
      vertex 7.7423 -46.9793 0
      vertex 7.98754 -47.0625 0
    endloop
  endfacet
  facet normal 0.065263 -0.997868 0
    outer loop
      vertex 98.8 -47.13 0
      vertex 99.0584 -47.1131 4
      vertex 98.8 -47.13 4
    endloop
  endfacet
  facet normal 0.065263 -0.997868 0
    outer loop
      vertex 99.0584 -47.1131 4
      vertex 98.8 -47.13 0
      vertex 99.0584 -47.1131 0
    endloop
  endfacet
  facet normal 0.44242 0.896808 -0
    outer loop
      vertex 99.79 46.8647 0
      vertex 99.5577 46.9793 4
      vertex 99.79 46.8647 4
    endloop
  endfacet
  facet normal 0.44242 0.896808 0
    outer loop
      vertex 99.5577 46.9793 4
      vertex 99.79 46.8647 0
      vertex 99.5577 46.9793 0
    endloop
  endfacet
  facet normal 0.658668 0.752433 -0
    outer loop
      vertex 100.2 46.5501 0
      vertex 100.005 46.7208 4
      vertex 100.2 46.5501 4
    endloop
  endfacet
  facet normal 0.658668 0.752433 0
    outer loop
      vertex 100.005 46.7208 4
      vertex 100.2 46.5501 0
      vertex 100.005 46.7208 0
    endloop
  endfacet
  facet normal 0.321321 0.94697 -0
    outer loop
      vertex 99.5577 46.9793 0
      vertex 99.3125 47.0625 4
      vertex 99.5577 46.9793 4
    endloop
  endfacet
  facet normal 0.321321 0.94697 0
    outer loop
      vertex 99.3125 47.0625 4
      vertex 99.5577 46.9793 0
      vertex 99.3125 47.0625 0
    endloop
  endfacet
  facet normal -0.065253 0.997869 0
    outer loop
      vertex 8.50001 47.13 0
      vertex 8.24157 47.1131 4
      vertex 8.50001 47.13 4
    endloop
  endfacet
  facet normal -0.065253 0.997869 0
    outer loop
      vertex 8.24157 47.1131 4
      vertex 8.50001 47.13 0
      vertex 8.24157 47.1131 0
    endloop
  endfacet
  facet normal -0.44242 0.896808 0
    outer loop
      vertex 7.7423 46.9793 0
      vertex 7.51 46.8647 4
      vertex 7.7423 46.9793 4
    endloop
  endfacet
  facet normal -0.44242 0.896808 0
    outer loop
      vertex 7.51 46.8647 4
      vertex 7.7423 46.9793 0
      vertex 7.51 46.8647 0
    endloop
  endfacet
  facet normal -0.321274 0.946986 0
    outer loop
      vertex 7.98754 47.0625 0
      vertex 7.7423 46.9793 4
      vertex 7.98754 47.0625 4
    endloop
  endfacet
  facet normal -0.321274 0.946986 0
    outer loop
      vertex 7.7423 46.9793 4
      vertex 7.98754 47.0625 0
      vertex 7.7423 46.9793 0
    endloop
  endfacet
  facet normal -0.555591 0.831456 0
    outer loop
      vertex 7.51 46.8647 0
      vertex 7.29465 46.7208 4
      vertex 7.51 46.8647 4
    endloop
  endfacet
  facet normal -0.555591 0.831456 0
    outer loop
      vertex 7.29465 46.7208 4
      vertex 7.51 46.8647 0
      vertex 7.29465 46.7208 0
    endloop
  endfacet
  facet normal -0.946912 0.321494 0
    outer loop
      vertex 6.58747 45.6625 0
      vertex 6.67072 45.9077 4
      vertex 6.67072 45.9077 0
    endloop
  endfacet
  facet normal -0.946912 0.321494 0
    outer loop
      vertex 6.67072 45.9077 4
      vertex 6.58747 45.6625 0
      vertex 6.58747 45.6625 4
    endloop
  endfacet
  facet normal -0.980803 0.195003 0
    outer loop
      vertex 6.53695 45.4084 0
      vertex 6.58747 45.6625 4
      vertex 6.58747 45.6625 0
    endloop
  endfacet
  facet normal -0.980803 0.195003 0
    outer loop
      vertex 6.58747 45.6625 4
      vertex 6.53695 45.4084 0
      vertex 6.53695 45.4084 4
    endloop
  endfacet
  facet normal -0.831414 0.555653 0
    outer loop
      vertex 6.78527 46.14 0
      vertex 6.92916 46.3553 4
      vertex 6.92916 46.3553 0
    endloop
  endfacet
  facet normal -0.831414 0.555653 0
    outer loop
      vertex 6.92916 46.3553 4
      vertex 6.78527 46.14 0
      vertex 6.78527 46.14 4
    endloop
  endfacet
  facet normal -0.555591 -0.831456 0
    outer loop
      vertex 7.29465 -46.7208 0
      vertex 7.51 -46.8647 4
      vertex 7.29465 -46.7208 4
    endloop
  endfacet
  facet normal -0.555591 -0.831456 -0
    outer loop
      vertex 7.51 -46.8647 4
      vertex 7.29465 -46.7208 0
      vertex 7.51 -46.8647 0
    endloop
  endfacet
  facet normal -0.195351 -0.980733 0
    outer loop
      vertex 7.98754 -47.0625 0
      vertex 8.24157 -47.1131 4
      vertex 7.98754 -47.0625 4
    endloop
  endfacet
  facet normal -0.195351 -0.980733 -0
    outer loop
      vertex 8.24157 -47.1131 4
      vertex 7.98754 -47.0625 0
      vertex 8.24157 -47.1131 0
    endloop
  endfacet
  facet normal 0.556216 0.831038 -0
    outer loop
      vertex 100.005 46.7208 0
      vertex 99.79 46.8647 4
      vertex 100.005 46.7208 4
    endloop
  endfacet
  facet normal 0.556216 0.831038 0
    outer loop
      vertex 99.79 46.8647 4
      vertex 100.005 46.7208 0
      vertex 99.79 46.8647 0
    endloop
  endfacet
  facet normal 0.1953 0.980744 -0
    outer loop
      vertex 99.3125 47.0625 0
      vertex 99.0584 47.1131 4
      vertex 99.3125 47.0625 4
    endloop
  endfacet
  facet normal 0.1953 0.980744 0
    outer loop
      vertex 99.0584 47.1131 4
      vertex 99.3125 47.0625 0
      vertex 99.0584 47.1131 0
    endloop
  endfacet
  facet normal 0.946027 0.324088 0
    outer loop
      vertex 100.713 45.6625 4
      vertex 100.629 45.9077 0
      vertex 100.629 45.9077 4
    endloop
  endfacet
  facet normal 0.946027 0.324088 0
    outer loop
      vertex 100.629 45.9077 0
      vertex 100.713 45.6625 4
      vertex 100.713 45.6625 0
    endloop
  endfacet
  facet normal 0.897726 -0.440554 0
    outer loop
      vertex 100.515 -46.14 4
      vertex 100.629 -45.9077 0
      vertex 100.629 -45.9077 4
    endloop
  endfacet
  facet normal 0.897726 -0.440554 0
    outer loop
      vertex 100.629 -45.9077 0
      vertex 100.515 -46.14 4
      vertex 100.515 -46.14 0
    endloop
  endfacet
  facet normal 0.831218 -0.555947 0
    outer loop
      vertex 100.371 -46.3553 4
      vertex 100.515 -46.14 0
      vertex 100.515 -46.14 4
    endloop
  endfacet
  facet normal 0.831218 -0.555947 0
    outer loop
      vertex 100.515 -46.14 0
      vertex 100.371 -46.3553 4
      vertex 100.371 -46.3553 0
    endloop
  endfacet
  facet normal 0.981185 -0.193071 0
    outer loop
      vertex 100.713 -45.6625 4
      vertex 100.763 -45.4084 0
      vertex 100.763 -45.4084 4
    endloop
  endfacet
  facet normal 0.981185 -0.193071 0
    outer loop
      vertex 100.763 -45.4084 0
      vertex 100.713 -45.6625 4
      vertex 100.713 -45.6625 0
    endloop
  endfacet
  facet normal 0.658668 -0.752433 0
    outer loop
      vertex 100.005 -46.7208 0
      vertex 100.2 -46.5501 4
      vertex 100.005 -46.7208 4
    endloop
  endfacet
  facet normal 0.658668 -0.752433 0
    outer loop
      vertex 100.2 -46.5501 4
      vertex 100.005 -46.7208 0
      vertex 100.2 -46.5501 0
    endloop
  endfacet
  facet normal 0.44242 -0.896808 0
    outer loop
      vertex 99.5577 -46.9793 0
      vertex 99.79 -46.8647 4
      vertex 99.5577 -46.9793 4
    endloop
  endfacet
  facet normal 0.44242 -0.896808 0
    outer loop
      vertex 99.79 -46.8647 4
      vertex 99.5577 -46.9793 0
      vertex 99.79 -46.8647 0
    endloop
  endfacet
  facet normal -0.659223 0.751947 0
    outer loop
      vertex 7.29465 46.7208 0
      vertex 7.09994 46.5501 4
      vertex 7.29465 46.7208 4
    endloop
  endfacet
  facet normal -0.659223 0.751947 0
    outer loop
      vertex 7.09994 46.5501 4
      vertex 7.29465 46.7208 0
      vertex 7.09994 46.5501 0
    endloop
  endfacet
  facet normal -0.896885 0.442265 0
    outer loop
      vertex 6.67072 45.9077 0
      vertex 6.78527 46.14 4
      vertex 6.78527 46.14 0
    endloop
  endfacet
  facet normal -0.896885 0.442265 0
    outer loop
      vertex 6.78527 46.14 4
      vertex 6.67072 45.9077 0
      vertex 6.67072 45.9077 4
    endloop
  endfacet
  facet normal -0.997858 -0.0654169 0
    outer loop
      vertex 6.53695 -45.4084 0
      vertex 6.52001 -45.15 4
      vertex 6.52001 -45.15 0
    endloop
  endfacet
  facet normal -0.997858 -0.0654169 0
    outer loop
      vertex 6.52001 -45.15 4
      vertex 6.53695 -45.4084 0
      vertex 6.53695 -45.4084 4
    endloop
  endfacet
  facet normal -0.946912 -0.321494 0
    outer loop
      vertex 6.67072 -45.9077 0
      vertex 6.58747 -45.6625 4
      vertex 6.58747 -45.6625 0
    endloop
  endfacet
  facet normal -0.946912 -0.321494 0
    outer loop
      vertex 6.58747 -45.6625 4
      vertex 6.67072 -45.9077 0
      vertex 6.67072 -45.9077 4
    endloop
  endfacet
  facet normal -0.896885 -0.442265 0
    outer loop
      vertex 6.78527 -46.14 0
      vertex 6.67072 -45.9077 4
      vertex 6.67072 -45.9077 0
    endloop
  endfacet
  facet normal -0.896885 -0.442265 0
    outer loop
      vertex 6.67072 -45.9077 4
      vertex 6.78527 -46.14 0
      vertex 6.78527 -46.14 4
    endloop
  endfacet
  facet normal -0.751945 -0.659226 0
    outer loop
      vertex 7.09994 -46.5501 0
      vertex 6.92916 -46.3553 4
      vertex 6.92916 -46.3553 0
    endloop
  endfacet
  facet normal -0.751945 -0.659226 0
    outer loop
      vertex 6.92916 -46.3553 4
      vertex 7.09994 -46.5501 0
      vertex 7.09994 -46.5501 4
    endloop
  endfacet
  facet normal -0.44242 -0.896808 0
    outer loop
      vertex 7.51 -46.8647 0
      vertex 7.7423 -46.9793 4
      vertex 7.51 -46.8647 4
    endloop
  endfacet
  facet normal -0.44242 -0.896808 -0
    outer loop
      vertex 7.7423 -46.9793 4
      vertex 7.51 -46.8647 0
      vertex 7.7423 -46.9793 0
    endloop
  endfacet
  facet normal -0.065253 -0.997869 0
    outer loop
      vertex 8.24157 -47.1131 0
      vertex 8.50001 -47.13 4
      vertex 8.24157 -47.1131 4
    endloop
  endfacet
  facet normal -0.065253 -0.997869 -0
    outer loop
      vertex 8.50001 -47.13 4
      vertex 8.24157 -47.1131 0
      vertex 8.50001 -47.13 0
    endloop
  endfacet
  facet normal 0.981185 0.193071 0
    outer loop
      vertex 100.763 45.4084 4
      vertex 100.713 45.6625 0
      vertex 100.713 45.6625 4
    endloop
  endfacet
  facet normal 0.981185 0.193071 0
    outer loop
      vertex 100.713 45.6625 0
      vertex 100.763 45.4084 4
      vertex 100.763 45.4084 0
    endloop
  endfacet
  facet normal 0.997843 0.0656476 0
    outer loop
      vertex 100.78 45.15 4
      vertex 100.763 45.4084 0
      vertex 100.763 45.4084 4
    endloop
  endfacet
  facet normal 0.997843 0.0656476 0
    outer loop
      vertex 100.763 45.4084 0
      vertex 100.78 45.15 4
      vertex 100.78 45.15 0
    endloop
  endfacet
  facet normal 0.831218 0.555947 0
    outer loop
      vertex 100.515 46.14 4
      vertex 100.371 46.3553 0
      vertex 100.371 46.3553 4
    endloop
  endfacet
  facet normal 0.831218 0.555947 0
    outer loop
      vertex 100.371 46.3553 0
      vertex 100.515 46.14 4
      vertex 100.515 46.14 0
    endloop
  endfacet
  facet normal 0.997843 -0.0656476 0
    outer loop
      vertex 100.763 -45.4084 4
      vertex 100.78 -45.15 0
      vertex 100.78 -45.15 4
    endloop
  endfacet
  facet normal 0.997843 -0.0656476 0
    outer loop
      vertex 100.78 -45.15 0
      vertex 100.763 -45.4084 4
      vertex 100.763 -45.4084 0
    endloop
  endfacet
  facet normal 0.751524 -0.659706 0
    outer loop
      vertex 100.2 -46.5501 4
      vertex 100.371 -46.3553 0
      vertex 100.371 -46.3553 4
    endloop
  endfacet
  facet normal 0.751524 -0.659706 0
    outer loop
      vertex 100.371 -46.3553 0
      vertex 100.2 -46.5501 4
      vertex 100.2 -46.5501 0
    endloop
  endfacet
  facet normal 0.556216 -0.831038 0
    outer loop
      vertex 99.79 -46.8647 0
      vertex 100.005 -46.7208 4
      vertex 99.79 -46.8647 4
    endloop
  endfacet
  facet normal 0.556216 -0.831038 0
    outer loop
      vertex 100.005 -46.7208 4
      vertex 99.79 -46.8647 0
      vertex 100.005 -46.7208 0
    endloop
  endfacet
  facet normal -0.980803 -0.195003 0
    outer loop
      vertex 6.58747 -45.6625 0
      vertex 6.53695 -45.4084 4
      vertex 6.53695 -45.4084 0
    endloop
  endfacet
  facet normal -0.980803 -0.195003 0
    outer loop
      vertex 6.53695 -45.4084 4
      vertex 6.58747 -45.6625 0
      vertex 6.58747 -45.6625 4
    endloop
  endfacet
  facet normal -0.831414 -0.555653 0
    outer loop
      vertex 6.92916 -46.3553 0
      vertex 6.78527 -46.14 4
      vertex 6.78527 -46.14 0
    endloop
  endfacet
  facet normal -0.831414 -0.555653 0
    outer loop
      vertex 6.78527 -46.14 4
      vertex 6.92916 -46.3553 0
      vertex 6.92916 -46.3553 4
    endloop
  endfacet
  facet normal 0.897726 0.440554 0
    outer loop
      vertex 100.629 45.9077 4
      vertex 100.515 46.14 0
      vertex 100.515 46.14 4
    endloop
  endfacet
  facet normal 0.897726 0.440554 0
    outer loop
      vertex 100.515 46.14 0
      vertex 100.629 45.9077 4
      vertex 100.629 45.9077 0
    endloop
  endfacet
  facet normal 0.946027 -0.324088 0
    outer loop
      vertex 100.629 -45.9077 4
      vertex 100.713 -45.6625 0
      vertex 100.713 -45.6625 4
    endloop
  endfacet
  facet normal 0.946027 -0.324088 0
    outer loop
      vertex 100.713 -45.6625 0
      vertex 100.629 -45.9077 4
      vertex 100.629 -45.9077 0
    endloop
  endfacet
  facet normal -0.321435 0.946931 0
    outer loop
      vertex 99.1368 -45.963 2.2
      vertex 99.0278 -46 4
      vertex 99.1368 -45.963 4
    endloop
  endfacet
  facet normal -0.321435 0.946931 0
    outer loop
      vertex 99.0278 -46 4
      vertex 99.1368 -45.963 2.2
      vertex 99.0278 -46 2.2
    endloop
  endfacet
  facet normal 0.195704 -0.980663 0
    outer loop
      vertex 8.27224 46 2.2
      vertex 8.3454 46.0146 4
      vertex 8.27224 46 4
    endloop
  endfacet
  facet normal 0.195704 -0.980663 0
    outer loop
      vertex 8.3454 46.0146 4
      vertex 8.27224 46 2.2
      vertex 8.3454 46.0146 2.2
    endloop
  endfacet
  facet normal -0.195601 0.980684 0
    outer loop
      vertex 99.0278 -46 2.2
      vertex 98.9546 -46.0146 4
      vertex 99.0278 -46 4
    endloop
  endfacet
  facet normal -0.195601 0.980684 0
    outer loop
      vertex 98.9546 -46.0146 4
      vertex 99.0278 -46 2.2
      vertex 98.9546 -46.0146 2.2
    endloop
  endfacet
  facet normal -0.751661 -0.65955 0
    outer loop
      vertex 99.4981 45.6857 2.2
      vertex 99.4222 45.7722 4
      vertex 99.4222 45.7722 2.2
    endloop
  endfacet
  facet normal -0.751661 -0.65955 0
    outer loop
      vertex 99.4222 45.7722 4
      vertex 99.4981 45.6857 2.2
      vertex 99.4981 45.6857 4
    endloop
  endfacet
  facet normal 1 -0 0
    outer loop
      vertex 7.62 -41.7185 4
      vertex 7.62 9.78 2.2
      vertex 7.62 9.78 4
    endloop
  endfacet
  facet normal 1 0 0
    outer loop
      vertex 7.62 9.78 2.2
      vertex 7.62 -41.7185 4
      vertex 7.62 -41.7185 2.2
    endloop
  endfacet
  facet normal 1 -0 0
    outer loop
      vertex 7.62 35.17 4
      vertex 7.62 41.7185 2.2
      vertex 7.62 41.7185 4
    endloop
  endfacet
  facet normal 1 0 0
    outer loop
      vertex 7.62 41.7185 2.2
      vertex 7.62 35.17 4
      vertex 7.62 35.17 2.2
    endloop
  endfacet
  facet normal 1 -0 0
    outer loop
      vertex 7.62 20.78 4
      vertex 7.62 24.17 2.2
      vertex 7.62 24.17 4
    endloop
  endfacet
  facet normal 1 0 0
    outer loop
      vertex 7.62 24.17 2.2
      vertex 7.62 20.78 4
      vertex 7.62 20.78 2.2
    endloop
  endfacet
  facet normal 0 1 -0
    outer loop
      vertex 95.3685 -46.03 2.2
      vertex 11.9315 -46.03 4
      vertex 95.3685 -46.03 4
    endloop
  endfacet
  facet normal 0 1 0
    outer loop
      vertex 11.9315 -46.03 4
      vertex 95.3685 -46.03 2.2
      vertex 11.9315 -46.03 2.2
    endloop
  endfacet
  facet normal -0.555902 -0.831248 0
    outer loop
      vertex 99.24 45.9121 2.2
      vertex 99.3357 45.8481 4
      vertex 99.24 45.9121 4
    endloop
  endfacet
  facet normal -0.555902 -0.831248 -0
    outer loop
      vertex 99.3357 45.8481 4
      vertex 99.24 45.9121 2.2
      vertex 99.3357 45.8481 2.2
    endloop
  endfacet
  facet normal 0 -1 0
    outer loop
      vertex 11.9315 46.03 2.2
      vertex 95.3685 46.03 4
      vertex 11.9315 46.03 4
    endloop
  endfacet
  facet normal 0 -1 -0
    outer loop
      vertex 95.3685 46.03 4
      vertex 11.9315 46.03 2.2
      vertex 95.3685 46.03 2.2
    endloop
  endfacet
  facet normal -1 0 0
    outer loop
      vertex 99.68 -41.7185 2.2
      vertex 99.68 41.7185 4
      vertex 99.68 41.7185 2.2
    endloop
  endfacet
  facet normal -1 -0 0
    outer loop
      vertex 99.68 41.7185 4
      vertex 99.68 -41.7185 2.2
      vertex 99.68 -41.7185 4
    endloop
  endfacet
  facet normal -0.751661 0.65955 0
    outer loop
      vertex 99.4222 -45.7722 2.2
      vertex 99.4981 -45.6857 4
      vertex 99.4981 -45.6857 2.2
    endloop
  endfacet
  facet normal -0.751661 0.65955 0
    outer loop
      vertex 99.4981 -45.6857 4
      vertex 99.4222 -45.7722 2.2
      vertex 99.4222 -45.7722 4
    endloop
  endfacet
  facet normal 0.659334 -0.75185 0
    outer loop
      vertex 7.87775 45.7722 2.2
      vertex 7.9643 45.8481 4
      vertex 7.87775 45.7722 4
    endloop
  endfacet
  facet normal 0.659334 -0.75185 0
    outer loop
      vertex 7.9643 45.8481 4
      vertex 7.87775 45.7722 2.2
      vertex 7.9643 45.8481 2.2
    endloop
  endfacet
  facet normal 0.321435 0.946931 -0
    outer loop
      vertex 8.27224 -46 2.2
      vertex 8.16324 -45.963 4
      vertex 8.27224 -46 4
    endloop
  endfacet
  facet normal 0.321435 0.946931 0
    outer loop
      vertex 8.16324 -45.963 4
      vertex 8.27224 -46 2.2
      vertex 8.16324 -45.963 2.2
    endloop
  endfacet
  facet normal -0.44234 -0.896847 0
    outer loop
      vertex 99.1368 45.963 2.2
      vertex 99.24 45.9121 4
      vertex 99.1368 45.963 4
    endloop
  endfacet
  facet normal -0.44234 -0.896847 -0
    outer loop
      vertex 99.24 45.9121 4
      vertex 99.1368 45.963 2.2
      vertex 99.24 45.9121 2.2
    endloop
  endfacet
  facet normal -0.321435 -0.946931 0
    outer loop
      vertex 99.0278 46 2.2
      vertex 99.1368 45.963 4
      vertex 99.0278 46 4
    endloop
  endfacet
  facet normal -0.321435 -0.946931 -0
    outer loop
      vertex 99.1368 45.963 4
      vertex 99.0278 46 2.2
      vertex 99.1368 45.963 2.2
    endloop
  endfacet
  facet normal -0.980684 0.195601 0
    outer loop
      vertex 99.65 -45.3778 2.2
      vertex 99.6646 -45.3046 4
      vertex 99.6646 -45.3046 2.2
    endloop
  endfacet
  facet normal -0.980684 0.195601 0
    outer loop
      vertex 99.6646 -45.3046 4
      vertex 99.65 -45.3778 2.2
      vertex 99.65 -45.3778 4
    endloop
  endfacet
  facet normal -0.65955 0.751661 0
    outer loop
      vertex 99.4222 -45.7722 2.2
      vertex 99.3357 -45.8481 4
      vertex 99.4222 -45.7722 4
    endloop
  endfacet
  facet normal -0.65955 0.751661 0
    outer loop
      vertex 99.3357 -45.8481 4
      vertex 99.4222 -45.7722 2.2
      vertex 99.3357 -45.8481 2.2
    endloop
  endfacet
  facet normal 0.321435 -0.946931 0
    outer loop
      vertex 8.16324 45.963 2.2
      vertex 8.27224 46 4
      vertex 8.16324 45.963 4
    endloop
  endfacet
  facet normal 0.321435 -0.946931 0
    outer loop
      vertex 8.27224 46 4
      vertex 8.16324 45.963 2.2
      vertex 8.27224 46 2.2
    endloop
  endfacet
  facet normal 0.751704 -0.659501 0
    outer loop
      vertex 7.80186 45.6857 4
      vertex 7.87775 45.7722 2.2
      vertex 7.87775 45.7722 4
    endloop
  endfacet
  facet normal 0.751704 -0.659501 0
    outer loop
      vertex 7.87775 45.7722 2.2
      vertex 7.80186 45.6857 4
      vertex 7.80186 45.6857 2.2
    endloop
  endfacet
  facet normal 0.896778 -0.44248 0
    outer loop
      vertex 7.68699 45.4868 4
      vertex 7.73791 45.59 2.2
      vertex 7.73791 45.59 4
    endloop
  endfacet
  facet normal 0.896778 -0.44248 0
    outer loop
      vertex 7.73791 45.59 2.2
      vertex 7.68699 45.4868 4
      vertex 7.68699 45.4868 2.2
    endloop
  endfacet
  facet normal 0.980838 -0.194828 0
    outer loop
      vertex 7.63544 45.3046 4
      vertex 7.64998 45.3778 2.2
      vertex 7.64998 45.3778 4
    endloop
  endfacet
  facet normal 0.980838 -0.194828 0
    outer loop
      vertex 7.64998 45.3778 2.2
      vertex 7.63544 45.3046 4
      vertex 7.63544 45.3046 2.2
    endloop
  endfacet
  facet normal 0.946905 -0.321513 0
    outer loop
      vertex 7.64998 45.3778 4
      vertex 7.68699 45.4868 2.2
      vertex 7.68699 45.4868 4
    endloop
  endfacet
  facet normal 0.946905 -0.321513 0
    outer loop
      vertex 7.68699 45.4868 2.2
      vertex 7.64998 45.3778 4
      vertex 7.64998 45.3778 2.2
    endloop
  endfacet
  facet normal 0.946905 0.321513 0
    outer loop
      vertex 7.68699 -45.4868 4
      vertex 7.64998 -45.3778 2.2
      vertex 7.64998 -45.3778 4
    endloop
  endfacet
  facet normal 0.946905 0.321513 0
    outer loop
      vertex 7.64998 -45.3778 2.2
      vertex 7.68699 -45.4868 4
      vertex 7.68699 -45.4868 2.2
    endloop
  endfacet
  facet normal 0.896778 0.44248 0
    outer loop
      vertex 7.73791 -45.59 4
      vertex 7.68699 -45.4868 2.2
      vertex 7.68699 -45.4868 4
    endloop
  endfacet
  facet normal 0.896778 0.44248 0
    outer loop
      vertex 7.68699 -45.4868 2.2
      vertex 7.73791 -45.59 4
      vertex 7.73791 -45.59 2.2
    endloop
  endfacet
  facet normal 0.659334 0.75185 -0
    outer loop
      vertex 7.9643 -45.8481 2.2
      vertex 7.87775 -45.7722 4
      vertex 7.9643 -45.8481 4
    endloop
  endfacet
  facet normal 0.659334 0.75185 0
    outer loop
      vertex 7.87775 -45.7722 4
      vertex 7.9643 -45.8481 2.2
      vertex 7.87775 -45.7722 2.2
    endloop
  endfacet
  facet normal 0.442202 0.896915 -0
    outer loop
      vertex 8.16324 -45.963 2.2
      vertex 8.06 -45.9121 4
      vertex 8.16324 -45.963 4
    endloop
  endfacet
  facet normal 0.442202 0.896915 0
    outer loop
      vertex 8.06 -45.9121 4
      vertex 8.16324 -45.963 2.2
      vertex 8.06 -45.9121 2.2
    endloop
  endfacet
  facet normal 0.195704 0.980663 -0
    outer loop
      vertex 8.3454 -46.0146 2.2
      vertex 8.27224 -46 4
      vertex 8.3454 -46.0146 4
    endloop
  endfacet
  facet normal 0.195704 0.980663 0
    outer loop
      vertex 8.27224 -46 4
      vertex 8.3454 -46.0146 2.2
      vertex 8.27224 -46 2.2
    endloop
  endfacet
  facet normal -0.946931 -0.321435 0
    outer loop
      vertex 99.65 45.3778 2.2
      vertex 99.613 45.4868 4
      vertex 99.613 45.4868 2.2
    endloop
  endfacet
  facet normal -0.946931 -0.321435 0
    outer loop
      vertex 99.613 45.4868 4
      vertex 99.65 45.3778 2.2
      vertex 99.65 45.3778 4
    endloop
  endfacet
  facet normal -0.896847 0.44234 0
    outer loop
      vertex 99.5621 -45.59 2.2
      vertex 99.613 -45.4868 4
      vertex 99.613 -45.4868 2.2
    endloop
  endfacet
  facet normal -0.896847 0.44234 0
    outer loop
      vertex 99.613 -45.4868 4
      vertex 99.5621 -45.59 2.2
      vertex 99.5621 -45.59 4
    endloop
  endfacet
  facet normal -0.44234 0.896847 0
    outer loop
      vertex 99.24 -45.9121 2.2
      vertex 99.1368 -45.963 4
      vertex 99.24 -45.9121 4
    endloop
  endfacet
  facet normal -0.44234 0.896847 0
    outer loop
      vertex 99.1368 -45.963 4
      vertex 99.24 -45.9121 2.2
      vertex 99.1368 -45.963 2.2
    endloop
  endfacet
  facet normal 0.555902 -0.831248 0
    outer loop
      vertex 7.9643 45.8481 2.2
      vertex 8.06 45.9121 4
      vertex 7.9643 45.8481 4
    endloop
  endfacet
  facet normal 0.555902 -0.831248 0
    outer loop
      vertex 8.06 45.9121 4
      vertex 7.9643 45.8481 2.2
      vertex 8.06 45.9121 2.2
    endloop
  endfacet
  facet normal 0.442202 -0.896915 0
    outer loop
      vertex 8.06 45.9121 2.2
      vertex 8.16324 45.963 4
      vertex 8.06 45.9121 4
    endloop
  endfacet
  facet normal 0.442202 -0.896915 0
    outer loop
      vertex 8.16324 45.963 4
      vertex 8.06 45.9121 2.2
      vertex 8.16324 45.963 2.2
    endloop
  endfacet
  facet normal 0.831448 -0.555602 0
    outer loop
      vertex 7.73791 45.59 4
      vertex 7.80186 45.6857 2.2
      vertex 7.80186 45.6857 4
    endloop
  endfacet
  facet normal 0.831448 -0.555602 0
    outer loop
      vertex 7.80186 45.6857 2.2
      vertex 7.73791 45.59 4
      vertex 7.73791 45.59 2.2
    endloop
  endfacet
  facet normal 0.980838 0.194828 0
    outer loop
      vertex 7.64998 -45.3778 4
      vertex 7.63544 -45.3046 2.2
      vertex 7.63544 -45.3046 4
    endloop
  endfacet
  facet normal 0.980838 0.194828 0
    outer loop
      vertex 7.63544 -45.3046 2.2
      vertex 7.64998 -45.3778 4
      vertex 7.64998 -45.3778 2.2
    endloop
  endfacet
  facet normal 0.831448 0.555602 0
    outer loop
      vertex 7.80186 -45.6857 4
      vertex 7.73791 -45.59 2.2
      vertex 7.73791 -45.59 4
    endloop
  endfacet
  facet normal 0.831448 0.555602 0
    outer loop
      vertex 7.73791 -45.59 2.2
      vertex 7.80186 -45.6857 4
      vertex 7.80186 -45.6857 2.2
    endloop
  endfacet
  facet normal 0.555902 0.831248 -0
    outer loop
      vertex 8.06 -45.9121 2.2
      vertex 7.9643 -45.8481 4
      vertex 8.06 -45.9121 4
    endloop
  endfacet
  facet normal 0.555902 0.831248 0
    outer loop
      vertex 7.9643 -45.8481 4
      vertex 8.06 -45.9121 2.2
      vertex 7.9643 -45.8481 2.2
    endloop
  endfacet
  facet normal -0.65955 -0.751661 0
    outer loop
      vertex 99.3357 45.8481 2.2
      vertex 99.4222 45.7722 4
      vertex 99.3357 45.8481 4
    endloop
  endfacet
  facet normal -0.65955 -0.751661 -0
    outer loop
      vertex 99.4222 45.7722 4
      vertex 99.3357 45.8481 2.2
      vertex 99.4222 45.7722 2.2
    endloop
  endfacet
  facet normal -0.195601 -0.980684 0
    outer loop
      vertex 98.9546 46.0146 2.2
      vertex 99.0278 46 4
      vertex 98.9546 46.0146 4
    endloop
  endfacet
  facet normal -0.195601 -0.980684 -0
    outer loop
      vertex 99.0278 46 4
      vertex 98.9546 46.0146 2.2
      vertex 99.0278 46 2.2
    endloop
  endfacet
  facet normal -0.896847 -0.44234 0
    outer loop
      vertex 99.613 45.4868 2.2
      vertex 99.5621 45.59 4
      vertex 99.5621 45.59 2.2
    endloop
  endfacet
  facet normal -0.896847 -0.44234 0
    outer loop
      vertex 99.5621 45.59 4
      vertex 99.613 45.4868 2.2
      vertex 99.613 45.4868 4
    endloop
  endfacet
  facet normal -0.980684 -0.195601 0
    outer loop
      vertex 99.6646 45.3046 2.2
      vertex 99.65 45.3778 4
      vertex 99.65 45.3778 2.2
    endloop
  endfacet
  facet normal -0.980684 -0.195601 0
    outer loop
      vertex 99.65 45.3778 4
      vertex 99.6646 45.3046 2.2
      vertex 99.6646 45.3046 4
    endloop
  endfacet
  facet normal -0.946931 0.321435 0
    outer loop
      vertex 99.613 -45.4868 2.2
      vertex 99.65 -45.3778 4
      vertex 99.65 -45.3778 2.2
    endloop
  endfacet
  facet normal -0.946931 0.321435 0
    outer loop
      vertex 99.65 -45.3778 4
      vertex 99.613 -45.4868 2.2
      vertex 99.613 -45.4868 4
    endloop
  endfacet
  facet normal -0.831248 0.555902 0
    outer loop
      vertex 99.4981 -45.6857 2.2
      vertex 99.5621 -45.59 4
      vertex 99.5621 -45.59 2.2
    endloop
  endfacet
  facet normal -0.831248 0.555902 0
    outer loop
      vertex 99.5621 -45.59 4
      vertex 99.4981 -45.6857 2.2
      vertex 99.4981 -45.6857 4
    endloop
  endfacet
  facet normal -0.555902 0.831248 0
    outer loop
      vertex 99.3357 -45.8481 2.2
      vertex 99.24 -45.9121 4
      vertex 99.3357 -45.8481 4
    endloop
  endfacet
  facet normal -0.555902 0.831248 0
    outer loop
      vertex 99.24 -45.9121 4
      vertex 99.3357 -45.8481 2.2
      vertex 99.24 -45.9121 2.2
    endloop
  endfacet
  facet normal 0.751704 0.659501 0
    outer loop
      vertex 7.87775 -45.7722 4
      vertex 7.80186 -45.6857 2.2
      vertex 7.80186 -45.6857 4
    endloop
  endfacet
  facet normal 0.751704 0.659501 0
    outer loop
      vertex 7.80186 -45.6857 2.2
      vertex 7.87775 -45.7722 4
      vertex 7.87775 -45.7722 2.2
    endloop
  endfacet
  facet normal -0.831248 -0.555902 0
    outer loop
      vertex 99.5621 45.59 2.2
      vertex 99.4981 45.6857 4
      vertex 99.4981 45.6857 2.2
    endloop
  endfacet
  facet normal -0.831248 -0.555902 0
    outer loop
      vertex 99.4981 45.6857 4
      vertex 99.5621 45.59 2.2
      vertex 99.5621 45.59 4
    endloop
  endfacet
  facet normal -1 0 0
    outer loop
      vertex 6.22 -9 2.15
      vertex 6.22 9 4
      vertex 6.22 9 2.15
    endloop
  endfacet
  facet normal -1 -0 0
    outer loop
      vertex 6.22 9 4
      vertex 6.22 -9 2.15
      vertex 6.22 -9 4
    endloop
  endfacet
  facet normal -0 0 1
    outer loop
      vertex 6.22 9 4
      vertex 6.57 -9 4
      vertex 6.57 9 4
    endloop
  endfacet
  facet normal 0 0 1
    outer loop
      vertex 6.57 -9 4
      vertex 6.22 9 4
      vertex 6.22 -9 4
    endloop
  endfacet
  facet normal 0 0 0
    outer loop
      vertex 6.57 9 4
      vertex 6.52001 9 4
      vertex 6.22 9 4
    endloop
  endfacet
  facet normal 0 1 -0
    outer loop
      vertex 6.52001 9 2.15
      vertex 6.22 9 4
      vertex 6.52001 9 4
    endloop
  endfacet
  facet normal 0 1 0
    outer loop
      vertex 6.22 9 4
      vertex 6.52001 9 2.15
      vertex 6.22 9 2.15
    endloop
  endfacet
  facet normal 0 0 -1
    outer loop
      vertex 6.22 -9 2.15
      vertex 6.52001 9 2.15
      vertex 6.52001 -9 2.15
    endloop
  endfacet
  facet normal -0 0 -1
    outer loop
      vertex 6.52001 9 2.15
      vertex 6.22 -9 2.15
      vertex 6.22 9 2.15
    endloop
  endfacet
  facet normal 0 0 0
    outer loop
      vertex 6.22 -9 4
      vertex 6.52001 -9 4
      vertex 6.57 -9 4
    endloop
  endfacet
  facet normal 0 -1 0
    outer loop
      vertex 6.22 -9 2.15
      vertex 6.52001 -9 4
      vertex 6.22 -9 4
    endloop
  endfacet
  facet normal 0 -1 -0
    outer loop
      vertex 6.52001 -9 4
      vertex 6.22 -9 2.15
      vertex 6.52001 -9 2.15
    endloop
  endfacet
  facet normal -0 0 1
    outer loop
      vertex 100.73 9 4
      vertex 101.08 -9 4
      vertex 101.08 9 4
    endloop
  endfacet
  facet normal 0 0 1
    outer loop
      vertex 101.08 -9 4
      vertex 100.73 9 4
      vertex 100.73 -9 4
    endloop
  endfacet
  facet normal 1 -0 0
    outer loop
      vertex 101.08 -9 4
      vertex 101.08 9 2.15
      vertex 101.08 9 4
    endloop
  endfacet
  facet normal 1 0 0
    outer loop
      vertex 101.08 9 2.15
      vertex 101.08 -9 4
      vertex 101.08 -9 2.15
    endloop
  endfacet
  facet normal 0 0 -1
    outer loop
      vertex 100.78 -9 2.15
      vertex 101.08 9 2.15
      vertex 101.08 -9 2.15
    endloop
  endfacet
  facet normal -0 0 -1
    outer loop
      vertex 101.08 9 2.15
      vertex 100.78 -9 2.15
      vertex 100.78 9 2.15
    endloop
  endfacet
  facet normal 0 0 0
    outer loop
      vertex 100.73 -9 4
      vertex 100.78 -9 4
      vertex 101.08 -9 4
    endloop
  endfacet
  facet normal 0 -1 0
    outer loop
      vertex 100.78 -9 2.15
      vertex 101.08 -9 4
      vertex 100.78 -9 4
    endloop
  endfacet
  facet normal 0 -1 -0
    outer loop
      vertex 101.08 -9 4
      vertex 100.78 -9 2.15
      vertex 101.08 -9 2.15
    endloop
  endfacet
  facet normal 0 0 0
    outer loop
      vertex 101.08 9 4
      vertex 100.78 9 4
      vertex 100.73 9 4
    endloop
  endfacet
  facet normal 0 1 -0
    outer loop
      vertex 101.08 9 2.15
      vertex 100.78 9 4
      vertex 101.08 9 4
    endloop
  endfacet
  facet normal 0 1 0
    outer loop
      vertex 100.78 9 4
      vertex 101.08 9 2.15
      vertex 100.78 9 2.15
    endloop
  endfacet
  facet normal 0 -1 0
    outer loop
      vertex 44.65 -47.43 2.15
      vertex 62.65 -47.43 4
      vertex 44.65 -47.43 4
    endloop
  endfacet
  facet normal 0 -1 -0
    outer loop
      vertex 62.65 -47.43 4
      vertex 44.65 -47.43 2.15
      vertex 62.65 -47.43 2.15
    endloop
  endfacet
  facet normal -0 0 1
    outer loop
      vertex 44.65 -47.08 4
      vertex 62.65 -47.43 4
      vertex 62.65 -47.08 4
    endloop
  endfacet
  facet normal 0 0 1
    outer loop
      vertex 62.65 -47.43 4
      vertex 44.65 -47.08 4
      vertex 44.65 -47.43 4
    endloop
  endfacet
  facet normal -1 0 0
    outer loop
      vertex 44.65 -47.13 2.15
      vertex 44.65 -47.43 2.15
      vertex 44.65 -47.13 4
    endloop
  endfacet
  facet normal 0 0 0
    outer loop
      vertex 44.65 -47.13 4
      vertex 44.65 -47.43 4
      vertex 44.65 -47.08 4
    endloop
  endfacet
  facet normal -1 0 0
    outer loop
      vertex 44.65 -47.43 4
      vertex 44.65 -47.13 4
      vertex 44.65 -47.43 2.15
    endloop
  endfacet
  facet normal 0 0 -1
    outer loop
      vertex 44.65 -47.43 2.15
      vertex 62.65 -47.13 2.15
      vertex 62.65 -47.43 2.15
    endloop
  endfacet
  facet normal -0 0 -1
    outer loop
      vertex 62.65 -47.13 2.15
      vertex 44.65 -47.43 2.15
      vertex 44.65 -47.13 2.15
    endloop
  endfacet
  facet normal 0 0 0
    outer loop
      vertex 62.65 -47.43 4
      vertex 62.65 -47.13 4
      vertex 62.65 -47.08 4
    endloop
  endfacet
  facet normal 1 -0 0
    outer loop
      vertex 62.65 -47.43 4
      vertex 62.65 -47.13 2.15
      vertex 62.65 -47.13 4
    endloop
  endfacet
  facet normal 1 0 0
    outer loop
      vertex 62.65 -47.13 2.15
      vertex 62.65 -47.43 4
      vertex 62.65 -47.43 2.15
    endloop
  endfacet
  facet normal -0 0 1
    outer loop
      vertex 44.65 47.43 4
      vertex 62.65 47.08 4
      vertex 62.65 47.43 4
    endloop
  endfacet
  facet normal 0 0 1
    outer loop
      vertex 62.65 47.08 4
      vertex 44.65 47.43 4
      vertex 44.65 47.08 4
    endloop
  endfacet
  facet normal 0 1 -0
    outer loop
      vertex 62.65 47.43 2.15
      vertex 44.65 47.43 4
      vertex 62.65 47.43 4
    endloop
  endfacet
  facet normal 0 1 0
    outer loop
      vertex 44.65 47.43 4
      vertex 62.65 47.43 2.15
      vertex 44.65 47.43 2.15
    endloop
  endfacet
  facet normal 0 0 -1
    outer loop
      vertex 44.65 47.13 2.15
      vertex 62.65 47.43 2.15
      vertex 62.65 47.13 2.15
    endloop
  endfacet
  facet normal -0 0 -1
    outer loop
      vertex 62.65 47.43 2.15
      vertex 44.65 47.13 2.15
      vertex 44.65 47.43 2.15
    endloop
  endfacet
  facet normal 1 0 0
    outer loop
      vertex 62.65 47.43 4
      vertex 62.65 47.13 4
      vertex 62.65 47.43 2.15
    endloop
  endfacet
  facet normal 0 0 0
    outer loop
      vertex 62.65 47.08 4
      vertex 62.65 47.13 4
      vertex 62.65 47.43 4
    endloop
  endfacet
  facet normal 1 0 0
    outer loop
      vertex 62.65 47.43 2.15
      vertex 62.65 47.13 4
      vertex 62.65 47.13 2.15
    endloop
  endfacet
  facet normal -1 0 0
    outer loop
      vertex 44.65 47.13 2.15
      vertex 44.65 47.43 4
      vertex 44.65 47.43 2.15
    endloop
  endfacet
  facet normal -1 0 0
    outer loop
      vertex 44.65 47.13 4
      vertex 44.65 47.43 4
      vertex 44.65 47.13 2.15
    endloop
  endfacet
  facet normal 0 0 0
    outer loop
      vertex 44.65 47.13 4
      vertex 44.65 47.08 4
      vertex 44.65 47.43 4
    endloop
  endfacet
  facet normal 0.997862 0.0653568 0
    outer loop
      vertex 13.25 -43.5 4.75
      vertex 13.2235 -43.0954 2.2
      vertex 13.2235 -43.0954 4.75
    endloop
  endfacet
  facet normal 0.997862 0.0653568 0
    outer loop
      vertex 13.2235 -43.0954 2.2
      vertex 13.25 -43.5 4.75
      vertex 13.25 -43.5 2.2
    endloop
  endfacet
  facet normal -0.997859 0.0654059 0
    outer loop
      vertex 7.05 -43.5 4
      vertex 7.07652 -43.0954 4.75
      vertex 7.07652 -43.0954 4
    endloop
  endfacet
  facet normal -0.997859 0.0654059 0
    outer loop
      vertex 7.07652 -43.0954 4.75
      vertex 7.05 -43.5 4
      vertex 7.05 -43.5 4.75
    endloop
  endfacet
  facet normal -0.0653519 0.997862 0
    outer loop
      vertex 10.15 -40.4 2.2
      vertex 9.74537 -40.4265 4.75
      vertex 10.15 -40.4 4.75
    endloop
  endfacet
  facet normal -0.0653519 0.997862 0
    outer loop
      vertex 9.74537 -40.4265 4.75
      vertex 10.15 -40.4 2.2
      vertex 9.74537 -40.4265 2.2
    endloop
  endfacet
  facet normal 0.0653568 -0.997862 0
    outer loop
      vertex 10.15 -46.6 4
      vertex 10.5546 -46.5735 4.75
      vertex 10.15 -46.6 4.75
    endloop
  endfacet
  facet normal 0.0653568 -0.997862 0
    outer loop
      vertex 10.5546 -46.5735 4.75
      vertex 10.15 -46.6 4
      vertex 10.5546 -46.5735 4
    endloop
  endfacet
  facet normal 0.659482 0.751721 -0
    outer loop
      vertex 12.342 -41.308 2.2
      vertex 12.0372 -41.0406 4.75
      vertex 12.342 -41.308 4.75
    endloop
  endfacet
  facet normal 0.659482 0.751721 0
    outer loop
      vertex 12.0372 -41.0406 4.75
      vertex 12.342 -41.308 2.2
      vertex 12.0372 -41.0406 2.2
    endloop
  endfacet
  facet normal -0.659396 0.751796 0
    outer loop
      vertex 8.26284 -41.0406 2.2
      vertex 7.95797 -41.308 4.75
      vertex 8.26284 -41.0406 4.75
    endloop
  endfacet
  facet normal -0.659396 0.751796 0
    outer loop
      vertex 7.95797 -41.308 4.75
      vertex 8.26284 -41.0406 2.2
      vertex 7.95797 -41.308 2.2
    endloop
  endfacet
  facet normal -0.321564 0.946888 0
    outer loop
      vertex 9.34766 -40.5056 2.2
      vertex 8.96368 -40.636 4.75
      vertex 9.34766 -40.5056 4.75
    endloop
  endfacet
  facet normal -0.321564 0.946888 0
    outer loop
      vertex 8.96368 -40.636 4.75
      vertex 9.34766 -40.5056 2.2
      vertex 8.96368 -40.636 2.2
    endloop
  endfacet
  facet normal 0.896928 0.442176 0
    outer loop
      vertex 13.014 -42.3137 4.75
      vertex 12.8347 -41.95 2.2
      vertex 12.8347 -41.95 4.75
    endloop
  endfacet
  facet normal 0.896928 0.442176 0
    outer loop
      vertex 12.8347 -41.95 2.2
      vertex 13.014 -42.3137 4.75
      vertex 13.014 -42.3137 2.2
    endloop
  endfacet
  facet normal 0.321549 0.946893 -0
    outer loop
      vertex 11.3363 -40.636 2.2
      vertex 10.9523 -40.5056 4.75
      vertex 11.3363 -40.636 4.75
    endloop
  endfacet
  facet normal 0.321549 0.946893 0
    outer loop
      vertex 10.9523 -40.5056 4.75
      vertex 11.3363 -40.636 2.2
      vertex 10.9523 -40.5056 2.2
    endloop
  endfacet
  facet normal 0.195073 0.980789 -0
    outer loop
      vertex 10.9523 -40.5056 2.2
      vertex 10.5546 -40.4265 4.75
      vertex 10.9523 -40.5056 4.75
    endloop
  endfacet
  facet normal 0.195073 0.980789 0
    outer loop
      vertex 10.5546 -40.4265 4.75
      vertex 10.9523 -40.5056 2.2
      vertex 10.5546 -40.4265 2.2
    endloop
  endfacet
  facet normal 0.442176 0.896928 -0
    outer loop
      vertex 11.7 -40.8153 2.2
      vertex 11.3363 -40.636 4.75
      vertex 11.7 -40.8153 4.75
    endloop
  endfacet
  facet normal 0.442176 0.896928 0
    outer loop
      vertex 11.3363 -40.636 4.75
      vertex 11.7 -40.8153 2.2
      vertex 11.3363 -40.636 2.2
    endloop
  endfacet
  facet normal -0.89688 0.442275 0
    outer loop
      vertex 7.28597 -42.3137 4
      vertex 7.46532 -41.95 4.75
      vertex 7.46532 -41.95 4
    endloop
  endfacet
  facet normal -0.89688 0.442275 0
    outer loop
      vertex 7.46532 -41.95 4.75
      vertex 7.28597 -42.3137 4
      vertex 7.28597 -42.3137 4.75
    endloop
  endfacet
  facet normal -0.751769 0.659426 0
    outer loop
      vertex 7.69061 -41.6128 2.2
      vertex 7.95797 -41.308 4.75
      vertex 7.95797 -41.308 2.2
    endloop
  endfacet
  facet normal -0.751769 0.659426 0
    outer loop
      vertex 7.95797 -41.308 4.75
      vertex 7.69061 -41.6128 2.2
      vertex 7.69061 -41.6128 4.75
    endloop
  endfacet
  facet normal 0 0 1
    outer loop
      vertex 11.9 -43.5 4.75
      vertex 13.25 -43.5 4.75
      vertex 13.2235 -43.0954 4.75
    endloop
  endfacet
  facet normal 0 0 1
    outer loop
      vertex 11.885 -43.2716 4.75
      vertex 13.2235 -43.0954 4.75
      vertex 13.1444 -42.6977 4.75
    endloop
  endfacet
  facet normal 0 0 1
    outer loop
      vertex 13.25 -43.5 4.75
      vertex 11.9 -43.5 4.75
      vertex 13.2235 -43.9046 4.75
    endloop
  endfacet
  facet normal 0 0 1
    outer loop
      vertex 11.8404 -43.0471 4.75
      vertex 13.1444 -42.6977 4.75
      vertex 13.014 -42.3137 4.75
    endloop
  endfacet
  facet normal -0 0 1
    outer loop
      vertex 11.885 -43.7284 4.75
      vertex 13.2235 -43.9046 4.75
      vertex 11.9 -43.5 4.75
    endloop
  endfacet
  facet normal 0 0 1
    outer loop
      vertex 11.7668 -42.8303 4.75
      vertex 13.014 -42.3137 4.75
      vertex 12.8347 -41.95 4.75
    endloop
  endfacet
  facet normal 0 0 1
    outer loop
      vertex 13.2235 -43.9046 4.75
      vertex 11.885 -43.7284 4.75
      vertex 13.1444 -44.3023 4.75
    endloop
  endfacet
  facet normal 0 0 1
    outer loop
      vertex 11.6655 -42.625 4.75
      vertex 12.8347 -41.95 4.75
      vertex 12.6094 -41.6128 4.75
    endloop
  endfacet
  facet normal -0 0 1
    outer loop
      vertex 11.8404 -43.9529 4.75
      vertex 13.1444 -44.3023 4.75
      vertex 11.885 -43.7284 4.75
    endloop
  endfacet
  facet normal 0 0 1
    outer loop
      vertex 11.5384 -42.4347 4.75
      vertex 12.6094 -41.6128 4.75
      vertex 12.342 -41.308 4.75
    endloop
  endfacet
  facet normal 0 0 1
    outer loop
      vertex 13.1444 -44.3023 4.75
      vertex 11.8404 -43.9529 4.75
      vertex 13.014 -44.6863 4.75
    endloop
  endfacet
  facet normal 0 0 1
    outer loop
      vertex 11.3874 -42.2626 4.75
      vertex 12.342 -41.308 4.75
      vertex 12.0372 -41.0406 4.75
    endloop
  endfacet
  facet normal -0 0 1
    outer loop
      vertex 11.7668 -44.1697 4.75
      vertex 13.014 -44.6863 4.75
      vertex 11.8404 -43.9529 4.75
    endloop
  endfacet
  facet normal 0 0 1
    outer loop
      vertex 13.014 -44.6863 4.75
      vertex 11.7668 -44.1697 4.75
      vertex 12.8347 -45.05 4.75
    endloop
  endfacet
  facet normal 0 0 1
    outer loop
      vertex 13.2235 -43.0954 4.75
      vertex 11.885 -43.2716 4.75
      vertex 11.9 -43.5 4.75
    endloop
  endfacet
  facet normal 0 0 1
    outer loop
      vertex 13.1444 -42.6977 4.75
      vertex 11.8404 -43.0471 4.75
      vertex 11.885 -43.2716 4.75
    endloop
  endfacet
  facet normal 0 0 1
    outer loop
      vertex 13.014 -42.3137 4.75
      vertex 11.7668 -42.8303 4.75
      vertex 11.8404 -43.0471 4.75
    endloop
  endfacet
  facet normal 0 0 1
    outer loop
      vertex 11.2153 -42.1116 4.75
      vertex 12.0372 -41.0406 4.75
      vertex 11.7 -40.8153 4.75
    endloop
  endfacet
  facet normal 0 0 1
    outer loop
      vertex 12.8347 -41.95 4.75
      vertex 11.6655 -42.625 4.75
      vertex 11.7668 -42.8303 4.75
    endloop
  endfacet
  facet normal 0 0 1
    outer loop
      vertex 12.6094 -41.6128 4.75
      vertex 11.5384 -42.4347 4.75
      vertex 11.6655 -42.625 4.75
    endloop
  endfacet
  facet normal 0 0 1
    outer loop
      vertex 12.342 -41.308 4.75
      vertex 11.3874 -42.2626 4.75
      vertex 11.5384 -42.4347 4.75
    endloop
  endfacet
  facet normal 0 0 1
    outer loop
      vertex 11.025 -41.9845 4.75
      vertex 11.7 -40.8153 4.75
      vertex 11.3363 -40.636 4.75
    endloop
  endfacet
  facet normal 0 0 1
    outer loop
      vertex 12.0372 -41.0406 4.75
      vertex 11.2153 -42.1116 4.75
      vertex 11.3874 -42.2626 4.75
    endloop
  endfacet
  facet normal 0 0 1
    outer loop
      vertex 11.7 -40.8153 4.75
      vertex 11.025 -41.9845 4.75
      vertex 11.2153 -42.1116 4.75
    endloop
  endfacet
  facet normal 0 0 1
    outer loop
      vertex 10.8197 -41.8832 4.75
      vertex 11.3363 -40.636 4.75
      vertex 10.9523 -40.5056 4.75
    endloop
  endfacet
  facet normal 0 0 1
    outer loop
      vertex 11.3363 -40.636 4.75
      vertex 10.8197 -41.8832 4.75
      vertex 11.025 -41.9845 4.75
    endloop
  endfacet
  facet normal 0 0 1
    outer loop
      vertex 10.9523 -40.5056 4.75
      vertex 10.6029 -41.8096 4.75
      vertex 10.8197 -41.8832 4.75
    endloop
  endfacet
  facet normal 0 0 1
    outer loop
      vertex 10.5546 -40.4265 4.75
      vertex 10.6029 -41.8096 4.75
      vertex 10.9523 -40.5056 4.75
    endloop
  endfacet
  facet normal 0 0 1
    outer loop
      vertex 10.5546 -40.4265 4.75
      vertex 10.3784 -41.765 4.75
      vertex 10.6029 -41.8096 4.75
    endloop
  endfacet
  facet normal 0 0 1
    outer loop
      vertex 10.15 -40.4 4.75
      vertex 10.3784 -41.765 4.75
      vertex 10.5546 -40.4265 4.75
    endloop
  endfacet
  facet normal 0 0 1
    outer loop
      vertex 10.15 -40.4 4.75
      vertex 10.15 -41.75 4.75
      vertex 10.3784 -41.765 4.75
    endloop
  endfacet
  facet normal 0 0 1
    outer loop
      vertex 10.15 -40.4 4.75
      vertex 9.92158 -41.765 4.75
      vertex 10.15 -41.75 4.75
    endloop
  endfacet
  facet normal -0 0 1
    outer loop
      vertex 9.74537 -40.4265 4.75
      vertex 9.92158 -41.765 4.75
      vertex 10.15 -40.4 4.75
    endloop
  endfacet
  facet normal 0 0 1
    outer loop
      vertex 9.74537 -40.4265 4.75
      vertex 9.69707 -41.8096 4.75
      vertex 9.92158 -41.765 4.75
    endloop
  endfacet
  facet normal -0 0 1
    outer loop
      vertex 9.34766 -40.5056 4.75
      vertex 9.69707 -41.8096 4.75
      vertex 9.74537 -40.4265 4.75
    endloop
  endfacet
  facet normal 0 0 1
    outer loop
      vertex 9.69707 -41.8096 4.75
      vertex 9.34766 -40.5056 4.75
      vertex 9.4803 -41.8832 4.75
    endloop
  endfacet
  facet normal -0 0 1
    outer loop
      vertex 8.96368 -40.636 4.75
      vertex 9.4803 -41.8832 4.75
      vertex 9.34766 -40.5056 4.75
    endloop
  endfacet
  facet normal 0 0 1
    outer loop
      vertex 9.4803 -41.8832 4.75
      vertex 8.96368 -40.636 4.75
      vertex 9.275 -41.9845 4.75
    endloop
  endfacet
  facet normal -0 0 1
    outer loop
      vertex 8.6 -40.8153 4.75
      vertex 9.275 -41.9845 4.75
      vertex 8.96368 -40.636 4.75
    endloop
  endfacet
  facet normal 0 0 1
    outer loop
      vertex 9.275 -41.9845 4.75
      vertex 8.6 -40.8153 4.75
      vertex 9.08467 -42.1116 4.75
    endloop
  endfacet
  facet normal -0 0 1
    outer loop
      vertex 8.26284 -41.0406 4.75
      vertex 9.08467 -42.1116 4.75
      vertex 8.6 -40.8153 4.75
    endloop
  endfacet
  facet normal 0 0 1
    outer loop
      vertex 9.08467 -42.1116 4.75
      vertex 8.26284 -41.0406 4.75
      vertex 8.91256 -42.2626 4.75
    endloop
  endfacet
  facet normal -0 0 1
    outer loop
      vertex 7.95797 -41.308 4.75
      vertex 8.91256 -42.2626 4.75
      vertex 8.26284 -41.0406 4.75
    endloop
  endfacet
  facet normal 0 0 1
    outer loop
      vertex 8.91256 -42.2626 4.75
      vertex 7.95797 -41.308 4.75
      vertex 8.76163 -42.4347 4.75
    endloop
  endfacet
  facet normal -0 0 1
    outer loop
      vertex 7.69061 -41.6128 4.75
      vertex 8.76163 -42.4347 4.75
      vertex 7.95797 -41.308 4.75
    endloop
  endfacet
  facet normal 0 0 1
    outer loop
      vertex 8.76163 -42.4347 4.75
      vertex 7.69061 -41.6128 4.75
      vertex 8.63446 -42.625 4.75
    endloop
  endfacet
  facet normal 0 0 1
    outer loop
      vertex 8.63446 -42.625 4.75
      vertex 7.46532 -41.95 4.75
      vertex 8.53321 -42.8303 4.75
    endloop
  endfacet
  facet normal -0 0 1
    outer loop
      vertex 7.46532 -41.95 4.75
      vertex 8.63446 -42.625 4.75
      vertex 7.69061 -41.6128 4.75
    endloop
  endfacet
  facet normal -0 0 1
    outer loop
      vertex 11.6655 -44.375 4.75
      vertex 12.8347 -45.05 4.75
      vertex 11.7668 -44.1697 4.75
    endloop
  endfacet
  facet normal 0 0 1
    outer loop
      vertex 12.8347 -45.05 4.75
      vertex 11.6655 -44.375 4.75
      vertex 12.6094 -45.3872 4.75
    endloop
  endfacet
  facet normal -0 0 1
    outer loop
      vertex 11.5384 -44.5653 4.75
      vertex 12.6094 -45.3872 4.75
      vertex 11.6655 -44.375 4.75
    endloop
  endfacet
  facet normal 0 0 1
    outer loop
      vertex 12.6094 -45.3872 4.75
      vertex 11.5384 -44.5653 4.75
      vertex 12.342 -45.692 4.75
    endloop
  endfacet
  facet normal -0 0 1
    outer loop
      vertex 11.3874 -44.7374 4.75
      vertex 12.342 -45.692 4.75
      vertex 11.5384 -44.5653 4.75
    endloop
  endfacet
  facet normal 0 0 1
    outer loop
      vertex 12.342 -45.692 4.75
      vertex 11.3874 -44.7374 4.75
      vertex 12.0372 -45.9594 4.75
    endloop
  endfacet
  facet normal -0 0 1
    outer loop
      vertex 11.2153 -44.8884 4.75
      vertex 12.0372 -45.9594 4.75
      vertex 11.3874 -44.7374 4.75
    endloop
  endfacet
  facet normal 0 0 1
    outer loop
      vertex 12.0372 -45.9594 4.75
      vertex 11.2153 -44.8884 4.75
      vertex 11.7 -46.1847 4.75
    endloop
  endfacet
  facet normal -0 0 1
    outer loop
      vertex 11.025 -45.0155 4.75
      vertex 11.7 -46.1847 4.75
      vertex 11.2153 -44.8884 4.75
    endloop
  endfacet
  facet normal 0 0 1
    outer loop
      vertex 11.7 -46.1847 4.75
      vertex 11.025 -45.0155 4.75
      vertex 11.3363 -46.364 4.75
    endloop
  endfacet
  facet normal -0 0 1
    outer loop
      vertex 10.8197 -45.1168 4.75
      vertex 11.3363 -46.364 4.75
      vertex 11.025 -45.0155 4.75
    endloop
  endfacet
  facet normal 0 0 1
    outer loop
      vertex 11.3363 -46.364 4.75
      vertex 10.8197 -45.1168 4.75
      vertex 10.9523 -46.4944 4.75
    endloop
  endfacet
  facet normal -0 0 1
    outer loop
      vertex 10.6029 -45.1904 4.75
      vertex 10.9523 -46.4944 4.75
      vertex 10.8197 -45.1168 4.75
    endloop
  endfacet
  facet normal 0 0 1
    outer loop
      vertex 10.6029 -45.1904 4.75
      vertex 10.5546 -46.5735 4.75
      vertex 10.9523 -46.4944 4.75
    endloop
  endfacet
  facet normal -0 0 1
    outer loop
      vertex 10.3784 -45.235 4.75
      vertex 10.5546 -46.5735 4.75
      vertex 10.6029 -45.1904 4.75
    endloop
  endfacet
  facet normal -0 0 1
    outer loop
      vertex 10.15 -45.25 4.75
      vertex 10.5546 -46.5735 4.75
      vertex 10.3784 -45.235 4.75
    endloop
  endfacet
  facet normal 0 0 1
    outer loop
      vertex 10.15 -45.25 4.75
      vertex 10.15 -46.6 4.75
      vertex 10.5546 -46.5735 4.75
    endloop
  endfacet
  facet normal 0 0 1
    outer loop
      vertex 9.92158 -45.235 4.75
      vertex 10.15 -46.6 4.75
      vertex 10.15 -45.25 4.75
    endloop
  endfacet
  facet normal 0 0 1
    outer loop
      vertex 9.92158 -45.235 4.75
      vertex 9.74537 -46.5735 4.75
      vertex 10.15 -46.6 4.75
    endloop
  endfacet
  facet normal 0 0 1
    outer loop
      vertex 9.69707 -45.1904 4.75
      vertex 9.74537 -46.5735 4.75
      vertex 9.92158 -45.235 4.75
    endloop
  endfacet
  facet normal 0 0 1
    outer loop
      vertex 9.34766 -46.4944 4.75
      vertex 9.69707 -45.1904 4.75
      vertex 9.4803 -45.1168 4.75
    endloop
  endfacet
  facet normal 0 0 1
    outer loop
      vertex 9.69707 -45.1904 4.75
      vertex 9.34766 -46.4944 4.75
      vertex 9.74537 -46.5735 4.75
    endloop
  endfacet
  facet normal 0 0 1
    outer loop
      vertex 8.96368 -46.364 4.75
      vertex 9.4803 -45.1168 4.75
      vertex 9.275 -45.0155 4.75
    endloop
  endfacet
  facet normal 0 0 1
    outer loop
      vertex 8.6 -46.1847 4.75
      vertex 9.275 -45.0155 4.75
      vertex 9.08467 -44.8884 4.75
    endloop
  endfacet
  facet normal 0 0 1
    outer loop
      vertex 9.4803 -45.1168 4.75
      vertex 8.96368 -46.364 4.75
      vertex 9.34766 -46.4944 4.75
    endloop
  endfacet
  facet normal 0 0 1
    outer loop
      vertex 8.26284 -45.9594 4.75
      vertex 9.08467 -44.8884 4.75
      vertex 8.91256 -44.7374 4.75
    endloop
  endfacet
  facet normal 0 0 1
    outer loop
      vertex 7.95797 -45.692 4.75
      vertex 8.91256 -44.7374 4.75
      vertex 8.76163 -44.5653 4.75
    endloop
  endfacet
  facet normal 0 0 1
    outer loop
      vertex 7.69061 -45.3872 4.75
      vertex 8.76163 -44.5653 4.75
      vertex 8.63446 -44.375 4.75
    endloop
  endfacet
  facet normal 0 0 1
    outer loop
      vertex 9.275 -45.0155 4.75
      vertex 8.6 -46.1847 4.75
      vertex 8.96368 -46.364 4.75
    endloop
  endfacet
  facet normal 0 0 1
    outer loop
      vertex 7.46532 -45.05 4.75
      vertex 8.63446 -44.375 4.75
      vertex 8.53321 -44.1697 4.75
    endloop
  endfacet
  facet normal 0 0 1
    outer loop
      vertex 7.28597 -44.6863 4.75
      vertex 8.53321 -44.1697 4.75
      vertex 8.45963 -43.9529 4.75
    endloop
  endfacet
  facet normal 0 0 1
    outer loop
      vertex 7.15563 -44.3023 4.75
      vertex 8.45963 -43.9529 4.75
      vertex 8.41497 -43.7284 4.75
    endloop
  endfacet
  facet normal 0 0 1
    outer loop
      vertex 9.08467 -44.8884 4.75
      vertex 8.26284 -45.9594 4.75
      vertex 8.6 -46.1847 4.75
    endloop
  endfacet
  facet normal 0 0 1
    outer loop
      vertex 7.07652 -43.9046 4.75
      vertex 8.41497 -43.7284 4.75
      vertex 8.4 -43.5 4.75
    endloop
  endfacet
  facet normal -0 0 1
    outer loop
      vertex 7.28597 -42.3137 4.75
      vertex 8.53321 -42.8303 4.75
      vertex 7.46532 -41.95 4.75
    endloop
  endfacet
  facet normal 0 0 1
    outer loop
      vertex 8.53321 -42.8303 4.75
      vertex 7.28597 -42.3137 4.75
      vertex 8.45963 -43.0471 4.75
    endloop
  endfacet
  facet normal 0 0 1
    outer loop
      vertex 8.91256 -44.7374 4.75
      vertex 7.95797 -45.692 4.75
      vertex 8.26284 -45.9594 4.75
    endloop
  endfacet
  facet normal -0 0 1
    outer loop
      vertex 7.15563 -42.6977 4.75
      vertex 8.45963 -43.0471 4.75
      vertex 7.28597 -42.3137 4.75
    endloop
  endfacet
  facet normal 0 0 1
    outer loop
      vertex 8.76163 -44.5653 4.75
      vertex 7.69061 -45.3872 4.75
      vertex 7.95797 -45.692 4.75
    endloop
  endfacet
  facet normal 0 0 1
    outer loop
      vertex 8.45963 -43.0471 4.75
      vertex 7.15563 -42.6977 4.75
      vertex 8.41497 -43.2716 4.75
    endloop
  endfacet
  facet normal 0 0 1
    outer loop
      vertex 8.63446 -44.375 4.75
      vertex 7.46532 -45.05 4.75
      vertex 7.69061 -45.3872 4.75
    endloop
  endfacet
  facet normal -0 0 1
    outer loop
      vertex 7.07652 -43.0954 4.75
      vertex 8.41497 -43.2716 4.75
      vertex 7.15563 -42.6977 4.75
    endloop
  endfacet
  facet normal 0 0 1
    outer loop
      vertex 8.53321 -44.1697 4.75
      vertex 7.28597 -44.6863 4.75
      vertex 7.46532 -45.05 4.75
    endloop
  endfacet
  facet normal 0 0 1
    outer loop
      vertex 8.41497 -43.2716 4.75
      vertex 7.07652 -43.0954 4.75
      vertex 8.4 -43.5 4.75
    endloop
  endfacet
  facet normal 0 0 1
    outer loop
      vertex 8.45963 -43.9529 4.75
      vertex 7.15563 -44.3023 4.75
      vertex 7.28597 -44.6863 4.75
    endloop
  endfacet
  facet normal 0 0 1
    outer loop
      vertex 7.05 -43.5 4.75
      vertex 8.4 -43.5 4.75
      vertex 7.07652 -43.0954 4.75
    endloop
  endfacet
  facet normal 0 0 1
    outer loop
      vertex 8.41497 -43.7284 4.75
      vertex 7.07652 -43.9046 4.75
      vertex 7.15563 -44.3023 4.75
    endloop
  endfacet
  facet normal 0 0 1
    outer loop
      vertex 8.4 -43.5 4.75
      vertex 7.05 -43.5 4.75
      vertex 7.07652 -43.9046 4.75
    endloop
  endfacet
  facet normal -0.195068 0.98079 0
    outer loop
      vertex 9.74537 -40.4265 2.2
      vertex 9.34766 -40.5056 4.75
      vertex 9.74537 -40.4265 4.75
    endloop
  endfacet
  facet normal -0.195068 0.98079 0
    outer loop
      vertex 9.34766 -40.5056 4.75
      vertex 9.74537 -40.4265 2.2
      vertex 9.34766 -40.5056 2.2
    endloop
  endfacet
  facet normal 0.896928 -0.442176 0
    outer loop
      vertex 12.8347 -45.05 4.75
      vertex 13.014 -44.6863 2.2
      vertex 13.014 -44.6863 4.75
    endloop
  endfacet
  facet normal 0.896928 -0.442176 0
    outer loop
      vertex 13.014 -44.6863 2.2
      vertex 12.8347 -45.05 4.75
      vertex 12.8347 -45.05 2.2
    endloop
  endfacet
  facet normal 0.195073 -0.980789 0
    outer loop
      vertex 10.5546 -46.5735 4
      vertex 10.9523 -46.4944 4.75
      vertex 10.5546 -46.5735 4.75
    endloop
  endfacet
  facet normal 0.195073 -0.980789 0
    outer loop
      vertex 10.9523 -46.4944 4.75
      vertex 10.5546 -46.5735 4
      vertex 10.9523 -46.4944 4
    endloop
  endfacet
  facet normal 0.946893 0.321549 0
    outer loop
      vertex 13.1444 -42.6977 4.75
      vertex 13.014 -42.3137 2.2
      vertex 13.014 -42.3137 4.75
    endloop
  endfacet
  facet normal 0.946893 0.321549 0
    outer loop
      vertex 13.014 -42.3137 2.2
      vertex 13.1444 -42.6977 4.75
      vertex 13.1444 -42.6977 2.2
    endloop
  endfacet
  facet normal 0.980789 0.195073 0
    outer loop
      vertex 13.2235 -43.0954 4.75
      vertex 13.1444 -42.6977 2.2
      vertex 13.1444 -42.6977 4.75
    endloop
  endfacet
  facet normal 0.980789 0.195073 0
    outer loop
      vertex 13.1444 -42.6977 2.2
      vertex 13.2235 -43.0954 4.75
      vertex 13.2235 -43.0954 2.2
    endloop
  endfacet
  facet normal 0.751721 0.659482 0
    outer loop
      vertex 12.6094 -41.6128 4.75
      vertex 12.342 -41.308 2.2
      vertex 12.342 -41.308 4.75
    endloop
  endfacet
  facet normal 0.751721 0.659482 0
    outer loop
      vertex 12.342 -41.308 2.2
      vertex 12.6094 -41.6128 4.75
      vertex 12.6094 -41.6128 2.2
    endloop
  endfacet
  facet normal 0.831481 0.555553 0
    outer loop
      vertex 12.8347 -41.95 4.75
      vertex 12.6094 -41.6128 2.2
      vertex 12.6094 -41.6128 4.75
    endloop
  endfacet
  facet normal 0.831481 0.555553 0
    outer loop
      vertex 12.6094 -41.6128 2.2
      vertex 12.8347 -41.95 4.75
      vertex 12.8347 -41.95 2.2
    endloop
  endfacet
  facet normal 0.0653568 0.997862 -0
    outer loop
      vertex 10.5546 -40.4265 2.2
      vertex 10.15 -40.4 4.75
      vertex 10.5546 -40.4265 4.75
    endloop
  endfacet
  facet normal 0.0653568 0.997862 0
    outer loop
      vertex 10.15 -40.4 4.75
      vertex 10.5546 -40.4265 2.2
      vertex 10.15 -40.4 2.2
    endloop
  endfacet
  facet normal 0.555553 0.831481 -0
    outer loop
      vertex 12.0372 -41.0406 2.2
      vertex 11.7 -40.8153 4.75
      vertex 12.0372 -41.0406 4.75
    endloop
  endfacet
  facet normal 0.555553 0.831481 0
    outer loop
      vertex 11.7 -40.8153 4.75
      vertex 12.0372 -41.0406 2.2
      vertex 11.7 -40.8153 2.2
    endloop
  endfacet
  facet normal -0.83153 0.555481 0
    outer loop
      vertex 7.62 -41.7185 4
      vertex 7.69061 -41.6128 2.2
      vertex 7.62 -41.7185 2.2
    endloop
  endfacet
  facet normal -0.83153 0.555481 0
    outer loop
      vertex 7.69061 -41.6128 2.2
      vertex 7.62 -41.7185 4
      vertex 7.69061 -41.6128 4.75
    endloop
  endfacet
  facet normal -0.831475 0.555562 0
    outer loop
      vertex 7.46532 -41.95 4.75
      vertex 7.62 -41.7185 4
      vertex 7.46532 -41.95 4
    endloop
  endfacet
  facet normal -0.831492 0.555536 -1.13792e-05
    outer loop
      vertex 7.62 -41.7185 4
      vertex 7.46532 -41.95 4.75
      vertex 7.69061 -41.6128 4.75
    endloop
  endfacet
  facet normal -0.946938 0.321416 0
    outer loop
      vertex 7.15563 -42.6977 4
      vertex 7.28597 -42.3137 4.75
      vertex 7.28597 -42.3137 4
    endloop
  endfacet
  facet normal -0.946938 0.321416 0
    outer loop
      vertex 7.28597 -42.3137 4.75
      vertex 7.15563 -42.6977 4
      vertex 7.15563 -42.6977 4.75
    endloop
  endfacet
  facet normal -0.980784 0.195096 0
    outer loop
      vertex 7.07652 -43.0954 4
      vertex 7.15563 -42.6977 4.75
      vertex 7.15563 -42.6977 4
    endloop
  endfacet
  facet normal -0.980784 0.195096 0
    outer loop
      vertex 7.15563 -42.6977 4.75
      vertex 7.07652 -43.0954 4
      vertex 7.07652 -43.0954 4.75
    endloop
  endfacet
  facet normal -0.442195 0.896919 0
    outer loop
      vertex 8.96368 -40.636 2.2
      vertex 8.6 -40.8153 4.75
      vertex 8.96368 -40.636 4.75
    endloop
  endfacet
  facet normal -0.442195 0.896919 0
    outer loop
      vertex 8.6 -40.8153 4.75
      vertex 8.96368 -40.636 2.2
      vertex 8.6 -40.8153 2.2
    endloop
  endfacet
  facet normal -0.555599 0.83145 0
    outer loop
      vertex 8.6 -40.8153 2.2
      vertex 8.26284 -41.0406 4.75
      vertex 8.6 -40.8153 4.75
    endloop
  endfacet
  facet normal -0.555599 0.83145 0
    outer loop
      vertex 8.26284 -41.0406 4.75
      vertex 8.6 -40.8153 2.2
      vertex 8.26284 -41.0406 2.2
    endloop
  endfacet
  facet normal 0.751721 -0.659482 0
    outer loop
      vertex 12.342 -45.692 4.75
      vertex 12.6094 -45.3872 2.2
      vertex 12.6094 -45.3872 4.75
    endloop
  endfacet
  facet normal 0.751721 -0.659482 0
    outer loop
      vertex 12.6094 -45.3872 2.2
      vertex 12.342 -45.692 4.75
      vertex 12.342 -45.692 2.2
    endloop
  endfacet
  facet normal 0.946893 -0.321549 0
    outer loop
      vertex 13.014 -44.6863 4.75
      vertex 13.1444 -44.3023 2.2
      vertex 13.1444 -44.3023 4.75
    endloop
  endfacet
  facet normal 0.946893 -0.321549 0
    outer loop
      vertex 13.1444 -44.3023 2.2
      vertex 13.014 -44.6863 4.75
      vertex 13.014 -44.6863 2.2
    endloop
  endfacet
  facet normal 0.980789 -0.195073 0
    outer loop
      vertex 13.1444 -44.3023 4.75
      vertex 13.2235 -43.9046 2.2
      vertex 13.2235 -43.9046 4.75
    endloop
  endfacet
  facet normal 0.980789 -0.195073 0
    outer loop
      vertex 13.2235 -43.9046 2.2
      vertex 13.1444 -44.3023 4.75
      vertex 13.1444 -44.3023 2.2
    endloop
  endfacet
  facet normal -0.659396 -0.751796 0
    outer loop
      vertex 7.95797 -45.692 2.2
      vertex 8.26284 -45.9594 4.75
      vertex 7.95797 -45.692 4.75
    endloop
  endfacet
  facet normal -0.659396 -0.751796 -0
    outer loop
      vertex 8.26284 -45.9594 4.75
      vertex 7.95797 -45.692 2.2
      vertex 8.26284 -45.9594 2.2
    endloop
  endfacet
  facet normal -0.89688 -0.442275 0
    outer loop
      vertex 7.46532 -45.05 4
      vertex 7.28597 -44.6863 4.75
      vertex 7.28597 -44.6863 4
    endloop
  endfacet
  facet normal -0.89688 -0.442275 0
    outer loop
      vertex 7.28597 -44.6863 4.75
      vertex 7.46532 -45.05 4
      vertex 7.46532 -45.05 4.75
    endloop
  endfacet
  facet normal -0.751769 -0.659426 0
    outer loop
      vertex 7.95797 -45.692 2.2
      vertex 7.69061 -45.3872 4.75
      vertex 7.69061 -45.3872 2.2
    endloop
  endfacet
  facet normal -0.751769 -0.659426 0
    outer loop
      vertex 7.69061 -45.3872 4.75
      vertex 7.95797 -45.692 2.2
      vertex 7.95797 -45.692 4.75
    endloop
  endfacet
  facet normal -0.997859 -0.0654059 0
    outer loop
      vertex 7.07652 -43.9046 4
      vertex 7.05 -43.5 4.75
      vertex 7.05 -43.5 4
    endloop
  endfacet
  facet normal -0.997859 -0.0654059 0
    outer loop
      vertex 7.05 -43.5 4.75
      vertex 7.07652 -43.9046 4
      vertex 7.07652 -43.9046 4.75
    endloop
  endfacet
  facet normal 0.831481 -0.555553 0
    outer loop
      vertex 12.6094 -45.3872 4.75
      vertex 12.8347 -45.05 2.2
      vertex 12.8347 -45.05 4.75
    endloop
  endfacet
  facet normal 0.831481 -0.555553 0
    outer loop
      vertex 12.8347 -45.05 2.2
      vertex 12.6094 -45.3872 4.75
      vertex 12.6094 -45.3872 2.2
    endloop
  endfacet
  facet normal 0.997862 -0.0653568 0
    outer loop
      vertex 13.2235 -43.9046 4.75
      vertex 13.25 -43.5 2.2
      vertex 13.25 -43.5 4.75
    endloop
  endfacet
  facet normal 0.997862 -0.0653568 0
    outer loop
      vertex 13.25 -43.5 2.2
      vertex 13.2235 -43.9046 4.75
      vertex 13.2235 -43.9046 2.2
    endloop
  endfacet
  facet normal -0.442195 -0.896919 0
    outer loop
      vertex 8.6 -46.1847 4
      vertex 8.96368 -46.364 4.75
      vertex 8.6 -46.1847 4.75
    endloop
  endfacet
  facet normal -0.442195 -0.896919 -0
    outer loop
      vertex 8.96368 -46.364 4.75
      vertex 8.6 -46.1847 4
      vertex 8.96368 -46.364 4
    endloop
  endfacet
  facet normal -0.980784 -0.195096 0
    outer loop
      vertex 7.15563 -44.3023 4
      vertex 7.07652 -43.9046 4.75
      vertex 7.07652 -43.9046 4
    endloop
  endfacet
  facet normal -0.980784 -0.195096 0
    outer loop
      vertex 7.07652 -43.9046 4.75
      vertex 7.15563 -44.3023 4
      vertex 7.15563 -44.3023 4.75
    endloop
  endfacet
  facet normal -0.946938 -0.321416 0
    outer loop
      vertex 7.28597 -44.6863 4
      vertex 7.15563 -44.3023 4.75
      vertex 7.15563 -44.3023 4
    endloop
  endfacet
  facet normal -0.946938 -0.321416 0
    outer loop
      vertex 7.15563 -44.3023 4.75
      vertex 7.28597 -44.6863 4
      vertex 7.28597 -44.6863 4.75
    endloop
  endfacet
  facet normal 0.442176 -0.896928 0
    outer loop
      vertex 11.3363 -46.364 4
      vertex 11.7 -46.1847 4.75
      vertex 11.3363 -46.364 4.75
    endloop
  endfacet
  facet normal 0.442176 -0.896928 0
    outer loop
      vertex 11.7 -46.1847 4.75
      vertex 11.3363 -46.364 4
      vertex 11.7 -46.1847 4
    endloop
  endfacet
  facet normal 0.321549 -0.946893 0
    outer loop
      vertex 10.9523 -46.4944 4
      vertex 11.3363 -46.364 4.75
      vertex 10.9523 -46.4944 4.75
    endloop
  endfacet
  facet normal 0.321549 -0.946893 0
    outer loop
      vertex 11.3363 -46.364 4.75
      vertex 10.9523 -46.4944 4
      vertex 11.3363 -46.364 4
    endloop
  endfacet
  facet normal 0.659482 -0.751721 0
    outer loop
      vertex 12.0372 -45.9594 2.2
      vertex 12.342 -45.692 4.75
      vertex 12.0372 -45.9594 4.75
    endloop
  endfacet
  facet normal 0.659482 -0.751721 0
    outer loop
      vertex 12.342 -45.692 4.75
      vertex 12.0372 -45.9594 2.2
      vertex 12.342 -45.692 2.2
    endloop
  endfacet
  facet normal 0.555612 -0.831442 0
    outer loop
      vertex 11.9315 -46.03 4
      vertex 11.7 -46.1847 4.75
      vertex 11.7 -46.1847 4
    endloop
  endfacet
  facet normal 0.555553 -0.831481 -2.59406e-05
    outer loop
      vertex 11.7 -46.1847 4.75
      vertex 11.9315 -46.03 4
      vertex 12.0372 -45.9594 4.75
    endloop
  endfacet
  facet normal 0.555426 -0.831566 0
    outer loop
      vertex 12.0372 -45.9594 2.2
      vertex 11.9315 -46.03 4
      vertex 11.9315 -46.03 2.2
    endloop
  endfacet
  facet normal 0.555426 -0.831566 0
    outer loop
      vertex 11.9315 -46.03 4
      vertex 12.0372 -45.9594 2.2
      vertex 12.0372 -45.9594 4.75
    endloop
  endfacet
  facet normal -0.321564 -0.946888 0
    outer loop
      vertex 8.96368 -46.364 4
      vertex 9.34766 -46.4944 4.75
      vertex 8.96368 -46.364 4.75
    endloop
  endfacet
  facet normal -0.321564 -0.946888 -0
    outer loop
      vertex 9.34766 -46.4944 4.75
      vertex 8.96368 -46.364 4
      vertex 9.34766 -46.4944 4
    endloop
  endfacet
  facet normal -0.0653519 -0.997862 0
    outer loop
      vertex 9.74537 -46.5735 4
      vertex 10.15 -46.6 4.75
      vertex 9.74537 -46.5735 4.75
    endloop
  endfacet
  facet normal -0.0653519 -0.997862 -0
    outer loop
      vertex 10.15 -46.6 4.75
      vertex 9.74537 -46.5735 4
      vertex 10.15 -46.6 4
    endloop
  endfacet
  facet normal -0.555599 -0.83145 3.44062e-05
    outer loop
      vertex 8.26284 -45.9594 4.75
      vertex 8.3454 -46.0146 4
      vertex 8.6 -46.1847 4.75
    endloop
  endfacet
  facet normal -0.555815 -0.831306 0
    outer loop
      vertex 8.26284 -45.9594 2.2
      vertex 8.3454 -46.0146 4
      vertex 8.26284 -45.9594 4.75
    endloop
  endfacet
  facet normal -0.555815 -0.831306 -0
    outer loop
      vertex 8.3454 -46.0146 4
      vertex 8.26284 -45.9594 2.2
      vertex 8.3454 -46.0146 2.2
    endloop
  endfacet
  facet normal -0.555529 -0.831497 -0
    outer loop
      vertex 8.6 -46.1847 4.75
      vertex 8.3454 -46.0146 4
      vertex 8.6 -46.1847 4
    endloop
  endfacet
  facet normal -0.83157 -0.55542 0
    outer loop
      vertex 7.63544 -45.3046 2.2
      vertex 7.69061 -45.3872 2.2
      vertex 7.63544 -45.3046 4
    endloop
  endfacet
  facet normal -0.831467 -0.555574 0
    outer loop
      vertex 7.63544 -45.3046 4
      vertex 7.46532 -45.05 4.75
      vertex 7.46532 -45.05 4
    endloop
  endfacet
  facet normal -0.831492 -0.555536 -1.85105e-05
    outer loop
      vertex 7.63544 -45.3046 4
      vertex 7.69061 -45.3872 4.75
      vertex 7.46532 -45.05 4.75
    endloop
  endfacet
  facet normal -0.83157 -0.55542 -0
    outer loop
      vertex 7.69061 -45.3872 4.75
      vertex 7.63544 -45.3046 4
      vertex 7.69061 -45.3872 2.2
    endloop
  endfacet
  facet normal -0.195068 -0.98079 0
    outer loop
      vertex 9.34766 -46.4944 4
      vertex 9.74537 -46.5735 4.75
      vertex 9.34766 -46.4944 4.75
    endloop
  endfacet
  facet normal -0.195068 -0.98079 -0
    outer loop
      vertex 9.74537 -46.5735 4.75
      vertex 9.34766 -46.4944 4
      vertex 9.74537 -46.5735 4
    endloop
  endfacet
  facet normal -0.99785 -0.0655331 0
    outer loop
      vertex 11.9 -43.5 2.2
      vertex 11.885 -43.2716 4.75
      vertex 11.885 -43.2716 2.2
    endloop
  endfacet
  facet normal -0.99785 -0.0655331 0
    outer loop
      vertex 11.885 -43.2716 4.75
      vertex 11.9 -43.5 2.2
      vertex 11.9 -43.5 4.75
    endloop
  endfacet
  facet normal 0.997859 -0.0654026 0
    outer loop
      vertex 8.4 -43.5 4.75
      vertex 8.41497 -43.2716 2.2
      vertex 8.41497 -43.2716 4.75
    endloop
  endfacet
  facet normal 0.997859 -0.0654026 0
    outer loop
      vertex 8.41497 -43.2716 2.2
      vertex 8.4 -43.5 4.75
      vertex 8.4 -43.5 2.2
    endloop
  endfacet
  facet normal -0.0655331 -0.99785 0
    outer loop
      vertex 10.15 -41.75 2.2
      vertex 10.3784 -41.765 4.75
      vertex 10.15 -41.75 4.75
    endloop
  endfacet
  facet normal -0.0655331 -0.99785 -0
    outer loop
      vertex 10.3784 -41.765 4.75
      vertex 10.15 -41.75 2.2
      vertex 10.3784 -41.765 2.2
    endloop
  endfacet
  facet normal -0.659524 -0.751683 0
    outer loop
      vertex 11.2153 -42.1116 2.2
      vertex 11.3874 -42.2626 4.75
      vertex 11.2153 -42.1116 4.75
    endloop
  endfacet
  facet normal -0.659524 -0.751683 -0
    outer loop
      vertex 11.3874 -42.2626 4.75
      vertex 11.2153 -42.1116 2.2
      vertex 11.3874 -42.2626 2.2
    endloop
  endfacet
  facet normal 0.659503 -0.751702 0
    outer loop
      vertex 8.91256 -42.2626 2.2
      vertex 9.08467 -42.1116 4.75
      vertex 8.91256 -42.2626 4.75
    endloop
  endfacet
  facet normal 0.659503 -0.751702 0
    outer loop
      vertex 9.08467 -42.1116 4.75
      vertex 8.91256 -42.2626 2.2
      vertex 9.08467 -42.1116 2.2
    endloop
  endfacet
  facet normal 0.321504 -0.946908 0
    outer loop
      vertex 9.4803 -41.8832 2.2
      vertex 9.69707 -41.8096 4.75
      vertex 9.4803 -41.8832 4.75
    endloop
  endfacet
  facet normal 0.321504 -0.946908 0
    outer loop
      vertex 9.69707 -41.8096 4.75
      vertex 9.4803 -41.8832 2.2
      vertex 9.69707 -41.8096 2.2
    endloop
  endfacet
  facet normal 0.980782 0.195108 0
    outer loop
      vertex 8.45963 -43.9529 4.75
      vertex 8.41497 -43.7284 2.2
      vertex 8.41497 -43.7284 4.75
    endloop
  endfacet
  facet normal 0.980782 0.195108 0
    outer loop
      vertex 8.41497 -43.7284 2.2
      vertex 8.45963 -43.9529 4.75
      vertex 8.45963 -43.9529 2.2
    endloop
  endfacet
  facet normal -0.896774 -0.44249 0
    outer loop
      vertex 11.7668 -42.8303 2.2
      vertex 11.6655 -42.625 4.75
      vertex 11.6655 -42.625 2.2
    endloop
  endfacet
  facet normal -0.896774 -0.44249 0
    outer loop
      vertex 11.6655 -42.625 4.75
      vertex 11.7668 -42.8303 2.2
      vertex 11.7668 -42.8303 4.75
    endloop
  endfacet
  facet normal -0.831579 -0.555406 0
    outer loop
      vertex 11.6655 -42.625 2.2
      vertex 11.5384 -42.4347 4.75
      vertex 11.5384 -42.4347 2.2
    endloop
  endfacet
  facet normal -0.831579 -0.555406 0
    outer loop
      vertex 11.5384 -42.4347 4.75
      vertex 11.6655 -42.625 2.2
      vertex 11.6655 -42.625 4.75
    endloop
  endfacet
  facet normal -0.44249 -0.896774 0
    outer loop
      vertex 10.8197 -41.8832 2.2
      vertex 11.025 -41.9845 4.75
      vertex 10.8197 -41.8832 4.75
    endloop
  endfacet
  facet normal -0.44249 -0.896774 -0
    outer loop
      vertex 11.025 -41.9845 4.75
      vertex 10.8197 -41.8832 2.2
      vertex 11.025 -41.9845 2.2
    endloop
  endfacet
  facet normal -0.555406 -0.831579 0
    outer loop
      vertex 11.025 -41.9845 2.2
      vertex 11.2153 -42.1116 4.75
      vertex 11.025 -41.9845 4.75
    endloop
  endfacet
  facet normal -0.555406 -0.831579 -0
    outer loop
      vertex 11.2153 -42.1116 4.75
      vertex 11.025 -41.9845 2.2
      vertex 11.2153 -42.1116 2.2
    endloop
  endfacet
  facet normal 0.89686 -0.442314 0
    outer loop
      vertex 8.53321 -42.8303 4.75
      vertex 8.63446 -42.625 2.2
      vertex 8.63446 -42.625 4.75
    endloop
  endfacet
  facet normal 0.89686 -0.442314 0
    outer loop
      vertex 8.63446 -42.625 2.2
      vertex 8.53321 -42.8303 4.75
      vertex 8.53321 -42.8303 2.2
    endloop
  endfacet
  facet normal 0.831438 -0.555617 0
    outer loop
      vertex 8.63446 -42.625 4.75
      vertex 8.76163 -42.4347 2.2
      vertex 8.76163 -42.4347 4.75
    endloop
  endfacet
  facet normal 0.831438 -0.555617 0
    outer loop
      vertex 8.76163 -42.4347 2.2
      vertex 8.63446 -42.625 4.75
      vertex 8.63446 -42.625 2.2
    endloop
  endfacet
  facet normal 0.44249 -0.896774 0
    outer loop
      vertex 9.275 -41.9845 2.2
      vertex 9.4803 -41.8832 4.75
      vertex 9.275 -41.9845 4.75
    endloop
  endfacet
  facet normal 0.44249 -0.896774 0
    outer loop
      vertex 9.4803 -41.8832 4.75
      vertex 9.275 -41.9845 2.2
      vertex 9.4803 -41.8832 2.2
    endloop
  endfacet
  facet normal 0.0655274 -0.997851 0
    outer loop
      vertex 9.92158 -41.765 2.2
      vertex 10.15 -41.75 4.75
      vertex 9.92158 -41.765 4.75
    endloop
  endfacet
  facet normal 0.0655274 -0.997851 0
    outer loop
      vertex 10.15 -41.75 4.75
      vertex 9.92158 -41.765 2.2
      vertex 10.15 -41.75 2.2
    endloop
  endfacet
  facet normal -0.946922 0.321464 0
    outer loop
      vertex 11.7668 -44.1697 2.2
      vertex 11.8404 -43.9529 4.75
      vertex 11.8404 -43.9529 2.2
    endloop
  endfacet
  facet normal -0.946922 0.321464 0
    outer loop
      vertex 11.8404 -43.9529 4.75
      vertex 11.7668 -44.1697 2.2
      vertex 11.7668 -44.1697 4.75
    endloop
  endfacet
  facet normal -0.194856 0.980832 0
    outer loop
      vertex 10.6029 -45.1904 2.2
      vertex 10.3784 -45.235 4.75
      vertex 10.6029 -45.1904 4.75
    endloop
  endfacet
  facet normal -0.194856 0.980832 0
    outer loop
      vertex 10.3784 -45.235 4.75
      vertex 10.6029 -45.1904 2.2
      vertex 10.3784 -45.235 2.2
    endloop
  endfacet
  facet normal -0.0655331 0.99785 0
    outer loop
      vertex 10.3784 -45.235 2.2
      vertex 10.15 -45.25 4.75
      vertex 10.3784 -45.235 4.75
    endloop
  endfacet
  facet normal -0.0655331 0.99785 0
    outer loop
      vertex 10.15 -45.25 4.75
      vertex 10.3784 -45.235 2.2
      vertex 10.15 -45.25 2.2
    endloop
  endfacet
  facet normal -0.751683 0.659524 0
    outer loop
      vertex 11.3874 -44.7374 2.2
      vertex 11.5384 -44.5653 4.75
      vertex 11.5384 -44.5653 2.2
    endloop
  endfacet
  facet normal -0.751683 0.659524 0
    outer loop
      vertex 11.5384 -44.5653 4.75
      vertex 11.3874 -44.7374 2.2
      vertex 11.3874 -44.7374 4.75
    endloop
  endfacet
  facet normal 0.321504 0.946908 -0
    outer loop
      vertex 9.69707 -45.1904 2.2
      vertex 9.4803 -45.1168 4.75
      vertex 9.69707 -45.1904 4.75
    endloop
  endfacet
  facet normal 0.321504 0.946908 0
    outer loop
      vertex 9.4803 -45.1168 4.75
      vertex 9.69707 -45.1904 2.2
      vertex 9.4803 -45.1168 2.2
    endloop
  endfacet
  facet normal 0.89686 0.442314 0
    outer loop
      vertex 8.63446 -44.375 4.75
      vertex 8.53321 -44.1697 2.2
      vertex 8.53321 -44.1697 4.75
    endloop
  endfacet
  facet normal 0.89686 0.442314 0
    outer loop
      vertex 8.53321 -44.1697 2.2
      vertex 8.63446 -44.375 4.75
      vertex 8.63446 -44.375 2.2
    endloop
  endfacet
  facet normal 0.831438 0.555617 0
    outer loop
      vertex 8.76163 -44.5653 4.75
      vertex 8.63446 -44.375 2.2
      vertex 8.63446 -44.375 4.75
    endloop
  endfacet
  facet normal 0.831438 0.555617 0
    outer loop
      vertex 8.63446 -44.375 2.2
      vertex 8.76163 -44.5653 4.75
      vertex 8.76163 -44.5653 2.2
    endloop
  endfacet
  facet normal 0.997859 0.0654026 0
    outer loop
      vertex 8.41497 -43.7284 4.75
      vertex 8.4 -43.5 2.2
      vertex 8.4 -43.5 4.75
    endloop
  endfacet
  facet normal 0.997859 0.0654026 0
    outer loop
      vertex 8.4 -43.5 2.2
      vertex 8.41497 -43.7284 4.75
      vertex 8.41497 -43.7284 2.2
    endloop
  endfacet
  facet normal -0.946922 -0.321464 0
    outer loop
      vertex 11.8404 -43.0471 2.2
      vertex 11.7668 -42.8303 4.75
      vertex 11.7668 -42.8303 2.2
    endloop
  endfacet
  facet normal -0.946922 -0.321464 0
    outer loop
      vertex 11.7668 -42.8303 4.75
      vertex 11.8404 -43.0471 2.2
      vertex 11.8404 -43.0471 4.75
    endloop
  endfacet
  facet normal -0.980832 -0.194856 0
    outer loop
      vertex 11.885 -43.2716 2.2
      vertex 11.8404 -43.0471 4.75
      vertex 11.8404 -43.0471 2.2
    endloop
  endfacet
  facet normal -0.980832 -0.194856 0
    outer loop
      vertex 11.8404 -43.0471 4.75
      vertex 11.885 -43.2716 2.2
      vertex 11.885 -43.2716 4.75
    endloop
  endfacet
  facet normal -0.194856 -0.980832 0
    outer loop
      vertex 10.3784 -41.765 2.2
      vertex 10.6029 -41.8096 4.75
      vertex 10.3784 -41.765 4.75
    endloop
  endfacet
  facet normal -0.194856 -0.980832 -0
    outer loop
      vertex 10.6029 -41.8096 4.75
      vertex 10.3784 -41.765 2.2
      vertex 10.6029 -41.8096 2.2
    endloop
  endfacet
  facet normal 0.751835 -0.659352 0
    outer loop
      vertex 8.76163 -42.4347 4.75
      vertex 8.91256 -42.2626 2.2
      vertex 8.91256 -42.2626 4.75
    endloop
  endfacet
  facet normal 0.751835 -0.659352 0
    outer loop
      vertex 8.91256 -42.2626 2.2
      vertex 8.76163 -42.4347 4.75
      vertex 8.76163 -42.4347 2.2
    endloop
  endfacet
  facet normal 0.946948 -0.321386 0
    outer loop
      vertex 8.45963 -43.0471 4.75
      vertex 8.53321 -42.8303 2.2
      vertex 8.53321 -42.8303 4.75
    endloop
  endfacet
  facet normal 0.946948 -0.321386 0
    outer loop
      vertex 8.53321 -42.8303 2.2
      vertex 8.45963 -43.0471 4.75
      vertex 8.45963 -43.0471 2.2
    endloop
  endfacet
  facet normal 0.980782 -0.195108 0
    outer loop
      vertex 8.41497 -43.2716 4.75
      vertex 8.45963 -43.0471 2.2
      vertex 8.45963 -43.0471 4.75
    endloop
  endfacet
  facet normal 0.980782 -0.195108 0
    outer loop
      vertex 8.45963 -43.0471 2.2
      vertex 8.41497 -43.2716 4.75
      vertex 8.41497 -43.2716 2.2
    endloop
  endfacet
  facet normal 0.555345 -0.83162 0
    outer loop
      vertex 9.08467 -42.1116 2.2
      vertex 9.275 -41.9845 4.75
      vertex 9.08467 -42.1116 4.75
    endloop
  endfacet
  facet normal 0.555345 -0.83162 0
    outer loop
      vertex 9.275 -41.9845 4.75
      vertex 9.08467 -42.1116 2.2
      vertex 9.275 -41.9845 2.2
    endloop
  endfacet
  facet normal 0.194847 -0.980834 0
    outer loop
      vertex 9.69707 -41.8096 2.2
      vertex 9.92158 -41.765 4.75
      vertex 9.69707 -41.8096 4.75
    endloop
  endfacet
  facet normal 0.194847 -0.980834 0
    outer loop
      vertex 9.92158 -41.765 4.75
      vertex 9.69707 -41.8096 2.2
      vertex 9.92158 -41.765 2.2
    endloop
  endfacet
  facet normal -0.99785 0.0655331 0
    outer loop
      vertex 11.885 -43.7284 2.2
      vertex 11.9 -43.5 4.75
      vertex 11.9 -43.5 2.2
    endloop
  endfacet
  facet normal -0.99785 0.0655331 0
    outer loop
      vertex 11.9 -43.5 4.75
      vertex 11.885 -43.7284 2.2
      vertex 11.885 -43.7284 4.75
    endloop
  endfacet
  facet normal -0.44249 0.896774 0
    outer loop
      vertex 11.025 -45.0155 2.2
      vertex 10.8197 -45.1168 4.75
      vertex 11.025 -45.0155 4.75
    endloop
  endfacet
  facet normal -0.44249 0.896774 0
    outer loop
      vertex 10.8197 -45.1168 4.75
      vertex 11.025 -45.0155 2.2
      vertex 10.8197 -45.1168 2.2
    endloop
  endfacet
  facet normal -0.659524 0.751683 0
    outer loop
      vertex 11.3874 -44.7374 2.2
      vertex 11.2153 -44.8884 4.75
      vertex 11.3874 -44.7374 4.75
    endloop
  endfacet
  facet normal -0.659524 0.751683 0
    outer loop
      vertex 11.2153 -44.8884 4.75
      vertex 11.3874 -44.7374 2.2
      vertex 11.2153 -44.8884 2.2
    endloop
  endfacet
  facet normal -0.831579 0.555406 0
    outer loop
      vertex 11.5384 -44.5653 2.2
      vertex 11.6655 -44.375 4.75
      vertex 11.6655 -44.375 2.2
    endloop
  endfacet
  facet normal -0.831579 0.555406 0
    outer loop
      vertex 11.6655 -44.375 4.75
      vertex 11.5384 -44.5653 2.2
      vertex 11.5384 -44.5653 4.75
    endloop
  endfacet
  facet normal 0.555345 0.83162 -0
    outer loop
      vertex 9.275 -45.0155 2.2
      vertex 9.08467 -44.8884 4.75
      vertex 9.275 -45.0155 4.75
    endloop
  endfacet
  facet normal 0.555345 0.83162 0
    outer loop
      vertex 9.08467 -44.8884 4.75
      vertex 9.275 -45.0155 2.2
      vertex 9.08467 -44.8884 2.2
    endloop
  endfacet
  facet normal 0.659503 0.751702 -0
    outer loop
      vertex 9.08467 -44.8884 2.2
      vertex 8.91256 -44.7374 4.75
      vertex 9.08467 -44.8884 4.75
    endloop
  endfacet
  facet normal 0.659503 0.751702 0
    outer loop
      vertex 8.91256 -44.7374 4.75
      vertex 9.08467 -44.8884 2.2
      vertex 8.91256 -44.7374 2.2
    endloop
  endfacet
  facet normal 0.44249 0.896774 -0
    outer loop
      vertex 9.4803 -45.1168 2.2
      vertex 9.275 -45.0155 4.75
      vertex 9.4803 -45.1168 4.75
    endloop
  endfacet
  facet normal 0.44249 0.896774 0
    outer loop
      vertex 9.275 -45.0155 4.75
      vertex 9.4803 -45.1168 2.2
      vertex 9.275 -45.0155 2.2
    endloop
  endfacet
  facet normal 0.0655274 0.997851 -0
    outer loop
      vertex 10.15 -45.25 2.2
      vertex 9.92158 -45.235 4.75
      vertex 10.15 -45.25 4.75
    endloop
  endfacet
  facet normal 0.0655274 0.997851 0
    outer loop
      vertex 9.92158 -45.235 4.75
      vertex 10.15 -45.25 2.2
      vertex 9.92158 -45.235 2.2
    endloop
  endfacet
  facet normal 0.751835 0.659352 0
    outer loop
      vertex 8.91256 -44.7374 4.75
      vertex 8.76163 -44.5653 2.2
      vertex 8.76163 -44.5653 4.75
    endloop
  endfacet
  facet normal 0.751835 0.659352 0
    outer loop
      vertex 8.76163 -44.5653 2.2
      vertex 8.91256 -44.7374 4.75
      vertex 8.91256 -44.7374 2.2
    endloop
  endfacet
  facet normal 0.946948 0.321386 0
    outer loop
      vertex 8.53321 -44.1697 4.75
      vertex 8.45963 -43.9529 2.2
      vertex 8.45963 -43.9529 4.75
    endloop
  endfacet
  facet normal 0.946948 0.321386 0
    outer loop
      vertex 8.45963 -43.9529 2.2
      vertex 8.53321 -44.1697 4.75
      vertex 8.53321 -44.1697 2.2
    endloop
  endfacet
  facet normal -0.751683 -0.659524 0
    outer loop
      vertex 11.5384 -42.4347 2.2
      vertex 11.3874 -42.2626 4.75
      vertex 11.3874 -42.2626 2.2
    endloop
  endfacet
  facet normal -0.751683 -0.659524 0
    outer loop
      vertex 11.3874 -42.2626 4.75
      vertex 11.5384 -42.4347 2.2
      vertex 11.5384 -42.4347 4.75
    endloop
  endfacet
  facet normal -0.321464 -0.946922 0
    outer loop
      vertex 10.6029 -41.8096 2.2
      vertex 10.8197 -41.8832 4.75
      vertex 10.6029 -41.8096 4.75
    endloop
  endfacet
  facet normal -0.321464 -0.946922 -0
    outer loop
      vertex 10.8197 -41.8832 4.75
      vertex 10.6029 -41.8096 2.2
      vertex 10.8197 -41.8832 2.2
    endloop
  endfacet
  facet normal -0.321464 0.946922 0
    outer loop
      vertex 10.8197 -45.1168 2.2
      vertex 10.6029 -45.1904 4.75
      vertex 10.8197 -45.1168 4.75
    endloop
  endfacet
  facet normal -0.321464 0.946922 0
    outer loop
      vertex 10.6029 -45.1904 4.75
      vertex 10.8197 -45.1168 2.2
      vertex 10.6029 -45.1904 2.2
    endloop
  endfacet
  facet normal -0.555406 0.831579 0
    outer loop
      vertex 11.2153 -44.8884 2.2
      vertex 11.025 -45.0155 4.75
      vertex 11.2153 -44.8884 4.75
    endloop
  endfacet
  facet normal -0.555406 0.831579 0
    outer loop
      vertex 11.025 -45.0155 4.75
      vertex 11.2153 -44.8884 2.2
      vertex 11.025 -45.0155 2.2
    endloop
  endfacet
  facet normal -0.980832 0.194856 0
    outer loop
      vertex 11.8404 -43.9529 2.2
      vertex 11.885 -43.7284 4.75
      vertex 11.885 -43.7284 2.2
    endloop
  endfacet
  facet normal -0.980832 0.194856 0
    outer loop
      vertex 11.885 -43.7284 4.75
      vertex 11.8404 -43.9529 2.2
      vertex 11.8404 -43.9529 4.75
    endloop
  endfacet
  facet normal -0.896774 0.44249 0
    outer loop
      vertex 11.6655 -44.375 2.2
      vertex 11.7668 -44.1697 4.75
      vertex 11.7668 -44.1697 2.2
    endloop
  endfacet
  facet normal -0.896774 0.44249 0
    outer loop
      vertex 11.7668 -44.1697 4.75
      vertex 11.6655 -44.375 2.2
      vertex 11.6655 -44.375 4.75
    endloop
  endfacet
  facet normal 0.194847 0.980834 -0
    outer loop
      vertex 9.92158 -45.235 2.2
      vertex 9.69707 -45.1904 4.75
      vertex 9.92158 -45.235 4.75
    endloop
  endfacet
  facet normal 0.194847 0.980834 0
    outer loop
      vertex 9.69707 -45.1904 4.75
      vertex 9.92158 -45.235 2.2
      vertex 9.69707 -45.1904 2.2
    endloop
  endfacet
  facet normal 0.997862 0.0653568 0
    outer loop
      vertex 13.25 43.5 4.75
      vertex 13.2235 43.9046 2.2
      vertex 13.2235 43.9046 4.75
    endloop
  endfacet
  facet normal 0.997862 0.0653568 0
    outer loop
      vertex 13.2235 43.9046 2.2
      vertex 13.25 43.5 4.75
      vertex 13.25 43.5 2.2
    endloop
  endfacet
  facet normal -0.997859 0.0654059 0
    outer loop
      vertex 7.05 43.5 4
      vertex 7.07652 43.9046 4.75
      vertex 7.07652 43.9046 4
    endloop
  endfacet
  facet normal -0.997859 0.0654059 0
    outer loop
      vertex 7.07652 43.9046 4.75
      vertex 7.05 43.5 4
      vertex 7.05 43.5 4.75
    endloop
  endfacet
  facet normal -0.0653519 0.997862 0
    outer loop
      vertex 10.15 46.6 4
      vertex 9.74537 46.5735 4.75
      vertex 10.15 46.6 4.75
    endloop
  endfacet
  facet normal -0.0653519 0.997862 0
    outer loop
      vertex 9.74537 46.5735 4.75
      vertex 10.15 46.6 4
      vertex 9.74537 46.5735 4
    endloop
  endfacet
  facet normal 0.0653568 -0.997862 0
    outer loop
      vertex 10.15 40.4 2.2
      vertex 10.5546 40.4265 4.75
      vertex 10.15 40.4 4.75
    endloop
  endfacet
  facet normal 0.0653568 -0.997862 0
    outer loop
      vertex 10.5546 40.4265 4.75
      vertex 10.15 40.4 2.2
      vertex 10.5546 40.4265 2.2
    endloop
  endfacet
  facet normal 0.659482 0.751721 -0
    outer loop
      vertex 12.342 45.692 2.2
      vertex 12.0372 45.9594 4.75
      vertex 12.342 45.692 4.75
    endloop
  endfacet
  facet normal 0.659482 0.751721 0
    outer loop
      vertex 12.0372 45.9594 4.75
      vertex 12.342 45.692 2.2
      vertex 12.0372 45.9594 2.2
    endloop
  endfacet
  facet normal -0.659396 0.751796 0
    outer loop
      vertex 8.26284 45.9594 2.2
      vertex 7.95797 45.692 4.75
      vertex 8.26284 45.9594 4.75
    endloop
  endfacet
  facet normal -0.659396 0.751796 0
    outer loop
      vertex 7.95797 45.692 4.75
      vertex 8.26284 45.9594 2.2
      vertex 7.95797 45.692 2.2
    endloop
  endfacet
  facet normal -0.321564 0.946888 0
    outer loop
      vertex 9.34766 46.4944 4
      vertex 8.96368 46.364 4.75
      vertex 9.34766 46.4944 4.75
    endloop
  endfacet
  facet normal -0.321564 0.946888 0
    outer loop
      vertex 8.96368 46.364 4.75
      vertex 9.34766 46.4944 4
      vertex 8.96368 46.364 4
    endloop
  endfacet
  facet normal 0.896928 0.442176 0
    outer loop
      vertex 13.014 44.6863 4.75
      vertex 12.8347 45.05 2.2
      vertex 12.8347 45.05 4.75
    endloop
  endfacet
  facet normal 0.896928 0.442176 0
    outer loop
      vertex 12.8347 45.05 2.2
      vertex 13.014 44.6863 4.75
      vertex 13.014 44.6863 2.2
    endloop
  endfacet
  facet normal 0.321549 0.946893 -0
    outer loop
      vertex 11.3363 46.364 4
      vertex 10.9523 46.4944 4.75
      vertex 11.3363 46.364 4.75
    endloop
  endfacet
  facet normal 0.321549 0.946893 0
    outer loop
      vertex 10.9523 46.4944 4.75
      vertex 11.3363 46.364 4
      vertex 10.9523 46.4944 4
    endloop
  endfacet
  facet normal 0.195073 0.980789 -0
    outer loop
      vertex 10.9523 46.4944 4
      vertex 10.5546 46.5735 4.75
      vertex 10.9523 46.4944 4.75
    endloop
  endfacet
  facet normal 0.195073 0.980789 0
    outer loop
      vertex 10.5546 46.5735 4.75
      vertex 10.9523 46.4944 4
      vertex 10.5546 46.5735 4
    endloop
  endfacet
  facet normal 0.442176 0.896928 -0
    outer loop
      vertex 11.7 46.1847 4
      vertex 11.3363 46.364 4.75
      vertex 11.7 46.1847 4.75
    endloop
  endfacet
  facet normal 0.442176 0.896928 0
    outer loop
      vertex 11.3363 46.364 4.75
      vertex 11.7 46.1847 4
      vertex 11.3363 46.364 4
    endloop
  endfacet
  facet normal -0.89688 0.442275 0
    outer loop
      vertex 7.28597 44.6863 4
      vertex 7.46532 45.05 4.75
      vertex 7.46532 45.05 4
    endloop
  endfacet
  facet normal -0.89688 0.442275 0
    outer loop
      vertex 7.46532 45.05 4.75
      vertex 7.28597 44.6863 4
      vertex 7.28597 44.6863 4.75
    endloop
  endfacet
  facet normal -0.751769 0.659426 0
    outer loop
      vertex 7.69061 45.3872 2.2
      vertex 7.95797 45.692 4.75
      vertex 7.95797 45.692 2.2
    endloop
  endfacet
  facet normal -0.751769 0.659426 0
    outer loop
      vertex 7.95797 45.692 4.75
      vertex 7.69061 45.3872 2.2
      vertex 7.69061 45.3872 4.75
    endloop
  endfacet
  facet normal 0 0 1
    outer loop
      vertex 11.9 43.5 4.75
      vertex 13.25 43.5 4.75
      vertex 13.2235 43.9046 4.75
    endloop
  endfacet
  facet normal 0 0 1
    outer loop
      vertex 11.885 43.7284 4.75
      vertex 13.2235 43.9046 4.75
      vertex 13.1444 44.3023 4.75
    endloop
  endfacet
  facet normal 0 0 1
    outer loop
      vertex 13.25 43.5 4.75
      vertex 11.9 43.5 4.75
      vertex 13.2235 43.0954 4.75
    endloop
  endfacet
  facet normal 0 0 1
    outer loop
      vertex 11.8404 43.9529 4.75
      vertex 13.1444 44.3023 4.75
      vertex 13.014 44.6863 4.75
    endloop
  endfacet
  facet normal -0 0 1
    outer loop
      vertex 11.885 43.2716 4.75
      vertex 13.2235 43.0954 4.75
      vertex 11.9 43.5 4.75
    endloop
  endfacet
  facet normal 0 0 1
    outer loop
      vertex 11.7668 44.1697 4.75
      vertex 13.014 44.6863 4.75
      vertex 12.8347 45.05 4.75
    endloop
  endfacet
  facet normal 0 0 1
    outer loop
      vertex 13.2235 43.0954 4.75
      vertex 11.885 43.2716 4.75
      vertex 13.1444 42.6977 4.75
    endloop
  endfacet
  facet normal 0 0 1
    outer loop
      vertex 11.6655 44.375 4.75
      vertex 12.8347 45.05 4.75
      vertex 12.6094 45.3872 4.75
    endloop
  endfacet
  facet normal -0 0 1
    outer loop
      vertex 11.8404 43.0471 4.75
      vertex 13.1444 42.6977 4.75
      vertex 11.885 43.2716 4.75
    endloop
  endfacet
  facet normal 0 0 1
    outer loop
      vertex 11.5384 44.5653 4.75
      vertex 12.6094 45.3872 4.75
      vertex 12.342 45.692 4.75
    endloop
  endfacet
  facet normal 0 0 1
    outer loop
      vertex 13.1444 42.6977 4.75
      vertex 11.8404 43.0471 4.75
      vertex 13.014 42.3137 4.75
    endloop
  endfacet
  facet normal 0 0 1
    outer loop
      vertex 11.3874 44.7374 4.75
      vertex 12.342 45.692 4.75
      vertex 12.0372 45.9594 4.75
    endloop
  endfacet
  facet normal -0 0 1
    outer loop
      vertex 11.7668 42.8303 4.75
      vertex 13.014 42.3137 4.75
      vertex 11.8404 43.0471 4.75
    endloop
  endfacet
  facet normal 0 0 1
    outer loop
      vertex 13.014 42.3137 4.75
      vertex 11.7668 42.8303 4.75
      vertex 12.8347 41.95 4.75
    endloop
  endfacet
  facet normal 0 0 1
    outer loop
      vertex 13.2235 43.9046 4.75
      vertex 11.885 43.7284 4.75
      vertex 11.9 43.5 4.75
    endloop
  endfacet
  facet normal 0 0 1
    outer loop
      vertex 13.1444 44.3023 4.75
      vertex 11.8404 43.9529 4.75
      vertex 11.885 43.7284 4.75
    endloop
  endfacet
  facet normal 0 0 1
    outer loop
      vertex 13.014 44.6863 4.75
      vertex 11.7668 44.1697 4.75
      vertex 11.8404 43.9529 4.75
    endloop
  endfacet
  facet normal 0 0 1
    outer loop
      vertex 11.2153 44.8884 4.75
      vertex 12.0372 45.9594 4.75
      vertex 11.7 46.1847 4.75
    endloop
  endfacet
  facet normal 0 0 1
    outer loop
      vertex 12.8347 45.05 4.75
      vertex 11.6655 44.375 4.75
      vertex 11.7668 44.1697 4.75
    endloop
  endfacet
  facet normal 0 0 1
    outer loop
      vertex 12.6094 45.3872 4.75
      vertex 11.5384 44.5653 4.75
      vertex 11.6655 44.375 4.75
    endloop
  endfacet
  facet normal 0 0 1
    outer loop
      vertex 12.342 45.692 4.75
      vertex 11.3874 44.7374 4.75
      vertex 11.5384 44.5653 4.75
    endloop
  endfacet
  facet normal 0 0 1
    outer loop
      vertex 11.025 45.0155 4.75
      vertex 11.7 46.1847 4.75
      vertex 11.3363 46.364 4.75
    endloop
  endfacet
  facet normal 0 0 1
    outer loop
      vertex 12.0372 45.9594 4.75
      vertex 11.2153 44.8884 4.75
      vertex 11.3874 44.7374 4.75
    endloop
  endfacet
  facet normal 0 0 1
    outer loop
      vertex 11.7 46.1847 4.75
      vertex 11.025 45.0155 4.75
      vertex 11.2153 44.8884 4.75
    endloop
  endfacet
  facet normal 0 0 1
    outer loop
      vertex 10.8197 45.1168 4.75
      vertex 11.3363 46.364 4.75
      vertex 10.9523 46.4944 4.75
    endloop
  endfacet
  facet normal 0 0 1
    outer loop
      vertex 11.3363 46.364 4.75
      vertex 10.8197 45.1168 4.75
      vertex 11.025 45.0155 4.75
    endloop
  endfacet
  facet normal 0 0 1
    outer loop
      vertex 10.9523 46.4944 4.75
      vertex 10.6029 45.1904 4.75
      vertex 10.8197 45.1168 4.75
    endloop
  endfacet
  facet normal 0 0 1
    outer loop
      vertex 10.5546 46.5735 4.75
      vertex 10.6029 45.1904 4.75
      vertex 10.9523 46.4944 4.75
    endloop
  endfacet
  facet normal 0 0 1
    outer loop
      vertex 10.5546 46.5735 4.75
      vertex 10.3784 45.235 4.75
      vertex 10.6029 45.1904 4.75
    endloop
  endfacet
  facet normal 0 0 1
    outer loop
      vertex 10.15 46.6 4.75
      vertex 10.3784 45.235 4.75
      vertex 10.5546 46.5735 4.75
    endloop
  endfacet
  facet normal 0 0 1
    outer loop
      vertex 10.15 46.6 4.75
      vertex 10.15 45.25 4.75
      vertex 10.3784 45.235 4.75
    endloop
  endfacet
  facet normal 0 0 1
    outer loop
      vertex 10.15 46.6 4.75
      vertex 9.92158 45.235 4.75
      vertex 10.15 45.25 4.75
    endloop
  endfacet
  facet normal -0 0 1
    outer loop
      vertex 9.74537 46.5735 4.75
      vertex 9.92158 45.235 4.75
      vertex 10.15 46.6 4.75
    endloop
  endfacet
  facet normal 0 0 1
    outer loop
      vertex 9.74537 46.5735 4.75
      vertex 9.69707 45.1904 4.75
      vertex 9.92158 45.235 4.75
    endloop
  endfacet
  facet normal -0 0 1
    outer loop
      vertex 9.34766 46.4944 4.75
      vertex 9.69707 45.1904 4.75
      vertex 9.74537 46.5735 4.75
    endloop
  endfacet
  facet normal 0 0 1
    outer loop
      vertex 9.69707 45.1904 4.75
      vertex 9.34766 46.4944 4.75
      vertex 9.4803 45.1168 4.75
    endloop
  endfacet
  facet normal -0 0 1
    outer loop
      vertex 8.96368 46.364 4.75
      vertex 9.4803 45.1168 4.75
      vertex 9.34766 46.4944 4.75
    endloop
  endfacet
  facet normal 0 0 1
    outer loop
      vertex 9.4803 45.1168 4.75
      vertex 8.96368 46.364 4.75
      vertex 9.275 45.0155 4.75
    endloop
  endfacet
  facet normal -0 0 1
    outer loop
      vertex 8.6 46.1847 4.75
      vertex 9.275 45.0155 4.75
      vertex 8.96368 46.364 4.75
    endloop
  endfacet
  facet normal 0 0 1
    outer loop
      vertex 9.275 45.0155 4.75
      vertex 8.6 46.1847 4.75
      vertex 9.08467 44.8884 4.75
    endloop
  endfacet
  facet normal -0 0 1
    outer loop
      vertex 8.26284 45.9594 4.75
      vertex 9.08467 44.8884 4.75
      vertex 8.6 46.1847 4.75
    endloop
  endfacet
  facet normal 0 0 1
    outer loop
      vertex 9.08467 44.8884 4.75
      vertex 8.26284 45.9594 4.75
      vertex 8.91256 44.7374 4.75
    endloop
  endfacet
  facet normal -0 0 1
    outer loop
      vertex 7.95797 45.692 4.75
      vertex 8.91256 44.7374 4.75
      vertex 8.26284 45.9594 4.75
    endloop
  endfacet
  facet normal 0 0 1
    outer loop
      vertex 8.91256 44.7374 4.75
      vertex 7.95797 45.692 4.75
      vertex 8.76163 44.5653 4.75
    endloop
  endfacet
  facet normal -0 0 1
    outer loop
      vertex 7.69061 45.3872 4.75
      vertex 8.76163 44.5653 4.75
      vertex 7.95797 45.692 4.75
    endloop
  endfacet
  facet normal 0 0 1
    outer loop
      vertex 8.76163 44.5653 4.75
      vertex 7.69061 45.3872 4.75
      vertex 8.63446 44.375 4.75
    endloop
  endfacet
  facet normal 0 0 1
    outer loop
      vertex 8.63446 44.375 4.75
      vertex 7.46532 45.05 4.75
      vertex 8.53321 44.1697 4.75
    endloop
  endfacet
  facet normal -0 0 1
    outer loop
      vertex 7.46532 45.05 4.75
      vertex 8.63446 44.375 4.75
      vertex 7.69061 45.3872 4.75
    endloop
  endfacet
  facet normal -0 0 1
    outer loop
      vertex 11.6655 42.625 4.75
      vertex 12.8347 41.95 4.75
      vertex 11.7668 42.8303 4.75
    endloop
  endfacet
  facet normal 0 0 1
    outer loop
      vertex 12.8347 41.95 4.75
      vertex 11.6655 42.625 4.75
      vertex 12.6094 41.6128 4.75
    endloop
  endfacet
  facet normal -0 0 1
    outer loop
      vertex 11.5384 42.4347 4.75
      vertex 12.6094 41.6128 4.75
      vertex 11.6655 42.625 4.75
    endloop
  endfacet
  facet normal 0 0 1
    outer loop
      vertex 12.6094 41.6128 4.75
      vertex 11.5384 42.4347 4.75
      vertex 12.342 41.308 4.75
    endloop
  endfacet
  facet normal -0 0 1
    outer loop
      vertex 11.3874 42.2626 4.75
      vertex 12.342 41.308 4.75
      vertex 11.5384 42.4347 4.75
    endloop
  endfacet
  facet normal 0 0 1
    outer loop
      vertex 12.342 41.308 4.75
      vertex 11.3874 42.2626 4.75
      vertex 12.0372 41.0406 4.75
    endloop
  endfacet
  facet normal -0 0 1
    outer loop
      vertex 11.2153 42.1116 4.75
      vertex 12.0372 41.0406 4.75
      vertex 11.3874 42.2626 4.75
    endloop
  endfacet
  facet normal 0 0 1
    outer loop
      vertex 12.0372 41.0406 4.75
      vertex 11.2153 42.1116 4.75
      vertex 11.7 40.8153 4.75
    endloop
  endfacet
  facet normal -0 0 1
    outer loop
      vertex 11.025 41.9845 4.75
      vertex 11.7 40.8153 4.75
      vertex 11.2153 42.1116 4.75
    endloop
  endfacet
  facet normal 0 0 1
    outer loop
      vertex 11.7 40.8153 4.75
      vertex 11.025 41.9845 4.75
      vertex 11.3363 40.636 4.75
    endloop
  endfacet
  facet normal -0 0 1
    outer loop
      vertex 10.8197 41.8832 4.75
      vertex 11.3363 40.636 4.75
      vertex 11.025 41.9845 4.75
    endloop
  endfacet
  facet normal 0 0 1
    outer loop
      vertex 11.3363 40.636 4.75
      vertex 10.8197 41.8832 4.75
      vertex 10.9523 40.5056 4.75
    endloop
  endfacet
  facet normal -0 0 1
    outer loop
      vertex 10.6029 41.8096 4.75
      vertex 10.9523 40.5056 4.75
      vertex 10.8197 41.8832 4.75
    endloop
  endfacet
  facet normal 0 0 1
    outer loop
      vertex 10.6029 41.8096 4.75
      vertex 10.5546 40.4265 4.75
      vertex 10.9523 40.5056 4.75
    endloop
  endfacet
  facet normal -0 0 1
    outer loop
      vertex 10.3784 41.765 4.75
      vertex 10.5546 40.4265 4.75
      vertex 10.6029 41.8096 4.75
    endloop
  endfacet
  facet normal -0 0 1
    outer loop
      vertex 10.15 41.75 4.75
      vertex 10.5546 40.4265 4.75
      vertex 10.3784 41.765 4.75
    endloop
  endfacet
  facet normal 0 0 1
    outer loop
      vertex 10.15 41.75 4.75
      vertex 10.15 40.4 4.75
      vertex 10.5546 40.4265 4.75
    endloop
  endfacet
  facet normal 0 0 1
    outer loop
      vertex 9.92158 41.765 4.75
      vertex 10.15 40.4 4.75
      vertex 10.15 41.75 4.75
    endloop
  endfacet
  facet normal 0 0 1
    outer loop
      vertex 9.92158 41.765 4.75
      vertex 9.74537 40.4265 4.75
      vertex 10.15 40.4 4.75
    endloop
  endfacet
  facet normal 0 0 1
    outer loop
      vertex 9.69707 41.8096 4.75
      vertex 9.74537 40.4265 4.75
      vertex 9.92158 41.765 4.75
    endloop
  endfacet
  facet normal 0 0 1
    outer loop
      vertex 9.34766 40.5056 4.75
      vertex 9.69707 41.8096 4.75
      vertex 9.4803 41.8832 4.75
    endloop
  endfacet
  facet normal 0 0 1
    outer loop
      vertex 9.69707 41.8096 4.75
      vertex 9.34766 40.5056 4.75
      vertex 9.74537 40.4265 4.75
    endloop
  endfacet
  facet normal 0 0 1
    outer loop
      vertex 8.96368 40.636 4.75
      vertex 9.4803 41.8832 4.75
      vertex 9.275 41.9845 4.75
    endloop
  endfacet
  facet normal 0 0 1
    outer loop
      vertex 8.6 40.8153 4.75
      vertex 9.275 41.9845 4.75
      vertex 9.08467 42.1116 4.75
    endloop
  endfacet
  facet normal 0 0 1
    outer loop
      vertex 9.4803 41.8832 4.75
      vertex 8.96368 40.636 4.75
      vertex 9.34766 40.5056 4.75
    endloop
  endfacet
  facet normal 0 0 1
    outer loop
      vertex 8.26284 41.0406 4.75
      vertex 9.08467 42.1116 4.75
      vertex 8.91256 42.2626 4.75
    endloop
  endfacet
  facet normal 0 0 1
    outer loop
      vertex 7.95797 41.308 4.75
      vertex 8.91256 42.2626 4.75
      vertex 8.76163 42.4347 4.75
    endloop
  endfacet
  facet normal 0 0 1
    outer loop
      vertex 7.69061 41.6128 4.75
      vertex 8.76163 42.4347 4.75
      vertex 8.63446 42.625 4.75
    endloop
  endfacet
  facet normal 0 0 1
    outer loop
      vertex 9.275 41.9845 4.75
      vertex 8.6 40.8153 4.75
      vertex 8.96368 40.636 4.75
    endloop
  endfacet
  facet normal 0 0 1
    outer loop
      vertex 7.46532 41.95 4.75
      vertex 8.63446 42.625 4.75
      vertex 8.53321 42.8303 4.75
    endloop
  endfacet
  facet normal 0 0 1
    outer loop
      vertex 7.28597 42.3137 4.75
      vertex 8.53321 42.8303 4.75
      vertex 8.45963 43.0471 4.75
    endloop
  endfacet
  facet normal 0 0 1
    outer loop
      vertex 7.15563 42.6977 4.75
      vertex 8.45963 43.0471 4.75
      vertex 8.41497 43.2716 4.75
    endloop
  endfacet
  facet normal 0 0 1
    outer loop
      vertex 9.08467 42.1116 4.75
      vertex 8.26284 41.0406 4.75
      vertex 8.6 40.8153 4.75
    endloop
  endfacet
  facet normal 0 0 1
    outer loop
      vertex 7.07652 43.0954 4.75
      vertex 8.41497 43.2716 4.75
      vertex 8.4 43.5 4.75
    endloop
  endfacet
  facet normal -0 0 1
    outer loop
      vertex 7.28597 44.6863 4.75
      vertex 8.53321 44.1697 4.75
      vertex 7.46532 45.05 4.75
    endloop
  endfacet
  facet normal 0 0 1
    outer loop
      vertex 8.53321 44.1697 4.75
      vertex 7.28597 44.6863 4.75
      vertex 8.45963 43.9529 4.75
    endloop
  endfacet
  facet normal 0 0 1
    outer loop
      vertex 8.91256 42.2626 4.75
      vertex 7.95797 41.308 4.75
      vertex 8.26284 41.0406 4.75
    endloop
  endfacet
  facet normal -0 0 1
    outer loop
      vertex 7.15563 44.3023 4.75
      vertex 8.45963 43.9529 4.75
      vertex 7.28597 44.6863 4.75
    endloop
  endfacet
  facet normal 0 0 1
    outer loop
      vertex 8.76163 42.4347 4.75
      vertex 7.69061 41.6128 4.75
      vertex 7.95797 41.308 4.75
    endloop
  endfacet
  facet normal 0 0 1
    outer loop
      vertex 8.45963 43.9529 4.75
      vertex 7.15563 44.3023 4.75
      vertex 8.41497 43.7284 4.75
    endloop
  endfacet
  facet normal 0 0 1
    outer loop
      vertex 8.63446 42.625 4.75
      vertex 7.46532 41.95 4.75
      vertex 7.69061 41.6128 4.75
    endloop
  endfacet
  facet normal -0 0 1
    outer loop
      vertex 7.07652 43.9046 4.75
      vertex 8.41497 43.7284 4.75
      vertex 7.15563 44.3023 4.75
    endloop
  endfacet
  facet normal 0 0 1
    outer loop
      vertex 8.53321 42.8303 4.75
      vertex 7.28597 42.3137 4.75
      vertex 7.46532 41.95 4.75
    endloop
  endfacet
  facet normal 0 0 1
    outer loop
      vertex 8.41497 43.7284 4.75
      vertex 7.07652 43.9046 4.75
      vertex 8.4 43.5 4.75
    endloop
  endfacet
  facet normal 0 0 1
    outer loop
      vertex 8.45963 43.0471 4.75
      vertex 7.15563 42.6977 4.75
      vertex 7.28597 42.3137 4.75
    endloop
  endfacet
  facet normal 0 0 1
    outer loop
      vertex 7.05 43.5 4.75
      vertex 8.4 43.5 4.75
      vertex 7.07652 43.9046 4.75
    endloop
  endfacet
  facet normal 0 0 1
    outer loop
      vertex 8.41497 43.2716 4.75
      vertex 7.07652 43.0954 4.75
      vertex 7.15563 42.6977 4.75
    endloop
  endfacet
  facet normal 0 0 1
    outer loop
      vertex 8.4 43.5 4.75
      vertex 7.05 43.5 4.75
      vertex 7.07652 43.0954 4.75
    endloop
  endfacet
  facet normal -0.195068 0.98079 0
    outer loop
      vertex 9.74537 46.5735 4
      vertex 9.34766 46.4944 4.75
      vertex 9.74537 46.5735 4.75
    endloop
  endfacet
  facet normal -0.195068 0.98079 0
    outer loop
      vertex 9.34766 46.4944 4.75
      vertex 9.74537 46.5735 4
      vertex 9.34766 46.4944 4
    endloop
  endfacet
  facet normal 0.896928 -0.442176 0
    outer loop
      vertex 12.8347 41.95 4.75
      vertex 13.014 42.3137 2.2
      vertex 13.014 42.3137 4.75
    endloop
  endfacet
  facet normal 0.896928 -0.442176 0
    outer loop
      vertex 13.014 42.3137 2.2
      vertex 12.8347 41.95 4.75
      vertex 12.8347 41.95 2.2
    endloop
  endfacet
  facet normal 0.195073 -0.980789 0
    outer loop
      vertex 10.5546 40.4265 2.2
      vertex 10.9523 40.5056 4.75
      vertex 10.5546 40.4265 4.75
    endloop
  endfacet
  facet normal 0.195073 -0.980789 0
    outer loop
      vertex 10.9523 40.5056 4.75
      vertex 10.5546 40.4265 2.2
      vertex 10.9523 40.5056 2.2
    endloop
  endfacet
  facet normal 0.946893 0.321549 0
    outer loop
      vertex 13.1444 44.3023 4.75
      vertex 13.014 44.6863 2.2
      vertex 13.014 44.6863 4.75
    endloop
  endfacet
  facet normal 0.946893 0.321549 0
    outer loop
      vertex 13.014 44.6863 2.2
      vertex 13.1444 44.3023 4.75
      vertex 13.1444 44.3023 2.2
    endloop
  endfacet
  facet normal 0.980789 0.195073 0
    outer loop
      vertex 13.2235 43.9046 4.75
      vertex 13.1444 44.3023 2.2
      vertex 13.1444 44.3023 4.75
    endloop
  endfacet
  facet normal 0.980789 0.195073 0
    outer loop
      vertex 13.1444 44.3023 2.2
      vertex 13.2235 43.9046 4.75
      vertex 13.2235 43.9046 2.2
    endloop
  endfacet
  facet normal 0.751721 0.659482 0
    outer loop
      vertex 12.6094 45.3872 4.75
      vertex 12.342 45.692 2.2
      vertex 12.342 45.692 4.75
    endloop
  endfacet
  facet normal 0.751721 0.659482 0
    outer loop
      vertex 12.342 45.692 2.2
      vertex 12.6094 45.3872 4.75
      vertex 12.6094 45.3872 2.2
    endloop
  endfacet
  facet normal 0.831481 0.555553 0
    outer loop
      vertex 12.8347 45.05 4.75
      vertex 12.6094 45.3872 2.2
      vertex 12.6094 45.3872 4.75
    endloop
  endfacet
  facet normal 0.831481 0.555553 0
    outer loop
      vertex 12.6094 45.3872 2.2
      vertex 12.8347 45.05 4.75
      vertex 12.8347 45.05 2.2
    endloop
  endfacet
  facet normal 0.0653568 0.997862 -0
    outer loop
      vertex 10.5546 46.5735 4
      vertex 10.15 46.6 4.75
      vertex 10.5546 46.5735 4.75
    endloop
  endfacet
  facet normal 0.0653568 0.997862 0
    outer loop
      vertex 10.15 46.6 4.75
      vertex 10.5546 46.5735 4
      vertex 10.15 46.6 4
    endloop
  endfacet
  facet normal 0.555553 0.831481 -2.59406e-05
    outer loop
      vertex 12.0372 45.9594 4.75
      vertex 11.9315 46.03 4
      vertex 11.7 46.1847 4.75
    endloop
  endfacet
  facet normal 0.555426 0.831566 -0
    outer loop
      vertex 12.0372 45.9594 2.2
      vertex 11.9315 46.03 4
      vertex 12.0372 45.9594 4.75
    endloop
  endfacet
  facet normal 0.555426 0.831566 0
    outer loop
      vertex 11.9315 46.03 4
      vertex 12.0372 45.9594 2.2
      vertex 11.9315 46.03 2.2
    endloop
  endfacet
  facet normal 0.555612 0.831442 0
    outer loop
      vertex 11.7 46.1847 4.75
      vertex 11.9315 46.03 4
      vertex 11.7 46.1847 4
    endloop
  endfacet
  facet normal -0.83157 0.55542 0
    outer loop
      vertex 7.63544 45.3046 4
      vertex 7.69061 45.3872 2.2
      vertex 7.63544 45.3046 2.2
    endloop
  endfacet
  facet normal -0.83157 0.55542 0
    outer loop
      vertex 7.69061 45.3872 2.2
      vertex 7.63544 45.3046 4
      vertex 7.69061 45.3872 4.75
    endloop
  endfacet
  facet normal -0.831467 0.555574 0
    outer loop
      vertex 7.46532 45.05 4.75
      vertex 7.63544 45.3046 4
      vertex 7.46532 45.05 4
    endloop
  endfacet
  facet normal -0.831492 0.555536 -1.85105e-05
    outer loop
      vertex 7.63544 45.3046 4
      vertex 7.46532 45.05 4.75
      vertex 7.69061 45.3872 4.75
    endloop
  endfacet
  facet normal -0.946938 0.321416 0
    outer loop
      vertex 7.15563 44.3023 4
      vertex 7.28597 44.6863 4.75
      vertex 7.28597 44.6863 4
    endloop
  endfacet
  facet normal -0.946938 0.321416 0
    outer loop
      vertex 7.28597 44.6863 4.75
      vertex 7.15563 44.3023 4
      vertex 7.15563 44.3023 4.75
    endloop
  endfacet
  facet normal -0.980784 0.195096 0
    outer loop
      vertex 7.07652 43.9046 4
      vertex 7.15563 44.3023 4.75
      vertex 7.15563 44.3023 4
    endloop
  endfacet
  facet normal -0.980784 0.195096 0
    outer loop
      vertex 7.15563 44.3023 4.75
      vertex 7.07652 43.9046 4
      vertex 7.07652 43.9046 4.75
    endloop
  endfacet
  facet normal -0.442195 0.896919 0
    outer loop
      vertex 8.96368 46.364 4
      vertex 8.6 46.1847 4.75
      vertex 8.96368 46.364 4.75
    endloop
  endfacet
  facet normal -0.442195 0.896919 0
    outer loop
      vertex 8.6 46.1847 4.75
      vertex 8.96368 46.364 4
      vertex 8.6 46.1847 4
    endloop
  endfacet
  facet normal -0.555529 0.831497 0
    outer loop
      vertex 8.3454 46.0146 4
      vertex 8.6 46.1847 4.75
      vertex 8.6 46.1847 4
    endloop
  endfacet
  facet normal -0.555599 0.83145 3.44062e-05
    outer loop
      vertex 8.6 46.1847 4.75
      vertex 8.3454 46.0146 4
      vertex 8.26284 45.9594 4.75
    endloop
  endfacet
  facet normal -0.555815 0.831306 0
    outer loop
      vertex 8.26284 45.9594 2.2
      vertex 8.3454 46.0146 4
      vertex 8.3454 46.0146 2.2
    endloop
  endfacet
  facet normal -0.555815 0.831306 0
    outer loop
      vertex 8.3454 46.0146 4
      vertex 8.26284 45.9594 2.2
      vertex 8.26284 45.9594 4.75
    endloop
  endfacet
  facet normal 0.751721 -0.659482 0
    outer loop
      vertex 12.342 41.308 4.75
      vertex 12.6094 41.6128 2.2
      vertex 12.6094 41.6128 4.75
    endloop
  endfacet
  facet normal 0.751721 -0.659482 0
    outer loop
      vertex 12.6094 41.6128 2.2
      vertex 12.342 41.308 4.75
      vertex 12.342 41.308 2.2
    endloop
  endfacet
  facet normal 0.946893 -0.321549 0
    outer loop
      vertex 13.014 42.3137 4.75
      vertex 13.1444 42.6977 2.2
      vertex 13.1444 42.6977 4.75
    endloop
  endfacet
  facet normal 0.946893 -0.321549 0
    outer loop
      vertex 13.1444 42.6977 2.2
      vertex 13.014 42.3137 4.75
      vertex 13.014 42.3137 2.2
    endloop
  endfacet
  facet normal 0.980789 -0.195073 0
    outer loop
      vertex 13.1444 42.6977 4.75
      vertex 13.2235 43.0954 2.2
      vertex 13.2235 43.0954 4.75
    endloop
  endfacet
  facet normal 0.980789 -0.195073 0
    outer loop
      vertex 13.2235 43.0954 2.2
      vertex 13.1444 42.6977 4.75
      vertex 13.1444 42.6977 2.2
    endloop
  endfacet
  facet normal -0.659396 -0.751796 0
    outer loop
      vertex 7.95797 41.308 2.2
      vertex 8.26284 41.0406 4.75
      vertex 7.95797 41.308 4.75
    endloop
  endfacet
  facet normal -0.659396 -0.751796 -0
    outer loop
      vertex 8.26284 41.0406 4.75
      vertex 7.95797 41.308 2.2
      vertex 8.26284 41.0406 2.2
    endloop
  endfacet
  facet normal -0.89688 -0.442275 0
    outer loop
      vertex 7.46532 41.95 4
      vertex 7.28597 42.3137 4.75
      vertex 7.28597 42.3137 4
    endloop
  endfacet
  facet normal -0.89688 -0.442275 0
    outer loop
      vertex 7.28597 42.3137 4.75
      vertex 7.46532 41.95 4
      vertex 7.46532 41.95 4.75
    endloop
  endfacet
  facet normal -0.751769 -0.659426 0
    outer loop
      vertex 7.95797 41.308 2.2
      vertex 7.69061 41.6128 4.75
      vertex 7.69061 41.6128 2.2
    endloop
  endfacet
  facet normal -0.751769 -0.659426 0
    outer loop
      vertex 7.69061 41.6128 4.75
      vertex 7.95797 41.308 2.2
      vertex 7.95797 41.308 4.75
    endloop
  endfacet
  facet normal -0.997859 -0.0654059 0
    outer loop
      vertex 7.07652 43.0954 4
      vertex 7.05 43.5 4.75
      vertex 7.05 43.5 4
    endloop
  endfacet
  facet normal -0.997859 -0.0654059 0
    outer loop
      vertex 7.05 43.5 4.75
      vertex 7.07652 43.0954 4
      vertex 7.07652 43.0954 4.75
    endloop
  endfacet
  facet normal 0.831481 -0.555553 0
    outer loop
      vertex 12.6094 41.6128 4.75
      vertex 12.8347 41.95 2.2
      vertex 12.8347 41.95 4.75
    endloop
  endfacet
  facet normal 0.831481 -0.555553 0
    outer loop
      vertex 12.8347 41.95 2.2
      vertex 12.6094 41.6128 4.75
      vertex 12.6094 41.6128 2.2
    endloop
  endfacet
  facet normal 0.997862 -0.0653568 0
    outer loop
      vertex 13.2235 43.0954 4.75
      vertex 13.25 43.5 2.2
      vertex 13.25 43.5 4.75
    endloop
  endfacet
  facet normal 0.997862 -0.0653568 0
    outer loop
      vertex 13.25 43.5 2.2
      vertex 13.2235 43.0954 4.75
      vertex 13.2235 43.0954 2.2
    endloop
  endfacet
  facet normal -0.442195 -0.896919 0
    outer loop
      vertex 8.6 40.8153 2.2
      vertex 8.96368 40.636 4.75
      vertex 8.6 40.8153 4.75
    endloop
  endfacet
  facet normal -0.442195 -0.896919 -0
    outer loop
      vertex 8.96368 40.636 4.75
      vertex 8.6 40.8153 2.2
      vertex 8.96368 40.636 2.2
    endloop
  endfacet
  facet normal -0.980784 -0.195096 0
    outer loop
      vertex 7.15563 42.6977 4
      vertex 7.07652 43.0954 4.75
      vertex 7.07652 43.0954 4
    endloop
  endfacet
  facet normal -0.980784 -0.195096 0
    outer loop
      vertex 7.07652 43.0954 4.75
      vertex 7.15563 42.6977 4
      vertex 7.15563 42.6977 4.75
    endloop
  endfacet
  facet normal -0.946938 -0.321416 0
    outer loop
      vertex 7.28597 42.3137 4
      vertex 7.15563 42.6977 4.75
      vertex 7.15563 42.6977 4
    endloop
  endfacet
  facet normal -0.946938 -0.321416 0
    outer loop
      vertex 7.15563 42.6977 4.75
      vertex 7.28597 42.3137 4
      vertex 7.28597 42.3137 4.75
    endloop
  endfacet
  facet normal 0.442176 -0.896928 0
    outer loop
      vertex 11.3363 40.636 2.2
      vertex 11.7 40.8153 4.75
      vertex 11.3363 40.636 4.75
    endloop
  endfacet
  facet normal 0.442176 -0.896928 0
    outer loop
      vertex 11.7 40.8153 4.75
      vertex 11.3363 40.636 2.2
      vertex 11.7 40.8153 2.2
    endloop
  endfacet
  facet normal 0.321549 -0.946893 0
    outer loop
      vertex 10.9523 40.5056 2.2
      vertex 11.3363 40.636 4.75
      vertex 10.9523 40.5056 4.75
    endloop
  endfacet
  facet normal 0.321549 -0.946893 0
    outer loop
      vertex 11.3363 40.636 4.75
      vertex 10.9523 40.5056 2.2
      vertex 11.3363 40.636 2.2
    endloop
  endfacet
  facet normal 0.659482 -0.751721 0
    outer loop
      vertex 12.0372 41.0406 2.2
      vertex 12.342 41.308 4.75
      vertex 12.0372 41.0406 4.75
    endloop
  endfacet
  facet normal 0.659482 -0.751721 0
    outer loop
      vertex 12.342 41.308 4.75
      vertex 12.0372 41.0406 2.2
      vertex 12.342 41.308 2.2
    endloop
  endfacet
  facet normal 0.555553 -0.831481 0
    outer loop
      vertex 11.7 40.8153 2.2
      vertex 12.0372 41.0406 4.75
      vertex 11.7 40.8153 4.75
    endloop
  endfacet
  facet normal 0.555553 -0.831481 0
    outer loop
      vertex 12.0372 41.0406 4.75
      vertex 11.7 40.8153 2.2
      vertex 12.0372 41.0406 2.2
    endloop
  endfacet
  facet normal -0.321564 -0.946888 0
    outer loop
      vertex 8.96368 40.636 2.2
      vertex 9.34766 40.5056 4.75
      vertex 8.96368 40.636 4.75
    endloop
  endfacet
  facet normal -0.321564 -0.946888 -0
    outer loop
      vertex 9.34766 40.5056 4.75
      vertex 8.96368 40.636 2.2
      vertex 9.34766 40.5056 2.2
    endloop
  endfacet
  facet normal -0.0653519 -0.997862 0
    outer loop
      vertex 9.74537 40.4265 2.2
      vertex 10.15 40.4 4.75
      vertex 9.74537 40.4265 4.75
    endloop
  endfacet
  facet normal -0.0653519 -0.997862 -0
    outer loop
      vertex 10.15 40.4 4.75
      vertex 9.74537 40.4265 2.2
      vertex 10.15 40.4 2.2
    endloop
  endfacet
  facet normal -0.555599 -0.83145 0
    outer loop
      vertex 8.26284 41.0406 2.2
      vertex 8.6 40.8153 4.75
      vertex 8.26284 41.0406 4.75
    endloop
  endfacet
  facet normal -0.555599 -0.83145 -0
    outer loop
      vertex 8.6 40.8153 4.75
      vertex 8.26284 41.0406 2.2
      vertex 8.6 40.8153 2.2
    endloop
  endfacet
  facet normal -0.83153 -0.555481 0
    outer loop
      vertex 7.62 41.7185 2.2
      vertex 7.69061 41.6128 2.2
      vertex 7.62 41.7185 4
    endloop
  endfacet
  facet normal -0.831475 -0.555562 0
    outer loop
      vertex 7.62 41.7185 4
      vertex 7.46532 41.95 4.75
      vertex 7.46532 41.95 4
    endloop
  endfacet
  facet normal -0.831492 -0.555536 -1.13792e-05
    outer loop
      vertex 7.62 41.7185 4
      vertex 7.69061 41.6128 4.75
      vertex 7.46532 41.95 4.75
    endloop
  endfacet
  facet normal -0.83153 -0.555481 -0
    outer loop
      vertex 7.69061 41.6128 4.75
      vertex 7.62 41.7185 4
      vertex 7.69061 41.6128 2.2
    endloop
  endfacet
  facet normal -0.195068 -0.98079 0
    outer loop
      vertex 9.34766 40.5056 2.2
      vertex 9.74537 40.4265 4.75
      vertex 9.34766 40.5056 4.75
    endloop
  endfacet
  facet normal -0.195068 -0.98079 -0
    outer loop
      vertex 9.74537 40.4265 4.75
      vertex 9.34766 40.5056 2.2
      vertex 9.74537 40.4265 2.2
    endloop
  endfacet
  facet normal -0.99785 -0.0655331 0
    outer loop
      vertex 11.9 43.5 2.2
      vertex 11.885 43.7284 4.75
      vertex 11.885 43.7284 2.2
    endloop
  endfacet
  facet normal -0.99785 -0.0655331 0
    outer loop
      vertex 11.885 43.7284 4.75
      vertex 11.9 43.5 2.2
      vertex 11.9 43.5 4.75
    endloop
  endfacet
  facet normal 0.997859 -0.0654026 0
    outer loop
      vertex 8.4 43.5 4.75
      vertex 8.41497 43.7284 2.2
      vertex 8.41497 43.7284 4.75
    endloop
  endfacet
  facet normal 0.997859 -0.0654026 0
    outer loop
      vertex 8.41497 43.7284 2.2
      vertex 8.4 43.5 4.75
      vertex 8.4 43.5 2.2
    endloop
  endfacet
  facet normal -0.0655331 -0.99785 0
    outer loop
      vertex 10.15 45.25 2.2
      vertex 10.3784 45.235 4.75
      vertex 10.15 45.25 4.75
    endloop
  endfacet
  facet normal -0.0655331 -0.99785 -0
    outer loop
      vertex 10.3784 45.235 4.75
      vertex 10.15 45.25 2.2
      vertex 10.3784 45.235 2.2
    endloop
  endfacet
  facet normal -0.659524 -0.751683 0
    outer loop
      vertex 11.2153 44.8884 2.2
      vertex 11.3874 44.7374 4.75
      vertex 11.2153 44.8884 4.75
    endloop
  endfacet
  facet normal -0.659524 -0.751683 -0
    outer loop
      vertex 11.3874 44.7374 4.75
      vertex 11.2153 44.8884 2.2
      vertex 11.3874 44.7374 2.2
    endloop
  endfacet
  facet normal 0.659503 -0.751702 0
    outer loop
      vertex 8.91256 44.7374 2.2
      vertex 9.08467 44.8884 4.75
      vertex 8.91256 44.7374 4.75
    endloop
  endfacet
  facet normal 0.659503 -0.751702 0
    outer loop
      vertex 9.08467 44.8884 4.75
      vertex 8.91256 44.7374 2.2
      vertex 9.08467 44.8884 2.2
    endloop
  endfacet
  facet normal 0.321504 -0.946908 0
    outer loop
      vertex 9.4803 45.1168 2.2
      vertex 9.69707 45.1904 4.75
      vertex 9.4803 45.1168 4.75
    endloop
  endfacet
  facet normal 0.321504 -0.946908 0
    outer loop
      vertex 9.69707 45.1904 4.75
      vertex 9.4803 45.1168 2.2
      vertex 9.69707 45.1904 2.2
    endloop
  endfacet
  facet normal 0.980782 0.195108 0
    outer loop
      vertex 8.45963 43.0471 4.75
      vertex 8.41497 43.2716 2.2
      vertex 8.41497 43.2716 4.75
    endloop
  endfacet
  facet normal 0.980782 0.195108 0
    outer loop
      vertex 8.41497 43.2716 2.2
      vertex 8.45963 43.0471 4.75
      vertex 8.45963 43.0471 2.2
    endloop
  endfacet
  facet normal -0.896774 -0.44249 0
    outer loop
      vertex 11.7668 44.1697 2.2
      vertex 11.6655 44.375 4.75
      vertex 11.6655 44.375 2.2
    endloop
  endfacet
  facet normal -0.896774 -0.44249 0
    outer loop
      vertex 11.6655 44.375 4.75
      vertex 11.7668 44.1697 2.2
      vertex 11.7668 44.1697 4.75
    endloop
  endfacet
  facet normal -0.831579 -0.555406 0
    outer loop
      vertex 11.6655 44.375 2.2
      vertex 11.5384 44.5653 4.75
      vertex 11.5384 44.5653 2.2
    endloop
  endfacet
  facet normal -0.831579 -0.555406 0
    outer loop
      vertex 11.5384 44.5653 4.75
      vertex 11.6655 44.375 2.2
      vertex 11.6655 44.375 4.75
    endloop
  endfacet
  facet normal -0.44249 -0.896774 0
    outer loop
      vertex 10.8197 45.1168 2.2
      vertex 11.025 45.0155 4.75
      vertex 10.8197 45.1168 4.75
    endloop
  endfacet
  facet normal -0.44249 -0.896774 -0
    outer loop
      vertex 11.025 45.0155 4.75
      vertex 10.8197 45.1168 2.2
      vertex 11.025 45.0155 2.2
    endloop
  endfacet
  facet normal -0.555406 -0.831579 0
    outer loop
      vertex 11.025 45.0155 2.2
      vertex 11.2153 44.8884 4.75
      vertex 11.025 45.0155 4.75
    endloop
  endfacet
  facet normal -0.555406 -0.831579 -0
    outer loop
      vertex 11.2153 44.8884 4.75
      vertex 11.025 45.0155 2.2
      vertex 11.2153 44.8884 2.2
    endloop
  endfacet
  facet normal 0.89686 -0.442314 0
    outer loop
      vertex 8.53321 44.1697 4.75
      vertex 8.63446 44.375 2.2
      vertex 8.63446 44.375 4.75
    endloop
  endfacet
  facet normal 0.89686 -0.442314 0
    outer loop
      vertex 8.63446 44.375 2.2
      vertex 8.53321 44.1697 4.75
      vertex 8.53321 44.1697 2.2
    endloop
  endfacet
  facet normal 0.831438 -0.555617 0
    outer loop
      vertex 8.63446 44.375 4.75
      vertex 8.76163 44.5653 2.2
      vertex 8.76163 44.5653 4.75
    endloop
  endfacet
  facet normal 0.831438 -0.555617 0
    outer loop
      vertex 8.76163 44.5653 2.2
      vertex 8.63446 44.375 4.75
      vertex 8.63446 44.375 2.2
    endloop
  endfacet
  facet normal 0.44249 -0.896774 0
    outer loop
      vertex 9.275 45.0155 2.2
      vertex 9.4803 45.1168 4.75
      vertex 9.275 45.0155 4.75
    endloop
  endfacet
  facet normal 0.44249 -0.896774 0
    outer loop
      vertex 9.4803 45.1168 4.75
      vertex 9.275 45.0155 2.2
      vertex 9.4803 45.1168 2.2
    endloop
  endfacet
  facet normal 0.0655274 -0.997851 0
    outer loop
      vertex 9.92158 45.235 2.2
      vertex 10.15 45.25 4.75
      vertex 9.92158 45.235 4.75
    endloop
  endfacet
  facet normal 0.0655274 -0.997851 0
    outer loop
      vertex 10.15 45.25 4.75
      vertex 9.92158 45.235 2.2
      vertex 10.15 45.25 2.2
    endloop
  endfacet
  facet normal -0.946922 0.321464 0
    outer loop
      vertex 11.7668 42.8303 2.2
      vertex 11.8404 43.0471 4.75
      vertex 11.8404 43.0471 2.2
    endloop
  endfacet
  facet normal -0.946922 0.321464 0
    outer loop
      vertex 11.8404 43.0471 4.75
      vertex 11.7668 42.8303 2.2
      vertex 11.7668 42.8303 4.75
    endloop
  endfacet
  facet normal -0.194856 0.980832 0
    outer loop
      vertex 10.6029 41.8096 2.2
      vertex 10.3784 41.765 4.75
      vertex 10.6029 41.8096 4.75
    endloop
  endfacet
  facet normal -0.194856 0.980832 0
    outer loop
      vertex 10.3784 41.765 4.75
      vertex 10.6029 41.8096 2.2
      vertex 10.3784 41.765 2.2
    endloop
  endfacet
  facet normal -0.0655331 0.99785 0
    outer loop
      vertex 10.3784 41.765 2.2
      vertex 10.15 41.75 4.75
      vertex 10.3784 41.765 4.75
    endloop
  endfacet
  facet normal -0.0655331 0.99785 0
    outer loop
      vertex 10.15 41.75 4.75
      vertex 10.3784 41.765 2.2
      vertex 10.15 41.75 2.2
    endloop
  endfacet
  facet normal -0.751683 0.659524 0
    outer loop
      vertex 11.3874 42.2626 2.2
      vertex 11.5384 42.4347 4.75
      vertex 11.5384 42.4347 2.2
    endloop
  endfacet
  facet normal -0.751683 0.659524 0
    outer loop
      vertex 11.5384 42.4347 4.75
      vertex 11.3874 42.2626 2.2
      vertex 11.3874 42.2626 4.75
    endloop
  endfacet
  facet normal 0.321504 0.946908 -0
    outer loop
      vertex 9.69707 41.8096 2.2
      vertex 9.4803 41.8832 4.75
      vertex 9.69707 41.8096 4.75
    endloop
  endfacet
  facet normal 0.321504 0.946908 0
    outer loop
      vertex 9.4803 41.8832 4.75
      vertex 9.69707 41.8096 2.2
      vertex 9.4803 41.8832 2.2
    endloop
  endfacet
  facet normal 0.89686 0.442314 0
    outer loop
      vertex 8.63446 42.625 4.75
      vertex 8.53321 42.8303 2.2
      vertex 8.53321 42.8303 4.75
    endloop
  endfacet
  facet normal 0.89686 0.442314 0
    outer loop
      vertex 8.53321 42.8303 2.2
      vertex 8.63446 42.625 4.75
      vertex 8.63446 42.625 2.2
    endloop
  endfacet
  facet normal 0.831438 0.555617 0
    outer loop
      vertex 8.76163 42.4347 4.75
      vertex 8.63446 42.625 2.2
      vertex 8.63446 42.625 4.75
    endloop
  endfacet
  facet normal 0.831438 0.555617 0
    outer loop
      vertex 8.63446 42.625 2.2
      vertex 8.76163 42.4347 4.75
      vertex 8.76163 42.4347 2.2
    endloop
  endfacet
  facet normal 0.997859 0.0654026 0
    outer loop
      vertex 8.41497 43.2716 4.75
      vertex 8.4 43.5 2.2
      vertex 8.4 43.5 4.75
    endloop
  endfacet
  facet normal 0.997859 0.0654026 0
    outer loop
      vertex 8.4 43.5 2.2
      vertex 8.41497 43.2716 4.75
      vertex 8.41497 43.2716 2.2
    endloop
  endfacet
  facet normal -0.946922 -0.321464 0
    outer loop
      vertex 11.8404 43.9529 2.2
      vertex 11.7668 44.1697 4.75
      vertex 11.7668 44.1697 2.2
    endloop
  endfacet
  facet normal -0.946922 -0.321464 0
    outer loop
      vertex 11.7668 44.1697 4.75
      vertex 11.8404 43.9529 2.2
      vertex 11.8404 43.9529 4.75
    endloop
  endfacet
  facet normal -0.980832 -0.194856 0
    outer loop
      vertex 11.885 43.7284 2.2
      vertex 11.8404 43.9529 4.75
      vertex 11.8404 43.9529 2.2
    endloop
  endfacet
  facet normal -0.980832 -0.194856 0
    outer loop
      vertex 11.8404 43.9529 4.75
      vertex 11.885 43.7284 2.2
      vertex 11.885 43.7284 4.75
    endloop
  endfacet
  facet normal -0.194856 -0.980832 0
    outer loop
      vertex 10.3784 45.235 2.2
      vertex 10.6029 45.1904 4.75
      vertex 10.3784 45.235 4.75
    endloop
  endfacet
  facet normal -0.194856 -0.980832 -0
    outer loop
      vertex 10.6029 45.1904 4.75
      vertex 10.3784 45.235 2.2
      vertex 10.6029 45.1904 2.2
    endloop
  endfacet
  facet normal 0.751835 -0.659352 0
    outer loop
      vertex 8.76163 44.5653 4.75
      vertex 8.91256 44.7374 2.2
      vertex 8.91256 44.7374 4.75
    endloop
  endfacet
  facet normal 0.751835 -0.659352 0
    outer loop
      vertex 8.91256 44.7374 2.2
      vertex 8.76163 44.5653 4.75
      vertex 8.76163 44.5653 2.2
    endloop
  endfacet
  facet normal 0.946948 -0.321386 0
    outer loop
      vertex 8.45963 43.9529 4.75
      vertex 8.53321 44.1697 2.2
      vertex 8.53321 44.1697 4.75
    endloop
  endfacet
  facet normal 0.946948 -0.321386 0
    outer loop
      vertex 8.53321 44.1697 2.2
      vertex 8.45963 43.9529 4.75
      vertex 8.45963 43.9529 2.2
    endloop
  endfacet
  facet normal 0.980782 -0.195108 0
    outer loop
      vertex 8.41497 43.7284 4.75
      vertex 8.45963 43.9529 2.2
      vertex 8.45963 43.9529 4.75
    endloop
  endfacet
  facet normal 0.980782 -0.195108 0
    outer loop
      vertex 8.45963 43.9529 2.2
      vertex 8.41497 43.7284 4.75
      vertex 8.41497 43.7284 2.2
    endloop
  endfacet
  facet normal 0.555345 -0.83162 0
    outer loop
      vertex 9.08467 44.8884 2.2
      vertex 9.275 45.0155 4.75
      vertex 9.08467 44.8884 4.75
    endloop
  endfacet
  facet normal 0.555345 -0.83162 0
    outer loop
      vertex 9.275 45.0155 4.75
      vertex 9.08467 44.8884 2.2
      vertex 9.275 45.0155 2.2
    endloop
  endfacet
  facet normal 0.194847 -0.980834 0
    outer loop
      vertex 9.69707 45.1904 2.2
      vertex 9.92158 45.235 4.75
      vertex 9.69707 45.1904 4.75
    endloop
  endfacet
  facet normal 0.194847 -0.980834 0
    outer loop
      vertex 9.92158 45.235 4.75
      vertex 9.69707 45.1904 2.2
      vertex 9.92158 45.235 2.2
    endloop
  endfacet
  facet normal -0.99785 0.0655331 0
    outer loop
      vertex 11.885 43.2716 2.2
      vertex 11.9 43.5 4.75
      vertex 11.9 43.5 2.2
    endloop
  endfacet
  facet normal -0.99785 0.0655331 0
    outer loop
      vertex 11.9 43.5 4.75
      vertex 11.885 43.2716 2.2
      vertex 11.885 43.2716 4.75
    endloop
  endfacet
  facet normal -0.44249 0.896774 0
    outer loop
      vertex 11.025 41.9845 2.2
      vertex 10.8197 41.8832 4.75
      vertex 11.025 41.9845 4.75
    endloop
  endfacet
  facet normal -0.44249 0.896774 0
    outer loop
      vertex 10.8197 41.8832 4.75
      vertex 11.025 41.9845 2.2
      vertex 10.8197 41.8832 2.2
    endloop
  endfacet
  facet normal -0.659524 0.751683 0
    outer loop
      vertex 11.3874 42.2626 2.2
      vertex 11.2153 42.1116 4.75
      vertex 11.3874 42.2626 4.75
    endloop
  endfacet
  facet normal -0.659524 0.751683 0
    outer loop
      vertex 11.2153 42.1116 4.75
      vertex 11.3874 42.2626 2.2
      vertex 11.2153 42.1116 2.2
    endloop
  endfacet
  facet normal -0.831579 0.555406 0
    outer loop
      vertex 11.5384 42.4347 2.2
      vertex 11.6655 42.625 4.75
      vertex 11.6655 42.625 2.2
    endloop
  endfacet
  facet normal -0.831579 0.555406 0
    outer loop
      vertex 11.6655 42.625 4.75
      vertex 11.5384 42.4347 2.2
      vertex 11.5384 42.4347 4.75
    endloop
  endfacet
  facet normal 0.555345 0.83162 -0
    outer loop
      vertex 9.275 41.9845 2.2
      vertex 9.08467 42.1116 4.75
      vertex 9.275 41.9845 4.75
    endloop
  endfacet
  facet normal 0.555345 0.83162 0
    outer loop
      vertex 9.08467 42.1116 4.75
      vertex 9.275 41.9845 2.2
      vertex 9.08467 42.1116 2.2
    endloop
  endfacet
  facet normal 0.659503 0.751702 -0
    outer loop
      vertex 9.08467 42.1116 2.2
      vertex 8.91256 42.2626 4.75
      vertex 9.08467 42.1116 4.75
    endloop
  endfacet
  facet normal 0.659503 0.751702 0
    outer loop
      vertex 8.91256 42.2626 4.75
      vertex 9.08467 42.1116 2.2
      vertex 8.91256 42.2626 2.2
    endloop
  endfacet
  facet normal 0.44249 0.896774 -0
    outer loop
      vertex 9.4803 41.8832 2.2
      vertex 9.275 41.9845 4.75
      vertex 9.4803 41.8832 4.75
    endloop
  endfacet
  facet normal 0.44249 0.896774 0
    outer loop
      vertex 9.275 41.9845 4.75
      vertex 9.4803 41.8832 2.2
      vertex 9.275 41.9845 2.2
    endloop
  endfacet
  facet normal 0.0655274 0.997851 -0
    outer loop
      vertex 10.15 41.75 2.2
      vertex 9.92158 41.765 4.75
      vertex 10.15 41.75 4.75
    endloop
  endfacet
  facet normal 0.0655274 0.997851 0
    outer loop
      vertex 9.92158 41.765 4.75
      vertex 10.15 41.75 2.2
      vertex 9.92158 41.765 2.2
    endloop
  endfacet
  facet normal 0.751835 0.659352 0
    outer loop
      vertex 8.91256 42.2626 4.75
      vertex 8.76163 42.4347 2.2
      vertex 8.76163 42.4347 4.75
    endloop
  endfacet
  facet normal 0.751835 0.659352 0
    outer loop
      vertex 8.76163 42.4347 2.2
      vertex 8.91256 42.2626 4.75
      vertex 8.91256 42.2626 2.2
    endloop
  endfacet
  facet normal 0.946948 0.321386 0
    outer loop
      vertex 8.53321 42.8303 4.75
      vertex 8.45963 43.0471 2.2
      vertex 8.45963 43.0471 4.75
    endloop
  endfacet
  facet normal 0.946948 0.321386 0
    outer loop
      vertex 8.45963 43.0471 2.2
      vertex 8.53321 42.8303 4.75
      vertex 8.53321 42.8303 2.2
    endloop
  endfacet
  facet normal -0.751683 -0.659524 0
    outer loop
      vertex 11.5384 44.5653 2.2
      vertex 11.3874 44.7374 4.75
      vertex 11.3874 44.7374 2.2
    endloop
  endfacet
  facet normal -0.751683 -0.659524 0
    outer loop
      vertex 11.3874 44.7374 4.75
      vertex 11.5384 44.5653 2.2
      vertex 11.5384 44.5653 4.75
    endloop
  endfacet
  facet normal -0.321464 -0.946922 0
    outer loop
      vertex 10.6029 45.1904 2.2
      vertex 10.8197 45.1168 4.75
      vertex 10.6029 45.1904 4.75
    endloop
  endfacet
  facet normal -0.321464 -0.946922 -0
    outer loop
      vertex 10.8197 45.1168 4.75
      vertex 10.6029 45.1904 2.2
      vertex 10.8197 45.1168 2.2
    endloop
  endfacet
  facet normal -0.321464 0.946922 0
    outer loop
      vertex 10.8197 41.8832 2.2
      vertex 10.6029 41.8096 4.75
      vertex 10.8197 41.8832 4.75
    endloop
  endfacet
  facet normal -0.321464 0.946922 0
    outer loop
      vertex 10.6029 41.8096 4.75
      vertex 10.8197 41.8832 2.2
      vertex 10.6029 41.8096 2.2
    endloop
  endfacet
  facet normal -0.555406 0.831579 0
    outer loop
      vertex 11.2153 42.1116 2.2
      vertex 11.025 41.9845 4.75
      vertex 11.2153 42.1116 4.75
    endloop
  endfacet
  facet normal -0.555406 0.831579 0
    outer loop
      vertex 11.025 41.9845 4.75
      vertex 11.2153 42.1116 2.2
      vertex 11.025 41.9845 2.2
    endloop
  endfacet
  facet normal -0.980832 0.194856 0
    outer loop
      vertex 11.8404 43.0471 2.2
      vertex 11.885 43.2716 4.75
      vertex 11.885 43.2716 2.2
    endloop
  endfacet
  facet normal -0.980832 0.194856 0
    outer loop
      vertex 11.885 43.2716 4.75
      vertex 11.8404 43.0471 2.2
      vertex 11.8404 43.0471 4.75
    endloop
  endfacet
  facet normal -0.896774 0.44249 0
    outer loop
      vertex 11.6655 42.625 2.2
      vertex 11.7668 42.8303 4.75
      vertex 11.7668 42.8303 2.2
    endloop
  endfacet
  facet normal -0.896774 0.44249 0
    outer loop
      vertex 11.7668 42.8303 4.75
      vertex 11.6655 42.625 2.2
      vertex 11.6655 42.625 4.75
    endloop
  endfacet
  facet normal 0.194847 0.980834 -0
    outer loop
      vertex 9.92158 41.765 2.2
      vertex 9.69707 41.8096 4.75
      vertex 9.92158 41.765 4.75
    endloop
  endfacet
  facet normal 0.194847 0.980834 0
    outer loop
      vertex 9.69707 41.8096 4.75
      vertex 9.92158 41.765 2.2
      vertex 9.69707 41.8096 2.2
    endloop
  endfacet
  facet normal 0.997781 0.0665845 0
    outer loop
      vertex 100.25 -43.5 4.75
      vertex 100.223 -43.0954 4
      vertex 100.223 -43.0954 4.75
    endloop
  endfacet
  facet normal 0.997781 0.0665845 0
    outer loop
      vertex 100.223 -43.0954 4
      vertex 100.25 -43.5 4.75
      vertex 100.25 -43.5 4
    endloop
  endfacet
  facet normal -0.997862 0.0653568 0
    outer loop
      vertex 94.05 -43.5 2.2
      vertex 94.0765 -43.0954 4.75
      vertex 94.0765 -43.0954 2.2
    endloop
  endfacet
  facet normal -0.997862 0.0653568 0
    outer loop
      vertex 94.0765 -43.0954 4.75
      vertex 94.05 -43.5 2.2
      vertex 94.05 -43.5 4.75
    endloop
  endfacet
  facet normal -0.0653568 0.997862 0
    outer loop
      vertex 97.15 -40.4 2.2
      vertex 96.7454 -40.4265 4.75
      vertex 97.15 -40.4 4.75
    endloop
  endfacet
  facet normal -0.0653568 0.997862 0
    outer loop
      vertex 96.7454 -40.4265 4.75
      vertex 97.15 -40.4 2.2
      vertex 96.7454 -40.4265 2.2
    endloop
  endfacet
  facet normal 0.0653568 -0.997862 0
    outer loop
      vertex 97.15 -46.6 4
      vertex 97.5546 -46.5735 4.75
      vertex 97.15 -46.6 4.75
    endloop
  endfacet
  facet normal 0.0653568 -0.997862 0
    outer loop
      vertex 97.5546 -46.5735 4.75
      vertex 97.15 -46.6 4
      vertex 97.5546 -46.5735 4
    endloop
  endfacet
  facet normal 0.659482 0.751721 -0
    outer loop
      vertex 99.342 -41.308 2.2
      vertex 99.0372 -41.0406 4.75
      vertex 99.342 -41.308 4.75
    endloop
  endfacet
  facet normal 0.659482 0.751721 0
    outer loop
      vertex 99.0372 -41.0406 4.75
      vertex 99.342 -41.308 2.2
      vertex 99.0372 -41.0406 2.2
    endloop
  endfacet
  facet normal -0.659482 0.751721 0
    outer loop
      vertex 95.2628 -41.0406 2.2
      vertex 94.958 -41.308 4.75
      vertex 95.2628 -41.0406 4.75
    endloop
  endfacet
  facet normal -0.659482 0.751721 0
    outer loop
      vertex 94.958 -41.308 4.75
      vertex 95.2628 -41.0406 2.2
      vertex 94.958 -41.308 2.2
    endloop
  endfacet
  facet normal -0.321549 0.946893 0
    outer loop
      vertex 96.3477 -40.5056 2.2
      vertex 95.9637 -40.636 4.75
      vertex 96.3477 -40.5056 4.75
    endloop
  endfacet
  facet normal -0.321549 0.946893 0
    outer loop
      vertex 95.9637 -40.636 4.75
      vertex 96.3477 -40.5056 2.2
      vertex 95.9637 -40.636 2.2
    endloop
  endfacet
  facet normal 0.896928 0.442176 0
    outer loop
      vertex 100.014 -42.3137 4.75
      vertex 99.8347 -41.95 4
      vertex 99.8347 -41.95 4.75
    endloop
  endfacet
  facet normal 0.896928 0.442176 0
    outer loop
      vertex 99.8347 -41.95 4
      vertex 100.014 -42.3137 4.75
      vertex 100.014 -42.3137 4
    endloop
  endfacet
  facet normal 0.321549 0.946893 -0
    outer loop
      vertex 98.3363 -40.636 2.2
      vertex 97.9523 -40.5056 4.75
      vertex 98.3363 -40.636 4.75
    endloop
  endfacet
  facet normal 0.321549 0.946893 0
    outer loop
      vertex 97.9523 -40.5056 4.75
      vertex 98.3363 -40.636 2.2
      vertex 97.9523 -40.5056 2.2
    endloop
  endfacet
  facet normal 0.195073 0.980789 -0
    outer loop
      vertex 97.9523 -40.5056 2.2
      vertex 97.5546 -40.4265 4.75
      vertex 97.9523 -40.5056 4.75
    endloop
  endfacet
  facet normal 0.195073 0.980789 0
    outer loop
      vertex 97.5546 -40.4265 4.75
      vertex 97.9523 -40.5056 2.2
      vertex 97.5546 -40.4265 2.2
    endloop
  endfacet
  facet normal 0.442176 0.896928 -0
    outer loop
      vertex 98.7 -40.8153 2.2
      vertex 98.3363 -40.636 4.75
      vertex 98.7 -40.8153 4.75
    endloop
  endfacet
  facet normal 0.442176 0.896928 0
    outer loop
      vertex 98.3363 -40.636 4.75
      vertex 98.7 -40.8153 2.2
      vertex 98.3363 -40.636 2.2
    endloop
  endfacet
  facet normal -0.896928 0.442176 0
    outer loop
      vertex 94.286 -42.3137 2.2
      vertex 94.4653 -41.95 4.75
      vertex 94.4653 -41.95 2.2
    endloop
  endfacet
  facet normal -0.896928 0.442176 0
    outer loop
      vertex 94.4653 -41.95 4.75
      vertex 94.286 -42.3137 2.2
      vertex 94.286 -42.3137 4.75
    endloop
  endfacet
  facet normal -0.751721 0.659482 0
    outer loop
      vertex 94.6906 -41.6128 2.2
      vertex 94.958 -41.308 4.75
      vertex 94.958 -41.308 2.2
    endloop
  endfacet
  facet normal -0.751721 0.659482 0
    outer loop
      vertex 94.958 -41.308 4.75
      vertex 94.6906 -41.6128 2.2
      vertex 94.6906 -41.6128 4.75
    endloop
  endfacet
  facet normal 0 0 1
    outer loop
      vertex 98.9 -43.5 4.75
      vertex 100.25 -43.5 4.75
      vertex 100.223 -43.0954 4.75
    endloop
  endfacet
  facet normal 0 0 1
    outer loop
      vertex 98.885 -43.2716 4.75
      vertex 100.223 -43.0954 4.75
      vertex 100.144 -42.6977 4.75
    endloop
  endfacet
  facet normal 0 0 1
    outer loop
      vertex 100.25 -43.5 4.75
      vertex 98.9 -43.5 4.75
      vertex 100.223 -43.9046 4.75
    endloop
  endfacet
  facet normal 0 0 1
    outer loop
      vertex 98.8404 -43.0471 4.75
      vertex 100.144 -42.6977 4.75
      vertex 100.014 -42.3137 4.75
    endloop
  endfacet
  facet normal -0 0 1
    outer loop
      vertex 98.885 -43.7284 4.75
      vertex 100.223 -43.9046 4.75
      vertex 98.9 -43.5 4.75
    endloop
  endfacet
  facet normal 0 0 1
    outer loop
      vertex 98.7668 -42.8303 4.75
      vertex 100.014 -42.3137 4.75
      vertex 99.8347 -41.95 4.75
    endloop
  endfacet
  facet normal 0 0 1
    outer loop
      vertex 100.223 -43.9046 4.75
      vertex 98.885 -43.7284 4.75
      vertex 100.144 -44.3023 4.75
    endloop
  endfacet
  facet normal 0 0 1
    outer loop
      vertex 98.6655 -42.625 4.75
      vertex 99.8347 -41.95 4.75
      vertex 99.6094 -41.6128 4.75
    endloop
  endfacet
  facet normal -0 0 1
    outer loop
      vertex 98.8404 -43.9529 4.75
      vertex 100.144 -44.3023 4.75
      vertex 98.885 -43.7284 4.75
    endloop
  endfacet
  facet normal 0 0 1
    outer loop
      vertex 98.5384 -42.4347 4.75
      vertex 99.6094 -41.6128 4.75
      vertex 99.342 -41.308 4.75
    endloop
  endfacet
  facet normal 0 0 1
    outer loop
      vertex 100.144 -44.3023 4.75
      vertex 98.8404 -43.9529 4.75
      vertex 100.014 -44.6863 4.75
    endloop
  endfacet
  facet normal 0 0 1
    outer loop
      vertex 98.3874 -42.2626 4.75
      vertex 99.342 -41.308 4.75
      vertex 99.0372 -41.0406 4.75
    endloop
  endfacet
  facet normal -0 0 1
    outer loop
      vertex 98.7668 -44.1697 4.75
      vertex 100.014 -44.6863 4.75
      vertex 98.8404 -43.9529 4.75
    endloop
  endfacet
  facet normal 0 0 1
    outer loop
      vertex 100.014 -44.6863 4.75
      vertex 98.7668 -44.1697 4.75
      vertex 99.8347 -45.05 4.75
    endloop
  endfacet
  facet normal 0 0 1
    outer loop
      vertex 100.223 -43.0954 4.75
      vertex 98.885 -43.2716 4.75
      vertex 98.9 -43.5 4.75
    endloop
  endfacet
  facet normal 0 0 1
    outer loop
      vertex 100.144 -42.6977 4.75
      vertex 98.8404 -43.0471 4.75
      vertex 98.885 -43.2716 4.75
    endloop
  endfacet
  facet normal 0 0 1
    outer loop
      vertex 100.014 -42.3137 4.75
      vertex 98.7668 -42.8303 4.75
      vertex 98.8404 -43.0471 4.75
    endloop
  endfacet
  facet normal 0 0 1
    outer loop
      vertex 98.2153 -42.1116 4.75
      vertex 99.0372 -41.0406 4.75
      vertex 98.7 -40.8153 4.75
    endloop
  endfacet
  facet normal 0 0 1
    outer loop
      vertex 99.8347 -41.95 4.75
      vertex 98.6655 -42.625 4.75
      vertex 98.7668 -42.8303 4.75
    endloop
  endfacet
  facet normal 0 0 1
    outer loop
      vertex 99.6094 -41.6128 4.75
      vertex 98.5384 -42.4347 4.75
      vertex 98.6655 -42.625 4.75
    endloop
  endfacet
  facet normal 0 0 1
    outer loop
      vertex 99.342 -41.308 4.75
      vertex 98.3874 -42.2626 4.75
      vertex 98.5384 -42.4347 4.75
    endloop
  endfacet
  facet normal 0 0 1
    outer loop
      vertex 98.025 -41.9845 4.75
      vertex 98.7 -40.8153 4.75
      vertex 98.3363 -40.636 4.75
    endloop
  endfacet
  facet normal 0 0 1
    outer loop
      vertex 99.0372 -41.0406 4.75
      vertex 98.2153 -42.1116 4.75
      vertex 98.3874 -42.2626 4.75
    endloop
  endfacet
  facet normal 0 0 1
    outer loop
      vertex 98.7 -40.8153 4.75
      vertex 98.025 -41.9845 4.75
      vertex 98.2153 -42.1116 4.75
    endloop
  endfacet
  facet normal 0 0 1
    outer loop
      vertex 97.8197 -41.8832 4.75
      vertex 98.3363 -40.636 4.75
      vertex 97.9523 -40.5056 4.75
    endloop
  endfacet
  facet normal 0 0 1
    outer loop
      vertex 98.3363 -40.636 4.75
      vertex 97.8197 -41.8832 4.75
      vertex 98.025 -41.9845 4.75
    endloop
  endfacet
  facet normal 0 0 1
    outer loop
      vertex 97.9523 -40.5056 4.75
      vertex 97.6029 -41.8096 4.75
      vertex 97.8197 -41.8832 4.75
    endloop
  endfacet
  facet normal 0 0 1
    outer loop
      vertex 97.5546 -40.4265 4.75
      vertex 97.6029 -41.8096 4.75
      vertex 97.9523 -40.5056 4.75
    endloop
  endfacet
  facet normal 0 0 1
    outer loop
      vertex 97.5546 -40.4265 4.75
      vertex 97.3784 -41.765 4.75
      vertex 97.6029 -41.8096 4.75
    endloop
  endfacet
  facet normal 0 0 1
    outer loop
      vertex 97.15 -40.4 4.75
      vertex 97.3784 -41.765 4.75
      vertex 97.5546 -40.4265 4.75
    endloop
  endfacet
  facet normal 0 0 1
    outer loop
      vertex 97.15 -40.4 4.75
      vertex 97.15 -41.75 4.75
      vertex 97.3784 -41.765 4.75
    endloop
  endfacet
  facet normal 0 0 1
    outer loop
      vertex 97.15 -40.4 4.75
      vertex 96.9216 -41.765 4.75
      vertex 97.15 -41.75 4.75
    endloop
  endfacet
  facet normal -0 0 1
    outer loop
      vertex 96.7454 -40.4265 4.75
      vertex 96.9216 -41.765 4.75
      vertex 97.15 -40.4 4.75
    endloop
  endfacet
  facet normal 0 0 1
    outer loop
      vertex 96.7454 -40.4265 4.75
      vertex 96.6971 -41.8096 4.75
      vertex 96.9216 -41.765 4.75
    endloop
  endfacet
  facet normal -0 0 1
    outer loop
      vertex 96.3477 -40.5056 4.75
      vertex 96.6971 -41.8096 4.75
      vertex 96.7454 -40.4265 4.75
    endloop
  endfacet
  facet normal 0 0 1
    outer loop
      vertex 96.6971 -41.8096 4.75
      vertex 96.3477 -40.5056 4.75
      vertex 96.4803 -41.8832 4.75
    endloop
  endfacet
  facet normal -0 0 1
    outer loop
      vertex 95.9637 -40.636 4.75
      vertex 96.4803 -41.8832 4.75
      vertex 96.3477 -40.5056 4.75
    endloop
  endfacet
  facet normal 0 0 1
    outer loop
      vertex 96.4803 -41.8832 4.75
      vertex 95.9637 -40.636 4.75
      vertex 96.275 -41.9845 4.75
    endloop
  endfacet
  facet normal -0 0 1
    outer loop
      vertex 95.6 -40.8153 4.75
      vertex 96.275 -41.9845 4.75
      vertex 95.9637 -40.636 4.75
    endloop
  endfacet
  facet normal 0 0 1
    outer loop
      vertex 96.275 -41.9845 4.75
      vertex 95.6 -40.8153 4.75
      vertex 96.0847 -42.1116 4.75
    endloop
  endfacet
  facet normal -0 0 1
    outer loop
      vertex 95.2628 -41.0406 4.75
      vertex 96.0847 -42.1116 4.75
      vertex 95.6 -40.8153 4.75
    endloop
  endfacet
  facet normal 0 0 1
    outer loop
      vertex 96.0847 -42.1116 4.75
      vertex 95.2628 -41.0406 4.75
      vertex 95.9126 -42.2626 4.75
    endloop
  endfacet
  facet normal -0 0 1
    outer loop
      vertex 94.958 -41.308 4.75
      vertex 95.9126 -42.2626 4.75
      vertex 95.2628 -41.0406 4.75
    endloop
  endfacet
  facet normal 0 0 1
    outer loop
      vertex 95.9126 -42.2626 4.75
      vertex 94.958 -41.308 4.75
      vertex 95.7616 -42.4347 4.75
    endloop
  endfacet
  facet normal -0 0 1
    outer loop
      vertex 94.6906 -41.6128 4.75
      vertex 95.7616 -42.4347 4.75
      vertex 94.958 -41.308 4.75
    endloop
  endfacet
  facet normal 0 0 1
    outer loop
      vertex 95.7616 -42.4347 4.75
      vertex 94.6906 -41.6128 4.75
      vertex 95.6345 -42.625 4.75
    endloop
  endfacet
  facet normal 0 0 1
    outer loop
      vertex 95.6345 -42.625 4.75
      vertex 94.4653 -41.95 4.75
      vertex 95.5332 -42.8303 4.75
    endloop
  endfacet
  facet normal -0 0 1
    outer loop
      vertex 94.4653 -41.95 4.75
      vertex 95.6345 -42.625 4.75
      vertex 94.6906 -41.6128 4.75
    endloop
  endfacet
  facet normal -0 0 1
    outer loop
      vertex 98.6655 -44.375 4.75
      vertex 99.8347 -45.05 4.75
      vertex 98.7668 -44.1697 4.75
    endloop
  endfacet
  facet normal 0 0 1
    outer loop
      vertex 99.8347 -45.05 4.75
      vertex 98.6655 -44.375 4.75
      vertex 99.6094 -45.3872 4.75
    endloop
  endfacet
  facet normal -0 0 1
    outer loop
      vertex 98.5384 -44.5653 4.75
      vertex 99.6094 -45.3872 4.75
      vertex 98.6655 -44.375 4.75
    endloop
  endfacet
  facet normal 0 0 1
    outer loop
      vertex 99.6094 -45.3872 4.75
      vertex 98.5384 -44.5653 4.75
      vertex 99.342 -45.692 4.75
    endloop
  endfacet
  facet normal -0 0 1
    outer loop
      vertex 98.3874 -44.7374 4.75
      vertex 99.342 -45.692 4.75
      vertex 98.5384 -44.5653 4.75
    endloop
  endfacet
  facet normal 0 0 1
    outer loop
      vertex 99.342 -45.692 4.75
      vertex 98.3874 -44.7374 4.75
      vertex 99.0372 -45.9594 4.75
    endloop
  endfacet
  facet normal -0 0 1
    outer loop
      vertex 98.2153 -44.8884 4.75
      vertex 99.0372 -45.9594 4.75
      vertex 98.3874 -44.7374 4.75
    endloop
  endfacet
  facet normal 0 0 1
    outer loop
      vertex 99.0372 -45.9594 4.75
      vertex 98.2153 -44.8884 4.75
      vertex 98.7 -46.1847 4.75
    endloop
  endfacet
  facet normal -0 0 1
    outer loop
      vertex 98.025 -45.0155 4.75
      vertex 98.7 -46.1847 4.75
      vertex 98.2153 -44.8884 4.75
    endloop
  endfacet
  facet normal 0 0 1
    outer loop
      vertex 98.7 -46.1847 4.75
      vertex 98.025 -45.0155 4.75
      vertex 98.3363 -46.364 4.75
    endloop
  endfacet
  facet normal -0 0 1
    outer loop
      vertex 97.8197 -45.1168 4.75
      vertex 98.3363 -46.364 4.75
      vertex 98.025 -45.0155 4.75
    endloop
  endfacet
  facet normal 0 0 1
    outer loop
      vertex 98.3363 -46.364 4.75
      vertex 97.8197 -45.1168 4.75
      vertex 97.9523 -46.4944 4.75
    endloop
  endfacet
  facet normal -0 0 1
    outer loop
      vertex 97.6029 -45.1904 4.75
      vertex 97.9523 -46.4944 4.75
      vertex 97.8197 -45.1168 4.75
    endloop
  endfacet
  facet normal 0 0 1
    outer loop
      vertex 97.6029 -45.1904 4.75
      vertex 97.5546 -46.5735 4.75
      vertex 97.9523 -46.4944 4.75
    endloop
  endfacet
  facet normal -0 0 1
    outer loop
      vertex 97.3784 -45.235 4.75
      vertex 97.5546 -46.5735 4.75
      vertex 97.6029 -45.1904 4.75
    endloop
  endfacet
  facet normal -0 0 1
    outer loop
      vertex 97.15 -45.25 4.75
      vertex 97.5546 -46.5735 4.75
      vertex 97.3784 -45.235 4.75
    endloop
  endfacet
  facet normal 0 0 1
    outer loop
      vertex 97.15 -45.25 4.75
      vertex 97.15 -46.6 4.75
      vertex 97.5546 -46.5735 4.75
    endloop
  endfacet
  facet normal 0 0 1
    outer loop
      vertex 96.9216 -45.235 4.75
      vertex 97.15 -46.6 4.75
      vertex 97.15 -45.25 4.75
    endloop
  endfacet
  facet normal 0 0 1
    outer loop
      vertex 96.9216 -45.235 4.75
      vertex 96.7454 -46.5735 4.75
      vertex 97.15 -46.6 4.75
    endloop
  endfacet
  facet normal 0 0 1
    outer loop
      vertex 96.6971 -45.1904 4.75
      vertex 96.7454 -46.5735 4.75
      vertex 96.9216 -45.235 4.75
    endloop
  endfacet
  facet normal 0 0 1
    outer loop
      vertex 96.3477 -46.4944 4.75
      vertex 96.6971 -45.1904 4.75
      vertex 96.4803 -45.1168 4.75
    endloop
  endfacet
  facet normal 0 0 1
    outer loop
      vertex 96.6971 -45.1904 4.75
      vertex 96.3477 -46.4944 4.75
      vertex 96.7454 -46.5735 4.75
    endloop
  endfacet
  facet normal 0 0 1
    outer loop
      vertex 95.9637 -46.364 4.75
      vertex 96.4803 -45.1168 4.75
      vertex 96.275 -45.0155 4.75
    endloop
  endfacet
  facet normal 0 0 1
    outer loop
      vertex 95.6 -46.1847 4.75
      vertex 96.275 -45.0155 4.75
      vertex 96.0847 -44.8884 4.75
    endloop
  endfacet
  facet normal 0 0 1
    outer loop
      vertex 96.4803 -45.1168 4.75
      vertex 95.9637 -46.364 4.75
      vertex 96.3477 -46.4944 4.75
    endloop
  endfacet
  facet normal 0 0 1
    outer loop
      vertex 95.2628 -45.9594 4.75
      vertex 96.0847 -44.8884 4.75
      vertex 95.9126 -44.7374 4.75
    endloop
  endfacet
  facet normal 0 0 1
    outer loop
      vertex 94.958 -45.692 4.75
      vertex 95.9126 -44.7374 4.75
      vertex 95.7616 -44.5653 4.75
    endloop
  endfacet
  facet normal 0 0 1
    outer loop
      vertex 94.6906 -45.3872 4.75
      vertex 95.7616 -44.5653 4.75
      vertex 95.6345 -44.375 4.75
    endloop
  endfacet
  facet normal 0 0 1
    outer loop
      vertex 96.275 -45.0155 4.75
      vertex 95.6 -46.1847 4.75
      vertex 95.9637 -46.364 4.75
    endloop
  endfacet
  facet normal 0 0 1
    outer loop
      vertex 94.4653 -45.05 4.75
      vertex 95.6345 -44.375 4.75
      vertex 95.5332 -44.1697 4.75
    endloop
  endfacet
  facet normal 0 0 1
    outer loop
      vertex 94.286 -44.6863 4.75
      vertex 95.5332 -44.1697 4.75
      vertex 95.4596 -43.9529 4.75
    endloop
  endfacet
  facet normal 0 0 1
    outer loop
      vertex 94.1556 -44.3023 4.75
      vertex 95.4596 -43.9529 4.75
      vertex 95.415 -43.7284 4.75
    endloop
  endfacet
  facet normal 0 0 1
    outer loop
      vertex 96.0847 -44.8884 4.75
      vertex 95.2628 -45.9594 4.75
      vertex 95.6 -46.1847 4.75
    endloop
  endfacet
  facet normal 0 0 1
    outer loop
      vertex 94.0765 -43.9046 4.75
      vertex 95.415 -43.7284 4.75
      vertex 95.4 -43.5 4.75
    endloop
  endfacet
  facet normal -0 0 1
    outer loop
      vertex 94.286 -42.3137 4.75
      vertex 95.5332 -42.8303 4.75
      vertex 94.4653 -41.95 4.75
    endloop
  endfacet
  facet normal 0 0 1
    outer loop
      vertex 95.5332 -42.8303 4.75
      vertex 94.286 -42.3137 4.75
      vertex 95.4596 -43.0471 4.75
    endloop
  endfacet
  facet normal 0 0 1
    outer loop
      vertex 95.9126 -44.7374 4.75
      vertex 94.958 -45.692 4.75
      vertex 95.2628 -45.9594 4.75
    endloop
  endfacet
  facet normal -0 0 1
    outer loop
      vertex 94.1556 -42.6977 4.75
      vertex 95.4596 -43.0471 4.75
      vertex 94.286 -42.3137 4.75
    endloop
  endfacet
  facet normal 0 0 1
    outer loop
      vertex 95.7616 -44.5653 4.75
      vertex 94.6906 -45.3872 4.75
      vertex 94.958 -45.692 4.75
    endloop
  endfacet
  facet normal 0 0 1
    outer loop
      vertex 95.4596 -43.0471 4.75
      vertex 94.1556 -42.6977 4.75
      vertex 95.415 -43.2716 4.75
    endloop
  endfacet
  facet normal 0 0 1
    outer loop
      vertex 95.6345 -44.375 4.75
      vertex 94.4653 -45.05 4.75
      vertex 94.6906 -45.3872 4.75
    endloop
  endfacet
  facet normal -0 0 1
    outer loop
      vertex 94.0765 -43.0954 4.75
      vertex 95.415 -43.2716 4.75
      vertex 94.1556 -42.6977 4.75
    endloop
  endfacet
  facet normal 0 0 1
    outer loop
      vertex 95.5332 -44.1697 4.75
      vertex 94.286 -44.6863 4.75
      vertex 94.4653 -45.05 4.75
    endloop
  endfacet
  facet normal 0 0 1
    outer loop
      vertex 95.415 -43.2716 4.75
      vertex 94.0765 -43.0954 4.75
      vertex 95.4 -43.5 4.75
    endloop
  endfacet
  facet normal 0 0 1
    outer loop
      vertex 95.4596 -43.9529 4.75
      vertex 94.1556 -44.3023 4.75
      vertex 94.286 -44.6863 4.75
    endloop
  endfacet
  facet normal 0 0 1
    outer loop
      vertex 94.05 -43.5 4.75
      vertex 95.4 -43.5 4.75
      vertex 94.0765 -43.0954 4.75
    endloop
  endfacet
  facet normal 0 0 1
    outer loop
      vertex 95.415 -43.7284 4.75
      vertex 94.0765 -43.9046 4.75
      vertex 94.1556 -44.3023 4.75
    endloop
  endfacet
  facet normal 0 0 1
    outer loop
      vertex 95.4 -43.5 4.75
      vertex 94.05 -43.5 4.75
      vertex 94.0765 -43.9046 4.75
    endloop
  endfacet
  facet normal -0.195073 0.980789 0
    outer loop
      vertex 96.7454 -40.4265 2.2
      vertex 96.3477 -40.5056 4.75
      vertex 96.7454 -40.4265 4.75
    endloop
  endfacet
  facet normal -0.195073 0.980789 0
    outer loop
      vertex 96.3477 -40.5056 4.75
      vertex 96.7454 -40.4265 2.2
      vertex 96.3477 -40.5056 2.2
    endloop
  endfacet
  facet normal 0.896928 -0.442176 0
    outer loop
      vertex 99.8347 -45.05 4.75
      vertex 100.014 -44.6863 4
      vertex 100.014 -44.6863 4.75
    endloop
  endfacet
  facet normal 0.896928 -0.442176 0
    outer loop
      vertex 100.014 -44.6863 4
      vertex 99.8347 -45.05 4.75
      vertex 99.8347 -45.05 4
    endloop
  endfacet
  facet normal 0.195073 -0.980789 0
    outer loop
      vertex 97.5546 -46.5735 4
      vertex 97.9523 -46.4944 4.75
      vertex 97.5546 -46.5735 4.75
    endloop
  endfacet
  facet normal 0.195073 -0.980789 0
    outer loop
      vertex 97.9523 -46.4944 4.75
      vertex 97.5546 -46.5735 4
      vertex 97.9523 -46.4944 4
    endloop
  endfacet
  facet normal 0.947193 0.320664 0
    outer loop
      vertex 100.144 -42.6977 4.75
      vertex 100.014 -42.3137 4
      vertex 100.014 -42.3137 4.75
    endloop
  endfacet
  facet normal 0.947193 0.320664 0
    outer loop
      vertex 100.014 -42.3137 4
      vertex 100.144 -42.6977 4.75
      vertex 100.144 -42.6977 4
    endloop
  endfacet
  facet normal 0.980836 0.194835 0
    outer loop
      vertex 100.223 -43.0954 4.75
      vertex 100.144 -42.6977 4
      vertex 100.144 -42.6977 4.75
    endloop
  endfacet
  facet normal 0.980836 0.194835 0
    outer loop
      vertex 100.144 -42.6977 4
      vertex 100.223 -43.0954 4.75
      vertex 100.223 -43.0954 4
    endloop
  endfacet
  facet normal 0.751721 0.659482 0
    outer loop
      vertex 99.6094 -41.6128 4.75
      vertex 99.342 -41.308 2.2
      vertex 99.342 -41.308 4.75
    endloop
  endfacet
  facet normal 0.751721 0.659482 0
    outer loop
      vertex 99.342 -41.308 2.2
      vertex 99.6094 -41.6128 4.75
      vertex 99.6094 -41.6128 2.2
    endloop
  endfacet
  facet normal 0.831566 0.555426 0
    outer loop
      vertex 99.6094 -41.6128 4.75
      vertex 99.68 -41.7185 4
      vertex 99.6094 -41.6128 2.2
    endloop
  endfacet
  facet normal 0.831481 0.555553 -2.59406e-05
    outer loop
      vertex 99.8347 -41.95 4.75
      vertex 99.68 -41.7185 4
      vertex 99.6094 -41.6128 4.75
    endloop
  endfacet
  facet normal 0.831442 0.555612 0
    outer loop
      vertex 99.68 -41.7185 4
      vertex 99.8347 -41.95 4.75
      vertex 99.8347 -41.95 4
    endloop
  endfacet
  facet normal 0.831566 0.555426 0
    outer loop
      vertex 99.6094 -41.6128 2.2
      vertex 99.68 -41.7185 4
      vertex 99.68 -41.7185 2.2
    endloop
  endfacet
  facet normal 0.0653568 0.997862 -0
    outer loop
      vertex 97.5546 -40.4265 2.2
      vertex 97.15 -40.4 4.75
      vertex 97.5546 -40.4265 4.75
    endloop
  endfacet
  facet normal 0.0653568 0.997862 0
    outer loop
      vertex 97.15 -40.4 4.75
      vertex 97.5546 -40.4265 2.2
      vertex 97.15 -40.4 2.2
    endloop
  endfacet
  facet normal 0.555553 0.831481 -0
    outer loop
      vertex 99.0372 -41.0406 2.2
      vertex 98.7 -40.8153 4.75
      vertex 99.0372 -41.0406 4.75
    endloop
  endfacet
  facet normal 0.555553 0.831481 0
    outer loop
      vertex 98.7 -40.8153 4.75
      vertex 99.0372 -41.0406 2.2
      vertex 98.7 -40.8153 2.2
    endloop
  endfacet
  facet normal -0.831481 0.555553 0
    outer loop
      vertex 94.4653 -41.95 2.2
      vertex 94.6906 -41.6128 4.75
      vertex 94.6906 -41.6128 2.2
    endloop
  endfacet
  facet normal -0.831481 0.555553 0
    outer loop
      vertex 94.6906 -41.6128 4.75
      vertex 94.4653 -41.95 2.2
      vertex 94.4653 -41.95 4.75
    endloop
  endfacet
  facet normal -0.946893 0.321549 0
    outer loop
      vertex 94.1556 -42.6977 2.2
      vertex 94.286 -42.3137 4.75
      vertex 94.286 -42.3137 2.2
    endloop
  endfacet
  facet normal -0.946893 0.321549 0
    outer loop
      vertex 94.286 -42.3137 4.75
      vertex 94.1556 -42.6977 2.2
      vertex 94.1556 -42.6977 4.75
    endloop
  endfacet
  facet normal -0.980789 0.195073 0
    outer loop
      vertex 94.0765 -43.0954 2.2
      vertex 94.1556 -42.6977 4.75
      vertex 94.1556 -42.6977 2.2
    endloop
  endfacet
  facet normal -0.980789 0.195073 0
    outer loop
      vertex 94.1556 -42.6977 4.75
      vertex 94.0765 -43.0954 2.2
      vertex 94.0765 -43.0954 4.75
    endloop
  endfacet
  facet normal -0.442176 0.896928 0
    outer loop
      vertex 95.9637 -40.636 2.2
      vertex 95.6 -40.8153 4.75
      vertex 95.9637 -40.636 4.75
    endloop
  endfacet
  facet normal -0.442176 0.896928 0
    outer loop
      vertex 95.6 -40.8153 4.75
      vertex 95.9637 -40.636 2.2
      vertex 95.6 -40.8153 2.2
    endloop
  endfacet
  facet normal -0.555553 0.831481 0
    outer loop
      vertex 95.6 -40.8153 2.2
      vertex 95.2628 -41.0406 4.75
      vertex 95.6 -40.8153 4.75
    endloop
  endfacet
  facet normal -0.555553 0.831481 0
    outer loop
      vertex 95.2628 -41.0406 4.75
      vertex 95.6 -40.8153 2.2
      vertex 95.2628 -41.0406 2.2
    endloop
  endfacet
  facet normal 0.751721 -0.659482 0
    outer loop
      vertex 99.342 -45.692 4.75
      vertex 99.6094 -45.3872 2.2
      vertex 99.6094 -45.3872 4.75
    endloop
  endfacet
  facet normal 0.751721 -0.659482 0
    outer loop
      vertex 99.6094 -45.3872 2.2
      vertex 99.342 -45.692 4.75
      vertex 99.342 -45.692 2.2
    endloop
  endfacet
  facet normal 0.947193 -0.320664 0
    outer loop
      vertex 100.014 -44.6863 4.75
      vertex 100.144 -44.3023 4
      vertex 100.144 -44.3023 4.75
    endloop
  endfacet
  facet normal 0.947193 -0.320664 0
    outer loop
      vertex 100.144 -44.3023 4
      vertex 100.014 -44.6863 4.75
      vertex 100.014 -44.6863 4
    endloop
  endfacet
  facet normal 0.980836 -0.194835 0
    outer loop
      vertex 100.144 -44.3023 4.75
      vertex 100.223 -43.9046 4
      vertex 100.223 -43.9046 4.75
    endloop
  endfacet
  facet normal 0.980836 -0.194835 0
    outer loop
      vertex 100.223 -43.9046 4
      vertex 100.144 -44.3023 4.75
      vertex 100.144 -44.3023 4
    endloop
  endfacet
  facet normal -0.659482 -0.751721 0
    outer loop
      vertex 94.958 -45.692 2.2
      vertex 95.2628 -45.9594 4.75
      vertex 94.958 -45.692 4.75
    endloop
  endfacet
  facet normal -0.659482 -0.751721 -0
    outer loop
      vertex 95.2628 -45.9594 4.75
      vertex 94.958 -45.692 2.2
      vertex 95.2628 -45.9594 2.2
    endloop
  endfacet
  facet normal -0.896928 -0.442176 0
    outer loop
      vertex 94.4653 -45.05 2.2
      vertex 94.286 -44.6863 4.75
      vertex 94.286 -44.6863 2.2
    endloop
  endfacet
  facet normal -0.896928 -0.442176 0
    outer loop
      vertex 94.286 -44.6863 4.75
      vertex 94.4653 -45.05 2.2
      vertex 94.4653 -45.05 4.75
    endloop
  endfacet
  facet normal -0.751721 -0.659482 0
    outer loop
      vertex 94.958 -45.692 2.2
      vertex 94.6906 -45.3872 4.75
      vertex 94.6906 -45.3872 2.2
    endloop
  endfacet
  facet normal -0.751721 -0.659482 0
    outer loop
      vertex 94.6906 -45.3872 4.75
      vertex 94.958 -45.692 2.2
      vertex 94.958 -45.692 4.75
    endloop
  endfacet
  facet normal -0.997862 -0.0653568 0
    outer loop
      vertex 94.0765 -43.9046 2.2
      vertex 94.05 -43.5 4.75
      vertex 94.05 -43.5 2.2
    endloop
  endfacet
  facet normal -0.997862 -0.0653568 0
    outer loop
      vertex 94.05 -43.5 4.75
      vertex 94.0765 -43.9046 2.2
      vertex 94.0765 -43.9046 4.75
    endloop
  endfacet
  facet normal 0.831497 -0.555529 0
    outer loop
      vertex 99.8347 -45.05 4.75
      vertex 99.6646 -45.3046 4
      vertex 99.8347 -45.05 4
    endloop
  endfacet
  facet normal 0.831481 -0.555553 1.20333e-05
    outer loop
      vertex 99.6094 -45.3872 4.75
      vertex 99.6646 -45.3046 4
      vertex 99.8347 -45.05 4.75
    endloop
  endfacet
  facet normal 0.83143 -0.555629 0
    outer loop
      vertex 99.6094 -45.3872 2.2
      vertex 99.6646 -45.3046 4
      vertex 99.6094 -45.3872 4.75
    endloop
  endfacet
  facet normal 0.83143 -0.555629 0
    outer loop
      vertex 99.6646 -45.3046 4
      vertex 99.6094 -45.3872 2.2
      vertex 99.6646 -45.3046 2.2
    endloop
  endfacet
  facet normal 0.997781 -0.0665845 0
    outer loop
      vertex 100.223 -43.9046 4.75
      vertex 100.25 -43.5 4
      vertex 100.25 -43.5 4.75
    endloop
  endfacet
  facet normal 0.997781 -0.0665845 0
    outer loop
      vertex 100.25 -43.5 4
      vertex 100.223 -43.9046 4.75
      vertex 100.223 -43.9046 4
    endloop
  endfacet
  facet normal -0.442176 -0.896928 0
    outer loop
      vertex 95.6 -46.1847 4
      vertex 95.9637 -46.364 4.75
      vertex 95.6 -46.1847 4.75
    endloop
  endfacet
  facet normal -0.442176 -0.896928 -0
    outer loop
      vertex 95.9637 -46.364 4.75
      vertex 95.6 -46.1847 4
      vertex 95.9637 -46.364 4
    endloop
  endfacet
  facet normal -0.980789 -0.195073 0
    outer loop
      vertex 94.1556 -44.3023 2.2
      vertex 94.0765 -43.9046 4.75
      vertex 94.0765 -43.9046 2.2
    endloop
  endfacet
  facet normal -0.980789 -0.195073 0
    outer loop
      vertex 94.0765 -43.9046 4.75
      vertex 94.1556 -44.3023 2.2
      vertex 94.1556 -44.3023 4.75
    endloop
  endfacet
  facet normal -0.946893 -0.321549 0
    outer loop
      vertex 94.286 -44.6863 2.2
      vertex 94.1556 -44.3023 4.75
      vertex 94.1556 -44.3023 2.2
    endloop
  endfacet
  facet normal -0.946893 -0.321549 0
    outer loop
      vertex 94.1556 -44.3023 4.75
      vertex 94.286 -44.6863 2.2
      vertex 94.286 -44.6863 4.75
    endloop
  endfacet
  facet normal 0.442176 -0.896928 0
    outer loop
      vertex 98.3363 -46.364 4
      vertex 98.7 -46.1847 4.75
      vertex 98.3363 -46.364 4.75
    endloop
  endfacet
  facet normal 0.442176 -0.896928 0
    outer loop
      vertex 98.7 -46.1847 4.75
      vertex 98.3363 -46.364 4
      vertex 98.7 -46.1847 4
    endloop
  endfacet
  facet normal 0.321549 -0.946893 0
    outer loop
      vertex 97.9523 -46.4944 4
      vertex 98.3363 -46.364 4.75
      vertex 97.9523 -46.4944 4.75
    endloop
  endfacet
  facet normal 0.321549 -0.946893 0
    outer loop
      vertex 98.3363 -46.364 4.75
      vertex 97.9523 -46.4944 4
      vertex 98.3363 -46.364 4
    endloop
  endfacet
  facet normal 0.659482 -0.751721 0
    outer loop
      vertex 99.0372 -45.9594 2.2
      vertex 99.342 -45.692 4.75
      vertex 99.0372 -45.9594 4.75
    endloop
  endfacet
  facet normal 0.659482 -0.751721 0
    outer loop
      vertex 99.342 -45.692 4.75
      vertex 99.0372 -45.9594 2.2
      vertex 99.342 -45.692 2.2
    endloop
  endfacet
  facet normal 0.555529 -0.831497 0
    outer loop
      vertex 98.9546 -46.0146 4
      vertex 98.7 -46.1847 4.75
      vertex 98.7 -46.1847 4
    endloop
  endfacet
  facet normal 0.555553 -0.831481 1.20333e-05
    outer loop
      vertex 98.7 -46.1847 4.75
      vertex 98.9546 -46.0146 4
      vertex 99.0372 -45.9594 4.75
    endloop
  endfacet
  facet normal 0.555629 -0.83143 0
    outer loop
      vertex 99.0372 -45.9594 2.2
      vertex 98.9546 -46.0146 4
      vertex 98.9546 -46.0146 2.2
    endloop
  endfacet
  facet normal 0.555629 -0.83143 0
    outer loop
      vertex 98.9546 -46.0146 4
      vertex 99.0372 -45.9594 2.2
      vertex 99.0372 -45.9594 4.75
    endloop
  endfacet
  facet normal -0.321549 -0.946893 0
    outer loop
      vertex 95.9637 -46.364 4
      vertex 96.3477 -46.4944 4.75
      vertex 95.9637 -46.364 4.75
    endloop
  endfacet
  facet normal -0.321549 -0.946893 -0
    outer loop
      vertex 96.3477 -46.4944 4.75
      vertex 95.9637 -46.364 4
      vertex 96.3477 -46.4944 4
    endloop
  endfacet
  facet normal -0.0653568 -0.997862 0
    outer loop
      vertex 96.7454 -46.5735 4
      vertex 97.15 -46.6 4.75
      vertex 96.7454 -46.5735 4.75
    endloop
  endfacet
  facet normal -0.0653568 -0.997862 -0
    outer loop
      vertex 97.15 -46.6 4.75
      vertex 96.7454 -46.5735 4
      vertex 97.15 -46.6 4
    endloop
  endfacet
  facet normal -0.555553 -0.831481 -2.59406e-05
    outer loop
      vertex 95.2628 -45.9594 4.75
      vertex 95.3685 -46.03 4
      vertex 95.6 -46.1847 4.75
    endloop
  endfacet
  facet normal -0.555426 -0.831566 0
    outer loop
      vertex 95.2628 -45.9594 2.2
      vertex 95.3685 -46.03 4
      vertex 95.2628 -45.9594 4.75
    endloop
  endfacet
  facet normal -0.555426 -0.831566 -0
    outer loop
      vertex 95.3685 -46.03 4
      vertex 95.2628 -45.9594 2.2
      vertex 95.3685 -46.03 2.2
    endloop
  endfacet
  facet normal -0.555612 -0.831442 -0
    outer loop
      vertex 95.6 -46.1847 4.75
      vertex 95.3685 -46.03 4
      vertex 95.6 -46.1847 4
    endloop
  endfacet
  facet normal -0.831481 -0.555553 0
    outer loop
      vertex 94.6906 -45.3872 2.2
      vertex 94.4653 -45.05 4.75
      vertex 94.4653 -45.05 2.2
    endloop
  endfacet
  facet normal -0.831481 -0.555553 0
    outer loop
      vertex 94.4653 -45.05 4.75
      vertex 94.6906 -45.3872 2.2
      vertex 94.6906 -45.3872 4.75
    endloop
  endfacet
  facet normal -0.195073 -0.980789 0
    outer loop
      vertex 96.3477 -46.4944 4
      vertex 96.7454 -46.5735 4.75
      vertex 96.3477 -46.4944 4.75
    endloop
  endfacet
  facet normal -0.195073 -0.980789 -0
    outer loop
      vertex 96.7454 -46.5735 4.75
      vertex 96.3477 -46.4944 4
      vertex 96.7454 -46.5735 4
    endloop
  endfacet
  facet normal -0.99785 -0.0655331 0
    outer loop
      vertex 98.9 -43.5 2.2
      vertex 98.885 -43.2716 4.75
      vertex 98.885 -43.2716 2.2
    endloop
  endfacet
  facet normal -0.99785 -0.0655331 0
    outer loop
      vertex 98.885 -43.2716 4.75
      vertex 98.9 -43.5 2.2
      vertex 98.9 -43.5 4.75
    endloop
  endfacet
  facet normal 0.99785 -0.0655331 0
    outer loop
      vertex 95.4 -43.5 4.75
      vertex 95.415 -43.2716 2.2
      vertex 95.415 -43.2716 4.75
    endloop
  endfacet
  facet normal 0.99785 -0.0655331 0
    outer loop
      vertex 95.415 -43.2716 2.2
      vertex 95.4 -43.5 4.75
      vertex 95.4 -43.5 2.2
    endloop
  endfacet
  facet normal -0.0655331 -0.99785 0
    outer loop
      vertex 97.15 -41.75 2.2
      vertex 97.3784 -41.765 4.75
      vertex 97.15 -41.75 4.75
    endloop
  endfacet
  facet normal -0.0655331 -0.99785 -0
    outer loop
      vertex 97.3784 -41.765 4.75
      vertex 97.15 -41.75 2.2
      vertex 97.3784 -41.765 2.2
    endloop
  endfacet
  facet normal -0.659524 -0.751683 0
    outer loop
      vertex 98.2153 -42.1116 2.2
      vertex 98.3874 -42.2626 4.75
      vertex 98.2153 -42.1116 4.75
    endloop
  endfacet
  facet normal -0.659524 -0.751683 -0
    outer loop
      vertex 98.3874 -42.2626 4.75
      vertex 98.2153 -42.1116 2.2
      vertex 98.3874 -42.2626 2.2
    endloop
  endfacet
  facet normal 0.659524 -0.751683 0
    outer loop
      vertex 95.9126 -42.2626 2.2
      vertex 96.0847 -42.1116 4.75
      vertex 95.9126 -42.2626 4.75
    endloop
  endfacet
  facet normal 0.659524 -0.751683 0
    outer loop
      vertex 96.0847 -42.1116 4.75
      vertex 95.9126 -42.2626 2.2
      vertex 96.0847 -42.1116 2.2
    endloop
  endfacet
  facet normal 0.321464 -0.946922 0
    outer loop
      vertex 96.4803 -41.8832 2.2
      vertex 96.6971 -41.8096 4.75
      vertex 96.4803 -41.8832 4.75
    endloop
  endfacet
  facet normal 0.321464 -0.946922 0
    outer loop
      vertex 96.6971 -41.8096 4.75
      vertex 96.4803 -41.8832 2.2
      vertex 96.6971 -41.8096 2.2
    endloop
  endfacet
  facet normal 0.980832 0.194856 0
    outer loop
      vertex 95.4596 -43.9529 4.75
      vertex 95.415 -43.7284 2.2
      vertex 95.415 -43.7284 4.75
    endloop
  endfacet
  facet normal 0.980832 0.194856 0
    outer loop
      vertex 95.415 -43.7284 2.2
      vertex 95.4596 -43.9529 4.75
      vertex 95.4596 -43.9529 2.2
    endloop
  endfacet
  facet normal -0.896774 -0.44249 0
    outer loop
      vertex 98.7668 -42.8303 2.2
      vertex 98.6655 -42.625 4.75
      vertex 98.6655 -42.625 2.2
    endloop
  endfacet
  facet normal -0.896774 -0.44249 0
    outer loop
      vertex 98.6655 -42.625 4.75
      vertex 98.7668 -42.8303 2.2
      vertex 98.7668 -42.8303 4.75
    endloop
  endfacet
  facet normal -0.831579 -0.555406 0
    outer loop
      vertex 98.6655 -42.625 2.2
      vertex 98.5384 -42.4347 4.75
      vertex 98.5384 -42.4347 2.2
    endloop
  endfacet
  facet normal -0.831579 -0.555406 0
    outer loop
      vertex 98.5384 -42.4347 4.75
      vertex 98.6655 -42.625 2.2
      vertex 98.6655 -42.625 4.75
    endloop
  endfacet
  facet normal -0.44249 -0.896774 0
    outer loop
      vertex 97.8197 -41.8832 2.2
      vertex 98.025 -41.9845 4.75
      vertex 97.8197 -41.8832 4.75
    endloop
  endfacet
  facet normal -0.44249 -0.896774 -0
    outer loop
      vertex 98.025 -41.9845 4.75
      vertex 97.8197 -41.8832 2.2
      vertex 98.025 -41.9845 2.2
    endloop
  endfacet
  facet normal -0.555406 -0.831579 0
    outer loop
      vertex 98.025 -41.9845 2.2
      vertex 98.2153 -42.1116 4.75
      vertex 98.025 -41.9845 4.75
    endloop
  endfacet
  facet normal -0.555406 -0.831579 -0
    outer loop
      vertex 98.2153 -42.1116 4.75
      vertex 98.025 -41.9845 2.2
      vertex 98.2153 -42.1116 2.2
    endloop
  endfacet
  facet normal 0.896774 -0.44249 0
    outer loop
      vertex 95.5332 -42.8303 4.75
      vertex 95.6345 -42.625 2.2
      vertex 95.6345 -42.625 4.75
    endloop
  endfacet
  facet normal 0.896774 -0.44249 0
    outer loop
      vertex 95.6345 -42.625 2.2
      vertex 95.5332 -42.8303 4.75
      vertex 95.5332 -42.8303 2.2
    endloop
  endfacet
  facet normal 0.831579 -0.555406 0
    outer loop
      vertex 95.6345 -42.625 4.75
      vertex 95.7616 -42.4347 2.2
      vertex 95.7616 -42.4347 4.75
    endloop
  endfacet
  facet normal 0.831579 -0.555406 0
    outer loop
      vertex 95.7616 -42.4347 2.2
      vertex 95.6345 -42.625 4.75
      vertex 95.6345 -42.625 2.2
    endloop
  endfacet
  facet normal 0.44249 -0.896774 0
    outer loop
      vertex 96.275 -41.9845 2.2
      vertex 96.4803 -41.8832 4.75
      vertex 96.275 -41.9845 4.75
    endloop
  endfacet
  facet normal 0.44249 -0.896774 0
    outer loop
      vertex 96.4803 -41.8832 4.75
      vertex 96.275 -41.9845 2.2
      vertex 96.4803 -41.8832 2.2
    endloop
  endfacet
  facet normal 0.0655331 -0.99785 0
    outer loop
      vertex 96.9216 -41.765 2.2
      vertex 97.15 -41.75 4.75
      vertex 96.9216 -41.765 4.75
    endloop
  endfacet
  facet normal 0.0655331 -0.99785 0
    outer loop
      vertex 97.15 -41.75 4.75
      vertex 96.9216 -41.765 2.2
      vertex 97.15 -41.75 2.2
    endloop
  endfacet
  facet normal -0.946922 0.321464 0
    outer loop
      vertex 98.7668 -44.1697 2.2
      vertex 98.8404 -43.9529 4.75
      vertex 98.8404 -43.9529 2.2
    endloop
  endfacet
  facet normal -0.946922 0.321464 0
    outer loop
      vertex 98.8404 -43.9529 4.75
      vertex 98.7668 -44.1697 2.2
      vertex 98.7668 -44.1697 4.75
    endloop
  endfacet
  facet normal -0.194856 0.980832 0
    outer loop
      vertex 97.6029 -45.1904 2.2
      vertex 97.3784 -45.235 4.75
      vertex 97.6029 -45.1904 4.75
    endloop
  endfacet
  facet normal -0.194856 0.980832 0
    outer loop
      vertex 97.3784 -45.235 4.75
      vertex 97.6029 -45.1904 2.2
      vertex 97.3784 -45.235 2.2
    endloop
  endfacet
  facet normal -0.0655331 0.99785 0
    outer loop
      vertex 97.3784 -45.235 2.2
      vertex 97.15 -45.25 4.75
      vertex 97.3784 -45.235 4.75
    endloop
  endfacet
  facet normal -0.0655331 0.99785 0
    outer loop
      vertex 97.15 -45.25 4.75
      vertex 97.3784 -45.235 2.2
      vertex 97.15 -45.25 2.2
    endloop
  endfacet
  facet normal -0.751683 0.659524 0
    outer loop
      vertex 98.3874 -44.7374 2.2
      vertex 98.5384 -44.5653 4.75
      vertex 98.5384 -44.5653 2.2
    endloop
  endfacet
  facet normal -0.751683 0.659524 0
    outer loop
      vertex 98.5384 -44.5653 4.75
      vertex 98.3874 -44.7374 2.2
      vertex 98.3874 -44.7374 4.75
    endloop
  endfacet
  facet normal 0.321464 0.946922 -0
    outer loop
      vertex 96.6971 -45.1904 2.2
      vertex 96.4803 -45.1168 4.75
      vertex 96.6971 -45.1904 4.75
    endloop
  endfacet
  facet normal 0.321464 0.946922 0
    outer loop
      vertex 96.4803 -45.1168 4.75
      vertex 96.6971 -45.1904 2.2
      vertex 96.4803 -45.1168 2.2
    endloop
  endfacet
  facet normal 0.896774 0.44249 0
    outer loop
      vertex 95.6345 -44.375 4.75
      vertex 95.5332 -44.1697 2.2
      vertex 95.5332 -44.1697 4.75
    endloop
  endfacet
  facet normal 0.896774 0.44249 0
    outer loop
      vertex 95.5332 -44.1697 2.2
      vertex 95.6345 -44.375 4.75
      vertex 95.6345 -44.375 2.2
    endloop
  endfacet
  facet normal 0.831579 0.555406 0
    outer loop
      vertex 95.7616 -44.5653 4.75
      vertex 95.6345 -44.375 2.2
      vertex 95.6345 -44.375 4.75
    endloop
  endfacet
  facet normal 0.831579 0.555406 0
    outer loop
      vertex 95.6345 -44.375 2.2
      vertex 95.7616 -44.5653 4.75
      vertex 95.7616 -44.5653 2.2
    endloop
  endfacet
  facet normal 0.99785 0.0655331 0
    outer loop
      vertex 95.415 -43.7284 4.75
      vertex 95.4 -43.5 2.2
      vertex 95.4 -43.5 4.75
    endloop
  endfacet
  facet normal 0.99785 0.0655331 0
    outer loop
      vertex 95.4 -43.5 2.2
      vertex 95.415 -43.7284 4.75
      vertex 95.415 -43.7284 2.2
    endloop
  endfacet
  facet normal -0.946922 -0.321464 0
    outer loop
      vertex 98.8404 -43.0471 2.2
      vertex 98.7668 -42.8303 4.75
      vertex 98.7668 -42.8303 2.2
    endloop
  endfacet
  facet normal -0.946922 -0.321464 0
    outer loop
      vertex 98.7668 -42.8303 4.75
      vertex 98.8404 -43.0471 2.2
      vertex 98.8404 -43.0471 4.75
    endloop
  endfacet
  facet normal -0.980832 -0.194856 0
    outer loop
      vertex 98.885 -43.2716 2.2
      vertex 98.8404 -43.0471 4.75
      vertex 98.8404 -43.0471 2.2
    endloop
  endfacet
  facet normal -0.980832 -0.194856 0
    outer loop
      vertex 98.8404 -43.0471 4.75
      vertex 98.885 -43.2716 2.2
      vertex 98.885 -43.2716 4.75
    endloop
  endfacet
  facet normal -0.194856 -0.980832 0
    outer loop
      vertex 97.3784 -41.765 2.2
      vertex 97.6029 -41.8096 4.75
      vertex 97.3784 -41.765 4.75
    endloop
  endfacet
  facet normal -0.194856 -0.980832 -0
    outer loop
      vertex 97.6029 -41.8096 4.75
      vertex 97.3784 -41.765 2.2
      vertex 97.6029 -41.8096 2.2
    endloop
  endfacet
  facet normal 0.751683 -0.659524 0
    outer loop
      vertex 95.7616 -42.4347 4.75
      vertex 95.9126 -42.2626 2.2
      vertex 95.9126 -42.2626 4.75
    endloop
  endfacet
  facet normal 0.751683 -0.659524 0
    outer loop
      vertex 95.9126 -42.2626 2.2
      vertex 95.7616 -42.4347 4.75
      vertex 95.7616 -42.4347 2.2
    endloop
  endfacet
  facet normal 0.946922 -0.321464 0
    outer loop
      vertex 95.4596 -43.0471 4.75
      vertex 95.5332 -42.8303 2.2
      vertex 95.5332 -42.8303 4.75
    endloop
  endfacet
  facet normal 0.946922 -0.321464 0
    outer loop
      vertex 95.5332 -42.8303 2.2
      vertex 95.4596 -43.0471 4.75
      vertex 95.4596 -43.0471 2.2
    endloop
  endfacet
  facet normal 0.980832 -0.194856 0
    outer loop
      vertex 95.415 -43.2716 4.75
      vertex 95.4596 -43.0471 2.2
      vertex 95.4596 -43.0471 4.75
    endloop
  endfacet
  facet normal 0.980832 -0.194856 0
    outer loop
      vertex 95.4596 -43.0471 2.2
      vertex 95.415 -43.2716 4.75
      vertex 95.415 -43.2716 2.2
    endloop
  endfacet
  facet normal 0.555406 -0.831579 0
    outer loop
      vertex 96.0847 -42.1116 2.2
      vertex 96.275 -41.9845 4.75
      vertex 96.0847 -42.1116 4.75
    endloop
  endfacet
  facet normal 0.555406 -0.831579 0
    outer loop
      vertex 96.275 -41.9845 4.75
      vertex 96.0847 -42.1116 2.2
      vertex 96.275 -41.9845 2.2
    endloop
  endfacet
  facet normal 0.194856 -0.980832 0
    outer loop
      vertex 96.6971 -41.8096 2.2
      vertex 96.9216 -41.765 4.75
      vertex 96.6971 -41.8096 4.75
    endloop
  endfacet
  facet normal 0.194856 -0.980832 0
    outer loop
      vertex 96.9216 -41.765 4.75
      vertex 96.6971 -41.8096 2.2
      vertex 96.9216 -41.765 2.2
    endloop
  endfacet
  facet normal -0.99785 0.0655331 0
    outer loop
      vertex 98.885 -43.7284 2.2
      vertex 98.9 -43.5 4.75
      vertex 98.9 -43.5 2.2
    endloop
  endfacet
  facet normal -0.99785 0.0655331 0
    outer loop
      vertex 98.9 -43.5 4.75
      vertex 98.885 -43.7284 2.2
      vertex 98.885 -43.7284 4.75
    endloop
  endfacet
  facet normal -0.44249 0.896774 0
    outer loop
      vertex 98.025 -45.0155 2.2
      vertex 97.8197 -45.1168 4.75
      vertex 98.025 -45.0155 4.75
    endloop
  endfacet
  facet normal -0.44249 0.896774 0
    outer loop
      vertex 97.8197 -45.1168 4.75
      vertex 98.025 -45.0155 2.2
      vertex 97.8197 -45.1168 2.2
    endloop
  endfacet
  facet normal -0.659524 0.751683 0
    outer loop
      vertex 98.3874 -44.7374 2.2
      vertex 98.2153 -44.8884 4.75
      vertex 98.3874 -44.7374 4.75
    endloop
  endfacet
  facet normal -0.659524 0.751683 0
    outer loop
      vertex 98.2153 -44.8884 4.75
      vertex 98.3874 -44.7374 2.2
      vertex 98.2153 -44.8884 2.2
    endloop
  endfacet
  facet normal -0.831579 0.555406 0
    outer loop
      vertex 98.5384 -44.5653 2.2
      vertex 98.6655 -44.375 4.75
      vertex 98.6655 -44.375 2.2
    endloop
  endfacet
  facet normal -0.831579 0.555406 0
    outer loop
      vertex 98.6655 -44.375 4.75
      vertex 98.5384 -44.5653 2.2
      vertex 98.5384 -44.5653 4.75
    endloop
  endfacet
  facet normal 0.555406 0.831579 -0
    outer loop
      vertex 96.275 -45.0155 2.2
      vertex 96.0847 -44.8884 4.75
      vertex 96.275 -45.0155 4.75
    endloop
  endfacet
  facet normal 0.555406 0.831579 0
    outer loop
      vertex 96.0847 -44.8884 4.75
      vertex 96.275 -45.0155 2.2
      vertex 96.0847 -44.8884 2.2
    endloop
  endfacet
  facet normal 0.659524 0.751683 -0
    outer loop
      vertex 96.0847 -44.8884 2.2
      vertex 95.9126 -44.7374 4.75
      vertex 96.0847 -44.8884 4.75
    endloop
  endfacet
  facet normal 0.659524 0.751683 0
    outer loop
      vertex 95.9126 -44.7374 4.75
      vertex 96.0847 -44.8884 2.2
      vertex 95.9126 -44.7374 2.2
    endloop
  endfacet
  facet normal 0.44249 0.896774 -0
    outer loop
      vertex 96.4803 -45.1168 2.2
      vertex 96.275 -45.0155 4.75
      vertex 96.4803 -45.1168 4.75
    endloop
  endfacet
  facet normal 0.44249 0.896774 0
    outer loop
      vertex 96.275 -45.0155 4.75
      vertex 96.4803 -45.1168 2.2
      vertex 96.275 -45.0155 2.2
    endloop
  endfacet
  facet normal 0.0655331 0.99785 -0
    outer loop
      vertex 97.15 -45.25 2.2
      vertex 96.9216 -45.235 4.75
      vertex 97.15 -45.25 4.75
    endloop
  endfacet
  facet normal 0.0655331 0.99785 0
    outer loop
      vertex 96.9216 -45.235 4.75
      vertex 97.15 -45.25 2.2
      vertex 96.9216 -45.235 2.2
    endloop
  endfacet
  facet normal 0.751683 0.659524 0
    outer loop
      vertex 95.9126 -44.7374 4.75
      vertex 95.7616 -44.5653 2.2
      vertex 95.7616 -44.5653 4.75
    endloop
  endfacet
  facet normal 0.751683 0.659524 0
    outer loop
      vertex 95.7616 -44.5653 2.2
      vertex 95.9126 -44.7374 4.75
      vertex 95.9126 -44.7374 2.2
    endloop
  endfacet
  facet normal 0.946922 0.321464 0
    outer loop
      vertex 95.5332 -44.1697 4.75
      vertex 95.4596 -43.9529 2.2
      vertex 95.4596 -43.9529 4.75
    endloop
  endfacet
  facet normal 0.946922 0.321464 0
    outer loop
      vertex 95.4596 -43.9529 2.2
      vertex 95.5332 -44.1697 4.75
      vertex 95.5332 -44.1697 2.2
    endloop
  endfacet
  facet normal -0.751683 -0.659524 0
    outer loop
      vertex 98.5384 -42.4347 2.2
      vertex 98.3874 -42.2626 4.75
      vertex 98.3874 -42.2626 2.2
    endloop
  endfacet
  facet normal -0.751683 -0.659524 0
    outer loop
      vertex 98.3874 -42.2626 4.75
      vertex 98.5384 -42.4347 2.2
      vertex 98.5384 -42.4347 4.75
    endloop
  endfacet
  facet normal -0.321464 -0.946922 0
    outer loop
      vertex 97.6029 -41.8096 2.2
      vertex 97.8197 -41.8832 4.75
      vertex 97.6029 -41.8096 4.75
    endloop
  endfacet
  facet normal -0.321464 -0.946922 -0
    outer loop
      vertex 97.8197 -41.8832 4.75
      vertex 97.6029 -41.8096 2.2
      vertex 97.8197 -41.8832 2.2
    endloop
  endfacet
  facet normal -0.321464 0.946922 0
    outer loop
      vertex 97.8197 -45.1168 2.2
      vertex 97.6029 -45.1904 4.75
      vertex 97.8197 -45.1168 4.75
    endloop
  endfacet
  facet normal -0.321464 0.946922 0
    outer loop
      vertex 97.6029 -45.1904 4.75
      vertex 97.8197 -45.1168 2.2
      vertex 97.6029 -45.1904 2.2
    endloop
  endfacet
  facet normal -0.555406 0.831579 0
    outer loop
      vertex 98.2153 -44.8884 2.2
      vertex 98.025 -45.0155 4.75
      vertex 98.2153 -44.8884 4.75
    endloop
  endfacet
  facet normal -0.555406 0.831579 0
    outer loop
      vertex 98.025 -45.0155 4.75
      vertex 98.2153 -44.8884 2.2
      vertex 98.025 -45.0155 2.2
    endloop
  endfacet
  facet normal -0.980832 0.194856 0
    outer loop
      vertex 98.8404 -43.9529 2.2
      vertex 98.885 -43.7284 4.75
      vertex 98.885 -43.7284 2.2
    endloop
  endfacet
  facet normal -0.980832 0.194856 0
    outer loop
      vertex 98.885 -43.7284 4.75
      vertex 98.8404 -43.9529 2.2
      vertex 98.8404 -43.9529 4.75
    endloop
  endfacet
  facet normal -0.896774 0.44249 0
    outer loop
      vertex 98.6655 -44.375 2.2
      vertex 98.7668 -44.1697 4.75
      vertex 98.7668 -44.1697 2.2
    endloop
  endfacet
  facet normal -0.896774 0.44249 0
    outer loop
      vertex 98.7668 -44.1697 4.75
      vertex 98.6655 -44.375 2.2
      vertex 98.6655 -44.375 4.75
    endloop
  endfacet
  facet normal 0.194856 0.980832 -0
    outer loop
      vertex 96.9216 -45.235 2.2
      vertex 96.6971 -45.1904 4.75
      vertex 96.9216 -45.235 4.75
    endloop
  endfacet
  facet normal 0.194856 0.980832 0
    outer loop
      vertex 96.6971 -45.1904 4.75
      vertex 96.9216 -45.235 2.2
      vertex 96.6971 -45.1904 2.2
    endloop
  endfacet
  facet normal 0.997781 0.0665845 0
    outer loop
      vertex 100.25 43.5 4.75
      vertex 100.223 43.9046 4
      vertex 100.223 43.9046 4.75
    endloop
  endfacet
  facet normal 0.997781 0.0665845 0
    outer loop
      vertex 100.223 43.9046 4
      vertex 100.25 43.5 4.75
      vertex 100.25 43.5 4
    endloop
  endfacet
  facet normal -0.997862 0.0653568 0
    outer loop
      vertex 94.05 43.5 2.2
      vertex 94.0765 43.9046 4.75
      vertex 94.0765 43.9046 2.2
    endloop
  endfacet
  facet normal -0.997862 0.0653568 0
    outer loop
      vertex 94.0765 43.9046 4.75
      vertex 94.05 43.5 2.2
      vertex 94.05 43.5 4.75
    endloop
  endfacet
  facet normal -0.0653568 0.997862 0
    outer loop
      vertex 97.15 46.6 4
      vertex 96.7454 46.5735 4.75
      vertex 97.15 46.6 4.75
    endloop
  endfacet
  facet normal -0.0653568 0.997862 0
    outer loop
      vertex 96.7454 46.5735 4.75
      vertex 97.15 46.6 4
      vertex 96.7454 46.5735 4
    endloop
  endfacet
  facet normal 0.0653568 -0.997862 0
    outer loop
      vertex 97.15 40.4 2.2
      vertex 97.5546 40.4265 4.75
      vertex 97.15 40.4 4.75
    endloop
  endfacet
  facet normal 0.0653568 -0.997862 0
    outer loop
      vertex 97.5546 40.4265 4.75
      vertex 97.15 40.4 2.2
      vertex 97.5546 40.4265 2.2
    endloop
  endfacet
  facet normal 0.659482 0.751721 -0
    outer loop
      vertex 99.342 45.692 2.2
      vertex 99.0372 45.9594 4.75
      vertex 99.342 45.692 4.75
    endloop
  endfacet
  facet normal 0.659482 0.751721 0
    outer loop
      vertex 99.0372 45.9594 4.75
      vertex 99.342 45.692 2.2
      vertex 99.0372 45.9594 2.2
    endloop
  endfacet
  facet normal -0.659482 0.751721 0
    outer loop
      vertex 95.2628 45.9594 2.2
      vertex 94.958 45.692 4.75
      vertex 95.2628 45.9594 4.75
    endloop
  endfacet
  facet normal -0.659482 0.751721 0
    outer loop
      vertex 94.958 45.692 4.75
      vertex 95.2628 45.9594 2.2
      vertex 94.958 45.692 2.2
    endloop
  endfacet
  facet normal -0.321549 0.946893 0
    outer loop
      vertex 96.3477 46.4944 4
      vertex 95.9637 46.364 4.75
      vertex 96.3477 46.4944 4.75
    endloop
  endfacet
  facet normal -0.321549 0.946893 0
    outer loop
      vertex 95.9637 46.364 4.75
      vertex 96.3477 46.4944 4
      vertex 95.9637 46.364 4
    endloop
  endfacet
  facet normal 0.896928 0.442176 0
    outer loop
      vertex 100.014 44.6863 4.75
      vertex 99.8347 45.05 4
      vertex 99.8347 45.05 4.75
    endloop
  endfacet
  facet normal 0.896928 0.442176 0
    outer loop
      vertex 99.8347 45.05 4
      vertex 100.014 44.6863 4.75
      vertex 100.014 44.6863 4
    endloop
  endfacet
  facet normal 0.321549 0.946893 -0
    outer loop
      vertex 98.3363 46.364 4
      vertex 97.9523 46.4944 4.75
      vertex 98.3363 46.364 4.75
    endloop
  endfacet
  facet normal 0.321549 0.946893 0
    outer loop
      vertex 97.9523 46.4944 4.75
      vertex 98.3363 46.364 4
      vertex 97.9523 46.4944 4
    endloop
  endfacet
  facet normal 0.195073 0.980789 -0
    outer loop
      vertex 97.9523 46.4944 4
      vertex 97.5546 46.5735 4.75
      vertex 97.9523 46.4944 4.75
    endloop
  endfacet
  facet normal 0.195073 0.980789 0
    outer loop
      vertex 97.5546 46.5735 4.75
      vertex 97.9523 46.4944 4
      vertex 97.5546 46.5735 4
    endloop
  endfacet
  facet normal 0.442176 0.896928 -0
    outer loop
      vertex 98.7 46.1847 4
      vertex 98.3363 46.364 4.75
      vertex 98.7 46.1847 4.75
    endloop
  endfacet
  facet normal 0.442176 0.896928 0
    outer loop
      vertex 98.3363 46.364 4.75
      vertex 98.7 46.1847 4
      vertex 98.3363 46.364 4
    endloop
  endfacet
  facet normal -0.896928 0.442176 0
    outer loop
      vertex 94.286 44.6863 2.2
      vertex 94.4653 45.05 4.75
      vertex 94.4653 45.05 2.2
    endloop
  endfacet
  facet normal -0.896928 0.442176 0
    outer loop
      vertex 94.4653 45.05 4.75
      vertex 94.286 44.6863 2.2
      vertex 94.286 44.6863 4.75
    endloop
  endfacet
  facet normal -0.751721 0.659482 0
    outer loop
      vertex 94.6906 45.3872 2.2
      vertex 94.958 45.692 4.75
      vertex 94.958 45.692 2.2
    endloop
  endfacet
  facet normal -0.751721 0.659482 0
    outer loop
      vertex 94.958 45.692 4.75
      vertex 94.6906 45.3872 2.2
      vertex 94.6906 45.3872 4.75
    endloop
  endfacet
  facet normal 0 0 1
    outer loop
      vertex 98.9 43.5 4.75
      vertex 100.25 43.5 4.75
      vertex 100.223 43.9046 4.75
    endloop
  endfacet
  facet normal 0 0 1
    outer loop
      vertex 98.885 43.7284 4.75
      vertex 100.223 43.9046 4.75
      vertex 100.144 44.3023 4.75
    endloop
  endfacet
  facet normal 0 0 1
    outer loop
      vertex 100.25 43.5 4.75
      vertex 98.9 43.5 4.75
      vertex 100.223 43.0954 4.75
    endloop
  endfacet
  facet normal 0 0 1
    outer loop
      vertex 98.8404 43.9529 4.75
      vertex 100.144 44.3023 4.75
      vertex 100.014 44.6863 4.75
    endloop
  endfacet
  facet normal -0 0 1
    outer loop
      vertex 98.885 43.2716 4.75
      vertex 100.223 43.0954 4.75
      vertex 98.9 43.5 4.75
    endloop
  endfacet
  facet normal 0 0 1
    outer loop
      vertex 98.7668 44.1697 4.75
      vertex 100.014 44.6863 4.75
      vertex 99.8347 45.05 4.75
    endloop
  endfacet
  facet normal 0 0 1
    outer loop
      vertex 100.223 43.0954 4.75
      vertex 98.885 43.2716 4.75
      vertex 100.144 42.6977 4.75
    endloop
  endfacet
  facet normal 0 0 1
    outer loop
      vertex 98.6655 44.375 4.75
      vertex 99.8347 45.05 4.75
      vertex 99.6094 45.3872 4.75
    endloop
  endfacet
  facet normal -0 0 1
    outer loop
      vertex 98.8404 43.0471 4.75
      vertex 100.144 42.6977 4.75
      vertex 98.885 43.2716 4.75
    endloop
  endfacet
  facet normal 0 0 1
    outer loop
      vertex 98.5384 44.5653 4.75
      vertex 99.6094 45.3872 4.75
      vertex 99.342 45.692 4.75
    endloop
  endfacet
  facet normal 0 0 1
    outer loop
      vertex 100.144 42.6977 4.75
      vertex 98.8404 43.0471 4.75
      vertex 100.014 42.3137 4.75
    endloop
  endfacet
  facet normal 0 0 1
    outer loop
      vertex 98.3874 44.7374 4.75
      vertex 99.342 45.692 4.75
      vertex 99.0372 45.9594 4.75
    endloop
  endfacet
  facet normal -0 0 1
    outer loop
      vertex 98.7668 42.8303 4.75
      vertex 100.014 42.3137 4.75
      vertex 98.8404 43.0471 4.75
    endloop
  endfacet
  facet normal 0 0 1
    outer loop
      vertex 100.014 42.3137 4.75
      vertex 98.7668 42.8303 4.75
      vertex 99.8347 41.95 4.75
    endloop
  endfacet
  facet normal 0 0 1
    outer loop
      vertex 100.223 43.9046 4.75
      vertex 98.885 43.7284 4.75
      vertex 98.9 43.5 4.75
    endloop
  endfacet
  facet normal 0 0 1
    outer loop
      vertex 100.144 44.3023 4.75
      vertex 98.8404 43.9529 4.75
      vertex 98.885 43.7284 4.75
    endloop
  endfacet
  facet normal 0 0 1
    outer loop
      vertex 100.014 44.6863 4.75
      vertex 98.7668 44.1697 4.75
      vertex 98.8404 43.9529 4.75
    endloop
  endfacet
  facet normal 0 0 1
    outer loop
      vertex 98.2153 44.8884 4.75
      vertex 99.0372 45.9594 4.75
      vertex 98.7 46.1847 4.75
    endloop
  endfacet
  facet normal 0 0 1
    outer loop
      vertex 99.8347 45.05 4.75
      vertex 98.6655 44.375 4.75
      vertex 98.7668 44.1697 4.75
    endloop
  endfacet
  facet normal 0 0 1
    outer loop
      vertex 99.6094 45.3872 4.75
      vertex 98.5384 44.5653 4.75
      vertex 98.6655 44.375 4.75
    endloop
  endfacet
  facet normal 0 0 1
    outer loop
      vertex 99.342 45.692 4.75
      vertex 98.3874 44.7374 4.75
      vertex 98.5384 44.5653 4.75
    endloop
  endfacet
  facet normal 0 0 1
    outer loop
      vertex 98.025 45.0155 4.75
      vertex 98.7 46.1847 4.75
      vertex 98.3363 46.364 4.75
    endloop
  endfacet
  facet normal 0 0 1
    outer loop
      vertex 99.0372 45.9594 4.75
      vertex 98.2153 44.8884 4.75
      vertex 98.3874 44.7374 4.75
    endloop
  endfacet
  facet normal 0 0 1
    outer loop
      vertex 98.7 46.1847 4.75
      vertex 98.025 45.0155 4.75
      vertex 98.2153 44.8884 4.75
    endloop
  endfacet
  facet normal 0 0 1
    outer loop
      vertex 97.8197 45.1168 4.75
      vertex 98.3363 46.364 4.75
      vertex 97.9523 46.4944 4.75
    endloop
  endfacet
  facet normal 0 0 1
    outer loop
      vertex 98.3363 46.364 4.75
      vertex 97.8197 45.1168 4.75
      vertex 98.025 45.0155 4.75
    endloop
  endfacet
  facet normal 0 0 1
    outer loop
      vertex 97.9523 46.4944 4.75
      vertex 97.6029 45.1904 4.75
      vertex 97.8197 45.1168 4.75
    endloop
  endfacet
  facet normal 0 0 1
    outer loop
      vertex 97.5546 46.5735 4.75
      vertex 97.6029 45.1904 4.75
      vertex 97.9523 46.4944 4.75
    endloop
  endfacet
  facet normal 0 0 1
    outer loop
      vertex 97.5546 46.5735 4.75
      vertex 97.3784 45.235 4.75
      vertex 97.6029 45.1904 4.75
    endloop
  endfacet
  facet normal 0 0 1
    outer loop
      vertex 97.15 46.6 4.75
      vertex 97.3784 45.235 4.75
      vertex 97.5546 46.5735 4.75
    endloop
  endfacet
  facet normal 0 0 1
    outer loop
      vertex 97.15 46.6 4.75
      vertex 97.15 45.25 4.75
      vertex 97.3784 45.235 4.75
    endloop
  endfacet
  facet normal 0 0 1
    outer loop
      vertex 97.15 46.6 4.75
      vertex 96.9216 45.235 4.75
      vertex 97.15 45.25 4.75
    endloop
  endfacet
  facet normal -0 0 1
    outer loop
      vertex 96.7454 46.5735 4.75
      vertex 96.9216 45.235 4.75
      vertex 97.15 46.6 4.75
    endloop
  endfacet
  facet normal 0 0 1
    outer loop
      vertex 96.7454 46.5735 4.75
      vertex 96.6971 45.1904 4.75
      vertex 96.9216 45.235 4.75
    endloop
  endfacet
  facet normal -0 0 1
    outer loop
      vertex 96.3477 46.4944 4.75
      vertex 96.6971 45.1904 4.75
      vertex 96.7454 46.5735 4.75
    endloop
  endfacet
  facet normal 0 0 1
    outer loop
      vertex 96.6971 45.1904 4.75
      vertex 96.3477 46.4944 4.75
      vertex 96.4803 45.1168 4.75
    endloop
  endfacet
  facet normal -0 0 1
    outer loop
      vertex 95.9637 46.364 4.75
      vertex 96.4803 45.1168 4.75
      vertex 96.3477 46.4944 4.75
    endloop
  endfacet
  facet normal 0 0 1
    outer loop
      vertex 96.4803 45.1168 4.75
      vertex 95.9637 46.364 4.75
      vertex 96.275 45.0155 4.75
    endloop
  endfacet
  facet normal -0 0 1
    outer loop
      vertex 95.6 46.1847 4.75
      vertex 96.275 45.0155 4.75
      vertex 95.9637 46.364 4.75
    endloop
  endfacet
  facet normal 0 0 1
    outer loop
      vertex 96.275 45.0155 4.75
      vertex 95.6 46.1847 4.75
      vertex 96.0847 44.8884 4.75
    endloop
  endfacet
  facet normal -0 0 1
    outer loop
      vertex 95.2628 45.9594 4.75
      vertex 96.0847 44.8884 4.75
      vertex 95.6 46.1847 4.75
    endloop
  endfacet
  facet normal 0 0 1
    outer loop
      vertex 96.0847 44.8884 4.75
      vertex 95.2628 45.9594 4.75
      vertex 95.9126 44.7374 4.75
    endloop
  endfacet
  facet normal -0 0 1
    outer loop
      vertex 94.958 45.692 4.75
      vertex 95.9126 44.7374 4.75
      vertex 95.2628 45.9594 4.75
    endloop
  endfacet
  facet normal 0 0 1
    outer loop
      vertex 95.9126 44.7374 4.75
      vertex 94.958 45.692 4.75
      vertex 95.7616 44.5653 4.75
    endloop
  endfacet
  facet normal -0 0 1
    outer loop
      vertex 94.6906 45.3872 4.75
      vertex 95.7616 44.5653 4.75
      vertex 94.958 45.692 4.75
    endloop
  endfacet
  facet normal 0 0 1
    outer loop
      vertex 95.7616 44.5653 4.75
      vertex 94.6906 45.3872 4.75
      vertex 95.6345 44.375 4.75
    endloop
  endfacet
  facet normal 0 0 1
    outer loop
      vertex 95.6345 44.375 4.75
      vertex 94.4653 45.05 4.75
      vertex 95.5332 44.1697 4.75
    endloop
  endfacet
  facet normal -0 0 1
    outer loop
      vertex 94.4653 45.05 4.75
      vertex 95.6345 44.375 4.75
      vertex 94.6906 45.3872 4.75
    endloop
  endfacet
  facet normal -0 0 1
    outer loop
      vertex 98.6655 42.625 4.75
      vertex 99.8347 41.95 4.75
      vertex 98.7668 42.8303 4.75
    endloop
  endfacet
  facet normal 0 0 1
    outer loop
      vertex 99.8347 41.95 4.75
      vertex 98.6655 42.625 4.75
      vertex 99.6094 41.6128 4.75
    endloop
  endfacet
  facet normal -0 0 1
    outer loop
      vertex 98.5384 42.4347 4.75
      vertex 99.6094 41.6128 4.75
      vertex 98.6655 42.625 4.75
    endloop
  endfacet
  facet normal 0 0 1
    outer loop
      vertex 99.6094 41.6128 4.75
      vertex 98.5384 42.4347 4.75
      vertex 99.342 41.308 4.75
    endloop
  endfacet
  facet normal -0 0 1
    outer loop
      vertex 98.3874 42.2626 4.75
      vertex 99.342 41.308 4.75
      vertex 98.5384 42.4347 4.75
    endloop
  endfacet
  facet normal 0 0 1
    outer loop
      vertex 99.342 41.308 4.75
      vertex 98.3874 42.2626 4.75
      vertex 99.0372 41.0406 4.75
    endloop
  endfacet
  facet normal -0 0 1
    outer loop
      vertex 98.2153 42.1116 4.75
      vertex 99.0372 41.0406 4.75
      vertex 98.3874 42.2626 4.75
    endloop
  endfacet
  facet normal 0 0 1
    outer loop
      vertex 99.0372 41.0406 4.75
      vertex 98.2153 42.1116 4.75
      vertex 98.7 40.8153 4.75
    endloop
  endfacet
  facet normal -0 0 1
    outer loop
      vertex 98.025 41.9845 4.75
      vertex 98.7 40.8153 4.75
      vertex 98.2153 42.1116 4.75
    endloop
  endfacet
  facet normal 0 0 1
    outer loop
      vertex 98.7 40.8153 4.75
      vertex 98.025 41.9845 4.75
      vertex 98.3363 40.636 4.75
    endloop
  endfacet
  facet normal -0 0 1
    outer loop
      vertex 97.8197 41.8832 4.75
      vertex 98.3363 40.636 4.75
      vertex 98.025 41.9845 4.75
    endloop
  endfacet
  facet normal 0 0 1
    outer loop
      vertex 98.3363 40.636 4.75
      vertex 97.8197 41.8832 4.75
      vertex 97.9523 40.5056 4.75
    endloop
  endfacet
  facet normal -0 0 1
    outer loop
      vertex 97.6029 41.8096 4.75
      vertex 97.9523 40.5056 4.75
      vertex 97.8197 41.8832 4.75
    endloop
  endfacet
  facet normal 0 0 1
    outer loop
      vertex 97.6029 41.8096 4.75
      vertex 97.5546 40.4265 4.75
      vertex 97.9523 40.5056 4.75
    endloop
  endfacet
  facet normal -0 0 1
    outer loop
      vertex 97.3784 41.765 4.75
      vertex 97.5546 40.4265 4.75
      vertex 97.6029 41.8096 4.75
    endloop
  endfacet
  facet normal -0 0 1
    outer loop
      vertex 97.15 41.75 4.75
      vertex 97.5546 40.4265 4.75
      vertex 97.3784 41.765 4.75
    endloop
  endfacet
  facet normal 0 0 1
    outer loop
      vertex 97.15 41.75 4.75
      vertex 97.15 40.4 4.75
      vertex 97.5546 40.4265 4.75
    endloop
  endfacet
  facet normal 0 0 1
    outer loop
      vertex 96.9216 41.765 4.75
      vertex 97.15 40.4 4.75
      vertex 97.15 41.75 4.75
    endloop
  endfacet
  facet normal 0 0 1
    outer loop
      vertex 96.9216 41.765 4.75
      vertex 96.7454 40.4265 4.75
      vertex 97.15 40.4 4.75
    endloop
  endfacet
  facet normal 0 0 1
    outer loop
      vertex 96.6971 41.8096 4.75
      vertex 96.7454 40.4265 4.75
      vertex 96.9216 41.765 4.75
    endloop
  endfacet
  facet normal 0 0 1
    outer loop
      vertex 96.3477 40.5056 4.75
      vertex 96.6971 41.8096 4.75
      vertex 96.4803 41.8832 4.75
    endloop
  endfacet
  facet normal 0 0 1
    outer loop
      vertex 96.6971 41.8096 4.75
      vertex 96.3477 40.5056 4.75
      vertex 96.7454 40.4265 4.75
    endloop
  endfacet
  facet normal 0 0 1
    outer loop
      vertex 95.9637 40.636 4.75
      vertex 96.4803 41.8832 4.75
      vertex 96.275 41.9845 4.75
    endloop
  endfacet
  facet normal 0 0 1
    outer loop
      vertex 95.6 40.8153 4.75
      vertex 96.275 41.9845 4.75
      vertex 96.0847 42.1116 4.75
    endloop
  endfacet
  facet normal 0 0 1
    outer loop
      vertex 96.4803 41.8832 4.75
      vertex 95.9637 40.636 4.75
      vertex 96.3477 40.5056 4.75
    endloop
  endfacet
  facet normal 0 0 1
    outer loop
      vertex 95.2628 41.0406 4.75
      vertex 96.0847 42.1116 4.75
      vertex 95.9126 42.2626 4.75
    endloop
  endfacet
  facet normal 0 0 1
    outer loop
      vertex 94.958 41.308 4.75
      vertex 95.9126 42.2626 4.75
      vertex 95.7616 42.4347 4.75
    endloop
  endfacet
  facet normal 0 0 1
    outer loop
      vertex 94.6906 41.6128 4.75
      vertex 95.7616 42.4347 4.75
      vertex 95.6345 42.625 4.75
    endloop
  endfacet
  facet normal 0 0 1
    outer loop
      vertex 96.275 41.9845 4.75
      vertex 95.6 40.8153 4.75
      vertex 95.9637 40.636 4.75
    endloop
  endfacet
  facet normal 0 0 1
    outer loop
      vertex 94.4653 41.95 4.75
      vertex 95.6345 42.625 4.75
      vertex 95.5332 42.8303 4.75
    endloop
  endfacet
  facet normal 0 0 1
    outer loop
      vertex 94.286 42.3137 4.75
      vertex 95.5332 42.8303 4.75
      vertex 95.4596 43.0471 4.75
    endloop
  endfacet
  facet normal 0 0 1
    outer loop
      vertex 94.1556 42.6977 4.75
      vertex 95.4596 43.0471 4.75
      vertex 95.415 43.2716 4.75
    endloop
  endfacet
  facet normal 0 0 1
    outer loop
      vertex 96.0847 42.1116 4.75
      vertex 95.2628 41.0406 4.75
      vertex 95.6 40.8153 4.75
    endloop
  endfacet
  facet normal 0 0 1
    outer loop
      vertex 94.0765 43.0954 4.75
      vertex 95.415 43.2716 4.75
      vertex 95.4 43.5 4.75
    endloop
  endfacet
  facet normal -0 0 1
    outer loop
      vertex 94.286 44.6863 4.75
      vertex 95.5332 44.1697 4.75
      vertex 94.4653 45.05 4.75
    endloop
  endfacet
  facet normal 0 0 1
    outer loop
      vertex 95.5332 44.1697 4.75
      vertex 94.286 44.6863 4.75
      vertex 95.4596 43.9529 4.75
    endloop
  endfacet
  facet normal 0 0 1
    outer loop
      vertex 95.9126 42.2626 4.75
      vertex 94.958 41.308 4.75
      vertex 95.2628 41.0406 4.75
    endloop
  endfacet
  facet normal -0 0 1
    outer loop
      vertex 94.1556 44.3023 4.75
      vertex 95.4596 43.9529 4.75
      vertex 94.286 44.6863 4.75
    endloop
  endfacet
  facet normal 0 0 1
    outer loop
      vertex 95.7616 42.4347 4.75
      vertex 94.6906 41.6128 4.75
      vertex 94.958 41.308 4.75
    endloop
  endfacet
  facet normal 0 0 1
    outer loop
      vertex 95.4596 43.9529 4.75
      vertex 94.1556 44.3023 4.75
      vertex 95.415 43.7284 4.75
    endloop
  endfacet
  facet normal 0 0 1
    outer loop
      vertex 95.6345 42.625 4.75
      vertex 94.4653 41.95 4.75
      vertex 94.6906 41.6128 4.75
    endloop
  endfacet
  facet normal -0 0 1
    outer loop
      vertex 94.0765 43.9046 4.75
      vertex 95.415 43.7284 4.75
      vertex 94.1556 44.3023 4.75
    endloop
  endfacet
  facet normal 0 0 1
    outer loop
      vertex 95.5332 42.8303 4.75
      vertex 94.286 42.3137 4.75
      vertex 94.4653 41.95 4.75
    endloop
  endfacet
  facet normal 0 0 1
    outer loop
      vertex 95.415 43.7284 4.75
      vertex 94.0765 43.9046 4.75
      vertex 95.4 43.5 4.75
    endloop
  endfacet
  facet normal 0 0 1
    outer loop
      vertex 95.4596 43.0471 4.75
      vertex 94.1556 42.6977 4.75
      vertex 94.286 42.3137 4.75
    endloop
  endfacet
  facet normal 0 0 1
    outer loop
      vertex 94.05 43.5 4.75
      vertex 95.4 43.5 4.75
      vertex 94.0765 43.9046 4.75
    endloop
  endfacet
  facet normal 0 0 1
    outer loop
      vertex 95.415 43.2716 4.75
      vertex 94.0765 43.0954 4.75
      vertex 94.1556 42.6977 4.75
    endloop
  endfacet
  facet normal 0 0 1
    outer loop
      vertex 95.4 43.5 4.75
      vertex 94.05 43.5 4.75
      vertex 94.0765 43.0954 4.75
    endloop
  endfacet
  facet normal -0.195073 0.980789 0
    outer loop
      vertex 96.7454 46.5735 4
      vertex 96.3477 46.4944 4.75
      vertex 96.7454 46.5735 4.75
    endloop
  endfacet
  facet normal -0.195073 0.980789 0
    outer loop
      vertex 96.3477 46.4944 4.75
      vertex 96.7454 46.5735 4
      vertex 96.3477 46.4944 4
    endloop
  endfacet
  facet normal 0.896928 -0.442176 0
    outer loop
      vertex 99.8347 41.95 4.75
      vertex 100.014 42.3137 4
      vertex 100.014 42.3137 4.75
    endloop
  endfacet
  facet normal 0.896928 -0.442176 0
    outer loop
      vertex 100.014 42.3137 4
      vertex 99.8347 41.95 4.75
      vertex 99.8347 41.95 4
    endloop
  endfacet
  facet normal 0.195073 -0.980789 0
    outer loop
      vertex 97.5546 40.4265 2.2
      vertex 97.9523 40.5056 4.75
      vertex 97.5546 40.4265 4.75
    endloop
  endfacet
  facet normal 0.195073 -0.980789 0
    outer loop
      vertex 97.9523 40.5056 4.75
      vertex 97.5546 40.4265 2.2
      vertex 97.9523 40.5056 2.2
    endloop
  endfacet
  facet normal 0.947193 0.320664 0
    outer loop
      vertex 100.144 44.3023 4.75
      vertex 100.014 44.6863 4
      vertex 100.014 44.6863 4.75
    endloop
  endfacet
  facet normal 0.947193 0.320664 0
    outer loop
      vertex 100.014 44.6863 4
      vertex 100.144 44.3023 4.75
      vertex 100.144 44.3023 4
    endloop
  endfacet
  facet normal 0.980836 0.194835 0
    outer loop
      vertex 100.223 43.9046 4.75
      vertex 100.144 44.3023 4
      vertex 100.144 44.3023 4.75
    endloop
  endfacet
  facet normal 0.980836 0.194835 0
    outer loop
      vertex 100.144 44.3023 4
      vertex 100.223 43.9046 4.75
      vertex 100.223 43.9046 4
    endloop
  endfacet
  facet normal 0.751721 0.659482 0
    outer loop
      vertex 99.6094 45.3872 4.75
      vertex 99.342 45.692 2.2
      vertex 99.342 45.692 4.75
    endloop
  endfacet
  facet normal 0.751721 0.659482 0
    outer loop
      vertex 99.342 45.692 2.2
      vertex 99.6094 45.3872 4.75
      vertex 99.6094 45.3872 2.2
    endloop
  endfacet
  facet normal 0.83143 0.555629 0
    outer loop
      vertex 99.6094 45.3872 4.75
      vertex 99.6646 45.3046 4
      vertex 99.6094 45.3872 2.2
    endloop
  endfacet
  facet normal 0.831481 0.555553 1.20333e-05
    outer loop
      vertex 99.8347 45.05 4.75
      vertex 99.6646 45.3046 4
      vertex 99.6094 45.3872 4.75
    endloop
  endfacet
  facet normal 0.831497 0.555529 0
    outer loop
      vertex 99.6646 45.3046 4
      vertex 99.8347 45.05 4.75
      vertex 99.8347 45.05 4
    endloop
  endfacet
  facet normal 0.83143 0.555629 0
    outer loop
      vertex 99.6094 45.3872 2.2
      vertex 99.6646 45.3046 4
      vertex 99.6646 45.3046 2.2
    endloop
  endfacet
  facet normal 0.0653568 0.997862 -0
    outer loop
      vertex 97.5546 46.5735 4
      vertex 97.15 46.6 4.75
      vertex 97.5546 46.5735 4.75
    endloop
  endfacet
  facet normal 0.0653568 0.997862 0
    outer loop
      vertex 97.15 46.6 4.75
      vertex 97.5546 46.5735 4
      vertex 97.15 46.6 4
    endloop
  endfacet
  facet normal 0.555553 0.831481 1.20333e-05
    outer loop
      vertex 99.0372 45.9594 4.75
      vertex 98.9546 46.0146 4
      vertex 98.7 46.1847 4.75
    endloop
  endfacet
  facet normal 0.555629 0.83143 -0
    outer loop
      vertex 99.0372 45.9594 2.2
      vertex 98.9546 46.0146 4
      vertex 99.0372 45.9594 4.75
    endloop
  endfacet
  facet normal 0.555629 0.83143 0
    outer loop
      vertex 98.9546 46.0146 4
      vertex 99.0372 45.9594 2.2
      vertex 98.9546 46.0146 2.2
    endloop
  endfacet
  facet normal 0.555529 0.831497 0
    outer loop
      vertex 98.7 46.1847 4.75
      vertex 98.9546 46.0146 4
      vertex 98.7 46.1847 4
    endloop
  endfacet
  facet normal -0.831481 0.555553 0
    outer loop
      vertex 94.4653 45.05 2.2
      vertex 94.6906 45.3872 4.75
      vertex 94.6906 45.3872 2.2
    endloop
  endfacet
  facet normal -0.831481 0.555553 0
    outer loop
      vertex 94.6906 45.3872 4.75
      vertex 94.4653 45.05 2.2
      vertex 94.4653 45.05 4.75
    endloop
  endfacet
  facet normal -0.946893 0.321549 0
    outer loop
      vertex 94.1556 44.3023 2.2
      vertex 94.286 44.6863 4.75
      vertex 94.286 44.6863 2.2
    endloop
  endfacet
  facet normal -0.946893 0.321549 0
    outer loop
      vertex 94.286 44.6863 4.75
      vertex 94.1556 44.3023 2.2
      vertex 94.1556 44.3023 4.75
    endloop
  endfacet
  facet normal -0.980789 0.195073 0
    outer loop
      vertex 94.0765 43.9046 2.2
      vertex 94.1556 44.3023 4.75
      vertex 94.1556 44.3023 2.2
    endloop
  endfacet
  facet normal -0.980789 0.195073 0
    outer loop
      vertex 94.1556 44.3023 4.75
      vertex 94.0765 43.9046 2.2
      vertex 94.0765 43.9046 4.75
    endloop
  endfacet
  facet normal -0.442176 0.896928 0
    outer loop
      vertex 95.9637 46.364 4
      vertex 95.6 46.1847 4.75
      vertex 95.9637 46.364 4.75
    endloop
  endfacet
  facet normal -0.442176 0.896928 0
    outer loop
      vertex 95.6 46.1847 4.75
      vertex 95.9637 46.364 4
      vertex 95.6 46.1847 4
    endloop
  endfacet
  facet normal -0.555612 0.831442 0
    outer loop
      vertex 95.3685 46.03 4
      vertex 95.6 46.1847 4.75
      vertex 95.6 46.1847 4
    endloop
  endfacet
  facet normal -0.555553 0.831481 -2.59406e-05
    outer loop
      vertex 95.6 46.1847 4.75
      vertex 95.3685 46.03 4
      vertex 95.2628 45.9594 4.75
    endloop
  endfacet
  facet normal -0.555426 0.831566 0
    outer loop
      vertex 95.2628 45.9594 2.2
      vertex 95.3685 46.03 4
      vertex 95.3685 46.03 2.2
    endloop
  endfacet
  facet normal -0.555426 0.831566 0
    outer loop
      vertex 95.3685 46.03 4
      vertex 95.2628 45.9594 2.2
      vertex 95.2628 45.9594 4.75
    endloop
  endfacet
  facet normal 0.751721 -0.659482 0
    outer loop
      vertex 99.342 41.308 4.75
      vertex 99.6094 41.6128 2.2
      vertex 99.6094 41.6128 4.75
    endloop
  endfacet
  facet normal 0.751721 -0.659482 0
    outer loop
      vertex 99.6094 41.6128 2.2
      vertex 99.342 41.308 4.75
      vertex 99.342 41.308 2.2
    endloop
  endfacet
  facet normal 0.947193 -0.320664 0
    outer loop
      vertex 100.014 42.3137 4.75
      vertex 100.144 42.6977 4
      vertex 100.144 42.6977 4.75
    endloop
  endfacet
  facet normal 0.947193 -0.320664 0
    outer loop
      vertex 100.144 42.6977 4
      vertex 100.014 42.3137 4.75
      vertex 100.014 42.3137 4
    endloop
  endfacet
  facet normal 0.980836 -0.194835 0
    outer loop
      vertex 100.144 42.6977 4.75
      vertex 100.223 43.0954 4
      vertex 100.223 43.0954 4.75
    endloop
  endfacet
  facet normal 0.980836 -0.194835 0
    outer loop
      vertex 100.223 43.0954 4
      vertex 100.144 42.6977 4.75
      vertex 100.144 42.6977 4
    endloop
  endfacet
  facet normal -0.659482 -0.751721 0
    outer loop
      vertex 94.958 41.308 2.2
      vertex 95.2628 41.0406 4.75
      vertex 94.958 41.308 4.75
    endloop
  endfacet
  facet normal -0.659482 -0.751721 -0
    outer loop
      vertex 95.2628 41.0406 4.75
      vertex 94.958 41.308 2.2
      vertex 95.2628 41.0406 2.2
    endloop
  endfacet
  facet normal -0.896928 -0.442176 0
    outer loop
      vertex 94.4653 41.95 2.2
      vertex 94.286 42.3137 4.75
      vertex 94.286 42.3137 2.2
    endloop
  endfacet
  facet normal -0.896928 -0.442176 0
    outer loop
      vertex 94.286 42.3137 4.75
      vertex 94.4653 41.95 2.2
      vertex 94.4653 41.95 4.75
    endloop
  endfacet
  facet normal -0.751721 -0.659482 0
    outer loop
      vertex 94.958 41.308 2.2
      vertex 94.6906 41.6128 4.75
      vertex 94.6906 41.6128 2.2
    endloop
  endfacet
  facet normal -0.751721 -0.659482 0
    outer loop
      vertex 94.6906 41.6128 4.75
      vertex 94.958 41.308 2.2
      vertex 94.958 41.308 4.75
    endloop
  endfacet
  facet normal -0.997862 -0.0653568 0
    outer loop
      vertex 94.0765 43.0954 2.2
      vertex 94.05 43.5 4.75
      vertex 94.05 43.5 2.2
    endloop
  endfacet
  facet normal -0.997862 -0.0653568 0
    outer loop
      vertex 94.05 43.5 4.75
      vertex 94.0765 43.0954 2.2
      vertex 94.0765 43.0954 4.75
    endloop
  endfacet
  facet normal 0.831442 -0.555612 0
    outer loop
      vertex 99.8347 41.95 4.75
      vertex 99.68 41.7185 4
      vertex 99.8347 41.95 4
    endloop
  endfacet
  facet normal 0.831481 -0.555553 -2.59406e-05
    outer loop
      vertex 99.6094 41.6128 4.75
      vertex 99.68 41.7185 4
      vertex 99.8347 41.95 4.75
    endloop
  endfacet
  facet normal 0.831566 -0.555426 0
    outer loop
      vertex 99.6094 41.6128 2.2
      vertex 99.68 41.7185 4
      vertex 99.6094 41.6128 4.75
    endloop
  endfacet
  facet normal 0.831566 -0.555426 0
    outer loop
      vertex 99.68 41.7185 4
      vertex 99.6094 41.6128 2.2
      vertex 99.68 41.7185 2.2
    endloop
  endfacet
  facet normal 0.997781 -0.0665845 0
    outer loop
      vertex 100.223 43.0954 4.75
      vertex 100.25 43.5 4
      vertex 100.25 43.5 4.75
    endloop
  endfacet
  facet normal 0.997781 -0.0665845 0
    outer loop
      vertex 100.25 43.5 4
      vertex 100.223 43.0954 4.75
      vertex 100.223 43.0954 4
    endloop
  endfacet
  facet normal -0.442176 -0.896928 0
    outer loop
      vertex 95.6 40.8153 2.2
      vertex 95.9637 40.636 4.75
      vertex 95.6 40.8153 4.75
    endloop
  endfacet
  facet normal -0.442176 -0.896928 -0
    outer loop
      vertex 95.9637 40.636 4.75
      vertex 95.6 40.8153 2.2
      vertex 95.9637 40.636 2.2
    endloop
  endfacet
  facet normal -0.980789 -0.195073 0
    outer loop
      vertex 94.1556 42.6977 2.2
      vertex 94.0765 43.0954 4.75
      vertex 94.0765 43.0954 2.2
    endloop
  endfacet
  facet normal -0.980789 -0.195073 0
    outer loop
      vertex 94.0765 43.0954 4.75
      vertex 94.1556 42.6977 2.2
      vertex 94.1556 42.6977 4.75
    endloop
  endfacet
  facet normal -0.946893 -0.321549 0
    outer loop
      vertex 94.286 42.3137 2.2
      vertex 94.1556 42.6977 4.75
      vertex 94.1556 42.6977 2.2
    endloop
  endfacet
  facet normal -0.946893 -0.321549 0
    outer loop
      vertex 94.1556 42.6977 4.75
      vertex 94.286 42.3137 2.2
      vertex 94.286 42.3137 4.75
    endloop
  endfacet
  facet normal 0.442176 -0.896928 0
    outer loop
      vertex 98.3363 40.636 2.2
      vertex 98.7 40.8153 4.75
      vertex 98.3363 40.636 4.75
    endloop
  endfacet
  facet normal 0.442176 -0.896928 0
    outer loop
      vertex 98.7 40.8153 4.75
      vertex 98.3363 40.636 2.2
      vertex 98.7 40.8153 2.2
    endloop
  endfacet
  facet normal 0.321549 -0.946893 0
    outer loop
      vertex 97.9523 40.5056 2.2
      vertex 98.3363 40.636 4.75
      vertex 97.9523 40.5056 4.75
    endloop
  endfacet
  facet normal 0.321549 -0.946893 0
    outer loop
      vertex 98.3363 40.636 4.75
      vertex 97.9523 40.5056 2.2
      vertex 98.3363 40.636 2.2
    endloop
  endfacet
  facet normal 0.659482 -0.751721 0
    outer loop
      vertex 99.0372 41.0406 2.2
      vertex 99.342 41.308 4.75
      vertex 99.0372 41.0406 4.75
    endloop
  endfacet
  facet normal 0.659482 -0.751721 0
    outer loop
      vertex 99.342 41.308 4.75
      vertex 99.0372 41.0406 2.2
      vertex 99.342 41.308 2.2
    endloop
  endfacet
  facet normal 0.555553 -0.831481 0
    outer loop
      vertex 98.7 40.8153 2.2
      vertex 99.0372 41.0406 4.75
      vertex 98.7 40.8153 4.75
    endloop
  endfacet
  facet normal 0.555553 -0.831481 0
    outer loop
      vertex 99.0372 41.0406 4.75
      vertex 98.7 40.8153 2.2
      vertex 99.0372 41.0406 2.2
    endloop
  endfacet
  facet normal -0.321549 -0.946893 0
    outer loop
      vertex 95.9637 40.636 2.2
      vertex 96.3477 40.5056 4.75
      vertex 95.9637 40.636 4.75
    endloop
  endfacet
  facet normal -0.321549 -0.946893 -0
    outer loop
      vertex 96.3477 40.5056 4.75
      vertex 95.9637 40.636 2.2
      vertex 96.3477 40.5056 2.2
    endloop
  endfacet
  facet normal -0.0653568 -0.997862 0
    outer loop
      vertex 96.7454 40.4265 2.2
      vertex 97.15 40.4 4.75
      vertex 96.7454 40.4265 4.75
    endloop
  endfacet
  facet normal -0.0653568 -0.997862 -0
    outer loop
      vertex 97.15 40.4 4.75
      vertex 96.7454 40.4265 2.2
      vertex 97.15 40.4 2.2
    endloop
  endfacet
  facet normal -0.555553 -0.831481 0
    outer loop
      vertex 95.2628 41.0406 2.2
      vertex 95.6 40.8153 4.75
      vertex 95.2628 41.0406 4.75
    endloop
  endfacet
  facet normal -0.555553 -0.831481 -0
    outer loop
      vertex 95.6 40.8153 4.75
      vertex 95.2628 41.0406 2.2
      vertex 95.6 40.8153 2.2
    endloop
  endfacet
  facet normal -0.831481 -0.555553 0
    outer loop
      vertex 94.6906 41.6128 2.2
      vertex 94.4653 41.95 4.75
      vertex 94.4653 41.95 2.2
    endloop
  endfacet
  facet normal -0.831481 -0.555553 0
    outer loop
      vertex 94.4653 41.95 4.75
      vertex 94.6906 41.6128 2.2
      vertex 94.6906 41.6128 4.75
    endloop
  endfacet
  facet normal -0.195073 -0.980789 0
    outer loop
      vertex 96.3477 40.5056 2.2
      vertex 96.7454 40.4265 4.75
      vertex 96.3477 40.5056 4.75
    endloop
  endfacet
  facet normal -0.195073 -0.980789 -0
    outer loop
      vertex 96.7454 40.4265 4.75
      vertex 96.3477 40.5056 2.2
      vertex 96.7454 40.4265 2.2
    endloop
  endfacet
  facet normal -0.99785 -0.0655331 0
    outer loop
      vertex 98.9 43.5 2.2
      vertex 98.885 43.7284 4.75
      vertex 98.885 43.7284 2.2
    endloop
  endfacet
  facet normal -0.99785 -0.0655331 0
    outer loop
      vertex 98.885 43.7284 4.75
      vertex 98.9 43.5 2.2
      vertex 98.9 43.5 4.75
    endloop
  endfacet
  facet normal 0.99785 -0.0655331 0
    outer loop
      vertex 95.4 43.5 4.75
      vertex 95.415 43.7284 2.2
      vertex 95.415 43.7284 4.75
    endloop
  endfacet
  facet normal 0.99785 -0.0655331 0
    outer loop
      vertex 95.415 43.7284 2.2
      vertex 95.4 43.5 4.75
      vertex 95.4 43.5 2.2
    endloop
  endfacet
  facet normal -0.0655331 -0.99785 0
    outer loop
      vertex 97.15 45.25 2.2
      vertex 97.3784 45.235 4.75
      vertex 97.15 45.25 4.75
    endloop
  endfacet
  facet normal -0.0655331 -0.99785 -0
    outer loop
      vertex 97.3784 45.235 4.75
      vertex 97.15 45.25 2.2
      vertex 97.3784 45.235 2.2
    endloop
  endfacet
  facet normal -0.659524 -0.751683 0
    outer loop
      vertex 98.2153 44.8884 2.2
      vertex 98.3874 44.7374 4.75
      vertex 98.2153 44.8884 4.75
    endloop
  endfacet
  facet normal -0.659524 -0.751683 -0
    outer loop
      vertex 98.3874 44.7374 4.75
      vertex 98.2153 44.8884 2.2
      vertex 98.3874 44.7374 2.2
    endloop
  endfacet
  facet normal 0.659524 -0.751683 0
    outer loop
      vertex 95.9126 44.7374 2.2
      vertex 96.0847 44.8884 4.75
      vertex 95.9126 44.7374 4.75
    endloop
  endfacet
  facet normal 0.659524 -0.751683 0
    outer loop
      vertex 96.0847 44.8884 4.75
      vertex 95.9126 44.7374 2.2
      vertex 96.0847 44.8884 2.2
    endloop
  endfacet
  facet normal 0.321464 -0.946922 0
    outer loop
      vertex 96.4803 45.1168 2.2
      vertex 96.6971 45.1904 4.75
      vertex 96.4803 45.1168 4.75
    endloop
  endfacet
  facet normal 0.321464 -0.946922 0
    outer loop
      vertex 96.6971 45.1904 4.75
      vertex 96.4803 45.1168 2.2
      vertex 96.6971 45.1904 2.2
    endloop
  endfacet
  facet normal 0.980832 0.194856 0
    outer loop
      vertex 95.4596 43.0471 4.75
      vertex 95.415 43.2716 2.2
      vertex 95.415 43.2716 4.75
    endloop
  endfacet
  facet normal 0.980832 0.194856 0
    outer loop
      vertex 95.415 43.2716 2.2
      vertex 95.4596 43.0471 4.75
      vertex 95.4596 43.0471 2.2
    endloop
  endfacet
  facet normal -0.896774 -0.44249 0
    outer loop
      vertex 98.7668 44.1697 2.2
      vertex 98.6655 44.375 4.75
      vertex 98.6655 44.375 2.2
    endloop
  endfacet
  facet normal -0.896774 -0.44249 0
    outer loop
      vertex 98.6655 44.375 4.75
      vertex 98.7668 44.1697 2.2
      vertex 98.7668 44.1697 4.75
    endloop
  endfacet
  facet normal -0.831579 -0.555406 0
    outer loop
      vertex 98.6655 44.375 2.2
      vertex 98.5384 44.5653 4.75
      vertex 98.5384 44.5653 2.2
    endloop
  endfacet
  facet normal -0.831579 -0.555406 0
    outer loop
      vertex 98.5384 44.5653 4.75
      vertex 98.6655 44.375 2.2
      vertex 98.6655 44.375 4.75
    endloop
  endfacet
  facet normal -0.44249 -0.896774 0
    outer loop
      vertex 97.8197 45.1168 2.2
      vertex 98.025 45.0155 4.75
      vertex 97.8197 45.1168 4.75
    endloop
  endfacet
  facet normal -0.44249 -0.896774 -0
    outer loop
      vertex 98.025 45.0155 4.75
      vertex 97.8197 45.1168 2.2
      vertex 98.025 45.0155 2.2
    endloop
  endfacet
  facet normal -0.555406 -0.831579 0
    outer loop
      vertex 98.025 45.0155 2.2
      vertex 98.2153 44.8884 4.75
      vertex 98.025 45.0155 4.75
    endloop
  endfacet
  facet normal -0.555406 -0.831579 -0
    outer loop
      vertex 98.2153 44.8884 4.75
      vertex 98.025 45.0155 2.2
      vertex 98.2153 44.8884 2.2
    endloop
  endfacet
  facet normal 0.896774 -0.44249 0
    outer loop
      vertex 95.5332 44.1697 4.75
      vertex 95.6345 44.375 2.2
      vertex 95.6345 44.375 4.75
    endloop
  endfacet
  facet normal 0.896774 -0.44249 0
    outer loop
      vertex 95.6345 44.375 2.2
      vertex 95.5332 44.1697 4.75
      vertex 95.5332 44.1697 2.2
    endloop
  endfacet
  facet normal 0.831579 -0.555406 0
    outer loop
      vertex 95.6345 44.375 4.75
      vertex 95.7616 44.5653 2.2
      vertex 95.7616 44.5653 4.75
    endloop
  endfacet
  facet normal 0.831579 -0.555406 0
    outer loop
      vertex 95.7616 44.5653 2.2
      vertex 95.6345 44.375 4.75
      vertex 95.6345 44.375 2.2
    endloop
  endfacet
  facet normal 0.44249 -0.896774 0
    outer loop
      vertex 96.275 45.0155 2.2
      vertex 96.4803 45.1168 4.75
      vertex 96.275 45.0155 4.75
    endloop
  endfacet
  facet normal 0.44249 -0.896774 0
    outer loop
      vertex 96.4803 45.1168 4.75
      vertex 96.275 45.0155 2.2
      vertex 96.4803 45.1168 2.2
    endloop
  endfacet
  facet normal 0.0655331 -0.99785 0
    outer loop
      vertex 96.9216 45.235 2.2
      vertex 97.15 45.25 4.75
      vertex 96.9216 45.235 4.75
    endloop
  endfacet
  facet normal 0.0655331 -0.99785 0
    outer loop
      vertex 97.15 45.25 4.75
      vertex 96.9216 45.235 2.2
      vertex 97.15 45.25 2.2
    endloop
  endfacet
  facet normal -0.946922 0.321464 0
    outer loop
      vertex 98.7668 42.8303 2.2
      vertex 98.8404 43.0471 4.75
      vertex 98.8404 43.0471 2.2
    endloop
  endfacet
  facet normal -0.946922 0.321464 0
    outer loop
      vertex 98.8404 43.0471 4.75
      vertex 98.7668 42.8303 2.2
      vertex 98.7668 42.8303 4.75
    endloop
  endfacet
  facet normal -0.194856 0.980832 0
    outer loop
      vertex 97.6029 41.8096 2.2
      vertex 97.3784 41.765 4.75
      vertex 97.6029 41.8096 4.75
    endloop
  endfacet
  facet normal -0.194856 0.980832 0
    outer loop
      vertex 97.3784 41.765 4.75
      vertex 97.6029 41.8096 2.2
      vertex 97.3784 41.765 2.2
    endloop
  endfacet
  facet normal -0.0655331 0.99785 0
    outer loop
      vertex 97.3784 41.765 2.2
      vertex 97.15 41.75 4.75
      vertex 97.3784 41.765 4.75
    endloop
  endfacet
  facet normal -0.0655331 0.99785 0
    outer loop
      vertex 97.15 41.75 4.75
      vertex 97.3784 41.765 2.2
      vertex 97.15 41.75 2.2
    endloop
  endfacet
  facet normal -0.751683 0.659524 0
    outer loop
      vertex 98.3874 42.2626 2.2
      vertex 98.5384 42.4347 4.75
      vertex 98.5384 42.4347 2.2
    endloop
  endfacet
  facet normal -0.751683 0.659524 0
    outer loop
      vertex 98.5384 42.4347 4.75
      vertex 98.3874 42.2626 2.2
      vertex 98.3874 42.2626 4.75
    endloop
  endfacet
  facet normal 0.321464 0.946922 -0
    outer loop
      vertex 96.6971 41.8096 2.2
      vertex 96.4803 41.8832 4.75
      vertex 96.6971 41.8096 4.75
    endloop
  endfacet
  facet normal 0.321464 0.946922 0
    outer loop
      vertex 96.4803 41.8832 4.75
      vertex 96.6971 41.8096 2.2
      vertex 96.4803 41.8832 2.2
    endloop
  endfacet
  facet normal 0.896774 0.44249 0
    outer loop
      vertex 95.6345 42.625 4.75
      vertex 95.5332 42.8303 2.2
      vertex 95.5332 42.8303 4.75
    endloop
  endfacet
  facet normal 0.896774 0.44249 0
    outer loop
      vertex 95.5332 42.8303 2.2
      vertex 95.6345 42.625 4.75
      vertex 95.6345 42.625 2.2
    endloop
  endfacet
  facet normal 0.831579 0.555406 0
    outer loop
      vertex 95.7616 42.4347 4.75
      vertex 95.6345 42.625 2.2
      vertex 95.6345 42.625 4.75
    endloop
  endfacet
  facet normal 0.831579 0.555406 0
    outer loop
      vertex 95.6345 42.625 2.2
      vertex 95.7616 42.4347 4.75
      vertex 95.7616 42.4347 2.2
    endloop
  endfacet
  facet normal 0.99785 0.0655331 0
    outer loop
      vertex 95.415 43.2716 4.75
      vertex 95.4 43.5 2.2
      vertex 95.4 43.5 4.75
    endloop
  endfacet
  facet normal 0.99785 0.0655331 0
    outer loop
      vertex 95.4 43.5 2.2
      vertex 95.415 43.2716 4.75
      vertex 95.415 43.2716 2.2
    endloop
  endfacet
  facet normal -0.946922 -0.321464 0
    outer loop
      vertex 98.8404 43.9529 2.2
      vertex 98.7668 44.1697 4.75
      vertex 98.7668 44.1697 2.2
    endloop
  endfacet
  facet normal -0.946922 -0.321464 0
    outer loop
      vertex 98.7668 44.1697 4.75
      vertex 98.8404 43.9529 2.2
      vertex 98.8404 43.9529 4.75
    endloop
  endfacet
  facet normal -0.980832 -0.194856 0
    outer loop
      vertex 98.885 43.7284 2.2
      vertex 98.8404 43.9529 4.75
      vertex 98.8404 43.9529 2.2
    endloop
  endfacet
  facet normal -0.980832 -0.194856 0
    outer loop
      vertex 98.8404 43.9529 4.75
      vertex 98.885 43.7284 2.2
      vertex 98.885 43.7284 4.75
    endloop
  endfacet
  facet normal -0.194856 -0.980832 0
    outer loop
      vertex 97.3784 45.235 2.2
      vertex 97.6029 45.1904 4.75
      vertex 97.3784 45.235 4.75
    endloop
  endfacet
  facet normal -0.194856 -0.980832 -0
    outer loop
      vertex 97.6029 45.1904 4.75
      vertex 97.3784 45.235 2.2
      vertex 97.6029 45.1904 2.2
    endloop
  endfacet
  facet normal 0.751683 -0.659524 0
    outer loop
      vertex 95.7616 44.5653 4.75
      vertex 95.9126 44.7374 2.2
      vertex 95.9126 44.7374 4.75
    endloop
  endfacet
  facet normal 0.751683 -0.659524 0
    outer loop
      vertex 95.9126 44.7374 2.2
      vertex 95.7616 44.5653 4.75
      vertex 95.7616 44.5653 2.2
    endloop
  endfacet
  facet normal 0.946922 -0.321464 0
    outer loop
      vertex 95.4596 43.9529 4.75
      vertex 95.5332 44.1697 2.2
      vertex 95.5332 44.1697 4.75
    endloop
  endfacet
  facet normal 0.946922 -0.321464 0
    outer loop
      vertex 95.5332 44.1697 2.2
      vertex 95.4596 43.9529 4.75
      vertex 95.4596 43.9529 2.2
    endloop
  endfacet
  facet normal 0.980832 -0.194856 0
    outer loop
      vertex 95.415 43.7284 4.75
      vertex 95.4596 43.9529 2.2
      vertex 95.4596 43.9529 4.75
    endloop
  endfacet
  facet normal 0.980832 -0.194856 0
    outer loop
      vertex 95.4596 43.9529 2.2
      vertex 95.415 43.7284 4.75
      vertex 95.415 43.7284 2.2
    endloop
  endfacet
  facet normal 0.555406 -0.831579 0
    outer loop
      vertex 96.0847 44.8884 2.2
      vertex 96.275 45.0155 4.75
      vertex 96.0847 44.8884 4.75
    endloop
  endfacet
  facet normal 0.555406 -0.831579 0
    outer loop
      vertex 96.275 45.0155 4.75
      vertex 96.0847 44.8884 2.2
      vertex 96.275 45.0155 2.2
    endloop
  endfacet
  facet normal 0.194856 -0.980832 0
    outer loop
      vertex 96.6971 45.1904 2.2
      vertex 96.9216 45.235 4.75
      vertex 96.6971 45.1904 4.75
    endloop
  endfacet
  facet normal 0.194856 -0.980832 0
    outer loop
      vertex 96.9216 45.235 4.75
      vertex 96.6971 45.1904 2.2
      vertex 96.9216 45.235 2.2
    endloop
  endfacet
  facet normal -0.99785 0.0655331 0
    outer loop
      vertex 98.885 43.2716 2.2
      vertex 98.9 43.5 4.75
      vertex 98.9 43.5 2.2
    endloop
  endfacet
  facet normal -0.99785 0.0655331 0
    outer loop
      vertex 98.9 43.5 4.75
      vertex 98.885 43.2716 2.2
      vertex 98.885 43.2716 4.75
    endloop
  endfacet
  facet normal -0.44249 0.896774 0
    outer loop
      vertex 98.025 41.9845 2.2
      vertex 97.8197 41.8832 4.75
      vertex 98.025 41.9845 4.75
    endloop
  endfacet
  facet normal -0.44249 0.896774 0
    outer loop
      vertex 97.8197 41.8832 4.75
      vertex 98.025 41.9845 2.2
      vertex 97.8197 41.8832 2.2
    endloop
  endfacet
  facet normal -0.659524 0.751683 0
    outer loop
      vertex 98.3874 42.2626 2.2
      vertex 98.2153 42.1116 4.75
      vertex 98.3874 42.2626 4.75
    endloop
  endfacet
  facet normal -0.659524 0.751683 0
    outer loop
      vertex 98.2153 42.1116 4.75
      vertex 98.3874 42.2626 2.2
      vertex 98.2153 42.1116 2.2
    endloop
  endfacet
  facet normal -0.831579 0.555406 0
    outer loop
      vertex 98.5384 42.4347 2.2
      vertex 98.6655 42.625 4.75
      vertex 98.6655 42.625 2.2
    endloop
  endfacet
  facet normal -0.831579 0.555406 0
    outer loop
      vertex 98.6655 42.625 4.75
      vertex 98.5384 42.4347 2.2
      vertex 98.5384 42.4347 4.75
    endloop
  endfacet
  facet normal 0.555406 0.831579 -0
    outer loop
      vertex 96.275 41.9845 2.2
      vertex 96.0847 42.1116 4.75
      vertex 96.275 41.9845 4.75
    endloop
  endfacet
  facet normal 0.555406 0.831579 0
    outer loop
      vertex 96.0847 42.1116 4.75
      vertex 96.275 41.9845 2.2
      vertex 96.0847 42.1116 2.2
    endloop
  endfacet
  facet normal 0.659524 0.751683 -0
    outer loop
      vertex 96.0847 42.1116 2.2
      vertex 95.9126 42.2626 4.75
      vertex 96.0847 42.1116 4.75
    endloop
  endfacet
  facet normal 0.659524 0.751683 0
    outer loop
      vertex 95.9126 42.2626 4.75
      vertex 96.0847 42.1116 2.2
      vertex 95.9126 42.2626 2.2
    endloop
  endfacet
  facet normal 0.44249 0.896774 -0
    outer loop
      vertex 96.4803 41.8832 2.2
      vertex 96.275 41.9845 4.75
      vertex 96.4803 41.8832 4.75
    endloop
  endfacet
  facet normal 0.44249 0.896774 0
    outer loop
      vertex 96.275 41.9845 4.75
      vertex 96.4803 41.8832 2.2
      vertex 96.275 41.9845 2.2
    endloop
  endfacet
  facet normal 0.0655331 0.99785 -0
    outer loop
      vertex 97.15 41.75 2.2
      vertex 96.9216 41.765 4.75
      vertex 97.15 41.75 4.75
    endloop
  endfacet
  facet normal 0.0655331 0.99785 0
    outer loop
      vertex 96.9216 41.765 4.75
      vertex 97.15 41.75 2.2
      vertex 96.9216 41.765 2.2
    endloop
  endfacet
  facet normal 0.751683 0.659524 0
    outer loop
      vertex 95.9126 42.2626 4.75
      vertex 95.7616 42.4347 2.2
      vertex 95.7616 42.4347 4.75
    endloop
  endfacet
  facet normal 0.751683 0.659524 0
    outer loop
      vertex 95.7616 42.4347 2.2
      vertex 95.9126 42.2626 4.75
      vertex 95.9126 42.2626 2.2
    endloop
  endfacet
  facet normal 0.946922 0.321464 0
    outer loop
      vertex 95.5332 42.8303 4.75
      vertex 95.4596 43.0471 2.2
      vertex 95.4596 43.0471 4.75
    endloop
  endfacet
  facet normal 0.946922 0.321464 0
    outer loop
      vertex 95.4596 43.0471 2.2
      vertex 95.5332 42.8303 4.75
      vertex 95.5332 42.8303 2.2
    endloop
  endfacet
  facet normal -0.751683 -0.659524 0
    outer loop
      vertex 98.5384 44.5653 2.2
      vertex 98.3874 44.7374 4.75
      vertex 98.3874 44.7374 2.2
    endloop
  endfacet
  facet normal -0.751683 -0.659524 0
    outer loop
      vertex 98.3874 44.7374 4.75
      vertex 98.5384 44.5653 2.2
      vertex 98.5384 44.5653 4.75
    endloop
  endfacet
  facet normal -0.321464 -0.946922 0
    outer loop
      vertex 97.6029 45.1904 2.2
      vertex 97.8197 45.1168 4.75
      vertex 97.6029 45.1904 4.75
    endloop
  endfacet
  facet normal -0.321464 -0.946922 -0
    outer loop
      vertex 97.8197 45.1168 4.75
      vertex 97.6029 45.1904 2.2
      vertex 97.8197 45.1168 2.2
    endloop
  endfacet
  facet normal -0.321464 0.946922 0
    outer loop
      vertex 97.8197 41.8832 2.2
      vertex 97.6029 41.8096 4.75
      vertex 97.8197 41.8832 4.75
    endloop
  endfacet
  facet normal -0.321464 0.946922 0
    outer loop
      vertex 97.6029 41.8096 4.75
      vertex 97.8197 41.8832 2.2
      vertex 97.6029 41.8096 2.2
    endloop
  endfacet
  facet normal -0.555406 0.831579 0
    outer loop
      vertex 98.2153 42.1116 2.2
      vertex 98.025 41.9845 4.75
      vertex 98.2153 42.1116 4.75
    endloop
  endfacet
  facet normal -0.555406 0.831579 0
    outer loop
      vertex 98.025 41.9845 4.75
      vertex 98.2153 42.1116 2.2
      vertex 98.025 41.9845 2.2
    endloop
  endfacet
  facet normal -0.980832 0.194856 0
    outer loop
      vertex 98.8404 43.0471 2.2
      vertex 98.885 43.2716 4.75
      vertex 98.885 43.2716 2.2
    endloop
  endfacet
  facet normal -0.980832 0.194856 0
    outer loop
      vertex 98.885 43.2716 4.75
      vertex 98.8404 43.0471 2.2
      vertex 98.8404 43.0471 4.75
    endloop
  endfacet
  facet normal -0.896774 0.44249 0
    outer loop
      vertex 98.6655 42.625 2.2
      vertex 98.7668 42.8303 4.75
      vertex 98.7668 42.8303 2.2
    endloop
  endfacet
  facet normal -0.896774 0.44249 0
    outer loop
      vertex 98.7668 42.8303 4.75
      vertex 98.6655 42.625 2.2
      vertex 98.6655 42.625 4.75
    endloop
  endfacet
  facet normal 0.194856 0.980832 -0
    outer loop
      vertex 96.9216 41.765 2.2
      vertex 96.6971 41.8096 4.75
      vertex 96.9216 41.765 4.75
    endloop
  endfacet
  facet normal 0.194856 0.980832 0
    outer loop
      vertex 96.6971 41.8096 4.75
      vertex 96.9216 41.765 2.2
      vertex 96.6971 41.8096 2.2
    endloop
  endfacet
  facet normal -0 0 1
    outer loop
      vertex 8.27224 46 2.2
      vertex 8.26284 45.9594 2.2
      vertex 8.3454 46.0146 2.2
    endloop
  endfacet
  facet normal -0 0 1
    outer loop
      vertex 8.16324 45.963 2.2
      vertex 8.26284 45.9594 2.2
      vertex 8.27224 46 2.2
    endloop
  endfacet
  facet normal 0 0 1
    outer loop
      vertex 8.06 45.9121 2.2
      vertex 8.26284 45.9594 2.2
      vertex 8.16324 45.963 2.2
    endloop
  endfacet
  facet normal 0 0 1
    outer loop
      vertex 7.95797 45.692 2.2
      vertex 8.06 45.9121 2.2
      vertex 7.9643 45.8481 2.2
    endloop
  endfacet
  facet normal -0 0 1
    outer loop
      vertex 8.06 45.9121 2.2
      vertex 7.95797 45.692 2.2
      vertex 8.26284 45.9594 2.2
    endloop
  endfacet
  facet normal -0 0 1
    outer loop
      vertex 7.87775 45.7722 2.2
      vertex 7.95797 45.692 2.2
      vertex 7.9643 45.8481 2.2
    endloop
  endfacet
  facet normal 0 0 1
    outer loop
      vertex 7.80186 45.6857 2.2
      vertex 7.95797 45.692 2.2
      vertex 7.87775 45.7722 2.2
    endloop
  endfacet
  facet normal 0 0 1
    outer loop
      vertex 7.73791 45.59 2.2
      vertex 7.95797 45.692 2.2
      vertex 7.80186 45.6857 2.2
    endloop
  endfacet
  facet normal -0 0 1
    outer loop
      vertex 7.73791 45.59 2.2
      vertex 7.69061 45.3872 2.2
      vertex 7.95797 45.692 2.2
    endloop
  endfacet
  facet normal -0 0 1
    outer loop
      vertex 7.68699 45.4868 2.2
      vertex 7.69061 45.3872 2.2
      vertex 7.73791 45.59 2.2
    endloop
  endfacet
  facet normal 0 0 1
    outer loop
      vertex 7.64998 45.3778 2.2
      vertex 7.69061 45.3872 2.2
      vertex 7.68699 45.4868 2.2
    endloop
  endfacet
  facet normal 0 0 1
    outer loop
      vertex 7.69061 45.3872 2.2
      vertex 7.64998 45.3778 2.2
      vertex 7.63544 45.3046 2.2
    endloop
  endfacet
  facet normal 0 0 1
    outer loop
      vertex 8.26284 -45.9594 2.2
      vertex 8.27224 -46 2.2
      vertex 8.3454 -46.0146 2.2
    endloop
  endfacet
  facet normal 0 0 1
    outer loop
      vertex 8.26284 -45.9594 2.2
      vertex 8.16324 -45.963 2.2
      vertex 8.27224 -46 2.2
    endloop
  endfacet
  facet normal 0 0 1
    outer loop
      vertex 8.26284 -45.9594 2.2
      vertex 8.06 -45.9121 2.2
      vertex 8.16324 -45.963 2.2
    endloop
  endfacet
  facet normal 0 0 1
    outer loop
      vertex 7.95797 -45.692 2.2
      vertex 8.06 -45.9121 2.2
      vertex 8.26284 -45.9594 2.2
    endloop
  endfacet
  facet normal 0 0 1
    outer loop
      vertex 8.06 -45.9121 2.2
      vertex 7.95797 -45.692 2.2
      vertex 7.9643 -45.8481 2.2
    endloop
  endfacet
  facet normal 0 0 1
    outer loop
      vertex 7.95797 -45.692 2.2
      vertex 7.87775 -45.7722 2.2
      vertex 7.9643 -45.8481 2.2
    endloop
  endfacet
  facet normal 0 0 1
    outer loop
      vertex 7.95797 -45.692 2.2
      vertex 7.80186 -45.6857 2.2
      vertex 7.87775 -45.7722 2.2
    endloop
  endfacet
  facet normal 0 0 1
    outer loop
      vertex 7.95797 -45.692 2.2
      vertex 7.73791 -45.59 2.2
      vertex 7.80186 -45.6857 2.2
    endloop
  endfacet
  facet normal 0 0 1
    outer loop
      vertex 7.69061 -45.3872 2.2
      vertex 7.73791 -45.59 2.2
      vertex 7.95797 -45.692 2.2
    endloop
  endfacet
  facet normal 0 0 1
    outer loop
      vertex 7.69061 -45.3872 2.2
      vertex 7.68699 -45.4868 2.2
      vertex 7.73791 -45.59 2.2
    endloop
  endfacet
  facet normal 0 0 1
    outer loop
      vertex 7.69061 -45.3872 2.2
      vertex 7.64998 -45.3778 2.2
      vertex 7.68699 -45.4868 2.2
    endloop
  endfacet
  facet normal -0 -0 1
    outer loop
      vertex 7.64998 -45.3778 2.2
      vertex 7.69061 -45.3872 2.2
      vertex 7.63544 -45.3046 2.2
    endloop
  endfacet
  facet normal -0 0 1
    outer loop
      vertex 99.6094 45.3872 2.2
      vertex 99.65 45.3778 2.2
      vertex 99.613 45.4868 2.2
    endloop
  endfacet
  facet normal 0 0 1
    outer loop
      vertex 99.65 45.3778 2.2
      vertex 99.6094 45.3872 2.2
      vertex 99.6646 45.3046 2.2
    endloop
  endfacet
  facet normal 0 0 1
    outer loop
      vertex 99.5621 45.59 2.2
      vertex 99.6094 45.3872 2.2
      vertex 99.613 45.4868 2.2
    endloop
  endfacet
  facet normal 0 0 1
    outer loop
      vertex 99.342 45.692 2.2
      vertex 99.5621 45.59 2.2
      vertex 99.4981 45.6857 2.2
    endloop
  endfacet
  facet normal -0 0 1
    outer loop
      vertex 99.342 45.692 2.2
      vertex 99.4981 45.6857 2.2
      vertex 99.4222 45.7722 2.2
    endloop
  endfacet
  facet normal 0 0 1
    outer loop
      vertex 99.5621 45.59 2.2
      vertex 99.342 45.692 2.2
      vertex 99.6094 45.3872 2.2
    endloop
  endfacet
  facet normal 0 0 1
    outer loop
      vertex 99.3357 45.8481 2.2
      vertex 99.342 45.692 2.2
      vertex 99.4222 45.7722 2.2
    endloop
  endfacet
  facet normal 0 0 1
    outer loop
      vertex 99.24 45.9121 2.2
      vertex 99.342 45.692 2.2
      vertex 99.3357 45.8481 2.2
    endloop
  endfacet
  facet normal -0 0 1
    outer loop
      vertex 99.0372 45.9594 2.2
      vertex 99.24 45.9121 2.2
      vertex 99.1368 45.963 2.2
    endloop
  endfacet
  facet normal 0 0 1
    outer loop
      vertex 99.24 45.9121 2.2
      vertex 99.0372 45.9594 2.2
      vertex 99.342 45.692 2.2
    endloop
  endfacet
  facet normal 0 0 1
    outer loop
      vertex 99.0278 46 2.2
      vertex 99.0372 45.9594 2.2
      vertex 99.1368 45.963 2.2
    endloop
  endfacet
  facet normal 0 0 1
    outer loop
      vertex 99.0372 45.9594 2.2
      vertex 99.0278 46 2.2
      vertex 98.9546 46.0146 2.2
    endloop
  endfacet
  facet normal 0 0 1
    outer loop
      vertex 99.6094 -45.3872 2.2
      vertex 99.65 -45.3778 2.2
      vertex 99.6646 -45.3046 2.2
    endloop
  endfacet
  facet normal 0 0 1
    outer loop
      vertex 99.65 -45.3778 2.2
      vertex 99.6094 -45.3872 2.2
      vertex 99.613 -45.4868 2.2
    endloop
  endfacet
  facet normal 0 0 1
    outer loop
      vertex 99.6094 -45.3872 2.2
      vertex 99.5621 -45.59 2.2
      vertex 99.613 -45.4868 2.2
    endloop
  endfacet
  facet normal 0 0 1
    outer loop
      vertex 99.342 -45.692 2.2
      vertex 99.5621 -45.59 2.2
      vertex 99.6094 -45.3872 2.2
    endloop
  endfacet
  facet normal 0 0 1
    outer loop
      vertex 99.5621 -45.59 2.2
      vertex 99.342 -45.692 2.2
      vertex 99.4981 -45.6857 2.2
    endloop
  endfacet
  facet normal 0 0 1
    outer loop
      vertex 99.4981 -45.6857 2.2
      vertex 99.342 -45.692 2.2
      vertex 99.4222 -45.7722 2.2
    endloop
  endfacet
  facet normal 0 0 1
    outer loop
      vertex 99.342 -45.692 2.2
      vertex 99.3357 -45.8481 2.2
      vertex 99.4222 -45.7722 2.2
    endloop
  endfacet
  facet normal 0 0 1
    outer loop
      vertex 99.342 -45.692 2.2
      vertex 99.24 -45.9121 2.2
      vertex 99.3357 -45.8481 2.2
    endloop
  endfacet
  facet normal 0 0 1
    outer loop
      vertex 99.0372 -45.9594 2.2
      vertex 99.24 -45.9121 2.2
      vertex 99.342 -45.692 2.2
    endloop
  endfacet
  facet normal 0 0 1
    outer loop
      vertex 99.24 -45.9121 2.2
      vertex 99.0372 -45.9594 2.2
      vertex 99.1368 -45.963 2.2
    endloop
  endfacet
  facet normal 0 0 1
    outer loop
      vertex 99.0372 -45.9594 2.2
      vertex 99.0278 -46 2.2
      vertex 99.1368 -45.963 2.2
    endloop
  endfacet
  facet normal 0 -0 1
    outer loop
      vertex 99.0278 -46 2.2
      vertex 99.0372 -45.9594 2.2
      vertex 98.9546 -46.0146 2.2
    endloop
  endfacet
  facet normal 0 0 1
    outer loop
      vertex 35.4412 -20.9863 2.2
      vertex 13.2235 -43.0954 2.2
      vertex 13.25 -43.5 2.2
    endloop
  endfacet
  facet normal 0 0 1
    outer loop
      vertex 25.05 -19.4 2.2
      vertex 13.1444 -42.6977 2.2
      vertex 13.2235 -43.0954 2.2
    endloop
  endfacet
  facet normal 0 0 1
    outer loop
      vertex 25.05 -19.4 2.2
      vertex 13.014 -42.3137 2.2
      vertex 13.1444 -42.6977 2.2
    endloop
  endfacet
  facet normal 0 0 1
    outer loop
      vertex 25.05 -19.4 2.2
      vertex 12.8347 -41.95 2.2
      vertex 13.014 -42.3137 2.2
    endloop
  endfacet
  facet normal 0 0 1
    outer loop
      vertex 25.05 -19.4 2.2
      vertex 12.6094 -41.6128 2.2
      vertex 12.8347 -41.95 2.2
    endloop
  endfacet
  facet normal 0 0 1
    outer loop
      vertex 25.05 -19.4 2.2
      vertex 12.342 -41.308 2.2
      vertex 12.6094 -41.6128 2.2
    endloop
  endfacet
  facet normal 0 0 1
    outer loop
      vertex 25.05 -19.4 2.2
      vertex 12.0372 -41.0406 2.2
      vertex 12.342 -41.308 2.2
    endloop
  endfacet
  facet normal 0 0 1
    outer loop
      vertex 25.05 -19.4 2.2
      vertex 11.7 -40.8153 2.2
      vertex 12.0372 -41.0406 2.2
    endloop
  endfacet
  facet normal 0 0 1
    outer loop
      vertex 25.05 -19.4 2.2
      vertex 11.3363 -40.636 2.2
      vertex 11.7 -40.8153 2.2
    endloop
  endfacet
  facet normal 0 0 1
    outer loop
      vertex 25.05 -19.4 2.2
      vertex 10.9523 -40.5056 2.2
      vertex 11.3363 -40.636 2.2
    endloop
  endfacet
  facet normal 0 0 1
    outer loop
      vertex 25.05 -19.4 2.2
      vertex 10.5546 -40.4265 2.2
      vertex 10.9523 -40.5056 2.2
    endloop
  endfacet
  facet normal 0 -0 1
    outer loop
      vertex 8.96368 -40.636 2.2
      vertex 25.05 -19.4 2.2
      vertex 7.62 9.78 2.2
    endloop
  endfacet
  facet normal 0 0 1
    outer loop
      vertex 25.05 -19.4 2.2
      vertex 10.15 -40.4 2.2
      vertex 10.5546 -40.4265 2.2
    endloop
  endfacet
  facet normal 0 0 1
    outer loop
      vertex 25.05 -19.4 2.2
      vertex 9.74537 -40.4265 2.2
      vertex 10.15 -40.4 2.2
    endloop
  endfacet
  facet normal 0 0 1
    outer loop
      vertex 25.05 -19.4 2.2
      vertex 9.34766 -40.5056 2.2
      vertex 9.74537 -40.4265 2.2
    endloop
  endfacet
  facet normal 0 0 1
    outer loop
      vertex 25.05 -19.4 2.2
      vertex 8.96368 -40.636 2.2
      vertex 9.34766 -40.5056 2.2
    endloop
  endfacet
  facet normal 0 0 1
    outer loop
      vertex 8.96368 -40.636 2.2
      vertex 7.62 9.78 2.2
      vertex 8.6 -40.8153 2.2
    endloop
  endfacet
  facet normal 0 0 1
    outer loop
      vertex 8.6 -40.8153 2.2
      vertex 7.62 9.78 2.2
      vertex 8.26284 -41.0406 2.2
    endloop
  endfacet
  facet normal 0 0 1
    outer loop
      vertex 8.26284 -41.0406 2.2
      vertex 7.62 9.78 2.2
      vertex 7.95797 -41.308 2.2
    endloop
  endfacet
  facet normal 0 0 1
    outer loop
      vertex 7.95797 -41.308 2.2
      vertex 7.62 9.78 2.2
      vertex 7.69061 -41.6128 2.2
    endloop
  endfacet
  facet normal 0 0 1
    outer loop
      vertex 7.69061 -41.6128 2.2
      vertex 7.62 9.78 2.2
      vertex 7.62 -41.7185 2.2
    endloop
  endfacet
  facet normal -0 0 1
    outer loop
      vertex 7.62 24.17 2.2
      vertex 19.195 20.78 2.2
      vertex 19.195 24.17 2.2
    endloop
  endfacet
  facet normal 0 0 1
    outer loop
      vertex 19.195 20.78 2.2
      vertex 7.62 24.17 2.2
      vertex 7.62 20.78 2.2
    endloop
  endfacet
  facet normal -0 0 1
    outer loop
      vertex 81.624 -20.6694 2.2
      vertex 95.6 -40.8153 2.2
      vertex 81.7814 -20.5314 2.2
    endloop
  endfacet
  facet normal 0 0 1
    outer loop
      vertex 71.65 21 2.2
      vertex 94.05 43.5 2.2
      vertex 94.0765 43.9046 2.2
    endloop
  endfacet
  facet normal 0 0 1
    outer loop
      vertex 62.8588 20.9863 2.2
      vertex 94.0765 43.9046 2.2
      vertex 94.1556 44.3023 2.2
    endloop
  endfacet
  facet normal 0 0 1
    outer loop
      vertex 62.65 21 2.2
      vertex 94.1556 44.3023 2.2
      vertex 94.286 44.6863 2.2
    endloop
  endfacet
  facet normal 0 0 1
    outer loop
      vertex 94.0765 43.0954 2.2
      vertex 82.2363 19.6088 2.2
      vertex 82.25 19.4 2.2
    endloop
  endfacet
  facet normal 0 0 1
    outer loop
      vertex 94.0765 43.0954 2.2
      vertex 82.1955 19.8141 2.2
      vertex 82.2363 19.6088 2.2
    endloop
  endfacet
  facet normal 0 0 1
    outer loop
      vertex 94.0765 43.0954 2.2
      vertex 82.1282 20.0123 2.2
      vertex 82.1955 19.8141 2.2
    endloop
  endfacet
  facet normal 0 0 1
    outer loop
      vertex 94.0765 43.0954 2.2
      vertex 82.0356 20.2 2.2
      vertex 82.1282 20.0123 2.2
    endloop
  endfacet
  facet normal 0 0 1
    outer loop
      vertex 53.65 21 2.2
      vertex 94.286 44.6863 2.2
      vertex 94.4653 45.05 2.2
    endloop
  endfacet
  facet normal 0 0 1
    outer loop
      vertex 94.0765 43.0954 2.2
      vertex 81.9194 20.374 2.2
      vertex 82.0356 20.2 2.2
    endloop
  endfacet
  facet normal 0 0 1
    outer loop
      vertex 94.0765 43.0954 2.2
      vertex 81.7814 20.5314 2.2
      vertex 81.9194 20.374 2.2
    endloop
  endfacet
  facet normal 0 0 1
    outer loop
      vertex 94.0765 43.0954 2.2
      vertex 81.624 20.6694 2.2
      vertex 81.7814 20.5314 2.2
    endloop
  endfacet
  facet normal 0 0 1
    outer loop
      vertex 94.0765 43.0954 2.2
      vertex 81.45 20.7856 2.2
      vertex 81.624 20.6694 2.2
    endloop
  endfacet
  facet normal 0 0 1
    outer loop
      vertex 94.0765 43.0954 2.2
      vertex 81.2623 20.8782 2.2
      vertex 81.45 20.7856 2.2
    endloop
  endfacet
  facet normal 0 0 1
    outer loop
      vertex 94.0765 43.0954 2.2
      vertex 81.0641 20.9455 2.2
      vertex 81.2623 20.8782 2.2
    endloop
  endfacet
  facet normal 0 0 1
    outer loop
      vertex 94.0765 43.0954 2.2
      vertex 80.8588 20.9863 2.2
      vertex 81.0641 20.9455 2.2
    endloop
  endfacet
  facet normal 0 0 1
    outer loop
      vertex 94.0765 43.0954 2.2
      vertex 80.65 21 2.2
      vertex 80.8588 20.9863 2.2
    endloop
  endfacet
  facet normal 0 0 1
    outer loop
      vertex 94.0765 43.0954 2.2
      vertex 80.4412 20.9863 2.2
      vertex 80.65 21 2.2
    endloop
  endfacet
  facet normal 0 0 1
    outer loop
      vertex 94.0765 43.0954 2.2
      vertex 80.2359 20.9455 2.2
      vertex 80.4412 20.9863 2.2
    endloop
  endfacet
  facet normal 0 0 1
    outer loop
      vertex 94.0765 43.0954 2.2
      vertex 72.0641 20.9455 2.2
      vertex 80.2359 20.9455 2.2
    endloop
  endfacet
  facet normal 0 0 1
    outer loop
      vertex 80.2359 20.9455 2.2
      vertex 72.0641 20.9455 2.2
      vertex 80.0377 20.8782 2.2
    endloop
  endfacet
  facet normal 0 -0 1
    outer loop
      vertex 72.2623 20.8782 2.2
      vertex 80.0377 20.8782 2.2
      vertex 72.0641 20.9455 2.2
    endloop
  endfacet
  facet normal 0 0 1
    outer loop
      vertex 80.0377 20.8782 2.2
      vertex 72.2623 20.8782 2.2
      vertex 79.85 20.7856 2.2
    endloop
  endfacet
  facet normal 0 -0 1
    outer loop
      vertex 72.45 20.7856 2.2
      vertex 79.85 20.7856 2.2
      vertex 72.2623 20.8782 2.2
    endloop
  endfacet
  facet normal 0 0 1
    outer loop
      vertex 79.85 20.7856 2.2
      vertex 72.45 20.7856 2.2
      vertex 79.676 20.6694 2.2
    endloop
  endfacet
  facet normal 0 0 1
    outer loop
      vertex 79.05 19.4 2.2
      vertex 73.25 19.4 2.2
      vertex 79.05 -19.4 2.2
    endloop
  endfacet
  facet normal 0 0 1
    outer loop
      vertex 79.0637 19.6088 2.2
      vertex 73.25 19.4 2.2
      vertex 79.05 19.4 2.2
    endloop
  endfacet
  facet normal 0 0 1
    outer loop
      vertex 73.2363 19.6088 2.2
      vertex 79.0637 19.6088 2.2
      vertex 79.1045 19.8141 2.2
    endloop
  endfacet
  facet normal 0 0 1
    outer loop
      vertex 73.1955 19.8141 2.2
      vertex 79.1045 19.8141 2.2
      vertex 79.1718 20.0123 2.2
    endloop
  endfacet
  facet normal 0 0 1
    outer loop
      vertex 73.1282 20.0123 2.2
      vertex 79.1718 20.0123 2.2
      vertex 79.2644 20.2 2.2
    endloop
  endfacet
  facet normal 0 -0 1
    outer loop
      vertex 72.624 20.6694 2.2
      vertex 79.676 20.6694 2.2
      vertex 72.45 20.7856 2.2
    endloop
  endfacet
  facet normal 0 0 1
    outer loop
      vertex 12.8347 45.05 2.2
      vertex 94.4653 45.05 2.2
      vertex 94.6906 45.3872 2.2
    endloop
  endfacet
  facet normal 0 0 1
    outer loop
      vertex 79.0637 19.6088 2.2
      vertex 73.2363 19.6088 2.2
      vertex 73.25 19.4 2.2
    endloop
  endfacet
  facet normal 0 0 1
    outer loop
      vertex 79.1045 19.8141 2.2
      vertex 73.1955 19.8141 2.2
      vertex 73.2363 19.6088 2.2
    endloop
  endfacet
  facet normal 0 0 1
    outer loop
      vertex 79.1718 20.0123 2.2
      vertex 73.1282 20.0123 2.2
      vertex 73.1955 19.8141 2.2
    endloop
  endfacet
  facet normal 0 0 1
    outer loop
      vertex 79.2644 20.2 2.2
      vertex 73.0356 20.2 2.2
      vertex 73.1282 20.0123 2.2
    endloop
  endfacet
  facet normal 0 0 1
    outer loop
      vertex 79.2644 20.2 2.2
      vertex 72.9194 20.374 2.2
      vertex 73.0356 20.2 2.2
    endloop
  endfacet
  facet normal 0 0 1
    outer loop
      vertex 79.3806 20.374 2.2
      vertex 72.9194 20.374 2.2
      vertex 79.2644 20.2 2.2
    endloop
  endfacet
  facet normal 0 0 1
    outer loop
      vertex 12.6094 45.3872 2.2
      vertex 94.6906 45.3872 2.2
      vertex 94.958 45.692 2.2
    endloop
  endfacet
  facet normal 0 -0 1
    outer loop
      vertex 72.9194 20.374 2.2
      vertex 79.3806 20.374 2.2
      vertex 72.7814 20.5314 2.2
    endloop
  endfacet
  facet normal 0 0 1
    outer loop
      vertex 79.5186 20.5314 2.2
      vertex 72.7814 20.5314 2.2
      vertex 79.3806 20.374 2.2
    endloop
  endfacet
  facet normal 0 -0 1
    outer loop
      vertex 72.7814 20.5314 2.2
      vertex 79.5186 20.5314 2.2
      vertex 72.624 20.6694 2.2
    endloop
  endfacet
  facet normal 0 0 1
    outer loop
      vertex 79.676 20.6694 2.2
      vertex 72.624 20.6694 2.2
      vertex 79.5186 20.5314 2.2
    endloop
  endfacet
  facet normal 0 0 1
    outer loop
      vertex 94.0765 43.0954 2.2
      vertex 71.8588 20.9863 2.2
      vertex 72.0641 20.9455 2.2
    endloop
  endfacet
  facet normal 0 0 1
    outer loop
      vertex 94.05 43.5 2.2
      vertex 71.65 21 2.2
      vertex 71.8588 20.9863 2.2
    endloop
  endfacet
  facet normal 0 0 1
    outer loop
      vertex 94.0765 43.9046 2.2
      vertex 71.4412 20.9863 2.2
      vertex 71.65 21 2.2
    endloop
  endfacet
  facet normal 0 0 1
    outer loop
      vertex 94.0765 43.9046 2.2
      vertex 62.8588 20.9863 2.2
      vertex 71.4412 20.9863 2.2
    endloop
  endfacet
  facet normal 0 0 1
    outer loop
      vertex 71.4412 20.9863 2.2
      vertex 62.8588 20.9863 2.2
      vertex 71.2359 20.9455 2.2
    endloop
  endfacet
  facet normal 0 -0 1
    outer loop
      vertex 63.0641 20.9455 2.2
      vertex 71.2359 20.9455 2.2
      vertex 62.8588 20.9863 2.2
    endloop
  endfacet
  facet normal 0 0 1
    outer loop
      vertex 71.2359 20.9455 2.2
      vertex 63.0641 20.9455 2.2
      vertex 71.0377 20.8782 2.2
    endloop
  endfacet
  facet normal 0 -0 1
    outer loop
      vertex 63.2623 20.8782 2.2
      vertex 71.0377 20.8782 2.2
      vertex 63.0641 20.9455 2.2
    endloop
  endfacet
  facet normal 0 0 1
    outer loop
      vertex 70.05 19.4 2.2
      vertex 64.25 19.4 2.2
      vertex 70.05 -19.4 2.2
    endloop
  endfacet
  facet normal 0 0 1
    outer loop
      vertex 70.0637 19.6088 2.2
      vertex 64.25 19.4 2.2
      vertex 70.05 19.4 2.2
    endloop
  endfacet
  facet normal 0 0 1
    outer loop
      vertex 64.2363 19.6088 2.2
      vertex 70.0637 19.6088 2.2
      vertex 70.1045 19.8141 2.2
    endloop
  endfacet
  facet normal 0 0 1
    outer loop
      vertex 64.1955 19.8141 2.2
      vertex 70.1045 19.8141 2.2
      vertex 70.1718 20.0123 2.2
    endloop
  endfacet
  facet normal 0 0 1
    outer loop
      vertex 64.1282 20.0123 2.2
      vertex 70.1718 20.0123 2.2
      vertex 70.2644 20.2 2.2
    endloop
  endfacet
  facet normal 0 0 1
    outer loop
      vertex 64.0356 20.2 2.2
      vertex 70.2644 20.2 2.2
      vertex 70.3806 20.374 2.2
    endloop
  endfacet
  facet normal 0 0 1
    outer loop
      vertex 63.9194 20.374 2.2
      vertex 70.3806 20.374 2.2
      vertex 70.5186 20.5314 2.2
    endloop
  endfacet
  facet normal 0 -0 1
    outer loop
      vertex 63.45 20.7856 2.2
      vertex 70.85 20.7856 2.2
      vertex 63.2623 20.8782 2.2
    endloop
  endfacet
  facet normal 0 0 1
    outer loop
      vertex 12.342 45.692 2.2
      vertex 94.958 45.692 2.2
      vertex 95.2628 45.9594 2.2
    endloop
  endfacet
  facet normal 0 0 1
    outer loop
      vertex 70.0637 19.6088 2.2
      vertex 64.2363 19.6088 2.2
      vertex 64.25 19.4 2.2
    endloop
  endfacet
  facet normal 0 0 1
    outer loop
      vertex 70.1045 19.8141 2.2
      vertex 64.1955 19.8141 2.2
      vertex 64.2363 19.6088 2.2
    endloop
  endfacet
  facet normal 0 0 1
    outer loop
      vertex 70.1718 20.0123 2.2
      vertex 64.1282 20.0123 2.2
      vertex 64.1955 19.8141 2.2
    endloop
  endfacet
  facet normal 0 0 1
    outer loop
      vertex 70.2644 20.2 2.2
      vertex 64.0356 20.2 2.2
      vertex 64.1282 20.0123 2.2
    endloop
  endfacet
  facet normal 0 0 1
    outer loop
      vertex 70.3806 20.374 2.2
      vertex 63.9194 20.374 2.2
      vertex 64.0356 20.2 2.2
    endloop
  endfacet
  facet normal 0 0 1
    outer loop
      vertex 70.5186 20.5314 2.2
      vertex 63.7814 20.5314 2.2
      vertex 63.9194 20.374 2.2
    endloop
  endfacet
  facet normal 0 0 1
    outer loop
      vertex 70.5186 20.5314 2.2
      vertex 63.624 20.6694 2.2
      vertex 63.7814 20.5314 2.2
    endloop
  endfacet
  facet normal 0 0 1
    outer loop
      vertex 70.676 20.6694 2.2
      vertex 63.624 20.6694 2.2
      vertex 70.5186 20.5314 2.2
    endloop
  endfacet
  facet normal 0 -0 1
    outer loop
      vertex 63.624 20.6694 2.2
      vertex 70.676 20.6694 2.2
      vertex 63.45 20.7856 2.2
    endloop
  endfacet
  facet normal 0 0 1
    outer loop
      vertex 70.85 20.7856 2.2
      vertex 63.45 20.7856 2.2
      vertex 70.676 20.6694 2.2
    endloop
  endfacet
  facet normal 0 0 1
    outer loop
      vertex 71.0377 20.8782 2.2
      vertex 63.2623 20.8782 2.2
      vertex 70.85 20.7856 2.2
    endloop
  endfacet
  facet normal 0 0 1
    outer loop
      vertex 94.1556 44.3023 2.2
      vertex 62.65 21 2.2
      vertex 62.8588 20.9863 2.2
    endloop
  endfacet
  facet normal 0 0 1
    outer loop
      vertex 94.286 44.6863 2.2
      vertex 62.4412 20.9863 2.2
      vertex 62.65 21 2.2
    endloop
  endfacet
  facet normal 0 0 1
    outer loop
      vertex 94.286 44.6863 2.2
      vertex 53.8588 20.9863 2.2
      vertex 62.4412 20.9863 2.2
    endloop
  endfacet
  facet normal 0 0 1
    outer loop
      vertex 62.4412 20.9863 2.2
      vertex 53.8588 20.9863 2.2
      vertex 62.2359 20.9455 2.2
    endloop
  endfacet
  facet normal 0 -0 1
    outer loop
      vertex 54.0641 20.9455 2.2
      vertex 62.2359 20.9455 2.2
      vertex 53.8588 20.9863 2.2
    endloop
  endfacet
  facet normal 0 0 1
    outer loop
      vertex 62.2359 20.9455 2.2
      vertex 54.0641 20.9455 2.2
      vertex 62.0377 20.8782 2.2
    endloop
  endfacet
  facet normal 0 0 1
    outer loop
      vertex 61.05 19.4 2.2
      vertex 55.25 19.4 2.2
      vertex 61.05 -19.4 2.2
    endloop
  endfacet
  facet normal 0 0 1
    outer loop
      vertex 61.0637 19.6088 2.2
      vertex 55.25 19.4 2.2
      vertex 61.05 19.4 2.2
    endloop
  endfacet
  facet normal 0 0 1
    outer loop
      vertex 55.2363 19.6088 2.2
      vertex 61.0637 19.6088 2.2
      vertex 61.1045 19.8141 2.2
    endloop
  endfacet
  facet normal 0 0 1
    outer loop
      vertex 55.1955 19.8141 2.2
      vertex 61.1045 19.8141 2.2
      vertex 61.1718 20.0123 2.2
    endloop
  endfacet
  facet normal 0 0 1
    outer loop
      vertex 55.1282 20.0123 2.2
      vertex 61.1718 20.0123 2.2
      vertex 61.2644 20.2 2.2
    endloop
  endfacet
  facet normal 0 0 1
    outer loop
      vertex 55.0356 20.2 2.2
      vertex 61.2644 20.2 2.2
      vertex 61.3806 20.374 2.2
    endloop
  endfacet
  facet normal 0 0 1
    outer loop
      vertex 54.9194 20.374 2.2
      vertex 61.3806 20.374 2.2
      vertex 61.5186 20.5314 2.2
    endloop
  endfacet
  facet normal 0 0 1
    outer loop
      vertex 54.7814 20.5314 2.2
      vertex 61.5186 20.5314 2.2
      vertex 61.676 20.6694 2.2
    endloop
  endfacet
  facet normal 0 -0 1
    outer loop
      vertex 54.2623 20.8782 2.2
      vertex 62.0377 20.8782 2.2
      vertex 54.0641 20.9455 2.2
    endloop
  endfacet
  facet normal 0 0 1
    outer loop
      vertex 12.0372 45.9594 2.2
      vertex 95.2628 45.9594 2.2
      vertex 95.3685 46.03 2.2
    endloop
  endfacet
  facet normal 0 0 1
    outer loop
      vertex 61.0637 19.6088 2.2
      vertex 55.2363 19.6088 2.2
      vertex 55.25 19.4 2.2
    endloop
  endfacet
  facet normal 0 0 1
    outer loop
      vertex 61.1045 19.8141 2.2
      vertex 55.1955 19.8141 2.2
      vertex 55.2363 19.6088 2.2
    endloop
  endfacet
  facet normal 0 0 1
    outer loop
      vertex 61.1718 20.0123 2.2
      vertex 55.1282 20.0123 2.2
      vertex 55.1955 19.8141 2.2
    endloop
  endfacet
  facet normal 0 0 1
    outer loop
      vertex 61.2644 20.2 2.2
      vertex 55.0356 20.2 2.2
      vertex 55.1282 20.0123 2.2
    endloop
  endfacet
  facet normal 0 0 1
    outer loop
      vertex 61.3806 20.374 2.2
      vertex 54.9194 20.374 2.2
      vertex 55.0356 20.2 2.2
    endloop
  endfacet
  facet normal 0 0 1
    outer loop
      vertex 61.5186 20.5314 2.2
      vertex 54.7814 20.5314 2.2
      vertex 54.9194 20.374 2.2
    endloop
  endfacet
  facet normal 0 0 1
    outer loop
      vertex 61.676 20.6694 2.2
      vertex 54.624 20.6694 2.2
      vertex 54.7814 20.5314 2.2
    endloop
  endfacet
  facet normal 0 0 1
    outer loop
      vertex 61.676 20.6694 2.2
      vertex 54.45 20.7856 2.2
      vertex 54.624 20.6694 2.2
    endloop
  endfacet
  facet normal 0 0 1
    outer loop
      vertex 61.85 20.7856 2.2
      vertex 54.45 20.7856 2.2
      vertex 61.676 20.6694 2.2
    endloop
  endfacet
  facet normal 0 -0 1
    outer loop
      vertex 54.45 20.7856 2.2
      vertex 61.85 20.7856 2.2
      vertex 54.2623 20.8782 2.2
    endloop
  endfacet
  facet normal 0 0 1
    outer loop
      vertex 62.0377 20.8782 2.2
      vertex 54.2623 20.8782 2.2
      vertex 61.85 20.7856 2.2
    endloop
  endfacet
  facet normal 0 0 1
    outer loop
      vertex 94.286 44.6863 2.2
      vertex 53.65 21 2.2
      vertex 53.8588 20.9863 2.2
    endloop
  endfacet
  facet normal 0 0 1
    outer loop
      vertex 94.4653 45.05 2.2
      vertex 12.8347 45.05 2.2
      vertex 53.65 21 2.2
    endloop
  endfacet
  facet normal -0 -0 1
    outer loop
      vertex 13.014 44.6863 2.2
      vertex 53.65 21 2.2
      vertex 12.8347 45.05 2.2
    endloop
  endfacet
  facet normal 0 0 1
    outer loop
      vertex 53.65 21 2.2
      vertex 13.014 44.6863 2.2
      vertex 53.4412 20.9863 2.2
    endloop
  endfacet
  facet normal -0 -0 1
    outer loop
      vertex 19.195 35.17 2.2
      vertex 53.4412 20.9863 2.2
      vertex 13.014 44.6863 2.2
    endloop
  endfacet
  facet normal 0 0 1
    outer loop
      vertex 52.05 19.4 2.2
      vertex 46.25 19.4 2.2
      vertex 52.05 -19.4 2.2
    endloop
  endfacet
  facet normal 0 0 1
    outer loop
      vertex 52.0637 19.6088 2.2
      vertex 46.25 19.4 2.2
      vertex 52.05 19.4 2.2
    endloop
  endfacet
  facet normal 0 0 1
    outer loop
      vertex 46.2363 19.6088 2.2
      vertex 52.0637 19.6088 2.2
      vertex 52.1045 19.8141 2.2
    endloop
  endfacet
  facet normal 0 0 1
    outer loop
      vertex 46.1955 19.8141 2.2
      vertex 52.1045 19.8141 2.2
      vertex 52.1718 20.0123 2.2
    endloop
  endfacet
  facet normal 0 0 1
    outer loop
      vertex 46.1282 20.0123 2.2
      vertex 52.1718 20.0123 2.2
      vertex 52.2644 20.2 2.2
    endloop
  endfacet
  facet normal 0 0 1
    outer loop
      vertex 46.0356 20.2 2.2
      vertex 52.2644 20.2 2.2
      vertex 52.3806 20.374 2.2
    endloop
  endfacet
  facet normal 0 0 1
    outer loop
      vertex 45.9194 20.374 2.2
      vertex 52.3806 20.374 2.2
      vertex 52.5186 20.5314 2.2
    endloop
  endfacet
  facet normal 0 0 1
    outer loop
      vertex 45.7814 20.5314 2.2
      vertex 52.5186 20.5314 2.2
      vertex 52.676 20.6694 2.2
    endloop
  endfacet
  facet normal 0 0 1
    outer loop
      vertex 45.624 20.6694 2.2
      vertex 52.676 20.6694 2.2
      vertex 52.85 20.7856 2.2
    endloop
  endfacet
  facet normal 0 -0 1
    outer loop
      vertex 44.8588 20.9863 2.2
      vertex 53.4412 20.9863 2.2
      vertex 19.195 35.17 2.2
    endloop
  endfacet
  facet normal 0 0 1
    outer loop
      vertex 52.0637 19.6088 2.2
      vertex 46.2363 19.6088 2.2
      vertex 46.25 19.4 2.2
    endloop
  endfacet
  facet normal 0 0 1
    outer loop
      vertex 52.1045 19.8141 2.2
      vertex 46.1955 19.8141 2.2
      vertex 46.2363 19.6088 2.2
    endloop
  endfacet
  facet normal 0 0 1
    outer loop
      vertex 52.1718 20.0123 2.2
      vertex 46.1282 20.0123 2.2
      vertex 46.1955 19.8141 2.2
    endloop
  endfacet
  facet normal 0 0 1
    outer loop
      vertex 52.2644 20.2 2.2
      vertex 46.0356 20.2 2.2
      vertex 46.1282 20.0123 2.2
    endloop
  endfacet
  facet normal 0 0 1
    outer loop
      vertex 52.3806 20.374 2.2
      vertex 45.9194 20.374 2.2
      vertex 46.0356 20.2 2.2
    endloop
  endfacet
  facet normal 0 0 1
    outer loop
      vertex 52.5186 20.5314 2.2
      vertex 45.7814 20.5314 2.2
      vertex 45.9194 20.374 2.2
    endloop
  endfacet
  facet normal 0 0 1
    outer loop
      vertex 52.676 20.6694 2.2
      vertex 45.624 20.6694 2.2
      vertex 45.7814 20.5314 2.2
    endloop
  endfacet
  facet normal 0 0 1
    outer loop
      vertex 52.85 20.7856 2.2
      vertex 45.45 20.7856 2.2
      vertex 45.624 20.6694 2.2
    endloop
  endfacet
  facet normal 0 0 1
    outer loop
      vertex 52.85 20.7856 2.2
      vertex 45.2623 20.8782 2.2
      vertex 45.45 20.7856 2.2
    endloop
  endfacet
  facet normal 0 0 1
    outer loop
      vertex 53.0377 20.8782 2.2
      vertex 45.2623 20.8782 2.2
      vertex 52.85 20.7856 2.2
    endloop
  endfacet
  facet normal 0 -0 1
    outer loop
      vertex 45.2623 20.8782 2.2
      vertex 53.0377 20.8782 2.2
      vertex 45.0641 20.9455 2.2
    endloop
  endfacet
  facet normal 0 0 1
    outer loop
      vertex 53.4412 20.9863 2.2
      vertex 44.8588 20.9863 2.2
      vertex 53.2359 20.9455 2.2
    endloop
  endfacet
  facet normal 0 -0 1
    outer loop
      vertex 45.0641 20.9455 2.2
      vertex 53.2359 20.9455 2.2
      vertex 44.8588 20.9863 2.2
    endloop
  endfacet
  facet normal 0 0 1
    outer loop
      vertex 53.2359 20.9455 2.2
      vertex 45.0641 20.9455 2.2
      vertex 53.0377 20.8782 2.2
    endloop
  endfacet
  facet normal 0 0 1
    outer loop
      vertex 44.8588 20.9863 2.2
      vertex 19.195 35.17 2.2
      vertex 44.65 21 2.2
    endloop
  endfacet
  facet normal 0 0 1
    outer loop
      vertex 43.05 19.4 2.2
      vertex 37.25 19.4 2.2
      vertex 43.05 -19.4 2.2
    endloop
  endfacet
  facet normal 0 0 1
    outer loop
      vertex 43.0637 19.6088 2.2
      vertex 37.25 19.4 2.2
      vertex 43.05 19.4 2.2
    endloop
  endfacet
  facet normal 0 0 1
    outer loop
      vertex 37.2363 19.6088 2.2
      vertex 43.0637 19.6088 2.2
      vertex 43.1045 19.8141 2.2
    endloop
  endfacet
  facet normal 0 0 1
    outer loop
      vertex 37.1955 19.8141 2.2
      vertex 43.1045 19.8141 2.2
      vertex 43.1718 20.0123 2.2
    endloop
  endfacet
  facet normal 0 0 1
    outer loop
      vertex 37.1282 20.0123 2.2
      vertex 43.1718 20.0123 2.2
      vertex 43.2644 20.2 2.2
    endloop
  endfacet
  facet normal 0 0 1
    outer loop
      vertex 37.0356 20.2 2.2
      vertex 43.2644 20.2 2.2
      vertex 43.3806 20.374 2.2
    endloop
  endfacet
  facet normal 0 0 1
    outer loop
      vertex 36.9194 20.374 2.2
      vertex 43.3806 20.374 2.2
      vertex 43.5186 20.5314 2.2
    endloop
  endfacet
  facet normal 0 0 1
    outer loop
      vertex 36.7814 20.5314 2.2
      vertex 43.5186 20.5314 2.2
      vertex 43.676 20.6694 2.2
    endloop
  endfacet
  facet normal 0 0 1
    outer loop
      vertex 36.624 20.6694 2.2
      vertex 43.676 20.6694 2.2
      vertex 43.85 20.7856 2.2
    endloop
  endfacet
  facet normal 0 0 1
    outer loop
      vertex 36.45 20.7856 2.2
      vertex 43.85 20.7856 2.2
      vertex 44.0377 20.8782 2.2
    endloop
  endfacet
  facet normal 0 0 1
    outer loop
      vertex 44.65 21 2.2
      vertex 19.195 35.17 2.2
      vertex 44.4412 20.9863 2.2
    endloop
  endfacet
  facet normal 0 0 1
    outer loop
      vertex 43.0637 19.6088 2.2
      vertex 37.2363 19.6088 2.2
      vertex 37.25 19.4 2.2
    endloop
  endfacet
  facet normal 0 0 1
    outer loop
      vertex 43.1045 19.8141 2.2
      vertex 37.1955 19.8141 2.2
      vertex 37.2363 19.6088 2.2
    endloop
  endfacet
  facet normal 0 0 1
    outer loop
      vertex 43.1718 20.0123 2.2
      vertex 37.1282 20.0123 2.2
      vertex 37.1955 19.8141 2.2
    endloop
  endfacet
  facet normal 0 0 1
    outer loop
      vertex 43.2644 20.2 2.2
      vertex 37.0356 20.2 2.2
      vertex 37.1282 20.0123 2.2
    endloop
  endfacet
  facet normal 0 0 1
    outer loop
      vertex 43.3806 20.374 2.2
      vertex 36.9194 20.374 2.2
      vertex 37.0356 20.2 2.2
    endloop
  endfacet
  facet normal 0 0 1
    outer loop
      vertex 43.5186 20.5314 2.2
      vertex 36.7814 20.5314 2.2
      vertex 36.9194 20.374 2.2
    endloop
  endfacet
  facet normal 0 0 1
    outer loop
      vertex 43.676 20.6694 2.2
      vertex 36.624 20.6694 2.2
      vertex 36.7814 20.5314 2.2
    endloop
  endfacet
  facet normal 0 0 1
    outer loop
      vertex 43.85 20.7856 2.2
      vertex 36.45 20.7856 2.2
      vertex 36.624 20.6694 2.2
    endloop
  endfacet
  facet normal 0 0 1
    outer loop
      vertex 44.0377 20.8782 2.2
      vertex 36.2623 20.8782 2.2
      vertex 36.45 20.7856 2.2
    endloop
  endfacet
  facet normal 0 0 1
    outer loop
      vertex 44.2359 20.9455 2.2
      vertex 36.0641 20.9455 2.2
      vertex 44.0377 20.8782 2.2
    endloop
  endfacet
  facet normal 0 0 1
    outer loop
      vertex 44.0377 20.8782 2.2
      vertex 36.0641 20.9455 2.2
      vertex 36.2623 20.8782 2.2
    endloop
  endfacet
  facet normal 0 0 1
    outer loop
      vertex 36.0641 20.9455 2.2
      vertex 19.195 35.17 2.2
      vertex 35.8588 20.9863 2.2
    endloop
  endfacet
  facet normal 0 0 1
    outer loop
      vertex 35.8588 20.9863 2.2
      vertex 19.195 35.17 2.2
      vertex 35.65 21 2.2
    endloop
  endfacet
  facet normal 0 0 1
    outer loop
      vertex 35.65 21 2.2
      vertex 19.195 35.17 2.2
      vertex 35.4412 20.9863 2.2
    endloop
  endfacet
  facet normal 0 0 1
    outer loop
      vertex 35.4412 20.9863 2.2
      vertex 19.195 35.17 2.2
      vertex 35.2359 20.9455 2.2
    endloop
  endfacet
  facet normal 0 0 1
    outer loop
      vertex 34.05 19.4 2.2
      vertex 28.25 19.4 2.2
      vertex 34.05 -19.4 2.2
    endloop
  endfacet
  facet normal 0 0 1
    outer loop
      vertex 34.0637 19.6088 2.2
      vertex 28.25 19.4 2.2
      vertex 34.05 19.4 2.2
    endloop
  endfacet
  facet normal 0 0 1
    outer loop
      vertex 28.2363 19.6088 2.2
      vertex 34.0637 19.6088 2.2
      vertex 34.1045 19.8141 2.2
    endloop
  endfacet
  facet normal 0 0 1
    outer loop
      vertex 28.1955 19.8141 2.2
      vertex 34.1045 19.8141 2.2
      vertex 34.1718 20.0123 2.2
    endloop
  endfacet
  facet normal 0 0 1
    outer loop
      vertex 28.1282 20.0123 2.2
      vertex 34.1718 20.0123 2.2
      vertex 34.2644 20.2 2.2
    endloop
  endfacet
  facet normal 0 0 1
    outer loop
      vertex 28.0356 20.2 2.2
      vertex 34.2644 20.2 2.2
      vertex 34.3806 20.374 2.2
    endloop
  endfacet
  facet normal 0 0 1
    outer loop
      vertex 27.9194 20.374 2.2
      vertex 34.3806 20.374 2.2
      vertex 34.5186 20.5314 2.2
    endloop
  endfacet
  facet normal 0 0 1
    outer loop
      vertex 27.7814 20.5314 2.2
      vertex 34.5186 20.5314 2.2
      vertex 34.676 20.6694 2.2
    endloop
  endfacet
  facet normal 0 0 1
    outer loop
      vertex 27.624 20.6694 2.2
      vertex 34.676 20.6694 2.2
      vertex 34.85 20.7856 2.2
    endloop
  endfacet
  facet normal 0 0 1
    outer loop
      vertex 27.45 20.7856 2.2
      vertex 34.85 20.7856 2.2
      vertex 35.0377 20.8782 2.2
    endloop
  endfacet
  facet normal 0 0 1
    outer loop
      vertex 35.2359 20.9455 2.2
      vertex 19.195 35.17 2.2
      vertex 35.0377 20.8782 2.2
    endloop
  endfacet
  facet normal 0 0 1
    outer loop
      vertex 34.0637 19.6088 2.2
      vertex 28.2363 19.6088 2.2
      vertex 28.25 19.4 2.2
    endloop
  endfacet
  facet normal 0 0 1
    outer loop
      vertex 34.1045 19.8141 2.2
      vertex 28.1955 19.8141 2.2
      vertex 28.2363 19.6088 2.2
    endloop
  endfacet
  facet normal 0 0 1
    outer loop
      vertex 34.1718 20.0123 2.2
      vertex 28.1282 20.0123 2.2
      vertex 28.1955 19.8141 2.2
    endloop
  endfacet
  facet normal 0 0 1
    outer loop
      vertex 34.2644 20.2 2.2
      vertex 28.0356 20.2 2.2
      vertex 28.1282 20.0123 2.2
    endloop
  endfacet
  facet normal 0 0 1
    outer loop
      vertex 34.3806 20.374 2.2
      vertex 27.9194 20.374 2.2
      vertex 28.0356 20.2 2.2
    endloop
  endfacet
  facet normal 0 0 1
    outer loop
      vertex 34.5186 20.5314 2.2
      vertex 27.7814 20.5314 2.2
      vertex 27.9194 20.374 2.2
    endloop
  endfacet
  facet normal 0 -0 1
    outer loop
      vertex 27.2623 20.8782 2.2
      vertex 35.0377 20.8782 2.2
      vertex 19.195 35.17 2.2
    endloop
  endfacet
  facet normal 0 0 1
    outer loop
      vertex 34.676 20.6694 2.2
      vertex 27.624 20.6694 2.2
      vertex 27.7814 20.5314 2.2
    endloop
  endfacet
  facet normal 0 0 1
    outer loop
      vertex 34.85 20.7856 2.2
      vertex 27.45 20.7856 2.2
      vertex 27.624 20.6694 2.2
    endloop
  endfacet
  facet normal 0 0 1
    outer loop
      vertex 35.0377 20.8782 2.2
      vertex 27.2623 20.8782 2.2
      vertex 27.45 20.7856 2.2
    endloop
  endfacet
  facet normal 0 0 1
    outer loop
      vertex 27.2623 20.8782 2.2
      vertex 19.195 35.17 2.2
      vertex 27.0641 20.9455 2.2
    endloop
  endfacet
  facet normal 0 0 1
    outer loop
      vertex 27.0641 20.9455 2.2
      vertex 19.195 35.17 2.2
      vertex 26.8588 20.9863 2.2
    endloop
  endfacet
  facet normal 0 0 1
    outer loop
      vertex 26.8588 20.9863 2.2
      vertex 19.195 35.17 2.2
      vertex 26.65 21 2.2
    endloop
  endfacet
  facet normal 0 0 1
    outer loop
      vertex 26.65 21 2.2
      vertex 19.195 35.17 2.2
      vertex 26.4412 20.9863 2.2
    endloop
  endfacet
  facet normal -0 0 1
    outer loop
      vertex 19.195 24.17 2.2
      vertex 26.4412 20.9863 2.2
      vertex 19.195 35.17 2.2
    endloop
  endfacet
  facet normal 0 0 1
    outer loop
      vertex 25.1045 19.8141 2.2
      vertex 19.195 20.78 2.2
      vertex 25.0637 19.6088 2.2
    endloop
  endfacet
  facet normal 0 0 1
    outer loop
      vertex 25.1718 20.0123 2.2
      vertex 19.195 20.78 2.2
      vertex 25.1045 19.8141 2.2
    endloop
  endfacet
  facet normal 0 0 1
    outer loop
      vertex 25.2644 20.2 2.2
      vertex 19.195 20.78 2.2
      vertex 25.1718 20.0123 2.2
    endloop
  endfacet
  facet normal 0 0 1
    outer loop
      vertex 25.3806 20.374 2.2
      vertex 19.195 20.78 2.2
      vertex 25.2644 20.2 2.2
    endloop
  endfacet
  facet normal -0 0 1
    outer loop
      vertex 19.195 20.78 2.2
      vertex 25.3806 20.374 2.2
      vertex 19.195 24.17 2.2
    endloop
  endfacet
  facet normal 0 0 1
    outer loop
      vertex 25.5186 20.5314 2.2
      vertex 19.195 24.17 2.2
      vertex 25.3806 20.374 2.2
    endloop
  endfacet
  facet normal 0 0 1
    outer loop
      vertex 25.676 20.6694 2.2
      vertex 19.195 24.17 2.2
      vertex 25.5186 20.5314 2.2
    endloop
  endfacet
  facet normal 0 0 1
    outer loop
      vertex 25.85 20.7856 2.2
      vertex 19.195 24.17 2.2
      vertex 25.676 20.6694 2.2
    endloop
  endfacet
  facet normal 0 0 1
    outer loop
      vertex 26.0377 20.8782 2.2
      vertex 19.195 24.17 2.2
      vertex 25.85 20.7856 2.2
    endloop
  endfacet
  facet normal 0 0 1
    outer loop
      vertex 26.2359 20.9455 2.2
      vertex 19.195 24.17 2.2
      vertex 26.0377 20.8782 2.2
    endloop
  endfacet
  facet normal 0 0 1
    outer loop
      vertex 26.4412 20.9863 2.2
      vertex 19.195 24.17 2.2
      vertex 26.2359 20.9455 2.2
    endloop
  endfacet
  facet normal 0 -0 1
    outer loop
      vertex 36.0641 20.9455 2.2
      vertex 44.2359 20.9455 2.2
      vertex 19.195 35.17 2.2
    endloop
  endfacet
  facet normal 0 0 1
    outer loop
      vertex 19.195 35.17 2.2
      vertex 13.2235 43.9046 2.2
      vertex 13.25 43.5 2.2
    endloop
  endfacet
  facet normal 0 0 1
    outer loop
      vertex 19.195 35.17 2.2
      vertex 13.1444 44.3023 2.2
      vertex 13.2235 43.9046 2.2
    endloop
  endfacet
  facet normal 0 0 1
    outer loop
      vertex 19.195 35.17 2.2
      vertex 13.014 44.6863 2.2
      vertex 13.1444 44.3023 2.2
    endloop
  endfacet
  facet normal 0 0 1
    outer loop
      vertex 44.4412 20.9863 2.2
      vertex 19.195 35.17 2.2
      vertex 44.2359 20.9455 2.2
    endloop
  endfacet
  facet normal 0 0 1
    outer loop
      vertex 94.6906 45.3872 2.2
      vertex 12.6094 45.3872 2.2
      vertex 12.8347 45.05 2.2
    endloop
  endfacet
  facet normal 0 0 1
    outer loop
      vertex 94.958 45.692 2.2
      vertex 12.342 45.692 2.2
      vertex 12.6094 45.3872 2.2
    endloop
  endfacet
  facet normal 0 0 1
    outer loop
      vertex 95.2628 45.9594 2.2
      vertex 12.0372 45.9594 2.2
      vertex 12.342 45.692 2.2
    endloop
  endfacet
  facet normal 0 -0 1
    outer loop
      vertex 12.0372 45.9594 2.2
      vertex 95.3685 46.03 2.2
      vertex 11.9315 46.03 2.2
    endloop
  endfacet
  facet normal -0 0 1
    outer loop
      vertex 99.6094 41.6128 2.2
      vertex 99.68 -41.7185 2.2
      vertex 99.68 41.7185 2.2
    endloop
  endfacet
  facet normal 0 0 1
    outer loop
      vertex 99.6094 41.6128 2.2
      vertex 99.6094 -41.6128 2.2
      vertex 99.68 -41.7185 2.2
    endloop
  endfacet
  facet normal -0 0 1
    outer loop
      vertex 99.342 41.308 2.2
      vertex 99.6094 -41.6128 2.2
      vertex 99.6094 41.6128 2.2
    endloop
  endfacet
  facet normal 0 0 1
    outer loop
      vertex 99.342 41.308 2.2
      vertex 99.342 -41.308 2.2
      vertex 99.6094 -41.6128 2.2
    endloop
  endfacet
  facet normal -0 0 1
    outer loop
      vertex 99.0372 41.0406 2.2
      vertex 99.342 -41.308 2.2
      vertex 99.342 41.308 2.2
    endloop
  endfacet
  facet normal 0 0 1
    outer loop
      vertex 99.0372 41.0406 2.2
      vertex 99.0372 -41.0406 2.2
      vertex 99.342 -41.308 2.2
    endloop
  endfacet
  facet normal 0 0 1
    outer loop
      vertex 82.25 19.4 2.2
      vertex 99.0372 41.0406 2.2
      vertex 98.7 40.8153 2.2
    endloop
  endfacet
  facet normal 0 0 1
    outer loop
      vertex 99.0372 41.0406 2.2
      vertex 82.25 19.4 2.2
      vertex 99.0372 -41.0406 2.2
    endloop
  endfacet
  facet normal 0 0 1
    outer loop
      vertex 82.25 19.4 2.2
      vertex 98.7 40.8153 2.2
      vertex 98.3363 40.636 2.2
    endloop
  endfacet
  facet normal -0 0 1
    outer loop
      vertex 82.25 -19.4 2.2
      vertex 99.0372 -41.0406 2.2
      vertex 82.25 19.4 2.2
    endloop
  endfacet
  facet normal 0 0 1
    outer loop
      vertex 82.25 19.4 2.2
      vertex 98.3363 40.636 2.2
      vertex 97.9523 40.5056 2.2
    endloop
  endfacet
  facet normal 0 0 1
    outer loop
      vertex 99.0372 -41.0406 2.2
      vertex 82.25 -19.4 2.2
      vertex 98.7 -40.8153 2.2
    endloop
  endfacet
  facet normal 0 0 1
    outer loop
      vertex 82.25 19.4 2.2
      vertex 97.9523 40.5056 2.2
      vertex 97.5546 40.4265 2.2
    endloop
  endfacet
  facet normal 0 0 1
    outer loop
      vertex 98.7 -40.8153 2.2
      vertex 82.25 -19.4 2.2
      vertex 98.3363 -40.636 2.2
    endloop
  endfacet
  facet normal 0 0 1
    outer loop
      vertex 82.25 19.4 2.2
      vertex 97.5546 40.4265 2.2
      vertex 97.15 40.4 2.2
    endloop
  endfacet
  facet normal 0 0 1
    outer loop
      vertex 98.3363 -40.636 2.2
      vertex 82.25 -19.4 2.2
      vertex 97.9523 -40.5056 2.2
    endloop
  endfacet
  facet normal 0 0 1
    outer loop
      vertex 82.25 19.4 2.2
      vertex 97.15 40.4 2.2
      vertex 96.7454 40.4265 2.2
    endloop
  endfacet
  facet normal -0 0 1
    outer loop
      vertex 82.2363 -19.6088 2.2
      vertex 97.9523 -40.5056 2.2
      vertex 82.25 -19.4 2.2
    endloop
  endfacet
  facet normal 0 0 1
    outer loop
      vertex 82.25 19.4 2.2
      vertex 96.7454 40.4265 2.2
      vertex 96.3477 40.5056 2.2
    endloop
  endfacet
  facet normal 0 0 1
    outer loop
      vertex 97.9523 -40.5056 2.2
      vertex 82.2363 -19.6088 2.2
      vertex 97.5546 -40.4265 2.2
    endloop
  endfacet
  facet normal 0 0 1
    outer loop
      vertex 82.25 19.4 2.2
      vertex 96.3477 40.5056 2.2
      vertex 95.9637 40.636 2.2
    endloop
  endfacet
  facet normal -0 0 1
    outer loop
      vertex 82.1955 -19.8141 2.2
      vertex 97.5546 -40.4265 2.2
      vertex 82.2363 -19.6088 2.2
    endloop
  endfacet
  facet normal 0 0 1
    outer loop
      vertex 82.25 19.4 2.2
      vertex 95.9637 40.636 2.2
      vertex 95.6 40.8153 2.2
    endloop
  endfacet
  facet normal 0 0 1
    outer loop
      vertex 97.5546 -40.4265 2.2
      vertex 82.1955 -19.8141 2.2
      vertex 97.15 -40.4 2.2
    endloop
  endfacet
  facet normal 0 0 1
    outer loop
      vertex 82.25 19.4 2.2
      vertex 95.6 40.8153 2.2
      vertex 95.2628 41.0406 2.2
    endloop
  endfacet
  facet normal -0 0 1
    outer loop
      vertex 82.1282 -20.0123 2.2
      vertex 97.15 -40.4 2.2
      vertex 82.1955 -19.8141 2.2
    endloop
  endfacet
  facet normal 0 0 1
    outer loop
      vertex 82.25 19.4 2.2
      vertex 95.2628 41.0406 2.2
      vertex 94.958 41.308 2.2
    endloop
  endfacet
  facet normal 0 0 1
    outer loop
      vertex 97.15 -40.4 2.2
      vertex 82.1282 -20.0123 2.2
      vertex 96.7454 -40.4265 2.2
    endloop
  endfacet
  facet normal 0 0 1
    outer loop
      vertex 82.25 19.4 2.2
      vertex 94.958 41.308 2.2
      vertex 94.6906 41.6128 2.2
    endloop
  endfacet
  facet normal -0 0 1
    outer loop
      vertex 82.0356 -20.2 2.2
      vertex 96.7454 -40.4265 2.2
      vertex 82.1282 -20.0123 2.2
    endloop
  endfacet
  facet normal 0 0 1
    outer loop
      vertex 82.25 19.4 2.2
      vertex 94.6906 41.6128 2.2
      vertex 94.4653 41.95 2.2
    endloop
  endfacet
  facet normal 0 0 1
    outer loop
      vertex 96.7454 -40.4265 2.2
      vertex 82.0356 -20.2 2.2
      vertex 96.3477 -40.5056 2.2
    endloop
  endfacet
  facet normal 0 0 1
    outer loop
      vertex 82.25 19.4 2.2
      vertex 94.4653 41.95 2.2
      vertex 94.286 42.3137 2.2
    endloop
  endfacet
  facet normal -0 0 1
    outer loop
      vertex 81.9194 -20.374 2.2
      vertex 96.3477 -40.5056 2.2
      vertex 82.0356 -20.2 2.2
    endloop
  endfacet
  facet normal 0 0 1
    outer loop
      vertex 82.25 19.4 2.2
      vertex 94.286 42.3137 2.2
      vertex 94.1556 42.6977 2.2
    endloop
  endfacet
  facet normal 0 0 1
    outer loop
      vertex 96.3477 -40.5056 2.2
      vertex 81.9194 -20.374 2.2
      vertex 95.9637 -40.636 2.2
    endloop
  endfacet
  facet normal 0 0 1
    outer loop
      vertex 82.25 19.4 2.2
      vertex 94.1556 42.6977 2.2
      vertex 94.0765 43.0954 2.2
    endloop
  endfacet
  facet normal -0 0 1
    outer loop
      vertex 81.7814 -20.5314 2.2
      vertex 95.9637 -40.636 2.2
      vertex 81.9194 -20.374 2.2
    endloop
  endfacet
  facet normal 0 0 1
    outer loop
      vertex 71.8588 20.9863 2.2
      vertex 94.0765 43.0954 2.2
      vertex 94.05 43.5 2.2
    endloop
  endfacet
  facet normal 0 0 1
    outer loop
      vertex 95.9637 -40.636 2.2
      vertex 81.7814 -20.5314 2.2
      vertex 95.6 -40.8153 2.2
    endloop
  endfacet
  facet normal 0 0 1
    outer loop
      vertex 95.6 -40.8153 2.2
      vertex 81.624 -20.6694 2.2
      vertex 95.2628 -41.0406 2.2
    endloop
  endfacet
  facet normal -0 0 1
    outer loop
      vertex 81.45 -20.7856 2.2
      vertex 95.2628 -41.0406 2.2
      vertex 81.624 -20.6694 2.2
    endloop
  endfacet
  facet normal 0 0 1
    outer loop
      vertex 95.2628 -41.0406 2.2
      vertex 81.45 -20.7856 2.2
      vertex 94.958 -41.308 2.2
    endloop
  endfacet
  facet normal -0 0 1
    outer loop
      vertex 81.2623 -20.8782 2.2
      vertex 94.958 -41.308 2.2
      vertex 81.45 -20.7856 2.2
    endloop
  endfacet
  facet normal 0 0 1
    outer loop
      vertex 94.958 -41.308 2.2
      vertex 81.2623 -20.8782 2.2
      vertex 94.6906 -41.6128 2.2
    endloop
  endfacet
  facet normal -0 0 1
    outer loop
      vertex 81.0641 -20.9455 2.2
      vertex 94.6906 -41.6128 2.2
      vertex 81.2623 -20.8782 2.2
    endloop
  endfacet
  facet normal -0 0 1
    outer loop
      vertex 80.8588 -20.9863 2.2
      vertex 94.6906 -41.6128 2.2
      vertex 81.0641 -20.9455 2.2
    endloop
  endfacet
  facet normal 0 0 1
    outer loop
      vertex 94.6906 -41.6128 2.2
      vertex 80.8588 -20.9863 2.2
      vertex 94.4653 -41.95 2.2
    endloop
  endfacet
  facet normal -0 0 1
    outer loop
      vertex 80.65 -21 2.2
      vertex 94.4653 -41.95 2.2
      vertex 80.8588 -20.9863 2.2
    endloop
  endfacet
  facet normal 0 0 1
    outer loop
      vertex 94.4653 -41.95 2.2
      vertex 80.65 -21 2.2
      vertex 94.286 -42.3137 2.2
    endloop
  endfacet
  facet normal 0 0 1
    outer loop
      vertex 80.4412 -20.9863 2.2
      vertex 94.286 -42.3137 2.2
      vertex 80.65 -21 2.2
    endloop
  endfacet
  facet normal 0 0 1
    outer loop
      vertex 94.286 -42.3137 2.2
      vertex 80.4412 -20.9863 2.2
      vertex 94.1556 -42.6977 2.2
    endloop
  endfacet
  facet normal 0 0 1
    outer loop
      vertex 80.2359 -20.9455 2.2
      vertex 94.1556 -42.6977 2.2
      vertex 80.4412 -20.9863 2.2
    endloop
  endfacet
  facet normal -0 0 1
    outer loop
      vertex 72.0641 -20.9455 2.2
      vertex 94.1556 -42.6977 2.2
      vertex 80.2359 -20.9455 2.2
    endloop
  endfacet
  facet normal 0 0 1
    outer loop
      vertex 94.1556 -42.6977 2.2
      vertex 72.0641 -20.9455 2.2
      vertex 94.0765 -43.0954 2.2
    endloop
  endfacet
  facet normal -0 0 1
    outer loop
      vertex 71.8588 -20.9863 2.2
      vertex 94.0765 -43.0954 2.2
      vertex 72.0641 -20.9455 2.2
    endloop
  endfacet
  facet normal 0 0 1
    outer loop
      vertex 94.0765 -43.0954 2.2
      vertex 71.8588 -20.9863 2.2
      vertex 94.05 -43.5 2.2
    endloop
  endfacet
  facet normal -0 0 1
    outer loop
      vertex 71.65 -21 2.2
      vertex 94.05 -43.5 2.2
      vertex 71.8588 -20.9863 2.2
    endloop
  endfacet
  facet normal 0 0 1
    outer loop
      vertex 94.05 -43.5 2.2
      vertex 71.65 -21 2.2
      vertex 94.0765 -43.9046 2.2
    endloop
  endfacet
  facet normal 0 0 1
    outer loop
      vertex 72.0641 -20.9455 2.2
      vertex 80.2359 -20.9455 2.2
      vertex 80.0377 -20.8782 2.2
    endloop
  endfacet
  facet normal 0 0 1
    outer loop
      vertex 72.2623 -20.8782 2.2
      vertex 80.0377 -20.8782 2.2
      vertex 79.85 -20.7856 2.2
    endloop
  endfacet
  facet normal 0 0 1
    outer loop
      vertex 72.45 -20.7856 2.2
      vertex 79.85 -20.7856 2.2
      vertex 79.676 -20.6694 2.2
    endloop
  endfacet
  facet normal 0 0 1
    outer loop
      vertex 72.624 -20.6694 2.2
      vertex 79.676 -20.6694 2.2
      vertex 79.5186 -20.5314 2.2
    endloop
  endfacet
  facet normal 0 0 1
    outer loop
      vertex 72.7814 -20.5314 2.2
      vertex 79.5186 -20.5314 2.2
      vertex 79.3806 -20.374 2.2
    endloop
  endfacet
  facet normal 0 0 1
    outer loop
      vertex 72.9194 -20.374 2.2
      vertex 79.3806 -20.374 2.2
      vertex 79.2644 -20.2 2.2
    endloop
  endfacet
  facet normal 0 0 1
    outer loop
      vertex 73.25 -19.4 2.2
      vertex 79.05 -19.4 2.2
      vertex 73.25 19.4 2.2
    endloop
  endfacet
  facet normal 0 0 1
    outer loop
      vertex 79.05 -19.4 2.2
      vertex 73.25 -19.4 2.2
      vertex 79.0637 -19.6088 2.2
    endloop
  endfacet
  facet normal 0 0 1
    outer loop
      vertex 73.2363 -19.6088 2.2
      vertex 79.0637 -19.6088 2.2
      vertex 73.25 -19.4 2.2
    endloop
  endfacet
  facet normal 0 0 1
    outer loop
      vertex 79.0637 -19.6088 2.2
      vertex 73.2363 -19.6088 2.2
      vertex 79.1045 -19.8141 2.2
    endloop
  endfacet
  facet normal 0 0 1
    outer loop
      vertex 73.1955 -19.8141 2.2
      vertex 79.1045 -19.8141 2.2
      vertex 73.2363 -19.6088 2.2
    endloop
  endfacet
  facet normal 0 0 1
    outer loop
      vertex 79.1045 -19.8141 2.2
      vertex 73.1955 -19.8141 2.2
      vertex 79.1718 -20.0123 2.2
    endloop
  endfacet
  facet normal 0 0 1
    outer loop
      vertex 73.1282 -20.0123 2.2
      vertex 79.1718 -20.0123 2.2
      vertex 73.1955 -19.8141 2.2
    endloop
  endfacet
  facet normal 0 0 1
    outer loop
      vertex 79.1718 -20.0123 2.2
      vertex 73.1282 -20.0123 2.2
      vertex 79.2644 -20.2 2.2
    endloop
  endfacet
  facet normal 0 0 1
    outer loop
      vertex 73.0356 -20.2 2.2
      vertex 79.2644 -20.2 2.2
      vertex 73.1282 -20.0123 2.2
    endloop
  endfacet
  facet normal 0 0 1
    outer loop
      vertex 72.9194 -20.374 2.2
      vertex 79.2644 -20.2 2.2
      vertex 73.0356 -20.2 2.2
    endloop
  endfacet
  facet normal 0 0 1
    outer loop
      vertex 79.3806 -20.374 2.2
      vertex 72.9194 -20.374 2.2
      vertex 72.7814 -20.5314 2.2
    endloop
  endfacet
  facet normal 0 0 1
    outer loop
      vertex 79.5186 -20.5314 2.2
      vertex 72.7814 -20.5314 2.2
      vertex 72.624 -20.6694 2.2
    endloop
  endfacet
  facet normal 0 0 1
    outer loop
      vertex 79.676 -20.6694 2.2
      vertex 72.624 -20.6694 2.2
      vertex 72.45 -20.7856 2.2
    endloop
  endfacet
  facet normal 0 0 1
    outer loop
      vertex 79.85 -20.7856 2.2
      vertex 72.45 -20.7856 2.2
      vertex 72.2623 -20.8782 2.2
    endloop
  endfacet
  facet normal 0 0 1
    outer loop
      vertex 80.0377 -20.8782 2.2
      vertex 72.2623 -20.8782 2.2
      vertex 72.0641 -20.9455 2.2
    endloop
  endfacet
  facet normal 0 0 1
    outer loop
      vertex 71.4412 -20.9863 2.2
      vertex 94.0765 -43.9046 2.2
      vertex 71.65 -21 2.2
    endloop
  endfacet
  facet normal -0 0 1
    outer loop
      vertex 62.8588 -20.9863 2.2
      vertex 94.0765 -43.9046 2.2
      vertex 71.4412 -20.9863 2.2
    endloop
  endfacet
  facet normal 0 0 1
    outer loop
      vertex 94.0765 -43.9046 2.2
      vertex 62.8588 -20.9863 2.2
      vertex 94.1556 -44.3023 2.2
    endloop
  endfacet
  facet normal -0 0 1
    outer loop
      vertex 62.65 -21 2.2
      vertex 94.1556 -44.3023 2.2
      vertex 62.8588 -20.9863 2.2
    endloop
  endfacet
  facet normal 0 0 1
    outer loop
      vertex 94.1556 -44.3023 2.2
      vertex 62.65 -21 2.2
      vertex 94.286 -44.6863 2.2
    endloop
  endfacet
  facet normal 0 0 1
    outer loop
      vertex 62.4412 -20.9863 2.2
      vertex 94.286 -44.6863 2.2
      vertex 62.65 -21 2.2
    endloop
  endfacet
  facet normal 0 0 1
    outer loop
      vertex 62.8588 -20.9863 2.2
      vertex 71.4412 -20.9863 2.2
      vertex 71.2359 -20.9455 2.2
    endloop
  endfacet
  facet normal 0 0 1
    outer loop
      vertex 63.0641 -20.9455 2.2
      vertex 71.2359 -20.9455 2.2
      vertex 71.0377 -20.8782 2.2
    endloop
  endfacet
  facet normal 0 0 1
    outer loop
      vertex 63.2623 -20.8782 2.2
      vertex 71.0377 -20.8782 2.2
      vertex 70.85 -20.7856 2.2
    endloop
  endfacet
  facet normal 0 0 1
    outer loop
      vertex 63.45 -20.7856 2.2
      vertex 70.85 -20.7856 2.2
      vertex 70.676 -20.6694 2.2
    endloop
  endfacet
  facet normal 0 0 1
    outer loop
      vertex 63.624 -20.6694 2.2
      vertex 70.676 -20.6694 2.2
      vertex 70.5186 -20.5314 2.2
    endloop
  endfacet
  facet normal 0 0 1
    outer loop
      vertex 64.25 -19.4 2.2
      vertex 70.05 -19.4 2.2
      vertex 64.25 19.4 2.2
    endloop
  endfacet
  facet normal 0 0 1
    outer loop
      vertex 70.05 -19.4 2.2
      vertex 64.25 -19.4 2.2
      vertex 70.0637 -19.6088 2.2
    endloop
  endfacet
  facet normal 0 0 1
    outer loop
      vertex 64.2363 -19.6088 2.2
      vertex 70.0637 -19.6088 2.2
      vertex 64.25 -19.4 2.2
    endloop
  endfacet
  facet normal 0 0 1
    outer loop
      vertex 70.0637 -19.6088 2.2
      vertex 64.2363 -19.6088 2.2
      vertex 70.1045 -19.8141 2.2
    endloop
  endfacet
  facet normal 0 0 1
    outer loop
      vertex 64.1955 -19.8141 2.2
      vertex 70.1045 -19.8141 2.2
      vertex 64.2363 -19.6088 2.2
    endloop
  endfacet
  facet normal 0 0 1
    outer loop
      vertex 70.1045 -19.8141 2.2
      vertex 64.1955 -19.8141 2.2
      vertex 70.1718 -20.0123 2.2
    endloop
  endfacet
  facet normal 0 0 1
    outer loop
      vertex 64.1282 -20.0123 2.2
      vertex 70.1718 -20.0123 2.2
      vertex 64.1955 -19.8141 2.2
    endloop
  endfacet
  facet normal 0 0 1
    outer loop
      vertex 70.1718 -20.0123 2.2
      vertex 64.1282 -20.0123 2.2
      vertex 70.2644 -20.2 2.2
    endloop
  endfacet
  facet normal 0 0 1
    outer loop
      vertex 64.0356 -20.2 2.2
      vertex 70.2644 -20.2 2.2
      vertex 64.1282 -20.0123 2.2
    endloop
  endfacet
  facet normal 0 0 1
    outer loop
      vertex 70.2644 -20.2 2.2
      vertex 64.0356 -20.2 2.2
      vertex 70.3806 -20.374 2.2
    endloop
  endfacet
  facet normal 0 0 1
    outer loop
      vertex 63.9194 -20.374 2.2
      vertex 70.3806 -20.374 2.2
      vertex 64.0356 -20.2 2.2
    endloop
  endfacet
  facet normal 0 0 1
    outer loop
      vertex 70.3806 -20.374 2.2
      vertex 63.9194 -20.374 2.2
      vertex 70.5186 -20.5314 2.2
    endloop
  endfacet
  facet normal 0 0 1
    outer loop
      vertex 63.7814 -20.5314 2.2
      vertex 70.5186 -20.5314 2.2
      vertex 63.9194 -20.374 2.2
    endloop
  endfacet
  facet normal 0 0 1
    outer loop
      vertex 63.624 -20.6694 2.2
      vertex 70.5186 -20.5314 2.2
      vertex 63.7814 -20.5314 2.2
    endloop
  endfacet
  facet normal 0 0 1
    outer loop
      vertex 70.676 -20.6694 2.2
      vertex 63.624 -20.6694 2.2
      vertex 63.45 -20.7856 2.2
    endloop
  endfacet
  facet normal 0 0 1
    outer loop
      vertex 70.85 -20.7856 2.2
      vertex 63.45 -20.7856 2.2
      vertex 63.2623 -20.8782 2.2
    endloop
  endfacet
  facet normal 0 0 1
    outer loop
      vertex 71.0377 -20.8782 2.2
      vertex 63.2623 -20.8782 2.2
      vertex 63.0641 -20.9455 2.2
    endloop
  endfacet
  facet normal 0 0 1
    outer loop
      vertex 71.2359 -20.9455 2.2
      vertex 63.0641 -20.9455 2.2
      vertex 62.8588 -20.9863 2.2
    endloop
  endfacet
  facet normal -0 0 1
    outer loop
      vertex 53.8588 -20.9863 2.2
      vertex 94.286 -44.6863 2.2
      vertex 62.4412 -20.9863 2.2
    endloop
  endfacet
  facet normal -0 0 1
    outer loop
      vertex 53.65 -21 2.2
      vertex 94.286 -44.6863 2.2
      vertex 53.8588 -20.9863 2.2
    endloop
  endfacet
  facet normal 0 0 1
    outer loop
      vertex 94.286 -44.6863 2.2
      vertex 53.65 -21 2.2
      vertex 94.4653 -45.05 2.2
    endloop
  endfacet
  facet normal 0 0 1
    outer loop
      vertex 12.8347 -45.05 2.2
      vertex 94.4653 -45.05 2.2
      vertex 53.65 -21 2.2
    endloop
  endfacet
  facet normal 0 0 1
    outer loop
      vertex 53.8588 -20.9863 2.2
      vertex 62.4412 -20.9863 2.2
      vertex 62.2359 -20.9455 2.2
    endloop
  endfacet
  facet normal 0 0 1
    outer loop
      vertex 54.0641 -20.9455 2.2
      vertex 62.2359 -20.9455 2.2
      vertex 62.0377 -20.8782 2.2
    endloop
  endfacet
  facet normal 0 0 1
    outer loop
      vertex 54.2623 -20.8782 2.2
      vertex 62.0377 -20.8782 2.2
      vertex 61.85 -20.7856 2.2
    endloop
  endfacet
  facet normal 0 0 1
    outer loop
      vertex 54.45 -20.7856 2.2
      vertex 61.85 -20.7856 2.2
      vertex 61.676 -20.6694 2.2
    endloop
  endfacet
  facet normal 0 0 1
    outer loop
      vertex 55.25 -19.4 2.2
      vertex 61.05 -19.4 2.2
      vertex 55.25 19.4 2.2
    endloop
  endfacet
  facet normal 0 0 1
    outer loop
      vertex 61.05 -19.4 2.2
      vertex 55.25 -19.4 2.2
      vertex 61.0637 -19.6088 2.2
    endloop
  endfacet
  facet normal 0 0 1
    outer loop
      vertex 55.2363 -19.6088 2.2
      vertex 61.0637 -19.6088 2.2
      vertex 55.25 -19.4 2.2
    endloop
  endfacet
  facet normal 0 0 1
    outer loop
      vertex 61.0637 -19.6088 2.2
      vertex 55.2363 -19.6088 2.2
      vertex 61.1045 -19.8141 2.2
    endloop
  endfacet
  facet normal 0 0 1
    outer loop
      vertex 55.1955 -19.8141 2.2
      vertex 61.1045 -19.8141 2.2
      vertex 55.2363 -19.6088 2.2
    endloop
  endfacet
  facet normal 0 0 1
    outer loop
      vertex 61.1045 -19.8141 2.2
      vertex 55.1955 -19.8141 2.2
      vertex 61.1718 -20.0123 2.2
    endloop
  endfacet
  facet normal 0 0 1
    outer loop
      vertex 55.1282 -20.0123 2.2
      vertex 61.1718 -20.0123 2.2
      vertex 55.1955 -19.8141 2.2
    endloop
  endfacet
  facet normal 0 0 1
    outer loop
      vertex 61.1718 -20.0123 2.2
      vertex 55.1282 -20.0123 2.2
      vertex 61.2644 -20.2 2.2
    endloop
  endfacet
  facet normal 0 0 1
    outer loop
      vertex 55.0356 -20.2 2.2
      vertex 61.2644 -20.2 2.2
      vertex 55.1282 -20.0123 2.2
    endloop
  endfacet
  facet normal 0 0 1
    outer loop
      vertex 61.2644 -20.2 2.2
      vertex 55.0356 -20.2 2.2
      vertex 61.3806 -20.374 2.2
    endloop
  endfacet
  facet normal 0 0 1
    outer loop
      vertex 54.9194 -20.374 2.2
      vertex 61.3806 -20.374 2.2
      vertex 55.0356 -20.2 2.2
    endloop
  endfacet
  facet normal 0 0 1
    outer loop
      vertex 61.3806 -20.374 2.2
      vertex 54.9194 -20.374 2.2
      vertex 61.5186 -20.5314 2.2
    endloop
  endfacet
  facet normal 0 0 1
    outer loop
      vertex 54.7814 -20.5314 2.2
      vertex 61.5186 -20.5314 2.2
      vertex 54.9194 -20.374 2.2
    endloop
  endfacet
  facet normal 0 0 1
    outer loop
      vertex 61.5186 -20.5314 2.2
      vertex 54.7814 -20.5314 2.2
      vertex 61.676 -20.6694 2.2
    endloop
  endfacet
  facet normal 0 0 1
    outer loop
      vertex 54.624 -20.6694 2.2
      vertex 61.676 -20.6694 2.2
      vertex 54.7814 -20.5314 2.2
    endloop
  endfacet
  facet normal 0 0 1
    outer loop
      vertex 54.45 -20.7856 2.2
      vertex 61.676 -20.6694 2.2
      vertex 54.624 -20.6694 2.2
    endloop
  endfacet
  facet normal 0 0 1
    outer loop
      vertex 61.85 -20.7856 2.2
      vertex 54.45 -20.7856 2.2
      vertex 54.2623 -20.8782 2.2
    endloop
  endfacet
  facet normal 0 0 1
    outer loop
      vertex 62.0377 -20.8782 2.2
      vertex 54.2623 -20.8782 2.2
      vertex 54.0641 -20.9455 2.2
    endloop
  endfacet
  facet normal 0 0 1
    outer loop
      vertex 62.2359 -20.9455 2.2
      vertex 54.0641 -20.9455 2.2
      vertex 53.8588 -20.9863 2.2
    endloop
  endfacet
  facet normal 0 0 1
    outer loop
      vertex 94.4653 -45.05 2.2
      vertex 12.8347 -45.05 2.2
      vertex 94.6906 -45.3872 2.2
    endloop
  endfacet
  facet normal 0 0 1
    outer loop
      vertex 12.6094 -45.3872 2.2
      vertex 94.6906 -45.3872 2.2
      vertex 12.8347 -45.05 2.2
    endloop
  endfacet
  facet normal 0 0 1
    outer loop
      vertex 94.6906 -45.3872 2.2
      vertex 12.6094 -45.3872 2.2
      vertex 94.958 -45.692 2.2
    endloop
  endfacet
  facet normal 0 0 1
    outer loop
      vertex 13.014 -44.6863 2.2
      vertex 53.65 -21 2.2
      vertex 53.4412 -20.9863 2.2
    endloop
  endfacet
  facet normal 0 0 1
    outer loop
      vertex 44.8588 -20.9863 2.2
      vertex 53.4412 -20.9863 2.2
      vertex 53.2359 -20.9455 2.2
    endloop
  endfacet
  facet normal 0 0 1
    outer loop
      vertex 45.0641 -20.9455 2.2
      vertex 53.2359 -20.9455 2.2
      vertex 53.0377 -20.8782 2.2
    endloop
  endfacet
  facet normal 0 0 1
    outer loop
      vertex 45.2623 -20.8782 2.2
      vertex 53.0377 -20.8782 2.2
      vertex 52.85 -20.7856 2.2
    endloop
  endfacet
  facet normal 0 0 1
    outer loop
      vertex 46.25 -19.4 2.2
      vertex 52.05 -19.4 2.2
      vertex 46.25 19.4 2.2
    endloop
  endfacet
  facet normal 0 0 1
    outer loop
      vertex 52.05 -19.4 2.2
      vertex 46.25 -19.4 2.2
      vertex 52.0637 -19.6088 2.2
    endloop
  endfacet
  facet normal 0 0 1
    outer loop
      vertex 46.2363 -19.6088 2.2
      vertex 52.0637 -19.6088 2.2
      vertex 46.25 -19.4 2.2
    endloop
  endfacet
  facet normal 0 0 1
    outer loop
      vertex 52.0637 -19.6088 2.2
      vertex 46.2363 -19.6088 2.2
      vertex 52.1045 -19.8141 2.2
    endloop
  endfacet
  facet normal 0 0 1
    outer loop
      vertex 46.1955 -19.8141 2.2
      vertex 52.1045 -19.8141 2.2
      vertex 46.2363 -19.6088 2.2
    endloop
  endfacet
  facet normal 0 0 1
    outer loop
      vertex 52.1045 -19.8141 2.2
      vertex 46.1955 -19.8141 2.2
      vertex 52.1718 -20.0123 2.2
    endloop
  endfacet
  facet normal 0 0 1
    outer loop
      vertex 46.1282 -20.0123 2.2
      vertex 52.1718 -20.0123 2.2
      vertex 46.1955 -19.8141 2.2
    endloop
  endfacet
  facet normal 0 0 1
    outer loop
      vertex 52.1718 -20.0123 2.2
      vertex 46.1282 -20.0123 2.2
      vertex 52.2644 -20.2 2.2
    endloop
  endfacet
  facet normal 0 0 1
    outer loop
      vertex 46.0356 -20.2 2.2
      vertex 52.2644 -20.2 2.2
      vertex 46.1282 -20.0123 2.2
    endloop
  endfacet
  facet normal 0 0 1
    outer loop
      vertex 52.2644 -20.2 2.2
      vertex 46.0356 -20.2 2.2
      vertex 52.3806 -20.374 2.2
    endloop
  endfacet
  facet normal 0 0 1
    outer loop
      vertex 45.9194 -20.374 2.2
      vertex 52.3806 -20.374 2.2
      vertex 46.0356 -20.2 2.2
    endloop
  endfacet
  facet normal 0 0 1
    outer loop
      vertex 52.3806 -20.374 2.2
      vertex 45.9194 -20.374 2.2
      vertex 52.5186 -20.5314 2.2
    endloop
  endfacet
  facet normal 0 0 1
    outer loop
      vertex 45.7814 -20.5314 2.2
      vertex 52.5186 -20.5314 2.2
      vertex 45.9194 -20.374 2.2
    endloop
  endfacet
  facet normal 0 0 1
    outer loop
      vertex 52.5186 -20.5314 2.2
      vertex 45.7814 -20.5314 2.2
      vertex 52.676 -20.6694 2.2
    endloop
  endfacet
  facet normal 0 0 1
    outer loop
      vertex 45.624 -20.6694 2.2
      vertex 52.676 -20.6694 2.2
      vertex 45.7814 -20.5314 2.2
    endloop
  endfacet
  facet normal 0 0 1
    outer loop
      vertex 52.676 -20.6694 2.2
      vertex 45.624 -20.6694 2.2
      vertex 52.85 -20.7856 2.2
    endloop
  endfacet
  facet normal 0 0 1
    outer loop
      vertex 45.45 -20.7856 2.2
      vertex 52.85 -20.7856 2.2
      vertex 45.624 -20.6694 2.2
    endloop
  endfacet
  facet normal 0 0 1
    outer loop
      vertex 45.2623 -20.8782 2.2
      vertex 52.85 -20.7856 2.2
      vertex 45.45 -20.7856 2.2
    endloop
  endfacet
  facet normal 0 0 1
    outer loop
      vertex 53.0377 -20.8782 2.2
      vertex 45.2623 -20.8782 2.2
      vertex 45.0641 -20.9455 2.2
    endloop
  endfacet
  facet normal 0 0 1
    outer loop
      vertex 53.2359 -20.9455 2.2
      vertex 45.0641 -20.9455 2.2
      vertex 44.8588 -20.9863 2.2
    endloop
  endfacet
  facet normal 0 0 1
    outer loop
      vertex 53.4412 -20.9863 2.2
      vertex 44.8588 -20.9863 2.2
      vertex 13.014 -44.6863 2.2
    endloop
  endfacet
  facet normal 0 0 1
    outer loop
      vertex 13.014 -44.6863 2.2
      vertex 44.8588 -20.9863 2.2
      vertex 44.65 -21 2.2
    endloop
  endfacet
  facet normal 0 0 1
    outer loop
      vertex 13.1444 -44.3023 2.2
      vertex 44.65 -21 2.2
      vertex 44.4412 -20.9863 2.2
    endloop
  endfacet
  facet normal 0 0 1
    outer loop
      vertex 35.8588 -20.9863 2.2
      vertex 44.4412 -20.9863 2.2
      vertex 44.2359 -20.9455 2.2
    endloop
  endfacet
  facet normal 0 0 1
    outer loop
      vertex 36.0641 -20.9455 2.2
      vertex 44.2359 -20.9455 2.2
      vertex 44.0377 -20.8782 2.2
    endloop
  endfacet
  facet normal 0 0 1
    outer loop
      vertex 37.25 -19.4 2.2
      vertex 43.05 -19.4 2.2
      vertex 37.25 19.4 2.2
    endloop
  endfacet
  facet normal 0 0 1
    outer loop
      vertex 43.05 -19.4 2.2
      vertex 37.25 -19.4 2.2
      vertex 43.0637 -19.6088 2.2
    endloop
  endfacet
  facet normal 0 0 1
    outer loop
      vertex 37.2363 -19.6088 2.2
      vertex 43.0637 -19.6088 2.2
      vertex 37.25 -19.4 2.2
    endloop
  endfacet
  facet normal 0 0 1
    outer loop
      vertex 43.0637 -19.6088 2.2
      vertex 37.2363 -19.6088 2.2
      vertex 43.1045 -19.8141 2.2
    endloop
  endfacet
  facet normal 0 0 1
    outer loop
      vertex 37.1955 -19.8141 2.2
      vertex 43.1045 -19.8141 2.2
      vertex 37.2363 -19.6088 2.2
    endloop
  endfacet
  facet normal 0 0 1
    outer loop
      vertex 43.1045 -19.8141 2.2
      vertex 37.1955 -19.8141 2.2
      vertex 43.1718 -20.0123 2.2
    endloop
  endfacet
  facet normal 0 0 1
    outer loop
      vertex 37.1282 -20.0123 2.2
      vertex 43.1718 -20.0123 2.2
      vertex 37.1955 -19.8141 2.2
    endloop
  endfacet
  facet normal 0 0 1
    outer loop
      vertex 43.1718 -20.0123 2.2
      vertex 37.1282 -20.0123 2.2
      vertex 43.2644 -20.2 2.2
    endloop
  endfacet
  facet normal 0 0 1
    outer loop
      vertex 37.0356 -20.2 2.2
      vertex 43.2644 -20.2 2.2
      vertex 37.1282 -20.0123 2.2
    endloop
  endfacet
  facet normal 0 0 1
    outer loop
      vertex 43.2644 -20.2 2.2
      vertex 37.0356 -20.2 2.2
      vertex 43.3806 -20.374 2.2
    endloop
  endfacet
  facet normal 0 0 1
    outer loop
      vertex 36.9194 -20.374 2.2
      vertex 43.3806 -20.374 2.2
      vertex 37.0356 -20.2 2.2
    endloop
  endfacet
  facet normal 0 0 1
    outer loop
      vertex 43.3806 -20.374 2.2
      vertex 36.9194 -20.374 2.2
      vertex 43.5186 -20.5314 2.2
    endloop
  endfacet
  facet normal 0 0 1
    outer loop
      vertex 36.7814 -20.5314 2.2
      vertex 43.5186 -20.5314 2.2
      vertex 36.9194 -20.374 2.2
    endloop
  endfacet
  facet normal 0 0 1
    outer loop
      vertex 43.5186 -20.5314 2.2
      vertex 36.7814 -20.5314 2.2
      vertex 43.676 -20.6694 2.2
    endloop
  endfacet
  facet normal 0 0 1
    outer loop
      vertex 36.624 -20.6694 2.2
      vertex 43.676 -20.6694 2.2
      vertex 36.7814 -20.5314 2.2
    endloop
  endfacet
  facet normal 0 0 1
    outer loop
      vertex 43.676 -20.6694 2.2
      vertex 36.624 -20.6694 2.2
      vertex 43.85 -20.7856 2.2
    endloop
  endfacet
  facet normal 0 0 1
    outer loop
      vertex 36.45 -20.7856 2.2
      vertex 43.85 -20.7856 2.2
      vertex 36.624 -20.6694 2.2
    endloop
  endfacet
  facet normal 0 0 1
    outer loop
      vertex 43.85 -20.7856 2.2
      vertex 36.45 -20.7856 2.2
      vertex 44.0377 -20.8782 2.2
    endloop
  endfacet
  facet normal 0 0 1
    outer loop
      vertex 36.2623 -20.8782 2.2
      vertex 44.0377 -20.8782 2.2
      vertex 36.45 -20.7856 2.2
    endloop
  endfacet
  facet normal 0 0 1
    outer loop
      vertex 36.0641 -20.9455 2.2
      vertex 44.0377 -20.8782 2.2
      vertex 36.2623 -20.8782 2.2
    endloop
  endfacet
  facet normal 0 0 1
    outer loop
      vertex 44.2359 -20.9455 2.2
      vertex 36.0641 -20.9455 2.2
      vertex 35.8588 -20.9863 2.2
    endloop
  endfacet
  facet normal 0 0 1
    outer loop
      vertex 44.4412 -20.9863 2.2
      vertex 35.8588 -20.9863 2.2
      vertex 13.2235 -43.9046 2.2
    endloop
  endfacet
  facet normal 0 0 1
    outer loop
      vertex 13.2235 -43.9046 2.2
      vertex 35.8588 -20.9863 2.2
      vertex 35.65 -21 2.2
    endloop
  endfacet
  facet normal 0 0 1
    outer loop
      vertex 13.25 -43.5 2.2
      vertex 35.65 -21 2.2
      vertex 35.4412 -20.9863 2.2
    endloop
  endfacet
  facet normal 0 0 1
    outer loop
      vertex 13.2235 -43.0954 2.2
      vertex 35.4412 -20.9863 2.2
      vertex 35.2359 -20.9455 2.2
    endloop
  endfacet
  facet normal 0 0 1
    outer loop
      vertex 27.0641 -20.9455 2.2
      vertex 35.2359 -20.9455 2.2
      vertex 35.0377 -20.8782 2.2
    endloop
  endfacet
  facet normal 0 0 1
    outer loop
      vertex 28.25 -19.4 2.2
      vertex 34.05 -19.4 2.2
      vertex 28.25 19.4 2.2
    endloop
  endfacet
  facet normal 0 0 1
    outer loop
      vertex 34.05 -19.4 2.2
      vertex 28.25 -19.4 2.2
      vertex 34.0637 -19.6088 2.2
    endloop
  endfacet
  facet normal 0 0 1
    outer loop
      vertex 28.2363 -19.6088 2.2
      vertex 34.0637 -19.6088 2.2
      vertex 28.25 -19.4 2.2
    endloop
  endfacet
  facet normal 0 0 1
    outer loop
      vertex 34.0637 -19.6088 2.2
      vertex 28.2363 -19.6088 2.2
      vertex 34.1045 -19.8141 2.2
    endloop
  endfacet
  facet normal 0 0 1
    outer loop
      vertex 28.1955 -19.8141 2.2
      vertex 34.1045 -19.8141 2.2
      vertex 28.2363 -19.6088 2.2
    endloop
  endfacet
  facet normal 0 0 1
    outer loop
      vertex 34.1045 -19.8141 2.2
      vertex 28.1955 -19.8141 2.2
      vertex 34.1718 -20.0123 2.2
    endloop
  endfacet
  facet normal 0 0 1
    outer loop
      vertex 28.1282 -20.0123 2.2
      vertex 34.1718 -20.0123 2.2
      vertex 28.1955 -19.8141 2.2
    endloop
  endfacet
  facet normal 0 0 1
    outer loop
      vertex 34.1718 -20.0123 2.2
      vertex 28.1282 -20.0123 2.2
      vertex 34.2644 -20.2 2.2
    endloop
  endfacet
  facet normal 0 0 1
    outer loop
      vertex 28.0356 -20.2 2.2
      vertex 34.2644 -20.2 2.2
      vertex 28.1282 -20.0123 2.2
    endloop
  endfacet
  facet normal 0 0 1
    outer loop
      vertex 34.2644 -20.2 2.2
      vertex 28.0356 -20.2 2.2
      vertex 34.3806 -20.374 2.2
    endloop
  endfacet
  facet normal 0 0 1
    outer loop
      vertex 27.9194 -20.374 2.2
      vertex 34.3806 -20.374 2.2
      vertex 28.0356 -20.2 2.2
    endloop
  endfacet
  facet normal 0 0 1
    outer loop
      vertex 34.3806 -20.374 2.2
      vertex 27.9194 -20.374 2.2
      vertex 34.5186 -20.5314 2.2
    endloop
  endfacet
  facet normal 0 0 1
    outer loop
      vertex 27.7814 -20.5314 2.2
      vertex 34.5186 -20.5314 2.2
      vertex 27.9194 -20.374 2.2
    endloop
  endfacet
  facet normal 0 0 1
    outer loop
      vertex 34.5186 -20.5314 2.2
      vertex 27.7814 -20.5314 2.2
      vertex 34.676 -20.6694 2.2
    endloop
  endfacet
  facet normal 0 0 1
    outer loop
      vertex 27.624 -20.6694 2.2
      vertex 34.676 -20.6694 2.2
      vertex 27.7814 -20.5314 2.2
    endloop
  endfacet
  facet normal 0 0 1
    outer loop
      vertex 34.676 -20.6694 2.2
      vertex 27.624 -20.6694 2.2
      vertex 34.85 -20.7856 2.2
    endloop
  endfacet
  facet normal 0 0 1
    outer loop
      vertex 27.45 -20.7856 2.2
      vertex 34.85 -20.7856 2.2
      vertex 27.624 -20.6694 2.2
    endloop
  endfacet
  facet normal 0 0 1
    outer loop
      vertex 34.85 -20.7856 2.2
      vertex 27.45 -20.7856 2.2
      vertex 35.0377 -20.8782 2.2
    endloop
  endfacet
  facet normal 0 0 1
    outer loop
      vertex 27.2623 -20.8782 2.2
      vertex 35.0377 -20.8782 2.2
      vertex 27.45 -20.7856 2.2
    endloop
  endfacet
  facet normal 0 0 1
    outer loop
      vertex 27.0641 -20.9455 2.2
      vertex 35.0377 -20.8782 2.2
      vertex 27.2623 -20.8782 2.2
    endloop
  endfacet
  facet normal 0 0 1
    outer loop
      vertex 13.2235 -43.0954 2.2
      vertex 35.2359 -20.9455 2.2
      vertex 27.0641 -20.9455 2.2
    endloop
  endfacet
  facet normal 0 0 1
    outer loop
      vertex 13.2235 -43.0954 2.2
      vertex 27.0641 -20.9455 2.2
      vertex 26.8588 -20.9863 2.2
    endloop
  endfacet
  facet normal 0 0 1
    outer loop
      vertex 13.2235 -43.0954 2.2
      vertex 26.8588 -20.9863 2.2
      vertex 26.65 -21 2.2
    endloop
  endfacet
  facet normal 0 0 1
    outer loop
      vertex 13.2235 -43.0954 2.2
      vertex 26.65 -21 2.2
      vertex 26.4412 -20.9863 2.2
    endloop
  endfacet
  facet normal 0 0 1
    outer loop
      vertex 13.2235 -43.0954 2.2
      vertex 26.4412 -20.9863 2.2
      vertex 26.2359 -20.9455 2.2
    endloop
  endfacet
  facet normal 0 0 1
    outer loop
      vertex 13.2235 -43.0954 2.2
      vertex 26.2359 -20.9455 2.2
      vertex 26.0377 -20.8782 2.2
    endloop
  endfacet
  facet normal 0 0 1
    outer loop
      vertex 25.0637 19.6088 2.2
      vertex 19.195 20.78 2.2
      vertex 25.05 19.4 2.2
    endloop
  endfacet
  facet normal 0 0 1
    outer loop
      vertex 19.195 9.78 2.2
      vertex 25.05 19.4 2.2
      vertex 19.195 20.78 2.2
    endloop
  endfacet
  facet normal 0 0 1
    outer loop
      vertex 25.05 19.4 2.2
      vertex 19.195 9.78 2.2
      vertex 25.05 -19.4 2.2
    endloop
  endfacet
  facet normal -0 0 1
    outer loop
      vertex 7.62 9.78 2.2
      vertex 25.05 -19.4 2.2
      vertex 19.195 9.78 2.2
    endloop
  endfacet
  facet normal 0 0 1
    outer loop
      vertex 13.2235 -43.0954 2.2
      vertex 25.0637 -19.6088 2.2
      vertex 25.05 -19.4 2.2
    endloop
  endfacet
  facet normal 0 0 1
    outer loop
      vertex 13.2235 -43.0954 2.2
      vertex 25.1045 -19.8141 2.2
      vertex 25.0637 -19.6088 2.2
    endloop
  endfacet
  facet normal 0 0 1
    outer loop
      vertex 13.2235 -43.0954 2.2
      vertex 25.1718 -20.0123 2.2
      vertex 25.1045 -19.8141 2.2
    endloop
  endfacet
  facet normal 0 0 1
    outer loop
      vertex 13.2235 -43.0954 2.2
      vertex 25.2644 -20.2 2.2
      vertex 25.1718 -20.0123 2.2
    endloop
  endfacet
  facet normal 0 0 1
    outer loop
      vertex 13.2235 -43.0954 2.2
      vertex 25.3806 -20.374 2.2
      vertex 25.2644 -20.2 2.2
    endloop
  endfacet
  facet normal 0 0 1
    outer loop
      vertex 13.2235 -43.0954 2.2
      vertex 25.5186 -20.5314 2.2
      vertex 25.3806 -20.374 2.2
    endloop
  endfacet
  facet normal 0 0 1
    outer loop
      vertex 13.2235 -43.0954 2.2
      vertex 25.676 -20.6694 2.2
      vertex 25.5186 -20.5314 2.2
    endloop
  endfacet
  facet normal 0 0 1
    outer loop
      vertex 13.2235 -43.0954 2.2
      vertex 25.85 -20.7856 2.2
      vertex 25.676 -20.6694 2.2
    endloop
  endfacet
  facet normal 0 0 1
    outer loop
      vertex 13.2235 -43.0954 2.2
      vertex 26.0377 -20.8782 2.2
      vertex 25.85 -20.7856 2.2
    endloop
  endfacet
  facet normal 0 0 1
    outer loop
      vertex 35.65 -21 2.2
      vertex 13.25 -43.5 2.2
      vertex 13.2235 -43.9046 2.2
    endloop
  endfacet
  facet normal 0 0 1
    outer loop
      vertex 44.4412 -20.9863 2.2
      vertex 13.2235 -43.9046 2.2
      vertex 13.1444 -44.3023 2.2
    endloop
  endfacet
  facet normal 0 0 1
    outer loop
      vertex 44.65 -21 2.2
      vertex 13.1444 -44.3023 2.2
      vertex 13.014 -44.6863 2.2
    endloop
  endfacet
  facet normal 0 0 1
    outer loop
      vertex 53.65 -21 2.2
      vertex 13.014 -44.6863 2.2
      vertex 12.8347 -45.05 2.2
    endloop
  endfacet
  facet normal 0 0 1
    outer loop
      vertex 12.342 -45.692 2.2
      vertex 94.958 -45.692 2.2
      vertex 12.6094 -45.3872 2.2
    endloop
  endfacet
  facet normal 0 0 1
    outer loop
      vertex 94.958 -45.692 2.2
      vertex 12.342 -45.692 2.2
      vertex 95.2628 -45.9594 2.2
    endloop
  endfacet
  facet normal 0 0 1
    outer loop
      vertex 12.0372 -45.9594 2.2
      vertex 95.2628 -45.9594 2.2
      vertex 12.342 -45.692 2.2
    endloop
  endfacet
  facet normal 0 0 1
    outer loop
      vertex 95.2628 -45.9594 2.2
      vertex 12.0372 -45.9594 2.2
      vertex 95.3685 -46.03 2.2
    endloop
  endfacet
  facet normal 0 0 1
    outer loop
      vertex 95.3685 -46.03 2.2
      vertex 12.0372 -45.9594 2.2
      vertex 11.9315 -46.03 2.2
    endloop
  endfacet
  facet normal -0 0 1
    outer loop
      vertex 13.2235 43.0954 2.2
      vertex 19.195 35.17 2.2
      vertex 13.25 43.5 2.2
    endloop
  endfacet
  facet normal -0 0 1
    outer loop
      vertex 13.1444 42.6977 2.2
      vertex 19.195 35.17 2.2
      vertex 13.2235 43.0954 2.2
    endloop
  endfacet
  facet normal -0 0 1
    outer loop
      vertex 13.014 42.3137 2.2
      vertex 19.195 35.17 2.2
      vertex 13.1444 42.6977 2.2
    endloop
  endfacet
  facet normal -0 0 1
    outer loop
      vertex 12.8347 41.95 2.2
      vertex 19.195 35.17 2.2
      vertex 13.014 42.3137 2.2
    endloop
  endfacet
  facet normal -0 0 1
    outer loop
      vertex 12.6094 41.6128 2.2
      vertex 19.195 35.17 2.2
      vertex 12.8347 41.95 2.2
    endloop
  endfacet
  facet normal -0 0 1
    outer loop
      vertex 12.342 41.308 2.2
      vertex 19.195 35.17 2.2
      vertex 12.6094 41.6128 2.2
    endloop
  endfacet
  facet normal -0 0 1
    outer loop
      vertex 12.0372 41.0406 2.2
      vertex 19.195 35.17 2.2
      vertex 12.342 41.308 2.2
    endloop
  endfacet
  facet normal -0 0 1
    outer loop
      vertex 11.7 40.8153 2.2
      vertex 19.195 35.17 2.2
      vertex 12.0372 41.0406 2.2
    endloop
  endfacet
  facet normal -0 0 1
    outer loop
      vertex 11.3363 40.636 2.2
      vertex 19.195 35.17 2.2
      vertex 11.7 40.8153 2.2
    endloop
  endfacet
  facet normal 0 0 1
    outer loop
      vertex 7.62 35.17 2.2
      vertex 11.3363 40.636 2.2
      vertex 10.9523 40.5056 2.2
    endloop
  endfacet
  facet normal 0 0 1
    outer loop
      vertex 7.62 35.17 2.2
      vertex 10.9523 40.5056 2.2
      vertex 10.5546 40.4265 2.2
    endloop
  endfacet
  facet normal 0 0 1
    outer loop
      vertex 7.62 35.17 2.2
      vertex 10.5546 40.4265 2.2
      vertex 10.15 40.4 2.2
    endloop
  endfacet
  facet normal 0 0 1
    outer loop
      vertex 7.62 35.17 2.2
      vertex 10.15 40.4 2.2
      vertex 9.74537 40.4265 2.2
    endloop
  endfacet
  facet normal 0 0 1
    outer loop
      vertex 7.62 35.17 2.2
      vertex 9.74537 40.4265 2.2
      vertex 9.34766 40.5056 2.2
    endloop
  endfacet
  facet normal 0 0 1
    outer loop
      vertex 7.62 35.17 2.2
      vertex 9.34766 40.5056 2.2
      vertex 8.96368 40.636 2.2
    endloop
  endfacet
  facet normal 0 0 1
    outer loop
      vertex 7.62 35.17 2.2
      vertex 8.96368 40.636 2.2
      vertex 8.6 40.8153 2.2
    endloop
  endfacet
  facet normal 0 0 1
    outer loop
      vertex 11.3363 40.636 2.2
      vertex 7.62 35.17 2.2
      vertex 19.195 35.17 2.2
    endloop
  endfacet
  facet normal 0 0 1
    outer loop
      vertex 8.26284 41.0406 2.2
      vertex 7.62 35.17 2.2
      vertex 8.6 40.8153 2.2
    endloop
  endfacet
  facet normal 0 0 1
    outer loop
      vertex 7.95797 41.308 2.2
      vertex 7.62 35.17 2.2
      vertex 8.26284 41.0406 2.2
    endloop
  endfacet
  facet normal 0 0 1
    outer loop
      vertex 7.69061 41.6128 2.2
      vertex 7.62 35.17 2.2
      vertex 7.95797 41.308 2.2
    endloop
  endfacet
  facet normal 0 0 1
    outer loop
      vertex 7.62 35.17 2.2
      vertex 7.69061 41.6128 2.2
      vertex 7.62 41.7185 2.2
    endloop
  endfacet
  facet normal 0 0 1
    outer loop
      vertex 11.885 -43.2716 2.2
      vertex 11.885 -43.7284 2.2
      vertex 11.9 -43.5 2.2
    endloop
  endfacet
  facet normal 0 0 1
    outer loop
      vertex 11.8404 -43.0471 2.2
      vertex 11.885 -43.7284 2.2
      vertex 11.885 -43.2716 2.2
    endloop
  endfacet
  facet normal 0 0 1
    outer loop
      vertex 11.8404 -43.0471 2.2
      vertex 11.8404 -43.9529 2.2
      vertex 11.885 -43.7284 2.2
    endloop
  endfacet
  facet normal 0 0 1
    outer loop
      vertex 11.7668 -42.8303 2.2
      vertex 11.8404 -43.9529 2.2
      vertex 11.8404 -43.0471 2.2
    endloop
  endfacet
  facet normal 0 0 1
    outer loop
      vertex 11.7668 -42.8303 2.2
      vertex 11.7668 -44.1697 2.2
      vertex 11.8404 -43.9529 2.2
    endloop
  endfacet
  facet normal 0 0 1
    outer loop
      vertex 11.6655 -42.625 2.2
      vertex 11.7668 -44.1697 2.2
      vertex 11.7668 -42.8303 2.2
    endloop
  endfacet
  facet normal 0 0 1
    outer loop
      vertex 11.6655 -42.625 2.2
      vertex 11.6655 -44.375 2.2
      vertex 11.7668 -44.1697 2.2
    endloop
  endfacet
  facet normal 0 0 1
    outer loop
      vertex 11.5384 -42.4347 2.2
      vertex 11.6655 -44.375 2.2
      vertex 11.6655 -42.625 2.2
    endloop
  endfacet
  facet normal 0 0 1
    outer loop
      vertex 11.5384 -42.4347 2.2
      vertex 11.5384 -44.5653 2.2
      vertex 11.6655 -44.375 2.2
    endloop
  endfacet
  facet normal 0 0 1
    outer loop
      vertex 11.3874 -42.2626 2.2
      vertex 11.5384 -44.5653 2.2
      vertex 11.5384 -42.4347 2.2
    endloop
  endfacet
  facet normal 0 0 1
    outer loop
      vertex 11.3874 -42.2626 2.2
      vertex 11.3874 -44.7374 2.2
      vertex 11.5384 -44.5653 2.2
    endloop
  endfacet
  facet normal 0 0 1
    outer loop
      vertex 11.2153 -42.1116 2.2
      vertex 11.3874 -44.7374 2.2
      vertex 11.3874 -42.2626 2.2
    endloop
  endfacet
  facet normal 0 0 1
    outer loop
      vertex 11.2153 -42.1116 2.2
      vertex 11.2153 -44.8884 2.2
      vertex 11.3874 -44.7374 2.2
    endloop
  endfacet
  facet normal 0 0 1
    outer loop
      vertex 11.025 -41.9845 2.2
      vertex 11.2153 -44.8884 2.2
      vertex 11.2153 -42.1116 2.2
    endloop
  endfacet
  facet normal 0 0 1
    outer loop
      vertex 11.025 -41.9845 2.2
      vertex 11.025 -45.0155 2.2
      vertex 11.2153 -44.8884 2.2
    endloop
  endfacet
  facet normal 0 0 1
    outer loop
      vertex 10.8197 -41.8832 2.2
      vertex 11.025 -45.0155 2.2
      vertex 11.025 -41.9845 2.2
    endloop
  endfacet
  facet normal 0 0 1
    outer loop
      vertex 10.8197 -41.8832 2.2
      vertex 10.8197 -45.1168 2.2
      vertex 11.025 -45.0155 2.2
    endloop
  endfacet
  facet normal 0 0 1
    outer loop
      vertex 10.6029 -41.8096 2.2
      vertex 10.8197 -45.1168 2.2
      vertex 10.8197 -41.8832 2.2
    endloop
  endfacet
  facet normal 0 0 1
    outer loop
      vertex 10.6029 -41.8096 2.2
      vertex 10.6029 -45.1904 2.2
      vertex 10.8197 -45.1168 2.2
    endloop
  endfacet
  facet normal 0 0 1
    outer loop
      vertex 10.3784 -41.765 2.2
      vertex 10.6029 -45.1904 2.2
      vertex 10.6029 -41.8096 2.2
    endloop
  endfacet
  facet normal 0 0 1
    outer loop
      vertex 10.3784 -41.765 2.2
      vertex 10.3784 -45.235 2.2
      vertex 10.6029 -45.1904 2.2
    endloop
  endfacet
  facet normal 0 0 1
    outer loop
      vertex 10.15 -41.75 2.2
      vertex 10.3784 -45.235 2.2
      vertex 10.3784 -41.765 2.2
    endloop
  endfacet
  facet normal 0 0 1
    outer loop
      vertex 10.15 -41.75 2.2
      vertex 10.15 -45.25 2.2
      vertex 10.3784 -45.235 2.2
    endloop
  endfacet
  facet normal -0 0 1
    outer loop
      vertex 9.92158 -41.765 2.2
      vertex 10.15 -45.25 2.2
      vertex 10.15 -41.75 2.2
    endloop
  endfacet
  facet normal 0 0 1
    outer loop
      vertex 9.92158 -41.765 2.2
      vertex 9.92158 -45.235 2.2
      vertex 10.15 -45.25 2.2
    endloop
  endfacet
  facet normal -0 0 1
    outer loop
      vertex 9.69707 -41.8096 2.2
      vertex 9.92158 -45.235 2.2
      vertex 9.92158 -41.765 2.2
    endloop
  endfacet
  facet normal 0 0 1
    outer loop
      vertex 9.69707 -41.8096 2.2
      vertex 9.69707 -45.1904 2.2
      vertex 9.92158 -45.235 2.2
    endloop
  endfacet
  facet normal -0 0 1
    outer loop
      vertex 9.4803 -41.8832 2.2
      vertex 9.69707 -45.1904 2.2
      vertex 9.69707 -41.8096 2.2
    endloop
  endfacet
  facet normal 0 0 1
    outer loop
      vertex 9.4803 -41.8832 2.2
      vertex 9.4803 -45.1168 2.2
      vertex 9.69707 -45.1904 2.2
    endloop
  endfacet
  facet normal -0 0 1
    outer loop
      vertex 9.275 -41.9845 2.2
      vertex 9.4803 -45.1168 2.2
      vertex 9.4803 -41.8832 2.2
    endloop
  endfacet
  facet normal 0 0 1
    outer loop
      vertex 9.275 -41.9845 2.2
      vertex 9.275 -45.0155 2.2
      vertex 9.4803 -45.1168 2.2
    endloop
  endfacet
  facet normal -0 0 1
    outer loop
      vertex 9.08467 -42.1116 2.2
      vertex 9.275 -45.0155 2.2
      vertex 9.275 -41.9845 2.2
    endloop
  endfacet
  facet normal 0 0 1
    outer loop
      vertex 9.08467 -42.1116 2.2
      vertex 9.08467 -44.8884 2.2
      vertex 9.275 -45.0155 2.2
    endloop
  endfacet
  facet normal -0 0 1
    outer loop
      vertex 8.91256 -42.2626 2.2
      vertex 9.08467 -44.8884 2.2
      vertex 9.08467 -42.1116 2.2
    endloop
  endfacet
  facet normal 0 0 1
    outer loop
      vertex 8.91256 -42.2626 2.2
      vertex 8.91256 -44.7374 2.2
      vertex 9.08467 -44.8884 2.2
    endloop
  endfacet
  facet normal -0 0 1
    outer loop
      vertex 8.76163 -42.4347 2.2
      vertex 8.91256 -44.7374 2.2
      vertex 8.91256 -42.2626 2.2
    endloop
  endfacet
  facet normal 0 0 1
    outer loop
      vertex 8.76163 -42.4347 2.2
      vertex 8.76163 -44.5653 2.2
      vertex 8.91256 -44.7374 2.2
    endloop
  endfacet
  facet normal -0 0 1
    outer loop
      vertex 8.63446 -42.625 2.2
      vertex 8.76163 -44.5653 2.2
      vertex 8.76163 -42.4347 2.2
    endloop
  endfacet
  facet normal 0 0 1
    outer loop
      vertex 8.63446 -42.625 2.2
      vertex 8.63446 -44.375 2.2
      vertex 8.76163 -44.5653 2.2
    endloop
  endfacet
  facet normal -0 0 1
    outer loop
      vertex 8.53321 -42.8303 2.2
      vertex 8.63446 -44.375 2.2
      vertex 8.63446 -42.625 2.2
    endloop
  endfacet
  facet normal 0 0 1
    outer loop
      vertex 8.53321 -42.8303 2.2
      vertex 8.53321 -44.1697 2.2
      vertex 8.63446 -44.375 2.2
    endloop
  endfacet
  facet normal -0 0 1
    outer loop
      vertex 8.45963 -43.0471 2.2
      vertex 8.53321 -44.1697 2.2
      vertex 8.53321 -42.8303 2.2
    endloop
  endfacet
  facet normal 0 0 1
    outer loop
      vertex 8.45963 -43.0471 2.2
      vertex 8.45963 -43.9529 2.2
      vertex 8.53321 -44.1697 2.2
    endloop
  endfacet
  facet normal -0 0 1
    outer loop
      vertex 8.41497 -43.2716 2.2
      vertex 8.45963 -43.9529 2.2
      vertex 8.45963 -43.0471 2.2
    endloop
  endfacet
  facet normal 0 0 1
    outer loop
      vertex 8.41497 -43.2716 2.2
      vertex 8.41497 -43.7284 2.2
      vertex 8.45963 -43.9529 2.2
    endloop
  endfacet
  facet normal 0 -0 1
    outer loop
      vertex 8.41497 -43.7284 2.2
      vertex 8.41497 -43.2716 2.2
      vertex 8.4 -43.5 2.2
    endloop
  endfacet
  facet normal 0 0 1
    outer loop
      vertex 11.885 43.7284 2.2
      vertex 11.885 43.2716 2.2
      vertex 11.9 43.5 2.2
    endloop
  endfacet
  facet normal 0 0 1
    outer loop
      vertex 11.8404 43.9529 2.2
      vertex 11.885 43.2716 2.2
      vertex 11.885 43.7284 2.2
    endloop
  endfacet
  facet normal 0 0 1
    outer loop
      vertex 11.8404 43.9529 2.2
      vertex 11.8404 43.0471 2.2
      vertex 11.885 43.2716 2.2
    endloop
  endfacet
  facet normal 0 0 1
    outer loop
      vertex 11.7668 44.1697 2.2
      vertex 11.8404 43.0471 2.2
      vertex 11.8404 43.9529 2.2
    endloop
  endfacet
  facet normal 0 0 1
    outer loop
      vertex 11.7668 44.1697 2.2
      vertex 11.7668 42.8303 2.2
      vertex 11.8404 43.0471 2.2
    endloop
  endfacet
  facet normal 0 0 1
    outer loop
      vertex 11.6655 44.375 2.2
      vertex 11.7668 42.8303 2.2
      vertex 11.7668 44.1697 2.2
    endloop
  endfacet
  facet normal 0 0 1
    outer loop
      vertex 11.6655 44.375 2.2
      vertex 11.6655 42.625 2.2
      vertex 11.7668 42.8303 2.2
    endloop
  endfacet
  facet normal 0 0 1
    outer loop
      vertex 11.5384 44.5653 2.2
      vertex 11.6655 42.625 2.2
      vertex 11.6655 44.375 2.2
    endloop
  endfacet
  facet normal 0 0 1
    outer loop
      vertex 11.5384 44.5653 2.2
      vertex 11.5384 42.4347 2.2
      vertex 11.6655 42.625 2.2
    endloop
  endfacet
  facet normal 0 0 1
    outer loop
      vertex 11.3874 44.7374 2.2
      vertex 11.5384 42.4347 2.2
      vertex 11.5384 44.5653 2.2
    endloop
  endfacet
  facet normal 0 0 1
    outer loop
      vertex 11.3874 44.7374 2.2
      vertex 11.3874 42.2626 2.2
      vertex 11.5384 42.4347 2.2
    endloop
  endfacet
  facet normal 0 0 1
    outer loop
      vertex 11.2153 44.8884 2.2
      vertex 11.3874 42.2626 2.2
      vertex 11.3874 44.7374 2.2
    endloop
  endfacet
  facet normal 0 0 1
    outer loop
      vertex 11.2153 44.8884 2.2
      vertex 11.2153 42.1116 2.2
      vertex 11.3874 42.2626 2.2
    endloop
  endfacet
  facet normal 0 0 1
    outer loop
      vertex 11.025 45.0155 2.2
      vertex 11.2153 42.1116 2.2
      vertex 11.2153 44.8884 2.2
    endloop
  endfacet
  facet normal 0 0 1
    outer loop
      vertex 11.025 45.0155 2.2
      vertex 11.025 41.9845 2.2
      vertex 11.2153 42.1116 2.2
    endloop
  endfacet
  facet normal 0 0 1
    outer loop
      vertex 10.8197 45.1168 2.2
      vertex 11.025 41.9845 2.2
      vertex 11.025 45.0155 2.2
    endloop
  endfacet
  facet normal 0 0 1
    outer loop
      vertex 10.8197 45.1168 2.2
      vertex 10.8197 41.8832 2.2
      vertex 11.025 41.9845 2.2
    endloop
  endfacet
  facet normal 0 0 1
    outer loop
      vertex 10.6029 45.1904 2.2
      vertex 10.8197 41.8832 2.2
      vertex 10.8197 45.1168 2.2
    endloop
  endfacet
  facet normal 0 0 1
    outer loop
      vertex 10.6029 45.1904 2.2
      vertex 10.6029 41.8096 2.2
      vertex 10.8197 41.8832 2.2
    endloop
  endfacet
  facet normal 0 0 1
    outer loop
      vertex 10.3784 45.235 2.2
      vertex 10.6029 41.8096 2.2
      vertex 10.6029 45.1904 2.2
    endloop
  endfacet
  facet normal 0 0 1
    outer loop
      vertex 10.3784 45.235 2.2
      vertex 10.3784 41.765 2.2
      vertex 10.6029 41.8096 2.2
    endloop
  endfacet
  facet normal 0 0 1
    outer loop
      vertex 10.15 45.25 2.2
      vertex 10.3784 41.765 2.2
      vertex 10.3784 45.235 2.2
    endloop
  endfacet
  facet normal 0 0 1
    outer loop
      vertex 10.15 45.25 2.2
      vertex 10.15 41.75 2.2
      vertex 10.3784 41.765 2.2
    endloop
  endfacet
  facet normal -0 0 1
    outer loop
      vertex 9.92158 45.235 2.2
      vertex 10.15 41.75 2.2
      vertex 10.15 45.25 2.2
    endloop
  endfacet
  facet normal 0 0 1
    outer loop
      vertex 9.92158 45.235 2.2
      vertex 9.92158 41.765 2.2
      vertex 10.15 41.75 2.2
    endloop
  endfacet
  facet normal -0 0 1
    outer loop
      vertex 9.69707 45.1904 2.2
      vertex 9.92158 41.765 2.2
      vertex 9.92158 45.235 2.2
    endloop
  endfacet
  facet normal 0 0 1
    outer loop
      vertex 9.69707 45.1904 2.2
      vertex 9.69707 41.8096 2.2
      vertex 9.92158 41.765 2.2
    endloop
  endfacet
  facet normal -0 0 1
    outer loop
      vertex 9.4803 45.1168 2.2
      vertex 9.69707 41.8096 2.2
      vertex 9.69707 45.1904 2.2
    endloop
  endfacet
  facet normal 0 0 1
    outer loop
      vertex 9.4803 45.1168 2.2
      vertex 9.4803 41.8832 2.2
      vertex 9.69707 41.8096 2.2
    endloop
  endfacet
  facet normal -0 0 1
    outer loop
      vertex 9.275 45.0155 2.2
      vertex 9.4803 41.8832 2.2
      vertex 9.4803 45.1168 2.2
    endloop
  endfacet
  facet normal 0 0 1
    outer loop
      vertex 9.275 45.0155 2.2
      vertex 9.275 41.9845 2.2
      vertex 9.4803 41.8832 2.2
    endloop
  endfacet
  facet normal -0 0 1
    outer loop
      vertex 9.08467 44.8884 2.2
      vertex 9.275 41.9845 2.2
      vertex 9.275 45.0155 2.2
    endloop
  endfacet
  facet normal 0 0 1
    outer loop
      vertex 9.08467 44.8884 2.2
      vertex 9.08467 42.1116 2.2
      vertex 9.275 41.9845 2.2
    endloop
  endfacet
  facet normal -0 0 1
    outer loop
      vertex 8.91256 44.7374 2.2
      vertex 9.08467 42.1116 2.2
      vertex 9.08467 44.8884 2.2
    endloop
  endfacet
  facet normal 0 0 1
    outer loop
      vertex 8.91256 44.7374 2.2
      vertex 8.91256 42.2626 2.2
      vertex 9.08467 42.1116 2.2
    endloop
  endfacet
  facet normal -0 0 1
    outer loop
      vertex 8.76163 44.5653 2.2
      vertex 8.91256 42.2626 2.2
      vertex 8.91256 44.7374 2.2
    endloop
  endfacet
  facet normal 0 0 1
    outer loop
      vertex 8.76163 44.5653 2.2
      vertex 8.76163 42.4347 2.2
      vertex 8.91256 42.2626 2.2
    endloop
  endfacet
  facet normal -0 0 1
    outer loop
      vertex 8.63446 44.375 2.2
      vertex 8.76163 42.4347 2.2
      vertex 8.76163 44.5653 2.2
    endloop
  endfacet
  facet normal 0 0 1
    outer loop
      vertex 8.63446 44.375 2.2
      vertex 8.63446 42.625 2.2
      vertex 8.76163 42.4347 2.2
    endloop
  endfacet
  facet normal -0 0 1
    outer loop
      vertex 8.53321 44.1697 2.2
      vertex 8.63446 42.625 2.2
      vertex 8.63446 44.375 2.2
    endloop
  endfacet
  facet normal 0 0 1
    outer loop
      vertex 8.53321 44.1697 2.2
      vertex 8.53321 42.8303 2.2
      vertex 8.63446 42.625 2.2
    endloop
  endfacet
  facet normal -0 0 1
    outer loop
      vertex 8.45963 43.9529 2.2
      vertex 8.53321 42.8303 2.2
      vertex 8.53321 44.1697 2.2
    endloop
  endfacet
  facet normal 0 0 1
    outer loop
      vertex 8.45963 43.9529 2.2
      vertex 8.45963 43.0471 2.2
      vertex 8.53321 42.8303 2.2
    endloop
  endfacet
  facet normal -0 0 1
    outer loop
      vertex 8.41497 43.7284 2.2
      vertex 8.45963 43.0471 2.2
      vertex 8.45963 43.9529 2.2
    endloop
  endfacet
  facet normal 0 0 1
    outer loop
      vertex 8.41497 43.7284 2.2
      vertex 8.41497 43.2716 2.2
      vertex 8.45963 43.0471 2.2
    endloop
  endfacet
  facet normal 0 -0 1
    outer loop
      vertex 8.41497 43.2716 2.2
      vertex 8.41497 43.7284 2.2
      vertex 8.4 43.5 2.2
    endloop
  endfacet
  facet normal 0 0 1
    outer loop
      vertex 98.885 -43.2716 2.2
      vertex 98.885 -43.7284 2.2
      vertex 98.9 -43.5 2.2
    endloop
  endfacet
  facet normal 0 0 1
    outer loop
      vertex 98.8404 -43.0471 2.2
      vertex 98.885 -43.7284 2.2
      vertex 98.885 -43.2716 2.2
    endloop
  endfacet
  facet normal 0 0 1
    outer loop
      vertex 98.8404 -43.0471 2.2
      vertex 98.8404 -43.9529 2.2
      vertex 98.885 -43.7284 2.2
    endloop
  endfacet
  facet normal 0 0 1
    outer loop
      vertex 98.7668 -42.8303 2.2
      vertex 98.8404 -43.9529 2.2
      vertex 98.8404 -43.0471 2.2
    endloop
  endfacet
  facet normal 0 0 1
    outer loop
      vertex 98.7668 -42.8303 2.2
      vertex 98.7668 -44.1697 2.2
      vertex 98.8404 -43.9529 2.2
    endloop
  endfacet
  facet normal 0 0 1
    outer loop
      vertex 98.6655 -42.625 2.2
      vertex 98.7668 -44.1697 2.2
      vertex 98.7668 -42.8303 2.2
    endloop
  endfacet
  facet normal 0 0 1
    outer loop
      vertex 98.6655 -42.625 2.2
      vertex 98.6655 -44.375 2.2
      vertex 98.7668 -44.1697 2.2
    endloop
  endfacet
  facet normal 0 0 1
    outer loop
      vertex 98.5384 -42.4347 2.2
      vertex 98.6655 -44.375 2.2
      vertex 98.6655 -42.625 2.2
    endloop
  endfacet
  facet normal 0 0 1
    outer loop
      vertex 98.5384 -42.4347 2.2
      vertex 98.5384 -44.5653 2.2
      vertex 98.6655 -44.375 2.2
    endloop
  endfacet
  facet normal 0 0 1
    outer loop
      vertex 98.3874 -42.2626 2.2
      vertex 98.5384 -44.5653 2.2
      vertex 98.5384 -42.4347 2.2
    endloop
  endfacet
  facet normal 0 0 1
    outer loop
      vertex 98.3874 -42.2626 2.2
      vertex 98.3874 -44.7374 2.2
      vertex 98.5384 -44.5653 2.2
    endloop
  endfacet
  facet normal 0 0 1
    outer loop
      vertex 98.2153 -42.1116 2.2
      vertex 98.3874 -44.7374 2.2
      vertex 98.3874 -42.2626 2.2
    endloop
  endfacet
  facet normal 0 0 1
    outer loop
      vertex 98.2153 -42.1116 2.2
      vertex 98.2153 -44.8884 2.2
      vertex 98.3874 -44.7374 2.2
    endloop
  endfacet
  facet normal 0 0 1
    outer loop
      vertex 98.025 -41.9845 2.2
      vertex 98.2153 -44.8884 2.2
      vertex 98.2153 -42.1116 2.2
    endloop
  endfacet
  facet normal 0 0 1
    outer loop
      vertex 98.025 -41.9845 2.2
      vertex 98.025 -45.0155 2.2
      vertex 98.2153 -44.8884 2.2
    endloop
  endfacet
  facet normal 0 0 1
    outer loop
      vertex 97.8197 -41.8832 2.2
      vertex 98.025 -45.0155 2.2
      vertex 98.025 -41.9845 2.2
    endloop
  endfacet
  facet normal 0 0 1
    outer loop
      vertex 97.8197 -41.8832 2.2
      vertex 97.8197 -45.1168 2.2
      vertex 98.025 -45.0155 2.2
    endloop
  endfacet
  facet normal 0 0 1
    outer loop
      vertex 97.6029 -41.8096 2.2
      vertex 97.8197 -45.1168 2.2
      vertex 97.8197 -41.8832 2.2
    endloop
  endfacet
  facet normal 0 0 1
    outer loop
      vertex 97.6029 -41.8096 2.2
      vertex 97.6029 -45.1904 2.2
      vertex 97.8197 -45.1168 2.2
    endloop
  endfacet
  facet normal 0 0 1
    outer loop
      vertex 97.3784 -41.765 2.2
      vertex 97.6029 -45.1904 2.2
      vertex 97.6029 -41.8096 2.2
    endloop
  endfacet
  facet normal 0 0 1
    outer loop
      vertex 97.3784 -41.765 2.2
      vertex 97.3784 -45.235 2.2
      vertex 97.6029 -45.1904 2.2
    endloop
  endfacet
  facet normal 0 0 1
    outer loop
      vertex 97.15 -41.75 2.2
      vertex 97.3784 -45.235 2.2
      vertex 97.3784 -41.765 2.2
    endloop
  endfacet
  facet normal 0 0 1
    outer loop
      vertex 97.15 -41.75 2.2
      vertex 97.15 -45.25 2.2
      vertex 97.3784 -45.235 2.2
    endloop
  endfacet
  facet normal -0 0 1
    outer loop
      vertex 96.9216 -41.765 2.2
      vertex 97.15 -45.25 2.2
      vertex 97.15 -41.75 2.2
    endloop
  endfacet
  facet normal 0 0 1
    outer loop
      vertex 96.9216 -41.765 2.2
      vertex 96.9216 -45.235 2.2
      vertex 97.15 -45.25 2.2
    endloop
  endfacet
  facet normal -0 0 1
    outer loop
      vertex 96.6971 -41.8096 2.2
      vertex 96.9216 -45.235 2.2
      vertex 96.9216 -41.765 2.2
    endloop
  endfacet
  facet normal 0 0 1
    outer loop
      vertex 96.6971 -41.8096 2.2
      vertex 96.6971 -45.1904 2.2
      vertex 96.9216 -45.235 2.2
    endloop
  endfacet
  facet normal -0 0 1
    outer loop
      vertex 96.4803 -41.8832 2.2
      vertex 96.6971 -45.1904 2.2
      vertex 96.6971 -41.8096 2.2
    endloop
  endfacet
  facet normal 0 0 1
    outer loop
      vertex 96.4803 -41.8832 2.2
      vertex 96.4803 -45.1168 2.2
      vertex 96.6971 -45.1904 2.2
    endloop
  endfacet
  facet normal -0 0 1
    outer loop
      vertex 96.275 -41.9845 2.2
      vertex 96.4803 -45.1168 2.2
      vertex 96.4803 -41.8832 2.2
    endloop
  endfacet
  facet normal 0 0 1
    outer loop
      vertex 96.275 -41.9845 2.2
      vertex 96.275 -45.0155 2.2
      vertex 96.4803 -45.1168 2.2
    endloop
  endfacet
  facet normal -0 0 1
    outer loop
      vertex 96.0847 -42.1116 2.2
      vertex 96.275 -45.0155 2.2
      vertex 96.275 -41.9845 2.2
    endloop
  endfacet
  facet normal 0 0 1
    outer loop
      vertex 96.0847 -42.1116 2.2
      vertex 96.0847 -44.8884 2.2
      vertex 96.275 -45.0155 2.2
    endloop
  endfacet
  facet normal -0 0 1
    outer loop
      vertex 95.9126 -42.2626 2.2
      vertex 96.0847 -44.8884 2.2
      vertex 96.0847 -42.1116 2.2
    endloop
  endfacet
  facet normal 0 0 1
    outer loop
      vertex 95.9126 -42.2626 2.2
      vertex 95.9126 -44.7374 2.2
      vertex 96.0847 -44.8884 2.2
    endloop
  endfacet
  facet normal -0 0 1
    outer loop
      vertex 95.7616 -42.4347 2.2
      vertex 95.9126 -44.7374 2.2
      vertex 95.9126 -42.2626 2.2
    endloop
  endfacet
  facet normal 0 0 1
    outer loop
      vertex 95.7616 -42.4347 2.2
      vertex 95.7616 -44.5653 2.2
      vertex 95.9126 -44.7374 2.2
    endloop
  endfacet
  facet normal -0 0 1
    outer loop
      vertex 95.6345 -42.625 2.2
      vertex 95.7616 -44.5653 2.2
      vertex 95.7616 -42.4347 2.2
    endloop
  endfacet
  facet normal 0 0 1
    outer loop
      vertex 95.6345 -42.625 2.2
      vertex 95.6345 -44.375 2.2
      vertex 95.7616 -44.5653 2.2
    endloop
  endfacet
  facet normal -0 0 1
    outer loop
      vertex 95.5332 -42.8303 2.2
      vertex 95.6345 -44.375 2.2
      vertex 95.6345 -42.625 2.2
    endloop
  endfacet
  facet normal 0 0 1
    outer loop
      vertex 95.5332 -42.8303 2.2
      vertex 95.5332 -44.1697 2.2
      vertex 95.6345 -44.375 2.2
    endloop
  endfacet
  facet normal -0 0 1
    outer loop
      vertex 95.4596 -43.0471 2.2
      vertex 95.5332 -44.1697 2.2
      vertex 95.5332 -42.8303 2.2
    endloop
  endfacet
  facet normal 0 0 1
    outer loop
      vertex 95.4596 -43.0471 2.2
      vertex 95.4596 -43.9529 2.2
      vertex 95.5332 -44.1697 2.2
    endloop
  endfacet
  facet normal -0 0 1
    outer loop
      vertex 95.415 -43.2716 2.2
      vertex 95.4596 -43.9529 2.2
      vertex 95.4596 -43.0471 2.2
    endloop
  endfacet
  facet normal 0 0 1
    outer loop
      vertex 95.415 -43.2716 2.2
      vertex 95.415 -43.7284 2.2
      vertex 95.4596 -43.9529 2.2
    endloop
  endfacet
  facet normal 0 -0 1
    outer loop
      vertex 95.415 -43.7284 2.2
      vertex 95.415 -43.2716 2.2
      vertex 95.4 -43.5 2.2
    endloop
  endfacet
  facet normal 0 0 1
    outer loop
      vertex 98.885 43.7284 2.2
      vertex 98.885 43.2716 2.2
      vertex 98.9 43.5 2.2
    endloop
  endfacet
  facet normal 0 0 1
    outer loop
      vertex 98.8404 43.9529 2.2
      vertex 98.885 43.2716 2.2
      vertex 98.885 43.7284 2.2
    endloop
  endfacet
  facet normal 0 0 1
    outer loop
      vertex 98.8404 43.9529 2.2
      vertex 98.8404 43.0471 2.2
      vertex 98.885 43.2716 2.2
    endloop
  endfacet
  facet normal 0 0 1
    outer loop
      vertex 98.7668 44.1697 2.2
      vertex 98.8404 43.0471 2.2
      vertex 98.8404 43.9529 2.2
    endloop
  endfacet
  facet normal 0 0 1
    outer loop
      vertex 98.7668 44.1697 2.2
      vertex 98.7668 42.8303 2.2
      vertex 98.8404 43.0471 2.2
    endloop
  endfacet
  facet normal 0 0 1
    outer loop
      vertex 98.6655 44.375 2.2
      vertex 98.7668 42.8303 2.2
      vertex 98.7668 44.1697 2.2
    endloop
  endfacet
  facet normal 0 0 1
    outer loop
      vertex 98.6655 44.375 2.2
      vertex 98.6655 42.625 2.2
      vertex 98.7668 42.8303 2.2
    endloop
  endfacet
  facet normal 0 0 1
    outer loop
      vertex 98.5384 44.5653 2.2
      vertex 98.6655 42.625 2.2
      vertex 98.6655 44.375 2.2
    endloop
  endfacet
  facet normal 0 0 1
    outer loop
      vertex 98.5384 44.5653 2.2
      vertex 98.5384 42.4347 2.2
      vertex 98.6655 42.625 2.2
    endloop
  endfacet
  facet normal 0 0 1
    outer loop
      vertex 98.3874 44.7374 2.2
      vertex 98.5384 42.4347 2.2
      vertex 98.5384 44.5653 2.2
    endloop
  endfacet
  facet normal 0 0 1
    outer loop
      vertex 98.3874 44.7374 2.2
      vertex 98.3874 42.2626 2.2
      vertex 98.5384 42.4347 2.2
    endloop
  endfacet
  facet normal 0 0 1
    outer loop
      vertex 98.2153 44.8884 2.2
      vertex 98.3874 42.2626 2.2
      vertex 98.3874 44.7374 2.2
    endloop
  endfacet
  facet normal 0 0 1
    outer loop
      vertex 98.2153 44.8884 2.2
      vertex 98.2153 42.1116 2.2
      vertex 98.3874 42.2626 2.2
    endloop
  endfacet
  facet normal 0 0 1
    outer loop
      vertex 98.025 45.0155 2.2
      vertex 98.2153 42.1116 2.2
      vertex 98.2153 44.8884 2.2
    endloop
  endfacet
  facet normal 0 0 1
    outer loop
      vertex 98.025 45.0155 2.2
      vertex 98.025 41.9845 2.2
      vertex 98.2153 42.1116 2.2
    endloop
  endfacet
  facet normal 0 0 1
    outer loop
      vertex 97.8197 45.1168 2.2
      vertex 98.025 41.9845 2.2
      vertex 98.025 45.0155 2.2
    endloop
  endfacet
  facet normal 0 0 1
    outer loop
      vertex 97.8197 45.1168 2.2
      vertex 97.8197 41.8832 2.2
      vertex 98.025 41.9845 2.2
    endloop
  endfacet
  facet normal 0 0 1
    outer loop
      vertex 97.6029 45.1904 2.2
      vertex 97.8197 41.8832 2.2
      vertex 97.8197 45.1168 2.2
    endloop
  endfacet
  facet normal 0 0 1
    outer loop
      vertex 97.6029 45.1904 2.2
      vertex 97.6029 41.8096 2.2
      vertex 97.8197 41.8832 2.2
    endloop
  endfacet
  facet normal 0 0 1
    outer loop
      vertex 97.3784 45.235 2.2
      vertex 97.6029 41.8096 2.2
      vertex 97.6029 45.1904 2.2
    endloop
  endfacet
  facet normal 0 0 1
    outer loop
      vertex 97.3784 45.235 2.2
      vertex 97.3784 41.765 2.2
      vertex 97.6029 41.8096 2.2
    endloop
  endfacet
  facet normal 0 0 1
    outer loop
      vertex 97.15 45.25 2.2
      vertex 97.3784 41.765 2.2
      vertex 97.3784 45.235 2.2
    endloop
  endfacet
  facet normal 0 0 1
    outer loop
      vertex 97.15 45.25 2.2
      vertex 97.15 41.75 2.2
      vertex 97.3784 41.765 2.2
    endloop
  endfacet
  facet normal -0 0 1
    outer loop
      vertex 96.9216 45.235 2.2
      vertex 97.15 41.75 2.2
      vertex 97.15 45.25 2.2
    endloop
  endfacet
  facet normal 0 0 1
    outer loop
      vertex 96.9216 45.235 2.2
      vertex 96.9216 41.765 2.2
      vertex 97.15 41.75 2.2
    endloop
  endfacet
  facet normal -0 0 1
    outer loop
      vertex 96.6971 45.1904 2.2
      vertex 96.9216 41.765 2.2
      vertex 96.9216 45.235 2.2
    endloop
  endfacet
  facet normal 0 0 1
    outer loop
      vertex 96.6971 45.1904 2.2
      vertex 96.6971 41.8096 2.2
      vertex 96.9216 41.765 2.2
    endloop
  endfacet
  facet normal -0 0 1
    outer loop
      vertex 96.4803 45.1168 2.2
      vertex 96.6971 41.8096 2.2
      vertex 96.6971 45.1904 2.2
    endloop
  endfacet
  facet normal 0 0 1
    outer loop
      vertex 96.4803 45.1168 2.2
      vertex 96.4803 41.8832 2.2
      vertex 96.6971 41.8096 2.2
    endloop
  endfacet
  facet normal -0 0 1
    outer loop
      vertex 96.275 45.0155 2.2
      vertex 96.4803 41.8832 2.2
      vertex 96.4803 45.1168 2.2
    endloop
  endfacet
  facet normal 0 0 1
    outer loop
      vertex 96.275 45.0155 2.2
      vertex 96.275 41.9845 2.2
      vertex 96.4803 41.8832 2.2
    endloop
  endfacet
  facet normal -0 0 1
    outer loop
      vertex 96.0847 44.8884 2.2
      vertex 96.275 41.9845 2.2
      vertex 96.275 45.0155 2.2
    endloop
  endfacet
  facet normal 0 0 1
    outer loop
      vertex 96.0847 44.8884 2.2
      vertex 96.0847 42.1116 2.2
      vertex 96.275 41.9845 2.2
    endloop
  endfacet
  facet normal -0 0 1
    outer loop
      vertex 95.9126 44.7374 2.2
      vertex 96.0847 42.1116 2.2
      vertex 96.0847 44.8884 2.2
    endloop
  endfacet
  facet normal 0 0 1
    outer loop
      vertex 95.9126 44.7374 2.2
      vertex 95.9126 42.2626 2.2
      vertex 96.0847 42.1116 2.2
    endloop
  endfacet
  facet normal -0 0 1
    outer loop
      vertex 95.7616 44.5653 2.2
      vertex 95.9126 42.2626 2.2
      vertex 95.9126 44.7374 2.2
    endloop
  endfacet
  facet normal 0 0 1
    outer loop
      vertex 95.7616 44.5653 2.2
      vertex 95.7616 42.4347 2.2
      vertex 95.9126 42.2626 2.2
    endloop
  endfacet
  facet normal -0 0 1
    outer loop
      vertex 95.6345 44.375 2.2
      vertex 95.7616 42.4347 2.2
      vertex 95.7616 44.5653 2.2
    endloop
  endfacet
  facet normal 0 0 1
    outer loop
      vertex 95.6345 44.375 2.2
      vertex 95.6345 42.625 2.2
      vertex 95.7616 42.4347 2.2
    endloop
  endfacet
  facet normal -0 0 1
    outer loop
      vertex 95.5332 44.1697 2.2
      vertex 95.6345 42.625 2.2
      vertex 95.6345 44.375 2.2
    endloop
  endfacet
  facet normal 0 0 1
    outer loop
      vertex 95.5332 44.1697 2.2
      vertex 95.5332 42.8303 2.2
      vertex 95.6345 42.625 2.2
    endloop
  endfacet
  facet normal -0 0 1
    outer loop
      vertex 95.4596 43.9529 2.2
      vertex 95.5332 42.8303 2.2
      vertex 95.5332 44.1697 2.2
    endloop
  endfacet
  facet normal 0 0 1
    outer loop
      vertex 95.4596 43.9529 2.2
      vertex 95.4596 43.0471 2.2
      vertex 95.5332 42.8303 2.2
    endloop
  endfacet
  facet normal -0 0 1
    outer loop
      vertex 95.415 43.7284 2.2
      vertex 95.4596 43.0471 2.2
      vertex 95.4596 43.9529 2.2
    endloop
  endfacet
  facet normal 0 0 1
    outer loop
      vertex 95.415 43.7284 2.2
      vertex 95.415 43.2716 2.2
      vertex 95.4596 43.0471 2.2
    endloop
  endfacet
  facet normal 0 -0 1
    outer loop
      vertex 95.415 43.2716 2.2
      vertex 95.415 43.7284 2.2
      vertex 95.4 43.5 2.2
    endloop
  endfacet
  facet normal 0 0 -1
    outer loop
      vertex 6.52001 20.78 0
      vertex 19.195 24.17 0
      vertex 19.195 20.78 0
    endloop
  endfacet
  facet normal -0 0 -1
    outer loop
      vertex 19.195 24.17 0
      vertex 6.52001 20.78 0
      vertex 6.52001 24.17 0
    endloop
  endfacet
  facet normal 0 0 -1
    outer loop
      vertex 98.8 -47.13 0
      vertex 100.78 -45.15 0
      vertex 100.763 -45.4084 0
    endloop
  endfacet
  facet normal 0 0 -1
    outer loop
      vertex 100.78 -45.15 0
      vertex 82.25 -19.4 0
      vertex 100.78 45.15 0
    endloop
  endfacet
  facet normal 0 0 -1
    outer loop
      vertex 98.8 -47.13 0
      vertex 100.763 -45.4084 0
      vertex 100.713 -45.6625 0
    endloop
  endfacet
  facet normal 0 0 -1
    outer loop
      vertex 82.25 19.4 0
      vertex 100.78 45.15 0
      vertex 82.25 -19.4 0
    endloop
  endfacet
  facet normal 0 0 -1
    outer loop
      vertex 98.8 -47.13 0
      vertex 100.713 -45.6625 0
      vertex 100.629 -45.9077 0
    endloop
  endfacet
  facet normal 0 0 -1
    outer loop
      vertex 82.2363 19.6088 0
      vertex 100.78 45.15 0
      vertex 82.25 19.4 0
    endloop
  endfacet
  facet normal 0 0 -1
    outer loop
      vertex 98.8 -47.13 0
      vertex 100.629 -45.9077 0
      vertex 100.515 -46.14 0
    endloop
  endfacet
  facet normal 0 0 -1
    outer loop
      vertex 82.1955 19.8141 0
      vertex 100.78 45.15 0
      vertex 82.2363 19.6088 0
    endloop
  endfacet
  facet normal 0 0 -1
    outer loop
      vertex 98.8 -47.13 0
      vertex 100.515 -46.14 0
      vertex 100.371 -46.3553 0
    endloop
  endfacet
  facet normal 0 0 -1
    outer loop
      vertex 82.1282 20.0123 0
      vertex 100.78 45.15 0
      vertex 82.1955 19.8141 0
    endloop
  endfacet
  facet normal 0 0 -1
    outer loop
      vertex 98.8 -47.13 0
      vertex 100.371 -46.3553 0
      vertex 100.2 -46.5501 0
    endloop
  endfacet
  facet normal 0 0 -1
    outer loop
      vertex 82.0356 20.2 0
      vertex 100.78 45.15 0
      vertex 82.1282 20.0123 0
    endloop
  endfacet
  facet normal 0 0 -1
    outer loop
      vertex 98.8 -47.13 0
      vertex 100.2 -46.5501 0
      vertex 100.005 -46.7208 0
    endloop
  endfacet
  facet normal 0 0 -1
    outer loop
      vertex 81.9194 20.374 0
      vertex 100.78 45.15 0
      vertex 82.0356 20.2 0
    endloop
  endfacet
  facet normal 0 0 -1
    outer loop
      vertex 98.8 -47.13 0
      vertex 100.005 -46.7208 0
      vertex 99.79 -46.8647 0
    endloop
  endfacet
  facet normal 0 0 -1
    outer loop
      vertex 81.7814 20.5314 0
      vertex 100.78 45.15 0
      vertex 81.9194 20.374 0
    endloop
  endfacet
  facet normal 0 0 -1
    outer loop
      vertex 98.8 -47.13 0
      vertex 99.79 -46.8647 0
      vertex 99.5577 -46.9793 0
    endloop
  endfacet
  facet normal 0 0 -1
    outer loop
      vertex 81.624 20.6694 0
      vertex 100.78 45.15 0
      vertex 81.7814 20.5314 0
    endloop
  endfacet
  facet normal 0 0 -1
    outer loop
      vertex 98.8 -47.13 0
      vertex 99.5577 -46.9793 0
      vertex 99.3125 -47.0625 0
    endloop
  endfacet
  facet normal 0 0 -1
    outer loop
      vertex 81.45 20.7856 0
      vertex 100.78 45.15 0
      vertex 81.624 20.6694 0
    endloop
  endfacet
  facet normal 0 0 -1
    outer loop
      vertex 98.8 -47.13 0
      vertex 99.3125 -47.0625 0
      vertex 99.0584 -47.1131 0
    endloop
  endfacet
  facet normal 0 -0 -1
    outer loop
      vertex 98.8 47.13 0
      vertex 100.78 45.15 0
      vertex 81.45 20.7856 0
    endloop
  endfacet
  facet normal -0 0 -1
    outer loop
      vertex 100.78 -45.15 0
      vertex 98.8 -47.13 0
      vertex 81.45 -20.7856 0
    endloop
  endfacet
  facet normal 0 0 -1
    outer loop
      vertex 100.763 45.4084 0
      vertex 98.8 47.13 0
      vertex 100.713 45.6625 0
    endloop
  endfacet
  facet normal 0 0 -1
    outer loop
      vertex 100.713 45.6625 0
      vertex 98.8 47.13 0
      vertex 100.629 45.9077 0
    endloop
  endfacet
  facet normal 0 0 -1
    outer loop
      vertex 100.78 -45.15 0
      vertex 82.2363 -19.6088 0
      vertex 82.25 -19.4 0
    endloop
  endfacet
  facet normal 0 0 -1
    outer loop
      vertex 100.78 -45.15 0
      vertex 82.1955 -19.8141 0
      vertex 82.2363 -19.6088 0
    endloop
  endfacet
  facet normal 0 0 -1
    outer loop
      vertex 100.78 -45.15 0
      vertex 82.1282 -20.0123 0
      vertex 82.1955 -19.8141 0
    endloop
  endfacet
  facet normal 0 0 -1
    outer loop
      vertex 100.78 -45.15 0
      vertex 82.0356 -20.2 0
      vertex 82.1282 -20.0123 0
    endloop
  endfacet
  facet normal 0 0 -1
    outer loop
      vertex 100.78 -45.15 0
      vertex 81.9194 -20.374 0
      vertex 82.0356 -20.2 0
    endloop
  endfacet
  facet normal 0 0 -1
    outer loop
      vertex 100.78 -45.15 0
      vertex 81.7814 -20.5314 0
      vertex 81.9194 -20.374 0
    endloop
  endfacet
  facet normal 0 0 -1
    outer loop
      vertex 100.78 -45.15 0
      vertex 81.624 -20.6694 0
      vertex 81.7814 -20.5314 0
    endloop
  endfacet
  facet normal 0 0 -1
    outer loop
      vertex 100.78 -45.15 0
      vertex 81.45 -20.7856 0
      vertex 81.624 -20.6694 0
    endloop
  endfacet
  facet normal 0 0 -1
    outer loop
      vertex 98.8 -47.13 0
      vertex 81.2623 -20.8782 0
      vertex 81.45 -20.7856 0
    endloop
  endfacet
  facet normal 0 0 -1
    outer loop
      vertex 98.8 -47.13 0
      vertex 81.0641 -20.9455 0
      vertex 81.2623 -20.8782 0
    endloop
  endfacet
  facet normal 0 0 -1
    outer loop
      vertex 98.8 -47.13 0
      vertex 80.8588 -20.9863 0
      vertex 81.0641 -20.9455 0
    endloop
  endfacet
  facet normal 0 0 -1
    outer loop
      vertex 98.8 -47.13 0
      vertex 80.65 -21 0
      vertex 80.8588 -20.9863 0
    endloop
  endfacet
  facet normal 0 0 -1
    outer loop
      vertex 98.8 -47.13 0
      vertex 80.4412 -20.9863 0
      vertex 80.65 -21 0
    endloop
  endfacet
  facet normal 0 0 -1
    outer loop
      vertex 71.8588 -20.9863 0
      vertex 80.4412 -20.9863 0
      vertex 98.8 -47.13 0
    endloop
  endfacet
  facet normal 0 0 -1
    outer loop
      vertex 80.4412 -20.9863 0
      vertex 71.8588 -20.9863 0
      vertex 80.2359 -20.9455 0
    endloop
  endfacet
  facet normal 0 0 -1
    outer loop
      vertex 80.2359 -20.9455 0
      vertex 72.0641 -20.9455 0
      vertex 80.0377 -20.8782 0
    endloop
  endfacet
  facet normal 0 -0 -1
    outer loop
      vertex 72.2623 -20.8782 0
      vertex 80.0377 -20.8782 0
      vertex 72.0641 -20.9455 0
    endloop
  endfacet
  facet normal 0 0 -1
    outer loop
      vertex 80.0377 -20.8782 0
      vertex 72.2623 -20.8782 0
      vertex 79.85 -20.7856 0
    endloop
  endfacet
  facet normal 0 -0 -1
    outer loop
      vertex 72.45 -20.7856 0
      vertex 79.85 -20.7856 0
      vertex 72.2623 -20.8782 0
    endloop
  endfacet
  facet normal 0 0 -1
    outer loop
      vertex 79.05 -19.4 0
      vertex 73.25 -19.4 0
      vertex 79.05 19.4 0
    endloop
  endfacet
  facet normal 0 0 -1
    outer loop
      vertex 79.0637 -19.6088 0
      vertex 73.25 -19.4 0
      vertex 79.05 -19.4 0
    endloop
  endfacet
  facet normal 0 0 -1
    outer loop
      vertex 73.2363 -19.6088 0
      vertex 79.0637 -19.6088 0
      vertex 79.1045 -19.8141 0
    endloop
  endfacet
  facet normal 0 0 -1
    outer loop
      vertex 73.1955 -19.8141 0
      vertex 79.1045 -19.8141 0
      vertex 79.1718 -20.0123 0
    endloop
  endfacet
  facet normal 0 0 -1
    outer loop
      vertex 73.1282 -20.0123 0
      vertex 79.1718 -20.0123 0
      vertex 79.2644 -20.2 0
    endloop
  endfacet
  facet normal 0 0 -1
    outer loop
      vertex 73.0356 -20.2 0
      vertex 79.2644 -20.2 0
      vertex 79.3806 -20.374 0
    endloop
  endfacet
  facet normal 0 0 -1
    outer loop
      vertex 79.85 -20.7856 0
      vertex 72.45 -20.7856 0
      vertex 79.676 -20.6694 0
    endloop
  endfacet
  facet normal 0 0 -1
    outer loop
      vertex 79.0637 -19.6088 0
      vertex 73.2363 -19.6088 0
      vertex 73.25 -19.4 0
    endloop
  endfacet
  facet normal 0 0 -1
    outer loop
      vertex 79.1045 -19.8141 0
      vertex 73.1955 -19.8141 0
      vertex 73.2363 -19.6088 0
    endloop
  endfacet
  facet normal 0 0 -1
    outer loop
      vertex 79.1718 -20.0123 0
      vertex 73.1282 -20.0123 0
      vertex 73.1955 -19.8141 0
    endloop
  endfacet
  facet normal 0 0 -1
    outer loop
      vertex 79.2644 -20.2 0
      vertex 73.0356 -20.2 0
      vertex 73.1282 -20.0123 0
    endloop
  endfacet
  facet normal 0 0 -1
    outer loop
      vertex 79.3806 -20.374 0
      vertex 72.9194 -20.374 0
      vertex 73.0356 -20.2 0
    endloop
  endfacet
  facet normal -0 0 -1
    outer loop
      vertex 79.3806 -20.374 0
      vertex 72.7814 -20.5314 0
      vertex 72.9194 -20.374 0
    endloop
  endfacet
  facet normal 0 0 -1
    outer loop
      vertex 79.5186 -20.5314 0
      vertex 72.7814 -20.5314 0
      vertex 79.3806 -20.374 0
    endloop
  endfacet
  facet normal 0 -0 -1
    outer loop
      vertex 72.7814 -20.5314 0
      vertex 79.5186 -20.5314 0
      vertex 72.624 -20.6694 0
    endloop
  endfacet
  facet normal 0 0 -1
    outer loop
      vertex 79.676 -20.6694 0
      vertex 72.624 -20.6694 0
      vertex 79.5186 -20.5314 0
    endloop
  endfacet
  facet normal 0 -0 -1
    outer loop
      vertex 72.624 -20.6694 0
      vertex 79.676 -20.6694 0
      vertex 72.45 -20.7856 0
    endloop
  endfacet
  facet normal -0 0 -1
    outer loop
      vertex 80.2359 -20.9455 0
      vertex 71.8588 -20.9863 0
      vertex 72.0641 -20.9455 0
    endloop
  endfacet
  facet normal 0 0 -1
    outer loop
      vertex 98.8 -47.13 0
      vertex 71.65 -21 0
      vertex 71.8588 -20.9863 0
    endloop
  endfacet
  facet normal 0 0 -1
    outer loop
      vertex 98.8 -47.13 0
      vertex 71.4412 -20.9863 0
      vertex 71.65 -21 0
    endloop
  endfacet
  facet normal 0 0 -1
    outer loop
      vertex 62.8588 -20.9863 0
      vertex 71.4412 -20.9863 0
      vertex 98.8 -47.13 0
    endloop
  endfacet
  facet normal 0 0 -1
    outer loop
      vertex 71.4412 -20.9863 0
      vertex 62.8588 -20.9863 0
      vertex 71.2359 -20.9455 0
    endloop
  endfacet
  facet normal 0 -0 -1
    outer loop
      vertex 63.0641 -20.9455 0
      vertex 71.2359 -20.9455 0
      vertex 62.8588 -20.9863 0
    endloop
  endfacet
  facet normal 0 0 -1
    outer loop
      vertex 71.2359 -20.9455 0
      vertex 63.0641 -20.9455 0
      vertex 71.0377 -20.8782 0
    endloop
  endfacet
  facet normal 0 -0 -1
    outer loop
      vertex 63.2623 -20.8782 0
      vertex 71.0377 -20.8782 0
      vertex 63.0641 -20.9455 0
    endloop
  endfacet
  facet normal 0 0 -1
    outer loop
      vertex 70.05 -19.4 0
      vertex 64.25 -19.4 0
      vertex 70.05 19.4 0
    endloop
  endfacet
  facet normal 0 0 -1
    outer loop
      vertex 70.0637 -19.6088 0
      vertex 64.25 -19.4 0
      vertex 70.05 -19.4 0
    endloop
  endfacet
  facet normal 0 0 -1
    outer loop
      vertex 64.2363 -19.6088 0
      vertex 70.0637 -19.6088 0
      vertex 70.1045 -19.8141 0
    endloop
  endfacet
  facet normal 0 0 -1
    outer loop
      vertex 64.1955 -19.8141 0
      vertex 70.1045 -19.8141 0
      vertex 70.1718 -20.0123 0
    endloop
  endfacet
  facet normal 0 0 -1
    outer loop
      vertex 64.1282 -20.0123 0
      vertex 70.1718 -20.0123 0
      vertex 70.2644 -20.2 0
    endloop
  endfacet
  facet normal 0 0 -1
    outer loop
      vertex 64.0356 -20.2 0
      vertex 70.2644 -20.2 0
      vertex 70.3806 -20.374 0
    endloop
  endfacet
  facet normal 0 0 -1
    outer loop
      vertex 63.9194 -20.374 0
      vertex 70.3806 -20.374 0
      vertex 70.5186 -20.5314 0
    endloop
  endfacet
  facet normal 0 0 -1
    outer loop
      vertex 71.0377 -20.8782 0
      vertex 63.2623 -20.8782 0
      vertex 70.85 -20.7856 0
    endloop
  endfacet
  facet normal 0 0 -1
    outer loop
      vertex 70.0637 -19.6088 0
      vertex 64.2363 -19.6088 0
      vertex 64.25 -19.4 0
    endloop
  endfacet
  facet normal 0 0 -1
    outer loop
      vertex 70.1045 -19.8141 0
      vertex 64.1955 -19.8141 0
      vertex 64.2363 -19.6088 0
    endloop
  endfacet
  facet normal 0 0 -1
    outer loop
      vertex 70.1718 -20.0123 0
      vertex 64.1282 -20.0123 0
      vertex 64.1955 -19.8141 0
    endloop
  endfacet
  facet normal 0 0 -1
    outer loop
      vertex 70.2644 -20.2 0
      vertex 64.0356 -20.2 0
      vertex 64.1282 -20.0123 0
    endloop
  endfacet
  facet normal 0 0 -1
    outer loop
      vertex 70.3806 -20.374 0
      vertex 63.9194 -20.374 0
      vertex 64.0356 -20.2 0
    endloop
  endfacet
  facet normal 0 0 -1
    outer loop
      vertex 70.5186 -20.5314 0
      vertex 63.7814 -20.5314 0
      vertex 63.9194 -20.374 0
    endloop
  endfacet
  facet normal -0 0 -1
    outer loop
      vertex 70.5186 -20.5314 0
      vertex 63.624 -20.6694 0
      vertex 63.7814 -20.5314 0
    endloop
  endfacet
  facet normal 0 0 -1
    outer loop
      vertex 70.676 -20.6694 0
      vertex 63.624 -20.6694 0
      vertex 70.5186 -20.5314 0
    endloop
  endfacet
  facet normal 0 -0 -1
    outer loop
      vertex 63.624 -20.6694 0
      vertex 70.676 -20.6694 0
      vertex 63.45 -20.7856 0
    endloop
  endfacet
  facet normal 0 0 -1
    outer loop
      vertex 70.85 -20.7856 0
      vertex 63.45 -20.7856 0
      vertex 70.676 -20.6694 0
    endloop
  endfacet
  facet normal 0 -0 -1
    outer loop
      vertex 63.45 -20.7856 0
      vertex 70.85 -20.7856 0
      vertex 63.2623 -20.8782 0
    endloop
  endfacet
  facet normal 0 0 -1
    outer loop
      vertex 98.8 -47.13 0
      vertex 62.65 -21 0
      vertex 62.8588 -20.9863 0
    endloop
  endfacet
  facet normal 0 0 -1
    outer loop
      vertex 98.8 -47.13 0
      vertex 62.4412 -20.9863 0
      vertex 62.65 -21 0
    endloop
  endfacet
  facet normal 0 0 -1
    outer loop
      vertex 53.8588 -20.9863 0
      vertex 62.4412 -20.9863 0
      vertex 98.8 -47.13 0
    endloop
  endfacet
  facet normal 0 0 -1
    outer loop
      vertex 62.4412 -20.9863 0
      vertex 53.8588 -20.9863 0
      vertex 62.2359 -20.9455 0
    endloop
  endfacet
  facet normal 0 -0 -1
    outer loop
      vertex 54.0641 -20.9455 0
      vertex 62.2359 -20.9455 0
      vertex 53.8588 -20.9863 0
    endloop
  endfacet
  facet normal 0 0 -1
    outer loop
      vertex 62.2359 -20.9455 0
      vertex 54.0641 -20.9455 0
      vertex 62.0377 -20.8782 0
    endloop
  endfacet
  facet normal 0 0 -1
    outer loop
      vertex 61.05 -19.4 0
      vertex 55.25 -19.4 0
      vertex 61.05 19.4 0
    endloop
  endfacet
  facet normal 0 0 -1
    outer loop
      vertex 61.0637 -19.6088 0
      vertex 55.25 -19.4 0
      vertex 61.05 -19.4 0
    endloop
  endfacet
  facet normal 0 0 -1
    outer loop
      vertex 55.2363 -19.6088 0
      vertex 61.0637 -19.6088 0
      vertex 61.1045 -19.8141 0
    endloop
  endfacet
  facet normal 0 0 -1
    outer loop
      vertex 55.1955 -19.8141 0
      vertex 61.1045 -19.8141 0
      vertex 61.1718 -20.0123 0
    endloop
  endfacet
  facet normal 0 0 -1
    outer loop
      vertex 55.1282 -20.0123 0
      vertex 61.1718 -20.0123 0
      vertex 61.2644 -20.2 0
    endloop
  endfacet
  facet normal 0 0 -1
    outer loop
      vertex 55.0356 -20.2 0
      vertex 61.2644 -20.2 0
      vertex 61.3806 -20.374 0
    endloop
  endfacet
  facet normal 0 0 -1
    outer loop
      vertex 54.9194 -20.374 0
      vertex 61.3806 -20.374 0
      vertex 61.5186 -20.5314 0
    endloop
  endfacet
  facet normal 0 0 -1
    outer loop
      vertex 54.7814 -20.5314 0
      vertex 61.5186 -20.5314 0
      vertex 61.676 -20.6694 0
    endloop
  endfacet
  facet normal 0 -0 -1
    outer loop
      vertex 54.2623 -20.8782 0
      vertex 62.0377 -20.8782 0
      vertex 54.0641 -20.9455 0
    endloop
  endfacet
  facet normal 0 0 -1
    outer loop
      vertex 61.0637 -19.6088 0
      vertex 55.2363 -19.6088 0
      vertex 55.25 -19.4 0
    endloop
  endfacet
  facet normal 0 0 -1
    outer loop
      vertex 61.1045 -19.8141 0
      vertex 55.1955 -19.8141 0
      vertex 55.2363 -19.6088 0
    endloop
  endfacet
  facet normal 0 0 -1
    outer loop
      vertex 61.1718 -20.0123 0
      vertex 55.1282 -20.0123 0
      vertex 55.1955 -19.8141 0
    endloop
  endfacet
  facet normal 0 0 -1
    outer loop
      vertex 61.2644 -20.2 0
      vertex 55.0356 -20.2 0
      vertex 55.1282 -20.0123 0
    endloop
  endfacet
  facet normal 0 0 -1
    outer loop
      vertex 61.3806 -20.374 0
      vertex 54.9194 -20.374 0
      vertex 55.0356 -20.2 0
    endloop
  endfacet
  facet normal 0 0 -1
    outer loop
      vertex 61.5186 -20.5314 0
      vertex 54.7814 -20.5314 0
      vertex 54.9194 -20.374 0
    endloop
  endfacet
  facet normal 0 0 -1
    outer loop
      vertex 61.676 -20.6694 0
      vertex 54.624 -20.6694 0
      vertex 54.7814 -20.5314 0
    endloop
  endfacet
  facet normal -0 0 -1
    outer loop
      vertex 61.676 -20.6694 0
      vertex 54.45 -20.7856 0
      vertex 54.624 -20.6694 0
    endloop
  endfacet
  facet normal 0 0 -1
    outer loop
      vertex 61.85 -20.7856 0
      vertex 54.45 -20.7856 0
      vertex 61.676 -20.6694 0
    endloop
  endfacet
  facet normal 0 -0 -1
    outer loop
      vertex 54.45 -20.7856 0
      vertex 61.85 -20.7856 0
      vertex 54.2623 -20.8782 0
    endloop
  endfacet
  facet normal 0 0 -1
    outer loop
      vertex 62.0377 -20.8782 0
      vertex 54.2623 -20.8782 0
      vertex 61.85 -20.7856 0
    endloop
  endfacet
  facet normal 0 0 -1
    outer loop
      vertex 98.8 -47.13 0
      vertex 53.65 -21 0
      vertex 53.8588 -20.9863 0
    endloop
  endfacet
  facet normal 0 0 -1
    outer loop
      vertex 8.50001 -47.13 0
      vertex 53.65 -21 0
      vertex 98.8 -47.13 0
    endloop
  endfacet
  facet normal -0 0 -1
    outer loop
      vertex 53.65 -21 0
      vertex 8.50001 -47.13 0
      vertex 53.4412 -20.9863 0
    endloop
  endfacet
  facet normal 0 -0 -1
    outer loop
      vertex 44.8588 -20.9863 0
      vertex 53.4412 -20.9863 0
      vertex 8.50001 -47.13 0
    endloop
  endfacet
  facet normal 0 0 -1
    outer loop
      vertex 53.4412 -20.9863 0
      vertex 44.8588 -20.9863 0
      vertex 53.2359 -20.9455 0
    endloop
  endfacet
  facet normal 0 0 -1
    outer loop
      vertex 52.05 -19.4 0
      vertex 46.25 -19.4 0
      vertex 52.05 19.4 0
    endloop
  endfacet
  facet normal 0 0 -1
    outer loop
      vertex 52.0637 -19.6088 0
      vertex 46.25 -19.4 0
      vertex 52.05 -19.4 0
    endloop
  endfacet
  facet normal 0 0 -1
    outer loop
      vertex 46.2363 -19.6088 0
      vertex 52.0637 -19.6088 0
      vertex 52.1045 -19.8141 0
    endloop
  endfacet
  facet normal 0 0 -1
    outer loop
      vertex 46.1955 -19.8141 0
      vertex 52.1045 -19.8141 0
      vertex 52.1718 -20.0123 0
    endloop
  endfacet
  facet normal 0 0 -1
    outer loop
      vertex 46.1282 -20.0123 0
      vertex 52.1718 -20.0123 0
      vertex 52.2644 -20.2 0
    endloop
  endfacet
  facet normal 0 0 -1
    outer loop
      vertex 46.0356 -20.2 0
      vertex 52.2644 -20.2 0
      vertex 52.3806 -20.374 0
    endloop
  endfacet
  facet normal 0 0 -1
    outer loop
      vertex 45.9194 -20.374 0
      vertex 52.3806 -20.374 0
      vertex 52.5186 -20.5314 0
    endloop
  endfacet
  facet normal 0 0 -1
    outer loop
      vertex 45.7814 -20.5314 0
      vertex 52.5186 -20.5314 0
      vertex 52.676 -20.6694 0
    endloop
  endfacet
  facet normal 0 0 -1
    outer loop
      vertex 45.624 -20.6694 0
      vertex 52.676 -20.6694 0
      vertex 52.85 -20.7856 0
    endloop
  endfacet
  facet normal 0 -0 -1
    outer loop
      vertex 45.0641 -20.9455 0
      vertex 53.2359 -20.9455 0
      vertex 44.8588 -20.9863 0
    endloop
  endfacet
  facet normal 0 0 -1
    outer loop
      vertex 52.0637 -19.6088 0
      vertex 46.2363 -19.6088 0
      vertex 46.25 -19.4 0
    endloop
  endfacet
  facet normal 0 0 -1
    outer loop
      vertex 52.1045 -19.8141 0
      vertex 46.1955 -19.8141 0
      vertex 46.2363 -19.6088 0
    endloop
  endfacet
  facet normal 0 0 -1
    outer loop
      vertex 52.1718 -20.0123 0
      vertex 46.1282 -20.0123 0
      vertex 46.1955 -19.8141 0
    endloop
  endfacet
  facet normal 0 0 -1
    outer loop
      vertex 52.2644 -20.2 0
      vertex 46.0356 -20.2 0
      vertex 46.1282 -20.0123 0
    endloop
  endfacet
  facet normal 0 0 -1
    outer loop
      vertex 52.3806 -20.374 0
      vertex 45.9194 -20.374 0
      vertex 46.0356 -20.2 0
    endloop
  endfacet
  facet normal 0 0 -1
    outer loop
      vertex 52.5186 -20.5314 0
      vertex 45.7814 -20.5314 0
      vertex 45.9194 -20.374 0
    endloop
  endfacet
  facet normal 0 0 -1
    outer loop
      vertex 52.676 -20.6694 0
      vertex 45.624 -20.6694 0
      vertex 45.7814 -20.5314 0
    endloop
  endfacet
  facet normal 0 0 -1
    outer loop
      vertex 52.85 -20.7856 0
      vertex 45.45 -20.7856 0
      vertex 45.624 -20.6694 0
    endloop
  endfacet
  facet normal -0 0 -1
    outer loop
      vertex 52.85 -20.7856 0
      vertex 45.2623 -20.8782 0
      vertex 45.45 -20.7856 0
    endloop
  endfacet
  facet normal 0 0 -1
    outer loop
      vertex 53.0377 -20.8782 0
      vertex 45.2623 -20.8782 0
      vertex 52.85 -20.7856 0
    endloop
  endfacet
  facet normal 0 -0 -1
    outer loop
      vertex 45.2623 -20.8782 0
      vertex 53.0377 -20.8782 0
      vertex 45.0641 -20.9455 0
    endloop
  endfacet
  facet normal 0 0 -1
    outer loop
      vertex 53.2359 -20.9455 0
      vertex 45.0641 -20.9455 0
      vertex 53.0377 -20.8782 0
    endloop
  endfacet
  facet normal 0 0 -1
    outer loop
      vertex 44.8588 -20.9863 0
      vertex 8.50001 -47.13 0
      vertex 44.65 -21 0
    endloop
  endfacet
  facet normal -0 0 -1
    outer loop
      vertex 44.65 -21 0
      vertex 8.50001 -47.13 0
      vertex 44.4412 -20.9863 0
    endloop
  endfacet
  facet normal 0 -0 -1
    outer loop
      vertex 35.8588 -20.9863 0
      vertex 44.4412 -20.9863 0
      vertex 8.50001 -47.13 0
    endloop
  endfacet
  facet normal 0 0 -1
    outer loop
      vertex 43.05 -19.4 0
      vertex 37.25 -19.4 0
      vertex 43.05 19.4 0
    endloop
  endfacet
  facet normal 0 0 -1
    outer loop
      vertex 43.0637 -19.6088 0
      vertex 37.25 -19.4 0
      vertex 43.05 -19.4 0
    endloop
  endfacet
  facet normal 0 0 -1
    outer loop
      vertex 37.2363 -19.6088 0
      vertex 43.0637 -19.6088 0
      vertex 43.1045 -19.8141 0
    endloop
  endfacet
  facet normal 0 0 -1
    outer loop
      vertex 37.1955 -19.8141 0
      vertex 43.1045 -19.8141 0
      vertex 43.1718 -20.0123 0
    endloop
  endfacet
  facet normal 0 0 -1
    outer loop
      vertex 37.1282 -20.0123 0
      vertex 43.1718 -20.0123 0
      vertex 43.2644 -20.2 0
    endloop
  endfacet
  facet normal 0 0 -1
    outer loop
      vertex 37.0356 -20.2 0
      vertex 43.2644 -20.2 0
      vertex 43.3806 -20.374 0
    endloop
  endfacet
  facet normal 0 0 -1
    outer loop
      vertex 36.9194 -20.374 0
      vertex 43.3806 -20.374 0
      vertex 43.5186 -20.5314 0
    endloop
  endfacet
  facet normal 0 0 -1
    outer loop
      vertex 36.7814 -20.5314 0
      vertex 43.5186 -20.5314 0
      vertex 43.676 -20.6694 0
    endloop
  endfacet
  facet normal 0 0 -1
    outer loop
      vertex 36.624 -20.6694 0
      vertex 43.676 -20.6694 0
      vertex 43.85 -20.7856 0
    endloop
  endfacet
  facet normal 0 0 -1
    outer loop
      vertex 36.45 -20.7856 0
      vertex 43.85 -20.7856 0
      vertex 44.0377 -20.8782 0
    endloop
  endfacet
  facet normal 0 0 -1
    outer loop
      vertex 44.4412 -20.9863 0
      vertex 35.8588 -20.9863 0
      vertex 44.2359 -20.9455 0
    endloop
  endfacet
  facet normal 0 0 -1
    outer loop
      vertex 43.0637 -19.6088 0
      vertex 37.2363 -19.6088 0
      vertex 37.25 -19.4 0
    endloop
  endfacet
  facet normal 0 0 -1
    outer loop
      vertex 43.1045 -19.8141 0
      vertex 37.1955 -19.8141 0
      vertex 37.2363 -19.6088 0
    endloop
  endfacet
  facet normal 0 0 -1
    outer loop
      vertex 43.1718 -20.0123 0
      vertex 37.1282 -20.0123 0
      vertex 37.1955 -19.8141 0
    endloop
  endfacet
  facet normal 0 0 -1
    outer loop
      vertex 43.2644 -20.2 0
      vertex 37.0356 -20.2 0
      vertex 37.1282 -20.0123 0
    endloop
  endfacet
  facet normal 0 0 -1
    outer loop
      vertex 43.3806 -20.374 0
      vertex 36.9194 -20.374 0
      vertex 37.0356 -20.2 0
    endloop
  endfacet
  facet normal 0 0 -1
    outer loop
      vertex 43.5186 -20.5314 0
      vertex 36.7814 -20.5314 0
      vertex 36.9194 -20.374 0
    endloop
  endfacet
  facet normal 0 0 -1
    outer loop
      vertex 43.676 -20.6694 0
      vertex 36.624 -20.6694 0
      vertex 36.7814 -20.5314 0
    endloop
  endfacet
  facet normal 0 0 -1
    outer loop
      vertex 43.85 -20.7856 0
      vertex 36.45 -20.7856 0
      vertex 36.624 -20.6694 0
    endloop
  endfacet
  facet normal 0 0 -1
    outer loop
      vertex 44.0377 -20.8782 0
      vertex 36.2623 -20.8782 0
      vertex 36.45 -20.7856 0
    endloop
  endfacet
  facet normal 0 -0 -1
    outer loop
      vertex 36.0641 -20.9455 0
      vertex 44.2359 -20.9455 0
      vertex 35.8588 -20.9863 0
    endloop
  endfacet
  facet normal -0 0 -1
    outer loop
      vertex 44.0377 -20.8782 0
      vertex 36.0641 -20.9455 0
      vertex 36.2623 -20.8782 0
    endloop
  endfacet
  facet normal 0 0 -1
    outer loop
      vertex 44.2359 -20.9455 0
      vertex 36.0641 -20.9455 0
      vertex 44.0377 -20.8782 0
    endloop
  endfacet
  facet normal 0 0 -1
    outer loop
      vertex 35.8588 -20.9863 0
      vertex 8.50001 -47.13 0
      vertex 35.65 -21 0
    endloop
  endfacet
  facet normal -0 0 -1
    outer loop
      vertex 35.65 -21 0
      vertex 8.50001 -47.13 0
      vertex 35.4412 -20.9863 0
    endloop
  endfacet
  facet normal 0 -0 -1
    outer loop
      vertex 26.8588 -20.9863 0
      vertex 35.4412 -20.9863 0
      vertex 8.50001 -47.13 0
    endloop
  endfacet
  facet normal 0 0 -1
    outer loop
      vertex 34.05 -19.4 0
      vertex 28.25 -19.4 0
      vertex 34.05 19.4 0
    endloop
  endfacet
  facet normal 0 0 -1
    outer loop
      vertex 34.0637 -19.6088 0
      vertex 28.25 -19.4 0
      vertex 34.05 -19.4 0
    endloop
  endfacet
  facet normal 0 0 -1
    outer loop
      vertex 28.2363 -19.6088 0
      vertex 34.0637 -19.6088 0
      vertex 34.1045 -19.8141 0
    endloop
  endfacet
  facet normal 0 0 -1
    outer loop
      vertex 28.1955 -19.8141 0
      vertex 34.1045 -19.8141 0
      vertex 34.1718 -20.0123 0
    endloop
  endfacet
  facet normal 0 0 -1
    outer loop
      vertex 28.1282 -20.0123 0
      vertex 34.1718 -20.0123 0
      vertex 34.2644 -20.2 0
    endloop
  endfacet
  facet normal 0 0 -1
    outer loop
      vertex 28.0356 -20.2 0
      vertex 34.2644 -20.2 0
      vertex 34.3806 -20.374 0
    endloop
  endfacet
  facet normal 0 0 -1
    outer loop
      vertex 27.9194 -20.374 0
      vertex 34.3806 -20.374 0
      vertex 34.5186 -20.5314 0
    endloop
  endfacet
  facet normal 0 0 -1
    outer loop
      vertex 27.7814 -20.5314 0
      vertex 34.5186 -20.5314 0
      vertex 34.676 -20.6694 0
    endloop
  endfacet
  facet normal 0 0 -1
    outer loop
      vertex 27.624 -20.6694 0
      vertex 34.676 -20.6694 0
      vertex 34.85 -20.7856 0
    endloop
  endfacet
  facet normal 0 0 -1
    outer loop
      vertex 27.45 -20.7856 0
      vertex 34.85 -20.7856 0
      vertex 35.0377 -20.8782 0
    endloop
  endfacet
  facet normal 0 0 -1
    outer loop
      vertex 35.4412 -20.9863 0
      vertex 26.8588 -20.9863 0
      vertex 35.2359 -20.9455 0
    endloop
  endfacet
  facet normal 0 0 -1
    outer loop
      vertex 34.0637 -19.6088 0
      vertex 28.2363 -19.6088 0
      vertex 28.25 -19.4 0
    endloop
  endfacet
  facet normal 0 0 -1
    outer loop
      vertex 34.1045 -19.8141 0
      vertex 28.1955 -19.8141 0
      vertex 28.2363 -19.6088 0
    endloop
  endfacet
  facet normal 0 0 -1
    outer loop
      vertex 34.1718 -20.0123 0
      vertex 28.1282 -20.0123 0
      vertex 28.1955 -19.8141 0
    endloop
  endfacet
  facet normal 0 0 -1
    outer loop
      vertex 34.2644 -20.2 0
      vertex 28.0356 -20.2 0
      vertex 28.1282 -20.0123 0
    endloop
  endfacet
  facet normal 0 0 -1
    outer loop
      vertex 34.3806 -20.374 0
      vertex 27.9194 -20.374 0
      vertex 28.0356 -20.2 0
    endloop
  endfacet
  facet normal 0 0 -1
    outer loop
      vertex 34.5186 -20.5314 0
      vertex 27.7814 -20.5314 0
      vertex 27.9194 -20.374 0
    endloop
  endfacet
  facet normal 0 0 -1
    outer loop
      vertex 34.676 -20.6694 0
      vertex 27.624 -20.6694 0
      vertex 27.7814 -20.5314 0
    endloop
  endfacet
  facet normal 0 0 -1
    outer loop
      vertex 34.85 -20.7856 0
      vertex 27.45 -20.7856 0
      vertex 27.624 -20.6694 0
    endloop
  endfacet
  facet normal 0 0 -1
    outer loop
      vertex 35.2359 -20.9455 0
      vertex 27.0641 -20.9455 0
      vertex 35.0377 -20.8782 0
    endloop
  endfacet
  facet normal 0 0 -1
    outer loop
      vertex 35.0377 -20.8782 0
      vertex 27.2623 -20.8782 0
      vertex 27.45 -20.7856 0
    endloop
  endfacet
  facet normal -0 0 -1
    outer loop
      vertex 35.0377 -20.8782 0
      vertex 27.0641 -20.9455 0
      vertex 27.2623 -20.8782 0
    endloop
  endfacet
  facet normal -0 0 -1
    outer loop
      vertex 35.2359 -20.9455 0
      vertex 26.8588 -20.9863 0
      vertex 27.0641 -20.9455 0
    endloop
  endfacet
  facet normal 0 0 -1
    outer loop
      vertex 26.8588 -20.9863 0
      vertex 8.50001 -47.13 0
      vertex 26.65 -21 0
    endloop
  endfacet
  facet normal -0 0 -1
    outer loop
      vertex 26.65 -21 0
      vertex 8.50001 -47.13 0
      vertex 26.4412 -20.9863 0
    endloop
  endfacet
  facet normal -0 0 -1
    outer loop
      vertex 26.4412 -20.9863 0
      vertex 8.50001 -47.13 0
      vertex 26.2359 -20.9455 0
    endloop
  endfacet
  facet normal 0 0 -1
    outer loop
      vertex 25.05 -19.4 0
      vertex 19.195 9.78 0
      vertex 25.05 19.4 0
    endloop
  endfacet
  facet normal 0 0 -1
    outer loop
      vertex 6.52001 -45.15 0
      vertex 25.05 -19.4 0
      vertex 25.0637 -19.6088 0
    endloop
  endfacet
  facet normal 0 0 -1
    outer loop
      vertex 6.52001 -45.15 0
      vertex 25.0637 -19.6088 0
      vertex 25.1045 -19.8141 0
    endloop
  endfacet
  facet normal -0 0 -1
    outer loop
      vertex 26.2359 -20.9455 0
      vertex 8.50001 -47.13 0
      vertex 26.0377 -20.8782 0
    endloop
  endfacet
  facet normal 0 0 -1
    outer loop
      vertex 8.50001 -47.13 0
      vertex 25.85 -20.7856 0
      vertex 26.0377 -20.8782 0
    endloop
  endfacet
  facet normal 0 0 -1
    outer loop
      vertex 6.52001 -45.15 0
      vertex 25.85 -20.7856 0
      vertex 8.50001 -47.13 0
    endloop
  endfacet
  facet normal -0 0 -1
    outer loop
      vertex 25.85 -20.7856 0
      vertex 6.52001 -45.15 0
      vertex 25.676 -20.6694 0
    endloop
  endfacet
  facet normal -0 0 -1
    outer loop
      vertex 25.676 -20.6694 0
      vertex 6.52001 -45.15 0
      vertex 25.5186 -20.5314 0
    endloop
  endfacet
  facet normal -0 0 -1
    outer loop
      vertex 25.5186 -20.5314 0
      vertex 6.52001 -45.15 0
      vertex 25.3806 -20.374 0
    endloop
  endfacet
  facet normal -0 0 -1
    outer loop
      vertex 25.3806 -20.374 0
      vertex 6.52001 -45.15 0
      vertex 25.2644 -20.2 0
    endloop
  endfacet
  facet normal -0 0 -1
    outer loop
      vertex 25.2644 -20.2 0
      vertex 6.52001 -45.15 0
      vertex 25.1718 -20.0123 0
    endloop
  endfacet
  facet normal -0 0 -1
    outer loop
      vertex 25.1718 -20.0123 0
      vertex 6.52001 -45.15 0
      vertex 25.1045 -19.8141 0
    endloop
  endfacet
  facet normal 0 0 -1
    outer loop
      vertex 6.52001 -45.15 0
      vertex 8.50001 -47.13 0
      vertex 8.24157 -47.1131 0
    endloop
  endfacet
  facet normal 0 0 -1
    outer loop
      vertex 6.52001 -45.15 0
      vertex 8.24157 -47.1131 0
      vertex 7.98754 -47.0625 0
    endloop
  endfacet
  facet normal 0 0 -1
    outer loop
      vertex 6.52001 -45.15 0
      vertex 7.98754 -47.0625 0
      vertex 7.7423 -46.9793 0
    endloop
  endfacet
  facet normal 0 0 -1
    outer loop
      vertex 6.52001 -45.15 0
      vertex 7.7423 -46.9793 0
      vertex 7.51 -46.8647 0
    endloop
  endfacet
  facet normal 0 0 -1
    outer loop
      vertex 6.52001 -45.15 0
      vertex 7.51 -46.8647 0
      vertex 7.29465 -46.7208 0
    endloop
  endfacet
  facet normal 0 0 -1
    outer loop
      vertex 6.52001 -45.15 0
      vertex 7.29465 -46.7208 0
      vertex 7.09994 -46.5501 0
    endloop
  endfacet
  facet normal 0 0 -1
    outer loop
      vertex 6.52001 -45.15 0
      vertex 7.09994 -46.5501 0
      vertex 6.92916 -46.3553 0
    endloop
  endfacet
  facet normal 0 0 -1
    outer loop
      vertex 6.52001 -45.15 0
      vertex 6.92916 -46.3553 0
      vertex 6.78527 -46.14 0
    endloop
  endfacet
  facet normal 0 0 -1
    outer loop
      vertex 6.52001 -45.15 0
      vertex 6.78527 -46.14 0
      vertex 6.67072 -45.9077 0
    endloop
  endfacet
  facet normal 0 0 -1
    outer loop
      vertex 6.52001 -45.15 0
      vertex 6.67072 -45.9077 0
      vertex 6.58747 -45.6625 0
    endloop
  endfacet
  facet normal 0 0 -1
    outer loop
      vertex 6.52001 -45.15 0
      vertex 6.58747 -45.6625 0
      vertex 6.53695 -45.4084 0
    endloop
  endfacet
  facet normal -0 0 -1
    outer loop
      vertex 25.05 -19.4 0
      vertex 6.52001 -45.15 0
      vertex 6.52001 9.78 0
    endloop
  endfacet
  facet normal 0 0 -1
    outer loop
      vertex 25.05 -19.4 0
      vertex 6.52001 9.78 0
      vertex 19.195 9.78 0
    endloop
  endfacet
  facet normal 0 0 -1
    outer loop
      vertex 100.515 46.14 0
      vertex 98.8 47.13 0
      vertex 100.371 46.3553 0
    endloop
  endfacet
  facet normal 0 0 -1
    outer loop
      vertex 100.2 46.5501 0
      vertex 98.8 47.13 0
      vertex 100.005 46.7208 0
    endloop
  endfacet
  facet normal 0 0 -1
    outer loop
      vertex 100.005 46.7208 0
      vertex 98.8 47.13 0
      vertex 99.79 46.8647 0
    endloop
  endfacet
  facet normal 0 0 -1
    outer loop
      vertex 99.5577 46.9793 0
      vertex 98.8 47.13 0
      vertex 99.3125 47.0625 0
    endloop
  endfacet
  facet normal 0 0 -1
    outer loop
      vertex 99.3125 47.0625 0
      vertex 98.8 47.13 0
      vertex 99.0584 47.1131 0
    endloop
  endfacet
  facet normal 0 0 -1
    outer loop
      vertex 99.79 46.8647 0
      vertex 98.8 47.13 0
      vertex 99.5577 46.9793 0
    endloop
  endfacet
  facet normal 0 0 -1
    outer loop
      vertex 100.371 46.3553 0
      vertex 98.8 47.13 0
      vertex 100.2 46.5501 0
    endloop
  endfacet
  facet normal 0 0 -1
    outer loop
      vertex 100.629 45.9077 0
      vertex 98.8 47.13 0
      vertex 100.515 46.14 0
    endloop
  endfacet
  facet normal 0 0 -1
    outer loop
      vertex 100.78 45.15 0
      vertex 98.8 47.13 0
      vertex 100.763 45.4084 0
    endloop
  endfacet
  facet normal 0 0 -1
    outer loop
      vertex 81.2623 20.8782 0
      vertex 98.8 47.13 0
      vertex 81.45 20.7856 0
    endloop
  endfacet
  facet normal 0 0 -1
    outer loop
      vertex 81.0641 20.9455 0
      vertex 98.8 47.13 0
      vertex 81.2623 20.8782 0
    endloop
  endfacet
  facet normal 0 0 -1
    outer loop
      vertex 80.8588 20.9863 0
      vertex 98.8 47.13 0
      vertex 81.0641 20.9455 0
    endloop
  endfacet
  facet normal 0 0 -1
    outer loop
      vertex 80.65 21 0
      vertex 98.8 47.13 0
      vertex 80.8588 20.9863 0
    endloop
  endfacet
  facet normal 0 0 -1
    outer loop
      vertex 80.4412 20.9863 0
      vertex 98.8 47.13 0
      vertex 80.65 21 0
    endloop
  endfacet
  facet normal 0 0 -1
    outer loop
      vertex 71.8588 20.9863 0
      vertex 80.4412 20.9863 0
      vertex 80.2359 20.9455 0
    endloop
  endfacet
  facet normal 0 0 -1
    outer loop
      vertex 72.0641 20.9455 0
      vertex 80.2359 20.9455 0
      vertex 80.0377 20.8782 0
    endloop
  endfacet
  facet normal 0 0 -1
    outer loop
      vertex 72.2623 20.8782 0
      vertex 80.0377 20.8782 0
      vertex 79.85 20.7856 0
    endloop
  endfacet
  facet normal 0 0 -1
    outer loop
      vertex 72.45 20.7856 0
      vertex 79.85 20.7856 0
      vertex 79.676 20.6694 0
    endloop
  endfacet
  facet normal 0 0 -1
    outer loop
      vertex 72.624 20.6694 0
      vertex 79.676 20.6694 0
      vertex 79.5186 20.5314 0
    endloop
  endfacet
  facet normal 0 0 -1
    outer loop
      vertex 72.7814 20.5314 0
      vertex 79.5186 20.5314 0
      vertex 79.3806 20.374 0
    endloop
  endfacet
  facet normal 0 0 -1
    outer loop
      vertex 73.25 19.4 0
      vertex 79.05 19.4 0
      vertex 73.25 -19.4 0
    endloop
  endfacet
  facet normal 0 0 -1
    outer loop
      vertex 79.05 19.4 0
      vertex 73.25 19.4 0
      vertex 79.0637 19.6088 0
    endloop
  endfacet
  facet normal 0 0 -1
    outer loop
      vertex 73.2363 19.6088 0
      vertex 79.0637 19.6088 0
      vertex 73.25 19.4 0
    endloop
  endfacet
  facet normal 0 0 -1
    outer loop
      vertex 79.0637 19.6088 0
      vertex 73.2363 19.6088 0
      vertex 79.1045 19.8141 0
    endloop
  endfacet
  facet normal 0 0 -1
    outer loop
      vertex 73.1955 19.8141 0
      vertex 79.1045 19.8141 0
      vertex 73.2363 19.6088 0
    endloop
  endfacet
  facet normal 0 0 -1
    outer loop
      vertex 79.1045 19.8141 0
      vertex 73.1955 19.8141 0
      vertex 79.1718 20.0123 0
    endloop
  endfacet
  facet normal 0 0 -1
    outer loop
      vertex 73.1282 20.0123 0
      vertex 79.1718 20.0123 0
      vertex 73.1955 19.8141 0
    endloop
  endfacet
  facet normal 0 0 -1
    outer loop
      vertex 79.1718 20.0123 0
      vertex 73.1282 20.0123 0
      vertex 79.2644 20.2 0
    endloop
  endfacet
  facet normal 0 0 -1
    outer loop
      vertex 73.0356 20.2 0
      vertex 79.2644 20.2 0
      vertex 73.1282 20.0123 0
    endloop
  endfacet
  facet normal 0 0 -1
    outer loop
      vertex 79.2644 20.2 0
      vertex 73.0356 20.2 0
      vertex 79.3806 20.374 0
    endloop
  endfacet
  facet normal 0 0 -1
    outer loop
      vertex 72.9194 20.374 0
      vertex 79.3806 20.374 0
      vertex 73.0356 20.2 0
    endloop
  endfacet
  facet normal 0 0 -1
    outer loop
      vertex 72.7814 20.5314 0
      vertex 79.3806 20.374 0
      vertex 72.9194 20.374 0
    endloop
  endfacet
  facet normal 0 0 -1
    outer loop
      vertex 79.5186 20.5314 0
      vertex 72.7814 20.5314 0
      vertex 72.624 20.6694 0
    endloop
  endfacet
  facet normal 0 0 -1
    outer loop
      vertex 79.676 20.6694 0
      vertex 72.624 20.6694 0
      vertex 72.45 20.7856 0
    endloop
  endfacet
  facet normal 0 0 -1
    outer loop
      vertex 79.85 20.7856 0
      vertex 72.45 20.7856 0
      vertex 72.2623 20.8782 0
    endloop
  endfacet
  facet normal 0 0 -1
    outer loop
      vertex 80.0377 20.8782 0
      vertex 72.2623 20.8782 0
      vertex 72.0641 20.9455 0
    endloop
  endfacet
  facet normal 0 0 -1
    outer loop
      vertex 71.8588 20.9863 0
      vertex 80.2359 20.9455 0
      vertex 72.0641 20.9455 0
    endloop
  endfacet
  facet normal 0 0 -1
    outer loop
      vertex 80.4412 20.9863 0
      vertex 71.8588 20.9863 0
      vertex 98.8 47.13 0
    endloop
  endfacet
  facet normal 0 0 -1
    outer loop
      vertex 71.65 21 0
      vertex 98.8 47.13 0
      vertex 71.8588 20.9863 0
    endloop
  endfacet
  facet normal 0 0 -1
    outer loop
      vertex 71.4412 20.9863 0
      vertex 98.8 47.13 0
      vertex 71.65 21 0
    endloop
  endfacet
  facet normal 0 0 -1
    outer loop
      vertex 62.8588 20.9863 0
      vertex 71.4412 20.9863 0
      vertex 71.2359 20.9455 0
    endloop
  endfacet
  facet normal 0 0 -1
    outer loop
      vertex 63.0641 20.9455 0
      vertex 71.2359 20.9455 0
      vertex 71.0377 20.8782 0
    endloop
  endfacet
  facet normal 0 0 -1
    outer loop
      vertex 63.2623 20.8782 0
      vertex 71.0377 20.8782 0
      vertex 70.85 20.7856 0
    endloop
  endfacet
  facet normal 0 0 -1
    outer loop
      vertex 63.45 20.7856 0
      vertex 70.85 20.7856 0
      vertex 70.676 20.6694 0
    endloop
  endfacet
  facet normal 0 0 -1
    outer loop
      vertex 63.624 20.6694 0
      vertex 70.676 20.6694 0
      vertex 70.5186 20.5314 0
    endloop
  endfacet
  facet normal 0 0 -1
    outer loop
      vertex 64.25 19.4 0
      vertex 70.05 19.4 0
      vertex 64.25 -19.4 0
    endloop
  endfacet
  facet normal 0 0 -1
    outer loop
      vertex 70.05 19.4 0
      vertex 64.25 19.4 0
      vertex 70.0637 19.6088 0
    endloop
  endfacet
  facet normal 0 0 -1
    outer loop
      vertex 64.2363 19.6088 0
      vertex 70.0637 19.6088 0
      vertex 64.25 19.4 0
    endloop
  endfacet
  facet normal 0 0 -1
    outer loop
      vertex 70.0637 19.6088 0
      vertex 64.2363 19.6088 0
      vertex 70.1045 19.8141 0
    endloop
  endfacet
  facet normal 0 0 -1
    outer loop
      vertex 64.1955 19.8141 0
      vertex 70.1045 19.8141 0
      vertex 64.2363 19.6088 0
    endloop
  endfacet
  facet normal 0 0 -1
    outer loop
      vertex 70.1045 19.8141 0
      vertex 64.1955 19.8141 0
      vertex 70.1718 20.0123 0
    endloop
  endfacet
  facet normal 0 0 -1
    outer loop
      vertex 64.1282 20.0123 0
      vertex 70.1718 20.0123 0
      vertex 64.1955 19.8141 0
    endloop
  endfacet
  facet normal 0 0 -1
    outer loop
      vertex 70.1718 20.0123 0
      vertex 64.1282 20.0123 0
      vertex 70.2644 20.2 0
    endloop
  endfacet
  facet normal 0 0 -1
    outer loop
      vertex 64.0356 20.2 0
      vertex 70.2644 20.2 0
      vertex 64.1282 20.0123 0
    endloop
  endfacet
  facet normal 0 0 -1
    outer loop
      vertex 70.2644 20.2 0
      vertex 64.0356 20.2 0
      vertex 70.3806 20.374 0
    endloop
  endfacet
  facet normal 0 0 -1
    outer loop
      vertex 63.9194 20.374 0
      vertex 70.3806 20.374 0
      vertex 64.0356 20.2 0
    endloop
  endfacet
  facet normal 0 0 -1
    outer loop
      vertex 70.3806 20.374 0
      vertex 63.9194 20.374 0
      vertex 70.5186 20.5314 0
    endloop
  endfacet
  facet normal 0 0 -1
    outer loop
      vertex 63.7814 20.5314 0
      vertex 70.5186 20.5314 0
      vertex 63.9194 20.374 0
    endloop
  endfacet
  facet normal 0 0 -1
    outer loop
      vertex 63.624 20.6694 0
      vertex 70.5186 20.5314 0
      vertex 63.7814 20.5314 0
    endloop
  endfacet
  facet normal 0 0 -1
    outer loop
      vertex 70.676 20.6694 0
      vertex 63.624 20.6694 0
      vertex 63.45 20.7856 0
    endloop
  endfacet
  facet normal 0 0 -1
    outer loop
      vertex 70.85 20.7856 0
      vertex 63.45 20.7856 0
      vertex 63.2623 20.8782 0
    endloop
  endfacet
  facet normal 0 0 -1
    outer loop
      vertex 71.0377 20.8782 0
      vertex 63.2623 20.8782 0
      vertex 63.0641 20.9455 0
    endloop
  endfacet
  facet normal 0 0 -1
    outer loop
      vertex 71.2359 20.9455 0
      vertex 63.0641 20.9455 0
      vertex 62.8588 20.9863 0
    endloop
  endfacet
  facet normal 0 0 -1
    outer loop
      vertex 71.4412 20.9863 0
      vertex 62.8588 20.9863 0
      vertex 98.8 47.13 0
    endloop
  endfacet
  facet normal 0 0 -1
    outer loop
      vertex 62.65 21 0
      vertex 98.8 47.13 0
      vertex 62.8588 20.9863 0
    endloop
  endfacet
  facet normal 0 0 -1
    outer loop
      vertex 62.4412 20.9863 0
      vertex 98.8 47.13 0
      vertex 62.65 21 0
    endloop
  endfacet
  facet normal 0 0 -1
    outer loop
      vertex 53.8588 20.9863 0
      vertex 62.4412 20.9863 0
      vertex 62.2359 20.9455 0
    endloop
  endfacet
  facet normal 0 0 -1
    outer loop
      vertex 54.0641 20.9455 0
      vertex 62.2359 20.9455 0
      vertex 62.0377 20.8782 0
    endloop
  endfacet
  facet normal 0 0 -1
    outer loop
      vertex 54.2623 20.8782 0
      vertex 62.0377 20.8782 0
      vertex 61.85 20.7856 0
    endloop
  endfacet
  facet normal 0 0 -1
    outer loop
      vertex 54.45 20.7856 0
      vertex 61.85 20.7856 0
      vertex 61.676 20.6694 0
    endloop
  endfacet
  facet normal 0 0 -1
    outer loop
      vertex 55.25 19.4 0
      vertex 61.05 19.4 0
      vertex 55.25 -19.4 0
    endloop
  endfacet
  facet normal 0 0 -1
    outer loop
      vertex 61.05 19.4 0
      vertex 55.25 19.4 0
      vertex 61.0637 19.6088 0
    endloop
  endfacet
  facet normal 0 0 -1
    outer loop
      vertex 55.2363 19.6088 0
      vertex 61.0637 19.6088 0
      vertex 55.25 19.4 0
    endloop
  endfacet
  facet normal 0 0 -1
    outer loop
      vertex 61.0637 19.6088 0
      vertex 55.2363 19.6088 0
      vertex 61.1045 19.8141 0
    endloop
  endfacet
  facet normal 0 0 -1
    outer loop
      vertex 55.1955 19.8141 0
      vertex 61.1045 19.8141 0
      vertex 55.2363 19.6088 0
    endloop
  endfacet
  facet normal 0 0 -1
    outer loop
      vertex 61.1045 19.8141 0
      vertex 55.1955 19.8141 0
      vertex 61.1718 20.0123 0
    endloop
  endfacet
  facet normal 0 0 -1
    outer loop
      vertex 55.1282 20.0123 0
      vertex 61.1718 20.0123 0
      vertex 55.1955 19.8141 0
    endloop
  endfacet
  facet normal 0 0 -1
    outer loop
      vertex 61.1718 20.0123 0
      vertex 55.1282 20.0123 0
      vertex 61.2644 20.2 0
    endloop
  endfacet
  facet normal 0 0 -1
    outer loop
      vertex 55.0356 20.2 0
      vertex 61.2644 20.2 0
      vertex 55.1282 20.0123 0
    endloop
  endfacet
  facet normal 0 0 -1
    outer loop
      vertex 61.2644 20.2 0
      vertex 55.0356 20.2 0
      vertex 61.3806 20.374 0
    endloop
  endfacet
  facet normal 0 0 -1
    outer loop
      vertex 54.9194 20.374 0
      vertex 61.3806 20.374 0
      vertex 55.0356 20.2 0
    endloop
  endfacet
  facet normal 0 0 -1
    outer loop
      vertex 61.3806 20.374 0
      vertex 54.9194 20.374 0
      vertex 61.5186 20.5314 0
    endloop
  endfacet
  facet normal 0 0 -1
    outer loop
      vertex 54.7814 20.5314 0
      vertex 61.5186 20.5314 0
      vertex 54.9194 20.374 0
    endloop
  endfacet
  facet normal 0 0 -1
    outer loop
      vertex 61.5186 20.5314 0
      vertex 54.7814 20.5314 0
      vertex 61.676 20.6694 0
    endloop
  endfacet
  facet normal 0 0 -1
    outer loop
      vertex 54.624 20.6694 0
      vertex 61.676 20.6694 0
      vertex 54.7814 20.5314 0
    endloop
  endfacet
  facet normal 0 0 -1
    outer loop
      vertex 54.45 20.7856 0
      vertex 61.676 20.6694 0
      vertex 54.624 20.6694 0
    endloop
  endfacet
  facet normal 0 0 -1
    outer loop
      vertex 61.85 20.7856 0
      vertex 54.45 20.7856 0
      vertex 54.2623 20.8782 0
    endloop
  endfacet
  facet normal 0 0 -1
    outer loop
      vertex 62.0377 20.8782 0
      vertex 54.2623 20.8782 0
      vertex 54.0641 20.9455 0
    endloop
  endfacet
  facet normal 0 0 -1
    outer loop
      vertex 62.2359 20.9455 0
      vertex 54.0641 20.9455 0
      vertex 53.8588 20.9863 0
    endloop
  endfacet
  facet normal 0 0 -1
    outer loop
      vertex 62.4412 20.9863 0
      vertex 53.8588 20.9863 0
      vertex 98.8 47.13 0
    endloop
  endfacet
  facet normal 0 0 -1
    outer loop
      vertex 53.65 21 0
      vertex 98.8 47.13 0
      vertex 53.8588 20.9863 0
    endloop
  endfacet
  facet normal 0 0 -1
    outer loop
      vertex 19.195 35.17 0
      vertex 53.65 21 0
      vertex 53.4412 20.9863 0
    endloop
  endfacet
  facet normal 0 0 -1
    outer loop
      vertex 44.8588 20.9863 0
      vertex 53.4412 20.9863 0
      vertex 53.2359 20.9455 0
    endloop
  endfacet
  facet normal 0 0 -1
    outer loop
      vertex 45.0641 20.9455 0
      vertex 53.2359 20.9455 0
      vertex 53.0377 20.8782 0
    endloop
  endfacet
  facet normal 0 0 -1
    outer loop
      vertex 45.2623 20.8782 0
      vertex 53.0377 20.8782 0
      vertex 52.85 20.7856 0
    endloop
  endfacet
  facet normal 0 0 -1
    outer loop
      vertex 46.25 19.4 0
      vertex 52.05 19.4 0
      vertex 46.25 -19.4 0
    endloop
  endfacet
  facet normal 0 0 -1
    outer loop
      vertex 52.05 19.4 0
      vertex 46.25 19.4 0
      vertex 52.0637 19.6088 0
    endloop
  endfacet
  facet normal 0 0 -1
    outer loop
      vertex 46.2363 19.6088 0
      vertex 52.0637 19.6088 0
      vertex 46.25 19.4 0
    endloop
  endfacet
  facet normal 0 0 -1
    outer loop
      vertex 52.0637 19.6088 0
      vertex 46.2363 19.6088 0
      vertex 52.1045 19.8141 0
    endloop
  endfacet
  facet normal 0 0 -1
    outer loop
      vertex 46.1955 19.8141 0
      vertex 52.1045 19.8141 0
      vertex 46.2363 19.6088 0
    endloop
  endfacet
  facet normal 0 0 -1
    outer loop
      vertex 52.1045 19.8141 0
      vertex 46.1955 19.8141 0
      vertex 52.1718 20.0123 0
    endloop
  endfacet
  facet normal 0 0 -1
    outer loop
      vertex 46.1282 20.0123 0
      vertex 52.1718 20.0123 0
      vertex 46.1955 19.8141 0
    endloop
  endfacet
  facet normal 0 0 -1
    outer loop
      vertex 52.1718 20.0123 0
      vertex 46.1282 20.0123 0
      vertex 52.2644 20.2 0
    endloop
  endfacet
  facet normal 0 0 -1
    outer loop
      vertex 46.0356 20.2 0
      vertex 52.2644 20.2 0
      vertex 46.1282 20.0123 0
    endloop
  endfacet
  facet normal 0 0 -1
    outer loop
      vertex 52.2644 20.2 0
      vertex 46.0356 20.2 0
      vertex 52.3806 20.374 0
    endloop
  endfacet
  facet normal 0 0 -1
    outer loop
      vertex 45.9194 20.374 0
      vertex 52.3806 20.374 0
      vertex 46.0356 20.2 0
    endloop
  endfacet
  facet normal 0 0 -1
    outer loop
      vertex 52.3806 20.374 0
      vertex 45.9194 20.374 0
      vertex 52.5186 20.5314 0
    endloop
  endfacet
  facet normal 0 0 -1
    outer loop
      vertex 45.7814 20.5314 0
      vertex 52.5186 20.5314 0
      vertex 45.9194 20.374 0
    endloop
  endfacet
  facet normal 0 0 -1
    outer loop
      vertex 52.5186 20.5314 0
      vertex 45.7814 20.5314 0
      vertex 52.676 20.6694 0
    endloop
  endfacet
  facet normal 0 0 -1
    outer loop
      vertex 45.624 20.6694 0
      vertex 52.676 20.6694 0
      vertex 45.7814 20.5314 0
    endloop
  endfacet
  facet normal 0 0 -1
    outer loop
      vertex 52.676 20.6694 0
      vertex 45.624 20.6694 0
      vertex 52.85 20.7856 0
    endloop
  endfacet
  facet normal 0 0 -1
    outer loop
      vertex 45.45 20.7856 0
      vertex 52.85 20.7856 0
      vertex 45.624 20.6694 0
    endloop
  endfacet
  facet normal 0 0 -1
    outer loop
      vertex 45.2623 20.8782 0
      vertex 52.85 20.7856 0
      vertex 45.45 20.7856 0
    endloop
  endfacet
  facet normal 0 0 -1
    outer loop
      vertex 53.0377 20.8782 0
      vertex 45.2623 20.8782 0
      vertex 45.0641 20.9455 0
    endloop
  endfacet
  facet normal 0 0 -1
    outer loop
      vertex 53.2359 20.9455 0
      vertex 45.0641 20.9455 0
      vertex 44.8588 20.9863 0
    endloop
  endfacet
  facet normal 0 0 -1
    outer loop
      vertex 53.4412 20.9863 0
      vertex 44.8588 20.9863 0
      vertex 19.195 35.17 0
    endloop
  endfacet
  facet normal 0 0 -1
    outer loop
      vertex 19.195 35.17 0
      vertex 44.8588 20.9863 0
      vertex 44.65 21 0
    endloop
  endfacet
  facet normal 0 0 -1
    outer loop
      vertex 19.195 35.17 0
      vertex 44.65 21 0
      vertex 44.4412 20.9863 0
    endloop
  endfacet
  facet normal 0 0 -1
    outer loop
      vertex 19.195 35.17 0
      vertex 44.4412 20.9863 0
      vertex 44.2359 20.9455 0
    endloop
  endfacet
  facet normal 0 0 -1
    outer loop
      vertex 36.0641 20.9455 0
      vertex 44.2359 20.9455 0
      vertex 44.0377 20.8782 0
    endloop
  endfacet
  facet normal 0 0 -1
    outer loop
      vertex 37.25 19.4 0
      vertex 43.05 19.4 0
      vertex 37.25 -19.4 0
    endloop
  endfacet
  facet normal 0 0 -1
    outer loop
      vertex 43.05 19.4 0
      vertex 37.25 19.4 0
      vertex 43.0637 19.6088 0
    endloop
  endfacet
  facet normal 0 0 -1
    outer loop
      vertex 37.2363 19.6088 0
      vertex 43.0637 19.6088 0
      vertex 37.25 19.4 0
    endloop
  endfacet
  facet normal 0 0 -1
    outer loop
      vertex 43.0637 19.6088 0
      vertex 37.2363 19.6088 0
      vertex 43.1045 19.8141 0
    endloop
  endfacet
  facet normal 0 0 -1
    outer loop
      vertex 37.1955 19.8141 0
      vertex 43.1045 19.8141 0
      vertex 37.2363 19.6088 0
    endloop
  endfacet
  facet normal 0 0 -1
    outer loop
      vertex 43.1045 19.8141 0
      vertex 37.1955 19.8141 0
      vertex 43.1718 20.0123 0
    endloop
  endfacet
  facet normal 0 0 -1
    outer loop
      vertex 37.1282 20.0123 0
      vertex 43.1718 20.0123 0
      vertex 37.1955 19.8141 0
    endloop
  endfacet
  facet normal 0 0 -1
    outer loop
      vertex 43.1718 20.0123 0
      vertex 37.1282 20.0123 0
      vertex 43.2644 20.2 0
    endloop
  endfacet
  facet normal 0 0 -1
    outer loop
      vertex 37.0356 20.2 0
      vertex 43.2644 20.2 0
      vertex 37.1282 20.0123 0
    endloop
  endfacet
  facet normal 0 0 -1
    outer loop
      vertex 43.2644 20.2 0
      vertex 37.0356 20.2 0
      vertex 43.3806 20.374 0
    endloop
  endfacet
  facet normal 0 0 -1
    outer loop
      vertex 36.9194 20.374 0
      vertex 43.3806 20.374 0
      vertex 37.0356 20.2 0
    endloop
  endfacet
  facet normal 0 0 -1
    outer loop
      vertex 43.3806 20.374 0
      vertex 36.9194 20.374 0
      vertex 43.5186 20.5314 0
    endloop
  endfacet
  facet normal 0 0 -1
    outer loop
      vertex 36.7814 20.5314 0
      vertex 43.5186 20.5314 0
      vertex 36.9194 20.374 0
    endloop
  endfacet
  facet normal 0 0 -1
    outer loop
      vertex 43.5186 20.5314 0
      vertex 36.7814 20.5314 0
      vertex 43.676 20.6694 0
    endloop
  endfacet
  facet normal 0 0 -1
    outer loop
      vertex 36.624 20.6694 0
      vertex 43.676 20.6694 0
      vertex 36.7814 20.5314 0
    endloop
  endfacet
  facet normal 0 0 -1
    outer loop
      vertex 43.676 20.6694 0
      vertex 36.624 20.6694 0
      vertex 43.85 20.7856 0
    endloop
  endfacet
  facet normal 0 0 -1
    outer loop
      vertex 36.45 20.7856 0
      vertex 43.85 20.7856 0
      vertex 36.624 20.6694 0
    endloop
  endfacet
  facet normal 0 0 -1
    outer loop
      vertex 43.85 20.7856 0
      vertex 36.45 20.7856 0
      vertex 44.0377 20.8782 0
    endloop
  endfacet
  facet normal 0 0 -1
    outer loop
      vertex 36.2623 20.8782 0
      vertex 44.0377 20.8782 0
      vertex 36.45 20.7856 0
    endloop
  endfacet
  facet normal 0 0 -1
    outer loop
      vertex 36.0641 20.9455 0
      vertex 44.0377 20.8782 0
      vertex 36.2623 20.8782 0
    endloop
  endfacet
  facet normal 0 0 -1
    outer loop
      vertex 44.2359 20.9455 0
      vertex 36.0641 20.9455 0
      vertex 19.195 35.17 0
    endloop
  endfacet
  facet normal 0 0 -1
    outer loop
      vertex 19.195 35.17 0
      vertex 36.0641 20.9455 0
      vertex 35.8588 20.9863 0
    endloop
  endfacet
  facet normal 0 0 -1
    outer loop
      vertex 19.195 35.17 0
      vertex 35.8588 20.9863 0
      vertex 35.65 21 0
    endloop
  endfacet
  facet normal 0 0 -1
    outer loop
      vertex 19.195 35.17 0
      vertex 35.65 21 0
      vertex 35.4412 20.9863 0
    endloop
  endfacet
  facet normal 0 0 -1
    outer loop
      vertex 19.195 35.17 0
      vertex 35.4412 20.9863 0
      vertex 35.2359 20.9455 0
    endloop
  endfacet
  facet normal 0 0 -1
    outer loop
      vertex 19.195 35.17 0
      vertex 35.2359 20.9455 0
      vertex 35.0377 20.8782 0
    endloop
  endfacet
  facet normal 0 0 -1
    outer loop
      vertex 28.25 19.4 0
      vertex 34.05 19.4 0
      vertex 28.25 -19.4 0
    endloop
  endfacet
  facet normal 0 0 -1
    outer loop
      vertex 34.05 19.4 0
      vertex 28.25 19.4 0
      vertex 34.0637 19.6088 0
    endloop
  endfacet
  facet normal 0 0 -1
    outer loop
      vertex 28.2363 19.6088 0
      vertex 34.0637 19.6088 0
      vertex 28.25 19.4 0
    endloop
  endfacet
  facet normal 0 0 -1
    outer loop
      vertex 34.0637 19.6088 0
      vertex 28.2363 19.6088 0
      vertex 34.1045 19.8141 0
    endloop
  endfacet
  facet normal 0 0 -1
    outer loop
      vertex 28.1955 19.8141 0
      vertex 34.1045 19.8141 0
      vertex 28.2363 19.6088 0
    endloop
  endfacet
  facet normal 0 0 -1
    outer loop
      vertex 34.1045 19.8141 0
      vertex 28.1955 19.8141 0
      vertex 34.1718 20.0123 0
    endloop
  endfacet
  facet normal 0 0 -1
    outer loop
      vertex 28.1282 20.0123 0
      vertex 34.1718 20.0123 0
      vertex 28.1955 19.8141 0
    endloop
  endfacet
  facet normal 0 0 -1
    outer loop
      vertex 34.1718 20.0123 0
      vertex 28.1282 20.0123 0
      vertex 34.2644 20.2 0
    endloop
  endfacet
  facet normal 0 0 -1
    outer loop
      vertex 28.0356 20.2 0
      vertex 34.2644 20.2 0
      vertex 28.1282 20.0123 0
    endloop
  endfacet
  facet normal 0 0 -1
    outer loop
      vertex 34.2644 20.2 0
      vertex 28.0356 20.2 0
      vertex 34.3806 20.374 0
    endloop
  endfacet
  facet normal 0 0 -1
    outer loop
      vertex 27.9194 20.374 0
      vertex 34.3806 20.374 0
      vertex 28.0356 20.2 0
    endloop
  endfacet
  facet normal 0 0 -1
    outer loop
      vertex 34.3806 20.374 0
      vertex 27.9194 20.374 0
      vertex 34.5186 20.5314 0
    endloop
  endfacet
  facet normal 0 0 -1
    outer loop
      vertex 27.7814 20.5314 0
      vertex 34.5186 20.5314 0
      vertex 27.9194 20.374 0
    endloop
  endfacet
  facet normal 0 0 -1
    outer loop
      vertex 34.5186 20.5314 0
      vertex 27.7814 20.5314 0
      vertex 34.676 20.6694 0
    endloop
  endfacet
  facet normal 0 0 -1
    outer loop
      vertex 27.624 20.6694 0
      vertex 34.676 20.6694 0
      vertex 27.7814 20.5314 0
    endloop
  endfacet
  facet normal 0 0 -1
    outer loop
      vertex 34.676 20.6694 0
      vertex 27.624 20.6694 0
      vertex 34.85 20.7856 0
    endloop
  endfacet
  facet normal 0 0 -1
    outer loop
      vertex 27.45 20.7856 0
      vertex 34.85 20.7856 0
      vertex 27.624 20.6694 0
    endloop
  endfacet
  facet normal 0 0 -1
    outer loop
      vertex 34.85 20.7856 0
      vertex 27.45 20.7856 0
      vertex 35.0377 20.8782 0
    endloop
  endfacet
  facet normal 0 0 -1
    outer loop
      vertex 27.2623 20.8782 0
      vertex 35.0377 20.8782 0
      vertex 27.45 20.7856 0
    endloop
  endfacet
  facet normal 0 0 -1
    outer loop
      vertex 35.0377 20.8782 0
      vertex 27.2623 20.8782 0
      vertex 19.195 35.17 0
    endloop
  endfacet
  facet normal 0 0 -1
    outer loop
      vertex 19.195 35.17 0
      vertex 27.2623 20.8782 0
      vertex 27.0641 20.9455 0
    endloop
  endfacet
  facet normal 0 0 -1
    outer loop
      vertex 19.195 35.17 0
      vertex 27.0641 20.9455 0
      vertex 26.8588 20.9863 0
    endloop
  endfacet
  facet normal 0 0 -1
    outer loop
      vertex 19.195 35.17 0
      vertex 26.8588 20.9863 0
      vertex 26.65 21 0
    endloop
  endfacet
  facet normal 0 0 -1
    outer loop
      vertex 19.195 35.17 0
      vertex 26.65 21 0
      vertex 26.4412 20.9863 0
    endloop
  endfacet
  facet normal 0 0 -1
    outer loop
      vertex 19.195 24.17 0
      vertex 26.4412 20.9863 0
      vertex 26.2359 20.9455 0
    endloop
  endfacet
  facet normal 0 0 -1
    outer loop
      vertex 19.195 24.17 0
      vertex 26.2359 20.9455 0
      vertex 26.0377 20.8782 0
    endloop
  endfacet
  facet normal 0 0 -1
    outer loop
      vertex 19.195 20.78 0
      vertex 25.05 19.4 0
      vertex 19.195 9.78 0
    endloop
  endfacet
  facet normal 0 0 -1
    outer loop
      vertex 25.05 19.4 0
      vertex 19.195 20.78 0
      vertex 25.0637 19.6088 0
    endloop
  endfacet
  facet normal 0 0 -1
    outer loop
      vertex 25.0637 19.6088 0
      vertex 19.195 20.78 0
      vertex 25.1045 19.8141 0
    endloop
  endfacet
  facet normal 0 0 -1
    outer loop
      vertex 25.1045 19.8141 0
      vertex 19.195 20.78 0
      vertex 25.1718 20.0123 0
    endloop
  endfacet
  facet normal 0 0 -1
    outer loop
      vertex 25.1718 20.0123 0
      vertex 19.195 20.78 0
      vertex 25.2644 20.2 0
    endloop
  endfacet
  facet normal 0 0 -1
    outer loop
      vertex 19.195 20.78 0
      vertex 25.3806 20.374 0
      vertex 25.2644 20.2 0
    endloop
  endfacet
  facet normal 0 0 -1
    outer loop
      vertex 19.195 24.17 0
      vertex 25.3806 20.374 0
      vertex 19.195 20.78 0
    endloop
  endfacet
  facet normal 0 0 -1
    outer loop
      vertex 25.3806 20.374 0
      vertex 19.195 24.17 0
      vertex 25.5186 20.5314 0
    endloop
  endfacet
  facet normal 0 0 -1
    outer loop
      vertex 25.5186 20.5314 0
      vertex 19.195 24.17 0
      vertex 25.676 20.6694 0
    endloop
  endfacet
  facet normal 0 0 -1
    outer loop
      vertex 25.676 20.6694 0
      vertex 19.195 24.17 0
      vertex 25.85 20.7856 0
    endloop
  endfacet
  facet normal 0 0 -1
    outer loop
      vertex 25.85 20.7856 0
      vertex 19.195 24.17 0
      vertex 26.0377 20.8782 0
    endloop
  endfacet
  facet normal 0 0 -1
    outer loop
      vertex 26.4412 20.9863 0
      vertex 19.195 24.17 0
      vertex 19.195 35.17 0
    endloop
  endfacet
  facet normal 0 0 -1
    outer loop
      vertex 53.65 21 0
      vertex 19.195 35.17 0
      vertex 98.8 47.13 0
    endloop
  endfacet
  facet normal 0 0 -1
    outer loop
      vertex 19.195 35.17 0
      vertex 8.50001 47.13 0
      vertex 98.8 47.13 0
    endloop
  endfacet
  facet normal 0 0 -1
    outer loop
      vertex 6.52001 45.15 0
      vertex 8.50001 47.13 0
      vertex 19.195 35.17 0
    endloop
  endfacet
  facet normal 0 0 -1
    outer loop
      vertex 8.50001 47.13 0
      vertex 6.52001 45.15 0
      vertex 8.24157 47.1131 0
    endloop
  endfacet
  facet normal 0 0 -1
    outer loop
      vertex 8.24157 47.1131 0
      vertex 6.52001 45.15 0
      vertex 7.98754 47.0625 0
    endloop
  endfacet
  facet normal 0 0 -1
    outer loop
      vertex 7.98754 47.0625 0
      vertex 6.52001 45.15 0
      vertex 7.7423 46.9793 0
    endloop
  endfacet
  facet normal 0 0 -1
    outer loop
      vertex 7.7423 46.9793 0
      vertex 6.52001 45.15 0
      vertex 7.51 46.8647 0
    endloop
  endfacet
  facet normal 0 0 -1
    outer loop
      vertex 7.51 46.8647 0
      vertex 6.52001 45.15 0
      vertex 7.29465 46.7208 0
    endloop
  endfacet
  facet normal 0 0 -1
    outer loop
      vertex 7.29465 46.7208 0
      vertex 6.52001 45.15 0
      vertex 7.09994 46.5501 0
    endloop
  endfacet
  facet normal 0 0 -1
    outer loop
      vertex 7.09994 46.5501 0
      vertex 6.52001 45.15 0
      vertex 6.92916 46.3553 0
    endloop
  endfacet
  facet normal 0 0 -1
    outer loop
      vertex 6.92916 46.3553 0
      vertex 6.52001 45.15 0
      vertex 6.78527 46.14 0
    endloop
  endfacet
  facet normal 0 0 -1
    outer loop
      vertex 6.78527 46.14 0
      vertex 6.52001 45.15 0
      vertex 6.67072 45.9077 0
    endloop
  endfacet
  facet normal 0 0 -1
    outer loop
      vertex 6.67072 45.9077 0
      vertex 6.52001 45.15 0
      vertex 6.58747 45.6625 0
    endloop
  endfacet
  facet normal 0 0 -1
    outer loop
      vertex 6.52001 45.15 0
      vertex 19.195 35.17 0
      vertex 6.52001 35.17 0
    endloop
  endfacet
  facet normal 0 0 -1
    outer loop
      vertex 6.58747 45.6625 0
      vertex 6.52001 45.15 0
      vertex 6.53695 45.4084 0
    endloop
  endfacet
  facet normal -0.194922 0.980819 0
    outer loop
      vertex 27.0641 -20.9455 0
      vertex 26.8588 -20.9863 2.2
      vertex 27.0641 -20.9455 2.2
    endloop
  endfacet
  facet normal -0.194922 0.980819 0
    outer loop
      vertex 26.8588 -20.9863 2.2
      vertex 27.0641 -20.9455 0
      vertex 26.8588 -20.9863 0
    endloop
  endfacet
  facet normal -0.321526 0.946901 0
    outer loop
      vertex 27.2623 -20.8782 0
      vertex 27.0641 -20.9455 2.2
      vertex 27.2623 -20.8782 2.2
    endloop
  endfacet
  facet normal -0.321526 0.946901 0
    outer loop
      vertex 27.0641 -20.9455 2.2
      vertex 27.2623 -20.8782 0
      vertex 27.0641 -20.9455 0
    endloop
  endfacet
  facet normal -0.0654722 0.997854 0
    outer loop
      vertex 26.8588 -20.9863 0
      vertex 26.65 -21 2.2
      vertex 26.8588 -20.9863 2.2
    endloop
  endfacet
  facet normal -0.0654722 0.997854 0
    outer loop
      vertex 26.65 -21 2.2
      vertex 26.8588 -20.9863 0
      vertex 26.65 -21 0
    endloop
  endfacet
  facet normal 0.997854 0.0654722 0
    outer loop
      vertex 25.0637 -19.6088 2.2
      vertex 25.05 -19.4 0
      vertex 25.05 -19.4 2.2
    endloop
  endfacet
  facet normal 0.997854 0.0654722 0
    outer loop
      vertex 25.05 -19.4 0
      vertex 25.0637 -19.6088 2.2
      vertex 25.0637 -19.6088 0
    endloop
  endfacet
  facet normal -1 0 0
    outer loop
      vertex 28.25 -19.4 0
      vertex 28.25 19.4 2.2
      vertex 28.25 19.4 0
    endloop
  endfacet
  facet normal -1 -0 0
    outer loop
      vertex 28.25 19.4 2.2
      vertex 28.25 -19.4 0
      vertex 28.25 -19.4 2.2
    endloop
  endfacet
  facet normal 0.555362 0.831609 -0
    outer loop
      vertex 25.85 -20.7856 0
      vertex 25.676 -20.6694 2.2
      vertex 25.85 -20.7856 2.2
    endloop
  endfacet
  facet normal 0.555362 0.831609 0
    outer loop
      vertex 25.676 -20.6694 2.2
      vertex 25.85 -20.7856 0
      vertex 25.676 -20.6694 0
    endloop
  endfacet
  facet normal 1 -0 0
    outer loop
      vertex 25.05 -19.4 2.2
      vertex 25.05 19.4 0
      vertex 25.05 19.4 2.2
    endloop
  endfacet
  facet normal 1 0 0
    outer loop
      vertex 25.05 19.4 0
      vertex 25.05 -19.4 2.2
      vertex 25.05 -19.4 0
    endloop
  endfacet
  facet normal -0.321526 -0.946901 0
    outer loop
      vertex 27.0641 20.9455 0
      vertex 27.2623 20.8782 2.2
      vertex 27.0641 20.9455 2.2
    endloop
  endfacet
  facet normal -0.321526 -0.946901 -0
    outer loop
      vertex 27.2623 20.8782 2.2
      vertex 27.0641 20.9455 0
      vertex 27.2623 20.8782 0
    endloop
  endfacet
  facet normal 0.831609 0.555362 0
    outer loop
      vertex 25.3806 -20.374 2.2
      vertex 25.2644 -20.2 0
      vertex 25.2644 -20.2 2.2
    endloop
  endfacet
  facet normal 0.831609 0.555362 0
    outer loop
      vertex 25.2644 -20.2 0
      vertex 25.3806 -20.374 2.2
      vertex 25.3806 -20.374 0
    endloop
  endfacet
  facet normal 0.321526 -0.946901 0
    outer loop
      vertex 26.0377 20.8782 0
      vertex 26.2359 20.9455 2.2
      vertex 26.0377 20.8782 2.2
    endloop
  endfacet
  facet normal 0.321526 -0.946901 0
    outer loop
      vertex 26.2359 20.9455 2.2
      vertex 26.0377 20.8782 0
      vertex 26.2359 20.9455 0
    endloop
  endfacet
  facet normal -0.442429 -0.896803 0
    outer loop
      vertex 27.2623 20.8782 0
      vertex 27.45 20.7856 2.2
      vertex 27.2623 20.8782 2.2
    endloop
  endfacet
  facet normal -0.442429 -0.896803 -0
    outer loop
      vertex 27.45 20.7856 2.2
      vertex 27.2623 20.8782 0
      vertex 27.45 20.7856 0
    endloop
  endfacet
  facet normal -0.997854 0.0654722 0
    outer loop
      vertex 28.2363 -19.6088 0
      vertex 28.25 -19.4 2.2
      vertex 28.25 -19.4 0
    endloop
  endfacet
  facet normal -0.997854 0.0654722 0
    outer loop
      vertex 28.25 -19.4 2.2
      vertex 28.2363 -19.6088 0
      vertex 28.2363 -19.6088 2.2
    endloop
  endfacet
  facet normal 0.321526 0.946901 -0
    outer loop
      vertex 26.2359 -20.9455 0
      vertex 26.0377 -20.8782 2.2
      vertex 26.2359 -20.9455 2.2
    endloop
  endfacet
  facet normal 0.321526 0.946901 0
    outer loop
      vertex 26.0377 -20.8782 2.2
      vertex 26.2359 -20.9455 0
      vertex 26.0377 -20.8782 0
    endloop
  endfacet
  facet normal 0.442429 0.896803 -0
    outer loop
      vertex 26.0377 -20.8782 0
      vertex 25.85 -20.7856 2.2
      vertex 26.0377 -20.8782 2.2
    endloop
  endfacet
  facet normal 0.442429 0.896803 0
    outer loop
      vertex 25.85 -20.7856 2.2
      vertex 26.0377 -20.8782 0
      vertex 25.85 -20.7856 0
    endloop
  endfacet
  facet normal 0.946901 0.321526 0
    outer loop
      vertex 25.1718 -20.0123 2.2
      vertex 25.1045 -19.8141 0
      vertex 25.1045 -19.8141 2.2
    endloop
  endfacet
  facet normal 0.946901 0.321526 0
    outer loop
      vertex 25.1045 -19.8141 0
      vertex 25.1718 -20.0123 2.2
      vertex 25.1718 -20.0123 0
    endloop
  endfacet
  facet normal 0.751925 0.659248 0
    outer loop
      vertex 25.5186 -20.5314 2.2
      vertex 25.3806 -20.374 0
      vertex 25.3806 -20.374 2.2
    endloop
  endfacet
  facet normal 0.751925 0.659248 0
    outer loop
      vertex 25.3806 -20.374 0
      vertex 25.5186 -20.5314 2.2
      vertex 25.5186 -20.5314 0
    endloop
  endfacet
  facet normal 0.659248 -0.751925 0
    outer loop
      vertex 25.5186 20.5314 0
      vertex 25.676 20.6694 2.2
      vertex 25.5186 20.5314 2.2
    endloop
  endfacet
  facet normal 0.659248 -0.751925 0
    outer loop
      vertex 25.676 20.6694 2.2
      vertex 25.5186 20.5314 0
      vertex 25.676 20.6694 0
    endloop
  endfacet
  facet normal 0.997854 -0.0654722 0
    outer loop
      vertex 25.05 19.4 2.2
      vertex 25.0637 19.6088 0
      vertex 25.0637 19.6088 2.2
    endloop
  endfacet
  facet normal 0.997854 -0.0654722 0
    outer loop
      vertex 25.0637 19.6088 0
      vertex 25.05 19.4 2.2
      vertex 25.05 19.4 0
    endloop
  endfacet
  facet normal 0.980819 -0.194922 0
    outer loop
      vertex 25.0637 19.6088 2.2
      vertex 25.1045 19.8141 0
      vertex 25.1045 19.8141 2.2
    endloop
  endfacet
  facet normal 0.980819 -0.194922 0
    outer loop
      vertex 25.1045 19.8141 0
      vertex 25.0637 19.6088 2.2
      vertex 25.0637 19.6088 0
    endloop
  endfacet
  facet normal 0.946901 -0.321526 0
    outer loop
      vertex 25.1045 19.8141 2.2
      vertex 25.1718 20.0123 0
      vertex 25.1718 20.0123 2.2
    endloop
  endfacet
  facet normal 0.946901 -0.321526 0
    outer loop
      vertex 25.1718 20.0123 0
      vertex 25.1045 19.8141 2.2
      vertex 25.1045 19.8141 0
    endloop
  endfacet
  facet normal 0.751925 -0.659248 0
    outer loop
      vertex 25.3806 20.374 2.2
      vertex 25.5186 20.5314 0
      vertex 25.5186 20.5314 2.2
    endloop
  endfacet
  facet normal 0.751925 -0.659248 0
    outer loop
      vertex 25.5186 20.5314 0
      vertex 25.3806 20.374 2.2
      vertex 25.3806 20.374 0
    endloop
  endfacet
  facet normal 0.194922 -0.980819 0
    outer loop
      vertex 26.2359 20.9455 0
      vertex 26.4412 20.9863 2.2
      vertex 26.2359 20.9455 2.2
    endloop
  endfacet
  facet normal 0.194922 -0.980819 0
    outer loop
      vertex 26.4412 20.9863 2.2
      vertex 26.2359 20.9455 0
      vertex 26.4412 20.9863 0
    endloop
  endfacet
  facet normal -0.194922 -0.980819 0
    outer loop
      vertex 26.8588 20.9863 0
      vertex 27.0641 20.9455 2.2
      vertex 26.8588 20.9863 2.2
    endloop
  endfacet
  facet normal -0.194922 -0.980819 -0
    outer loop
      vertex 27.0641 20.9455 2.2
      vertex 26.8588 20.9863 0
      vertex 27.0641 20.9455 0
    endloop
  endfacet
  facet normal -0.831609 -0.555362 0
    outer loop
      vertex 28.0356 20.2 0
      vertex 27.9194 20.374 2.2
      vertex 27.9194 20.374 0
    endloop
  endfacet
  facet normal -0.831609 -0.555362 0
    outer loop
      vertex 27.9194 20.374 2.2
      vertex 28.0356 20.2 0
      vertex 28.0356 20.2 2.2
    endloop
  endfacet
  facet normal -0.896803 -0.442429 0
    outer loop
      vertex 28.1282 20.0123 0
      vertex 28.0356 20.2 2.2
      vertex 28.0356 20.2 0
    endloop
  endfacet
  facet normal -0.896803 -0.442429 0
    outer loop
      vertex 28.0356 20.2 2.2
      vertex 28.1282 20.0123 0
      vertex 28.1282 20.0123 2.2
    endloop
  endfacet
  facet normal -0.980819 0.194922 0
    outer loop
      vertex 28.1955 -19.8141 0
      vertex 28.2363 -19.6088 2.2
      vertex 28.2363 -19.6088 0
    endloop
  endfacet
  facet normal -0.980819 0.194922 0
    outer loop
      vertex 28.2363 -19.6088 2.2
      vertex 28.1955 -19.8141 0
      vertex 28.1955 -19.8141 2.2
    endloop
  endfacet
  facet normal -0.751925 0.659248 0
    outer loop
      vertex 27.7814 -20.5314 0
      vertex 27.9194 -20.374 2.2
      vertex 27.9194 -20.374 0
    endloop
  endfacet
  facet normal -0.751925 0.659248 0
    outer loop
      vertex 27.9194 -20.374 2.2
      vertex 27.7814 -20.5314 0
      vertex 27.7814 -20.5314 2.2
    endloop
  endfacet
  facet normal -0.442429 0.896803 0
    outer loop
      vertex 27.45 -20.7856 0
      vertex 27.2623 -20.8782 2.2
      vertex 27.45 -20.7856 2.2
    endloop
  endfacet
  facet normal -0.442429 0.896803 0
    outer loop
      vertex 27.2623 -20.8782 2.2
      vertex 27.45 -20.7856 0
      vertex 27.2623 -20.8782 0
    endloop
  endfacet
  facet normal 0.0654722 0.997854 -0
    outer loop
      vertex 26.65 -21 0
      vertex 26.4412 -20.9863 2.2
      vertex 26.65 -21 2.2
    endloop
  endfacet
  facet normal 0.0654722 0.997854 0
    outer loop
      vertex 26.4412 -20.9863 2.2
      vertex 26.65 -21 0
      vertex 26.4412 -20.9863 0
    endloop
  endfacet
  facet normal 0.194922 0.980819 -0
    outer loop
      vertex 26.4412 -20.9863 0
      vertex 26.2359 -20.9455 2.2
      vertex 26.4412 -20.9863 2.2
    endloop
  endfacet
  facet normal 0.194922 0.980819 0
    outer loop
      vertex 26.2359 -20.9455 2.2
      vertex 26.4412 -20.9863 0
      vertex 26.2359 -20.9455 0
    endloop
  endfacet
  facet normal 0.980819 0.194922 0
    outer loop
      vertex 25.1045 -19.8141 2.2
      vertex 25.0637 -19.6088 0
      vertex 25.0637 -19.6088 2.2
    endloop
  endfacet
  facet normal 0.980819 0.194922 0
    outer loop
      vertex 25.0637 -19.6088 0
      vertex 25.1045 -19.8141 2.2
      vertex 25.1045 -19.8141 0
    endloop
  endfacet
  facet normal 0.896803 0.442429 0
    outer loop
      vertex 25.2644 -20.2 2.2
      vertex 25.1718 -20.0123 0
      vertex 25.1718 -20.0123 2.2
    endloop
  endfacet
  facet normal 0.896803 0.442429 0
    outer loop
      vertex 25.1718 -20.0123 0
      vertex 25.2644 -20.2 2.2
      vertex 25.2644 -20.2 0
    endloop
  endfacet
  facet normal 0.659248 0.751925 -0
    outer loop
      vertex 25.676 -20.6694 0
      vertex 25.5186 -20.5314 2.2
      vertex 25.676 -20.6694 2.2
    endloop
  endfacet
  facet normal 0.659248 0.751925 0
    outer loop
      vertex 25.5186 -20.5314 2.2
      vertex 25.676 -20.6694 0
      vertex 25.5186 -20.5314 0
    endloop
  endfacet
  facet normal 0.831609 -0.555362 0
    outer loop
      vertex 25.2644 20.2 2.2
      vertex 25.3806 20.374 0
      vertex 25.3806 20.374 2.2
    endloop
  endfacet
  facet normal 0.831609 -0.555362 0
    outer loop
      vertex 25.3806 20.374 0
      vertex 25.2644 20.2 2.2
      vertex 25.2644 20.2 0
    endloop
  endfacet
  facet normal 0.555362 -0.831609 0
    outer loop
      vertex 25.676 20.6694 0
      vertex 25.85 20.7856 2.2
      vertex 25.676 20.6694 2.2
    endloop
  endfacet
  facet normal 0.555362 -0.831609 0
    outer loop
      vertex 25.85 20.7856 2.2
      vertex 25.676 20.6694 0
      vertex 25.85 20.7856 0
    endloop
  endfacet
  facet normal -0.659248 -0.751925 0
    outer loop
      vertex 27.624 20.6694 0
      vertex 27.7814 20.5314 2.2
      vertex 27.624 20.6694 2.2
    endloop
  endfacet
  facet normal -0.659248 -0.751925 -0
    outer loop
      vertex 27.7814 20.5314 2.2
      vertex 27.624 20.6694 0
      vertex 27.7814 20.5314 0
    endloop
  endfacet
  facet normal -0.555362 -0.831609 0
    outer loop
      vertex 27.45 20.7856 0
      vertex 27.624 20.6694 2.2
      vertex 27.45 20.7856 2.2
    endloop
  endfacet
  facet normal -0.555362 -0.831609 -0
    outer loop
      vertex 27.624 20.6694 2.2
      vertex 27.45 20.7856 0
      vertex 27.624 20.6694 0
    endloop
  endfacet
  facet normal -0.0654722 -0.997854 0
    outer loop
      vertex 26.65 21 0
      vertex 26.8588 20.9863 2.2
      vertex 26.65 21 2.2
    endloop
  endfacet
  facet normal -0.0654722 -0.997854 -0
    outer loop
      vertex 26.8588 20.9863 2.2
      vertex 26.65 21 0
      vertex 26.8588 20.9863 0
    endloop
  endfacet
  facet normal 0.0654722 -0.997854 0
    outer loop
      vertex 26.4412 20.9863 0
      vertex 26.65 21 2.2
      vertex 26.4412 20.9863 2.2
    endloop
  endfacet
  facet normal 0.0654722 -0.997854 0
    outer loop
      vertex 26.65 21 2.2
      vertex 26.4412 20.9863 0
      vertex 26.65 21 0
    endloop
  endfacet
  facet normal -0.751925 -0.659248 0
    outer loop
      vertex 27.9194 20.374 0
      vertex 27.7814 20.5314 2.2
      vertex 27.7814 20.5314 0
    endloop
  endfacet
  facet normal -0.751925 -0.659248 0
    outer loop
      vertex 27.7814 20.5314 2.2
      vertex 27.9194 20.374 0
      vertex 27.9194 20.374 2.2
    endloop
  endfacet
  facet normal -0.980819 -0.194922 0
    outer loop
      vertex 28.2363 19.6088 0
      vertex 28.1955 19.8141 2.2
      vertex 28.1955 19.8141 0
    endloop
  endfacet
  facet normal -0.980819 -0.194922 0
    outer loop
      vertex 28.1955 19.8141 2.2
      vertex 28.2363 19.6088 0
      vertex 28.2363 19.6088 2.2
    endloop
  endfacet
  facet normal -0.997854 -0.0654722 0
    outer loop
      vertex 28.25 19.4 0
      vertex 28.2363 19.6088 2.2
      vertex 28.2363 19.6088 0
    endloop
  endfacet
  facet normal -0.997854 -0.0654722 0
    outer loop
      vertex 28.2363 19.6088 2.2
      vertex 28.25 19.4 0
      vertex 28.25 19.4 2.2
    endloop
  endfacet
  facet normal 0.896803 -0.442429 0
    outer loop
      vertex 25.1718 20.0123 2.2
      vertex 25.2644 20.2 0
      vertex 25.2644 20.2 2.2
    endloop
  endfacet
  facet normal 0.896803 -0.442429 0
    outer loop
      vertex 25.2644 20.2 0
      vertex 25.1718 20.0123 2.2
      vertex 25.1718 20.0123 0
    endloop
  endfacet
  facet normal 0.442429 -0.896803 0
    outer loop
      vertex 25.85 20.7856 0
      vertex 26.0377 20.8782 2.2
      vertex 25.85 20.7856 2.2
    endloop
  endfacet
  facet normal 0.442429 -0.896803 0
    outer loop
      vertex 26.0377 20.8782 2.2
      vertex 25.85 20.7856 0
      vertex 26.0377 20.8782 0
    endloop
  endfacet
  facet normal -0.946901 -0.321526 0
    outer loop
      vertex 28.1955 19.8141 0
      vertex 28.1282 20.0123 2.2
      vertex 28.1282 20.0123 0
    endloop
  endfacet
  facet normal -0.946901 -0.321526 0
    outer loop
      vertex 28.1282 20.0123 2.2
      vertex 28.1955 19.8141 0
      vertex 28.1955 19.8141 2.2
    endloop
  endfacet
  facet normal -0.831609 0.555362 0
    outer loop
      vertex 27.9194 -20.374 0
      vertex 28.0356 -20.2 2.2
      vertex 28.0356 -20.2 0
    endloop
  endfacet
  facet normal -0.831609 0.555362 0
    outer loop
      vertex 28.0356 -20.2 2.2
      vertex 27.9194 -20.374 0
      vertex 27.9194 -20.374 2.2
    endloop
  endfacet
  facet normal -0.659248 0.751925 0
    outer loop
      vertex 27.7814 -20.5314 0
      vertex 27.624 -20.6694 2.2
      vertex 27.7814 -20.5314 2.2
    endloop
  endfacet
  facet normal -0.659248 0.751925 0
    outer loop
      vertex 27.624 -20.6694 2.2
      vertex 27.7814 -20.5314 0
      vertex 27.624 -20.6694 0
    endloop
  endfacet
  facet normal -0.946901 0.321526 0
    outer loop
      vertex 28.1282 -20.0123 0
      vertex 28.1955 -19.8141 2.2
      vertex 28.1955 -19.8141 0
    endloop
  endfacet
  facet normal -0.946901 0.321526 0
    outer loop
      vertex 28.1955 -19.8141 2.2
      vertex 28.1282 -20.0123 0
      vertex 28.1282 -20.0123 2.2
    endloop
  endfacet
  facet normal -0.896803 0.442429 0
    outer loop
      vertex 28.0356 -20.2 0
      vertex 28.1282 -20.0123 2.2
      vertex 28.1282 -20.0123 0
    endloop
  endfacet
  facet normal -0.896803 0.442429 0
    outer loop
      vertex 28.1282 -20.0123 2.2
      vertex 28.0356 -20.2 0
      vertex 28.0356 -20.2 2.2
    endloop
  endfacet
  facet normal -0.555362 0.831609 0
    outer loop
      vertex 27.624 -20.6694 0
      vertex 27.45 -20.7856 2.2
      vertex 27.624 -20.6694 2.2
    endloop
  endfacet
  facet normal -0.555362 0.831609 0
    outer loop
      vertex 27.45 -20.7856 2.2
      vertex 27.624 -20.6694 0
      vertex 27.45 -20.7856 0
    endloop
  endfacet
  facet normal -0.194922 0.980819 0
    outer loop
      vertex 36.0641 -20.9455 0
      vertex 35.8588 -20.9863 2.2
      vertex 36.0641 -20.9455 2.2
    endloop
  endfacet
  facet normal -0.194922 0.980819 0
    outer loop
      vertex 35.8588 -20.9863 2.2
      vertex 36.0641 -20.9455 0
      vertex 35.8588 -20.9863 0
    endloop
  endfacet
  facet normal -0.321526 0.946901 0
    outer loop
      vertex 36.2623 -20.8782 0
      vertex 36.0641 -20.9455 2.2
      vertex 36.2623 -20.8782 2.2
    endloop
  endfacet
  facet normal -0.321526 0.946901 0
    outer loop
      vertex 36.0641 -20.9455 2.2
      vertex 36.2623 -20.8782 0
      vertex 36.0641 -20.9455 0
    endloop
  endfacet
  facet normal -0.0654722 0.997854 0
    outer loop
      vertex 35.8588 -20.9863 0
      vertex 35.65 -21 2.2
      vertex 35.8588 -20.9863 2.2
    endloop
  endfacet
  facet normal -0.0654722 0.997854 0
    outer loop
      vertex 35.65 -21 2.2
      vertex 35.8588 -20.9863 0
      vertex 35.65 -21 0
    endloop
  endfacet
  facet normal 0.997854 0.0654722 0
    outer loop
      vertex 34.0637 -19.6088 2.2
      vertex 34.05 -19.4 0
      vertex 34.05 -19.4 2.2
    endloop
  endfacet
  facet normal 0.997854 0.0654722 0
    outer loop
      vertex 34.05 -19.4 0
      vertex 34.0637 -19.6088 2.2
      vertex 34.0637 -19.6088 0
    endloop
  endfacet
  facet normal -1 0 0
    outer loop
      vertex 37.25 -19.4 0
      vertex 37.25 19.4 2.2
      vertex 37.25 19.4 0
    endloop
  endfacet
  facet normal -1 -0 0
    outer loop
      vertex 37.25 19.4 2.2
      vertex 37.25 -19.4 0
      vertex 37.25 -19.4 2.2
    endloop
  endfacet
  facet normal 0.555362 0.831609 -0
    outer loop
      vertex 34.85 -20.7856 0
      vertex 34.676 -20.6694 2.2
      vertex 34.85 -20.7856 2.2
    endloop
  endfacet
  facet normal 0.555362 0.831609 0
    outer loop
      vertex 34.676 -20.6694 2.2
      vertex 34.85 -20.7856 0
      vertex 34.676 -20.6694 0
    endloop
  endfacet
  facet normal -0.831609 0.555362 0
    outer loop
      vertex 36.9194 -20.374 0
      vertex 37.0356 -20.2 2.2
      vertex 37.0356 -20.2 0
    endloop
  endfacet
  facet normal -0.831609 0.555362 0
    outer loop
      vertex 37.0356 -20.2 2.2
      vertex 36.9194 -20.374 0
      vertex 36.9194 -20.374 2.2
    endloop
  endfacet
  facet normal 1 -0 0
    outer loop
      vertex 34.05 -19.4 2.2
      vertex 34.05 19.4 0
      vertex 34.05 19.4 2.2
    endloop
  endfacet
  facet normal 1 0 0
    outer loop
      vertex 34.05 19.4 0
      vertex 34.05 -19.4 2.2
      vertex 34.05 -19.4 0
    endloop
  endfacet
  facet normal -0.321526 -0.946901 0
    outer loop
      vertex 36.0641 20.9455 0
      vertex 36.2623 20.8782 2.2
      vertex 36.0641 20.9455 2.2
    endloop
  endfacet
  facet normal -0.321526 -0.946901 -0
    outer loop
      vertex 36.2623 20.8782 2.2
      vertex 36.0641 20.9455 0
      vertex 36.2623 20.8782 0
    endloop
  endfacet
  facet normal -0.659248 0.751925 0
    outer loop
      vertex 36.7814 -20.5314 0
      vertex 36.624 -20.6694 2.2
      vertex 36.7814 -20.5314 2.2
    endloop
  endfacet
  facet normal -0.659248 0.751925 0
    outer loop
      vertex 36.624 -20.6694 2.2
      vertex 36.7814 -20.5314 0
      vertex 36.624 -20.6694 0
    endloop
  endfacet
  facet normal 0.831609 0.555362 0
    outer loop
      vertex 34.3806 -20.374 2.2
      vertex 34.2644 -20.2 0
      vertex 34.2644 -20.2 2.2
    endloop
  endfacet
  facet normal 0.831609 0.555362 0
    outer loop
      vertex 34.2644 -20.2 0
      vertex 34.3806 -20.374 2.2
      vertex 34.3806 -20.374 0
    endloop
  endfacet
  facet normal -0.442429 -0.896803 0
    outer loop
      vertex 36.2623 20.8782 0
      vertex 36.45 20.7856 2.2
      vertex 36.2623 20.8782 2.2
    endloop
  endfacet
  facet normal -0.442429 -0.896803 -0
    outer loop
      vertex 36.45 20.7856 2.2
      vertex 36.2623 20.8782 0
      vertex 36.45 20.7856 0
    endloop
  endfacet
  facet normal -0.659248 -0.751925 0
    outer loop
      vertex 36.624 20.6694 0
      vertex 36.7814 20.5314 2.2
      vertex 36.624 20.6694 2.2
    endloop
  endfacet
  facet normal -0.659248 -0.751925 -0
    outer loop
      vertex 36.7814 20.5314 2.2
      vertex 36.624 20.6694 0
      vertex 36.7814 20.5314 0
    endloop
  endfacet
  facet normal 0.321526 0.946901 -0
    outer loop
      vertex 35.2359 -20.9455 0
      vertex 35.0377 -20.8782 2.2
      vertex 35.2359 -20.9455 2.2
    endloop
  endfacet
  facet normal 0.321526 0.946901 0
    outer loop
      vertex 35.0377 -20.8782 2.2
      vertex 35.2359 -20.9455 0
      vertex 35.0377 -20.8782 0
    endloop
  endfacet
  facet normal 0.442429 0.896803 -0
    outer loop
      vertex 35.0377 -20.8782 0
      vertex 34.85 -20.7856 2.2
      vertex 35.0377 -20.8782 2.2
    endloop
  endfacet
  facet normal 0.442429 0.896803 0
    outer loop
      vertex 34.85 -20.7856 2.2
      vertex 35.0377 -20.8782 0
      vertex 34.85 -20.7856 0
    endloop
  endfacet
  facet normal 0.946901 0.321526 0
    outer loop
      vertex 34.1718 -20.0123 2.2
      vertex 34.1045 -19.8141 0
      vertex 34.1045 -19.8141 2.2
    endloop
  endfacet
  facet normal 0.946901 0.321526 0
    outer loop
      vertex 34.1045 -19.8141 0
      vertex 34.1718 -20.0123 2.2
      vertex 34.1718 -20.0123 0
    endloop
  endfacet
  facet normal 0.997854 -0.0654722 0
    outer loop
      vertex 34.05 19.4 2.2
      vertex 34.0637 19.6088 0
      vertex 34.0637 19.6088 2.2
    endloop
  endfacet
  facet normal 0.997854 -0.0654722 0
    outer loop
      vertex 34.0637 19.6088 0
      vertex 34.05 19.4 2.2
      vertex 34.05 19.4 0
    endloop
  endfacet
  facet normal 0.980819 -0.194922 0
    outer loop
      vertex 34.0637 19.6088 2.2
      vertex 34.1045 19.8141 0
      vertex 34.1045 19.8141 2.2
    endloop
  endfacet
  facet normal 0.980819 -0.194922 0
    outer loop
      vertex 34.1045 19.8141 0
      vertex 34.0637 19.6088 2.2
      vertex 34.0637 19.6088 0
    endloop
  endfacet
  facet normal 0.946901 -0.321526 0
    outer loop
      vertex 34.1045 19.8141 2.2
      vertex 34.1718 20.0123 0
      vertex 34.1718 20.0123 2.2
    endloop
  endfacet
  facet normal 0.946901 -0.321526 0
    outer loop
      vertex 34.1718 20.0123 0
      vertex 34.1045 19.8141 2.2
      vertex 34.1045 19.8141 0
    endloop
  endfacet
  facet normal 0.659248 -0.751925 0
    outer loop
      vertex 34.5186 20.5314 0
      vertex 34.676 20.6694 2.2
      vertex 34.5186 20.5314 2.2
    endloop
  endfacet
  facet normal 0.659248 -0.751925 0
    outer loop
      vertex 34.676 20.6694 2.2
      vertex 34.5186 20.5314 0
      vertex 34.676 20.6694 0
    endloop
  endfacet
  facet normal 0.751925 -0.659248 0
    outer loop
      vertex 34.3806 20.374 2.2
      vertex 34.5186 20.5314 0
      vertex 34.5186 20.5314 2.2
    endloop
  endfacet
  facet normal 0.751925 -0.659248 0
    outer loop
      vertex 34.5186 20.5314 0
      vertex 34.3806 20.374 2.2
      vertex 34.3806 20.374 0
    endloop
  endfacet
  facet normal 0.555362 -0.831609 0
    outer loop
      vertex 34.676 20.6694 0
      vertex 34.85 20.7856 2.2
      vertex 34.676 20.6694 2.2
    endloop
  endfacet
  facet normal 0.555362 -0.831609 0
    outer loop
      vertex 34.85 20.7856 2.2
      vertex 34.676 20.6694 0
      vertex 34.85 20.7856 0
    endloop
  endfacet
  facet normal 0.194922 -0.980819 0
    outer loop
      vertex 35.2359 20.9455 0
      vertex 35.4412 20.9863 2.2
      vertex 35.2359 20.9455 2.2
    endloop
  endfacet
  facet normal 0.194922 -0.980819 0
    outer loop
      vertex 35.4412 20.9863 2.2
      vertex 35.2359 20.9455 0
      vertex 35.4412 20.9863 0
    endloop
  endfacet
  facet normal -0.555362 -0.831609 0
    outer loop
      vertex 36.45 20.7856 0
      vertex 36.624 20.6694 2.2
      vertex 36.45 20.7856 2.2
    endloop
  endfacet
  facet normal -0.555362 -0.831609 -0
    outer loop
      vertex 36.624 20.6694 2.2
      vertex 36.45 20.7856 0
      vertex 36.624 20.6694 0
    endloop
  endfacet
  facet normal -0.194922 -0.980819 0
    outer loop
      vertex 35.8588 20.9863 0
      vertex 36.0641 20.9455 2.2
      vertex 35.8588 20.9863 2.2
    endloop
  endfacet
  facet normal -0.194922 -0.980819 -0
    outer loop
      vertex 36.0641 20.9455 2.2
      vertex 35.8588 20.9863 0
      vertex 36.0641 20.9455 0
    endloop
  endfacet
  facet normal -0.980819 0.194922 0
    outer loop
      vertex 37.1955 -19.8141 0
      vertex 37.2363 -19.6088 2.2
      vertex 37.2363 -19.6088 0
    endloop
  endfacet
  facet normal -0.980819 0.194922 0
    outer loop
      vertex 37.2363 -19.6088 2.2
      vertex 37.1955 -19.8141 0
      vertex 37.1955 -19.8141 2.2
    endloop
  endfacet
  facet normal -0.751925 0.659248 0
    outer loop
      vertex 36.7814 -20.5314 0
      vertex 36.9194 -20.374 2.2
      vertex 36.9194 -20.374 0
    endloop
  endfacet
  facet normal -0.751925 0.659248 0
    outer loop
      vertex 36.9194 -20.374 2.2
      vertex 36.7814 -20.5314 0
      vertex 36.7814 -20.5314 2.2
    endloop
  endfacet
  facet normal 0.0654722 0.997854 -0
    outer loop
      vertex 35.65 -21 0
      vertex 35.4412 -20.9863 2.2
      vertex 35.65 -21 2.2
    endloop
  endfacet
  facet normal 0.0654722 0.997854 0
    outer loop
      vertex 35.4412 -20.9863 2.2
      vertex 35.65 -21 0
      vertex 35.4412 -20.9863 0
    endloop
  endfacet
  facet normal 0.194922 0.980819 -0
    outer loop
      vertex 35.4412 -20.9863 0
      vertex 35.2359 -20.9455 2.2
      vertex 35.4412 -20.9863 2.2
    endloop
  endfacet
  facet normal 0.194922 0.980819 0
    outer loop
      vertex 35.2359 -20.9455 2.2
      vertex 35.4412 -20.9863 0
      vertex 35.2359 -20.9455 0
    endloop
  endfacet
  facet normal 0.896803 0.442429 0
    outer loop
      vertex 34.2644 -20.2 2.2
      vertex 34.1718 -20.0123 0
      vertex 34.1718 -20.0123 2.2
    endloop
  endfacet
  facet normal 0.896803 0.442429 0
    outer loop
      vertex 34.1718 -20.0123 0
      vertex 34.2644 -20.2 2.2
      vertex 34.2644 -20.2 0
    endloop
  endfacet
  facet normal 0.980819 0.194922 0
    outer loop
      vertex 34.1045 -19.8141 2.2
      vertex 34.0637 -19.6088 0
      vertex 34.0637 -19.6088 2.2
    endloop
  endfacet
  facet normal 0.980819 0.194922 0
    outer loop
      vertex 34.0637 -19.6088 0
      vertex 34.1045 -19.8141 2.2
      vertex 34.1045 -19.8141 0
    endloop
  endfacet
  facet normal 0.659248 0.751925 -0
    outer loop
      vertex 34.676 -20.6694 0
      vertex 34.5186 -20.5314 2.2
      vertex 34.676 -20.6694 2.2
    endloop
  endfacet
  facet normal 0.659248 0.751925 0
    outer loop
      vertex 34.5186 -20.5314 2.2
      vertex 34.676 -20.6694 0
      vertex 34.5186 -20.5314 0
    endloop
  endfacet
  facet normal 0.751925 0.659248 0
    outer loop
      vertex 34.5186 -20.5314 2.2
      vertex 34.3806 -20.374 0
      vertex 34.3806 -20.374 2.2
    endloop
  endfacet
  facet normal 0.751925 0.659248 0
    outer loop
      vertex 34.3806 -20.374 0
      vertex 34.5186 -20.5314 2.2
      vertex 34.5186 -20.5314 0
    endloop
  endfacet
  facet normal 0.831609 -0.555362 0
    outer loop
      vertex 34.2644 20.2 2.2
      vertex 34.3806 20.374 0
      vertex 34.3806 20.374 2.2
    endloop
  endfacet
  facet normal 0.831609 -0.555362 0
    outer loop
      vertex 34.3806 20.374 0
      vertex 34.2644 20.2 2.2
      vertex 34.2644 20.2 0
    endloop
  endfacet
  facet normal 0.321526 -0.946901 0
    outer loop
      vertex 35.0377 20.8782 0
      vertex 35.2359 20.9455 2.2
      vertex 35.0377 20.8782 2.2
    endloop
  endfacet
  facet normal 0.321526 -0.946901 0
    outer loop
      vertex 35.2359 20.9455 2.2
      vertex 35.0377 20.8782 0
      vertex 35.2359 20.9455 0
    endloop
  endfacet
  facet normal -0.0654722 -0.997854 0
    outer loop
      vertex 35.65 21 0
      vertex 35.8588 20.9863 2.2
      vertex 35.65 21 2.2
    endloop
  endfacet
  facet normal -0.0654722 -0.997854 -0
    outer loop
      vertex 35.8588 20.9863 2.2
      vertex 35.65 21 0
      vertex 35.8588 20.9863 0
    endloop
  endfacet
  facet normal 0.0654722 -0.997854 0
    outer loop
      vertex 35.4412 20.9863 0
      vertex 35.65 21 2.2
      vertex 35.4412 20.9863 2.2
    endloop
  endfacet
  facet normal 0.0654722 -0.997854 0
    outer loop
      vertex 35.65 21 2.2
      vertex 35.4412 20.9863 0
      vertex 35.65 21 0
    endloop
  endfacet
  facet normal -0.831609 -0.555362 0
    outer loop
      vertex 37.0356 20.2 0
      vertex 36.9194 20.374 2.2
      vertex 36.9194 20.374 0
    endloop
  endfacet
  facet normal -0.831609 -0.555362 0
    outer loop
      vertex 36.9194 20.374 2.2
      vertex 37.0356 20.2 0
      vertex 37.0356 20.2 2.2
    endloop
  endfacet
  facet normal -0.980819 -0.194922 0
    outer loop
      vertex 37.2363 19.6088 0
      vertex 37.1955 19.8141 2.2
      vertex 37.1955 19.8141 0
    endloop
  endfacet
  facet normal -0.980819 -0.194922 0
    outer loop
      vertex 37.1955 19.8141 2.2
      vertex 37.2363 19.6088 0
      vertex 37.2363 19.6088 2.2
    endloop
  endfacet
  facet normal -0.997854 -0.0654722 0
    outer loop
      vertex 37.25 19.4 0
      vertex 37.2363 19.6088 2.2
      vertex 37.2363 19.6088 0
    endloop
  endfacet
  facet normal -0.997854 -0.0654722 0
    outer loop
      vertex 37.2363 19.6088 2.2
      vertex 37.25 19.4 0
      vertex 37.25 19.4 2.2
    endloop
  endfacet
  facet normal -0.896803 -0.442429 0
    outer loop
      vertex 37.1282 20.0123 0
      vertex 37.0356 20.2 2.2
      vertex 37.0356 20.2 0
    endloop
  endfacet
  facet normal -0.896803 -0.442429 0
    outer loop
      vertex 37.0356 20.2 2.2
      vertex 37.1282 20.0123 0
      vertex 37.1282 20.0123 2.2
    endloop
  endfacet
  facet normal -0.997854 0.0654722 0
    outer loop
      vertex 37.2363 -19.6088 0
      vertex 37.25 -19.4 2.2
      vertex 37.25 -19.4 0
    endloop
  endfacet
  facet normal -0.997854 0.0654722 0
    outer loop
      vertex 37.25 -19.4 2.2
      vertex 37.2363 -19.6088 0
      vertex 37.2363 -19.6088 2.2
    endloop
  endfacet
  facet normal 0.896803 -0.442429 0
    outer loop
      vertex 34.1718 20.0123 2.2
      vertex 34.2644 20.2 0
      vertex 34.2644 20.2 2.2
    endloop
  endfacet
  facet normal 0.896803 -0.442429 0
    outer loop
      vertex 34.2644 20.2 0
      vertex 34.1718 20.0123 2.2
      vertex 34.1718 20.0123 0
    endloop
  endfacet
  facet normal 0.442429 -0.896803 0
    outer loop
      vertex 34.85 20.7856 0
      vertex 35.0377 20.8782 2.2
      vertex 34.85 20.7856 2.2
    endloop
  endfacet
  facet normal 0.442429 -0.896803 0
    outer loop
      vertex 35.0377 20.8782 2.2
      vertex 34.85 20.7856 0
      vertex 35.0377 20.8782 0
    endloop
  endfacet
  facet normal -0.751925 -0.659248 0
    outer loop
      vertex 36.9194 20.374 0
      vertex 36.7814 20.5314 2.2
      vertex 36.7814 20.5314 0
    endloop
  endfacet
  facet normal -0.751925 -0.659248 0
    outer loop
      vertex 36.7814 20.5314 2.2
      vertex 36.9194 20.374 0
      vertex 36.9194 20.374 2.2
    endloop
  endfacet
  facet normal -0.946901 -0.321526 0
    outer loop
      vertex 37.1955 19.8141 0
      vertex 37.1282 20.0123 2.2
      vertex 37.1282 20.0123 0
    endloop
  endfacet
  facet normal -0.946901 -0.321526 0
    outer loop
      vertex 37.1282 20.0123 2.2
      vertex 37.1955 19.8141 0
      vertex 37.1955 19.8141 2.2
    endloop
  endfacet
  facet normal -0.946901 0.321526 0
    outer loop
      vertex 37.1282 -20.0123 0
      vertex 37.1955 -19.8141 2.2
      vertex 37.1955 -19.8141 0
    endloop
  endfacet
  facet normal -0.946901 0.321526 0
    outer loop
      vertex 37.1955 -19.8141 2.2
      vertex 37.1282 -20.0123 0
      vertex 37.1282 -20.0123 2.2
    endloop
  endfacet
  facet normal -0.896803 0.442429 0
    outer loop
      vertex 37.0356 -20.2 0
      vertex 37.1282 -20.0123 2.2
      vertex 37.1282 -20.0123 0
    endloop
  endfacet
  facet normal -0.896803 0.442429 0
    outer loop
      vertex 37.1282 -20.0123 2.2
      vertex 37.0356 -20.2 0
      vertex 37.0356 -20.2 2.2
    endloop
  endfacet
  facet normal -0.555362 0.831609 0
    outer loop
      vertex 36.624 -20.6694 0
      vertex 36.45 -20.7856 2.2
      vertex 36.624 -20.6694 2.2
    endloop
  endfacet
  facet normal -0.555362 0.831609 0
    outer loop
      vertex 36.45 -20.7856 2.2
      vertex 36.624 -20.6694 0
      vertex 36.45 -20.7856 0
    endloop
  endfacet
  facet normal -0.442429 0.896803 0
    outer loop
      vertex 36.45 -20.7856 0
      vertex 36.2623 -20.8782 2.2
      vertex 36.45 -20.7856 2.2
    endloop
  endfacet
  facet normal -0.442429 0.896803 0
    outer loop
      vertex 36.2623 -20.8782 2.2
      vertex 36.45 -20.7856 0
      vertex 36.2623 -20.8782 0
    endloop
  endfacet
  facet normal -0.321526 0.946901 0
    outer loop
      vertex 45.2623 -20.8782 0
      vertex 45.0641 -20.9455 2.2
      vertex 45.2623 -20.8782 2.2
    endloop
  endfacet
  facet normal -0.321526 0.946901 0
    outer loop
      vertex 45.0641 -20.9455 2.2
      vertex 45.2623 -20.8782 0
      vertex 45.0641 -20.9455 0
    endloop
  endfacet
  facet normal 0.659248 0.751925 -0
    outer loop
      vertex 43.676 -20.6694 0
      vertex 43.5186 -20.5314 2.2
      vertex 43.676 -20.6694 2.2
    endloop
  endfacet
  facet normal 0.659248 0.751925 0
    outer loop
      vertex 43.5186 -20.5314 2.2
      vertex 43.676 -20.6694 0
      vertex 43.5186 -20.5314 0
    endloop
  endfacet
  facet normal 1 -0 0
    outer loop
      vertex 43.05 -19.4 2.2
      vertex 43.05 19.4 0
      vertex 43.05 19.4 2.2
    endloop
  endfacet
  facet normal 1 0 0
    outer loop
      vertex 43.05 19.4 0
      vertex 43.05 -19.4 2.2
      vertex 43.05 -19.4 0
    endloop
  endfacet
  facet normal -0.321526 -0.946901 0
    outer loop
      vertex 45.0641 20.9455 0
      vertex 45.2623 20.8782 2.2
      vertex 45.0641 20.9455 2.2
    endloop
  endfacet
  facet normal -0.321526 -0.946901 -0
    outer loop
      vertex 45.2623 20.8782 2.2
      vertex 45.0641 20.9455 0
      vertex 45.2623 20.8782 0
    endloop
  endfacet
  facet normal -1 0 0
    outer loop
      vertex 46.25 -19.4 0
      vertex 46.25 19.4 2.2
      vertex 46.25 19.4 0
    endloop
  endfacet
  facet normal -1 -0 0
    outer loop
      vertex 46.25 19.4 2.2
      vertex 46.25 -19.4 0
      vertex 46.25 -19.4 2.2
    endloop
  endfacet
  facet normal 0.194922 0.980819 -0
    outer loop
      vertex 44.4412 -20.9863 0
      vertex 44.2359 -20.9455 2.2
      vertex 44.4412 -20.9863 2.2
    endloop
  endfacet
  facet normal 0.194922 0.980819 0
    outer loop
      vertex 44.2359 -20.9455 2.2
      vertex 44.4412 -20.9863 0
      vertex 44.2359 -20.9455 0
    endloop
  endfacet
  facet normal 0.831609 0.555362 0
    outer loop
      vertex 43.3806 -20.374 2.2
      vertex 43.2644 -20.2 0
      vertex 43.2644 -20.2 2.2
    endloop
  endfacet
  facet normal 0.831609 0.555362 0
    outer loop
      vertex 43.2644 -20.2 0
      vertex 43.3806 -20.374 2.2
      vertex 43.3806 -20.374 0
    endloop
  endfacet
  facet normal 0.0654722 -0.997854 0
    outer loop
      vertex 44.4412 20.9863 0
      vertex 44.65 21 2.2
      vertex 44.4412 20.9863 2.2
    endloop
  endfacet
  facet normal 0.0654722 -0.997854 0
    outer loop
      vertex 44.65 21 2.2
      vertex 44.4412 20.9863 0
      vertex 44.65 21 0
    endloop
  endfacet
  facet normal -0.555362 -0.831609 0
    outer loop
      vertex 45.45 20.7856 0
      vertex 45.624 20.6694 2.2
      vertex 45.45 20.7856 2.2
    endloop
  endfacet
  facet normal -0.555362 -0.831609 -0
    outer loop
      vertex 45.624 20.6694 2.2
      vertex 45.45 20.7856 0
      vertex 45.624 20.6694 0
    endloop
  endfacet
  facet normal -0.194922 0.980819 0
    outer loop
      vertex 45.0641 -20.9455 0
      vertex 44.8588 -20.9863 2.2
      vertex 45.0641 -20.9455 2.2
    endloop
  endfacet
  facet normal -0.194922 0.980819 0
    outer loop
      vertex 44.8588 -20.9863 2.2
      vertex 45.0641 -20.9455 0
      vertex 44.8588 -20.9863 0
    endloop
  endfacet
  facet normal -0.0654722 0.997854 0
    outer loop
      vertex 44.8588 -20.9863 0
      vertex 44.65 -21 2.2
      vertex 44.8588 -20.9863 2.2
    endloop
  endfacet
  facet normal -0.0654722 0.997854 0
    outer loop
      vertex 44.65 -21 2.2
      vertex 44.8588 -20.9863 0
      vertex 44.65 -21 0
    endloop
  endfacet
  facet normal 0.321526 0.946901 -0
    outer loop
      vertex 44.2359 -20.9455 0
      vertex 44.0377 -20.8782 2.2
      vertex 44.2359 -20.9455 2.2
    endloop
  endfacet
  facet normal 0.321526 0.946901 0
    outer loop
      vertex 44.0377 -20.8782 2.2
      vertex 44.2359 -20.9455 0
      vertex 44.0377 -20.8782 0
    endloop
  endfacet
  facet normal 0.555362 0.831609 -0
    outer loop
      vertex 43.85 -20.7856 0
      vertex 43.676 -20.6694 2.2
      vertex 43.85 -20.7856 2.2
    endloop
  endfacet
  facet normal 0.555362 0.831609 0
    outer loop
      vertex 43.676 -20.6694 2.2
      vertex 43.85 -20.7856 0
      vertex 43.676 -20.6694 0
    endloop
  endfacet
  facet normal 0.751925 0.659248 0
    outer loop
      vertex 43.5186 -20.5314 2.2
      vertex 43.3806 -20.374 0
      vertex 43.3806 -20.374 2.2
    endloop
  endfacet
  facet normal 0.751925 0.659248 0
    outer loop
      vertex 43.3806 -20.374 0
      vertex 43.5186 -20.5314 2.2
      vertex 43.5186 -20.5314 0
    endloop
  endfacet
  facet normal 0.997854 0.0654722 0
    outer loop
      vertex 43.0637 -19.6088 2.2
      vertex 43.05 -19.4 0
      vertex 43.05 -19.4 2.2
    endloop
  endfacet
  facet normal 0.997854 0.0654722 0
    outer loop
      vertex 43.05 -19.4 0
      vertex 43.0637 -19.6088 2.2
      vertex 43.0637 -19.6088 0
    endloop
  endfacet
  facet normal 0.896803 0.442429 0
    outer loop
      vertex 43.2644 -20.2 2.2
      vertex 43.1718 -20.0123 0
      vertex 43.1718 -20.0123 2.2
    endloop
  endfacet
  facet normal 0.896803 0.442429 0
    outer loop
      vertex 43.1718 -20.0123 0
      vertex 43.2644 -20.2 2.2
      vertex 43.2644 -20.2 0
    endloop
  endfacet
  facet normal 0.946901 0.321526 0
    outer loop
      vertex 43.1718 -20.0123 2.2
      vertex 43.1045 -19.8141 0
      vertex 43.1045 -19.8141 2.2
    endloop
  endfacet
  facet normal 0.946901 0.321526 0
    outer loop
      vertex 43.1045 -19.8141 0
      vertex 43.1718 -20.0123 2.2
      vertex 43.1718 -20.0123 0
    endloop
  endfacet
  facet normal 0.751925 -0.659248 0
    outer loop
      vertex 43.3806 20.374 2.2
      vertex 43.5186 20.5314 0
      vertex 43.5186 20.5314 2.2
    endloop
  endfacet
  facet normal 0.751925 -0.659248 0
    outer loop
      vertex 43.5186 20.5314 0
      vertex 43.3806 20.374 2.2
      vertex 43.3806 20.374 0
    endloop
  endfacet
  facet normal 0.997854 -0.0654722 0
    outer loop
      vertex 43.05 19.4 2.2
      vertex 43.0637 19.6088 0
      vertex 43.0637 19.6088 2.2
    endloop
  endfacet
  facet normal 0.997854 -0.0654722 0
    outer loop
      vertex 43.0637 19.6088 0
      vertex 43.05 19.4 2.2
      vertex 43.05 19.4 0
    endloop
  endfacet
  facet normal 0.194922 -0.980819 0
    outer loop
      vertex 44.2359 20.9455 0
      vertex 44.4412 20.9863 2.2
      vertex 44.2359 20.9455 2.2
    endloop
  endfacet
  facet normal 0.194922 -0.980819 0
    outer loop
      vertex 44.4412 20.9863 2.2
      vertex 44.2359 20.9455 0
      vertex 44.4412 20.9863 0
    endloop
  endfacet
  facet normal -0.442429 -0.896803 0
    outer loop
      vertex 45.2623 20.8782 0
      vertex 45.45 20.7856 2.2
      vertex 45.2623 20.8782 2.2
    endloop
  endfacet
  facet normal -0.442429 -0.896803 -0
    outer loop
      vertex 45.45 20.7856 2.2
      vertex 45.2623 20.8782 0
      vertex 45.45 20.7856 0
    endloop
  endfacet
  facet normal -0.751925 0.659248 0
    outer loop
      vertex 45.7814 -20.5314 0
      vertex 45.9194 -20.374 2.2
      vertex 45.9194 -20.374 0
    endloop
  endfacet
  facet normal -0.751925 0.659248 0
    outer loop
      vertex 45.9194 -20.374 2.2
      vertex 45.7814 -20.5314 0
      vertex 45.7814 -20.5314 2.2
    endloop
  endfacet
  facet normal -0.659248 -0.751925 0
    outer loop
      vertex 45.624 20.6694 0
      vertex 45.7814 20.5314 2.2
      vertex 45.624 20.6694 2.2
    endloop
  endfacet
  facet normal -0.659248 -0.751925 -0
    outer loop
      vertex 45.7814 20.5314 2.2
      vertex 45.624 20.6694 0
      vertex 45.7814 20.5314 0
    endloop
  endfacet
  facet normal -0.980819 0.194922 0
    outer loop
      vertex 46.1955 -19.8141 0
      vertex 46.2363 -19.6088 2.2
      vertex 46.2363 -19.6088 0
    endloop
  endfacet
  facet normal -0.980819 0.194922 0
    outer loop
      vertex 46.2363 -19.6088 2.2
      vertex 46.1955 -19.8141 0
      vertex 46.1955 -19.8141 2.2
    endloop
  endfacet
  facet normal -0.997854 0.0654722 0
    outer loop
      vertex 46.2363 -19.6088 0
      vertex 46.25 -19.4 2.2
      vertex 46.25 -19.4 0
    endloop
  endfacet
  facet normal -0.997854 0.0654722 0
    outer loop
      vertex 46.25 -19.4 2.2
      vertex 46.2363 -19.6088 0
      vertex 46.2363 -19.6088 2.2
    endloop
  endfacet
  facet normal 0.0654722 0.997854 -0
    outer loop
      vertex 44.65 -21 0
      vertex 44.4412 -20.9863 2.2
      vertex 44.65 -21 2.2
    endloop
  endfacet
  facet normal 0.0654722 0.997854 0
    outer loop
      vertex 44.4412 -20.9863 2.2
      vertex 44.65 -21 0
      vertex 44.4412 -20.9863 0
    endloop
  endfacet
  facet normal 0.442429 0.896803 -0
    outer loop
      vertex 44.0377 -20.8782 0
      vertex 43.85 -20.7856 2.2
      vertex 44.0377 -20.8782 2.2
    endloop
  endfacet
  facet normal 0.442429 0.896803 0
    outer loop
      vertex 43.85 -20.7856 2.2
      vertex 44.0377 -20.8782 0
      vertex 43.85 -20.7856 0
    endloop
  endfacet
  facet normal 0.980819 0.194922 0
    outer loop
      vertex 43.1045 -19.8141 2.2
      vertex 43.0637 -19.6088 0
      vertex 43.0637 -19.6088 2.2
    endloop
  endfacet
  facet normal 0.980819 0.194922 0
    outer loop
      vertex 43.0637 -19.6088 0
      vertex 43.1045 -19.8141 2.2
      vertex 43.1045 -19.8141 0
    endloop
  endfacet
  facet normal 0.555362 -0.831609 0
    outer loop
      vertex 43.676 20.6694 0
      vertex 43.85 20.7856 2.2
      vertex 43.676 20.6694 2.2
    endloop
  endfacet
  facet normal 0.555362 -0.831609 0
    outer loop
      vertex 43.85 20.7856 2.2
      vertex 43.676 20.6694 0
      vertex 43.85 20.7856 0
    endloop
  endfacet
  facet normal 0.321526 -0.946901 0
    outer loop
      vertex 44.0377 20.8782 0
      vertex 44.2359 20.9455 2.2
      vertex 44.0377 20.8782 2.2
    endloop
  endfacet
  facet normal 0.321526 -0.946901 0
    outer loop
      vertex 44.2359 20.9455 2.2
      vertex 44.0377 20.8782 0
      vertex 44.2359 20.9455 0
    endloop
  endfacet
  facet normal 0.659248 -0.751925 0
    outer loop
      vertex 43.5186 20.5314 0
      vertex 43.676 20.6694 2.2
      vertex 43.5186 20.5314 2.2
    endloop
  endfacet
  facet normal 0.659248 -0.751925 0
    outer loop
      vertex 43.676 20.6694 2.2
      vertex 43.5186 20.5314 0
      vertex 43.676 20.6694 0
    endloop
  endfacet
  facet normal 0.946901 -0.321526 0
    outer loop
      vertex 43.1045 19.8141 2.2
      vertex 43.1718 20.0123 0
      vertex 43.1718 20.0123 2.2
    endloop
  endfacet
  facet normal 0.946901 -0.321526 0
    outer loop
      vertex 43.1718 20.0123 0
      vertex 43.1045 19.8141 2.2
      vertex 43.1045 19.8141 0
    endloop
  endfacet
  facet normal 0.831609 -0.555362 0
    outer loop
      vertex 43.2644 20.2 2.2
      vertex 43.3806 20.374 0
      vertex 43.3806 20.374 2.2
    endloop
  endfacet
  facet normal 0.831609 -0.555362 0
    outer loop
      vertex 43.3806 20.374 0
      vertex 43.2644 20.2 2.2
      vertex 43.2644 20.2 0
    endloop
  endfacet
  facet normal 0.980819 -0.194922 0
    outer loop
      vertex 43.0637 19.6088 2.2
      vertex 43.1045 19.8141 0
      vertex 43.1045 19.8141 2.2
    endloop
  endfacet
  facet normal 0.980819 -0.194922 0
    outer loop
      vertex 43.1045 19.8141 0
      vertex 43.0637 19.6088 2.2
      vertex 43.0637 19.6088 0
    endloop
  endfacet
  facet normal -0.0654722 -0.997854 0
    outer loop
      vertex 44.65 21 0
      vertex 44.8588 20.9863 2.2
      vertex 44.65 21 2.2
    endloop
  endfacet
  facet normal -0.0654722 -0.997854 -0
    outer loop
      vertex 44.8588 20.9863 2.2
      vertex 44.65 21 0
      vertex 44.8588 20.9863 0
    endloop
  endfacet
  facet normal -0.194922 -0.980819 0
    outer loop
      vertex 44.8588 20.9863 0
      vertex 45.0641 20.9455 2.2
      vertex 44.8588 20.9863 2.2
    endloop
  endfacet
  facet normal -0.194922 -0.980819 -0
    outer loop
      vertex 45.0641 20.9455 2.2
      vertex 44.8588 20.9863 0
      vertex 45.0641 20.9455 0
    endloop
  endfacet
  facet normal -0.659248 0.751925 0
    outer loop
      vertex 45.7814 -20.5314 0
      vertex 45.624 -20.6694 2.2
      vertex 45.7814 -20.5314 2.2
    endloop
  endfacet
  facet normal -0.659248 0.751925 0
    outer loop
      vertex 45.624 -20.6694 2.2
      vertex 45.7814 -20.5314 0
      vertex 45.624 -20.6694 0
    endloop
  endfacet
  facet normal -0.831609 -0.555362 0
    outer loop
      vertex 46.0356 20.2 0
      vertex 45.9194 20.374 2.2
      vertex 45.9194 20.374 0
    endloop
  endfacet
  facet normal -0.831609 -0.555362 0
    outer loop
      vertex 45.9194 20.374 2.2
      vertex 46.0356 20.2 0
      vertex 46.0356 20.2 2.2
    endloop
  endfacet
  facet normal -0.896803 -0.442429 0
    outer loop
      vertex 46.1282 20.0123 0
      vertex 46.0356 20.2 2.2
      vertex 46.0356 20.2 0
    endloop
  endfacet
  facet normal -0.896803 -0.442429 0
    outer loop
      vertex 46.0356 20.2 2.2
      vertex 46.1282 20.0123 0
      vertex 46.1282 20.0123 2.2
    endloop
  endfacet
  facet normal -0.831609 0.555362 0
    outer loop
      vertex 45.9194 -20.374 0
      vertex 46.0356 -20.2 2.2
      vertex 46.0356 -20.2 0
    endloop
  endfacet
  facet normal -0.831609 0.555362 0
    outer loop
      vertex 46.0356 -20.2 2.2
      vertex 45.9194 -20.374 0
      vertex 45.9194 -20.374 2.2
    endloop
  endfacet
  facet normal 0.442429 -0.896803 0
    outer loop
      vertex 43.85 20.7856 0
      vertex 44.0377 20.8782 2.2
      vertex 43.85 20.7856 2.2
    endloop
  endfacet
  facet normal 0.442429 -0.896803 0
    outer loop
      vertex 44.0377 20.8782 2.2
      vertex 43.85 20.7856 0
      vertex 44.0377 20.8782 0
    endloop
  endfacet
  facet normal 0.896803 -0.442429 0
    outer loop
      vertex 43.1718 20.0123 2.2
      vertex 43.2644 20.2 0
      vertex 43.2644 20.2 2.2
    endloop
  endfacet
  facet normal 0.896803 -0.442429 0
    outer loop
      vertex 43.2644 20.2 0
      vertex 43.1718 20.0123 2.2
      vertex 43.1718 20.0123 0
    endloop
  endfacet
  facet normal -0.555362 0.831609 0
    outer loop
      vertex 45.624 -20.6694 0
      vertex 45.45 -20.7856 2.2
      vertex 45.624 -20.6694 2.2
    endloop
  endfacet
  facet normal -0.555362 0.831609 0
    outer loop
      vertex 45.45 -20.7856 2.2
      vertex 45.624 -20.6694 0
      vertex 45.45 -20.7856 0
    endloop
  endfacet
  facet normal -0.442429 0.896803 0
    outer loop
      vertex 45.45 -20.7856 0
      vertex 45.2623 -20.8782 2.2
      vertex 45.45 -20.7856 2.2
    endloop
  endfacet
  facet normal -0.442429 0.896803 0
    outer loop
      vertex 45.2623 -20.8782 2.2
      vertex 45.45 -20.7856 0
      vertex 45.2623 -20.8782 0
    endloop
  endfacet
  facet normal -0.751925 -0.659248 0
    outer loop
      vertex 45.9194 20.374 0
      vertex 45.7814 20.5314 2.2
      vertex 45.7814 20.5314 0
    endloop
  endfacet
  facet normal -0.751925 -0.659248 0
    outer loop
      vertex 45.7814 20.5314 2.2
      vertex 45.9194 20.374 0
      vertex 45.9194 20.374 2.2
    endloop
  endfacet
  facet normal -0.980819 -0.194922 0
    outer loop
      vertex 46.2363 19.6088 0
      vertex 46.1955 19.8141 2.2
      vertex 46.1955 19.8141 0
    endloop
  endfacet
  facet normal -0.980819 -0.194922 0
    outer loop
      vertex 46.1955 19.8141 2.2
      vertex 46.2363 19.6088 0
      vertex 46.2363 19.6088 2.2
    endloop
  endfacet
  facet normal -0.997854 -0.0654722 0
    outer loop
      vertex 46.25 19.4 0
      vertex 46.2363 19.6088 2.2
      vertex 46.2363 19.6088 0
    endloop
  endfacet
  facet normal -0.997854 -0.0654722 0
    outer loop
      vertex 46.2363 19.6088 2.2
      vertex 46.25 19.4 0
      vertex 46.25 19.4 2.2
    endloop
  endfacet
  facet normal -0.946901 -0.321526 0
    outer loop
      vertex 46.1955 19.8141 0
      vertex 46.1282 20.0123 2.2
      vertex 46.1282 20.0123 0
    endloop
  endfacet
  facet normal -0.946901 -0.321526 0
    outer loop
      vertex 46.1282 20.0123 2.2
      vertex 46.1955 19.8141 0
      vertex 46.1955 19.8141 2.2
    endloop
  endfacet
  facet normal -0.946901 0.321526 0
    outer loop
      vertex 46.1282 -20.0123 0
      vertex 46.1955 -19.8141 2.2
      vertex 46.1955 -19.8141 0
    endloop
  endfacet
  facet normal -0.946901 0.321526 0
    outer loop
      vertex 46.1955 -19.8141 2.2
      vertex 46.1282 -20.0123 0
      vertex 46.1282 -20.0123 2.2
    endloop
  endfacet
  facet normal -0.896803 0.442429 0
    outer loop
      vertex 46.0356 -20.2 0
      vertex 46.1282 -20.0123 2.2
      vertex 46.1282 -20.0123 0
    endloop
  endfacet
  facet normal -0.896803 0.442429 0
    outer loop
      vertex 46.1282 -20.0123 2.2
      vertex 46.0356 -20.2 0
      vertex 46.0356 -20.2 2.2
    endloop
  endfacet
  facet normal -0.194922 0.980819 0
    outer loop
      vertex 54.0641 -20.9455 0
      vertex 53.8588 -20.9863 2.2
      vertex 54.0641 -20.9455 2.2
    endloop
  endfacet
  facet normal -0.194922 0.980819 0
    outer loop
      vertex 53.8588 -20.9863 2.2
      vertex 54.0641 -20.9455 0
      vertex 53.8588 -20.9863 0
    endloop
  endfacet
  facet normal -0.321526 0.946901 0
    outer loop
      vertex 54.2623 -20.8782 0
      vertex 54.0641 -20.9455 2.2
      vertex 54.2623 -20.8782 2.2
    endloop
  endfacet
  facet normal -0.321526 0.946901 0
    outer loop
      vertex 54.0641 -20.9455 2.2
      vertex 54.2623 -20.8782 0
      vertex 54.0641 -20.9455 0
    endloop
  endfacet
  facet normal -0.0654722 0.997854 0
    outer loop
      vertex 53.8588 -20.9863 0
      vertex 53.65 -21 2.2
      vertex 53.8588 -20.9863 2.2
    endloop
  endfacet
  facet normal -0.0654722 0.997854 0
    outer loop
      vertex 53.65 -21 2.2
      vertex 53.8588 -20.9863 0
      vertex 53.65 -21 0
    endloop
  endfacet
  facet normal -1 0 0
    outer loop
      vertex 55.25 -19.4 0
      vertex 55.25 19.4 2.2
      vertex 55.25 19.4 0
    endloop
  endfacet
  facet normal -1 -0 0
    outer loop
      vertex 55.25 19.4 2.2
      vertex 55.25 -19.4 0
      vertex 55.25 -19.4 2.2
    endloop
  endfacet
  facet normal 0.555362 0.831609 -0
    outer loop
      vertex 52.85 -20.7856 0
      vertex 52.676 -20.6694 2.2
      vertex 52.85 -20.7856 2.2
    endloop
  endfacet
  facet normal 0.555362 0.831609 0
    outer loop
      vertex 52.676 -20.6694 2.2
      vertex 52.85 -20.7856 0
      vertex 52.676 -20.6694 0
    endloop
  endfacet
  facet normal 1 -0 0
    outer loop
      vertex 52.05 -19.4 2.2
      vertex 52.05 19.4 0
      vertex 52.05 19.4 2.2
    endloop
  endfacet
  facet normal 1 0 0
    outer loop
      vertex 52.05 19.4 0
      vertex 52.05 -19.4 2.2
      vertex 52.05 -19.4 0
    endloop
  endfacet
  facet normal -0.321526 -0.946901 0
    outer loop
      vertex 54.0641 20.9455 0
      vertex 54.2623 20.8782 2.2
      vertex 54.0641 20.9455 2.2
    endloop
  endfacet
  facet normal -0.321526 -0.946901 -0
    outer loop
      vertex 54.2623 20.8782 2.2
      vertex 54.0641 20.9455 0
      vertex 54.2623 20.8782 0
    endloop
  endfacet
  facet normal -0.659248 0.751925 0
    outer loop
      vertex 54.7814 -20.5314 0
      vertex 54.624 -20.6694 2.2
      vertex 54.7814 -20.5314 2.2
    endloop
  endfacet
  facet normal -0.659248 0.751925 0
    outer loop
      vertex 54.624 -20.6694 2.2
      vertex 54.7814 -20.5314 0
      vertex 54.624 -20.6694 0
    endloop
  endfacet
  facet normal 0.831609 0.555362 0
    outer loop
      vertex 52.3806 -20.374 2.2
      vertex 52.2644 -20.2 0
      vertex 52.2644 -20.2 2.2
    endloop
  endfacet
  facet normal 0.831609 0.555362 0
    outer loop
      vertex 52.2644 -20.2 0
      vertex 52.3806 -20.374 2.2
      vertex 52.3806 -20.374 0
    endloop
  endfacet
  facet normal -0.0654722 -0.997854 0
    outer loop
      vertex 53.65 21 0
      vertex 53.8588 20.9863 2.2
      vertex 53.65 21 2.2
    endloop
  endfacet
  facet normal -0.0654722 -0.997854 -0
    outer loop
      vertex 53.8588 20.9863 2.2
      vertex 53.65 21 0
      vertex 53.8588 20.9863 0
    endloop
  endfacet
  facet normal -0.442429 -0.896803 0
    outer loop
      vertex 54.2623 20.8782 0
      vertex 54.45 20.7856 2.2
      vertex 54.2623 20.8782 2.2
    endloop
  endfacet
  facet normal -0.442429 -0.896803 -0
    outer loop
      vertex 54.45 20.7856 2.2
      vertex 54.2623 20.8782 0
      vertex 54.45 20.7856 0
    endloop
  endfacet
  facet normal -0.659248 -0.751925 0
    outer loop
      vertex 54.624 20.6694 0
      vertex 54.7814 20.5314 2.2
      vertex 54.624 20.6694 2.2
    endloop
  endfacet
  facet normal -0.659248 -0.751925 -0
    outer loop
      vertex 54.7814 20.5314 2.2
      vertex 54.624 20.6694 0
      vertex 54.7814 20.5314 0
    endloop
  endfacet
  facet normal 0.321526 0.946901 -0
    outer loop
      vertex 53.2359 -20.9455 0
      vertex 53.0377 -20.8782 2.2
      vertex 53.2359 -20.9455 2.2
    endloop
  endfacet
  facet normal 0.321526 0.946901 0
    outer loop
      vertex 53.0377 -20.8782 2.2
      vertex 53.2359 -20.9455 0
      vertex 53.0377 -20.8782 0
    endloop
  endfacet
  facet normal 0.442429 0.896803 -0
    outer loop
      vertex 53.0377 -20.8782 0
      vertex 52.85 -20.7856 2.2
      vertex 53.0377 -20.8782 2.2
    endloop
  endfacet
  facet normal 0.442429 0.896803 0
    outer loop
      vertex 52.85 -20.7856 2.2
      vertex 53.0377 -20.8782 0
      vertex 52.85 -20.7856 0
    endloop
  endfacet
  facet normal 0.946901 0.321526 0
    outer loop
      vertex 52.1718 -20.0123 2.2
      vertex 52.1045 -19.8141 0
      vertex 52.1045 -19.8141 2.2
    endloop
  endfacet
  facet normal 0.946901 0.321526 0
    outer loop
      vertex 52.1045 -19.8141 0
      vertex 52.1718 -20.0123 2.2
      vertex 52.1718 -20.0123 0
    endloop
  endfacet
  facet normal 0.997854 -0.0654722 0
    outer loop
      vertex 52.05 19.4 2.2
      vertex 52.0637 19.6088 0
      vertex 52.0637 19.6088 2.2
    endloop
  endfacet
  facet normal 0.997854 -0.0654722 0
    outer loop
      vertex 52.0637 19.6088 0
      vertex 52.05 19.4 2.2
      vertex 52.05 19.4 0
    endloop
  endfacet
  facet normal 0.980819 -0.194922 0
    outer loop
      vertex 52.0637 19.6088 2.2
      vertex 52.1045 19.8141 0
      vertex 52.1045 19.8141 2.2
    endloop
  endfacet
  facet normal 0.980819 -0.194922 0
    outer loop
      vertex 52.1045 19.8141 0
      vertex 52.0637 19.6088 2.2
      vertex 52.0637 19.6088 0
    endloop
  endfacet
  facet normal 0.946901 -0.321526 0
    outer loop
      vertex 52.1045 19.8141 2.2
      vertex 52.1718 20.0123 0
      vertex 52.1718 20.0123 2.2
    endloop
  endfacet
  facet normal 0.946901 -0.321526 0
    outer loop
      vertex 52.1718 20.0123 0
      vertex 52.1045 19.8141 2.2
      vertex 52.1045 19.8141 0
    endloop
  endfacet
  facet normal 0.659248 -0.751925 0
    outer loop
      vertex 52.5186 20.5314 0
      vertex 52.676 20.6694 2.2
      vertex 52.5186 20.5314 2.2
    endloop
  endfacet
  facet normal 0.659248 -0.751925 0
    outer loop
      vertex 52.676 20.6694 2.2
      vertex 52.5186 20.5314 0
      vertex 52.676 20.6694 0
    endloop
  endfacet
  facet normal 0.751925 -0.659248 0
    outer loop
      vertex 52.3806 20.374 2.2
      vertex 52.5186 20.5314 0
      vertex 52.5186 20.5314 2.2
    endloop
  endfacet
  facet normal 0.751925 -0.659248 0
    outer loop
      vertex 52.5186 20.5314 0
      vertex 52.3806 20.374 2.2
      vertex 52.3806 20.374 0
    endloop
  endfacet
  facet normal 0.555362 -0.831609 0
    outer loop
      vertex 52.676 20.6694 0
      vertex 52.85 20.7856 2.2
      vertex 52.676 20.6694 2.2
    endloop
  endfacet
  facet normal 0.555362 -0.831609 0
    outer loop
      vertex 52.85 20.7856 2.2
      vertex 52.676 20.6694 0
      vertex 52.85 20.7856 0
    endloop
  endfacet
  facet normal 0.194922 -0.980819 0
    outer loop
      vertex 53.2359 20.9455 0
      vertex 53.4412 20.9863 2.2
      vertex 53.2359 20.9455 2.2
    endloop
  endfacet
  facet normal 0.194922 -0.980819 0
    outer loop
      vertex 53.4412 20.9863 2.2
      vertex 53.2359 20.9455 0
      vertex 53.4412 20.9863 0
    endloop
  endfacet
  facet normal -0.194922 -0.980819 0
    outer loop
      vertex 53.8588 20.9863 0
      vertex 54.0641 20.9455 2.2
      vertex 53.8588 20.9863 2.2
    endloop
  endfacet
  facet normal -0.194922 -0.980819 -0
    outer loop
      vertex 54.0641 20.9455 2.2
      vertex 53.8588 20.9863 0
      vertex 54.0641 20.9455 0
    endloop
  endfacet
  facet normal -0.997854 0.0654722 0
    outer loop
      vertex 55.2363 -19.6088 0
      vertex 55.25 -19.4 2.2
      vertex 55.25 -19.4 0
    endloop
  endfacet
  facet normal -0.997854 0.0654722 0
    outer loop
      vertex 55.25 -19.4 2.2
      vertex 55.2363 -19.6088 0
      vertex 55.2363 -19.6088 2.2
    endloop
  endfacet
  facet normal -0.980819 0.194922 0
    outer loop
      vertex 55.1955 -19.8141 0
      vertex 55.2363 -19.6088 2.2
      vertex 55.2363 -19.6088 0
    endloop
  endfacet
  facet normal -0.980819 0.194922 0
    outer loop
      vertex 55.2363 -19.6088 2.2
      vertex 55.1955 -19.8141 0
      vertex 55.1955 -19.8141 2.2
    endloop
  endfacet
  facet normal -0.751925 0.659248 0
    outer loop
      vertex 54.7814 -20.5314 0
      vertex 54.9194 -20.374 2.2
      vertex 54.9194 -20.374 0
    endloop
  endfacet
  facet normal -0.751925 0.659248 0
    outer loop
      vertex 54.9194 -20.374 2.2
      vertex 54.7814 -20.5314 0
      vertex 54.7814 -20.5314 2.2
    endloop
  endfacet
  facet normal 0.0654722 0.997854 -0
    outer loop
      vertex 53.65 -21 0
      vertex 53.4412 -20.9863 2.2
      vertex 53.65 -21 2.2
    endloop
  endfacet
  facet normal 0.0654722 0.997854 0
    outer loop
      vertex 53.4412 -20.9863 2.2
      vertex 53.65 -21 0
      vertex 53.4412 -20.9863 0
    endloop
  endfacet
  facet normal 0.194922 0.980819 -0
    outer loop
      vertex 53.4412 -20.9863 0
      vertex 53.2359 -20.9455 2.2
      vertex 53.4412 -20.9863 2.2
    endloop
  endfacet
  facet normal 0.194922 0.980819 0
    outer loop
      vertex 53.2359 -20.9455 2.2
      vertex 53.4412 -20.9863 0
      vertex 53.2359 -20.9455 0
    endloop
  endfacet
  facet normal 0.896803 0.442429 0
    outer loop
      vertex 52.2644 -20.2 2.2
      vertex 52.1718 -20.0123 0
      vertex 52.1718 -20.0123 2.2
    endloop
  endfacet
  facet normal 0.896803 0.442429 0
    outer loop
      vertex 52.1718 -20.0123 0
      vertex 52.2644 -20.2 2.2
      vertex 52.2644 -20.2 0
    endloop
  endfacet
  facet normal 0.980819 0.194922 0
    outer loop
      vertex 52.1045 -19.8141 2.2
      vertex 52.0637 -19.6088 0
      vertex 52.0637 -19.6088 2.2
    endloop
  endfacet
  facet normal 0.980819 0.194922 0
    outer loop
      vertex 52.0637 -19.6088 0
      vertex 52.1045 -19.8141 2.2
      vertex 52.1045 -19.8141 0
    endloop
  endfacet
  facet normal 0.997854 0.0654722 0
    outer loop
      vertex 52.0637 -19.6088 2.2
      vertex 52.05 -19.4 0
      vertex 52.05 -19.4 2.2
    endloop
  endfacet
  facet normal 0.997854 0.0654722 0
    outer loop
      vertex 52.05 -19.4 0
      vertex 52.0637 -19.6088 2.2
      vertex 52.0637 -19.6088 0
    endloop
  endfacet
  facet normal 0.659248 0.751925 -0
    outer loop
      vertex 52.676 -20.6694 0
      vertex 52.5186 -20.5314 2.2
      vertex 52.676 -20.6694 2.2
    endloop
  endfacet
  facet normal 0.659248 0.751925 0
    outer loop
      vertex 52.5186 -20.5314 2.2
      vertex 52.676 -20.6694 0
      vertex 52.5186 -20.5314 0
    endloop
  endfacet
  facet normal 0.751925 0.659248 0
    outer loop
      vertex 52.5186 -20.5314 2.2
      vertex 52.3806 -20.374 0
      vertex 52.3806 -20.374 2.2
    endloop
  endfacet
  facet normal 0.751925 0.659248 0
    outer loop
      vertex 52.3806 -20.374 0
      vertex 52.5186 -20.5314 2.2
      vertex 52.5186 -20.5314 0
    endloop
  endfacet
  facet normal 0.831609 -0.555362 0
    outer loop
      vertex 52.2644 20.2 2.2
      vertex 52.3806 20.374 0
      vertex 52.3806 20.374 2.2
    endloop
  endfacet
  facet normal 0.831609 -0.555362 0
    outer loop
      vertex 52.3806 20.374 0
      vertex 52.2644 20.2 2.2
      vertex 52.2644 20.2 0
    endloop
  endfacet
  facet normal 0.321526 -0.946901 0
    outer loop
      vertex 53.0377 20.8782 0
      vertex 53.2359 20.9455 2.2
      vertex 53.0377 20.8782 2.2
    endloop
  endfacet
  facet normal 0.321526 -0.946901 0
    outer loop
      vertex 53.2359 20.9455 2.2
      vertex 53.0377 20.8782 0
      vertex 53.2359 20.9455 0
    endloop
  endfacet
  facet normal -0.555362 -0.831609 0
    outer loop
      vertex 54.45 20.7856 0
      vertex 54.624 20.6694 2.2
      vertex 54.45 20.7856 2.2
    endloop
  endfacet
  facet normal -0.555362 -0.831609 -0
    outer loop
      vertex 54.624 20.6694 2.2
      vertex 54.45 20.7856 0
      vertex 54.624 20.6694 0
    endloop
  endfacet
  facet normal 0.0654722 -0.997854 0
    outer loop
      vertex 53.4412 20.9863 0
      vertex 53.65 21 2.2
      vertex 53.4412 20.9863 2.2
    endloop
  endfacet
  facet normal 0.0654722 -0.997854 0
    outer loop
      vertex 53.65 21 2.2
      vertex 53.4412 20.9863 0
      vertex 53.65 21 0
    endloop
  endfacet
  facet normal -0.831609 -0.555362 0
    outer loop
      vertex 55.0356 20.2 0
      vertex 54.9194 20.374 2.2
      vertex 54.9194 20.374 0
    endloop
  endfacet
  facet normal -0.831609 -0.555362 0
    outer loop
      vertex 54.9194 20.374 2.2
      vertex 55.0356 20.2 0
      vertex 55.0356 20.2 2.2
    endloop
  endfacet
  facet normal -0.980819 -0.194922 0
    outer loop
      vertex 55.2363 19.6088 0
      vertex 55.1955 19.8141 2.2
      vertex 55.1955 19.8141 0
    endloop
  endfacet
  facet normal -0.980819 -0.194922 0
    outer loop
      vertex 55.1955 19.8141 2.2
      vertex 55.2363 19.6088 0
      vertex 55.2363 19.6088 2.2
    endloop
  endfacet
  facet normal -0.997854 -0.0654722 0
    outer loop
      vertex 55.25 19.4 0
      vertex 55.2363 19.6088 2.2
      vertex 55.2363 19.6088 0
    endloop
  endfacet
  facet normal -0.997854 -0.0654722 0
    outer loop
      vertex 55.2363 19.6088 2.2
      vertex 55.25 19.4 0
      vertex 55.25 19.4 2.2
    endloop
  endfacet
  facet normal -0.896803 -0.442429 0
    outer loop
      vertex 55.1282 20.0123 0
      vertex 55.0356 20.2 2.2
      vertex 55.0356 20.2 0
    endloop
  endfacet
  facet normal -0.896803 -0.442429 0
    outer loop
      vertex 55.0356 20.2 2.2
      vertex 55.1282 20.0123 0
      vertex 55.1282 20.0123 2.2
    endloop
  endfacet
  facet normal 0.896803 -0.442429 0
    outer loop
      vertex 52.1718 20.0123 2.2
      vertex 52.2644 20.2 0
      vertex 52.2644 20.2 2.2
    endloop
  endfacet
  facet normal 0.896803 -0.442429 0
    outer loop
      vertex 52.2644 20.2 0
      vertex 52.1718 20.0123 2.2
      vertex 52.1718 20.0123 0
    endloop
  endfacet
  facet normal 0.442429 -0.896803 0
    outer loop
      vertex 52.85 20.7856 0
      vertex 53.0377 20.8782 2.2
      vertex 52.85 20.7856 2.2
    endloop
  endfacet
  facet normal 0.442429 -0.896803 0
    outer loop
      vertex 53.0377 20.8782 2.2
      vertex 52.85 20.7856 0
      vertex 53.0377 20.8782 0
    endloop
  endfacet
  facet normal -0.751925 -0.659248 0
    outer loop
      vertex 54.9194 20.374 0
      vertex 54.7814 20.5314 2.2
      vertex 54.7814 20.5314 0
    endloop
  endfacet
  facet normal -0.751925 -0.659248 0
    outer loop
      vertex 54.7814 20.5314 2.2
      vertex 54.9194 20.374 0
      vertex 54.9194 20.374 2.2
    endloop
  endfacet
  facet normal -0.946901 -0.321526 0
    outer loop
      vertex 55.1955 19.8141 0
      vertex 55.1282 20.0123 2.2
      vertex 55.1282 20.0123 0
    endloop
  endfacet
  facet normal -0.946901 -0.321526 0
    outer loop
      vertex 55.1282 20.0123 2.2
      vertex 55.1955 19.8141 0
      vertex 55.1955 19.8141 2.2
    endloop
  endfacet
  facet normal -0.831609 0.555362 0
    outer loop
      vertex 54.9194 -20.374 0
      vertex 55.0356 -20.2 2.2
      vertex 55.0356 -20.2 0
    endloop
  endfacet
  facet normal -0.831609 0.555362 0
    outer loop
      vertex 55.0356 -20.2 2.2
      vertex 54.9194 -20.374 0
      vertex 54.9194 -20.374 2.2
    endloop
  endfacet
  facet normal -0.946901 0.321526 0
    outer loop
      vertex 55.1282 -20.0123 0
      vertex 55.1955 -19.8141 2.2
      vertex 55.1955 -19.8141 0
    endloop
  endfacet
  facet normal -0.946901 0.321526 0
    outer loop
      vertex 55.1955 -19.8141 2.2
      vertex 55.1282 -20.0123 0
      vertex 55.1282 -20.0123 2.2
    endloop
  endfacet
  facet normal -0.896803 0.442429 0
    outer loop
      vertex 55.0356 -20.2 0
      vertex 55.1282 -20.0123 2.2
      vertex 55.1282 -20.0123 0
    endloop
  endfacet
  facet normal -0.896803 0.442429 0
    outer loop
      vertex 55.1282 -20.0123 2.2
      vertex 55.0356 -20.2 0
      vertex 55.0356 -20.2 2.2
    endloop
  endfacet
  facet normal -0.555362 0.831609 0
    outer loop
      vertex 54.624 -20.6694 0
      vertex 54.45 -20.7856 2.2
      vertex 54.624 -20.6694 2.2
    endloop
  endfacet
  facet normal -0.555362 0.831609 0
    outer loop
      vertex 54.45 -20.7856 2.2
      vertex 54.624 -20.6694 0
      vertex 54.45 -20.7856 0
    endloop
  endfacet
  facet normal -0.442429 0.896803 0
    outer loop
      vertex 54.45 -20.7856 0
      vertex 54.2623 -20.8782 2.2
      vertex 54.45 -20.7856 2.2
    endloop
  endfacet
  facet normal -0.442429 0.896803 0
    outer loop
      vertex 54.2623 -20.8782 2.2
      vertex 54.45 -20.7856 0
      vertex 54.2623 -20.8782 0
    endloop
  endfacet
  facet normal -0.194922 0.980819 0
    outer loop
      vertex 63.0641 -20.9455 0
      vertex 62.8588 -20.9863 2.2
      vertex 63.0641 -20.9455 2.2
    endloop
  endfacet
  facet normal -0.194922 0.980819 0
    outer loop
      vertex 62.8588 -20.9863 2.2
      vertex 63.0641 -20.9455 0
      vertex 62.8588 -20.9863 0
    endloop
  endfacet
  facet normal -0.321526 0.946901 0
    outer loop
      vertex 63.2623 -20.8782 0
      vertex 63.0641 -20.9455 2.2
      vertex 63.2623 -20.8782 2.2
    endloop
  endfacet
  facet normal -0.321526 0.946901 0
    outer loop
      vertex 63.0641 -20.9455 2.2
      vertex 63.2623 -20.8782 0
      vertex 63.0641 -20.9455 0
    endloop
  endfacet
  facet normal -0.0654722 0.997854 0
    outer loop
      vertex 62.8588 -20.9863 0
      vertex 62.65 -21 2.2
      vertex 62.8588 -20.9863 2.2
    endloop
  endfacet
  facet normal -0.0654722 0.997854 0
    outer loop
      vertex 62.65 -21 2.2
      vertex 62.8588 -20.9863 0
      vertex 62.65 -21 0
    endloop
  endfacet
  facet normal 0.997854 0.0654722 0
    outer loop
      vertex 61.0637 -19.6088 2.2
      vertex 61.05 -19.4 0
      vertex 61.05 -19.4 2.2
    endloop
  endfacet
  facet normal 0.997854 0.0654722 0
    outer loop
      vertex 61.05 -19.4 0
      vertex 61.0637 -19.6088 2.2
      vertex 61.0637 -19.6088 0
    endloop
  endfacet
  facet normal -1 0 0
    outer loop
      vertex 64.25 -19.4 0
      vertex 64.25 19.4 2.2
      vertex 64.25 19.4 0
    endloop
  endfacet
  facet normal -1 -0 0
    outer loop
      vertex 64.25 19.4 2.2
      vertex 64.25 -19.4 0
      vertex 64.25 -19.4 2.2
    endloop
  endfacet
  facet normal 0.555362 0.831609 -0
    outer loop
      vertex 61.85 -20.7856 0
      vertex 61.676 -20.6694 2.2
      vertex 61.85 -20.7856 2.2
    endloop
  endfacet
  facet normal 0.555362 0.831609 0
    outer loop
      vertex 61.676 -20.6694 2.2
      vertex 61.85 -20.7856 0
      vertex 61.676 -20.6694 0
    endloop
  endfacet
  facet normal 1 -0 0
    outer loop
      vertex 61.05 -19.4 2.2
      vertex 61.05 19.4 0
      vertex 61.05 19.4 2.2
    endloop
  endfacet
  facet normal 1 0 0
    outer loop
      vertex 61.05 19.4 0
      vertex 61.05 -19.4 2.2
      vertex 61.05 -19.4 0
    endloop
  endfacet
  facet normal -0.321526 -0.946901 0
    outer loop
      vertex 63.0641 20.9455 0
      vertex 63.2623 20.8782 2.2
      vertex 63.0641 20.9455 2.2
    endloop
  endfacet
  facet normal -0.321526 -0.946901 -0
    outer loop
      vertex 63.2623 20.8782 2.2
      vertex 63.0641 20.9455 0
      vertex 63.2623 20.8782 0
    endloop
  endfacet
  facet normal 0.194922 0.980819 -0
    outer loop
      vertex 62.4412 -20.9863 0
      vertex 62.2359 -20.9455 2.2
      vertex 62.4412 -20.9863 2.2
    endloop
  endfacet
  facet normal 0.194922 0.980819 0
    outer loop
      vertex 62.2359 -20.9455 2.2
      vertex 62.4412 -20.9863 0
      vertex 62.2359 -20.9455 0
    endloop
  endfacet
  facet normal -0.659248 0.751925 0
    outer loop
      vertex 63.7814 -20.5314 0
      vertex 63.624 -20.6694 2.2
      vertex 63.7814 -20.5314 2.2
    endloop
  endfacet
  facet normal -0.659248 0.751925 0
    outer loop
      vertex 63.624 -20.6694 2.2
      vertex 63.7814 -20.5314 0
      vertex 63.624 -20.6694 0
    endloop
  endfacet
  facet normal 0.831609 0.555362 0
    outer loop
      vertex 61.3806 -20.374 2.2
      vertex 61.2644 -20.2 0
      vertex 61.2644 -20.2 2.2
    endloop
  endfacet
  facet normal 0.831609 0.555362 0
    outer loop
      vertex 61.2644 -20.2 0
      vertex 61.3806 -20.374 2.2
      vertex 61.3806 -20.374 0
    endloop
  endfacet
  facet normal 0.751925 0.659248 0
    outer loop
      vertex 61.5186 -20.5314 2.2
      vertex 61.3806 -20.374 0
      vertex 61.3806 -20.374 2.2
    endloop
  endfacet
  facet normal 0.751925 0.659248 0
    outer loop
      vertex 61.3806 -20.374 0
      vertex 61.5186 -20.5314 2.2
      vertex 61.5186 -20.5314 0
    endloop
  endfacet
  facet normal -0.0654722 -0.997854 0
    outer loop
      vertex 62.65 21 0
      vertex 62.8588 20.9863 2.2
      vertex 62.65 21 2.2
    endloop
  endfacet
  facet normal -0.0654722 -0.997854 -0
    outer loop
      vertex 62.8588 20.9863 2.2
      vertex 62.65 21 0
      vertex 62.8588 20.9863 0
    endloop
  endfacet
  facet normal -0.442429 -0.896803 0
    outer loop
      vertex 63.2623 20.8782 0
      vertex 63.45 20.7856 2.2
      vertex 63.2623 20.8782 2.2
    endloop
  endfacet
  facet normal -0.442429 -0.896803 -0
    outer loop
      vertex 63.45 20.7856 2.2
      vertex 63.2623 20.8782 0
      vertex 63.45 20.7856 0
    endloop
  endfacet
  facet normal -0.659248 -0.751925 0
    outer loop
      vertex 63.624 20.6694 0
      vertex 63.7814 20.5314 2.2
      vertex 63.624 20.6694 2.2
    endloop
  endfacet
  facet normal -0.659248 -0.751925 -0
    outer loop
      vertex 63.7814 20.5314 2.2
      vertex 63.624 20.6694 0
      vertex 63.7814 20.5314 0
    endloop
  endfacet
  facet normal 0.321526 0.946901 -0
    outer loop
      vertex 62.2359 -20.9455 0
      vertex 62.0377 -20.8782 2.2
      vertex 62.2359 -20.9455 2.2
    endloop
  endfacet
  facet normal 0.321526 0.946901 0
    outer loop
      vertex 62.0377 -20.8782 2.2
      vertex 62.2359 -20.9455 0
      vertex 62.0377 -20.8782 0
    endloop
  endfacet
  facet normal 0.442429 0.896803 -0
    outer loop
      vertex 62.0377 -20.8782 0
      vertex 61.85 -20.7856 2.2
      vertex 62.0377 -20.8782 2.2
    endloop
  endfacet
  facet normal 0.442429 0.896803 0
    outer loop
      vertex 61.85 -20.7856 2.2
      vertex 62.0377 -20.8782 0
      vertex 61.85 -20.7856 0
    endloop
  endfacet
  facet normal 0.946901 0.321526 0
    outer loop
      vertex 61.1718 -20.0123 2.2
      vertex 61.1045 -19.8141 0
      vertex 61.1045 -19.8141 2.2
    endloop
  endfacet
  facet normal 0.946901 0.321526 0
    outer loop
      vertex 61.1045 -19.8141 0
      vertex 61.1718 -20.0123 2.2
      vertex 61.1718 -20.0123 0
    endloop
  endfacet
  facet normal 0.980819 -0.194922 0
    outer loop
      vertex 61.0637 19.6088 2.2
      vertex 61.1045 19.8141 0
      vertex 61.1045 19.8141 2.2
    endloop
  endfacet
  facet normal 0.980819 -0.194922 0
    outer loop
      vertex 61.1045 19.8141 0
      vertex 61.0637 19.6088 2.2
      vertex 61.0637 19.6088 0
    endloop
  endfacet
  facet normal 0.946901 -0.321526 0
    outer loop
      vertex 61.1045 19.8141 2.2
      vertex 61.1718 20.0123 0
      vertex 61.1718 20.0123 2.2
    endloop
  endfacet
  facet normal 0.946901 -0.321526 0
    outer loop
      vertex 61.1718 20.0123 0
      vertex 61.1045 19.8141 2.2
      vertex 61.1045 19.8141 0
    endloop
  endfacet
  facet normal 0.659248 -0.751925 0
    outer loop
      vertex 61.5186 20.5314 0
      vertex 61.676 20.6694 2.2
      vertex 61.5186 20.5314 2.2
    endloop
  endfacet
  facet normal 0.659248 -0.751925 0
    outer loop
      vertex 61.676 20.6694 2.2
      vertex 61.5186 20.5314 0
      vertex 61.676 20.6694 0
    endloop
  endfacet
  facet normal 0.751925 -0.659248 0
    outer loop
      vertex 61.3806 20.374 2.2
      vertex 61.5186 20.5314 0
      vertex 61.5186 20.5314 2.2
    endloop
  endfacet
  facet normal 0.751925 -0.659248 0
    outer loop
      vertex 61.5186 20.5314 0
      vertex 61.3806 20.374 2.2
      vertex 61.3806 20.374 0
    endloop
  endfacet
  facet normal 0.555362 -0.831609 0
    outer loop
      vertex 61.676 20.6694 0
      vertex 61.85 20.7856 2.2
      vertex 61.676 20.6694 2.2
    endloop
  endfacet
  facet normal 0.555362 -0.831609 0
    outer loop
      vertex 61.85 20.7856 2.2
      vertex 61.676 20.6694 0
      vertex 61.85 20.7856 0
    endloop
  endfacet
  facet normal 0.194922 -0.980819 0
    outer loop
      vertex 62.2359 20.9455 0
      vertex 62.4412 20.9863 2.2
      vertex 62.2359 20.9455 2.2
    endloop
  endfacet
  facet normal 0.194922 -0.980819 0
    outer loop
      vertex 62.4412 20.9863 2.2
      vertex 62.2359 20.9455 0
      vertex 62.4412 20.9863 0
    endloop
  endfacet
  facet normal -0.194922 -0.980819 0
    outer loop
      vertex 62.8588 20.9863 0
      vertex 63.0641 20.9455 2.2
      vertex 62.8588 20.9863 2.2
    endloop
  endfacet
  facet normal -0.194922 -0.980819 -0
    outer loop
      vertex 63.0641 20.9455 2.2
      vertex 62.8588 20.9863 0
      vertex 63.0641 20.9455 0
    endloop
  endfacet
  facet normal -0.980819 0.194922 0
    outer loop
      vertex 64.1955 -19.8141 0
      vertex 64.2363 -19.6088 2.2
      vertex 64.2363 -19.6088 0
    endloop
  endfacet
  facet normal -0.980819 0.194922 0
    outer loop
      vertex 64.2363 -19.6088 2.2
      vertex 64.1955 -19.8141 0
      vertex 64.1955 -19.8141 2.2
    endloop
  endfacet
  facet normal -0.751925 0.659248 0
    outer loop
      vertex 63.7814 -20.5314 0
      vertex 63.9194 -20.374 2.2
      vertex 63.9194 -20.374 0
    endloop
  endfacet
  facet normal -0.751925 0.659248 0
    outer loop
      vertex 63.9194 -20.374 2.2
      vertex 63.7814 -20.5314 0
      vertex 63.7814 -20.5314 2.2
    endloop
  endfacet
  facet normal -0.442429 0.896803 0
    outer loop
      vertex 63.45 -20.7856 0
      vertex 63.2623 -20.8782 2.2
      vertex 63.45 -20.7856 2.2
    endloop
  endfacet
  facet normal -0.442429 0.896803 0
    outer loop
      vertex 63.2623 -20.8782 2.2
      vertex 63.45 -20.7856 0
      vertex 63.2623 -20.8782 0
    endloop
  endfacet
  facet normal 0.0654722 0.997854 -0
    outer loop
      vertex 62.65 -21 0
      vertex 62.4412 -20.9863 2.2
      vertex 62.65 -21 2.2
    endloop
  endfacet
  facet normal 0.0654722 0.997854 0
    outer loop
      vertex 62.4412 -20.9863 2.2
      vertex 62.65 -21 0
      vertex 62.4412 -20.9863 0
    endloop
  endfacet
  facet normal 0.896803 0.442429 0
    outer loop
      vertex 61.2644 -20.2 2.2
      vertex 61.1718 -20.0123 0
      vertex 61.1718 -20.0123 2.2
    endloop
  endfacet
  facet normal 0.896803 0.442429 0
    outer loop
      vertex 61.1718 -20.0123 0
      vertex 61.2644 -20.2 2.2
      vertex 61.2644 -20.2 0
    endloop
  endfacet
  facet normal 0.980819 0.194922 0
    outer loop
      vertex 61.1045 -19.8141 2.2
      vertex 61.0637 -19.6088 0
      vertex 61.0637 -19.6088 2.2
    endloop
  endfacet
  facet normal 0.980819 0.194922 0
    outer loop
      vertex 61.0637 -19.6088 0
      vertex 61.1045 -19.8141 2.2
      vertex 61.1045 -19.8141 0
    endloop
  endfacet
  facet normal 0.659248 0.751925 -0
    outer loop
      vertex 61.676 -20.6694 0
      vertex 61.5186 -20.5314 2.2
      vertex 61.676 -20.6694 2.2
    endloop
  endfacet
  facet normal 0.659248 0.751925 0
    outer loop
      vertex 61.5186 -20.5314 2.2
      vertex 61.676 -20.6694 0
      vertex 61.5186 -20.5314 0
    endloop
  endfacet
  facet normal 0.997854 -0.0654722 0
    outer loop
      vertex 61.05 19.4 2.2
      vertex 61.0637 19.6088 0
      vertex 61.0637 19.6088 2.2
    endloop
  endfacet
  facet normal 0.997854 -0.0654722 0
    outer loop
      vertex 61.0637 19.6088 0
      vertex 61.05 19.4 2.2
      vertex 61.05 19.4 0
    endloop
  endfacet
  facet normal 0.831609 -0.555362 0
    outer loop
      vertex 61.2644 20.2 2.2
      vertex 61.3806 20.374 0
      vertex 61.3806 20.374 2.2
    endloop
  endfacet
  facet normal 0.831609 -0.555362 0
    outer loop
      vertex 61.3806 20.374 0
      vertex 61.2644 20.2 2.2
      vertex 61.2644 20.2 0
    endloop
  endfacet
  facet normal 0.321526 -0.946901 0
    outer loop
      vertex 62.0377 20.8782 0
      vertex 62.2359 20.9455 2.2
      vertex 62.0377 20.8782 2.2
    endloop
  endfacet
  facet normal 0.321526 -0.946901 0
    outer loop
      vertex 62.2359 20.9455 2.2
      vertex 62.0377 20.8782 0
      vertex 62.2359 20.9455 0
    endloop
  endfacet
  facet normal -0.555362 -0.831609 0
    outer loop
      vertex 63.45 20.7856 0
      vertex 63.624 20.6694 2.2
      vertex 63.45 20.7856 2.2
    endloop
  endfacet
  facet normal -0.555362 -0.831609 -0
    outer loop
      vertex 63.624 20.6694 2.2
      vertex 63.45 20.7856 0
      vertex 63.624 20.6694 0
    endloop
  endfacet
  facet normal 0.0654722 -0.997854 0
    outer loop
      vertex 62.4412 20.9863 0
      vertex 62.65 21 2.2
      vertex 62.4412 20.9863 2.2
    endloop
  endfacet
  facet normal 0.0654722 -0.997854 0
    outer loop
      vertex 62.65 21 2.2
      vertex 62.4412 20.9863 0
      vertex 62.65 21 0
    endloop
  endfacet
  facet normal -0.831609 -0.555362 0
    outer loop
      vertex 64.0356 20.2 0
      vertex 63.9194 20.374 2.2
      vertex 63.9194 20.374 0
    endloop
  endfacet
  facet normal -0.831609 -0.555362 0
    outer loop
      vertex 63.9194 20.374 2.2
      vertex 64.0356 20.2 0
      vertex 64.0356 20.2 2.2
    endloop
  endfacet
  facet normal -0.980819 -0.194922 0
    outer loop
      vertex 64.2363 19.6088 0
      vertex 64.1955 19.8141 2.2
      vertex 64.1955 19.8141 0
    endloop
  endfacet
  facet normal -0.980819 -0.194922 0
    outer loop
      vertex 64.1955 19.8141 2.2
      vertex 64.2363 19.6088 0
      vertex 64.2363 19.6088 2.2
    endloop
  endfacet
  facet normal -0.997854 -0.0654722 0
    outer loop
      vertex 64.25 19.4 0
      vertex 64.2363 19.6088 2.2
      vertex 64.2363 19.6088 0
    endloop
  endfacet
  facet normal -0.997854 -0.0654722 0
    outer loop
      vertex 64.2363 19.6088 2.2
      vertex 64.25 19.4 0
      vertex 64.25 19.4 2.2
    endloop
  endfacet
  facet normal -0.896803 -0.442429 0
    outer loop
      vertex 64.1282 20.0123 0
      vertex 64.0356 20.2 2.2
      vertex 64.0356 20.2 0
    endloop
  endfacet
  facet normal -0.896803 -0.442429 0
    outer loop
      vertex 64.0356 20.2 2.2
      vertex 64.1282 20.0123 0
      vertex 64.1282 20.0123 2.2
    endloop
  endfacet
  facet normal -0.997854 0.0654722 0
    outer loop
      vertex 64.2363 -19.6088 0
      vertex 64.25 -19.4 2.2
      vertex 64.25 -19.4 0
    endloop
  endfacet
  facet normal -0.997854 0.0654722 0
    outer loop
      vertex 64.25 -19.4 2.2
      vertex 64.2363 -19.6088 0
      vertex 64.2363 -19.6088 2.2
    endloop
  endfacet
  facet normal 0.896803 -0.442429 0
    outer loop
      vertex 61.1718 20.0123 2.2
      vertex 61.2644 20.2 0
      vertex 61.2644 20.2 2.2
    endloop
  endfacet
  facet normal 0.896803 -0.442429 0
    outer loop
      vertex 61.2644 20.2 0
      vertex 61.1718 20.0123 2.2
      vertex 61.1718 20.0123 0
    endloop
  endfacet
  facet normal 0.442429 -0.896803 0
    outer loop
      vertex 61.85 20.7856 0
      vertex 62.0377 20.8782 2.2
      vertex 61.85 20.7856 2.2
    endloop
  endfacet
  facet normal 0.442429 -0.896803 0
    outer loop
      vertex 62.0377 20.8782 2.2
      vertex 61.85 20.7856 0
      vertex 62.0377 20.8782 0
    endloop
  endfacet
  facet normal -0.751925 -0.659248 0
    outer loop
      vertex 63.9194 20.374 0
      vertex 63.7814 20.5314 2.2
      vertex 63.7814 20.5314 0
    endloop
  endfacet
  facet normal -0.751925 -0.659248 0
    outer loop
      vertex 63.7814 20.5314 2.2
      vertex 63.9194 20.374 0
      vertex 63.9194 20.374 2.2
    endloop
  endfacet
  facet normal -0.946901 -0.321526 0
    outer loop
      vertex 64.1955 19.8141 0
      vertex 64.1282 20.0123 2.2
      vertex 64.1282 20.0123 0
    endloop
  endfacet
  facet normal -0.946901 -0.321526 0
    outer loop
      vertex 64.1282 20.0123 2.2
      vertex 64.1955 19.8141 0
      vertex 64.1955 19.8141 2.2
    endloop
  endfacet
  facet normal -0.896803 0.442429 0
    outer loop
      vertex 64.0356 -20.2 0
      vertex 64.1282 -20.0123 2.2
      vertex 64.1282 -20.0123 0
    endloop
  endfacet
  facet normal -0.896803 0.442429 0
    outer loop
      vertex 64.1282 -20.0123 2.2
      vertex 64.0356 -20.2 0
      vertex 64.0356 -20.2 2.2
    endloop
  endfacet
  facet normal -0.831609 0.555362 0
    outer loop
      vertex 63.9194 -20.374 0
      vertex 64.0356 -20.2 2.2
      vertex 64.0356 -20.2 0
    endloop
  endfacet
  facet normal -0.831609 0.555362 0
    outer loop
      vertex 64.0356 -20.2 2.2
      vertex 63.9194 -20.374 0
      vertex 63.9194 -20.374 2.2
    endloop
  endfacet
  facet normal -0.946901 0.321526 0
    outer loop
      vertex 64.1282 -20.0123 0
      vertex 64.1955 -19.8141 2.2
      vertex 64.1955 -19.8141 0
    endloop
  endfacet
  facet normal -0.946901 0.321526 0
    outer loop
      vertex 64.1955 -19.8141 2.2
      vertex 64.1282 -20.0123 0
      vertex 64.1282 -20.0123 2.2
    endloop
  endfacet
  facet normal -0.555362 0.831609 0
    outer loop
      vertex 63.624 -20.6694 0
      vertex 63.45 -20.7856 2.2
      vertex 63.624 -20.6694 2.2
    endloop
  endfacet
  facet normal -0.555362 0.831609 0
    outer loop
      vertex 63.45 -20.7856 2.2
      vertex 63.624 -20.6694 0
      vertex 63.45 -20.7856 0
    endloop
  endfacet
  facet normal -0.321526 0.946901 0
    outer loop
      vertex 72.2623 -20.8782 0
      vertex 72.0641 -20.9455 2.2
      vertex 72.2623 -20.8782 2.2
    endloop
  endfacet
  facet normal -0.321526 0.946901 0
    outer loop
      vertex 72.0641 -20.9455 2.2
      vertex 72.2623 -20.8782 0
      vertex 72.0641 -20.9455 0
    endloop
  endfacet
  facet normal 0.659248 0.751925 -0
    outer loop
      vertex 70.676 -20.6694 0
      vertex 70.5186 -20.5314 2.2
      vertex 70.676 -20.6694 2.2
    endloop
  endfacet
  facet normal 0.659248 0.751925 0
    outer loop
      vertex 70.5186 -20.5314 2.2
      vertex 70.676 -20.6694 0
      vertex 70.5186 -20.5314 0
    endloop
  endfacet
  facet normal 1 -0 0
    outer loop
      vertex 70.05 -19.4 2.2
      vertex 70.05 19.4 0
      vertex 70.05 19.4 2.2
    endloop
  endfacet
  facet normal 1 0 0
    outer loop
      vertex 70.05 19.4 0
      vertex 70.05 -19.4 2.2
      vertex 70.05 -19.4 0
    endloop
  endfacet
  facet normal -0.321526 -0.946901 0
    outer loop
      vertex 72.0641 20.9455 0
      vertex 72.2623 20.8782 2.2
      vertex 72.0641 20.9455 2.2
    endloop
  endfacet
  facet normal -0.321526 -0.946901 -0
    outer loop
      vertex 72.2623 20.8782 2.2
      vertex 72.0641 20.9455 0
      vertex 72.2623 20.8782 0
    endloop
  endfacet
  facet normal -1 0 0
    outer loop
      vertex 73.25 -19.4 0
      vertex 73.25 19.4 2.2
      vertex 73.25 19.4 0
    endloop
  endfacet
  facet normal -1 -0 0
    outer loop
      vertex 73.25 19.4 2.2
      vertex 73.25 -19.4 0
      vertex 73.25 -19.4 2.2
    endloop
  endfacet
  facet normal -0.831609 0.555362 0
    outer loop
      vertex 72.9194 -20.374 0
      vertex 73.0356 -20.2 2.2
      vertex 73.0356 -20.2 0
    endloop
  endfacet
  facet normal -0.831609 0.555362 0
    outer loop
      vertex 73.0356 -20.2 2.2
      vertex 72.9194 -20.374 0
      vertex 72.9194 -20.374 2.2
    endloop
  endfacet
  facet normal 0.831609 0.555362 0
    outer loop
      vertex 70.3806 -20.374 2.2
      vertex 70.2644 -20.2 0
      vertex 70.2644 -20.2 2.2
    endloop
  endfacet
  facet normal 0.831609 0.555362 0
    outer loop
      vertex 70.2644 -20.2 0
      vertex 70.3806 -20.374 2.2
      vertex 70.3806 -20.374 0
    endloop
  endfacet
  facet normal -0.555362 -0.831609 0
    outer loop
      vertex 72.45 20.7856 0
      vertex 72.624 20.6694 2.2
      vertex 72.45 20.7856 2.2
    endloop
  endfacet
  facet normal -0.555362 -0.831609 -0
    outer loop
      vertex 72.624 20.6694 2.2
      vertex 72.45 20.7856 0
      vertex 72.624 20.6694 0
    endloop
  endfacet
  facet normal -0.194922 0.980819 0
    outer loop
      vertex 72.0641 -20.9455 0
      vertex 71.8588 -20.9863 2.2
      vertex 72.0641 -20.9455 2.2
    endloop
  endfacet
  facet normal -0.194922 0.980819 0
    outer loop
      vertex 71.8588 -20.9863 2.2
      vertex 72.0641 -20.9455 0
      vertex 71.8588 -20.9863 0
    endloop
  endfacet
  facet normal -0.0654722 0.997854 0
    outer loop
      vertex 71.8588 -20.9863 0
      vertex 71.65 -21 2.2
      vertex 71.8588 -20.9863 2.2
    endloop
  endfacet
  facet normal -0.0654722 0.997854 0
    outer loop
      vertex 71.65 -21 2.2
      vertex 71.8588 -20.9863 0
      vertex 71.65 -21 0
    endloop
  endfacet
  facet normal 0.321526 0.946901 -0
    outer loop
      vertex 71.2359 -20.9455 0
      vertex 71.0377 -20.8782 2.2
      vertex 71.2359 -20.9455 2.2
    endloop
  endfacet
  facet normal 0.321526 0.946901 0
    outer loop
      vertex 71.0377 -20.8782 2.2
      vertex 71.2359 -20.9455 0
      vertex 71.0377 -20.8782 0
    endloop
  endfacet
  facet normal 0.555362 0.831609 -0
    outer loop
      vertex 70.85 -20.7856 0
      vertex 70.676 -20.6694 2.2
      vertex 70.85 -20.7856 2.2
    endloop
  endfacet
  facet normal 0.555362 0.831609 0
    outer loop
      vertex 70.676 -20.6694 2.2
      vertex 70.85 -20.7856 0
      vertex 70.676 -20.6694 0
    endloop
  endfacet
  facet normal 0.751925 0.659248 0
    outer loop
      vertex 70.5186 -20.5314 2.2
      vertex 70.3806 -20.374 0
      vertex 70.3806 -20.374 2.2
    endloop
  endfacet
  facet normal 0.751925 0.659248 0
    outer loop
      vertex 70.3806 -20.374 0
      vertex 70.5186 -20.5314 2.2
      vertex 70.5186 -20.5314 0
    endloop
  endfacet
  facet normal 0.997854 0.0654722 0
    outer loop
      vertex 70.0637 -19.6088 2.2
      vertex 70.05 -19.4 0
      vertex 70.05 -19.4 2.2
    endloop
  endfacet
  facet normal 0.997854 0.0654722 0
    outer loop
      vertex 70.05 -19.4 0
      vertex 70.0637 -19.6088 2.2
      vertex 70.0637 -19.6088 0
    endloop
  endfacet
  facet normal 0.896803 0.442429 0
    outer loop
      vertex 70.2644 -20.2 2.2
      vertex 70.1718 -20.0123 0
      vertex 70.1718 -20.0123 2.2
    endloop
  endfacet
  facet normal 0.896803 0.442429 0
    outer loop
      vertex 70.1718 -20.0123 0
      vertex 70.2644 -20.2 2.2
      vertex 70.2644 -20.2 0
    endloop
  endfacet
  facet normal 0.946901 0.321526 0
    outer loop
      vertex 70.1718 -20.0123 2.2
      vertex 70.1045 -19.8141 0
      vertex 70.1045 -19.8141 2.2
    endloop
  endfacet
  facet normal 0.946901 0.321526 0
    outer loop
      vertex 70.1045 -19.8141 0
      vertex 70.1718 -20.0123 2.2
      vertex 70.1718 -20.0123 0
    endloop
  endfacet
  facet normal 0.321526 -0.946901 0
    outer loop
      vertex 71.0377 20.8782 0
      vertex 71.2359 20.9455 2.2
      vertex 71.0377 20.8782 2.2
    endloop
  endfacet
  facet normal 0.321526 -0.946901 0
    outer loop
      vertex 71.2359 20.9455 2.2
      vertex 71.0377 20.8782 0
      vertex 71.2359 20.9455 0
    endloop
  endfacet
  facet normal 0.751925 -0.659248 0
    outer loop
      vertex 70.3806 20.374 2.2
      vertex 70.5186 20.5314 0
      vertex 70.5186 20.5314 2.2
    endloop
  endfacet
  facet normal 0.751925 -0.659248 0
    outer loop
      vertex 70.5186 20.5314 0
      vertex 70.3806 20.374 2.2
      vertex 70.3806 20.374 0
    endloop
  endfacet
  facet normal 0.997854 -0.0654722 0
    outer loop
      vertex 70.05 19.4 2.2
      vertex 70.0637 19.6088 0
      vertex 70.0637 19.6088 2.2
    endloop
  endfacet
  facet normal 0.997854 -0.0654722 0
    outer loop
      vertex 70.0637 19.6088 0
      vertex 70.05 19.4 2.2
      vertex 70.05 19.4 0
    endloop
  endfacet
  facet normal 0.194922 -0.980819 0
    outer loop
      vertex 71.2359 20.9455 0
      vertex 71.4412 20.9863 2.2
      vertex 71.2359 20.9455 2.2
    endloop
  endfacet
  facet normal 0.194922 -0.980819 0
    outer loop
      vertex 71.4412 20.9863 2.2
      vertex 71.2359 20.9455 0
      vertex 71.4412 20.9863 0
    endloop
  endfacet
  facet normal -0.442429 -0.896803 0
    outer loop
      vertex 72.2623 20.8782 0
      vertex 72.45 20.7856 2.2
      vertex 72.2623 20.8782 2.2
    endloop
  endfacet
  facet normal -0.442429 -0.896803 -0
    outer loop
      vertex 72.45 20.7856 2.2
      vertex 72.2623 20.8782 0
      vertex 72.45 20.7856 0
    endloop
  endfacet
  facet normal -0.831609 -0.555362 0
    outer loop
      vertex 73.0356 20.2 0
      vertex 72.9194 20.374 2.2
      vertex 72.9194 20.374 0
    endloop
  endfacet
  facet normal -0.831609 -0.555362 0
    outer loop
      vertex 72.9194 20.374 2.2
      vertex 73.0356 20.2 0
      vertex 73.0356 20.2 2.2
    endloop
  endfacet
  facet normal -0.980819 0.194922 0
    outer loop
      vertex 73.1955 -19.8141 0
      vertex 73.2363 -19.6088 2.2
      vertex 73.2363 -19.6088 0
    endloop
  endfacet
  facet normal -0.980819 0.194922 0
    outer loop
      vertex 73.2363 -19.6088 2.2
      vertex 73.1955 -19.8141 0
      vertex 73.1955 -19.8141 2.2
    endloop
  endfacet
  facet normal -0.997854 0.0654722 0
    outer loop
      vertex 73.2363 -19.6088 0
      vertex 73.25 -19.4 2.2
      vertex 73.25 -19.4 0
    endloop
  endfacet
  facet normal -0.997854 0.0654722 0
    outer loop
      vertex 73.25 -19.4 2.2
      vertex 73.2363 -19.6088 0
      vertex 73.2363 -19.6088 2.2
    endloop
  endfacet
  facet normal -0.442429 0.896803 0
    outer loop
      vertex 72.45 -20.7856 0
      vertex 72.2623 -20.8782 2.2
      vertex 72.45 -20.7856 2.2
    endloop
  endfacet
  facet normal -0.442429 0.896803 0
    outer loop
      vertex 72.2623 -20.8782 2.2
      vertex 72.45 -20.7856 0
      vertex 72.2623 -20.8782 0
    endloop
  endfacet
  facet normal 0.0654722 0.997854 -0
    outer loop
      vertex 71.65 -21 0
      vertex 71.4412 -20.9863 2.2
      vertex 71.65 -21 2.2
    endloop
  endfacet
  facet normal 0.0654722 0.997854 0
    outer loop
      vertex 71.4412 -20.9863 2.2
      vertex 71.65 -21 0
      vertex 71.4412 -20.9863 0
    endloop
  endfacet
  facet normal 0.194922 0.980819 -0
    outer loop
      vertex 71.4412 -20.9863 0
      vertex 71.2359 -20.9455 2.2
      vertex 71.4412 -20.9863 2.2
    endloop
  endfacet
  facet normal 0.194922 0.980819 0
    outer loop
      vertex 71.2359 -20.9455 2.2
      vertex 71.4412 -20.9863 0
      vertex 71.2359 -20.9455 0
    endloop
  endfacet
  facet normal 0.442429 0.896803 -0
    outer loop
      vertex 71.0377 -20.8782 0
      vertex 70.85 -20.7856 2.2
      vertex 71.0377 -20.8782 2.2
    endloop
  endfacet
  facet normal 0.442429 0.896803 0
    outer loop
      vertex 70.85 -20.7856 2.2
      vertex 71.0377 -20.8782 0
      vertex 70.85 -20.7856 0
    endloop
  endfacet
  facet normal 0.980819 0.194922 0
    outer loop
      vertex 70.1045 -19.8141 2.2
      vertex 70.0637 -19.6088 0
      vertex 70.0637 -19.6088 2.2
    endloop
  endfacet
  facet normal 0.980819 0.194922 0
    outer loop
      vertex 70.0637 -19.6088 0
      vertex 70.1045 -19.8141 2.2
      vertex 70.1045 -19.8141 0
    endloop
  endfacet
  facet normal 0.555362 -0.831609 0
    outer loop
      vertex 70.676 20.6694 0
      vertex 70.85 20.7856 2.2
      vertex 70.676 20.6694 2.2
    endloop
  endfacet
  facet normal 0.555362 -0.831609 0
    outer loop
      vertex 70.85 20.7856 2.2
      vertex 70.676 20.6694 0
      vertex 70.85 20.7856 0
    endloop
  endfacet
  facet normal 0.659248 -0.751925 0
    outer loop
      vertex 70.5186 20.5314 0
      vertex 70.676 20.6694 2.2
      vertex 70.5186 20.5314 2.2
    endloop
  endfacet
  facet normal 0.659248 -0.751925 0
    outer loop
      vertex 70.676 20.6694 2.2
      vertex 70.5186 20.5314 0
      vertex 70.676 20.6694 0
    endloop
  endfacet
  facet normal 0.946901 -0.321526 0
    outer loop
      vertex 70.1045 19.8141 2.2
      vertex 70.1718 20.0123 0
      vertex 70.1718 20.0123 2.2
    endloop
  endfacet
  facet normal 0.946901 -0.321526 0
    outer loop
      vertex 70.1718 20.0123 0
      vertex 70.1045 19.8141 2.2
      vertex 70.1045 19.8141 0
    endloop
  endfacet
  facet normal 0.831609 -0.555362 0
    outer loop
      vertex 70.2644 20.2 2.2
      vertex 70.3806 20.374 0
      vertex 70.3806 20.374 2.2
    endloop
  endfacet
  facet normal 0.831609 -0.555362 0
    outer loop
      vertex 70.3806 20.374 0
      vertex 70.2644 20.2 2.2
      vertex 70.2644 20.2 0
    endloop
  endfacet
  facet normal 0.980819 -0.194922 0
    outer loop
      vertex 70.0637 19.6088 2.2
      vertex 70.1045 19.8141 0
      vertex 70.1045 19.8141 2.2
    endloop
  endfacet
  facet normal 0.980819 -0.194922 0
    outer loop
      vertex 70.1045 19.8141 0
      vertex 70.0637 19.6088 2.2
      vertex 70.0637 19.6088 0
    endloop
  endfacet
  facet normal -0.194922 -0.980819 0
    outer loop
      vertex 71.8588 20.9863 0
      vertex 72.0641 20.9455 2.2
      vertex 71.8588 20.9863 2.2
    endloop
  endfacet
  facet normal -0.194922 -0.980819 -0
    outer loop
      vertex 72.0641 20.9455 2.2
      vertex 71.8588 20.9863 0
      vertex 72.0641 20.9455 0
    endloop
  endfacet
  facet normal -0.0654722 -0.997854 0
    outer loop
      vertex 71.65 21 0
      vertex 71.8588 20.9863 2.2
      vertex 71.65 21 2.2
    endloop
  endfacet
  facet normal -0.0654722 -0.997854 -0
    outer loop
      vertex 71.8588 20.9863 2.2
      vertex 71.65 21 0
      vertex 71.8588 20.9863 0
    endloop
  endfacet
  facet normal -0.751925 0.659248 0
    outer loop
      vertex 72.7814 -20.5314 0
      vertex 72.9194 -20.374 2.2
      vertex 72.9194 -20.374 0
    endloop
  endfacet
  facet normal -0.751925 0.659248 0
    outer loop
      vertex 72.9194 -20.374 2.2
      vertex 72.7814 -20.5314 0
      vertex 72.7814 -20.5314 2.2
    endloop
  endfacet
  facet normal -0.659248 0.751925 0
    outer loop
      vertex 72.7814 -20.5314 0
      vertex 72.624 -20.6694 2.2
      vertex 72.7814 -20.5314 2.2
    endloop
  endfacet
  facet normal -0.659248 0.751925 0
    outer loop
      vertex 72.624 -20.6694 2.2
      vertex 72.7814 -20.5314 0
      vertex 72.624 -20.6694 0
    endloop
  endfacet
  facet normal -0.751925 -0.659248 0
    outer loop
      vertex 72.9194 20.374 0
      vertex 72.7814 20.5314 2.2
      vertex 72.7814 20.5314 0
    endloop
  endfacet
  facet normal -0.751925 -0.659248 0
    outer loop
      vertex 72.7814 20.5314 2.2
      vertex 72.9194 20.374 0
      vertex 72.9194 20.374 2.2
    endloop
  endfacet
  facet normal -0.896803 -0.442429 0
    outer loop
      vertex 73.1282 20.0123 0
      vertex 73.0356 20.2 2.2
      vertex 73.0356 20.2 0
    endloop
  endfacet
  facet normal -0.896803 -0.442429 0
    outer loop
      vertex 73.0356 20.2 2.2
      vertex 73.1282 20.0123 0
      vertex 73.1282 20.0123 2.2
    endloop
  endfacet
  facet normal 0.442429 -0.896803 0
    outer loop
      vertex 70.85 20.7856 0
      vertex 71.0377 20.8782 2.2
      vertex 70.85 20.7856 2.2
    endloop
  endfacet
  facet normal 0.442429 -0.896803 0
    outer loop
      vertex 71.0377 20.8782 2.2
      vertex 70.85 20.7856 0
      vertex 71.0377 20.8782 0
    endloop
  endfacet
  facet normal 0.896803 -0.442429 0
    outer loop
      vertex 70.1718 20.0123 2.2
      vertex 70.2644 20.2 0
      vertex 70.2644 20.2 2.2
    endloop
  endfacet
  facet normal 0.896803 -0.442429 0
    outer loop
      vertex 70.2644 20.2 0
      vertex 70.1718 20.0123 2.2
      vertex 70.1718 20.0123 0
    endloop
  endfacet
  facet normal 0.0654722 -0.997854 0
    outer loop
      vertex 71.4412 20.9863 0
      vertex 71.65 21 2.2
      vertex 71.4412 20.9863 2.2
    endloop
  endfacet
  facet normal 0.0654722 -0.997854 0
    outer loop
      vertex 71.65 21 2.2
      vertex 71.4412 20.9863 0
      vertex 71.65 21 0
    endloop
  endfacet
  facet normal -0.555362 0.831609 0
    outer loop
      vertex 72.624 -20.6694 0
      vertex 72.45 -20.7856 2.2
      vertex 72.624 -20.6694 2.2
    endloop
  endfacet
  facet normal -0.555362 0.831609 0
    outer loop
      vertex 72.45 -20.7856 2.2
      vertex 72.624 -20.6694 0
      vertex 72.45 -20.7856 0
    endloop
  endfacet
  facet normal -0.659248 -0.751925 0
    outer loop
      vertex 72.624 20.6694 0
      vertex 72.7814 20.5314 2.2
      vertex 72.624 20.6694 2.2
    endloop
  endfacet
  facet normal -0.659248 -0.751925 -0
    outer loop
      vertex 72.7814 20.5314 2.2
      vertex 72.624 20.6694 0
      vertex 72.7814 20.5314 0
    endloop
  endfacet
  facet normal -0.980819 -0.194922 0
    outer loop
      vertex 73.2363 19.6088 0
      vertex 73.1955 19.8141 2.2
      vertex 73.1955 19.8141 0
    endloop
  endfacet
  facet normal -0.980819 -0.194922 0
    outer loop
      vertex 73.1955 19.8141 2.2
      vertex 73.2363 19.6088 0
      vertex 73.2363 19.6088 2.2
    endloop
  endfacet
  facet normal -0.997854 -0.0654722 0
    outer loop
      vertex 73.25 19.4 0
      vertex 73.2363 19.6088 2.2
      vertex 73.2363 19.6088 0
    endloop
  endfacet
  facet normal -0.997854 -0.0654722 0
    outer loop
      vertex 73.2363 19.6088 2.2
      vertex 73.25 19.4 0
      vertex 73.25 19.4 2.2
    endloop
  endfacet
  facet normal -0.946901 -0.321526 0
    outer loop
      vertex 73.1955 19.8141 0
      vertex 73.1282 20.0123 2.2
      vertex 73.1282 20.0123 0
    endloop
  endfacet
  facet normal -0.946901 -0.321526 0
    outer loop
      vertex 73.1282 20.0123 2.2
      vertex 73.1955 19.8141 0
      vertex 73.1955 19.8141 2.2
    endloop
  endfacet
  facet normal -0.946901 0.321526 0
    outer loop
      vertex 73.1282 -20.0123 0
      vertex 73.1955 -19.8141 2.2
      vertex 73.1955 -19.8141 0
    endloop
  endfacet
  facet normal -0.946901 0.321526 0
    outer loop
      vertex 73.1955 -19.8141 2.2
      vertex 73.1282 -20.0123 0
      vertex 73.1282 -20.0123 2.2
    endloop
  endfacet
  facet normal -0.896803 0.442429 0
    outer loop
      vertex 73.0356 -20.2 0
      vertex 73.1282 -20.0123 2.2
      vertex 73.1282 -20.0123 0
    endloop
  endfacet
  facet normal -0.896803 0.442429 0
    outer loop
      vertex 73.1282 -20.0123 2.2
      vertex 73.0356 -20.2 0
      vertex 73.0356 -20.2 2.2
    endloop
  endfacet
  facet normal -0.321526 0.946901 0
    outer loop
      vertex 81.2623 -20.8782 0
      vertex 81.0641 -20.9455 2.2
      vertex 81.2623 -20.8782 2.2
    endloop
  endfacet
  facet normal -0.321526 0.946901 0
    outer loop
      vertex 81.0641 -20.9455 2.2
      vertex 81.2623 -20.8782 0
      vertex 81.0641 -20.9455 0
    endloop
  endfacet
  facet normal 0.659248 0.751925 -0
    outer loop
      vertex 79.676 -20.6694 0
      vertex 79.5186 -20.5314 2.2
      vertex 79.676 -20.6694 2.2
    endloop
  endfacet
  facet normal 0.659248 0.751925 0
    outer loop
      vertex 79.5186 -20.5314 2.2
      vertex 79.676 -20.6694 0
      vertex 79.5186 -20.5314 0
    endloop
  endfacet
  facet normal 1 -0 0
    outer loop
      vertex 79.05 -19.4 2.2
      vertex 79.05 19.4 0
      vertex 79.05 19.4 2.2
    endloop
  endfacet
  facet normal 1 0 0
    outer loop
      vertex 79.05 19.4 0
      vertex 79.05 -19.4 2.2
      vertex 79.05 -19.4 0
    endloop
  endfacet
  facet normal -0.321526 -0.946901 0
    outer loop
      vertex 81.0641 20.9455 0
      vertex 81.2623 20.8782 2.2
      vertex 81.0641 20.9455 2.2
    endloop
  endfacet
  facet normal -0.321526 -0.946901 -0
    outer loop
      vertex 81.2623 20.8782 2.2
      vertex 81.0641 20.9455 0
      vertex 81.2623 20.8782 0
    endloop
  endfacet
  facet normal -1 0 0
    outer loop
      vertex 82.25 -19.4 0
      vertex 82.25 19.4 2.2
      vertex 82.25 19.4 0
    endloop
  endfacet
  facet normal -1 -0 0
    outer loop
      vertex 82.25 19.4 2.2
      vertex 82.25 -19.4 0
      vertex 82.25 -19.4 2.2
    endloop
  endfacet
  facet normal 0.831609 0.555362 0
    outer loop
      vertex 79.3806 -20.374 2.2
      vertex 79.2644 -20.2 0
      vertex 79.2644 -20.2 2.2
    endloop
  endfacet
  facet normal 0.831609 0.555362 0
    outer loop
      vertex 79.2644 -20.2 0
      vertex 79.3806 -20.374 2.2
      vertex 79.3806 -20.374 0
    endloop
  endfacet
  facet normal 0.0654722 -0.997854 0
    outer loop
      vertex 80.4412 20.9863 0
      vertex 80.65 21 2.2
      vertex 80.4412 20.9863 2.2
    endloop
  endfacet
  facet normal 0.0654722 -0.997854 0
    outer loop
      vertex 80.65 21 2.2
      vertex 80.4412 20.9863 0
      vertex 80.65 21 0
    endloop
  endfacet
  facet normal -0.555362 -0.831609 0
    outer loop
      vertex 81.45 20.7856 0
      vertex 81.624 20.6694 2.2
      vertex 81.45 20.7856 2.2
    endloop
  endfacet
  facet normal -0.555362 -0.831609 -0
    outer loop
      vertex 81.624 20.6694 2.2
      vertex 81.45 20.7856 0
      vertex 81.624 20.6694 0
    endloop
  endfacet
  facet normal -0.194922 0.980819 0
    outer loop
      vertex 81.0641 -20.9455 0
      vertex 80.8588 -20.9863 2.2
      vertex 81.0641 -20.9455 2.2
    endloop
  endfacet
  facet normal -0.194922 0.980819 0
    outer loop
      vertex 80.8588 -20.9863 2.2
      vertex 81.0641 -20.9455 0
      vertex 80.8588 -20.9863 0
    endloop
  endfacet
  facet normal -0.0654722 0.997854 0
    outer loop
      vertex 80.8588 -20.9863 0
      vertex 80.65 -21 2.2
      vertex 80.8588 -20.9863 2.2
    endloop
  endfacet
  facet normal -0.0654722 0.997854 0
    outer loop
      vertex 80.65 -21 2.2
      vertex 80.8588 -20.9863 0
      vertex 80.65 -21 0
    endloop
  endfacet
  facet normal 0.321526 0.946901 -0
    outer loop
      vertex 80.2359 -20.9455 0
      vertex 80.0377 -20.8782 2.2
      vertex 80.2359 -20.9455 2.2
    endloop
  endfacet
  facet normal 0.321526 0.946901 0
    outer loop
      vertex 80.0377 -20.8782 2.2
      vertex 80.2359 -20.9455 0
      vertex 80.0377 -20.8782 0
    endloop
  endfacet
  facet normal 0.555362 0.831609 -0
    outer loop
      vertex 79.85 -20.7856 0
      vertex 79.676 -20.6694 2.2
      vertex 79.85 -20.7856 2.2
    endloop
  endfacet
  facet normal 0.555362 0.831609 0
    outer loop
      vertex 79.676 -20.6694 2.2
      vertex 79.85 -20.7856 0
      vertex 79.676 -20.6694 0
    endloop
  endfacet
  facet normal 0.751925 0.659248 0
    outer loop
      vertex 79.5186 -20.5314 2.2
      vertex 79.3806 -20.374 0
      vertex 79.3806 -20.374 2.2
    endloop
  endfacet
  facet normal 0.751925 0.659248 0
    outer loop
      vertex 79.3806 -20.374 0
      vertex 79.5186 -20.5314 2.2
      vertex 79.5186 -20.5314 0
    endloop
  endfacet
  facet normal 0.997854 0.0654722 0
    outer loop
      vertex 79.0637 -19.6088 2.2
      vertex 79.05 -19.4 0
      vertex 79.05 -19.4 2.2
    endloop
  endfacet
  facet normal 0.997854 0.0654722 0
    outer loop
      vertex 79.05 -19.4 0
      vertex 79.0637 -19.6088 2.2
      vertex 79.0637 -19.6088 0
    endloop
  endfacet
  facet normal 0.896803 0.442429 0
    outer loop
      vertex 79.2644 -20.2 2.2
      vertex 79.1718 -20.0123 0
      vertex 79.1718 -20.0123 2.2
    endloop
  endfacet
  facet normal 0.896803 0.442429 0
    outer loop
      vertex 79.1718 -20.0123 0
      vertex 79.2644 -20.2 2.2
      vertex 79.2644 -20.2 0
    endloop
  endfacet
  facet normal 0.946901 0.321526 0
    outer loop
      vertex 79.1718 -20.0123 2.2
      vertex 79.1045 -19.8141 0
      vertex 79.1045 -19.8141 2.2
    endloop
  endfacet
  facet normal 0.946901 0.321526 0
    outer loop
      vertex 79.1045 -19.8141 0
      vertex 79.1718 -20.0123 2.2
      vertex 79.1718 -20.0123 0
    endloop
  endfacet
  facet normal 0.321526 -0.946901 0
    outer loop
      vertex 80.0377 20.8782 0
      vertex 80.2359 20.9455 2.2
      vertex 80.0377 20.8782 2.2
    endloop
  endfacet
  facet normal 0.321526 -0.946901 0
    outer loop
      vertex 80.2359 20.9455 2.2
      vertex 80.0377 20.8782 0
      vertex 80.2359 20.9455 0
    endloop
  endfacet
  facet normal 0.751925 -0.659248 0
    outer loop
      vertex 79.3806 20.374 2.2
      vertex 79.5186 20.5314 0
      vertex 79.5186 20.5314 2.2
    endloop
  endfacet
  facet normal 0.751925 -0.659248 0
    outer loop
      vertex 79.5186 20.5314 0
      vertex 79.3806 20.374 2.2
      vertex 79.3806 20.374 0
    endloop
  endfacet
  facet normal 0.997854 -0.0654722 0
    outer loop
      vertex 79.05 19.4 2.2
      vertex 79.0637 19.6088 0
      vertex 79.0637 19.6088 2.2
    endloop
  endfacet
  facet normal 0.997854 -0.0654722 0
    outer loop
      vertex 79.0637 19.6088 0
      vertex 79.05 19.4 2.2
      vertex 79.05 19.4 0
    endloop
  endfacet
  facet normal 0.194922 -0.980819 0
    outer loop
      vertex 80.2359 20.9455 0
      vertex 80.4412 20.9863 2.2
      vertex 80.2359 20.9455 2.2
    endloop
  endfacet
  facet normal 0.194922 -0.980819 0
    outer loop
      vertex 80.4412 20.9863 2.2
      vertex 80.2359 20.9455 0
      vertex 80.4412 20.9863 0
    endloop
  endfacet
  facet normal -0.442429 -0.896803 0
    outer loop
      vertex 81.2623 20.8782 0
      vertex 81.45 20.7856 2.2
      vertex 81.2623 20.8782 2.2
    endloop
  endfacet
  facet normal -0.442429 -0.896803 -0
    outer loop
      vertex 81.45 20.7856 2.2
      vertex 81.2623 20.8782 0
      vertex 81.45 20.7856 0
    endloop
  endfacet
  facet normal -0.751925 0.659248 0
    outer loop
      vertex 81.7814 -20.5314 0
      vertex 81.9194 -20.374 2.2
      vertex 81.9194 -20.374 0
    endloop
  endfacet
  facet normal -0.751925 0.659248 0
    outer loop
      vertex 81.9194 -20.374 2.2
      vertex 81.7814 -20.5314 0
      vertex 81.7814 -20.5314 2.2
    endloop
  endfacet
  facet normal -0.831609 -0.555362 0
    outer loop
      vertex 82.0356 20.2 0
      vertex 81.9194 20.374 2.2
      vertex 81.9194 20.374 0
    endloop
  endfacet
  facet normal -0.831609 -0.555362 0
    outer loop
      vertex 81.9194 20.374 2.2
      vertex 82.0356 20.2 0
      vertex 82.0356 20.2 2.2
    endloop
  endfacet
  facet normal -0.980819 0.194922 0
    outer loop
      vertex 82.1955 -19.8141 0
      vertex 82.2363 -19.6088 2.2
      vertex 82.2363 -19.6088 0
    endloop
  endfacet
  facet normal -0.980819 0.194922 0
    outer loop
      vertex 82.2363 -19.6088 2.2
      vertex 82.1955 -19.8141 0
      vertex 82.1955 -19.8141 2.2
    endloop
  endfacet
  facet normal -0.997854 0.0654722 0
    outer loop
      vertex 82.2363 -19.6088 0
      vertex 82.25 -19.4 2.2
      vertex 82.25 -19.4 0
    endloop
  endfacet
  facet normal -0.997854 0.0654722 0
    outer loop
      vertex 82.25 -19.4 2.2
      vertex 82.2363 -19.6088 0
      vertex 82.2363 -19.6088 2.2
    endloop
  endfacet
  facet normal -0.442429 0.896803 0
    outer loop
      vertex 81.45 -20.7856 0
      vertex 81.2623 -20.8782 2.2
      vertex 81.45 -20.7856 2.2
    endloop
  endfacet
  facet normal -0.442429 0.896803 0
    outer loop
      vertex 81.2623 -20.8782 2.2
      vertex 81.45 -20.7856 0
      vertex 81.2623 -20.8782 0
    endloop
  endfacet
  facet normal 0.0654722 0.997854 -0
    outer loop
      vertex 80.65 -21 0
      vertex 80.4412 -20.9863 2.2
      vertex 80.65 -21 2.2
    endloop
  endfacet
  facet normal 0.0654722 0.997854 0
    outer loop
      vertex 80.4412 -20.9863 2.2
      vertex 80.65 -21 0
      vertex 80.4412 -20.9863 0
    endloop
  endfacet
  facet normal 0.194922 0.980819 -0
    outer loop
      vertex 80.4412 -20.9863 0
      vertex 80.2359 -20.9455 2.2
      vertex 80.4412 -20.9863 2.2
    endloop
  endfacet
  facet normal 0.194922 0.980819 0
    outer loop
      vertex 80.2359 -20.9455 2.2
      vertex 80.4412 -20.9863 0
      vertex 80.2359 -20.9455 0
    endloop
  endfacet
  facet normal 0.442429 0.896803 -0
    outer loop
      vertex 80.0377 -20.8782 0
      vertex 79.85 -20.7856 2.2
      vertex 80.0377 -20.8782 2.2
    endloop
  endfacet
  facet normal 0.442429 0.896803 0
    outer loop
      vertex 79.85 -20.7856 2.2
      vertex 80.0377 -20.8782 0
      vertex 79.85 -20.7856 0
    endloop
  endfacet
  facet normal 0.980819 0.194922 0
    outer loop
      vertex 79.1045 -19.8141 2.2
      vertex 79.0637 -19.6088 0
      vertex 79.0637 -19.6088 2.2
    endloop
  endfacet
  facet normal 0.980819 0.194922 0
    outer loop
      vertex 79.0637 -19.6088 0
      vertex 79.1045 -19.8141 2.2
      vertex 79.1045 -19.8141 0
    endloop
  endfacet
  facet normal 0.555362 -0.831609 0
    outer loop
      vertex 79.676 20.6694 0
      vertex 79.85 20.7856 2.2
      vertex 79.676 20.6694 2.2
    endloop
  endfacet
  facet normal 0.555362 -0.831609 0
    outer loop
      vertex 79.85 20.7856 2.2
      vertex 79.676 20.6694 0
      vertex 79.85 20.7856 0
    endloop
  endfacet
  facet normal 0.659248 -0.751925 0
    outer loop
      vertex 79.5186 20.5314 0
      vertex 79.676 20.6694 2.2
      vertex 79.5186 20.5314 2.2
    endloop
  endfacet
  facet normal 0.659248 -0.751925 0
    outer loop
      vertex 79.676 20.6694 2.2
      vertex 79.5186 20.5314 0
      vertex 79.676 20.6694 0
    endloop
  endfacet
  facet normal 0.946901 -0.321526 0
    outer loop
      vertex 79.1045 19.8141 2.2
      vertex 79.1718 20.0123 0
      vertex 79.1718 20.0123 2.2
    endloop
  endfacet
  facet normal 0.946901 -0.321526 0
    outer loop
      vertex 79.1718 20.0123 0
      vertex 79.1045 19.8141 2.2
      vertex 79.1045 19.8141 0
    endloop
  endfacet
  facet normal 0.831609 -0.555362 0
    outer loop
      vertex 79.2644 20.2 2.2
      vertex 79.3806 20.374 0
      vertex 79.3806 20.374 2.2
    endloop
  endfacet
  facet normal 0.831609 -0.555362 0
    outer loop
      vertex 79.3806 20.374 0
      vertex 79.2644 20.2 2.2
      vertex 79.2644 20.2 0
    endloop
  endfacet
  facet normal 0.980819 -0.194922 0
    outer loop
      vertex 79.0637 19.6088 2.2
      vertex 79.1045 19.8141 0
      vertex 79.1045 19.8141 2.2
    endloop
  endfacet
  facet normal 0.980819 -0.194922 0
    outer loop
      vertex 79.1045 19.8141 0
      vertex 79.0637 19.6088 2.2
      vertex 79.0637 19.6088 0
    endloop
  endfacet
  facet normal -0.194922 -0.980819 0
    outer loop
      vertex 80.8588 20.9863 0
      vertex 81.0641 20.9455 2.2
      vertex 80.8588 20.9863 2.2
    endloop
  endfacet
  facet normal -0.194922 -0.980819 -0
    outer loop
      vertex 81.0641 20.9455 2.2
      vertex 80.8588 20.9863 0
      vertex 81.0641 20.9455 0
    endloop
  endfacet
  facet normal -0.0654722 -0.997854 0
    outer loop
      vertex 80.65 21 0
      vertex 80.8588 20.9863 2.2
      vertex 80.65 21 2.2
    endloop
  endfacet
  facet normal -0.0654722 -0.997854 -0
    outer loop
      vertex 80.8588 20.9863 2.2
      vertex 80.65 21 0
      vertex 80.8588 20.9863 0
    endloop
  endfacet
  facet normal -0.659248 0.751925 0
    outer loop
      vertex 81.7814 -20.5314 0
      vertex 81.624 -20.6694 2.2
      vertex 81.7814 -20.5314 2.2
    endloop
  endfacet
  facet normal -0.659248 0.751925 0
    outer loop
      vertex 81.624 -20.6694 2.2
      vertex 81.7814 -20.5314 0
      vertex 81.624 -20.6694 0
    endloop
  endfacet
  facet normal -0.751925 -0.659248 0
    outer loop
      vertex 81.9194 20.374 0
      vertex 81.7814 20.5314 2.2
      vertex 81.7814 20.5314 0
    endloop
  endfacet
  facet normal -0.751925 -0.659248 0
    outer loop
      vertex 81.7814 20.5314 2.2
      vertex 81.9194 20.374 0
      vertex 81.9194 20.374 2.2
    endloop
  endfacet
  facet normal -0.896803 -0.442429 0
    outer loop
      vertex 82.1282 20.0123 0
      vertex 82.0356 20.2 2.2
      vertex 82.0356 20.2 0
    endloop
  endfacet
  facet normal -0.896803 -0.442429 0
    outer loop
      vertex 82.0356 20.2 2.2
      vertex 82.1282 20.0123 0
      vertex 82.1282 20.0123 2.2
    endloop
  endfacet
  facet normal -0.831609 0.555362 0
    outer loop
      vertex 81.9194 -20.374 0
      vertex 82.0356 -20.2 2.2
      vertex 82.0356 -20.2 0
    endloop
  endfacet
  facet normal -0.831609 0.555362 0
    outer loop
      vertex 82.0356 -20.2 2.2
      vertex 81.9194 -20.374 0
      vertex 81.9194 -20.374 2.2
    endloop
  endfacet
  facet normal 0.442429 -0.896803 0
    outer loop
      vertex 79.85 20.7856 0
      vertex 80.0377 20.8782 2.2
      vertex 79.85 20.7856 2.2
    endloop
  endfacet
  facet normal 0.442429 -0.896803 0
    outer loop
      vertex 80.0377 20.8782 2.2
      vertex 79.85 20.7856 0
      vertex 80.0377 20.8782 0
    endloop
  endfacet
  facet normal 0.896803 -0.442429 0
    outer loop
      vertex 79.1718 20.0123 2.2
      vertex 79.2644 20.2 0
      vertex 79.2644 20.2 2.2
    endloop
  endfacet
  facet normal 0.896803 -0.442429 0
    outer loop
      vertex 79.2644 20.2 0
      vertex 79.1718 20.0123 2.2
      vertex 79.1718 20.0123 0
    endloop
  endfacet
  facet normal -0.555362 0.831609 0
    outer loop
      vertex 81.624 -20.6694 0
      vertex 81.45 -20.7856 2.2
      vertex 81.624 -20.6694 2.2
    endloop
  endfacet
  facet normal -0.555362 0.831609 0
    outer loop
      vertex 81.45 -20.7856 2.2
      vertex 81.624 -20.6694 0
      vertex 81.45 -20.7856 0
    endloop
  endfacet
  facet normal -0.659248 -0.751925 0
    outer loop
      vertex 81.624 20.6694 0
      vertex 81.7814 20.5314 2.2
      vertex 81.624 20.6694 2.2
    endloop
  endfacet
  facet normal -0.659248 -0.751925 -0
    outer loop
      vertex 81.7814 20.5314 2.2
      vertex 81.624 20.6694 0
      vertex 81.7814 20.5314 0
    endloop
  endfacet
  facet normal -0.980819 -0.194922 0
    outer loop
      vertex 82.2363 19.6088 0
      vertex 82.1955 19.8141 2.2
      vertex 82.1955 19.8141 0
    endloop
  endfacet
  facet normal -0.980819 -0.194922 0
    outer loop
      vertex 82.1955 19.8141 2.2
      vertex 82.2363 19.6088 0
      vertex 82.2363 19.6088 2.2
    endloop
  endfacet
  facet normal -0.997854 -0.0654722 0
    outer loop
      vertex 82.25 19.4 0
      vertex 82.2363 19.6088 2.2
      vertex 82.2363 19.6088 0
    endloop
  endfacet
  facet normal -0.997854 -0.0654722 0
    outer loop
      vertex 82.2363 19.6088 2.2
      vertex 82.25 19.4 0
      vertex 82.25 19.4 2.2
    endloop
  endfacet
  facet normal -0.946901 -0.321526 0
    outer loop
      vertex 82.1955 19.8141 0
      vertex 82.1282 20.0123 2.2
      vertex 82.1282 20.0123 0
    endloop
  endfacet
  facet normal -0.946901 -0.321526 0
    outer loop
      vertex 82.1282 20.0123 2.2
      vertex 82.1955 19.8141 0
      vertex 82.1955 19.8141 2.2
    endloop
  endfacet
  facet normal -0.946901 0.321526 0
    outer loop
      vertex 82.1282 -20.0123 0
      vertex 82.1955 -19.8141 2.2
      vertex 82.1955 -19.8141 0
    endloop
  endfacet
  facet normal -0.946901 0.321526 0
    outer loop
      vertex 82.1955 -19.8141 2.2
      vertex 82.1282 -20.0123 0
      vertex 82.1282 -20.0123 2.2
    endloop
  endfacet
  facet normal -0.896803 0.442429 0
    outer loop
      vertex 82.0356 -20.2 0
      vertex 82.1282 -20.0123 2.2
      vertex 82.1282 -20.0123 0
    endloop
  endfacet
  facet normal -0.896803 0.442429 0
    outer loop
      vertex 82.1282 -20.0123 2.2
      vertex 82.0356 -20.2 0
      vertex 82.0356 -20.2 2.2
    endloop
  endfacet
  facet normal -1 0 0
    outer loop
      vertex 19.195 24.17 0
      vertex 19.195 35.17 2.2
      vertex 19.195 35.17 0
    endloop
  endfacet
  facet normal -1 -0 0
    outer loop
      vertex 19.195 35.17 2.2
      vertex 19.195 24.17 0
      vertex 19.195 24.17 2.2
    endloop
  endfacet
  facet normal 0 1 0
    outer loop
      vertex 19.195 24.17 2.2
      vertex 19.195 24.17 0
      vertex 7.62 24.17 2.2
    endloop
  endfacet
  facet normal 0 1 -0
    outer loop
      vertex 7.62 24.17 2.2
      vertex 6.52001 24.17 4
      vertex 7.62 24.17 4
    endloop
  endfacet
  facet normal 0 1 0
    outer loop
      vertex 7.62 24.17 2.2
      vertex 6.52001 24.17 0
      vertex 6.52001 24.17 4
    endloop
  endfacet
  facet normal 0 1 0
    outer loop
      vertex 6.52001 24.17 0
      vertex 7.62 24.17 2.2
      vertex 19.195 24.17 0
    endloop
  endfacet
  facet normal 0 -1 0
    outer loop
      vertex 6.52001 35.17 4
      vertex 7.62 35.17 2.2
      vertex 7.62 35.17 4
    endloop
  endfacet
  facet normal 0 -1 0
    outer loop
      vertex 6.52001 35.17 0
      vertex 7.62 35.17 2.2
      vertex 6.52001 35.17 4
    endloop
  endfacet
  facet normal 0 -1 0
    outer loop
      vertex 19.195 35.17 0
      vertex 7.62 35.17 2.2
      vertex 6.52001 35.17 0
    endloop
  endfacet
  facet normal 0 -1 0
    outer loop
      vertex 7.62 35.17 2.2
      vertex 19.195 35.17 0
      vertex 19.195 35.17 2.2
    endloop
  endfacet
  facet normal -1 0 0
    outer loop
      vertex 19.195 9.78 0
      vertex 19.195 20.78 2.2
      vertex 19.195 20.78 0
    endloop
  endfacet
  facet normal -1 -0 0
    outer loop
      vertex 19.195 20.78 2.2
      vertex 19.195 9.78 0
      vertex 19.195 9.78 2.2
    endloop
  endfacet
  facet normal 0 1 0
    outer loop
      vertex 19.195 9.78 2.2
      vertex 19.195 9.78 0
      vertex 7.62 9.78 2.2
    endloop
  endfacet
  facet normal 0 1 -0
    outer loop
      vertex 7.62 9.78 2.2
      vertex 6.52001 9.78 4
      vertex 7.62 9.78 4
    endloop
  endfacet
  facet normal 0 1 0
    outer loop
      vertex 7.62 9.78 2.2
      vertex 6.52001 9.78 0
      vertex 6.52001 9.78 4
    endloop
  endfacet
  facet normal 0 1 0
    outer loop
      vertex 6.52001 9.78 0
      vertex 7.62 9.78 2.2
      vertex 19.195 9.78 0
    endloop
  endfacet
  facet normal 0 -1 0
    outer loop
      vertex 6.52001 20.78 4
      vertex 7.62 20.78 2.2
      vertex 7.62 20.78 4
    endloop
  endfacet
  facet normal 0 -1 0
    outer loop
      vertex 6.52001 20.78 0
      vertex 7.62 20.78 2.2
      vertex 6.52001 20.78 4
    endloop
  endfacet
  facet normal 0 -1 0
    outer loop
      vertex 19.195 20.78 0
      vertex 7.62 20.78 2.2
      vertex 6.52001 20.78 0
    endloop
  endfacet
  facet normal 0 -1 0
    outer loop
      vertex 7.62 20.78 2.2
      vertex 19.195 20.78 0
      vertex 19.195 20.78 2.2
    endloop
  endfacet
endsolid OpenSCAD_Model
