/*******************************************************************************
 * Size: 16 px
 * Bpp: 2
 * Opts: --size 16 --bpp 2 --format lvgl --font /usr/share/fonts/truetype/noto/NotoSans-Regular.ttf --range 0x00A0-0x024F --no-kerning --lv-include lvgl.h --lv-font-name azoria_font_latin_16 --lv-fallback lv_font_montserrat_14 -o firmware/src/ui/assets/azoria_font_latin_16.c
 ******************************************************************************/

#ifdef LV_LVGL_H_INCLUDE_SIMPLE
#include "lvgl.h"
#else
#include "lvgl.h"
#endif

#ifndef AZORIA_FONT_LATIN_16
#define AZORIA_FONT_LATIN_16 1
#endif

#if AZORIA_FONT_LATIN_16

/*-----------------
 *    BITMAPS
 *----------------*/

/*Store the image of the glyphs*/
static LV_ATTRIBUTE_LARGE_CONST const uint8_t glyph_bitmap[] = {
    /* U+00A0 " " */

    /* U+00A1 "¡" */
    0xb1, 0x7, 0x80, 0x8e, 0x1f, 0x68, 0x7f, 0xf0,
    0x40,

    /* U+00A2 "¢" */
    0x9, 0x83, 0x51, 0xd3, 0x6e, 0xa, 0x45, 0x84,
    0x36, 0x1e, 0xc3, 0xff, 0x82, 0x98, 0x49, 0x9f,
    0x81, 0xab, 0x82, 0xc2,

    /* U+00A3 "£" */
    0x9, 0xfa, 0x9, 0xac, 0x1a, 0x5d, 0x7, 0xff,
    0x41, 0xc7, 0xd0, 0x1c, 0x7d, 0x7, 0x61, 0xff,
    0xc3, 0x80, 0xb8, 0x51, 0x5e,

    /* U+00A4 "¤" */
    0xf, 0xf7, 0x7d, 0x60, 0xdb, 0x98, 0xb, 0xd,
    0x87, 0xfc, 0xb0, 0x2c, 0x11, 0x78, 0x81, 0xfe,
    0x80,

    /* U+00A5 "¥" */
    0xb0, 0xee, 0x82, 0x12, 0x45, 0x2, 0x90, 0x22,
    0x24, 0x15, 0x9, 0xc, 0x91, 0x5, 0x62, 0x70,
    0x2f, 0x17, 0x7, 0xfd, 0x78, 0xb8, 0x17, 0x8b,
    0x83, 0xfc,

    /* U+00A6 "¦" */
    0x30, 0xff, 0xa1, 0x9, 0x20, 0xff, 0x0,

    /* U+00A7 "§" */
    0x5, 0xf4, 0x8, 0xf5, 0x81, 0x9, 0x40, 0xde,
    0xc, 0x91, 0xa0, 0xa3, 0x50, 0x58, 0x10, 0xb7,
    0xb8, 0x2f, 0x3, 0xe, 0xa2, 0x8, 0x2c, 0x37,
    0xc6, 0x0,

    /* U+00A8 "¨" */
    0x10, 0x2b, 0x1c,

    /* U+00A9 "©" */
    0xd, 0x7d, 0x7, 0x9f, 0xf9, 0xd, 0x6d, 0xfc,
    0x82, 0x84, 0xfc, 0x50, 0xa, 0x1c, 0x8, 0x14,
    0x21, 0xfd, 0x87, 0xff, 0xd, 0xa, 0xe, 0xc0,
    0xa3, 0x7d, 0x1, 0x45, 0x1, 0xf4, 0x50, 0x2b,
    0x42, 0x71, 0x9, 0xff, 0xa0, 0x0,

    /* U+00AA "ª" */
    0x2f, 0x25, 0xe8, 0xa8, 0x4a, 0xa, 0xa0,

    /* U+00AB "«" */
    0xa, 0x4, 0x14, 0x92, 0x9, 0xd5, 0x81, 0x8a,
    0x4, 0xc3, 0x5, 0x14, 0x60, 0xb4, 0x90, 0xd8,
    0x30,

    /* U+00AC "¬" */
    0x3f, 0xe4, 0xff, 0x7, 0xff, 0x3f, 0x40,

    /* U+00AD "­" */
    0xe, 0x7e, 0x9f, 0xa0,

    /* U+00AE "®" */
    0xd, 0x7d, 0x7, 0x9f, 0xf9, 0xd, 0x67, 0xcf,
    0x90, 0x50, 0xdd, 0xca, 0x1, 0x41, 0xa0, 0x94,
    0x21, 0xd0, 0x58, 0x79, 0xdc, 0x39, 0x9, 0xc4,
    0x18, 0x14, 0x1a, 0x80, 0x51, 0x43, 0xc2, 0xd4,
    0xa, 0xc4, 0x1c, 0x21, 0x3f, 0xf4, 0x0,

    /* U+00AF "¯" */
    0x3f, 0xf0, 0x3f, 0xf0,

    /* U+00B0 "°" */
    0x7, 0xa0, 0x77, 0xa0, 0x22, 0x80, 0x8a, 0x3b,
    0xd0,

    /* U+00B1 "±" */
    0xd, 0x87, 0xff, 0x53, 0xe3, 0xe4, 0xf8, 0xbc,
    0x87, 0x21, 0xff, 0xc4, 0xc3, 0xbf, 0xe4,

    /* U+00B2 "²" */
    0x2f, 0x27, 0xa8, 0x21, 0xea, 0x3, 0x93, 0x92,
    0x2f, 0x0,

    /* U+00B3 "³" */
    0x3e, 0x41, 0x74, 0x2, 0x4, 0x17, 0x60, 0xba,
    0x7, 0xcf, 0xa8, 0x0,

    /* U+00B4 "´" */
    0x2, 0x86, 0x4b, 0x0,

    /* U+00B5 "µ" */
    0xb0, 0xdc, 0x1f, 0xfe, 0x64, 0x10, 0x6b, 0xe4,
    0xf, 0xcd, 0x4, 0x3f, 0xf9, 0x40,

    /* U+00B6 "¶" */
    0x5, 0xfe, 0x24, 0x2f, 0x1, 0xf, 0xfe, 0xba,
    0x1f, 0xa4, 0x3f, 0x5e, 0x43, 0xff, 0xd3, 0x82,

    /* U+00B7 "·" */
    0xb, 0xc2, 0x0,

    /* U+00B8 "¸" */
    0xe, 0xc2, 0x70, 0x43, 0x6a,

    /* U+00B9 "¹" */
    0x7, 0x8d, 0x7, 0x83, 0xff, 0x8a,

    /* U+00BA "º" */
    0x1f, 0x20, 0xbd, 0xa, 0x2, 0x83, 0xca, 0x2,
    0x8b, 0xd0,

    /* U+00BB "»" */
    0x20, 0x41, 0x98, 0x18, 0x5a, 0xa2, 0xa, 0x86,
    0xa0, 0x49, 0x9, 0x12, 0xb0, 0x39, 0x40, 0xb0,
    0x68, 0x0,

    /* U+00BC "¼" */
    0x7, 0x83, 0x38, 0x5a, 0x1d, 0x40, 0xbc, 0x19,
    0x60, 0xfe, 0xa0, 0x7f, 0x48, 0x7f, 0x98, 0xf0,
    0x7b, 0x88, 0x39, 0xd1, 0x44, 0x1e, 0xa1, 0x40,
    0xf4, 0xa8, 0xe3, 0x9, 0x8b, 0xd1, 0x82, 0x43,
    0xf0,

    /* U+00BD "½" */
    0x1e, 0xd, 0xa0, 0x64, 0x32, 0x20, 0x70, 0xea,
    0x7, 0xf4, 0xa0, 0xfe, 0x60, 0xfe, 0x95, 0xe8,
    0x3c, 0xcf, 0x88, 0x14, 0xe0, 0xfe, 0x44, 0x33,
    0x5, 0x61, 0xbc, 0x14, 0x86, 0xf0, 0x66, 0xb,
    0x3d, 0x3, 0xd, 0xfa,

    /* U+00BE "¾" */
    0x7e, 0x43, 0x50, 0xd, 0xd0, 0x33, 0x4, 0x9a,
    0x15, 0x3, 0x5b, 0x1, 0x60, 0xd7, 0x60, 0xa0,
    0x7f, 0x97, 0x68, 0xfa, 0x85, 0xc, 0x27, 0xe6,
    0x4a, 0x7, 0xe6, 0x43, 0xfb, 0x89, 0xc9, 0x9,
    0x13, 0xe2, 0x42, 0xb0, 0xfc,

    /* U+00BF "¿" */
    0xa, 0xc3, 0x90, 0xf7, 0x83, 0xc8, 0x75, 0x87,
    0x38, 0x6d, 0x41, 0x6c, 0x12, 0x41, 0xb0, 0xf6,
    0x20, 0x5d, 0x7a, 0x5, 0xf9,

    /* U+00C0 "À" */
    0x9, 0x41, 0xfe, 0x90, 0xfc, 0xd0, 0x3f, 0x9c,
    0x3f, 0xac, 0x3f, 0x91, 0xf, 0x91, 0xc3, 0xe9,
    0xd0, 0xfd, 0x22, 0x1d, 0x4, 0xc1, 0xcc, 0xc,
    0x39, 0x2f, 0x44, 0x16, 0x56, 0x50, 0x4c, 0xba,
    0x11, 0x10, 0xf6, 0x48, 0x7a, 0x40,

    /* U+00C1 "Á" */
    0xe, 0x60, 0xfe, 0x83, 0xfa, 0x60, 0xfd, 0x40,
    0xfe, 0xb0, 0xfe, 0x44, 0x3e, 0x47, 0xf, 0xa7,
    0x43, 0xf4, 0x88, 0x74, 0x13, 0x7, 0x30, 0x30,
    0xe4, 0xbd, 0x10, 0x59, 0x59, 0x41, 0x32, 0xe8,
    0x44, 0x43, 0xd9, 0x21, 0xe9, 0x0,

    /* U+00C2 "Â" */
    0xc, 0xa0, 0xfc, 0xd4, 0x1e, 0x6f, 0x28, 0x39,
    0xc1, 0xa1, 0xf5, 0x87, 0xf2, 0x21, 0xf2, 0x38,
    0x7d, 0x3a, 0x1f, 0xa4, 0x43, 0xa0, 0x98, 0x39,
    0x81, 0x87, 0x25, 0xe8, 0x82, 0xca, 0xca, 0x9,
    0x97, 0x42, 0x22, 0x1e, 0xc9, 0xf, 0x48,

    /* U+00C3 "Ã" */
    0xb, 0xc9, 0x87, 0x56, 0xe0, 0xe9, 0x5e, 0x43,
    0xeb, 0xf, 0xe4, 0x43, 0xe4, 0x70, 0xfa, 0x74,
    0x3f, 0x48, 0x87, 0x41, 0x30, 0x73, 0x3, 0xe,
    0x4b, 0xd1, 0x5, 0x95, 0x94, 0x13, 0x2e, 0x84,
    0x44, 0x3d, 0x92, 0x1e, 0x90,

    /* U+00C4 "Ä" */
    0xb, 0x6, 0x1f, 0x20, 0x43, 0xe8, 0x10, 0x7e,
    0xb0, 0xfe, 0x44, 0x3e, 0x47, 0xf, 0xa7, 0x43,
    0xf4, 0x88, 0x74, 0x13, 0x7, 0x30, 0x30, 0xe4,
    0xbd, 0x10, 0x59, 0x59, 0x41, 0x32, 0xe8, 0x44,
    0x43, 0xd9, 0x21, 0xe9, 0x0,

    /* U+00C5 "Å" */
    0xd, 0x61, 0xfa, 0xf8, 0x3f, 0x94, 0x1f, 0x56,
    0xf, 0xf2, 0x1f, 0x23, 0x87, 0xd3, 0xa1, 0xfa,
    0x44, 0x3a, 0x9, 0x83, 0x98, 0x18, 0x72, 0x5e,
    0x88, 0x2c, 0xac, 0xa0, 0x99, 0x74, 0x22, 0x21,
    0xec, 0x90, 0xf4, 0x80,

    /* U+00C6 "Æ" */
    0xf, 0x7f, 0xe0, 0xf2, 0x43, 0x58, 0x3d, 0xa8,
    0xb, 0x83, 0xce, 0x1f, 0xfc, 0x8, 0x43, 0xff,
    0x80, 0xc1, 0x3f, 0x83, 0x42, 0x13, 0xf8, 0x32,
    0x7c, 0x1f, 0xc9, 0x58, 0x3f, 0xa5, 0xe0, 0xfc,
    0x90, 0x79, 0x70, 0x24, 0x3c, 0xd6, 0x0,

    /* U+00C7 "Ç" */
    0xd, 0x7d, 0x4, 0xed, 0x41, 0xa7, 0x5a, 0x4,
    0x41, 0xf2, 0x83, 0xff, 0xb4, 0xa0, 0xfd, 0x90,
    0x7c, 0xb6, 0xb4, 0x15, 0x1a, 0x83, 0x99, 0xb8,
    0x3d, 0xc8, 0x7c, 0xac, 0x3d, 0x6c, 0x0,

    /* U+00C8 "È" */
    0x2, 0x83, 0xb8, 0x3a, 0x60, 0xea, 0x1, 0xff,
    0x2, 0xb8, 0xb, 0xc1, 0xff, 0xc4, 0xfd, 0x3,
    0xf4, 0x1f, 0xfc, 0xb5, 0xe0, 0x57, 0x0,

    /* U+00C9 "É" */
    0xc, 0xa0, 0xe8, 0x3b, 0x90, 0xda, 0x7, 0xfc,
    0xa, 0xe0, 0x2f, 0x7, 0xff, 0x13, 0xf4, 0xf,
    0xd0, 0x7f, 0xf2, 0xd7, 0x81, 0x5c,

    /* U+00CA "Ê" */
    0x9, 0x41, 0xaa, 0x40, 0x9e, 0x91, 0x81, 0xab,
    0xfc, 0xa, 0xe0, 0x2f, 0x7, 0xff, 0x13, 0xf4,
    0xf, 0xd0, 0x7f, 0xf2, 0xd7, 0x81, 0x5c,

    /* U+00CB "Ë" */
    0x6, 0xc, 0x24, 0x8, 0x50, 0x21, 0xff, 0x2,
    0xb8, 0xb, 0xc1, 0xff, 0xc4, 0xfd, 0x3, 0xf4,
    0x1f, 0xfc, 0xb5, 0xe0, 0x57, 0x0,

    /* U+00CC "Ì" */
    0x20, 0xec, 0x29, 0x82, 0xa0, 0xfd, 0x39, 0x40,
    0xff, 0xf0, 0xb9, 0x40,

    /* U+00CD "Í" */
    0x9, 0x40, 0x60, 0xa8, 0x83, 0x47, 0xe9, 0xca,
    0x7, 0xff, 0x85, 0xca, 0x0,

    /* U+00CE "Î" */
    0x2, 0x82, 0xa8, 0x11, 0xd9, 0x41, 0xc7, 0xe8,
    0x72, 0x81, 0xff, 0xeb, 0x72, 0x80,

    /* U+00CF "Ï" */
    0x71, 0xd8, 0x61, 0x2, 0xbe, 0x9c, 0xa0, 0x7f,
    0xf8, 0x5c, 0xa0,

    /* U+00D0 "Ð" */
    0x1f, 0xe8, 0x3d, 0x52, 0xb0, 0xe5, 0xac, 0xc3,
    0xfa, 0x10, 0xfc, 0x98, 0x7f, 0xd4, 0x3e, 0xe,
    0xa1, 0x78, 0x3f, 0x21, 0x93, 0xf, 0xd0, 0x84,
    0xb5, 0x98, 0x6a, 0x9b, 0x0,

    /* U+00D1 "Ñ" */
    0xb, 0xc9, 0x86, 0xad, 0xc1, 0xa5, 0x79, 0x3,
    0xc1, 0xd4, 0x2, 0x1f, 0xec, 0x3f, 0x42, 0x1f,
    0x2a, 0xf, 0xd1, 0x7, 0xe9, 0x41, 0xf2, 0x41,
    0xfb, 0x20, 0xfc, 0xb0, 0x7d, 0x7, 0xfa, 0x0,

    /* U+00D2 "Ò" */
    0xc, 0xa0, 0xff, 0x32, 0x1f, 0xee, 0xf, 0xfb,
    0xf, 0xcd, 0xf4, 0x1d, 0x42, 0xa7, 0xc, 0xa9,
    0x6c, 0x81, 0x10, 0x74, 0x81, 0x41, 0xe4, 0x43,
    0xff, 0xb2, 0xa0, 0xf2, 0x24, 0x41, 0xd2, 0x12,
    0xa5, 0xb2, 0xa, 0x85, 0x4e, 0x0,

    /* U+00D3 "Ó" */
    0xf, 0xa0, 0xff, 0x68, 0x7f, 0x2b, 0xf, 0xe6,
    0xf, 0xcd, 0xf4, 0x1d, 0x42, 0xa7, 0xc, 0xa9,
    0x6c, 0x81, 0x10, 0x74, 0x81, 0x41, 0xe4, 0x43,
    0xff, 0xb2, 0xa0, 0xf2, 0x24, 0x41, 0xd2, 0x12,
    0xa5, 0xb2, 0xa, 0x85, 0x4e, 0x0,

    /* U+00D4 "Ô" */
    0xe, 0x50, 0x7f, 0xaa, 0xf, 0xdd, 0x90, 0x7d,
    0xa5, 0x3, 0xcd, 0xf4, 0x1d, 0x42, 0xa7, 0xc,
    0xa9, 0x6c, 0x81, 0x10, 0x74, 0x81, 0x41, 0xe4,
    0x43, 0xff, 0xb2, 0xa0, 0xf2, 0x24, 0x41, 0xd2,
    0x12, 0xa5, 0xb2, 0xa, 0x85, 0x4e, 0x0,

    /* U+00D5 "Õ" */
    0xd, 0xe4, 0xc3, 0xd3, 0x4d, 0xf, 0x51, 0xf4,
    0x1e, 0x6f, 0xa0, 0xea, 0x15, 0x38, 0x65, 0x4b,
    0x64, 0x8, 0x83, 0xa4, 0xa, 0xf, 0x22, 0x1f,
    0xfd, 0x95, 0x7, 0x91, 0x22, 0xe, 0x90, 0x95,
    0x2d, 0x90, 0x54, 0x2a, 0x70, 0x0,

    /* U+00D6 "Ö" */
    0xd, 0xa6, 0x87, 0xd2, 0x48, 0x7c, 0x81, 0xf,
    0x9b, 0xe8, 0x3a, 0x85, 0x4e, 0x19, 0x52, 0xd9,
    0x2, 0x20, 0xe9, 0x2, 0x83, 0xc8, 0x87, 0xff,
    0x65, 0x41, 0xe4, 0x48, 0x83, 0xa4, 0x25, 0x4b,
    0x64, 0x15, 0xa, 0x9c, 0x0,

    /* U+00D7 "×" */
    0xf, 0xd4, 0xa, 0xc9, 0x89, 0xc1, 0xbb, 0x86,
    0x44, 0x34, 0xcc, 0x5, 0x6e, 0xc0, 0xc2, 0xc0,

    /* U+00D8 "Ø" */
    0xf, 0xfe, 0x1b, 0x7d, 0x50, 0x54, 0x28, 0xb4,
    0x12, 0xa5, 0x40, 0x81, 0x10, 0x5b, 0x20, 0x50,
    0x49, 0x22, 0x1e, 0xa0, 0x7f, 0x6a, 0xf, 0xd1,
    0x7, 0x97, 0x61, 0x22, 0x45, 0x3, 0x48, 0x76,
    0xb6, 0x41, 0xa2, 0xa7, 0xd, 0xb7, 0xd0, 0x40,

    /* U+00D9 "Ù" */
    0x9, 0x41, 0xfb, 0x83, 0xf4, 0xc1, 0xfa, 0x81,
    0xac, 0x3d, 0x87, 0xff, 0xef, 0xf, 0x20, 0x44,
    0x36, 0x13, 0x45, 0x4c, 0xa, 0x34, 0x24,

    /* U+00DA "Ú" */
    0xe, 0x50, 0x7e, 0x83, 0xf7, 0x21, 0xf6, 0x86,
    0xb0, 0xf6, 0x1f, 0xff, 0xbc, 0x3c, 0x81, 0x10,
    0xd8, 0x4d, 0x15, 0x30, 0x28, 0xd0, 0x90,

    /* U+00DB "Û" */
    0xc, 0xa0, 0xfa, 0xa4, 0x39, 0x3d, 0x21, 0x98,
    0x1a, 0xb, 0xf, 0x61, 0xff, 0xfb, 0xc3, 0xc8,
    0x11, 0xd, 0x84, 0xd1, 0x53, 0x2, 0x8d, 0x9,
    0x0,

    /* U+00DC "Ü" */
    0x3, 0x83, 0xe, 0x50, 0x20, 0xf4, 0x4, 0x2b,
    0xf, 0x61, 0xff, 0xfb, 0xc3, 0xc8, 0x11, 0xd,
    0x84, 0xd1, 0x53, 0x2, 0x8d, 0x9, 0x0,

    /* U+00DD "Ý" */
    0xe, 0x50, 0x7d, 0x44, 0x3e, 0x70, 0xfd, 0x87,
    0x58, 0x77, 0x88, 0x42, 0x48, 0xc, 0x14, 0x20,
    0x84, 0x4c, 0x33, 0x12, 0x1d, 0x11, 0x7, 0x96,
    0xf, 0xa3, 0xf, 0xff, 0x0,

    /* U+00DE "Þ" */
    0x70, 0xff, 0xe2, 0x7e, 0x42, 0xe8, 0xc8, 0x4a,
    0x8c, 0x3c, 0xa0, 0xf2, 0x83, 0xa3, 0x7, 0xcc,
    0x83, 0xf2, 0x1f, 0xfc, 0x50,

    /* U+00DF "ß" */
    0x1f, 0xc8, 0x19, 0xa3, 0x3, 0x25, 0x42, 0x1e,
    0x84, 0x3b, 0x70, 0xfb, 0xf, 0xd8, 0x7d, 0xba,
    0x1e, 0xa8, 0x3e, 0x44, 0x29, 0x21, 0xd, 0x6c,
    0x0,

    /* U+00E0 "à" */
    0x3, 0xa1, 0xcd, 0x3, 0xce, 0x1d, 0x7d, 0x6,
    0xb9, 0x40, 0x91, 0x30, 0xf2, 0x15, 0xf2, 0xd,
    0xbc, 0x85, 0x20, 0x42, 0xc1, 0x5, 0x3f, 0x40,

    /* U+00E1 "á" */
    0xc, 0xe8, 0x75, 0x10, 0xed, 0xd, 0x7d, 0x6,
    0xb9, 0x40, 0x91, 0x30, 0xf2, 0x15, 0xf2, 0xd,
    0xbc, 0x85, 0x20, 0x42, 0xc1, 0x5, 0x3f, 0x40,

    /* U+00E2 "â" */
    0xa, 0xe0, 0xd1, 0x90, 0x54, 0x28, 0x15, 0xf4,
    0x1a, 0xe5, 0x2, 0x44, 0xc3, 0xc8, 0x57, 0xc8,
    0x36, 0xf2, 0x14, 0x81, 0xb, 0x4, 0x14, 0xfd,
    0x0,

    /* U+00E3 "ã" */
    0x5, 0xc4, 0x89, 0x9a, 0x86, 0x2f, 0x5, 0x7d,
    0x6, 0xb9, 0x40, 0x91, 0x30, 0xf2, 0x15, 0xf2,
    0xd, 0xbc, 0x85, 0x20, 0x42, 0xc1, 0x5, 0x3f,
    0x40,

    /* U+00E4 "ä" */
    0x5, 0xa, 0x5, 0xe3, 0xc1, 0x28, 0x50, 0x57,
    0xd0, 0x6b, 0x94, 0x9, 0x13, 0xf, 0x21, 0x5f,
    0x20, 0xdb, 0xc8, 0x52, 0x4, 0x2c, 0x10, 0x53,
    0xf4, 0x0,

    /* U+00E5 "å" */
    0xa, 0xe0, 0xe7, 0xf, 0xc8, 0x73, 0xa1, 0xd7,
    0x6, 0xbe, 0x83, 0x5c, 0xa0, 0x48, 0x98, 0x79,
    0xa, 0xf9, 0x6, 0xde, 0x42, 0x90, 0x21, 0x60,
    0x82, 0x9f, 0xa0,

    /* U+00E6 "æ" */
    0x5, 0xf2, 0x7c, 0x84, 0x96, 0xdb, 0xd1, 0x3,
    0x24, 0x8, 0x56, 0x1f, 0x90, 0xc8, 0x57, 0xc3,
    0xf2, 0x16, 0xde, 0x1f, 0xe0, 0xb4, 0x24, 0x3f,
    0x4a, 0xd2, 0x5c, 0x9, 0xad, 0x95, 0x0,

    /* U+00E7 "ç" */
    0x3, 0xf4, 0x6, 0x69, 0x82, 0x25, 0x82, 0x83,
    0xff, 0x97, 0x7, 0xa2, 0x54, 0x6, 0x68, 0x19,
    0xce, 0xe, 0x70, 0xf4, 0x1e, 0xf4, 0x0,

    /* U+00E8 "è" */
    0xb, 0x43, 0xee, 0x43, 0xed, 0xe, 0x7e, 0x42,
    0x67, 0xa2, 0x8, 0x85, 0x41, 0x41, 0x61, 0xaf,
    0xa0, 0xcf, 0xf0, 0x7f, 0xd3, 0x2d, 0x1, 0xca,
    0xb0,

    /* U+00E9 "é" */
    0xe, 0xd0, 0xf7, 0x21, 0xed, 0xe, 0x7e, 0x42,
    0x67, 0xa2, 0x8, 0x85, 0x41, 0x41, 0x61, 0xaf,
    0xa0, 0xcf, 0xf0, 0x7f, 0xd3, 0x2d, 0x1, 0xca,
    0xb0,

    /* U+00EA "ê" */
    0xa, 0xe0, 0xe9, 0xc8, 0x35, 0x94, 0xc, 0xfc,
    0x84, 0xcf, 0x44, 0x11, 0xa, 0x82, 0x82, 0xc3,
    0x5f, 0x41, 0x9f, 0xe0, 0xff, 0xa6, 0x5a, 0x3,
    0x95, 0x60,

    /* U+00EB "ë" */
    0x5, 0xa, 0x6, 0xf1, 0xe0, 0xca, 0x14, 0x19,
    0xf9, 0x9, 0x9e, 0x88, 0x22, 0x15, 0x5, 0x5,
    0x86, 0xbe, 0x83, 0x3f, 0xc1, 0xff, 0x4c, 0xb4,
    0x7, 0x2a, 0xc0,

    /* U+00EC "ì" */
    0x2c, 0x29, 0xc2, 0xb0, 0xac, 0x3f, 0xfb, 0xa0,

    /* U+00ED "í" */
    0x2c, 0x8c, 0xa0, 0x2c, 0x3f, 0xfa, 0xc0,

    /* U+00EE "î" */
    0x7, 0x90, 0x75, 0x26, 0xad, 0x5, 0x87, 0xff,
    0x98,

    /* U+00EF "ï" */
    0x30, 0x60, 0x40, 0x82, 0x4, 0x15, 0x87, 0xff,
    0x98,

    /* U+00F0 "ð" */
    0xa, 0x9, 0xe, 0xf8, 0x3b, 0x2, 0x83, 0x5e,
    0x50, 0x6c, 0x14, 0x9, 0xfc, 0x23, 0x3c, 0xc,
    0x98, 0x60, 0xd8, 0x65, 0x7, 0xe4, 0x18, 0x67,
    0x26, 0x56, 0x23, 0x34, 0x70,

    /* U+00F1 "ñ" */
    0x1f, 0x26, 0xb, 0xa7, 0x3, 0x1f, 0x25, 0x1f,
    0x90, 0x35, 0x30, 0x5a, 0xa1, 0xf, 0xb0, 0xff,
    0xee, 0x0,

    /* U+00F2 "ò" */
    0xb, 0xc1, 0xf6, 0x41, 0xf7, 0x7, 0x3f, 0x41,
    0x33, 0x47, 0x4, 0x4a, 0xc4, 0x10, 0x76, 0x1f,
    0x28, 0x3e, 0x50, 0x20, 0xec, 0xc9, 0x58, 0x83,
    0x68, 0xe0,

    /* U+00F3 "ó" */
    0xe, 0xe0, 0xf4, 0xc1, 0xea, 0x7, 0x3f, 0x41,
    0x33, 0x47, 0x4, 0x4a, 0xc4, 0x10, 0x76, 0x1f,
    0x28, 0x3e, 0x50, 0x20, 0xec, 0xc9, 0x58, 0x83,
    0x68, 0xe0,

    /* U+00F4 "ô" */
    0x9, 0xf0, 0x73, 0x76, 0x19, 0xc7, 0xc, 0xfd,
    0x4, 0xcd, 0x1c, 0x11, 0x2b, 0x10, 0x41, 0xd8,
    0x7c, 0xa0, 0xf9, 0x40, 0x83, 0xb3, 0x25, 0x62,
    0xd, 0xa3, 0x80,

    /* U+00F5 "õ" */
    0x3, 0xc3, 0x5, 0x67, 0x40, 0xb2, 0xf0, 0x67,
    0xe8, 0x26, 0x68, 0xe0, 0x89, 0x58, 0x82, 0xe,
    0xc3, 0xe5, 0x7, 0xca, 0x4, 0x1d, 0x99, 0x2b,
    0x10, 0x6d, 0x1c,

    /* U+00F6 "ö" */
    0x3, 0x8e, 0x19, 0x86, 0xe, 0x40, 0x86, 0x7e,
    0x82, 0x66, 0x8e, 0x8, 0x95, 0x88, 0x20, 0xec,
    0x3e, 0x50, 0x7c, 0xa0, 0x41, 0xd9, 0x92, 0xb1,
    0x6, 0xd1, 0xc0,

    /* U+00F7 "÷" */
    0xd, 0xa1, 0xff, 0xc4, 0xd0, 0xff, 0xe0, 0xff,
    0xc9, 0xff, 0x21, 0xb4, 0x3f, 0xf8, 0x0,

    /* U+00F8 "ø" */
    0xf, 0xf9, 0xfa, 0xd1, 0x9a, 0x22, 0x44, 0x84,
    0x82, 0x5, 0x1c, 0x36, 0xa1, 0xa, 0x21, 0x43,
    0x38, 0x59, 0x81, 0x58, 0x98, 0x28, 0xe0, 0xbf,
    0x40,

    /* U+00F9 "ù" */
    0x5, 0x87, 0xa6, 0xf, 0x50, 0x2a, 0x6, 0xe0,
    0xff, 0xee, 0xa1, 0xec, 0x41, 0x81, 0x57, 0xa4,

    /* U+00FA "ú" */
    0xd, 0xe0, 0xe9, 0xc3, 0xa8, 0x15, 0x3, 0x70,
    0x7f, 0xf7, 0x50, 0xf6, 0x20, 0xc0, 0xab, 0xd2,
    0x0,

    /* U+00FB "û" */
    0xb, 0xc1, 0x9e, 0x98, 0x4e, 0xac, 0x14, 0xd,
    0xc1, 0xff, 0xdd, 0x43, 0xd8, 0x83, 0x2, 0xaf,
    0x48,

    /* U+00FC "ü" */
    0x6, 0xc, 0x32, 0x4, 0x34, 0x8, 0x14, 0xd,
    0xc1, 0xff, 0xdd, 0x43, 0xd8, 0x83, 0x2, 0xaf,
    0x48,

    /* U+00FD "ý" */
    0xd, 0x61, 0xe5, 0x61, 0xe7, 0xd, 0xc1, 0xac,
    0x90, 0xca, 0x11, 0xd, 0x81, 0x81, 0x8, 0x30,
    0x94, 0x12, 0x40, 0x83, 0x2a, 0xf, 0x43, 0x7,
    0x91, 0xf, 0x90, 0xf9, 0xc3, 0x9c, 0x43, 0x73,
    0x87, 0x0,

    /* U+00FE "þ" */
    0xb0, 0xff, 0xe6, 0x3f, 0x21, 0x54, 0xc1, 0x6a,
    0x88, 0x3c, 0xa0, 0xff, 0xe5, 0x28, 0x1a, 0xa2,
    0x1a, 0x98, 0xa, 0xf9, 0xf, 0xfe, 0x68,

    /* U+00FF "ÿ" */
    0x6, 0xc, 0x39, 0x2, 0x1d, 0x2, 0xb, 0x83,
    0x59, 0x21, 0x94, 0x22, 0x1b, 0x3, 0x2, 0x10,
    0x61, 0x28, 0x24, 0x81, 0x6, 0x54, 0x1e, 0x86,
    0xf, 0x22, 0x1f, 0x21, 0xf3, 0x87, 0x38, 0x86,
    0xe7, 0xe,

    /* U+0100 "Ā" */
    0x3, 0xf9, 0xe, 0x7f, 0x21, 0xf5, 0x87, 0xf2,
    0x21, 0xf2, 0x38, 0x7d, 0x3a, 0x1f, 0xa4, 0x43,
    0xa0, 0x98, 0x39, 0x81, 0x87, 0x25, 0xe8, 0x82,
    0xca, 0xca, 0x9, 0x97, 0x42, 0x22, 0x1e, 0xc9,
    0xf, 0x48,

    /* U+0101 "ā" */
    0x7, 0xf0, 0x5f, 0xc1, 0x5f, 0x41, 0xae, 0x50,
    0x24, 0x4c, 0x3c, 0x85, 0x7c, 0x83, 0x6f, 0x21,
    0x48, 0x10, 0xb0, 0x41, 0x4f, 0xd0,

    /* U+0102 "Ă" */
    0xa, 0x5, 0x3, 0xef, 0x30, 0x7a, 0xf8, 0x3f,
    0x58, 0x7f, 0x22, 0x1f, 0x23, 0x87, 0xd3, 0xa1,
    0xfa, 0x44, 0x3a, 0x9, 0x83, 0x98, 0x18, 0x72,
    0x5e, 0x88, 0x2c, 0xac, 0xa0, 0x99, 0x74, 0x22,
    0x21, 0xec, 0x90, 0xf4, 0x80,

    /* U+0103 "ă" */
    0x6, 0x16, 0x15, 0xf4, 0x13, 0xf2, 0x15, 0xf4,
    0x1a, 0xe5, 0x2, 0x44, 0xc3, 0xc8, 0x57, 0xc8,
    0x36, 0xf2, 0x14, 0x81, 0xb, 0x4, 0x14, 0xfd,
    0x0,

    /* U+0104 "Ą" */
    0xd, 0x61, 0xfc, 0x88, 0x7c, 0x8e, 0x1f, 0x4e,
    0x87, 0xe9, 0x10, 0xe8, 0x26, 0xe, 0x60, 0x61,
    0xc9, 0x7a, 0x20, 0xb2, 0xb2, 0x82, 0x65, 0xd0,
    0x88, 0x87, 0xb2, 0x43, 0xd2, 0x70, 0x7b, 0x83,
    0xf9, 0x41, 0xf9, 0xf, 0xf2, 0x60,

    /* U+0105 "ą" */
    0x5, 0xf4, 0x1d, 0x72, 0x82, 0x91, 0x30, 0xf9,
    0xd, 0x7c, 0x85, 0xb7, 0x90, 0xd2, 0x4, 0x36,
    0x8, 0x34, 0xfc, 0xa0, 0x3f, 0x2a, 0xf, 0x2c,
    0x1e, 0xc3, 0xf4, 0xe0,

    /* U+0106 "Ć" */
    0xf, 0x30, 0x7e, 0x83, 0xf4, 0xc1, 0xf5, 0x3,
    0xeb, 0xe8, 0x27, 0x6a, 0xd, 0x3a, 0xd0, 0x22,
    0xf, 0x94, 0x1f, 0xfd, 0xa5, 0x7, 0xec, 0x83,
    0xe5, 0xb5, 0xa0, 0xa8, 0xd4, 0x0,

    /* U+0107 "ć" */
    0xe, 0xd0, 0xee, 0x43, 0xb4, 0x33, 0xf4, 0x6,
    0x69, 0x82, 0x25, 0x82, 0x83, 0xff, 0x97, 0x7,
    0xa2, 0x54, 0x6, 0x68, 0x0,

    /* U+0108 "Ĉ" */
    0xe, 0x50, 0x7c, 0xd4, 0x1c, 0xde, 0x50, 0x67,
    0x6, 0x87, 0x5f, 0x41, 0x3b, 0x50, 0x69, 0xd6,
    0x81, 0x10, 0x7c, 0xa0, 0xff, 0xed, 0x28, 0x3f,
    0x64, 0x1f, 0x2d, 0xad, 0x5, 0x46, 0xa0, 0x0,

    /* U+0109 "ĉ" */
    0xa, 0xe0, 0xd1, 0x90, 0x54, 0x28, 0x13, 0xf4,
    0x6, 0x69, 0x82, 0x25, 0x82, 0x83, 0xff, 0x97,
    0x7, 0xa2, 0x54, 0x6, 0x68, 0x0,

    /* U+010A "Ċ" */
    0xe, 0xb0, 0xfd, 0xa1, 0xf9, 0x83, 0xeb, 0xe8,
    0x27, 0x6a, 0xd, 0x3a, 0xd0, 0x22, 0xf, 0x94,
    0x1f, 0xfd, 0xa5, 0x7, 0xec, 0x83, 0xe5, 0xb5,
    0xa0, 0xa8, 0xd4, 0x0,

    /* U+010B "ċ" */
    0xd, 0x87, 0xff, 0xf, 0xe, 0x7e, 0x80, 0xcd,
    0x30, 0x44, 0xb0, 0x50, 0x7f, 0xf2, 0xe0, 0xf4,
    0x4a, 0x80, 0xcd, 0x0,

    /* U+010C "Č" */
    0x9, 0x40, 0x50, 0x66, 0x8c, 0x87, 0x6d, 0x87,
    0xde, 0xf, 0xaf, 0xa0, 0x9d, 0xa8, 0x34, 0xeb,
    0x40, 0x88, 0x3e, 0x50, 0x7f, 0xf6, 0x94, 0x1f,
    0xb2, 0xf, 0x96, 0xd6, 0x82, 0xa3, 0x50, 0x0,

    /* U+010D "č" */
    0x5, 0x7, 0xa, 0x7b, 0xd, 0xf0, 0x67, 0xe8,
    0xc, 0xd3, 0x4, 0x4b, 0x5, 0x7, 0xff, 0x2e,
    0xf, 0x44, 0xa8, 0xc, 0xd0, 0x0,

    /* U+010E "Ď" */
    0x2, 0x12, 0x1c, 0xed, 0x87, 0xa8, 0xc1, 0xe7,
    0xc1, 0x9f, 0xe8, 0x3a, 0xa5, 0x61, 0x96, 0xb3,
    0xf, 0xd0, 0x87, 0xc9, 0x87, 0xff, 0x65, 0x30,
    0xfa, 0x10, 0x2d, 0x66, 0x15, 0x4d, 0x80,

    /* U+010F "ď" */
    0xf, 0xb5, 0x61, 0xfe, 0xe0, 0xff, 0x90, 0x9f,
    0x82, 0x82, 0x66, 0x98, 0x7a, 0x25, 0x41, 0xf4,
    0x12, 0x1f, 0xfd, 0x3c, 0x3f, 0xd3, 0x2b, 0xf,
    0x33, 0x4d, 0xc,

    /* U+0110 "Đ" */
    0x1f, 0xe8, 0x3d, 0x52, 0xb0, 0xe5, 0xac, 0xc3,
    0xfa, 0x10, 0xfc, 0x98, 0x7f, 0xd4, 0x3e, 0xe,
    0xa1, 0x78, 0x3f, 0x21, 0x93, 0xf, 0xd0, 0x84,
    0xb5, 0x98, 0x6a, 0x9b, 0x0,

    /* U+0111 "đ" */
    0xf, 0xb4, 0x33, 0xf1, 0x40, 0x9f, 0x86, 0x3,
    0xf0, 0x30, 0x33, 0x4c, 0x34, 0xca, 0x83, 0xb0,
    0x90, 0xff, 0xe6, 0xe1, 0xfa, 0x65, 0x61, 0x99,
    0xa6, 0x80,

    /* U+0112 "Ē" */
    0x1f, 0xc0, 0x7f, 0xf, 0xf8, 0x15, 0xc0, 0x5e,
    0xf, 0xfe, 0x27, 0xe8, 0x1f, 0xa0, 0xff, 0xe5,
    0xaf, 0x2, 0xb8,

    /* U+0113 "ē" */
    0x7, 0xf0, 0x6f, 0xe0, 0xcf, 0xc8, 0x4c, 0xf4,
    0x41, 0x10, 0xa8, 0x28, 0x2c, 0x35, 0xf4, 0x19,
    0xfe, 0xf, 0xfa, 0x65, 0xa0, 0x39, 0x56, 0x0,

    /* U+0114 "Ĕ" */
    0x18, 0x12, 0x2b, 0xc2, 0xf, 0xa1, 0xff, 0x2,
    0xb8, 0xb, 0xc1, 0xff, 0xc4, 0xfd, 0x3, 0xf4,
    0x1f, 0xfc, 0xb5, 0xe0, 0x57, 0x0,

    /* U+0115 "ĕ" */
    0x6, 0x83, 0xd, 0xde, 0x83, 0xbe, 0x43, 0x3f,
    0x21, 0x33, 0xd1, 0x4, 0x42, 0xa0, 0xa0, 0xb0,
    0xd7, 0xd0, 0x67, 0xf8, 0x3f, 0xe9, 0x96, 0x80,
    0xe5, 0x58,

    /* U+0116 "Ė" */
    0xa, 0x81, 0xec, 0x3a, 0x40, 0xff, 0x81, 0x5c,
    0x5, 0xe0, 0xff, 0xe2, 0x7e, 0x81, 0xfa, 0xf,
    0xfe, 0x5a, 0xf0, 0x2b, 0x80,

    /* U+0117 "ė" */
    0xd, 0x87, 0xff, 0x17, 0xf, 0x3f, 0x21, 0x33,
    0xd1, 0x4, 0x42, 0xa0, 0xa0, 0xb0, 0xd7, 0xd0,
    0x67, 0xf8, 0x3f, 0xe9, 0x96, 0x80, 0xe5, 0x58,

    /* U+0118 "Ę" */
    0x7f, 0xc0, 0xae, 0x2, 0xf0, 0x7f, 0xf2, 0xff,
    0x40, 0xfd, 0x7, 0xff, 0x11, 0x78, 0x15, 0xcf,
    0xe3, 0xd, 0x21, 0xff, 0xc0, 0xdc,

    /* U+0119 "ę" */
    0x3, 0xf2, 0x13, 0x3d, 0x10, 0x44, 0x2a, 0xa,
    0xb, 0xd, 0x7d, 0x6, 0x7f, 0x83, 0xfe, 0x99,
    0x68, 0xe, 0x54, 0x1d, 0x71, 0x7, 0xa8, 0x1f,
    0xfc, 0x4a, 0x80,

    /* U+011A "Ě" */
    0x10, 0x90, 0x3b, 0x40, 0xb9, 0xc3, 0x78, 0xf,
    0xf8, 0x15, 0xc0, 0x5e, 0xf, 0xfe, 0x27, 0xe8,
    0x1f, 0xa0, 0xff, 0xe5, 0xaf, 0x2, 0xb8,

    /* U+011B "ě" */
    0x5, 0x7, 0xd, 0x1d, 0x87, 0x5e, 0xe, 0x7e,
    0x42, 0x67, 0xa2, 0x8, 0x85, 0x41, 0x41, 0x61,
    0xaf, 0xa0, 0xcf, 0xf0, 0x7f, 0xd3, 0x2d, 0x1,
    0xca, 0xb0,

    /* U+011C "Ĝ" */
    0xf, 0x41, 0xfd, 0xb8, 0x7d, 0xdd, 0x87, 0xb4,
    0x70, 0xf5, 0xfa, 0x9, 0xda, 0x94, 0x14, 0xeb,
    0x58, 0x22, 0xf, 0xca, 0xf, 0xfe, 0x6b, 0xf2,
    0x1e, 0x68, 0x12, 0x83, 0x28, 0x28, 0x83, 0xfa,
    0x75, 0xc1, 0x99, 0xac, 0xa0,

    /* U+011D "ĝ" */
    0x9, 0xf0, 0x73, 0x6e, 0x19, 0xcb, 0xc, 0xfc,
    0xc8, 0xcd, 0x48, 0x26, 0x56, 0x1b, 0xf, 0xfe,
    0x76, 0x1f, 0x4c, 0x38, 0x4c, 0xf4, 0xc, 0xfc,
    0x87, 0xff, 0x1, 0x91, 0xc4, 0x4b, 0x9c,

    /* U+011E "Ğ" */
    0xc, 0x84, 0x87, 0xb4, 0x60, 0xf5, 0x3b, 0xf,
    0xbe, 0xf, 0xaf, 0xd0, 0x4e, 0xd4, 0xa0, 0xa7,
    0x5a, 0xc1, 0x10, 0x7e, 0x50, 0x7f, 0xf3, 0x5f,
    0x90, 0xf3, 0x40, 0x94, 0x19, 0x41, 0x44, 0x1f,
    0xd3, 0xae, 0xc, 0xcd, 0x65, 0x0,

    /* U+011F "ğ" */
    0x4, 0x83, 0xd, 0x4f, 0x21, 0xdf, 0x41, 0x9f,
    0x99, 0x19, 0xa9, 0x4, 0xca, 0xc3, 0x61, 0xff,
    0xce, 0xc3, 0xe9, 0x87, 0x9, 0x9e, 0x81, 0x9f,
    0x90, 0xff, 0xe0, 0x32, 0x38, 0x89, 0x73, 0x80,

    /* U+0120 "Ġ" */
    0xf, 0x61, 0xfe, 0x43, 0xfd, 0x7, 0xeb, 0xf4,
    0x13, 0xb5, 0x28, 0x29, 0xd6, 0xb0, 0x44, 0x1f,
    0x94, 0x1f, 0xfc, 0xd7, 0xe4, 0x3c, 0xd0, 0x25,
    0x6, 0x50, 0x51, 0x7, 0xf4, 0xeb, 0x83, 0x33,
    0x59, 0x40,

    /* U+0121 "ġ" */
    0xd, 0xa1, 0xf2, 0x1f, 0xa4, 0x39, 0xf9, 0x91,
    0x9a, 0x90, 0x4c, 0xac, 0x36, 0x1f, 0xfc, 0xec,
    0x3e, 0x98, 0x70, 0x99, 0xe8, 0x19, 0xf9, 0xf,
    0xfe, 0x3, 0x23, 0x88, 0x97, 0x38,

    /* U+0122 "Ģ" */
    0xd, 0x7e, 0x82, 0x76, 0xa5, 0x5, 0x3a, 0xd6,
    0x8, 0x83, 0xf2, 0x83, 0xff, 0x9a, 0xfc, 0x87,
    0x9a, 0x4, 0xa0, 0xca, 0xa, 0x20, 0xfe, 0x9d,
    0x70, 0x66, 0x6b, 0x28, 0x26, 0xfd, 0x7, 0xd0,
    0x7f, 0x90, 0xfe, 0x50, 0x60,

    /* U+0123 "ģ" */
    0xc, 0xc1, 0xf5, 0x87, 0xca, 0xe, 0x77, 0x64,
    0x66, 0xa4, 0x13, 0x2b, 0xd, 0x87, 0xff, 0x3b,
    0xf, 0xa6, 0x1c, 0x26, 0x7a, 0x6, 0x7e, 0x43,
    0xff, 0x80, 0xc8, 0xe2, 0x25, 0xce, 0x0,

    /* U+0124 "Ĥ" */
    0xc, 0xa0, 0xfa, 0xa4, 0x39, 0x5e, 0x90, 0xce,
    0xd, 0x3, 0x87, 0xb4, 0x3f, 0xfb, 0xdf, 0xe0,
    0xd5, 0xe0, 0xcb, 0xe0, 0xff, 0xef, 0x0,

    /* U+0125 "ĥ" */
    0x2, 0x83, 0xf5, 0x10, 0xf7, 0x50, 0x73, 0x2b,
    0x43, 0x28, 0x24, 0x3d, 0x61, 0xff, 0xd1, 0x57,
    0xc8, 0x66, 0xa6, 0xe, 0xd5, 0x8, 0x7f, 0x61,
    0xff, 0xe6,

    /* U+0126 "Ħ" */
    0x1c, 0x3d, 0xa1, 0xff, 0xc1, 0xe3, 0xfc, 0x5e,
    0x4f, 0xe8, 0xb3, 0xf, 0x21, 0xef, 0xf0, 0x7a,
    0xbc, 0x1e, 0x5f, 0x7, 0xff, 0x9c,

    /* U+0127 "ħ" */
    0x2c, 0x3d, 0xa7, 0xc1, 0x69, 0xf0, 0x79, 0xf9,
    0xd, 0x53, 0x6, 0xd5, 0x8, 0x7e, 0xc3, 0xff,
    0xc2,

    /* U+0128 "Ĩ" */
    0x1e, 0x18, 0xa1, 0xd0, 0xdb, 0xc0, 0x7e, 0x80,
    0xe5, 0x3, 0xff, 0xea, 0xe5, 0x0,

    /* U+0129 "ĩ" */
    0x3c, 0x9d, 0x6e, 0x8a, 0xf2, 0xb, 0xf, 0xff,
    0x30,

    /* U+012A "Ī" */
    0xbf, 0x17, 0xe1, 0xfa, 0x1c, 0xa0, 0x7f, 0xfa,
    0xdc, 0xa0,

    /* U+012B "ī" */
    0x7f, 0x2b, 0xf2, 0xb, 0xf, 0xff, 0x30,

    /* U+012C "Ĭ" */
    0x90, 0x65, 0x3c, 0x83, 0xe8, 0x7e, 0x87, 0x28,
    0x1f, 0xfe, 0xb7, 0x28, 0x0,

    /* U+012D "ĭ" */
    0x20, 0x48, 0x3c, 0xa2, 0xf8, 0x2b, 0xf, 0xff,
    0x30,

    /* U+012E "Į" */
    0x7e, 0x9c, 0xa0, 0x7f, 0xf8, 0x5c, 0xb7, 0xc6,
    0xa, 0x4, 0x86, 0xa8,

    /* U+012F "į" */
    0x28, 0xc, 0x26, 0x5, 0x87, 0xff, 0x59, 0x85,
    0x8c, 0x29, 0xc0,

    /* U+0130 "İ" */
    0x6, 0x84, 0x86, 0x91, 0xfa, 0x72, 0x81, 0xff,
    0xe1, 0x72, 0x80,

    /* U+0131 "ı" */
    0xb0, 0xff, 0xe2, 0x0,

    /* U+0132 "Ĳ" */
    0x7e, 0x81, 0xab, 0x28, 0x1f, 0xff, 0xf0, 0xff,
    0x39, 0x40, 0xcf, 0xd0, 0x7f, 0xa1, 0xd, 0xe6,
    0xe, 0xf9, 0x0,

    /* U+0133 "ĳ" */
    0xa0, 0x1c, 0xc3, 0x23, 0x1, 0x8b, 0x5, 0x87,
    0xff, 0xb6, 0xc3, 0xff, 0x86, 0xb0, 0x54, 0x20,

    /* U+0134 "Ĵ" */
    0xb, 0xc1, 0x91, 0xc2, 0xb9, 0x81, 0x82, 0x81,
    0x58, 0x7f, 0xff, 0xc3, 0xff, 0x84, 0xa0, 0x3e,
    0x20, 0x3f, 0x4,

    /* U+0135 "ĵ" */
    0x7, 0x90, 0x75, 0x26, 0xad, 0x5, 0x87, 0xff,
    0xbd, 0x9, 0x41, 0x73, 0x0,

    /* U+0136 "Ķ" */
    0x70, 0xce, 0x87, 0x34, 0x43, 0xa5, 0x7, 0x6c,
    0x1d, 0x90, 0x74, 0x41, 0xe5, 0x41, 0xee, 0x30,
    0xfa, 0x10, 0xf2, 0xa0, 0xfa, 0x30, 0xfb, 0x27,
    0xe, 0xe0, 0xd0, 0x7c, 0xa0, 0xfb, 0x83, 0x0,

    /* U+0137 "ķ" */
    0xb0, 0xff, 0xe7, 0xf0, 0x76, 0x41, 0xa3, 0x9,
    0x9c, 0x32, 0x83, 0xec, 0xc3, 0xd9, 0x7, 0xa5,
    0x7, 0x2a, 0x2c, 0x2b, 0xd, 0x7, 0x94, 0x1e,
    0xe0, 0xc0,

    /* U+0138 "ĸ" */
    0xb0, 0xb8, 0x3a, 0x20, 0xd3, 0x86, 0x54, 0x1d,
    0x7, 0xd3, 0x7, 0x31, 0x7, 0xa5, 0x7, 0x2a,
    0x0,

    /* U+0139 "Ĺ" */
    0x4, 0x1d, 0xa1, 0x95, 0x86, 0x60, 0xe7, 0xf,
    0xff, 0xd2, 0xf0, 0x2b, 0x80,

    /* U+013A "ĺ" */
    0x4, 0xc, 0x9, 0x3, 0x2, 0x15, 0x87, 0xff,
    0x88,

    /* U+013B "Ļ" */
    0x70, 0xff, 0xfd, 0x2f, 0x2, 0xb9, 0xff, 0x4,
    0xa0, 0xe8, 0x3e, 0x40,

    /* U+013C "ļ" */
    0xb0, 0xff, 0xeb, 0x58, 0x22, 0x3, 0x0,

    /* U+013D "Ľ" */
    0x70, 0x9c, 0x3b, 0x83, 0xc8, 0x74, 0x1f, 0xfe,
    0x15, 0xe0, 0x57, 0x0,

    /* U+013E "ľ" */
    0xb3, 0x40, 0x88, 0x50, 0x4a, 0xf, 0xfe, 0xe8,

    /* U+013F "Ŀ" */
    0x70, 0xff, 0xec, 0xb0, 0x76, 0x1e, 0xa0, 0x7f,
    0xf1, 0x57, 0x81, 0x5c,

    /* U+0140 "ŀ" */
    0xb0, 0xff, 0xe6, 0xb8, 0x64, 0x26, 0xf, 0xfe,
    0x48,

    /* U+0141 "Ł" */
    0x1c, 0x3f, 0xfa, 0xaa, 0xe, 0xa0, 0x6c, 0x1a,
    0x9, 0x20, 0xd4, 0xf, 0xfe, 0x2a, 0xf0, 0x55,
    0xc0,

    /* U+0142 "ł" */
    0x7, 0x7, 0xff, 0x45, 0xc0, 0x83, 0x4, 0x21,
    0x61, 0xff, 0xca,

    /* U+0143 "Ń" */
    0xe, 0x60, 0xfd, 0x7, 0xe9, 0x83, 0xea, 0x6,
    0x78, 0x3a, 0x80, 0x43, 0xfd, 0x87, 0xe8, 0x43,
    0xe5, 0x41, 0xfa, 0x20, 0xfd, 0x28, 0x3e, 0x48,
    0x3f, 0x64, 0x1f, 0x96, 0xf, 0xa0, 0xff, 0x40,

    /* U+0144 "ń" */
    0xd, 0xe0, 0xe9, 0xc3, 0xa8, 0x15, 0x1f, 0x90,
    0x35, 0x30, 0x5a, 0xa1, 0xf, 0xb0, 0xff, 0xee,
    0x0,

    /* U+0145 "Ņ" */
    0x78, 0x3a, 0x80, 0x43, 0xfd, 0x87, 0xe8, 0x43,
    0xe5, 0x41, 0xfa, 0x20, 0xfd, 0x28, 0x3e, 0x48,
    0x3f, 0x64, 0x1f, 0x96, 0xf, 0xa0, 0xff, 0x40,
    0x70, 0xe7, 0x83, 0xa0, 0xfd, 0x7, 0xf3, 0x6,

    /* U+0146 "ņ" */
    0xa3, 0xf2, 0x6, 0xa6, 0xb, 0x54, 0x21, 0xf6,
    0x1f, 0xfd, 0xcb, 0xd, 0xc1, 0x30, 0x7b, 0xf,
    0x98, 0x20,

    /* U+0147 "Ň" */
    0x2, 0x80, 0xa0, 0xcd, 0x19, 0xe, 0xdb, 0xf,
    0xbc, 0x19, 0xe0, 0xea, 0x1, 0xf, 0xf6, 0x1f,
    0xa1, 0xf, 0x95, 0x7, 0xe8, 0x83, 0xf4, 0xa0,
    0xf9, 0x20, 0xfd, 0x90, 0x7e, 0x58, 0x3e, 0x83,
    0xfd, 0x0,

    /* U+0148 "ň" */
    0x1c, 0x1a, 0x6, 0xf4, 0x84, 0xf9, 0x5, 0x1f,
    0x90, 0x35, 0x30, 0x5a, 0xa1, 0xf, 0xb0, 0xff,
    0xee, 0x0,

    /* U+0149 "ŉ" */
    0x74, 0x3f, 0x90, 0xfb, 0x43, 0xf3, 0xd1, 0xf9,
    0x34, 0x6f, 0x51, 0xd, 0x81, 0x30, 0xfc, 0x87,
    0xff, 0x9c,

    /* U+014A "Ŋ" */
    0x78, 0x3a, 0x80, 0x43, 0xfd, 0x87, 0xe8, 0x43,
    0xe5, 0x41, 0xfa, 0x20, 0xfd, 0x28, 0x3e, 0x54,
    0x1f, 0xa2, 0xf, 0xd2, 0x83, 0xe5, 0x7, 0xf4,
    0x7, 0xf, 0xfe, 0x1a, 0x61, 0xd7, 0x28, 0x3a,
    0xf4, 0x0,

    /* U+014B "ŋ" */
    0xa3, 0xf2, 0x7, 0xea, 0x5, 0x1, 0x20, 0xff,
    0xf2, 0x58, 0x7f, 0xf1, 0xd3, 0xd, 0x45, 0x0,

    /* U+014C "Ō" */
    0xd, 0xfa, 0xf, 0xbf, 0x41, 0xe6, 0xfa, 0xe,
    0xa1, 0x53, 0x86, 0x54, 0xb6, 0x40, 0x88, 0x3a,
    0x40, 0xa0, 0xf2, 0x21, 0xff, 0xd9, 0x50, 0x79,
    0x12, 0x20, 0xe9, 0x9, 0x52, 0xd9, 0x5, 0x42,
    0xa7, 0x0,

    /* U+014D "ō" */
    0x5, 0xf8, 0x35, 0xf8, 0x33, 0xf4, 0x13, 0x34,
    0x70, 0x44, 0xac, 0x41, 0x7, 0x61, 0xf2, 0x83,
    0xe5, 0x2, 0xe, 0xcc, 0x95, 0x88, 0x36, 0x8e,
    0x0,

    /* U+014E "Ŏ" */
    0xc, 0x84, 0x87, 0xd0, 0x1c, 0x3e, 0xbd, 0x40,
    0xf9, 0xf8, 0x3e, 0x6f, 0xa0, 0xea, 0x15, 0x38,
    0x65, 0x4b, 0x64, 0x8, 0x83, 0xa4, 0xa, 0xf,
    0x22, 0x1f, 0xfd, 0x95, 0x7, 0x91, 0x22, 0xe,
    0x90, 0x95, 0x2d, 0x90, 0x54, 0x2a, 0x70, 0x0,

    /* U+014F "ŏ" */
    0x3, 0x2, 0x42, 0x57, 0x84, 0x37, 0xd0, 0x67,
    0xe8, 0x26, 0x68, 0xe0, 0x89, 0x58, 0x82, 0xe,
    0xc3, 0xe5, 0x7, 0xca, 0x4, 0x1d, 0x99, 0x2b,
    0x10, 0x6d, 0x1c,

    /* U+0150 "Ő" */
    0xe, 0x61, 0x83, 0xeb, 0x2c, 0x3d, 0x2a, 0x88,
    0x7a, 0x84, 0x87, 0x9b, 0xe8, 0x3a, 0x85, 0x4e,
    0x19, 0x52, 0xd9, 0x2, 0x20, 0xe9, 0x2, 0x83,
    0xc8, 0x87, 0xff, 0x65, 0x41, 0xe4, 0x48, 0x83,
    0xa4, 0x25, 0x4b, 0x64, 0x15, 0xa, 0x9c, 0x0,

    /* U+0151 "ő" */
    0xd, 0xc6, 0x85, 0x34, 0x50, 0x68, 0x10, 0x4a,
    0xf0, 0x66, 0x68, 0xe0, 0x89, 0x58, 0x82, 0xe,
    0xc3, 0xe5, 0x7, 0xca, 0x4, 0x1d, 0x99, 0x2b,
    0x10, 0x6d, 0x1c,

    /* U+0152 "Œ" */
    0x9, 0xff, 0xf0, 0x28, 0x32, 0x35, 0x85, 0xb9,
    0x8d, 0x71, 0x90, 0x7f, 0xca, 0xf, 0xfe, 0x45,
    0xf4, 0x1f, 0xd7, 0xd0, 0x7f, 0xf0, 0xd4, 0x1f,
    0xfc, 0x8, 0x43, 0xff, 0x80, 0xd1, 0x63, 0x5c,
    0xa, 0x15, 0xd, 0x60,

    /* U+0153 "œ" */
    0x3, 0xf4, 0xb, 0xd0, 0x4c, 0xf3, 0x65, 0x18,
    0x13, 0xe, 0x92, 0xa4, 0x2c, 0x39, 0x9, 0xf,
    0xf3, 0xf8, 0x43, 0xf3, 0xfc, 0x83, 0xe, 0x43,
    0xe9, 0x95, 0xa6, 0xb4, 0x6, 0x68, 0xdb, 0x50,
    0x0,

    /* U+0154 "Ŕ" */
    0xc, 0xa0, 0xfa, 0xc3, 0xd3, 0x7, 0xa8, 0x19,
    0xfe, 0x43, 0x54, 0xc8, 0x4b, 0x46, 0x1f, 0x28,
    0x3e, 0x50, 0x7a, 0x30, 0xbe, 0x64, 0x2f, 0x22,
    0x1e, 0x88, 0x3e, 0x90, 0xf9, 0x30, 0xfa, 0x10,

    /* U+0155 "ŕ" */
    0xb, 0x82, 0x98, 0x2a, 0x2, 0x87, 0x91, 0xe8,
    0x82, 0x50, 0x48, 0x7f, 0xf5, 0x40,

    /* U+0156 "Ŗ" */
    0x7f, 0x90, 0xd5, 0x32, 0x12, 0xd1, 0x87, 0xca,
    0xf, 0x94, 0x1e, 0x8c, 0x2f, 0x99, 0xb, 0xc8,
    0x87, 0xa2, 0xf, 0xa4, 0x3e, 0x4c, 0x3e, 0x85,
    0x61, 0x9d, 0xd, 0x7, 0xca, 0xf, 0xb8, 0x30,

    /* U+0157 "ŗ" */
    0x28, 0x79, 0x3, 0xd1, 0xa, 0x50, 0x64, 0x3f,
    0xfb, 0x76, 0x1c, 0xc1, 0xd8, 0x79, 0x83, 0x0,

    /* U+0158 "Ř" */
    0x14, 0x5, 0x4, 0xcd, 0x10, 0xdc, 0xe1, 0xef,
    0x6, 0x7f, 0x90, 0xd5, 0x32, 0x12, 0xd1, 0x87,
    0xca, 0xf, 0x94, 0x1e, 0x8c, 0x2f, 0x99, 0xb,
    0xc8, 0x87, 0xa2, 0xf, 0xa4, 0x3e, 0x4c, 0x3e,
    0x84,

    /* U+0159 "ř" */
    0x61, 0xc7, 0xd6, 0x7, 0xc0, 0xa1, 0xe4, 0x7a,
    0x20, 0x94, 0x12, 0x1f, 0xfd, 0x50,

    /* U+015A "Ś" */
    0xe, 0x50, 0x79, 0x90, 0xf5, 0x87, 0xd8, 0x79,
    0xfa, 0x41, 0x46, 0x81, 0x95, 0x2a, 0x43, 0xfe,
    0x58, 0x3d, 0x36, 0x87, 0x5b, 0x61, 0xeb, 0x30,
    0xf9, 0xf, 0xfe, 0x4, 0xb4, 0xc1, 0x54, 0xc8,

    /* U+015B "ś" */
    0xd, 0xc1, 0xa6, 0xd, 0x40, 0xd7, 0xc9, 0x9d,
    0x2, 0xc5, 0x81, 0x21, 0xba, 0x70, 0x4f, 0x30,
    0x66, 0x49, 0x19, 0x5, 0xcc,

    /* U+015C "Ŝ" */
    0xd, 0x7, 0xdb, 0x87, 0x6f, 0x61, 0xb8, 0x70,
    0xcf, 0xd2, 0xa, 0x34, 0xc, 0xa9, 0x52, 0x1f,
    0xf2, 0xc1, 0xe9, 0xb4, 0x3a, 0xdb, 0xf, 0x59,
    0x87, 0xc8, 0x7f, 0xf0, 0x25, 0xa6, 0xa, 0xa6,
    0x40,

    /* U+015D "ŝ" */
    0x3, 0xe0, 0x9b, 0xb0, 0x38, 0xe1, 0x5f, 0x26,
    0x74, 0xb, 0x16, 0x4, 0x86, 0xe9, 0xc1, 0x3c,
    0xc1, 0x99, 0x24, 0x64, 0x17, 0x30,

    /* U+015E "Ş" */
    0x3, 0xf4, 0x82, 0x8d, 0x3, 0x2a, 0x54, 0x87,
    0xfc, 0xb0, 0x7a, 0x6d, 0xe, 0xb6, 0xc3, 0xd6,
    0x61, 0xf2, 0x1f, 0xfc, 0x9, 0x69, 0x82, 0xa9,
    0x90, 0x5c, 0xe8, 0x79, 0x41, 0xe5, 0x61, 0xce,
    0xc1, 0x0,

    /* U+015F "ş" */
    0x5, 0xf2, 0x67, 0x40, 0xb1, 0x60, 0x48, 0x6e,
    0x9c, 0x13, 0xcc, 0x19, 0x92, 0x46, 0x41, 0x73,
    0x16, 0x70, 0x67, 0xe, 0x84, 0x2b, 0x50,

    /* U+0160 "Š" */
    0x2, 0x12, 0x1d, 0xb8, 0x72, 0xa5, 0x7, 0x5c,
    0x1c, 0xfd, 0x20, 0xa3, 0x40, 0xca, 0x95, 0x21,
    0xff, 0x2c, 0x1e, 0x9b, 0x43, 0xad, 0xb0, 0xf5,
    0x98, 0x7c, 0x87, 0xff, 0x2, 0x5a, 0x60, 0xaa,
    0x64,

    /* U+0161 "š" */
    0x18, 0x70, 0x3e, 0xb0, 0x9f, 0x6, 0xbe, 0x4c,
    0xe8, 0x16, 0x2c, 0x9, 0xd, 0xd3, 0x82, 0x79,
    0x83, 0x32, 0x48, 0xc8, 0x2e, 0x60,

    /* U+0162 "Ţ" */
    0xff, 0xd5, 0xc5, 0x65, 0x80, 0xb0, 0x7f, 0xff,
    0xc3, 0xfc, 0x87, 0xfa, 0xf, 0xb4, 0x3d, 0xe8,
    0x20,

    /* U+0163 "ţ" */
    0x6, 0x19, 0xd, 0x43, 0xcc, 0x9e, 0x43, 0xff,
    0xa7, 0x88, 0x4a, 0xb4, 0x11, 0xa1, 0x30, 0x69,
    0xb, 0xd0,

    /* U+0164 "Ť" */
    0x2, 0x12, 0x1b, 0xce, 0x1d, 0x32, 0x83, 0xae,
    0xb, 0xff, 0x57, 0x15, 0x96, 0x2, 0xc1, 0xff,
    0xff, 0xf, 0x80,

    /* U+0165 "ť" */
    0xf, 0x68, 0x10, 0xc8, 0xc1, 0x45, 0xf, 0x28,
    0x93, 0xc8, 0x7f, 0xf7, 0xf1, 0xe, 0x55, 0xa0,

    /* U+0166 "Ŧ" */
    0xff, 0xd5, 0x92, 0xb2, 0xd8, 0xb0, 0x7f, 0xf2,
    0x2e, 0x3d, 0x2, 0xe2, 0xe0, 0xf2, 0x1f, 0xfd,
    0xb0,

    /* U+0167 "ŧ" */
    0x6, 0x19, 0xd, 0x43, 0xcc, 0x9e, 0x43, 0xd2,
    0x78, 0x93, 0xc1, 0xff, 0xc2, 0xc4, 0x25, 0x5a,

    /* U+0168 "Ũ" */
    0x3, 0xc3, 0x6, 0xa1, 0xd0, 0x36, 0xde, 0xa,
    0xc3, 0xd8, 0x7f, 0xfe, 0xf0, 0xf2, 0x4, 0x43,
    0x61, 0x34, 0x54, 0xc0, 0xa3, 0x42, 0x40,

    /* U+0169 "ũ" */
    0x1f, 0x26, 0xb, 0xa7, 0x3, 0x1f, 0x25, 0x3,
    0x70, 0x7f, 0xf7, 0x50, 0xf6, 0x20, 0xc0, 0xab,
    0xd2, 0x0,

    /* U+016A "Ū" */
    0x5, 0xf8, 0x3a, 0xfc, 0x15, 0x87, 0xb0, 0xff,
    0xfd, 0xe1, 0xe4, 0x8, 0x86, 0xc2, 0x68, 0xa9,
    0x81, 0x46, 0x84, 0x80,

    /* U+016B "ū" */
    0x1f, 0xc8, 0x1f, 0xc9, 0x40, 0xdc, 0x1f, 0xfd,
    0xd4, 0x3d, 0x88, 0x30, 0x2a, 0xf4, 0x80,

    /* U+016C "Ŭ" */
    0x2, 0x12, 0x1e, 0x81, 0x7, 0x27, 0x90, 0xf5,
    0xe8, 0x2b, 0xf, 0x61, 0xff, 0xfb, 0xc3, 0xc8,
    0x11, 0xd, 0x84, 0xd1, 0x53, 0x2, 0x8d, 0x9,
    0x0,

    /* U+016D "ŭ" */
    0x18, 0x12, 0x5, 0x78, 0x42, 0xfa, 0x5, 0x3,
    0x70, 0x7f, 0xf7, 0x50, 0xf6, 0x20, 0xc0, 0xab,
    0xd2, 0x0,

    /* U+016E "Ů" */
    0x9, 0xe0, 0xfa, 0xf4, 0x1f, 0xfc, 0x4b, 0xd0,
    0x79, 0xe0, 0xd6, 0x1e, 0xc3, 0xff, 0xf7, 0x87,
    0x90, 0x22, 0x1b, 0x9, 0xa2, 0xa6, 0x5, 0x1a,
    0x12, 0x0,

    /* U+016F "ů" */
    0xb, 0xc1, 0xd7, 0x40, 0xff, 0xe0, 0x5d, 0x3,
    0xbc, 0x15, 0x3, 0x70, 0x7f, 0xf7, 0x50, 0xf6,
    0x20, 0xc0, 0xab, 0xd2, 0x0,

    /* U+0170 "Ű" */
    0xd, 0x24, 0x86, 0x5a, 0x50, 0x6b, 0x1c, 0x3b,
    0x6, 0x15, 0x87, 0xb0, 0xff, 0xfd, 0xe1, 0xe4,
    0x8, 0x86, 0xc2, 0x68, 0xa9, 0x81, 0x46, 0x84,
    0x80,

    /* U+0171 "ű" */
    0xb, 0x8d, 0x2, 0x51, 0x40, 0xf0, 0x22, 0xa0,
    0x5c, 0x1f, 0xfd, 0xd4, 0x3d, 0x88, 0x30, 0x2a,
    0xf4, 0x80,

    /* U+0172 "Ų" */
    0xb0, 0xf6, 0x1f, 0xff, 0xbc, 0x3c, 0x81, 0x10,
    0xd8, 0x4d, 0x15, 0x28, 0x14, 0x68, 0x90, 0x4f,
    0xc6, 0x1f, 0x48, 0x7f, 0xf1, 0xa7, 0x0,

    /* U+0173 "ų" */
    0xa0, 0x6e, 0xf, 0xfe, 0xea, 0x1e, 0xc4, 0x18,
    0x15, 0x7a, 0xa, 0xf9, 0x20, 0xee, 0xf, 0xfe,
    0x13, 0x40,

    /* U+0174 "Ŵ" */
    0xf, 0xa0, 0xff, 0xe0, 0xee, 0x1f, 0xf7, 0x6e,
    0x1f, 0xed, 0x2c, 0x3a, 0xc3, 0x5a, 0x1b, 0xb0,
    0xe4, 0xc3, 0xb4, 0x43, 0x28, 0x24, 0x41, 0x81,
    0x30, 0xd8, 0x4a, 0x6, 0xa1, 0x2, 0x81, 0x84,
    0xe3, 0x85, 0x81, 0x10, 0x26, 0x88, 0x86, 0xd0,
    0x91, 0xc3, 0x93, 0x43, 0x6a, 0xd, 0xab, 0x9,
    0x46, 0x19, 0x2, 0x16, 0x4, 0x3f, 0xe4, 0x38,

    /* U+0175 "ŵ" */
    0xe, 0xf2, 0x1f, 0xdb, 0xc8, 0x7e, 0xe3, 0x43,
    0x50, 0x2b, 0xd, 0xba, 0x12, 0x40, 0x45, 0x7,
    0x28, 0x1a, 0x12, 0x44, 0x13, 0x81, 0xc6, 0x2,
    0x4, 0x1a, 0x4, 0x74, 0x32, 0x41, 0x6e, 0x87,
    0x28, 0x8, 0xe1, 0x93, 0xe, 0x40,

    /* U+0176 "Ŷ" */
    0xd, 0x7, 0xed, 0xc3, 0xdd, 0xd8, 0x76, 0x8e,
    0x15, 0x87, 0x78, 0x84, 0x24, 0x80, 0xc1, 0x42,
    0x8, 0x44, 0xc3, 0x31, 0x21, 0xd1, 0x10, 0x79,
    0x60, 0xfa, 0x30, 0xff, 0xf0, 0x0,

    /* U+0177 "ŷ" */
    0xb, 0xc8, 0x77, 0x52, 0x1b, 0x56, 0x83, 0x83,
    0x59, 0x21, 0x94, 0x22, 0x1b, 0x3, 0x2, 0x10,
    0x61, 0x28, 0x24, 0x81, 0x6, 0x54, 0x1e, 0x86,
    0xf, 0x22, 0x1f, 0x21, 0xf3, 0x87, 0x38, 0x86,
    0xe7, 0xe,

    /* U+0178 "Ÿ" */
    0x5, 0xa, 0x7, 0x78, 0xf0, 0x72, 0x85, 0x5,
    0x61, 0xde, 0x21, 0x9, 0x20, 0x30, 0x50, 0x82,
    0x11, 0x30, 0xcc, 0x48, 0x74, 0x44, 0x1e, 0x58,
    0x3e, 0x8c, 0x3f, 0xfc, 0x0,

    /* U+0179 "Ź" */
    0xe, 0x50, 0x79, 0x90, 0xf5, 0x87, 0xd8, 0x77,
    0xfc, 0x95, 0xc8, 0x8b, 0xf0, 0x7a, 0x20, 0xe5,
    0x61, 0xe9, 0xf, 0x44, 0x1c, 0xa8, 0x3d, 0x28,
    0x3a, 0x20, 0xf2, 0xfc, 0x23, 0x5e,

    /* U+017A "ź" */
    0xd, 0xc1, 0xb6, 0xd, 0xc1, 0x7f, 0x8f, 0xc2,
    0x1a, 0x20, 0x95, 0x86, 0xa0, 0x68, 0x42, 0x56,
    0x1a, 0x43, 0x23, 0xf8,

    /* U+017B "Ż" */
    0xd, 0xa1, 0xf2, 0x83, 0xe8, 0x3b, 0xfe, 0x4a,
    0xe4, 0x45, 0xf8, 0x3d, 0x10, 0x72, 0xb0, 0xf4,
    0x87, 0xa2, 0xe, 0x54, 0x1e, 0x94, 0x1d, 0x10,
    0x79, 0x7e, 0x11, 0xaf, 0x0,

    /* U+017C "ż" */
    0xb, 0x43, 0x90, 0xf4, 0x85, 0xfe, 0x3f, 0x8,
    0x68, 0x82, 0x56, 0x1a, 0x81, 0xa1, 0x9, 0x58,
    0x69, 0xc, 0x8f, 0xe0,

    /* U+017D "Ž" */
    0x2, 0x12, 0x1d, 0xbe, 0xc, 0xd1, 0x83, 0x9e,
    0xd, 0xff, 0x25, 0x72, 0x22, 0xfc, 0x1e, 0x88,
    0x39, 0x58, 0x7a, 0x43, 0xd1, 0x7, 0x2a, 0xf,
    0x4a, 0xe, 0x88, 0x3c, 0xbf, 0x8, 0xd7, 0x80,

    /* U+017E "ž" */
    0x28, 0x38, 0x23, 0xb0, 0xaf, 0x5, 0xfe, 0x3f,
    0x8, 0x68, 0x82, 0x56, 0x1a, 0x81, 0xa1, 0x9,
    0x58, 0x69, 0xc, 0x8f, 0xe0,

    /* U+017F "ſ" */
    0x2f, 0x4a, 0xbb, 0x10, 0xff, 0xf1, 0x80,

    /* U+0180 "ƀ" */
    0x2c, 0x3d, 0xa7, 0xc1, 0x69, 0xf0, 0x72, 0xbe,
    0x42, 0x6a, 0x60, 0xda, 0xa2, 0xf, 0x94, 0x1f,
    0xfc, 0xd5, 0x5, 0xaa, 0x20, 0x56, 0x60,

    /* U+0181 "Ɓ" */
    0x7f, 0xe8, 0x11, 0x15, 0x9c, 0x12, 0x5, 0xb1,
    0xd0, 0xff, 0xe2, 0xc2, 0x1a, 0xf8, 0xc3, 0xaf,
    0x4e, 0x1f, 0x9c, 0x83, 0xfc, 0x87, 0xf9, 0xe,
    0x5b, 0x20, 0xd5, 0x9c,

    /* U+0182 "Ƃ" */
    0x7f, 0xc8, 0x55, 0xc8, 0x4b, 0xc1, 0xff, 0xca,
    0xfc, 0x86, 0xf4, 0xd0, 0x39, 0x94, 0x1f, 0xfc,
    0x95, 0xa6, 0xa, 0xa6, 0x40,

    /* U+0183 "ƃ" */
    0xbf, 0xc1, 0x7f, 0x7, 0xf9, 0x5f, 0x20, 0x6a,
    0x60, 0xb5, 0x44, 0x1e, 0x50, 0x7f, 0xf2, 0x94,
    0xd, 0x51, 0x15, 0x98,

    /* U+0184 "Ƅ" */
    0xb0, 0xff, 0xf0, 0xfe, 0x83, 0x7a, 0x56, 0x1c,
    0xd0, 0x3f, 0x23, 0x87, 0x22, 0x8d, 0x69, 0x6,
    0xd4, 0xc0,

    /* U+0185 "ƅ" */
    0xa0, 0x7f, 0xf3, 0x1f, 0x90, 0x35, 0x30, 0x5a,
    0xa2, 0xf, 0x28, 0x43, 0xe4, 0x3d, 0x87, 0x2c,
    0x6a, 0x88, 0xda, 0x38,

    /* U+0186 "Ɔ" */
    0x2f, 0xc8, 0x66, 0xa6, 0x81, 0x6b, 0x4b, 0x7,
    0xd1, 0x7, 0xe4, 0x3f, 0xb0, 0xff, 0xe3, 0xe1,
    0xfc, 0xa0, 0xfa, 0x30, 0x4b, 0x6b, 0x5, 0x53,
    0x40, 0x0,

    /* U+0187 "Ƈ" */
    0xf, 0xfe, 0x4f, 0x83, 0xfa, 0x30, 0xeb, 0xe5,
    0x6, 0x76, 0xa2, 0xd, 0x3a, 0xd8, 0x68, 0x83,
    0xf9, 0x41, 0xff, 0xe2, 0x50, 0x7f, 0xb2, 0xf,
    0xe5, 0xb5, 0xa0, 0xea, 0x35, 0x6,

    /* U+0188 "ƈ" */
    0xf, 0x5c, 0x1e, 0x68, 0x1f, 0x21, 0x3f, 0x6,
    0x66, 0xa0, 0xa2, 0x58, 0x34, 0x1f, 0xfc, 0xe8,
    0x3e, 0x89, 0x50, 0x4c, 0xd0, 0x20,

    /* U+0189 "Ɖ" */
    0x1f, 0xe8, 0x3d, 0x52, 0xb0, 0xe5, 0xac, 0xc3,
    0xfa, 0x10, 0xfc, 0x98, 0x7f, 0xd4, 0x3e, 0xe,
    0xa1, 0x78, 0x3f, 0x21, 0x93, 0xf, 0xd0, 0x84,
    0xb5, 0x98, 0x6a, 0x9b, 0x0,

    /* U+018A "Ɗ" */
    0x3f, 0xe8, 0x28, 0x8a, 0xce, 0x8c, 0x81, 0x6d,
    0x8d, 0xf, 0xa2, 0xf, 0xf2, 0x83, 0xff, 0xc4,
    0xa0, 0xfe, 0x88, 0x39, 0x6d, 0x83, 0xab, 0x3a,
    0x0,

    /* U+018B "Ƌ" */
    0x2f, 0xf2, 0x57, 0x83, 0x2f, 0x7, 0xff, 0x29,
    0xfc, 0x15, 0x1b, 0x82, 0x54, 0x88, 0x6c, 0x3f,
    0x61, 0xf2, 0xa5, 0x82, 0x95, 0x50, 0x0,

    /* U+018C "ƌ" */
    0x1f, 0xf2, 0x3f, 0xc1, 0xff, 0xc1, 0x7e, 0xc,
    0xcd, 0x30, 0xa2, 0x54, 0x1a, 0x9, 0xf, 0xfe,
    0x56, 0x1f, 0x4c, 0xac, 0x26, 0x69, 0xa0,

    /* U+018D "ƍ" */
    0x3, 0xf4, 0x13, 0x34, 0x70, 0x4c, 0xac, 0x81,
    0x86, 0x50, 0x7c, 0xa0, 0x61, 0x26, 0x4c, 0x32,
    0x86, 0x7a, 0x82, 0x70, 0xfe, 0xd8, 0x3e, 0x84,
    0xc, 0x88, 0x81, 0x2e, 0x80,

    /* U+018E "Ǝ" */
    0x3f, 0xc9, 0x5c, 0x12, 0xf0, 0x7f, 0xf1, 0xff,
    0x82, 0xfd, 0x7, 0xc8, 0x7f, 0xf1, 0xd7, 0x82,
    0xae, 0x0,

    /* U+018F "Ə" */
    0x5, 0xfa, 0xc, 0x95, 0x9d, 0x3, 0x2e, 0xd8,
    0x3f, 0xa1, 0xf, 0xf6, 0x7f, 0xe1, 0x3, 0x5e,
    0xe, 0x5f, 0x8, 0xa0, 0xfb, 0x30, 0xf6, 0x22,
    0xb9, 0x59, 0x5, 0x46, 0x8e, 0x80,

    /* U+0190 "Ɛ" */
    0x3, 0xf9, 0xa, 0x6b, 0x24, 0x4b, 0x69, 0x87,
    0xe4, 0x83, 0xed, 0xfa, 0x3, 0xb7, 0xa0, 0x4c,
    0x87, 0xb0, 0xfd, 0x87, 0xca, 0x96, 0xb2, 0x8d,
    0x44,

    /* U+0191 "Ƒ" */
    0xd, 0xfe, 0xf, 0x35, 0x83, 0xda, 0xe0, 0xff,
    0xe8, 0x5f, 0x83, 0xcd, 0x58, 0x7b, 0x58, 0x3f,
    0xfd, 0xd8, 0x7f, 0xd4, 0x10, 0xf4, 0xa8, 0x3c,

    /* U+0192 "ƒ" */
    0xc, 0xfc, 0x1d, 0x3c, 0x1e, 0xc4, 0x27, 0x2d,
    0x9, 0xcb, 0x43, 0xff, 0xfd, 0x4, 0x86, 0x54,
    0x1e, 0xa3, 0x6,

    /* U+0193 "Ɠ" */
    0xf, 0xfe, 0x4b, 0xe0, 0xfe, 0x9c, 0x35, 0xf8,
    0xc2, 0x76, 0xa4, 0x42, 0x9d, 0x6b, 0xa, 0x20,
    0xfe, 0x50, 0x7f, 0xf3, 0xdf, 0x90, 0xf9, 0xa0,
    0x65, 0x6, 0x50, 0x68, 0x83, 0xfd, 0x3a, 0xe0,
    0xe6, 0x6b, 0x28,

    /* U+0194 "Ɣ" */
    0xe0, 0xeb, 0x24, 0x39, 0x42, 0x21, 0x24, 0x6,
    0xb, 0xd, 0x86, 0x60, 0x91, 0x11, 0xc, 0xc6,
    0x87, 0x42, 0xb0, 0xfa, 0x10, 0xf4, 0x21, 0xff,
    0xc5, 0x84, 0x3f, 0x41, 0xf2, 0x22, 0x1c, 0x88,
    0x7e, 0x65, 0x4,

    /* U+0195 "ƕ" */
    0xb0, 0xff, 0xed, 0x2b, 0xe0, 0xee, 0x1a, 0x8c,
    0x3f, 0x6a, 0x83, 0xff, 0x80, 0x87, 0xff, 0x71,
    0xf, 0xfe, 0x4, 0xa8, 0x83, 0xdb, 0x46, 0x0,

    /* U+0196 "Ɩ" */
    0xb0, 0xff, 0xf2, 0x64, 0x8b, 0x48,

    /* U+0197 "Ɨ" */
    0x7e, 0x9c, 0xa0, 0x7f, 0xf0, 0xdc, 0xb7, 0x1c,
    0x2c, 0x3f, 0xf8, 0x58, 0xe3, 0x80,

    /* U+0198 "Ƙ" */
    0x70, 0xcf, 0x7, 0x35, 0x7, 0x51, 0xe, 0xd4,
    0x1d, 0x10, 0x74, 0xc1, 0xe5, 0x41, 0xee, 0x30,
    0xfb, 0x10, 0xf9, 0x83, 0xe8, 0xc3, 0xec, 0x80,

    /* U+0199 "ƙ" */
    0x3c, 0x86, 0x89, 0xf, 0x21, 0xfe, 0xe0, 0xec,
    0x83, 0x46, 0x13, 0x38, 0x65, 0x7, 0xd9, 0x87,
    0xb2, 0xf, 0x4a, 0xe, 0x54, 0x0,

    /* U+019A "ƚ" */
    0x2c, 0x3f, 0xf8, 0xb2, 0x72, 0x61, 0xff, 0xc8,

    /* U+019B "ƛ" */
    0x1f, 0x21, 0xe7, 0x69, 0x87, 0x48, 0xe1, 0xd6,
    0x87, 0xfc, 0x87, 0xca, 0xc3, 0xd3, 0xa1, 0xe7,
    0x44, 0x34, 0x23, 0x6, 0x60, 0x41, 0x91, 0xd,
    0x2, 0x43, 0x4c,

    /* U+019C "Ɯ" */
    0xb0, 0xd6, 0x1a, 0xc3, 0xff, 0xfe, 0x1f, 0xfd,
    0x9c, 0x39, 0xe, 0x44, 0xd5, 0xa6, 0xac, 0x28,
    0xae, 0x2b, 0x0,

    /* U+019D "Ɲ" */
    0x3, 0xc1, 0xd4, 0xc, 0x87, 0xff, 0x3, 0xf,
    0xf4, 0x21, 0xfc, 0xa8, 0x3f, 0xd1, 0x7, 0xfa,
    0x50, 0x7f, 0x24, 0x1f, 0xec, 0x83, 0xfc, 0xb0,
    0x7f, 0x41, 0xff, 0xc0, 0x83, 0xfe, 0x78, 0x3f,
    0xf8, 0x2c, 0x87, 0xf4, 0x41, 0xf8,

    /* U+019E "ƞ" */
    0xa3, 0xf2, 0x6, 0xa6, 0xb, 0x54, 0x21, 0xf6,
    0x1f, 0xfd, 0xcb, 0xf, 0xfe, 0x90,

    /* U+019F "Ɵ" */
    0x9, 0xbe, 0x83, 0xa8, 0x54, 0xe1, 0x9a, 0x2d,
    0x90, 0x21, 0xe, 0x90, 0x28, 0x3c, 0x88, 0x1f,
    0xf8, 0x33, 0xfe, 0x83, 0xfe, 0x42, 0x50, 0x7a,
    0x12, 0x20, 0xe5, 0x4, 0xa9, 0x6c, 0x82, 0xa1,
    0x53, 0x80,

    /* U+01A0 "Ơ" */
    0x9, 0xbe, 0x81, 0xe0, 0x50, 0xa9, 0xd2, 0x3,
    0x45, 0xb2, 0xd2, 0x10, 0xe8, 0x32, 0x83, 0xc8,
    0x87, 0xff, 0x75, 0x41, 0xe4, 0x41, 0x8, 0x74,
    0x86, 0x68, 0xb6, 0x41, 0xa8, 0x54, 0xe1, 0x0,

    /* U+01A1 "ơ" */
    0xf, 0xe8, 0x3f, 0x94, 0x13, 0xf4, 0x61, 0x33,
    0x47, 0x70, 0x4c, 0xac, 0x83, 0x61, 0x9c, 0x3f,
    0xc8, 0x7f, 0x90, 0xd8, 0x67, 0xb, 0x65, 0x62,
    0x1b, 0x68, 0xe1, 0x0,

    /* U+01A2 "Ƣ" */
    0x9, 0xfc, 0x8f, 0xc8, 0x54, 0x68, 0xdd, 0x4c,
    0x8a, 0xa2, 0xa8, 0x4a, 0x8c, 0xc4, 0x32, 0x61,
    0x28, 0x50, 0x79, 0x41, 0xff, 0xea, 0x50, 0x79,
    0x41, 0xec, 0x43, 0x24, 0x1e, 0x55, 0x15, 0x44,
    0x3f, 0x51, 0xa3, 0x40, 0xf0,

    /* U+01A3 "ƣ" */
    0x3, 0xf4, 0x5e, 0x40, 0xcd, 0x1f, 0x44, 0x9,
    0x95, 0xa, 0x83, 0x61, 0x22, 0x21, 0xff, 0xd2,
    0xc2, 0x44, 0x3a, 0x65, 0x48, 0x79, 0x9a, 0x30,
    0x7c, 0xfd, 0x7, 0xff, 0x84,

    /* U+01A4 "Ƥ" */
    0x7f, 0xe4, 0x11, 0x15, 0x34, 0x4, 0x81, 0x52,
    0x8d, 0xf, 0x61, 0xfe, 0xc3, 0xf9, 0x60, 0xeb,
    0xd3, 0x7, 0x5f, 0x41, 0xff, 0xe2,

    /* U+01A5 "ƥ" */
    0x3c, 0x86, 0x89, 0xf, 0x21, 0xe5, 0x7c, 0x81,
    0xa9, 0x82, 0xd5, 0x10, 0x79, 0x41, 0xff, 0xca,
    0x50, 0x35, 0x44, 0x35, 0x30, 0x15, 0xf2, 0x1f,
    0xfc, 0xd0,

    /* U+01A6 "Ʀ" */
    0x70, 0xff, 0xe3, 0x7e, 0x43, 0x7a, 0x64, 0x39,
    0x8c, 0x3e, 0x50, 0x7c, 0xa0, 0xf4, 0x61, 0x7c,
    0xc8, 0x5e, 0x44, 0x3d, 0x10, 0x7d, 0x28, 0x70,
    0x95, 0x7, 0xd4, 0x40,

    /* U+01A7 "Ƨ" */
    0x5, 0xf2, 0x1a, 0x8d, 0x1, 0x2a, 0x50, 0x7f,
    0xf0, 0x56, 0x9, 0xe6, 0x7, 0x3c, 0xc, 0xe0,
    0xe8, 0x3f, 0xf8, 0x4d, 0x15, 0x65, 0x1a, 0x28,

    /* U+01A8 "ƨ" */
    0x1f, 0xa0, 0xae, 0x61, 0x42, 0xc1, 0xa6, 0x7,
    0x89, 0x37, 0x90, 0xa0, 0xf4, 0x6, 0x27, 0xd6,

    /* U+01A9 "Ʃ" */
    0x7f, 0xe5, 0xd, 0x72, 0x48, 0xb8, 0xd, 0x3,
    0xe5, 0x61, 0xf4, 0x41, 0xe4, 0xc3, 0xd2, 0x83,
    0xa2, 0xe, 0x56, 0x1e, 0x97, 0xc2, 0x35, 0xe0,

    /* U+01AA "ƪ" */
    0x2f, 0x21, 0x99, 0x83, 0xa4, 0x3b, 0xc8, 0x7d,
    0x87, 0xff, 0xfc, 0x3c, 0x87, 0x2a, 0xd0,

    /* U+01AB "ƫ" */
    0x6, 0x19, 0xd, 0x43, 0xcc, 0x9e, 0x43, 0xff,
    0xa7, 0x88, 0x4a, 0xb4, 0x16, 0x1f, 0xf2, 0x19,
    0x94,

    /* U+01AC "Ƭ" */
    0x3f, 0xf1, 0x94, 0x1a, 0x81, 0x28, 0xd6, 0x34,
    0x3f, 0xff, 0xe1, 0xff, 0xc1,

    /* U+01AD "ƭ" */
    0x5, 0xe0, 0x2a, 0x80, 0xc5, 0x12, 0x79, 0x93,
    0xc8, 0x7f, 0xf4, 0xf1, 0x9, 0x56, 0x80,

    /* U+01AE "Ʈ" */
    0xff, 0xd5, 0xc5, 0x65, 0x80, 0xb0, 0x7f, 0xff,
    0xc3, 0xff, 0x8e, 0x87, 0xfa, 0x43, 0xd3, 0x0,

    /* U+01AF "Ư" */
    0xb0, 0xf6, 0x58, 0x7f, 0xa6, 0xf, 0xfa, 0x43,
    0xfd, 0x21, 0xff, 0xea, 0xc3, 0xc8, 0x72, 0x21,
    0xb0, 0xf3, 0x45, 0x4c, 0x1d, 0x46, 0x8c, 0x86,

    /* U+01B0 "ư" */
    0xf, 0xce, 0x50, 0x37, 0x61, 0xfc, 0xac, 0x3f,
    0x38, 0x7f, 0xf6, 0x10, 0xfe, 0xc4, 0x18, 0x73,
    0x4f, 0x48, 0x60,

    /* U+01B1 "Ʊ" */
    0x7f, 0x2, 0xfc, 0xd0, 0x36, 0x34, 0x1c, 0xc0,
    0xcb, 0xa, 0xc3, 0x2b, 0x6, 0x1f, 0x61, 0x28,
    0x3c, 0x88, 0x7f, 0xf3, 0x54, 0x1e, 0x44, 0xc4,
    0x3a, 0x9, 0x54, 0x5b, 0x30, 0xa8, 0xd4, 0xe0,

    /* U+01B2 "Ʋ" */
    0xb0, 0x9f, 0x21, 0xe7, 0xa0, 0x7e, 0x43, 0xff,
    0xd1, 0x87, 0x90, 0x22, 0x1b, 0x9, 0xa2, 0xa6,
    0x5, 0x1a, 0x12, 0x0,

    /* U+01B3 "Ƴ" */
    0xb0, 0xef, 0x10, 0x85, 0x18, 0x18, 0x26, 0xa,
    0x11, 0x10, 0xcc, 0x48, 0x74, 0x44, 0x1e, 0x58,
    0x3e, 0x8c, 0x3f, 0xfc, 0x0,

    /* U+01B4 "ƴ" */
    0xe0, 0xcf, 0x44, 0x34, 0xc8, 0x86, 0x80, 0xc0,
    0x83, 0x61, 0x28, 0x24, 0x41, 0x6, 0x68, 0x1e,
    0x86, 0xf, 0x22, 0x1f, 0x21, 0xf3, 0x87, 0x38,
    0x86, 0xe7, 0xe,

    /* U+01B5 "Ƶ" */
    0x3f, 0xe4, 0xae, 0x44, 0x5f, 0x41, 0xec, 0x43,
    0x93, 0xa, 0xf4, 0x78, 0x16, 0xf, 0x82, 0x48,
    0x3d, 0x28, 0x3a, 0x20, 0xf2, 0xfc, 0x23, 0x5e,

    /* U+01B6 "ƶ" */
    0x3f, 0xc7, 0xe1, 0xd, 0x10, 0x66, 0x7, 0xc5,
    0xd, 0x3d, 0xa, 0xc3, 0x48, 0x64, 0x7f, 0x0,

    /* U+01B7 "Ʒ" */
    0x3f, 0xe0, 0x57, 0x8, 0x17, 0x4c, 0x1d, 0xb0,
    0x76, 0xc1, 0xd0, 0xe8, 0x6b, 0x9b, 0xe, 0x68,
    0x21, 0xe4, 0x3f, 0x20, 0x65, 0xa8, 0xb1, 0x53,
    0x40,

    /* U+01B8 "Ƹ" */
    0x2f, 0xf2, 0x63, 0x59, 0x19, 0x78, 0x25, 0x61,
    0xf4, 0xe1, 0xce, 0x88, 0x4c, 0xda, 0x14, 0xc8,
    0x7b, 0xf, 0xd8, 0x7d, 0x32, 0xd4, 0x19, 0xa9,
    0xc0,

    /* U+01B9 "ƹ" */
    0x3f, 0xd0, 0x97, 0xd1, 0x38, 0x7a, 0x60, 0xf6,
    0xc1, 0x9c, 0x42, 0xa3, 0xe0, 0x9a, 0x6, 0x44,
    0x3f, 0xf8, 0x28, 0x87, 0x99, 0x74, 0x57, 0xb0,

    /* U+01BA "ƺ" */
    0xbf, 0xc5, 0xf2, 0x41, 0xa6, 0x42, 0x99, 0xc,
    0x94, 0xd, 0xe9, 0xc3, 0x98, 0x3f, 0xf8, 0x70,
    0x57, 0xc6, 0x2a, 0xf8, 0x3c, 0xc0, 0x55, 0xc1,
    0x0,

    /* U+01BB "ƻ" */
    0x5, 0xf0, 0x6c, 0xa1, 0x85, 0xca, 0xc4, 0x3f,
    0x21, 0xe8, 0x35, 0xf2, 0x60, 0xbc, 0x3e, 0xd,
    0x10, 0x72, 0xb0, 0xe6, 0x81, 0xe9, 0x41, 0xf3,
    0xfc, 0x80,

    /* U+01BC "Ƽ" */
    0x7f, 0xe1, 0x86, 0xb0, 0x10, 0x2e, 0xf, 0xfe,
    0x53, 0xe8, 0x37, 0xa8, 0xe1, 0xca, 0x84, 0x3c,
    0x87, 0xe4, 0xc, 0xb5, 0x16, 0x2a, 0x68, 0x0,

    /* U+01BD "ƽ" */
    0x7f, 0xa1, 0x8b, 0xd0, 0x11, 0xf, 0xbd, 0x6,
    0xf4, 0xe1, 0xcc, 0x1f, 0xe6, 0x46, 0x44, 0xb9,
    0x80,

    /* U+01BE "ƾ" */
    0x3, 0x7, 0x61, 0xda, 0xbc, 0xc, 0x7c, 0x1f,
    0xe5, 0x7, 0x47, 0x6, 0xe5, 0x6, 0x56, 0xc8,
    0xad, 0x57, 0x44,

    /* U+01BF "ƿ" */
    0xa3, 0xf0, 0x4d, 0x46, 0x16, 0xac, 0x43, 0xec,
    0x3f, 0xf8, 0x29, 0x87, 0x42, 0x6, 0xcc, 0x29,
    0xb0, 0xde, 0x43, 0xff, 0x9e,

    /* U+01C0 "ǀ" */
    0xd0, 0xff, 0xe5, 0x0,

    /* U+01C1 "ǁ" */
    0xd1, 0xc3, 0xff, 0xd6,

    /* U+01C2 "ǂ" */
    0x5, 0x87, 0xff, 0x33, 0xc9, 0xe3, 0xc9, 0xe3,
    0xc9, 0xe3, 0xc9, 0xe0, 0xff, 0xe8, 0x80,

    /* U+01C3 "ǃ" */
    0xb0, 0xff, 0x61, 0xe4, 0x33, 0x81, 0x3c, 0x20,

    /* U+01C4 "Ǆ" */
    0xf, 0xfe, 0xa, 0x12, 0x1f, 0xfc, 0x3a, 0x3a,
    0x1f, 0xfc, 0x3d, 0xb0, 0xff, 0xe2, 0xf8, 0x33,
    0xfd, 0x6, 0xbf, 0xe0, 0xaa, 0x56, 0x15, 0x78,
    0x42, 0x5a, 0xcc, 0x25, 0xd9, 0x7, 0xe8, 0x43,
    0x95, 0x7, 0xf2, 0x61, 0xd0, 0x87, 0xff, 0x12,
    0x30, 0xff, 0xe2, 0xa8, 0x3f, 0xf8, 0xb9, 0x7,
    0xfc, 0x98, 0x12, 0xf, 0xfe, 0x4, 0x20, 0x94,
    0x1f, 0x2d, 0x66, 0x8, 0xd7, 0x82, 0xa9, 0xb0,
    0x92, 0xbc, 0x0,

    /* U+01C5 "ǅ" */
    0x7f, 0xa0, 0xea, 0x3c, 0x15, 0x4a, 0xc3, 0x45,
    0x41, 0x2d, 0x66, 0x1a, 0xd0, 0xfe, 0x84, 0x7f,
    0x90, 0xf9, 0x31, 0xfa, 0x10, 0xff, 0xe1, 0xc8,
    0x7f, 0xf0, 0xe2, 0xf, 0xfe, 0x12, 0xb0, 0xfe,
    0x4c, 0x2a, 0x7, 0xfa, 0x10, 0x42, 0x1c, 0xb5,
    0x98, 0x15, 0x2c, 0x15, 0x4d, 0x85, 0x95, 0xc0,

    /* U+01C6 "ǆ" */
    0xf, 0xb4, 0x14, 0x1c, 0x3f, 0xf8, 0x11, 0xd8,
    0x7f, 0xf0, 0x6f, 0x6, 0x7e, 0xc, 0xff, 0x43,
    0x34, 0xc2, 0x7e, 0x8c, 0x89, 0x50, 0x7d, 0x28,
    0x10, 0x48, 0x7a, 0x20, 0xff, 0xe1, 0x30, 0x7f,
    0xf0, 0xb5, 0x6, 0xc3, 0xf4, 0x41, 0xa6, 0x56,
    0x12, 0xa0, 0xe6, 0x69, 0xa0, 0xcb, 0xe8,

    /* U+01C7 "Ǉ" */
    0x70, 0xfb, 0x43, 0xff, 0xfe, 0x1f, 0xfc, 0xe5,
    0xe0, 0xf5, 0x70, 0x67, 0xfc, 0x12, 0x1f, 0xa0,
    0xfd, 0xe6, 0xf, 0xbe, 0x40,

    /* U+01C8 "ǈ" */
    0x70, 0xfb, 0xf, 0xfe, 0x4e, 0x1f, 0xce, 0x1f,
    0xff, 0x95, 0xe0, 0xf5, 0x70, 0x67, 0xfc, 0x1f,
    0xfc, 0xbc, 0x3f, 0x3b, 0x0,

    /* U+01C9 "ǉ" */
    0xb0, 0x38, 0x79, 0xe, 0x60, 0xeb, 0xf, 0xff,
    0x6d, 0x87, 0xff, 0xd, 0x60, 0xa8, 0x40,

    /* U+01CA "Ǌ" */
    0x78, 0x3a, 0x80, 0x70, 0x90, 0xff, 0xe1, 0xe1,
    0xff, 0xc1, 0x84, 0x3f, 0xf8, 0xa, 0x83, 0xff,
    0x83, 0x10, 0x7f, 0xf0, 0x65, 0x7, 0xff, 0x1,
    0x20, 0xff, 0xe0, 0xe4, 0x1f, 0xfc, 0x15, 0x83,
    0xff, 0x81, 0x7, 0xff, 0xe, 0xf, 0x9c, 0x39,
    0xe0, 0xff, 0xe2, 0xc1, 0xff, 0xc0, 0xf1, 0x87,
    0xfd, 0xf0, 0x0,

    /* U+01CB "ǋ" */
    0x78, 0x3a, 0x80, 0x70, 0x90, 0xff, 0x21, 0xb0,
    0xfc, 0xc1, 0x42, 0x1f, 0x38, 0x49, 0x7, 0xff,
    0x7, 0x20, 0xff, 0xe0, 0xac, 0x1f, 0xfc, 0x8,
    0x83, 0xff, 0x83, 0x10, 0x7f, 0xf0, 0x17, 0x7,
    0xff, 0x2, 0xf, 0xfe, 0x1c, 0x1f, 0x38, 0x73,
    0xc1, 0xff, 0xc5, 0xc3, 0xff, 0x82, 0xb0, 0x7f,
    0xd4, 0x20,

    /* U+01CC "ǌ" */
    0xf, 0xf5, 0x3, 0xfe, 0xc3, 0xfd, 0x34, 0x7e,
    0x42, 0xe1, 0xa9, 0x83, 0xed, 0x50, 0x87, 0xfd,
    0x87, 0xff, 0xd2, 0xc3, 0x70, 0x7f, 0xf3, 0x14,
    0x61, 0xfa, 0x8a,

    /* U+01CD "Ǎ" */
    0x2, 0x80, 0xa0, 0xe6, 0x8c, 0x87, 0xb6, 0xc3,
    0xf7, 0x83, 0xfa, 0xc3, 0xf9, 0x10, 0xf9, 0x1c,
    0x3e, 0x9d, 0xf, 0xd2, 0x21, 0xd0, 0x4c, 0x1c,
    0xc0, 0xc3, 0x92, 0xf4, 0x41, 0x65, 0x65, 0x4,
    0xcb, 0xa1, 0x11, 0xf, 0x64, 0x87, 0xa4,

    /* U+01CE "ǎ" */
    0x6, 0x96, 0x17, 0x66, 0x1b, 0xd0, 0x6b, 0xe8,
    0x35, 0xca, 0x4, 0x89, 0x87, 0x90, 0xaf, 0x90,
    0x6d, 0xe4, 0x29, 0x2, 0x16, 0x8, 0x29, 0xfa,
    0x0,

    /* U+01CF "Ǐ" */
    0x42, 0x41, 0xbe, 0x1a, 0x10, 0x1f, 0x1, 0xfa,
    0x1c, 0xa0, 0x7f, 0xfa, 0xdc, 0xa0,

    /* U+01D0 "ǐ" */
    0x70, 0x6a, 0xfa, 0x41, 0xe4, 0x2b, 0xf, 0xff,
    0x30,

    /* U+01D1 "Ǒ" */
    0xc, 0x84, 0x87, 0xdc, 0xe8, 0x7d, 0x34, 0xf,
    0xef, 0x21, 0xf3, 0x7d, 0x7, 0x50, 0xa9, 0xc3,
    0x2a, 0x5b, 0x20, 0x44, 0x1d, 0x20, 0x50, 0x79,
    0x10, 0xff, 0xec, 0xa8, 0x3c, 0x89, 0x10, 0x74,
    0x84, 0xa9, 0x6c, 0x82, 0xa1, 0x53, 0x80,

    /* U+01D2 "ǒ" */
    0x3, 0xe, 0x19, 0xf5, 0x87, 0x3e, 0xe, 0x7e,
    0x82, 0x66, 0x8e, 0x8, 0x95, 0x88, 0x20, 0xec,
    0x3e, 0x50, 0x7c, 0xa0, 0x41, 0xd9, 0x92, 0xb1,
    0x6, 0xd1, 0xc0,

    /* U+01D3 "Ǔ" */
    0x2, 0x12, 0x1c, 0xed, 0x87, 0xa8, 0xc1, 0xe7,
    0xc1, 0xac, 0x3d, 0x87, 0xff, 0xef, 0xf, 0x20,
    0x44, 0x36, 0x13, 0x45, 0x4c, 0xa, 0x34, 0x24,

    /* U+01D4 "ǔ" */
    0x1c, 0x74, 0xd, 0xda, 0x13, 0xe0, 0xa8, 0x1b,
    0x83, 0xff, 0xba, 0x87, 0xb1, 0x6, 0x5, 0x5e,
    0x90,

    /* U+01D5 "Ǖ" */
    0x5, 0xf8, 0x3a, 0xfc, 0x1e, 0x81, 0x7, 0x28,
    0x50, 0x73, 0x8e, 0x15, 0x87, 0xb0, 0xff, 0xfd,
    0xe1, 0xe4, 0x8, 0x86, 0xc2, 0x68, 0xa9, 0x81,
    0x46, 0x84, 0x80,

    /* U+01D6 "ǖ" */
    0x1f, 0xc8, 0x1f, 0xc8, 0x58, 0x30, 0xc8, 0x10,
    0xd0, 0x20, 0x50, 0x37, 0x7, 0xff, 0x75, 0xf,
    0x62, 0xc, 0xa, 0xbd, 0x20,

    /* U+01D7 "Ǘ" */
    0xe, 0x50, 0x7e, 0xb0, 0xfb, 0xa0, 0x7a, 0xd8,
    0x39, 0x42, 0x83, 0x9c, 0x70, 0xac, 0x3d, 0x87,
    0xff, 0xef, 0xf, 0x20, 0x44, 0x36, 0x13, 0x45,
    0x4c, 0xa, 0x34, 0x24,

    /* U+01D8 "ǘ" */
    0xc, 0xc1, 0xe8, 0x3d, 0x30, 0x6e, 0x98, 0x64,
    0x8, 0x68, 0x10, 0x28, 0x1b, 0x83, 0xff, 0xba,
    0x87, 0xb1, 0x6, 0x5, 0x5e, 0x90,

    /* U+01D9 "Ǚ" */
    0x2, 0x12, 0x1c, 0xed, 0x3, 0xd4, 0x70, 0xf7,
    0xd0, 0x72, 0x85, 0x7, 0x38, 0xe1, 0x58, 0x7b,
    0xf, 0xff, 0xde, 0x1e, 0x40, 0x88, 0x6c, 0x26,
    0x8a, 0x98, 0x14, 0x68, 0x48,

    /* U+01DA "ǚ" */
    0x14, 0x5, 0x1, 0xac, 0x85, 0xab, 0xd, 0xf8,
    0x32, 0x4, 0x34, 0x8, 0x14, 0xd, 0xc1, 0xff,
    0xdd, 0x43, 0xd8, 0x83, 0x2, 0xaf, 0x48,

    /* U+01DB "Ǜ" */
    0xa, 0xf, 0xe7, 0xf, 0xda, 0x83, 0xea, 0x30,
    0x72, 0x85, 0x7, 0x38, 0xe1, 0x58, 0x7b, 0xf,
    0xff, 0xde, 0x1e, 0x40, 0x88, 0x6c, 0x26, 0x8a,
    0x98, 0x14, 0x68, 0x48,

    /* U+01DC "ǜ" */
    0x4, 0x1f, 0xb0, 0xf4, 0xc1, 0xdd, 0x30, 0xc8,
    0x10, 0xd0, 0x20, 0x50, 0x37, 0x7, 0xff, 0x75,
    0xf, 0x62, 0xc, 0xa, 0xbd, 0x20,

    /* U+01DD "ǝ" */
    0x1f, 0xa4, 0x2e, 0xa2, 0x41, 0x2d, 0x30, 0x7d,
    0x85, 0xfd, 0x6, 0xbe, 0x43, 0x61, 0xf4, 0xa2,
    0x60, 0x34, 0xd9, 0x0,

    /* U+01DE "Ǟ" */
    0x3, 0xf9, 0xe, 0x7f, 0x21, 0xe8, 0x10, 0x7c,
    0x81, 0xf, 0xb0, 0x61, 0xfa, 0xc3, 0xf9, 0x10,
    0xf9, 0x1c, 0x3e, 0x9d, 0xf, 0xd2, 0x21, 0xd0,
    0x4c, 0x1c, 0xc0, 0xc3, 0x92, 0xf4, 0x41, 0x65,
    0x65, 0x4, 0xcb, 0xa1, 0x11, 0xf, 0x64, 0x87,
    0xa4,

    /* U+01DF "ǟ" */
    0x7, 0xf0, 0x5f, 0xc1, 0x50, 0xa0, 0x5e, 0x3c,
    0x12, 0x85, 0x5, 0x7d, 0x6, 0xb9, 0x40, 0x91,
    0x30, 0xf2, 0x15, 0xf2, 0xd, 0xbc, 0x85, 0x20,
    0x42, 0xc1, 0x5, 0x3f, 0x40,

    /* U+01E0 "Ǡ" */
    0x3, 0xf9, 0xe, 0x7f, 0x21, 0xf3, 0x7, 0xf6,
    0x1f, 0xea, 0x7, 0xf5, 0x87, 0xf2, 0x21, 0xf2,
    0x38, 0x7d, 0x3a, 0x1f, 0xa4, 0x43, 0xa0, 0x98,
    0x39, 0x81, 0x87, 0x25, 0xe8, 0x82, 0xca, 0xca,
    0x9, 0x97, 0x42, 0x22, 0x1e, 0xc9, 0xf, 0x48,

    /* U+01E1 "ǡ" */
    0x7, 0xf0, 0x5f, 0xc1, 0xd8, 0x7f, 0xf0, 0xf0,
    0xeb, 0xe8, 0x35, 0xca, 0x4, 0x89, 0x87, 0x90,
    0xaf, 0x90, 0x6d, 0xe4, 0x29, 0x2, 0x16, 0x8,
    0x29, 0xfa, 0x0,

    /* U+01E2 "Ǣ" */
    0xf, 0x3f, 0x83, 0xfc, 0xfe, 0xf, 0xf7, 0xfe,
    0xf, 0x24, 0x35, 0x83, 0xda, 0x80, 0xb8, 0x3c,
    0xe1, 0xff, 0xc0, 0x84, 0x3f, 0xf8, 0xc, 0x13,
    0xf8, 0x34, 0x21, 0x3f, 0x83, 0x27, 0xc1, 0xfc,
    0x95, 0x83, 0xfa, 0x5e, 0xf, 0xc9, 0x7, 0x97,
    0x2, 0x43, 0xcd, 0x60,

    /* U+01E3 "ǣ" */
    0xc, 0xfe, 0x43, 0xf3, 0xf9, 0xf, 0x5f, 0x27,
    0xc8, 0x49, 0x6d, 0xbd, 0x10, 0x32, 0x40, 0x85,
    0x61, 0xf9, 0xc, 0x85, 0x7c, 0x3f, 0x21, 0x6d,
    0xe1, 0xfe, 0xb, 0x42, 0x43, 0xf4, 0xad, 0x25,
    0xc0, 0x9a, 0xd9, 0x50, 0x0,

    /* U+01E4 "Ǥ" */
    0xd, 0x7e, 0x83, 0x3b, 0x52, 0x83, 0x4e, 0xb5,
    0x85, 0x10, 0x7f, 0x28, 0x3f, 0xf9, 0xef, 0xc8,
    0x7c, 0xd0, 0x32, 0x82, 0x68, 0x49, 0x10, 0x1f,
    0xa, 0x4, 0xeb, 0x8c, 0x26, 0x6b, 0x28,

    /* U+01E5 "ǥ" */
    0x3, 0xf3, 0x20, 0x66, 0xa4, 0x29, 0x95, 0x7,
    0x61, 0x21, 0xff, 0xcd, 0xc3, 0xf4, 0xc3, 0x86,
    0x67, 0xa0, 0x73, 0xf2, 0x1f, 0x7c, 0x48, 0xb5,
    0x12, 0x47, 0xa8, 0x90,

    /* U+01E6 "Ǧ" */
    0xc, 0x84, 0x87, 0xdb, 0x87, 0xca, 0x94, 0x1f,
    0x5c, 0x1f, 0x5f, 0xa0, 0x9d, 0xa9, 0x41, 0x4e,
    0xb5, 0x82, 0x20, 0xfc, 0xa0, 0xff, 0xe6, 0xbf,
    0x21, 0xe6, 0x81, 0x28, 0x32, 0x82, 0x88, 0x3f,
    0xa7, 0x5c, 0x19, 0x9a, 0xca,

    /* U+01E7 "ǧ" */
    0x5, 0x7, 0xd, 0x1d, 0x87, 0x5e, 0xe, 0x7e,
    0x64, 0x66, 0xa4, 0x13, 0x2b, 0xd, 0x87, 0xff,
    0x3b, 0xf, 0xa6, 0x1c, 0x26, 0x7a, 0x6, 0x7e,
    0x43, 0xff, 0x80, 0xc8, 0xe2, 0x25, 0xce, 0x0,

    /* U+01E8 "Ǩ" */
    0x2, 0x12, 0x1b, 0xce, 0x1d, 0x32, 0x83, 0xae,
    0x9, 0xc3, 0x3a, 0x1c, 0xd1, 0xe, 0x94, 0x1d,
    0xb0, 0x76, 0x41, 0xd1, 0x7, 0x95, 0x7, 0xb8,
    0xc3, 0xe8, 0x43, 0xca, 0x83, 0xe8, 0xc3, 0xec,
    0x80,

    /* U+01E9 "ǩ" */
    0x50, 0x14, 0x19, 0x95, 0x21, 0xd5, 0x83, 0xcd,
    0x10, 0xf9, 0x41, 0xfa, 0xc3, 0xff, 0xab, 0xc1,
    0xf6, 0x41, 0xe8, 0xc3, 0x99, 0xc3, 0xca, 0xf,
    0xec, 0xc3, 0xf6, 0x41, 0xfa, 0x50, 0x7c, 0xa8,

    /* U+01EA "Ǫ" */
    0x9, 0xbe, 0x83, 0xa8, 0x54, 0xe1, 0x95, 0x2d,
    0x90, 0x22, 0xe, 0x90, 0x28, 0x3c, 0x88, 0x7f,
    0xf6, 0x54, 0x1e, 0x44, 0x88, 0x3a, 0x42, 0x54,
    0xb6, 0x41, 0x50, 0xa9, 0xc3, 0x9a, 0x1c, 0x1f,
    0xa8, 0x1f, 0xfc, 0xaa, 0x83, 0x0,

    /* U+01EB "ǫ" */
    0x3, 0xf4, 0x13, 0x34, 0x70, 0x44, 0xac, 0x41,
    0x7, 0x61, 0xf2, 0x83, 0xe5, 0x2, 0xe, 0xcc,
    0x95, 0x88, 0x36, 0x8e, 0x1b, 0x68, 0x1e, 0x50,
    0x79, 0xf, 0xc9, 0xa0,

    /* U+01EC "Ǭ" */
    0xd, 0xfa, 0xf, 0xbf, 0x41, 0xe6, 0xfa, 0xe,
    0xa1, 0x53, 0x86, 0x54, 0xb6, 0x40, 0x88, 0x3a,
    0x40, 0xa0, 0xf2, 0x21, 0xff, 0xd9, 0x50, 0x79,
    0x12, 0x20, 0xe9, 0x9, 0x52, 0xd9, 0x5, 0x42,
    0xa7, 0xe, 0x6c, 0xe0, 0xfd, 0x21, 0xff, 0xca,
    0xdc, 0x30,

    /* U+01ED "ǭ" */
    0x5, 0xf8, 0x35, 0xf8, 0x33, 0xf4, 0x13, 0x34,
    0x70, 0x44, 0xac, 0x41, 0x7, 0x61, 0xf2, 0x83,
    0xe5, 0x2, 0xe, 0xcc, 0x95, 0x88, 0x36, 0x8e,
    0x1b, 0x68, 0x1e, 0x50, 0x79, 0xf, 0xc9, 0xa0,

    /* U+01EE "Ǯ" */
    0x2, 0x12, 0x1b, 0xce, 0x1d, 0x34, 0x43, 0xad,
    0xd, 0xff, 0x2, 0xb8, 0x40, 0xba, 0x60, 0xed,
    0x83, 0xb6, 0xe, 0x87, 0x43, 0x5c, 0xd8, 0x73,
    0x41, 0xf, 0x21, 0xf9, 0x3, 0x2d, 0x45, 0x8a,
    0x9a, 0x0,

    /* U+01EF "ǯ" */
    0x28, 0x38, 0x51, 0xd8, 0x6b, 0xc1, 0x5f, 0xe2,
    0xfa, 0x10, 0xe9, 0x83, 0x44, 0x1a, 0x70, 0xe4,
    0xd0, 0xde, 0x68, 0x1d, 0x44, 0x3c, 0x88, 0x7f,
    0xf0, 0x51, 0x96, 0xa2, 0x75, 0x34, 0x0,

    /* U+01F0 "ǰ" */
    0x70, 0x6a, 0xfa, 0x41, 0xe4, 0x2b, 0xf, 0xff,
    0x7a, 0x12, 0x82, 0xe6, 0x0,

    /* U+01F1 "Ǳ" */
    0x7f, 0xa0, 0xd7, 0xfc, 0x15, 0x4a, 0xc2, 0xaf,
    0x8, 0x4b, 0x59, 0x84, 0xbb, 0x20, 0xfd, 0x8,
    0x72, 0xa0, 0xfe, 0x4c, 0x3a, 0x10, 0xff, 0xe2,
    0x46, 0x1f, 0xfc, 0x55, 0x7, 0xff, 0x17, 0x20,
    0xff, 0x93, 0x2, 0x41, 0xff, 0xc0, 0x84, 0x12,
    0x83, 0xe5, 0xac, 0xc1, 0x1a, 0xf0, 0x55, 0x36,
    0x12, 0x57, 0x80,

    /* U+01F2 "ǲ" */
    0x7f, 0xa0, 0xff, 0xe0, 0xd4, 0xac, 0x3f, 0xf8,
    0xb, 0x59, 0x87, 0xff, 0x12, 0x11, 0xfe, 0x43,
    0xe4, 0xc7, 0xe8, 0x43, 0xff, 0x87, 0x21, 0xff,
    0xc3, 0x88, 0x3f, 0xf8, 0x4a, 0xc3, 0xf9, 0x30,
    0xa8, 0x1f, 0xe8, 0x41, 0x8, 0x72, 0xd6, 0x60,
    0x54, 0xb0, 0x55, 0x36, 0x16, 0x57, 0x0,

    /* U+01F3 "ǳ" */
    0xf, 0xb4, 0x3f, 0xfc, 0xf, 0xc1, 0x9f, 0xe8,
    0x66, 0x98, 0x4f, 0xd1, 0x91, 0x2a, 0xf, 0xa5,
    0x2, 0x9, 0xf, 0x44, 0x1f, 0xfc, 0x26, 0xf,
    0xfe, 0x16, 0xa0, 0xd8, 0x7e, 0x88, 0x34, 0xca,
    0xc2, 0x54, 0x1c, 0xcd, 0x34, 0x19, 0x7d, 0x0,

    /* U+01F4 "Ǵ" */
    0xf, 0x94, 0x1f, 0xa8, 0x87, 0xca, 0xc3, 0xf3,
    0x87, 0xeb, 0xf4, 0x13, 0xb5, 0x28, 0x29, 0xd6,
    0xb0, 0x44, 0x1f, 0x94, 0x1f, 0xfc, 0xd7, 0xe4,
    0x3c, 0xd0, 0x25, 0x6, 0x50, 0x51, 0x7, 0xf4,
    0xeb, 0x83, 0x33, 0x59, 0x40,

    /* U+01F5 "ǵ" */
    0xe, 0xe0, 0xf6, 0xc1, 0xee, 0xe, 0x7e, 0x64,
    0x66, 0xa4, 0x13, 0x2b, 0xd, 0x87, 0xff, 0x3b,
    0xf, 0xa6, 0x1c, 0x26, 0x7a, 0x6, 0x7e, 0x43,
    0xff, 0x80, 0xc8, 0xe2, 0x25, 0xce, 0x0,

    /* U+01F6 "Ƕ" */
    0x70, 0xce, 0x1f, 0xfd, 0xee, 0xf, 0xfe, 0x1f,
    0xe8, 0x3f, 0x57, 0x7, 0xe5, 0xc1, 0xff, 0xce,
    0x43, 0xff, 0x85, 0xb1, 0x7, 0xd9, 0x30,

    /* U+01F7 "Ƿ" */
    0x72, 0xf8, 0x36, 0x50, 0xc2, 0x65, 0x62, 0x8,
    0x3b, 0xf, 0xfe, 0x62, 0x41, 0xe8, 0x3e, 0x8c,
    0x3a, 0x60, 0xce, 0xe8, 0x6a, 0x61, 0xed, 0xf,
    0xfe, 0xa0,

    /* U+01F8 "Ǹ" */
    0x9, 0x41, 0xfd, 0x21, 0xf3, 0x40, 0xfc, 0xe1,
    0x9e, 0xe, 0xa0, 0x10, 0xff, 0x61, 0xfa, 0x10,
    0xf9, 0x50, 0x7e, 0x88, 0x3f, 0x4a, 0xf, 0x92,
    0xf, 0xd9, 0x7, 0xe5, 0x83, 0xe8, 0x3f, 0xd0,
    0x0,

    /* U+01F9 "ǹ" */
    0x7, 0x83, 0xdb, 0x7, 0xa8, 0x15, 0x1f, 0x90,
    0x35, 0x30, 0x5a, 0xa1, 0xf, 0xb0, 0xff, 0xee,
    0x0,

    /* U+01FA "Ǻ" */
    0xe, 0xb0, 0xfe, 0x60, 0xfc, 0xc8, 0x7e, 0xa2,
    0x1f, 0x53, 0x83, 0xef, 0x28, 0x3e, 0x55, 0x87,
    0xc8, 0xe1, 0xf4, 0xe8, 0x79, 0x24, 0x43, 0xb0,
    0x98, 0x39, 0x81, 0x8, 0x51, 0x7c, 0x41, 0x2a,
    0xb2, 0x12, 0x4b, 0xa2, 0x24, 0x3d, 0x20,

    /* U+01FB "ǻ" */
    0xc, 0xf0, 0x75, 0x41, 0x93, 0xe, 0xb1, 0xf,
    0x90, 0xd6, 0x1e, 0x78, 0x35, 0xf4, 0x1a, 0xe5,
    0x2, 0x44, 0xc3, 0xc8, 0x57, 0xc8, 0x36, 0xf2,
    0x14, 0x81, 0xb, 0x4, 0x14, 0xfd, 0x0,

    /* U+01FC "Ǽ" */
    0xf, 0xe5, 0x7, 0xff, 0x6, 0xf, 0xfe, 0xf,
    0x21, 0xff, 0xc0, 0xd0, 0xff, 0xbf, 0xf0, 0x79,
    0x21, 0xac, 0x1e, 0xd4, 0x5, 0xc1, 0xe7, 0xf,
    0xfe, 0x4, 0x21, 0xff, 0xc0, 0x60, 0x9f, 0xc1,
    0xa1, 0x9, 0xfc, 0x19, 0x3e, 0xf, 0xe4, 0xac,
    0x1f, 0xd2, 0xf0, 0x7e, 0x48, 0x3c, 0xb8, 0x12,
    0x1e, 0x6b, 0x0,

    /* U+01FD "ǽ" */
    0xf, 0xbc, 0x1f, 0xf4, 0x61, 0xff, 0x58, 0x7e,
    0xbe, 0x4f, 0x90, 0x92, 0xdb, 0x7a, 0x20, 0x64,
    0x81, 0xa, 0xc3, 0xf2, 0x19, 0xa, 0xf8, 0x7e,
    0x42, 0xdb, 0xc3, 0xfc, 0x16, 0x84, 0x87, 0xe9,
    0x5a, 0x4b, 0x81, 0x35, 0xb2, 0xa0, 0x0,

    /* U+01FE "Ǿ" */
    0xf, 0xa0, 0xff, 0x68, 0x7f, 0x26, 0x1f, 0xce,
    0x1f, 0x9b, 0xea, 0x82, 0xa1, 0x45, 0xa0, 0x95,
    0x2a, 0x4, 0x8, 0x82, 0xd9, 0x2, 0x82, 0x49,
    0x10, 0xf5, 0x3, 0xfb, 0x50, 0x7e, 0x88, 0x3c,
    0xbb, 0x9, 0x12, 0x28, 0x1a, 0x43, 0xb5, 0xb2,
    0xd, 0x15, 0x38, 0x6d, 0xbe, 0x82,

    /* U+01FF "ǿ" */
    0xe, 0xe0, 0xf4, 0xc1, 0xea, 0x7, 0x3f, 0x5a,
    0x33, 0x44, 0x48, 0x90, 0x90, 0x40, 0xa3, 0x86,
    0xd4, 0x21, 0x44, 0x28, 0x67, 0xb, 0x30, 0x2b,
    0x13, 0x5, 0x1c, 0x17, 0xe8, 0x0,

    /* U+0200 "Ȁ" */
    0x4, 0x30, 0x7c, 0xcb, 0x7, 0xb4, 0xe0, 0xfb,
    0x6, 0x1f, 0xac, 0x3f, 0x91, 0xf, 0x91, 0xc3,
    0xe9, 0xd0, 0xfd, 0x22, 0x1d, 0x4, 0xc1, 0xcc,
    0xc, 0x39, 0x2f, 0x44, 0x16, 0x56, 0x50, 0x4c,
    0xba, 0x11, 0x10, 0xf6, 0x48, 0x7a, 0x40,

    /* U+0201 "ȁ" */
    0x38, 0xe0, 0xb5, 0x48, 0x6c, 0x64, 0x2a, 0x76,
    0x1a, 0xe5, 0x2, 0x44, 0xc3, 0xc8, 0x57, 0xc8,
    0x36, 0xf2, 0x14, 0x81, 0xb, 0x4, 0x14, 0xfd,
    0x0,

    /* U+0202 "Ȃ" */
    0x9, 0xf4, 0x1f, 0x53, 0x10, 0xf6, 0x92, 0x1f,
    0x58, 0x7f, 0x22, 0x1f, 0x23, 0x87, 0xd3, 0xa1,
    0xfa, 0x44, 0x3a, 0x9, 0x83, 0x98, 0x18, 0x72,
    0x5e, 0x88, 0x2c, 0xac, 0xa0, 0x99, 0x74, 0x22,
    0x21, 0xec, 0x90, 0xf4, 0x80,

    /* U+0203 "ȃ" */
    0xb, 0xe0, 0xdd, 0xd8, 0x5a, 0x38, 0x57, 0xd0,
    0x6b, 0x94, 0x9, 0x13, 0xf, 0x21, 0x5f, 0x20,
    0xdb, 0xc8, 0x52, 0x4, 0x2c, 0x10, 0x53, 0xf4,
    0x0,

    /* U+0204 "Ȅ" */
    0x61, 0x80, 0xbe, 0x7, 0x14, 0xb, 0x1c, 0x7f,
    0xc0, 0xae, 0x2, 0xf0, 0x7f, 0xf1, 0x3f, 0x40,
    0xfd, 0x7, 0xff, 0x2d, 0x78, 0x15, 0xc0,

    /* U+0205 "ȅ" */
    0x3c, 0x70, 0x6c, 0x74, 0x3b, 0xc4, 0x86, 0x57,
    0x6, 0x67, 0xa2, 0x8, 0x85, 0x41, 0x41, 0x61,
    0xaf, 0xa0, 0xcf, 0xf0, 0x7f, 0xd3, 0x2d, 0x1,
    0xca, 0xb0,

    /* U+0206 "Ȇ" */
    0x5, 0xe8, 0x9, 0xe4, 0xc, 0xc, 0x7f, 0xc0,
    0xae, 0x2, 0xf0, 0x7f, 0xf1, 0x3f, 0x40, 0xfd,
    0x7, 0xff, 0x2d, 0x78, 0x15, 0xc0,

    /* U+0207 "ȇ" */
    0xb, 0xe4, 0x37, 0x74, 0xd, 0xa3, 0x86, 0x7e,
    0x42, 0x67, 0xa2, 0x8, 0x85, 0x41, 0x41, 0x61,
    0xaf, 0xa0, 0xcf, 0xf0, 0x7f, 0xd3, 0x2d, 0x1,
    0xca, 0xb0,

    /* U+0208 "Ȉ" */
    0x62, 0x45, 0xb8, 0x14, 0x68, 0x38, 0xc3, 0xf4,
    0x39, 0x40, 0xff, 0xf5, 0xb9, 0x40,

    /* U+0209 "ȉ" */
    0x75, 0x60, 0x54, 0xa8, 0x14, 0x20, 0xcd, 0xc1,
    0xff, 0xed,

    /* U+020A "Ȋ" */
    0x2f, 0x24, 0x74, 0x28, 0x38, 0xfd, 0xe, 0x50,
    0x3f, 0xfd, 0x6e, 0x50,

    /* U+020B "ȋ" */
    0x2f, 0x42, 0xac, 0x56, 0x92, 0xb, 0xf, 0xff,
    0x30,

    /* U+020C "Ȍ" */
    0xa, 0x18, 0x3f, 0xb5, 0x41, 0xf4, 0xad, 0xf,
    0xd2, 0x61, 0xf3, 0x7d, 0x7, 0x50, 0xa9, 0xc3,
    0x2a, 0x5b, 0x20, 0x44, 0x1d, 0x20, 0x50, 0x79,
    0x10, 0xff, 0xec, 0xa8, 0x3c, 0x89, 0x10, 0x74,
    0x84, 0xa9, 0x6c, 0x82, 0xa1, 0x53, 0x80,

    /* U+020D "ȍ" */
    0x1c, 0xb0, 0xca, 0xa0, 0x86, 0x81, 0xe0, 0xca,
    0xf0, 0x66, 0x68, 0xe0, 0x89, 0x58, 0x82, 0xe,
    0xc3, 0xe5, 0x7, 0xca, 0x4, 0x1d, 0x99, 0x2b,
    0x10, 0x6d, 0x1c,

    /* U+020E "Ȏ" */
    0xc, 0xfa, 0xf, 0xd4, 0xc8, 0x3e, 0xd2, 0x81,
    0xe6, 0xfa, 0xe, 0xa1, 0x53, 0x86, 0x54, 0xb6,
    0x40, 0x88, 0x3a, 0x40, 0xa0, 0xf2, 0x21, 0xff,
    0xd9, 0x50, 0x79, 0x12, 0x20, 0xe9, 0x9, 0x52,
    0xd9, 0x5, 0x42, 0xa7, 0x0,

    /* U+020F "ȏ" */
    0xa, 0xf2, 0x19, 0x3d, 0x6, 0x60, 0x61, 0x9f,
    0xa0, 0x99, 0xa3, 0x82, 0x25, 0x62, 0x8, 0x3b,
    0xf, 0x94, 0x1f, 0x28, 0x10, 0x76, 0x64, 0xac,
    0x41, 0xb4, 0x70,

    /* U+0210 "Ȑ" */
    0x61, 0x83, 0x2a, 0x58, 0x36, 0x9c, 0x1d, 0x83,
    0x9, 0xfe, 0x43, 0x54, 0xc8, 0x4b, 0x46, 0x1f,
    0x28, 0x3e, 0x50, 0x7a, 0x30, 0xbe, 0x64, 0x2f,
    0x22, 0x1e, 0x88, 0x3e, 0x90, 0xf9, 0x30, 0xfa,
    0x10,

    /* U+0211 "ȑ" */
    0xb2, 0xc1, 0x34, 0x10, 0x40, 0xf0, 0x20, 0x6a,
    0x3, 0xd1, 0xa, 0x50, 0x64, 0x3f, 0xfb, 0x40,

    /* U+0212 "Ȓ" */
    0x5, 0xe8, 0x32, 0x78, 0x42, 0x60, 0x48, 0x1f,
    0xe4, 0x35, 0x4c, 0x84, 0xb4, 0x61, 0xf2, 0x83,
    0xe5, 0x7, 0xa3, 0xb, 0xe6, 0x42, 0xf2, 0x21,
    0xe8, 0x83, 0xe9, 0xf, 0x93, 0xf, 0xa1,

    /* U+0213 "ȓ" */
    0x2f, 0x22, 0x7a, 0x18, 0x19, 0x43, 0xc8, 0xf4,
    0x41, 0x28, 0x24, 0x3f, 0xfa, 0xa0,

    /* U+0214 "Ȕ" */
    0x18, 0xa0, 0x72, 0xd2, 0x1e, 0xe2, 0xc3, 0xd8,
    0xe1, 0x58, 0x7b, 0xf, 0xff, 0xde, 0x1e, 0x40,
    0x88, 0x6c, 0x26, 0x8a, 0x98, 0x14, 0x68, 0x48,

    /* U+0215 "ȕ" */
    0x72, 0xc2, 0x55, 0x8, 0x28, 0x18, 0x55, 0x2,
    0xe0, 0xff, 0xee, 0xa1, 0xec, 0x41, 0x81, 0x57,
    0xa4,

    /* U+0216 "Ȗ" */
    0xa, 0xf2, 0x1c, 0x9e, 0x83, 0x98, 0x18, 0x56,
    0x1e, 0xc3, 0xff, 0xf7, 0x87, 0x90, 0x22, 0x1b,
    0x9, 0xa2, 0xa6, 0x5, 0x1a, 0x12, 0x0,

    /* U+0217 "ȗ" */
    0x5, 0xe8, 0x24, 0xf0, 0x81, 0x81, 0x25, 0x3,
    0x70, 0x7f, 0xf7, 0x50, 0xf6, 0x20, 0xc0, 0xab,
    0xd2, 0x0,

    /* U+0218 "Ș" */
    0x3, 0xf4, 0x82, 0x8d, 0x3, 0x2a, 0x54, 0x87,
    0xfc, 0xb0, 0x7a, 0x6d, 0xe, 0xb6, 0xc3, 0xd6,
    0x61, 0xf2, 0x1f, 0xfc, 0x9, 0x69, 0x82, 0xa9,
    0x90, 0x5f, 0x90, 0xf4, 0x1f, 0x21, 0xfa, 0x81,
    0x80,

    /* U+0219 "ș" */
    0x5, 0xf2, 0x67, 0x40, 0xb1, 0x60, 0x48, 0x6e,
    0x9c, 0x13, 0xcc, 0x19, 0x92, 0x46, 0x41, 0x73,
    0x17, 0xd0, 0x66, 0xe, 0xb0, 0xf2, 0x0,

    /* U+021A "Ț" */
    0xff, 0xd5, 0xc5, 0x65, 0x80, 0xb0, 0x7f, 0xff,
    0xc3, 0xfc, 0xe1, 0xfa, 0x43, 0xe5, 0x7, 0x94,
    0x18,

    /* U+021B "ț" */
    0x2, 0x19, 0x82, 0xa1, 0xe6, 0x4f, 0x21, 0xff,
    0xd3, 0xc4, 0x25, 0x5a, 0xb, 0xc8, 0x50, 0x72,
    0x19, 0x40,

    /* U+021C "Ȝ" */
    0x1b, 0xe8, 0x28, 0xb9, 0x81, 0xc8, 0xb0, 0x7d,
    0x87, 0xe9, 0xc, 0xdb, 0x5, 0x41, 0x60, 0xae,
    0x8c, 0x1f, 0x42, 0x1f, 0xfc, 0x38, 0x43, 0xa5,
    0x6, 0x75, 0x40, 0xf4, 0xf0, 0x15, 0x70, 0x60,

    /* U+021D "ȝ" */
    0x2f, 0xa0, 0xd7, 0x30, 0x24, 0x58, 0x3c, 0xa0,
    0xe8, 0x82, 0xf2, 0x1d, 0x78, 0xc2, 0x41, 0x7,
    0xff, 0xe, 0xe, 0x73, 0x5, 0xce, 0x4, 0xb8,
    0x20,

    /* U+021E "Ȟ" */
    0x2, 0x80, 0xa0, 0xcc, 0xd1, 0xe, 0xe7, 0xf,
    0xbc, 0x19, 0xc3, 0xda, 0x1f, 0xfd, 0xef, 0xf0,
    0x6a, 0xf0, 0x65, 0xf0, 0x7f, 0xf7, 0x80,

    /* U+021F "ȟ" */
    0x50, 0x48, 0x66, 0x56, 0x87, 0x56, 0xf, 0x34,
    0x43, 0xe5, 0x7, 0xeb, 0xf, 0xfe, 0x8a, 0xbe,
    0x43, 0x35, 0x30, 0x76, 0xa8, 0x43, 0xfb, 0xf,
    0xff, 0x30,

    /* U+0220 "Ƞ" */
    0x71, 0xfa, 0xd, 0xea, 0x2a, 0x9, 0x95, 0x44,
    0x28, 0x32, 0x21, 0xff, 0xff, 0xe, 0x70, 0xff,
    0xed, 0x0,

    /* U+0221 "ȡ" */
    0xf, 0xb4, 0x3f, 0xfa, 0xef, 0xc1, 0xfc, 0xcd,
    0x30, 0xfd, 0x12, 0xa0, 0xfe, 0x82, 0x43, 0xff,
    0xa7, 0xf0, 0x58, 0x77, 0x9c, 0x89, 0x95, 0xa8,
    0x93, 0x19, 0xac, 0xe, 0x50, 0x1f, 0x90, 0x7d,
    0x7, 0xf2, 0x1c,

    /* U+0222 "Ȣ" */
    0x2c, 0x3b, 0x6, 0x1f, 0xfc, 0x34, 0x24, 0xc0,
    0xc8, 0x59, 0xe8, 0x82, 0xda, 0x8c, 0x19, 0x2d,
    0x90, 0x10, 0xf2, 0x1f, 0xc8, 0x10, 0xfd, 0x9a,
    0xd9, 0x3, 0x6a, 0x70,

    /* U+0223 "ȣ" */
    0x2c, 0x36, 0x1f, 0xfc, 0x44, 0x2c, 0x41, 0x4,
    0xab, 0xc6, 0x5, 0x5c, 0x60, 0x94, 0x38, 0x83,
    0xe, 0xc3, 0xfe, 0xc3, 0xb2, 0x65, 0x62, 0x33,
    0x47, 0x0,

    /* U+0224 "Ȥ" */
    0x3f, 0xe4, 0xae, 0x44, 0x5f, 0x83, 0xd1, 0x7,
    0x2b, 0xf, 0x48, 0x7a, 0x20, 0xe5, 0x41, 0xe9,
    0x41, 0xd1, 0x7, 0x97, 0xe1, 0x1a, 0xf3, 0xfe,
    0x43, 0xf3, 0x87, 0x38, 0x87, 0x3e, 0x0,

    /* U+0225 "ȥ" */
    0x3f, 0xc7, 0xe1, 0xd, 0x10, 0x4a, 0xc3, 0x50,
    0x34, 0x21, 0x2b, 0xd, 0x21, 0x91, 0xfc, 0xfe,
    0x83, 0xd8, 0x76, 0xc1, 0xbc, 0x80,

    /* U+0226 "Ȧ" */
    0xd, 0x61, 0xfd, 0xa1, 0xfc, 0xc1, 0xfd, 0x61,
    0xfc, 0x88, 0x7c, 0x8e, 0x1f, 0x4e, 0x87, 0xe9,
    0x10, 0xe8, 0x26, 0xe, 0x60, 0x61, 0xc9, 0x7a,
    0x20, 0xb2, 0xb2, 0x82, 0x65, 0xd0, 0x88, 0x87,
    0xb2, 0x43, 0xd2, 0x0,

    /* U+0227 "ȧ" */
    0xd, 0x87, 0xff, 0xf, 0xe, 0xbe, 0x83, 0x5c,
    0xa0, 0x48, 0x98, 0x79, 0xa, 0xf9, 0x6, 0xde,
    0x42, 0x90, 0x21, 0x60, 0x82, 0x9f, 0xa0,

    /* U+0228 "Ȩ" */
    0x7f, 0xc0, 0xae, 0x2, 0xf0, 0x7f, 0xf1, 0x3f,
    0x40, 0xfd, 0x7, 0xff, 0x2d, 0x78, 0x15, 0xcf,
    0x9f, 0x83, 0x61, 0xd0, 0x85, 0x6a, 0x0,

    /* U+0229 "ȩ" */
    0x3, 0xf2, 0x13, 0x3d, 0x10, 0x44, 0x2a, 0xa,
    0xb, 0xd, 0x7d, 0x6, 0x7f, 0x83, 0xfe, 0x99,
    0x68, 0xe, 0x55, 0x86, 0x8f, 0x21, 0xce, 0x1f,
    0x42, 0x1d, 0x6a, 0x0,

    /* U+022A "Ȫ" */
    0xd, 0xfa, 0xf, 0xbf, 0x41, 0xf2, 0x4, 0x3f,
    0x49, 0x21, 0xf6, 0x9a, 0x1e, 0x6f, 0xa0, 0xea,
    0x15, 0x38, 0x65, 0x4b, 0x64, 0x8, 0x83, 0xa4,
    0xa, 0xf, 0x22, 0x1f, 0xfd, 0x95, 0x7, 0x91,
    0x22, 0xe, 0x90, 0x95, 0x2d, 0x90, 0x54, 0x2a,
    0x70, 0x0,

    /* U+022B "ȫ" */
    0x5, 0xf8, 0x35, 0xf8, 0x33, 0x8e, 0x19, 0x42,
    0x83, 0xa0, 0x41, 0x9f, 0xa0, 0x99, 0xa3, 0x82,
    0x25, 0x62, 0x8, 0x3b, 0xf, 0x94, 0x1f, 0x28,
    0x10, 0x76, 0x64, 0xac, 0x41, 0xb4, 0x70,

    /* U+022C "Ȭ" */
    0xd, 0xfa, 0xf, 0xbf, 0x41, 0xf5, 0xa6, 0x1e,
    0x4a, 0x70, 0x79, 0x9f, 0x21, 0xe6, 0xfa, 0xe,
    0xa1, 0x53, 0x86, 0x54, 0xb6, 0x40, 0x88, 0x3a,
    0x40, 0xa0, 0xf2, 0x21, 0xff, 0xd9, 0x50, 0x79,
    0x12, 0x20, 0xe9, 0x9, 0x52, 0xd9, 0x5, 0x42,
    0xa7, 0x0,

    /* U+022D "ȭ" */
    0x5, 0xf8, 0x35, 0xf8, 0x33, 0xc2, 0x82, 0xef,
    0x48, 0x52, 0xbc, 0x19, 0xfa, 0x9, 0x9a, 0x38,
    0x22, 0x56, 0x20, 0x83, 0xb0, 0xf9, 0x41, 0xf2,
    0x81, 0x7, 0x66, 0x4a, 0xc4, 0x1b, 0x47, 0x0,

    /* U+022E "Ȯ" */
    0xe, 0x70, 0xff, 0x90, 0xff, 0x30, 0x7e, 0x6f,
    0xa0, 0xea, 0x15, 0x38, 0x65, 0x4b, 0x64, 0x8,
    0x83, 0xa4, 0xa, 0xf, 0x22, 0x1f, 0xfd, 0x95,
    0x7, 0x91, 0x22, 0xe, 0x90, 0x95, 0x2d, 0x90,
    0x54, 0x2a, 0x70, 0x0,

    /* U+022F "ȯ" */
    0xd, 0x40, 0xfd, 0x87, 0xd2, 0x1c, 0xfd, 0x4,
    0xcd, 0x1c, 0x11, 0x2b, 0x10, 0x41, 0xd8, 0x7c,
    0xa0, 0xf9, 0x40, 0x83, 0xb3, 0x25, 0x62, 0xd,
    0xa3, 0x80,

    /* U+0230 "Ȱ" */
    0xd, 0xfa, 0xf, 0xbf, 0x41, 0xf9, 0x83, 0xfe,
    0x43, 0xfc, 0xe1, 0xf9, 0xbe, 0x83, 0xa8, 0x54,
    0xe1, 0x95, 0x2d, 0x90, 0x22, 0xe, 0x90, 0x28,
    0x3c, 0x88, 0x7f, 0xf6, 0x54, 0x1e, 0x44, 0x88,
    0x3a, 0x42, 0x54, 0xb6, 0x41, 0x50, 0xa9, 0xc0,

    /* U+0231 "ȱ" */
    0x5, 0xf8, 0x35, 0xf8, 0x3d, 0xa1, 0xf2, 0x1f,
    0xa4, 0x39, 0xfa, 0x9, 0x9a, 0x38, 0x22, 0x56,
    0x20, 0x83, 0xb0, 0xf9, 0x41, 0xf2, 0x81, 0x7,
    0x66, 0x4a, 0xc4, 0x1b, 0x47, 0x0,

    /* U+0232 "Ȳ" */
    0x7, 0xf0, 0x77, 0xf0, 0x56, 0x1d, 0xe2, 0x10,
    0x92, 0x3, 0x5, 0x8, 0x21, 0x13, 0xc, 0xc4,
    0x87, 0x44, 0x41, 0xe5, 0x83, 0xe8, 0xc3, 0xff,
    0xc0,

    /* U+0233 "ȳ" */
    0x1f, 0xc8, 0x4f, 0xe4, 0x1c, 0x1a, 0xc9, 0xc,
    0xa1, 0x10, 0xd8, 0x18, 0x10, 0x83, 0x9, 0x41,
    0x24, 0x8, 0x32, 0xa0, 0xf4, 0x30, 0x79, 0x10,
    0xf9, 0xf, 0x9c, 0x39, 0xc4, 0x37, 0x38, 0x70,

    /* U+0234 "ȴ" */
    0x2c, 0x3f, 0xfc, 0x9e, 0x44, 0xd9, 0xe, 0xd5,
    0xb5, 0xbc, 0x80,

    /* U+0235 "ȵ" */
    0xa3, 0xf2, 0x1c, 0xfd, 0x40, 0xf4, 0x4, 0x83,
    0xff, 0xa8, 0xf8, 0x3f, 0xb2, 0xe, 0x42, 0x43,
    0xd2, 0xb6, 0x98, 0x5d, 0x3c, 0x0,

    /* U+0236 "ȶ" */
    0x6, 0x1c, 0x87, 0x50, 0xf2, 0x49, 0xe4, 0x3f,
    0xf9, 0xbe, 0x43, 0x4c, 0x4, 0x18, 0x25, 0x54,
    0x55, 0xe4,

    /* U+0237 "ȷ" */
    0x5, 0x87, 0xff, 0x6d, 0x14, 0x73, 0x0,

    /* U+0238 "ȸ" */
    0xf, 0xb4, 0x3f, 0xfb, 0x4f, 0xc1, 0x5e, 0x82,
    0x66, 0x99, 0x14, 0x70, 0x44, 0xa8, 0x12, 0xb1,
    0x4, 0x12, 0x21, 0xd8, 0x7f, 0xf5, 0x30, 0x91,
    0xe, 0xc9, 0x95, 0x42, 0x56, 0x23, 0x35, 0x39,
    0x47, 0x0,

    /* U+0239 "ȹ" */
    0x3, 0xf2, 0xb, 0xd0, 0x4c, 0xd4, 0xe5, 0x1c,
    0x13, 0x2a, 0x84, 0xac, 0x41, 0x84, 0x88, 0x76,
    0x1f, 0xb0, 0xff, 0xe1, 0x61, 0xfb, 0x9, 0x10,
    0xec, 0x99, 0x50, 0x25, 0x62, 0x33, 0x51, 0x14,
    0x70, 0x9f, 0x90, 0x5e, 0x83, 0xff, 0xc6,

    /* U+023A "Ⱥ" */
    0xd, 0x6e, 0x1f, 0x25, 0x3, 0xc8, 0x88, 0x7a,
    0x43, 0xfd, 0x22, 0x1d, 0x4, 0xc1, 0xcd, 0x1c,
    0x39, 0x25, 0x44, 0x16, 0x45, 0x14, 0x13, 0x6b,
    0x42, 0x22, 0xa0, 0xd9, 0x21, 0xe9, 0x3a, 0x21,
    0x9c,

    /* U+023B "Ȼ" */
    0xd, 0x7e, 0x9, 0xda, 0x7, 0x4e, 0xa3, 0x4,
    0x40, 0x90, 0x94, 0x13, 0x7, 0xff, 0x16, 0x43,
    0xf3, 0x6, 0x50, 0x7e, 0x8a, 0x21, 0xe5, 0x85,
    0x41, 0x50, 0x68, 0x1d, 0xdf, 0x40,

    /* U+023C "ȼ" */
    0xf, 0x48, 0x79, 0x41, 0xca, 0x9, 0xf4, 0x81,
    0x98, 0x81, 0x16, 0xa0, 0xa1, 0x83, 0xff, 0x83,
    0x21, 0xd3, 0x6, 0x80, 0xa8, 0xa, 0x28, 0x19,
    0xfa, 0x2, 0x83, 0xde, 0xe,

    /* U+023D "Ƚ" */
    0x1c, 0x3f, 0xfb, 0x3c, 0x7a, 0x6, 0x9e, 0x82,
    0xc3, 0xff, 0x9a, 0xbc, 0x15, 0x70,

    /* U+023E "Ⱦ" */
    0xff, 0xd5, 0xc4, 0x51, 0x60, 0xc8, 0x7a, 0x81,
    0xf9, 0xf, 0x90, 0xfd, 0x7, 0xff, 0xe, 0xf,
    0x90, 0xfd, 0x21, 0xe4, 0xc3, 0xd4, 0x70, 0xc0,

    /* U+023F "ȿ" */
    0x5, 0xf2, 0xc, 0xe8, 0x1b, 0x16, 0xa, 0x43,
    0xba, 0x70, 0x67, 0x98, 0x39, 0x90, 0x48, 0xc8,
    0x1b, 0x98, 0x1a, 0x70, 0x68, 0x43, 0xcc, 0xa0,
    0xd3, 0x40,

    /* U+0240 "ɀ" */
    0x3f, 0xc0, 0xfc, 0x21, 0xd1, 0x6, 0x56, 0x1d,
    0x40, 0xe8, 0x43, 0x2b, 0xe, 0x90, 0xe4, 0x50,
    0x67, 0xa0, 0x79, 0x10, 0xf3, 0x21, 0xd3, 0x68,

    /* U+0241 "Ɂ" */
    0x6f, 0x40, 0xca, 0x39, 0x45, 0x62, 0x1e, 0xc3,
    0x26, 0x1a, 0x10, 0x59, 0x84, 0xac, 0x3b, 0xf,
    0xfe, 0x60,

    /* U+0242 "ɂ" */
    0x2f, 0x40, 0x8a, 0x39, 0x45, 0x62, 0x1f, 0xf2,
    0x21, 0xa4, 0x2b, 0x60, 0x95, 0x7, 0x61, 0x0,

    /* U+0243 "Ƀ" */
    0x1f, 0xe8, 0x3a, 0xa5, 0x61, 0x96, 0xa0, 0x7f,
    0xf1, 0xe4, 0x37, 0xe6, 0xd, 0xea, 0x38, 0x79,
    0x58, 0xf1, 0xe4, 0x2f, 0x27, 0x91, 0x33, 0x17,
    0x42, 0x15, 0x67, 0x0,

    /* U+0244 "Ʉ" */
    0x2c, 0x3d, 0x87, 0xff, 0x91, 0x34, 0xff, 0x14,
    0xd3, 0xfa, 0x28, 0x1f, 0x91, 0xf, 0xe4, 0x36,
    0x21, 0xb0, 0xca, 0xa2, 0xa6, 0xd, 0x2a, 0x84,
    0x80,

    /* U+0245 "Ʌ" */
    0xd, 0xe0, 0xf9, 0xf, 0xe9, 0x10, 0xfb, 0x60,
    0xe4, 0x70, 0xf4, 0x88, 0x87, 0x60, 0x60, 0x91,
    0x6, 0x1a, 0x42, 0x48, 0x2c, 0x32, 0x84, 0x43,
    0x60, 0x90, 0xe4, 0x80,

    /* U+0246 "Ɇ" */
    0x7f, 0xc0, 0xa2, 0x40, 0x50, 0xa0, 0xce, 0x1e,
    0x42, 0xf1, 0xc0, 0xd5, 0xc1, 0xb0, 0xe5, 0x7,
    0xfd, 0xb, 0x1, 0x2a, 0x73, 0xf0, 0x30, 0xc0,

    /* U+0247 "ɇ" */
    0xf, 0x48, 0x7c, 0xa0, 0xf2, 0x83, 0x3e, 0x83,
    0x33, 0xa, 0x4, 0x42, 0xa0, 0xa3, 0xe0, 0xd6,
    0xd0, 0x33, 0x3f, 0x6, 0xb0, 0xed, 0x2, 0xa0,
    0x92, 0xac, 0x27, 0xf2, 0x1f, 0xf5, 0x3, 0xc0,

    /* U+0248 "Ɉ" */
    0xa, 0xc3, 0xff, 0xa9, 0xa6, 0x16, 0x98, 0x7f,
    0xf8, 0x94, 0x7, 0xc4, 0x7, 0xe0, 0x80,

    /* U+0249 "ɉ" */
    0x5, 0x2, 0xc3, 0x30, 0x56, 0x1f, 0xfc, 0x5d,
    0x33, 0x4c, 0x3f, 0xf9, 0x68, 0x14, 0xe, 0x60,

    /* U+024A "Ɋ" */
    0x9, 0xfa, 0x28, 0x1a, 0x8d, 0xd, 0xc, 0xaa,
    0x2a, 0x81, 0xd8, 0x86, 0x43, 0x94, 0x1f, 0xfc,
    0x74, 0x3f, 0xf9, 0xa8, 0x65, 0x7, 0xfd, 0x88,
    0x64, 0x39, 0x54, 0x55, 0x3, 0xd4, 0x68, 0x68,
    0x79, 0xfa, 0xf, 0xfe, 0x82, 0x83, 0xfd, 0x32,

    /* U+024B "ɋ" */
    0x3, 0xf1, 0x21, 0x33, 0x4d, 0xd, 0x32, 0xa0,
    0xf6, 0x12, 0x1f, 0xfd, 0xc, 0x3f, 0xa6, 0x56,
    0x1c, 0xcd, 0x41, 0xe7, 0xe4, 0x3f, 0xf8, 0x18,
    0x7f, 0x90, 0xfe, 0x8c,

    /* U+024C "Ɍ" */
    0x1f, 0xe4, 0x3a, 0xa6, 0x43, 0x2d, 0x18, 0x7e,
    0x50, 0x7e, 0x50, 0x7d, 0x19, 0xc7, 0xcc, 0x9a,
    0x79, 0x10, 0xb0, 0xa2, 0xf, 0xd2, 0x1f, 0x93,
    0xf, 0xd0, 0x80,

    /* U+024D "ɍ" */
    0xf, 0xd4, 0x3c, 0x81, 0xed, 0xa, 0x43, 0x90,
    0xb4, 0xf0, 0x34, 0xf0, 0x7f, 0xf2, 0xc0,

    /* U+024E "Ɏ" */
    0xb0, 0xef, 0x10, 0x84, 0x99, 0x97, 0xd1, 0x9c,
    0x3a, 0x58, 0x16, 0x16, 0xd, 0x19, 0x7, 0x91,
    0xf, 0xa3, 0xf, 0xff, 0x0,

    /* U+024F "ɏ" */
    0xe0, 0xd6, 0x48, 0x65, 0x8, 0x86, 0xcc, 0xbe,
    0x23, 0x8b, 0x1c, 0x9, 0x82, 0xc, 0xa8, 0x3d,
    0xc, 0x1e, 0x44, 0x3e, 0x43, 0xe7, 0xe, 0x71,
    0xd, 0xce, 0x1c
};


/*---------------------
 *  GLYPH DESCRIPTION
 *--------------------*/

static const lv_font_fmt_txt_glyph_dsc_t glyph_dsc[] = {
    {.bitmap_index = 0, .adv_w = 0, .box_w = 0, .box_h = 0, .ofs_x = 0, .ofs_y = 0} /* id = 0 reserved */,
    {.bitmap_index = 0, .adv_w = 67, .box_w = 0, .box_h = 0, .ofs_x = 0, .ofs_y = 0},
    {.bitmap_index = 0, .adv_w = 69, .box_w = 3, .box_h = 12, .ofs_x = 1, .ofs_y = -3},
    {.bitmap_index = 9, .adv_w = 146, .box_w = 7, .box_h = 12, .ofs_x = 1, .ofs_y = 0},
    {.bitmap_index = 29, .adv_w = 146, .box_w = 9, .box_h = 12, .ofs_x = 0, .ofs_y = 0},
    {.bitmap_index = 50, .adv_w = 146, .box_w = 9, .box_h = 8, .ofs_x = 0, .ofs_y = 2},
    {.bitmap_index = 67, .adv_w = 146, .box_w = 9, .box_h = 12, .ofs_x = 0, .ofs_y = 0},
    {.bitmap_index = 93, .adv_w = 141, .box_w = 2, .box_h = 16, .ofs_x = 3, .ofs_y = -4},
    {.bitmap_index = 100, .adv_w = 131, .box_w = 8, .box_h = 12, .ofs_x = 0, .ofs_y = 0},
    {.bitmap_index = 126, .adv_w = 148, .box_w = 5, .box_h = 2, .ofs_x = 2, .ofs_y = 10},
    {.bitmap_index = 129, .adv_w = 213, .box_w = 13, .box_h = 12, .ofs_x = 0, .ofs_y = 0},
    {.bitmap_index = 167, .adv_w = 91, .box_w = 5, .box_h = 5, .ofs_x = 0, .ofs_y = 7},
    {.bitmap_index = 174, .adv_w = 130, .box_w = 8, .box_h = 8, .ofs_x = 0, .ofs_y = 0},
    {.bitmap_index = 191, .adv_w = 146, .box_w = 9, .box_h = 5, .ofs_x = 0, .ofs_y = 1},
    {.bitmap_index = 198, .adv_w = 82, .box_w = 5, .box_h = 3, .ofs_x = 0, .ofs_y = 3},
    {.bitmap_index = 202, .adv_w = 213, .box_w = 13, .box_h = 12, .ofs_x = 0, .ofs_y = 0},
    {.bitmap_index = 241, .adv_w = 128, .box_w = 10, .box_h = 2, .ofs_x = -1, .ofs_y = 12},
    {.bitmap_index = 245, .adv_w = 110, .box_w = 6, .box_h = 5, .ofs_x = 0, .ofs_y = 7},
    {.bitmap_index = 254, .adv_w = 146, .box_w = 9, .box_h = 10, .ofs_x = 0, .ofs_y = 0},
    {.bitmap_index = 269, .adv_w = 90, .box_w = 5, .box_h = 7, .ofs_x = 0, .ofs_y = 7},
    {.bitmap_index = 279, .adv_w = 90, .box_w = 6, .box_h = 7, .ofs_x = 0, .ofs_y = 7},
    {.bitmap_index = 291, .adv_w = 72, .box_w = 4, .box_h = 3, .ofs_x = 0, .ofs_y = 10},
    {.bitmap_index = 295, .adv_w = 159, .box_w = 8, .box_h = 13, .ofs_x = 1, .ofs_y = -4},
    {.bitmap_index = 309, .adv_w = 168, .box_w = 9, .box_h = 15, .ofs_x = 0, .ofs_y = -3},
    {.bitmap_index = 325, .adv_w = 69, .box_w = 3, .box_h = 3, .ofs_x = 1, .ofs_y = 5},
    {.bitmap_index = 328, .adv_w = 58, .box_w = 4, .box_h = 5, .ofs_x = 0, .ofs_y = -4},
    {.bitmap_index = 333, .adv_w = 90, .box_w = 4, .box_h = 7, .ofs_x = 0, .ofs_y = 7},
    {.bitmap_index = 339, .adv_w = 96, .box_w = 6, .box_h = 6, .ofs_x = 0, .ofs_y = 6},
    {.bitmap_index = 349, .adv_w = 130, .box_w = 8, .box_h = 8, .ofs_x = 0, .ofs_y = 0},
    {.bitmap_index = 367, .adv_w = 191, .box_w = 12, .box_h = 12, .ofs_x = 0, .ofs_y = 0},
    {.bitmap_index = 400, .adv_w = 197, .box_w = 12, .box_h = 13, .ofs_x = 0, .ofs_y = -1},
    {.bitmap_index = 436, .adv_w = 200, .box_w = 13, .box_h = 12, .ofs_x = 0, .ofs_y = 0},
    {.bitmap_index = 473, .adv_w = 111, .box_w = 7, .box_h = 13, .ofs_x = 0, .ofs_y = -4},
    {.bitmap_index = 494, .adv_w = 164, .box_w = 11, .box_h = 16, .ofs_x = 0, .ofs_y = 0},
    {.bitmap_index = 532, .adv_w = 164, .box_w = 11, .box_h = 16, .ofs_x = 0, .ofs_y = 0},
    {.bitmap_index = 570, .adv_w = 164, .box_w = 11, .box_h = 16, .ofs_x = 0, .ofs_y = 0},
    {.bitmap_index = 609, .adv_w = 164, .box_w = 11, .box_h = 15, .ofs_x = 0, .ofs_y = 0},
    {.bitmap_index = 646, .adv_w = 164, .box_w = 11, .box_h = 15, .ofs_x = 0, .ofs_y = 0},
    {.bitmap_index = 683, .adv_w = 164, .box_w = 11, .box_h = 15, .ofs_x = 0, .ofs_y = 0},
    {.bitmap_index = 719, .adv_w = 226, .box_w = 15, .box_h = 12, .ofs_x = -1, .ofs_y = 0},
    {.bitmap_index = 758, .adv_w = 162, .box_w = 10, .box_h = 16, .ofs_x = 0, .ofs_y = -4},
    {.bitmap_index = 789, .adv_w = 142, .box_w = 7, .box_h = 16, .ofs_x = 1, .ofs_y = 0},
    {.bitmap_index = 812, .adv_w = 142, .box_w = 7, .box_h = 16, .ofs_x = 1, .ofs_y = 0},
    {.bitmap_index = 834, .adv_w = 142, .box_w = 7, .box_h = 16, .ofs_x = 1, .ofs_y = 0},
    {.bitmap_index = 857, .adv_w = 142, .box_w = 7, .box_h = 15, .ofs_x = 1, .ofs_y = 0},
    {.bitmap_index = 879, .adv_w = 87, .box_w = 5, .box_h = 16, .ofs_x = 0, .ofs_y = 0},
    {.bitmap_index = 891, .adv_w = 87, .box_w = 5, .box_h = 16, .ofs_x = 0, .ofs_y = 0},
    {.bitmap_index = 904, .adv_w = 87, .box_w = 6, .box_h = 16, .ofs_x = 0, .ofs_y = 0},
    {.bitmap_index = 918, .adv_w = 87, .box_w = 5, .box_h = 15, .ofs_x = 0, .ofs_y = 0},
    {.bitmap_index = 929, .adv_w = 187, .box_w = 11, .box_h = 12, .ofs_x = 0, .ofs_y = 0},
    {.bitmap_index = 958, .adv_w = 195, .box_w = 10, .box_h = 15, .ofs_x = 1, .ofs_y = 0},
    {.bitmap_index = 990, .adv_w = 200, .box_w = 12, .box_h = 16, .ofs_x = 0, .ofs_y = 0},
    {.bitmap_index = 1028, .adv_w = 200, .box_w = 12, .box_h = 16, .ofs_x = 0, .ofs_y = 0},
    {.bitmap_index = 1066, .adv_w = 200, .box_w = 12, .box_h = 16, .ofs_x = 0, .ofs_y = 0},
    {.bitmap_index = 1105, .adv_w = 200, .box_w = 12, .box_h = 15, .ofs_x = 0, .ofs_y = 0},
    {.bitmap_index = 1143, .adv_w = 200, .box_w = 12, .box_h = 15, .ofs_x = 0, .ofs_y = 0},
    {.bitmap_index = 1180, .adv_w = 146, .box_w = 8, .box_h = 8, .ofs_x = 1, .ofs_y = 2},
    {.bitmap_index = 1196, .adv_w = 200, .box_w = 12, .box_h = 14, .ofs_x = 0, .ofs_y = -1},
    {.bitmap_index = 1236, .adv_w = 187, .box_w = 10, .box_h = 16, .ofs_x = 1, .ofs_y = 0},
    {.bitmap_index = 1259, .adv_w = 187, .box_w = 10, .box_h = 16, .ofs_x = 1, .ofs_y = 0},
    {.bitmap_index = 1282, .adv_w = 187, .box_w = 10, .box_h = 16, .ofs_x = 1, .ofs_y = 0},
    {.bitmap_index = 1307, .adv_w = 187, .box_w = 10, .box_h = 15, .ofs_x = 1, .ofs_y = 0},
    {.bitmap_index = 1330, .adv_w = 145, .box_w = 10, .box_h = 16, .ofs_x = 0, .ofs_y = 0},
    {.bitmap_index = 1359, .adv_w = 155, .box_w = 8, .box_h = 12, .ofs_x = 1, .ofs_y = 0},
    {.bitmap_index = 1380, .adv_w = 162, .box_w = 9, .box_h = 12, .ofs_x = 1, .ofs_y = 0},
    {.bitmap_index = 1405, .adv_w = 144, .box_w = 8, .box_h = 12, .ofs_x = 0, .ofs_y = 0},
    {.bitmap_index = 1429, .adv_w = 144, .box_w = 8, .box_h = 12, .ofs_x = 0, .ofs_y = 0},
    {.bitmap_index = 1453, .adv_w = 144, .box_w = 8, .box_h = 12, .ofs_x = 0, .ofs_y = 0},
    {.bitmap_index = 1478, .adv_w = 144, .box_w = 8, .box_h = 12, .ofs_x = 0, .ofs_y = 0},
    {.bitmap_index = 1503, .adv_w = 144, .box_w = 8, .box_h = 12, .ofs_x = 0, .ofs_y = 0},
    {.bitmap_index = 1529, .adv_w = 144, .box_w = 8, .box_h = 14, .ofs_x = 0, .ofs_y = 0},
    {.bitmap_index = 1556, .adv_w = 221, .box_w = 14, .box_h = 9, .ofs_x = 0, .ofs_y = 0},
    {.bitmap_index = 1587, .adv_w = 123, .box_w = 8, .box_h = 13, .ofs_x = 0, .ofs_y = -4},
    {.bitmap_index = 1610, .adv_w = 144, .box_w = 9, .box_h = 12, .ofs_x = 0, .ofs_y = 0},
    {.bitmap_index = 1635, .adv_w = 144, .box_w = 9, .box_h = 12, .ofs_x = 0, .ofs_y = 0},
    {.bitmap_index = 1660, .adv_w = 144, .box_w = 9, .box_h = 12, .ofs_x = 0, .ofs_y = 0},
    {.bitmap_index = 1686, .adv_w = 144, .box_w = 9, .box_h = 12, .ofs_x = 0, .ofs_y = 0},
    {.bitmap_index = 1713, .adv_w = 66, .box_w = 5, .box_h = 12, .ofs_x = -1, .ofs_y = 0},
    {.bitmap_index = 1721, .adv_w = 66, .box_w = 4, .box_h = 12, .ofs_x = 1, .ofs_y = 0},
    {.bitmap_index = 1728, .adv_w = 66, .box_w = 6, .box_h = 12, .ofs_x = -1, .ofs_y = 0},
    {.bitmap_index = 1737, .adv_w = 66, .box_w = 6, .box_h = 12, .ofs_x = -1, .ofs_y = 0},
    {.bitmap_index = 1746, .adv_w = 155, .box_w = 9, .box_h = 13, .ofs_x = 0, .ofs_y = 0},
    {.bitmap_index = 1775, .adv_w = 158, .box_w = 8, .box_h = 12, .ofs_x = 1, .ofs_y = 0},
    {.bitmap_index = 1793, .adv_w = 155, .box_w = 9, .box_h = 12, .ofs_x = 0, .ofs_y = 0},
    {.bitmap_index = 1819, .adv_w = 155, .box_w = 9, .box_h = 12, .ofs_x = 0, .ofs_y = 0},
    {.bitmap_index = 1845, .adv_w = 155, .box_w = 9, .box_h = 12, .ofs_x = 0, .ofs_y = 0},
    {.bitmap_index = 1872, .adv_w = 155, .box_w = 9, .box_h = 12, .ofs_x = 0, .ofs_y = 0},
    {.bitmap_index = 1899, .adv_w = 155, .box_w = 9, .box_h = 12, .ofs_x = 0, .ofs_y = 0},
    {.bitmap_index = 1926, .adv_w = 146, .box_w = 9, .box_h = 8, .ofs_x = 0, .ofs_y = 2},
    {.bitmap_index = 1941, .adv_w = 155, .box_w = 9, .box_h = 11, .ofs_x = 0, .ofs_y = -1},
    {.bitmap_index = 1966, .adv_w = 158, .box_w = 8, .box_h = 12, .ofs_x = 1, .ofs_y = 0},
    {.bitmap_index = 1982, .adv_w = 158, .box_w = 8, .box_h = 12, .ofs_x = 1, .ofs_y = 0},
    {.bitmap_index = 1999, .adv_w = 158, .box_w = 8, .box_h = 12, .ofs_x = 1, .ofs_y = 0},
    {.bitmap_index = 2016, .adv_w = 158, .box_w = 8, .box_h = 12, .ofs_x = 1, .ofs_y = 0},
    {.bitmap_index = 2033, .adv_w = 131, .box_w = 9, .box_h = 16, .ofs_x = 0, .ofs_y = -4},
    {.bitmap_index = 2067, .adv_w = 157, .box_w = 8, .box_h = 16, .ofs_x = 1, .ofs_y = -4},
    {.bitmap_index = 2090, .adv_w = 131, .box_w = 9, .box_h = 16, .ofs_x = 0, .ofs_y = -4},
    {.bitmap_index = 2124, .adv_w = 164, .box_w = 11, .box_h = 14, .ofs_x = 0, .ofs_y = 0},
    {.bitmap_index = 2158, .adv_w = 144, .box_w = 8, .box_h = 11, .ofs_x = 0, .ofs_y = 0},
    {.bitmap_index = 2180, .adv_w = 164, .box_w = 11, .box_h = 15, .ofs_x = 0, .ofs_y = 0},
    {.bitmap_index = 2217, .adv_w = 144, .box_w = 8, .box_h = 12, .ofs_x = 0, .ofs_y = 0},
    {.bitmap_index = 2242, .adv_w = 164, .box_w = 11, .box_h = 16, .ofs_x = 0, .ofs_y = -4},
    {.bitmap_index = 2280, .adv_w = 144, .box_w = 9, .box_h = 13, .ofs_x = 0, .ofs_y = -4},
    {.bitmap_index = 2308, .adv_w = 162, .box_w = 10, .box_h = 16, .ofs_x = 0, .ofs_y = 0},
    {.bitmap_index = 2338, .adv_w = 123, .box_w = 8, .box_h = 12, .ofs_x = 0, .ofs_y = 0},
    {.bitmap_index = 2359, .adv_w = 162, .box_w = 10, .box_h = 16, .ofs_x = 0, .ofs_y = 0},
    {.bitmap_index = 2391, .adv_w = 123, .box_w = 8, .box_h = 12, .ofs_x = 0, .ofs_y = 0},
    {.bitmap_index = 2413, .adv_w = 162, .box_w = 10, .box_h = 15, .ofs_x = 0, .ofs_y = 0},
    {.bitmap_index = 2441, .adv_w = 123, .box_w = 8, .box_h = 12, .ofs_x = 0, .ofs_y = 0},
    {.bitmap_index = 2461, .adv_w = 162, .box_w = 10, .box_h = 16, .ofs_x = 0, .ofs_y = 0},
    {.bitmap_index = 2493, .adv_w = 123, .box_w = 8, .box_h = 12, .ofs_x = 0, .ofs_y = 0},
    {.bitmap_index = 2515, .adv_w = 187, .box_w = 10, .box_h = 16, .ofs_x = 1, .ofs_y = 0},
    {.bitmap_index = 2546, .adv_w = 157, .box_w = 12, .box_h = 12, .ofs_x = 0, .ofs_y = 0},
    {.bitmap_index = 2573, .adv_w = 187, .box_w = 11, .box_h = 12, .ofs_x = 0, .ofs_y = 0},
    {.bitmap_index = 2602, .adv_w = 158, .box_w = 10, .box_h = 12, .ofs_x = 0, .ofs_y = 0},
    {.bitmap_index = 2628, .adv_w = 142, .box_w = 7, .box_h = 14, .ofs_x = 1, .ofs_y = 0},
    {.bitmap_index = 2647, .adv_w = 144, .box_w = 9, .box_h = 11, .ofs_x = 0, .ofs_y = 0},
    {.bitmap_index = 2671, .adv_w = 142, .box_w = 7, .box_h = 15, .ofs_x = 1, .ofs_y = 0},
    {.bitmap_index = 2693, .adv_w = 144, .box_w = 9, .box_h = 12, .ofs_x = 0, .ofs_y = 0},
    {.bitmap_index = 2719, .adv_w = 142, .box_w = 7, .box_h = 15, .ofs_x = 1, .ofs_y = 0},
    {.bitmap_index = 2740, .adv_w = 144, .box_w = 9, .box_h = 12, .ofs_x = 0, .ofs_y = 0},
    {.bitmap_index = 2764, .adv_w = 142, .box_w = 7, .box_h = 16, .ofs_x = 1, .ofs_y = -4},
    {.bitmap_index = 2786, .adv_w = 144, .box_w = 9, .box_h = 13, .ofs_x = 0, .ofs_y = -4},
    {.bitmap_index = 2813, .adv_w = 142, .box_w = 7, .box_h = 16, .ofs_x = 1, .ofs_y = 0},
    {.bitmap_index = 2836, .adv_w = 144, .box_w = 9, .box_h = 12, .ofs_x = 0, .ofs_y = 0},
    {.bitmap_index = 2862, .adv_w = 186, .box_w = 11, .box_h = 16, .ofs_x = 0, .ofs_y = 0},
    {.bitmap_index = 2899, .adv_w = 157, .box_w = 9, .box_h = 16, .ofs_x = 0, .ofs_y = -4},
    {.bitmap_index = 2930, .adv_w = 186, .box_w = 11, .box_h = 16, .ofs_x = 0, .ofs_y = 0},
    {.bitmap_index = 2968, .adv_w = 157, .box_w = 9, .box_h = 16, .ofs_x = 0, .ofs_y = -4},
    {.bitmap_index = 3000, .adv_w = 186, .box_w = 11, .box_h = 15, .ofs_x = 0, .ofs_y = 0},
    {.bitmap_index = 3034, .adv_w = 157, .box_w = 9, .box_h = 16, .ofs_x = 0, .ofs_y = -4},
    {.bitmap_index = 3064, .adv_w = 186, .box_w = 11, .box_h = 16, .ofs_x = 0, .ofs_y = -4},
    {.bitmap_index = 3101, .adv_w = 157, .box_w = 9, .box_h = 16, .ofs_x = 0, .ofs_y = -4},
    {.bitmap_index = 3132, .adv_w = 190, .box_w = 10, .box_h = 16, .ofs_x = 1, .ofs_y = 0},
    {.bitmap_index = 3155, .adv_w = 158, .box_w = 10, .box_h = 17, .ofs_x = -1, .ofs_y = 0},
    {.bitmap_index = 3181, .adv_w = 190, .box_w = 12, .box_h = 12, .ofs_x = 0, .ofs_y = 0},
    {.bitmap_index = 3203, .adv_w = 158, .box_w = 9, .box_h = 12, .ofs_x = 0, .ofs_y = 0},
    {.bitmap_index = 3220, .adv_w = 87, .box_w = 7, .box_h = 15, .ofs_x = -1, .ofs_y = 0},
    {.bitmap_index = 3234, .adv_w = 66, .box_w = 6, .box_h = 12, .ofs_x = -1, .ofs_y = 0},
    {.bitmap_index = 3243, .adv_w = 87, .box_w = 6, .box_h = 14, .ofs_x = 0, .ofs_y = 0},
    {.bitmap_index = 3253, .adv_w = 66, .box_w = 6, .box_h = 11, .ofs_x = -1, .ofs_y = 0},
    {.bitmap_index = 3260, .adv_w = 87, .box_w = 6, .box_h = 15, .ofs_x = 0, .ofs_y = 0},
    {.bitmap_index = 3273, .adv_w = 66, .box_w = 6, .box_h = 12, .ofs_x = -1, .ofs_y = 0},
    {.bitmap_index = 3282, .adv_w = 87, .box_w = 5, .box_h = 16, .ofs_x = 0, .ofs_y = -4},
    {.bitmap_index = 3294, .adv_w = 66, .box_w = 4, .box_h = 16, .ofs_x = 0, .ofs_y = -4},
    {.bitmap_index = 3305, .adv_w = 87, .box_w = 5, .box_h = 15, .ofs_x = 0, .ofs_y = 0},
    {.bitmap_index = 3316, .adv_w = 66, .box_w = 2, .box_h = 9, .ofs_x = 1, .ofs_y = 0},
    {.bitmap_index = 3320, .adv_w = 157, .box_w = 9, .box_h = 16, .ofs_x = 0, .ofs_y = -4},
    {.bitmap_index = 3339, .adv_w = 132, .box_w = 7, .box_h = 16, .ofs_x = 1, .ofs_y = -4},
    {.bitmap_index = 3355, .adv_w = 70, .box_w = 7, .box_h = 20, .ofs_x = -2, .ofs_y = -4},
    {.bitmap_index = 3374, .adv_w = 66, .box_w = 6, .box_h = 16, .ofs_x = -1, .ofs_y = -4},
    {.bitmap_index = 3387, .adv_w = 158, .box_w = 9, .box_h = 16, .ofs_x = 1, .ofs_y = -4},
    {.bitmap_index = 3419, .adv_w = 137, .box_w = 8, .box_h = 16, .ofs_x = 1, .ofs_y = -4},
    {.bitmap_index = 3445, .adv_w = 137, .box_w = 8, .box_h = 9, .ofs_x = 1, .ofs_y = 0},
    {.bitmap_index = 3462, .adv_w = 134, .box_w = 7, .box_h = 16, .ofs_x = 1, .ofs_y = 0},
    {.bitmap_index = 3475, .adv_w = 66, .box_w = 4, .box_h = 17, .ofs_x = 1, .ofs_y = 0},
    {.bitmap_index = 3484, .adv_w = 134, .box_w = 7, .box_h = 16, .ofs_x = 1, .ofs_y = -4},
    {.bitmap_index = 3496, .adv_w = 66, .box_w = 3, .box_h = 16, .ofs_x = 1, .ofs_y = -4},
    {.bitmap_index = 3503, .adv_w = 134, .box_w = 7, .box_h = 12, .ofs_x = 1, .ofs_y = 0},
    {.bitmap_index = 3515, .adv_w = 66, .box_w = 5, .box_h = 12, .ofs_x = 1, .ofs_y = 0},
    {.bitmap_index = 3523, .adv_w = 134, .box_w = 7, .box_h = 12, .ofs_x = 1, .ofs_y = 0},
    {.bitmap_index = 3535, .adv_w = 69, .box_w = 5, .box_h = 12, .ofs_x = 1, .ofs_y = 0},
    {.bitmap_index = 3544, .adv_w = 134, .box_w = 8, .box_h = 12, .ofs_x = 0, .ofs_y = 0},
    {.bitmap_index = 3561, .adv_w = 66, .box_w = 6, .box_h = 12, .ofs_x = -1, .ofs_y = 0},
    {.bitmap_index = 3572, .adv_w = 195, .box_w = 10, .box_h = 16, .ofs_x = 1, .ofs_y = 0},
    {.bitmap_index = 3604, .adv_w = 158, .box_w = 8, .box_h = 12, .ofs_x = 1, .ofs_y = 0},
    {.bitmap_index = 3621, .adv_w = 195, .box_w = 10, .box_h = 16, .ofs_x = 1, .ofs_y = -4},
    {.bitmap_index = 3653, .adv_w = 158, .box_w = 8, .box_h = 13, .ofs_x = 1, .ofs_y = -4},
    {.bitmap_index = 3671, .adv_w = 195, .box_w = 10, .box_h = 16, .ofs_x = 1, .ofs_y = 0},
    {.bitmap_index = 3705, .adv_w = 158, .box_w = 8, .box_h = 12, .ofs_x = 1, .ofs_y = 0},
    {.bitmap_index = 3723, .adv_w = 176, .box_w = 10, .box_h = 12, .ofs_x = 0, .ofs_y = 0},
    {.bitmap_index = 3741, .adv_w = 195, .box_w = 10, .box_h = 16, .ofs_x = 1, .ofs_y = -4},
    {.bitmap_index = 3775, .adv_w = 158, .box_w = 8, .box_h = 13, .ofs_x = 1, .ofs_y = -4},
    {.bitmap_index = 3791, .adv_w = 200, .box_w = 12, .box_h = 14, .ofs_x = 0, .ofs_y = 0},
    {.bitmap_index = 3825, .adv_w = 155, .box_w = 9, .box_h = 11, .ofs_x = 0, .ofs_y = 0},
    {.bitmap_index = 3850, .adv_w = 200, .box_w = 12, .box_h = 16, .ofs_x = 0, .ofs_y = 0},
    {.bitmap_index = 3890, .adv_w = 155, .box_w = 9, .box_h = 12, .ofs_x = 0, .ofs_y = 0},
    {.bitmap_index = 3917, .adv_w = 200, .box_w = 12, .box_h = 16, .ofs_x = 0, .ofs_y = 0},
    {.bitmap_index = 3957, .adv_w = 155, .box_w = 9, .box_h = 12, .ofs_x = 0, .ofs_y = 0},
    {.bitmap_index = 3984, .adv_w = 238, .box_w = 14, .box_h = 12, .ofs_x = 0, .ofs_y = 0},
    {.bitmap_index = 4020, .adv_w = 242, .box_w = 15, .box_h = 9, .ofs_x = 0, .ofs_y = 0},
    {.bitmap_index = 4053, .adv_w = 159, .box_w = 9, .box_h = 16, .ofs_x = 1, .ofs_y = 0},
    {.bitmap_index = 4085, .adv_w = 106, .box_w = 6, .box_h = 12, .ofs_x = 1, .ofs_y = 0},
    {.bitmap_index = 4099, .adv_w = 159, .box_w = 9, .box_h = 16, .ofs_x = 1, .ofs_y = -4},
    {.bitmap_index = 4131, .adv_w = 106, .box_w = 7, .box_h = 13, .ofs_x = 0, .ofs_y = -4},
    {.bitmap_index = 4147, .adv_w = 159, .box_w = 9, .box_h = 16, .ofs_x = 1, .ofs_y = 0},
    {.bitmap_index = 4180, .adv_w = 106, .box_w = 6, .box_h = 12, .ofs_x = 1, .ofs_y = 0},
    {.bitmap_index = 4194, .adv_w = 141, .box_w = 9, .box_h = 16, .ofs_x = 0, .ofs_y = 0},
    {.bitmap_index = 4226, .adv_w = 123, .box_w = 7, .box_h = 12, .ofs_x = 0, .ofs_y = 0},
    {.bitmap_index = 4247, .adv_w = 141, .box_w = 9, .box_h = 16, .ofs_x = 0, .ofs_y = 0},
    {.bitmap_index = 4280, .adv_w = 123, .box_w = 7, .box_h = 12, .ofs_x = 0, .ofs_y = 0},
    {.bitmap_index = 4302, .adv_w = 141, .box_w = 9, .box_h = 16, .ofs_x = 0, .ofs_y = -4},
    {.bitmap_index = 4336, .adv_w = 123, .box_w = 7, .box_h = 13, .ofs_x = 0, .ofs_y = -4},
    {.bitmap_index = 4359, .adv_w = 141, .box_w = 9, .box_h = 16, .ofs_x = 0, .ofs_y = 0},
    {.bitmap_index = 4392, .adv_w = 123, .box_w = 7, .box_h = 12, .ofs_x = 0, .ofs_y = 0},
    {.bitmap_index = 4414, .adv_w = 142, .box_w = 9, .box_h = 16, .ofs_x = 0, .ofs_y = -4},
    {.bitmap_index = 4431, .adv_w = 92, .box_w = 6, .box_h = 15, .ofs_x = 0, .ofs_y = -4},
    {.bitmap_index = 4449, .adv_w = 142, .box_w = 9, .box_h = 16, .ofs_x = 0, .ofs_y = 0},
    {.bitmap_index = 4468, .adv_w = 92, .box_w = 8, .box_h = 12, .ofs_x = 0, .ofs_y = 0},
    {.bitmap_index = 4484, .adv_w = 142, .box_w = 9, .box_h = 12, .ofs_x = 0, .ofs_y = 0},
    {.bitmap_index = 4501, .adv_w = 92, .box_w = 6, .box_h = 11, .ofs_x = 0, .ofs_y = 0},
    {.bitmap_index = 4517, .adv_w = 187, .box_w = 10, .box_h = 15, .ofs_x = 1, .ofs_y = 0},
    {.bitmap_index = 4540, .adv_w = 158, .box_w = 8, .box_h = 12, .ofs_x = 1, .ofs_y = 0},
    {.bitmap_index = 4558, .adv_w = 187, .box_w = 10, .box_h = 14, .ofs_x = 1, .ofs_y = 0},
    {.bitmap_index = 4578, .adv_w = 158, .box_w = 8, .box_h = 11, .ofs_x = 1, .ofs_y = 0},
    {.bitmap_index = 4593, .adv_w = 187, .box_w = 10, .box_h = 16, .ofs_x = 1, .ofs_y = 0},
    {.bitmap_index = 4618, .adv_w = 158, .box_w = 8, .box_h = 12, .ofs_x = 1, .ofs_y = 0},
    {.bitmap_index = 4636, .adv_w = 187, .box_w = 10, .box_h = 17, .ofs_x = 1, .ofs_y = 0},
    {.bitmap_index = 4662, .adv_w = 158, .box_w = 8, .box_h = 14, .ofs_x = 1, .ofs_y = 0},
    {.bitmap_index = 4683, .adv_w = 187, .box_w = 10, .box_h = 16, .ofs_x = 1, .ofs_y = 0},
    {.bitmap_index = 4708, .adv_w = 158, .box_w = 8, .box_h = 12, .ofs_x = 1, .ofs_y = 0},
    {.bitmap_index = 4726, .adv_w = 187, .box_w = 10, .box_h = 16, .ofs_x = 1, .ofs_y = -4},
    {.bitmap_index = 4749, .adv_w = 158, .box_w = 8, .box_h = 13, .ofs_x = 1, .ofs_y = -4},
    {.bitmap_index = 4767, .adv_w = 238, .box_w = 15, .box_h = 16, .ofs_x = 0, .ofs_y = 0},
    {.bitmap_index = 4823, .adv_w = 201, .box_w = 13, .box_h = 12, .ofs_x = 0, .ofs_y = 0},
    {.bitmap_index = 4861, .adv_w = 145, .box_w = 10, .box_h = 16, .ofs_x = 0, .ofs_y = 0},
    {.bitmap_index = 4891, .adv_w = 131, .box_w = 9, .box_h = 16, .ofs_x = 0, .ofs_y = -4},
    {.bitmap_index = 4925, .adv_w = 145, .box_w = 10, .box_h = 15, .ofs_x = 0, .ofs_y = 0},
    {.bitmap_index = 4954, .adv_w = 146, .box_w = 9, .box_h = 16, .ofs_x = 0, .ofs_y = 0},
    {.bitmap_index = 4984, .adv_w = 120, .box_w = 7, .box_h = 12, .ofs_x = 0, .ofs_y = 0},
    {.bitmap_index = 5004, .adv_w = 146, .box_w = 9, .box_h = 15, .ofs_x = 0, .ofs_y = 0},
    {.bitmap_index = 5033, .adv_w = 120, .box_w = 7, .box_h = 12, .ofs_x = 0, .ofs_y = 0},
    {.bitmap_index = 5053, .adv_w = 146, .box_w = 9, .box_h = 16, .ofs_x = 0, .ofs_y = 0},
    {.bitmap_index = 5085, .adv_w = 120, .box_w = 7, .box_h = 12, .ofs_x = 0, .ofs_y = 0},
    {.bitmap_index = 5106, .adv_w = 83, .box_w = 5, .box_h = 12, .ofs_x = 1, .ofs_y = 0},
    {.bitmap_index = 5113, .adv_w = 157, .box_w = 9, .box_h = 12, .ofs_x = 0, .ofs_y = 0},
    {.bitmap_index = 5136, .adv_w = 187, .box_w = 11, .box_h = 12, .ofs_x = 0, .ofs_y = 0},
    {.bitmap_index = 5164, .adv_w = 157, .box_w = 9, .box_h = 12, .ofs_x = 1, .ofs_y = 0},
    {.bitmap_index = 5185, .adv_w = 157, .box_w = 8, .box_h = 12, .ofs_x = 1, .ofs_y = 0},
    {.bitmap_index = 5205, .adv_w = 163, .box_w = 9, .box_h = 12, .ofs_x = 1, .ofs_y = 0},
    {.bitmap_index = 5223, .adv_w = 157, .box_w = 8, .box_h = 12, .ofs_x = 1, .ofs_y = 0},
    {.bitmap_index = 5243, .adv_w = 162, .box_w = 10, .box_h = 12, .ofs_x = 0, .ofs_y = 0},
    {.bitmap_index = 5269, .adv_w = 162, .box_w = 12, .box_h = 15, .ofs_x = 0, .ofs_y = 0},
    {.bitmap_index = 5299, .adv_w = 129, .box_w = 9, .box_h = 12, .ofs_x = 0, .ofs_y = 0},
    {.bitmap_index = 5321, .adv_w = 187, .box_w = 11, .box_h = 12, .ofs_x = 0, .ofs_y = 0},
    {.bitmap_index = 5350, .adv_w = 207, .box_w = 12, .box_h = 12, .ofs_x = 0, .ofs_y = 0},
    {.bitmap_index = 5375, .adv_w = 157, .box_w = 9, .box_h = 12, .ofs_x = 0, .ofs_y = 0},
    {.bitmap_index = 5398, .adv_w = 157, .box_w = 9, .box_h = 12, .ofs_x = 0, .ofs_y = 0},
    {.bitmap_index = 5421, .adv_w = 155, .box_w = 9, .box_h = 13, .ofs_x = 0, .ofs_y = -4},
    {.bitmap_index = 5450, .adv_w = 142, .box_w = 8, .box_h = 12, .ofs_x = 0, .ofs_y = 0},
    {.bitmap_index = 5468, .adv_w = 189, .box_w = 11, .box_h = 12, .ofs_x = 0, .ofs_y = 0},
    {.bitmap_index = 5498, .adv_w = 151, .box_w = 9, .box_h = 12, .ofs_x = 0, .ofs_y = 0},
    {.bitmap_index = 5523, .adv_w = 151, .box_w = 11, .box_h = 16, .ofs_x = -1, .ofs_y = -4},
    {.bitmap_index = 5547, .adv_w = 106, .box_w = 9, .box_h = 16, .ofs_x = -1, .ofs_y = -4},
    {.bitmap_index = 5566, .adv_w = 186, .box_w = 12, .box_h = 15, .ofs_x = 0, .ofs_y = 0},
    {.bitmap_index = 5601, .adv_w = 146, .box_w = 10, .box_h = 16, .ofs_x = 0, .ofs_y = -4},
    {.bitmap_index = 5636, .adv_w = 239, .box_w = 13, .box_h = 12, .ofs_x = 1, .ofs_y = 0},
    {.bitmap_index = 5660, .adv_w = 89, .box_w = 5, .box_h = 12, .ofs_x = 1, .ofs_y = 0},
    {.bitmap_index = 5666, .adv_w = 87, .box_w = 5, .box_h = 12, .ofs_x = 0, .ofs_y = 0},
    {.bitmap_index = 5680, .adv_w = 158, .box_w = 9, .box_h = 12, .ofs_x = 1, .ofs_y = 0},
    {.bitmap_index = 5704, .adv_w = 137, .box_w = 8, .box_h = 12, .ofs_x = 1, .ofs_y = 0},
    {.bitmap_index = 5726, .adv_w = 66, .box_w = 4, .box_h = 12, .ofs_x = 0, .ofs_y = 0},
    {.bitmap_index = 5734, .adv_w = 139, .box_w = 10, .box_h = 12, .ofs_x = -1, .ofs_y = 0},
    {.bitmap_index = 5761, .adv_w = 264, .box_w = 14, .box_h = 12, .ofs_x = 1, .ofs_y = 0},
    {.bitmap_index = 5780, .adv_w = 195, .box_w = 12, .box_h = 16, .ofs_x = -1, .ofs_y = -4},
    {.bitmap_index = 5818, .adv_w = 158, .box_w = 8, .box_h = 13, .ofs_x = 1, .ofs_y = -4},
    {.bitmap_index = 5832, .adv_w = 200, .box_w = 12, .box_h = 12, .ofs_x = 0, .ofs_y = 0},
    {.bitmap_index = 5866, .adv_w = 201, .box_w = 13, .box_h = 12, .ofs_x = 0, .ofs_y = 0},
    {.bitmap_index = 5898, .adv_w = 158, .box_w = 11, .box_h = 11, .ofs_x = 0, .ofs_y = 0},
    {.bitmap_index = 5926, .adv_w = 275, .box_w = 16, .box_h = 12, .ofs_x = 0, .ofs_y = 0},
    {.bitmap_index = 5963, .adv_w = 216, .box_w = 13, .box_h = 13, .ofs_x = 0, .ofs_y = -4},
    {.bitmap_index = 5992, .adv_w = 175, .box_w = 11, .box_h = 12, .ofs_x = 0, .ofs_y = 0},
    {.bitmap_index = 6014, .adv_w = 157, .box_w = 8, .box_h = 16, .ofs_x = 1, .ofs_y = -4},
    {.bitmap_index = 6040, .adv_w = 159, .box_w = 9, .box_h = 14, .ofs_x = 1, .ofs_y = -2},
    {.bitmap_index = 6068, .adv_w = 141, .box_w = 8, .box_h = 12, .ofs_x = 0, .ofs_y = 0},
    {.bitmap_index = 6092, .adv_w = 123, .box_w = 7, .box_h = 9, .ofs_x = 0, .ofs_y = 0},
    {.bitmap_index = 6108, .adv_w = 146, .box_w = 9, .box_h = 12, .ofs_x = 0, .ofs_y = 0},
    {.bitmap_index = 6132, .adv_w = 91, .box_w = 8, .box_h = 16, .ofs_x = -1, .ofs_y = -4},
    {.bitmap_index = 6147, .adv_w = 92, .box_w = 6, .box_h = 15, .ofs_x = 0, .ofs_y = -4},
    {.bitmap_index = 6164, .adv_w = 147, .box_w = 10, .box_h = 12, .ofs_x = 0, .ofs_y = 0},
    {.bitmap_index = 6177, .adv_w = 92, .box_w = 6, .box_h = 12, .ofs_x = 0, .ofs_y = 0},
    {.bitmap_index = 6192, .adv_w = 142, .box_w = 9, .box_h = 16, .ofs_x = 0, .ofs_y = -4},
    {.bitmap_index = 6208, .adv_w = 200, .box_w = 13, .box_h = 12, .ofs_x = 1, .ofs_y = 0},
    {.bitmap_index = 6232, .adv_w = 173, .box_w = 11, .box_h = 10, .ofs_x = 1, .ofs_y = 0},
    {.bitmap_index = 6251, .adv_w = 200, .box_w = 12, .box_h = 12, .ofs_x = 0, .ofs_y = 0},
    {.bitmap_index = 6283, .adv_w = 187, .box_w = 10, .box_h = 12, .ofs_x = 1, .ofs_y = 0},
    {.bitmap_index = 6303, .adv_w = 147, .box_w = 10, .box_h = 12, .ofs_x = 0, .ofs_y = 0},
    {.bitmap_index = 6324, .adv_w = 139, .box_w = 9, .box_h = 13, .ofs_x = 0, .ofs_y = -4},
    {.bitmap_index = 6351, .adv_w = 146, .box_w = 9, .box_h = 12, .ofs_x = 0, .ofs_y = 0},
    {.bitmap_index = 6375, .adv_w = 120, .box_w = 7, .box_h = 9, .ofs_x = 0, .ofs_y = 0},
    {.bitmap_index = 6391, .adv_w = 150, .box_w = 9, .box_h = 12, .ofs_x = 0, .ofs_y = 0},
    {.bitmap_index = 6416, .adv_w = 150, .box_w = 9, .box_h = 12, .ofs_x = 0, .ofs_y = 0},
    {.bitmap_index = 6441, .adv_w = 127, .box_w = 8, .box_h = 13, .ofs_x = 0, .ofs_y = -4},
    {.bitmap_index = 6465, .adv_w = 127, .box_w = 8, .box_h = 13, .ofs_x = 0, .ofs_y = -4},
    {.bitmap_index = 6490, .adv_w = 146, .box_w = 9, .box_h = 12, .ofs_x = 0, .ofs_y = 0},
    {.bitmap_index = 6516, .adv_w = 150, .box_w = 9, .box_h = 12, .ofs_x = 0, .ofs_y = 0},
    {.bitmap_index = 6540, .adv_w = 125, .box_w = 8, .box_h = 9, .ofs_x = 0, .ofs_y = 0},
    {.bitmap_index = 6557, .adv_w = 119, .box_w = 7, .box_h = 11, .ofs_x = 0, .ofs_y = 0},
    {.bitmap_index = 6576, .adv_w = 150, .box_w = 8, .box_h = 13, .ofs_x = 1, .ofs_y = -4},
    {.bitmap_index = 6597, .adv_w = 86, .box_w = 2, .box_h = 12, .ofs_x = 2, .ofs_y = 0},
    {.bitmap_index = 6601, .adv_w = 142, .box_w = 5, .box_h = 12, .ofs_x = 2, .ofs_y = 0},
    {.bitmap_index = 6605, .adv_w = 132, .box_w = 7, .box_h = 12, .ofs_x = 1, .ofs_y = 0},
    {.bitmap_index = 6620, .adv_w = 69, .box_w = 3, .box_h = 12, .ofs_x = 1, .ofs_y = 0},
    {.bitmap_index = 6628, .adv_w = 331, .box_w = 20, .box_h = 16, .ofs_x = 1, .ofs_y = 0},
    {.bitmap_index = 6695, .adv_w = 307, .box_w = 18, .box_h = 12, .ofs_x = 1, .ofs_y = 0},
    {.bitmap_index = 6743, .adv_w = 278, .box_w = 17, .box_h = 12, .ofs_x = 0, .ofs_y = 0},
    {.bitmap_index = 6790, .adv_w = 204, .box_w = 11, .box_h = 16, .ofs_x = 1, .ofs_y = -4},
    {.bitmap_index = 6811, .adv_w = 200, .box_w = 11, .box_h = 16, .ofs_x = 1, .ofs_y = -4},
    {.bitmap_index = 6832, .adv_w = 132, .box_w = 7, .box_h = 16, .ofs_x = 1, .ofs_y = -4},
    {.bitmap_index = 6847, .adv_w = 264, .box_w = 15, .box_h = 16, .ofs_x = 1, .ofs_y = -4},
    {.bitmap_index = 6898, .adv_w = 261, .box_w = 15, .box_h = 16, .ofs_x = 1, .ofs_y = -4},
    {.bitmap_index = 6948, .adv_w = 224, .box_w = 12, .box_h = 16, .ofs_x = 1, .ofs_y = -4},
    {.bitmap_index = 6975, .adv_w = 164, .box_w = 11, .box_h = 16, .ofs_x = 0, .ofs_y = 0},
    {.bitmap_index = 7014, .adv_w = 144, .box_w = 8, .box_h = 12, .ofs_x = 0, .ofs_y = 0},
    {.bitmap_index = 7039, .adv_w = 87, .box_w = 6, .box_h = 16, .ofs_x = 0, .ofs_y = 0},
    {.bitmap_index = 7053, .adv_w = 66, .box_w = 6, .box_h = 12, .ofs_x = -1, .ofs_y = 0},
    {.bitmap_index = 7062, .adv_w = 200, .box_w = 12, .box_h = 16, .ofs_x = 0, .ofs_y = 0},
    {.bitmap_index = 7101, .adv_w = 155, .box_w = 9, .box_h = 12, .ofs_x = 0, .ofs_y = 0},
    {.bitmap_index = 7128, .adv_w = 187, .box_w = 10, .box_h = 16, .ofs_x = 1, .ofs_y = 0},
    {.bitmap_index = 7152, .adv_w = 158, .box_w = 8, .box_h = 12, .ofs_x = 1, .ofs_y = 0},
    {.bitmap_index = 7169, .adv_w = 187, .box_w = 10, .box_h = 17, .ofs_x = 1, .ofs_y = 0},
    {.bitmap_index = 7196, .adv_w = 158, .box_w = 8, .box_h = 14, .ofs_x = 1, .ofs_y = 0},
    {.bitmap_index = 7217, .adv_w = 187, .box_w = 10, .box_h = 18, .ofs_x = 1, .ofs_y = 0},
    {.bitmap_index = 7245, .adv_w = 158, .box_w = 8, .box_h = 15, .ofs_x = 1, .ofs_y = 0},
    {.bitmap_index = 7267, .adv_w = 187, .box_w = 10, .box_h = 18, .ofs_x = 1, .ofs_y = 0},
    {.bitmap_index = 7296, .adv_w = 158, .box_w = 8, .box_h = 15, .ofs_x = 1, .ofs_y = 0},
    {.bitmap_index = 7319, .adv_w = 187, .box_w = 10, .box_h = 18, .ofs_x = 1, .ofs_y = 0},
    {.bitmap_index = 7347, .adv_w = 158, .box_w = 8, .box_h = 15, .ofs_x = 1, .ofs_y = 0},
    {.bitmap_index = 7369, .adv_w = 144, .box_w = 9, .box_h = 9, .ofs_x = 0, .ofs_y = 0},
    {.bitmap_index = 7389, .adv_w = 164, .box_w = 11, .box_h = 17, .ofs_x = 0, .ofs_y = 0},
    {.bitmap_index = 7430, .adv_w = 144, .box_w = 8, .box_h = 14, .ofs_x = 0, .ofs_y = 0},
    {.bitmap_index = 7459, .adv_w = 164, .box_w = 11, .box_h = 17, .ofs_x = 0, .ofs_y = 0},
    {.bitmap_index = 7499, .adv_w = 144, .box_w = 8, .box_h = 14, .ofs_x = 0, .ofs_y = 0},
    {.bitmap_index = 7526, .adv_w = 226, .box_w = 15, .box_h = 14, .ofs_x = -1, .ofs_y = 0},
    {.bitmap_index = 7570, .adv_w = 221, .box_w = 14, .box_h = 11, .ofs_x = 0, .ofs_y = 0},
    {.bitmap_index = 7607, .adv_w = 186, .box_w = 12, .box_h = 12, .ofs_x = 0, .ofs_y = 0},
    {.bitmap_index = 7638, .adv_w = 157, .box_w = 10, .box_h = 13, .ofs_x = 0, .ofs_y = -4},
    {.bitmap_index = 7666, .adv_w = 186, .box_w = 11, .box_h = 16, .ofs_x = 0, .ofs_y = 0},
    {.bitmap_index = 7703, .adv_w = 157, .box_w = 9, .box_h = 16, .ofs_x = 0, .ofs_y = -4},
    {.bitmap_index = 7735, .adv_w = 158, .box_w = 9, .box_h = 16, .ofs_x = 1, .ofs_y = 0},
    {.bitmap_index = 7768, .adv_w = 137, .box_w = 10, .box_h = 17, .ofs_x = -1, .ofs_y = 0},
    {.bitmap_index = 7800, .adv_w = 200, .box_w = 12, .box_h = 16, .ofs_x = 0, .ofs_y = -4},
    {.bitmap_index = 7838, .adv_w = 155, .box_w = 9, .box_h = 13, .ofs_x = 0, .ofs_y = -4},
    {.bitmap_index = 7866, .adv_w = 200, .box_w = 12, .box_h = 18, .ofs_x = 0, .ofs_y = -4},
    {.bitmap_index = 7908, .adv_w = 155, .box_w = 9, .box_h = 15, .ofs_x = 0, .ofs_y = -4},
    {.bitmap_index = 7940, .adv_w = 150, .box_w = 9, .box_h = 16, .ofs_x = 0, .ofs_y = 0},
    {.bitmap_index = 7974, .adv_w = 127, .box_w = 8, .box_h = 16, .ofs_x = 0, .ofs_y = -4},
    {.bitmap_index = 8005, .adv_w = 66, .box_w = 6, .box_h = 16, .ofs_x = -1, .ofs_y = -4},
    {.bitmap_index = 8018, .adv_w = 331, .box_w = 20, .box_h = 12, .ofs_x = 1, .ofs_y = 0},
    {.bitmap_index = 8069, .adv_w = 307, .box_w = 18, .box_h = 12, .ofs_x = 1, .ofs_y = 0},
    {.bitmap_index = 8116, .adv_w = 278, .box_w = 17, .box_h = 12, .ofs_x = 0, .ofs_y = 0},
    {.bitmap_index = 8156, .adv_w = 186, .box_w = 11, .box_h = 16, .ofs_x = 0, .ofs_y = 0},
    {.bitmap_index = 8193, .adv_w = 157, .box_w = 9, .box_h = 16, .ofs_x = 0, .ofs_y = -4},
    {.bitmap_index = 8224, .adv_w = 240, .box_w = 13, .box_h = 12, .ofs_x = 1, .ofs_y = 0},
    {.bitmap_index = 8247, .adv_w = 169, .box_w = 9, .box_h = 16, .ofs_x = 1, .ofs_y = -4},
    {.bitmap_index = 8273, .adv_w = 195, .box_w = 10, .box_h = 16, .ofs_x = 1, .ofs_y = 0},
    {.bitmap_index = 8306, .adv_w = 158, .box_w = 8, .box_h = 12, .ofs_x = 1, .ofs_y = 0},
    {.bitmap_index = 8323, .adv_w = 164, .box_w = 11, .box_h = 16, .ofs_x = 0, .ofs_y = 0},
    {.bitmap_index = 8362, .adv_w = 144, .box_w = 8, .box_h = 16, .ofs_x = 0, .ofs_y = 0},
    {.bitmap_index = 8393, .adv_w = 226, .box_w = 15, .box_h = 16, .ofs_x = -1, .ofs_y = 0},
    {.bitmap_index = 8444, .adv_w = 221, .box_w = 14, .box_h = 12, .ofs_x = 0, .ofs_y = 0},
    {.bitmap_index = 8483, .adv_w = 200, .box_w = 12, .box_h = 17, .ofs_x = 0, .ofs_y = -1},
    {.bitmap_index = 8529, .adv_w = 155, .box_w = 9, .box_h = 13, .ofs_x = 0, .ofs_y = -1},
    {.bitmap_index = 8559, .adv_w = 164, .box_w = 11, .box_h = 16, .ofs_x = 0, .ofs_y = 0},
    {.bitmap_index = 8598, .adv_w = 144, .box_w = 8, .box_h = 12, .ofs_x = 0, .ofs_y = 0},
    {.bitmap_index = 8623, .adv_w = 164, .box_w = 11, .box_h = 15, .ofs_x = 0, .ofs_y = 0},
    {.bitmap_index = 8660, .adv_w = 144, .box_w = 8, .box_h = 12, .ofs_x = 0, .ofs_y = 0},
    {.bitmap_index = 8685, .adv_w = 142, .box_w = 7, .box_h = 16, .ofs_x = 1, .ofs_y = 0},
    {.bitmap_index = 8708, .adv_w = 144, .box_w = 9, .box_h = 12, .ofs_x = 0, .ofs_y = 0},
    {.bitmap_index = 8734, .adv_w = 142, .box_w = 7, .box_h = 15, .ofs_x = 1, .ofs_y = 0},
    {.bitmap_index = 8756, .adv_w = 144, .box_w = 9, .box_h = 12, .ofs_x = 0, .ofs_y = 0},
    {.bitmap_index = 8782, .adv_w = 87, .box_w = 6, .box_h = 16, .ofs_x = -1, .ofs_y = 0},
    {.bitmap_index = 8796, .adv_w = 66, .box_w = 7, .box_h = 12, .ofs_x = -2, .ofs_y = 0},
    {.bitmap_index = 8806, .adv_w = 87, .box_w = 6, .box_h = 15, .ofs_x = 0, .ofs_y = 0},
    {.bitmap_index = 8818, .adv_w = 66, .box_w = 6, .box_h = 12, .ofs_x = -1, .ofs_y = 0},
    {.bitmap_index = 8827, .adv_w = 200, .box_w = 12, .box_h = 16, .ofs_x = 0, .ofs_y = 0},
    {.bitmap_index = 8866, .adv_w = 155, .box_w = 9, .box_h = 12, .ofs_x = 0, .ofs_y = 0},
    {.bitmap_index = 8893, .adv_w = 200, .box_w = 12, .box_h = 15, .ofs_x = 0, .ofs_y = 0},
    {.bitmap_index = 8930, .adv_w = 155, .box_w = 9, .box_h = 12, .ofs_x = 0, .ofs_y = 0},
    {.bitmap_index = 8957, .adv_w = 159, .box_w = 9, .box_h = 16, .ofs_x = 1, .ofs_y = 0},
    {.bitmap_index = 8990, .adv_w = 106, .box_w = 7, .box_h = 12, .ofs_x = 0, .ofs_y = 0},
    {.bitmap_index = 9006, .adv_w = 159, .box_w = 9, .box_h = 15, .ofs_x = 1, .ofs_y = 0},
    {.bitmap_index = 9037, .adv_w = 106, .box_w = 6, .box_h = 12, .ofs_x = 1, .ofs_y = 0},
    {.bitmap_index = 9051, .adv_w = 187, .box_w = 10, .box_h = 16, .ofs_x = 1, .ofs_y = 0},
    {.bitmap_index = 9075, .adv_w = 158, .box_w = 8, .box_h = 12, .ofs_x = 1, .ofs_y = 0},
    {.bitmap_index = 9092, .adv_w = 187, .box_w = 10, .box_h = 15, .ofs_x = 1, .ofs_y = 0},
    {.bitmap_index = 9115, .adv_w = 158, .box_w = 8, .box_h = 12, .ofs_x = 1, .ofs_y = 0},
    {.bitmap_index = 9133, .adv_w = 141, .box_w = 9, .box_h = 16, .ofs_x = 0, .ofs_y = -4},
    {.bitmap_index = 9166, .adv_w = 123, .box_w = 7, .box_h = 13, .ofs_x = 0, .ofs_y = -4},
    {.bitmap_index = 9189, .adv_w = 142, .box_w = 9, .box_h = 16, .ofs_x = 0, .ofs_y = -4},
    {.bitmap_index = 9206, .adv_w = 92, .box_w = 6, .box_h = 15, .ofs_x = 0, .ofs_y = -4},
    {.bitmap_index = 9224, .adv_w = 147, .box_w = 9, .box_h = 15, .ofs_x = 0, .ofs_y = -3},
    {.bitmap_index = 9256, .adv_w = 127, .box_w = 8, .box_h = 13, .ofs_x = 0, .ofs_y = -4},
    {.bitmap_index = 9281, .adv_w = 190, .box_w = 10, .box_h = 16, .ofs_x = 1, .ofs_y = 0},
    {.bitmap_index = 9304, .adv_w = 158, .box_w = 10, .box_h = 17, .ofs_x = -1, .ofs_y = 0},
    {.bitmap_index = 9330, .adv_w = 190, .box_w = 10, .box_h = 16, .ofs_x = 1, .ofs_y = -4},
    {.bitmap_index = 9348, .adv_w = 221, .box_w = 14, .box_h = 14, .ofs_x = 0, .ofs_y = -2},
    {.bitmap_index = 9383, .adv_w = 172, .box_w = 10, .box_h = 12, .ofs_x = 0, .ofs_y = 0},
    {.bitmap_index = 9411, .adv_w = 153, .box_w = 9, .box_h = 12, .ofs_x = 0, .ofs_y = 0},
    {.bitmap_index = 9437, .adv_w = 146, .box_w = 9, .box_h = 16, .ofs_x = 0, .ofs_y = -4},
    {.bitmap_index = 9468, .adv_w = 120, .box_w = 7, .box_h = 13, .ofs_x = 0, .ofs_y = -4},
    {.bitmap_index = 9490, .adv_w = 164, .box_w = 11, .box_h = 15, .ofs_x = 0, .ofs_y = 0},
    {.bitmap_index = 9526, .adv_w = 144, .box_w = 8, .box_h = 12, .ofs_x = 0, .ofs_y = 0},
    {.bitmap_index = 9549, .adv_w = 142, .box_w = 7, .box_h = 16, .ofs_x = 1, .ofs_y = -4},
    {.bitmap_index = 9572, .adv_w = 144, .box_w = 9, .box_h = 13, .ofs_x = 0, .ofs_y = -4},
    {.bitmap_index = 9600, .adv_w = 200, .box_w = 12, .box_h = 17, .ofs_x = 0, .ofs_y = 0},
    {.bitmap_index = 9642, .adv_w = 155, .box_w = 9, .box_h = 14, .ofs_x = 0, .ofs_y = 0},
    {.bitmap_index = 9673, .adv_w = 200, .box_w = 12, .box_h = 17, .ofs_x = 0, .ofs_y = 0},
    {.bitmap_index = 9715, .adv_w = 155, .box_w = 9, .box_h = 14, .ofs_x = 0, .ofs_y = 0},
    {.bitmap_index = 9747, .adv_w = 200, .box_w = 12, .box_h = 15, .ofs_x = 0, .ofs_y = 0},
    {.bitmap_index = 9783, .adv_w = 155, .box_w = 9, .box_h = 12, .ofs_x = 0, .ofs_y = 0},
    {.bitmap_index = 9809, .adv_w = 200, .box_w = 12, .box_h = 17, .ofs_x = 0, .ofs_y = 0},
    {.bitmap_index = 9849, .adv_w = 155, .box_w = 9, .box_h = 14, .ofs_x = 0, .ofs_y = 0},
    {.bitmap_index = 9879, .adv_w = 145, .box_w = 10, .box_h = 14, .ofs_x = 0, .ofs_y = 0},
    {.bitmap_index = 9904, .adv_w = 131, .box_w = 9, .box_h = 15, .ofs_x = 0, .ofs_y = -4},
    {.bitmap_index = 9936, .adv_w = 98, .box_w = 6, .box_h = 13, .ofs_x = 0, .ofs_y = -1},
    {.bitmap_index = 9947, .adv_w = 191, .box_w = 11, .box_h = 10, .ofs_x = 1, .ofs_y = -1},
    {.bitmap_index = 9969, .adv_w = 99, .box_w = 7, .box_h = 12, .ofs_x = 0, .ofs_y = -1},
    {.bitmap_index = 9987, .adv_w = 66, .box_w = 4, .box_h = 13, .ofs_x = -1, .ofs_y = -4},
    {.bitmap_index = 9994, .adv_w = 249, .box_w = 15, .box_h = 12, .ofs_x = 0, .ofs_y = 0},
    {.bitmap_index = 10028, .adv_w = 249, .box_w = 15, .box_h = 13, .ofs_x = 0, .ofs_y = -4},
    {.bitmap_index = 10067, .adv_w = 164, .box_w = 11, .box_h = 13, .ofs_x = 0, .ofs_y = -1},
    {.bitmap_index = 10100, .adv_w = 162, .box_w = 10, .box_h = 13, .ofs_x = 0, .ofs_y = -1},
    {.bitmap_index = 10130, .adv_w = 123, .box_w = 8, .box_h = 15, .ofs_x = 0, .ofs_y = -3},
    {.bitmap_index = 10159, .adv_w = 134, .box_w = 8, .box_h = 12, .ofs_x = 0, .ofs_y = 0},
    {.bitmap_index = 10173, .adv_w = 142, .box_w = 9, .box_h = 13, .ofs_x = 0, .ofs_y = -1},
    {.bitmap_index = 10197, .adv_w = 123, .box_w = 8, .box_h = 13, .ofs_x = 0, .ofs_y = -4},
    {.bitmap_index = 10223, .adv_w = 120, .box_w = 8, .box_h = 13, .ofs_x = 0, .ofs_y = -4},
    {.bitmap_index = 10247, .adv_w = 115, .box_w = 7, .box_h = 12, .ofs_x = 0, .ofs_y = 0},
    {.bitmap_index = 10265, .adv_w = 112, .box_w = 7, .box_h = 9, .ofs_x = 0, .ofs_y = 0},
    {.bitmap_index = 10281, .adv_w = 166, .box_w = 10, .box_h = 12, .ofs_x = 0, .ofs_y = 0},
    {.bitmap_index = 10309, .adv_w = 187, .box_w = 12, .box_h = 12, .ofs_x = 0, .ofs_y = 0},
    {.bitmap_index = 10334, .adv_w = 156, .box_w = 10, .box_h = 12, .ofs_x = 0, .ofs_y = 0},
    {.bitmap_index = 10362, .adv_w = 142, .box_w = 7, .box_h = 14, .ofs_x = 1, .ofs_y = -2},
    {.bitmap_index = 10386, .adv_w = 144, .box_w = 9, .box_h = 15, .ofs_x = 0, .ofs_y = -3},
    {.bitmap_index = 10418, .adv_w = 70, .box_w = 7, .box_h = 16, .ofs_x = -2, .ofs_y = -4},
    {.bitmap_index = 10433, .adv_w = 66, .box_w = 5, .box_h = 16, .ofs_x = -1, .ofs_y = -4},
    {.bitmap_index = 10449, .adv_w = 196, .box_w = 13, .box_h = 16, .ofs_x = 0, .ofs_y = -4},
    {.bitmap_index = 10489, .adv_w = 157, .box_w = 11, .box_h = 13, .ofs_x = 0, .ofs_y = -4},
    {.bitmap_index = 10517, .adv_w = 159, .box_w = 10, .box_h = 12, .ofs_x = 0, .ofs_y = 0},
    {.bitmap_index = 10544, .adv_w = 106, .box_w = 7, .box_h = 10, .ofs_x = 0, .ofs_y = 0},
    {.bitmap_index = 10559, .adv_w = 145, .box_w = 10, .box_h = 12, .ofs_x = 0, .ofs_y = 0},
    {.bitmap_index = 10580, .adv_w = 131, .box_w = 9, .box_h = 13, .ofs_x = 0, .ofs_y = -4}
};

/*---------------------
 *  CHARACTER MAPPING
 *--------------------*/



/*Collect the unicode lists and glyph_id offsets*/
static const lv_font_fmt_txt_cmap_t cmaps[] =
{
    {
        .range_start = 160, .range_length = 176, .glyph_id_start = 1,
        .unicode_list = NULL, .glyph_id_ofs_list = NULL, .list_length = 0, .type = LV_FONT_FMT_TXT_CMAP_FORMAT0_TINY
    },
    {
        .range_start = 336, .range_length = 256, .glyph_id_start = 177,
        .unicode_list = NULL, .glyph_id_ofs_list = NULL, .list_length = 0, .type = LV_FONT_FMT_TXT_CMAP_FORMAT0_TINY
    }
};



/*--------------------
 *  ALL CUSTOM DATA
 *--------------------*/

#if LVGL_VERSION_MAJOR == 8
/*Store all the custom data of the font*/
static  lv_font_fmt_txt_glyph_cache_t cache;
#endif

#if LVGL_VERSION_MAJOR >= 8
static const lv_font_fmt_txt_dsc_t font_dsc = {
#else
static lv_font_fmt_txt_dsc_t font_dsc = {
#endif
    .glyph_bitmap = glyph_bitmap,
    .glyph_dsc = glyph_dsc,
    .cmaps = cmaps,
    .kern_dsc = NULL,
    .kern_scale = 0,
    .cmap_num = 2,
    .bpp = 2,
    .kern_classes = 0,
    .bitmap_format = 1,
#if LVGL_VERSION_MAJOR == 8
    .cache = &cache
#endif
};

extern const lv_font_t lv_font_montserrat_14;


/*-----------------
 *  PUBLIC FONT
 *----------------*/

/*Initialize a public general font descriptor*/
#if LVGL_VERSION_MAJOR >= 8
const lv_font_t azoria_font_latin_16 = {
#else
lv_font_t azoria_font_latin_16 = {
#endif
    .get_glyph_dsc = lv_font_get_glyph_dsc_fmt_txt,    /*Function pointer to get glyph's data*/
    .get_glyph_bitmap = lv_font_get_bitmap_fmt_txt,    /*Function pointer to get glyph's bitmap*/
    .line_height = 22,          /*The maximum line height required by the font*/
    .base_line = 4,             /*Baseline measured from the bottom of the line*/
#if !(LVGL_VERSION_MAJOR == 6 && LVGL_VERSION_MINOR == 0)
    .subpx = LV_FONT_SUBPX_NONE,
#endif
#if LV_VERSION_CHECK(7, 4, 0) || LVGL_VERSION_MAJOR >= 8
    .underline_position = -2,
    .underline_thickness = 1,
#endif
    .dsc = &font_dsc,          /*The custom font data. Will be accessed by `get_glyph_bitmap/dsc` */
#if LV_VERSION_CHECK(8, 2, 0) || LVGL_VERSION_MAJOR >= 9
    .fallback = &lv_font_montserrat_14,
#endif
    .user_data = NULL,
};



#endif /*#if AZORIA_FONT_LATIN_16*/

