/*******************************************************************************
 * Size: 28 px
 * Bpp: 2
 * Opts: --size 28 --bpp 2 --format lvgl --font /usr/share/fonts/truetype/noto/NotoSans-Regular.ttf --range 0x00A0-0x024F --no-kerning --lv-include lvgl.h --lv-font-name azoria_font_latin_28 --lv-fallback lv_font_montserrat_28 -o firmware/src/ui/assets/azoria_font_latin_28.c
 ******************************************************************************/

#ifdef LV_LVGL_H_INCLUDE_SIMPLE
#include "lvgl.h"
#else
#include "lvgl.h"
#endif

#ifndef AZORIA_FONT_LATIN_28
#define AZORIA_FONT_LATIN_28 1
#endif

#if AZORIA_FONT_LATIN_28

/*-----------------
 *    BITMAPS
 *----------------*/

/*Store the image of the glyphs*/
static LV_ATTRIBUTE_LARGE_CONST const uint8_t glyph_bitmap[] = {
    /* U+00A0 " " */

    /* U+00A1 "¡" */
    0x7c, 0x40, 0x43, 0x6b, 0x14, 0xf, 0x70, 0x7f,
    0x21, 0xc8, 0x7f, 0xf0, 0x70, 0xff, 0xe3, 0xa1,
    0x0,

    /* U+00A2 "¢" */
    0xf, 0x78, 0x3f, 0xf9, 0x16, 0xf, 0x41, 0x3a,
    0x1c, 0xa0, 0x40, 0xbe, 0x94, 0x40, 0xd0, 0x98,
    0x8, 0x87, 0xe4, 0x18, 0x7f, 0xc8, 0x7f, 0xf8,
    0x10, 0x41, 0xff, 0x21, 0xfd, 0x83, 0x43, 0x41,
    0x40, 0xbf, 0x28, 0xe, 0x87, 0x28, 0x35, 0x83,
    0xd0, 0x7f, 0xf3, 0x40,

    /* U+00A3 "£" */
    0xf, 0x3f, 0xd0, 0x7d, 0xc1, 0xce, 0x1d, 0x1,
    0xfa, 0x50, 0x72, 0x30, 0x4d, 0x3, 0x20, 0x83,
    0xff, 0xf3, 0xe8, 0x1f, 0xd0, 0x7f, 0xf0, 0x90,
    0xde, 0x81, 0xfe, 0xf, 0xff, 0x3e, 0x1f, 0xfc,
    0x24, 0x83, 0xfc, 0xe0, 0x43, 0xfd, 0x5, 0xff,
    0xe0, 0xff, 0xe1, 0x80,

    /* U+00A4 "¤" */
    0x14, 0x1f, 0x94, 0xa, 0x2b, 0xe9, 0x54, 0x4,
    0x50, 0x26, 0x84, 0x5, 0x3, 0xf0, 0x14, 0x12,
    0x61, 0xb1, 0x9, 0x10, 0xf2, 0x21, 0xb0, 0xf6,
    0x1e, 0xc3, 0xd8, 0x64, 0x43, 0xc8, 0x84, 0x9a,
    0x7, 0x10, 0x94, 0xb, 0xd0, 0x14, 0x8, 0xf2,
    0xee, 0x20, 0x78, 0x15, 0x87, 0xc0,

    /* U+00A5 "¥" */
    0x7c, 0x87, 0xe7, 0xca, 0x4, 0x1f, 0xa0, 0x24,
    0x4, 0x3c, 0x82, 0x2, 0x8, 0x3d, 0x1, 0xa,
    0x2, 0x19, 0x4, 0x19, 0x4, 0x1a, 0x14, 0x1d,
    0x1, 0x2, 0x8, 0x3c, 0x82, 0x4, 0x21, 0xfa,
    0x2, 0x81, 0x7, 0xe4, 0x14, 0x10, 0xff, 0x41,
    0xa0, 0xf9, 0xf4, 0x1b, 0xe4, 0x3f, 0xf9, 0xf,
    0xe0, 0x7e, 0x43, 0xff, 0x90, 0xfe, 0x7, 0xe4,
    0x3f, 0xf9, 0xf, 0xe0, 0x7e, 0x43, 0xff, 0xac,

    /* U+00A6 "¦" */
    0x78, 0x3f, 0xf9, 0xed, 0x8a, 0xf, 0xfe, 0x22,
    0xd6, 0x1f, 0xfc, 0xf0,

    /* U+00A7 "§" */
    0xa, 0xfe, 0x90, 0x3a, 0x1c, 0xc0, 0x87, 0xfa,
    0x81, 0xb0, 0xe5, 0x6, 0xc3, 0xfa, 0x1d, 0xf,
    0x98, 0x17, 0x21, 0xd0, 0xa1, 0xa0, 0x59, 0x57,
    0xe, 0x19, 0x9, 0xc0, 0x87, 0xf2, 0x1d, 0x87,
    0x21, 0x60, 0xe0, 0x20, 0x41, 0xa3, 0xe8, 0xc3,
    0x5a, 0x1f, 0xf5, 0xc0, 0xc3, 0xf3, 0x81, 0xf,
    0xfe, 0x3, 0x21, 0xd0, 0x11, 0xbf, 0x92, 0x19,
    0xe, 0x74,

    /* U+00A8 "¨" */
    0x64, 0x29, 0x26, 0x4, 0xc4, 0x40, 0xc4,

    /* U+00A9 "©" */
    0xf, 0xfe, 0x7b, 0x7f, 0x48, 0x7f, 0x9e, 0x55,
    0x4a, 0xb4, 0x3e, 0x62, 0xe5, 0xaf, 0x14, 0xe,
    0x67, 0x43, 0xf6, 0xa8, 0x34, 0x41, 0x3f, 0xa0,
    0x4b, 0x2, 0x30, 0xa8, 0x19, 0x40, 0x88, 0xa,
    0x9, 0x45, 0xf4, 0x85, 0xa, 0x30, 0xa2, 0x42,
    0x43, 0x26, 0x4, 0x39, 0xf, 0xf9, 0xc3, 0x21,
    0xff, 0xc1, 0x43, 0xff, 0xba, 0x98, 0x81, 0xf,
    0xfe, 0x12, 0x8c, 0x39, 0xf, 0xe4, 0xc5, 0x5,
    0x12, 0x12, 0x1a, 0x12, 0x20, 0x28, 0xbe, 0x82,
    0x48, 0x29, 0x81, 0x6a, 0x18, 0xc, 0x21, 0x2d,
    0x85, 0x4e, 0x4a, 0x18, 0x75, 0xe, 0x42, 0x6d,
    0x58, 0x7c, 0xea, 0xbe, 0x95, 0xc1, 0xfe, 0xbe,
    0xa7, 0xa0, 0xf0,

    /* U+00AA "ª" */
    0x5, 0xf9, 0x9, 0x52, 0x41, 0x73, 0x42, 0xf,
    0x21, 0xaf, 0xc1, 0x6a, 0xf4, 0x1d, 0x7, 0xf9,
    0x82, 0x8f, 0x50, 0x27, 0xf3, 0xc0,

    /* U+00AB "«" */
    0xd, 0x40, 0xda, 0x19, 0x60, 0xb2, 0x9, 0x88,
    0x10, 0x30, 0xa1, 0x44, 0x98, 0x58, 0xc2, 0x88,
    0x28, 0x10, 0x22, 0x42, 0xc0, 0x86, 0x83, 0x28,
    0x81, 0x82, 0xd, 0x26, 0xc, 0x60, 0xd0, 0x30,
    0x42, 0x83, 0x60, 0x46, 0x20, 0xef, 0x20, 0x6c,

    /* U+00AC "¬" */
    0xbf, 0xff, 0x81, 0x7, 0xff, 0xa, 0xff, 0xf4,
    0x1f, 0xfe, 0xe0,

    /* U+00AD "­" */
    0xf, 0xbf, 0xe0, 0xf8,

    /* U+00AE "®" */
    0xf, 0xfe, 0x7b, 0x7f, 0x48, 0x7f, 0x9e, 0x55,
    0x4a, 0xb4, 0x3e, 0x62, 0xe5, 0xaf, 0x14, 0xe,
    0x67, 0x43, 0xf6, 0xa8, 0x34, 0x40, 0xfa, 0x88,
    0x52, 0xc0, 0x8c, 0x3c, 0xab, 0xa, 0x20, 0x28,
    0x3d, 0xf0, 0x20, 0xa1, 0x46, 0x1f, 0xd0, 0x84,
    0x98, 0x10, 0xff, 0x90, 0xe7, 0xf, 0xf3, 0x18,
    0x64, 0x3f, 0xde, 0x85, 0x7, 0xff, 0xd, 0xa,
    0xe, 0x4c, 0x43, 0xd6, 0x4, 0x3c, 0xa3, 0xf,
    0xd9, 0x6, 0x4c, 0x50, 0x7f, 0x24, 0x14, 0x24,
    0x41, 0xfa, 0x14, 0x24, 0x14, 0xc0, 0xa0, 0x6e,
    0x18, 0x42, 0x5b, 0x14, 0x1c, 0xf1, 0x87, 0x50,
    0xe4, 0x26, 0xd5, 0x87, 0xce, 0xab, 0xe9, 0x5c,
    0x1f, 0xeb, 0xea, 0x7a, 0xf, 0x0,

    /* U+00AF "¯" */
    0x3f, 0xff, 0x84, 0x1f, 0xfc, 0x50,

    /* U+00B0 "°" */
    0x9, 0xa2, 0x1d, 0xca, 0xb0, 0xb2, 0xf4, 0x62,
    0x28, 0xa, 0x10, 0x61, 0xb0, 0xfe, 0xc0, 0x90,
    0x64, 0x48, 0xe9, 0x90, 0x18, 0x51, 0x20,

    /* U+00B1 "±" */
    0xf, 0x28, 0x3f, 0xf8, 0x14, 0xf, 0xff, 0x95,
    0xfc, 0xf, 0xe8, 0x3f, 0xf8, 0x57, 0xf0, 0x3f,
    0xa0, 0xff, 0xff, 0x9e, 0xf, 0x5f, 0xff, 0xc0,
    0x83, 0xff, 0x84,

    /* U+00B2 "²" */
    0x5, 0xf4, 0x16, 0x88, 0xe0, 0xa7, 0x68, 0x8a,
    0xb, 0x30, 0xf6, 0x61, 0xca, 0x10, 0xe8, 0xc3,
    0xb3, 0xc, 0xe6, 0x19, 0x8c, 0x3a, 0x5, 0x65,
    0x4, 0xbb,

    /* U+00B3 "³" */
    0x9, 0x90, 0xde, 0x9b, 0x82, 0x7e, 0x14, 0x70,
    0x51, 0x87, 0xb3, 0xe, 0x50, 0x82, 0xf4, 0x61,
    0x6a, 0x6, 0x13, 0x4e, 0x30, 0xf2, 0x1f, 0x90,
    0x5e, 0xa7, 0x14, 0x45, 0xe, 0x80,

    /* U+00B4 "´" */
    0xa, 0x88, 0x35, 0x84, 0x10, 0x22, 0x48, 0x90,
    0x0,

    /* U+00B5 "µ" */
    0xbc, 0x1f, 0x3e, 0xf, 0xff, 0xf8, 0x7f, 0xf9,
    0x30, 0xff, 0xe0, 0xa1, 0xe4, 0x39, 0xf, 0xa4,
    0x26, 0xf, 0xd7, 0xd1, 0x87, 0xa0, 0xd6, 0x1f,
    0x3f, 0x90, 0x78, 0x3f, 0xff, 0xe1, 0xfe,

    /* U+00B6 "¶" */
    0x9, 0xbf, 0xf9, 0x5, 0x10, 0xe5, 0x82, 0x50,
    0x7d, 0x4c, 0x28, 0x3f, 0xfa, 0x8, 0x7f, 0xfb,
    0xd0, 0xff, 0xe9, 0x41, 0xff, 0xc2, 0x50, 0x7f,
    0xf0, 0xad, 0x70, 0x7f, 0xd5, 0x90, 0xff, 0xff,
    0x87, 0xff, 0xfb, 0x80, 0xb0,

    /* U+00B7 "·" */
    0x28, 0x6b, 0x6, 0x80, 0x80,

    /* U+00B8 "¸" */
    0x2, 0x83, 0x58, 0x48, 0xc0, 0x75, 0x41, 0x42,
    0xa9, 0x8e, 0xa2, 0x80,

    /* U+00B9 "¹" */
    0xa, 0xe1, 0xd0, 0x50, 0x81, 0xba, 0x6, 0x10,
    0xff, 0xf0, 0x0,

    /* U+00BA "º" */
    0xa, 0xf9, 0xd, 0xae, 0xa0, 0x23, 0xa9, 0x61,
    0xe, 0xcc, 0x8, 0x64, 0x3f, 0xf8, 0x48, 0x64,
    0xc8, 0x91, 0x84, 0x66, 0xe3, 0x9, 0xf5, 0xe0,
    0x0,

    /* U+00BB "»" */
    0x20, 0xcc, 0x1d, 0x38, 0x53, 0x6, 0x93, 0x6,
    0x28, 0x34, 0xc, 0x11, 0x21, 0xb0, 0x43, 0x10,
    0x76, 0x28, 0x51, 0x86, 0x80, 0x81, 0x10, 0x94,
    0x60, 0xc1, 0x1, 0x88, 0x10, 0x30, 0xa1, 0x44,
    0x98, 0x50, 0xc0, 0x4c, 0x35, 0xc1, 0x78, 0x38,

    /* U+00BC "¼" */
    0xd, 0x68, 0x7e, 0x74, 0x39, 0xd3, 0xf, 0xd0,
    0x86, 0xa0, 0x87, 0xf4, 0x41, 0xf7, 0x83, 0xf2,
    0x84, 0x3a, 0xc3, 0xfd, 0x18, 0x7f, 0xf1, 0x61,
    0xf, 0xfe, 0x32, 0x41, 0xff, 0xc5, 0x88, 0x3f,
    0xf8, 0xab, 0x80, 0xf8, 0x3f, 0xf8, 0x11, 0x5,
    0x7, 0xff, 0x6, 0x20, 0xa0, 0xff, 0xe1, 0x22,
    0x5, 0x41, 0xf9, 0xe3, 0x20, 0xa5, 0x7, 0xfc,
    0x8a, 0x6, 0x41, 0xff, 0xc0, 0x88, 0x9, 0x7,
    0xff, 0x2, 0x20, 0xa5, 0x7, 0xfc, 0xa1, 0x4,
    0x3f, 0x3, 0x83, 0xa3, 0xb, 0x5e, 0x3, 0x86,
    0x84, 0x33, 0x5c, 0x9, 0xc, 0x90, 0x7f, 0xf0,
    0x80,

    /* U+00BD "½" */
    0xd, 0x61, 0xf9, 0xe0, 0xf5, 0xa2, 0x1f, 0x44,
    0x1d, 0xa2, 0x1f, 0xa1, 0xf, 0x9c, 0x3f, 0x92,
    0xf, 0x70, 0x7f, 0x44, 0x1f, 0xfc, 0x55, 0xc1,
    0xff, 0xc5, 0x88, 0x3f, 0xf8, 0xb0, 0x87, 0xff,
    0x19, 0x22, 0xfa, 0xf, 0xfb, 0x23, 0x58, 0x70,
    0xfe, 0x45, 0x17, 0x4c, 0x8, 0x7e, 0x88, 0x8,
    0x64, 0x3d, 0x6c, 0x41, 0xf9, 0x10, 0xf2, 0x84,
    0x3e, 0x44, 0x3e, 0x8c, 0x3e, 0x62, 0xf, 0x42,
    0x1f, 0x31, 0x87, 0xc9, 0x7, 0x98, 0xc3, 0xec,
    0x83, 0xcc, 0xe1, 0xf2, 0x28, 0x39, 0x81, 0x59,
    0xa, 0x20, 0xf6, 0x5, 0xe0,

    /* U+00BE "¾" */
    0x1b, 0xe8, 0x3f, 0xdc, 0x13, 0x2c, 0x38, 0x7e,
    0xcc, 0x26, 0xe9, 0xa2, 0x1e, 0x45, 0x6, 0x43,
    0xd8, 0x7a, 0x20, 0xff, 0x26, 0x1d, 0x10, 0x7c,
    0xd3, 0x14, 0x19, 0x42, 0x1f, 0x4a, 0x6, 0x1d,
    0x18, 0x7e, 0xfc, 0x48, 0x50, 0x87, 0xff, 0x7,
    0x20, 0x92, 0x3, 0xe0, 0xff, 0xe0, 0xc4, 0x14,
    0x1a, 0x81, 0xb1, 0x17, 0x2, 0xf, 0x3f, 0x86,
    0x22, 0x2, 0xa0, 0xd7, 0x2a, 0xe2, 0x20, 0xa5,
    0x7, 0x9a, 0x21, 0x22, 0xc, 0x83, 0xff, 0x83,
    0x90, 0x12, 0xf, 0xfe, 0xa, 0x28, 0x12, 0x83,
    0xff, 0x83, 0x10, 0x21, 0xf8, 0x1c, 0x1e, 0x88,
    0x2d, 0x78, 0xe, 0x1c, 0xa1, 0x9, 0xae, 0x4,
    0x87, 0x46, 0x1f, 0xfc, 0x20,

    /* U+00BF "¿" */
    0xf, 0x79, 0xf, 0xd0, 0x20, 0xff, 0x90, 0xfd,
    0x2a, 0xf, 0xea, 0x7, 0xff, 0x2b, 0xc1, 0xff,
    0xc9, 0x43, 0xfc, 0xc4, 0x1f, 0x30, 0xa0, 0xf5,
    0x6, 0xf, 0x28, 0xa0, 0x7d, 0xa, 0xf, 0xf4,
    0x1f, 0x90, 0xff, 0x90, 0x21, 0xff, 0x48, 0x4d,
    0x83, 0x5, 0xf4, 0x90, 0x34, 0x39, 0xa0, 0x57,
    0xf4, 0x80,

    /* U+00C0 "À" */
    0xe, 0xbc, 0x87, 0xff, 0xa, 0x4, 0x1f, 0xfc,
    0x3c, 0x10, 0x7f, 0xf0, 0xf1, 0x41, 0xff, 0xc3,
    0xe0, 0xff, 0xe2, 0xa8, 0x3f, 0xf8, 0x4f, 0x90,
    0xff, 0xe1, 0x40, 0xc3, 0xff, 0x8a, 0x87, 0xff,
    0x6, 0x10, 0x21, 0xff, 0xc0, 0x4d, 0x20, 0xff,
    0x90, 0x30, 0x7f, 0xf0, 0x71, 0xd, 0x7, 0xf9,
    0x30, 0x42, 0x1f, 0xd0, 0x10, 0x20, 0x43, 0xf2,
    0x21, 0xe8, 0x3e, 0x41, 0x6, 0x83, 0xfb, 0xf,
    0x90, 0x41, 0xe4, 0x1f, 0xe0, 0x21, 0xc8, 0x7f,
    0xf0, 0x10, 0xd0, 0xff, 0xe0, 0x61, 0xec, 0x3f,
    0x22, 0x14, 0x4, 0x3f, 0x40, 0x40, 0x88, 0x7f,
    0x92, 0x10, 0x41, 0xfe, 0xc0, 0xc2, 0x1f, 0xf2,
    0xc,

    /* U+00C1 "Á" */
    0xf, 0xe7, 0xd0, 0x7f, 0xf0, 0xa0, 0x41, 0xff,
    0xc1, 0x81, 0x87, 0xff, 0x5, 0x46, 0x1f, 0xfc,
    0x3b, 0xf, 0xfe, 0x1a, 0x83, 0xff, 0x88, 0xf9,
    0xf, 0xfe, 0x14, 0xc, 0x3f, 0xf8, 0xa8, 0x7f,
    0xf0, 0x61, 0x2, 0x1f, 0xfc, 0x4, 0xd2, 0xf,
    0xf9, 0x3, 0x7, 0xff, 0x7, 0x10, 0xd0, 0x7f,
    0x93, 0x4, 0x21, 0xfd, 0x1, 0x2, 0x4, 0x3f,
    0x22, 0x1e, 0x83, 0xe4, 0x10, 0x68, 0x3f, 0xb0,
    0xf9, 0x4, 0x1e, 0x41, 0xfe, 0x2, 0x1c, 0x87,
    0xff, 0x1, 0xd, 0xf, 0xfe, 0x6, 0x1e, 0xc3,
    0xf2, 0x21, 0x40, 0x43, 0xf4, 0x4, 0x8, 0x87,
    0xf9, 0x21, 0x4, 0x1f, 0xec, 0xc, 0x21, 0xff,
    0x20, 0xc0,

    /* U+00C2 "Â" */
    0xf, 0xaf, 0x41, 0xff, 0xc1, 0x50, 0x14, 0x1f,
    0xf3, 0x12, 0x41, 0xff, 0x44, 0xd0, 0xc3, 0xf9,
    0xb4, 0xe, 0xa0, 0xfc, 0xa0, 0xf4, 0x87, 0xfc,
    0xf9, 0xf, 0xfe, 0x14, 0xc, 0x3f, 0xf8, 0xa8,
    0x7f, 0xf0, 0x61, 0x2, 0x1f, 0xfc, 0x4, 0xd2,
    0xf, 0xf9, 0x3, 0x7, 0xff, 0x7, 0x10, 0xd0,
    0x7f, 0x93, 0x4, 0x21, 0xfd, 0x1, 0x2, 0x4,
    0x3f, 0x22, 0x1e, 0x83, 0xe4, 0x10, 0x68, 0x3f,
    0xb0, 0xf9, 0x4, 0x1e, 0x41, 0xfe, 0x2, 0x1c,
    0x87, 0xff, 0x1, 0xd, 0xf, 0xfe, 0x6, 0x1e,
    0xc3, 0xf2, 0x21, 0x40, 0x43, 0xf4, 0x4, 0x8,
    0x87, 0xf9, 0x21, 0x4, 0x1f, 0xec, 0xc, 0x21,
    0xff, 0x20, 0xc0,

    /* U+00C3 "Ã" */
    0xe, 0xbd, 0x20, 0xb0, 0xfd, 0x20, 0x6f, 0x28,
    0x3f, 0x2b, 0xd2, 0x6, 0xf, 0xdc, 0x6, 0xf4,
    0x1f, 0xfd, 0x27, 0xc8, 0x7f, 0xf0, 0xa0, 0x61,
    0xff, 0xc5, 0x43, 0xff, 0x83, 0x8, 0x10, 0xff,
    0xe0, 0x26, 0x90, 0x7f, 0xc8, 0x18, 0x3f, 0xf8,
    0x38, 0x86, 0x83, 0xfc, 0x98, 0x21, 0xf, 0xe8,
    0x8, 0x10, 0x21, 0xf9, 0x10, 0xf4, 0x1f, 0x20,
    0x83, 0x41, 0xfd, 0x87, 0xc8, 0x20, 0xf2, 0xf,
    0xf0, 0x10, 0xe4, 0x3f, 0xf8, 0x8, 0x68, 0x7f,
    0xf0, 0x30, 0xf6, 0x1f, 0x91, 0xa, 0x2, 0x1f,
    0xa0, 0x20, 0x44, 0x3f, 0xc9, 0x8, 0x20, 0xff,
    0x60, 0x61, 0xf, 0xf9, 0x6,

    /* U+00C4 "Ä" */
    0xe, 0xb4, 0xf, 0x7, 0xf9, 0x30, 0x62, 0x1f,
    0xe9, 0x81, 0xb0, 0x7f, 0x98, 0x26, 0x43, 0xff,
    0xa4, 0xf9, 0xf, 0xfe, 0x14, 0xc, 0x3f, 0xf8,
    0xa8, 0x7f, 0xf0, 0x61, 0x2, 0x1f, 0xfc, 0x4,
    0xd2, 0xf, 0xf9, 0x3, 0x7, 0xff, 0x7, 0x10,
    0xd0, 0x7f, 0x93, 0x4, 0x21, 0xfd, 0x1, 0x2,
    0x4, 0x3f, 0x22, 0x1e, 0x83, 0xe4, 0x10, 0x68,
    0x3f, 0xb0, 0xf9, 0x4, 0x1e, 0x41, 0xfe, 0x2,
    0x1c, 0x87, 0xff, 0x1, 0xd, 0xf, 0xfe, 0x6,
    0x1e, 0xc3, 0xf2, 0x21, 0x40, 0x43, 0xf4, 0x4,
    0x8, 0x87, 0xf9, 0x21, 0x4, 0x1f, 0xec, 0xc,
    0x21, 0xff, 0x20, 0xc0,

    /* U+00C5 "Å" */
    0xf, 0xfe, 0x6f, 0xd0, 0x7f, 0xf0, 0x72, 0x8c,
    0x1f, 0xfc, 0x19, 0x70, 0x7f, 0xf0, 0x70, 0x21,
    0xff, 0xc1, 0x9f, 0x18, 0x7f, 0xf0, 0x10, 0x90,
    0xff, 0xe2, 0xa1, 0xff, 0xc1, 0x84, 0x8, 0x7f,
    0xf0, 0x13, 0x48, 0x3f, 0xe4, 0xc, 0x1f, 0xfc,
    0x1c, 0x43, 0x41, 0xfe, 0x4c, 0x10, 0x87, 0xf4,
    0x4, 0x8, 0x10, 0xfc, 0x88, 0x64, 0x83, 0xe4,
    0x10, 0x6c, 0x3f, 0xb0, 0xf9, 0x4, 0x1e, 0x41,
    0xfe, 0x2, 0x1c, 0x87, 0xff, 0x1, 0xd, 0xf,
    0xfe, 0x6, 0x1e, 0xc3, 0xf2, 0x21, 0x40, 0x43,
    0xf4, 0x4, 0x8, 0x87, 0xf9, 0x21, 0x4, 0x1f,
    0xec, 0xc, 0x21, 0xff, 0x20, 0xc0,

    /* U+00C6 "Æ" */
    0xf, 0xf7, 0xff, 0xf0, 0x83, 0xff, 0xab, 0x3,
    0x41, 0xff, 0x83, 0xf9, 0x23, 0xf, 0xfe, 0x34,
    0x4, 0x3f, 0xf9, 0x9, 0x7, 0xff, 0x22, 0x2,
    0x1f, 0xfc, 0x84, 0x43, 0xff, 0x91, 0x2, 0xf,
    0xfe, 0x42, 0x21, 0xf7, 0xfc, 0x87, 0x40, 0x83,
    0xff, 0x90, 0x87, 0xd8, 0x3f, 0xe4, 0x32, 0x17,
    0xf2, 0x1f, 0xfc, 0x28, 0x3f, 0xf9, 0x48, 0x2f,
    0xf4, 0x1f, 0xfc, 0x18, 0x8, 0x7f, 0xf1, 0xd0,
    0x41, 0xff, 0xc8, 0x80, 0x87, 0xff, 0x1d, 0x4,
    0x1f, 0xf7, 0xfe, 0x20, 0x21, 0xff, 0xc7,

    /* U+00C7 "Ç" */
    0xf, 0x37, 0xf4, 0x87, 0x3c, 0x87, 0x34, 0xa,
    0x80, 0x6f, 0x50, 0x10, 0x14, 0xe, 0x40, 0xaf,
    0x5, 0x3, 0xf, 0xf9, 0x4, 0x1f, 0xfc, 0x8,
    0x8, 0x7f, 0xf0, 0x90, 0xff, 0xe1, 0xe1, 0xff,
    0xc0, 0x43, 0xff, 0xa6, 0x87, 0xff, 0x1b, 0xf,
    0xfe, 0x1a, 0x1f, 0xfc, 0x14, 0x8, 0x7f, 0xf0,
    0x20, 0x41, 0xff, 0xc1, 0x41, 0x87, 0xff, 0x2,
    0x41, 0xc8, 0x15, 0x61, 0xa4, 0xd, 0xea, 0x21,
    0xeb, 0x43, 0xcc, 0x1f, 0x5c, 0x7d, 0x21, 0xfd,
    0x8, 0x7f, 0xf0, 0x52, 0x81, 0xff, 0xc0, 0xb1,
    0xf, 0xfe, 0x7d, 0x30, 0xff, 0xe0, 0x2c, 0x38,
    0x60,

    /* U+00C8 "È" */
    0xb, 0xe0, 0xfe, 0xc1, 0x7, 0xf4, 0x28, 0x3f,
    0x31, 0x7, 0xf3, 0xa1, 0xff, 0x41, 0x9f, 0xff,
    0x83, 0xff, 0x87, 0x7f, 0xe0, 0x90, 0xff, 0xf7,
    0xa1, 0xff, 0x5f, 0xf2, 0x1f, 0xfc, 0x3f, 0xfc,
    0x87, 0xff, 0xcd, 0xf, 0xfa, 0xff, 0xc1, 0xff,
    0xc0,

    /* U+00C9 "É" */
    0xf, 0xbe, 0x43, 0xe4, 0xa, 0xf, 0xa1, 0x83,
    0xe8, 0x60, 0xfe, 0xa0, 0x7f, 0x48, 0x73, 0xff,
    0xf0, 0x7f, 0xf0, 0xef, 0xfc, 0x12, 0x1f, 0xfe,
    0xf4, 0x3f, 0xeb, 0xfe, 0x43, 0xff, 0x87, 0xff,
    0x90, 0xff, 0xf9, 0xa1, 0xff, 0x5f, 0xf8, 0x3f,
    0xf8, 0x0,

    /* U+00CA "Ê" */
    0xe, 0xf8, 0x3f, 0x41, 0x61, 0xe9, 0x30, 0x41,
    0xa4, 0xcd, 0x50, 0x5d, 0x85, 0x40, 0xca, 0xe,
    0x61, 0xff, 0xf8, 0x3f, 0xf8, 0x77, 0xfe, 0x9,
    0xf, 0xff, 0x7a, 0x1f, 0xf5, 0xff, 0x21, 0xff,
    0xc3, 0xff, 0xc8, 0x7f, 0xfc, 0xd0, 0xff, 0xaf,
    0xfc, 0x1f, 0xfc, 0x0,

    /* U+00CB "Ë" */
    0xb, 0xc1, 0x78, 0x32, 0x1f, 0x21, 0x2c, 0x14,
    0xa0, 0xd4, 0x9, 0x83, 0xff, 0x84, 0xff, 0xfc,
    0x1f, 0xfc, 0x3b, 0xff, 0x4, 0x87, 0xff, 0xbd,
    0xf, 0xfa, 0xff, 0x90, 0xff, 0xe1, 0xff, 0xe4,
    0x3f, 0xfe, 0x68, 0x7f, 0xd7, 0xfe, 0xf, 0xfe,
    0x0,

    /* U+00CC "Ì" */
    0xbc, 0x86, 0x81, 0x7, 0x60, 0x83, 0xb1, 0xf,
    0x72, 0x1e, 0x50, 0x3f, 0xe6, 0xe, 0x5b, 0x41,
    0xc1, 0xff, 0xff, 0xf, 0xff, 0x13, 0xa0, 0xe2,
    0xe, 0x50,

    /* U+00CD "Í" */
    0xd, 0x7a, 0xc, 0x8c, 0x16, 0x8, 0x24, 0x18,
    0x75, 0x87, 0x28, 0x37, 0xfc, 0xc1, 0xcb, 0x68,
    0x38, 0x3f, 0xff, 0xe1, 0xff, 0xe2, 0x74, 0x1c,
    0x41, 0xca,

    /* U+00CE "Î" */
    0xb, 0xe4, 0x3a, 0xa, 0xc, 0xa2, 0x4c, 0xc,
    0x6c, 0x98, 0x2c, 0x2a, 0x2e, 0xe, 0x64, 0xff,
    0x90, 0x41, 0xca, 0x3, 0xa0, 0xe0, 0xff, 0xff,
    0x87, 0xff, 0xfc, 0x27, 0x41, 0xc1, 0x41, 0xca,
    0x0,

    /* U+00CF "Ï" */
    0x3c, 0x15, 0xa1, 0x20, 0x4c, 0x58, 0x13, 0x14,
    0x9, 0x83, 0xfe, 0xff, 0x92, 0xe, 0x50, 0xe8,
    0x38, 0x3f, 0xff, 0xe1, 0xff, 0xf2, 0x74, 0x1c,
    0x8, 0x39, 0x40,

    /* U+00D0 "Ð" */
    0xb, 0xff, 0x48, 0x7f, 0xf1, 0x5b, 0x83, 0xfa,
    0xfd, 0x20, 0x70, 0xff, 0xe0, 0xb6, 0x83, 0xf,
    0xfe, 0x1c, 0x82, 0xf, 0xfe, 0x1c, 0x4, 0x3f,
    0xf8, 0x90, 0x10, 0xff, 0xe1, 0xa0, 0xc3, 0xff,
    0x91, 0xe0, 0x5f, 0x90, 0xff, 0xe8, 0x78, 0xf,
    0xe4, 0x3f, 0xf8, 0x38, 0x7f, 0xf0, 0x30, 0xff,
    0xe1, 0xa0, 0x43, 0xff, 0x87, 0x7, 0xff, 0x16,
    0x4, 0x1f, 0xfc, 0x29, 0x14, 0x1f, 0xf3, 0x68,
    0x20, 0xfa, 0xfd, 0x20, 0xb0, 0xff, 0xe1, 0x36,
    0x86,

    /* U+00D1 "Ñ" */
    0xe, 0xfa, 0xb, 0x83, 0xec, 0x27, 0xe3, 0xf,
    0x27, 0xd0, 0x52, 0x1e, 0x70, 0x9f, 0x90, 0xff,
    0xe4, 0xbf, 0x7, 0xfb, 0xd0, 0x68, 0x3f, 0xf8,
    0x8a, 0xf, 0xfe, 0x24, 0x1f, 0xfc, 0x28, 0x10,
    0x7f, 0xf0, 0x54, 0x21, 0xff, 0xc2, 0x81, 0x87,
    0xff, 0xa, 0x4, 0x1f, 0xfc, 0x14, 0x8, 0x7f,
    0xf0, 0xb0, 0x61, 0xff, 0xc2, 0x81, 0x7, 0xff,
    0x5, 0x2, 0x1f, 0xfc, 0x2c, 0x18, 0x7f, 0xf0,
    0x90, 0x22, 0x1f, 0xf4, 0x8, 0x3f, 0xf8, 0x50,
    0x30, 0xff, 0xe0, 0xa8, 0x8, 0x7f, 0xf0, 0x60,
    0xff, 0xe2, 0xc1, 0xff, 0xc4, 0x50, 0x40,

    /* U+00D2 "Ò" */
    0xf, 0x3e, 0x83, 0xff, 0x88, 0xa1, 0xf, 0xfe,
    0x2c, 0x98, 0x7f, 0xf1, 0x68, 0x41, 0xff, 0xc5,
    0x78, 0x3f, 0xfa, 0xcf, 0xf4, 0x87, 0xfa, 0xe0,
    0xe6, 0xd0, 0xfa, 0x40, 0xde, 0x90, 0x50, 0x3a,
    0x47, 0x90, 0x36, 0x5, 0x6, 0x41, 0x7, 0xec,
    0x10, 0x50, 0x20, 0xff, 0x40, 0x40, 0x81, 0xf,
    0xf2, 0xc, 0x32, 0x1f, 0xfc, 0x4, 0x43, 0x61,
    0xff, 0xc4, 0x43, 0xff, 0xb6, 0x87, 0xff, 0x2b,
    0xf, 0xfe, 0x2, 0x1e, 0x43, 0xff, 0x84, 0x81,
    0x2, 0x1f, 0xe4, 0x18, 0x20, 0x41, 0xfe, 0x80,
    0x84, 0x82, 0xf, 0xd8, 0x20, 0xd2, 0x3c, 0x81,
    0xb0, 0x28, 0x3a, 0x40, 0xde, 0x90, 0x50, 0x3e,
    0xb8, 0x39, 0xb4, 0x30,

    /* U+00D3 "Ó" */
    0xf, 0xf3, 0xe8, 0x3f, 0xf8, 0x90, 0xc1, 0xff,
    0xc3, 0xc6, 0xf, 0xfe, 0x1c, 0x30, 0x7f, 0xf1,
    0x2e, 0xf, 0xfe, 0xbb, 0xfd, 0x21, 0xfe, 0xb8,
    0x39, 0xb4, 0x3e, 0x90, 0x37, 0xa4, 0x14, 0xe,
    0x91, 0xe4, 0xd, 0x81, 0x41, 0x90, 0x41, 0xfb,
    0x4, 0x14, 0x8, 0x3f, 0xd0, 0x10, 0x20, 0x43,
    0xfc, 0x83, 0xc, 0x87, 0xff, 0x1, 0x10, 0xd8,
    0x7f, 0xf1, 0x10, 0xff, 0xed, 0xa1, 0xff, 0xca,
    0xc3, 0xff, 0x80, 0x87, 0x90, 0xff, 0xe1, 0x20,
    0x40, 0x87, 0xf9, 0x6, 0x8, 0x10, 0x7f, 0xa0,
    0x21, 0x20, 0x83, 0xf6, 0x8, 0x34, 0x8f, 0x20,
    0x6c, 0xa, 0xe, 0x90, 0x37, 0xa4, 0x14, 0xf,
    0xae, 0xe, 0x6d, 0xc,

    /* U+00D4 "Ô" */
    0xf, 0xd7, 0xa0, 0xff, 0xe1, 0xc8, 0x14, 0x1f,
    0xfc, 0x15, 0x1e, 0x24, 0x3f, 0xe6, 0x70, 0x6c,
    0x87, 0xf9, 0xe0, 0xd6, 0x87, 0xff, 0x4d, 0xfe,
    0x90, 0xff, 0x5c, 0x1c, 0xda, 0x1f, 0x48, 0x1b,
    0xd2, 0xa, 0x7, 0x48, 0xf2, 0x6, 0xc0, 0xa0,
    0xc8, 0x20, 0xfd, 0x82, 0xa, 0x4, 0x1f, 0xe8,
    0x8, 0x10, 0x21, 0xfe, 0x41, 0x86, 0x43, 0xff,
    0x80, 0x88, 0x6c, 0x3f, 0xf8, 0x88, 0x7f, 0xf6,
    0xd0, 0xff, 0xe5, 0x61, 0xff, 0xc0, 0x43, 0xc8,
    0x7f, 0xf0, 0x90, 0x20, 0x43, 0xfc, 0x83, 0x4,
    0x8, 0x3f, 0xd0, 0x10, 0x90, 0x41, 0xfb, 0x4,
    0x1a, 0x47, 0x90, 0x36, 0x5, 0x7, 0x48, 0x1b,
    0xd2, 0xa, 0x7, 0xd7, 0x7, 0x36, 0x86,

    /* U+00D5 "Õ" */
    0xf, 0x5e, 0x90, 0x58, 0x7f, 0xa4, 0xd, 0xe5,
    0x7, 0xf9, 0x5e, 0x90, 0x30, 0x7f, 0xb8, 0xd,
    0xe8, 0x3f, 0xfa, 0x8f, 0xf4, 0x87, 0xfa, 0xe0,
    0xe6, 0xd0, 0xfa, 0x40, 0xde, 0x90, 0x50, 0x3a,
    0x47, 0x90, 0x36, 0x5, 0x6, 0x41, 0x7, 0xec,
    0x10, 0x50, 0x20, 0xff, 0x40, 0x40, 0x81, 0xf,
    0xf2, 0xc, 0x32, 0x1f, 0xfc, 0x4, 0x43, 0x61,
    0xff, 0xc4, 0x43, 0xff, 0xb6, 0x87, 0xff, 0x2b,
    0xf, 0xfe, 0x2, 0x1e, 0x43, 0xff, 0x84, 0x81,
    0x2, 0x1f, 0xe4, 0x18, 0x20, 0x41, 0xfe, 0x80,
    0x84, 0x82, 0xf, 0xd8, 0x20, 0xd2, 0x3c, 0x81,
    0xb0, 0x28, 0x3a, 0x40, 0xde, 0x90, 0x50, 0x3e,
    0xb8, 0x39, 0xb4, 0x30,

    /* U+00D6 "Ö" */
    0xf, 0x5a, 0x7, 0x83, 0xff, 0x80, 0x98, 0x31,
    0xf, 0xfe, 0x4, 0xc0, 0x98, 0x3f, 0xf8, 0xc,
    0x1a, 0x43, 0xff, 0xa8, 0xff, 0x48, 0x7f, 0xae,
    0xe, 0x6d, 0xf, 0xa4, 0xd, 0xe9, 0x5, 0x3,
    0xa4, 0x79, 0x3, 0x60, 0x50, 0x64, 0x10, 0x7e,
    0xc1, 0x5, 0x2, 0xf, 0xf4, 0x4, 0x8, 0x10,
    0xff, 0x20, 0xc3, 0x21, 0xff, 0xc0, 0x44, 0x36,
    0x1f, 0xfc, 0x44, 0x3f, 0xfb, 0x68, 0x7f, 0xf2,
    0xb0, 0xff, 0xe0, 0x21, 0xe4, 0x3f, 0xf8, 0x48,
    0x10, 0x21, 0xfe, 0x41, 0x82, 0x4, 0x1f, 0xe8,
    0x8, 0x48, 0x20, 0xfd, 0x82, 0xd, 0x23, 0xc8,
    0x1b, 0x2, 0x83, 0xa4, 0xd, 0xe9, 0x5, 0x3,
    0xeb, 0x83, 0x9b, 0x43, 0x0,

    /* U+00D7 "×" */
    0x2, 0x1f, 0x90, 0xba, 0x7, 0xa9, 0x82, 0x18,
    0x34, 0x90, 0x18, 0x60, 0x49, 0x21, 0x30, 0xd1,
    0x24, 0x39, 0x85, 0x12, 0x1f, 0x28, 0xa, 0xf,
    0xd2, 0x6, 0xf, 0xa4, 0xe1, 0x83, 0xa4, 0xc6,
    0x18, 0x29, 0x30, 0x9c, 0x60, 0xd8, 0x7b, 0xd,
    0x61, 0xfb, 0x80,

    /* U+00D8 "Ø" */
    0xf, 0xfe, 0x22, 0x1f, 0xcf, 0xf4, 0x95, 0x7,
    0xae, 0xe, 0x6d, 0x30, 0xe9, 0x3, 0x7a, 0x42,
    0x50, 0x69, 0x1e, 0x40, 0xc8, 0x14, 0x19, 0x4,
    0x1e, 0x50, 0x50, 0x50, 0x20, 0xfa, 0x28, 0x4,
    0x8, 0x10, 0xf6, 0x2c, 0xc, 0x32, 0x1e, 0x81,
    0x1, 0x10, 0xd8, 0x72, 0x8c, 0x3e, 0x43, 0xf4,
    0x41, 0xff, 0xc4, 0xc5, 0x7, 0xe4, 0x3d, 0x2,
    0xf, 0xfe, 0x6, 0x12, 0x41, 0xe4, 0x3c, 0x83,
    0x14, 0x1f, 0x90, 0x21, 0x40, 0x83, 0xc8, 0x30,
    0x40, 0xd3, 0xf, 0xa0, 0x21, 0x21, 0x41, 0xf6,
    0x8, 0x34, 0x15, 0x10, 0x36, 0x5, 0x6, 0x83,
    0x37, 0xa4, 0x14, 0xe, 0x4f, 0x41, 0xcd, 0xa1,
    0xee, 0x3, 0xfd, 0x21, 0xe0,

    /* U+00D9 "Ù" */
    0xe, 0xf8, 0x3f, 0xf8, 0x30, 0x10, 0xff, 0xe0,
    0x31, 0x7, 0xff, 0x5, 0xcc, 0x3f, 0xf8, 0x5e,
    0xf, 0xfe, 0x53, 0xe0, 0xff, 0x5e, 0xf, 0xff,
    0xf8, 0x7f, 0xff, 0xc3, 0xff, 0xe2, 0x87, 0xf2,
    0x28, 0x18, 0x7f, 0xd8, 0x8a, 0xf, 0xb0, 0x24,
    0xa, 0x20, 0x6c, 0x10, 0x58, 0x1b, 0xd2, 0x9,
    0xd, 0xc8, 0x66, 0xd0, 0x0,

    /* U+00DA "Ú" */
    0xf, 0xef, 0x83, 0xff, 0x81, 0x3, 0xf, 0xf9,
    0x46, 0x1f, 0xfc, 0x9, 0xc3, 0xff, 0x83, 0xc1,
    0xff, 0xcb, 0x7c, 0x1f, 0xeb, 0xc1, 0xff, 0xff,
    0xf, 0xff, 0xf8, 0x7f, 0xfc, 0x50, 0xfe, 0x45,
    0x3, 0xf, 0xfb, 0x11, 0x41, 0xf6, 0x4, 0x81,
    0x44, 0xd, 0x82, 0xb, 0x3, 0x7a, 0x41, 0x21,
    0xb9, 0xc, 0xda, 0x0,

    /* U+00DB "Û" */
    0xf, 0x3f, 0x7, 0xfc, 0xc1, 0x41, 0xfe, 0x8b,
    0x18, 0x3f, 0x66, 0x9c, 0xc1, 0xf7, 0x83, 0x3c,
    0x1f, 0xfc, 0x77, 0xc1, 0xfe, 0xbc, 0x1f, 0xff,
    0xf0, 0xff, 0xff, 0x87, 0xff, 0xc5, 0xf, 0xe4,
    0x50, 0x30, 0xff, 0xb1, 0x14, 0x1f, 0x60, 0x48,
    0x14, 0x40, 0xd8, 0x20, 0xb0, 0x37, 0xa4, 0x12,
    0x1b, 0x90, 0xcd, 0xa0,

    /* U+00DC "Ü" */
    0xc, 0xf0, 0x5e, 0xf, 0xd8, 0x81, 0xf, 0xf4,
    0xc0, 0x54, 0x1f, 0xd2, 0x14, 0x87, 0xff, 0x21,
    0xf0, 0x7f, 0xaf, 0x7, 0xff, 0xfc, 0x3f, 0xff,
    0xe1, 0xff, 0xf1, 0x43, 0xf9, 0x14, 0xc, 0x3f,
    0xec, 0x45, 0x7, 0xd8, 0x12, 0x5, 0x10, 0x36,
    0x8, 0x2c, 0xd, 0xe9, 0x4, 0x86, 0xe4, 0x33,
    0x68, 0x0,

    /* U+00DD "Ý" */
    0xf, 0xcf, 0xa0, 0xff, 0xe0, 0x40, 0x83, 0xfe,
    0x81, 0x87, 0xfc, 0xa3, 0xf, 0xfe, 0xd, 0x87,
    0xff, 0x5, 0x41, 0xfa, 0xf0, 0x7f, 0xbd, 0x40,
    0x41, 0xfa, 0x4, 0x22, 0x1f, 0x92, 0x4, 0x8,
    0x3d, 0x81, 0x9, 0x10, 0xe4, 0x10, 0x68, 0x10,
    0x68, 0x8, 0x72, 0x21, 0x20, 0x83, 0xd0, 0x30,
    0x40, 0x43, 0xe8, 0xa, 0x6, 0x1f, 0x90, 0x50,
    0x43, 0xfd, 0x6, 0x83, 0xfc, 0x84, 0x87, 0xff,
    0x2, 0x4, 0x1f, 0xff, 0xf0, 0xff, 0xef, 0x80,

    /* U+00DE "Þ" */
    0x7c, 0x1f, 0xfd, 0xe4, 0x3f, 0xf8, 0x37, 0xf4,
    0x87, 0xff, 0x1, 0xa0, 0x77, 0xf4, 0x6, 0xf,
    0xe7, 0x2, 0x1f, 0xf4, 0x4, 0x3f, 0xc8, 0x7f,
    0xf3, 0xd0, 0x21, 0xfe, 0x83, 0xc8, 0x4d, 0x82,
    0xd, 0x7d, 0x20, 0x90, 0xfe, 0x6d, 0xe, 0xfe,
    0x90, 0xff, 0xf1, 0x0,

    /* U+00DF "ß" */
    0xa, 0xfe, 0x83, 0xce, 0x87, 0x3c, 0x1a, 0x5,
    0xf4, 0x5, 0x1, 0x6, 0x84, 0xe0, 0xc1, 0x87,
    0xff, 0x2d, 0x4, 0x1f, 0xe6, 0x10, 0xff, 0x50,
    0xa0, 0x7f, 0x28, 0x90, 0xff, 0x60, 0x43, 0xff,
    0x9d, 0x3, 0x43, 0xfe, 0xc1, 0x61, 0xff, 0x68,
    0x30, 0xff, 0xa8, 0xc, 0x3f, 0xe6, 0xf, 0xfe,
    0x12, 0x4, 0x3f, 0xf9, 0x12, 0x1b, 0x2, 0x1c,
    0xdf, 0x81, 0x7, 0xa4, 0x33, 0xa0,

    /* U+00E0 "à" */
    0x9, 0xa0, 0x7f, 0xca, 0x83, 0xf9, 0x85, 0x7,
    0xf3, 0x10, 0x7f, 0x98, 0x83, 0xfc, 0xf0, 0x7f,
    0xf2, 0x1b, 0xf4, 0x1d, 0xc8, 0x67, 0x42, 0x55,
    0xf4, 0x8, 0x2a, 0x21, 0x38, 0x10, 0xff, 0xe8,
    0xb7, 0xf0, 0x67, 0x91, 0x70, 0x68, 0x1e, 0xac,
    0x14, 0xc, 0x3f, 0xfa, 0x78, 0x58, 0x20, 0x9c,
    0x32, 0x7, 0xe8, 0x90, 0xb8, 0x33, 0xb8, 0x0,

    /* U+00E1 "á" */
    0xf, 0xd4, 0x43, 0xfa, 0x50, 0x7f, 0x28, 0x90,
    0xfd, 0x12, 0x1f, 0xa2, 0x43, 0xfa, 0xd0, 0xff,
    0xe4, 0xb7, 0xe8, 0x3b, 0x90, 0xce, 0x84, 0xab,
    0xe8, 0x10, 0x54, 0x42, 0x70, 0x21, 0xff, 0xd1,
    0x6f, 0xe0, 0xcf, 0x22, 0xe0, 0xd0, 0x3d, 0x58,
    0x28, 0x18, 0x7f, 0xf4, 0xf0, 0xb0, 0x41, 0x38,
    0x64, 0xf, 0xd1, 0x21, 0x70, 0x67, 0x70, 0x0,

    /* U+00E2 "â" */
    0xe, 0x68, 0x1f, 0xe9, 0x58, 0x7e, 0xc3, 0x41,
    0xe8, 0x7c, 0x30, 0x69, 0x50, 0x35, 0x82, 0xb8,
    0x35, 0xa1, 0xff, 0xc5, 0x6f, 0xd0, 0x77, 0x21,
    0x9d, 0x9, 0x57, 0xd0, 0x20, 0xa8, 0x84, 0xe0,
    0x43, 0xff, 0xa2, 0xdf, 0xc1, 0x9e, 0x45, 0xc1,
    0xa0, 0x7a, 0xb0, 0x50, 0x30, 0xff, 0xe9, 0xe1,
    0x60, 0x82, 0x70, 0xc8, 0x1f, 0xa2, 0x42, 0xe0,
    0xce, 0xe0,

    /* U+00E3 "ã" */
    0xa, 0xf4, 0x82, 0xc2, 0xd0, 0x37, 0x98, 0x35,
    0xe8, 0x25, 0x5, 0xa0, 0x7e, 0x83, 0xff, 0x8c,
    0xdf, 0xa0, 0xee, 0x43, 0x3a, 0x12, 0xaf, 0xa0,
    0x41, 0x51, 0x9, 0xc0, 0x87, 0xff, 0x45, 0xbf,
    0x83, 0x3c, 0x8b, 0x83, 0x40, 0xf5, 0x60, 0xa0,
    0x61, 0xff, 0xd3, 0xc2, 0xc1, 0x4, 0xe1, 0x90,
    0x3f, 0x44, 0x85, 0xc1, 0x9d, 0xc0,

    /* U+00E4 "ä" */
    0xa, 0xd0, 0x3a, 0x1c, 0x98, 0x23, 0xe, 0x98,
    0x13, 0x7, 0x30, 0x4c, 0x1f, 0xfc, 0x76, 0xfd,
    0x7, 0x72, 0x19, 0xd0, 0x95, 0x7d, 0x2, 0xa,
    0x88, 0x4e, 0x4, 0x3f, 0xfa, 0x2d, 0xfc, 0x19,
    0xe4, 0x5c, 0x1a, 0x7, 0xab, 0x5, 0x3, 0xf,
    0xfe, 0x9e, 0x16, 0x8, 0x27, 0xc, 0x81, 0xfa,
    0x24, 0x2e, 0xc, 0xee, 0x0,

    /* U+00E5 "å" */
    0xf, 0xfe, 0x35, 0xe8, 0x3f, 0x6d, 0x18, 0x3f,
    0x4b, 0x83, 0xff, 0x93, 0xb, 0x7, 0xd9, 0xc4,
    0x1f, 0xbf, 0x7, 0xff, 0x21, 0xbf, 0x41, 0xdc,
    0x86, 0x74, 0x25, 0x5f, 0x40, 0x82, 0xa2, 0x13,
    0x81, 0xf, 0xfe, 0x8b, 0x7f, 0x6, 0x79, 0x17,
    0x6, 0x81, 0xea, 0xc1, 0x40, 0xc3, 0xff, 0xa7,
    0x85, 0x82, 0x9, 0xc3, 0x20, 0x7e, 0x89, 0xb,
    0x83, 0x3b, 0x80,

    /* U+00E6 "æ" */
    0x9, 0xbf, 0x21, 0x3f, 0x90, 0xcf, 0x21, 0xa8,
    0x70, 0x6b, 0x9, 0x1f, 0xc8, 0xe0, 0xfa, 0x4,
    0x17, 0x6, 0x90, 0xb0, 0x98, 0x43, 0xfd, 0x81,
    0xe, 0x41, 0x7, 0xff, 0x3, 0xf, 0xfe, 0x5,
    0xfd, 0x2, 0xff, 0x1, 0x1d, 0xf, 0xfe, 0x2a,
    0x40, 0xbf, 0x40, 0xff, 0xea, 0x3, 0x43, 0xe4,
    0x3f, 0xf8, 0xd8, 0x30, 0xff, 0xe3, 0x20, 0x43,
    0xfb, 0x4, 0x15, 0x90, 0x34, 0x35, 0x8a, 0x1f,
    0x92, 0x70, 0x5f, 0x90, 0xa8, 0x19, 0xd0, 0x70,
    0x73, 0x0,

    /* U+00E7 "ç" */
    0xc, 0xdf, 0xa0, 0xdc, 0x86, 0x42, 0xc0, 0xfd,
    0x20, 0x81, 0xc1, 0x30, 0x11, 0xf, 0xc8, 0x30,
    0xff, 0x90, 0xff, 0xeb, 0xa1, 0xf9, 0x6, 0x1f,
    0xc8, 0x87, 0xf4, 0xd, 0x9, 0x82, 0xc1, 0x7d,
    0x28, 0x2e, 0xe, 0x90, 0xce, 0x3e, 0x43, 0xc8,
    0x7f, 0xf0, 0x15, 0x87, 0xe6, 0x48, 0x3f, 0xb0,
    0xfd, 0x58, 0xc3, 0xcb, 0xa4, 0x0,

    /* U+00E8 "è" */
    0x9, 0xa0, 0x7f, 0xcb, 0x61, 0xff, 0x40, 0x43,
    0xfc, 0xc4, 0x1f, 0xf3, 0x18, 0x7f, 0xcf, 0x83,
    0xff, 0x96, 0xfe, 0x83, 0xee, 0xc, 0xe8, 0x6c,
    0x17, 0xc9, 0x5, 0x3, 0x42, 0x81, 0x81, 0x10,
    0xf4, 0x1e, 0xc3, 0xf9, 0x40, 0xbf, 0xd0, 0x7f,
    0xf2, 0x3f, 0xfc, 0x84, 0x87, 0xf9, 0x6, 0x1f,
    0xf2, 0x28, 0x3f, 0xd0, 0x28, 0x19, 0xa0, 0x58,
    0x1f, 0xd2, 0x1d, 0xc8, 0x66, 0x80,

    /* U+00E9 "é" */
    0xf, 0xd4, 0x43, 0xfd, 0x28, 0x3f, 0xe4, 0x50,
    0x7f, 0x63, 0x7, 0xf4, 0x30, 0x7f, 0xae, 0xf,
    0xfe, 0x63, 0xfa, 0xf, 0xb8, 0x33, 0xa1, 0xb0,
    0x5f, 0x24, 0x14, 0xd, 0xa, 0x6, 0x4, 0x43,
    0xd0, 0x7b, 0xf, 0xe5, 0x2, 0xff, 0x41, 0xff,
    0xc8, 0xff, 0xf2, 0x12, 0x1f, 0xe4, 0x18, 0x7f,
    0xc8, 0xa0, 0xff, 0x40, 0xa0, 0x66, 0x81, 0x60,
    0x7f, 0x48, 0x77, 0x21, 0x9a, 0x0,

    /* U+00EA "ê" */
    0xf, 0x50, 0x3f, 0xed, 0x58, 0x7f, 0x41, 0xa0,
    0xfa, 0x4f, 0xc, 0x1c, 0xb6, 0xd, 0x50, 0x67,
    0x83, 0x5c, 0x1f, 0xfc, 0x87, 0xf4, 0x1f, 0x70,
    0x67, 0x43, 0x60, 0xbe, 0x48, 0x28, 0x1a, 0x14,
    0xc, 0x8, 0x87, 0xa0, 0xf6, 0x1f, 0xca, 0x5,
    0xfe, 0x83, 0xff, 0x91, 0xff, 0xe4, 0x24, 0x3f,
    0xc8, 0x30, 0xff, 0x91, 0x41, 0xfe, 0x81, 0x40,
    0xcd, 0x2, 0xc0, 0xfe, 0x90, 0xee, 0x43, 0x34,
    0x0,

    /* U+00EB "ë" */
    0xa, 0xd0, 0x3c, 0x1e, 0x4c, 0x18, 0x87, 0xa6,
    0x4, 0xc1, 0xe6, 0xd, 0x21, 0xff, 0xc9, 0x7f,
    0x41, 0xf7, 0x6, 0x74, 0x36, 0xb, 0xe4, 0x82,
    0x81, 0xa1, 0x40, 0xc0, 0x88, 0x7a, 0xf, 0x61,
    0xfc, 0xa0, 0x5f, 0xe8, 0x3f, 0xf9, 0x1f, 0xfe,
    0x42, 0x43, 0xfc, 0x83, 0xf, 0xf9, 0x14, 0x1f,
    0xe8, 0x14, 0xc, 0xd0, 0x2c, 0xf, 0xe9, 0xe,
    0xe4, 0x33, 0x40,

    /* U+00EC "ì" */
    0x3e, 0xd, 0x82, 0xd, 0x8a, 0xd, 0x10, 0x67,
    0x50, 0x74, 0x85, 0x78, 0x3f, 0xff, 0xe1, 0xff,
    0xcc,

    /* U+00ED "í" */
    0xa, 0xf2, 0x5, 0xa, 0x4, 0x30, 0x21, 0x82,
    0xe8, 0x19, 0x41, 0xd7, 0x83, 0xff, 0xfe, 0x1f,
    0xfc, 0xe0,

    /* U+00EE "î" */
    0xd, 0xf0, 0x7d, 0x5, 0x87, 0x49, 0x83, 0x9,
    0x46, 0x69, 0x5, 0x61, 0x50, 0x25, 0x7, 0x30,
    0x75, 0xe0, 0xff, 0xff, 0x87, 0xff, 0xfc, 0x3f,
    0x0,

    /* U+00EF "ï" */
    0x3c, 0x15, 0x88, 0x10, 0x22, 0xf0, 0x25, 0x14,
    0x9, 0x83, 0xff, 0x83, 0x78, 0x3f, 0xff, 0xe1,
    0xff, 0xea,

    /* U+00F0 "ð" */
    0xf, 0xfe, 0x3b, 0xa1, 0xa0, 0xfb, 0x28, 0x5b,
    0x7, 0xa8, 0x3a, 0x50, 0x3f, 0xf8, 0x12, 0x1f,
    0x70, 0xa2, 0x43, 0xfb, 0xa2, 0x41, 0xf7, 0x82,
    0x81, 0x7, 0xff, 0x2, 0x10, 0xf5, 0xfa, 0x41,
    0x4, 0xe8, 0x67, 0x2, 0x6, 0x5, 0xf4, 0x1e,
    0x81, 0xa1, 0x38, 0x48, 0x50, 0x7d, 0x4, 0x81,
    0xf, 0x90, 0xff, 0xea, 0x28, 0x8, 0x7c, 0x87,
    0xa0, 0xfa, 0x10, 0x60, 0xd0, 0x9c, 0x10, 0x50,
    0x2f, 0xa0, 0x61, 0x9e, 0xc, 0xd8, 0x40,

    /* U+00F1 "ñ" */
    0xb, 0xe8, 0x2e, 0xd, 0x84, 0xfc, 0x61, 0x25,
    0xe8, 0x29, 0x9, 0xd0, 0x3f, 0x21, 0xff, 0xc5,
    0xb4, 0x17, 0xe4, 0x3b, 0x74, 0x35, 0x86, 0x66,
    0xf8, 0x24, 0x3a, 0x42, 0xc1, 0x6, 0x83, 0xc8,
    0x79, 0xf, 0x61, 0xff, 0xff, 0xf, 0xff, 0x50,

    /* U+00F2 "ò" */
    0xd, 0x44, 0x3f, 0xf8, 0x2c, 0x87, 0xfd, 0x24,
    0x1f, 0xfc, 0x8, 0x10, 0x7f, 0xf0, 0x35, 0x83,
    0xff, 0x81, 0x68, 0x7f, 0xf3, 0x1b, 0xe9, 0xf,
    0xb9, 0x9, 0xb0, 0xec, 0x17, 0xd0, 0x30, 0xa0,
    0x68, 0x4e, 0x8, 0x8, 0x87, 0xc8, 0x88, 0x30,
    0xfb, 0xf, 0x21, 0xf2, 0x4, 0x3f, 0xfa, 0x48,
    0x10, 0xf9, 0x2, 0x16, 0x1f, 0x61, 0x91, 0xf,
    0x91, 0x4, 0xd, 0x9, 0xc1, 0x5, 0x82, 0xfa,
    0x6, 0x1d, 0xc8, 0x4d, 0x84,

    /* U+00F3 "ó" */
    0xf, 0xcd, 0x3, 0xff, 0x81, 0x28, 0x3f, 0xe8,
    0x18, 0x7f, 0x94, 0x61, 0xff, 0x46, 0x1f, 0xfc,
    0xf, 0x7, 0xff, 0x39, 0xbe, 0x90, 0xfb, 0x90,
    0x9b, 0xe, 0xc1, 0x7d, 0x3, 0xa, 0x6, 0x84,
    0xe0, 0x80, 0x88, 0x7c, 0x88, 0x83, 0xf, 0xb0,
    0xf2, 0x1f, 0x20, 0x43, 0xff, 0xa4, 0x81, 0xf,
    0x90, 0x21, 0x61, 0xf6, 0x19, 0x10, 0xf9, 0x10,
    0x40, 0xd0, 0x9c, 0x10, 0x58, 0x2f, 0xa0, 0x61,
    0xdc, 0x84, 0xd8, 0x40,

    /* U+00F4 "ô" */
    0xf, 0x32, 0x1f, 0xf3, 0x32, 0x1f, 0xcc, 0x24,
    0x87, 0xe8, 0xa8, 0x83, 0xec, 0xd1, 0x8c, 0x3d,
    0xe0, 0xcf, 0x83, 0xff, 0x94, 0xdf, 0x48, 0x7d,
    0xc8, 0x4d, 0x87, 0x60, 0xbe, 0x81, 0x85, 0x3,
    0x42, 0x70, 0x40, 0x44, 0x3e, 0x44, 0x41, 0x87,
    0xd8, 0x79, 0xf, 0x90, 0x21, 0xff, 0xd2, 0x40,
    0x87, 0xc8, 0x10, 0xb0, 0xfb, 0xc, 0x88, 0x7c,
    0x88, 0x20, 0x68, 0x4e, 0x8, 0x2c, 0x17, 0xd0,
    0x30, 0xee, 0x42, 0x6c, 0x20,

    /* U+00F5 "õ" */
    0x9, 0xfa, 0xb, 0x43, 0xa0, 0x9f, 0x84, 0x34,
    0x7c, 0x85, 0x7, 0x58, 0x57, 0xc8, 0x7f, 0xf2,
    0x9b, 0xe9, 0xf, 0xb9, 0x9, 0xb0, 0xec, 0x17,
    0xd0, 0x30, 0xa0, 0x68, 0x4e, 0x8, 0x8, 0x87,
    0xc8, 0x88, 0x30, 0xfb, 0xf, 0x21, 0xf2, 0x4,
    0x3f, 0xfa, 0x48, 0x10, 0xf9, 0x2, 0x16, 0x1f,
    0x61, 0x91, 0xf, 0x91, 0x4, 0xd, 0x9, 0xc1,
    0x5, 0x82, 0xfa, 0x6, 0x1d, 0xc8, 0x4d, 0x84,

    /* U+00F6 "ö" */
    0xd, 0xe0, 0xbc, 0x1f, 0x21, 0xf2, 0x1e, 0x54,
    0x12, 0xc1, 0xf4, 0x85, 0x40, 0xff, 0xe5, 0xb7,
    0xd2, 0x1f, 0x72, 0x13, 0x61, 0xd8, 0x2f, 0xa0,
    0x61, 0x40, 0xd0, 0x9c, 0x10, 0x11, 0xf, 0x91,
    0x10, 0x61, 0xf6, 0x1e, 0x43, 0xe4, 0x8, 0x7f,
    0xf4, 0x90, 0x21, 0xf2, 0x4, 0x2c, 0x3e, 0xc3,
    0x22, 0x1f, 0x22, 0x8, 0x1a, 0x13, 0x82, 0xb,
    0x5, 0xf4, 0xc, 0x3b, 0x90, 0x9b, 0x8,

    /* U+00F7 "÷" */
    0xf, 0x78, 0x3f, 0xe8, 0x8, 0x7f, 0xb0, 0xff,
    0xe0, 0xbe, 0x43, 0xff, 0xab, 0x7f, 0xff, 0x2,
    0xf, 0xfe, 0x15, 0xff, 0xfc, 0x8, 0x3f, 0xf8,
    0xef, 0x90, 0xff, 0x61, 0xff, 0xc1, 0x80, 0x87,
    0x0,

    /* U+00F8 "ø" */
    0xf, 0xfe, 0x2, 0x1e, 0x6f, 0xa5, 0x50, 0x37,
    0x21, 0x34, 0x20, 0xb0, 0x5f, 0x21, 0xe8, 0x1a,
    0x1f, 0x20, 0x44, 0x32, 0x84, 0x84, 0x18, 0x68,
    0xf0, 0x79, 0xb, 0x21, 0x2, 0x1e, 0x85, 0x7,
    0xf9, 0x44, 0x1e, 0x40, 0x91, 0x84, 0x81, 0xb,
    0xc4, 0x1b, 0xc, 0x88, 0xa0, 0xc8, 0x82, 0xf,
    0x9c, 0x10, 0x79, 0xfa, 0x6, 0x14, 0x32, 0x13,
    0x61, 0xaa, 0x6f, 0xa4, 0x30,

    /* U+00F9 "ù" */
    0x9, 0x90, 0xff, 0x99, 0xf, 0xe5, 0x10, 0x7f,
    0xa4, 0x83, 0xfd, 0x2c, 0x1f, 0xeb, 0x43, 0xff,
    0x8b, 0xe8, 0x3e, 0xbc, 0x1f, 0xff, 0xf0, 0xff,
    0xef, 0x22, 0x1f, 0x21, 0xff, 0x21, 0x40, 0xd0,
    0xa8, 0x19, 0x5, 0xf2, 0xa0, 0xa8, 0x84, 0xd1,
    0x0,

    /* U+00FA "ú" */
    0xf, 0x9a, 0x21, 0xfd, 0x2c, 0x1f, 0xa0, 0x61,
    0xfc, 0x90, 0x7f, 0x66, 0x87, 0xf7, 0x83, 0xff,
    0x8f, 0xe8, 0x3e, 0xbc, 0x1f, 0xff, 0xf0, 0xff,
    0xef, 0x22, 0x1f, 0x21, 0xff, 0x21, 0x40, 0xd0,
    0xa8, 0x19, 0x5, 0xf2, 0xa0, 0xa8, 0x84, 0xd1,
    0x0,

    /* U+00FB "û" */
    0xe, 0x64, 0x3f, 0x99, 0xa0, 0x7e, 0x84, 0x50,
    0x7b, 0x1a, 0x12, 0x1b, 0x28, 0x39, 0x6, 0xf2,
    0x1b, 0xc1, 0xff, 0xc3, 0xf4, 0x1f, 0x5e, 0xf,
    0xff, 0xf8, 0x7f, 0xf7, 0x91, 0xf, 0x90, 0xff,
    0x90, 0xa0, 0x68, 0x54, 0xc, 0x82, 0xf9, 0x50,
    0x54, 0x42, 0x68, 0x80,

    /* U+00FC "ü" */
    0xb, 0xc1, 0x5a, 0x19, 0x2, 0x4, 0xc3, 0x2e,
    0x4, 0xc1, 0xd4, 0x9, 0x83, 0xff, 0x89, 0xe8,
    0x3e, 0xbc, 0x1f, 0xff, 0xf0, 0xff, 0xef, 0x22,
    0x1f, 0x21, 0xff, 0x21, 0x40, 0xd0, 0xa8, 0x19,
    0x5, 0xf2, 0xa0, 0xa8, 0x84, 0xd1, 0x0,

    /* U+00FD "ý" */
    0xf, 0xcc, 0x87, 0xfd, 0x44, 0x3f, 0xf8, 0x9,
    0x21, 0xfe, 0xc9, 0xf, 0xf2, 0xb4, 0x3f, 0xe6,
    0xf, 0xdf, 0x7, 0xeb, 0xc4, 0x1f, 0xe4, 0x44,
    0x10, 0x79, 0x6, 0x4, 0x43, 0xd8, 0x10, 0x40,
    0x43, 0x91, 0xf, 0x61, 0x90, 0x41, 0xa1, 0xd,
    0x87, 0xc8, 0x10, 0x92, 0xf, 0x24, 0x4, 0x8,
    0x7a, 0xd, 0x88, 0x7f, 0xa1, 0x30, 0xfd, 0xa,
    0x2, 0x1f, 0x90, 0x62, 0x1f, 0xe4, 0x48, 0x3f,
    0xd0, 0x7f, 0xf1, 0x60, 0xff, 0x90, 0x21, 0xff,
    0x42, 0x1f, 0xf2, 0xc, 0x3f, 0xcc, 0x28, 0x3e,
    0xbd, 0x2, 0xf, 0xfe, 0x3, 0x87, 0xf0,

    /* U+00FE "þ" */
    0xbc, 0x1f, 0xff, 0xf0, 0xff, 0xaf, 0xa4, 0x3c,
    0xe8, 0x4d, 0x3, 0xa7, 0xe8, 0xa, 0xc, 0xc1,
    0x38, 0x20, 0xd0, 0x7a, 0x2, 0x1f, 0xe4, 0x18,
    0x7f, 0xfb, 0xd0, 0xf2, 0xc, 0x2c, 0x3d, 0x1,
    0x9, 0x83, 0x60, 0x82, 0x5b, 0xf0, 0x14, 0x13,
    0x44, 0x26, 0x81, 0xe6, 0xfa, 0x43, 0xff, 0xfe,
    0x1f, 0xfc, 0x0,

    /* U+00FF "ÿ" */
    0x9, 0xe0, 0x3c, 0x1f, 0x42, 0xc, 0x43, 0xe9,
    0x81, 0x30, 0x7c, 0xc8, 0x52, 0x1f, 0xfc, 0x7f,
    0x83, 0xf5, 0xe2, 0xf, 0xf2, 0x22, 0x8, 0x3c,
    0x83, 0x2, 0x21, 0xec, 0x8, 0x20, 0x21, 0xc8,
    0x87, 0xb0, 0xc8, 0x20, 0xd0, 0x86, 0xc3, 0xe4,
    0x8, 0x49, 0x7, 0x92, 0x2, 0x4, 0x3d, 0x6,
    0xc4, 0x3f, 0xd0, 0x98, 0x7e, 0x85, 0x1, 0xf,
    0xc8, 0x31, 0xf, 0xf2, 0x24, 0x1f, 0xe8, 0x3f,
    0xf8, 0xb0, 0x7f, 0xc8, 0x10, 0xff, 0xa1, 0xf,
    0xf9, 0x6, 0x1f, 0xe6, 0x14, 0x1f, 0x5e, 0x81,
    0x7, 0xff, 0x1, 0xc3, 0xf8,

    /* U+0100 "Ā" */
    0xc, 0xff, 0xe0, 0xff, 0xe7, 0xbf, 0xf8, 0x3f,
    0xfa, 0x4f, 0x90, 0xff, 0xe1, 0x40, 0xc3, 0xff,
    0x8a, 0x87, 0xff, 0x6, 0x10, 0x21, 0xff, 0xc0,
    0x4d, 0x20, 0xff, 0x90, 0x30, 0x7f, 0xf0, 0x71,
    0xd, 0x7, 0xf9, 0x30, 0x42, 0x1f, 0xd0, 0x10,
    0x20, 0x43, 0xf2, 0x21, 0xe8, 0x3e, 0x41, 0x6,
    0x83, 0xfb, 0xf, 0x90, 0x41, 0xe4, 0x1f, 0xe0,
    0x21, 0xc8, 0x7f, 0xf0, 0x10, 0xd0, 0xff, 0xe0,
    0x61, 0xec, 0x3f, 0x22, 0x14, 0x4, 0x3f, 0x40,
    0x40, 0x88, 0x7f, 0x92, 0x10, 0x41, 0xfe, 0xc0,
    0xc2, 0x1f, 0xf2, 0xc,

    /* U+0101 "ā" */
    0x3, 0xff, 0x83, 0xff, 0x8a, 0xff, 0xe0, 0xff,
    0xe3, 0x37, 0xe8, 0x3b, 0x90, 0xce, 0x84, 0xab,
    0xe8, 0x10, 0x54, 0x42, 0x70, 0x21, 0xff, 0xd1,
    0x6f, 0xe0, 0xcf, 0x22, 0xe0, 0xd0, 0x3d, 0x58,
    0x28, 0x18, 0x7f, 0xf4, 0xf0, 0xb0, 0x41, 0x38,
    0x64, 0xf, 0xd1, 0x21, 0x70, 0x67, 0x70, 0x0,

    /* U+0102 "Ă" */
    0xe, 0xe0, 0xd6, 0x1f, 0xe5, 0x7e, 0x50, 0x7f,
    0xa4, 0x35, 0x3, 0xfe, 0xbf, 0x21, 0xff, 0xd3,
    0x7c, 0x87, 0xff, 0xa, 0x6, 0x1f, 0xfc, 0x54,
    0x3f, 0xf8, 0x30, 0x81, 0xf, 0xfe, 0x2, 0x69,
    0x7, 0xfc, 0x81, 0x83, 0xff, 0x83, 0x88, 0x68,
    0x3f, 0xc9, 0x82, 0x10, 0xfe, 0x80, 0x81, 0x2,
    0x1f, 0x91, 0xf, 0x41, 0xf2, 0x8, 0x34, 0x1f,
    0xd8, 0x7c, 0x82, 0xf, 0x20, 0xff, 0x1, 0xe,
    0x43, 0xff, 0x80, 0x86, 0x87, 0xff, 0x3, 0xf,
    0x61, 0xf9, 0x10, 0xa0, 0x21, 0xfa, 0x2, 0x4,
    0x43, 0xfc, 0x90, 0x82, 0xf, 0xf6, 0x6, 0x10,
    0xff, 0x90, 0x60,

    /* U+0103 "ă" */
    0x3, 0xa1, 0x9c, 0x32, 0x41, 0xa0, 0xf4, 0x7e,
    0x20, 0xe6, 0xd, 0x21, 0xe7, 0xf2, 0x1f, 0xfc,
    0x76, 0xfd, 0x7, 0x72, 0x19, 0xd0, 0x95, 0x7d,
    0x2, 0xa, 0x88, 0x4e, 0x4, 0x3f, 0xfa, 0x2d,
    0xfc, 0x19, 0xe4, 0x5c, 0x1a, 0x7, 0xab, 0x5,
    0x3, 0xf, 0xfe, 0x9e, 0x16, 0x8, 0x27, 0xc,
    0x81, 0xfa, 0x24, 0x2e, 0xc, 0xee, 0x0,

    /* U+0104 "Ą" */
    0xf, 0x9f, 0x21, 0xff, 0xc2, 0x81, 0x87, 0xff,
    0x15, 0xf, 0xfe, 0xc, 0x20, 0x43, 0xff, 0x80,
    0x9a, 0x41, 0xff, 0x20, 0x60, 0xff, 0xe0, 0xe2,
    0x1a, 0xf, 0xf2, 0x60, 0x84, 0x3f, 0xa0, 0x20,
    0x40, 0x87, 0xe4, 0x43, 0xd0, 0x7c, 0x82, 0xd,
    0x7, 0xf6, 0x1f, 0x20, 0x83, 0xc8, 0x3f, 0xc0,
    0x43, 0x90, 0xff, 0xe0, 0x21, 0xa1, 0xff, 0xc0,
    0xc3, 0xd8, 0x7e, 0x44, 0x28, 0x8, 0x7e, 0x80,
    0x81, 0x10, 0xff, 0x24, 0x20, 0x83, 0xfd, 0x81,
    0x84, 0x3f, 0xe4, 0x1f, 0x41, 0xff, 0x23, 0x7,
    0xff, 0xa, 0x20, 0xff, 0xe1, 0x44, 0x1f, 0xfd,
    0x7a, 0x83, 0xff, 0x83, 0x22, 0x0,

    /* U+0105 "ą" */
    0x9, 0xbf, 0x41, 0xee, 0x43, 0x3a, 0x19, 0x57,
    0xd0, 0x20, 0xd4, 0x42, 0x70, 0x21, 0xff, 0xd4,
    0x6f, 0xe0, 0xe7, 0x91, 0x70, 0x74, 0xf, 0x56,
    0xd, 0x3, 0xf, 0xfe, 0xae, 0x1b, 0x4, 0x13,
    0x87, 0x20, 0x7e, 0x89, 0xd, 0xc1, 0x9d, 0xf,
    0x3f, 0xa0, 0x22, 0x1f, 0xec, 0xc3, 0xfc, 0x88,
    0x7f, 0xf3, 0x51, 0xf0, 0x7f, 0xb5, 0x80,

    /* U+0106 "Ć" */
    0xf, 0xf5, 0xe4, 0x3f, 0xe5, 0x12, 0x1f, 0xf4,
    0x48, 0x7f, 0xd9, 0x21, 0xff, 0xc0, 0xf2, 0x1f,
    0xfc, 0xf6, 0xfe, 0x90, 0xe7, 0x90, 0xe6, 0x81,
    0x50, 0xd, 0xea, 0x2, 0x2, 0x81, 0xc8, 0x15,
    0xe0, 0xa0, 0x61, 0xff, 0x20, 0x83, 0xff, 0x81,
    0x1, 0xf, 0xfe, 0x12, 0x1f, 0xfc, 0x3c, 0x3f,
    0xf8, 0x8, 0x7f, 0xf4, 0xd0, 0xff, 0xe3, 0x61,
    0xff, 0xc3, 0x43, 0xff, 0x82, 0x81, 0xf, 0xfe,
    0x4, 0x8, 0x3f, 0xf8, 0x28, 0x30, 0xff, 0xe0,
    0x48, 0x39, 0x2, 0xac, 0x34, 0x81, 0xbd, 0x44,
    0x3d, 0x68, 0x79, 0x80,

    /* U+0107 "ć" */
    0xf, 0xd4, 0x43, 0xf4, 0xa0, 0xfc, 0xa2, 0x43,
    0xe8, 0x50, 0x7d, 0x14, 0xf, 0xd6, 0x87, 0xff,
    0x21, 0xbf, 0x41, 0xb9, 0xc, 0x85, 0x81, 0xfa,
    0x41, 0x3, 0x82, 0x60, 0x22, 0x1f, 0x90, 0x61,
    0xff, 0x21, 0xff, 0xd7, 0x43, 0xf2, 0xc, 0x3f,
    0x91, 0xf, 0xe8, 0x1a, 0x13, 0x5, 0x82, 0xfa,
    0x50, 0x5c, 0x1d, 0x20,

    /* U+0108 "Ĉ" */
    0xf, 0xdf, 0x21, 0xff, 0x61, 0x41, 0xfe, 0x87,
    0x8c, 0x3f, 0x6d, 0x7, 0x30, 0xfb, 0xc8, 0x6f,
    0x7, 0xff, 0x31, 0xbf, 0xa4, 0x39, 0xe4, 0x39,
    0xa0, 0x54, 0x3, 0x7a, 0x80, 0x80, 0xa0, 0x72,
    0x5, 0x78, 0x28, 0x18, 0x7f, 0xc8, 0x20, 0xff,
    0xe0, 0x40, 0x43, 0xff, 0x84, 0x87, 0xff, 0xf,
    0xf, 0xfe, 0x2, 0x1f, 0xfd, 0x34, 0x3f, 0xf8,
    0xd8, 0x7f, 0xf0, 0xd0, 0xff, 0xe0, 0xa0, 0x43,
    0xff, 0x81, 0x2, 0xf, 0xfe, 0xa, 0xc, 0x3f,
    0xf8, 0x12, 0xe, 0x40, 0xab, 0xd, 0x20, 0x6f,
    0x51, 0xf, 0x5a, 0x1e, 0x60,

    /* U+0109 "ĉ" */
    0xf, 0x50, 0x3f, 0xb5, 0x61, 0xf6, 0x1a, 0xe,
    0x81, 0xe1, 0x82, 0x95, 0x83, 0x54, 0xb, 0x83,
    0x5c, 0x1f, 0xfc, 0x46, 0xfd, 0x6, 0xe4, 0x32,
    0x16, 0x7, 0xe9, 0x4, 0xe, 0x9, 0x80, 0x88,
    0x7e, 0x41, 0x87, 0xfc, 0x87, 0xff, 0x5d, 0xf,
    0xc8, 0x30, 0xfe, 0x44, 0x3f, 0xa0, 0x68, 0x4c,
    0x16, 0xb, 0xe9, 0x41, 0x70, 0x74, 0x80,

    /* U+010A "Ċ" */
    0xf, 0xfe, 0x63, 0xe0, 0xff, 0xe0, 0xe1, 0xff,
    0xc3, 0xc4, 0x3f, 0xf8, 0x2f, 0x7, 0xff, 0x3d,
    0xbf, 0xa4, 0x39, 0xe4, 0x39, 0xa0, 0x54, 0x3,
    0x7a, 0x80, 0x80, 0xa0, 0x72, 0x5, 0x78, 0x28,
    0x18, 0x7f, 0xc8, 0x20, 0xff, 0xe0, 0x40, 0x43,
    0xff, 0x84, 0x87, 0xff, 0xf, 0xf, 0xfe, 0x2,
    0x1f, 0xfd, 0x34, 0x3f, 0xf8, 0xd8, 0x7f, 0xf0,
    0xd0, 0xff, 0xe0, 0xa0, 0x43, 0xff, 0x81, 0x2,
    0xf, 0xfe, 0xa, 0xc, 0x3f, 0xf8, 0x12, 0xe,
    0x40, 0xab, 0xd, 0x20, 0x6f, 0x51, 0xf, 0x5a,
    0x1e, 0x60,

    /* U+010B "ċ" */
    0xf, 0x78, 0x3f, 0x90, 0x21, 0xf9, 0x2, 0x1f,
    0xde, 0xf, 0xfe, 0xa3, 0x7e, 0x83, 0x72, 0x19,
    0xb, 0x3, 0xf4, 0x82, 0x7, 0x4, 0xc0, 0x44,
    0x3f, 0x20, 0xc3, 0xfe, 0x43, 0xff, 0xae, 0x87,
    0xe4, 0x18, 0x7f, 0x22, 0x1f, 0xd0, 0x34, 0x26,
    0xb, 0x5, 0xf4, 0xa0, 0xb8, 0x3a, 0x40,

    /* U+010C "Č" */
    0xe, 0xf2, 0x1b, 0xc1, 0xf6, 0x50, 0x73, 0xf,
    0xd8, 0xf1, 0x87, 0xfb, 0xb, 0xf, 0xfe, 0x7,
    0xc1, 0xff, 0xcf, 0x6f, 0xe9, 0xe, 0x79, 0xe,
    0x68, 0x15, 0x0, 0xde, 0xa0, 0x20, 0x28, 0x1c,
    0x81, 0x5e, 0xa, 0x6, 0x1f, 0xf2, 0x8, 0x3f,
    0xf8, 0x10, 0x10, 0xff, 0xe1, 0x21, 0xff, 0xc3,
    0xc3, 0xff, 0x80, 0x87, 0xff, 0x4d, 0xf, 0xfe,
    0x36, 0x1f, 0xfc, 0x34, 0x3f, 0xf8, 0x28, 0x10,
    0xff, 0xe0, 0x40, 0x83, 0xff, 0x82, 0x83, 0xf,
    0xfe, 0x4, 0x83, 0x90, 0x2a, 0xc3, 0x48, 0x1b,
    0xd4, 0x43, 0xd6, 0x87, 0x98,

    /* U+010D "č" */
    0x2, 0x83, 0xd2, 0x6, 0xd0, 0x3a, 0x82, 0x89,
    0x51, 0x86, 0x62, 0x84, 0x1e, 0x50, 0x24, 0x3e,
    0xbc, 0x87, 0xff, 0x1d, 0xbf, 0x41, 0xb9, 0xc,
    0x85, 0x81, 0xfa, 0x41, 0x3, 0x82, 0x60, 0x22,
    0x1f, 0x90, 0x61, 0xff, 0x21, 0xff, 0xd7, 0x43,
    0xf2, 0xc, 0x3f, 0x91, 0xf, 0xe8, 0x1a, 0x13,
    0x5, 0x82, 0xfa, 0x50, 0x5c, 0x1d, 0x20,

    /* U+010E "Ď" */
    0x9, 0xe0, 0xd7, 0x7, 0xcb, 0x60, 0x95, 0x7,
    0xe9, 0x3c, 0x90, 0x7f, 0xa0, 0xd8, 0x7f, 0xf0,
    0x35, 0x61, 0xff, 0xc2, 0xa0, 0x7e, 0x7f, 0xf4,
    0x87, 0xff, 0xd, 0xb8, 0x3e, 0xbf, 0x48, 0x1c,
    0x3c, 0x86, 0x6d, 0x6, 0x1f, 0xfc, 0x1a, 0x2,
    0xf, 0xfe, 0xa, 0x4, 0x3f, 0xf8, 0x50, 0x10,
    0xff, 0xe0, 0xa0, 0xc3, 0xff, 0xfe, 0x1f, 0xd8,
    0x7f, 0xf0, 0x50, 0x21, 0xff, 0xc1, 0x83, 0xff,
    0x87, 0x2, 0xf, 0xfe, 0x4, 0x8a, 0xc, 0x86,
    0x6d, 0x4, 0x1d, 0x7e, 0x90, 0x58, 0x7f, 0xf0,
    0x1b, 0x43, 0x0,

    /* U+010F "ď" */
    0xf, 0xfa, 0xf0, 0xf8, 0x3f, 0xfa, 0xf9, 0x7,
    0xff, 0x11, 0x10, 0xff, 0xe2, 0x58, 0x7f, 0xf1,
    0x50, 0xfa, 0xfc, 0x87, 0xfc, 0xe8, 0x6a, 0x7,
    0xfa, 0x5, 0xf2, 0xc1, 0xfa, 0x6, 0x85, 0x21,
    0xfc, 0x88, 0x7a, 0xf, 0xc8, 0x30, 0xff, 0xe3,
    0x21, 0xf2, 0x1f, 0xfe, 0x44, 0x3f, 0xf8, 0x68,
    0x30, 0xf9, 0xf, 0xc8, 0x87, 0x90, 0xfe, 0x81,
    0xa1, 0x50, 0x3f, 0xd0, 0x2f, 0x95, 0x7, 0xf3,
    0xa1, 0x34, 0x43, 0xe0,

    /* U+0110 "Đ" */
    0xb, 0xff, 0x48, 0x7f, 0xf1, 0x5b, 0x83, 0xfa,
    0xfd, 0x20, 0x70, 0xff, 0xe0, 0xb6, 0x83, 0xf,
    0xfe, 0x1c, 0x82, 0xf, 0xfe, 0x1c, 0x4, 0x3f,
    0xf8, 0x90, 0x10, 0xff, 0xe1, 0xa0, 0xc3, 0xff,
    0x91, 0xe0, 0x5f, 0x90, 0xff, 0xe8, 0x78, 0xf,
    0xe4, 0x3f, 0xf8, 0x38, 0x7f, 0xf0, 0x30, 0xff,
    0xe1, 0xa0, 0x43, 0xff, 0x87, 0x7, 0xff, 0x16,
    0x4, 0x1f, 0xfc, 0x29, 0x14, 0x1f, 0xf3, 0x68,
    0x20, 0xfa, 0xfd, 0x20, 0xb0, 0xff, 0xe1, 0x36,
    0x86,

    /* U+0111 "đ" */
    0xf, 0xfa, 0xf0, 0x7f, 0xf2, 0xdf, 0xe4, 0x1e,
    0xe, 0xc3, 0xff, 0x87, 0x7f, 0x20, 0xf0, 0x7f,
    0xf2, 0x2f, 0xc8, 0x7e, 0x74, 0x35, 0x3, 0xe8,
    0x17, 0xcb, 0x7, 0x40, 0xd0, 0xa4, 0x3c, 0x88,
    0x7a, 0xe, 0x41, 0x87, 0xff, 0xd, 0xf, 0x90,
    0xff, 0xed, 0xa1, 0xff, 0xc0, 0x41, 0x87, 0xc8,
    0x72, 0x21, 0xe4, 0x3d, 0x3, 0x42, 0xa0, 0x7d,
    0x2, 0xf9, 0x50, 0x79, 0xd0, 0x9a, 0x7, 0x0,

    /* U+0112 "Ē" */
    0x5, 0xff, 0x41, 0xff, 0xc3, 0xbf, 0xe8, 0x3f,
    0xf8, 0x2f, 0xff, 0xc1, 0xff, 0xc3, 0xbf, 0xf0,
    0x48, 0x7f, 0xfb, 0xd0, 0xff, 0xaf, 0xf9, 0xf,
    0xfe, 0x1f, 0xfe, 0x43, 0xff, 0xe6, 0x87, 0xfd,
    0x7f, 0xe0, 0xff, 0xe0, 0x0,

    /* U+0113 "ē" */
    0xb, 0xff, 0x7, 0xff, 0x23, 0xff, 0x7, 0xff,
    0x25, 0xfd, 0x7, 0xdc, 0x19, 0xd0, 0xd8, 0x2f,
    0x92, 0xa, 0x6, 0x85, 0x3, 0x2, 0x21, 0xe8,
    0x3d, 0x87, 0xf2, 0x81, 0x7f, 0xa0, 0xff, 0xe4,
    0x7f, 0xf9, 0x9, 0xf, 0xf2, 0xc, 0x3f, 0xe4,
    0x50, 0x7f, 0xa0, 0x50, 0x33, 0x40, 0xb0, 0x3f,
    0xa4, 0x3b, 0x90, 0xcd, 0x0,

    /* U+0114 "Ĕ" */
    0x5, 0xa1, 0xbc, 0x14, 0x5f, 0x88, 0x36, 0x84,
    0xc8, 0x75, 0xf4, 0x87, 0xff, 0x9, 0xff, 0xf8,
    0x3f, 0xf8, 0x77, 0xfe, 0x9, 0xf, 0xff, 0x7a,
    0x1f, 0xf5, 0xff, 0x21, 0xff, 0xc3, 0xff, 0xc8,
    0x7f, 0xfc, 0xd0, 0xff, 0xaf, 0xfc, 0x1f, 0xfc,
    0x0,

    /* U+0115 "ĕ" */
    0xb, 0x43, 0xb4, 0x3d, 0x6, 0xc4, 0x3a, 0x3f,
    0x10, 0x79, 0x83, 0x48, 0x7c, 0xfe, 0x43, 0xff,
    0x94, 0xfe, 0x83, 0xee, 0xc, 0xe8, 0x6c, 0x17,
    0xc9, 0x5, 0x3, 0x42, 0x81, 0x81, 0x10, 0xf4,
    0x1e, 0xc3, 0xf9, 0x40, 0xbf, 0xd0, 0x7f, 0xf2,
    0x3f, 0xfc, 0x84, 0x87, 0xf9, 0x6, 0x1f, 0xf2,
    0x28, 0x3f, 0xd0, 0x28, 0x19, 0xa0, 0x58, 0x1f,
    0xd2, 0x1d, 0xc8, 0x66, 0x80,

    /* U+0116 "Ė" */
    0xf, 0xfe, 0x2b, 0xc1, 0xfd, 0x8, 0x7f, 0x42,
    0x1f, 0xcf, 0x7, 0xff, 0x11, 0xff, 0xf8, 0x3f,
    0xf8, 0x77, 0xfe, 0x9, 0xf, 0xff, 0x7a, 0x1f,
    0xf5, 0xff, 0x21, 0xff, 0xc3, 0xff, 0xc8, 0x7f,
    0xfc, 0xd0, 0xff, 0xaf, 0xfc, 0x1f, 0xfc, 0x0,

    /* U+0117 "ė" */
    0xf, 0x78, 0x3f, 0xe4, 0x8, 0x7f, 0x90, 0x21,
    0xff, 0x78, 0x3f, 0xfb, 0x4f, 0xe8, 0x3e, 0xe0,
    0xce, 0x86, 0xc1, 0x7c, 0x90, 0x50, 0x34, 0x28,
    0x18, 0x11, 0xf, 0x41, 0xec, 0x3f, 0x94, 0xb,
    0xfd, 0x7, 0xff, 0x23, 0xff, 0xc8, 0x48, 0x7f,
    0x90, 0x61, 0xff, 0x22, 0x83, 0xfd, 0x2, 0x81,
    0x9a, 0x5, 0x81, 0xfd, 0x21, 0xdc, 0x86, 0x68,
    0x0,

    /* U+0118 "Ę" */
    0x7f, 0xfe, 0xf, 0xfe, 0x1d, 0xff, 0x82, 0x43,
    0xff, 0xde, 0x87, 0xfd, 0x7f, 0xc8, 0x7f, 0xf0,
    0xff, 0xf2, 0x1f, 0xff, 0x34, 0x3f, 0xeb, 0xff,
    0x7, 0xff, 0x1, 0xff, 0xa1, 0xc3, 0xf4, 0xc1,
    0xfa, 0x30, 0xfe, 0x44, 0x3f, 0x93, 0xa0, 0x7d,
    0x22, 0x0,

    /* U+0119 "ę" */
    0xc, 0xfe, 0x83, 0xee, 0xc, 0xe8, 0x6c, 0x17,
    0xc9, 0x5, 0x3, 0x42, 0x81, 0x81, 0x10, 0xf4,
    0x1e, 0xc3, 0xf9, 0x40, 0xbf, 0xd0, 0x7f, 0xf2,
    0x3f, 0xfc, 0x84, 0x87, 0xf9, 0x6, 0x1f, 0xf2,
    0x28, 0x3f, 0xd0, 0x28, 0x19, 0xa0, 0x58, 0x1f,
    0xd2, 0x1d, 0xc8, 0x7a, 0xe, 0x6f, 0x81, 0x87,
    0xfa, 0x30, 0xff, 0x90, 0xff, 0xe7, 0xa7, 0xa0,
    0xfe, 0xa2, 0xa0,

    /* U+011A "Ě" */
    0x7, 0x83, 0xbc, 0x16, 0x68, 0xe6, 0x1a, 0x2a,
    0x20, 0xe6, 0x12, 0x43, 0xcc, 0xc8, 0x7e, 0x64,
    0x33, 0xff, 0xf0, 0x7f, 0xf0, 0xef, 0xfc, 0x12,
    0x1f, 0xfe, 0xf4, 0x3f, 0xeb, 0xfe, 0x43, 0xff,
    0x87, 0xff, 0x90, 0xff, 0xf9, 0xa1, 0xff, 0x5f,
    0xf8, 0x3f, 0xf8, 0x0,

    /* U+011B "ě" */
    0x2, 0x83, 0xd2, 0x19, 0xb4, 0xe, 0xa0, 0xe8,
    0x95, 0x18, 0x79, 0x8a, 0x10, 0x7e, 0x50, 0x14,
    0x1f, 0xd7, 0xa0, 0xff, 0xe5, 0xbf, 0xa0, 0xfb,
    0x83, 0x3a, 0x1b, 0x5, 0xf2, 0x41, 0x40, 0xd0,
    0xa0, 0x60, 0x44, 0x3d, 0x7, 0xb0, 0xfe, 0x50,
    0x2f, 0xf4, 0x1f, 0xfc, 0x8f, 0xff, 0x21, 0x21,
    0xfe, 0x41, 0x87, 0xfc, 0x8a, 0xf, 0xf4, 0xa,
    0x6, 0x68, 0x16, 0x7, 0xf4, 0x87, 0x72, 0x19,
    0xa0,

    /* U+011C "Ĝ" */
    0xf, 0xcf, 0xc1, 0xff, 0xc2, 0x82, 0xc3, 0xff,
    0x81, 0x96, 0x98, 0x7f, 0xb3, 0x4a, 0x18, 0x7f,
    0x78, 0x33, 0xe0, 0xff, 0xe8, 0x5f, 0xe9, 0xf,
    0xad, 0xf, 0x36, 0x19, 0xd0, 0x53, 0xd4, 0x48,
    0x34, 0xb, 0x50, 0x15, 0x68, 0x58, 0x34, 0x3f,
    0xf8, 0x8, 0x20, 0xff, 0xe1, 0x40, 0x43, 0xff,
    0x88, 0x87, 0xff, 0x17, 0xf, 0xfe, 0x12, 0x1f,
    0xd7, 0xf9, 0xf, 0xfe, 0x32, 0x1f, 0xd7, 0xd0,
    0x7b, 0xf, 0xf2, 0x1e, 0x43, 0xff, 0x86, 0x81,
    0xf, 0xfe, 0x14, 0x8, 0x3f, 0xf8, 0x70, 0x30,
    0xff, 0xe1, 0x28, 0x1c, 0x86, 0x60, 0xf5, 0x0,
    0xdf, 0xa4, 0x3e, 0x79, 0xf, 0x36, 0x80,

    /* U+011D "ĝ" */
    0xf, 0x32, 0x1f, 0xea, 0x32, 0x1f, 0xa4, 0x89,
    0xf, 0x4a, 0xdc, 0x90, 0xf5, 0x2, 0xe0, 0xf4,
    0x87, 0x28, 0x3d, 0x7d, 0x20, 0xf0, 0x1d, 0x9,
    0xa2, 0x1a, 0x5, 0xf2, 0xa0, 0xa0, 0x68, 0x52,
    0x19, 0x10, 0xf4, 0x12, 0xc, 0x3e, 0x43, 0x90,
    0xff, 0xee, 0xa1, 0xfe, 0x41, 0x87, 0xc8, 0x48,
    0x87, 0x90, 0xd0, 0x34, 0x26, 0xe, 0x81, 0x7d,
    0x28, 0x33, 0xa1, 0xa8, 0x1f, 0x5f, 0x90, 0xff,
    0xe8, 0xa2, 0x1f, 0xe8, 0x18, 0xf2, 0x1a, 0x40,
    0x84, 0xdf, 0x90, 0x60, 0x64, 0x39, 0xb0, 0x0,

    /* U+011E "Ğ" */
    0xf, 0x28, 0x39, 0x41, 0xfd, 0xc8, 0x4d, 0x87,
    0xf4, 0x5f, 0x44, 0x1f, 0xed, 0x9, 0xc3, 0xff,
    0x81, 0x7d, 0x7, 0xff, 0x4a, 0xff, 0x48, 0x7d,
    0x68, 0x79, 0xb0, 0xce, 0x82, 0x9e, 0xa2, 0x41,
    0xa0, 0x5a, 0x80, 0xab, 0x42, 0xc1, 0xa1, 0xff,
    0xc0, 0x41, 0x7, 0xff, 0xa, 0x2, 0x1f, 0xfc,
    0x44, 0x3f, 0xf8, 0xb8, 0x7f, 0xf0, 0x90, 0xfe,
    0xbf, 0xc8, 0x7f, 0xf1, 0x90, 0xfe, 0xbe, 0x83,
    0xd8, 0x7f, 0x90, 0xf2, 0x1f, 0xfc, 0x34, 0x8,
    0x7f, 0xf0, 0xa0, 0x41, 0xff, 0xc3, 0x81, 0x87,
    0xff, 0x9, 0x40, 0xe4, 0x33, 0x7, 0xa8, 0x6,
    0xfd, 0x21, 0xf3, 0xc8, 0x79, 0xb4,

    /* U+011F "ğ" */
    0xb, 0x83, 0xb8, 0x39, 0x41, 0xff, 0xc0, 0xc8,
    0x28, 0x83, 0x91, 0xf9, 0x41, 0xf6, 0x85, 0x40,
    0xfd, 0x7c, 0x87, 0xeb, 0xe9, 0x7, 0x80, 0xe8,
    0x4d, 0x10, 0xd0, 0x2f, 0x95, 0x5, 0x3, 0x42,
    0x90, 0xc8, 0x87, 0xa0, 0x90, 0x61, 0xf2, 0x1c,
    0x87, 0xff, 0x75, 0xf, 0xf2, 0xc, 0x3e, 0x42,
    0x44, 0x3c, 0x86, 0x81, 0xa1, 0x30, 0x74, 0xb,
    0xe9, 0x41, 0x9d, 0xd, 0x40, 0xfa, 0xfc, 0x87,
    0xff, 0x45, 0x10, 0xff, 0x40, 0xc7, 0x90, 0xd2,
    0x4, 0x26, 0xfc, 0x83, 0x3, 0x21, 0xcd, 0x80,

    /* U+0120 "Ġ" */
    0xf, 0xfe, 0x7d, 0xc1, 0xff, 0xc3, 0x44, 0x3f,
    0xf8, 0x69, 0x7, 0xff, 0xe, 0xd0, 0xff, 0xe9,
    0xdf, 0xe9, 0xf, 0xad, 0xf, 0x36, 0x19, 0xd0,
    0x53, 0xd4, 0x48, 0x34, 0xb, 0x50, 0x15, 0x68,
    0x58, 0x34, 0x3f, 0xf8, 0x8, 0x20, 0xff, 0xe1,
    0x40, 0x43, 0xff, 0x88, 0x87, 0xff, 0x17, 0xf,
    0xfe, 0x12, 0x1f, 0xd7, 0xf9, 0xf, 0xfe, 0x32,
    0x1f, 0xd7, 0xd0, 0x7b, 0xf, 0xf2, 0x1e, 0x43,
    0xff, 0x86, 0x81, 0xf, 0xfe, 0x14, 0x8, 0x3f,
    0xf8, 0x70, 0x30, 0xff, 0xe1, 0x28, 0x1c, 0x86,
    0x60, 0xf5, 0x0, 0xdf, 0xa4, 0x3e, 0x79, 0xf,
    0x36, 0x80,

    /* U+0121 "ġ" */
    0xf, 0x5a, 0x1f, 0xf2, 0x41, 0xff, 0x24, 0x1f,
    0xf5, 0xa1, 0xff, 0xd9, 0xbe, 0x90, 0x78, 0xe,
    0x84, 0xd1, 0xd, 0x2, 0xf9, 0x50, 0x50, 0x34,
    0x29, 0xc, 0x88, 0x7a, 0x9, 0x6, 0x1f, 0x21,
    0xc8, 0x7f, 0xf7, 0x50, 0xff, 0x20, 0xc3, 0xe4,
    0x24, 0x43, 0xc8, 0x68, 0x1a, 0x13, 0x7, 0x40,
    0xbe, 0x94, 0x19, 0xd0, 0xd4, 0xf, 0xaf, 0xc8,
    0x7f, 0xf4, 0x51, 0xf, 0xf4, 0xc, 0x79, 0xd,
    0x20, 0x42, 0x6f, 0xc8, 0x30, 0x32, 0x1c, 0xd8,
    0x0,

    /* U+0122 "Ģ" */
    0xf, 0xaf, 0xf4, 0x87, 0xd6, 0x87, 0x9b, 0xc,
    0xe8, 0x29, 0xea, 0x24, 0x1a, 0x5, 0xa8, 0xa,
    0xb4, 0x2c, 0x1a, 0x1f, 0xfc, 0x4, 0x10, 0x7f,
    0xf0, 0xa0, 0x21, 0xff, 0xc4, 0x43, 0xff, 0x8b,
    0x87, 0xff, 0x9, 0xf, 0xeb, 0xfc, 0x87, 0xff,
    0x19, 0xf, 0xeb, 0xe8, 0x3d, 0x87, 0xf9, 0xf,
    0x21, 0xff, 0xc3, 0x40, 0x87, 0xff, 0xa, 0x4,
    0x1f, 0xfc, 0x38, 0x18, 0x7f, 0xf0, 0x94, 0xe,
    0x43, 0x30, 0x7a, 0x80, 0x6f, 0xd2, 0x1f, 0x3c,
    0x87, 0x9b, 0x43, 0xcd, 0xfe, 0x90, 0xff, 0xe0,
    0x28, 0x3f, 0xf8, 0x75, 0x7, 0xff, 0xd, 0x20,
    0xff, 0xe2, 0xa1, 0xff, 0xc2, 0x4c, 0x3e,

    /* U+0123 "ģ" */
    0xf, 0xc8, 0x7f, 0xf0, 0x38, 0x3f, 0xe4, 0x43,
    0xfe, 0x8c, 0x3f, 0xc8, 0x10, 0xff, 0x3e, 0xf,
    0xf5, 0xf4, 0x83, 0xc0, 0x74, 0x26, 0x88, 0x68,
    0x17, 0xca, 0x82, 0x81, 0xa1, 0x48, 0x64, 0x43,
    0xd0, 0x48, 0x30, 0xf9, 0xe, 0x43, 0xff, 0xba,
    0x87, 0xf9, 0x6, 0x1f, 0x21, 0x22, 0x1e, 0x43,
    0x40, 0xd0, 0x98, 0x3a, 0x5, 0xf4, 0xa0, 0xce,
    0x86, 0xa0, 0x7d, 0x7e, 0x43, 0xff, 0xa2, 0x88,
    0x7f, 0xa0, 0x63, 0xc8, 0x69, 0x2, 0x13, 0x7e,
    0x41, 0x81, 0x90, 0xe6, 0xc0,

    /* U+0124 "Ĥ" */
    0xf, 0xbe, 0xf, 0xfe, 0x6, 0x14, 0x1f, 0xe8,
    0x18, 0xc1, 0xfa, 0x56, 0x63, 0x7, 0xea, 0x5,
    0xd8, 0x7d, 0x21, 0xca, 0x9, 0xf0, 0x7f, 0xaf,
    0x7, 0xff, 0xfc, 0x3f, 0xfb, 0x88, 0x7f, 0xf0,
    0xef, 0xfe, 0x43, 0xff, 0x93, 0xff, 0xe4, 0x3f,
    0xff, 0xe1, 0xff, 0xeb,

    /* U+0125 "ĥ" */
    0xd, 0xf2, 0x1f, 0xfc, 0x1c, 0x28, 0x3f, 0xf8,
    0x10, 0xf1, 0x87, 0xfb, 0x68, 0x39, 0x87, 0xf7,
    0x90, 0xde, 0xf, 0xfe, 0x95, 0xe0, 0xff, 0xff,
    0x87, 0xff, 0x5e, 0xfc, 0x87, 0xf9, 0xd0, 0xd6,
    0x1f, 0xd3, 0x7c, 0x81, 0xf, 0xcc, 0x85, 0x2,
    0xf, 0xd8, 0x79, 0xf, 0xf2, 0x1e, 0xc3, 0xff,
    0xfe, 0x1f, 0xff, 0xf0, 0xff, 0xe1, 0x80,

    /* U+0126 "Ħ" */
    0x3, 0xe0, 0xff, 0x5e, 0xf, 0xff, 0xb7, 0xa0,
    0x7f, 0xf9, 0x7, 0xa0, 0xff, 0xe4, 0xfa, 0x7,
    0xff, 0x90, 0x7a, 0xf, 0xfe, 0x72, 0x1f, 0xfc,
    0x8b, 0xff, 0x90, 0xff, 0xe9, 0xff, 0xf9, 0xf,
    0xff, 0xf8, 0x7f, 0xff, 0xc3, 0xff, 0x96,

    /* U+0127 "ħ" */
    0x5, 0xe0, 0xff, 0xe7, 0xda, 0xf, 0xe8, 0x39,
    0xf, 0xe4, 0x3b, 0xc8, 0x3f, 0xc1, 0xff, 0xd0,
    0xbf, 0x21, 0xf9, 0xd0, 0xd4, 0xf, 0xa2, 0xf4,
    0x5, 0x7, 0xda, 0x7, 0x4, 0x1e, 0x83, 0xc8,
    0x7e, 0x43, 0xd8, 0x7f, 0xff, 0xc3, 0xff, 0xf8,

    /* U+0128 "Ĩ" */
    0x5, 0xe9, 0x7, 0x8d, 0x3, 0x78, 0x92, 0xf4,
    0x14, 0xad, 0x3, 0xf2, 0x1f, 0xfc, 0x2f, 0xf9,
    0xa, 0xe, 0x50, 0x4e, 0x83, 0x83, 0xff, 0xfe,
    0x1f, 0xff, 0xf0, 0xff, 0xe3, 0xba, 0xe, 0xd,
    0x7, 0x28,

    /* U+0129 "ĩ" */
    0x7, 0xd0, 0x5c, 0x61, 0x3f, 0x12, 0x7d, 0x5,
    0xe, 0x13, 0xf2, 0x1f, 0xfc, 0x4b, 0xc1, 0xff,
    0xff, 0xf, 0xff, 0xf8, 0x7e,

    /* U+012A "Ī" */
    0x7f, 0xf0, 0x7f, 0x3f, 0xf8, 0x3f, 0xdf, 0xf2,
    0x41, 0xca, 0x1d, 0x7, 0x7, 0xff, 0xfc, 0x3f,
    0xfe, 0x4e, 0x83, 0x81, 0x7, 0x28,

    /* U+012B "ī" */
    0xbf, 0xe8, 0x3f, 0x37, 0xfe, 0xf, 0xfe, 0x5,
    0xe0, 0xff, 0xff, 0x87, 0xff, 0xa8,

    /* U+012C "Ĭ" */
    0x74, 0x35, 0x89, 0x7e, 0x50, 0x34, 0x35, 0x2,
    0xbf, 0x21, 0xff, 0xc1, 0xff, 0x90, 0x41, 0xca,
    0x3, 0xa0, 0xe0, 0xff, 0xff, 0x87, 0xff, 0xfc,
    0x27, 0x41, 0xc1, 0x41, 0xca, 0x0,

    /* U+012D "ĭ" */
    0xb0, 0xeb, 0x32, 0x9, 0x61, 0x6f, 0xa2, 0x4,
    0x84, 0xe1, 0xaf, 0xa0, 0xff, 0xe2, 0x5e, 0xf,
    0xff, 0xf8, 0x7f, 0xfe, 0x40,

    /* U+012E "Į" */
    0xff, 0x98, 0x39, 0x6d, 0x7, 0x7, 0xff, 0xfc,
    0x3f, 0xfc, 0x4e, 0x83, 0x88, 0x39, 0x5f, 0x93,
    0x42, 0x98, 0x39, 0x10, 0xc8, 0x7c, 0x82, 0x81,
    0xa1, 0x40,

    /* U+012F "į" */
    0x3, 0xc1, 0x42, 0x14, 0x21, 0x3c, 0x1f, 0xfc,
    0x3b, 0xc1, 0xff, 0xff, 0xf, 0xfe, 0x16, 0x9,
    0x82, 0x44, 0x3f, 0xea, 0x24, 0x28,

    /* U+0130 "İ" */
    0xf, 0xf3, 0xe0, 0xec, 0x3e, 0xc3, 0xe7, 0xc1,
    0xff, 0x7f, 0xcc, 0x1c, 0xb6, 0x83, 0x83, 0xff,
    0xfe, 0x1f, 0xfe, 0x27, 0x41, 0xc4, 0x1c, 0xa0,

    /* U+0131 "ı" */
    0xbc, 0x1f, 0xfd, 0xe0,

    /* U+0132 "Ĳ" */
    0xff, 0x90, 0xbd, 0x40, 0xe5, 0x7, 0x9d, 0x7,
    0x7, 0xff, 0xfc, 0x3f, 0xff, 0xe1, 0xff, 0xf7,
    0x74, 0x1c, 0x1f, 0x41, 0xca, 0xf, 0x7f, 0xc8,
    0x7f, 0xf1, 0x10, 0x61, 0xfc, 0xc0, 0x43, 0xd7,
    0xa0, 0x41, 0xff, 0xc0, 0x90, 0xfa, 0xfc, 0x80,

    /* U+0133 "ĳ" */
    0x78, 0x3b, 0xc4, 0x21, 0xa0, 0x30, 0x86, 0xc0,
    0xae, 0xc, 0xf8, 0x3f, 0xf9, 0x77, 0x83, 0x3e,
    0xf, 0xff, 0xf8, 0x7f, 0xff, 0xc3, 0xaf, 0x7,
    0xff, 0x67, 0xf, 0xf2, 0x21, 0x9f, 0x81, 0x6,
    0x43, 0x40,

    /* U+0134 "Ĵ" */
    0xe, 0x68, 0x1f, 0xd2, 0xb0, 0xfb, 0xd, 0x7,
    0x43, 0xe1, 0x41, 0x4a, 0x81, 0xb2, 0xb, 0x83,
    0x5a, 0x1f, 0xfc, 0x57, 0xc1, 0xff, 0xff, 0xf,
    0xff, 0xf8, 0x7f, 0xff, 0xc3, 0xff, 0x81, 0x87,
    0xfc, 0x87, 0xc8, 0xc0, 0x83, 0xae, 0x45, 0x7,
    0xf5, 0x3, 0x80,

    /* U+0135 "ĵ" */
    0xc, 0xc8, 0x7c, 0xcd, 0x3, 0x98, 0x86, 0x9,
    0x8d, 0xd5, 0x5, 0x61, 0x50, 0x25, 0x7, 0x30,
    0x75, 0xe0, 0xff, 0xff, 0x87, 0xff, 0xfc, 0x3f,
    0xfc, 0x28, 0x7f, 0x20, 0x43, 0x5e, 0x81, 0x6,
    0xc2, 0x70, 0xe0,

    /* U+0136 "Ķ" */
    0x7c, 0x1f, 0x9f, 0x41, 0xff, 0x30, 0xc1, 0xff,
    0x43, 0x7, 0xfd, 0x82, 0xf, 0xfb, 0x6, 0x1f,
    0xf6, 0xc, 0x3f, 0xe8, 0x18, 0x7f, 0xd2, 0x61,
    0xff, 0x49, 0x7, 0xfd, 0x20, 0xc3, 0xfe, 0x42,
    0x50, 0x7f, 0xde, 0x4, 0x1f, 0xe8, 0x18, 0x30,
    0xfe, 0x42, 0x81, 0x7, 0xff, 0x1, 0x42, 0x83,
    0xff, 0x81, 0x2, 0xf, 0xfe, 0xe, 0xc, 0x3f,
    0xf8, 0x30, 0x20, 0xff, 0xe0, 0x28, 0x43, 0xff,
    0x83, 0x3, 0x1f, 0x7, 0xf7, 0xc1, 0xf9, 0x41,
    0xff, 0xc1, 0xa8, 0x3f, 0xf8, 0x29, 0x7, 0xff,
    0xd, 0xf, 0xfe, 0x2, 0x61, 0xf8,

    /* U+0137 "ķ" */
    0xbc, 0x1f, 0xff, 0xf0, 0xfe, 0xf8, 0x3f, 0xb0,
    0x61, 0xfb, 0x6, 0x1f, 0xb0, 0x61, 0xfb, 0x6,
    0x1f, 0xa0, 0x61, 0xf3, 0x24, 0x1f, 0x94, 0x8,
    0x3f, 0xd0, 0x30, 0xfd, 0xb0, 0x20, 0xfe, 0x50,
    0xa0, 0xfe, 0x81, 0x7, 0xfb, 0x6, 0x1f, 0xe8,
    0x10, 0x7f, 0x28, 0x55, 0xe0, 0xf5, 0xe4, 0x39,
    0x41, 0xfe, 0x68, 0x1f, 0xec, 0x43, 0xfc, 0x90,
    0x7f, 0xd0, 0x7c,

    /* U+0138 "ĸ" */
    0xbc, 0x1e, 0xf8, 0x3f, 0xb0, 0x61, 0xfb, 0x6,
    0x1f, 0xa0, 0x41, 0xfa, 0x49, 0xf, 0x94, 0x28,
    0x3f, 0x40, 0x83, 0xf6, 0x1f, 0xfc, 0x14, 0x18,
    0x7e, 0xa8, 0x10, 0x7c, 0x8a, 0x14, 0x1f, 0xd0,
    0x20, 0xff, 0x60, 0xc3, 0xfd, 0x2, 0xf, 0xe5,
    0xa,

    /* U+0139 "Ĺ" */
    0x3, 0xe8, 0x3f, 0x40, 0x83, 0xe8, 0x18, 0x7c,
    0xa3, 0xf, 0xeb, 0xf, 0xe5, 0x7, 0xf9, 0xf0,
    0x7f, 0xff, 0xc3, 0xff, 0xfe, 0x1f, 0xfe, 0xa4,
    0x3f, 0xeb, 0xff, 0x7, 0xff, 0x0,

    /* U+013A "ĺ" */
    0xa, 0xf2, 0x5, 0x12, 0x8, 0x90, 0x64, 0x85,
    0xe4, 0x3f, 0xeb, 0xc1, 0xff, 0xff, 0xf, 0xff,
    0xc0,

    /* U+013B "Ļ" */
    0x7c, 0x1f, 0xff, 0xf0, 0xff, 0xff, 0x87, 0xff,
    0xa9, 0xf, 0xfa, 0xff, 0xc1, 0xff, 0xc0, 0x7f,
    0xfe, 0xf, 0x28, 0x3f, 0x9a, 0x7, 0xf6, 0x21,
    0xfc, 0x90, 0x7e, 0x48, 0x38,

    /* U+013C "ļ" */
    0x2f, 0x7, 0xff, 0xfc, 0x3f, 0xf9, 0xf7, 0x82,
    0x50, 0x54, 0x2, 0x20, 0xc8, 0xa, 0x0,

    /* U+013D "Ľ" */
    0x7c, 0x1e, 0xbc, 0x1f, 0xf2, 0x1f, 0xc9, 0x7,
    0xfa, 0xf, 0xf4, 0x87, 0xf9, 0xf, 0xff, 0xf8,
    0x7f, 0xfc, 0x90, 0xff, 0xaf, 0xfc, 0x1f, 0xfc,
    0x0,

    /* U+013E "ľ" */
    0xbc, 0xf, 0x21, 0x90, 0x21, 0xe4, 0x3b, 0x20,
    0xef, 0x7, 0x90, 0xff, 0xff, 0x87, 0xff, 0x90,

    /* U+013F "Ŀ" */
    0x7c, 0x1f, 0xff, 0xf0, 0xff, 0xec, 0xbe, 0xf,
    0xec, 0x3f, 0xec, 0x43, 0xf9, 0xe0, 0xff, 0xf4,
    0xa1, 0xff, 0x5f, 0xf8, 0x3f, 0xf8, 0x0,

    /* U+0140 "ŀ" */
    0xbc, 0x1f, 0xff, 0x4b, 0x43, 0x24, 0x19, 0x20,
    0xd6, 0x87, 0xff, 0xb0,

    /* U+0141 "Ł" */
    0x3, 0xe0, 0xff, 0xff, 0x87, 0xff, 0x3a, 0x43,
    0xf9, 0x5b, 0x7, 0xf5, 0x7, 0xf, 0xfa, 0x81,
    0xe6, 0x3, 0xa1, 0xe6, 0xa, 0xf, 0xcb, 0x7,
    0xff, 0x2, 0xc3, 0xff, 0xc0, 0x87, 0xff, 0x6,
    0xff, 0xc1, 0xff, 0xc2,

    /* U+0142 "ł" */
    0xb, 0xd0, 0x7f, 0xff, 0x18, 0x3c, 0xc8, 0x7e,
    0x82, 0x82, 0xd0, 0x68, 0x10, 0xca, 0xf, 0xa8,
    0x1f, 0xff, 0x0,

    /* U+0143 "Ń" */
    0xf, 0xeb, 0xc8, 0x7f, 0xf0, 0x51, 0x41, 0xff,
    0xc0, 0xc6, 0xf, 0xfe, 0x4, 0x30, 0x7f, 0xf0,
    0x7a, 0x7, 0xff, 0x9, 0x41, 0xf9, 0xf8, 0x3f,
    0xde, 0x83, 0x41, 0xff, 0xc4, 0x50, 0x7f, 0xf1,
    0x20, 0xff, 0xe1, 0x40, 0x83, 0xff, 0x82, 0xa1,
    0xf, 0xfe, 0x14, 0xc, 0x3f, 0xf8, 0x50, 0x20,
    0xff, 0xe0, 0xa0, 0x43, 0xff, 0x85, 0x83, 0xf,
    0xfe, 0x14, 0x8, 0x3f, 0xf8, 0x28, 0x10, 0xff,
    0xe1, 0x60, 0xc3, 0xff, 0x84, 0x81, 0x10, 0xff,
    0xa0, 0x41, 0xff, 0xc2, 0x81, 0x87, 0xff, 0x5,
    0x40, 0x43, 0xff, 0x83, 0x7, 0xff, 0x16, 0xf,
    0xfe, 0x22, 0x82,

    /* U+0144 "ń" */
    0xf, 0xaf, 0x21, 0xfe, 0x45, 0x7, 0xf6, 0x30,
    0x7f, 0x43, 0x7, 0xfb, 0xa0, 0x7f, 0xca, 0xf,
    0xad, 0x5, 0xf9, 0xe, 0xdd, 0xd, 0x61, 0x99,
    0xbe, 0x9, 0xe, 0x90, 0xb0, 0x41, 0xa0, 0xf2,
    0x1e, 0x43, 0xd8, 0x7f, 0xff, 0xc3, 0xff, 0xd4,

    /* U+0145 "Ņ" */
    0x7e, 0xf, 0xf7, 0xa0, 0xd0, 0x7f, 0xf1, 0x14,
    0x1f, 0xfc, 0x48, 0x3f, 0xf8, 0x50, 0x20, 0xff,
    0xe0, 0xa8, 0x43, 0xff, 0x85, 0x3, 0xf, 0xfe,
    0x14, 0x8, 0x3f, 0xf8, 0x28, 0x10, 0xff, 0xe1,
    0x60, 0xc3, 0xff, 0x85, 0x2, 0xf, 0xfe, 0xa,
    0x4, 0x3f, 0xf8, 0x58, 0x30, 0xff, 0xe1, 0x20,
    0x44, 0x3f, 0xe8, 0x10, 0x7f, 0xf0, 0xa0, 0x61,
    0xff, 0xc1, 0x50, 0x10, 0xff, 0xe0, 0xc1, 0xff,
    0xc5, 0x83, 0xff, 0x88, 0xa0, 0x9f, 0x7, 0xfa,
    0xf4, 0x1f, 0x94, 0x1f, 0xfc, 0x3a, 0x7, 0xff,
    0x9, 0xf, 0xfe, 0x26, 0x61, 0xff, 0xc2, 0x50,
    0x7e,

    /* U+0146 "ņ" */
    0xb4, 0x17, 0xe4, 0x3b, 0x74, 0x35, 0x86, 0x66,
    0xf8, 0x24, 0x3a, 0x42, 0xc1, 0x6, 0x83, 0xc8,
    0x79, 0xf, 0x61, 0xff, 0xff, 0xf, 0xff, 0x55,
    0xe0, 0xf9, 0xf0, 0x7c, 0xa0, 0xff, 0xe0, 0x50,
    0x3f, 0xe4, 0x3f, 0xf8, 0x39, 0x87, 0xfc, 0xa0,
    0xf8,

    /* U+0147 "Ň" */
    0xd, 0xe4, 0x37, 0x83, 0xf6, 0x48, 0xe4, 0x1f,
    0xd9, 0x51, 0x21, 0xfe, 0x84, 0x50, 0x7f, 0xcc,
    0xd0, 0x3f, 0xf8, 0x2c, 0x87, 0xcf, 0xc1, 0xfe,
    0xf4, 0x1a, 0xf, 0xfe, 0x22, 0x83, 0xff, 0x89,
    0x7, 0xff, 0xa, 0x4, 0x1f, 0xfc, 0x15, 0x8,
    0x7f, 0xf0, 0xa0, 0x61, 0xff, 0xc2, 0x81, 0x7,
    0xff, 0x5, 0x2, 0x1f, 0xfc, 0x2c, 0x18, 0x7f,
    0xf0, 0xa0, 0x41, 0xff, 0xc1, 0x40, 0x87, 0xff,
    0xb, 0x6, 0x1f, 0xfc, 0x24, 0x8, 0x87, 0xfd,
    0x2, 0xf, 0xfe, 0x14, 0xc, 0x3f, 0xf8, 0x2a,
    0x2, 0x1f, 0xfc, 0x18, 0x3f, 0xf8, 0xb0, 0x7f,
    0xf1, 0x14, 0x10,

    /* U+0148 "ň" */
    0x7, 0x90, 0xde, 0xe, 0xc9, 0x1c, 0x83, 0xd9,
    0x51, 0x21, 0xf4, 0x22, 0x83, 0xf3, 0x34, 0xf,
    0xf3, 0x21, 0xeb, 0x41, 0x7e, 0x43, 0xb7, 0x43,
    0x58, 0x66, 0x6f, 0x82, 0x43, 0xa4, 0x2c, 0x10,
    0x68, 0x3c, 0x87, 0x90, 0xf6, 0x1f, 0xff, 0xf0,
    0xff, 0xf5, 0x0,

    /* U+0149 "ŉ" */
    0x2f, 0x7, 0xff, 0x9, 0xf, 0xfe, 0x32, 0x1f,
    0xfc, 0x48, 0x3f, 0xf8, 0x28, 0x7f, 0xf1, 0x32,
    0x2d, 0x1b, 0xf2, 0x12, 0x82, 0xe8, 0xb0, 0x2c,
    0xa0, 0x65, 0x5d, 0x38, 0x8, 0x7c, 0xa0, 0xc8,
    0x20, 0xfa, 0xf, 0x21, 0xff, 0xc4, 0xc3, 0xff,
    0xfe, 0x1f, 0xff, 0xf0, 0xe0,

    /* U+014A "Ŋ" */
    0x7e, 0xf, 0xf7, 0xa0, 0xd0, 0x7f, 0xf1, 0x14,
    0x1f, 0xfc, 0x48, 0x3f, 0xf8, 0x48, 0x20, 0xff,
    0xe0, 0xc0, 0x50, 0x7f, 0xf0, 0x70, 0x41, 0xff,
    0xc2, 0x81, 0x7, 0xff, 0x5, 0x42, 0x83, 0xff,
    0x83, 0x2, 0xf, 0xfe, 0x14, 0x8, 0x3f, 0xf8,
    0x2a, 0x14, 0x1f, 0xfc, 0x18, 0x10, 0x7f, 0xf0,
    0xa0, 0x42, 0x1f, 0xf2, 0x85, 0x7, 0xff, 0x6,
    0x4, 0x1f, 0xfc, 0x2c, 0x8, 0x7f, 0xf0, 0x90,
    0xff, 0xe2, 0x41, 0xff, 0xc5, 0xc2, 0x7c, 0x1f,
    0xfd, 0x2c, 0x3f, 0xf8, 0x38, 0x10, 0xfe, 0xfc,
    0x8, 0x3f, 0xf8, 0x72, 0x1f, 0xef, 0xe4, 0x0,

    /* U+014B "ŋ" */
    0xb4, 0x17, 0xe4, 0x3b, 0x74, 0x35, 0x86, 0x62,
    0xf8, 0x24, 0x3b, 0x42, 0xc1, 0x6, 0x83, 0xc8,
    0x79, 0xf, 0x61, 0xff, 0xff, 0xf, 0xff, 0x55,
    0xe0, 0xff, 0xf2, 0xe1, 0xff, 0xc1, 0x44, 0x3f,
    0x7c, 0x8, 0x3f, 0xf8, 0x10, 0x0,

    /* U+014C "Ō" */
    0xf, 0x7f, 0xe0, 0xff, 0xea, 0x7f, 0xe0, 0xff,
    0xea, 0x3f, 0xd2, 0x1f, 0xeb, 0x83, 0x9b, 0x43,
    0xe9, 0x3, 0x7a, 0x41, 0x40, 0xe9, 0x1e, 0x40,
    0xd8, 0x14, 0x19, 0x4, 0x1f, 0xb0, 0x41, 0x40,
    0x83, 0xfd, 0x1, 0x2, 0x4, 0x3f, 0xc8, 0x30,
    0xc8, 0x7f, 0xf0, 0x11, 0xd, 0x87, 0xff, 0x11,
    0xf, 0xfe, 0xda, 0x1f, 0xfc, 0xac, 0x3f, 0xf8,
    0x8, 0x79, 0xf, 0xfe, 0x12, 0x4, 0x8, 0x7f,
    0x90, 0x60, 0x81, 0x7, 0xfa, 0x2, 0x12, 0x8,
    0x3f, 0x60, 0x83, 0x48, 0xf2, 0x6, 0xc0, 0xa0,
    0xe9, 0x3, 0x7a, 0x41, 0x40, 0xfa, 0xe0, 0xe6,
    0xd0, 0xc0,

    /* U+014D "ō" */
    0xa, 0xff, 0xa0, 0xff, 0xe4, 0xdf, 0xf4, 0x1f,
    0xfc, 0xa6, 0xfa, 0x43, 0xee, 0x42, 0x6c, 0x3b,
    0x5, 0xf4, 0xc, 0x28, 0x1a, 0x13, 0x82, 0x2,
    0x21, 0xf2, 0x22, 0xc, 0x3e, 0xc3, 0xc8, 0x7c,
    0x81, 0xf, 0xfe, 0x92, 0x4, 0x3e, 0x40, 0x85,
    0x87, 0xd8, 0x64, 0x43, 0xe4, 0x41, 0x3, 0x42,
    0x70, 0x41, 0x60, 0xbe, 0x81, 0x87, 0x72, 0x13,
    0x61, 0x0,

    /* U+014E "Ŏ" */
    0xf, 0x41, 0xe8, 0x3f, 0xf8, 0xc, 0x1a, 0x43,
    0xff, 0x80, 0xaf, 0xca, 0xf, 0xfe, 0x5, 0x3,
    0x50, 0x3f, 0xf8, 0x2f, 0xe4, 0x3f, 0xfa, 0xaf,
    0xf4, 0x87, 0xfa, 0xe0, 0xe6, 0xd0, 0xfa, 0x40,
    0xde, 0x90, 0x50, 0x3a, 0x47, 0x90, 0x36, 0x5,
    0x6, 0x41, 0x7, 0xec, 0x10, 0x50, 0x20, 0xff,
    0x40, 0x40, 0x81, 0xf, 0xf2, 0xc, 0x32, 0x1f,
    0xfc, 0x4, 0x43, 0x61, 0xff, 0xc4, 0x43, 0xff,
    0xb6, 0x87, 0xff, 0x2b, 0xf, 0xfe, 0x2, 0x1e,
    0x43, 0xff, 0x84, 0x81, 0x2, 0x1f, 0xe4, 0x18,
    0x20, 0x41, 0xfe, 0x80, 0x84, 0x82, 0xf, 0xd8,
    0x20, 0xd2, 0x3c, 0x81, 0xb0, 0x28, 0x3a, 0x40,
    0xde, 0x90, 0x50, 0x3e, 0xb8, 0x39, 0xb4, 0x30,

    /* U+014F "ŏ" */
    0xa, 0xc3, 0xac, 0x3d, 0x88, 0x4b, 0x7, 0x92,
    0xfa, 0x20, 0xfb, 0x42, 0x70, 0xfe, 0xbe, 0x83,
    0xff, 0x98, 0xdf, 0x48, 0x7d, 0xc8, 0x4d, 0x87,
    0x60, 0xbe, 0x81, 0x85, 0x3, 0x42, 0x70, 0x40,
    0x44, 0x3e, 0x44, 0x41, 0x87, 0xd8, 0x79, 0xf,
    0x90, 0x21, 0xff, 0xd2, 0x40, 0x87, 0xc8, 0x10,
    0xb0, 0xfb, 0xc, 0x88, 0x7c, 0x88, 0x20, 0x68,
    0x4e, 0x8, 0x2c, 0x17, 0xd0, 0x30, 0xee, 0x42,
    0x6c, 0x20,

    /* U+0150 "Ő" */
    0xf, 0xe5, 0x4, 0xa0, 0xff, 0xe0, 0x54, 0xa,
    0x83, 0xff, 0x80, 0x90, 0x12, 0xf, 0xfa, 0x24,
    0xc9, 0xf, 0xf2, 0xa4, 0x49, 0xf, 0xf9, 0xd0,
    0x3a, 0x1f, 0xfd, 0x47, 0xfa, 0x43, 0xfd, 0x70,
    0x73, 0x68, 0x7d, 0x20, 0x6f, 0x48, 0x28, 0x1d,
    0x23, 0xc8, 0x1b, 0x2, 0x83, 0x20, 0x83, 0xf6,
    0x8, 0x28, 0x10, 0x7f, 0xa0, 0x20, 0x40, 0x87,
    0xf9, 0x6, 0x19, 0xf, 0xfe, 0x2, 0x21, 0xb0,
    0xff, 0xe2, 0x21, 0xff, 0xdb, 0x43, 0xff, 0x95,
    0x87, 0xff, 0x1, 0xf, 0x21, 0xff, 0xc2, 0x40,
    0x81, 0xf, 0xf2, 0xc, 0x10, 0x20, 0xff, 0x40,
    0x42, 0x41, 0x7, 0xec, 0x10, 0x69, 0x1e, 0x40,
    0xd8, 0x14, 0x1d, 0x20, 0x6f, 0x48, 0x28, 0x1f,
    0x5c, 0x1c, 0xda, 0x18,

    /* U+0151 "ő" */
    0xf, 0x2c, 0x5, 0x83, 0xea, 0x60, 0xa6, 0x1e,
    0x81, 0x10, 0x20, 0xf2, 0x62, 0x8c, 0x3d, 0x98,
    0x23, 0xf, 0xbc, 0x17, 0x83, 0xff, 0x96, 0xdf,
    0x48, 0x7d, 0xc8, 0x4d, 0x87, 0x60, 0xbe, 0x81,
    0x85, 0x3, 0x42, 0x70, 0x40, 0x44, 0x3e, 0x44,
    0x41, 0x87, 0xd8, 0x79, 0xf, 0x90, 0x21, 0xff,
    0xd2, 0x40, 0x87, 0xc8, 0x10, 0xb0, 0xfb, 0xc,
    0x88, 0x7c, 0x88, 0x20, 0x68, 0x4e, 0x8, 0x2c,
    0x17, 0xd0, 0x30, 0xee, 0x42, 0x6c, 0x20,

    /* U+0152 "Œ" */
    0xf, 0x5f, 0xff, 0xc4, 0x43, 0x5a, 0x1f, 0xfc,
    0x8d, 0x3, 0x7d, 0x2, 0xff, 0x90, 0x40, 0x79,
    0x9, 0xf, 0xfe, 0xa, 0x8, 0x3f, 0xf8, 0xf0,
    0x30, 0xff, 0xe4, 0x21, 0xff, 0xcd, 0x43, 0xff,
    0x97, 0x87, 0xfd, 0x7f, 0xc2, 0x1f, 0xfd, 0xab,
    0xfe, 0x10, 0xff, 0xe7, 0x61, 0xff, 0xcb, 0x43,
    0xff, 0x92, 0x87, 0xff, 0x2e, 0x6, 0x1f, 0xfc,
    0x94, 0x10, 0x7f, 0xf2, 0x24, 0x79, 0x9, 0xf,
    0xfe, 0x14, 0x81, 0xbe, 0x81, 0x7f, 0xc8, 0x6b,
    0x83, 0xff, 0x8a,

    /* U+0153 "œ" */
    0xc, 0xfe, 0x83, 0x9f, 0xd0, 0x7d, 0xc1, 0x9e,
    0x7, 0x6, 0x70, 0xec, 0x17, 0xc8, 0xac, 0x1f,
    0x40, 0xc2, 0x81, 0xa1, 0x50, 0x81, 0x84, 0xe0,
    0x40, 0x88, 0x79, 0xa, 0xf, 0xd0, 0x83, 0xf,
    0x90, 0x21, 0xe4, 0x3c, 0x87, 0xfb, 0xfe, 0x43,
    0xff, 0x85, 0x87, 0xff, 0x33, 0x7, 0xff, 0x83,
    0x21, 0xff, 0xc9, 0x41, 0x87, 0xc8, 0x20, 0xff,
    0x91, 0xf, 0x21, 0x21, 0xff, 0x40, 0xd0, 0xa8,
    0x49, 0xa1, 0x9d, 0xb, 0x5, 0xf2, 0x2a, 0x4b,
    0xf4, 0x1e, 0xe0, 0xcf, 0x2, 0x88, 0x66, 0x40,

    /* U+0154 "Ŕ" */
    0xf, 0xaf, 0x21, 0xff, 0x22, 0x83, 0xfd, 0x8c,
    0x1f, 0xe8, 0x60, 0xff, 0xba, 0x7, 0xff, 0x1,
    0x41, 0xf9, 0xff, 0xd0, 0x7f, 0xf0, 0x9e, 0xf,
    0x5f, 0xa0, 0x30, 0x72, 0x19, 0xc0, 0x87, 0xff,
    0x2, 0x2, 0x1f, 0xf2, 0x1f, 0xfd, 0x14, 0x3f,
    0xf8, 0x50, 0x10, 0xc8, 0x67, 0x4, 0x1d, 0x7e,
    0x81, 0xa1, 0xff, 0xc0, 0xc3, 0xef, 0xd0, 0x10,
    0xff, 0x90, 0x41, 0xff, 0xc0, 0x81, 0x7, 0xfc,
    0xa1, 0xf, 0xfe, 0x4, 0xc, 0x3f, 0xf8, 0x10,
    0x10, 0xff, 0x90, 0x41, 0xff, 0xc0, 0xc1, 0x0,

    /* U+0155 "ŕ" */
    0xe, 0xbc, 0x87, 0x91, 0x41, 0xd8, 0xc1, 0xc8,
    0x20, 0xfa, 0xc3, 0xe5, 0x7, 0x5a, 0xb, 0xe0,
    0xb3, 0x43, 0xec, 0x6e, 0x9, 0x28, 0x88, 0x65,
    0x7, 0xe8, 0x3f, 0xff, 0xe1, 0xff, 0xc9,

    /* U+0156 "Ŗ" */
    0x7f, 0xf4, 0x1f, 0xfc, 0x27, 0x83, 0xd7, 0xe8,
    0xc, 0x1c, 0x86, 0x70, 0x21, 0xff, 0xc0, 0x80,
    0x87, 0xfc, 0x87, 0xff, 0x45, 0xf, 0xfe, 0x14,
    0x4, 0x32, 0x19, 0xc1, 0x7, 0x5f, 0xa0, 0x68,
    0x7f, 0xf0, 0x30, 0xfb, 0xf4, 0x4, 0x3f, 0xe4,
    0x10, 0x7f, 0xf0, 0x20, 0x41, 0xff, 0x28, 0x43,
    0xff, 0x81, 0x3, 0xf, 0xfe, 0x4, 0x4, 0x3f,
    0xe4, 0x10, 0x7f, 0xf0, 0x30, 0x4f, 0x83, 0xfb,
    0xd0, 0x7c, 0xa0, 0xff, 0xe0, 0x53, 0xf, 0xfe,
    0x2, 0x61, 0xff, 0xc1, 0x50, 0x7f, 0xd1, 0x7,
    0xc0,

    /* U+0157 "ŗ" */
    0x2d, 0x5, 0xf0, 0x6c, 0xd0, 0xfd, 0x8d, 0xc1,
    0x92, 0x88, 0x87, 0x28, 0x3f, 0xa0, 0xff, 0xff,
    0x87, 0xff, 0x4e, 0xf0, 0x7f, 0x28, 0x3f, 0x34,
    0xf, 0xd8, 0x87, 0xe4, 0x83, 0xfa, 0xf, 0xc0,

    /* U+0158 "Ř" */
    0x7, 0x90, 0xde, 0x43, 0xb2, 0x80, 0xc9, 0xf,
    0x63, 0x64, 0x87, 0xe8, 0x45, 0x7, 0xf3, 0x34,
    0xf, 0xf9, 0x90, 0xf9, 0xff, 0xd0, 0x7f, 0xf0,
    0x9e, 0xf, 0x5f, 0xa0, 0x30, 0x72, 0x19, 0xc0,
    0x87, 0xff, 0x2, 0x2, 0x1f, 0xf2, 0x1f, 0xfd,
    0x14, 0x3f, 0xf8, 0x50, 0x10, 0xc8, 0x67, 0x4,
    0x1d, 0x7e, 0x81, 0xa1, 0xff, 0xc0, 0xc3, 0xef,
    0xd0, 0x10, 0xff, 0x90, 0x41, 0xff, 0xc0, 0x81,
    0x7, 0xfc, 0xa1, 0xf, 0xfe, 0x4, 0xc, 0x3f,
    0xf8, 0x10, 0x10, 0xff, 0x90, 0x41, 0xff, 0xc0,
    0xc1, 0x0,

    /* U+0159 "ř" */
    0x3c, 0x86, 0xf2, 0x65, 0x1, 0x92, 0xc, 0x6c,
    0x90, 0xd0, 0x8a, 0xe, 0x66, 0x81, 0xf3, 0x21,
    0xd6, 0x82, 0xf8, 0x36, 0x68, 0x7e, 0xc6, 0xe0,
    0xc9, 0x44, 0x43, 0x94, 0x1f, 0xd0, 0x7f, 0xff,
    0xc3, 0xff, 0xa4,

    /* U+015A "Ś" */
    0xf, 0x9f, 0x41, 0xfe, 0x81, 0x7, 0xf4, 0x38,
    0x7f, 0x4a, 0x83, 0xfd, 0x70, 0x7f, 0xf3, 0x2f,
    0xe8, 0x3a, 0xd0, 0xe7, 0x41, 0x20, 0xbd, 0x40,
    0x20, 0x47, 0x40, 0xaf, 0x7, 0x61, 0xfe, 0x43,
    0xff, 0x82, 0x83, 0xf, 0xf9, 0x18, 0x3f, 0xd0,
    0x1e, 0xf, 0xed, 0x3, 0xc8, 0x7d, 0x68, 0x1b,
    0xf, 0xd7, 0x5, 0x87, 0xf3, 0xa0, 0x83, 0xfd,
    0x22, 0x1f, 0xfd, 0xb4, 0x4b, 0x94, 0x6, 0xc1,
    0x4, 0xd3, 0xd2, 0xc, 0x14, 0x43, 0x9b, 0x8,

    /* U+015B "ś" */
    0xf, 0xa8, 0x87, 0xed, 0x60, 0xf9, 0x4, 0x1f,
    0xa2, 0x43, 0xec, 0x90, 0xfd, 0xe4, 0x3f, 0xf9,
    0x17, 0xe9, 0xa, 0xd0, 0xcd, 0x5, 0xf, 0xe9,
    0x8c, 0x10, 0x66, 0x6, 0x1f, 0xf2, 0xd, 0xf,
    0xd0, 0x2e, 0xf, 0x3c, 0x7, 0xc1, 0xe7, 0x90,
    0x68, 0x79, 0xb0, 0x41, 0xfd, 0x7, 0xff, 0xe,
    0x88, 0x66, 0xc, 0xdf, 0xa0, 0x65, 0x10, 0xcd,
    0x80,

    /* U+015C "Ŝ" */
    0xe, 0xbd, 0x7, 0xf2, 0x80, 0xa0, 0xf9, 0x8f,
    0x12, 0x1c, 0xce, 0xd, 0x90, 0xcf, 0x6, 0xb4,
    0x3f, 0xf9, 0x17, 0xf4, 0x1d, 0x68, 0x73, 0xa0,
    0x90, 0x5e, 0xa0, 0x10, 0x23, 0xa0, 0x57, 0x83,
    0xb0, 0xff, 0x21, 0xff, 0xc1, 0x41, 0x87, 0xfc,
    0x8c, 0x1f, 0xe8, 0xf, 0x7, 0xf6, 0x81, 0xe4,
    0x3e, 0xb4, 0xd, 0x87, 0xeb, 0x82, 0xc3, 0xf9,
    0xd0, 0x41, 0xfe, 0x91, 0xf, 0xfe, 0xda, 0x25,
    0xca, 0x3, 0x60, 0x82, 0x69, 0xe9, 0x6, 0xa,
    0x21, 0xcd, 0x84,

    /* U+015D "ŝ" */
    0xc, 0xd0, 0x3f, 0xa5, 0x41, 0xf6, 0x22, 0x83,
    0xb1, 0xb2, 0x42, 0x8a, 0x3, 0x24, 0x16, 0x86,
    0xf2, 0x1f, 0xfc, 0x4b, 0xf4, 0x85, 0x68, 0x66,
    0x82, 0x87, 0xf4, 0xc6, 0x8, 0x33, 0x3, 0xf,
    0xf9, 0x6, 0x87, 0xe8, 0x17, 0x7, 0x9e, 0x3,
    0xe0, 0xf3, 0xc8, 0x34, 0x3c, 0xd8, 0x20, 0xfe,
    0x83, 0xff, 0x87, 0x44, 0x33, 0x6, 0x6f, 0xd0,
    0x32, 0x88, 0x66, 0xc0,

    /* U+015E "Ş" */
    0xd, 0x7f, 0x41, 0xd6, 0x87, 0x3a, 0x9, 0x5,
    0xea, 0x1, 0x2, 0x3a, 0x5, 0x78, 0x3b, 0xf,
    0xf2, 0x1f, 0xfc, 0x14, 0x18, 0x7f, 0xc8, 0xc1,
    0xfe, 0x80, 0xf0, 0x7f, 0x68, 0x1e, 0x43, 0xeb,
    0x40, 0xd8, 0x7e, 0xb8, 0x2c, 0x3f, 0x9d, 0x4,
    0x1f, 0xe9, 0x10, 0xff, 0xed, 0xa2, 0x5c, 0xa0,
    0x36, 0x8, 0x26, 0x9e, 0x90, 0x60, 0xa2, 0x1c,
    0xd8, 0x66, 0xf2, 0x72, 0x1f, 0xc8, 0x87, 0xfc,
    0x94, 0xf, 0xf5, 0x88, 0x7f, 0xf2, 0x9a, 0x62,
    0x1f, 0xca, 0x28, 0x1c,

    /* U+015F "ş" */
    0xa, 0xfd, 0x21, 0x5a, 0x19, 0xa0, 0xa1, 0xfd,
    0x31, 0x82, 0xc, 0xc0, 0xc3, 0xfe, 0x41, 0xa1,
    0xfa, 0x5, 0xc1, 0xe7, 0x80, 0xf8, 0x3c, 0xf2,
    0xd, 0xf, 0x36, 0x8, 0x3f, 0xa0, 0xff, 0xe1,
    0xd1, 0xc, 0xc1, 0x9b, 0xf4, 0xc, 0xa2, 0x19,
    0xb0, 0x9b, 0xc5, 0x10, 0xfa, 0x30, 0xfe, 0xc7,
    0xf, 0xce, 0x88, 0x7f, 0xf1, 0xaa, 0x44, 0x3c,
    0xbb, 0xc,

    /* U+0160 "Š" */
    0x5, 0xc1, 0xad, 0xd, 0x2b, 0x6, 0xc8, 0x74,
    0x9e, 0x24, 0x3e, 0x90, 0x28, 0x3f, 0xaf, 0x41,
    0xff, 0xcb, 0xbf, 0xa0, 0xeb, 0x43, 0x9d, 0x4,
    0x82, 0xf5, 0x0, 0x81, 0x1d, 0x2, 0xbc, 0x1d,
    0x87, 0xf9, 0xf, 0xfe, 0xa, 0xc, 0x3f, 0xe4,
    0x60, 0xff, 0x40, 0x78, 0x3f, 0xb4, 0xf, 0x21,
    0xf5, 0xa0, 0x6c, 0x3f, 0x5c, 0x16, 0x1f, 0xce,
    0x82, 0xf, 0xf4, 0x88, 0x7f, 0xf6, 0xd1, 0x2e,
    0x50, 0x1b, 0x4, 0x13, 0x4f, 0x48, 0x30, 0x51,
    0xe, 0x6c, 0x20,

    /* U+0161 "š" */
    0x14, 0x1c, 0xc1, 0xac, 0x2a, 0x21, 0x28, 0xc9,
    0x30, 0xd2, 0x69, 0x87, 0xa0, 0xa0, 0xfd, 0xf2,
    0x1f, 0xfc, 0x7b, 0xf4, 0x85, 0x68, 0x66, 0x82,
    0x87, 0xf4, 0xc6, 0x8, 0x33, 0x3, 0xf, 0xf9,
    0x6, 0x87, 0xe8, 0x17, 0x7, 0x9e, 0x3, 0xe0,
    0xf3, 0xc8, 0x34, 0x3c, 0xd8, 0x20, 0xfe, 0x83,
    0xff, 0x87, 0x44, 0x33, 0x6, 0x6f, 0xd0, 0x32,
    0x88, 0x66, 0xc0,

    /* U+0162 "Ţ" */
    0xbf, 0xff, 0x84, 0x87, 0xff, 0x12, 0xfe, 0x41,
    0xfe, 0x43, 0xd8, 0x7f, 0xff, 0xc3, 0xff, 0xfe,
    0x1f, 0xff, 0xf0, 0xff, 0xf1, 0x22, 0x1f, 0xfc,
    0x14, 0xc3, 0xff, 0x83, 0x96, 0x1f, 0xfc, 0xb,
    0x44, 0x3f, 0xf8, 0x39, 0x87, 0xfa, 0xb1, 0x7,
    0xf9, 0x74, 0x1e,

    /* U+0163 "ţ" */
    0x9, 0x83, 0xf4, 0x87, 0xff, 0x12, 0xc1, 0xf9,
    0x60, 0xfc, 0xf0, 0x3f, 0x21, 0xff, 0xff, 0xf,
    0xfe, 0x2a, 0xc, 0x3e, 0x41, 0xf2, 0x15, 0x3,
    0xf9, 0x7, 0x90, 0xc8, 0x87, 0xe5, 0x68, 0x73,
    0x43, 0xf, 0xfe, 0x13, 0x51, 0x86, 0xd4, 0x48,

    /* U+0164 "Ť" */
    0xb, 0xc8, 0x6f, 0x21, 0xec, 0xa0, 0x32, 0x43,
    0xec, 0x6c, 0x50, 0x7f, 0x62, 0x30, 0x7f, 0xd2,
    0xa0, 0xff, 0xe0, 0x34, 0xf, 0xaf, 0xff, 0xe1,
    0x21, 0xff, 0xc4, 0xbf, 0x90, 0x7f, 0x90, 0xf6,
    0x1f, 0xff, 0xf0, 0xff, 0xff, 0x87, 0xff, 0xfc,
    0x3f, 0xfb, 0x80,

    /* U+0165 "ť" */
    0xf, 0xf3, 0xe0, 0xff, 0xb1, 0xf, 0xf9, 0x20,
    0xd6, 0x1e, 0x43, 0x90, 0xf5, 0x3, 0x21, 0xf2,
    0x1a, 0x80, 0xfc, 0x86, 0x50, 0x7f, 0xf0, 0x1e,
    0x7, 0xe4, 0x3f, 0xff, 0xe1, 0xff, 0xed, 0x41,
    0x87, 0xfc, 0x83, 0xe4, 0x3e, 0xa0, 0x7f, 0x0,

    /* U+0166 "Ŧ" */
    0xbf, 0xff, 0x84, 0x87, 0xff, 0x12, 0xfe, 0x41,
    0xfe, 0x43, 0xff, 0xfe, 0x1f, 0xfc, 0xbb, 0xe4,
    0x1f, 0x83, 0xff, 0x93, 0x7c, 0x83, 0xf0, 0x7f,
    0xff, 0xc3, 0xff, 0xd8,

    /* U+0167 "ŧ" */
    0xd, 0x7, 0xe9, 0xf, 0xc8, 0x7e, 0x43, 0xf7,
    0x3, 0xf2, 0x83, 0xf9, 0xe0, 0x7e, 0x43, 0xff,
    0x90, 0xf0, 0x3f, 0x7, 0xfc, 0xf0, 0x3f, 0x7,
    0xff, 0x7d, 0x6, 0x1f, 0x20, 0xf9, 0xa, 0x81,
    0xc0,

    /* U+0168 "Ũ" */
    0xc, 0xfc, 0x81, 0xc3, 0xcc, 0x15, 0xe8, 0x3e,
    0x8f, 0x48, 0x1c, 0x3d, 0xe0, 0x37, 0xa0, 0xff,
    0xe4, 0x3e, 0xf, 0xf5, 0xe0, 0xff, 0xff, 0x87,
    0xff, 0xfc, 0x3f, 0xfe, 0x28, 0x7f, 0x22, 0x81,
    0x87, 0xfd, 0x88, 0xa0, 0xfb, 0x2, 0x40, 0xa2,
    0x6, 0xc1, 0x5, 0x81, 0xbd, 0x20, 0x90, 0xdc,
    0x86, 0x6d, 0x0,

    /* U+0169 "ũ" */
    0xb, 0xe8, 0x2e, 0xb, 0x9, 0xf8, 0xc0, 0x97,
    0xa0, 0xa4, 0xe, 0x81, 0xf9, 0xf, 0xfe, 0x1f,
    0xa0, 0xfa, 0xf0, 0x7f, 0xff, 0xc3, 0xff, 0xbc,
    0x88, 0x7c, 0x87, 0xfc, 0x85, 0x3, 0x42, 0xa0,
    0x64, 0x17, 0xca, 0x82, 0xa2, 0x13, 0x44, 0x0,

    /* U+016A "Ū" */
    0xd, 0xff, 0x90, 0xff, 0xe5, 0xff, 0xe4, 0x3f,
    0xf8, 0xef, 0x83, 0xfd, 0x78, 0x3f, 0xff, 0xe1,
    0xff, 0xff, 0xf, 0xff, 0x8a, 0x1f, 0xc8, 0xa0,
    0x61, 0xff, 0x62, 0x28, 0x3e, 0xc0, 0x90, 0x28,
    0x81, 0xb0, 0x41, 0x60, 0x6f, 0x48, 0x24, 0x37,
    0x21, 0x9b, 0x40,

    /* U+016B "ū" */
    0x3, 0xff, 0x83, 0x61, 0xff, 0xc0, 0xbf, 0xf0,
    0x7f, 0xf0, 0xfd, 0x7, 0xd7, 0x83, 0xff, 0xfe,
    0x1f, 0xfd, 0xe4, 0x43, 0xe4, 0x3f, 0xe4, 0x28,
    0x1a, 0x15, 0x3, 0x20, 0xbe, 0x54, 0x15, 0x10,
    0x9a, 0x20,

    /* U+016C "Ŭ" */
    0xc, 0xa0, 0xe5, 0x7, 0xdc, 0x19, 0x83, 0xf4,
    0x7e, 0x84, 0x3f, 0x68, 0x4e, 0x1f, 0xeb, 0xe8,
    0x3f, 0xf9, 0x2f, 0x83, 0xfd, 0x78, 0x3f, 0xff,
    0xe1, 0xff, 0xff, 0xf, 0xff, 0x8a, 0x1f, 0xc8,
    0xa0, 0x61, 0xff, 0x62, 0x28, 0x3e, 0xc0, 0x90,
    0x28, 0x81, 0xb0, 0x41, 0x60, 0x6f, 0x48, 0x24,
    0x37, 0x21, 0x9b, 0x40,

    /* U+016D "ŭ" */
    0x3, 0x87, 0x58, 0x64, 0x82, 0x58, 0x39, 0x5f,
    0x44, 0x1d, 0x21, 0x38, 0x7d, 0x7d, 0x7, 0xff,
    0x17, 0xd0, 0x7d, 0x78, 0x3f, 0xff, 0xe1, 0xff,
    0xde, 0x44, 0x3e, 0x43, 0xfe, 0x42, 0x81, 0xa1,
    0x50, 0x32, 0xb, 0xe5, 0x41, 0x51, 0x9, 0xa2,
    0x0,

    /* U+016E "Ů" */
    0xf, 0xfe, 0x55, 0xf0, 0x7f, 0xcb, 0x46, 0x1f,
    0xec, 0x98, 0x43, 0xff, 0x82, 0x87, 0xfd, 0x89,
    0x8, 0x7f, 0x2a, 0xd8, 0x3f, 0xeb, 0xe4, 0x3f,
    0xf9, 0x2f, 0x83, 0xfd, 0x78, 0x3f, 0xff, 0xe1,
    0xff, 0xff, 0xf, 0xff, 0x8a, 0x1f, 0xc8, 0xa0,
    0x61, 0xff, 0x62, 0x28, 0x3e, 0xc0, 0x90, 0x28,
    0x81, 0xb0, 0x41, 0x60, 0x6f, 0x48, 0x24, 0x37,
    0x21, 0x9b, 0x40,

    /* U+016F "ů" */
    0xf, 0xfe, 0x37, 0xc8, 0x7e, 0xc9, 0x90, 0xf2,
    0x6c, 0x61, 0xff, 0xc7, 0x48, 0x4c, 0x3e, 0x9e,
    0x50, 0x7c, 0xfd, 0x7, 0xff, 0x17, 0xd0, 0x7d,
    0x78, 0x3f, 0xff, 0xe1, 0xff, 0xde, 0x44, 0x3e,
    0x43, 0xfe, 0x42, 0x81, 0xa1, 0x50, 0x32, 0xb,
    0xe5, 0x41, 0x51, 0x9, 0xa2, 0x0,

    /* U+0170 "Ű" */
    0xf, 0x96, 0x2, 0xc1, 0xf3, 0x40, 0x34, 0xf,
    0xd0, 0xa2, 0x14, 0x1e, 0x46, 0x21, 0x83, 0xe9,
    0x80, 0xa8, 0x3f, 0x70, 0x5c, 0x1f, 0xfc, 0x87,
    0xc1, 0xfe, 0xbc, 0x1f, 0xff, 0xf0, 0xff, 0xff,
    0x87, 0xff, 0xc5, 0xf, 0xe4, 0x50, 0x30, 0xff,
    0xb1, 0x14, 0x1f, 0x60, 0x48, 0x14, 0x40, 0xd8,
    0x20, 0xb0, 0x37, 0xa4, 0x12, 0x1b, 0x90, 0xcd,
    0xa0,

    /* U+0171 "ű" */
    0xf, 0x28, 0x25, 0x7, 0xba, 0x3, 0xa0, 0x72,
    0xc, 0x41, 0x87, 0x46, 0x8, 0xc3, 0xa3, 0x4,
    0x61, 0xeb, 0xa, 0xc3, 0xff, 0x8d, 0xe8, 0x3e,
    0xbc, 0x1f, 0xff, 0xf0, 0xff, 0xf4, 0x22, 0x1f,
    0x21, 0xff, 0xc0, 0x43, 0x40, 0xd0, 0xa8, 0x1c,
    0x82, 0xf9, 0x50, 0x6a, 0x21, 0x34, 0x42,

    /* U+0172 "Ų" */
    0x7c, 0x1f, 0xeb, 0xc1, 0xff, 0xff, 0xf, 0xff,
    0xf8, 0x7f, 0xfc, 0x50, 0xfe, 0x45, 0x3, 0xf,
    0xfb, 0x11, 0x41, 0xf6, 0x4, 0x81, 0x44, 0xd,
    0x82, 0xb, 0x3, 0x7a, 0x41, 0x21, 0xb9, 0xf,
    0x48, 0x79, 0xbf, 0xa, 0xf, 0xfe, 0x4, 0x61,
    0xff, 0xc1, 0x44, 0x3f, 0xf8, 0x68, 0x7f, 0xf0,
    0x52, 0xe0, 0xff, 0xa8, 0xac, 0x0,

    /* U+0173 "ų" */
    0xf4, 0x1f, 0x5e, 0xf, 0xff, 0xf8, 0x7f, 0xfa,
    0x11, 0xf, 0x90, 0xff, 0xe0, 0x21, 0xa0, 0x68,
    0x54, 0xe, 0x41, 0x7c, 0xa8, 0x35, 0x10, 0x9a,
    0x7, 0x9b, 0xe9, 0x23, 0xf, 0xf6, 0x61, 0xfe,
    0x44, 0x3f, 0xf8, 0x28, 0x7f, 0xc8, 0x3c, 0x1f,
    0xed, 0x60,

    /* U+0174 "Ŵ" */
    0xf, 0xfa, 0xf4, 0x1f, 0xfc, 0x95, 0x1, 0x41,
    0xff, 0xc8, 0x8a, 0x12, 0x1f, 0xfc, 0x6c, 0x95,
    0x10, 0x7f, 0xf1, 0x55, 0xa0, 0x79, 0xf, 0xfe,
    0x23, 0x7, 0x94, 0x1f, 0xaf, 0x7, 0xeb, 0xc8,
    0x7e, 0xf5, 0x81, 0xf, 0x90, 0x61, 0xf2, 0xd,
    0x6, 0x1f, 0xe4, 0x3e, 0xc0, 0x88, 0x87, 0x90,
    0xc8, 0x79, 0x10, 0x61, 0xfb, 0x14, 0x61, 0xfb,
    0x2, 0x4, 0x39, 0x3c, 0x21, 0xc8, 0x10, 0xec,
    0x32, 0x5, 0x7, 0xd8, 0x79, 0x10, 0xd8, 0x79,
    0xc, 0x88, 0x6c, 0x3c, 0x88, 0x12, 0xf, 0x61,
    0x90, 0x21, 0xd0, 0x30, 0xe4, 0x8, 0x7d, 0x81,
    0xe, 0x40, 0x83, 0xf, 0xc8, 0x83, 0x10, 0xc9,
    0x81, 0x10, 0xf6, 0x19, 0x30, 0xd8, 0x86, 0xc3,
    0xc8, 0x14, 0x4, 0x32, 0x12, 0x4, 0x3f, 0xbc,
    0x1f, 0xeb, 0xf, 0xf2, 0x20, 0x83, 0xc8, 0x11,
    0xf, 0xd8, 0x11, 0xf, 0x42, 0xc, 0x3f, 0x21,
    0xff, 0xc4, 0x43, 0xff, 0x80, 0x87, 0xe4, 0x3f,
    0xf8, 0x28, 0x30, 0xfd, 0x82, 0xe,

    /* U+0175 "ŵ" */
    0xf, 0xeb, 0xd0, 0x7f, 0xf1, 0x54, 0x5, 0x7,
    0xff, 0x12, 0x28, 0x41, 0xff, 0xc3, 0xc9, 0x51,
    0x87, 0xff, 0x5, 0x5a, 0x7, 0x90, 0xff, 0xe0,
    0x30, 0x79, 0x41, 0xeb, 0xc1, 0xe7, 0xd0, 0x7b,
    0xd6, 0x1f, 0xa0, 0x21, 0xfb, 0x41, 0x7, 0xff,
    0x9, 0x2, 0x22, 0x19, 0x10, 0x21, 0xb1, 0x6,
    0x1e, 0xcd, 0x30, 0xc9, 0x81, 0x2, 0x12, 0x30,
    0x84, 0x81, 0xe, 0xc0, 0x87, 0x90, 0x61, 0xe4,
    0x41, 0x88, 0x13, 0x2, 0x21, 0xb0, 0xc9, 0x83,
    0x10, 0xd8, 0x64, 0xa, 0x2, 0x4, 0x24, 0x8,
    0x7d, 0xe1, 0xc, 0x96, 0x1f, 0x90, 0x26, 0x1b,
    0x14, 0x21, 0xec, 0x40, 0x86, 0x43, 0x41, 0xe4,
    0x24, 0x3f, 0xf8, 0xc8, 0x30, 0xf2, 0x4, 0x30,

    /* U+0176 "Ŷ" */
    0xf, 0x5e, 0x83, 0xfe, 0x50, 0x14, 0x1f, 0xcc,
    0x49, 0x7, 0xf4, 0x4d, 0xc, 0x3e, 0x6d, 0x3,
    0xa8, 0x3c, 0xa0, 0xf4, 0x85, 0x78, 0x3f, 0xde,
    0xa0, 0x20, 0xfd, 0x2, 0x11, 0xf, 0xc9, 0x2,
    0x4, 0x1e, 0xc0, 0x84, 0x88, 0x72, 0x8, 0x34,
    0x8, 0x34, 0x4, 0x39, 0x10, 0x90, 0x41, 0xe8,
    0x18, 0x20, 0x21, 0xf4, 0x5, 0x3, 0xf, 0xc8,
    0x28, 0x21, 0xfe, 0x83, 0x41, 0xfe, 0x42, 0x43,
    0xff, 0x81, 0x2, 0xf, 0xff, 0xf8, 0x7f, 0xf7,
    0xc0,

    /* U+0177 "ŷ" */
    0xf, 0x51, 0xf, 0xfb, 0x54, 0x1f, 0xec, 0x9,
    0x87, 0xe8, 0x7a, 0x18, 0x7e, 0xa0, 0x1e, 0x43,
    0xd2, 0x1c, 0xa0, 0xbe, 0xf, 0xd7, 0x88, 0x3f,
    0xc8, 0x88, 0x20, 0xf2, 0xc, 0x8, 0x87, 0xb0,
    0x20, 0x80, 0x87, 0x22, 0x1e, 0xc3, 0x20, 0x83,
    0x42, 0x1b, 0xf, 0x90, 0x21, 0x24, 0x1e, 0x48,
    0x8, 0x10, 0xf4, 0x1b, 0x10, 0xff, 0x42, 0x61,
    0xfa, 0x14, 0x4, 0x3f, 0x20, 0xc4, 0x3f, 0xc8,
    0x90, 0x7f, 0xa0, 0xff, 0xe2, 0xc1, 0xff, 0x20,
    0x43, 0xfe, 0x84, 0x3f, 0xe4, 0x18, 0x7f, 0x98,
    0x50, 0x7d, 0x7a, 0x4, 0x1f, 0xfc, 0x7, 0xf,
    0xe0,

    /* U+0178 "Ÿ" */
    0xd, 0x68, 0x1e, 0xf, 0xc9, 0x83, 0x10, 0xfd,
    0x30, 0x26, 0xf, 0xcc, 0x1a, 0x43, 0xff, 0x91,
    0x78, 0x3f, 0xde, 0xa0, 0x20, 0xfd, 0x2, 0x11,
    0xf, 0xc9, 0x2, 0x4, 0x1e, 0xc0, 0x84, 0x88,
    0x72, 0x8, 0x34, 0x8, 0x34, 0x4, 0x39, 0x10,
    0x90, 0x41, 0xe8, 0x18, 0x20, 0x21, 0xf4, 0x5,
    0x3, 0xf, 0xc8, 0x28, 0x21, 0xfe, 0x83, 0x41,
    0xfe, 0x42, 0x43, 0xff, 0x81, 0x2, 0xf, 0xff,
    0xf8, 0x7f, 0xf7, 0xc0,

    /* U+0179 "Ź" */
    0xf, 0xdf, 0x7, 0xfb, 0x6, 0x1f, 0xc8, 0x30,
    0xff, 0x44, 0x1f, 0xe5, 0x68, 0x7f, 0x98, 0x3e,
    0xbf, 0xff, 0x81, 0x7, 0xff, 0xa, 0xff, 0xe4,
    0x10, 0x7f, 0x28, 0x43, 0xfd, 0x2, 0xf, 0xe8,
    0x18, 0x7f, 0x28, 0x43, 0xfd, 0x2, 0xf, 0xe8,
    0x10, 0x7f, 0x91, 0x41, 0xfd, 0x82, 0xf, 0xe8,
    0x10, 0x7f, 0x91, 0x41, 0xfd, 0x82, 0xf, 0xe8,
    0x10, 0x7f, 0x91, 0x41, 0xfd, 0x82, 0xf, 0xe8,
    0x10, 0x7f, 0x90, 0x5f, 0xfe, 0xf, 0xfe, 0x10,

    /* U+017A "ź" */
    0xf, 0x5e, 0x43, 0xe5, 0xa, 0xf, 0xa1, 0x83,
    0xe8, 0x60, 0xfd, 0xd0, 0x3f, 0x94, 0x1e, 0x7f,
    0xfc, 0x1f, 0xfc, 0x17, 0xfd, 0x2, 0xf, 0xd0,
    0xa0, 0xfa, 0x4, 0x1f, 0x28, 0x83, 0xf4, 0x28,
    0x3e, 0xc1, 0x7, 0xc8, 0x30, 0xfd, 0x10, 0x7e,
    0xc0, 0x87, 0xd0, 0x30, 0xf9, 0x44, 0x1f, 0xa0,
    0x5f, 0xf0, 0x7f, 0xf0, 0x40,

    /* U+017B "Ż" */
    0xf, 0xfe, 0x47, 0x90, 0xff, 0xe0, 0xe1, 0xff,
    0xc1, 0xc3, 0xfe, 0xf2, 0x1f, 0xfc, 0x7b, 0xff,
    0xf8, 0x10, 0x7f, 0xf0, 0xaf, 0xfe, 0x41, 0x7,
    0xf2, 0x84, 0x3f, 0xd0, 0x20, 0xfe, 0x81, 0x87,
    0xf2, 0x84, 0x3f, 0xd0, 0x20, 0xfe, 0x81, 0x7,
    0xf9, 0x14, 0x1f, 0xd8, 0x20, 0xfe, 0x81, 0x7,
    0xf9, 0x14, 0x1f, 0xd8, 0x20, 0xfe, 0x81, 0x7,
    0xf9, 0x14, 0x1f, 0xd8, 0x20, 0xfe, 0x81, 0x7,
    0xf9, 0x5, 0xff, 0xe0, 0xff, 0xe1, 0x0,

    /* U+017C "ż" */
    0xc, 0xf0, 0x7f, 0x42, 0x1f, 0xd0, 0x87, 0xf3,
    0xc1, 0xff, 0xd1, 0x7f, 0xfc, 0x1f, 0xfc, 0x17,
    0xfd, 0x2, 0xf, 0xd0, 0xa0, 0xfa, 0x4, 0x1f,
    0x28, 0x83, 0xf4, 0x28, 0x3e, 0xc1, 0x7, 0xc8,
    0x30, 0xfd, 0x10, 0x7e, 0xc0, 0x87, 0xd0, 0x30,
    0xf9, 0x44, 0x1f, 0xa0, 0x5f, 0xf0, 0x7f, 0xf0,
    0x40,

    /* U+017D "Ž" */
    0x3, 0xc1, 0xae, 0xc, 0xb6, 0x9, 0x50, 0x74,
    0x9e, 0x48, 0x3e, 0x83, 0x61, 0xfd, 0xaa, 0xf,
    0xfa, 0x88, 0x75, 0xff, 0xfc, 0x8, 0x3f, 0xf8,
    0x57, 0xff, 0x20, 0x83, 0xf9, 0x42, 0x1f, 0xe8,
    0x10, 0x7f, 0x40, 0xc3, 0xf9, 0x42, 0x1f, 0xe8,
    0x10, 0x7f, 0x40, 0x83, 0xfc, 0x8a, 0xf, 0xec,
    0x10, 0x7f, 0x40, 0x83, 0xfc, 0x8a, 0xf, 0xec,
    0x10, 0x7f, 0x40, 0x83, 0xfc, 0x8a, 0xf, 0xec,
    0x10, 0x7f, 0x40, 0x83, 0xfc, 0x82, 0xff, 0xf0,
    0x7f, 0xf0, 0x80,

    /* U+017E "ž" */
    0x3c, 0x86, 0xf0, 0x59, 0x23, 0x90, 0x6c, 0xa8,
    0x90, 0xe8, 0x49, 0xf, 0x33, 0x21, 0xf9, 0x90,
    0xe7, 0xff, 0xc1, 0xff, 0xc1, 0x7f, 0xd0, 0x20,
    0xfd, 0xa, 0xf, 0xa0, 0x41, 0xf2, 0x88, 0x3f,
    0x42, 0x83, 0xec, 0x10, 0x7c, 0x83, 0xf, 0xd1,
    0x7, 0xec, 0x8, 0x7d, 0x3, 0xf, 0x94, 0x41,
    0xfa, 0x5, 0xff, 0x7, 0xff, 0x4,

    /* U+017F "ſ" */
    0x3, 0x7d, 0x2, 0x88, 0x48, 0x10, 0x7e, 0x10,
    0x61, 0xd8, 0x7f, 0xff, 0xc3, 0xff, 0xfe, 0x0,

    /* U+0180 "ƀ" */
    0x5, 0xe0, 0xff, 0xe7, 0xda, 0xf, 0xe8, 0x39,
    0xf, 0xe4, 0x3b, 0xc8, 0x3f, 0xc1, 0xff, 0xcf,
    0x6f, 0xa4, 0x3f, 0x51, 0x9, 0xa0, 0x7c, 0xaf,
    0xa0, 0x28, 0x3c, 0xc1, 0x38, 0x20, 0xf4, 0x1e,
    0x80, 0x87, 0xff, 0x1, 0x6, 0x1f, 0xff, 0x94,
    0x3c, 0x83, 0xe, 0xc3, 0xd0, 0x10, 0xe6, 0xd,
    0x82, 0xe, 0x95, 0xf8, 0xa, 0xf, 0x51, 0x9,
    0xe0, 0x0,

    /* U+0181 "Ɓ" */
    0x1f, 0xff, 0xe0, 0x41, 0xd0, 0x7f, 0xf0, 0x1e,
    0x4, 0xb, 0x3, 0xfd, 0x1, 0x82, 0x50, 0x58,
    0x73, 0x81, 0xf, 0xfe, 0x24, 0x15, 0xc1, 0xff,
    0xd3, 0xc3, 0xff, 0x8c, 0x88, 0x7e, 0xc3, 0x9c,
    0x10, 0x7e, 0x7f, 0xa2, 0xc3, 0xff, 0x8b, 0x21,
    0xfd, 0x7f, 0x92, 0xc3, 0xff, 0x87, 0x40, 0x21,
    0xff, 0xc3, 0x41, 0x7, 0xff, 0xa5, 0x2, 0x1f,
    0x61, 0xcd, 0x1, 0x7, 0xcf, 0xf4, 0x83, 0xf,
    0xfe, 0x1b, 0x60,

    /* U+0182 "Ƃ" */
    0x7f, 0xfe, 0x83, 0xff, 0x8d, 0x7f, 0xe8, 0x32,
    0x1f, 0xff, 0x94, 0x3f, 0xf8, 0x37, 0xfa, 0xf,
    0xfe, 0xb, 0xa1, 0xbf, 0xc8, 0x20, 0xff, 0x50,
    0x8, 0x7f, 0x90, 0x61, 0xff, 0xc1, 0x43, 0xff,
    0x82, 0x87, 0xf9, 0x6, 0x12, 0x19, 0xa0, 0x10,
    0xaf, 0xd2, 0xc, 0x3f, 0xcd, 0x80,

    /* U+0183 "ƃ" */
    0xbf, 0xfe, 0xf, 0xfe, 0x3f, 0xff, 0x7, 0xff,
    0x91, 0xbe, 0x90, 0xf5, 0x10, 0x9a, 0x7, 0x2b,
    0xe8, 0xa, 0xc, 0xc1, 0x38, 0x20, 0xd0, 0x7a,
    0x2, 0x1f, 0xe4, 0x18, 0x7f, 0xfb, 0xd0, 0xf2,
    0xc, 0x2c, 0x3d, 0x1, 0x9, 0x83, 0x60, 0x82,
    0x95, 0xf8, 0xa, 0xd, 0x44, 0x27, 0x80,

    /* U+0184 "Ƅ" */
    0x7c, 0x1f, 0xff, 0xf0, 0xff, 0xf0, 0xff, 0xa4,
    0x3f, 0xf8, 0x2d, 0xa1, 0xdf, 0xd2, 0x9, 0xf,
    0xe6, 0xc1, 0x7, 0xff, 0x2, 0xf, 0xfe, 0x2a,
    0x1f, 0xfc, 0x64, 0x3e, 0xc0, 0xa0, 0x61, 0xf2,
    0x19, 0x1d, 0x9, 0xc1, 0x2, 0x41, 0x7d, 0x2,
    0x42, 0xa2, 0x1c, 0xe8, 0x0,

    /* U+0185 "ƅ" */
    0xbc, 0x1f, 0xff, 0xf0, 0xfc, 0x8d, 0xf4, 0x1f,
    0x51, 0x9, 0xd0, 0xcb, 0x7d, 0x2, 0x43, 0x30,
    0x4e, 0x8, 0x34, 0x1e, 0x83, 0xff, 0x82, 0x81,
    0xf, 0xfe, 0xe, 0x1f, 0xfd, 0xdf, 0x1, 0xf,
    0x20, 0x50, 0x20, 0xf4, 0x1a, 0x6, 0x81, 0xc1,
    0x1, 0x81, 0x7a, 0x4, 0x84, 0xe8, 0x67, 0x40,

    /* U+0186 "Ɔ" */
    0x3, 0x7f, 0x48, 0x7b, 0x90, 0xe6, 0xd0, 0xd0,
    0xde, 0xa0, 0x52, 0x13, 0xc8, 0x15, 0xc0, 0x90,
    0xff, 0x98, 0x10, 0x7f, 0xf0, 0x14, 0x4, 0x3f,
    0xf8, 0x10, 0x30, 0xff, 0xe1, 0xa1, 0xff, 0xd1,
    0x43, 0xff, 0xa6, 0x87, 0xff, 0x49, 0x2, 0x1f,
    0xfc, 0xc, 0x10, 0x7f, 0xca, 0x10, 0xff, 0x98,
    0x10, 0x19, 0x61, 0x5c, 0x8, 0x33, 0x57, 0x40,
    0xb4, 0x26, 0x43, 0x9b, 0xc,

    /* U+0187 "Ƈ" */
    0xf, 0xfe, 0x1f, 0xc8, 0x7f, 0xf0, 0xb0, 0xff,
    0xe4, 0x79, 0xf, 0xfe, 0xa, 0x21, 0xfc, 0xdf,
    0xd0, 0x7f, 0x3c, 0x87, 0xff, 0xa, 0x80, 0x6f,
    0x50, 0x10, 0x72, 0x81, 0xc8, 0x15, 0xe0, 0xf4,
    0xc, 0x3f, 0xf8, 0x48, 0x20, 0xff, 0xe1, 0xc0,
    0x43, 0xff, 0x8a, 0x87, 0xff, 0x1b, 0xf, 0xfe,
    0x1a, 0x1f, 0xfd, 0x94, 0x3f, 0xf9, 0x38, 0x7f,
    0xf1, 0x90, 0xff, 0xe2, 0x20, 0x43, 0xff, 0x87,
    0x2, 0xf, 0xfe, 0x22, 0xc, 0x3f, 0xf8, 0x72,
    0xe, 0x40, 0xab, 0xf, 0xa4, 0xd, 0xea, 0x21,
    0xfd, 0x68, 0x79, 0x83, 0x0,

    /* U+0188 "ƈ" */
    0xf, 0xf3, 0xf0, 0x7f, 0xd0, 0x48, 0x7f, 0x20,
    0xf2, 0x1f, 0xd8, 0x87, 0xff, 0x65, 0xbe, 0x43,
    0xf7, 0x21, 0xd0, 0x76, 0x7, 0xe9, 0xe, 0x81,
    0xc1, 0x30, 0x72, 0x21, 0xff, 0x20, 0xc3, 0xff,
    0x84, 0x87, 0xff, 0x81, 0xf, 0xf9, 0x6, 0x1f,
    0xfc, 0x4, 0x43, 0xff, 0x81, 0x3, 0x42, 0x60,
    0xf6, 0xb, 0xe9, 0x41, 0xee, 0xe, 0x90, 0x80,

    /* U+0189 "Ɖ" */
    0xb, 0xff, 0x48, 0x7f, 0xf1, 0x5b, 0x83, 0xfa,
    0xfd, 0x20, 0x70, 0xff, 0xe0, 0xb6, 0x83, 0xf,
    0xfe, 0x1c, 0x82, 0xf, 0xfe, 0x1c, 0x4, 0x3f,
    0xf8, 0x90, 0x10, 0xff, 0xe1, 0xa0, 0xc3, 0xff,
    0x91, 0xe0, 0x5f, 0x90, 0xff, 0xe8, 0x78, 0xf,
    0xe4, 0x3f, 0xf8, 0x38, 0x7f, 0xf0, 0x30, 0xff,
    0xe1, 0xa0, 0x43, 0xff, 0x87, 0x7, 0xff, 0x16,
    0x4, 0x1f, 0xfc, 0x29, 0x14, 0x1f, 0xf3, 0x68,
    0x20, 0xfa, 0xfd, 0x20, 0xb0, 0xff, 0xe1, 0x36,
    0x86,

    /* U+018A "Ɗ" */
    0x1f, 0xff, 0xe0, 0x41, 0xf4, 0x1f, 0xfc, 0x7,
    0xc1, 0xa0, 0x58, 0x1f, 0xd4, 0xb, 0x43, 0x28,
    0x2c, 0x32, 0xb8, 0x10, 0x7f, 0xf1, 0x58, 0x19,
    0x70, 0x7f, 0xf0, 0x54, 0x1f, 0xfc, 0x88, 0x10,
    0x7f, 0xf2, 0x10, 0xff, 0xed, 0xa1, 0xff, 0xdd,
    0x43, 0xff, 0x94, 0x87, 0xff, 0x15, 0x6, 0x1f,
    0xfc, 0x5c, 0x8, 0x7f, 0xf1, 0x14, 0x21, 0xff,
    0xc4, 0xa0, 0x20, 0xfd, 0x86, 0x6d, 0x6, 0x1f,
    0xcf, 0xe9, 0x3, 0x87, 0xff, 0x11, 0xb8, 0x30,

    /* U+018B "Ƌ" */
    0x1f, 0xff, 0xa0, 0xff, 0xe1, 0xbf, 0xfc, 0x1f,
    0xff, 0xf0, 0xff, 0xe2, 0x5f, 0xe0, 0xeb, 0x43,
    0xfd, 0x20, 0xbf, 0x83, 0x23, 0xa1, 0xf9, 0x4,
    0x1f, 0xec, 0x3f, 0xf8, 0x38, 0x7f, 0xf1, 0x20,
    0xff, 0x20, 0x74, 0x3f, 0xb0, 0xaf, 0xe0, 0xee,
    0x43, 0xf8,

    /* U+018C "ƌ" */
    0x7, 0xff, 0xf0, 0x3, 0xff, 0x89, 0xff, 0xc8,
    0x7f, 0xf9, 0x2f, 0xc8, 0x79, 0xd0, 0xd4, 0xe,
    0x81, 0x7c, 0xb0, 0x50, 0x34, 0x29, 0xc, 0x88,
    0x7a, 0x9, 0x6, 0x1f, 0xfc, 0x14, 0x3e, 0x43,
    0xff, 0xaa, 0x87, 0xf9, 0x6, 0x1f, 0x21, 0x22,
    0x1e, 0x43, 0x40, 0xd0, 0xa8, 0x1d, 0x2, 0xf9,
    0x50, 0x67, 0x42, 0x68, 0x80,

    /* U+018D "ƍ" */
    0xc, 0xff, 0x21, 0xf7, 0x7, 0x5a, 0x1b, 0x5,
    0xf4, 0x8, 0x2c, 0x1a, 0x13, 0x83, 0xd, 0x7,
    0xd0, 0x48, 0x10, 0xf9, 0x2, 0x1f, 0xfc, 0xe4,
    0x3c, 0x87, 0xd8, 0x14, 0x8, 0x3c, 0xa1, 0x2,
    0x8, 0x35, 0x1, 0x2, 0x3, 0xb6, 0x83, 0xd,
    0x85, 0x20, 0x70, 0xf6, 0x86, 0xe0, 0xfd, 0x68,
    0x30, 0xff, 0xa8, 0xc, 0x3f, 0xe7, 0x4, 0x1f,
    0xfc, 0x4, 0x43, 0x90, 0xff, 0xe1, 0x5a, 0x12,
    0x84, 0x32, 0xb, 0xe8, 0x10, 0x67, 0x90, 0xce,
    0x18,

    /* U+018E "Ǝ" */
    0x7f, 0xfe, 0xf, 0xfe, 0x3, 0xff, 0x90, 0xff,
    0xff, 0xff, 0xe4, 0x3f, 0xf8, 0x7f, 0xf9, 0xf,
    0xff, 0xf3, 0xff, 0x90, 0xff, 0xe1, 0x0,

    /* U+018F "Ə" */
    0x9, 0xbf, 0xd2, 0x1f, 0x72, 0x1e, 0x6c, 0x3f,
    0x34, 0xf5, 0x10, 0x68, 0x6f, 0x4a, 0x2, 0xa8,
    0x8, 0x3f, 0xf8, 0x4e, 0x8, 0x3f, 0xf8, 0x68,
    0x87, 0xff, 0xe, 0x2, 0x1f, 0xfc, 0x5c, 0x3f,
    0xf8, 0xaa, 0xff, 0xfe, 0x10, 0x7f, 0xf2, 0x50,
    0x5f, 0xff, 0x7, 0xff, 0x21, 0xb, 0xf, 0xfe,
    0x1a, 0x21, 0xfe, 0x81, 0x18, 0x10, 0xfe, 0x43,
    0x20, 0x83, 0xf6, 0xc, 0x2c, 0x1c, 0x81, 0xb0,
    0x41, 0xd0, 0x1b, 0xd2, 0x9, 0xe, 0x79, 0xc,
    0xda, 0x10,

    /* U+0190 "Ɛ" */
    0xc, 0xdf, 0xa4, 0x3d, 0xc8, 0x66, 0xd0, 0xb0,
    0x37, 0xd0, 0x20, 0x20, 0x64, 0x27, 0xa0, 0x30,
    0x41, 0xf2, 0x83, 0xff, 0x8b, 0x81, 0xf, 0xf9,
    0x4, 0x1f, 0xfc, 0xc, 0x1c, 0x1f, 0xf7, 0xf,
    0xf0, 0x7a, 0x81, 0xff, 0x3a, 0x37, 0xf0, 0x68,
    0x1c, 0x87, 0xe4, 0x10, 0x7f, 0xf0, 0x90, 0xff,
    0xe1, 0x21, 0xff, 0x20, 0x83, 0xff, 0x80, 0x83,
    0x43, 0x9b, 0x49, 0x5, 0xfd, 0x21, 0xad, 0xf,
    0x36, 0x80,

    /* U+0191 "Ƒ" */
    0xf, 0x7f, 0xfc, 0x1f, 0xfc, 0xef, 0xfc, 0x1f,
    0xff, 0xf0, 0xff, 0xec, 0x7f, 0xc8, 0x7f, 0xf3,
    0xbf, 0xe4, 0x3f, 0xff, 0xe1, 0xff, 0xff, 0xf,
    0xfe, 0x43, 0xe0, 0xe4, 0x3f, 0xfa, 0x11, 0x3,
    0xf, 0xc8, 0x1d, 0x2, 0x1f, 0xda, 0x13, 0x87,
    0xf0,

    /* U+0192 "ƒ" */
    0xf, 0xd7, 0xe4, 0x3e, 0xd0, 0xff, 0xa0, 0x5f,
    0x21, 0xe4, 0x50, 0x7f, 0xf3, 0xb0, 0xfe, 0xb0,
    0x5f, 0x21, 0xa4, 0x3e, 0x43, 0x5e, 0x5, 0xf0,
    0x7f, 0xff, 0xc3, 0xff, 0xfe, 0x1f, 0xfe, 0x59,
    0xf, 0xf9, 0x50, 0x7f, 0xc8, 0x12, 0x2, 0x1e,
    0x4b, 0x44, 0x3e, 0xa0, 0x4c, 0x1e,

    /* U+0193 "Ɠ" */
    0xf, 0xfe, 0x25, 0xe8, 0x3f, 0xf8, 0x72, 0x4,
    0x3f, 0xf8, 0x69, 0x78, 0x3f, 0xf8, 0xa8, 0x7f,
    0x5f, 0xe8, 0x3f, 0xd6, 0x87, 0x90, 0xfc, 0xe8,
    0x29, 0xea, 0x24, 0x1e, 0x81, 0x6a, 0x2, 0xad,
    0xe, 0xc1, 0xa1, 0xff, 0xc2, 0x41, 0x7, 0xff,
    0x12, 0x2, 0x1f, 0xfc, 0x64, 0x3f, 0xf8, 0xf8,
    0x7f, 0xf1, 0x10, 0xfe, 0xbf, 0xc8, 0x7f, 0xf2,
    0x90, 0xfe, 0xbe, 0x83, 0xf6, 0x1f, 0xe4, 0x3f,
    0x21, 0xff, 0xc5, 0x40, 0x87, 0xff, 0x12, 0x4,
    0x1f, 0xfc, 0x58, 0x18, 0x7f, 0xf1, 0x14, 0xe,
    0x43, 0x30, 0x7e, 0xa0, 0x1b, 0xf4, 0x87, 0xf3,
    0xc8, 0x79, 0xb4, 0x0,

    /* U+0194 "Ɣ" */
    0xf8, 0x3f, 0xdf, 0x41, 0xff, 0x20, 0x90, 0x41,
    0xfb, 0x2, 0x22, 0x1f, 0x91, 0x6, 0x4, 0x3c,
    0x82, 0x2, 0xc, 0x3d, 0x7, 0x91, 0xf, 0xd0,
    0x68, 0x8, 0x64, 0x8, 0x72, 0x41, 0xa1, 0xf,
    0x61, 0xfb, 0xf, 0x20, 0x81, 0x1, 0xf, 0x91,
    0x2, 0x21, 0xfa, 0x2, 0x81, 0x7, 0xfd, 0xe0,
    0xff, 0xe0, 0x42, 0x88, 0x3f, 0xc8, 0x64, 0x3f,
    0xe4, 0x8, 0x7f, 0xf4, 0x10, 0x21, 0xff, 0x21,
    0x90, 0xff, 0x62, 0x8c, 0x3f, 0xc9, 0xe1, 0xf,
    0xfe, 0x2, 0x83, 0xff, 0xa4, 0xa0, 0xff, 0xe0,
    0x25, 0x4, 0x3f, 0xd2, 0x6, 0xe,

    /* U+0195 "ƕ" */
    0xbc, 0x1f, 0xff, 0xf0, 0xff, 0xf7, 0x37, 0xd0,
    0x7f, 0x5e, 0x9, 0x90, 0x9d, 0xf, 0xfe, 0xc,
    0xfd, 0x2, 0xf, 0xfe, 0xb, 0x4, 0xa0, 0xff,
    0xe1, 0xc1, 0xd0, 0x10, 0xff, 0xff, 0x87, 0xff,
    0xcd, 0xf, 0xfe, 0x14, 0x1f, 0x90, 0xff, 0x20,
    0x82, 0x70, 0x41, 0xfe, 0x80, 0xfd, 0x2, 0xf,
    0xfe, 0x7, 0x21, 0x9d, 0x0,

    /* U+0196 "Ɩ" */
    0x7c, 0x1f, 0xff, 0xf0, 0xff, 0xf7, 0x20, 0xd1,
    0x2, 0xb, 0x92, 0x43, 0x80,

    /* U+0197 "Ɨ" */
    0x3f, 0xe4, 0x43, 0x94, 0x5a, 0xe, 0xf, 0xff,
    0x67, 0x90, 0x7a, 0xf, 0xf7, 0x90, 0x7a, 0xf,
    0xff, 0x5b, 0x20, 0xe0, 0x48, 0x65, 0x0,

    /* U+0198 "Ƙ" */
    0x7c, 0x1f, 0x9f, 0x83, 0xfe, 0xa0, 0x7f, 0xf0,
    0x54, 0x3e, 0xf, 0xf4, 0x30, 0x7f, 0xd8, 0x20,
    0xff, 0xb0, 0x61, 0xff, 0x40, 0xc3, 0xfe, 0x93,
    0xf, 0xf9, 0x44, 0x1f, 0xf3, 0x3, 0xf, 0xfa,
    0x9, 0x41, 0xff, 0x58, 0x20, 0xff, 0x49, 0x83,
    0xf, 0xe4, 0x28, 0x10, 0x7f, 0xf0, 0x14, 0x28,
    0x3f, 0xf8, 0x10, 0x20, 0xff, 0xe0, 0xe0, 0xc3,
    0xff, 0x83, 0x2, 0xf, 0xfe, 0x2, 0x84, 0x3f,
    0xf8, 0x30, 0x30,

    /* U+0199 "ƙ" */
    0x7, 0xc8, 0x7e, 0xc2, 0xc3, 0xe4, 0x17, 0x7,
    0xd8, 0x10, 0xff, 0xf0, 0x7c, 0x1f, 0xd8, 0x30,
    0xfd, 0x83, 0xf, 0xd8, 0x30, 0xfd, 0x83, 0xf,
    0xd0, 0x30, 0xfd, 0x24, 0x1f, 0xc8, 0x20, 0xff,
    0x40, 0xc3, 0xf6, 0xc0, 0x83, 0xf9, 0x42, 0x83,
    0xfa, 0x4, 0x1f, 0xec, 0x18, 0x7f, 0xa0, 0x41,
    0xfc, 0xa1, 0x40,

    /* U+019A "ƚ" */
    0x5, 0xe0, 0xff, 0xf7, 0x3a, 0xe, 0xc3, 0x9b,
    0x41, 0xe0, 0xff, 0xf9, 0x80,

    /* U+019B "ƛ" */
    0x5, 0xf2, 0x1f, 0xfc, 0x4a, 0x7, 0xfd, 0x79,
    0x1b, 0xd0, 0x7f, 0x28, 0x8, 0xe1, 0xfa, 0x81,
    0xb9, 0xf, 0xdd, 0xe0, 0x21, 0xfe, 0x50, 0x68,
    0x3f, 0xfa, 0x50, 0x50, 0x7f, 0xf0, 0x11, 0x10,
    0xff, 0x90, 0x40, 0x43, 0xfd, 0x10, 0x58, 0x7f,
    0x20, 0x48, 0x43, 0xfa, 0x10, 0x20, 0x43, 0xe4,
    0x10, 0x49, 0x7, 0xd8, 0x7b, 0xf, 0xe4, 0x83,
    0x20, 0x83, 0xa0, 0x21, 0xc8, 0x87, 0x24, 0x1e,
    0x80, 0x85, 0x1, 0xf, 0xeb, 0x2, 0x21, 0xfb,
    0xc,

    /* U+019C "Ɯ" */
    0x7c, 0x1f, 0xbd, 0x7, 0xcf, 0x83, 0xff, 0xfe,
    0x1f, 0xff, 0xf0, 0xff, 0xff, 0x87, 0xff, 0xfc,
    0x3f, 0xf9, 0x58, 0x7f, 0xf6, 0x90, 0x21, 0xf2,
    0x12, 0x8, 0x3d, 0x7, 0xf4, 0x1f, 0x32, 0x36,
    0x40, 0xd0, 0x32, 0x1d, 0x81, 0xb9, 0x25, 0x2,
    0xf4, 0xac, 0x3b, 0x43, 0x3a, 0x51, 0x9, 0xa0,
    0x60,

    /* U+019D "Ɲ" */
    0x9, 0xf8, 0x3f, 0xde, 0x83, 0xe8, 0x3f, 0xf8,
    0xea, 0xf, 0xfe, 0x3c, 0x1f, 0xfc, 0x58, 0x10,
    0x7f, 0xf1, 0x14, 0x21, 0xff, 0xc5, 0x81, 0x87,
    0xff, 0x16, 0x4, 0x1f, 0xfc, 0x44, 0x8, 0x7f,
    0xf1, 0x70, 0x61, 0xff, 0xc5, 0x81, 0x7, 0xff,
    0x11, 0x2, 0x1f, 0xfc, 0x5c, 0x18, 0x7f, 0xf1,
    0x50, 0x22, 0x1f, 0xfc, 0x28, 0x10, 0x7f, 0xf1,
    0x60, 0x61, 0xff, 0xc4, 0x50, 0x10, 0xff, 0xe2,
    0x41, 0xff, 0xc8, 0x83, 0xff, 0x8e, 0xa0, 0xff,
    0xe3, 0xde, 0x83, 0xff, 0xe4, 0xc1, 0xff, 0xc4,
    0x78, 0x10, 0x7f, 0xf0, 0x90, 0xa4, 0x3f, 0xf8,
    0x40,

    /* U+019E "ƞ" */
    0xb4, 0x17, 0xe4, 0x3b, 0x74, 0x35, 0x86, 0x62,
    0xf8, 0x24, 0x3b, 0x42, 0xc1, 0x6, 0x83, 0xc8,
    0x79, 0xf, 0x61, 0xff, 0xff, 0xf, 0xff, 0x55,
    0xe0, 0xff, 0xff, 0x87, 0xff, 0x20,

    /* U+019F "Ɵ" */
    0xf, 0x3f, 0xd2, 0x1f, 0xeb, 0x83, 0x9b, 0x43,
    0xe9, 0x3, 0x7a, 0x41, 0x40, 0xe9, 0x1e, 0x40,
    0xd8, 0x14, 0x19, 0x4, 0x1f, 0xb0, 0x41, 0x40,
    0xc3, 0xfd, 0x1, 0x2, 0x1f, 0xfc, 0x14, 0x18,
    0x64, 0x3f, 0xf8, 0x48, 0x7f, 0xf1, 0x50, 0x90,
    0x3f, 0xff, 0xc0, 0x43, 0xff, 0x96, 0x82, 0xff,
    0xfe, 0x2, 0x1e, 0xc3, 0xff, 0x8e, 0x87, 0xff,
    0x1, 0x10, 0x21, 0xff, 0xc1, 0x41, 0x82, 0x6,
    0x1f, 0xe8, 0x8, 0x48, 0x20, 0xfd, 0x2, 0xd,
    0x23, 0xc8, 0x1b, 0x45, 0x7, 0x48, 0x1b, 0xd2,
    0xa, 0x7, 0xd7, 0x7, 0x36, 0x86,

    /* U+01A0 "Ơ" */
    0xf, 0xfe, 0x33, 0xe4, 0x3c, 0xff, 0x48, 0x7c,
    0x86, 0xb8, 0x39, 0xb4, 0x18, 0x7a, 0x40, 0xde,
    0x90, 0x51, 0x44, 0x14, 0x8f, 0x20, 0x6c, 0xc,
    0x48, 0x48, 0x20, 0xfd, 0x85, 0xa1, 0x40, 0xc3,
    0xfd, 0x1, 0xc, 0x87, 0xff, 0x5, 0x6, 0x1e,
    0x43, 0xff, 0x84, 0x87, 0xb0, 0xff, 0xe0, 0x21,
    0xc8, 0x7f, 0xf7, 0xd0, 0xff, 0xe6, 0x61, 0xff,
    0xc0, 0x43, 0xf2, 0x1f, 0xfc, 0x24, 0x32, 0x1f,
    0xfc, 0x14, 0x18, 0x68, 0x18, 0x7f, 0xa0, 0x21,
    0xc8, 0x20, 0xfd, 0x82, 0xf, 0x48, 0xf2, 0x6,
    0xc0, 0xa0, 0xfa, 0x40, 0xde, 0x90, 0x50, 0x3f,
    0xad, 0xe, 0x6d, 0xf, 0x0,

    /* U+01A1 "ơ" */
    0xf, 0xfe, 0x13, 0x21, 0xff, 0xc3, 0x98, 0x3f,
    0xf8, 0xa8, 0x73, 0x7d, 0x21, 0xd8, 0x6e, 0x42,
    0x6d, 0xc5, 0x5, 0x82, 0xfa, 0x4, 0x30, 0x50,
    0x34, 0x27, 0x3, 0x6, 0x44, 0x3e, 0x44, 0x32,
    0xc, 0x3e, 0xc3, 0xf9, 0xf, 0x90, 0x21, 0xff,
    0xdb, 0x40, 0x87, 0xc8, 0x10, 0xf6, 0x1f, 0x61,
    0xf2, 0x21, 0xf2, 0x21, 0xd0, 0x34, 0x27, 0x4,
    0x1e, 0xc1, 0x7d, 0x3, 0xf, 0xdc, 0x84, 0xd8,
    0x78,

    /* U+01A2 "Ƣ" */
    0xf, 0x5f, 0xd0, 0x75, 0xfa, 0xf, 0xad, 0xe,
    0x78, 0x74, 0x33, 0xa1, 0xb4, 0x17, 0xd0, 0x1e,
    0x1f, 0x48, 0x20, 0xa0, 0x3a, 0x13, 0xa1, 0x70,
    0x19, 0x2, 0x4, 0x60, 0xfa, 0x43, 0xf4, 0x1a,
    0x4, 0x1f, 0xd0, 0x20, 0xfd, 0x88, 0x7f, 0xf0,
    0xd0, 0xff, 0xe0, 0x21, 0xff, 0x21, 0xff, 0xc2,
    0xc3, 0xfe, 0xc3, 0xfe, 0x43, 0xff, 0xd2, 0x87,
    0xff, 0x47, 0xf, 0xfb, 0xf, 0xfe, 0x12, 0x1f,
    0xf2, 0x1f, 0xfc, 0x4, 0x3f, 0xf8, 0x70, 0x7f,
    0xa0, 0x41, 0xfd, 0x1, 0xf, 0xf9, 0x18, 0x3e,
    0x91, 0xf, 0xfe, 0x4, 0x7, 0x42, 0x74, 0x60,
    0xff, 0xe0, 0xe8, 0x2f, 0xa0, 0x30, 0x7f, 0xf0,
    0xed, 0xe, 0x78, 0x3f, 0xf8, 0x0,

    /* U+01A3 "ƣ" */
    0xd, 0x7e, 0x82, 0x7f, 0x21, 0xda, 0x19, 0xda,
    0x6, 0x90, 0xb0, 0x5e, 0x81, 0x2b, 0xd0, 0x20,
    0x40, 0xd0, 0x38, 0x50, 0x18, 0x32, 0x21, 0xe8,
    0x3c, 0x81, 0x40, 0xc3, 0xc8, 0x20, 0xff, 0x21,
    0xff, 0xef, 0x40, 0x87, 0xff, 0x23, 0xf, 0x20,
    0xc3, 0xf2, 0x21, 0xe8, 0x8, 0x7e, 0x81, 0xa1,
    0x60, 0x83, 0xfd, 0x82, 0xf8, 0x12, 0x1f, 0xf7,
    0x6, 0x74, 0x3f, 0xf8, 0x2f, 0xe8, 0x3f, 0xff,
    0xe1, 0xff, 0xf2,

    /* U+01A4 "Ƥ" */
    0x1f, 0xff, 0xa4, 0x34, 0x1f, 0xf3, 0x60, 0x81,
    0x60, 0x7f, 0x41, 0x61, 0x28, 0x2c, 0x33, 0xa0,
    0x43, 0xff, 0x85, 0x3, 0xb8, 0x3f, 0xfe, 0xb0,
    0x20, 0xff, 0xe0, 0x3a, 0x21, 0xfa, 0xfd, 0x1,
    0x83, 0xff, 0x84, 0xf0, 0x7f, 0x3f, 0xd0, 0x7f,
    0xd8, 0x7f, 0xff, 0xc3, 0xff, 0xbe,

    /* U+01A5 "ƥ" */
    0x7, 0xc8, 0x7f, 0x61, 0x61, 0xf9, 0x5, 0xc1,
    0xfb, 0x2, 0x1f, 0xfd, 0xfb, 0xe9, 0xe, 0x56,
    0x84, 0xd0, 0x33, 0x3f, 0x40, 0x50, 0x66, 0x9,
    0xc1, 0x6, 0x83, 0xd0, 0x10, 0xff, 0x20, 0xc3,
    0xff, 0xde, 0x87, 0x90, 0x61, 0x61, 0xe8, 0x8,
    0x4c, 0x13, 0x82, 0x9, 0x6f, 0xa0, 0x28, 0x26,
    0x88, 0x4d, 0x3, 0xcd, 0xf4, 0x87, 0xff, 0xfc,
    0x3f, 0xf8, 0x0,

    /* U+01A6 "Ʀ" */
    0x7c, 0x1f, 0xfe, 0x1f, 0xf4, 0x1f, 0xfc, 0x27,
    0x83, 0xd7, 0xe8, 0xc, 0x1c, 0x86, 0x70, 0x21,
    0xff, 0xc0, 0x80, 0x87, 0xfc, 0x87, 0xff, 0x45,
    0xf, 0xfe, 0x14, 0x4, 0x32, 0x19, 0xc1, 0x7,
    0x5f, 0xa0, 0x68, 0x7f, 0xf0, 0x30, 0xfb, 0xf4,
    0x4, 0x3f, 0xe4, 0x10, 0x7f, 0xf0, 0x30, 0x41,
    0xff, 0xc0, 0x45, 0x7, 0xfd, 0x2, 0x3, 0xe0,
    0xfb, 0x4, 0x1f, 0xfc, 0x4, 0x50, 0x7f, 0xd4,
    0x40,

    /* U+01A7 "Ƨ" */
    0xa, 0xfe, 0x83, 0x3a, 0x1c, 0xe8, 0x10, 0x53,
    0xa0, 0x20, 0xbc, 0xa1, 0x58, 0x20, 0xff, 0x22,
    0x1f, 0xfc, 0xb4, 0x3f, 0xec, 0x10, 0x7d, 0x60,
    0x50, 0x67, 0xc8, 0x28, 0x13, 0xc1, 0x5a, 0x15,
    0x0, 0xf9, 0xe, 0x41, 0xc1, 0xf4, 0xc, 0x3f,
    0xfa, 0xf8, 0x20, 0xfe, 0x40, 0xc8, 0x4d, 0xe3,
    0x46, 0xfa, 0x43, 0x51, 0xe, 0x6c,

    /* U+01A8 "ƨ" */
    0x5, 0xfd, 0x5, 0xa1, 0xce, 0x9, 0xbe, 0x81,
    0xc, 0x84, 0xc2, 0x1f, 0xb0, 0xfe, 0x91, 0xc,
    0xf9, 0x18, 0x17, 0x1, 0xe0, 0x68, 0x2e, 0xa,
    0x5, 0xa1, 0xf2, 0x83, 0xf9, 0xf, 0xd8, 0x20,
    0xcd, 0xa8, 0x7f, 0x48, 0x28, 0x87, 0x30,

    /* U+01A9 "Ʃ" */
    0xff, 0xfe, 0xa, 0x1f, 0xfc, 0x48, 0xf, 0xff,
    0x22, 0x84, 0x3f, 0xf8, 0x12, 0x61, 0xff, 0xc0,
    0x81, 0x87, 0xff, 0x3, 0x4, 0x1f, 0xfc, 0xc,
    0x60, 0xff, 0xe0, 0x42, 0x83, 0xfe, 0x51, 0x7,
    0xff, 0x1, 0x10, 0xff, 0xb0, 0x41, 0xfe, 0x81,
    0x87, 0xfa, 0x4c, 0x3f, 0xca, 0x20, 0xff, 0xa1,
    0x41, 0xfe, 0xc1, 0x7, 0xfa, 0x4, 0x1f, 0xf2,
    0xb, 0xff, 0xc8, 0x7f, 0xf0, 0xc0,

    /* U+01AA "ƪ" */
    0x5, 0xf2, 0x1f, 0x48, 0x52, 0x1e, 0x4b, 0x6,
    0x1f, 0x91, 0x10, 0xfc, 0x87, 0xf9, 0x2d, 0xf,
    0xd2, 0x1f, 0xfc, 0xb, 0xc8, 0x7f, 0xff, 0xc3,
    0xff, 0xfe, 0x1f, 0xff, 0xac, 0x3f, 0xf8, 0x8,
    0x20, 0xff, 0xe0, 0x3f, 0x21, 0xed, 0xc, 0x80,

    /* U+01AB "ƫ" */
    0x9, 0x83, 0xf4, 0x87, 0xff, 0x12, 0xc1, 0xf9,
    0x60, 0xfc, 0xf0, 0x3f, 0x21, 0xff, 0xff, 0xf,
    0xfe, 0x2a, 0xc, 0x3e, 0x41, 0xf2, 0x15, 0x3,
    0xf9, 0xf2, 0x1f, 0xfd, 0x14, 0x3f, 0x21, 0xf3,
    0xc0, 0x43, 0xf6, 0x0,

    /* U+01AC "Ƭ" */
    0x1f, 0xff, 0xe1, 0x10, 0x7f, 0xf0, 0xa0, 0x5f,
    0x1, 0xff, 0x1, 0x41, 0xff, 0xd0, 0xb8, 0x3f,
    0xff, 0xe1, 0xff, 0xff, 0xf, 0xff, 0xf8, 0x7f,
    0xf0, 0x0,

    /* U+01AD "ƭ" */
    0xd, 0x7d, 0x6, 0x90, 0x90, 0xc8, 0xfc, 0x12,
    0x8, 0x3f, 0xf9, 0xb4, 0x7, 0xe5, 0x83, 0xf3,
    0xc0, 0xfc, 0x87, 0xff, 0xfc, 0x3f, 0xf8, 0xa8,
    0x30, 0xf9, 0x7, 0xc8, 0x54, 0xe,

    /* U+01AE "Ʈ" */
    0xbf, 0xff, 0x84, 0x87, 0xff, 0x12, 0xfe, 0x41,
    0xfe, 0x43, 0xd8, 0x7f, 0xff, 0xc3, 0xff, 0xfe,
    0x1f, 0xff, 0xf0, 0xff, 0xff, 0x87, 0xff, 0x5d,
    0x4, 0x21, 0xff, 0xc1, 0x78, 0x3f, 0xed, 0xf,
    0x80,

    /* U+01AF "Ư" */
    0xf, 0xfe, 0x37, 0xcf, 0x83, 0xfd, 0x78, 0x32,
    0x1f, 0xfc, 0x54, 0x10, 0x7f, 0xf1, 0x28, 0x21,
    0xff, 0xc5, 0x4a, 0x7, 0xff, 0x17, 0xc8, 0x7f,
    0xff, 0xc3, 0xff, 0xfe, 0x1f, 0xfe, 0x4, 0x3f,
    0x91, 0xe, 0x41, 0x87, 0xfd, 0x87, 0x91, 0x41,
    0xf6, 0x4, 0x3d, 0x2, 0x88, 0x15, 0x82, 0xf,
    0xda, 0x37, 0xa8, 0x9, 0xf, 0xea, 0x21, 0xce,
    0x87, 0xc0,

    /* U+01B0 "ư" */
    0xf, 0xfe, 0x1b, 0x21, 0xff, 0xc3, 0x9c, 0x3f,
    0xf8, 0xbf, 0x41, 0xf5, 0xe2, 0x2, 0x1f, 0xfc,
    0x19, 0x20, 0xff, 0xe1, 0x24, 0x87, 0xff, 0xb,
    0xc8, 0x7f, 0xff, 0xc3, 0xff, 0xae, 0x88, 0x7c,
    0x87, 0xff, 0x11, 0xf, 0xd0, 0x34, 0x2a, 0x7,
    0xf2, 0xb, 0xe5, 0x41, 0xfa, 0x88, 0x4d, 0x10,
    0xf8,

    /* U+01B1 "Ʊ" */
    0xff, 0xc1, 0xbf, 0xf0, 0x7f, 0xf2, 0x3f, 0x20,
    0x83, 0x20, 0xbf, 0x4, 0xa2, 0x43, 0x50, 0x90,
    0xf4, 0x48, 0x79, 0x44, 0x1d, 0x81, 0xf, 0xd0,
    0x20, 0x90, 0x41, 0xfe, 0x84, 0x2c, 0x8, 0x7f,
    0x90, 0x40, 0x44, 0x3f, 0xf8, 0x48, 0x6c, 0x3f,
    0xf8, 0x8, 0x7f, 0xfd, 0xb0, 0xff, 0xe0, 0x21,
    0x91, 0xf, 0xfe, 0x12, 0xc, 0x10, 0x7f, 0xa0,
    0x40, 0x50, 0xc1, 0xfa, 0x44, 0x34, 0x7, 0x50,
    0x1b, 0x46, 0xe, 0xd0, 0x53, 0xd2, 0xa, 0x7,
    0xd6, 0x87, 0x36, 0x86,

    /* U+01B2 "Ʋ" */
    0x7c, 0x1e, 0x7f, 0x21, 0xff, 0xc3, 0x90, 0xff,
    0x5c, 0xc, 0x3f, 0x94, 0x28, 0x43, 0xff, 0xfe,
    0x1f, 0xff, 0xf0, 0xff, 0xe0, 0xa1, 0xfc, 0x8a,
    0x6, 0x1f, 0xf6, 0x22, 0x83, 0xec, 0x9, 0x2,
    0x88, 0x15, 0x82, 0xb, 0x3, 0x7a, 0x80, 0x90,
    0xdc, 0x86, 0x6d, 0x0,

    /* U+01B3 "Ƴ" */
    0xbc, 0x1f, 0xcf, 0xd0, 0x20, 0xfd, 0x6, 0x44,
    0x3e, 0x81, 0x64, 0x8, 0x3c, 0x92, 0x12, 0x21,
    0xd0, 0x10, 0xd0, 0x20, 0xc8, 0x87, 0x91, 0xa,
    0x4, 0x1e, 0x81, 0x1, 0x10, 0xfd, 0x8, 0x82,
    0xf, 0xc8, 0x28, 0x21, 0xfe, 0x84, 0x10, 0x7f,
    0x90, 0x90, 0xff, 0xe0, 0x40, 0x83, 0xff, 0xfe,
    0x1f, 0xfd, 0xf0,

    /* U+01B4 "ƴ" */
    0xf8, 0x3f, 0xaf, 0x10, 0x7f, 0xa4, 0x24, 0x10,
    0x7c, 0x96, 0x4, 0x43, 0xd0, 0x10, 0xa0, 0x21,
    0xc8, 0x87, 0xd8, 0x7d, 0x7, 0x42, 0x1a, 0xf,
    0xc8, 0x10, 0x92, 0xf, 0x92, 0x2, 0x4, 0x3e,
    0x83, 0x62, 0x1f, 0xf4, 0x26, 0x1f, 0xd0, 0xa0,
    0x21, 0xfc, 0x83, 0x10, 0xff, 0x91, 0x20, 0xff,
    0xb0, 0xff, 0xe1, 0xa0, 0x83, 0xff, 0x80, 0x81,
    0xf, 0xfe, 0x6, 0x21, 0xff, 0xc0, 0x51, 0x87,
    0xfc, 0xc2, 0x83, 0xf5, 0xe8, 0x10, 0x7f, 0xf0,
    0x5c, 0x3f, 0xc0,

    /* U+01B5 "Ƶ" */
    0xbf, 0xff, 0x81, 0x7, 0xff, 0xa, 0xff, 0xe4,
    0x18, 0x7f, 0x91, 0x41, 0xfd, 0x82, 0xf, 0xe4,
    0x10, 0x7f, 0xa1, 0x41, 0xfd, 0x2, 0xf, 0xe5,
    0x10, 0x77, 0xf4, 0xb, 0xd0, 0x10, 0xff, 0xe0,
    0xde, 0x81, 0x7e, 0x83, 0xa0, 0x21, 0xfd, 0x3,
    0xf, 0xe5, 0x10, 0x7f, 0xa1, 0x41, 0xfd, 0x82,
    0xf, 0xe8, 0x8, 0x7f, 0x90, 0x3f, 0xfe, 0xf,
    0xfe, 0x10,

    /* U+01B6 "ƶ" */
    0x7f, 0xfc, 0x1f, 0xfc, 0x17, 0xfd, 0x2, 0xf,
    0xd0, 0xa0, 0xfa, 0x4, 0x1f, 0x28, 0xc2, 0x7f,
    0x40, 0xf4, 0x1f, 0xfc, 0x17, 0xc8, 0x3f, 0x41,
    0x28, 0x83, 0xf4, 0x28, 0x3e, 0x81, 0x7, 0xca,
    0x20, 0xfd, 0x2, 0xff, 0x83, 0xff, 0x82,

    /* U+01B7 "Ʒ" */
    0x1f, 0xff, 0xe0, 0x7, 0xff, 0x15, 0xff, 0xc8,
    0x20, 0xff, 0x28, 0x90, 0xfe, 0x62, 0x43, 0xf9,
    0x85, 0x7, 0xf3, 0xc, 0x1f, 0xcc, 0x30, 0x7f,
    0x30, 0xc1, 0xfe, 0x80, 0xfa, 0x43, 0xe4, 0x39,
    0xb0, 0xf5, 0xfa, 0x41, 0x87, 0xf9, 0xa0, 0x10,
    0xff, 0x90, 0x61, 0xff, 0xc2, 0x43, 0xff, 0x84,
    0x87, 0xfd, 0x3, 0x3c, 0xa0, 0xce, 0x8a, 0xa,
    0x9f, 0xa0, 0x30, 0x39, 0xf, 0x3c, 0x0,

    /* U+01B8 "Ƹ" */
    0x2f, 0xff, 0xe0, 0x7, 0xff, 0x16, 0xa, 0xff,
    0xc1, 0x60, 0x83, 0xff, 0x81, 0x82, 0xf, 0xfe,
    0x6, 0x30, 0x7f, 0xf0, 0x21, 0x83, 0xfe, 0x61,
    0x83, 0xf9, 0xe0, 0x28, 0x3c, 0xf0, 0x7f, 0xcc,
    0xb, 0xf2, 0x1d, 0x3, 0x43, 0xff, 0x81, 0x7,
    0xfc, 0x81, 0xf, 0xfe, 0x72, 0x4, 0x3f, 0xf8,
    0x50, 0x7f, 0xf0, 0x20, 0x72, 0x19, 0xb4, 0x60,
    0x37, 0xe9, 0xc, 0xf2, 0x1e, 0x64,

    /* U+01B9 "ƹ" */
    0x1f, 0xff, 0x83, 0xff, 0x88, 0xa0, 0x7f, 0xe0,
    0xa0, 0x61, 0xff, 0x60, 0x83, 0xfe, 0xc6, 0xf,
    0xfa, 0x14, 0x1f, 0xe5, 0x10, 0x7f, 0xd2, 0x61,
    0xfd, 0x44, 0x10, 0x7a, 0xd4, 0x1f, 0xd2, 0xb,
    0xe8, 0x32, 0x87, 0x43, 0xf6, 0x8, 0x3f, 0xc8,
    0x87, 0xff, 0x7, 0xf, 0xfe, 0xe, 0x1f, 0xfc,
    0x14, 0x3f, 0xe8, 0x10, 0x7f, 0x94, 0x32, 0x19,
    0xa0, 0x24, 0x6f, 0xd2, 0x1a, 0x88, 0x73, 0x40,

    /* U+01BA "ƺ" */
    0x3f, 0xfe, 0xf, 0xfe, 0x1f, 0xfc, 0x16, 0x1f,
    0xb0, 0x61, 0xfb, 0x6, 0x1f, 0xb0, 0x61, 0xfb,
    0x6, 0x1f, 0xb0, 0xbd, 0x7, 0x90, 0xe7, 0x43,
    0x5f, 0xa0, 0x41, 0xfc, 0xe0, 0x43, 0xff, 0x81,
    0x87, 0xff, 0x3, 0xf, 0xe4, 0x3f, 0xe6, 0x2,
    0x6, 0xfd, 0x3, 0x5, 0x10, 0xcd, 0x84, 0x8f,
    0xe9, 0xf, 0x41, 0xff, 0xc0, 0x83, 0x34, 0x9,
    0x1f, 0xd2, 0x1a, 0xd0, 0xe6, 0x0,

    /* U+01BB "ƻ" */
    0x9, 0xfd, 0x21, 0xcf, 0x6, 0x68, 0x1a, 0x5,
    0xe8, 0xa, 0xa, 0x9a, 0x7, 0x6, 0x12, 0x83,
    0xc8, 0x87, 0xff, 0x35, 0x10, 0xff, 0xe0, 0xe1,
    0xfe, 0x80, 0x85, 0x7f, 0x90, 0x79, 0x10, 0xff,
    0xe0, 0xff, 0x5, 0xf9, 0xe, 0x81, 0x87, 0xf2,
    0x88, 0x3f, 0xd0, 0xa0, 0xfe, 0xc1, 0x7, 0xf4,
    0xc, 0x3f, 0xa4, 0x83, 0xf9, 0x44, 0x87, 0xf6,
    0xb, 0xff, 0xa0, 0xff, 0xe1, 0x0,

    /* U+01BC "Ƽ" */
    0x3f, 0xff, 0x82, 0x1f, 0xfc, 0x5f, 0x40, 0xbf,
    0xe0, 0xff, 0xff, 0x87, 0xd7, 0xd0, 0x7f, 0xf0,
    0x9e, 0xe, 0x7f, 0xa0, 0x30, 0x7f, 0x9d, 0x14,
    0x1f, 0xf4, 0xc, 0x3f, 0xf8, 0x48, 0x7f, 0xf0,
    0x90, 0xff, 0xe7, 0x60, 0x8f, 0x28, 0x33, 0x81,
    0xd, 0x4f, 0xd0, 0x28, 0xe, 0x43, 0x9b, 0x40,

    /* U+01BD "ƽ" */
    0x3f, 0xfd, 0x7, 0xff, 0xf, 0xc0, 0xbf, 0xa0,
    0xff, 0xea, 0x5f, 0x41, 0xff, 0xc0, 0x74, 0x37,
    0xf4, 0x8, 0x3f, 0x98, 0x8, 0x7f, 0x21, 0xff,
    0xcd, 0x40, 0x9c, 0x86, 0xa0, 0x84, 0xdf, 0x91,
    0x81, 0x21, 0xcd, 0x0,

    /* U+01BE "ƾ" */
    0xd, 0x7, 0xf2, 0xc1, 0xfa, 0xf, 0xfe, 0x33,
    0xe0, 0x5f, 0x46, 0x1f, 0xeb, 0xc0, 0xbe, 0x83,
    0xff, 0xb7, 0x40, 0xfb, 0x3, 0xc1, 0xee, 0x3,
    0x87, 0x9e, 0x4, 0x1f, 0x21, 0xff, 0xc2, 0xe4,
    0x34, 0xc, 0x6f, 0xc8, 0xa9, 0xe, 0x78,

    /* U+01BF "ƿ" */
    0xb4, 0x6f, 0xa0, 0xf6, 0xc8, 0x4e, 0x86, 0x67,
    0xe8, 0x10, 0x73, 0x4, 0xc0, 0x83, 0x41, 0xca,
    0x10, 0xff, 0xe6, 0xe1, 0xff, 0xc1, 0xc3, 0xff,
    0x82, 0x87, 0xff, 0x1, 0x4, 0x1f, 0xe8, 0x8,
    0x7e, 0x70, 0x61, 0xf3, 0xc0, 0xc3, 0xde, 0x80,
    0xe1, 0xfc, 0xdc, 0x1f, 0xbd, 0x21, 0xff, 0xff,
    0xf, 0xfe, 0x20,

    /* U+01C0 "ǀ" */
    0x7c, 0x1f, 0xff, 0x0,

    /* U+01C1 "ǁ" */
    0x7c, 0x13, 0xe0, 0xff, 0xff, 0x87, 0xff, 0xfc,
    0x3f, 0xfa, 0x40,

    /* U+01C2 "ǂ" */
    0xe, 0xf2, 0x1f, 0xff, 0xf0, 0x7e, 0x5, 0xf4,
    0x1f, 0xfc, 0x1f, 0xc0, 0xbe, 0x83, 0xff, 0x9b,
    0xf8, 0x17, 0xd0, 0x7f, 0xf0, 0x7f, 0x2, 0xfa,
    0xf, 0xff, 0xe0,

    /* U+01C3 "ǃ" */
    0xbc, 0x1f, 0xfc, 0x5c, 0x3f, 0xf8, 0xe8, 0x87,
    0xff, 0xb, 0x83, 0xd4, 0x35, 0x83, 0x40, 0x40,

    /* U+01C4 "Ǆ" */
    0xf, 0xfe, 0x4b, 0xe0, 0xcf, 0x83, 0xff, 0x98,
    0xc6, 0xa, 0x18, 0x7f, 0xf3, 0x54, 0x72, 0x61,
    0xff, 0xcf, 0x91, 0x30, 0xff, 0xe8, 0xca, 0x83,
    0xff, 0xa7, 0x44, 0x3c, 0xff, 0xe9, 0xf, 0xcf,
    0xff, 0xf0, 0x43, 0xfc, 0xdc, 0x1f, 0xfc, 0xcb,
    0xf4, 0x81, 0xc3, 0x9f, 0xfe, 0x41, 0x6, 0x43,
    0x36, 0x83, 0xf, 0xfe, 0x12, 0x28, 0x3f, 0xf8,
    0x14, 0x4, 0x1f, 0xfc, 0xc, 0x10, 0x7f, 0xf0,
    0x90, 0x21, 0xff, 0x20, 0x83, 0xff, 0x89, 0x1,
    0xf, 0xf4, 0x28, 0x3f, 0xf8, 0x88, 0x30, 0xfe,
    0xc1, 0x7, 0xff, 0x45, 0x4, 0x1f, 0xfd, 0x28,
    0x8, 0x7f, 0xf4, 0x70, 0x61, 0xff, 0xd1, 0x41,
    0x7, 0xff, 0x2f, 0xf, 0x40, 0x43, 0xff, 0x90,
    0x81, 0xe, 0x81, 0x87, 0xff, 0x26, 0xf, 0x94,
    0x21, 0xff, 0xc9, 0x81, 0x7, 0x40, 0x83, 0xff,
    0x91, 0x22, 0x83, 0x40, 0xc3, 0xff, 0x82, 0x86,
    0x6d, 0x4, 0x19, 0x42, 0x1f, 0xfc, 0x2b, 0xf4,
    0x82, 0xc3, 0xa0, 0x3f, 0xfe, 0xf, 0xf3, 0x68,
    0x7f, 0xf2, 0x40,

    /* U+01C5 "ǅ" */
    0xf, 0xfe, 0x43, 0xc1, 0xad, 0x1f, 0xfd, 0x21,
    0xfc, 0xce, 0xad, 0x90, 0xff, 0x37, 0x7, 0xe6,
    0x28, 0x48, 0x75, 0xfa, 0x40, 0xe1, 0xf9, 0x40,
    0x50, 0x79, 0xc, 0xda, 0xc, 0x3f, 0x5e, 0x83,
    0xff, 0x87, 0x40, 0x41, 0xff, 0xcf, 0x40, 0x86,
    0xff, 0xf2, 0x1f, 0xfc, 0x18, 0x8, 0x7f, 0xf3,
    0xd0, 0x61, 0x7f, 0xc1, 0x21, 0xff, 0xce, 0x81,
    0x87, 0xff, 0x39, 0x44, 0x1f, 0xfc, 0xf8, 0x50,
    0x7f, 0xf3, 0xa0, 0x41, 0xff, 0xc7, 0xc3, 0xca,
    0x20, 0xff, 0xe2, 0xa0, 0x43, 0xd0, 0xa0, 0xff,
    0xe2, 0xc1, 0xfa, 0x4, 0x1f, 0xfc, 0x58, 0x10,
    0x72, 0x8c, 0x3f, 0xf8, 0xb2, 0x28, 0x3a, 0x10,
    0xff, 0x21, 0x9b, 0x41, 0x7, 0x60, 0x83, 0xfd,
    0x7e, 0x90, 0x58, 0x72, 0x17, 0xfc, 0x87, 0xf3,
    0x68, 0x7f, 0xf1, 0x70,

    /* U+01C6 "ǆ" */
    0xf, 0xfa, 0xf0, 0x6b, 0x43, 0x79, 0xf, 0xfe,
    0x3c, 0xd0, 0x72, 0x43, 0xff, 0x91, 0xf, 0x12,
    0x1f, 0xfc, 0xac, 0x25, 0x7, 0xff, 0x33, 0xa8,
    0x3f, 0xf9, 0xca, 0xf, 0xeb, 0xf2, 0x1f, 0xbf,
    0xfc, 0x13, 0xa1, 0xa8, 0x1f, 0xfc, 0x88, 0x17,
    0xcb, 0x7, 0xbf, 0xe0, 0xe8, 0x1a, 0x14, 0x87,
    0xff, 0x6, 0x6, 0x4, 0x43, 0xd0, 0x7f, 0xf0,
    0x14, 0x40, 0x41, 0x87, 0xff, 0x1e, 0x14, 0x1c,
    0x87, 0xc8, 0x7f, 0xb0, 0x41, 0xff, 0xcc, 0x81,
    0x87, 0xff, 0x35, 0x10, 0xff, 0xe6, 0xe0, 0x83,
    0x90, 0x21, 0xf2, 0x1f, 0x40, 0xc3, 0xe4, 0x83,
    0xc8, 0x7c, 0xa2, 0xf, 0xd0, 0x20, 0xcc, 0x1f,
    0x42, 0x83, 0xfa, 0x1f, 0xd0, 0x87, 0x40, 0x6b,
    0xe0, 0x9d, 0xd, 0x70, 0x7f, 0x2f, 0xe0,

    /* U+01C7 "Ǉ" */
    0x7c, 0x1f, 0xfc, 0xf, 0x83, 0xff, 0xfe, 0x1f,
    0xff, 0xf0, 0xff, 0xff, 0x87, 0xff, 0xd9, 0xf,
    0xfe, 0x2d, 0xff, 0x83, 0xff, 0x98, 0xff, 0xfc,
    0x1c, 0x87, 0xff, 0x53, 0x4, 0x1f, 0xeb, 0xe0,
    0x21, 0xff, 0x61, 0xa8, 0x1f, 0xf3, 0xf9, 0x0,

    /* U+01C8 "ǈ" */
    0xf, 0xfe, 0x1d, 0xab, 0xc1, 0xff, 0xc0, 0x4c,
    0x3f, 0xf8, 0xb8, 0x7f, 0xf0, 0xfc, 0x87, 0xff,
    0x9f, 0xd0, 0x7f, 0xff, 0xc3, 0xff, 0xfe, 0x1f,
    0xfe, 0x74, 0x3f, 0xf8, 0xb7, 0xfe, 0xf, 0xfe,
    0x63, 0xff, 0xf0, 0x7f, 0xfb, 0xf0, 0xff, 0xe1,
    0x40, 0x43, 0xfe, 0xf9, 0x10, 0xff, 0xe0, 0x21,
    0x30,

    /* U+01C9 "ǉ" */
    0xbc, 0x1d, 0xe0, 0xfd, 0x1, 0xf, 0xb0, 0x21,
    0xf3, 0xe0, 0xff, 0xe9, 0x3e, 0xf, 0xff, 0xf8,
    0x7f, 0xff, 0xc3, 0xaf, 0x7, 0xff, 0x67, 0xf,
    0xf2, 0x21, 0x9f, 0x81, 0x6, 0x43, 0x40,

    /* U+01CA "Ǌ" */
    0x7e, 0xf, 0xf7, 0xa0, 0xef, 0x21, 0xa0, 0xff,
    0xe6, 0x28, 0x3f, 0xf9, 0x90, 0x7f, 0xf2, 0xa0,
    0x41, 0xff, 0xc9, 0x50, 0x87, 0xff, 0x2a, 0x6,
    0x1f, 0xfc, 0xa8, 0x10, 0x7f, 0xf2, 0x50, 0x21,
    0xff, 0xca, 0xc1, 0x87, 0xff, 0x2a, 0x4, 0x1f,
    0xfc, 0x94, 0x8, 0x7f, 0xf2, 0xb0, 0x61, 0xff,
    0xca, 0x40, 0x88, 0x7f, 0xf1, 0xe0, 0x41, 0xff,
    0xca, 0x81, 0x87, 0xff, 0x25, 0x40, 0x43, 0xff,
    0x93, 0x7, 0xff, 0x36, 0xf, 0xfe, 0x62, 0x83,
    0xfe, 0x7c, 0x1f, 0xeb, 0xd0, 0x7f, 0xf4, 0x50,
    0x21, 0xff, 0xc8, 0x60, 0xff, 0xe4, 0x7d, 0x3,
    0xf, 0xfe, 0x53, 0x87, 0xff, 0x1f, 0xf4, 0x10,

    /* U+01CB "ǋ" */
    0xf, 0xfe, 0x57, 0x87, 0xe0, 0xff, 0x7a, 0xc,
    0x81, 0xd, 0x7, 0xff, 0x11, 0x2, 0x19, 0x41,
    0xff, 0xc4, 0xf0, 0x7a, 0xf, 0xfe, 0x56, 0x8,
    0x3f, 0xf9, 0x48, 0x87, 0xff, 0x9, 0xf0, 0x74,
    0xc, 0x3f, 0xf9, 0x50, 0x20, 0xff, 0xe4, 0xa8,
    0x43, 0xff, 0x95, 0x3, 0xf, 0xfe, 0x54, 0x8,
    0x3f, 0xf9, 0x28, 0x10, 0xff, 0xe5, 0x60, 0xc3,
    0xff, 0x94, 0x81, 0x10, 0xff, 0xe3, 0xc0, 0x83,
    0xff, 0x95, 0x83, 0xf, 0xfe, 0x52, 0x4, 0x3f,
    0xf9, 0x30, 0x7f, 0xf3, 0x60, 0xff, 0xe6, 0x28,
    0x3f, 0xe7, 0xc1, 0xfe, 0xbd, 0x7, 0xff, 0xfc,
    0x3f, 0xfa, 0x30, 0x7f, 0xf2, 0x1f, 0x81, 0x7,
    0xff, 0x19, 0xd, 0x20,

    /* U+01CC "ǌ" */
    0xf, 0xfe, 0x37, 0x83, 0xff, 0x8c, 0x81, 0xf,
    0xfe, 0x2a, 0x4, 0x3f, 0xf8, 0xde, 0xf, 0xfe,
    0xfd, 0xa0, 0xbf, 0x21, 0xe7, 0xc1, 0x6e, 0x86,
    0xb0, 0xff, 0x99, 0xbe, 0x9, 0xf, 0xfe, 0x4,
    0x85, 0x82, 0xf, 0xfa, 0xf, 0x21, 0xff, 0xc1,
    0x43, 0xd8, 0x7f, 0xff, 0xc3, 0xff, 0xfe, 0x1f,
    0xfe, 0x5b, 0xc1, 0xf3, 0xe0, 0xff, 0xff, 0x87,
    0xff, 0x6, 0xf, 0xfe, 0x2f, 0xc0, 0x83, 0xff,
    0x8f, 0x20,

    /* U+01CD "Ǎ" */
    0xd, 0x68, 0x6b, 0x43, 0xf4, 0x50, 0x1a, 0xc1,
    0xfd, 0x8d, 0x8c, 0x1f, 0xf6, 0x20, 0x83, 0xff,
    0x83, 0x2b, 0xf, 0xfe, 0x13, 0x40, 0xff, 0xe1,
    0xbe, 0x43, 0xff, 0x85, 0x3, 0xf, 0xfe, 0x2a,
    0x1f, 0xfc, 0x18, 0x40, 0x87, 0xff, 0x1, 0x34,
    0x83, 0xfe, 0x40, 0xc1, 0xff, 0xc1, 0xc4, 0x34,
    0x1f, 0xe4, 0xc1, 0x8, 0x7f, 0x40, 0x40, 0x81,
    0xf, 0xc8, 0x87, 0xa0, 0xf9, 0x4, 0x1a, 0xf,
    0xec, 0x3e, 0x41, 0x7, 0x90, 0x7f, 0x80, 0x87,
    0x21, 0xff, 0xc0, 0x43, 0x43, 0xff, 0x81, 0x87,
    0xb0, 0xfc, 0x88, 0x50, 0x10, 0xfd, 0x1, 0x2,
    0x21, 0xfe, 0x48, 0x41, 0x7, 0xfb, 0x3, 0x8,
    0x7f, 0xc8, 0x30,

    /* U+01CE "ǎ" */
    0x2, 0x83, 0xd2, 0x1a, 0xc2, 0x75, 0x4, 0xc6,
    0xd0, 0xc3, 0x94, 0x49, 0x87, 0xd2, 0x8, 0x3f,
    0xaf, 0x21, 0xff, 0xc8, 0x6f, 0xd0, 0x77, 0x21,
    0x9d, 0x9, 0x57, 0xd0, 0x20, 0xa8, 0x84, 0xe0,
    0x43, 0xff, 0xa2, 0xdf, 0xc1, 0x9e, 0x45, 0xc1,
    0xa0, 0x7a, 0xb0, 0x50, 0x30, 0xff, 0xe9, 0xe1,
    0x60, 0x82, 0x70, 0xc8, 0x1f, 0xa2, 0x42, 0xe0,
    0xce, 0xe0,

    /* U+01CF "Ǐ" */
    0xf2, 0x1b, 0xce, 0x50, 0x19, 0x26, 0x36, 0x48,
    0x58, 0x8a, 0xe, 0x9a, 0x7, 0x99, 0xe, 0xff,
    0x90, 0x41, 0xca, 0x3, 0xa0, 0xe0, 0xff, 0xff,
    0x87, 0xff, 0xfc, 0x27, 0x41, 0xc1, 0x41, 0xca,
    0x0,

    /* U+01D0 "ǐ" */
    0x3c, 0x86, 0xf0, 0x32, 0x47, 0x20, 0xb2, 0xa2,
    0x43, 0x42, 0x28, 0x39, 0x9a, 0x7, 0xcc, 0x87,
    0xeb, 0xc1, 0xff, 0xff, 0xf, 0xff, 0xf8, 0x7e,

    /* U+01D1 "Ǒ" */
    0xe, 0xb8, 0x35, 0xa1, 0xfe, 0x95, 0x83, 0x64,
    0x3f, 0xe9, 0x3c, 0x48, 0x7f, 0xf0, 0x64, 0xa,
    0xf, 0xfe, 0x1d, 0xe8, 0x3f, 0xfa, 0xcf, 0xf4,
    0x87, 0xfa, 0xe0, 0xe6, 0xd0, 0xfa, 0x40, 0xde,
    0x90, 0x50, 0x3a, 0x47, 0x90, 0x36, 0x5, 0x6,
    0x41, 0x7, 0xec, 0x10, 0x50, 0x20, 0xff, 0x40,
    0x40, 0x81, 0xf, 0xf2, 0xc, 0x32, 0x1f, 0xfc,
    0x4, 0x43, 0x61, 0xff, 0xc4, 0x43, 0xff, 0xb6,
    0x87, 0xff, 0x2b, 0xf, 0xfe, 0x2, 0x1e, 0x43,
    0xff, 0x84, 0x81, 0x2, 0x1f, 0xe4, 0x18, 0x20,
    0x41, 0xfe, 0x80, 0x84, 0x82, 0xf, 0xd8, 0x20,
    0xd2, 0x3c, 0x81, 0xb0, 0x28, 0x3a, 0x40, 0xde,
    0x90, 0x50, 0x3e, 0xb8, 0x39, 0xb4, 0x30,

    /* U+01D2 "ǒ" */
    0xa, 0x43, 0x98, 0x3e, 0xa0, 0x54, 0xf, 0xa5,
    0x66, 0xa8, 0x3e, 0x81, 0x82, 0xf, 0xec, 0x2c,
    0x3f, 0xef, 0x83, 0xff, 0x9a, 0xdf, 0x48, 0x7d,
    0xc8, 0x4d, 0x87, 0x60, 0xbe, 0x81, 0x85, 0x3,
    0x42, 0x70, 0x40, 0x44, 0x3e, 0x44, 0x41, 0x87,
    0xd8, 0x79, 0xf, 0x90, 0x21, 0xff, 0xd2, 0x40,
    0x87, 0xc8, 0x10, 0xb0, 0xfb, 0xc, 0x88, 0x7c,
    0x88, 0x20, 0x68, 0x4e, 0x8, 0x2c, 0x17, 0xd0,
    0x30, 0xee, 0x42, 0x6c, 0x20,

    /* U+01D3 "Ǔ" */
    0x9, 0xf0, 0x67, 0x83, 0xcc, 0x69, 0xcc, 0x1f,
    0x31, 0x63, 0x7, 0xf3, 0x5, 0x7, 0xfc, 0xfc,
    0x1f, 0xfc, 0xa7, 0xc1, 0xfe, 0xbc, 0x1f, 0xff,
    0xf0, 0xff, 0xff, 0x87, 0xff, 0xc5, 0xf, 0xe4,
    0x50, 0x30, 0xff, 0xb1, 0x14, 0x1f, 0x60, 0x48,
    0x14, 0x40, 0xd8, 0x20, 0xb0, 0x37, 0xa4, 0x12,
    0x1b, 0x90, 0xcd, 0xa0,

    /* U+01D4 "ǔ" */
    0x2, 0x83, 0x98, 0x3a, 0xc2, 0xa0, 0x72, 0x8c,
    0x92, 0xe, 0x93, 0x4c, 0x3e, 0x82, 0xc3, 0xfb,
    0xe0, 0xff, 0xe3, 0x7a, 0xf, 0xaf, 0x7, 0xff,
    0xfc, 0x3f, 0xfb, 0xc8, 0x87, 0xc8, 0x7f, 0xc8,
    0x50, 0x34, 0x2a, 0x6, 0x41, 0x7c, 0xa8, 0x2a,
    0x21, 0x34, 0x40,

    /* U+01D5 "Ǖ" */
    0xd, 0xff, 0x90, 0xff, 0xe5, 0xff, 0xe4, 0x3f,
    0x48, 0x54, 0xf, 0xd3, 0x1, 0x60, 0xfd, 0x88,
    0x10, 0xff, 0x3c, 0x17, 0x83, 0xff, 0x90, 0xf8,
    0x3f, 0xd7, 0x83, 0xff, 0xfe, 0x1f, 0xff, 0xf0,
    0xff, 0xf8, 0xa1, 0xfc, 0x8a, 0x6, 0x1f, 0xf6,
    0x22, 0x83, 0xec, 0x9, 0x2, 0x88, 0x1b, 0x4,
    0x16, 0x6, 0xf4, 0x82, 0x43, 0x72, 0x19, 0xb4,
    0x0,

    /* U+01D6 "ǖ" */
    0x5, 0xff, 0x83, 0x61, 0xff, 0xc0, 0x7f, 0xf0,
    0x77, 0x82, 0xb4, 0x32, 0x4, 0x9, 0x86, 0x5c,
    0x9, 0x83, 0xa8, 0x13, 0x7, 0xff, 0x13, 0xd0,
    0x7d, 0x78, 0x3f, 0xff, 0xe1, 0xff, 0xde, 0x44,
    0x3e, 0x43, 0xfe, 0x42, 0x81, 0xa1, 0x50, 0x32,
    0xb, 0xe5, 0x41, 0x51, 0x9, 0xa2, 0x0,

    /* U+01D7 "Ǘ" */
    0xf, 0xef, 0x83, 0xff, 0x81, 0x2, 0xf, 0xf9,
    0x44, 0x87, 0xfd, 0x1a, 0x1f, 0xe9, 0xf1, 0x40,
    0xfd, 0x30, 0x16, 0xf, 0xd8, 0x81, 0xf, 0xf3,
    0xc1, 0x78, 0x3f, 0xf9, 0xf, 0x83, 0xfd, 0x78,
    0x3f, 0xff, 0xe1, 0xff, 0xff, 0xf, 0xff, 0x8a,
    0x1f, 0xc8, 0xa0, 0x61, 0xff, 0x62, 0x28, 0x3e,
    0xc0, 0x90, 0x28, 0x81, 0xb0, 0x41, 0x60, 0x6f,
    0x48, 0x24, 0x37, 0x21, 0x9b, 0x40,

    /* U+01D8 "ǘ" */
    0xf, 0x9f, 0x41, 0xfd, 0xc, 0x1f, 0xb1, 0x83,
    0xf4, 0x50, 0x3e, 0xf5, 0xb6, 0x86, 0x40, 0x81,
    0x30, 0xcb, 0x81, 0x30, 0x75, 0x2, 0x60, 0xff,
    0xe2, 0x7a, 0xf, 0xaf, 0x7, 0xff, 0xfc, 0x3f,
    0xfb, 0xc8, 0x87, 0xc8, 0x7f, 0xc8, 0x50, 0x34,
    0x2a, 0x6, 0x41, 0x7c, 0xa8, 0x2a, 0x21, 0x34,
    0x40,

    /* U+01D9 "Ǚ" */
    0xd, 0x21, 0xca, 0xf, 0x9a, 0x1, 0xe0, 0xfd,
    0xab, 0xa1, 0x21, 0xfa, 0x2, 0x48, 0x7f, 0xb5,
    0x48, 0x7f, 0xa6, 0x8d, 0x3, 0xf4, 0xc0, 0x58,
    0x3f, 0x62, 0x4, 0x3f, 0xcf, 0x5, 0xe0, 0xff,
    0xe4, 0x3e, 0xf, 0xf5, 0xe0, 0xff, 0xff, 0x87,
    0xff, 0xfc, 0x3f, 0xfe, 0x28, 0x7f, 0x22, 0x81,
    0x87, 0xfd, 0x88, 0xa0, 0xfb, 0x2, 0x40, 0xa2,
    0x6, 0xc1, 0x5, 0x81, 0xbd, 0x20, 0x90, 0xdc,
    0x86, 0x6d, 0x0,

    /* U+01DA "ǚ" */
    0x2, 0x83, 0x98, 0x3a, 0xc2, 0xe0, 0xe6, 0x3b,
    0x18, 0x39, 0x84, 0x60, 0xf9, 0x9a, 0x7, 0xde,
    0x66, 0xd0, 0xc8, 0x10, 0x26, 0x19, 0x70, 0x26,
    0xe, 0xa0, 0x4c, 0x1f, 0xfc, 0x4f, 0x41, 0xf5,
    0xe0, 0xff, 0xff, 0x87, 0xff, 0x79, 0x10, 0xf9,
    0xf, 0xf9, 0xa, 0x6, 0x85, 0x40, 0xc8, 0x2f,
    0x95, 0x5, 0x44, 0x26, 0x88, 0x0,

    /* U+01DB "Ǜ" */
    0xd, 0x79, 0xf, 0xfe, 0x4, 0x90, 0x7f, 0xf0,
    0x64, 0xc3, 0xff, 0x83, 0x24, 0x1f, 0xf4, 0xdd,
    0x41, 0xfa, 0x60, 0x2c, 0x1f, 0xb1, 0x2, 0x1f,
    0xe7, 0x82, 0xf0, 0x7f, 0xf2, 0x1f, 0x7, 0xfa,
    0xf0, 0x7f, 0xff, 0xc3, 0xff, 0xfe, 0x1f, 0xff,
    0x14, 0x3f, 0x91, 0x40, 0xc3, 0xfe, 0xc4, 0x50,
    0x7d, 0x81, 0x20, 0x51, 0x3, 0x60, 0x82, 0xc0,
    0xde, 0x90, 0x48, 0x6e, 0x43, 0x36, 0x80,

    /* U+01DC "ǜ" */
    0x3, 0xf0, 0x7f, 0x30, 0x10, 0xfe, 0x62, 0xf,
    0xf3, 0x98, 0x7e, 0xf1, 0xeb, 0x43, 0x20, 0x40,
    0x98, 0x65, 0xc0, 0x98, 0x3a, 0x81, 0x30, 0x7f,
    0xf1, 0x3d, 0x7, 0xd7, 0x83, 0xff, 0xfe, 0x1f,
    0xfd, 0xe4, 0x43, 0xe4, 0x3f, 0xe4, 0x28, 0x1a,
    0x15, 0x3, 0x20, 0xbe, 0x54, 0x15, 0x10, 0x9a,
    0x20,

    /* U+01DD "ǝ" */
    0x5, 0xfd, 0x21, 0xda, 0x1c, 0xd0, 0x39, 0xbe,
    0x91, 0x82, 0xe4, 0x26, 0x82, 0x83, 0xfc, 0x82,
    0xf, 0xfa, 0xf, 0xfe, 0x2d, 0xff, 0xd0, 0x7f,
    0xf1, 0x70, 0x7f, 0xd0, 0x79, 0xf, 0x42, 0x20,
    0xc3, 0x90, 0x60, 0x86, 0x9, 0x85, 0x1, 0x43,
    0xf4, 0x30, 0x6b, 0x42, 0x68, 0x10,

    /* U+01DE "Ǟ" */
    0xc, 0xff, 0xe0, 0xff, 0xe7, 0xbf, 0xf8, 0x3f,
    0xfa, 0x16, 0x81, 0xd0, 0xff, 0x26, 0x8, 0x83,
    0xfd, 0x30, 0x26, 0xf, 0xf3, 0x4, 0xc8, 0x7f,
    0xf0, 0x1f, 0x21, 0xff, 0xc2, 0x81, 0x87, 0xff,
    0x15, 0xf, 0xfe, 0xc, 0x20, 0x43, 0xff, 0x80,
    0x9a, 0x41, 0xff, 0x20, 0x60, 0xff, 0xe0, 0xe2,
    0x1a, 0xf, 0xf2, 0x60, 0x84, 0x3f, 0xa0, 0x20,
    0x40, 0x87, 0xe4, 0x43, 0xd0, 0x7c, 0x82, 0xd,
    0x7, 0xf6, 0x1f, 0x20, 0x83, 0xc8, 0x3f, 0xc0,
    0x43, 0x90, 0xff, 0xe0, 0x21, 0xa1, 0xff, 0xc0,
    0xc3, 0xd8, 0x7e, 0x44, 0x28, 0x8, 0x7e, 0x80,
    0x81, 0x10, 0xff, 0x24, 0x20, 0x83, 0xfd, 0x81,
    0x84, 0x3f, 0xe4, 0x18,

    /* U+01DF "ǟ" */
    0x3, 0xff, 0x83, 0xff, 0x8a, 0xff, 0xe0, 0xeb,
    0xa, 0xd0, 0xe4, 0x40, 0x98, 0x74, 0xa0, 0x4e,
    0x1c, 0xc1, 0x32, 0x1f, 0xfc, 0x66, 0xfd, 0x7,
    0x72, 0x19, 0xd0, 0x95, 0x7d, 0x2, 0xa, 0x88,
    0x4e, 0x4, 0x3f, 0xfa, 0x2d, 0xfc, 0x19, 0xe4,
    0x5c, 0x1a, 0x7, 0xab, 0x5, 0x3, 0xf, 0xfe,
    0x9e, 0x16, 0x8, 0x27, 0xc, 0x81, 0xfa, 0x24,
    0x2e, 0xc, 0xee, 0x0,

    /* U+01E0 "Ǡ" */
    0xc, 0xff, 0xe0, 0xff, 0xe7, 0xbf, 0xf8, 0x3f,
    0xfa, 0x7e, 0xf, 0xfe, 0x1a, 0x4, 0x3f, 0xf8,
    0x48, 0x10, 0xff, 0xe1, 0xf8, 0x3f, 0xf8, 0x6f,
    0x90, 0xff, 0xe1, 0x40, 0xc3, 0xff, 0x8a, 0x87,
    0xff, 0x6, 0x10, 0x21, 0xff, 0xc0, 0x4d, 0x20,
    0xff, 0x90, 0x30, 0x7f, 0xf0, 0x71, 0xd, 0x7,
    0xf9, 0x30, 0x42, 0x1f, 0xd0, 0x10, 0x20, 0x43,
    0xf2, 0x21, 0xe8, 0x3e, 0x41, 0x6, 0x83, 0xfb,
    0xf, 0x90, 0x41, 0xe4, 0x1f, 0xe0, 0x21, 0xc8,
    0x7f, 0xf0, 0x10, 0xd0, 0xff, 0xe0, 0x61, 0xec,
    0x3f, 0x22, 0x14, 0x4, 0x3f, 0x40, 0x40, 0x88,
    0x7f, 0x92, 0x10, 0x41, 0xfe, 0xc0, 0xc2, 0x1f,
    0xf2, 0xc,

    /* U+01E1 "ǡ" */
    0x3, 0xff, 0x83, 0xff, 0x8a, 0xff, 0xe0, 0xf9,
    0xf0, 0x7f, 0xb0, 0xff, 0xe0, 0x61, 0xff, 0xc0,
    0x7c, 0x1f, 0xfc, 0x96, 0xfd, 0x7, 0x72, 0x19,
    0xd0, 0x95, 0x7d, 0x2, 0xa, 0x88, 0x4e, 0x4,
    0x3f, 0xfa, 0x2d, 0xfc, 0x19, 0xe4, 0x5c, 0x1a,
    0x7, 0xab, 0x5, 0x3, 0xf, 0xfe, 0x9e, 0x16,
    0x8, 0x27, 0xc, 0x81, 0xfa, 0x24, 0x2e, 0xc,
    0xee, 0x0,

    /* U+01E2 "Ǣ" */
    0xf, 0xf3, 0xff, 0x83, 0xff, 0xb6, 0xff, 0xe0,
    0xff, 0xed, 0xff, 0xff, 0x8, 0x3f, 0xfa, 0xb0,
    0x34, 0x1f, 0xf8, 0x3f, 0x92, 0x30, 0xff, 0xe3,
    0x40, 0x43, 0xff, 0x90, 0x90, 0x7f, 0xf2, 0x20,
    0x21, 0xff, 0xc8, 0x44, 0x3f, 0xf9, 0x10, 0x20,
    0xff, 0xe4, 0x22, 0x1f, 0x7f, 0xc8, 0x74, 0x8,
    0x3f, 0xf9, 0x8, 0x7d, 0x83, 0xfe, 0x43, 0x21,
    0x7f, 0x21, 0xff, 0xc2, 0x83, 0xff, 0x94, 0x82,
    0xff, 0x41, 0xff, 0xc1, 0x80, 0x87, 0xff, 0x1d,
    0x4, 0x1f, 0xfc, 0x88, 0x8, 0x7f, 0xf1, 0xd0,
    0x41, 0xff, 0x7f, 0xe2, 0x2, 0x1f, 0xfc, 0x70,

    /* U+01E3 "ǣ" */
    0xf, 0xbf, 0xf2, 0x1f, 0xfd, 0x7f, 0xfc, 0x87,
    0xff, 0x4d, 0xbf, 0x21, 0x3f, 0x90, 0xcf, 0x21,
    0xa8, 0x70, 0x6b, 0x9, 0x1f, 0xc8, 0xe0, 0xfa,
    0x4, 0x17, 0x6, 0x90, 0xb0, 0x98, 0x43, 0xfd,
    0x81, 0xe, 0x41, 0x7, 0xff, 0x3, 0xf, 0xfe,
    0x5, 0xfd, 0x2, 0xff, 0x1, 0x1d, 0xf, 0xfe,
    0x2a, 0x40, 0xbf, 0x40, 0xff, 0xea, 0x3, 0x43,
    0xe4, 0x3f, 0xf8, 0xd8, 0x30, 0xff, 0xe3, 0x20,
    0x43, 0xfb, 0x4, 0x15, 0x90, 0x34, 0x35, 0x8a,
    0x1f, 0x92, 0x70, 0x5f, 0x90, 0xa8, 0x19, 0xd0,
    0x70, 0x73, 0x0,

    /* U+01E4 "Ǥ" */
    0xf, 0xaf, 0xf4, 0x87, 0xf5, 0xa1, 0xe6, 0xc3,
    0xce, 0x82, 0x9e, 0xa2, 0x41, 0xe8, 0x16, 0xa0,
    0x2a, 0xd0, 0xec, 0x1a, 0x1f, 0xfc, 0x24, 0x10,
    0x7f, 0xf1, 0x20, 0x21, 0xff, 0xc6, 0x43, 0xff,
    0x8f, 0x87, 0xff, 0x11, 0xf, 0xeb, 0xfc, 0x87,
    0xff, 0x29, 0xf, 0xeb, 0xe8, 0x3f, 0x61, 0xfe,
    0x43, 0xf2, 0x1e, 0x7f, 0x2, 0xc0, 0x81, 0xf,
    0xfe, 0x24, 0x8, 0x39, 0xfc, 0xb, 0x9, 0x6,
    0x1f, 0xfc, 0x49, 0x7, 0x21, 0x98, 0x3f, 0x50,
    0xd, 0xfa, 0x43, 0xf9, 0xe4, 0x3c, 0xda, 0x0,

    /* U+01E5 "ǥ" */
    0xd, 0x7d, 0x20, 0xf0, 0x67, 0x42, 0x68, 0x87,
    0xa0, 0x5f, 0x2a, 0xe, 0x81, 0xa1, 0x48, 0x79,
    0x10, 0xf4, 0x1c, 0x83, 0xf, 0xfe, 0x1a, 0x1f,
    0x21, 0xff, 0xdb, 0x43, 0xff, 0x80, 0x83, 0xf,
    0x90, 0xe4, 0x43, 0xc8, 0x7a, 0x6, 0x85, 0x40,
    0xfa, 0x5, 0xf2, 0xc1, 0xe7, 0x42, 0x68, 0x1f,
    0xd7, 0xd2, 0x1f, 0xfc, 0xb, 0xf2, 0xd, 0xf,
    0xfe, 0x55, 0xf8, 0x16, 0x8f, 0x21, 0x9c, 0x8,
    0x73, 0x7e, 0x81, 0x86, 0x64, 0x3d, 0x61, 0x80,

    /* U+01E6 "Ǧ" */
    0xf, 0x78, 0x33, 0xe0, 0xfe, 0xcd, 0x28, 0x61,
    0xfe, 0xcb, 0x4c, 0x3f, 0xf8, 0x10, 0x58, 0x7f,
    0xf0, 0x5f, 0x83, 0xff, 0xa7, 0x7f, 0xa4, 0x3e,
    0xb4, 0x3c, 0xd8, 0x67, 0x41, 0x4f, 0x51, 0x20,
    0xd0, 0x2d, 0x40, 0x55, 0xa1, 0x60, 0xd0, 0xff,
    0xe0, 0x20, 0x83, 0xff, 0x85, 0x1, 0xf, 0xfe,
    0x22, 0x1f, 0xfc, 0x5c, 0x3f, 0xf8, 0x48, 0x7f,
    0x5f, 0xe4, 0x3f, 0xf8, 0xc8, 0x7f, 0x5f, 0x41,
    0xec, 0x3f, 0xc8, 0x79, 0xf, 0xfe, 0x1a, 0x4,
    0x3f, 0xf8, 0x50, 0x20, 0xff, 0xe1, 0xc0, 0xc3,
    0xff, 0x84, 0xa0, 0x72, 0x19, 0x83, 0xd4, 0x3,
    0x7e, 0x90, 0xf9, 0xe4, 0x3c, 0xda,

    /* U+01E7 "ǧ" */
    0xa, 0x43, 0x94, 0x1e, 0xa0, 0x1e, 0xf, 0x4a,
    0xd8, 0x90, 0xf4, 0x8, 0x90, 0xfd, 0xcc, 0x87,
    0xf9, 0x90, 0xfe, 0xbe, 0x90, 0x78, 0xe, 0x84,
    0xd1, 0xd, 0x2, 0xf9, 0x50, 0x50, 0x34, 0x29,
    0xc, 0x88, 0x7a, 0x9, 0x6, 0x1f, 0x21, 0xc8,
    0x7f, 0xf7, 0x50, 0xff, 0x20, 0xc3, 0xe4, 0x24,
    0x43, 0xc8, 0x68, 0x1a, 0x13, 0x7, 0x40, 0xbe,
    0x94, 0x19, 0xd0, 0xd4, 0xf, 0xaf, 0xc8, 0x7f,
    0xf4, 0x51, 0xf, 0xf4, 0xc, 0x79, 0xd, 0x20,
    0x42, 0x6f, 0xc8, 0x30, 0x32, 0x1c, 0xd8, 0x0,

    /* U+01E8 "Ǩ" */
    0xb, 0xc1, 0xde, 0xf, 0xb3, 0x47, 0x30, 0xfd,
    0x15, 0x10, 0x7f, 0x30, 0x92, 0x1f, 0xe6, 0x64,
    0x3f, 0xf8, 0xc, 0x87, 0xcf, 0x83, 0xf3, 0xe8,
    0x3f, 0xe6, 0x18, 0x3f, 0xe8, 0x60, 0xff, 0xb0,
    0x41, 0xff, 0x60, 0xc3, 0xfe, 0xc1, 0x87, 0xfd,
    0x3, 0xf, 0xfa, 0x4c, 0x3f, 0xe9, 0x20, 0xff,
    0xa4, 0x18, 0x7f, 0xc8, 0x4a, 0xf, 0xfb, 0xc0,
    0x83, 0xfd, 0x3, 0x6, 0x1f, 0xc8, 0x50, 0x20,
    0xff, 0xe0, 0x28, 0x50, 0x7f, 0xf0, 0x20, 0x41,
    0xff, 0xc1, 0xc1, 0x87, 0xff, 0x6, 0x4, 0x1f,
    0xfc, 0x5, 0x8, 0x7f, 0xf0, 0x60, 0x60,

    /* U+01E9 "ǩ" */
    0x3c, 0x84, 0xf8, 0x3f, 0x65, 0x6, 0x30, 0xfe,
    0xc7, 0x8c, 0x3f, 0xec, 0x2c, 0x3f, 0xf8, 0x3f,
    0x7, 0xff, 0x4e, 0xf0, 0x7f, 0xff, 0xc3, 0xff,
    0xab, 0xf0, 0x7f, 0xf0, 0x70, 0x61, 0xff, 0xc0,
    0xc1, 0x87, 0xff, 0x3, 0x6, 0x1f, 0xfc, 0xc,
    0x18, 0x7f, 0xf0, 0x20, 0x61, 0xff, 0x32, 0x41,
    0xff, 0xc0, 0x50, 0x20, 0xff, 0xe1, 0x40, 0xc3,
    0xff, 0x81, 0xb0, 0x20, 0xff, 0xe0, 0xa8, 0x50,
    0x7f, 0xf0, 0x60, 0x41, 0xff, 0xc2, 0xc1, 0x87,
    0xff, 0xa, 0x4, 0x1f, 0xfc, 0x15, 0xa,

    /* U+01EA "Ǫ" */
    0xf, 0x3f, 0xd2, 0x1f, 0xeb, 0x83, 0x9b, 0x43,
    0xe9, 0x3, 0x7a, 0x41, 0x40, 0xe9, 0x1e, 0x40,
    0xd8, 0x14, 0x19, 0x4, 0x1f, 0xb0, 0x41, 0x40,
    0x83, 0xfd, 0x1, 0x2, 0x4, 0x3f, 0xc8, 0x30,
    0xc8, 0x7f, 0xf0, 0x11, 0xd, 0x87, 0xff, 0x11,
    0xf, 0xfe, 0xda, 0x1f, 0xfc, 0xac, 0x3f, 0xf8,
    0x8, 0x79, 0xf, 0xfe, 0x12, 0x4, 0x8, 0x7f,
    0x90, 0x60, 0x81, 0x7, 0xfa, 0x2, 0x12, 0x8,
    0x3f, 0x60, 0x83, 0x48, 0xf2, 0x6, 0xc0, 0xa0,
    0xe9, 0x3, 0x7a, 0x41, 0x40, 0xfa, 0xe0, 0xe6,
    0xd0, 0xff, 0x3e, 0x7, 0x21, 0xff, 0xc2, 0x8c,
    0x3f, 0xf8, 0xa8, 0x7f, 0xf6, 0xd3, 0xc8, 0x7f,
    0xf0, 0xe8, 0xb0, 0x7c,

    /* U+01EB "ǫ" */
    0xc, 0xdf, 0x48, 0x7d, 0xc8, 0x4d, 0x87, 0x60,
    0xbe, 0x81, 0x85, 0x3, 0x42, 0x70, 0x40, 0x44,
    0x3e, 0x44, 0x41, 0x87, 0xd8, 0x79, 0xf, 0x90,
    0x21, 0xff, 0xd2, 0x40, 0x87, 0xc8, 0x10, 0xb0,
    0xfb, 0xc, 0x88, 0x7c, 0x88, 0x20, 0x68, 0x4e,
    0x8, 0x2c, 0x17, 0xd0, 0x30, 0xee, 0x43, 0x58,
    0x7c, 0xd0, 0x74, 0x3f, 0xd1, 0x7, 0xfc, 0x88,
    0x7f, 0xf3, 0xd1, 0xf0, 0x7f, 0xda, 0xc1, 0xc0,

    /* U+01EC "Ǭ" */
    0xf, 0x7f, 0xe0, 0xff, 0xea, 0x7f, 0xe0, 0xff,
    0xea, 0x3f, 0xd2, 0x1f, 0xeb, 0x83, 0x9b, 0x43,
    0xe9, 0x3, 0x7a, 0x41, 0x40, 0xe9, 0x1e, 0x40,
    0xd8, 0x14, 0x19, 0x4, 0x1f, 0xb0, 0x41, 0x40,
    0x83, 0xfd, 0x1, 0x2, 0x4, 0x3f, 0xc8, 0x30,
    0xc8, 0x7f, 0xf0, 0x11, 0xd, 0x87, 0xff, 0x11,
    0xf, 0xfe, 0xda, 0x1f, 0xfc, 0xac, 0x3f, 0xf8,
    0x8, 0x79, 0xf, 0xfe, 0x12, 0x4, 0x8, 0x7f,
    0x90, 0x60, 0x81, 0x7, 0xfa, 0x2, 0x12, 0x8,
    0x3f, 0x60, 0x83, 0x48, 0xf2, 0x6, 0xc0, 0xa0,
    0xe9, 0x3, 0x7a, 0x41, 0x40, 0xfa, 0xe0, 0xe6,
    0xd0, 0xff, 0x3e, 0x4a, 0x21, 0xff, 0xc2, 0x5c,
    0x1f, 0xfc, 0x4c, 0xc3, 0xff, 0xb3, 0x97, 0x83,
    0xff, 0x86, 0xca, 0x83, 0xe0,

    /* U+01ED "ǭ" */
    0xa, 0xff, 0xa0, 0xff, 0xe4, 0xdf, 0xf4, 0x1f,
    0xfc, 0xa6, 0xfa, 0x43, 0xee, 0x42, 0x6c, 0x3b,
    0x5, 0xf4, 0xc, 0x28, 0x1a, 0x13, 0x82, 0x2,
    0x21, 0xf2, 0x22, 0xc, 0x3e, 0xc3, 0xc8, 0x7c,
    0x81, 0xf, 0xfe, 0x92, 0x4, 0x3e, 0x40, 0x85,
    0x87, 0xd8, 0x64, 0x43, 0xe4, 0x41, 0x3, 0x42,
    0x70, 0x41, 0x60, 0xbe, 0x81, 0x87, 0x72, 0x1a,
    0xc3, 0xe6, 0x83, 0xa1, 0xfe, 0x88, 0x3f, 0xe4,
    0x43, 0xff, 0x9e, 0x8f, 0x83, 0xfe, 0xd6, 0xe,

    /* U+01EE "Ǯ" */
    0xb, 0xc8, 0x6f, 0x7, 0xb2, 0x83, 0x98, 0x7d,
    0x8f, 0x18, 0x7f, 0x61, 0x41, 0xff, 0x7c, 0x87,
    0xff, 0x25, 0xff, 0xfe, 0x0, 0x7f, 0xf1, 0x5f,
    0xfc, 0x82, 0xf, 0xf2, 0x89, 0xf, 0xe6, 0x24,
    0x3f, 0x98, 0x50, 0x7f, 0x30, 0xc1, 0xfc, 0xc3,
    0x7, 0xf3, 0xc, 0x1f, 0xe8, 0xf, 0xa4, 0x3e,
    0x43, 0x9b, 0xf, 0x5f, 0xa4, 0x18, 0x7f, 0x9a,
    0x1, 0xf, 0xf9, 0x6, 0x1f, 0xfc, 0x24, 0x3f,
    0xf8, 0x48, 0x7f, 0xd0, 0x33, 0xca, 0xc, 0xe8,
    0xa0, 0xa9, 0xfa, 0x3, 0x3, 0x90, 0xf3, 0xc0,

    /* U+01EF "ǯ" */
    0x2, 0x83, 0x98, 0x3a, 0xc2, 0xe0, 0xe6, 0x37,
    0x18, 0x39, 0x44, 0x30, 0x7d, 0x46, 0x81, 0xfc,
    0xc8, 0x7b, 0xff, 0xe0, 0xff, 0xe1, 0xff, 0xe0,
    0x21, 0xfd, 0x82, 0xf, 0xd0, 0x30, 0xfd, 0x26,
    0x1f, 0x94, 0x41, 0xf9, 0x89, 0xf, 0xd0, 0xa0,
    0xfd, 0x1, 0x90, 0xf9, 0x9, 0xb8, 0x3b, 0xf4,
    0x6, 0xf, 0xce, 0x8a, 0xf, 0xe8, 0x18, 0x7f,
    0x91, 0xf, 0xf6, 0x1f, 0xfc, 0xc, 0x3f, 0xf8,
    0x8, 0x87, 0xf4, 0xa, 0x90, 0xcc, 0x88, 0x1b,
    0xf4, 0x94, 0x28, 0x87, 0x3a, 0x0,

    /* U+01F0 "ǰ" */
    0x14, 0x1c, 0xc1, 0x58, 0x5c, 0x13, 0x1b, 0x8c,
    0x13, 0x10, 0xc1, 0xcc, 0xd0, 0x3e, 0x64, 0x3f,
    0x5e, 0xf, 0xff, 0xf8, 0x7f, 0xff, 0xc3, 0xff,
    0xc2, 0x87, 0xf2, 0x4, 0x35, 0xe8, 0x10, 0x6c,
    0x27, 0xe,

    /* U+01F1 "Ǳ" */
    0x7f, 0xf4, 0x87, 0xe7, 0xff, 0xf8, 0x21, 0xfe,
    0x6e, 0xf, 0xfe, 0x65, 0xfa, 0x40, 0xe1, 0xcf,
    0xff, 0x20, 0x83, 0x21, 0x9b, 0x41, 0x87, 0xff,
    0x9, 0x14, 0x1f, 0xfc, 0xa, 0x2, 0xf, 0xfe,
    0x6, 0x8, 0x3f, 0xf8, 0x48, 0x10, 0xff, 0x90,
    0x41, 0xff, 0xc4, 0x80, 0x87, 0xfa, 0x14, 0x1f,
    0xfc, 0x44, 0x18, 0x7f, 0x60, 0x83, 0xff, 0xa2,
    0x82, 0xf, 0xfe, 0x94, 0x4, 0x3f, 0xfa, 0x38,
    0x30, 0xff, 0xe8, 0xa0, 0x83, 0xff, 0x97, 0x87,
    0xa0, 0x21, 0xff, 0xc8, 0x40, 0x87, 0x40, 0xc3,
    0xff, 0x93, 0x7, 0xca, 0x10, 0xff, 0xe4, 0xc0,
    0x83, 0xa0, 0x41, 0xff, 0xc8, 0x91, 0x41, 0xa0,
    0x61, 0xff, 0xc1, 0x43, 0x36, 0x82, 0xc, 0xa1,
    0xf, 0xfe, 0x15, 0xfa, 0x41, 0x61, 0xd0, 0x1f,
    0xff, 0x7, 0xf9, 0xb4, 0x3f, 0xf9, 0x20,

    /* U+01F2 "ǲ" */
    0x7f, 0xf4, 0x87, 0xff, 0x45, 0xb8, 0x3f, 0xf9,
    0x37, 0xe9, 0x3, 0x87, 0xff, 0x21, 0xc, 0xda,
    0xc, 0x3f, 0xf9, 0xf4, 0x4, 0x1f, 0xfc, 0xf4,
    0x8, 0x6f, 0xff, 0x21, 0xff, 0xc1, 0x80, 0x87,
    0xff, 0x3d, 0x6, 0x17, 0xfc, 0x12, 0x1f, 0xfc,
    0xe8, 0x18, 0x7f, 0xf3, 0x94, 0x41, 0xff, 0xcf,
    0x85, 0x7, 0xff, 0x3a, 0x4, 0x1f, 0xfc, 0x7c,
    0x3c, 0xa2, 0xf, 0xfe, 0x2a, 0x4, 0x3d, 0xa,
    0xf, 0xfe, 0x2c, 0x1f, 0xa0, 0x41, 0xff, 0xc5,
    0x81, 0x7, 0x28, 0xc3, 0xff, 0x8b, 0x22, 0x83,
    0xa1, 0xf, 0xf2, 0x19, 0xb4, 0x10, 0x76, 0x8,
    0x3f, 0xd7, 0xe9, 0x5, 0x87, 0x21, 0x7f, 0xc8,
    0x7f, 0x36, 0x87, 0xff, 0x17,

    /* U+01F3 "ǳ" */
    0xf, 0xfa, 0xf0, 0x7f, 0xff, 0xc3, 0xff, 0xfe,
    0x1f, 0xfc, 0x2b, 0xf2, 0x1f, 0xbf, 0xfc, 0x13,
    0xa1, 0xa8, 0x1f, 0xfc, 0x88, 0x17, 0xcb, 0x7,
    0xbf, 0xe0, 0xe8, 0x1a, 0x14, 0x87, 0xff, 0x6,
    0x6, 0x4, 0x43, 0xd0, 0x7f, 0xf0, 0x14, 0x40,
    0x41, 0x87, 0xff, 0x1e, 0x14, 0x1c, 0x87, 0xc8,
    0x7f, 0xb0, 0x41, 0xff, 0xcc, 0x81, 0x87, 0xff,
    0x35, 0x10, 0xff, 0xe6, 0xe0, 0x83, 0x90, 0x21,
    0xf2, 0x1f, 0x40, 0xc3, 0xe4, 0x83, 0xc8, 0x7c,
    0xa2, 0xf, 0xd0, 0x20, 0xcc, 0x1f, 0x42, 0x83,
    0xfa, 0x1f, 0xd0, 0x87, 0x40, 0x6b, 0xe0, 0x9d,
    0xd, 0x70, 0x7f, 0x2f, 0xe0,

    /* U+01F4 "Ǵ" */
    0xf, 0xfb, 0xe0, 0xff, 0xe1, 0x40, 0xc3, 0xff,
    0x82, 0xa3, 0xf, 0xfe, 0x14, 0x61, 0xff, 0xc3,
    0xf0, 0x7f, 0xf5, 0x2f, 0xf4, 0x87, 0xd6, 0x87,
    0x9b, 0xc, 0xe8, 0x29, 0xea, 0x24, 0x1a, 0x5,
    0xa8, 0xa, 0xb4, 0x2c, 0x1a, 0x1f, 0xfc, 0x4,
    0x10, 0x7f, 0xf0, 0xa0, 0x21, 0xff, 0xc4, 0x43,
    0xff, 0x8b, 0x87, 0xff, 0x9, 0xf, 0xeb, 0xfc,
    0x87, 0xff, 0x19, 0xf, 0xeb, 0xe8, 0x3d, 0x87,
    0xf9, 0xf, 0x21, 0xff, 0xc3, 0x40, 0x87, 0xff,
    0xa, 0x4, 0x1f, 0xfc, 0x38, 0x18, 0x7f, 0xf0,
    0x94, 0xe, 0x43, 0x30, 0x7a, 0x80, 0x6f, 0xd2,
    0x1f, 0x3c, 0x87, 0x9b, 0x40,

    /* U+01F5 "ǵ" */
    0xf, 0xcd, 0x3, 0xfc, 0xc8, 0x7f, 0xd0, 0xc1,
    0xfd, 0x8c, 0x1f, 0xe6, 0x81, 0xff, 0x48, 0x7f,
    0xaf, 0xa4, 0x1e, 0x3, 0xa1, 0x34, 0x43, 0x40,
    0xbe, 0x54, 0x14, 0xd, 0xa, 0x43, 0x22, 0x1e,
    0x82, 0x41, 0x87, 0xc8, 0x72, 0x1f, 0xfd, 0xd4,
    0x3f, 0xc8, 0x30, 0xf9, 0x9, 0x10, 0xf2, 0x1a,
    0x6, 0x84, 0xc1, 0xd0, 0x2f, 0xa5, 0x6, 0x74,
    0x35, 0x3, 0xeb, 0xf2, 0x1f, 0xfd, 0x14, 0x43,
    0xfd, 0x3, 0x1e, 0x43, 0x48, 0x10, 0x9b, 0xf2,
    0xc, 0xc, 0x87, 0x36, 0x0,

    /* U+01F6 "Ƕ" */
    0x7c, 0x1f, 0x9f, 0x7, 0xff, 0xfc, 0x3f, 0xfb,
    0x9f, 0x7, 0xff, 0x8d, 0xf, 0xb0, 0xff, 0xe0,
    0xdf, 0xf2, 0x1f, 0xfd, 0x7f, 0xfd, 0x7, 0xff,
    0xfc, 0x3f, 0xf9, 0x48, 0x7f, 0xf0, 0x90, 0xff,
    0xe3, 0x20, 0x91, 0xc1, 0x7, 0xff, 0x2, 0x5,
    0xc0, 0x43, 0xff, 0x82, 0xe8, 0x4d, 0x0,

    /* U+01F7 "Ƿ" */
    0x7c, 0x15, 0xf9, 0xf, 0x9d, 0xd, 0x61, 0xcc,
    0x5e, 0x90, 0x61, 0xa7, 0x40, 0xc8, 0x10, 0xd0,
    0x7a, 0x6, 0x12, 0x1f, 0x91, 0xb, 0xf, 0xfe,
    0x8a, 0x1f, 0xfc, 0xb4, 0x43, 0xfe, 0x41, 0x87,
    0xfd, 0x81, 0xf, 0xf2, 0x84, 0x3f, 0xe8, 0x10,
    0x7f, 0xb0, 0x61, 0xfe, 0xc1, 0x7, 0xf5, 0x83,
    0x43, 0xca, 0xd0, 0x61, 0xfa, 0x80, 0xb0, 0xff,
    0x9d, 0xf, 0xf3, 0xc1, 0xff, 0xc0, 0x83, 0xff,
    0xfe, 0x1f, 0xf0,

    /* U+01F8 "Ǹ" */
    0xe, 0xf8, 0x3f, 0xf8, 0x58, 0x20, 0xff, 0xe1,
    0x62, 0x83, 0xff, 0x85, 0x90, 0x7f, 0xf0, 0xf5,
    0x7, 0xff, 0xe, 0x43, 0xcf, 0xc1, 0xfe, 0xf4,
    0x1a, 0xf, 0xfe, 0x22, 0x83, 0xff, 0x89, 0x7,
    0xff, 0xa, 0x4, 0x1f, 0xfc, 0x15, 0x8, 0x7f,
    0xf0, 0xa0, 0x61, 0xff, 0xc2, 0x81, 0x7, 0xff,
    0x5, 0x2, 0x1f, 0xfc, 0x2c, 0x18, 0x7f, 0xf0,
    0xa0, 0x41, 0xff, 0xc1, 0x40, 0x87, 0xff, 0xb,
    0x6, 0x1f, 0xfc, 0x24, 0x8, 0x87, 0xfd, 0x2,
    0xf, 0xfe, 0x14, 0xc, 0x3f, 0xf8, 0x2a, 0x2,
    0x1f, 0xfc, 0x18, 0x3f, 0xf8, 0xb0, 0x7f, 0xf1,
    0x14, 0x10,

    /* U+01F9 "ǹ" */
    0xb, 0xe0, 0xff, 0xb0, 0x61, 0xff, 0x60, 0x43,
    0xfe, 0xc8, 0x3f, 0xf8, 0x1a, 0x83, 0xff, 0x81,
    0x21, 0xd6, 0x82, 0xfc, 0x87, 0x6e, 0x86, 0xb0,
    0xcc, 0xdf, 0x4, 0x87, 0x48, 0x58, 0x20, 0xd0,
    0x79, 0xf, 0x21, 0xec, 0x3f, 0xff, 0xe1, 0xff,
    0xea,

    /* U+01FA "Ǻ" */
    0xf, 0xf5, 0x10, 0xff, 0xe1, 0x4a, 0xf, 0xfe,
    0x12, 0x8d, 0xf, 0xfe, 0xc, 0x61, 0xff, 0xc3,
    0xf0, 0x7f, 0xf0, 0xfe, 0x83, 0xff, 0x83, 0x94,
    0x60, 0xff, 0xe0, 0xcb, 0x83, 0xff, 0xa4, 0xd4,
    0xc1, 0xff, 0xc0, 0x85, 0x8, 0x7f, 0xf0, 0x10,
    0xff, 0xe2, 0xe4, 0x90, 0x7f, 0xf0, 0x11, 0x84,
    0x3f, 0xe8, 0x3d, 0x7, 0xf9, 0x20, 0x42, 0x1f,
    0xc8, 0x10, 0x20, 0x43, 0xf4, 0x21, 0x92, 0xf,
    0x90, 0x41, 0xa0, 0x21, 0xe8, 0x3f, 0xd8, 0x7f,
    0x7f, 0x80, 0x87, 0x41, 0xff, 0xc0, 0x83, 0x23,
    0xff, 0x80, 0x84, 0x82, 0xf, 0xd0, 0x10, 0x42,
    0x1f, 0xc8, 0x21, 0x4, 0x1f, 0xe8, 0xc, 0x1f,
    0xfc, 0x14, 0x18,

    /* U+01FB "ǻ" */
    0xf, 0xd5, 0x7, 0xf6, 0xac, 0x3e, 0x72, 0xd0,
    0xf9, 0xf2, 0x1f, 0xd7, 0xa0, 0xfd, 0x34, 0x60,
    0xf9, 0x7c, 0x1f, 0xb0, 0xff, 0xe0, 0x40, 0x43,
    0xf6, 0x78, 0xc3, 0xf7, 0xe0, 0xff, 0xe4, 0x37,
    0xe8, 0x3b, 0x90, 0xce, 0x84, 0xab, 0xe8, 0x10,
    0x54, 0x42, 0x70, 0x21, 0xff, 0xd1, 0x6f, 0xe0,
    0xcf, 0x22, 0xe0, 0xd0, 0x3d, 0x58, 0x28, 0x18,
    0x7f, 0xf4, 0xf0, 0xb0, 0x41, 0x38, 0x64, 0xf,
    0xd1, 0x21, 0x70, 0x67, 0x70, 0x0,

    /* U+01FC "Ǽ" */
    0xf, 0xfe, 0x1d, 0xe8, 0x3f, 0xf9, 0x8, 0x20,
    0xff, 0xe3, 0xc0, 0xc3, 0xff, 0x8e, 0xa3, 0xf,
    0xfe, 0x4d, 0x87, 0xff, 0x25, 0x41, 0xff, 0xc7,
    0xff, 0xfe, 0x10, 0x7f, 0xf5, 0x60, 0x68, 0x3f,
    0xf0, 0x7f, 0x24, 0x61, 0xff, 0xc6, 0x80, 0x87,
    0xff, 0x21, 0x20, 0xff, 0xe4, 0x40, 0x43, 0xff,
    0x90, 0x88, 0x7f, 0xf2, 0x20, 0x41, 0xff, 0xc8,
    0x44, 0x3e, 0xff, 0x90, 0xe8, 0x10, 0x7f, 0xf2,
    0x10, 0xfb, 0x7, 0xfc, 0x86, 0x42, 0xfe, 0x43,
    0xff, 0x85, 0x7, 0xff, 0x29, 0x5, 0xfe, 0x83,
    0xff, 0x83, 0x1, 0xf, 0xfe, 0x3a, 0x8, 0x3f,
    0xf9, 0x10, 0x10, 0xff, 0xe3, 0xa0, 0x83, 0xfe,
    0xff, 0xc4, 0x4, 0x3f, 0xf8, 0xe0,

    /* U+01FD "ǽ" */
    0xf, 0xfe, 0x3, 0x40, 0xff, 0xe3, 0x32, 0x1f,
    0xfc, 0x78, 0x10, 0x7f, 0xf1, 0x60, 0x61, 0xff,
    0xc6, 0x4c, 0x3f, 0xf8, 0xfe, 0xf, 0xfe, 0xbb,
    0x7e, 0x42, 0x7f, 0x21, 0x9e, 0x43, 0x50, 0xe0,
    0xd6, 0x12, 0x3f, 0x91, 0xc1, 0xf4, 0x8, 0x2e,
    0xd, 0x21, 0x61, 0x30, 0x87, 0xfb, 0x2, 0x1c,
    0x82, 0xf, 0xfe, 0x6, 0x1f, 0xfc, 0xb, 0xfa,
    0x5, 0xfe, 0x2, 0x3a, 0x1f, 0xfc, 0x54, 0x81,
    0x7e, 0x81, 0xff, 0xd4, 0x6, 0x87, 0xc8, 0x7f,
    0xf1, 0xb0, 0x61, 0xff, 0xc6, 0x40, 0x87, 0xf6,
    0x8, 0x2b, 0x20, 0x68, 0x6b, 0x14, 0x3f, 0x24,
    0xe0, 0xbf, 0x21, 0x50, 0x33, 0xa0, 0xe0, 0xe6,
    0x0,

    /* U+01FE "Ǿ" */
    0xf, 0xf3, 0xe8, 0x3f, 0xf8, 0x90, 0x20, 0xff,
    0xe1, 0xc3, 0x87, 0xff, 0xe, 0x54, 0x1f, 0xfc,
    0x4b, 0x83, 0xff, 0x9a, 0x87, 0xf3, 0xfd, 0x25,
    0x41, 0xeb, 0x83, 0x9b, 0x4c, 0x3a, 0x40, 0xde,
    0x90, 0x94, 0x1a, 0x47, 0x90, 0x32, 0x5, 0x6,
    0x41, 0x7, 0x94, 0x14, 0x14, 0x8, 0x3e, 0x8a,
    0x1, 0x2, 0x4, 0x3d, 0x8b, 0x3, 0xc, 0x87,
    0xa0, 0x40, 0x44, 0x36, 0x1c, 0xa3, 0xf, 0x90,
    0xfd, 0x10, 0x7f, 0xf1, 0x31, 0x41, 0xf9, 0xf,
    0x40, 0x83, 0xff, 0x81, 0x84, 0x90, 0x79, 0xf,
    0x20, 0xc5, 0x7, 0xe4, 0x8, 0x50, 0x20, 0xf2,
    0xc, 0x10, 0x34, 0xc3, 0xe8, 0x8, 0x48, 0x50,
    0x7d, 0x82, 0xd, 0x5, 0x44, 0xd, 0x81, 0x41,
    0xa0, 0xcd, 0xe9, 0x5, 0x3, 0x93, 0xd0, 0x73,
    0x68, 0x7b, 0x80, 0xff, 0x48, 0x78,

    /* U+01FF "ǿ" */
    0xf, 0xcd, 0x3, 0xff, 0x81, 0x28, 0x3f, 0xe8,
    0x18, 0x7f, 0x94, 0x61, 0xff, 0x46, 0x1f, 0xfc,
    0xf, 0x7, 0xff, 0x1d, 0xf, 0x37, 0xd3, 0x50,
    0x6e, 0x42, 0x64, 0x82, 0xc1, 0x7c, 0x87, 0xa0,
    0x68, 0x7c, 0x81, 0x10, 0xca, 0x12, 0x10, 0x61,
    0xa3, 0xc1, 0xe4, 0x2c, 0x84, 0x8, 0x7a, 0x14,
    0x1f, 0xe5, 0x10, 0x79, 0x2, 0x46, 0x12, 0x4,
    0x2f, 0x10, 0x6c, 0x32, 0x22, 0x83, 0x22, 0x8,
    0x3e, 0x70, 0x41, 0xe7, 0xe8, 0x18, 0x50, 0xc8,
    0x4d, 0x86, 0xa9, 0xbe, 0x90, 0xc0,

    /* U+0200 "Ȁ" */
    0xb, 0xd0, 0xfa, 0xf, 0xf4, 0x22, 0x84, 0x3f,
    0xca, 0x22, 0x48, 0x3f, 0xd2, 0xc4, 0xb0, 0x7f,
    0xa8, 0x15, 0x3, 0xff, 0x80, 0xa0, 0x94, 0x1f,
    0xfc, 0x7, 0xc8, 0x7f, 0xf0, 0xa0, 0x61, 0xff,
    0xc5, 0x43, 0xff, 0x83, 0x8, 0x10, 0xff, 0xe0,
    0x26, 0x90, 0x7f, 0xc8, 0x18, 0x3f, 0xf8, 0x38,
    0x86, 0x83, 0xfc, 0x98, 0x21, 0xf, 0xe8, 0x8,
    0x10, 0x21, 0xf9, 0x10, 0xf4, 0x1f, 0x20, 0x83,
    0x41, 0xfd, 0x87, 0xc8, 0x20, 0xf2, 0xf, 0xf0,
    0x10, 0xe4, 0x3f, 0xf8, 0x8, 0x68, 0x7f, 0xf0,
    0x30, 0xf6, 0x1f, 0x91, 0xa, 0x2, 0x1f, 0xa0,
    0x20, 0x44, 0x3f, 0xc9, 0x8, 0x20, 0xff, 0x60,
    0x61, 0xf, 0xf9, 0x6,

    /* U+0201 "ȁ" */
    0x14, 0x12, 0x83, 0xd4, 0xc1, 0x50, 0x76, 0x4,
    0x85, 0x7, 0x44, 0x31, 0x7, 0x31, 0xc, 0x21,
    0xcf, 0x1, 0xd0, 0xff, 0xe3, 0x37, 0xe8, 0x3b,
    0x90, 0xce, 0x84, 0xab, 0xe8, 0x10, 0x54, 0x42,
    0x70, 0x21, 0xff, 0xd1, 0x6f, 0xe0, 0xcf, 0x22,
    0xe0, 0xd0, 0x3d, 0x58, 0x28, 0x18, 0x7f, 0xf4,
    0xf0, 0xb0, 0x41, 0x38, 0x64, 0xf, 0xd1, 0x21,
    0x70, 0x67, 0x70, 0x0,

    /* U+0202 "Ȃ" */
    0xf, 0x3f, 0x90, 0xff, 0xa8, 0x1a, 0x81, 0xfe,
    0x57, 0xe5, 0x7, 0xfa, 0x81, 0xa8, 0x1f, 0xe4,
    0x3c, 0x87, 0xff, 0x1, 0xf2, 0x1f, 0xfc, 0x28,
    0x18, 0x7f, 0xf1, 0x50, 0xff, 0xe0, 0xc2, 0x4,
    0x3f, 0xf8, 0x9, 0xa4, 0x1f, 0xf2, 0x6, 0xf,
    0xfe, 0xe, 0x21, 0xa0, 0xff, 0x26, 0x8, 0x43,
    0xfa, 0x2, 0x4, 0x8, 0x7e, 0x44, 0x3d, 0x7,
    0xc8, 0x20, 0xd0, 0x7f, 0x61, 0xf2, 0x8, 0x3c,
    0x83, 0xfc, 0x4, 0x39, 0xf, 0xfe, 0x2, 0x1a,
    0x1f, 0xfc, 0xc, 0x3d, 0x87, 0xe4, 0x42, 0x80,
    0x87, 0xe8, 0x8, 0x11, 0xf, 0xf2, 0x42, 0x8,
    0x3f, 0xd8, 0x18, 0x43, 0xfe, 0x41, 0x80,

    /* U+0203 "ȃ" */
    0xc, 0xfe, 0x43, 0xcc, 0x1a, 0x43, 0xa3, 0xf1,
    0x6, 0x4c, 0x34, 0x1c, 0xe1, 0xce, 0x1f, 0xfc,
    0x66, 0xfd, 0x7, 0x72, 0x19, 0xd0, 0x95, 0x7d,
    0x2, 0xa, 0x88, 0x4e, 0x4, 0x3f, 0xfa, 0x2d,
    0xfc, 0x19, 0xe4, 0x5c, 0x1a, 0x7, 0xab, 0x5,
    0x3, 0xf, 0xfe, 0x9e, 0x16, 0x8, 0x27, 0xc,
    0x81, 0xfa, 0x24, 0x2e, 0xc, 0xee, 0x0,

    /* U+0204 "Ȅ" */
    0xbc, 0xb, 0xc1, 0xa0, 0x64, 0x8, 0x36, 0x4,
    0xc5, 0x6, 0xc8, 0x19, 0x7, 0x70, 0x5c, 0x1e,
    0x43, 0x20, 0x7f, 0xfe, 0xf, 0xfe, 0x1d, 0xff,
    0x82, 0x43, 0xff, 0xde, 0x87, 0xfd, 0x7f, 0xc8,
    0x7f, 0xf0, 0xff, 0xf2, 0x1f, 0xff, 0x34, 0x3f,
    0xeb, 0xff, 0x7, 0xff, 0x0,

    /* U+0205 "ȅ" */
    0x14, 0x12, 0x83, 0xea, 0x60, 0xa6, 0x1e, 0xc0,
    0x98, 0x10, 0xf6, 0x40, 0xc8, 0x3e, 0xc8, 0x11,
    0x7, 0xdc, 0x7, 0x83, 0xff, 0x92, 0xfe, 0x83,
    0xee, 0xc, 0xe8, 0x6c, 0x17, 0xc9, 0x5, 0x3,
    0x42, 0x81, 0x81, 0x10, 0xf4, 0x1e, 0xc3, 0xf9,
    0x40, 0xbf, 0xd0, 0x7f, 0xf2, 0x3f, 0xfc, 0x84,
    0x87, 0xf9, 0x6, 0x1f, 0xf2, 0x28, 0x3f, 0xd0,
    0x28, 0x19, 0xa0, 0x58, 0x1f, 0xd2, 0x1d, 0xc8,
    0x66, 0x80,

    /* U+0206 "Ȇ" */
    0xd, 0x7d, 0x7, 0xb4, 0x27, 0xd, 0x17, 0xd1,
    0x5, 0xc8, 0x4d, 0x84, 0xa0, 0xe5, 0xf, 0xff,
    0xc1, 0xff, 0xc3, 0xbf, 0xf0, 0x48, 0x7f, 0xfb,
    0xd0, 0xff, 0xaf, 0xf9, 0xf, 0xfe, 0x1f, 0xfe,
    0x43, 0xff, 0xe6, 0x87, 0xfd, 0x7f, 0xe0, 0xff,
    0xe0, 0x0,

    /* U+0207 "ȇ" */
    0xc, 0xfe, 0x43, 0xe6, 0xd, 0x21, 0xe8, 0xfc,
    0x41, 0xc9, 0x6, 0x83, 0xce, 0x86, 0x70, 0xff,
    0xe4, 0xbf, 0xa0, 0xfb, 0x83, 0x3a, 0x1b, 0x5,
    0xf2, 0x41, 0x40, 0xd0, 0xa0, 0x60, 0x44, 0x3d,
    0x7, 0xb0, 0xfe, 0x50, 0x2f, 0xf4, 0x1f, 0xfc,
    0x8f, 0xff, 0x21, 0x21, 0xfe, 0x41, 0x87, 0xfc,
    0x8a, 0xf, 0xf4, 0xa, 0x6, 0x68, 0x16, 0x7,
    0xf4, 0x87, 0x72, 0x19, 0xa0,

    /* U+0208 "Ȉ" */
    0x7c, 0x8f, 0x90, 0x28, 0x85, 0x10, 0x52, 0x44,
    0x8, 0x29, 0x40, 0xc4, 0x35, 0x2, 0xe0, 0xe4,
    0x32, 0x1b, 0xfe, 0x42, 0x83, 0x94, 0x13, 0xa0,
    0xe0, 0xff, 0xff, 0x87, 0xff, 0xfc, 0x3f, 0xf8,
    0xee, 0x83, 0x83, 0x41, 0xca,

    /* U+0209 "ȉ" */
    0x7c, 0x97, 0x90, 0x28, 0x88, 0x10, 0x50, 0x13,
    0x2, 0x16, 0x40, 0xc8, 0x37, 0x5, 0xc1, 0xc8,
    0x64, 0x3d, 0x78, 0x3f, 0xff, 0xe1, 0xff, 0xff,
    0xf, 0x80,

    /* U+020A "Ȋ" */
    0x3, 0xf9, 0xb, 0x83, 0x48, 0x8f, 0xe2, 0x1a,
    0x6, 0xe0, 0x21, 0xe4, 0x1f, 0xf2, 0x8, 0x39,
    0x40, 0x74, 0x1c, 0x1f, 0xff, 0xf0, 0xff, 0xff,
    0x84, 0xe8, 0x38, 0x28, 0x39, 0x40,

    /* U+020B "ȋ" */
    0x5, 0xf4, 0x16, 0x84, 0xe2, 0x3f, 0x45, 0x90,
    0x4b, 0x58, 0x75, 0x87, 0xff, 0x2, 0xf0, 0x7f,
    0xff, 0xc3, 0xff, 0xd4,

    /* U+020C "Ȍ" */
    0xc, 0xa0, 0x94, 0x1f, 0xfc, 0x1a, 0x60, 0xa6,
    0x1f, 0xfc, 0xc, 0x9, 0x81, 0xf, 0xfe, 0x6,
    0x40, 0x88, 0x3f, 0xf8, 0x39, 0xc, 0x41, 0xff,
    0xc1, 0xe0, 0x3c, 0x1f, 0xfd, 0x47, 0xfa, 0x43,
    0xfd, 0x70, 0x73, 0x68, 0x7d, 0x20, 0x6f, 0x48,
    0x28, 0x1d, 0x23, 0xc8, 0x1b, 0x2, 0x83, 0x20,
    0x83, 0xf6, 0x8, 0x28, 0x10, 0x7f, 0xa0, 0x20,
    0x40, 0x87, 0xf9, 0x6, 0x19, 0xf, 0xfe, 0x2,
    0x21, 0xb0, 0xff, 0xe2, 0x21, 0xff, 0xdb, 0x43,
    0xff, 0x95, 0x87, 0xff, 0x1, 0xf, 0x21, 0xff,
    0xc2, 0x40, 0x81, 0xf, 0xf2, 0xc, 0x10, 0x20,
    0xff, 0x40, 0x42, 0x41, 0x7, 0xec, 0x10, 0x69,
    0x1e, 0x40, 0xd8, 0x14, 0x1d, 0x20, 0x6f, 0x48,
    0x28, 0x1f, 0x5c, 0x1c, 0xda, 0x18,

    /* U+020D "ȍ" */
    0x16, 0x2, 0xc1, 0xfa, 0x88, 0x28, 0x87, 0x94,
    0x42, 0x88, 0x3e, 0x92, 0x24, 0x43, 0xe9, 0x40,
    0x98, 0x3f, 0x58, 0x56, 0x1f, 0xfc, 0xb6, 0xfa,
    0x43, 0xee, 0x42, 0x6c, 0x3b, 0x5, 0xf4, 0xc,
    0x28, 0x1a, 0x13, 0x82, 0x2, 0x21, 0xf2, 0x22,
    0xc, 0x3e, 0xc3, 0xc8, 0x7c, 0x81, 0xf, 0xfe,
    0x92, 0x4, 0x3e, 0x40, 0x85, 0x87, 0xd8, 0x64,
    0x43, 0xe4, 0x41, 0x3, 0x42, 0x70, 0x41, 0x60,
    0xbe, 0x81, 0x87, 0x72, 0x13, 0x61, 0x0,

    /* U+020E "Ȏ" */
    0xf, 0x9b, 0xe4, 0x3f, 0xf8, 0x2c, 0x85, 0x21,
    0xff, 0xc0, 0x8f, 0xc4, 0x1f, 0xf2, 0x41, 0xa0,
    0xff, 0xe0, 0x3a, 0x19, 0xc3, 0xff, 0xa8, 0xff,
    0x48, 0x7f, 0xae, 0xe, 0x6d, 0xf, 0xa4, 0xd,
    0xe9, 0x5, 0x3, 0xa4, 0x79, 0x3, 0x60, 0x50,
    0x64, 0x10, 0x7e, 0xc1, 0x5, 0x2, 0xf, 0xf4,
    0x4, 0x8, 0x10, 0xff, 0x20, 0xc3, 0x21, 0xff,
    0xc0, 0x44, 0x36, 0x1f, 0xfc, 0x44, 0x3f, 0xfb,
    0x68, 0x7f, 0xf2, 0xb0, 0xff, 0xe0, 0x21, 0xe4,
    0x3f, 0xf8, 0x48, 0x10, 0x21, 0xfe, 0x41, 0x82,
    0x4, 0x1f, 0xe8, 0x8, 0x48, 0x20, 0xfd, 0x82,
    0xd, 0x23, 0xc8, 0x1b, 0x2, 0x83, 0xa4, 0xd,
    0xe9, 0x5, 0x3, 0xeb, 0x83, 0x9b, 0x43, 0x0,

    /* U+020F "ȏ" */
    0xe, 0xbe, 0x83, 0xfb, 0x42, 0x70, 0xf9, 0x2f,
    0xa1, 0xf, 0x42, 0x12, 0x61, 0xef, 0x7, 0x70,
    0x7f, 0xf2, 0x9b, 0xe9, 0xf, 0xb9, 0x9, 0xb0,
    0xec, 0x17, 0xd0, 0x30, 0xa0, 0x68, 0x4e, 0x8,
    0x8, 0x87, 0xc8, 0x88, 0x30, 0xfb, 0xf, 0x21,
    0xf2, 0x4, 0x3f, 0xfa, 0x48, 0x10, 0xf9, 0x2,
    0x16, 0x1f, 0x61, 0x91, 0xf, 0x91, 0x4, 0xd,
    0x9, 0xc1, 0x5, 0x82, 0xfa, 0x6, 0x1d, 0xc8,
    0x4d, 0x84,

    /* U+0210 "Ȑ" */
    0x7c, 0x8f, 0x90, 0xf2, 0x88, 0x51, 0x7, 0xd2,
    0x44, 0x4, 0x3e, 0x84, 0x19, 0x7, 0xee, 0xb,
    0x83, 0xf9, 0xc, 0x87, 0x3f, 0xfa, 0xf, 0xfe,
    0x13, 0xc1, 0xeb, 0xf4, 0x6, 0xe, 0x43, 0x38,
    0x10, 0xff, 0xe0, 0x40, 0x43, 0xfe, 0x43, 0xff,
    0xa2, 0x87, 0xff, 0xa, 0x2, 0x19, 0xc, 0xe0,
    0x83, 0xaf, 0xd0, 0x34, 0x3f, 0xf8, 0x18, 0x7d,
    0xfa, 0x2, 0x1f, 0xf2, 0x8, 0x3f, 0xf8, 0x10,
    0x20, 0xff, 0x94, 0x21, 0xff, 0xc0, 0x81, 0x87,
    0xff, 0x2, 0x2, 0x1f, 0xf2, 0x8, 0x3f, 0xf8,
    0x18, 0x20,

    /* U+0211 "ȑ" */
    0x7c, 0x8f, 0x90, 0x94, 0x42, 0x88, 0x34, 0x91,
    0x1, 0xd, 0x8, 0x32, 0xe, 0xe0, 0xb8, 0x3c,
    0x86, 0x43, 0x5a, 0xb, 0xe0, 0xec, 0xd0, 0xfe,
    0xc6, 0xe0, 0xe4, 0xa2, 0x21, 0xe5, 0x7, 0xfa,
    0xf, 0xff, 0xf8, 0x7f, 0xf6, 0xc0,

    /* U+0212 "Ȓ" */
    0xd, 0x7e, 0x43, 0xf6, 0x86, 0x90, 0xf2, 0x5f,
    0x88, 0x3c, 0xc8, 0x6e, 0xf, 0x90, 0xf2, 0x19,
    0xff, 0xd0, 0x7f, 0xf0, 0x9e, 0xf, 0x5f, 0xa0,
    0x30, 0x72, 0x19, 0xc0, 0x87, 0xff, 0x2, 0x2,
    0x1f, 0xf2, 0x1f, 0xfd, 0x14, 0x3f, 0xf8, 0x50,
    0x10, 0xc8, 0x67, 0x4, 0x1d, 0x7e, 0x81, 0xa1,
    0xff, 0xc0, 0xc3, 0xef, 0xd0, 0x10, 0xff, 0x90,
    0x41, 0xff, 0xc0, 0x81, 0x7, 0xfc, 0xa1, 0xf,
    0xfe, 0x4, 0xc, 0x3f, 0xf8, 0x10, 0x10, 0xff,
    0x90, 0x41, 0xff, 0xc0, 0xc1, 0x0,

    /* U+0213 "ȓ" */
    0x3, 0xf4, 0x1a, 0x81, 0x38, 0x16, 0xfa, 0x23,
    0x20, 0x96, 0x2c, 0x3a, 0xc3, 0xfe, 0xb4, 0x17,
    0xc1, 0x66, 0x87, 0xd8, 0xdc, 0x12, 0x51, 0x10,
    0xca, 0xf, 0xd0, 0x7f, 0xff, 0xc3, 0xff, 0x92,

    /* U+0214 "Ȕ" */
    0x2, 0xc0, 0x58, 0x3f, 0x74, 0x7, 0x40, 0xfd,
    0x24, 0x40, 0x83, 0xf4, 0x28, 0xc4, 0x3f, 0xb2,
    0x6, 0x61, 0xfd, 0xe0, 0xbc, 0x1f, 0xfc, 0x87,
    0xc1, 0xfe, 0xbc, 0x1f, 0xff, 0xf0, 0xff, 0xff,
    0x87, 0xff, 0xc5, 0xf, 0xe4, 0x50, 0x30, 0xff,
    0xb1, 0x14, 0x1f, 0x60, 0x48, 0x14, 0x40, 0xd8,
    0x20, 0xb0, 0x37, 0xa4, 0x12, 0x1b, 0x90, 0xcd,
    0xa0,

    /* U+0215 "ȕ" */
    0x14, 0x5, 0x83, 0xd5, 0x2, 0xa0, 0xe8, 0x46,
    0x10, 0xe6, 0x21, 0x44, 0x1c, 0xca, 0x25, 0x83,
    0x9d, 0x5, 0xa1, 0xff, 0xc3, 0xf4, 0x1f, 0x5e,
    0xf, 0xff, 0xf8, 0x7f, 0xf7, 0x91, 0xf, 0x90,
    0xff, 0x90, 0xa0, 0x68, 0x54, 0xc, 0x82, 0xf9,
    0x50, 0x54, 0x42, 0x68, 0x80,

    /* U+0216 "Ȗ" */
    0xf, 0x5f, 0x41, 0xfe, 0xd0, 0x98, 0x3f, 0x65,
    0xf2, 0xc1, 0xfa, 0x42, 0x83, 0xfb, 0x43, 0xb4,
    0x3f, 0xf8, 0xef, 0x83, 0xfd, 0x78, 0x3f, 0xff,
    0xe1, 0xff, 0xff, 0xf, 0xff, 0x8a, 0x1f, 0xc8,
    0xa0, 0x61, 0xff, 0x62, 0x28, 0x3e, 0xc0, 0x90,
    0x28, 0x81, 0xb0, 0x41, 0x60, 0x6f, 0x48, 0x24,
    0x37, 0x21, 0x9b, 0x40,

    /* U+0217 "ȗ" */
    0xd, 0x7d, 0x7, 0xd2, 0x13, 0x87, 0x2d, 0xf4,
    0x41, 0xb2, 0x9, 0x60, 0xd6, 0x1d, 0x61, 0xff,
    0xc3, 0xf4, 0x1f, 0x5e, 0xf, 0xff, 0xf8, 0x7f,
    0xf7, 0x91, 0xf, 0x90, 0xff, 0x90, 0xa0, 0x68,
    0x54, 0xc, 0x82, 0xf9, 0x50, 0x54, 0x42, 0x68,
    0x80,

    /* U+0218 "Ș" */
    0xd, 0x7f, 0x41, 0xd6, 0x87, 0x3a, 0x9, 0x5,
    0xea, 0x1, 0x2, 0x3a, 0x5, 0x78, 0x3b, 0xf,
    0xf2, 0x1f, 0xfc, 0x14, 0x18, 0x7f, 0xc8, 0xc1,
    0xfe, 0x80, 0xf0, 0x7f, 0x68, 0x1e, 0x43, 0xeb,
    0x40, 0xd8, 0x7e, 0xb8, 0x2c, 0x3f, 0x9d, 0x4,
    0x1f, 0xe9, 0x10, 0xff, 0xed, 0xa2, 0x5c, 0xa0,
    0x36, 0x8, 0x26, 0x9e, 0x90, 0x60, 0xa2, 0x1c,
    0xd8, 0x66, 0xfe, 0x90, 0xff, 0x28, 0x3f, 0xea,
    0x83, 0xfe, 0x48, 0x3f, 0xf8, 0x28, 0x7f, 0xa3,
    0xf, 0x80,

    /* U+0219 "ș" */
    0xa, 0xfd, 0x21, 0x5a, 0x19, 0xa0, 0xa1, 0xfd,
    0x31, 0x82, 0xc, 0xc0, 0xc3, 0xfe, 0x41, 0xa1,
    0xfa, 0x5, 0xc1, 0xe7, 0x80, 0xf8, 0x3c, 0xf2,
    0xd, 0xf, 0x36, 0x8, 0x3f, 0xa0, 0xff, 0xe1,
    0xd1, 0xc, 0xc1, 0x9b, 0xf4, 0xc, 0xa2, 0x19,
    0xb0, 0x9b, 0xf4, 0x87, 0xe5, 0x7, 0xfa, 0x88,
    0x7e, 0x40, 0x87, 0xec, 0x83, 0xf9, 0x60, 0xe0,

    /* U+021A "Ț" */
    0xbf, 0xff, 0x84, 0x87, 0xff, 0x12, 0xfe, 0x41,
    0xfe, 0x43, 0xd8, 0x7f, 0xff, 0xc3, 0xff, 0xfe,
    0x1f, 0xff, 0xf0, 0xff, 0xf1, 0x3e, 0xf, 0xfe,
    0x12, 0x83, 0xff, 0x85, 0x44, 0x3f, 0xf8, 0x8,
    0x10, 0xff, 0xe0, 0x64, 0x1f, 0xfc, 0x15, 0x83,
    0xe0,

    /* U+021B "ț" */
    0xd, 0x7, 0xe9, 0xf, 0xc8, 0x7e, 0x43, 0xf7,
    0x3, 0xf2, 0x83, 0xf9, 0xe0, 0x7e, 0x43, 0xff,
    0xfe, 0x1f, 0xfc, 0x54, 0x18, 0x7c, 0x83, 0xe4,
    0x2a, 0x7, 0xf3, 0xf9, 0xe, 0x58, 0x3e, 0xa6,
    0x1f, 0xd0, 0x79, 0x10, 0xfb, 0x20, 0x80,

    /* U+021C "Ȝ" */
    0xa, 0xfe, 0x83, 0xbc, 0x87, 0x3c, 0x8, 0xd,
    0xf4, 0x5, 0x13, 0xc8, 0x4e, 0x8, 0x10, 0x7e,
    0x43, 0xff, 0x9e, 0x87, 0xff, 0x2, 0x4, 0x1f,
    0x9d, 0x24, 0x39, 0xf4, 0x9, 0xe, 0xe0, 0x20,
    0x90, 0xe9, 0xbb, 0x49, 0xc, 0xc8, 0x50, 0x20,
    0xff, 0xa0, 0x21, 0xfe, 0x41, 0x87, 0xff, 0x31,
    0x6, 0x1f, 0xe8, 0x8, 0x7f, 0x40, 0x43, 0xfb,
    0x41, 0x7, 0xd6, 0x16, 0x1c, 0xf9, 0x3, 0x85,
    0x7a, 0x9, 0xe0, 0xc8, 0x4d, 0xc1, 0xe5, 0x7a,
    0x43, 0xf0,

    /* U+021D "ȝ" */
    0x3, 0x7f, 0x21, 0xa8, 0x87, 0x58, 0x51, 0x7e,
    0x41, 0x5, 0xa1, 0xa4, 0x43, 0xff, 0xae, 0xa1,
    0xf, 0xd4, 0x4, 0x1c, 0xda, 0xc, 0x39, 0x91,
    0x6, 0x1c, 0xab, 0xb0, 0x61, 0xd2, 0x14, 0x1f,
    0xfc, 0x4, 0x8, 0x7f, 0xf2, 0x90, 0xff, 0xe0,
    0x40, 0x43, 0xf4, 0x4, 0x3e, 0x74, 0x60, 0xeb,
    0x80, 0xc1, 0x5e, 0x40, 0xf0, 0x64, 0xd, 0xc1,
    0xeb, 0xd2, 0x1f, 0x0,

    /* U+021E "Ȟ" */
    0xd, 0xe0, 0xcf, 0x83, 0xe8, 0xc0, 0xc6, 0x1f,
    0x31, 0xd0, 0xc3, 0xf9, 0x42, 0x41, 0xff, 0x51,
    0x90, 0xff, 0xe0, 0x32, 0x1e, 0x7c, 0x1f, 0xeb,
    0xc1, 0xff, 0xff, 0xf, 0xfe, 0xe2, 0x1f, 0xfc,
    0x3b, 0xff, 0x90, 0xff, 0xe4, 0xff, 0xf9, 0xf,
    0xff, 0xf8, 0x7f, 0xfa, 0xc0,

    /* U+021F "ȟ" */
    0x3c, 0x86, 0xf0, 0x7f, 0x65, 0x7, 0x30, 0xff,
    0x63, 0xc6, 0x1f, 0xfc, 0xc, 0x2c, 0x3f, 0xf8,
    0x5f, 0x7, 0xff, 0x56, 0xf0, 0x7f, 0xff, 0xc3,
    0xff, 0xaf, 0x7e, 0x43, 0xfc, 0xe8, 0x6b, 0xf,
    0xe9, 0xbe, 0x40, 0x87, 0xe6, 0x42, 0x81, 0x7,
    0xec, 0x3c, 0x87, 0xf9, 0xf, 0x61, 0xff, 0xff,
    0xf, 0xff, 0xf8, 0x7f, 0xf0, 0xc0,

    /* U+0220 "Ƞ" */
    0x7c, 0x13, 0xfa, 0x43, 0xf3, 0xc1, 0x9b, 0xf,
    0x50, 0x6f, 0x48, 0x30, 0xe4, 0xe4, 0xd, 0x1,
    0x7, 0x61, 0xf2, 0x4, 0x32, 0x1f, 0xc8, 0x7b,
    0xf, 0xec, 0x3f, 0xf9, 0x68, 0x7f, 0xff, 0xc3,
    0xff, 0xfe, 0x1f, 0xfe, 0x67, 0xc1, 0xff, 0xff,
    0xf, 0xfe, 0xe8,

    /* U+0221 "ȡ" */
    0xf, 0xfa, 0xf0, 0x7f, 0xff, 0xc3, 0xff, 0xd3,
    0x7e, 0x43, 0xff, 0x86, 0xe8, 0x6a, 0x7, 0xff,
    0xa, 0x5, 0xf2, 0xc1, 0xff, 0xc0, 0x81, 0xa1,
    0x48, 0x7f, 0xf0, 0x51, 0xf, 0x41, 0xff, 0xc0,
    0x41, 0x87, 0xff, 0x29, 0xf, 0x90, 0xff, 0xf3,
    0xdf, 0x21, 0xff, 0xc4, 0x74, 0x29, 0x40, 0x43,
    0xe4, 0xc, 0x3e, 0x4, 0x24, 0x1e, 0x42, 0x86,
    0x2, 0x14, 0x8, 0x33, 0x8, 0x50, 0x48, 0x82,
    0x1f, 0xd1, 0xc1, 0x7e, 0x4, 0x7, 0x43, 0x38,
    0x7f, 0x38, 0x75, 0xfa, 0xe, 0xfe, 0x83, 0xff,
    0x84, 0x87, 0xff, 0x29, 0x50, 0x7e,

    /* U+0222 "Ȣ" */
    0x1f, 0x7, 0xe7, 0xc1, 0xff, 0xdc, 0x43, 0xff,
    0x82, 0x83, 0xf, 0xb0, 0xf2, 0x21, 0xe5, 0x10,
    0x68, 0x1a, 0x15, 0x0, 0x87, 0x69, 0x7c, 0x8e,
    0x1e, 0x90, 0xf9, 0x41, 0xda, 0x3f, 0xa4, 0xa0,
    0x50, 0x38, 0x33, 0x41, 0x40, 0x44, 0x3f, 0x20,
    0x84, 0x18, 0x7f, 0x21, 0xff, 0xd9, 0x41, 0x87,
    0xf2, 0x19, 0x14, 0x1f, 0x40, 0x81, 0x2, 0x88,
    0x4e, 0x8a, 0xb, 0x46, 0xfa, 0x3, 0x7, 0x5a,
    0x1c, 0xf0, 0x40,

    /* U+0223 "ȣ" */
    0x2f, 0x7, 0xde, 0x43, 0xff, 0xd8, 0x81, 0x6,
    0x4, 0x3b, 0xe, 0x41, 0x21, 0x48, 0x86, 0xd2,
    0xf9, 0x18, 0x3f, 0xf8, 0x38, 0x76, 0x97, 0xd1,
    0x40, 0xb0, 0x68, 0x4e, 0x28, 0x34, 0x1f, 0x24,
    0x20, 0x43, 0xec, 0x2c, 0x3f, 0xfa, 0x38, 0x7f,
    0xf0, 0x90, 0x21, 0xf6, 0x1e, 0x83, 0xca, 0x10,
    0x60, 0xd0, 0x98, 0x10, 0x50, 0x2f, 0xa0, 0x61,
    0x9e, 0xc, 0xd8, 0x40,

    /* U+0224 "Ȥ" */
    0xbf, 0xff, 0x81, 0x7, 0xff, 0xa, 0xff, 0xe4,
    0x10, 0x7f, 0x28, 0x43, 0xfd, 0x2, 0xf, 0xe8,
    0x18, 0x7f, 0x28, 0x43, 0xfd, 0x2, 0xf, 0xe8,
    0x10, 0x7f, 0x91, 0x41, 0xfd, 0x82, 0xf, 0xe8,
    0x10, 0x7f, 0x91, 0x41, 0xfd, 0x82, 0xf, 0xe8,
    0x10, 0x7f, 0x91, 0x41, 0xfd, 0x82, 0xf, 0xe8,
    0x10, 0x7f, 0x90, 0x5f, 0xfe, 0xf, 0xfe, 0x17,
    0xff, 0xd0, 0x7f, 0xf3, 0xf0, 0xff, 0xbc, 0x90,
    0x7f, 0xf0, 0x14, 0x1f, 0xdf, 0x40,

    /* U+0225 "ȥ" */
    0x7f, 0xfc, 0x1f, 0xfc, 0x17, 0xfd, 0x2, 0xf,
    0xd0, 0xa0, 0xfa, 0x4, 0x1f, 0x28, 0x83, 0xf4,
    0x28, 0x3e, 0xc1, 0x7, 0xc8, 0x30, 0xfd, 0x10,
    0x7e, 0xc0, 0x87, 0xd0, 0x30, 0xf9, 0x44, 0x1f,
    0xa0, 0x5f, 0xf0, 0x7f, 0xf0, 0x7f, 0xf8, 0x3f,
    0xf9, 0x68, 0x7f, 0x7a, 0x10, 0xff, 0x30, 0x7d,
    0xf4, 0x0,

    /* U+0226 "Ȧ" */
    0xf, 0xfe, 0x77, 0x83, 0xff, 0x86, 0x81, 0xf,
    0xfe, 0x12, 0x4, 0x3f, 0xf8, 0x7e, 0xf, 0xfe,
    0xab, 0xe4, 0x3f, 0xf8, 0x50, 0x30, 0xff, 0xe2,
    0xa1, 0xff, 0xc1, 0x84, 0x8, 0x7f, 0xf0, 0x13,
    0x48, 0x3f, 0xe4, 0xc, 0x1f, 0xfc, 0x1c, 0x43,
    0x41, 0xfe, 0x4c, 0x10, 0x87, 0xf4, 0x4, 0x8,
    0x10, 0xfc, 0x88, 0x7a, 0xf, 0x90, 0x41, 0xa0,
    0xfe, 0xc3, 0xe4, 0x10, 0x79, 0x7, 0xf8, 0x8,
    0x72, 0x1f, 0xfc, 0x4, 0x34, 0x3f, 0xf8, 0x18,
    0x7b, 0xf, 0xc8, 0x85, 0x1, 0xf, 0xd0, 0x10,
    0x22, 0x1f, 0xe4, 0x84, 0x10, 0x7f, 0xb0, 0x30,
    0x87, 0xfc, 0x83,

    /* U+0227 "ȧ" */
    0xf, 0x78, 0x3f, 0xc8, 0x10, 0xfe, 0x40, 0x87,
    0xfb, 0xc1, 0xff, 0xd6, 0x6f, 0xd0, 0x77, 0x21,
    0x9d, 0x9, 0x57, 0xd0, 0x20, 0xa8, 0x84, 0xe0,
    0x43, 0xff, 0xa2, 0xdf, 0xc1, 0x9e, 0x45, 0xc1,
    0xa0, 0x7a, 0xb0, 0x50, 0x30, 0xff, 0xe9, 0xe1,
    0x60, 0x82, 0x70, 0xc8, 0x1f, 0xa2, 0x42, 0xe0,
    0xce, 0xe0,

    /* U+0228 "Ȩ" */
    0x7f, 0xfe, 0xf, 0xfe, 0x1d, 0xff, 0x82, 0x43,
    0xff, 0xf7, 0xff, 0x90, 0xff, 0xe1, 0xdf, 0xf2,
    0x12, 0x1f, 0xfe, 0xf4, 0x3f, 0xeb, 0xff, 0x7,
    0xff, 0x1, 0xfd, 0x17, 0xe0, 0xe8, 0x43, 0xf9,
    0x38, 0x3f, 0x58, 0x87, 0xff, 0x1e, 0x98, 0x7e,
    0x58, 0x70, 0x80,

    /* U+0229 "ȩ" */
    0xc, 0xfe, 0x83, 0xee, 0xc, 0xe1, 0xd8, 0x2f,
    0x81, 0x85, 0x2, 0x42, 0xc1, 0x1, 0x14, 0x1c,
    0x88, 0x6c, 0x3d, 0x84, 0x81, 0xf, 0xe4, 0x2f,
    0xfa, 0xf, 0xfe, 0x47, 0xff, 0x94, 0x4, 0x3f,
    0xe4, 0x83, 0xfe, 0x81, 0xa1, 0x9a, 0x5, 0x82,
    0xfd, 0x21, 0xdc, 0x86, 0x68, 0x1c, 0xd0, 0xf4,
    0x87, 0xe8, 0x43, 0xfe, 0x4a, 0x7, 0xfa, 0xc4,
    0x3f, 0xf9, 0x74, 0xc3, 0xfe, 0x50, 0xe1, 0x80,

    /* U+022A "Ȫ" */
    0xf, 0x7f, 0xe0, 0xff, 0xea, 0x7f, 0xe0, 0xff,
    0xe0, 0x30, 0x69, 0xf, 0xfe, 0x4, 0xc0, 0x98,
    0x3f, 0xf8, 0x9, 0x83, 0x10, 0xff, 0xe0, 0x5a,
    0x7, 0x83, 0xff, 0xa8, 0xff, 0x48, 0x7f, 0xae,
    0xe, 0x6d, 0xf, 0xa4, 0xd, 0xe9, 0x5, 0x3,
    0xa4, 0x79, 0x3, 0x60, 0x50, 0x64, 0x10, 0x7e,
    0xc1, 0x5, 0x2, 0xf, 0xf4, 0x4, 0x8, 0x10,
    0xff, 0x20, 0xc3, 0x21, 0xff, 0xc0, 0x44, 0x36,
    0x1f, 0xfc, 0x44, 0x3f, 0xfb, 0x68, 0x7f, 0xf2,
    0xb0, 0xff, 0xe0, 0x21, 0xe4, 0x3f, 0xf8, 0x48,
    0x10, 0x21, 0xfe, 0x41, 0x82, 0x4, 0x1f, 0xe8,
    0x8, 0x48, 0x20, 0xfd, 0x82, 0xd, 0x23, 0xc8,
    0x1b, 0x2, 0x83, 0xa4, 0xd, 0xe9, 0x5, 0x3,
    0xeb, 0x83, 0x9b, 0x43, 0x0,

    /* U+022B "ȫ" */
    0xa, 0xff, 0xa0, 0xff, 0xe4, 0xdf, 0xf4, 0x1f,
    0x78, 0x2f, 0x7, 0xc8, 0x7c, 0x87, 0x96, 0x9,
    0x60, 0xfa, 0x81, 0x50, 0x3f, 0xf9, 0x6d, 0xf4,
    0x87, 0xdc, 0x84, 0xd8, 0x76, 0xb, 0xe8, 0x18,
    0x50, 0x34, 0x27, 0x4, 0x4, 0x43, 0xe4, 0x44,
    0x18, 0x7d, 0x87, 0x90, 0xf9, 0x2, 0x1f, 0xfd,
    0x24, 0x8, 0x7c, 0x81, 0xb, 0xf, 0xb0, 0xc8,
    0x87, 0xc8, 0x82, 0x6, 0x84, 0xe0, 0x82, 0xc1,
    0x7d, 0x3, 0xe, 0xe4, 0x26, 0xc2,

    /* U+022C "Ȭ" */
    0xf, 0x7f, 0xe0, 0xff, 0xea, 0x7f, 0xe0, 0xff,
    0xe0, 0x5e, 0x82, 0xe0, 0xff, 0x28, 0xf, 0xc4,
    0x1f, 0xec, 0xf9, 0x4, 0x1f, 0xf5, 0x85, 0x79,
    0xf, 0xfe, 0xa3, 0xfd, 0x21, 0xfe, 0xb8, 0x39,
    0xb4, 0x3e, 0x90, 0x37, 0xa4, 0x14, 0xe, 0x91,
    0xe4, 0xd, 0x81, 0x41, 0x90, 0x41, 0xfb, 0x4,
    0x14, 0x8, 0x3f, 0xd0, 0x10, 0x20, 0x43, 0xfc,
    0x83, 0xc, 0x87, 0xff, 0x1, 0x10, 0xd8, 0x7f,
    0xf1, 0x10, 0xff, 0xed, 0xa1, 0xff, 0xca, 0xc3,
    0xff, 0x80, 0x87, 0x90, 0xff, 0xe1, 0x20, 0x40,
    0x87, 0xf9, 0x6, 0x8, 0x10, 0x7f, 0xa0, 0x21,
    0x20, 0x83, 0xf6, 0x8, 0x34, 0x8f, 0x20, 0x6c,
    0xa, 0xe, 0x90, 0x37, 0xa4, 0x14, 0xf, 0xae,
    0xe, 0x6d, 0xc,

    /* U+022D "ȭ" */
    0xa, 0xff, 0xa0, 0xff, 0xe4, 0xdf, 0xf4, 0x1f,
    0x7c, 0x81, 0xc3, 0xd8, 0x57, 0xa0, 0xfd, 0x7a,
    0xb, 0xf, 0x68, 0x1f, 0x83, 0xff, 0x96, 0xdf,
    0x48, 0x7d, 0xc8, 0x4d, 0x87, 0x60, 0xbe, 0x81,
    0x85, 0x3, 0x42, 0x70, 0x40, 0x44, 0x3e, 0x44,
    0x41, 0x87, 0xd8, 0x79, 0xf, 0x90, 0x21, 0xff,
    0xd2, 0x40, 0x87, 0xc8, 0x10, 0xb0, 0xfb, 0xc,
    0x88, 0x7c, 0x88, 0x20, 0x68, 0x4e, 0x8, 0x2c,
    0x17, 0xd0, 0x30, 0xee, 0x42, 0x6c, 0x20,

    /* U+022E "Ȯ" */
    0xf, 0xfe, 0x8f, 0x83, 0xff, 0x8a, 0x81, 0xf,
    0xfe, 0x22, 0x4, 0x3f, 0xf8, 0xbe, 0xf, 0xfe,
    0xbb, 0xfd, 0x21, 0xfe, 0xb8, 0x39, 0xb4, 0x3e,
    0x90, 0x37, 0xa4, 0x14, 0xe, 0x91, 0xe4, 0xd,
    0x81, 0x41, 0x90, 0x41, 0xfb, 0x4, 0x14, 0x8,
    0x3f, 0xd0, 0x10, 0x20, 0x43, 0xfc, 0x83, 0xc,
    0x87, 0xff, 0x1, 0x10, 0xd8, 0x7f, 0xf1, 0x10,
    0xff, 0xed, 0xa1, 0xff, 0xca, 0xc3, 0xff, 0x80,
    0x87, 0x90, 0xff, 0xe1, 0x20, 0x40, 0x87, 0xf9,
    0x6, 0x8, 0x10, 0x7f, 0xa0, 0x21, 0x20, 0x83,
    0xf6, 0x8, 0x34, 0x8f, 0x20, 0x6c, 0xa, 0xe,
    0x90, 0x37, 0xa4, 0x14, 0xf, 0xae, 0xe, 0x6d,
    0xc,

    /* U+022F "ȯ" */
    0xf, 0x3c, 0x1f, 0xfc, 0x8, 0x43, 0xff, 0x80,
    0x88, 0x7f, 0xf0, 0x2e, 0xf, 0xfe, 0xe3, 0x7d,
    0x21, 0xf7, 0x21, 0x36, 0x1d, 0x82, 0xfa, 0x6,
    0x14, 0xd, 0x9, 0xc1, 0x1, 0x10, 0xf9, 0x11,
    0x6, 0x1f, 0x61, 0xe4, 0x3e, 0x40, 0x87, 0xff,
    0x49, 0x2, 0x1f, 0x20, 0x42, 0xc3, 0xec, 0x32,
    0x21, 0xf2, 0x20, 0x81, 0xa1, 0x38, 0x20, 0xb0,
    0x5f, 0x40, 0xc3, 0xb9, 0x9, 0xb0, 0x80,

    /* U+0230 "Ȱ" */
    0xf, 0x7f, 0xe0, 0xff, 0xea, 0x7f, 0xe0, 0xff,
    0xeb, 0xf8, 0x3f, 0xf8, 0xa8, 0x10, 0xff, 0xe2,
    0x20, 0x43, 0xff, 0x8b, 0xe0, 0xff, 0xe1, 0xbf,
    0xd2, 0x1f, 0xeb, 0x83, 0x9b, 0x43, 0xe9, 0x3,
    0x7a, 0x41, 0x40, 0xe9, 0x1e, 0x40, 0xd8, 0x14,
    0x19, 0x4, 0x1f, 0xb0, 0x41, 0x40, 0x83, 0xfd,
    0x1, 0x2, 0x4, 0x3f, 0xc8, 0x30, 0xc8, 0x7f,
    0xf0, 0x11, 0xd, 0x87, 0xff, 0x11, 0xf, 0xfe,
    0xda, 0x1f, 0xfc, 0xac, 0x3f, 0xf8, 0x8, 0x79,
    0xf, 0xfe, 0x12, 0x4, 0x8, 0x7f, 0x90, 0x60,
    0x81, 0x7, 0xfa, 0x2, 0x12, 0x8, 0x3f, 0x60,
    0x83, 0x48, 0xf2, 0x6, 0xc0, 0xa0, 0xe9, 0x3,
    0x7a, 0x41, 0x40, 0xfa, 0xe0, 0xe6, 0xd0, 0xc0,

    /* U+0231 "ȱ" */
    0xa, 0xff, 0xa0, 0xff, 0xe4, 0xdf, 0xf4, 0x1f,
    0xd6, 0x87, 0xff, 0x1, 0x20, 0xff, 0xe0, 0x22,
    0x1f, 0xfc, 0xb, 0x83, 0xff, 0x9a, 0xdf, 0x48,
    0x7d, 0xc8, 0x4d, 0x87, 0x60, 0xbe, 0x81, 0x85,
    0x3, 0x42, 0x70, 0x40, 0x44, 0x3e, 0x44, 0x41,
    0x87, 0xd8, 0x79, 0xf, 0x90, 0x21, 0xff, 0xd2,
    0x40, 0x87, 0xc8, 0x10, 0xb0, 0xfb, 0xc, 0x88,
    0x7c, 0x88, 0x20, 0x68, 0x4e, 0x8, 0x2c, 0x17,
    0xd0, 0x30, 0xee, 0x42, 0x6c, 0x20,

    /* U+0232 "Ȳ" */
    0xd, 0xff, 0x83, 0xe4, 0x3f, 0xf8, 0x6f, 0xfe,
    0xf, 0xfe, 0x45, 0xe0, 0xff, 0x7a, 0x80, 0x83,
    0xf4, 0x8, 0x44, 0x3f, 0x24, 0x8, 0x10, 0x7b,
    0x2, 0x12, 0x21, 0xc8, 0x20, 0xd0, 0x20, 0xd0,
    0x10, 0xe4, 0x42, 0x41, 0x7, 0xa0, 0x60, 0x80,
    0x87, 0xd0, 0x14, 0xc, 0x3f, 0x20, 0xa0, 0x87,
    0xfa, 0xd, 0x7, 0xf9, 0x9, 0xf, 0xfe, 0x4,
    0x8, 0x3f, 0xff, 0xe1, 0xff, 0xdf,

    /* U+0233 "ȳ" */
    0xb, 0xff, 0x21, 0xff, 0xc9, 0xff, 0xc8, 0x5f,
    0x7, 0xeb, 0xc4, 0x1f, 0xe4, 0x44, 0x10, 0x79,
    0x6, 0x4, 0x43, 0xd8, 0x10, 0x40, 0x43, 0x91,
    0xf, 0x61, 0x90, 0x41, 0xa1, 0xd, 0x87, 0xc8,
    0x10, 0x92, 0xf, 0x24, 0x4, 0x8, 0x7a, 0xd,
    0x88, 0x7f, 0xa1, 0x30, 0xfd, 0xa, 0x2, 0x1f,
    0x90, 0x62, 0x1f, 0xe4, 0x48, 0x3f, 0xd0, 0x7f,
    0xf1, 0x60, 0xff, 0x90, 0x21, 0xff, 0x42, 0x1f,
    0xf2, 0xc, 0x3f, 0xcc, 0x28, 0x3e, 0xbd, 0x2,
    0xf, 0xfe, 0x3, 0x87, 0xf0,

    /* U+0234 "ȴ" */
    0x5, 0xe0, 0xff, 0xff, 0x87, 0xff, 0xfc, 0x35,
    0xe8, 0x3e, 0x40, 0xc1, 0x20, 0xb8, 0x40, 0x84,
    0x88, 0x12, 0x9, 0xc, 0xa0, 0x25, 0xe1, 0x32,
    0xa0, 0x98, 0xa2, 0x3f, 0x40,

    /* U+0235 "ȵ" */
    0xb4, 0x17, 0xe4, 0x3f, 0xdb, 0xa1, 0xac, 0x3f,
    0x99, 0xbe, 0x41, 0x7, 0xfa, 0x42, 0x80, 0x87,
    0xf4, 0x1e, 0x43, 0xfe, 0x43, 0xd8, 0x7f, 0xfb,
    0xef, 0x41, 0xff, 0xc3, 0x40, 0xe1, 0xff, 0x60,
    0xbc, 0x4, 0x3f, 0xc8, 0x10, 0x26, 0x1f, 0xd0,
    0x50, 0x13, 0xf, 0xe4, 0x47, 0xc0, 0x43, 0xf2,
    0x34, 0x9, 0xcb, 0xc1, 0xcf, 0xf, 0xd0, 0x0,

    /* U+0236 "ȶ" */
    0xd, 0x7, 0xf4, 0x87, 0xf2, 0x1f, 0xc8, 0x7f,
    0x70, 0x3f, 0x22, 0x1f, 0xe7, 0x81, 0xf9, 0xf,
    0xff, 0x8d, 0xe8, 0x3e, 0x40, 0xe1, 0x60, 0xbc,
    0x4, 0x8, 0x10, 0x26, 0x41, 0x40, 0x4c, 0x44,
    0x7c, 0x5, 0xd, 0x2, 0x71, 0xe1, 0xfa, 0x0,

    /* U+0237 "ȷ" */
    0xd, 0x78, 0x3f, 0xff, 0xe1, 0xff, 0xe4, 0x43,
    0x90, 0x37, 0xa0, 0x58, 0x4e, 0x0,

    /* U+0238 "ȸ" */
    0xf, 0xfa, 0xf0, 0x7f, 0xff, 0xc3, 0xff, 0xeb,
    0x7e, 0x43, 0x9b, 0xe8, 0x3c, 0xe8, 0x6a, 0x4,
    0xc8, 0x4f, 0x6, 0x81, 0x7c, 0xb0, 0x27, 0xf0,
    0x14, 0x8, 0x1a, 0x15, 0x2, 0x60, 0xd8, 0x20,
    0x22, 0x1e, 0x42, 0x83, 0xd0, 0x14, 0xc, 0x3f,
    0xf8, 0xa8, 0x30, 0x90, 0xf9, 0xf, 0xff, 0xb2,
    0x1f, 0x21, 0xff, 0xc0, 0xd0, 0x61, 0xfe, 0x43,
    0xc8, 0x64, 0x43, 0xd0, 0x50, 0x7a, 0x2, 0x40,
    0xd0, 0xa4, 0xc1, 0xa0, 0x70, 0x41, 0x40, 0xbe,
    0x4c, 0xc1, 0x7a, 0x4, 0x84, 0xe8, 0x67, 0xb,
    0x83, 0x3a, 0x0,

    /* U+0239 "ȹ" */
    0xd, 0x7e, 0x83, 0x9f, 0xd0, 0x79, 0xd0, 0xce,
    0x83, 0x83, 0x3a, 0x1a, 0x5, 0xf2, 0x46, 0xb,
    0xd0, 0x24, 0x10, 0x34, 0x29, 0x30, 0x68, 0x1c,
    0x10, 0x11, 0xf, 0x41, 0x41, 0xe8, 0xa, 0x6,
    0x1f, 0xe4, 0x3c, 0x83, 0x9, 0xf, 0x90, 0xff,
    0xfb, 0x21, 0xf2, 0x1f, 0xfc, 0x14, 0x18, 0x7f,
    0xf1, 0x50, 0x62, 0x21, 0xe4, 0x28, 0x3d, 0x1,
    0x20, 0x68, 0x54, 0x9, 0x90, 0x38, 0x20, 0xa0,
    0x5f, 0x2c, 0x33, 0x7a, 0x2, 0x82, 0x74, 0x35,
    0x0, 0xad, 0x9, 0xe0, 0xf5, 0xf9, 0xf, 0x5f,
    0x41, 0xff, 0xff, 0xf, 0xff, 0xf8, 0x60,

    /* U+023A "Ⱥ" */
    0xf, 0xfe, 0x7, 0x83, 0xfe, 0x7c, 0xa2, 0xf,
    0xfa, 0x7, 0x8, 0x7f, 0xf0, 0x91, 0xf, 0xfa,
    0x10, 0xb0, 0xff, 0x93, 0x40, 0x87, 0xf9, 0x3,
    0x87, 0xff, 0x7, 0x13, 0x4, 0x1f, 0xe4, 0xc4,
    0x8, 0x7f, 0x40, 0x43, 0x90, 0xfc, 0x89, 0x10,
    0x30, 0xf9, 0x4, 0x23, 0x8, 0x7d, 0x84, 0x88,
    0x82, 0xf, 0x20, 0xe1, 0xf0, 0x10, 0xe4, 0x3f,
    0xf8, 0x8, 0x68, 0x78, 0x7f, 0x3, 0xf, 0x66,
    0x41, 0x91, 0xa, 0x2, 0x21, 0xe8, 0x8, 0x11,
    0x12, 0xf, 0x24, 0x20, 0x88, 0x43, 0xd8, 0x18,
    0x43, 0xfe, 0x41, 0xf4, 0x24, 0x1f, 0xbd, 0x6,
    0x84, 0x3f, 0xe0,

    /* U+023B "Ȼ" */
    0xf, 0xfe, 0x3, 0xa1, 0xf3, 0x7e, 0x83, 0xe7,
    0x90, 0xf5, 0x2, 0xa0, 0x1b, 0xc8, 0x50, 0x14,
    0xe, 0x40, 0x9e, 0xa, 0x6, 0x1e, 0x43, 0x20,
    0x83, 0xa3, 0xd, 0x1, 0xe, 0x44, 0x3c, 0x87,
    0x22, 0x1f, 0x61, 0xd9, 0x86, 0x43, 0xf2, 0x21,
    0xff, 0xc0, 0x44, 0x39, 0xf, 0xb2, 0xf, 0xd8,
    0x64, 0x3f, 0xc8, 0x49, 0x7, 0xc8, 0x10, 0x42,
    0x1f, 0x40, 0x83, 0xff, 0x82, 0x83, 0x88, 0x3f,
    0xa4, 0x8, 0x65, 0x58, 0x69, 0xa, 0xf5, 0x10,
    0xf4, 0x87, 0xcc, 0x1e, 0x4f, 0xf4, 0x87, 0xc8,
    0x7f, 0x0,

    /* U+023C "ȼ" */
    0xf, 0xf5, 0x87, 0xfc, 0x87, 0xfc, 0x88, 0x7f,
    0xb2, 0xf, 0xf2, 0x1f, 0xf2, 0x41, 0xe6, 0xf4,
    0x61, 0xdc, 0x86, 0x43, 0x60, 0x74, 0x50, 0x50,
    0x38, 0x4a, 0x4, 0x88, 0x11, 0xc, 0x83, 0x6,
    0x41, 0xf2, 0x4, 0x3f, 0xe4, 0x43, 0xfd, 0x90,
    0x7e, 0x44, 0x3e, 0x41, 0xa4, 0x1f, 0x23, 0x8,
    0x7d, 0x7, 0xcc, 0x1b, 0xb, 0xe9, 0x41, 0xff,
    0x48, 0x48, 0xff, 0x21, 0xb2, 0xf, 0xf2, 0x1f,
    0xf2, 0x41, 0xfe, 0x84, 0x3f, 0xd4, 0xf, 0xf0,

    /* U+023D "Ƚ" */
    0x3, 0xe0, 0xff, 0xff, 0x87, 0xff, 0x8a, 0xe0,
    0x7f, 0x7, 0xff, 0x1a, 0xe0, 0x7f, 0x7, 0xff,
    0xfc, 0x32, 0x1f, 0xfc, 0x1b, 0xff, 0x7, 0xff,
    0x8,

    /* U+023E "Ⱦ" */
    0xf, 0xfe, 0x5, 0xa5, 0xff, 0xf2, 0x48, 0x7f,
    0xf1, 0x2f, 0xe4, 0x1c, 0xf, 0x21, 0xec, 0x2c,
    0x83, 0xff, 0x82, 0x88, 0x7f, 0xf0, 0x22, 0xf,
    0xfe, 0xa, 0x21, 0xff, 0xc2, 0x83, 0xff, 0x86,
    0x87, 0xff, 0x9, 0xf, 0xfe, 0x1c, 0x1f, 0xfd,
    0x8, 0x3f, 0xf8, 0x48, 0x7f, 0xf0, 0xf0, 0xff,
    0xe1, 0xa1, 0xff, 0xc2, 0x83, 0xff, 0x86, 0x90,
    0x7f, 0xf0, 0x22, 0xf, 0xfe, 0xa, 0x21, 0xff,
    0xc0, 0x88, 0x7c, 0x1f, 0xc8, 0x87, 0xfc,

    /* U+023F "ȿ" */
    0xa, 0xfd, 0x21, 0x5a, 0x19, 0xa0, 0xa1, 0xfd,
    0x31, 0x82, 0xc, 0xc0, 0xc3, 0xfe, 0x41, 0xa1,
    0xfa, 0x5, 0xc1, 0xe7, 0x40, 0xf0, 0x7a, 0xe4,
    0x74, 0x3c, 0xd8, 0x20, 0xfe, 0x83, 0xff, 0x87,
    0x44, 0x33, 0x6, 0x6f, 0xd0, 0x32, 0x43, 0xce,
    0x15, 0x81, 0xf4, 0x1e, 0x84, 0x3f, 0x90, 0x21,
    0xfc, 0x90, 0x7f, 0x40, 0x83, 0xf9, 0x1f, 0x90,
    0xea, 0x6, 0x40,

    /* U+0240 "ɀ" */
    0x7f, 0xfc, 0x1f, 0xfc, 0x17, 0xfd, 0x2, 0xf,
    0xd0, 0xa0, 0xfa, 0x4, 0x1f, 0x28, 0x83, 0xf4,
    0x28, 0x3e, 0xc1, 0x7, 0xc8, 0x30, 0xfd, 0x10,
    0x7e, 0xc5, 0x7, 0xd0, 0x20, 0xf9, 0x44, 0x1f,
    0xa0, 0x68, 0x7f, 0x99, 0xf, 0x7c, 0x90, 0x7f,
    0x40, 0x43, 0xf9, 0x30, 0xfe, 0xc4, 0x3f, 0x90,
    0x68, 0x7e, 0xc1, 0x7c, 0x1e, 0xd0, 0x90,

    /* U+0241 "Ɂ" */
    0x5, 0xfa, 0x42, 0xb4, 0x33, 0x60, 0xc6, 0xf4,
    0x83, 0x1e, 0x40, 0xc8, 0x7f, 0xd8, 0x10, 0xfc,
    0x83, 0xf, 0xc8, 0x30, 0xfd, 0x81, 0xf, 0x94,
    0x21, 0xf3, 0x2, 0xe, 0x78, 0x18, 0x75, 0x0,
    0xe1, 0xfd, 0xc1, 0xff, 0xff, 0xf, 0xfe, 0x8,

    /* U+0242 "ɂ" */
    0x5, 0xfa, 0x42, 0x74, 0x33, 0x40, 0x23, 0x7c,
    0x8c, 0xe, 0x42, 0x80, 0x87, 0xf4, 0x1f, 0xfd,
    0x78, 0x3f, 0xc8, 0x20, 0xf9, 0x85, 0x7, 0x3c,
    0x30, 0x75, 0x1, 0x40, 0xfe, 0xd0, 0xff, 0xe8,
    0x0,

    /* U+0243 "Ƀ" */
    0x3, 0xff, 0xa4, 0x3f, 0xf8, 0x6d, 0xc1, 0xf5,
    0xfa, 0x40, 0xa0, 0xf2, 0x19, 0xb0, 0x41, 0xff,
    0xc2, 0x43, 0xff, 0xaa, 0x87, 0xff, 0x1a, 0xf,
    0x21, 0xce, 0x28, 0x3d, 0x7f, 0x4d, 0x3, 0xff,
    0x84, 0xe8, 0x7d, 0xfe, 0x95, 0x40, 0xff, 0xe0,
    0x32, 0x2a, 0xe0, 0x7e, 0x42, 0x81, 0x87, 0xff,
    0x16, 0xe0, 0x5f, 0x21, 0xff, 0xc0, 0x43, 0xe8,
    0x18, 0x72, 0x1c, 0xe8, 0x10, 0xeb, 0xfa, 0xb,
    0xf, 0xfe, 0xb, 0x60,

    /* U+0244 "Ʉ" */
    0x3, 0xe0, 0xff, 0x5e, 0xf, 0xff, 0xf8, 0x7f,
    0xfb, 0x30, 0xff, 0xe3, 0x5a, 0xf, 0xff, 0x20,
    0xf0, 0x7f, 0xf2, 0xae, 0x7, 0xff, 0x90, 0x78,
    0x3f, 0xff, 0x28, 0x7f, 0x22, 0x1c, 0x83, 0xf,
    0xfb, 0xf, 0x22, 0x83, 0xec, 0x8, 0x7a, 0x5,
    0x10, 0x2b, 0x4, 0x1f, 0xb0, 0x37, 0xa8, 0x9,
    0xf, 0xee, 0x43, 0x36, 0x87, 0x0,

    /* U+0245 "Ʌ" */
    0xf, 0xbe, 0xf, 0xfe, 0xa, 0x12, 0x1f, 0xfc,
    0xc, 0x2c, 0x3f, 0xf8, 0x8, 0x88, 0x7f, 0xc8,
    0x20, 0x21, 0xfe, 0x84, 0x48, 0x3f, 0xf8, 0x19,
    0x87, 0xfd, 0x1, 0x10, 0x21, 0xf9, 0x10, 0x92,
    0xf, 0xf6, 0x16, 0x1f, 0xd0, 0x10, 0x90, 0x41,
    0xe4, 0x43, 0x91, 0xe, 0x41, 0x87, 0x60, 0x43,
    0x60, 0x43, 0x90, 0x61, 0x91, 0xf, 0x91, 0x9,
    0x4, 0x1f, 0x40, 0x41, 0x87, 0xff, 0x7, 0x2,
    0x21, 0xfc, 0x88, 0x82, 0xf, 0xe8, 0xc, 0x1f,
    0xfc, 0x38,

    /* U+0246 "Ɇ" */
    0xf, 0xee, 0x1f, 0xfc, 0x38, 0x7f, 0xf0, 0xef,
    0xc0, 0xf0, 0x48, 0x72, 0x1f, 0xc9, 0x87, 0xf6,
    0x21, 0xfc, 0x87, 0xff, 0x1, 0xf, 0x20, 0x43,
    0xf5, 0xe8, 0x7c, 0x87, 0xff, 0xf, 0xe1, 0xf9,
    0xe, 0x4c, 0x3f, 0xb1, 0xf, 0xe4, 0x3f, 0xf8,
    0x8, 0x7f, 0x26, 0x1f, 0x98, 0x3f, 0xd0, 0x2f,
    0xe0, 0xff, 0xe0, 0x3e, 0x4b, 0xfc, 0x12, 0x21,
    0xe0,

    /* U+0247 "ɇ" */
    0xf, 0xf5, 0x87, 0xff, 0x1, 0xf, 0xfe, 0x2,
    0x21, 0xff, 0x64, 0x1f, 0xf2, 0x1f, 0xfc, 0x4,
    0x83, 0xe7, 0xe8, 0x3f, 0x70, 0x74, 0x86, 0xc1,
    0x70, 0x50, 0x50, 0x34, 0x8c, 0x10, 0x11, 0xc,
    0x90, 0x86, 0xc1, 0x18, 0x72, 0xb, 0xc9, 0x70,
    0x10, 0xff, 0xe2, 0xf9, 0x2f, 0xe4, 0x24, 0x44,
    0x3c, 0x83, 0x44, 0x3f, 0x23, 0x10, 0x7e, 0x83,
    0xf3, 0x40, 0xb0, 0xbf, 0x48, 0x72, 0x21, 0x9a,
    0x6, 0x4b, 0xf4, 0x86, 0x48, 0x3f, 0xe8, 0x43,
    0xff, 0x80, 0x87, 0xfc, 0x98, 0x7f, 0xf0, 0x14,
    0x1f, 0xe0,

    /* U+0248 "Ɉ" */
    0xe, 0x7c, 0x1f, 0xff, 0xf0, 0xff, 0x61, 0xfa,
    0xd0, 0x79, 0xf, 0xfe, 0x15, 0xc0, 0xf2, 0x1f,
    0xff, 0xf0, 0xff, 0xe3, 0x61, 0xfe, 0x43, 0xc8,
    0xc0, 0x83, 0x5c, 0x8a, 0xf, 0xd4, 0xc,

    /* U+0249 "ɉ" */
    0xc, 0xf0, 0x7a, 0x10, 0xf4, 0x21, 0xe7, 0x83,
    0xff, 0x99, 0x78, 0x3f, 0xfd, 0xd6, 0x83, 0xc1,
    0xff, 0x5a, 0xf, 0x7, 0xff, 0xfc, 0x3f, 0x94,
    0x20, 0xbd, 0x2, 0x6, 0x13, 0x84,

    /* U+024A "Ɋ" */
    0xe, 0x6f, 0xd2, 0x7, 0x83, 0xea, 0x21, 0x9b,
    0xf, 0xf6, 0x82, 0xfa, 0x4f, 0x7, 0xd0, 0x1d,
    0x9, 0xa0, 0x87, 0xc8, 0xc1, 0xf2, 0x83, 0xe8,
    0x10, 0x7f, 0x41, 0xf2, 0x1f, 0xfc, 0xa4, 0x3f,
    0xf9, 0x18, 0x7f, 0xf1, 0x50, 0xff, 0xee, 0xa1,
    0xff, 0xcb, 0xc3, 0xff, 0x90, 0x87, 0xff, 0x19,
    0xf, 0xfe, 0x44, 0x8, 0x3f, 0xa0, 0xfc, 0x8c,
    0x1f, 0x28, 0x3f, 0x40, 0x74, 0x26, 0x81, 0xfe,
    0xd0, 0x5f, 0x49, 0x87, 0xfa, 0x88, 0x66, 0xc3,
    0xff, 0x80, 0xdf, 0xa4, 0x3f, 0xfe, 0xa8, 0x87,
    0xff, 0x1b, 0x2, 0x21, 0xff, 0xc3, 0x41, 0x70,
    0x7f, 0xf1, 0x34, 0x8,

    /* U+024B "ɋ" */
    0xd, 0x7e, 0x41, 0xe0, 0xe7, 0x43, 0x51, 0xf,
    0xa0, 0x5f, 0x2a, 0xf, 0x40, 0xd0, 0xa4, 0x3e,
    0x44, 0x3d, 0x7, 0x90, 0x61, 0xff, 0xc4, 0x43,
    0xe4, 0x3f, 0xfb, 0xc8, 0x7f, 0xf0, 0x50, 0x61,
    0xf2, 0x1e, 0x44, 0x3c, 0x87, 0xd0, 0x34, 0x2a,
    0x7, 0xe8, 0x17, 0xcb, 0x7, 0xce, 0x84, 0xd0,
    0x3f, 0xd7, 0xd2, 0x1f, 0xff, 0x9c, 0x8, 0x7f,
    0xf0, 0x50, 0x5c, 0x1f, 0xfc, 0xc, 0x2c,

    /* U+024C "Ɍ" */
    0x3, 0xff, 0xa0, 0xff, 0xe2, 0x3c, 0x1f, 0xaf,
    0xd0, 0x18, 0x3e, 0x43, 0x38, 0x10, 0xff, 0xe1,
    0x40, 0x43, 0xff, 0x82, 0x87, 0xff, 0x55, 0xf,
    0xfe, 0x24, 0x4, 0x3c, 0x86, 0x70, 0x40, 0xb8,
    0x17, 0xe8, 0x1a, 0x1f, 0xfc, 0x2c, 0x35, 0xc0,
    0xfd, 0x1, 0xf, 0xfe, 0xa, 0x8, 0x3f, 0xf8,
    0x50, 0x20, 0xff, 0xe0, 0xa8, 0x43, 0xff, 0x85,
    0x3, 0xf, 0xfe, 0x14, 0x4, 0x3f, 0xf8, 0x28,
    0x20, 0xff, 0xe1, 0x60, 0x80,

    /* U+024D "ɍ" */
    0x5, 0xa0, 0xbe, 0xe, 0xcd, 0xf, 0xec, 0x6e,
    0xe, 0x4e, 0x44, 0x3d, 0x7, 0xfc, 0x87, 0xad,
    0x7, 0xc8, 0x7f, 0xf0, 0xed, 0x7, 0xc8, 0x7f,
    0xff, 0xc0,

    /* U+024E "Ɏ" */
    0xf8, 0x3f, 0xde, 0xb0, 0x21, 0xfa, 0x4, 0x24,
    0x1f, 0x91, 0x6, 0x4, 0x3d, 0x2, 0x28, 0xb,
    0xfc, 0x83, 0x83, 0xff, 0x89, 0x79, 0x7, 0xe0,
    0x5e, 0x82, 0x81, 0x2, 0x2, 0x1f, 0x22, 0x28,
    0x83, 0xf4, 0xa, 0x1, 0xf, 0xe8, 0x41, 0x87,
    0xf9, 0x9, 0xf, 0xfe, 0x4, 0x8, 0x3f, 0xff,
    0xe1, 0xff, 0xdf,

    /* U+024F "ɏ" */
    0xf8, 0x3f, 0x5e, 0x20, 0xff, 0x21, 0x20, 0x43,
    0xfa, 0xd, 0x87, 0x90, 0x20, 0x84, 0x3d, 0x87,
    0x20, 0x43, 0x91, 0x5, 0x82, 0xfe, 0x3, 0x87,
    0xff, 0x12, 0xf0, 0x1f, 0x81, 0x78, 0x32, 0x20,
    0x40, 0x87, 0xa0, 0x24, 0x21, 0xf9, 0x30, 0xa0,
    0xfd, 0xa, 0xf, 0xfe, 0x14, 0x41, 0xfe, 0x82,
    0x43, 0xfc, 0x81, 0xf, 0xf9, 0x4, 0x1f, 0xf6,
    0x1f, 0xfc, 0x15, 0x10, 0x7f, 0x98, 0x8, 0x7d,
    0x7a, 0x6, 0x1f, 0xfc, 0x7, 0xf, 0xe0
};


/*---------------------
 *  GLYPH DESCRIPTION
 *--------------------*/

static const lv_font_fmt_txt_glyph_dsc_t glyph_dsc[] = {
    {.bitmap_index = 0, .adv_w = 0, .box_w = 0, .box_h = 0, .ofs_x = 0, .ofs_y = 0} /* id = 0 reserved */,
    {.bitmap_index = 0, .adv_w = 116, .box_w = 0, .box_h = 0, .ofs_x = 0, .ofs_y = 0},
    {.bitmap_index = 0, .adv_w = 121, .box_w = 4, .box_h = 20, .ofs_x = 2, .ofs_y = -5},
    {.bitmap_index = 17, .adv_w = 256, .box_w = 12, .box_h = 20, .ofs_x = 2, .ofs_y = 0},
    {.bitmap_index = 61, .adv_w = 256, .box_w = 15, .box_h = 20, .ofs_x = 0, .ofs_y = 0},
    {.bitmap_index = 105, .adv_w = 256, .box_w = 14, .box_h = 13, .ofs_x = 1, .ofs_y = 3},
    {.bitmap_index = 151, .adv_w = 256, .box_w = 16, .box_h = 20, .ofs_x = 0, .ofs_y = 0},
    {.bitmap_index = 215, .adv_w = 247, .box_w = 3, .box_h = 28, .ofs_x = 6, .ofs_y = -7},
    {.bitmap_index = 227, .adv_w = 230, .box_w = 12, .box_h = 21, .ofs_x = 1, .ofs_y = 0},
    {.bitmap_index = 285, .adv_w = 260, .box_w = 9, .box_h = 3, .ofs_x = 4, .ofs_y = 17},
    {.bitmap_index = 292, .adv_w = 373, .box_w = 21, .box_h = 22, .ofs_x = 1, .ofs_y = -1},
    {.bitmap_index = 391, .adv_w = 160, .box_w = 9, .box_h = 10, .ofs_x = 0, .ofs_y = 10},
    {.bitmap_index = 413, .adv_w = 228, .box_w = 13, .box_h = 12, .ofs_x = 1, .ofs_y = 1},
    {.bitmap_index = 453, .adv_w = 256, .box_w = 14, .box_h = 7, .ofs_x = 1, .ofs_y = 4},
    {.bitmap_index = 464, .adv_w = 144, .box_w = 7, .box_h = 3, .ofs_x = 1, .ofs_y = 6},
    {.bitmap_index = 468, .adv_w = 373, .box_w = 21, .box_h = 22, .ofs_x = 1, .ofs_y = -1},
    {.bitmap_index = 570, .adv_w = 224, .box_w = 16, .box_h = 2, .ofs_x = -1, .ofs_y = 21},
    {.bitmap_index = 576, .adv_w = 192, .box_w = 10, .box_h = 9, .ofs_x = 1, .ofs_y = 11},
    {.bitmap_index = 599, .adv_w = 256, .box_w = 14, .box_h = 17, .ofs_x = 1, .ofs_y = 0},
    {.bitmap_index = 626, .adv_w = 157, .box_w = 9, .box_h = 12, .ofs_x = 0, .ofs_y = 12},
    {.bitmap_index = 652, .adv_w = 157, .box_w = 9, .box_h = 13, .ofs_x = 0, .ofs_y = 12},
    {.bitmap_index = 682, .adv_w = 126, .box_w = 6, .box_h = 5, .ofs_x = 1, .ofs_y = 17},
    {.bitmap_index = 691, .adv_w = 279, .box_w = 14, .box_h = 22, .ofs_x = 2, .ofs_y = -7},
    {.bitmap_index = 722, .adv_w = 293, .box_w = 15, .box_h = 25, .ofs_x = 1, .ofs_y = -4},
    {.bitmap_index = 759, .adv_w = 120, .box_w = 4, .box_h = 4, .ofs_x = 2, .ofs_y = 8},
    {.bitmap_index = 764, .adv_w = 101, .box_w = 6, .box_h = 7, .ofs_x = 0, .ofs_y = -7},
    {.bitmap_index = 776, .adv_w = 157, .box_w = 6, .box_h = 12, .ofs_x = 1, .ofs_y = 12},
    {.bitmap_index = 787, .adv_w = 168, .box_w = 10, .box_h = 10, .ofs_x = 0, .ofs_y = 10},
    {.bitmap_index = 812, .adv_w = 228, .box_w = 13, .box_h = 12, .ofs_x = 1, .ofs_y = 1},
    {.bitmap_index = 852, .adv_w = 334, .box_w = 21, .box_h = 20, .ofs_x = 0, .ofs_y = 0},
    {.bitmap_index = 941, .adv_w = 345, .box_w = 21, .box_h = 20, .ofs_x = 0, .ofs_y = 0},
    {.bitmap_index = 1026, .adv_w = 350, .box_w = 22, .box_h = 20, .ofs_x = 0, .ofs_y = 0},
    {.bitmap_index = 1127, .adv_w = 194, .box_w = 12, .box_h = 21, .ofs_x = 0, .ofs_y = -6},
    {.bitmap_index = 1177, .adv_w = 286, .box_w = 18, .box_h = 26, .ofs_x = 0, .ofs_y = 0},
    {.bitmap_index = 1274, .adv_w = 286, .box_w = 18, .box_h = 26, .ofs_x = 0, .ofs_y = 0},
    {.bitmap_index = 1372, .adv_w = 286, .box_w = 18, .box_h = 26, .ofs_x = 0, .ofs_y = 0},
    {.bitmap_index = 1471, .adv_w = 286, .box_w = 18, .box_h = 25, .ofs_x = 0, .ofs_y = 0},
    {.bitmap_index = 1564, .adv_w = 286, .box_w = 18, .box_h = 25, .ofs_x = 0, .ofs_y = 0},
    {.bitmap_index = 1656, .adv_w = 286, .box_w = 18, .box_h = 25, .ofs_x = 0, .ofs_y = 0},
    {.bitmap_index = 1750, .adv_w = 395, .box_w = 24, .box_h = 20, .ofs_x = -1, .ofs_y = 0},
    {.bitmap_index = 1829, .adv_w = 283, .box_w = 16, .box_h = 27, .ofs_x = 1, .ofs_y = -7},
    {.bitmap_index = 1918, .adv_w = 249, .box_w = 12, .box_h = 26, .ofs_x = 2, .ofs_y = 0},
    {.bitmap_index = 1959, .adv_w = 249, .box_w = 12, .box_h = 26, .ofs_x = 2, .ofs_y = 0},
    {.bitmap_index = 2001, .adv_w = 249, .box_w = 12, .box_h = 26, .ofs_x = 2, .ofs_y = 0},
    {.bitmap_index = 2045, .adv_w = 249, .box_w = 12, .box_h = 25, .ofs_x = 2, .ofs_y = 0},
    {.bitmap_index = 2086, .adv_w = 152, .box_w = 8, .box_h = 26, .ofs_x = 1, .ofs_y = 0},
    {.bitmap_index = 2112, .adv_w = 152, .box_w = 8, .box_h = 26, .ofs_x = 1, .ofs_y = 0},
    {.bitmap_index = 2138, .adv_w = 152, .box_w = 10, .box_h = 26, .ofs_x = 0, .ofs_y = 0},
    {.bitmap_index = 2171, .adv_w = 152, .box_w = 9, .box_h = 25, .ofs_x = 0, .ofs_y = 0},
    {.bitmap_index = 2198, .adv_w = 327, .box_w = 19, .box_h = 20, .ofs_x = 0, .ofs_y = 0},
    {.bitmap_index = 2271, .adv_w = 340, .box_w = 17, .box_h = 25, .ofs_x = 2, .ofs_y = 0},
    {.bitmap_index = 2358, .adv_w = 350, .box_w = 20, .box_h = 26, .ofs_x = 1, .ofs_y = 0},
    {.bitmap_index = 2458, .adv_w = 350, .box_w = 20, .box_h = 26, .ofs_x = 1, .ofs_y = 0},
    {.bitmap_index = 2558, .adv_w = 350, .box_w = 20, .box_h = 26, .ofs_x = 1, .ofs_y = 0},
    {.bitmap_index = 2661, .adv_w = 350, .box_w = 20, .box_h = 25, .ofs_x = 1, .ofs_y = 0},
    {.bitmap_index = 2761, .adv_w = 350, .box_w = 20, .box_h = 25, .ofs_x = 1, .ofs_y = 0},
    {.bitmap_index = 2862, .adv_w = 256, .box_w = 14, .box_h = 13, .ofs_x = 1, .ofs_y = 3},
    {.bitmap_index = 2905, .adv_w = 350, .box_w = 20, .box_h = 22, .ofs_x = 1, .ofs_y = -1},
    {.bitmap_index = 3006, .adv_w = 327, .box_w = 16, .box_h = 26, .ofs_x = 2, .ofs_y = 0},
    {.bitmap_index = 3059, .adv_w = 327, .box_w = 16, .box_h = 26, .ofs_x = 2, .ofs_y = 0},
    {.bitmap_index = 3111, .adv_w = 327, .box_w = 16, .box_h = 26, .ofs_x = 2, .ofs_y = 0},
    {.bitmap_index = 3163, .adv_w = 327, .box_w = 16, .box_h = 25, .ofs_x = 2, .ofs_y = 0},
    {.bitmap_index = 3213, .adv_w = 254, .box_w = 16, .box_h = 26, .ofs_x = 0, .ofs_y = 0},
    {.bitmap_index = 3285, .adv_w = 271, .box_w = 14, .box_h = 20, .ofs_x = 2, .ofs_y = 0},
    {.bitmap_index = 3329, .adv_w = 283, .box_w = 15, .box_h = 21, .ofs_x = 2, .ofs_y = 0},
    {.bitmap_index = 3391, .adv_w = 251, .box_w = 13, .box_h = 22, .ofs_x = 1, .ofs_y = 0},
    {.bitmap_index = 3447, .adv_w = 251, .box_w = 13, .box_h = 22, .ofs_x = 1, .ofs_y = 0},
    {.bitmap_index = 3503, .adv_w = 251, .box_w = 13, .box_h = 22, .ofs_x = 1, .ofs_y = 0},
    {.bitmap_index = 3561, .adv_w = 251, .box_w = 13, .box_h = 20, .ofs_x = 1, .ofs_y = 0},
    {.bitmap_index = 3615, .adv_w = 251, .box_w = 13, .box_h = 20, .ofs_x = 1, .ofs_y = 0},
    {.bitmap_index = 3668, .adv_w = 251, .box_w = 13, .box_h = 24, .ofs_x = 1, .ofs_y = 0},
    {.bitmap_index = 3727, .adv_w = 387, .box_w = 22, .box_h = 15, .ofs_x = 1, .ofs_y = 0},
    {.bitmap_index = 3801, .adv_w = 215, .box_w = 12, .box_h = 22, .ofs_x = 1, .ofs_y = -7},
    {.bitmap_index = 3855, .adv_w = 253, .box_w = 14, .box_h = 22, .ofs_x = 1, .ofs_y = 0},
    {.bitmap_index = 3917, .adv_w = 253, .box_w = 14, .box_h = 22, .ofs_x = 1, .ofs_y = 0},
    {.bitmap_index = 3979, .adv_w = 253, .box_w = 14, .box_h = 22, .ofs_x = 1, .ofs_y = 0},
    {.bitmap_index = 4044, .adv_w = 253, .box_w = 14, .box_h = 20, .ofs_x = 1, .ofs_y = 0},
    {.bitmap_index = 4103, .adv_w = 116, .box_w = 7, .box_h = 21, .ofs_x = -1, .ofs_y = 0},
    {.bitmap_index = 4120, .adv_w = 116, .box_w = 7, .box_h = 21, .ofs_x = 1, .ofs_y = 0},
    {.bitmap_index = 4138, .adv_w = 116, .box_w = 11, .box_h = 21, .ofs_x = -2, .ofs_y = 0},
    {.bitmap_index = 4163, .adv_w = 116, .box_w = 9, .box_h = 20, .ofs_x = -1, .ofs_y = 0},
    {.bitmap_index = 4181, .adv_w = 271, .box_w = 15, .box_h = 22, .ofs_x = 1, .ofs_y = 0},
    {.bitmap_index = 4252, .adv_w = 277, .box_w = 14, .box_h = 20, .ofs_x = 2, .ofs_y = 0},
    {.bitmap_index = 4292, .adv_w = 271, .box_w = 15, .box_h = 22, .ofs_x = 1, .ofs_y = 0},
    {.bitmap_index = 4361, .adv_w = 271, .box_w = 15, .box_h = 22, .ofs_x = 1, .ofs_y = 0},
    {.bitmap_index = 4429, .adv_w = 271, .box_w = 15, .box_h = 22, .ofs_x = 1, .ofs_y = 0},
    {.bitmap_index = 4498, .adv_w = 271, .box_w = 15, .box_h = 20, .ofs_x = 1, .ofs_y = 0},
    {.bitmap_index = 4562, .adv_w = 271, .box_w = 15, .box_h = 20, .ofs_x = 1, .ofs_y = 0},
    {.bitmap_index = 4625, .adv_w = 256, .box_w = 14, .box_h = 13, .ofs_x = 1, .ofs_y = 3},
    {.bitmap_index = 4658, .adv_w = 271, .box_w = 15, .box_h = 17, .ofs_x = 1, .ofs_y = -1},
    {.bitmap_index = 4719, .adv_w = 277, .box_w = 13, .box_h = 22, .ofs_x = 2, .ofs_y = 0},
    {.bitmap_index = 4760, .adv_w = 277, .box_w = 13, .box_h = 22, .ofs_x = 2, .ofs_y = 0},
    {.bitmap_index = 4801, .adv_w = 277, .box_w = 13, .box_h = 22, .ofs_x = 2, .ofs_y = 0},
    {.bitmap_index = 4845, .adv_w = 277, .box_w = 13, .box_h = 20, .ofs_x = 2, .ofs_y = 0},
    {.bitmap_index = 4884, .adv_w = 228, .box_w = 15, .box_h = 28, .ofs_x = 0, .ofs_y = -7},
    {.bitmap_index = 4971, .adv_w = 276, .box_w = 14, .box_h = 28, .ofs_x = 2, .ofs_y = -7},
    {.bitmap_index = 5022, .adv_w = 228, .box_w = 15, .box_h = 27, .ofs_x = 0, .ofs_y = -7},
    {.bitmap_index = 5107, .adv_w = 286, .box_w = 18, .box_h = 24, .ofs_x = 0, .ofs_y = 0},
    {.bitmap_index = 5191, .adv_w = 251, .box_w = 13, .box_h = 19, .ofs_x = 1, .ofs_y = 0},
    {.bitmap_index = 5239, .adv_w = 286, .box_w = 18, .box_h = 25, .ofs_x = 0, .ofs_y = 0},
    {.bitmap_index = 5330, .adv_w = 251, .box_w = 13, .box_h = 21, .ofs_x = 1, .ofs_y = 0},
    {.bitmap_index = 5385, .adv_w = 286, .box_w = 18, .box_h = 26, .ofs_x = 0, .ofs_y = -6},
    {.bitmap_index = 5479, .adv_w = 251, .box_w = 14, .box_h = 21, .ofs_x = 1, .ofs_y = -6},
    {.bitmap_index = 5534, .adv_w = 283, .box_w = 16, .box_h = 26, .ofs_x = 1, .ofs_y = 0},
    {.bitmap_index = 5618, .adv_w = 215, .box_w = 12, .box_h = 22, .ofs_x = 1, .ofs_y = 0},
    {.bitmap_index = 5670, .adv_w = 283, .box_w = 16, .box_h = 26, .ofs_x = 1, .ofs_y = 0},
    {.bitmap_index = 5755, .adv_w = 215, .box_w = 12, .box_h = 22, .ofs_x = 1, .ofs_y = 0},
    {.bitmap_index = 5810, .adv_w = 283, .box_w = 16, .box_h = 26, .ofs_x = 1, .ofs_y = 0},
    {.bitmap_index = 5892, .adv_w = 215, .box_w = 12, .box_h = 21, .ofs_x = 1, .ofs_y = 0},
    {.bitmap_index = 5939, .adv_w = 283, .box_w = 16, .box_h = 26, .ofs_x = 1, .ofs_y = 0},
    {.bitmap_index = 6024, .adv_w = 215, .box_w = 12, .box_h = 22, .ofs_x = 1, .ofs_y = 0},
    {.bitmap_index = 6079, .adv_w = 327, .box_w = 17, .box_h = 26, .ofs_x = 2, .ofs_y = 0},
    {.bitmap_index = 6162, .adv_w = 276, .box_w = 19, .box_h = 21, .ofs_x = 1, .ofs_y = 0},
    {.bitmap_index = 6230, .adv_w = 327, .box_w = 19, .box_h = 20, .ofs_x = 0, .ofs_y = 0},
    {.bitmap_index = 6303, .adv_w = 276, .box_w = 16, .box_h = 21, .ofs_x = 1, .ofs_y = 0},
    {.bitmap_index = 6367, .adv_w = 249, .box_w = 12, .box_h = 24, .ofs_x = 2, .ofs_y = 0},
    {.bitmap_index = 6404, .adv_w = 253, .box_w = 14, .box_h = 19, .ofs_x = 1, .ofs_y = 0},
    {.bitmap_index = 6457, .adv_w = 249, .box_w = 12, .box_h = 25, .ofs_x = 2, .ofs_y = 0},
    {.bitmap_index = 6498, .adv_w = 253, .box_w = 14, .box_h = 21, .ofs_x = 1, .ofs_y = 0},
    {.bitmap_index = 6559, .adv_w = 249, .box_w = 12, .box_h = 26, .ofs_x = 2, .ofs_y = 0},
    {.bitmap_index = 6599, .adv_w = 253, .box_w = 14, .box_h = 21, .ofs_x = 1, .ofs_y = 0},
    {.bitmap_index = 6656, .adv_w = 249, .box_w = 12, .box_h = 26, .ofs_x = 2, .ofs_y = -6},
    {.bitmap_index = 6698, .adv_w = 253, .box_w = 14, .box_h = 21, .ofs_x = 1, .ofs_y = -6},
    {.bitmap_index = 6757, .adv_w = 249, .box_w = 12, .box_h = 26, .ofs_x = 2, .ofs_y = 0},
    {.bitmap_index = 6801, .adv_w = 253, .box_w = 14, .box_h = 22, .ofs_x = 1, .ofs_y = 0},
    {.bitmap_index = 6866, .adv_w = 326, .box_w = 18, .box_h = 26, .ofs_x = 1, .ofs_y = 0},
    {.bitmap_index = 6961, .adv_w = 276, .box_w = 14, .box_h = 28, .ofs_x = 1, .ofs_y = -7},
    {.bitmap_index = 7041, .adv_w = 326, .box_w = 18, .box_h = 26, .ofs_x = 1, .ofs_y = 0},
    {.bitmap_index = 7135, .adv_w = 276, .box_w = 14, .box_h = 28, .ofs_x = 1, .ofs_y = -7},
    {.bitmap_index = 7215, .adv_w = 326, .box_w = 18, .box_h = 26, .ofs_x = 1, .ofs_y = 0},
    {.bitmap_index = 7305, .adv_w = 276, .box_w = 14, .box_h = 28, .ofs_x = 1, .ofs_y = -7},
    {.bitmap_index = 7378, .adv_w = 326, .box_w = 18, .box_h = 26, .ofs_x = 1, .ofs_y = -6},
    {.bitmap_index = 7473, .adv_w = 276, .box_w = 14, .box_h = 28, .ofs_x = 1, .ofs_y = -7},
    {.bitmap_index = 7550, .adv_w = 332, .box_w = 16, .box_h = 26, .ofs_x = 2, .ofs_y = 0},
    {.bitmap_index = 7594, .adv_w = 277, .box_w = 18, .box_h = 27, .ofs_x = -2, .ofs_y = 0},
    {.bitmap_index = 7649, .adv_w = 332, .box_w = 21, .box_h = 20, .ofs_x = 0, .ofs_y = 0},
    {.bitmap_index = 7688, .adv_w = 277, .box_w = 16, .box_h = 21, .ofs_x = 0, .ofs_y = 0},
    {.bitmap_index = 7728, .adv_w = 152, .box_w = 11, .box_h = 25, .ofs_x = -1, .ofs_y = 0},
    {.bitmap_index = 7762, .adv_w = 116, .box_w = 11, .box_h = 20, .ofs_x = -2, .ofs_y = 0},
    {.bitmap_index = 7783, .adv_w = 152, .box_w = 9, .box_h = 24, .ofs_x = 0, .ofs_y = 0},
    {.bitmap_index = 7805, .adv_w = 116, .box_w = 9, .box_h = 19, .ofs_x = -1, .ofs_y = 0},
    {.bitmap_index = 7819, .adv_w = 152, .box_w = 10, .box_h = 25, .ofs_x = 0, .ofs_y = 0},
    {.bitmap_index = 7849, .adv_w = 116, .box_w = 10, .box_h = 21, .ofs_x = -1, .ofs_y = 0},
    {.bitmap_index = 7870, .adv_w = 152, .box_w = 8, .box_h = 26, .ofs_x = 1, .ofs_y = -6},
    {.bitmap_index = 7896, .adv_w = 116, .box_w = 6, .box_h = 27, .ofs_x = 0, .ofs_y = -6},
    {.bitmap_index = 7918, .adv_w = 152, .box_w = 8, .box_h = 26, .ofs_x = 1, .ofs_y = 0},
    {.bitmap_index = 7942, .adv_w = 116, .box_w = 3, .box_h = 15, .ofs_x = 2, .ofs_y = 0},
    {.bitmap_index = 7946, .adv_w = 274, .box_w = 14, .box_h = 26, .ofs_x = 1, .ofs_y = -6},
    {.bitmap_index = 7986, .adv_w = 231, .box_w = 11, .box_h = 28, .ofs_x = 2, .ofs_y = -7},
    {.bitmap_index = 8020, .adv_w = 122, .box_w = 12, .box_h = 32, .ofs_x = -3, .ofs_y = -5},
    {.bitmap_index = 8063, .adv_w = 116, .box_w = 11, .box_h = 28, .ofs_x = -2, .ofs_y = -7},
    {.bitmap_index = 8098, .adv_w = 277, .box_w = 16, .box_h = 26, .ofs_x = 2, .ofs_y = -6},
    {.bitmap_index = 8184, .adv_w = 239, .box_w = 13, .box_h = 27, .ofs_x = 2, .ofs_y = -6},
    {.bitmap_index = 8243, .adv_w = 239, .box_w = 13, .box_h = 15, .ofs_x = 2, .ofs_y = 0},
    {.bitmap_index = 8284, .adv_w = 235, .box_w = 12, .box_h = 26, .ofs_x = 2, .ofs_y = 0},
    {.bitmap_index = 8314, .adv_w = 116, .box_w = 7, .box_h = 27, .ofs_x = 1, .ofs_y = 0},
    {.bitmap_index = 8331, .adv_w = 235, .box_w = 12, .box_h = 26, .ofs_x = 2, .ofs_y = -6},
    {.bitmap_index = 8360, .adv_w = 116, .box_w = 5, .box_h = 27, .ofs_x = 1, .ofs_y = -6},
    {.bitmap_index = 8375, .adv_w = 235, .box_w = 12, .box_h = 20, .ofs_x = 2, .ofs_y = 0},
    {.bitmap_index = 8400, .adv_w = 116, .box_w = 8, .box_h = 21, .ofs_x = 2, .ofs_y = 0},
    {.bitmap_index = 8416, .adv_w = 235, .box_w = 12, .box_h = 20, .ofs_x = 2, .ofs_y = 0},
    {.bitmap_index = 8439, .adv_w = 120, .box_w = 7, .box_h = 21, .ofs_x = 2, .ofs_y = 0},
    {.bitmap_index = 8451, .adv_w = 235, .box_w = 14, .box_h = 20, .ofs_x = 0, .ofs_y = 0},
    {.bitmap_index = 8487, .adv_w = 116, .box_w = 9, .box_h = 21, .ofs_x = -1, .ofs_y = 0},
    {.bitmap_index = 8506, .adv_w = 340, .box_w = 17, .box_h = 26, .ofs_x = 2, .ofs_y = 0},
    {.bitmap_index = 8597, .adv_w = 277, .box_w = 14, .box_h = 21, .ofs_x = 2, .ofs_y = 0},
    {.bitmap_index = 8637, .adv_w = 340, .box_w = 17, .box_h = 26, .ofs_x = 2, .ofs_y = -6},
    {.bitmap_index = 8726, .adv_w = 277, .box_w = 14, .box_h = 21, .ofs_x = 2, .ofs_y = -6},
    {.bitmap_index = 8767, .adv_w = 340, .box_w = 17, .box_h = 26, .ofs_x = 2, .ofs_y = 0},
    {.bitmap_index = 8858, .adv_w = 277, .box_w = 14, .box_h = 21, .ofs_x = 2, .ofs_y = 0},
    {.bitmap_index = 8901, .adv_w = 308, .box_w = 17, .box_h = 20, .ofs_x = 0, .ofs_y = 0},
    {.bitmap_index = 8946, .adv_w = 340, .box_w = 17, .box_h = 26, .ofs_x = 2, .ofs_y = -6},
    {.bitmap_index = 9034, .adv_w = 277, .box_w = 14, .box_h = 22, .ofs_x = 2, .ofs_y = -7},
    {.bitmap_index = 9072, .adv_w = 350, .box_w = 20, .box_h = 24, .ofs_x = 1, .ofs_y = 0},
    {.bitmap_index = 9162, .adv_w = 271, .box_w = 15, .box_h = 19, .ofs_x = 1, .ofs_y = 0},
    {.bitmap_index = 9220, .adv_w = 350, .box_w = 20, .box_h = 26, .ofs_x = 1, .ofs_y = 0},
    {.bitmap_index = 9324, .adv_w = 271, .box_w = 15, .box_h = 21, .ofs_x = 1, .ofs_y = 0},
    {.bitmap_index = 9390, .adv_w = 350, .box_w = 20, .box_h = 27, .ofs_x = 1, .ofs_y = 0},
    {.bitmap_index = 9498, .adv_w = 271, .box_w = 15, .box_h = 22, .ofs_x = 1, .ofs_y = 0},
    {.bitmap_index = 9569, .adv_w = 416, .box_w = 24, .box_h = 20, .ofs_x = 1, .ofs_y = 0},
    {.bitmap_index = 9644, .adv_w = 424, .box_w = 25, .box_h = 15, .ofs_x = 1, .ofs_y = 0},
    {.bitmap_index = 9724, .adv_w = 279, .box_w = 15, .box_h = 26, .ofs_x = 2, .ofs_y = 0},
    {.bitmap_index = 9804, .adv_w = 185, .box_w = 10, .box_h = 21, .ofs_x = 2, .ofs_y = 0},
    {.bitmap_index = 9835, .adv_w = 279, .box_w = 15, .box_h = 26, .ofs_x = 2, .ofs_y = -6},
    {.bitmap_index = 9916, .adv_w = 185, .box_w = 11, .box_h = 21, .ofs_x = 1, .ofs_y = -6},
    {.bitmap_index = 9948, .adv_w = 279, .box_w = 15, .box_h = 26, .ofs_x = 2, .ofs_y = 0},
    {.bitmap_index = 10030, .adv_w = 185, .box_w = 11, .box_h = 21, .ofs_x = 1, .ofs_y = 0},
    {.bitmap_index = 10065, .adv_w = 246, .box_w = 14, .box_h = 26, .ofs_x = 1, .ofs_y = 0},
    {.bitmap_index = 10137, .adv_w = 215, .box_w = 12, .box_h = 22, .ofs_x = 1, .ofs_y = 0},
    {.bitmap_index = 10194, .adv_w = 246, .box_w = 14, .box_h = 26, .ofs_x = 1, .ofs_y = 0},
    {.bitmap_index = 10269, .adv_w = 215, .box_w = 12, .box_h = 22, .ofs_x = 1, .ofs_y = 0},
    {.bitmap_index = 10329, .adv_w = 246, .box_w = 14, .box_h = 27, .ofs_x = 1, .ofs_y = -7},
    {.bitmap_index = 10405, .adv_w = 215, .box_w = 12, .box_h = 22, .ofs_x = 1, .ofs_y = -7},
    {.bitmap_index = 10463, .adv_w = 246, .box_w = 14, .box_h = 26, .ofs_x = 1, .ofs_y = 0},
    {.bitmap_index = 10538, .adv_w = 215, .box_w = 12, .box_h = 22, .ofs_x = 1, .ofs_y = 0},
    {.bitmap_index = 10597, .adv_w = 249, .box_w = 16, .box_h = 27, .ofs_x = 0, .ofs_y = -7},
    {.bitmap_index = 10640, .adv_w = 162, .box_w = 10, .box_h = 25, .ofs_x = 0, .ofs_y = -7},
    {.bitmap_index = 10680, .adv_w = 249, .box_w = 16, .box_h = 26, .ofs_x = 0, .ofs_y = 0},
    {.bitmap_index = 10723, .adv_w = 162, .box_w = 14, .box_h = 21, .ofs_x = 0, .ofs_y = 0},
    {.bitmap_index = 10763, .adv_w = 249, .box_w = 16, .box_h = 20, .ofs_x = 0, .ofs_y = 0},
    {.bitmap_index = 10791, .adv_w = 162, .box_w = 10, .box_h = 19, .ofs_x = 0, .ofs_y = 0},
    {.bitmap_index = 10824, .adv_w = 327, .box_w = 16, .box_h = 25, .ofs_x = 2, .ofs_y = 0},
    {.bitmap_index = 10875, .adv_w = 277, .box_w = 13, .box_h = 20, .ofs_x = 2, .ofs_y = 0},
    {.bitmap_index = 10915, .adv_w = 327, .box_w = 16, .box_h = 24, .ofs_x = 2, .ofs_y = 0},
    {.bitmap_index = 10958, .adv_w = 277, .box_w = 13, .box_h = 19, .ofs_x = 2, .ofs_y = 0},
    {.bitmap_index = 10992, .adv_w = 327, .box_w = 16, .box_h = 26, .ofs_x = 2, .ofs_y = 0},
    {.bitmap_index = 11044, .adv_w = 277, .box_w = 13, .box_h = 21, .ofs_x = 2, .ofs_y = 0},
    {.bitmap_index = 11085, .adv_w = 327, .box_w = 16, .box_h = 29, .ofs_x = 2, .ofs_y = 0},
    {.bitmap_index = 11144, .adv_w = 277, .box_w = 13, .box_h = 24, .ofs_x = 2, .ofs_y = 0},
    {.bitmap_index = 11190, .adv_w = 327, .box_w = 16, .box_h = 27, .ofs_x = 2, .ofs_y = 0},
    {.bitmap_index = 11247, .adv_w = 277, .box_w = 14, .box_h = 22, .ofs_x = 2, .ofs_y = 0},
    {.bitmap_index = 11294, .adv_w = 327, .box_w = 16, .box_h = 26, .ofs_x = 2, .ofs_y = -6},
    {.bitmap_index = 11348, .adv_w = 277, .box_w = 14, .box_h = 21, .ofs_x = 2, .ofs_y = -6},
    {.bitmap_index = 11390, .adv_w = 417, .box_w = 26, .box_h = 26, .ofs_x = 0, .ofs_y = 0},
    {.bitmap_index = 11532, .adv_w = 352, .box_w = 22, .box_h = 21, .ofs_x = 0, .ofs_y = 0},
    {.bitmap_index = 11636, .adv_w = 254, .box_w = 16, .box_h = 26, .ofs_x = 0, .ofs_y = 0},
    {.bitmap_index = 11709, .adv_w = 228, .box_w = 15, .box_h = 28, .ofs_x = 0, .ofs_y = -7},
    {.bitmap_index = 11798, .adv_w = 254, .box_w = 16, .box_h = 25, .ofs_x = 0, .ofs_y = 0},
    {.bitmap_index = 11866, .adv_w = 256, .box_w = 14, .box_h = 26, .ofs_x = 1, .ofs_y = 0},
    {.bitmap_index = 11938, .adv_w = 211, .box_w = 12, .box_h = 21, .ofs_x = 1, .ofs_y = 0},
    {.bitmap_index = 11991, .adv_w = 256, .box_w = 14, .box_h = 26, .ofs_x = 1, .ofs_y = 0},
    {.bitmap_index = 12062, .adv_w = 211, .box_w = 12, .box_h = 21, .ofs_x = 1, .ofs_y = 0},
    {.bitmap_index = 12111, .adv_w = 256, .box_w = 14, .box_h = 26, .ofs_x = 1, .ofs_y = 0},
    {.bitmap_index = 12186, .adv_w = 211, .box_w = 12, .box_h = 21, .ofs_x = 1, .ofs_y = 0},
    {.bitmap_index = 12240, .adv_w = 146, .box_w = 9, .box_h = 21, .ofs_x = 2, .ofs_y = 0},
    {.bitmap_index = 12256, .adv_w = 276, .box_w = 16, .box_h = 21, .ofs_x = 0, .ofs_y = 0},
    {.bitmap_index = 12314, .adv_w = 327, .box_w = 19, .box_h = 20, .ofs_x = 0, .ofs_y = 0},
    {.bitmap_index = 12381, .adv_w = 276, .box_w = 14, .box_h = 20, .ofs_x = 2, .ofs_y = 0},
    {.bitmap_index = 12427, .adv_w = 276, .box_w = 14, .box_h = 21, .ofs_x = 2, .ofs_y = 0},
    {.bitmap_index = 12474, .adv_w = 284, .box_w = 15, .box_h = 20, .ofs_x = 2, .ofs_y = 0},
    {.bitmap_index = 12519, .adv_w = 274, .box_w = 14, .box_h = 21, .ofs_x = 2, .ofs_y = 0},
    {.bitmap_index = 12567, .adv_w = 283, .box_w = 16, .box_h = 20, .ofs_x = 0, .ofs_y = 0},
    {.bitmap_index = 12628, .adv_w = 283, .box_w = 19, .box_h = 24, .ofs_x = 1, .ofs_y = 0},
    {.bitmap_index = 12713, .adv_w = 225, .box_w = 15, .box_h = 21, .ofs_x = 1, .ofs_y = 0},
    {.bitmap_index = 12769, .adv_w = 327, .box_w = 19, .box_h = 20, .ofs_x = 0, .ofs_y = 0},
    {.bitmap_index = 12842, .adv_w = 363, .box_w = 21, .box_h = 20, .ofs_x = 0, .ofs_y = 0},
    {.bitmap_index = 12914, .adv_w = 276, .box_w = 14, .box_h = 20, .ofs_x = 1, .ofs_y = 0},
    {.bitmap_index = 12956, .adv_w = 276, .box_w = 14, .box_h = 21, .ofs_x = 1, .ofs_y = 0},
    {.bitmap_index = 13009, .adv_w = 271, .box_w = 15, .box_h = 22, .ofs_x = 1, .ofs_y = -7},
    {.bitmap_index = 13082, .adv_w = 249, .box_w = 12, .box_h = 20, .ofs_x = 1, .ofs_y = 0},
    {.bitmap_index = 13105, .adv_w = 331, .box_w = 18, .box_h = 20, .ofs_x = 1, .ofs_y = 0},
    {.bitmap_index = 13179, .adv_w = 263, .box_w = 15, .box_h = 20, .ofs_x = 1, .ofs_y = 0},
    {.bitmap_index = 13245, .adv_w = 264, .box_w = 17, .box_h = 27, .ofs_x = -1, .ofs_y = -7},
    {.bitmap_index = 13286, .adv_w = 185, .box_w = 14, .box_h = 28, .ofs_x = -1, .ofs_y = -7},
    {.bitmap_index = 13332, .adv_w = 326, .box_w = 20, .box_h = 24, .ofs_x = 1, .ofs_y = 0},
    {.bitmap_index = 13424, .adv_w = 255, .box_w = 16, .box_h = 27, .ofs_x = 0, .ofs_y = -7},
    {.bitmap_index = 13510, .adv_w = 418, .box_w = 22, .box_h = 21, .ofs_x = 2, .ofs_y = 0},
    {.bitmap_index = 13563, .adv_w = 156, .box_w = 8, .box_h = 20, .ofs_x = 2, .ofs_y = 0},
    {.bitmap_index = 13576, .adv_w = 152, .box_w = 9, .box_h = 20, .ofs_x = 0, .ofs_y = 0},
    {.bitmap_index = 13599, .adv_w = 277, .box_w = 16, .box_h = 20, .ofs_x = 2, .ofs_y = 0},
    {.bitmap_index = 13666, .adv_w = 239, .box_w = 13, .box_h = 21, .ofs_x = 2, .ofs_y = 0},
    {.bitmap_index = 13717, .adv_w = 116, .box_w = 7, .box_h = 21, .ofs_x = 0, .ofs_y = 0},
    {.bitmap_index = 13730, .adv_w = 243, .box_w = 17, .box_h = 21, .ofs_x = -1, .ofs_y = 0},
    {.bitmap_index = 13803, .adv_w = 461, .box_w = 25, .box_h = 20, .ofs_x = 2, .ofs_y = 0},
    {.bitmap_index = 13852, .adv_w = 340, .box_w = 20, .box_h = 27, .ofs_x = -1, .ofs_y = -7},
    {.bitmap_index = 13941, .adv_w = 277, .box_w = 14, .box_h = 22, .ofs_x = 2, .ofs_y = -7},
    {.bitmap_index = 13971, .adv_w = 350, .box_w = 20, .box_h = 20, .ofs_x = 1, .ofs_y = 0},
    {.bitmap_index = 14057, .adv_w = 351, .box_w = 22, .box_h = 21, .ofs_x = 1, .ofs_y = 0},
    {.bitmap_index = 14150, .adv_w = 276, .box_w = 18, .box_h = 18, .ofs_x = 1, .ofs_y = 0},
    {.bitmap_index = 14215, .adv_w = 482, .box_w = 27, .box_h = 20, .ofs_x = 1, .ofs_y = 0},
    {.bitmap_index = 14317, .adv_w = 379, .box_w = 21, .box_h = 22, .ofs_x = 1, .ofs_y = -7},
    {.bitmap_index = 14384, .adv_w = 307, .box_w = 18, .box_h = 20, .ofs_x = 0, .ofs_y = 0},
    {.bitmap_index = 14430, .adv_w = 276, .box_w = 14, .box_h = 28, .ofs_x = 2, .ofs_y = -7},
    {.bitmap_index = 14489, .adv_w = 279, .box_w = 15, .box_h = 23, .ofs_x = 2, .ofs_y = -3},
    {.bitmap_index = 14554, .adv_w = 246, .box_w = 13, .box_h = 20, .ofs_x = 1, .ofs_y = 0},
    {.bitmap_index = 14608, .adv_w = 215, .box_w = 11, .box_h = 15, .ofs_x = 1, .ofs_y = 0},
    {.bitmap_index = 14647, .adv_w = 255, .box_w = 15, .box_h = 20, .ofs_x = 1, .ofs_y = 0},
    {.bitmap_index = 14709, .adv_w = 160, .box_w = 13, .box_h = 28, .ofs_x = -1, .ofs_y = -7},
    {.bitmap_index = 14749, .adv_w = 162, .box_w = 10, .box_h = 25, .ofs_x = 0, .ofs_y = -7},
    {.bitmap_index = 14785, .adv_w = 258, .box_w = 16, .box_h = 20, .ofs_x = 0, .ofs_y = 0},
    {.bitmap_index = 14811, .adv_w = 162, .box_w = 10, .box_h = 21, .ofs_x = 0, .ofs_y = 0},
    {.bitmap_index = 14841, .adv_w = 249, .box_w = 16, .box_h = 27, .ofs_x = 0, .ofs_y = -7},
    {.bitmap_index = 14874, .adv_w = 349, .box_w = 21, .box_h = 21, .ofs_x = 2, .ofs_y = 0},
    {.bitmap_index = 14932, .adv_w = 302, .box_w = 18, .box_h = 18, .ofs_x = 2, .ofs_y = 0},
    {.bitmap_index = 14981, .adv_w = 350, .box_w = 20, .box_h = 20, .ofs_x = 1, .ofs_y = 0},
    {.bitmap_index = 15057, .adv_w = 327, .box_w = 16, .box_h = 20, .ofs_x = 2, .ofs_y = 0},
    {.bitmap_index = 15101, .adv_w = 258, .box_w = 16, .box_h = 20, .ofs_x = 0, .ofs_y = 0},
    {.bitmap_index = 15152, .adv_w = 243, .box_w = 16, .box_h = 22, .ofs_x = 0, .ofs_y = -7},
    {.bitmap_index = 15227, .adv_w = 256, .box_w = 14, .box_h = 20, .ofs_x = 1, .ofs_y = 0},
    {.bitmap_index = 15285, .adv_w = 211, .box_w = 12, .box_h = 15, .ofs_x = 1, .ofs_y = 0},
    {.bitmap_index = 15324, .adv_w = 262, .box_w = 15, .box_h = 20, .ofs_x = 0, .ofs_y = 0},
    {.bitmap_index = 15387, .adv_w = 262, .box_w = 15, .box_h = 20, .ofs_x = 1, .ofs_y = 0},
    {.bitmap_index = 15449, .adv_w = 223, .box_w = 14, .box_h = 22, .ofs_x = 0, .ofs_y = -7},
    {.bitmap_index = 15513, .adv_w = 223, .box_w = 13, .box_h = 22, .ofs_x = 0, .ofs_y = -7},
    {.bitmap_index = 15575, .adv_w = 255, .box_w = 14, .box_h = 21, .ofs_x = 1, .ofs_y = 0},
    {.bitmap_index = 15637, .adv_w = 262, .box_w = 15, .box_h = 20, .ofs_x = 0, .ofs_y = 0},
    {.bitmap_index = 15685, .adv_w = 220, .box_w = 13, .box_h = 15, .ofs_x = 0, .ofs_y = 0},
    {.bitmap_index = 15721, .adv_w = 207, .box_w = 11, .box_h = 19, .ofs_x = 1, .ofs_y = 0},
    {.bitmap_index = 15760, .adv_w = 263, .box_w = 14, .box_h = 22, .ofs_x = 2, .ofs_y = -7},
    {.bitmap_index = 15811, .adv_w = 151, .box_w = 3, .box_h = 21, .ofs_x = 3, .ofs_y = 0},
    {.bitmap_index = 15815, .adv_w = 249, .box_w = 9, .box_h = 21, .ofs_x = 3, .ofs_y = 0},
    {.bitmap_index = 15826, .adv_w = 231, .box_w = 12, .box_h = 21, .ofs_x = 1, .ofs_y = 0},
    {.bitmap_index = 15853, .adv_w = 121, .box_w = 4, .box_h = 20, .ofs_x = 2, .ofs_y = 0},
    {.bitmap_index = 15869, .adv_w = 579, .box_w = 34, .box_h = 26, .ofs_x = 2, .ofs_y = 0},
    {.bitmap_index = 16016, .adv_w = 538, .box_w = 31, .box_h = 21, .ofs_x = 2, .ofs_y = 0},
    {.bitmap_index = 16132, .adv_w = 486, .box_w = 29, .box_h = 21, .ofs_x = 1, .ofs_y = 0},
    {.bitmap_index = 16243, .adv_w = 357, .box_w = 18, .box_h = 26, .ofs_x = 2, .ofs_y = -6},
    {.bitmap_index = 16283, .adv_w = 350, .box_w = 18, .box_h = 28, .ofs_x = 2, .ofs_y = -7},
    {.bitmap_index = 16332, .adv_w = 231, .box_w = 11, .box_h = 28, .ofs_x = 2, .ofs_y = -7},
    {.bitmap_index = 16363, .adv_w = 463, .box_w = 25, .box_h = 26, .ofs_x = 2, .ofs_y = -6},
    {.bitmap_index = 16459, .adv_w = 456, .box_w = 25, .box_h = 28, .ofs_x = 2, .ofs_y = -7},
    {.bitmap_index = 16559, .adv_w = 392, .box_w = 21, .box_h = 28, .ofs_x = 2, .ofs_y = -7},
    {.bitmap_index = 16625, .adv_w = 286, .box_w = 18, .box_h = 26, .ofs_x = 0, .ofs_y = 0},
    {.bitmap_index = 16724, .adv_w = 251, .box_w = 13, .box_h = 22, .ofs_x = 1, .ofs_y = 0},
    {.bitmap_index = 16782, .adv_w = 152, .box_w = 10, .box_h = 26, .ofs_x = 0, .ofs_y = 0},
    {.bitmap_index = 16815, .adv_w = 116, .box_w = 11, .box_h = 21, .ofs_x = -2, .ofs_y = 0},
    {.bitmap_index = 16839, .adv_w = 350, .box_w = 20, .box_h = 26, .ofs_x = 1, .ofs_y = 0},
    {.bitmap_index = 16942, .adv_w = 271, .box_w = 15, .box_h = 22, .ofs_x = 1, .ofs_y = 0},
    {.bitmap_index = 17011, .adv_w = 327, .box_w = 16, .box_h = 26, .ofs_x = 2, .ofs_y = 0},
    {.bitmap_index = 17063, .adv_w = 277, .box_w = 13, .box_h = 22, .ofs_x = 2, .ofs_y = 0},
    {.bitmap_index = 17106, .adv_w = 327, .box_w = 16, .box_h = 28, .ofs_x = 2, .ofs_y = 0},
    {.bitmap_index = 17163, .adv_w = 277, .box_w = 13, .box_h = 23, .ofs_x = 2, .ofs_y = 0},
    {.bitmap_index = 17210, .adv_w = 327, .box_w = 16, .box_h = 29, .ofs_x = 2, .ofs_y = 0},
    {.bitmap_index = 17272, .adv_w = 277, .box_w = 13, .box_h = 24, .ofs_x = 2, .ofs_y = 0},
    {.bitmap_index = 17321, .adv_w = 327, .box_w = 16, .box_h = 30, .ofs_x = 2, .ofs_y = 0},
    {.bitmap_index = 17388, .adv_w = 277, .box_w = 13, .box_h = 25, .ofs_x = 2, .ofs_y = 0},
    {.bitmap_index = 17442, .adv_w = 327, .box_w = 16, .box_h = 29, .ofs_x = 2, .ofs_y = 0},
    {.bitmap_index = 17505, .adv_w = 277, .box_w = 13, .box_h = 24, .ofs_x = 2, .ofs_y = 0},
    {.bitmap_index = 17554, .adv_w = 253, .box_w = 14, .box_h = 15, .ofs_x = 1, .ofs_y = 0},
    {.bitmap_index = 17600, .adv_w = 286, .box_w = 18, .box_h = 28, .ofs_x = 0, .ofs_y = 0},
    {.bitmap_index = 17700, .adv_w = 251, .box_w = 13, .box_h = 23, .ofs_x = 1, .ofs_y = 0},
    {.bitmap_index = 17760, .adv_w = 286, .box_w = 18, .box_h = 28, .ofs_x = 0, .ofs_y = 0},
    {.bitmap_index = 17858, .adv_w = 251, .box_w = 13, .box_h = 23, .ofs_x = 1, .ofs_y = 0},
    {.bitmap_index = 17916, .adv_w = 395, .box_w = 24, .box_h = 24, .ofs_x = -1, .ofs_y = 0},
    {.bitmap_index = 18004, .adv_w = 387, .box_w = 22, .box_h = 19, .ofs_x = 1, .ofs_y = 0},
    {.bitmap_index = 18087, .adv_w = 326, .box_w = 20, .box_h = 20, .ofs_x = 1, .ofs_y = 0},
    {.bitmap_index = 18167, .adv_w = 276, .box_w = 16, .box_h = 22, .ofs_x = 1, .ofs_y = -7},
    {.bitmap_index = 18239, .adv_w = 326, .box_w = 18, .box_h = 26, .ofs_x = 1, .ofs_y = 0},
    {.bitmap_index = 18333, .adv_w = 276, .box_w = 14, .box_h = 28, .ofs_x = 1, .ofs_y = -7},
    {.bitmap_index = 18413, .adv_w = 277, .box_w = 16, .box_h = 26, .ofs_x = 2, .ofs_y = 0},
    {.bitmap_index = 18500, .adv_w = 239, .box_w = 17, .box_h = 27, .ofs_x = -2, .ofs_y = 0},
    {.bitmap_index = 18579, .adv_w = 350, .box_w = 20, .box_h = 26, .ofs_x = 1, .ofs_y = -6},
    {.bitmap_index = 18679, .adv_w = 271, .box_w = 15, .box_h = 21, .ofs_x = 1, .ofs_y = -6},
    {.bitmap_index = 18743, .adv_w = 350, .box_w = 20, .box_h = 30, .ofs_x = 1, .ofs_y = -6},
    {.bitmap_index = 18852, .adv_w = 271, .box_w = 15, .box_h = 25, .ofs_x = 1, .ofs_y = -6},
    {.bitmap_index = 18924, .adv_w = 262, .box_w = 15, .box_h = 26, .ofs_x = 0, .ofs_y = 0},
    {.bitmap_index = 19004, .adv_w = 223, .box_w = 13, .box_h = 28, .ofs_x = 0, .ofs_y = -7},
    {.bitmap_index = 19082, .adv_w = 116, .box_w = 11, .box_h = 28, .ofs_x = -2, .ofs_y = -7},
    {.bitmap_index = 19116, .adv_w = 579, .box_w = 34, .box_h = 20, .ofs_x = 2, .ofs_y = 0},
    {.bitmap_index = 19235, .adv_w = 538, .box_w = 31, .box_h = 20, .ofs_x = 2, .ofs_y = 0},
    {.bitmap_index = 19336, .adv_w = 486, .box_w = 29, .box_h = 21, .ofs_x = 1, .ofs_y = 0},
    {.bitmap_index = 19429, .adv_w = 326, .box_w = 18, .box_h = 26, .ofs_x = 1, .ofs_y = 0},
    {.bitmap_index = 19522, .adv_w = 276, .box_w = 14, .box_h = 28, .ofs_x = 1, .ofs_y = -7},
    {.bitmap_index = 19599, .adv_w = 420, .box_w = 22, .box_h = 20, .ofs_x = 2, .ofs_y = 0},
    {.bitmap_index = 19646, .adv_w = 296, .box_w = 15, .box_h = 27, .ofs_x = 2, .ofs_y = -7},
    {.bitmap_index = 19713, .adv_w = 340, .box_w = 17, .box_h = 26, .ofs_x = 2, .ofs_y = 0},
    {.bitmap_index = 19803, .adv_w = 277, .box_w = 14, .box_h = 21, .ofs_x = 2, .ofs_y = 0},
    {.bitmap_index = 19844, .adv_w = 287, .box_w = 18, .box_h = 27, .ofs_x = 0, .ofs_y = 0},
    {.bitmap_index = 19943, .adv_w = 251, .box_w = 13, .box_h = 27, .ofs_x = 1, .ofs_y = 0},
    {.bitmap_index = 20013, .adv_w = 395, .box_w = 24, .box_h = 26, .ofs_x = -1, .ofs_y = 0},
    {.bitmap_index = 20115, .adv_w = 387, .box_w = 22, .box_h = 22, .ofs_x = 1, .ofs_y = 0},
    {.bitmap_index = 20212, .adv_w = 350, .box_w = 20, .box_h = 27, .ofs_x = 1, .ofs_y = -1},
    {.bitmap_index = 20330, .adv_w = 271, .box_w = 15, .box_h = 23, .ofs_x = 1, .ofs_y = -1},
    {.bitmap_index = 20408, .adv_w = 286, .box_w = 18, .box_h = 26, .ofs_x = 0, .ofs_y = 0},
    {.bitmap_index = 20508, .adv_w = 251, .box_w = 13, .box_h = 22, .ofs_x = 1, .ofs_y = 0},
    {.bitmap_index = 20568, .adv_w = 286, .box_w = 18, .box_h = 25, .ofs_x = 0, .ofs_y = 0},
    {.bitmap_index = 20663, .adv_w = 251, .box_w = 13, .box_h = 21, .ofs_x = 1, .ofs_y = 0},
    {.bitmap_index = 20718, .adv_w = 249, .box_w = 12, .box_h = 26, .ofs_x = 2, .ofs_y = 0},
    {.bitmap_index = 20763, .adv_w = 253, .box_w = 14, .box_h = 22, .ofs_x = 1, .ofs_y = 0},
    {.bitmap_index = 20829, .adv_w = 249, .box_w = 12, .box_h = 25, .ofs_x = 2, .ofs_y = 0},
    {.bitmap_index = 20871, .adv_w = 253, .box_w = 14, .box_h = 21, .ofs_x = 1, .ofs_y = 0},
    {.bitmap_index = 20932, .adv_w = 152, .box_w = 11, .box_h = 26, .ofs_x = -2, .ofs_y = 0},
    {.bitmap_index = 20969, .adv_w = 116, .box_w = 11, .box_h = 21, .ofs_x = -3, .ofs_y = 0},
    {.bitmap_index = 20995, .adv_w = 152, .box_w = 10, .box_h = 25, .ofs_x = 0, .ofs_y = 0},
    {.bitmap_index = 21025, .adv_w = 116, .box_w = 9, .box_h = 21, .ofs_x = -1, .ofs_y = 0},
    {.bitmap_index = 21045, .adv_w = 350, .box_w = 20, .box_h = 27, .ofs_x = 1, .ofs_y = 0},
    {.bitmap_index = 21155, .adv_w = 271, .box_w = 15, .box_h = 22, .ofs_x = 1, .ofs_y = 0},
    {.bitmap_index = 21226, .adv_w = 350, .box_w = 20, .box_h = 26, .ofs_x = 1, .ofs_y = 0},
    {.bitmap_index = 21330, .adv_w = 271, .box_w = 15, .box_h = 21, .ofs_x = 1, .ofs_y = 0},
    {.bitmap_index = 21396, .adv_w = 279, .box_w = 15, .box_h = 26, .ofs_x = 2, .ofs_y = 0},
    {.bitmap_index = 21478, .adv_w = 185, .box_w = 12, .box_h = 21, .ofs_x = 0, .ofs_y = 0},
    {.bitmap_index = 21516, .adv_w = 279, .box_w = 15, .box_h = 25, .ofs_x = 2, .ofs_y = 0},
    {.bitmap_index = 21594, .adv_w = 185, .box_w = 10, .box_h = 21, .ofs_x = 2, .ofs_y = 0},
    {.bitmap_index = 21626, .adv_w = 327, .box_w = 16, .box_h = 27, .ofs_x = 2, .ofs_y = 0},
    {.bitmap_index = 21683, .adv_w = 277, .box_w = 13, .box_h = 22, .ofs_x = 2, .ofs_y = 0},
    {.bitmap_index = 21728, .adv_w = 327, .box_w = 16, .box_h = 26, .ofs_x = 2, .ofs_y = 0},
    {.bitmap_index = 21780, .adv_w = 277, .box_w = 13, .box_h = 21, .ofs_x = 2, .ofs_y = 0},
    {.bitmap_index = 21821, .adv_w = 246, .box_w = 14, .box_h = 26, .ofs_x = 1, .ofs_y = -6},
    {.bitmap_index = 21895, .adv_w = 215, .box_w = 12, .box_h = 21, .ofs_x = 1, .ofs_y = -6},
    {.bitmap_index = 21951, .adv_w = 249, .box_w = 16, .box_h = 26, .ofs_x = 0, .ofs_y = -6},
    {.bitmap_index = 21992, .adv_w = 162, .box_w = 10, .box_h = 25, .ofs_x = 0, .ofs_y = -6},
    {.bitmap_index = 22031, .adv_w = 258, .box_w = 14, .box_h = 25, .ofs_x = 1, .ofs_y = -5},
    {.bitmap_index = 22105, .adv_w = 222, .box_w = 13, .box_h = 22, .ofs_x = 0, .ofs_y = -7},
    {.bitmap_index = 22165, .adv_w = 332, .box_w = 16, .box_h = 26, .ofs_x = 2, .ofs_y = 0},
    {.bitmap_index = 22210, .adv_w = 277, .box_w = 18, .box_h = 27, .ofs_x = -2, .ofs_y = 0},
    {.bitmap_index = 22264, .adv_w = 332, .box_w = 17, .box_h = 27, .ofs_x = 2, .ofs_y = -7},
    {.bitmap_index = 22307, .adv_w = 387, .box_w = 23, .box_h = 24, .ofs_x = 1, .ofs_y = -3},
    {.bitmap_index = 22393, .adv_w = 301, .box_w = 17, .box_h = 20, .ofs_x = 1, .ofs_y = 0},
    {.bitmap_index = 22460, .adv_w = 267, .box_w = 15, .box_h = 21, .ofs_x = 1, .ofs_y = 0},
    {.bitmap_index = 22520, .adv_w = 256, .box_w = 14, .box_h = 26, .ofs_x = 1, .ofs_y = -6},
    {.bitmap_index = 22590, .adv_w = 211, .box_w = 12, .box_h = 21, .ofs_x = 1, .ofs_y = -6},
    {.bitmap_index = 22640, .adv_w = 286, .box_w = 18, .box_h = 26, .ofs_x = 0, .ofs_y = 0},
    {.bitmap_index = 22731, .adv_w = 251, .box_w = 13, .box_h = 21, .ofs_x = 1, .ofs_y = 0},
    {.bitmap_index = 22781, .adv_w = 249, .box_w = 12, .box_h = 27, .ofs_x = 2, .ofs_y = -7},
    {.bitmap_index = 22824, .adv_w = 253, .box_w = 14, .box_h = 22, .ofs_x = 1, .ofs_y = -7},
    {.bitmap_index = 22888, .adv_w = 350, .box_w = 20, .box_h = 28, .ofs_x = 1, .ofs_y = 0},
    {.bitmap_index = 22997, .adv_w = 271, .box_w = 15, .box_h = 23, .ofs_x = 1, .ofs_y = 0},
    {.bitmap_index = 23067, .adv_w = 350, .box_w = 20, .box_h = 28, .ofs_x = 1, .ofs_y = 0},
    {.bitmap_index = 23174, .adv_w = 271, .box_w = 15, .box_h = 23, .ofs_x = 1, .ofs_y = 0},
    {.bitmap_index = 23245, .adv_w = 350, .box_w = 20, .box_h = 26, .ofs_x = 1, .ofs_y = 0},
    {.bitmap_index = 23342, .adv_w = 271, .box_w = 15, .box_h = 21, .ofs_x = 1, .ofs_y = 0},
    {.bitmap_index = 23405, .adv_w = 350, .box_w = 20, .box_h = 28, .ofs_x = 1, .ofs_y = 0},
    {.bitmap_index = 23509, .adv_w = 271, .box_w = 15, .box_h = 23, .ofs_x = 1, .ofs_y = 0},
    {.bitmap_index = 23579, .adv_w = 254, .box_w = 16, .box_h = 24, .ofs_x = 0, .ofs_y = 0},
    {.bitmap_index = 23641, .adv_w = 228, .box_w = 15, .box_h = 25, .ofs_x = 0, .ofs_y = -7},
    {.bitmap_index = 23718, .adv_w = 171, .box_w = 11, .box_h = 22, .ofs_x = 0, .ofs_y = -1},
    {.bitmap_index = 23747, .adv_w = 334, .box_w = 19, .box_h = 16, .ofs_x = 2, .ofs_y = -1},
    {.bitmap_index = 23803, .adv_w = 174, .box_w = 11, .box_h = 20, .ofs_x = 0, .ofs_y = -1},
    {.bitmap_index = 23843, .adv_w = 116, .box_w = 7, .box_h = 22, .ofs_x = -2, .ofs_y = -7},
    {.bitmap_index = 23857, .adv_w = 435, .box_w = 25, .box_h = 21, .ofs_x = 1, .ofs_y = 0},
    {.bitmap_index = 23940, .adv_w = 435, .box_w = 25, .box_h = 22, .ofs_x = 1, .ofs_y = -7},
    {.bitmap_index = 24027, .adv_w = 286, .box_w = 18, .box_h = 23, .ofs_x = 0, .ofs_y = -2},
    {.bitmap_index = 24118, .adv_w = 283, .box_w = 16, .box_h = 23, .ofs_x = 1, .ofs_y = -2},
    {.bitmap_index = 24200, .adv_w = 215, .box_w = 13, .box_h = 27, .ofs_x = 1, .ofs_y = -6},
    {.bitmap_index = 24272, .adv_w = 235, .box_w = 14, .box_h = 20, .ofs_x = 0, .ofs_y = 0},
    {.bitmap_index = 24297, .adv_w = 249, .box_w = 16, .box_h = 23, .ofs_x = 0, .ofs_y = -2},
    {.bitmap_index = 24368, .adv_w = 215, .box_w = 12, .box_h = 22, .ofs_x = 1, .ofs_y = -7},
    {.bitmap_index = 24427, .adv_w = 211, .box_w = 12, .box_h = 22, .ofs_x = 1, .ofs_y = -7},
    {.bitmap_index = 24482, .adv_w = 201, .box_w = 12, .box_h = 20, .ofs_x = 0, .ofs_y = 0},
    {.bitmap_index = 24522, .adv_w = 195, .box_w = 12, .box_h = 15, .ofs_x = 0, .ofs_y = 0},
    {.bitmap_index = 24555, .adv_w = 291, .box_w = 17, .box_h = 20, .ofs_x = 0, .ofs_y = 0},
    {.bitmap_index = 24623, .adv_w = 327, .box_w = 21, .box_h = 20, .ofs_x = 0, .ofs_y = 0},
    {.bitmap_index = 24677, .adv_w = 272, .box_w = 17, .box_h = 20, .ofs_x = 0, .ofs_y = 0},
    {.bitmap_index = 24751, .adv_w = 249, .box_w = 12, .box_h = 23, .ofs_x = 2, .ofs_y = -2},
    {.bitmap_index = 24808, .adv_w = 253, .box_w = 14, .box_h = 27, .ofs_x = 1, .ofs_y = -6},
    {.bitmap_index = 24890, .adv_w = 122, .box_w = 11, .box_h = 25, .ofs_x = -3, .ofs_y = -5},
    {.bitmap_index = 24921, .adv_w = 116, .box_w = 9, .box_h = 28, .ofs_x = -2, .ofs_y = -7},
    {.bitmap_index = 24951, .adv_w = 344, .box_w = 21, .box_h = 27, .ofs_x = 1, .ofs_y = -7},
    {.bitmap_index = 25043, .adv_w = 276, .box_w = 17, .box_h = 22, .ofs_x = 1, .ofs_y = -7},
    {.bitmap_index = 25106, .adv_w = 279, .box_w = 17, .box_h = 20, .ofs_x = 0, .ofs_y = 0},
    {.bitmap_index = 25175, .adv_w = 185, .box_w = 12, .box_h = 15, .ofs_x = 0, .ofs_y = 0},
    {.bitmap_index = 25201, .adv_w = 254, .box_w = 16, .box_h = 20, .ofs_x = 0, .ofs_y = 0},
    {.bitmap_index = 25252, .adv_w = 228, .box_w = 15, .box_h = 22, .ofs_x = 0, .ofs_y = -7}
};

/*---------------------
 *  CHARACTER MAPPING
 *--------------------*/



/*Collect the unicode lists and glyph_id offsets*/
static const lv_font_fmt_txt_cmap_t cmaps[] =
{
    {
        .range_start = 160, .range_length = 176, .glyph_id_start = 1,
        .unicode_list = NULL, .glyph_id_ofs_list = NULL, .list_length = 0, .type = LV_FONT_FMT_TXT_CMAP_FORMAT0_TINY
    },
    {
        .range_start = 336, .range_length = 256, .glyph_id_start = 177,
        .unicode_list = NULL, .glyph_id_ofs_list = NULL, .list_length = 0, .type = LV_FONT_FMT_TXT_CMAP_FORMAT0_TINY
    }
};



/*--------------------
 *  ALL CUSTOM DATA
 *--------------------*/

#if LVGL_VERSION_MAJOR == 8
/*Store all the custom data of the font*/
static  lv_font_fmt_txt_glyph_cache_t cache;
#endif

#if LVGL_VERSION_MAJOR >= 8
static const lv_font_fmt_txt_dsc_t font_dsc = {
#else
static lv_font_fmt_txt_dsc_t font_dsc = {
#endif
    .glyph_bitmap = glyph_bitmap,
    .glyph_dsc = glyph_dsc,
    .cmaps = cmaps,
    .kern_dsc = NULL,
    .kern_scale = 0,
    .cmap_num = 2,
    .bpp = 2,
    .kern_classes = 0,
    .bitmap_format = 1,
#if LVGL_VERSION_MAJOR == 8
    .cache = &cache
#endif
};

extern const lv_font_t lv_font_montserrat_28;


/*-----------------
 *  PUBLIC FONT
 *----------------*/

/*Initialize a public general font descriptor*/
#if LVGL_VERSION_MAJOR >= 8
const lv_font_t azoria_font_latin_28 = {
#else
lv_font_t azoria_font_latin_28 = {
#endif
    .get_glyph_dsc = lv_font_get_glyph_dsc_fmt_txt,    /*Function pointer to get glyph's data*/
    .get_glyph_bitmap = lv_font_get_bitmap_fmt_txt,    /*Function pointer to get glyph's bitmap*/
    .line_height = 37,          /*The maximum line height required by the font*/
    .base_line = 7,             /*Baseline measured from the bottom of the line*/
#if !(LVGL_VERSION_MAJOR == 6 && LVGL_VERSION_MINOR == 0)
    .subpx = LV_FONT_SUBPX_NONE,
#endif
#if LV_VERSION_CHECK(7, 4, 0) || LVGL_VERSION_MAJOR >= 8
    .underline_position = -3,
    .underline_thickness = 1,
#endif
    .dsc = &font_dsc,          /*The custom font data. Will be accessed by `get_glyph_bitmap/dsc` */
#if LV_VERSION_CHECK(8, 2, 0) || LVGL_VERSION_MAJOR >= 9
    .fallback = &lv_font_montserrat_28,
#endif
    .user_data = NULL,
};



#endif /*#if AZORIA_FONT_LATIN_28*/

